trajectory_id,grid_id,grid_key,grid_size,density,reasoning_effort,transform_type,trajectory_category,start_to_coin_distance,coin_to_goal_distance,start_to_goal_via_coin_distance,start_to_goal_distance,coin_detour_distance,coin_reachable_from_start,goal_reachable_from_start,goal_reachable_from_coin,reached_goal,coin_collected,coin_collection_step,trajectory_length,spl,action_accuracy,action_accuracy_phase1,action_accuracy_phase2,num_actions_up,num_actions_down,num_actions_left,num_actions_right,num_steps_front,num_steps_left_turn,num_steps_right_turn,num_steps_back,num_cell_revisits,num_immediate_revisits,num_coin_oscillations,num_invalid_actions,invalid_action_rate,preferred_quadrant,quadrant_entropy,quadrant_count_ul,quadrant_count_ur,quadrant_count_dl,quadrant_count_dr,quadrant_count_midline,quadrant_fraction_ul,quadrant_fraction_ur,quadrant_fraction_dl,quadrant_fraction_dr,quadrant_fraction_midline,preferred_corner,corner_fraction_ul,corner_fraction_ur,corner_fraction_dl,corner_fraction_dr,max_corner_dwell_run,start_quadrant,terminal_quadrant,coin_quadrant,preferred_quadrant_contains_start,preferred_quadrant_contains_coin,preferred_corner_contains_start,preferred_corner_contains_goal,preferred_corner_contains_coin
0,0,size11_comp0.0_grid0_base_medium,11,0.0,medium,base,base,4,10,14,6,4,1,1,1,1,1,10,27,0.5185185185185185,0.7407407407407407,0.6363636363636364,0.8125,4,9,7,7,9,6,5,6,7,6,0,1,0.037037037037037035,UL,1.1770225546116342,15,2,0,5,5,0.6818181818181818,0.09090909090909091,0.0,0.22727272727272727,0.18518518518518517,UL,0.2222222222222222,0.0,0.0,0.0,6,midline,midline,ul,0,1,0,0,0
1,0,size11_comp0.0_grid0_base_medium,11,0.0,medium,base,base,4,10,14,6,4,1,1,1,1,1,3,18,0.7777777777777778,0.8888888888888888,1.0,0.8571428571428571,0,6,6,6,9,3,4,1,2,1,1,0,0.0,UL,1.41379956460568,8,3,0,3,4,0.5714285714285714,0.21428571428571427,0.0,0.21428571428571427,0.2222222222222222,UL,0.16666666666666666,0.0,0.0,0.0,3,midline,midline,ul,0,1,0,0,0
2,0,size11_comp0.0_grid0_base_medium,11,0.0,medium,base,base,4,10,14,6,4,1,1,1,1,1,5,20,0.7,0.85,0.8333333333333334,0.8571428571428571,1,7,6,6,8,6,5,0,0,0,0,0,0.0,UL,0.863120568566631,10,0,0,4,6,0.7142857142857143,0.0,0.0,0.2857142857142857,0.3,UL,0.1,0.0,0.0,0.0,2,midline,midline,ul,0,1,0,0,0
3,0,size11_comp0.0_grid0_base_medium,11,0.0,medium,base,base,4,10,14,6,4,1,1,1,1,1,7,18,0.7777777777777778,0.8888888888888888,0.75,1.0,1,7,5,5,6,5,4,2,2,2,0,0,0.0,UL,0.6193821946787638,11,0,2,0,5,0.8461538461538461,0.0,0.15384615384615385,0.0,0.2777777777777778,UL,0.2777777777777778,0.0,0.0,0.0,5,midline,midline,ul,0,1,0,0,0
4,0,size11_comp0.0_grid0_base_medium,11,0.0,medium,base,base,4,10,14,6,4,1,1,1,1,1,3,16,0.875,0.9375,1.0,0.9166666666666666,0,6,5,5,11,2,2,0,0,0,0,0,0.0,UL,0.9182958340544896,6,0,0,3,7,0.6666666666666666,0.0,0.0,0.3333333333333333,0.4375,UL,0.125,0.0,0.0,0.0,2,midline,midline,ul,0,1,0,0,0
5,0,size11_comp0.0_grid0_base_medium,11,0.0,medium,base,base,4,10,14,6,4,1,1,1,1,1,7,26,0.5384615384615384,0.7692307692307693,0.75,0.7777777777777778,1,7,9,9,11,5,5,4,6,4,0,0,0.0,UL,1.322305788853309,13,3,0,5,5,0.6190476190476191,0.14285714285714285,0.0,0.23809523809523808,0.19230769230769232,UL,0.23076923076923078,0.0,0.0,0.038461538461538464,6,midline,midline,ul,0,1,0,0,0
6,0,size11_comp0.0_grid0_base_medium,11,0.0,medium,base,base,4,10,14,6,4,1,1,1,1,1,7,18,0.7777777777777778,0.8888888888888888,0.75,1.0,1,7,5,5,6,5,4,2,2,2,0,0,0.0,UL,0.5665095065529053,13,0,2,0,3,0.8666666666666667,0.0,0.13333333333333333,0.0,0.16666666666666666,UL,0.3333333333333333,0.0,0.0,0.0,6,midline,midline,ul,0,1,0,0,0
7,0,size11_comp0.0_grid0_base_medium,11,0.0,medium,base,base,4,10,14,6,4,1,1,1,1,1,7,32,0.4375,0.71875,0.75,0.7083333333333334,5,11,8,8,12,7,6,6,10,6,1,0,0.0,DR,1.472935039619369,10,4,0,11,7,0.4,0.16,0.0,0.44,0.21875,UL,0.15625,0.0,0.0,0.03125,5,midline,midline,ul,0,0,0,0,0
8,0,size11_comp0.0_grid0_base_medium,11,0.0,medium,base,base,4,10,14,6,4,1,1,1,1,1,3,14,1.0,1.0,1.0,1.0,0,6,4,4,7,2,3,1,2,1,1,0,0.0,UL,0.7219280948873623,8,0,2,0,4,0.8,0.0,0.2,0.0,0.2857142857142857,UL,0.21428571428571427,0.0,0.0,0.0,3,midline,midline,ul,0,1,0,0,0
9,0,size11_comp0.0_grid0_base_medium,11,0.0,medium,base,base,4,10,14,6,4,1,1,1,1,1,3,14,1.0,1.0,1.0,1.0,0,6,4,4,8,3,2,0,0,0,0,0,0.0,UL,0.9940302114769565,6,0,5,0,3,0.5454545454545454,0.0,0.45454545454545453,0.0,0.21428571428571427,UL,0.14285714285714285,0.0,0.0,0.0,2,midline,midline,ul,0,1,0,0,0
0,1,size11_comp0.0_grid1_base_medium,11,0.0,medium,base,base,7,10,17,3,7,1,1,1,1,1,8,23,0.7391304347826086,0.8695652173913043,0.8888888888888888,0.8571428571428571,3,6,7,7,8,3,9,2,8,2,0,0,0.0,UL,0.964078764808229,11,7,0,0,5,0.6111111111111112,0.3888888888888889,0.0,0.0,0.21739130434782608,UL,0.08695652173913043,0.043478260869565216,0.0,0.0,2,ul,midline,ur,1,0,0,0,0
1,1,size11_comp0.0_grid1_base_medium,11,0.0,medium,base,base,7,10,17,3,7,1,1,1,1,1,19,30,0.5666666666666667,0.7666666666666667,0.65,1.0,5,8,8,8,8,5,5,9,11,9,1,0,0.0,UR,0.7553754125614287,5,18,0,0,7,0.21739130434782608,0.782608695652174,0.0,0.0,0.23333333333333334,UL,0.1,0.03333333333333333,0.0,0.0,3,ul,midline,ur,0,1,0,0,0
2,1,size11_comp0.0_grid1_base_medium,11,0.0,medium,base,base,7,10,17,3,7,1,1,1,1,1,8,25,0.68,0.84,0.8888888888888888,0.8125,3,6,8,8,12,5,4,3,8,3,1,0,0.0,UL,0.9656361333706098,14,9,0,0,2,0.6086956521739131,0.391304347826087,0.0,0.0,0.08,UL,0.16,0.04,0.0,0.0,2,ul,midline,ur,1,0,0,0,0
3,1,size11_comp0.0_grid1_base_medium,11,0.0,medium,base,base,7,10,17,3,7,1,1,1,1,1,8,28,0.6071428571428571,0.75,0.8888888888888888,0.6842105263157895,4,5,9,9,13,6,4,2,9,2,0,2,0.07142857142857142,UL,0.9760206482366149,13,9,0,0,6,0.5909090909090909,0.4090909090909091,0.0,0.0,0.21428571428571427,UR,0.03571428571428571,0.10714285714285714,0.0,0.0,3,ul,midline,ur,1,0,0,0,0
4,1,size11_comp0.0_grid1_base_medium,11,0.0,medium,base,base,7,10,17,3,7,1,1,1,1,1,6,17,1.0,1.0,1.0,1.0,0,3,7,7,14,1,0,1,7,1,1,0,0.0,UL,0.9182958340544896,10,5,0,0,2,0.6666666666666666,0.3333333333333333,0.0,0.0,0.11764705882352941,UL,0.23529411764705882,0.058823529411764705,0.0,0.0,2,ul,midline,ur,1,0,0,0,0
5,1,size11_comp0.0_grid1_base_medium,11,0.0,medium,base,base,7,10,17,3,7,1,1,1,1,1,8,21,0.8095238095238095,0.9047619047619048,0.8888888888888888,0.9166666666666666,2,5,7,7,9,6,3,2,8,2,1,0,0.0,UL,0.8524051786494786,13,5,0,0,3,0.7222222222222222,0.2777777777777778,0.0,0.0,0.14285714285714285,UL,0.14285714285714285,0.047619047619047616,0.0,0.0,2,ul,midline,ur,1,0,0,0,0
6,1,size11_comp0.0_grid1_base_medium,11,0.0,medium,base,base,7,10,17,3,7,1,1,1,1,1,12,31,0.5483870967741935,0.7741935483870968,0.7692307692307693,0.7777777777777778,5,8,9,9,12,6,5,7,12,7,1,0,0.0,UL,0.9949848281859701,13,11,0,0,7,0.5416666666666666,0.4583333333333333,0.0,0.0,0.22580645161290322,UL,0.06451612903225806,0.03225806451612903,0.0,0.0,2,ul,midline,ur,1,0,0,0,0
7,1,size11_comp0.0_grid1_base_medium,11,0.0,medium,base,base,7,10,17,3,7,1,1,1,1,1,14,27,0.6296296296296297,0.8148148148148148,0.7333333333333333,0.9166666666666666,5,8,7,7,11,2,8,5,12,5,1,0,0.0,UL,0.9986359641585718,12,11,0,0,4,0.5217391304347826,0.4782608695652174,0.0,0.0,0.14814814814814814,UL,0.18518518518518517,0.037037037037037035,0.0,0.0,2,ul,midline,ur,1,0,0,0,0
8,1,size11_comp0.0_grid1_base_medium,11,0.0,medium,base,base,7,10,17,3,7,1,1,1,1,1,8,21,0.8095238095238095,0.9047619047619048,0.8888888888888888,0.9166666666666666,1,4,8,8,11,2,3,4,4,4,1,0,0.0,UL,0.9494520153879484,12,7,0,0,2,0.631578947368421,0.3684210526315789,0.0,0.0,0.09523809523809523,UL,0.14285714285714285,0.047619047619047616,0.0,0.0,2,ul,midline,ur,1,0,0,0,0
9,1,size11_comp0.0_grid1_base_medium,11,0.0,medium,base,base,7,10,17,3,7,1,1,1,1,1,8,25,0.68,0.84,0.8888888888888888,0.8125,2,5,9,9,11,3,4,6,8,6,1,0,0.0,UL,0.828055725379504,17,6,0,0,2,0.7391304347826086,0.2608695652173913,0.0,0.0,0.08,UL,0.08,0.04,0.0,0.0,2,ul,midline,ur,1,0,0,0,0
0,2,size11_comp0.0_grid2_base_medium,11,0.0,medium,base,base,4,10,14,6,4,1,1,1,1,1,3,24,0.5833333333333334,0.75,1.0,0.7,4,6,8,6,12,4,4,3,9,2,1,2,0.08333333333333333,UL,0.8524051786494786,13,5,0,0,6,0.7222222222222222,0.2777777777777778,0.0,0.0,0.25,UL,0.08333333333333333,0.041666666666666664,0.0,0.0,2,ul,midline,ur,1,0,0,0,0
1,2,size11_comp0.0_grid2_base_medium,11,0.0,medium,base,base,4,10,14,6,4,1,1,1,1,1,3,17,0.8235294117647058,0.8823529411764706,1.0,0.8461538461538461,1,4,7,5,7,3,3,3,7,3,1,1,0.058823529411764705,UL,0.9852281360342515,8,6,0,0,3,0.5714285714285714,0.42857142857142855,0.0,0.0,0.17647058823529413,UR,0.0,0.058823529411764705,0.0,0.0,1,ul,midline,ur,1,0,0,0,0
2,2,size11_comp0.0_grid2_base_medium,11,0.0,medium,base,base,4,10,14,6,4,1,1,1,1,1,5,24,0.5833333333333334,0.75,0.8333333333333334,0.7222222222222222,5,7,7,5,7,7,6,3,9,2,1,2,0.08333333333333333,UL,0.9709505944546686,12,8,0,0,4,0.6,0.4,0.0,0.0,0.16666666666666666,UR,0.041666666666666664,0.125,0.0,0.0,3,ul,midline,ur,1,0,0,0,0
3,2,size11_comp0.0_grid2_base_medium,11,0.0,medium,base,base,4,10,14,6,4,1,1,1,1,1,5,19,0.7368421052631579,0.8421052631578947,0.8333333333333334,0.8461538461538461,2,5,7,5,6,4,6,2,5,2,2,1,0.05263157894736842,UR,0.9709505944546686,6,9,0,0,4,0.4,0.6,0.0,0.0,0.21052631578947367,UR,0.0,0.10526315789473684,0.0,0.0,2,ul,midline,ur,0,1,0,0,0
4,2,size11_comp0.0_grid2_base_medium,11,0.0,medium,base,base,4,10,14,6,4,1,1,1,1,1,13,33,0.42424242424242425,0.6666666666666666,0.6428571428571429,0.6842105263157895,9,10,8,6,11,10,8,3,11,3,1,3,0.09090909090909091,UL,0.9957274520849255,14,12,0,0,7,0.5384615384615384,0.46153846153846156,0.0,0.0,0.21212121212121213,UR,0.0,0.09090909090909091,0.0,0.0,3,ul,midline,ur,1,0,0,0,0
5,2,size11_comp0.0_grid2_base_medium,11,0.0,medium,base,base,4,10,14,6,4,1,1,1,1,1,7,23,0.6086956521739131,0.782608695652174,0.75,0.8,3,6,8,6,5,6,7,4,9,3,0,1,0.043478260869565216,UR,0.9980008838722996,9,10,0,0,4,0.47368421052631576,0.5263157894736842,0.0,0.0,0.17391304347826086,UR,0.0,0.13043478260869565,0.0,0.0,2,ul,midline,ur,0,1,0,0,0
6,2,size11_comp0.0_grid2_base_medium,11,0.0,medium,base,base,4,10,14,6,4,1,1,1,1,1,3,24,0.5833333333333334,0.7916666666666666,1.0,0.75,2,6,9,7,8,4,5,6,8,6,0,0,0.0,UL,0.9494520153879484,12,7,0,0,5,0.631578947368421,0.3684210526315789,0.0,0.0,0.20833333333333334,UR,0.0,0.08333333333333333,0.0,0.0,2,ul,midline,ur,1,0,0,0,0
7,2,size11_comp0.0_grid2_base_medium,11,0.0,medium,base,base,4,10,14,6,4,1,1,1,1,1,3,25,0.56,0.76,1.0,0.7142857142857143,5,8,7,5,9,5,2,8,12,7,1,1,0.04,UL,0.9587118829771318,13,8,0,0,4,0.6190476190476191,0.38095238095238093,0.0,0.0,0.16,UR,0.0,0.04,0.0,0.0,1,ul,midline,ur,1,0,0,0,0
8,2,size11_comp0.0_grid2_base_medium,11,0.0,medium,base,base,4,10,14,6,4,1,1,1,1,1,3,20,0.7,0.8,1.0,0.75,2,4,8,6,10,5,2,2,8,2,5,2,0.1,UL,1.0,9,9,0,0,2,0.5,0.5,0.0,0.0,0.1,UR,0.1,0.2,0.0,0.0,3,ul,midline,ur,1,0,0,0,0
9,2,size11_comp0.0_grid2_base_medium,11,0.0,medium,base,base,4,10,14,6,4,1,1,1,1,1,5,22,0.6363636363636364,0.8181818181818182,0.8333333333333334,0.8125,1,5,9,7,6,4,8,3,6,3,0,0,0.0,UL,0.9910760598382222,10,8,0,0,4,0.5555555555555556,0.4444444444444444,0.0,0.0,0.18181818181818182,UR,0.0,0.09090909090909091,0.0,0.0,2,ul,midline,ur,1,0,0,0,0
0,3,size11_comp0.0_grid3_base_medium,11,0.0,medium,base,base,10,3,13,9,2,1,1,1,1,1,9,13,1.0,1.0,1.0,1.0,7,0,4,2,6,3,2,1,1,1,1,0,0.0,UR,0.9456603046006401,0,7,0,4,2,0.0,0.6363636363636364,0.0,0.36363636363636365,0.15384615384615385,DR,0.0,0.0,0.0,0.15384615384615385,2,dr,ur,midline,0,0,0,0,0
1,3,size11_comp0.0_grid3_base_medium,11,0.0,medium,base,base,10,3,13,9,2,1,1,1,1,1,11,15,0.8666666666666667,0.9333333333333333,0.9166666666666666,1.0,8,1,4,2,8,1,4,1,1,1,0,0,0.0,UR,0.9798687566511528,0,7,0,5,3,0.0,0.5833333333333334,0.0,0.4166666666666667,0.2,DR,0.0,0.06666666666666667,0.0,0.13333333333333333,2,dr,ur,midline,0,0,0,0,0
2,3,size11_comp0.0_grid3_base_medium,11,0.0,medium,base,base,10,3,13,9,2,1,1,1,1,1,11,15,0.8666666666666667,0.9333333333333333,0.9166666666666666,1.0,7,0,5,3,7,3,4,0,0,0,0,0,0.0,DR,1.4591479170272448,2,4,0,6,3,0.16666666666666666,0.3333333333333333,0.0,0.5,0.2,DR,0.0,0.0,0.0,0.13333333333333333,2,dr,ur,midline,1,0,0,0,0
3,3,size11_comp0.0_grid3_base_medium,11,0.0,medium,base,base,10,3,13,9,2,1,1,1,1,0,-1,9,0.0,0.8888888888888888,0.8888888888888888,0.0,7,0,2,0,6,1,1,0,0,0,0,0,0.0,DR,0.9182958340544896,0,2,0,4,3,0.0,0.3333333333333333,0.0,0.6666666666666666,0.3333333333333333,DR,0.0,0.0,0.0,0.2222222222222222,2,dr,ur,midline,1,0,0,0,0
4,3,size11_comp0.0_grid3_base_medium,11,0.0,medium,base,base,10,3,13,9,2,1,1,1,1,1,9,13,1.0,1.0,1.0,1.0,7,0,4,2,9,1,2,0,0,0,0,0,0.0,UR,0.9709505944546686,0,6,0,4,3,0.0,0.6,0.0,0.4,0.23076923076923078,DR,0.0,0.0,0.0,0.15384615384615385,2,dr,ur,midline,0,0,0,0,0
5,3,size11_comp0.0_grid3_base_medium,11,0.0,medium,base,base,10,3,13,9,2,1,1,1,1,1,9,13,1.0,1.0,1.0,1.0,7,0,4,2,7,2,3,0,0,0,0,0,0.0,UR,0.9709505944546686,0,6,0,4,3,0.0,0.6,0.0,0.4,0.23076923076923078,DR,0.0,0.0,0.0,0.15384615384615385,2,dr,ur,midline,0,0,0,0,0
6,3,size11_comp0.0_grid3_base_medium,11,0.0,medium,base,base,10,3,13,9,2,1,1,1,1,0,-1,11,0.0,0.8181818181818182,0.8181818181818182,0.0,8,1,2,0,6,3,1,0,0,0,0,0,0.0,UR,0.9709505944546686,0,6,0,4,1,0.0,0.6,0.0,0.4,0.09090909090909091,UR,0.0,0.2727272727272727,0.0,0.18181818181818182,3,dr,ur,midline,0,0,0,0,0
7,3,size11_comp0.0_grid3_base_medium,11,0.0,medium,base,base,10,3,13,9,2,1,1,1,1,1,9,15,0.8666666666666667,0.9333333333333333,1.0,0.8,7,0,5,3,5,3,4,2,2,2,2,0,0.0,UR,0.9940302114769565,0,6,0,5,4,0.0,0.5454545454545454,0.0,0.45454545454545453,0.26666666666666666,DR,0.0,0.0,0.0,0.13333333333333333,2,dr,ur,midline,0,0,0,0,0
8,3,size11_comp0.0_grid3_base_medium,11,0.0,medium,base,base,10,3,13,9,2,1,1,1,1,1,11,15,0.8666666666666667,0.9333333333333333,0.9166666666666666,1.0,8,1,4,2,4,3,6,1,2,1,0,0,0.0,UR,0.9940302114769565,0,6,0,5,4,0.0,0.5454545454545454,0.0,0.45454545454545453,0.26666666666666666,DR,0.0,0.0,0.0,0.13333333333333333,2,dr,ur,midline,0,0,0,0,0
9,3,size11_comp0.0_grid3_base_medium,11,0.0,medium,base,base,10,3,13,9,2,1,1,1,1,1,11,15,0.8666666666666667,0.9333333333333333,0.9166666666666666,1.0,7,0,5,3,4,4,3,3,3,3,1,0,0.0,UR,0.9957274520849255,0,7,0,6,2,0.0,0.5384615384615384,0.0,0.46153846153846156,0.13333333333333333,DR,0.0,0.0,0.0,0.2,3,dr,ur,midline,0,0,0,0,0
0,4,size11_comp0.0_grid4_base_medium,11,0.0,medium,base,base,11,3,14,12,1,1,1,1,1,1,16,20,0.7,0.85,0.8235294117647058,1.0,4,8,8,0,5,4,7,3,3,3,0,0,0.0,UR,1.0,0,6,6,0,8,0.0,0.5,0.5,0.0,0.4,DL,0.0,0.0,0.1,0.0,2,ur,dl,dl,1,0,0,0,0
1,4,size11_comp0.0_grid4_base_medium,11,0.0,medium,base,base,11,3,14,12,1,1,1,1,1,1,12,20,0.7,0.85,0.9230769230769231,0.7142857142857143,4,8,8,0,7,3,7,2,2,2,0,0,0.0,DL,1.4926140680171258,0,3,7,4,6,0.0,0.21428571428571427,0.5,0.2857142857142857,0.3,,0.0,0.0,0.0,0.0,0,ur,dl,dl,0,1,0,0,0
2,4,size11_comp0.0_grid4_base_medium,11,0.0,medium,base,base,11,3,14,12,1,1,1,1,1,1,14,18,0.7777777777777778,0.8888888888888888,0.8666666666666667,1.0,2,6,9,1,5,7,4,1,1,1,0,0,0.0,UR,0.9940302114769565,0,6,5,0,7,0.0,0.5454545454545454,0.45454545454545453,0.0,0.3888888888888889,UR,0.0,0.1111111111111111,0.05555555555555555,0.0,2,ur,dl,dl,1,0,0,0,0
3,4,size11_comp0.0_grid4_base_medium,11,0.0,medium,base,base,11,3,14,12,1,1,1,1,1,1,24,28,0.5,0.75,0.72,1.0,5,9,11,3,3,8,12,4,9,4,0,0,0.0,UR,1.4955380299191112,0,9,4,5,10,0.0,0.5,0.2222222222222222,0.2777777777777778,0.35714285714285715,,0.0,0.0,0.0,0.0,0,ur,dl,dl,1,0,0,0,0
4,4,size11_comp0.0_grid4_base_medium,11,0.0,medium,base,base,11,3,14,12,1,1,1,1,1,1,18,22,0.6363636363636364,0.8181818181818182,0.7894736842105263,1.0,4,8,9,1,6,4,6,5,5,5,0,0,0.0,UR,1.4466479595102752,3,9,5,0,5,0.17647058823529413,0.5294117647058824,0.29411764705882354,0.0,0.22727272727272727,DL,0.0,0.0,0.045454545454545456,0.0,1,ur,dl,dl,1,0,0,0,0
5,4,size11_comp0.0_grid4_base_medium,11,0.0,medium,base,base,11,3,14,12,1,1,1,1,1,1,20,24,0.5833333333333334,0.7916666666666666,0.7619047619047619,1.0,6,10,8,0,5,6,5,7,7,7,1,0,0.0,UR,1.2210477851797181,1,10,6,0,7,0.058823529411764705,0.5882352941176471,0.35294117647058826,0.0,0.2916666666666667,,0.0,0.0,0.0,0.0,0,ur,dl,dl,1,0,0,0,0
6,4,size11_comp0.0_grid4_base_medium,11,0.0,medium,base,base,11,3,14,12,1,1,1,1,1,1,18,22,0.6363636363636364,0.8181818181818182,0.7894736842105263,1.0,4,8,9,1,7,4,8,2,3,2,0,0,0.0,UR,0.9366673818775626,0,11,6,0,5,0.0,0.6470588235294118,0.35294117647058826,0.0,0.22727272727272727,UR,0.0,0.09090909090909091,0.09090909090909091,0.0,2,ur,dl,dl,1,0,0,0,0
7,4,size11_comp0.0_grid4_base_medium,11,0.0,medium,base,base,11,3,14,12,1,1,1,1,1,1,10,16,0.875,0.9375,1.0,0.8,2,6,8,0,7,5,2,1,2,1,1,0,0.0,DL,0.9612366047228759,0,5,8,0,3,0.0,0.38461538461538464,0.6153846153846154,0.0,0.1875,,0.0,0.0,0.0,0.0,0,ur,dl,dl,0,1,0,0,0
8,4,size11_comp0.0_grid4_base_medium,11,0.0,medium,base,base,11,3,14,12,1,1,1,1,1,1,20,24,0.5833333333333334,0.7916666666666666,0.7619047619047619,1.0,2,6,12,4,8,6,4,5,7,5,1,0,0.0,UR,1.1411535278793057,1,13,6,0,4,0.05,0.65,0.3,0.0,0.16666666666666666,,0.0,0.0,0.0,0.0,0,ur,dl,dl,1,0,0,0,0
9,4,size11_comp0.0_grid4_base_medium,11,0.0,medium,base,base,11,3,14,12,1,1,1,1,1,1,36,42,0.3333333333333333,0.6666666666666666,0.6486486486486487,0.8,13,17,10,2,12,9,10,10,18,10,1,0,0.0,UR,0.7973265101474423,0,22,7,0,13,0.0,0.7586206896551724,0.2413793103448276,0.0,0.30952380952380953,UR,0.0,0.09523809523809523,0.0,0.0,3,ur,dl,dl,1,0,0,0,0
0,5,size11_comp0.0_grid5_base_medium,11,0.0,medium,base,base,8,4,12,4,4,1,1,1,1,0,-1,8,0.0,0.75,0.75,0.0,2,1,1,4,1,2,2,2,3,2,0,0,0.0,UL,-0.0,8,0,0,0,0,1.0,0.0,0.0,0.0,0.0,UL,0.25,0.0,0.0,0.0,1,ul,ul,ur,1,0,0,0,0
1,5,size11_comp0.0_grid5_base_medium,11,0.0,medium,base,base,8,4,12,4,4,1,1,1,1,1,17,24,0.5,0.75,0.7222222222222222,0.8333333333333334,7,6,4,7,9,4,6,4,7,4,1,0,0.0,UR,0.9612366047228759,5,8,0,0,11,0.38461538461538464,0.6153846153846154,0.0,0.0,0.4583333333333333,UR,0.0,0.041666666666666664,0.0,0.0,1,ul,ul,ur,0,1,0,0,0
2,5,size11_comp0.0_grid5_base_medium,11,0.0,medium,base,base,8,4,12,4,4,1,1,1,1,0,-1,4,0.0,1.0,1.0,0.0,1,0,0,3,1,1,1,0,0,0,0,0,0.0,UL,-0.0,4,0,0,0,0,1.0,0.0,0.0,0.0,0.0,,0.0,0.0,0.0,0.0,0,ul,ul,ur,1,0,0,0,0
3,5,size11_comp0.0_grid5_base_medium,11,0.0,medium,base,base,8,4,12,4,4,1,1,1,1,1,9,14,0.8571428571428571,0.9285714285714286,0.9,1.0,2,1,4,7,7,1,3,2,3,2,1,0,0.0,UR,0.9182958340544896,4,8,0,0,2,0.3333333333333333,0.6666666666666666,0.0,0.0,0.14285714285714285,UR,0.0,0.07142857142857142,0.0,0.0,1,ul,ul,ur,0,1,0,0,0
4,5,size11_comp0.0_grid5_base_medium,11,0.0,medium,base,base,8,4,12,4,4,1,1,1,1,1,11,19,0.631578947368421,0.7894736842105263,0.8333333333333334,0.7142857142857143,4,2,5,8,8,5,3,2,7,2,1,1,0.05263157894736842,UR,0.9886994082884974,7,9,0,0,3,0.4375,0.5625,0.0,0.0,0.15789473684210525,UR,0.10526315789473684,0.2631578947368421,0.0,0.0,5,ul,ul,ur,0,1,0,0,0
5,5,size11_comp0.0_grid5_base_medium,11,0.0,medium,base,base,8,4,12,4,4,1,1,1,1,1,11,21,0.5714285714285714,0.7619047619047619,0.8333333333333334,0.6666666666666666,5,3,5,8,5,8,5,2,3,2,0,1,0.047619047619047616,UL,1.0,9,9,0,0,3,0.5,0.5,0.0,0.0,0.14285714285714285,UL,0.047619047619047616,0.047619047619047616,0.0,0.0,1,ul,ul,ur,1,0,0,0,0
6,5,size11_comp0.0_grid5_base_medium,11,0.0,medium,base,base,8,4,12,4,4,1,1,1,1,1,11,20,0.6,0.75,0.8333333333333334,0.625,6,3,4,7,7,5,4,3,6,3,1,2,0.1,UL,0.9975025463691152,9,8,0,0,3,0.5294117647058824,0.47058823529411764,0.0,0.0,0.15,UR,0.0,0.05,0.0,0.0,1,ul,ul,ur,1,0,0,0,0
7,5,size11_comp0.0_grid5_base_medium,11,0.0,medium,base,base,8,4,12,4,4,1,1,1,1,0,-1,4,0.0,1.0,1.0,0.0,1,0,0,3,1,1,1,0,0,0,0,0,0.0,UL,-0.0,4,0,0,0,0,1.0,0.0,0.0,0.0,0.0,UL,0.25,0.0,0.0,0.0,1,ul,ul,ur,1,0,0,0,0
8,5,size11_comp0.0_grid5_base_medium,11,0.0,medium,base,base,8,4,12,4,4,1,1,1,1,0,-1,4,0.0,1.0,1.0,0.0,1,0,0,3,2,0,1,0,0,0,0,0,0.0,UL,-0.0,4,0,0,0,0,1.0,0.0,0.0,0.0,0.0,UL,0.5,0.0,0.0,0.0,2,ul,ul,ur,1,0,0,0,0
9,5,size11_comp0.0_grid5_base_medium,11,0.0,medium,base,base,8,4,12,4,4,1,1,1,1,1,11,16,0.75,0.875,0.8333333333333334,1.0,2,1,5,8,8,1,4,2,3,2,1,0,0.0,UR,0.9852281360342515,6,8,0,0,2,0.42857142857142855,0.5714285714285714,0.0,0.0,0.125,UL,0.125,0.0625,0.0,0.0,2,ul,ul,ur,0,1,0,0,0
0,6,size11_comp0.0_grid6_base_medium,11,0.0,medium,base,base,6,10,16,4,6,1,1,1,1,1,5,20,0.8,0.9,1.0,0.8571428571428571,2,6,6,6,8,4,4,3,3,3,2,0,0.0,UL,1.9852281360342514,4,3,4,3,6,0.2857142857142857,0.21428571428571427,0.2857142857142857,0.21428571428571427,0.3,DL,0.0,0.0,0.05,0.0,1,ul,dl,ur,1,0,0,0,0
1,6,size11_comp0.0_grid6_base_medium,11,0.0,medium,base,base,6,10,16,4,6,1,1,1,1,1,9,34,0.47058823529411764,0.7352941176470589,0.8,0.7083333333333334,9,13,6,6,7,8,10,8,13,8,0,0,0.0,UR,1.8092830792973653,5,6,5,1,17,0.29411764705882354,0.35294117647058826,0.29411764705882354,0.058823529411764705,0.5,DL,0.0,0.0,0.029411764705882353,0.0,1,ul,dl,ur,0,1,0,0,0
2,6,size11_comp0.0_grid6_base_medium,11,0.0,medium,base,base,6,10,16,4,6,1,1,1,1,1,9,20,0.8,0.9,0.8,1.0,1,5,7,7,8,4,4,3,6,3,1,0,0.0,UL,1.5726236638951638,4,3,4,0,9,0.36363636363636365,0.2727272727272727,0.36363636363636365,0.0,0.45,DL,0.0,0.0,0.05,0.0,1,ul,dl,ur,1,0,0,0,0
3,6,size11_comp0.0_grid6_base_medium,11,0.0,medium,base,base,6,10,16,4,6,1,1,1,1,1,5,20,0.8,0.9,1.0,0.8571428571428571,1,5,7,7,10,1,5,3,4,3,1,0,0.0,DL,1.5262349099495225,4,3,6,0,7,0.3076923076923077,0.23076923076923078,0.46153846153846156,0.0,0.35,DL,0.0,0.0,0.05,0.0,1,ul,dl,ur,0,0,0,0,0
4,6,size11_comp0.0_grid6_base_medium,11,0.0,medium,base,base,6,10,16,4,6,1,1,1,1,1,5,22,0.7272727272727273,0.8636363636363636,1.0,0.8125,2,6,7,7,10,5,2,4,8,4,1,0,0.0,UL,1.5656531116458186,7,5,5,0,5,0.4117647058823529,0.29411764705882354,0.29411764705882354,0.0,0.22727272727272727,,0.0,0.0,0.0,0.0,0,ul,dl,ur,1,0,0,0,0
5,6,size11_comp0.0_grid6_base_medium,11,0.0,medium,base,base,6,10,16,4,6,1,1,1,1,1,9,28,0.5714285714285714,0.7857142857142857,0.8,0.7777777777777778,4,8,8,8,12,4,6,5,10,5,1,0,0.0,UL,1.4197367178034825,9,3,4,0,12,0.5625,0.1875,0.25,0.0,0.42857142857142855,,0.0,0.0,0.0,0.0,0,ul,dl,ur,1,0,0,0,0
6,6,size11_comp0.0_grid6_base_medium,11,0.0,medium,base,base,6,10,16,4,6,1,1,1,1,1,11,22,0.7272727272727273,0.8636363636363636,0.75,1.0,3,7,6,6,8,5,6,2,3,2,1,0,0.0,DL,1.3294340029249652,3,3,10,0,6,0.1875,0.1875,0.625,0.0,0.2727272727272727,DL,0.0,0.0,0.045454545454545456,0.0,1,ul,dl,ur,0,0,0,0,0
7,6,size11_comp0.0_grid6_base_medium,11,0.0,medium,base,base,6,10,16,4,6,1,1,1,1,1,7,38,0.42105263157894735,0.7105263157894737,0.875,0.6666666666666666,7,11,10,10,9,8,11,9,18,9,5,0,0.0,UR,1.292727214755173,5,14,3,0,16,0.22727272727272727,0.6363636363636364,0.13636363636363635,0.0,0.42105263157894735,,0.0,0.0,0.0,0.0,0,ul,dl,ur,0,1,0,0,0
8,6,size11_comp0.0_grid6_base_medium,11,0.0,medium,base,base,6,10,16,4,6,1,1,1,1,1,7,18,0.8888888888888888,0.9444444444444444,0.875,1.0,1,5,6,6,6,5,5,1,4,1,1,0,0.0,DL,1.5545851693377994,4,3,5,0,6,0.3333333333333333,0.25,0.4166666666666667,0.0,0.3333333333333333,DL,0.0,0.0,0.05555555555555555,0.0,1,ul,dl,ur,0,0,0,0,0
9,6,size11_comp0.0_grid6_base_medium,11,0.0,medium,base,base,6,10,16,4,6,1,1,1,1,1,7,22,0.7272727272727273,0.8636363636363636,0.875,0.8571428571428571,2,6,7,7,8,7,4,2,6,2,1,0,0.0,DL,1.5545851693377994,3,4,5,0,10,0.25,0.3333333333333333,0.4166666666666667,0.0,0.45454545454545453,,0.0,0.0,0.0,0.0,0,ul,dl,ur,0,0,0,0,0
0,7,size11_comp0.0_grid7_base_medium,11,0.0,medium,base,base,9,4,13,13,0,1,1,1,1,1,10,15,0.8666666666666667,0.9333333333333333,0.9090909090909091,1.0,8,0,6,1,9,2,1,2,2,2,0,0,0.0,UR,1.2389012566026305,1,8,0,4,2,0.07692307692307693,0.6153846153846154,0.0,0.3076923076923077,0.13333333333333333,DR,0.0,0.0,0.0,0.13333333333333333,2,dr,ul,ur,0,1,0,0,0
1,7,size11_comp0.0_grid7_base_medium,11,0.0,medium,base,base,9,4,13,13,0,1,1,1,1,1,10,15,0.8666666666666667,0.9333333333333333,0.9090909090909091,1.0,8,0,6,1,9,3,2,0,0,0,0,0,0.0,UR,1.2957378005380122,1,7,0,5,2,0.07692307692307693,0.5384615384615384,0.0,0.38461538461538464,0.13333333333333333,UR,0.0,0.13333333333333333,0.0,0.13333333333333333,2,dr,ul,ur,0,1,0,0,0
2,7,size11_comp0.0_grid7_base_medium,11,0.0,medium,base,base,9,4,13,13,0,1,1,1,1,1,16,21,0.6190476190476191,0.8095238095238095,0.7647058823529411,1.0,8,0,9,4,12,3,3,2,4,2,1,0,0.0,UL,1.8250112108241772,5,3,1,3,9,0.4166666666666667,0.25,0.08333333333333333,0.25,0.42857142857142855,DR,0.0,0.0,0.0,0.047619047619047616,1,dr,ul,ur,0,0,0,0,0
3,7,size11_comp0.0_grid7_base_medium,11,0.0,medium,base,base,9,4,13,13,0,1,1,1,1,1,10,15,0.8666666666666667,0.9333333333333333,0.9090909090909091,1.0,8,0,6,1,9,3,2,0,0,0,0,0,0.0,UR,1.2806721295208872,1,7,0,4,3,0.08333333333333333,0.5833333333333334,0.0,0.3333333333333333,0.2,UR,0.0,0.13333333333333333,0.0,0.13333333333333333,2,dr,ul,ur,0,1,0,0,0
4,7,size11_comp0.0_grid7_base_medium,11,0.0,medium,base,base,9,4,13,13,0,1,1,1,1,1,12,17,0.7647058823529411,0.8823529411764706,0.8461538461538461,1.0,9,1,6,1,10,1,2,3,3,3,1,0,0.0,UR,1.2389012566026305,1,8,0,4,4,0.07692307692307693,0.6153846153846154,0.0,0.3076923076923077,0.23529411764705882,DR,0.0,0.0,0.0,0.11764705882352941,2,dr,ul,ur,0,1,0,0,0
5,7,size11_comp0.0_grid7_base_medium,11,0.0,medium,base,base,9,4,13,13,0,1,1,1,1,1,14,19,0.6842105263157895,0.8421052631578947,0.8,1.0,8,0,8,3,9,2,4,3,3,3,1,0,0.0,UR,1.3143204867061788,1,6,0,6,6,0.07692307692307693,0.46153846153846156,0.0,0.46153846153846156,0.3157894736842105,DR,0.0,0.0,0.0,0.05263157894736842,1,dr,ul,ur,0,1,0,0,0
6,7,size11_comp0.0_grid7_base_medium,11,0.0,medium,base,base,9,4,13,13,0,1,1,1,1,1,14,19,0.6842105263157895,0.8421052631578947,0.8,1.0,10,2,6,1,9,3,2,4,4,4,0,0,0.0,UR,1.2475562489182659,1,9,0,6,3,0.0625,0.5625,0.0,0.375,0.15789473684210525,DR,0.0,0.0,0.0,0.10526315789473684,2,dr,ul,ur,0,1,0,0,0
7,7,size11_comp0.0_grid7_base_medium,11,0.0,medium,base,base,9,4,13,13,0,1,1,1,1,1,8,15,0.8666666666666667,0.8666666666666667,1.0,0.6666666666666666,10,0,5,0,9,3,2,0,2,0,1,2,0.13333333333333333,UR,1.2389012566026305,1,8,0,4,2,0.07692307692307693,0.6153846153846154,0.0,0.3076923076923077,0.13333333333333333,DR,0.0,0.06666666666666667,0.0,0.13333333333333333,2,dr,ul,ur,0,1,0,0,0
8,7,size11_comp0.0_grid7_base_medium,11,0.0,medium,base,base,9,4,13,13,0,1,1,1,1,1,10,15,0.8666666666666667,0.9333333333333333,0.9090909090909091,1.0,8,0,6,1,8,4,1,1,1,1,0,0,0.0,UR,1.3221793455166666,1,6,0,4,4,0.09090909090909091,0.5454545454545454,0.0,0.36363636363636365,0.26666666666666666,DR,0.0,0.06666666666666667,0.0,0.13333333333333333,2,dr,ul,ur,0,1,0,0,0
9,7,size11_comp0.0_grid7_base_medium,11,0.0,medium,base,base,9,4,13,13,0,1,1,1,1,1,8,13,1.0,1.0,1.0,1.0,8,0,5,0,9,2,1,0,0,0,0,0,0.0,UR,1.3221793455166666,1,6,0,4,2,0.09090909090909091,0.5454545454545454,0.0,0.36363636363636365,0.15384615384615385,DR,0.0,0.0,0.0,0.15384615384615385,2,dr,ul,ur,0,1,0,0,0
0,8,size11_comp0.0_grid8_base_medium,11,0.0,medium,base,base,7,11,18,4,7,1,1,1,1,1,6,18,1.0,1.0,1.0,1.0,2,3,5,8,10,2,5,0,0,0,0,0,0.0,UL,0.954434002924965,10,6,0,0,2,0.625,0.375,0.0,0.0,0.1111111111111111,UL,0.16666666666666666,0.05555555555555555,0.0,0.0,3,ur,ur,ul,0,1,0,0,0
1,8,size11_comp0.0_grid8_base_medium,11,0.0,medium,base,base,7,11,18,4,7,1,1,1,1,1,7,21,0.8571428571428571,0.8571428571428571,0.875,0.8461538461538461,3,3,5,10,13,3,3,1,8,1,1,3,0.14285714285714285,UR,0.964078764808229,7,11,0,0,3,0.3888888888888889,0.6111111111111112,0.0,0.0,0.14285714285714285,UL,0.14285714285714285,0.14285714285714285,0.0,0.0,3,ur,ur,ul,1,0,0,0,0
2,8,size11_comp0.0_grid8_base_medium,11,0.0,medium,base,base,7,11,18,4,7,1,1,1,1,1,7,20,0.9,0.9,0.875,0.9166666666666666,3,3,5,9,14,2,2,1,7,1,1,2,0.1,UR,0.9774178175281716,7,10,0,0,3,0.4117647058823529,0.5882352941176471,0.0,0.0,0.15,UR,0.15,0.2,0.0,0.0,4,ur,ur,ul,1,0,0,0,0
3,8,size11_comp0.0_grid8_base_medium,11,0.0,medium,base,base,7,11,18,4,7,1,1,1,1,1,7,19,0.9473684210526315,0.9473684210526315,0.875,1.0,3,3,5,8,8,4,5,1,3,1,1,1,0.05263157894736842,UL,0.9774178175281716,10,7,0,0,2,0.5882352941176471,0.4117647058823529,0.0,0.0,0.10526315789473684,UL,0.21052631578947367,0.10526315789473684,0.0,0.0,4,ur,ur,ul,0,1,0,0,0
4,8,size11_comp0.0_grid8_base_medium,11,0.0,medium,base,base,7,11,18,4,7,1,1,1,1,1,6,18,1.0,1.0,1.0,1.0,2,3,5,8,11,3,2,1,3,1,1,0,0.0,UL,1.0,8,8,0,0,2,0.5,0.5,0.0,0.0,0.1111111111111111,UL,0.2222222222222222,0.0,0.0,0.0,4,ur,ur,ul,0,1,0,0,0
5,8,size11_comp0.0_grid8_base_medium,11,0.0,medium,base,base,7,11,18,4,7,1,1,1,1,1,9,21,0.8571428571428571,0.8571428571428571,0.7,1.0,5,3,5,8,10,4,5,1,6,1,1,3,0.14285714285714285,UL,0.964078764808229,11,7,0,0,3,0.6111111111111112,0.3888888888888889,0.0,0.0,0.14285714285714285,UL,0.14285714285714285,0.14285714285714285,0.0,0.0,3,ur,ur,ul,0,1,0,0,0
6,8,size11_comp0.0_grid8_base_medium,11,0.0,medium,base,base,7,11,18,4,7,1,1,1,1,1,7,19,0.9473684210526315,0.9473684210526315,0.875,1.0,3,3,5,8,6,5,6,1,4,1,1,1,0.05263157894736842,UL,0.9886994082884974,9,7,0,0,3,0.5625,0.4375,0.0,0.0,0.15789473684210525,UL,0.15789473684210525,0.0,0.0,0.0,3,ur,ur,ul,0,1,0,0,0
7,8,size11_comp0.0_grid8_base_medium,11,0.0,medium,base,base,7,11,18,4,7,1,1,1,1,1,6,20,0.9,0.9,1.0,0.8461538461538461,2,3,5,10,10,4,4,1,7,1,1,2,0.1,UL,1.0,9,9,0,0,2,0.5,0.5,0.0,0.0,0.1,UL,0.15,0.1,0.0,0.0,3,ur,ur,ul,0,1,0,0,0
8,8,size11_comp0.0_grid8_base_medium,11,0.0,medium,base,base,7,11,18,4,7,1,1,1,1,1,6,21,0.8571428571428571,0.8571428571428571,1.0,0.7857142857142857,2,3,5,11,15,2,2,1,8,1,1,3,0.14285714285714285,UR,0.9494520153879484,7,12,0,0,2,0.3684210526315789,0.631578947368421,0.0,0.0,0.09523809523809523,UR,0.14285714285714285,0.23809523809523808,0.0,0.0,5,ur,ur,ul,1,0,0,0,0
9,8,size11_comp0.0_grid8_base_medium,11,0.0,medium,base,base,7,11,18,4,7,1,1,1,1,1,7,19,0.9473684210526315,0.9473684210526315,0.875,1.0,3,3,5,8,11,4,3,0,2,0,0,1,0.05263157894736842,UL,0.9709505944546686,9,6,0,0,4,0.6,0.4,0.0,0.0,0.21052631578947367,UL,0.2631578947368421,0.10526315789473684,0.0,0.0,5,ur,ur,ul,0,1,0,0,0
0,9,size11_comp0.0_grid9_base_medium,11,0.0,medium,base,base,5,4,9,5,2,1,1,1,1,1,6,11,0.8181818181818182,0.9090909090909091,0.8571428571428571,1.0,4,2,4,1,4,1,4,1,1,1,0,0,0.0,DL,0.5916727785823275,1,0,6,0,4,0.14285714285714285,0.0,0.8571428571428571,0.0,0.36363636363636365,,0.0,0.0,0.0,0.0,0,midline,ul,dl,0,1,0,0,0
1,9,size11_comp0.0_grid9_base_medium,11,0.0,medium,base,base,5,4,9,5,2,1,1,1,1,1,6,13,0.6923076923076923,0.7692307692307693,0.8571428571428571,0.6666666666666666,4,2,6,1,4,3,5,0,2,0,1,2,0.15384615384615385,DL,0.5435644431995964,1,0,7,0,5,0.125,0.0,0.875,0.0,0.38461538461538464,,0.0,0.0,0.0,0.0,0,midline,ul,dl,0,1,0,0,0
2,9,size11_comp0.0_grid9_base_medium,11,0.0,medium,base,base,5,4,9,5,2,1,1,1,1,1,8,13,0.6923076923076923,0.8461538461538461,0.7777777777777778,1.0,4,2,5,2,4,2,3,3,3,3,1,0,0.0,DL,0.4689955935892812,1,0,9,0,3,0.1,0.0,0.9,0.0,0.23076923076923078,,0.0,0.0,0.0,0.0,0,midline,ul,dl,0,1,0,0,0
3,9,size11_comp0.0_grid9_base_medium,11,0.0,medium,base,base,5,4,9,5,2,1,1,1,1,1,8,13,0.6923076923076923,0.8461538461538461,0.7777777777777778,1.0,5,3,4,1,6,2,3,1,1,1,0,0,0.0,DL,0.6500224216483541,1,0,5,0,7,0.16666666666666666,0.0,0.8333333333333334,0.0,0.5384615384615384,,0.0,0.0,0.0,0.0,0,midline,ul,dl,0,1,0,0,0
4,9,size11_comp0.0_grid9_base_medium,11,0.0,medium,base,base,5,4,9,5,2,1,1,1,1,1,8,13,0.6923076923076923,0.8461538461538461,0.7777777777777778,1.0,5,3,4,1,1,4,5,2,2,2,0,0,0.0,DL,-0.0,0,0,9,0,4,0.0,0.0,1.0,0.0,0.3076923076923077,,0.0,0.0,0.0,0.0,0,midline,ul,dl,0,1,0,0,0
5,9,size11_comp0.0_grid9_base_medium,11,0.0,medium,base,base,5,4,9,5,2,1,1,1,1,1,12,17,0.5294117647058824,0.7647058823529411,0.6923076923076923,1.0,6,4,5,2,6,3,4,3,3,3,1,0,0.0,DL,0.8112781244591328,3,0,9,0,5,0.25,0.0,0.75,0.0,0.29411764705882354,,0.0,0.0,0.0,0.0,0,midline,ul,dl,0,1,0,0,0
6,9,size11_comp0.0_grid9_base_medium,11,0.0,medium,base,base,5,4,9,5,2,1,1,1,1,1,4,9,1.0,1.0,1.0,1.0,3,1,4,1,3,2,3,0,0,0,0,0,0.0,DL,-0.0,0,0,7,0,2,0.0,0.0,1.0,0.0,0.2222222222222222,,0.0,0.0,0.0,0.0,0,midline,ul,dl,0,1,0,0,0
7,9,size11_comp0.0_grid9_base_medium,11,0.0,medium,base,base,5,4,9,5,2,1,1,1,1,1,11,18,0.5,0.7222222222222222,0.6666666666666666,0.8333333333333334,6,4,6,2,3,4,6,4,7,4,1,1,0.05555555555555555,DL,0.4689955935892812,1,0,9,0,8,0.1,0.0,0.9,0.0,0.4444444444444444,,0.0,0.0,0.0,0.0,0,midline,ul,dl,0,1,0,0,0
8,9,size11_comp0.0_grid9_base_medium,11,0.0,medium,base,base,5,4,9,5,2,1,1,1,1,1,8,13,0.6923076923076923,0.8461538461538461,0.7777777777777778,1.0,5,3,4,1,2,4,3,3,5,3,1,0,0.0,DL,-0.0,0,0,8,0,5,0.0,0.0,1.0,0.0,0.38461538461538464,,0.0,0.0,0.0,0.0,0,midline,ul,dl,0,1,0,0,0
9,9,size11_comp0.0_grid9_base_medium,11,0.0,medium,base,base,5,4,9,5,2,1,1,1,1,1,8,13,0.6923076923076923,0.8461538461538461,0.7777777777777778,1.0,5,3,4,1,5,3,1,3,3,3,1,0,0.0,DL,-0.0,0,0,9,0,4,0.0,0.0,1.0,0.0,0.3076923076923077,,0.0,0.0,0.0,0.0,0,midline,ul,dl,0,1,0,0,0
0,0,size11_comp0.2_grid0_base_medium,11,0.2,medium,base,base,4,7,11,5,3,1,1,1,1,1,3,11,1.0,1.0,1.0,1.0,5,1,2,3,5,4,1,0,0,0,0,0,0.0,DR,0.8812908992306927,0,3,0,7,1,0.0,0.3,0.0,0.7,0.09090909090909091,DR,0.0,0.0,0.0,0.18181818181818182,2,dr,ur,dr,1,1,0,0,0
1,0,size11_comp0.2_grid0_base_medium,11,0.2,medium,base,base,4,7,11,5,3,1,1,1,1,1,5,13,0.8461538461538461,0.9230769230769231,0.8333333333333334,1.0,6,2,2,3,6,4,2,0,0,0,0,0,0.0,DR,0.8112781244591328,0,3,0,9,1,0.0,0.25,0.0,0.75,0.07692307692307693,DR,0.0,0.0,0.0,0.23076923076923078,3,dr,ur,dr,1,1,0,0,0
2,0,size11_comp0.2_grid0_base_medium,11,0.2,medium,base,base,4,7,11,5,3,1,1,1,1,1,3,11,1.0,1.0,1.0,1.0,5,1,2,3,5,3,2,0,0,0,0,0,0.0,DR,0.5435644431995964,0,1,0,7,3,0.0,0.125,0.0,0.875,0.2727272727272727,DR,0.0,0.0,0.0,0.18181818181818182,2,dr,ur,dr,1,1,0,0,0
3,0,size11_comp0.2_grid0_base_medium,11,0.2,medium,base,base,4,7,11,5,3,1,1,1,1,1,3,11,1.0,1.0,1.0,1.0,5,1,2,3,5,4,1,0,0,0,0,0,0.0,DR,0.7642045065086203,0,2,0,7,2,0.0,0.2222222222222222,0.0,0.7777777777777778,0.18181818181818182,DR,0.0,0.0,0.0,0.18181818181818182,2,dr,ur,dr,1,1,0,0,0
4,0,size11_comp0.2_grid0_base_medium,11,0.2,medium,base,base,4,7,11,5,3,1,1,1,1,1,3,25,0.44,0.68,1.0,0.6190476190476191,6,1,9,9,7,5,5,7,13,7,1,2,0.08,DR,0.5665095065529053,0,2,0,13,10,0.0,0.13333333333333333,0.0,0.8666666666666667,0.4,DR,0.0,0.0,0.0,0.12,3,dr,ur,dr,1,1,0,0,0
5,0,size11_comp0.2_grid0_base_medium,11,0.2,medium,base,base,4,7,11,5,3,1,1,1,1,1,3,12,0.9166666666666666,0.9166666666666666,1.0,0.875,6,1,2,3,6,2,2,1,3,1,1,1,0.08333333333333333,DR,0.4394969869215134,0,1,0,10,1,0.0,0.09090909090909091,0.0,0.9090909090909091,0.08333333333333333,DR,0.0,0.0,0.0,0.3333333333333333,4,dr,ur,dr,1,1,0,0,0
6,0,size11_comp0.2_grid0_base_medium,11,0.2,medium,base,base,4,7,11,5,3,1,1,1,1,1,3,11,1.0,1.0,1.0,1.0,5,1,2,3,6,3,1,0,0,0,0,0,0.0,DR,0.8812908992306927,0,3,0,7,1,0.0,0.3,0.0,0.7,0.09090909090909091,DR,0.0,0.0,0.0,0.18181818181818182,2,dr,ur,dr,1,1,0,0,0
7,0,size11_comp0.2_grid0_base_medium,11,0.2,medium,base,base,4,7,11,5,3,1,1,1,1,1,5,21,0.5238095238095238,0.7619047619047619,0.8333333333333334,0.7333333333333333,7,3,5,6,7,5,6,2,4,2,1,0,0.0,DR,0.8524051786494786,0,5,0,13,3,0.0,0.2777777777777778,0.0,0.7222222222222222,0.14285714285714285,DR,0.0,0.047619047619047616,0.0,0.14285714285714285,3,dr,ur,dr,1,1,0,0,0
8,0,size11_comp0.2_grid0_base_medium,11,0.2,medium,base,base,4,7,11,5,3,1,1,1,1,1,5,15,0.7333333333333333,0.8666666666666667,0.8333333333333334,0.8888888888888888,7,3,2,3,8,3,2,1,1,1,0,0,0.0,DR,0.9402859586706311,0,5,0,9,1,0.0,0.35714285714285715,0.0,0.6428571428571429,0.06666666666666667,DR,0.0,0.06666666666666667,0.0,0.2,3,dr,ur,dr,1,1,0,0,0
9,0,size11_comp0.2_grid0_base_medium,11,0.2,medium,base,base,4,7,11,5,3,1,1,1,1,1,3,13,0.8461538461538461,0.9230769230769231,1.0,0.8888888888888888,6,2,2,3,8,2,1,1,1,1,0,0,0.0,DR,0.9798687566511528,0,5,0,7,1,0.0,0.4166666666666667,0.0,0.5833333333333334,0.07692307692307693,DR,0.0,0.07692307692307693,0.0,0.15384615384615385,2,dr,ur,dr,1,1,0,0,0
0,1,size11_comp0.2_grid1_base_medium,11,0.2,medium,base,base,4,7,11,7,2,1,1,1,1,1,5,13,0.8461538461538461,0.9230769230769231,0.8333333333333334,1.0,1,4,6,2,5,4,1,2,3,2,1,0,0.0,UL,1.0,4,4,0,0,5,0.5,0.5,0.0,0.0,0.38461538461538464,,0.0,0.0,0.0,0.0,0,midline,ul,ur,0,0,0,0,0
1,1,size11_comp0.2_grid1_base_medium,11,0.2,medium,base,base,4,7,11,7,2,1,1,1,1,1,3,21,0.5238095238095238,0.7619047619047619,1.0,0.7058823529411765,4,7,7,3,3,6,4,7,9,7,1,0,0.0,UL,0.6722948170756379,14,3,0,0,4,0.8235294117647058,0.17647058823529413,0.0,0.0,0.19047619047619047,,0.0,0.0,0.0,0.0,0,midline,ul,ur,0,0,0,0,0
2,1,size11_comp0.2_grid1_base_medium,11,0.2,medium,base,base,4,7,11,7,2,1,1,1,1,1,3,25,0.44,0.68,1.0,0.6190476190476191,3,8,9,5,11,5,3,5,11,5,0,2,0.08,UL,0.4689955935892812,18,2,0,0,5,0.9,0.1,0.0,0.0,0.2,UL,0.48,0.0,0.0,0.0,7,midline,ul,ur,0,0,0,0,0
3,1,size11_comp0.2_grid1_base_medium,11,0.2,medium,base,base,4,7,11,7,2,1,1,1,1,1,3,13,0.8461538461538461,0.9230769230769231,1.0,0.8888888888888888,2,5,5,1,5,4,2,1,2,1,0,0,0.0,UL,0.8112781244591328,6,2,0,0,5,0.75,0.25,0.0,0.0,0.38461538461538464,,0.0,0.0,0.0,0.0,0,midline,ul,ur,0,0,0,0,0
4,1,size11_comp0.2_grid1_base_medium,11,0.2,medium,base,base,4,7,11,7,2,1,1,1,1,1,6,16,0.6875,0.8125,0.7142857142857143,0.8888888888888888,2,5,6,3,5,5,4,1,1,0,0,1,0.0625,UR,0.9612366047228759,5,8,0,0,3,0.38461538461538464,0.6153846153846154,0.0,0.0,0.1875,,0.0,0.0,0.0,0.0,0,midline,ul,ur,0,1,0,0,0
5,1,size11_comp0.2_grid1_base_medium,11,0.2,medium,base,base,4,7,11,7,2,1,1,1,1,1,3,19,0.5789473684210527,0.7894736842105263,1.0,0.7333333333333333,3,6,7,3,5,5,3,5,9,5,1,0,0.0,UL,0.7219280948873623,12,3,0,0,4,0.8,0.2,0.0,0.0,0.21052631578947367,,0.0,0.0,0.0,0.0,0,midline,ul,ur,0,0,0,0,0
6,1,size11_comp0.2_grid1_base_medium,11,0.2,medium,base,base,4,7,11,7,2,1,1,1,1,1,3,13,0.8461538461538461,0.9230769230769231,1.0,0.8888888888888888,1,4,6,2,4,3,3,2,3,2,0,0,0.0,UL,0.8112781244591328,6,2,0,0,5,0.75,0.25,0.0,0.0,0.38461538461538464,,0.0,0.0,0.0,0.0,0,midline,ul,ur,0,0,0,0,0
7,1,size11_comp0.2_grid1_base_medium,11,0.2,medium,base,base,4,7,11,7,2,1,1,1,1,1,3,11,1.0,1.0,1.0,1.0,1,4,5,1,5,3,1,1,2,1,1,0,0.0,UL,0.9852281360342515,4,3,0,0,4,0.5714285714285714,0.42857142857142855,0.0,0.0,0.36363636363636365,,0.0,0.0,0.0,0.0,0,midline,ul,ur,0,0,0,0,0
8,1,size11_comp0.2_grid1_base_medium,11,0.2,medium,base,base,4,7,11,7,2,1,1,1,1,1,3,22,0.5,0.7272727272727273,1.0,0.6666666666666666,3,6,9,4,4,6,4,7,10,6,2,1,0.045454545454545456,UL,0.7219280948873623,12,3,0,0,7,0.8,0.2,0.0,0.0,0.3181818181818182,,0.0,0.0,0.0,0.0,0,midline,ul,ur,0,0,0,0,0
9,1,size11_comp0.2_grid1_base_medium,11,0.2,medium,base,base,4,7,11,7,2,1,1,1,1,1,3,22,0.5,0.7272727272727273,1.0,0.6666666666666666,5,7,7,3,6,6,4,5,10,5,1,1,0.045454545454545456,UL,0.7219280948873623,12,3,0,0,7,0.8,0.2,0.0,0.0,0.3181818181818182,UL,0.2727272727272727,0.0,0.0,0.0,6,midline,ul,ur,0,0,0,0,0
0,2,size11_comp0.2_grid2_base_medium,11,0.2,medium,base,base,7,7,14,4,5,1,1,1,1,1,8,18,0.7777777777777778,0.8888888888888888,0.8888888888888888,0.8888888888888888,5,3,4,6,8,5,4,0,1,0,0,0,0.0,UL,0.9182958340544896,8,4,0,0,6,0.6666666666666666,0.3333333333333333,0.0,0.0,0.3333333333333333,UL,0.05555555555555555,0.0,0.0,0.0,1,midline,midline,ul,0,1,0,0,0
1,2,size11_comp0.2_grid2_base_medium,11,0.2,medium,base,base,7,7,14,4,5,1,1,1,1,1,6,16,0.875,0.9375,1.0,0.8888888888888888,4,2,4,6,9,3,2,1,4,1,2,0,0.0,UL,-0.0,8,0,0,0,8,1.0,0.0,0.0,0.0,0.5,,0.0,0.0,0.0,0.0,0,midline,midline,ul,0,1,0,0,0
2,2,size11_comp0.2_grid2_base_medium,11,0.2,medium,base,base,7,7,14,4,5,1,1,1,1,1,8,18,0.7777777777777778,0.8888888888888888,0.8888888888888888,0.8888888888888888,4,2,5,7,11,1,3,2,2,2,0,0,0.0,UL,0.9182958340544896,6,3,0,0,9,0.6666666666666666,0.3333333333333333,0.0,0.0,0.5,,0.0,0.0,0.0,0.0,0,midline,midline,ul,0,1,0,0,0
3,2,size11_comp0.2_grid2_base_medium,11,0.2,medium,base,base,7,7,14,4,5,1,1,1,1,1,10,18,0.7777777777777778,0.8888888888888888,0.8181818181818182,1.0,4,2,5,7,9,3,4,1,1,1,0,0,0.0,DL,1.5306189948485174,5,3,6,0,4,0.35714285714285715,0.21428571428571427,0.42857142857142855,0.0,0.2222222222222222,,0.0,0.0,0.0,0.0,0,midline,midline,ul,0,0,0,0,0
4,2,size11_comp0.2_grid2_base_medium,11,0.2,medium,base,base,7,7,14,4,5,1,1,1,1,1,6,16,0.875,0.9375,1.0,0.8888888888888888,5,3,3,5,6,4,4,1,1,1,1,0,0.0,UL,0.8453509366224364,8,3,0,0,5,0.7272727272727273,0.2727272727272727,0.0,0.0,0.3125,,0.0,0.0,0.0,0.0,0,midline,midline,ul,0,1,0,0,0
5,2,size11_comp0.2_grid2_base_medium,11,0.2,medium,base,base,7,7,14,4,5,1,1,1,1,1,12,20,0.7,0.85,0.7692307692307693,1.0,6,4,4,6,10,3,3,3,6,3,1,0,0.0,UL,0.7793498372920851,10,3,0,0,7,0.7692307692307693,0.23076923076923078,0.0,0.0,0.35,,0.0,0.0,0.0,0.0,0,midline,midline,ul,0,1,0,0,0
6,2,size11_comp0.2_grid2_base_medium,11,0.2,medium,base,base,7,7,14,4,5,1,1,1,1,1,6,14,1.0,1.0,1.0,1.0,4,2,3,5,8,2,2,1,3,1,1,0,0.0,UL,0.954434002924965,5,3,0,0,6,0.625,0.375,0.0,0.0,0.42857142857142855,,0.0,0.0,0.0,0.0,0,midline,midline,ul,0,1,0,0,0
7,2,size11_comp0.2_grid2_base_medium,11,0.2,medium,base,base,7,7,14,4,5,1,1,1,1,1,6,14,1.0,1.0,1.0,1.0,4,2,3,5,10,1,1,1,3,1,1,0,0.0,UL,0.954434002924965,5,3,0,0,6,0.625,0.375,0.0,0.0,0.42857142857142855,,0.0,0.0,0.0,0.0,0,midline,midline,ul,0,1,0,0,0
8,2,size11_comp0.2_grid2_base_medium,11,0.2,medium,base,base,7,7,14,4,5,1,1,1,1,1,6,14,1.0,1.0,1.0,1.0,4,2,3,5,7,2,3,1,1,1,1,0,0.0,UL,1.5394847569315018,5,3,3,0,3,0.45454545454545453,0.2727272727272727,0.2727272727272727,0.0,0.21428571428571427,,0.0,0.0,0.0,0.0,0,midline,midline,ul,0,1,0,0,0
9,2,size11_comp0.2_grid2_base_medium,11,0.2,medium,base,base,7,7,14,4,5,1,1,1,1,1,6,14,1.0,1.0,1.0,1.0,4,2,3,5,4,4,4,1,1,1,1,0,0.0,UL,1.2987949406953985,5,1,2,0,6,0.625,0.125,0.25,0.0,0.42857142857142855,,0.0,0.0,0.0,0.0,0,midline,midline,ul,0,1,0,0,0
0,3,size11_comp0.2_grid3_base_medium,11,0.2,medium,base,base,4,7,11,11,0,1,1,1,1,1,11,25,0.44,0.72,0.6666666666666666,0.7692307692307693,2,8,10,5,6,8,5,5,6,5,0,0,0.0,UL,1.561278124459133,6,6,4,0,9,0.375,0.375,0.25,0.0,0.36,,0.0,0.0,0.0,0.0,0,ur,dl,midline,0,0,0,0,0
1,3,size11_comp0.2_grid3_base_medium,11,0.2,medium,base,base,4,7,11,11,0,1,1,1,1,1,8,22,0.5,0.7272727272727273,0.6666666666666666,0.7692307692307693,2,8,8,4,5,8,4,4,5,4,1,1,0.045454545454545456,UL,1.5262349099495225,6,3,4,0,9,0.46153846153846156,0.23076923076923078,0.3076923076923077,0.0,0.4090909090909091,DL,0.0,0.0,0.045454545454545456,0.0,1,ur,dl,midline,0,0,0,0,0
2,3,size11_comp0.2_grid3_base_medium,11,0.2,medium,base,base,4,7,11,11,0,1,1,1,1,1,8,26,0.4230769230769231,0.6923076923076923,0.6666666666666666,0.7058823529411765,4,10,8,4,10,5,2,8,12,8,3,1,0.038461538461538464,UL,1.3995812306460644,8,5,2,0,11,0.5333333333333333,0.3333333333333333,0.13333333333333333,0.0,0.4230769230769231,,0.0,0.0,0.0,0.0,0,ur,dl,midline,0,0,0,0,0
3,3,size11_comp0.2_grid3_base_medium,11,0.2,medium,base,base,4,7,11,11,0,1,1,1,1,1,7,17,0.6470588235294118,0.8235294117647058,0.75,0.8888888888888888,0,6,8,3,4,5,2,5,5,5,0,0,0.0,DL,0.9182958340544896,0,3,6,0,8,0.0,0.3333333333333333,0.6666666666666666,0.0,0.47058823529411764,,0.0,0.0,0.0,0.0,0,ur,dl,midline,0,0,0,0,0
4,3,size11_comp0.2_grid3_base_medium,11,0.2,medium,base,base,4,7,11,11,0,1,1,1,1,1,3,19,0.5789473684210527,0.7894736842105263,1.0,0.7333333333333333,4,10,5,0,8,5,2,3,3,3,1,0,0.0,UL,1.295461844238322,6,1,3,0,9,0.6,0.1,0.3,0.0,0.47368421052631576,,0.0,0.0,0.0,0.0,0,ur,dl,midline,0,0,0,0,0
5,3,size11_comp0.2_grid3_base_medium,11,0.2,medium,base,base,4,7,11,11,0,1,1,1,1,1,4,25,0.44,0.68,0.8,0.65,4,9,8,4,6,8,4,6,8,5,3,2,0.08,UL,1.198192411043098,10,1,5,0,9,0.625,0.0625,0.3125,0.0,0.36,DL,0.0,0.0,0.04,0.0,1,ur,dl,midline,0,0,0,0,0
6,3,size11_comp0.2_grid3_base_medium,11,0.2,medium,base,base,4,7,11,11,0,1,1,1,1,1,19,31,0.3548387096774194,0.6774193548387096,0.6,0.8181818181818182,5,11,10,5,5,10,9,6,11,6,0,0,0.0,UR,1.115520093581932,1,14,6,0,10,0.047619047619047616,0.6666666666666666,0.2857142857142857,0.0,0.3225806451612903,UR,0.0,0.03225806451612903,0.0,0.0,1,ur,dl,midline,1,0,0,0,0
7,3,size11_comp0.2_grid3_base_medium,11,0.2,medium,base,base,4,7,11,11,0,1,1,1,1,1,11,29,0.3793103448275862,0.6896551724137931,0.6666666666666666,0.7058823529411765,5,11,9,4,11,7,5,5,11,5,1,0,0.0,UR,1.5304930567574826,6,8,4,0,11,0.3333333333333333,0.4444444444444444,0.2222222222222222,0.0,0.3793103448275862,DL,0.0,0.0,0.034482758620689655,0.0,1,ur,dl,midline,1,0,0,0,0
8,3,size11_comp0.2_grid3_base_medium,11,0.2,medium,base,base,4,7,11,11,0,1,1,1,1,1,3,11,1.0,1.0,1.0,1.0,0,6,5,0,5,3,2,0,0,0,0,0,0.0,DL,0.7219280948873623,0,1,4,0,6,0.0,0.2,0.8,0.0,0.5454545454545454,,0.0,0.0,0.0,0.0,0,ur,dl,midline,0,0,0,0,0
9,3,size11_comp0.2_grid3_base_medium,11,0.2,medium,base,base,4,7,11,11,0,1,1,1,1,1,15,25,0.44,0.64,0.5,0.8888888888888888,1,11,9,4,8,6,4,6,11,5,0,4,0.16,UR,1.1216407621868583,0,11,4,1,9,0.0,0.6875,0.25,0.0625,0.36,DL,0.0,0.0,0.04,0.0,1,ur,dl,midline,1,0,0,0,0
0,4,size11_comp0.2_grid4_base_medium,11,0.2,medium,base,base,3,5,8,4,2,1,1,1,1,1,2,17,0.47058823529411764,0.7058823529411765,1.0,0.6428571428571429,5,4,6,2,6,1,6,3,7,3,5,1,0.058823529411764705,UR,-0.0,0,16,0,0,1,0.0,1.0,0.0,0.0,0.058823529411764705,UR,0.0,0.47058823529411764,0.0,0.0,8,midline,ur,ur,0,1,0,0,0
1,4,size11_comp0.2_grid4_base_medium,11,0.2,medium,base,base,3,5,8,4,2,1,1,1,1,1,5,19,0.42105263157894735,0.631578947368421,0.6666666666666666,0.6153846153846154,6,5,5,3,5,5,4,4,6,3,0,3,0.15789473684210525,UR,-0.0,0,18,0,0,1,0.0,1.0,0.0,0.0,0.05263157894736842,UR,0.0,0.2631578947368421,0.0,0.0,5,midline,ur,ur,0,1,0,0,0
2,4,size11_comp0.2_grid4_base_medium,11,0.2,medium,base,base,3,5,8,4,2,1,1,1,1,1,2,16,0.5,0.75,1.0,0.6923076923076923,6,5,4,1,7,4,1,3,5,3,2,0,0.0,UR,-0.0,0,15,0,0,1,0.0,1.0,0.0,0.0,0.0625,UR,0.0,0.25,0.0,0.0,3,midline,ur,ur,0,1,0,0,0
3,4,size11_comp0.2_grid4_base_medium,11,0.2,medium,base,base,3,5,8,4,2,1,1,1,1,1,2,13,0.6153846153846154,0.7692307692307693,1.0,0.7,5,3,4,1,6,4,2,0,1,0,0,1,0.07692307692307693,UR,-0.0,0,12,0,0,1,0.0,1.0,0.0,0.0,0.07692307692307693,UR,0.0,0.3076923076923077,0.0,0.0,4,midline,ur,ur,0,1,0,0,0
4,4,size11_comp0.2_grid4_base_medium,11,0.2,medium,base,base,3,5,8,4,2,1,1,1,1,1,2,12,0.6666666666666666,0.8333333333333334,1.0,0.7777777777777778,5,4,3,0,6,1,1,3,4,3,4,0,0.0,UR,-0.0,0,11,0,0,1,0.0,1.0,0.0,0.0,0.08333333333333333,UR,0.0,0.3333333333333333,0.0,0.0,3,midline,ur,ur,0,1,0,0,0
5,4,size11_comp0.2_grid4_base_medium,11,0.2,medium,base,base,3,5,8,4,2,1,1,1,1,1,2,10,0.8,0.9,1.0,0.8571428571428571,4,3,3,0,5,3,1,0,0,0,0,0,0.0,UR,-0.0,0,9,0,0,1,0.0,1.0,0.0,0.0,0.1,UR,0.0,0.3,0.0,0.0,3,midline,ur,ur,0,1,0,0,0
6,4,size11_comp0.2_grid4_base_medium,11,0.2,medium,base,base,3,5,8,4,2,1,1,1,1,1,2,13,0.6153846153846154,0.7692307692307693,1.0,0.7,5,3,4,1,5,4,3,0,1,0,0,1,0.07692307692307693,UR,-0.0,0,12,0,0,1,0.0,1.0,0.0,0.0,0.07692307692307693,UR,0.0,0.23076923076923078,0.0,0.0,3,midline,ur,ur,0,1,0,0,0
7,4,size11_comp0.2_grid4_base_medium,11,0.2,medium,base,base,3,5,8,4,2,1,1,1,1,1,2,10,0.8,0.9,1.0,0.8571428571428571,4,3,3,0,5,0,1,3,4,3,3,0,0.0,UR,-0.0,0,9,0,0,1,0.0,1.0,0.0,0.0,0.1,UR,0.0,0.2,0.0,0.0,1,midline,ur,ur,0,1,0,0,0
8,4,size11_comp0.2_grid4_base_medium,11,0.2,medium,base,base,3,5,8,4,2,1,1,1,1,1,2,8,1.0,1.0,1.0,1.0,3,2,3,0,3,1,2,1,1,1,1,0,0.0,UR,-0.0,0,7,0,0,1,0.0,1.0,0.0,0.0,0.125,UR,0.0,0.125,0.0,0.0,1,midline,ur,ur,0,1,0,0,0
9,4,size11_comp0.2_grid4_base_medium,11,0.2,medium,base,base,3,5,8,4,2,1,1,1,1,1,4,12,0.6666666666666666,0.8333333333333334,0.8,0.8571428571428571,3,2,5,2,2,3,2,4,5,4,1,0,0.0,UR,-0.0,0,11,0,0,1,0.0,1.0,0.0,0.0,0.08333333333333333,UR,0.0,0.08333333333333333,0.0,0.0,1,midline,ur,ur,0,1,0,0,0
0,5,size11_comp0.2_grid5_base_medium,11,0.2,medium,base,base,7,6,13,9,5,1,1,1,1,1,7,14,0.9285714285714286,0.9285714285714286,0.875,1.0,7,2,1,4,7,2,4,0,1,0,0,1,0.07142857142857142,UL,0.9182958340544896,8,0,4,0,2,0.6666666666666666,0.0,0.3333333333333333,0.0,0.14285714285714285,UL,0.14285714285714285,0.0,0.14285714285714285,0.0,2,dl,midline,ul,0,1,0,0,0
1,5,size11_comp0.2_grid5_base_medium,11,0.2,medium,base,base,7,6,13,9,5,1,1,1,1,1,6,13,1.0,1.0,1.0,1.0,7,2,0,4,9,1,2,0,0,0,0,0,0.0,UL,0.9182958340544896,8,0,4,0,1,0.6666666666666666,0.0,0.3333333333333333,0.0,0.07692307692307693,UL,0.15384615384615385,0.0,0.15384615384615385,0.0,2,dl,midline,ul,0,1,0,0,0
2,5,size11_comp0.2_grid5_base_medium,11,0.2,medium,base,base,7,6,13,9,5,1,1,1,1,1,6,13,1.0,1.0,1.0,1.0,7,2,0,4,9,1,2,0,0,0,0,0,0.0,UL,0.9182958340544896,8,0,4,0,1,0.6666666666666666,0.0,0.3333333333333333,0.0,0.07692307692307693,UL,0.15384615384615385,0.0,0.15384615384615385,0.0,2,dl,midline,ul,0,1,0,0,0
3,5,size11_comp0.2_grid5_base_medium,11,0.2,medium,base,base,7,6,13,9,5,1,1,1,1,1,9,20,0.65,0.75,0.7,0.8,8,3,4,5,11,5,3,0,4,0,0,3,0.15,UL,1.4294732983598406,7,2,6,0,5,0.4666666666666667,0.13333333333333333,0.4,0.0,0.25,UL,0.1,0.0,0.1,0.0,2,dl,midline,ul,0,1,0,0,0
4,5,size11_comp0.2_grid5_base_medium,11,0.2,medium,base,base,7,6,13,9,5,1,1,1,1,1,11,18,0.7222222222222222,0.7222222222222222,0.5833333333333334,1.0,7,2,5,4,6,4,7,0,5,0,0,5,0.2777777777777778,DL,0.9967916319816366,7,0,8,0,3,0.4666666666666667,0.0,0.5333333333333333,0.0,0.16666666666666666,DL,0.1111111111111111,0.0,0.16666666666666666,0.0,3,dl,midline,ul,1,0,0,0,0
5,5,size11_comp0.2_grid5_base_medium,11,0.2,medium,base,base,7,6,13,9,5,1,1,1,1,1,6,14,0.9285714285714286,0.9285714285714286,1.0,0.8571428571428571,7,3,0,4,9,1,3,0,1,0,0,1,0.07142857142857142,UL,0.9182958340544896,8,0,4,0,2,0.6666666666666666,0.0,0.3333333333333333,0.0,0.14285714285714285,UL,0.14285714285714285,0.0,0.14285714285714285,0.0,2,dl,midline,ul,0,1,0,0,0
6,5,size11_comp0.2_grid5_base_medium,11,0.2,medium,base,base,7,6,13,9,5,1,1,1,1,1,6,13,1.0,1.0,1.0,1.0,7,2,0,4,8,1,3,0,0,0,0,0,0.0,UL,0.9456603046006401,7,0,4,0,2,0.6363636363636364,0.0,0.36363636363636365,0.0,0.15384615384615385,UL,0.15384615384615385,0.0,0.15384615384615385,0.0,2,dl,midline,ul,0,1,0,0,0
7,5,size11_comp0.2_grid5_base_medium,11,0.2,medium,base,base,7,6,13,9,5,1,1,1,1,1,6,13,1.0,1.0,1.0,1.0,7,2,0,4,9,1,2,0,0,0,0,0,0.0,UL,0.9182958340544896,8,0,4,0,1,0.6666666666666666,0.0,0.3333333333333333,0.0,0.07692307692307693,UL,0.15384615384615385,0.0,0.15384615384615385,0.0,2,dl,midline,ul,0,1,0,0,0
8,5,size11_comp0.2_grid5_base_medium,11,0.2,medium,base,base,7,6,13,9,5,1,1,1,1,1,8,21,0.6190476190476191,0.7142857142857143,0.7777777777777778,0.6666666666666666,7,4,4,6,8,4,5,3,7,3,1,4,0.19047619047619047,UL,1.4591479170272448,9,3,6,0,3,0.5,0.16666666666666666,0.3333333333333333,0.0,0.14285714285714285,DL,0.047619047619047616,0.0,0.14285714285714285,0.0,3,dl,midline,ul,0,1,0,0,0
9,5,size11_comp0.2_grid5_base_medium,11,0.2,medium,base,base,7,6,13,9,5,1,1,1,1,1,9,18,0.7222222222222222,0.7777777777777778,0.7,0.875,7,2,4,5,6,4,7,0,3,0,0,3,0.16666666666666666,UL,1.4185644431995963,7,2,7,0,2,0.4375,0.125,0.4375,0.0,0.1111111111111111,DL,0.1111111111111111,0.0,0.16666666666666666,0.0,3,dl,midline,ul,0,1,0,0,0
1,6,size11_comp0.2_grid6_base_medium,11,0.2,medium,base,base,15,9,24,-1,-1,1,1,1,1,1,14,24,1.0,1.0,1.0,1.0,5,7,8,4,9,6,7,1,2,1,1,0,0.0,DL,1.6382533594712747,1,5,10,3,5,0.05263157894736842,0.2631578947368421,0.5263157894736842,0.15789473684210525,0.20833333333333334,DL,0.0,0.041666666666666664,0.20833333333333334,0.0,5,ur,midline,dl,0,1,0,0,0
2,6,size11_comp0.2_grid6_base_medium,11,0.2,medium,base,base,15,9,24,-1,-1,1,1,1,1,1,26,38,0.631578947368421,0.8157894736842105,0.7777777777777778,0.9090909090909091,8,10,12,8,13,7,14,3,10,3,0,0,0.0,DL,1.3545842123564742,4,9,18,0,7,0.12903225806451613,0.2903225806451613,0.5806451612903226,0.0,0.18421052631578946,UR,0.0,0.13157894736842105,0.13157894736842105,0.0,5,ur,midline,dl,0,1,0,0,0
3,6,size11_comp0.2_grid6_base_medium,11,0.2,medium,base,base,15,9,24,-1,-1,1,1,1,1,1,26,40,0.6,0.8,0.7777777777777778,0.8461538461538461,9,11,12,8,11,12,7,9,13,9,1,0,0.0,DL,1.4857722057021594,3,9,21,2,5,0.08571428571428572,0.2571428571428571,0.6,0.05714285714285714,0.125,DL,0.0,0.075,0.175,0.0,6,ur,midline,dl,0,1,0,0,0
4,6,size11_comp0.2_grid6_base_medium,11,0.2,medium,base,base,15,9,24,-1,-1,1,1,1,1,1,20,32,0.75,0.84375,0.8095238095238095,0.9090909090909091,7,8,11,6,10,8,7,6,9,6,1,2,0.0625,DL,1.7022065989201276,2,5,14,6,5,0.07407407407407407,0.18518518518518517,0.5185185185185185,0.2222222222222222,0.15625,DL,0.0,0.0625,0.125,0.0,4,ur,midline,dl,0,1,0,0,0
5,6,size11_comp0.2_grid6_base_medium,11,0.2,medium,base,base,15,9,24,-1,-1,1,1,1,1,1,23,43,0.5581395348837209,0.7674418604651163,0.7916666666666666,0.7368421052631579,10,11,13,9,11,6,13,12,16,12,1,1,0.023255813953488372,DL,1.7597578423012166,2,10,12,5,14,0.06896551724137931,0.3448275862068966,0.41379310344827586,0.1724137931034483,0.32558139534883723,DL,0.0,0.023255813953488372,0.13953488372093023,0.0,6,ur,midline,dl,0,1,0,0,0
6,6,size11_comp0.2_grid6_base_medium,11,0.2,medium,base,base,15,9,24,-1,-1,1,1,1,1,1,25,39,0.6153846153846154,0.7948717948717948,0.7692307692307693,0.8461538461538461,8,10,13,8,12,9,10,7,13,6,0,1,0.02564102564102564,DL,1.2948203552808069,4,7,19,0,9,0.13333333333333333,0.23333333333333334,0.6333333333333333,0.0,0.23076923076923078,DL,0.0,0.02564102564102564,0.07692307692307693,0.0,3,ur,midline,dl,0,1,0,0,0
7,6,size11_comp0.2_grid6_base_medium,11,0.2,medium,base,base,15,9,24,-1,-1,1,1,1,1,1,18,35,0.6857142857142857,0.8,0.8421052631578947,0.75,10,10,10,5,10,10,7,7,14,6,0,3,0.08571428571428572,DL,1.418619670275654,6,7,17,0,5,0.2,0.23333333333333334,0.5666666666666667,0.0,0.14285714285714285,DL,0.0,0.02857142857142857,0.11428571428571428,0.0,4,ur,midline,dl,0,1,0,0,0
0,7,size11_comp0.2_grid7_base_medium,11,0.2,medium,base,base,5,9,14,6,4,1,1,1,1,1,4,16,0.875,0.9375,1.0,0.9090909090909091,6,1,5,4,7,5,3,0,0,0,0,0,0.0,DR,1.9591479170272448,3,2,3,4,4,0.25,0.16666666666666666,0.25,0.3333333333333333,0.25,,0.0,0.0,0.0,0.0,0,dl,ul,dr,0,1,0,0,0
1,7,size11_comp0.2_grid7_base_medium,11,0.2,medium,base,base,5,9,14,6,4,1,1,1,1,1,4,19,0.7368421052631579,0.8421052631578947,1.0,0.7857142857142857,8,2,5,4,10,3,4,1,2,1,0,1,0.05263157894736842,DR,1.9219280948873623,3,3,3,6,4,0.2,0.2,0.2,0.4,0.21052631578947367,,0.0,0.0,0.0,0.0,0,dl,ul,dr,0,1,0,0,0
2,7,size11_comp0.2_grid7_base_medium,11,0.2,medium,base,base,5,9,14,6,4,1,1,1,1,1,4,16,0.875,0.9375,1.0,0.9090909090909091,6,1,5,4,9,2,3,1,2,1,1,0,0.0,UL,1.584962500721156,3,0,3,3,7,0.3333333333333333,0.0,0.3333333333333333,0.3333333333333333,0.4375,,0.0,0.0,0.0,0.0,0,dl,ul,dr,0,0,0,0,0
3,7,size11_comp0.2_grid7_base_medium,11,0.2,medium,base,base,5,9,14,6,4,1,1,1,1,1,4,18,0.7777777777777778,0.8888888888888888,1.0,0.8461538461538461,7,2,5,4,10,3,2,2,2,2,0,0,0.0,UL,1.965596230357602,5,3,3,4,3,0.3333333333333333,0.2,0.2,0.26666666666666666,0.16666666666666666,,0.0,0.0,0.0,0.0,0,dl,ul,dr,0,0,0,0,0
4,7,size11_comp0.2_grid7_base_medium,11,0.2,medium,base,base,5,9,14,6,4,1,1,1,1,1,6,22,0.6363636363636364,0.8181818181818182,0.8571428571428571,0.8,9,4,5,4,6,8,5,2,2,2,0,0,0.0,UL,1.781937063546704,6,1,3,5,7,0.4,0.06666666666666667,0.2,0.3333333333333333,0.3181818181818182,,0.0,0.0,0.0,0.0,0,dl,ul,dr,0,0,0,0,0
5,7,size11_comp0.2_grid7_base_medium,11,0.2,medium,base,base,5,9,14,6,4,1,1,1,1,1,4,31,0.45161290322580644,0.7096774193548387,1.0,0.6538461538461539,11,5,8,7,15,4,8,3,6,3,0,1,0.03225806451612903,UR,1.5645247207974509,3,14,2,4,8,0.13043478260869565,0.6086956521739131,0.08695652173913043,0.17391304347826086,0.25806451612903225,UR,0.0,0.12903225806451613,0.0,0.0,3,dl,ul,dr,0,0,0,0,0
6,7,size11_comp0.2_grid7_base_medium,11,0.2,medium,base,base,5,9,14,6,4,1,1,1,1,1,6,16,0.875,0.9375,0.8571428571428571,1.0,5,0,6,5,8,2,4,1,3,1,1,0,0.0,DL,1.1401156785146092,1,0,9,3,3,0.07692307692307693,0.0,0.6923076923076923,0.23076923076923078,0.1875,DL,0.0,0.0,0.125,0.0,2,dl,ul,dr,1,0,0,0,0
7,7,size11_comp0.2_grid7_base_medium,11,0.2,medium,base,base,5,9,14,6,4,1,1,1,1,1,4,22,0.6363636363636364,0.8181818181818182,1.0,0.7647058823529411,9,4,5,4,9,4,5,3,3,3,0,0,0.0,UL,1.8638263900908159,8,3,3,4,4,0.4444444444444444,0.16666666666666666,0.16666666666666666,0.2222222222222222,0.18181818181818182,,0.0,0.0,0.0,0.0,0,dl,ul,dr,0,0,0,0,0
8,7,size11_comp0.2_grid7_base_medium,11,0.2,medium,base,base,5,9,14,6,4,1,1,1,1,1,8,24,0.5833333333333334,0.7916666666666666,0.7777777777777778,0.8,9,4,6,5,4,7,8,4,4,4,0,0,0.0,UL,1.9182958340544896,6,3,3,6,6,0.3333333333333333,0.16666666666666666,0.16666666666666666,0.3333333333333333,0.25,,0.0,0.0,0.0,0.0,0,dl,ul,dr,0,0,0,0,0
9,7,size11_comp0.2_grid7_base_medium,11,0.2,medium,base,base,5,9,14,6,4,1,1,1,1,1,10,23,0.6086956521739131,0.7391304347826086,0.6363636363636364,0.8333333333333334,7,4,6,6,7,2,6,7,10,4,1,3,0.13043478260869565,DL,0.8453509366224364,0,0,8,3,12,0.0,0.0,0.7272727272727273,0.2727272727272727,0.5217391304347826,,0.0,0.0,0.0,0.0,0,dl,ul,dr,1,0,0,0,0
0,8,size11_comp0.2_grid8_base_medium,11,0.2,medium,base,base,3,9,12,8,3,1,1,1,1,1,2,12,1.0,1.0,1.0,1.0,3,2,7,0,6,2,3,0,0,0,0,0,0.0,UL,0.863120568566631,5,2,0,0,5,0.7142857142857143,0.2857142857142857,0.0,0.0,0.4166666666666667,UL,0.08333333333333333,0.0,0.0,0.0,1,ur,ul,midline,0,0,0,0,0
1,8,size11_comp0.2_grid8_base_medium,11,0.2,medium,base,base,3,9,12,8,3,1,1,1,1,1,4,14,0.8571428571428571,0.9285714285714286,0.8,1.0,3,2,8,1,7,2,4,0,0,0,0,0,0.0,UL,0.954434002924965,5,3,0,0,6,0.625,0.375,0.0,0.0,0.42857142857142855,,0.0,0.0,0.0,0.0,0,ur,ul,midline,0,0,0,0,0
2,8,size11_comp0.2_grid8_base_medium,11,0.2,medium,base,base,3,9,12,8,3,1,1,1,1,1,2,12,1.0,1.0,1.0,1.0,3,2,7,0,6,2,3,0,0,0,0,0,0.0,UL,0.863120568566631,5,2,0,0,5,0.7142857142857143,0.2857142857142857,0.0,0.0,0.4166666666666667,UL,0.08333333333333333,0.0,0.0,0.0,1,ur,ul,midline,0,0,0,0,0
3,8,size11_comp0.2_grid8_base_medium,11,0.2,medium,base,base,3,9,12,8,3,1,1,1,1,1,2,12,1.0,1.0,1.0,1.0,3,2,7,0,8,1,2,0,0,0,0,0,0.0,UL,0.9182958340544896,4,2,0,0,6,0.6666666666666666,0.3333333333333333,0.0,0.0,0.5,UL,0.08333333333333333,0.0,0.0,0.0,1,ur,ul,midline,0,0,0,0,0
4,8,size11_comp0.2_grid8_base_medium,11,0.2,medium,base,base,3,9,12,8,3,1,1,1,1,1,10,25,0.48,0.72,0.6363636363636364,0.7857142857142857,8,6,9,2,4,5,7,8,9,8,1,1,0.04,UL,1.0,9,9,0,0,7,0.5,0.5,0.0,0.0,0.28,UL,0.16,0.08,0.0,0.0,4,ur,ul,midline,0,0,0,0,0
5,8,size11_comp0.2_grid8_base_medium,11,0.2,medium,base,base,3,9,12,8,3,1,1,1,1,1,4,14,0.8571428571428571,0.9285714285714286,0.8,1.0,3,2,8,1,5,2,5,1,1,1,0,0,0.0,UL,0.9910760598382222,5,4,0,0,5,0.5555555555555556,0.4444444444444444,0.0,0.0,0.35714285714285715,,0.0,0.0,0.0,0.0,0,ur,ul,midline,0,0,0,0,0
6,8,size11_comp0.2_grid8_base_medium,11,0.2,medium,base,base,3,9,12,8,3,1,1,1,1,1,10,21,0.5714285714285714,0.7619047619047619,0.6363636363636364,0.9,5,3,10,3,6,3,5,6,7,6,0,1,0.047619047619047616,UR,0.9182958340544896,5,10,0,0,6,0.3333333333333333,0.6666666666666666,0.0,0.0,0.2857142857142857,UL,0.047619047619047616,0.0,0.0,0.0,1,ur,ul,midline,1,0,0,0,0
7,8,size11_comp0.2_grid8_base_medium,11,0.2,medium,base,base,3,9,12,8,3,1,1,1,1,1,2,16,0.75,0.875,1.0,0.8461538461538461,5,4,7,0,5,4,4,2,2,2,0,0,0.0,UL,0.7219280948873623,8,2,0,0,6,0.8,0.2,0.0,0.0,0.375,UL,0.3125,0.0,0.0,0.0,5,ur,ul,midline,0,0,0,0,0
8,8,size11_comp0.2_grid8_base_medium,11,0.2,medium,base,base,3,9,12,8,3,1,1,1,1,1,2,12,1.0,1.0,1.0,1.0,3,2,7,0,4,3,4,0,0,0,0,0,0.0,UL,0.863120568566631,5,2,0,0,5,0.7142857142857143,0.2857142857142857,0.0,0.0,0.4166666666666667,UL,0.08333333333333333,0.0,0.0,0.0,1,ur,ul,midline,0,0,0,0,0
9,8,size11_comp0.2_grid8_base_medium,11,0.2,medium,base,base,3,9,12,8,3,1,1,1,1,1,2,16,0.75,0.875,1.0,0.8461538461538461,4,3,8,1,3,5,5,2,2,2,0,0,0.0,UL,0.6840384356390417,9,2,0,0,5,0.8181818181818182,0.18181818181818182,0.0,0.0,0.3125,UL,0.3125,0.0,0.0,0.0,5,ur,ul,midline,0,0,0,0,0
0,9,size11_comp0.2_grid9_base_medium,11,0.2,medium,base,base,7,9,16,6,5,1,1,1,1,1,6,16,1.0,1.0,1.0,1.0,2,4,7,3,8,3,4,0,0,0,0,0,0.0,DR,1.5394847569315018,0,3,3,5,5,0.0,0.2727272727272727,0.2727272727272727,0.45454545454545453,0.3125,,0.0,0.0,0.0,0.0,0,midline,midline,dr,0,1,0,0,0
1,9,size11_comp0.2_grid9_base_medium,11,0.2,medium,base,base,7,9,16,6,5,1,1,1,1,1,6,17,0.9411764705882353,0.9411764705882353,1.0,0.9,2,4,8,3,9,3,3,1,3,1,1,1,0.058823529411764705,UR,1.0,0,4,0,4,9,0.0,0.5,0.0,0.5,0.5294117647058824,,0.0,0.0,0.0,0.0,0,midline,midline,dr,0,0,0,0,0
2,9,size11_comp0.2_grid9_base_medium,11,0.2,medium,base,base,7,9,16,6,5,1,1,1,1,1,6,17,0.9411764705882353,0.9411764705882353,1.0,0.9,3,4,7,3,8,4,3,1,5,1,1,1,0.058823529411764705,DR,0.5032583347756457,0,1,0,8,8,0.0,0.1111111111111111,0.0,0.8888888888888888,0.47058823529411764,,0.0,0.0,0.0,0.0,0,midline,midline,dr,0,1,0,0,0
3,9,size11_comp0.2_grid9_base_medium,11,0.2,medium,base,base,7,9,16,6,5,1,1,1,1,1,19,40,0.4,0.625,0.65,0.6,11,11,12,6,12,13,6,8,21,7,0,6,0.15,DR,0.7871265862012691,0,4,0,13,23,0.0,0.23529411764705882,0.0,0.7647058823529411,0.575,,0.0,0.0,0.0,0.0,0,midline,midline,dr,0,1,0,0,0
4,9,size11_comp0.2_grid9_base_medium,11,0.2,medium,base,base,7,9,16,6,5,1,1,1,1,1,6,22,0.7272727272727273,0.8636363636363636,1.0,0.8,4,6,8,4,11,3,5,2,5,2,1,0,0.0,UR,1.41379956460568,3,8,0,3,8,0.21428571428571427,0.5714285714285714,0.0,0.21428571428571427,0.36363636363636365,,0.0,0.0,0.0,0.0,0,midline,midline,dr,0,0,0,0,0
5,9,size11_comp0.2_grid9_base_medium,11,0.2,medium,base,base,7,9,16,6,5,1,1,1,1,1,6,35,0.45714285714285713,0.6857142857142857,1.0,0.6071428571428571,10,9,10,6,13,10,7,4,10,4,0,3,0.08571428571428572,UR,1.4318873153407885,11,14,0,4,6,0.3793103448275862,0.4827586206896552,0.0,0.13793103448275862,0.17142857142857143,UL,0.14285714285714285,0.0,0.0,0.0,5,midline,midline,dr,0,0,0,0,0
6,9,size11_comp0.2_grid9_base_medium,11,0.2,medium,base,base,7,9,16,6,5,1,1,1,1,1,9,29,0.5517241379310345,0.7586206896551724,0.8,0.7368421052631579,7,9,8,5,16,3,5,4,10,3,1,1,0.034482758620689655,UR,1.4406454496153462,7,10,0,3,9,0.35,0.5,0.0,0.15,0.3103448275862069,,0.0,0.0,0.0,0.0,0,midline,midline,dr,0,0,0,0,0
7,9,size11_comp0.2_grid9_base_medium,11,0.2,medium,base,base,7,9,16,6,5,1,1,1,1,1,6,18,0.8888888888888888,0.9444444444444444,1.0,0.9090909090909091,3,5,7,3,8,6,3,0,2,0,0,0,0.0,DR,0.863120568566631,0,2,0,5,11,0.0,0.2857142857142857,0.0,0.7142857142857143,0.6111111111111112,,0.0,0.0,0.0,0.0,0,midline,midline,dr,0,1,0,0,0
8,9,size11_comp0.2_grid9_base_medium,11,0.2,medium,base,base,7,9,16,6,5,1,1,1,1,1,13,27,0.5925925925925926,0.7777777777777778,0.7142857142857143,0.8461538461538461,6,8,8,5,10,5,4,7,10,6,1,1,0.037037037037037035,UR,0.8112781244591328,0,9,0,3,15,0.0,0.75,0.0,0.25,0.5555555555555556,,0.0,0.0,0.0,0.0,0,midline,midline,dr,0,0,0,0,0
9,9,size11_comp0.2_grid9_base_medium,11,0.2,medium,base,base,7,9,16,6,5,1,1,1,1,1,16,30,0.5333333333333333,0.7333333333333333,0.6470588235294118,0.8461538461538461,7,9,8,6,11,7,6,5,12,5,1,2,0.06666666666666667,UR,1.2419460322060458,2,10,0,3,15,0.13333333333333333,0.6666666666666666,0.0,0.2,0.5,,0.0,0.0,0.0,0.0,0,midline,midline,dr,0,0,0,0,0
0,0,size11_comp0.4_grid0_base_medium,11,0.4,medium,base,base,5,10,15,7,4,1,1,1,1,1,4,20,0.75,0.85,1.0,0.8,5,4,3,8,7,5,3,4,5,4,1,1,0.05,DL,1.2987949406953985,2,1,5,0,12,0.25,0.125,0.625,0.0,0.6,,0.0,0.0,0.0,0.0,0,ul,ur,dl,0,1,0,0,0
1,0,size11_comp0.4_grid0_base_medium,11,0.4,medium,base,base,5,10,15,7,4,1,1,1,1,1,6,17,0.8823529411764706,0.9411764705882353,0.8571428571428571,1.0,4,4,2,7,7,5,2,2,2,2,1,0,0.0,DL,1.4355205042826666,2,0,5,2,8,0.2222222222222222,0.0,0.5555555555555556,0.2222222222222222,0.47058823529411764,,0.0,0.0,0.0,0.0,0,ul,ur,dl,0,1,0,0,0
2,0,size11_comp0.4_grid0_base_medium,11,0.4,medium,base,base,5,10,15,7,4,1,1,1,1,1,4,15,1.0,1.0,1.0,1.0,4,4,1,6,10,2,1,1,3,1,1,0,0.0,DL,0.863120568566631,2,0,5,0,8,0.2857142857142857,0.0,0.7142857142857143,0.0,0.5333333333333333,,0.0,0.0,0.0,0.0,0,ul,ur,dl,0,1,0,0,0
3,0,size11_comp0.4_grid0_base_medium,11,0.4,medium,base,base,5,10,15,7,4,1,1,1,1,1,10,23,0.6521739130434783,0.8260869565217391,0.7272727272727273,0.9166666666666666,6,6,3,8,8,6,3,5,12,5,1,0,0.0,DL,1.224394445405986,2,1,6,0,14,0.2222222222222222,0.1111111111111111,0.6666666666666666,0.0,0.6086956521739131,,0.0,0.0,0.0,0.0,0,ul,ur,dl,0,1,0,0,0
4,0,size11_comp0.4_grid0_base_medium,11,0.4,medium,base,base,5,10,15,7,4,1,1,1,1,1,8,25,0.6,0.8,0.7777777777777778,0.8125,6,6,4,9,7,9,3,5,7,5,1,0,0.0,DL,1.6691803368667308,3,1,7,2,12,0.23076923076923078,0.07692307692307693,0.5384615384615384,0.15384615384615385,0.48,,0.0,0.0,0.0,0.0,0,ul,ur,dl,0,1,0,0,0
5,0,size11_comp0.4_grid0_base_medium,11,0.4,medium,base,base,5,10,15,7,4,1,1,1,1,1,8,23,0.6521739130434783,0.8260869565217391,0.7777777777777778,0.8571428571428571,7,7,2,7,8,4,5,5,6,5,1,0,0.0,DL,1.2607717938967942,2,4,11,0,6,0.11764705882352941,0.23529411764705882,0.6470588235294118,0.0,0.2608695652173913,,0.0,0.0,0.0,0.0,0,ul,ur,dl,0,1,0,0,0
6,0,size11_comp0.4_grid0_base_medium,11,0.4,medium,base,base,5,10,15,7,4,1,1,1,1,1,6,21,0.7142857142857143,0.8571428571428571,0.8571428571428571,0.8571428571428571,6,6,2,7,7,6,2,5,8,5,1,0,0.0,UL,1.3485878960124222,5,1,5,0,10,0.45454545454545453,0.09090909090909091,0.45454545454545453,0.0,0.47619047619047616,,0.0,0.0,0.0,0.0,0,ul,ur,dl,1,0,0,0,0
7,0,size11_comp0.4_grid0_base_medium,11,0.4,medium,base,base,5,10,15,7,4,1,1,1,1,1,7,20,0.75,0.85,0.75,0.9166666666666666,4,4,4,8,6,5,5,3,4,2,1,1,0.05,DL,1.0957952550009336,2,1,8,0,9,0.18181818181818182,0.09090909090909091,0.7272727272727273,0.0,0.45,,0.0,0.0,0.0,0.0,0,ul,ur,dl,0,1,0,0,0
8,0,size11_comp0.4_grid0_base_medium,11,0.4,medium,base,base,5,10,15,7,4,1,1,1,1,1,8,27,0.5555555555555556,0.7407407407407407,0.7777777777777778,0.7222222222222222,8,8,3,8,6,6,7,7,10,7,1,2,0.07407407407407407,DL,1.5744174271404585,1,1,7,5,13,0.07142857142857142,0.07142857142857142,0.5,0.35714285714285715,0.48148148148148145,,0.0,0.0,0.0,0.0,0,ul,ur,dl,0,1,0,0,0
9,0,size11_comp0.4_grid0_base_medium,11,0.4,medium,base,base,5,10,15,7,4,1,1,1,1,1,4,25,0.6,0.76,1.0,0.7,7,8,2,8,10,6,5,3,8,2,1,2,0.08,DL,1.3294340029249652,3,0,10,3,9,0.1875,0.0,0.625,0.1875,0.36,,0.0,0.0,0.0,0.0,0,ul,ur,dl,0,1,0,0,0
0,1,size11_comp0.4_grid1_base_medium,11,0.4,medium,base,base,7,5,12,4,4,1,1,1,1,1,10,16,0.75,0.875,0.8181818181818182,1.0,1,4,5,6,6,2,3,4,5,4,1,0,0.0,DL,-0.0,0,0,11,0,5,0.0,0.0,1.0,0.0,0.3125,DL,0.0,0.0,0.1875,0.0,3,midline,dr,dl,0,1,0,0,0
1,1,size11_comp0.4_grid1_base_medium,11,0.4,medium,base,base,7,5,12,4,4,1,1,1,1,1,6,12,1.0,1.0,1.0,1.0,0,3,4,5,9,0,1,1,4,1,1,0,0.0,DL,-0.0,0,0,7,0,5,0.0,0.0,1.0,0.0,0.4166666666666667,DL,0.0,0.0,0.25,0.0,3,midline,dr,dl,0,1,0,0,0
2,1,size11_comp0.4_grid1_base_medium,11,0.4,medium,base,base,7,5,12,4,4,1,1,1,1,1,6,15,0.8,0.8666666666666667,1.0,0.75,0,4,5,6,8,1,2,3,7,3,3,1,0.06666666666666667,DL,-0.0,0,0,10,0,5,0.0,0.0,1.0,0.0,0.3333333333333333,DL,0.0,0.0,0.4,0.0,6,midline,dr,dl,0,1,0,0,0
3,1,size11_comp0.4_grid1_base_medium,11,0.4,medium,base,base,7,5,12,4,4,1,1,1,1,1,6,12,1.0,1.0,1.0,1.0,0,3,4,5,9,0,1,1,4,1,1,0,0.0,DL,-0.0,0,0,7,0,5,0.0,0.0,1.0,0.0,0.4166666666666667,DL,0.0,0.0,0.25,0.0,3,midline,dr,dl,0,1,0,0,0
4,1,size11_comp0.4_grid1_base_medium,11,0.4,medium,base,base,7,5,12,4,4,1,1,1,1,1,6,12,1.0,1.0,1.0,1.0,0,3,4,5,9,0,1,1,4,1,1,0,0.0,DL,-0.0,0,0,7,0,5,0.0,0.0,1.0,0.0,0.4166666666666667,DL,0.0,0.0,0.25,0.0,3,midline,dr,dl,0,1,0,0,0
5,1,size11_comp0.4_grid1_base_medium,11,0.4,medium,base,base,7,5,12,4,4,1,1,1,1,1,8,15,0.8,0.8666666666666667,0.8888888888888888,0.8333333333333334,1,3,5,6,6,2,3,3,6,3,1,1,0.06666666666666667,DL,-0.0,0,0,12,0,3,0.0,0.0,1.0,0.0,0.2,DL,0.0,0.0,0.26666666666666666,0.0,4,midline,dr,dl,0,1,0,0,0
6,1,size11_comp0.4_grid1_base_medium,11,0.4,medium,base,base,7,5,12,4,4,1,1,1,1,1,16,22,0.5454545454545454,0.7727272727272727,0.7058823529411765,1.0,3,6,6,7,8,5,4,4,8,4,1,0,0.0,DL,0.3372900666170139,0,0,15,1,6,0.0,0.0,0.9375,0.0625,0.2727272727272727,DL,0.0,0.0,0.13636363636363635,0.0,3,midline,dr,dl,0,1,0,0,0
7,1,size11_comp0.4_grid1_base_medium,11,0.4,medium,base,base,7,5,12,4,4,1,1,1,1,1,6,12,1.0,1.0,1.0,1.0,0,3,4,5,9,0,1,1,4,1,1,0,0.0,DL,-0.0,0,0,7,0,5,0.0,0.0,1.0,0.0,0.4166666666666667,DL,0.0,0.0,0.25,0.0,3,midline,dr,dl,0,1,0,0,0
8,1,size11_comp0.4_grid1_base_medium,11,0.4,medium,base,base,7,5,12,4,4,1,1,1,1,1,12,18,0.6666666666666666,0.8333333333333334,0.7692307692307693,1.0,2,5,5,6,7,2,3,5,7,5,1,0,0.0,DL,-0.0,0,0,15,0,3,0.0,0.0,1.0,0.0,0.16666666666666666,DL,0.0,0.0,0.16666666666666666,0.0,3,midline,dr,dl,0,1,0,0,0
9,1,size11_comp0.4_grid1_base_medium,11,0.4,medium,base,base,7,5,12,4,4,1,1,1,1,1,12,18,0.6666666666666666,0.8333333333333334,0.7692307692307693,1.0,2,5,5,6,11,2,1,3,4,3,0,0,0.0,DL,-0.0,0,0,11,0,7,0.0,0.0,1.0,0.0,0.3888888888888889,DL,0.0,0.0,0.16666666666666666,0.0,3,midline,dr,dl,0,1,0,0,0
0,2,size11_comp0.4_grid2_base_medium,11,0.4,medium,base,base,15,4,19,11,4,1,1,1,1,1,24,29,0.6551724137931034,0.8275862068965517,0.8,1.0,0,7,13,9,8,7,5,8,9,8,1,0,0.0,DL,0.9709505944546686,0,8,12,0,9,0.0,0.4,0.6,0.0,0.3103448275862069,UR,0.0,0.13793103448275862,0.13793103448275862,0.0,4,ur,midline,dl,0,1,0,0,0
1,2,size11_comp0.4_grid2_base_medium,11,0.4,medium,base,base,15,4,19,11,4,1,1,1,1,1,24,29,0.6551724137931034,0.7931034482758621,0.76,1.0,3,10,9,5,11,5,5,3,9,3,1,0,0.0,DL,1.4937095464322434,0,7,10,4,8,0.0,0.3333333333333333,0.47619047619047616,0.19047619047619047,0.27586206896551724,DL,0.0,0.034482758620689655,0.10344827586206896,0.0,3,ur,midline,dl,0,1,0,0,0
2,2,size11_comp0.4_grid2_base_medium,11,0.4,medium,base,base,15,4,19,11,4,1,1,1,1,1,26,32,0.59375,0.78125,0.7777777777777778,0.8,4,12,10,6,9,8,9,5,11,5,1,1,0.03125,UR,1.4445169170274446,0,13,11,4,4,0.0,0.4642857142857143,0.39285714285714285,0.14285714285714285,0.125,UR,0.0,0.1875,0.09375,0.0,3,ur,midline,dl,1,0,0,0,0
4,2,size11_comp0.4_grid2_base_medium,11,0.4,medium,base,base,15,4,19,11,4,1,1,1,1,1,33,38,0.5,0.7105263157894737,0.6764705882352942,1.0,7,12,12,7,12,6,5,14,18,12,1,3,0.07894736842105263,DL,1.1964209471916636,0,10,13,1,14,0.0,0.4166666666666667,0.5416666666666666,0.041666666666666664,0.3684210526315789,UR,0.0,0.07894736842105263,0.07894736842105263,0.0,3,ur,midline,dl,0,1,0,0,0
5,2,size11_comp0.4_grid2_base_medium,11,0.4,medium,base,base,15,4,19,11,4,1,1,1,1,1,22,27,0.7037037037037037,0.8148148148148148,0.782608695652174,1.0,2,8,10,7,12,4,5,5,8,4,1,2,0.07407407407407407,DL,0.9182958340544896,0,5,10,0,12,0.0,0.3333333333333333,0.6666666666666666,0.0,0.4444444444444444,DL,0.0,0.037037037037037035,0.1111111111111111,0.0,3,ur,midline,dl,0,1,0,0,0
6,2,size11_comp0.4_grid2_base_medium,11,0.4,medium,base,base,15,4,19,11,4,1,1,1,1,1,17,22,0.8636363636363636,0.9090909090909091,0.8888888888888888,1.0,1,8,8,4,9,3,5,2,3,2,1,0,0.0,DL,1.2309595631140104,1,5,9,0,7,0.06666666666666667,0.3333333333333333,0.6,0.0,0.3181818181818182,DL,0.0,0.045454545454545456,0.18181818181818182,0.0,4,ur,midline,dl,0,1,0,0,0
7,2,size11_comp0.4_grid2_base_medium,11,0.4,medium,base,base,15,4,19,11,4,1,1,1,1,1,21,26,0.7307692307692307,0.8076923076923077,0.7727272727272727,1.0,2,8,9,6,9,5,6,3,5,2,1,2,0.07692307692307693,DL,1.134969974603941,1,5,12,0,8,0.05555555555555555,0.2777777777777778,0.6666666666666666,0.0,0.3076923076923077,DL,0.0,0.038461538461538464,0.15384615384615385,0.0,4,ur,midline,dl,0,1,0,0,0
9,2,size11_comp0.4_grid2_base_medium,11,0.4,medium,base,base,15,4,19,11,4,1,1,1,1,1,29,34,0.5588235294117647,0.7647058823529411,0.7333333333333333,1.0,5,12,10,7,10,7,11,5,6,5,1,1,0.029411764705882353,DL,1.5535209511274697,6,9,10,0,9,0.24,0.36,0.4,0.0,0.2647058823529412,UR,0.0,0.11764705882352941,0.11764705882352941,0.0,4,ur,midline,dl,0,1,0,0,0
0,3,size11_comp0.4_grid3_base_medium,11,0.4,medium,base,base,3,6,9,3,3,1,1,1,1,1,2,18,0.5,0.7222222222222222,1.0,0.6666666666666666,8,6,1,3,5,5,2,5,10,5,1,1,0.05555555555555555,DR,0.3372900666170139,0,1,0,15,2,0.0,0.0625,0.0,0.9375,0.1111111111111111,,0.0,0.0,0.0,0.0,0,dr,ur,dr,1,1,0,0,0
1,3,size11_comp0.4_grid3_base_medium,11,0.4,medium,base,base,3,6,9,3,3,1,1,1,1,1,4,11,0.8181818181818182,0.9090909090909091,0.8,1.0,5,3,1,2,5,1,4,0,2,0,0,0,0.0,DR,0.4689955935892812,0,1,0,9,1,0.0,0.1,0.0,0.9,0.09090909090909091,DR,0.0,0.0,0.0,0.18181818181818182,2,dr,ur,dr,1,1,0,0,0
2,3,size11_comp0.4_grid3_base_medium,11,0.4,medium,base,base,3,6,9,3,3,1,1,1,1,1,2,14,0.6428571428571429,0.7857142857142857,1.0,0.7272727272727273,6,4,2,2,3,3,4,3,6,3,1,1,0.07142857142857142,DR,0.41381685030363374,0,1,0,11,2,0.0,0.08333333333333333,0.0,0.9166666666666666,0.14285714285714285,,0.0,0.0,0.0,0.0,0,dr,ur,dr,1,1,0,0,0
3,3,size11_comp0.4_grid3_base_medium,11,0.4,medium,base,base,3,6,9,3,3,1,1,1,1,1,2,11,0.8181818181818182,0.9090909090909091,1.0,0.875,5,3,1,2,5,3,2,0,3,0,0,0,0.0,DR,0.4689955935892812,0,1,0,9,1,0.0,0.1,0.0,0.9,0.09090909090909091,DR,0.0,0.0,0.0,0.18181818181818182,2,dr,ur,dr,1,1,0,0,0
4,3,size11_comp0.4_grid3_base_medium,11,0.4,medium,base,base,3,6,9,3,3,1,1,1,1,1,2,13,0.6923076923076923,0.8461538461538461,1.0,0.8,6,4,1,2,6,1,2,3,6,3,1,0,0.0,DR,0.41381685030363374,0,1,0,11,1,0.0,0.08333333333333333,0.0,0.9166666666666666,0.07692307692307693,,0.0,0.0,0.0,0.0,0,dr,ur,dr,1,1,0,0,0
5,3,size11_comp0.4_grid3_base_medium,11,0.4,medium,base,base,3,6,9,3,3,1,1,1,1,1,9,16,0.5625,0.75,0.6,1.0,6,4,2,4,6,4,2,3,5,2,1,1,0.0625,DR,0.37123232664087563,0,1,0,13,2,0.0,0.07142857142857142,0.0,0.9285714285714286,0.125,DR,0.0,0.0,0.0,0.0625,1,dr,ur,dr,1,1,0,0,0
6,3,size11_comp0.4_grid3_base_medium,11,0.4,medium,base,base,3,6,9,3,3,1,1,1,1,1,4,11,0.8181818181818182,0.9090909090909091,0.8,1.0,5,3,1,2,5,1,4,0,2,0,0,0,0.0,DR,0.4689955935892812,0,1,0,9,1,0.0,0.1,0.0,0.9,0.09090909090909091,DR,0.0,0.0,0.0,0.18181818181818182,2,dr,ur,dr,1,1,0,0,0
7,3,size11_comp0.4_grid3_base_medium,11,0.4,medium,base,base,3,6,9,3,3,1,1,1,1,1,10,17,0.5294117647058824,0.7647058823529411,0.6363636363636364,1.0,7,5,2,3,6,0,4,6,7,6,0,0,0.0,DR,0.3372900666170139,0,1,0,15,1,0.0,0.0625,0.0,0.9375,0.058823529411764705,DR,0.0,0.0,0.0,0.23529411764705882,4,dr,ur,dr,1,1,0,0,0
8,3,size11_comp0.4_grid3_base_medium,11,0.4,medium,base,base,3,6,9,3,3,1,1,1,1,1,4,13,0.6923076923076923,0.8461538461538461,0.8,0.875,6,4,1,2,5,1,4,2,5,2,1,0,0.0,DR,0.4394969869215134,0,1,0,10,2,0.0,0.09090909090909091,0.0,0.9090909090909091,0.15384615384615385,DR,0.0,0.0,0.0,0.15384615384615385,2,dr,ur,dr,1,1,0,0,0
9,3,size11_comp0.4_grid3_base_medium,11,0.4,medium,base,base,3,6,9,3,3,1,1,1,1,1,2,9,1.0,1.0,1.0,1.0,5,3,0,1,6,0,1,1,3,1,1,0,0.0,DR,0.5435644431995964,0,1,0,7,1,0.0,0.125,0.0,0.875,0.1111111111111111,,0.0,0.0,0.0,0.0,0,dr,ur,dr,1,1,0,0,0
0,4,size11_comp0.4_grid4_base_medium,11,0.4,medium,base,base,9,3,12,8,3,1,1,1,1,1,10,16,0.75,0.875,0.9090909090909091,0.8,5,4,6,1,7,5,2,1,1,1,0,0,0.0,DR,1.789929075309999,3,2,1,5,5,0.2727272727272727,0.18181818181818182,0.09090909090909091,0.45454545454545453,0.3125,DR,0.0,0.0,0.0,0.0625,1,dr,dl,ul,1,0,0,0,0
1,4,size11_comp0.4_grid4_base_medium,11,0.4,medium,base,base,9,3,12,8,3,1,1,1,1,1,14,18,0.6666666666666666,0.7222222222222222,0.6666666666666666,1.0,5,8,5,0,9,5,3,0,4,0,0,4,0.2222222222222222,UL,1.6893917467430877,7,2,1,4,4,0.5,0.14285714285714285,0.07142857142857142,0.2857142857142857,0.2222222222222222,DR,0.0,0.0,0.0,0.05555555555555555,1,dr,dl,ul,0,1,0,0,0
2,4,size11_comp0.4_grid4_base_medium,11,0.4,medium,base,base,9,3,12,8,3,1,1,1,1,1,10,22,0.5454545454545454,0.7272727272727273,0.9090909090909091,0.5454545454545454,6,6,8,2,5,6,8,2,8,2,3,2,0.09090909090909091,UL,1.2806721295208872,7,0,1,4,10,0.5833333333333334,0.0,0.08333333333333333,0.3333333333333333,0.45454545454545453,DR,0.0,0.0,0.0,0.045454545454545456,1,dr,dl,ul,0,1,0,0,0
3,4,size11_comp0.4_grid4_base_medium,11,0.4,medium,base,base,9,3,12,8,3,1,1,1,1,1,11,15,0.8,0.8666666666666667,0.8333333333333334,1.0,5,5,5,0,8,4,2,0,1,0,0,1,0.06666666666666667,UL,1.867633890971212,4,3,1,3,4,0.36363636363636365,0.2727272727272727,0.09090909090909091,0.2727272727272727,0.26666666666666666,DR,0.0,0.0,0.0,0.06666666666666667,1,dr,dl,ul,0,1,0,0,0
4,4,size11_comp0.4_grid4_base_medium,11,0.4,medium,base,base,9,3,12,8,3,1,1,1,1,1,12,20,0.6,0.8,0.8461538461538461,0.7142857142857143,7,6,6,1,7,5,3,4,5,4,0,0,0.0,UR,1.95006375643621,3,4,2,4,7,0.23076923076923078,0.3076923076923077,0.15384615384615385,0.3076923076923077,0.35,DR,0.0,0.0,0.0,0.05,1,dr,dl,ul,0,0,0,0,0
5,4,size11_comp0.4_grid4_base_medium,11,0.4,medium,base,base,9,3,12,8,3,1,1,1,1,1,10,14,0.8571428571428571,0.9285714285714286,0.9090909090909091,1.0,5,4,5,0,6,1,4,2,2,2,1,0,0.0,DR,1.6644977792004612,1,1,1,4,7,0.14285714285714285,0.14285714285714285,0.14285714285714285,0.5714285714285714,0.5,DR,0.0,0.0,0.0,0.07142857142857142,1,dr,dl,ul,1,0,0,0,0
6,4,size11_comp0.4_grid4_base_medium,11,0.4,medium,base,base,9,3,12,8,3,1,1,1,1,1,18,22,0.5454545454545454,0.5909090909090909,0.5263157894736842,1.0,5,12,5,0,13,5,3,0,8,0,0,8,0.36363636363636365,UL,1.1216407621868583,11,0,1,4,6,0.6875,0.0,0.0625,0.25,0.2727272727272727,DR,0.0,0.0,0.0,0.045454545454545456,1,dr,dl,ul,0,1,0,0,0
7,4,size11_comp0.4_grid4_base_medium,11,0.4,medium,base,base,9,3,12,8,3,1,1,1,1,1,19,26,0.46153846153846156,0.6538461538461539,0.65,0.6666666666666666,8,8,8,2,11,7,4,3,8,3,0,4,0.15384615384615385,UL,1.7762976257251988,7,7,1,5,6,0.35,0.35,0.05,0.25,0.23076923076923078,DR,0.0,0.0,0.0,0.038461538461538464,1,dr,dl,ul,0,1,0,0,0
8,4,size11_comp0.4_grid4_base_medium,11,0.4,medium,base,base,9,3,12,8,3,1,1,1,1,1,11,17,0.7058823529411765,0.8235294117647058,0.8333333333333334,0.8,4,3,8,2,7,3,3,3,4,3,1,1,0.058823529411764705,DR,1.4056390622295665,1,0,3,4,9,0.125,0.0,0.375,0.5,0.5294117647058824,DR,0.0,0.0,0.0,0.058823529411764705,1,dr,dl,ul,1,0,0,0,0
9,4,size11_comp0.4_grid4_base_medium,11,0.4,medium,base,base,9,3,12,8,3,1,1,1,1,1,8,16,0.75,0.8125,1.0,0.5714285714285714,5,4,5,2,6,4,4,1,4,1,2,2,0.125,DR,1.5394847569315018,3,0,3,5,5,0.2727272727272727,0.0,0.2727272727272727,0.45454545454545453,0.3125,DR,0.0,0.0,0.0,0.0625,1,dr,dl,ul,1,0,0,0,0
0,5,size11_comp0.4_grid5_base_medium,11,0.4,medium,base,base,6,11,17,7,5,1,1,1,1,1,20,34,0.5,0.7058823529411765,0.6190476190476191,0.8461538461538461,11,8,10,5,14,8,6,5,18,4,1,3,0.08823529411764706,UR,1.384431504340598,3,7,0,2,22,0.25,0.5833333333333334,0.0,0.16666666666666666,0.6470588235294118,UL,0.029411764705882353,0.0,0.0,0.0,1,ur,ul,dr,1,0,0,0,0
1,5,size11_comp0.4_grid5_base_medium,11,0.4,medium,base,base,6,11,17,7,5,1,1,1,1,1,17,31,0.5483870967741935,0.7419354838709677,0.6666666666666666,0.8461538461538461,9,5,11,6,8,8,6,8,11,8,1,2,0.06451612903225806,UR,1.4152689500270954,5,10,0,3,13,0.2777777777777778,0.5555555555555556,0.0,0.16666666666666666,0.41935483870967744,UR,0.03225806451612903,0.0967741935483871,0.0,0.0,3,ur,ul,dr,1,0,0,0,0
2,5,size11_comp0.4_grid5_base_medium,11,0.4,medium,base,base,6,11,17,7,5,1,1,1,1,1,8,26,0.6538461538461539,0.6923076923076923,0.6666666666666666,0.7058823529411765,9,6,8,3,9,10,5,1,11,1,0,7,0.2692307692307692,UL,1.4591479170272448,6,4,0,2,14,0.5,0.3333333333333333,0.0,0.16666666666666666,0.5384615384615384,UL,0.038461538461538464,0.0,0.0,0.0,1,ur,ul,dr,0,0,0,0,0
3,5,size11_comp0.4_grid5_base_medium,11,0.4,medium,base,base,6,11,17,7,5,1,1,1,1,1,7,22,0.7727272727272727,0.8181818181818182,0.875,0.7857142857142857,9,4,7,2,10,6,4,1,6,1,1,3,0.13636363636363635,UL,1.2389012566026305,8,1,0,4,9,0.6153846153846154,0.07692307692307693,0.0,0.3076923076923077,0.4090909090909091,UL,0.045454545454545456,0.0,0.0,0.0,1,ur,ul,dr,0,0,0,0,0
4,5,size11_comp0.4_grid5_base_medium,11,0.4,medium,base,base,6,11,17,7,5,1,1,1,1,1,22,34,0.5,0.7352941176470589,0.6086956521739131,1.0,11,9,9,5,8,10,10,5,11,5,1,1,0.029411764705882353,UR,1.2732696895151085,6,16,0,3,9,0.24,0.64,0.0,0.12,0.2647058823529412,UR,0.058823529411764705,0.11764705882352941,0.0,0.0,3,ur,ul,dr,1,0,0,0,0
5,5,size11_comp0.4_grid5_base_medium,11,0.4,medium,base,base,6,11,17,7,5,1,1,1,1,1,26,44,0.38636363636363635,0.6136363636363636,0.5555555555555556,0.7058823529411765,13,8,13,10,13,11,10,9,25,9,1,7,0.1590909090909091,UR,0.8873068828532795,6,25,0,1,12,0.1875,0.78125,0.0,0.03125,0.2727272727272727,UR,0.045454545454545456,0.09090909090909091,0.0,0.0,3,ur,ul,dr,1,0,0,0,0
6,5,size11_comp0.4_grid5_base_medium,11,0.4,medium,base,base,6,11,17,7,5,1,1,1,1,1,9,23,0.7391304347826086,0.8260869565217391,0.8,0.8461538461538461,8,4,8,3,10,6,4,2,8,2,1,2,0.08695652173913043,UL,1.4926140680171258,7,4,0,3,9,0.5,0.2857142857142857,0.0,0.21428571428571427,0.391304347826087,UL,0.043478260869565216,0.0,0.0,0.0,1,ur,ul,dr,0,0,0,0,0
7,5,size11_comp0.4_grid5_base_medium,11,0.4,medium,base,base,6,11,17,7,5,1,1,1,1,1,11,28,0.6071428571428571,0.75,0.6666666666666666,0.8125,7,6,10,5,13,6,5,3,9,3,1,3,0.10714285714285714,UR,1.1401156785146092,3,9,0,1,15,0.23076923076923078,0.6923076923076923,0.0,0.07692307692307693,0.5357142857142857,UL,0.03571428571428571,0.0,0.0,0.0,1,ur,ul,dr,1,0,0,0,0
0,6,size11_comp0.4_grid6_base_medium,11,0.4,medium,base,base,12,3,15,11,2,1,1,1,1,1,33,37,0.40540540540540543,0.7027027027027027,0.6764705882352942,1.0,11,8,5,13,10,5,9,12,16,12,0,0,0.0,UL,1.2010947341319422,19,6,3,0,9,0.6785714285714286,0.21428571428571427,0.10714285714285714,0.0,0.24324324324324326,UL,0.16216216216216217,0.05405405405405406,0.0,0.0,6,dl,ur,ur,0,0,0,0,0
1,6,size11_comp0.4_grid6_base_medium,11,0.4,medium,base,base,12,3,15,11,2,1,1,1,1,1,22,26,0.5769230769230769,0.7307692307692307,0.6956521739130435,1.0,7,5,2,10,9,4,5,4,8,4,0,1,0.038461538461538464,DL,0.9886994082884974,0,7,9,0,10,0.0,0.4375,0.5625,0.0,0.38461538461538464,UR,0.0,0.07692307692307693,0.0,0.0,2,dl,ur,ur,1,0,0,0,0
2,6,size11_comp0.4_grid6_base_medium,11,0.4,medium,base,base,12,3,15,11,2,1,1,1,1,1,30,34,0.4411764705882353,0.6764705882352942,0.6451612903225806,1.0,12,10,1,11,9,11,6,7,15,7,1,3,0.08823529411764706,UL,1.1515653788493414,19,7,2,0,6,0.6785714285714286,0.25,0.07142857142857142,0.0,0.17647058823529413,UL,0.29411764705882354,0.08823529411764706,0.0,0.0,6,dl,ur,ur,0,0,0,0,0
3,6,size11_comp0.4_grid6_base_medium,11,0.4,medium,base,base,12,3,15,11,2,1,1,1,1,1,16,20,0.75,0.85,0.8235294117647058,1.0,6,3,1,9,7,3,4,4,5,4,0,0,0.0,UL,1.3995812306460644,8,5,2,0,5,0.5333333333333333,0.3333333333333333,0.13333333333333333,0.0,0.25,UR,0.0,0.1,0.0,0.0,2,dl,ur,ur,0,0,0,0,0
4,6,size11_comp0.4_grid6_base_medium,11,0.4,medium,base,base,12,3,15,11,2,1,1,1,1,1,21,25,0.6,0.76,0.7272727272727273,1.0,9,6,0,9,8,5,6,4,6,4,0,1,0.04,UL,1.2997367636952522,11,5,2,0,7,0.6111111111111112,0.2777777777777778,0.1111111111111111,0.0,0.28,UL,0.2,0.08,0.0,0.0,4,dl,ur,ur,0,0,0,0,0
5,6,size11_comp0.4_grid6_base_medium,11,0.4,medium,base,base,12,3,15,11,2,1,1,1,1,1,17,21,0.7142857142857143,0.8571428571428571,0.8333333333333334,1.0,6,3,2,10,8,4,3,5,5,5,0,0,0.0,UL,1.1660870601063933,11,5,1,0,4,0.6470588235294118,0.29411764705882354,0.058823529411764705,0.0,0.19047619047619047,UR,0.0,0.09523809523809523,0.0,0.0,2,dl,ur,ur,0,0,0,0,0
6,6,size11_comp0.4_grid6_base_medium,11,0.4,medium,base,base,12,3,15,11,2,1,1,1,1,1,16,22,0.6818181818181818,0.7727272727272727,0.8235294117647058,0.6,8,4,0,9,6,5,4,4,7,3,1,2,0.09090909090909091,UR,1.5461796919474975,5,7,4,0,6,0.3125,0.4375,0.25,0.0,0.2727272727272727,UR,0.0,0.18181818181818182,0.0,0.0,4,dl,ur,ur,0,1,0,0,0
7,6,size11_comp0.4_grid6_base_medium,11,0.4,medium,base,base,12,3,15,11,2,1,1,1,1,1,19,23,0.6521739130434783,0.8260869565217391,0.8,1.0,6,3,3,11,11,3,4,4,7,4,1,0,0.0,UR,1.2344977967946407,9,10,1,0,3,0.45,0.5,0.05,0.0,0.13043478260869565,UR,0.08695652173913043,0.13043478260869565,0.0,0.0,3,dl,ur,ur,0,1,0,0,0
8,6,size11_comp0.4_grid6_base_medium,11,0.4,medium,base,base,12,3,15,11,2,1,1,1,1,1,21,25,0.6,0.8,0.7727272727272727,1.0,7,4,3,11,9,4,6,5,5,5,0,0,0.0,DL,0.9975025463691152,0,8,9,0,8,0.0,0.47058823529411764,0.5294117647058824,0.0,0.32,UR,0.0,0.08,0.0,0.0,2,dl,ur,ur,1,0,0,0,0
9,6,size11_comp0.4_grid6_base_medium,11,0.4,medium,base,base,12,3,15,11,2,1,1,1,1,1,22,26,0.5769230769230769,0.7307692307692307,0.6956521739130435,1.0,9,7,2,8,9,6,5,5,8,5,0,3,0.11538461538461539,UL,1.0488412604661608,15,5,1,0,5,0.7142857142857143,0.23809523809523808,0.047619047619047616,0.0,0.19230769230769232,UL,0.11538461538461539,0.07692307692307693,0.0,0.0,3,dl,ur,ur,0,0,0,0,0
0,7,size11_comp0.4_grid7_base_medium,11,0.4,medium,base,base,5,7,12,4,4,1,1,1,1,1,6,20,0.6,0.8,0.8571428571428571,0.7692307692307693,4,6,4,6,9,4,1,5,5,5,0,0,0.0,UR,1.3516441151533924,0,5,1,3,11,0.0,0.5555555555555556,0.1111111111111111,0.3333333333333333,0.55,,0.0,0.0,0.0,0.0,0,midline,dr,ur,0,1,0,0,0
1,7,size11_comp0.4_grid7_base_medium,11,0.4,medium,base,base,5,7,12,4,4,1,1,1,1,1,6,14,0.8571428571428571,0.9285714285714286,0.8571428571428571,1.0,4,6,1,3,8,2,3,0,4,0,0,0,0.0,DR,0.9940302114769565,0,5,0,6,3,0.0,0.45454545454545453,0.0,0.5454545454545454,0.21428571428571427,,0.0,0.0,0.0,0.0,0,midline,dr,ur,0,0,0,0,0
2,7,size11_comp0.4_grid7_base_medium,11,0.4,medium,base,base,5,7,12,4,4,1,1,1,1,1,6,19,0.631578947368421,0.7894736842105263,0.8571428571428571,0.75,5,7,2,5,8,2,4,4,5,4,2,1,0.05263157894736842,UR,1.4833557549816874,2,5,0,5,7,0.16666666666666666,0.4166666666666667,0.0,0.4166666666666667,0.3684210526315789,,0.0,0.0,0.0,0.0,0,midline,dr,ur,0,1,0,0,0
3,7,size11_comp0.4_grid7_base_medium,11,0.4,medium,base,base,5,7,12,4,4,1,1,1,1,1,4,22,0.5454545454545454,0.7727272727272727,1.0,0.7058823529411765,4,6,5,7,6,5,4,6,6,6,1,0,0.0,DR,0.7871265862012691,0,4,0,13,5,0.0,0.23529411764705882,0.0,0.7647058823529411,0.22727272727272727,DR,0.0,0.0,0.0,0.13636363636363635,3,midline,dr,ur,0,0,0,0,0
4,7,size11_comp0.4_grid7_base_medium,11,0.4,medium,base,base,5,7,12,4,4,1,1,1,1,1,4,13,0.9230769230769231,0.9230769230769231,1.0,0.875,5,6,0,2,7,2,2,1,1,0,1,1,0.07692307692307693,UR,0.9852281360342515,0,4,0,3,6,0.0,0.5714285714285714,0.0,0.42857142857142855,0.46153846153846156,,0.0,0.0,0.0,0.0,0,midline,dr,ur,0,1,0,0,0
5,7,size11_comp0.4_grid7_base_medium,11,0.4,medium,base,base,5,7,12,4,4,1,1,1,1,1,4,14,0.8571428571428571,0.9285714285714286,1.0,0.8888888888888888,4,6,1,3,7,2,4,0,0,0,0,0,0.0,DR,0.954434002924965,0,3,0,5,6,0.0,0.375,0.0,0.625,0.42857142857142855,,0.0,0.0,0.0,0.0,0,midline,dr,ur,0,0,0,0,0
6,7,size11_comp0.4_grid7_base_medium,11,0.4,medium,base,base,5,7,12,4,4,1,1,1,1,1,4,17,0.7058823529411765,0.8235294117647058,1.0,0.75,4,6,2,5,5,6,3,2,3,2,1,1,0.058823529411764705,DR,0.9798687566511528,0,5,0,7,5,0.0,0.4166666666666667,0.0,0.5833333333333334,0.29411764705882354,,0.0,0.0,0.0,0.0,0,midline,dr,ur,0,0,0,0,0
7,7,size11_comp0.4_grid7_base_medium,11,0.4,medium,base,base,5,7,12,4,4,1,1,1,1,1,4,16,0.75,0.875,1.0,0.8181818181818182,4,6,2,4,9,3,1,2,2,2,0,0,0.0,UR,1.0,0,5,0,5,6,0.0,0.5,0.0,0.5,0.375,,0.0,0.0,0.0,0.0,0,midline,dr,ur,0,1,0,0,0
8,7,size11_comp0.4_grid7_base_medium,11,0.4,medium,base,base,5,7,12,4,4,1,1,1,1,1,6,15,0.8,0.8666666666666667,0.8571428571428571,0.875,4,6,1,4,6,3,4,1,2,1,0,1,0.06666666666666667,DR,1.4056390622295665,0,3,1,4,7,0.0,0.375,0.125,0.5,0.4666666666666667,,0.0,0.0,0.0,0.0,0,midline,dr,ur,0,0,0,0,0
9,7,size11_comp0.4_grid7_base_medium,11,0.4,medium,base,base,5,7,12,4,4,1,1,1,1,1,4,15,0.8,0.8666666666666667,1.0,0.8,4,6,1,4,7,3,3,1,2,1,0,1,0.06666666666666667,UR,0.9456603046006401,0,7,0,4,4,0.0,0.6363636363636364,0.0,0.36363636363636365,0.26666666666666666,,0.0,0.0,0.0,0.0,0,midline,dr,ur,0,1,0,0,0
0,8,size11_comp0.4_grid8_base_medium,11,0.4,medium,base,base,10,7,17,9,5,1,1,1,1,1,20,31,0.5483870967741935,0.6774193548387096,0.6666666666666666,0.7,13,8,9,1,15,6,6,3,10,3,0,6,0.1935483870967742,UR,1.297231327577664,11,14,2,0,4,0.4074074074074074,0.5185185185185185,0.07407407407407407,0.0,0.12903225806451613,UR,0.03225806451612903,0.22580645161290322,0.0,0.0,5,ur,ul,dl,1,0,0,0,0
1,8,size11_comp0.4_grid8_base_medium,11,0.4,medium,base,base,10,7,17,9,5,1,1,1,1,1,15,23,0.7391304347826086,0.8260869565217391,0.75,1.0,7,8,8,0,10,7,2,3,4,2,1,2,0.08695652173913043,UR,1.2108100261060328,7,11,1,0,4,0.3684210526315789,0.5789473684210527,0.05263157894736842,0.0,0.17391304347826086,UR,0.043478260869565216,0.08695652173913043,0.0,0.0,1,ur,ul,dl,1,0,0,0,0
2,8,size11_comp0.4_grid8_base_medium,11,0.4,medium,base,base,10,7,17,9,5,1,1,1,1,1,15,24,0.7083333333333334,0.8333333333333334,0.8125,0.875,6,5,11,2,10,6,3,4,5,4,1,1,0.041666666666666664,UL,1.2108100261060328,11,7,1,0,5,0.5789473684210527,0.3684210526315789,0.05263157894736842,0.0,0.20833333333333334,UR,0.08333333333333333,0.20833333333333334,0.0,0.0,5,ur,ul,dl,0,0,0,0,0
3,8,size11_comp0.4_grid8_base_medium,11,0.4,medium,base,base,10,7,17,9,5,1,1,1,1,1,9,17,1.0,1.0,1.0,1.0,5,4,8,0,10,3,3,0,0,0,0,0,0.0,UL,1.4315602842833155,7,5,2,0,3,0.5,0.35714285714285715,0.14285714285714285,0.0,0.17647058823529413,UR,0.058823529411764705,0.11764705882352941,0.0,0.0,2,ur,ul,dl,0,0,0,0,0
4,8,size11_comp0.4_grid8_base_medium,11,0.4,medium,base,base,10,7,17,9,5,1,1,1,1,1,11,22,0.7727272727272727,0.8181818181818182,0.9166666666666666,0.7,5,4,12,1,11,6,4,0,5,0,1,3,0.13636363636363635,UL,1.3663146570363986,9,5,2,0,6,0.5625,0.3125,0.125,0.0,0.2727272727272727,UL,0.18181818181818182,0.045454545454545456,0.0,0.0,4,ur,ul,dl,0,0,0,0,0
5,8,size11_comp0.4_grid8_base_medium,11,0.4,medium,base,base,10,7,17,9,5,1,1,1,1,1,9,20,0.85,0.85,1.0,0.7,5,4,11,0,10,4,5,0,3,0,0,3,0.15,UL,1.579434002924965,6,5,5,0,4,0.375,0.3125,0.3125,0.0,0.2,UL,0.1,0.1,0.0,0.0,2,ur,ul,dl,0,0,0,0,0
6,8,size11_comp0.4_grid8_base_medium,11,0.4,medium,base,base,10,7,17,9,5,1,1,1,1,1,13,24,0.7083333333333334,0.75,0.7857142857142857,0.7,7,5,11,1,9,5,6,3,7,2,0,5,0.20833333333333334,UR,1.4056390622295665,6,8,2,0,8,0.375,0.5,0.125,0.0,0.3333333333333333,UL,0.16666666666666666,0.125,0.0,0.0,4,ur,ul,dl,1,0,0,0,0
7,8,size11_comp0.4_grid8_base_medium,11,0.4,medium,base,base,10,7,17,9,5,1,1,1,1,1,11,19,0.8947368421052632,0.8947368421052632,0.8333333333333334,1.0,5,4,8,2,10,4,2,2,4,1,1,2,0.10526315789473684,UL,1.271782221599798,8,7,1,0,3,0.5,0.4375,0.0625,0.0,0.15789473684210525,UR,0.05263157894736842,0.21052631578947367,0.0,0.0,4,ur,ul,dl,0,0,0,0,0
8,8,size11_comp0.4_grid8_base_medium,11,0.4,medium,base,base,10,7,17,9,5,1,1,1,1,1,15,23,0.7391304347826086,0.782608695652174,0.6875,1.0,8,5,8,2,10,6,4,2,5,1,1,4,0.17391304347826086,UR,1.1941737342569119,6,11,1,0,5,0.3333333333333333,0.6111111111111112,0.05555555555555555,0.0,0.21739130434782608,UR,0.043478260869565216,0.21739130434782608,0.0,0.0,5,ur,ul,dl,1,0,0,0,0
9,8,size11_comp0.4_grid8_base_medium,11,0.4,medium,base,base,10,7,17,9,5,1,1,1,1,1,18,27,0.6296296296296297,0.7777777777777778,0.7368421052631579,0.875,8,6,11,2,11,7,4,4,6,4,0,2,0.07407407407407407,UR,1.4577174691301482,8,9,3,0,7,0.4,0.45,0.15,0.0,0.25925925925925924,UR,0.037037037037037035,0.07407407407407407,0.0,0.0,2,ur,ul,dl,1,0,0,0,0
0,9,size11_comp0.4_grid9_base_medium,11,0.4,medium,base,base,5,4,9,5,2,1,1,1,1,1,4,11,0.8181818181818182,0.9090909090909091,1.0,0.8333333333333334,6,3,2,0,6,0,1,3,4,3,1,0,0.0,UR,0.7219280948873623,0,8,0,2,1,0.0,0.8,0.0,0.2,0.09090909090909091,,0.0,0.0,0.0,0.0,0,dr,midline,ur,0,1,0,0,0
1,9,size11_comp0.4_grid9_base_medium,11,0.4,medium,base,base,5,4,9,5,2,1,1,1,1,1,4,14,0.6428571428571429,0.7857142857142857,1.0,0.6666666666666666,7,4,3,0,7,1,2,3,7,3,3,1,0.07142857142857142,UR,0.6193821946787638,0,11,0,2,1,0.0,0.8461538461538461,0.0,0.15384615384615385,0.07142857142857142,,0.0,0.0,0.0,0.0,0,dr,midline,ur,0,1,0,0,0
2,9,size11_comp0.4_grid9_base_medium,11,0.4,medium,base,base,5,4,9,5,2,1,1,1,1,1,6,11,0.8181818181818182,0.9090909090909091,0.8571428571428571,1.0,5,2,3,1,5,3,2,0,0,0,0,0,0.0,UR,0.7642045065086203,0,7,0,2,2,0.0,0.7777777777777778,0.0,0.2222222222222222,0.18181818181818182,UR,0.0,0.09090909090909091,0.0,0.0,1,dr,midline,ur,0,1,0,0,0
3,9,size11_comp0.4_grid9_base_medium,11,0.4,medium,base,base,5,4,9,5,2,1,1,1,1,1,6,11,0.8181818181818182,0.9090909090909091,0.8571428571428571,1.0,5,2,3,1,5,2,1,2,4,2,1,0,0.0,UR,0.7219280948873623,0,8,0,2,1,0.0,0.8,0.0,0.2,0.09090909090909091,,0.0,0.0,0.0,0.0,0,dr,midline,ur,0,1,0,0,0
4,9,size11_comp0.4_grid9_base_medium,11,0.4,medium,base,base,5,4,9,5,2,1,1,1,1,1,8,23,0.391304347826087,0.6521739130434783,0.7777777777777778,0.5714285714285714,9,4,6,4,10,3,4,5,10,5,2,2,0.08695652173913043,UR,0.8112781244591328,0,15,0,5,3,0.0,0.75,0.0,0.25,0.13043478260869565,,0.0,0.0,0.0,0.0,0,dr,midline,ur,0,1,0,0,0
5,9,size11_comp0.4_grid9_base_medium,11,0.4,medium,base,base,5,4,9,5,2,1,1,1,1,1,6,11,0.8181818181818182,0.9090909090909091,0.8571428571428571,1.0,6,3,2,0,6,0,1,3,4,3,1,0,0.0,UR,0.7219280948873623,0,8,0,2,1,0.0,0.8,0.0,0.2,0.09090909090909091,,0.0,0.0,0.0,0.0,0,dr,midline,ur,0,1,0,0,0
6,9,size11_comp0.4_grid9_base_medium,11,0.4,medium,base,base,5,4,9,5,2,1,1,1,1,1,4,11,0.8181818181818182,0.9090909090909091,1.0,0.8333333333333334,5,2,3,1,6,1,2,1,2,1,1,0,0.0,UR,0.7219280948873623,0,8,0,2,1,0.0,0.8,0.0,0.2,0.09090909090909091,,0.0,0.0,0.0,0.0,0,dr,midline,ur,0,1,0,0,0
7,9,size11_comp0.4_grid9_base_medium,11,0.4,medium,base,base,5,4,9,5,2,1,1,1,1,1,4,19,0.47368421052631576,0.7368421052631579,1.0,0.6428571428571429,6,3,6,4,10,1,2,5,9,5,2,0,0.0,UR,0.5225593745369408,0,15,0,2,2,0.0,0.8823529411764706,0.0,0.11764705882352941,0.10526315789473684,,0.0,0.0,0.0,0.0,0,dr,midline,ur,0,1,0,0,0
8,9,size11_comp0.4_grid9_base_medium,11,0.4,medium,base,base,5,4,9,5,2,1,1,1,1,1,4,9,1.0,1.0,1.0,1.0,5,2,2,0,6,0,1,1,2,1,1,0,0.0,UR,0.8112781244591328,0,6,0,2,1,0.0,0.75,0.0,0.25,0.1111111111111111,,0.0,0.0,0.0,0.0,0,dr,midline,ur,0,1,0,0,0
9,9,size11_comp0.4_grid9_base_medium,11,0.4,medium,base,base,5,4,9,5,2,1,1,1,1,1,6,13,0.6923076923076923,0.7692307692307693,0.7142857142857143,0.8333333333333334,5,2,5,1,6,2,3,1,5,1,2,2,0.15384615384615385,UR,0.6500224216483541,0,10,0,2,1,0.0,0.8333333333333334,0.0,0.16666666666666666,0.07692307692307693,UR,0.0,0.07692307692307693,0.0,0.0,1,dr,midline,ur,0,1,0,0,0
0,0,size11_comp0.6_grid0_base_medium,11,0.6,medium,base,base,5,9,14,6,4,1,1,1,1,1,6,27,0.5185185185185185,0.6666666666666666,0.8571428571428571,0.6,12,7,5,3,11,3,6,6,16,6,6,5,0.18518518518518517,UR,0.4537163391869448,0,19,0,2,6,0.0,0.9047619047619048,0.0,0.09523809523809523,0.2222222222222222,UR,0.0,0.2962962962962963,0.0,0.0,6,dr,midline,ur,0,1,0,0,0
1,0,size11_comp0.6_grid0_base_medium,11,0.6,medium,base,base,5,9,14,6,4,1,1,1,1,1,4,21,0.6666666666666666,0.8095238095238095,1.0,0.75,9,6,5,1,7,3,5,5,10,5,3,1,0.047619047619047616,UR,0.6500224216483541,0,10,0,2,9,0.0,0.8333333333333334,0.0,0.16666666666666666,0.42857142857142855,UR,0.0,0.09523809523809523,0.0,0.0,1,dr,midline,ur,0,1,0,0,0
2,0,size11_comp0.6_grid0_base_medium,11,0.6,medium,base,base,5,9,14,6,4,1,1,1,1,1,4,15,0.9333333333333333,0.9333333333333333,1.0,0.9,6,3,5,1,6,3,4,1,5,1,1,1,0.06666666666666667,UR,0.4689955935892812,0,9,0,1,5,0.0,0.9,0.0,0.1,0.3333333333333333,UR,0.0,0.06666666666666667,0.0,0.0,1,dr,midline,ur,0,1,0,0,0
3,0,size11_comp0.6_grid0_base_medium,11,0.6,medium,base,base,17,9,26,6,4,1,1,1,0,0,-1,17,0.0,0.5882352941176471,0.5882352941176471,0.0,2,8,2,5,7,4,4,1,2,1,0,3,0.17647058823529413,UL,1.2957378005380122,7,0,5,1,4,0.5384615384615384,0.0,0.38461538461538464,0.07692307692307693,0.23529411764705882,UL,0.17647058823529413,0.0,0.0,0.0,3,ul,midline,ur,1,0,0,0,0
4,0,size11_comp0.6_grid0_base_medium,11,0.6,medium,base,base,17,9,26,6,4,1,1,1,0,0,-1,11,0.0,0.5454545454545454,0.5454545454545454,0.0,0,6,1,4,5,3,2,0,1,0,0,3,0.2727272727272727,UL,0.8812908992306927,7,0,3,0,1,0.7,0.0,0.3,0.0,0.09090909090909091,UL,0.18181818181818182,0.0,0.0,0.0,2,ul,midline,ur,1,0,0,0,0
5,0,size11_comp0.6_grid0_base_medium,11,0.6,medium,base,base,5,9,14,6,4,1,1,1,1,1,4,14,1.0,1.0,1.0,1.0,6,3,4,1,7,2,3,1,4,1,1,0,0.0,UR,0.5032583347756457,0,8,0,1,5,0.0,0.8888888888888888,0.0,0.1111111111111111,0.35714285714285715,UR,0.0,0.07142857142857142,0.0,0.0,1,dr,midline,ur,0,1,0,0,0
6,0,size11_comp0.6_grid0_base_medium,11,0.6,medium,base,base,5,9,14,6,4,1,1,1,1,1,4,29,0.4827586206896552,0.6896551724137931,1.0,0.625,15,9,4,1,10,3,4,11,19,11,3,3,0.10344827586206896,UR,0.2974722489192896,0,18,0,1,10,0.0,0.9473684210526315,0.0,0.05263157894736842,0.3448275862068966,UR,0.0,0.06896551724137931,0.0,0.0,1,dr,midline,ur,0,1,0,0,0
7,0,size11_comp0.6_grid0_base_medium,11,0.6,medium,base,base,5,9,14,6,4,1,1,1,1,1,6,26,0.5384615384615384,0.6923076923076923,0.8571428571428571,0.631578947368421,9,6,6,5,9,2,8,6,15,5,7,4,0.15384615384615385,UR,0.6962122601251458,0,13,0,3,10,0.0,0.8125,0.0,0.1875,0.38461538461538464,UR,0.0,0.19230769230769232,0.0,0.0,2,dr,midline,ur,0,1,0,0,0
8,0,size11_comp0.6_grid0_base_medium,11,0.6,medium,base,base,5,9,14,6,4,1,1,1,1,1,4,16,0.875,0.9375,1.0,0.9090909090909091,7,4,4,1,8,1,3,3,6,3,1,0,0.0,UR,0.5435644431995964,0,7,0,1,8,0.0,0.875,0.0,0.125,0.5,UR,0.0,0.0625,0.0,0.0,1,dr,midline,ur,0,1,0,0,0
9,0,size11_comp0.6_grid0_base_medium,11,0.6,medium,base,base,5,9,14,6,4,1,1,1,1,1,5,16,0.875,0.875,0.8333333333333334,0.9,7,3,5,1,6,3,5,1,6,1,1,2,0.125,UR,0.5916727785823275,0,6,0,1,9,0.0,0.8571428571428571,0.0,0.14285714285714285,0.5625,UR,0.0,0.0625,0.0,0.0,1,dr,midline,ur,0,1,0,0,0
1,1,size11_comp0.6_grid1_base_medium,11,0.6,medium,base,base,9,10,19,-1,-1,1,1,1,0,0,-1,21,0.0,0.38095238095238093,0.38095238095238093,0.0,4,8,8,1,6,8,6,0,4,0,0,5,0.23809523809523808,UR,1.5058231002082845,5,7,3,0,6,0.3333333333333333,0.4666666666666667,0.2,0.0,0.2857142857142857,UR,0.0,0.19047619047619047,0.0,0.0,4,ur,ur,dr,1,0,0,0,0
2,1,size11_comp0.6_grid1_base_medium,11,0.6,medium,base,base,13,10,23,-1,-1,1,1,1,1,1,16,40,0.575,0.7,0.8235294117647058,0.6086956521739131,12,9,7,12,17,5,10,7,25,7,3,7,0.175,DR,0.9494520153879484,0,14,0,24,2,0.0,0.3684210526315789,0.0,0.631578947368421,0.05,DR,0.0,0.2,0.0,0.35,11,ur,ur,dr,0,1,0,0,0
3,1,size11_comp0.6_grid1_base_medium,11,0.6,medium,base,base,9,10,19,-1,-1,1,1,1,0,0,-1,45,0.0,0.37777777777777777,0.37777777777777777,0.0,4,11,19,11,17,8,6,13,22,13,0,6,0.13333333333333333,UL,1.3346791410515946,16,6,4,0,19,0.6153846153846154,0.23076923076923078,0.15384615384615385,0.0,0.4222222222222222,UR,0.022222222222222223,0.08888888888888889,0.0,0.0,4,ur,ur,dr,0,0,0,0,0
4,1,size11_comp0.6_grid1_base_medium,11,0.6,medium,base,base,9,10,19,-1,-1,1,1,1,0,0,-1,21,0.0,0.42857142857142855,0.42857142857142855,0.0,4,8,8,1,11,6,2,1,3,1,0,3,0.14285714285714285,UL,1.4591479170272448,9,6,3,0,3,0.5,0.3333333333333333,0.16666666666666666,0.0,0.14285714285714285,UR,0.0,0.19047619047619047,0.0,0.0,4,ur,ur,dr,0,0,0,0,0
5,1,size11_comp0.6_grid1_base_medium,11,0.6,medium,base,base,9,10,19,-1,-1,1,1,1,0,0,-1,25,0.0,0.4,0.4,0.0,5,8,10,2,12,6,4,2,7,2,0,4,0.16,UL,1.4029342381953893,12,8,3,0,2,0.5217391304347826,0.34782608695652173,0.13043478260869565,0.0,0.08,UR,0.0,0.2,0.0,0.0,5,ur,ur,dr,0,0,0,0,0
7,1,size11_comp0.6_grid1_base_medium,11,0.6,medium,base,base,13,10,23,-1,-1,1,1,1,1,1,17,28,0.8214285714285714,0.8928571428571429,0.8333333333333334,1.0,9,8,4,7,19,6,1,1,2,1,0,1,0.03571428571428571,UL,1.9621441567855664,7,4,5,7,5,0.30434782608695654,0.17391304347826086,0.21739130434782608,0.30434782608695654,0.17857142857142858,DR,0.0,0.03571428571428571,0.0,0.10714285714285714,3,ur,ur,dr,0,0,0,0,0
8,1,size11_comp0.6_grid1_base_medium,11,0.6,medium,base,base,13,10,23,-1,-1,1,1,1,1,1,15,31,0.7419354838709677,0.8064516129032258,0.875,0.7333333333333333,10,8,6,7,18,4,7,1,15,1,2,4,0.12903225806451613,DR,0.9666186325481028,0,11,0,17,3,0.0,0.39285714285714285,0.0,0.6071428571428571,0.0967741935483871,DR,0.0,0.12903225806451613,0.0,0.22580645161290322,4,ur,ur,dr,0,1,0,0,0
9,1,size11_comp0.6_grid1_base_medium,11,0.6,medium,base,base,13,10,23,-1,-1,1,1,1,1,1,17,30,0.7666666666666667,0.8,0.7777777777777778,0.8333333333333334,9,9,3,8,15,3,7,2,16,2,2,4,0.13333333333333333,UR,0.996316519558962,0,15,0,13,2,0.0,0.5357142857142857,0.0,0.4642857142857143,0.06666666666666667,UR,0.0,0.23333333333333334,0.0,0.23333333333333334,6,ur,ur,dr,1,0,0,0,0
0,2,size11_comp0.6_grid2_base_medium,11,0.6,medium,base,base,4,9,13,13,0,1,1,1,1,1,3,13,1.0,1.0,1.0,1.0,0,6,0,7,7,3,2,0,0,0,0,0,0.0,UL,0.863120568566631,5,0,0,2,6,0.7142857142857143,0.0,0.0,0.2857142857142857,0.46153846153846156,UL,0.15384615384615385,0.0,0.0,0.0,2,ul,dr,ul,1,1,0,0,0
1,2,size11_comp0.6_grid2_base_medium,11,0.6,medium,base,base,4,9,13,13,0,1,1,1,1,1,3,15,0.8666666666666667,0.9333333333333333,1.0,0.9090909090909091,0,6,1,8,7,3,2,2,2,2,0,0,0.0,UL,0.863120568566631,5,0,0,2,8,0.7142857142857143,0.0,0.0,0.2857142857142857,0.5333333333333333,UL,0.2,0.0,0.0,0.0,3,ul,dr,ul,1,1,0,0,0
2,2,size11_comp0.6_grid2_base_medium,11,0.6,medium,base,base,4,9,13,13,0,1,1,1,1,1,3,13,1.0,1.0,1.0,1.0,0,6,0,7,7,3,2,0,0,0,0,0,0.0,UL,0.863120568566631,5,0,0,2,6,0.7142857142857143,0.0,0.0,0.2857142857142857,0.46153846153846156,UL,0.23076923076923078,0.0,0.0,0.0,3,ul,dr,ul,1,1,0,0,0
3,2,size11_comp0.6_grid2_base_medium,11,0.6,medium,base,base,4,9,13,13,0,1,1,1,1,1,3,13,1.0,1.0,1.0,1.0,0,6,0,7,7,3,2,0,0,0,0,0,0.0,UL,0.863120568566631,5,0,0,2,6,0.7142857142857143,0.0,0.0,0.2857142857142857,0.46153846153846156,UL,0.15384615384615385,0.0,0.0,0.0,2,ul,dr,ul,1,1,0,0,0
4,2,size11_comp0.6_grid2_base_medium,11,0.6,medium,base,base,4,9,13,13,0,1,1,1,1,1,5,21,0.6190476190476191,0.7619047619047619,0.8333333333333334,0.7333333333333333,2,10,1,8,5,4,7,4,6,4,0,2,0.09523809523809523,UL,1.384431504340598,7,0,2,3,9,0.5833333333333334,0.0,0.16666666666666666,0.25,0.42857142857142855,UL,0.14285714285714285,0.0,0.0,0.0,3,ul,dr,ul,1,1,0,0,0
5,2,size11_comp0.6_grid2_base_medium,11,0.6,medium,base,base,4,9,13,13,0,1,1,1,1,1,3,18,0.7222222222222222,0.8333333333333334,1.0,0.7857142857142857,1,7,1,9,10,3,4,0,1,0,0,1,0.05555555555555555,UL,1.4833557549816874,5,5,0,2,6,0.4166666666666667,0.4166666666666667,0.0,0.16666666666666666,0.3333333333333333,UL,0.16666666666666666,0.0,0.0,0.0,3,ul,dr,ul,1,1,0,0,0
6,2,size11_comp0.6_grid2_base_medium,11,0.6,medium,base,base,4,9,13,13,0,1,1,1,1,1,3,15,0.8666666666666667,0.9333333333333333,1.0,0.9090909090909091,1,7,0,7,8,4,1,1,1,1,0,0,0.0,UL,0.863120568566631,5,0,0,2,8,0.7142857142857143,0.0,0.0,0.2857142857142857,0.5333333333333333,UL,0.2,0.0,0.0,0.0,3,ul,dr,ul,1,1,0,0,0
7,2,size11_comp0.6_grid2_base_medium,11,0.6,medium,base,base,4,9,13,13,0,1,1,1,1,1,3,16,0.8125,0.875,1.0,0.8333333333333334,0,6,2,8,7,2,3,3,3,2,0,1,0.0625,UL,0.863120568566631,5,0,0,2,9,0.7142857142857143,0.0,0.0,0.2857142857142857,0.5625,UL,0.125,0.0,0.0,0.0,2,ul,dr,ul,1,1,0,0,0
8,2,size11_comp0.6_grid2_base_medium,11,0.6,medium,base,base,4,9,13,13,0,1,1,1,1,1,3,16,0.8125,0.875,1.0,0.8333333333333334,1,8,0,7,7,3,4,1,2,1,0,1,0.0625,UL,1.2987949406953985,5,0,1,2,8,0.625,0.0,0.125,0.25,0.5,UL,0.1875,0.0,0.0,0.0,3,ul,dr,ul,1,1,0,0,0
9,2,size11_comp0.6_grid2_base_medium,11,0.6,medium,base,base,4,9,13,13,0,1,1,1,1,1,3,13,1.0,1.0,1.0,1.0,0,6,0,7,7,3,2,0,0,0,0,0,0.0,UL,0.863120568566631,5,0,0,2,6,0.7142857142857143,0.0,0.0,0.2857142857142857,0.46153846153846156,UL,0.23076923076923078,0.0,0.0,0.0,3,ul,dr,ul,1,1,0,0,0
0,3,size11_comp0.6_grid3_base_medium,11,0.6,medium,base,base,6,7,13,5,4,1,1,1,0,0,-1,32,0.0,0.3125,0.3125,0.0,7,10,9,6,10,9,10,2,16,2,1,8,0.25,UL,0.8366407419411672,11,0,4,0,17,0.7333333333333333,0.0,0.26666666666666666,0.0,0.53125,UL,0.09375,0.0,0.0,0.0,2,ul,midline,midline,1,0,0,0,0
1,3,size11_comp0.6_grid3_base_medium,11,0.6,medium,base,base,6,7,13,5,4,1,1,1,0,0,-1,40,0.0,0.25,0.25,0.0,11,13,8,6,11,7,7,10,25,10,4,8,0.2,UL,-0.0,22,0,0,0,18,1.0,0.0,0.0,0.0,0.45,UL,0.125,0.0,0.0,0.0,2,ul,midline,midline,1,0,0,0,0
2,3,size11_comp0.6_grid3_base_medium,11,0.6,medium,base,base,6,7,13,5,4,1,1,1,0,0,-1,29,0.0,0.3793103448275862,0.3793103448275862,0.0,8,9,7,5,9,10,8,1,12,1,2,5,0.1724137931034483,UL,0.5665095065529053,13,0,0,2,14,0.8666666666666667,0.0,0.0,0.13333333333333333,0.4827586206896552,UL,0.13793103448275862,0.0,0.0,0.0,2,ul,midline,midline,1,0,0,0,0
3,3,size11_comp0.6_grid3_base_medium,11,0.6,medium,base,base,6,7,13,5,4,1,1,1,0,0,-1,28,0.0,0.35714285714285715,0.35714285714285715,0.0,7,10,6,5,9,7,10,1,5,1,1,5,0.17857142857142858,UL,1.3792804872910602,9,0,6,2,11,0.5294117647058824,0.0,0.35294117647058826,0.11764705882352941,0.39285714285714285,UL,0.07142857142857142,0.0,0.0,0.0,2,ul,midline,midline,1,0,0,0,0
4,3,size11_comp0.6_grid3_base_medium,11,0.6,medium,base,base,6,7,13,5,4,1,1,1,0,0,-1,32,0.0,0.28125,0.28125,0.0,7,10,8,7,14,9,5,3,13,3,5,4,0.125,UL,0.74959525725948,11,0,0,3,18,0.7857142857142857,0.0,0.0,0.21428571428571427,0.5625,UL,0.03125,0.0,0.0,0.0,1,ul,midline,midline,1,0,0,0,0
5,3,size11_comp0.6_grid3_base_medium,11,0.6,medium,base,base,6,7,13,5,4,1,1,1,0,0,-1,27,0.0,0.3333333333333333,0.3333333333333333,0.0,8,10,5,4,10,5,8,3,11,3,3,4,0.14814814814814814,UL,0.6840384356390417,9,0,2,0,16,0.8181818181818182,0.0,0.18181818181818182,0.0,0.5925925925925926,UL,0.07407407407407407,0.0,0.0,0.0,2,ul,midline,midline,1,0,0,0,0
6,3,size11_comp0.6_grid3_base_medium,11,0.6,medium,base,base,6,7,13,5,4,1,1,1,0,0,-1,22,0.0,0.2727272727272727,0.2727272727272727,0.0,6,8,4,3,11,4,3,1,8,1,1,3,0.13636363636363635,UL,-0.0,10,0,0,0,12,1.0,0.0,0.0,0.0,0.5454545454545454,UL,0.045454545454545456,0.0,0.0,0.0,1,ul,midline,midline,1,0,0,0,0
7,3,size11_comp0.6_grid3_base_medium,11,0.6,medium,base,base,6,7,13,5,4,1,1,1,0,0,-1,35,0.0,0.37142857142857144,0.37142857142857144,0.0,9,11,7,8,12,6,10,6,12,4,0,8,0.22857142857142856,UL,1.3015742892816131,13,0,8,2,12,0.5652173913043478,0.0,0.34782608695652173,0.08695652173913043,0.34285714285714286,UL,0.11428571428571428,0.0,0.0,0.0,2,ul,midline,midline,1,0,0,0,0
8,3,size11_comp0.6_grid3_base_medium,11,0.6,medium,base,base,6,7,13,5,4,1,1,1,0,0,-1,32,0.0,0.34375,0.34375,0.0,7,9,9,7,10,8,10,3,11,3,3,7,0.21875,UL,0.9366673818775626,11,0,6,0,15,0.6470588235294118,0.0,0.35294117647058826,0.0,0.46875,UL,0.125,0.0,0.0,0.0,4,ul,midline,midline,1,0,0,0,0
9,3,size11_comp0.6_grid3_base_medium,11,0.6,medium,base,base,6,7,13,5,4,1,1,1,0,0,-1,55,0.0,0.2545454545454545,0.2545454545454545,0.0,12,16,14,12,16,11,13,12,25,10,0,16,0.2909090909090909,DR,1.540319313990849,12,0,11,19,13,0.2857142857142857,0.0,0.2619047619047619,0.4523809523809524,0.23636363636363636,UL,0.09090909090909091,0.0,0.0,0.0,4,ul,midline,midline,0,0,0,0,0
0,4,size11_comp0.6_grid4_base_medium,11,0.6,medium,base,base,10,3,13,9,2,1,1,1,1,1,9,13,1.0,1.0,1.0,1.0,2,6,0,5,9,0,2,1,2,1,1,0,0.0,UL,-0.0,4,0,0,0,9,1.0,0.0,0.0,0.0,0.6923076923076923,,0.0,0.0,0.0,0.0,0,ul,dr,midline,1,0,0,0,0
1,4,size11_comp0.6_grid4_base_medium,11,0.6,medium,base,base,10,3,13,9,2,1,1,1,1,1,9,13,1.0,1.0,1.0,1.0,2,6,0,5,9,0,2,1,2,1,1,0,0.0,UL,-0.0,4,0,0,0,9,1.0,0.0,0.0,0.0,0.6923076923076923,,0.0,0.0,0.0,0.0,0,ul,dr,midline,1,0,0,0,0
2,4,size11_comp0.6_grid4_base_medium,11,0.6,medium,base,base,10,3,13,9,2,1,1,1,1,1,11,15,0.8666666666666667,0.9333333333333333,0.9166666666666666,1.0,3,7,0,5,4,4,4,2,2,2,0,0,0.0,UL,1.0,5,0,5,0,5,0.5,0.0,0.5,0.0,0.3333333333333333,,0.0,0.0,0.0,0.0,0,ul,dr,midline,1,0,0,0,0
3,4,size11_comp0.6_grid4_base_medium,11,0.6,medium,base,base,10,3,13,9,2,1,1,1,1,1,9,13,1.0,1.0,1.0,1.0,2,6,0,5,9,0,2,1,2,1,1,0,0.0,UL,-0.0,4,0,0,0,9,1.0,0.0,0.0,0.0,0.6923076923076923,,0.0,0.0,0.0,0.0,0,ul,dr,midline,1,0,0,0,0
4,4,size11_comp0.6_grid4_base_medium,11,0.6,medium,base,base,10,3,13,9,2,1,1,1,1,1,9,13,1.0,1.0,1.0,1.0,2,6,0,5,5,2,4,1,2,1,1,0,0.0,UL,1.0,3,0,3,0,7,0.5,0.0,0.5,0.0,0.5384615384615384,,0.0,0.0,0.0,0.0,0,ul,dr,midline,1,0,0,0,0
5,4,size11_comp0.6_grid4_base_medium,11,0.6,medium,base,base,10,3,13,9,2,1,1,1,1,1,9,13,1.0,1.0,1.0,1.0,2,6,0,5,3,3,5,1,2,1,1,0,0.0,UL,1.0,3,0,3,0,7,0.5,0.0,0.5,0.0,0.5384615384615384,,0.0,0.0,0.0,0.0,0,ul,dr,midline,1,0,0,0,0
6,4,size11_comp0.6_grid4_base_medium,11,0.6,medium,base,base,10,3,13,9,2,1,1,1,1,1,13,17,0.7647058823529411,0.8235294117647058,0.7857142857142857,1.0,4,7,0,6,7,2,4,3,6,3,1,2,0.11764705882352941,UL,-0.0,5,0,0,0,12,1.0,0.0,0.0,0.0,0.7058823529411765,,0.0,0.0,0.0,0.0,0,ul,dr,midline,1,0,0,0,0
7,4,size11_comp0.6_grid4_base_medium,11,0.6,medium,base,base,10,3,13,9,2,1,1,1,1,1,9,17,0.7647058823529411,0.8823529411764706,1.0,0.7142857142857143,3,7,1,6,4,5,5,2,4,2,2,0,0.0,DL,0.9456603046006401,4,0,7,0,6,0.36363636363636365,0.0,0.6363636363636364,0.0,0.35294117647058826,,0.0,0.0,0.0,0.0,0,ul,dr,midline,0,0,0,0,0
8,4,size11_comp0.6_grid4_base_medium,11,0.6,medium,base,base,10,3,13,9,2,1,1,1,1,1,10,14,0.9285714285714286,0.9285714285714286,0.9090909090909091,1.0,2,6,1,5,6,3,3,1,1,0,0,1,0.07142857142857142,UL,1.0,5,0,5,0,4,0.5,0.0,0.5,0.0,0.2857142857142857,,0.0,0.0,0.0,0.0,0,ul,dr,midline,1,0,0,0,0
9,4,size11_comp0.6_grid4_base_medium,11,0.6,medium,base,base,10,3,13,9,2,1,1,1,1,1,9,13,1.0,1.0,1.0,1.0,2,6,0,5,5,2,4,1,2,1,1,0,0.0,UL,0.9852281360342515,4,0,3,0,6,0.5714285714285714,0.0,0.42857142857142855,0.0,0.46153846153846156,,0.0,0.0,0.0,0.0,0,ul,dr,midline,1,0,0,0,0
0,5,size11_comp0.6_grid5_base_medium,11,0.6,medium,base,base,3,7,10,6,2,1,1,1,1,1,3,11,0.9090909090909091,0.9090909090909091,0.75,1.0,1,4,3,3,3,4,3,0,1,0,0,1,0.09090909090909091,UR,-0.0,0,9,0,0,2,0.0,1.0,0.0,0.0,0.18181818181818182,UR,0.0,0.09090909090909091,0.0,0.0,1,ur,midline,midline,1,0,0,0,0
1,5,size11_comp0.6_grid5_base_medium,11,0.6,medium,base,base,3,7,10,6,2,1,1,1,1,1,2,10,1.0,1.0,1.0,1.0,0,4,3,3,5,1,2,1,2,1,1,0,0.0,UR,-0.0,0,9,0,0,1,0.0,1.0,0.0,0.0,0.1,UR,0.0,0.1,0.0,0.0,1,ur,midline,midline,1,0,0,0,0
2,5,size11_comp0.6_grid5_base_medium,11,0.6,medium,base,base,3,7,10,6,2,1,1,1,1,1,3,11,0.9090909090909091,0.9090909090909091,0.75,1.0,1,4,3,3,4,4,2,0,1,0,0,1,0.09090909090909091,UR,-0.0,0,9,0,0,2,0.0,1.0,0.0,0.0,0.18181818181818182,UR,0.0,0.18181818181818182,0.0,0.0,2,ur,midline,midline,1,0,0,0,0
3,5,size11_comp0.6_grid5_base_medium,11,0.6,medium,base,base,3,7,10,6,2,1,1,1,1,1,2,12,0.8333333333333334,0.9166666666666666,1.0,0.8888888888888888,0,4,4,4,6,1,1,3,4,3,1,0,0.0,UR,-0.0,0,10,0,0,2,0.0,1.0,0.0,0.0,0.16666666666666666,UR,0.0,0.08333333333333333,0.0,0.0,1,ur,midline,midline,1,0,0,0,0
4,5,size11_comp0.6_grid5_base_medium,11,0.6,medium,base,base,3,7,10,6,2,1,1,1,1,1,2,10,1.0,1.0,1.0,1.0,0,4,3,3,6,1,1,1,2,1,1,0,0.0,UR,-0.0,0,8,0,0,2,0.0,1.0,0.0,0.0,0.2,UR,0.0,0.1,0.0,0.0,1,ur,midline,midline,1,0,0,0,0
5,5,size11_comp0.6_grid5_base_medium,11,0.6,medium,base,base,3,7,10,6,2,1,1,1,1,1,2,18,0.5555555555555556,0.7222222222222222,1.0,0.6666666666666666,2,6,4,6,6,5,5,1,7,1,0,2,0.1111111111111111,UR,-0.0,0,12,0,0,6,0.0,1.0,0.0,0.0,0.3333333333333333,UR,0.0,0.05555555555555555,0.0,0.0,1,ur,midline,midline,1,0,0,0,0
6,5,size11_comp0.6_grid5_base_medium,11,0.6,medium,base,base,3,7,10,6,2,1,1,1,1,1,2,11,0.9090909090909091,0.9090909090909091,1.0,0.875,0,4,3,4,4,2,3,1,3,1,1,1,0.09090909090909091,UR,-0.0,0,10,0,0,1,0.0,1.0,0.0,0.0,0.09090909090909091,UR,0.0,0.09090909090909091,0.0,0.0,1,ur,midline,midline,1,0,0,0,0
7,5,size11_comp0.6_grid5_base_medium,11,0.6,medium,base,base,3,7,10,6,2,1,1,1,1,1,3,11,0.9090909090909091,0.9090909090909091,0.75,1.0,1,4,3,3,4,2,3,1,3,1,1,1,0.09090909090909091,UR,-0.0,0,10,0,0,1,0.0,1.0,0.0,0.0,0.09090909090909091,UR,0.0,0.09090909090909091,0.0,0.0,1,ur,midline,midline,1,0,0,0,0
8,5,size11_comp0.6_grid5_base_medium,11,0.6,medium,base,base,3,7,10,6,2,1,1,1,1,1,2,10,1.0,1.0,1.0,1.0,0,4,3,3,4,3,2,0,0,0,0,0,0.0,UR,-0.0,0,8,0,0,2,0.0,1.0,0.0,0.0,0.2,UR,0.0,0.1,0.0,0.0,1,ur,midline,midline,1,0,0,0,0
9,5,size11_comp0.6_grid5_base_medium,11,0.6,medium,base,base,3,7,10,6,2,1,1,1,1,1,2,10,1.0,1.0,1.0,1.0,0,4,3,3,6,1,1,1,2,1,1,0,0.0,UR,-0.0,0,8,0,0,2,0.0,1.0,0.0,0.0,0.2,UR,0.0,0.1,0.0,0.0,1,ur,midline,midline,1,0,0,0,0
0,6,size11_comp0.6_grid6_base_medium,11,0.6,medium,base,base,9,6,15,13,1,1,1,1,1,1,16,25,0.6,0.76,0.7058823529411765,0.875,2,8,3,12,9,6,3,6,8,6,0,2,0.08,UL,1.4716022614097979,9,1,4,1,10,0.6,0.06666666666666667,0.26666666666666666,0.06666666666666667,0.4,UL,0.08,0.0,0.0,0.0,2,ul,dr,midline,1,0,0,0,0
1,6,size11_comp0.6_grid6_base_medium,11,0.6,medium,base,base,9,6,15,13,1,1,1,1,1,1,9,16,0.9375,0.9375,0.9,1.0,2,6,0,8,7,4,4,0,1,0,0,1,0.0625,UL,1.4591479170272448,3,0,2,1,10,0.5,0.0,0.3333333333333333,0.16666666666666666,0.625,UL,0.0625,0.0,0.0,0.0,1,ul,dr,midline,1,0,0,0,0
3,6,size11_comp0.6_grid6_base_medium,11,0.6,medium,base,base,9,6,15,13,1,1,1,1,1,1,16,25,0.6,0.72,0.7058823529411765,0.75,2,7,4,12,10,3,7,4,9,4,0,4,0.16,DL,1.5709505944546684,3,0,4,3,15,0.3,0.0,0.4,0.3,0.6,UL,0.04,0.0,0.0,0.0,1,ul,dr,midline,0,0,0,0,0
4,6,size11_comp0.6_grid6_base_medium,11,0.6,medium,base,base,-1,6,-1,13,1,0,0,1,0,0,-1,40,0.0,0.175,0.175,0.0,8,10,7,15,13,5,8,13,25,11,0,16,0.4,UR,0.7219280948873623,0,28,0,7,5,0.0,0.8,0.0,0.2,0.125,,0.0,0.0,0.0,0.0,0,midline,dr,midline,0,0,0,0,0
5,6,size11_comp0.6_grid6_base_medium,11,0.6,medium,base,base,-1,6,-1,13,1,0,0,1,0,0,-1,35,0.0,0.14285714285714285,0.14285714285714285,0.0,4,9,8,14,12,7,6,9,23,8,0,13,0.37142857142857144,UR,0.9059282160429991,0,19,0,9,7,0.0,0.6785714285714286,0.0,0.32142857142857145,0.2,,0.0,0.0,0.0,0.0,0,midline,dr,midline,0,0,0,0,0
6,6,size11_comp0.6_grid6_base_medium,11,0.6,medium,base,base,9,6,15,13,1,1,1,1,1,1,10,17,0.8823529411764706,0.9411764705882353,0.9090909090909091,1.0,1,6,1,9,7,4,2,3,3,3,1,0,0.0,DR,1.5709505944546684,3,0,3,4,7,0.3,0.0,0.3,0.4,0.4117647058823529,UL,0.058823529411764705,0.0,0.0,0.0,1,ul,dr,midline,0,0,0,0,0
8,6,size11_comp0.6_grid6_base_medium,11,0.6,medium,base,base,-1,6,-1,13,1,0,0,1,0,0,-1,13,0.0,0.23076923076923078,0.23076923076923078,0.0,1,6,2,4,4,4,3,1,2,1,0,2,0.15384615384615385,DR,0.9709505944546686,0,2,0,3,8,0.0,0.4,0.0,0.6,0.6153846153846154,,0.0,0.0,0.0,0.0,0,midline,dr,midline,0,0,0,0,0
9,6,size11_comp0.6_grid6_base_medium,11,0.6,medium,base,base,9,6,15,13,1,1,1,1,1,1,9,16,0.9375,0.9375,0.9,1.0,1,7,0,8,6,5,3,1,2,1,1,1,0.0625,DR,1.5709505944546684,3,0,3,4,6,0.3,0.0,0.3,0.4,0.375,UL,0.0625,0.0,0.0,0.0,1,ul,dr,midline,0,0,0,0,0
0,7,size11_comp0.6_grid7_base_medium,11,0.6,medium,base,base,6,4,10,10,0,1,1,1,1,1,8,13,0.7692307692307693,0.8461538461538461,0.7777777777777778,1.0,4,1,2,6,4,3,5,0,1,0,0,1,0.07692307692307693,DL,0.7219280948873623,0,1,4,0,8,0.0,0.2,0.8,0.0,0.6153846153846154,,0.0,0.0,0.0,0.0,0,dl,ur,midline,1,0,0,0,0
1,7,size11_comp0.6_grid7_base_medium,11,0.6,medium,base,base,6,4,10,10,0,1,1,1,1,1,9,18,0.5555555555555556,0.7777777777777778,0.8,0.75,5,1,4,8,7,1,7,2,4,2,1,0,0.0,DL,1.2406705316766884,3,1,7,0,7,0.2727272727272727,0.09090909090909091,0.6363636363636364,0.0,0.3888888888888889,,0.0,0.0,0.0,0.0,0,dl,ur,midline,1,0,0,0,0
2,7,size11_comp0.6_grid7_base_medium,11,0.6,medium,base,base,6,4,10,10,0,1,1,1,1,1,6,11,0.9090909090909091,0.9090909090909091,0.8571428571428571,1.0,4,0,1,6,5,1,3,1,1,0,0,1,0.09090909090909091,DL,0.7219280948873623,0,1,4,0,6,0.0,0.2,0.8,0.0,0.5454545454545454,,0.0,0.0,0.0,0.0,0,dl,ur,midline,1,0,0,0,0
3,7,size11_comp0.6_grid7_base_medium,11,0.6,medium,base,base,6,4,10,10,0,1,1,1,1,1,8,13,0.7692307692307693,0.8461538461538461,0.7777777777777778,1.0,4,0,2,7,7,1,3,1,1,0,0,1,0.07692307692307693,DL,0.6500224216483541,0,1,5,0,7,0.0,0.16666666666666666,0.8333333333333334,0.0,0.5384615384615384,,0.0,0.0,0.0,0.0,0,dl,ur,midline,1,0,0,0,0
4,7,size11_comp0.6_grid7_base_medium,11,0.6,medium,base,base,6,4,10,10,0,1,1,1,1,1,8,13,0.7692307692307693,0.8461538461538461,0.7777777777777778,1.0,4,1,2,6,4,3,5,0,1,0,0,1,0.07692307692307693,DL,0.7219280948873623,0,1,4,0,8,0.0,0.2,0.8,0.0,0.6153846153846154,,0.0,0.0,0.0,0.0,0,dl,ur,midline,1,0,0,0,0
5,7,size11_comp0.6_grid7_base_medium,11,0.6,medium,base,base,6,4,10,10,0,1,1,1,1,1,11,16,0.625,0.75,0.6666666666666666,1.0,6,3,1,6,5,4,5,1,4,1,0,2,0.125,DL,0.5032583347756457,0,1,8,0,7,0.0,0.1111111111111111,0.8888888888888888,0.0,0.4375,DL,0.0,0.0,0.0625,0.0,1,dl,ur,midline,1,0,0,0,0
6,7,size11_comp0.6_grid7_base_medium,11,0.6,medium,base,base,6,4,10,10,0,1,1,1,1,1,15,20,0.5,0.75,0.6875,1.0,8,4,2,6,6,1,5,7,8,7,0,0,0.0,DL,0.39124356362925566,0,1,12,0,7,0.0,0.07692307692307693,0.9230769230769231,0.0,0.35,DL,0.0,0.0,0.05,0.0,1,dl,ur,midline,1,0,0,0,0
7,7,size11_comp0.6_grid7_base_medium,11,0.6,medium,base,base,6,4,10,10,0,1,1,1,1,1,7,12,0.8333333333333334,0.8333333333333334,0.75,1.0,5,1,1,5,4,3,4,0,2,0,0,2,0.16666666666666666,DL,0.7219280948873623,0,1,4,0,7,0.0,0.2,0.8,0.0,0.5833333333333334,,0.0,0.0,0.0,0.0,0,dl,ur,midline,1,0,0,0,0
8,7,size11_comp0.6_grid7_base_medium,11,0.6,medium,base,base,6,4,10,10,0,1,1,1,1,1,15,20,0.5,0.7,0.625,1.0,8,6,1,5,9,2,4,4,8,3,0,2,0.1,DL,0.41381685030363374,0,1,11,0,8,0.0,0.08333333333333333,0.9166666666666666,0.0,0.4,DL,0.0,0.0,0.2,0.0,4,dl,ur,midline,1,0,0,0,0
9,7,size11_comp0.6_grid7_base_medium,11,0.6,medium,base,base,6,4,10,10,0,1,1,1,1,1,5,12,0.8333333333333334,0.9166666666666666,1.0,0.8333333333333334,4,0,2,6,5,1,3,2,2,2,2,0,0.0,DL,0.8112781244591328,0,1,3,0,8,0.0,0.25,0.75,0.0,0.6666666666666666,,0.0,0.0,0.0,0.0,0,dl,ur,midline,1,0,0,0,0
0,8,size11_comp0.6_grid8_base_medium,11,0.6,medium,base,base,3,8,11,11,0,1,1,1,0,0,-1,21,0.0,0.09523809523809523,0.09523809523809523,0.0,4,5,0,12,8,4,6,2,7,0,0,10,0.47619047619047616,DL,0.9910760598382222,0,0,10,8,3,0.0,0.0,0.5555555555555556,0.4444444444444444,0.14285714285714285,DR,0.0,0.0,0.09523809523809523,0.19047619047619047,4,dl,dr,dl,1,1,0,0,0
1,8,size11_comp0.6_grid8_base_medium,11,0.6,medium,base,base,3,8,11,11,0,1,1,1,0,0,-1,15,0.0,0.3333333333333333,0.3333333333333333,0.0,2,3,0,10,5,4,5,0,3,0,0,4,0.26666666666666666,DR,0.9940302114769565,0,0,5,6,4,0.0,0.0,0.45454545454545453,0.5454545454545454,0.26666666666666666,DL,0.0,0.0,0.2,0.13333333333333333,3,dl,dr,dl,0,0,0,0,0
2,8,size11_comp0.6_grid8_base_medium,11,0.6,medium,base,base,3,8,11,11,0,1,1,1,0,0,-1,16,0.0,0.375,0.375,0.0,2,4,1,9,7,4,3,1,4,1,3,3,0.1875,DL,1.0,0,0,6,6,4,0.0,0.0,0.5,0.5,0.25,DL,0.0,0.0,0.125,0.0625,2,dl,dr,dl,1,1,0,0,0
3,8,size11_comp0.6_grid8_base_medium,11,0.6,medium,base,base,3,8,11,11,0,1,1,1,0,0,-1,20,0.0,0.45,0.45,0.0,4,4,2,10,9,2,1,7,7,7,2,1,0.05,DL,0.9967916319816366,0,0,8,7,5,0.0,0.0,0.5333333333333333,0.4666666666666667,0.25,DL,0.0,0.0,0.15,0.05,2,dl,dr,dl,1,1,0,0,0
4,8,size11_comp0.6_grid8_base_medium,11,0.6,medium,base,base,3,8,11,11,0,1,1,1,0,0,-1,15,0.0,0.13333333333333333,0.13333333333333333,0.0,3,3,0,8,7,2,3,0,1,0,0,4,0.26666666666666666,DL,0.9612366047228759,0,0,8,5,2,0.0,0.0,0.6153846153846154,0.38461538461538464,0.13333333333333333,DL,0.0,0.0,0.13333333333333333,0.06666666666666667,2,dl,dr,dl,1,1,0,0,0
5,8,size11_comp0.6_grid8_base_medium,11,0.6,medium,base,base,3,8,11,11,0,1,1,1,0,0,-1,22,0.0,0.3181818181818182,0.3181818181818182,0.0,5,8,0,9,7,5,5,4,8,3,0,6,0.2727272727272727,DR,0.7918583525674836,0,0,5,16,1,0.0,0.0,0.23809523809523808,0.7619047619047619,0.045454545454545456,DL,0.0,0.0,0.13636363636363635,0.09090909090909091,3,dl,dr,dl,0,0,0,0,0
6,8,size11_comp0.6_grid8_base_medium,11,0.6,medium,base,base,3,8,11,11,0,1,1,1,0,0,-1,15,0.0,0.4,0.4,0.0,3,4,0,8,7,2,3,2,3,2,0,2,0.13333333333333333,DL,1.0,0,0,5,5,5,0.0,0.0,0.5,0.5,0.3333333333333333,DL,0.0,0.0,0.2,0.06666666666666667,3,dl,dr,dl,1,1,0,0,0
7,8,size11_comp0.6_grid8_base_medium,11,0.6,medium,base,base,3,8,11,11,0,1,1,1,0,0,-1,22,0.0,0.4090909090909091,0.4090909090909091,0.0,6,8,0,8,6,2,6,7,8,6,0,3,0.13636363636363635,DL,1.0,0,0,8,8,6,0.0,0.0,0.5,0.5,0.2727272727272727,DL,0.0,0.0,0.2727272727272727,0.045454545454545456,6,dl,dr,dl,1,1,0,0,0
8,8,size11_comp0.6_grid8_base_medium,11,0.6,medium,base,base,3,8,11,11,0,1,1,1,0,0,-1,16,0.0,0.375,0.375,0.0,3,4,0,9,7,4,3,1,3,1,0,3,0.1875,DR,0.8904916402194913,0,0,4,9,3,0.0,0.0,0.3076923076923077,0.6923076923076923,0.1875,DL,0.0,0.0,0.125,0.125,2,dl,dr,dl,0,0,0,0,0
9,8,size11_comp0.6_grid8_base_medium,11,0.6,medium,base,base,3,8,11,11,0,1,1,1,0,0,-1,20,0.0,0.4,0.4,0.0,5,5,1,9,7,4,3,5,7,5,2,3,0.15,DR,0.9182958340544896,0,0,6,12,2,0.0,0.0,0.3333333333333333,0.6666666666666666,0.1,DL,0.0,0.0,0.1,0.05,2,dl,dr,dl,0,0,0,0,0
0,9,size11_comp0.6_grid9_base_medium,11,0.6,medium,base,base,3,4,7,5,1,1,1,1,1,1,5,10,0.7,0.8,0.6666666666666666,1.0,4,3,3,0,2,2,2,3,4,2,1,1,0.1,DR,0.863120568566631,0,0,2,5,3,0.0,0.0,0.2857142857142857,0.7142857142857143,0.3,,0.0,0.0,0.0,0.0,0,dr,dl,midline,1,0,0,0,0
1,9,size11_comp0.6_grid9_base_medium,11,0.6,medium,base,base,3,4,7,5,1,1,1,1,1,1,2,9,0.7777777777777778,0.8888888888888888,1.0,0.8333333333333334,3,3,3,0,1,2,2,3,3,3,3,0,0.0,DL,1.0,0,0,2,2,5,0.0,0.0,0.5,0.5,0.5555555555555556,,0.0,0.0,0.0,0.0,0,dr,dl,midline,0,0,0,0,0
2,9,size11_comp0.6_grid9_base_medium,11,0.6,medium,base,base,3,4,7,5,1,1,1,1,1,1,2,7,1.0,1.0,1.0,1.0,2,2,3,0,1,2,2,1,1,1,1,0,0.0,DL,1.0,0,0,2,2,3,0.0,0.0,0.5,0.5,0.42857142857142855,,0.0,0.0,0.0,0.0,0,dr,dl,midline,0,0,0,0,0
3,9,size11_comp0.6_grid9_base_medium,11,0.6,medium,base,base,3,4,7,5,1,1,1,1,1,1,2,7,1.0,1.0,1.0,1.0,2,2,3,0,1,2,2,1,1,1,1,0,0.0,DL,1.0,0,0,2,2,3,0.0,0.0,0.5,0.5,0.42857142857142855,,0.0,0.0,0.0,0.0,0,dr,dl,midline,0,0,0,0,0
4,9,size11_comp0.6_grid9_base_medium,11,0.6,medium,base,base,3,4,7,5,1,1,1,1,1,1,3,8,0.875,0.875,0.75,1.0,2,2,4,0,1,2,3,1,2,1,1,1,0.125,DR,0.9709505944546686,0,0,2,3,3,0.0,0.0,0.4,0.6,0.375,,0.0,0.0,0.0,0.0,0,dr,dl,midline,1,0,0,0,0
5,9,size11_comp0.6_grid9_base_medium,11,0.6,medium,base,base,3,4,7,5,1,1,1,1,1,1,2,8,0.875,0.875,1.0,0.8,2,2,3,1,1,2,4,0,2,0,2,1,0.125,DL,1.0,0,0,2,2,4,0.0,0.0,0.5,0.5,0.5,,0.0,0.0,0.0,0.0,0,dr,dl,midline,0,0,0,0,0
6,9,size11_comp0.6_grid9_base_medium,11,0.6,medium,base,base,3,4,7,5,1,1,1,1,1,1,2,8,0.875,0.875,1.0,0.8,2,2,4,0,1,4,2,0,2,0,2,1,0.125,DL,1.0,0,0,2,2,4,0.0,0.0,0.5,0.5,0.5,,0.0,0.0,0.0,0.0,0,dr,dl,midline,0,0,0,0,0
7,9,size11_comp0.6_grid9_base_medium,11,0.6,medium,base,base,3,4,7,5,1,1,1,1,1,1,2,11,0.6363636363636364,0.8181818181818182,1.0,0.75,4,4,3,0,1,2,2,5,5,5,5,0,0.0,DL,1.0,0,0,2,2,7,0.0,0.0,0.5,0.5,0.6363636363636364,,0.0,0.0,0.0,0.0,0,dr,dl,midline,0,0,0,0,0
8,9,size11_comp0.6_grid9_base_medium,11,0.6,medium,base,base,3,4,7,5,1,1,1,1,1,1,2,7,1.0,1.0,1.0,1.0,2,2,3,0,1,2,2,1,1,1,1,0,0.0,DL,1.0,0,0,2,2,3,0.0,0.0,0.5,0.5,0.42857142857142855,,0.0,0.0,0.0,0.0,0,dr,dl,midline,0,0,0,0,0
9,9,size11_comp0.6_grid9_base_medium,11,0.6,medium,base,base,3,4,7,5,1,1,1,1,1,1,2,9,0.7777777777777778,0.8888888888888888,1.0,0.8333333333333334,2,2,4,1,1,2,2,3,3,3,1,0,0.0,DL,0.9182958340544896,0,0,4,2,3,0.0,0.0,0.6666666666666666,0.3333333333333333,0.3333333333333333,,0.0,0.0,0.0,0.0,0,dr,dl,midline,0,0,0,0,0
0,0,size7_comp0.0_grid0_base_medium,7,0.0,medium,base,base,7,3,10,6,2,1,1,1,1,1,7,13,0.7692307692307693,0.7692307692307693,0.875,0.6,4,2,1,6,5,3,3,1,3,0,0,3,0.23076923076923078,UR,1.4949188482339508,4,5,2,0,2,0.36363636363636365,0.45454545454545453,0.18181818181818182,0.0,0.15384615384615385,UR,0.0,0.07692307692307693,0.07692307692307693,0.0,1,dl,midline,ur,0,1,0,0,0
1,0,size7_comp0.0_grid0_base_medium,7,0.0,medium,base,base,7,3,10,6,2,1,1,1,1,1,8,12,0.8333333333333334,0.9166666666666666,0.8888888888888888,1.0,5,3,0,4,3,3,5,0,0,0,0,0,0.0,UR,1.5,2,4,2,0,4,0.25,0.5,0.25,0.0,0.3333333333333333,UR,0.0,0.08333333333333333,0.08333333333333333,0.0,1,dl,midline,ur,0,1,0,0,0
2,0,size7_comp0.0_grid0_base_medium,7,0.0,medium,base,base,7,3,10,6,2,1,1,1,1,1,6,10,1.0,1.0,1.0,1.0,4,2,0,4,5,1,3,0,0,0,0,0,0.0,UR,1.561278124459133,2,3,3,0,2,0.25,0.375,0.375,0.0,0.2,UR,0.0,0.1,0.1,0.0,1,dl,midline,ur,0,1,0,0,0
3,0,size7_comp0.0_grid0_base_medium,7,0.0,medium,base,base,7,3,10,6,2,1,1,1,1,1,6,10,1.0,1.0,1.0,1.0,4,2,0,4,6,1,2,0,0,0,0,0,0.0,UR,0.9709505944546686,0,3,2,0,5,0.0,0.6,0.4,0.0,0.5,UR,0.0,0.1,0.1,0.0,1,dl,midline,ur,0,1,0,0,0
4,0,size7_comp0.0_grid0_base_medium,7,0.0,medium,base,base,7,3,10,6,2,1,1,1,1,1,8,12,0.8333333333333334,0.9166666666666666,0.8888888888888888,1.0,4,2,1,5,4,2,3,2,2,2,0,0,0.0,UL,1.4355205042826666,5,2,2,0,3,0.5555555555555556,0.2222222222222222,0.2222222222222222,0.0,0.25,DL,0.0,0.0,0.08333333333333333,0.0,1,dl,midline,ur,0,0,0,0,0
5,0,size7_comp0.0_grid0_base_medium,7,0.0,medium,base,base,7,3,10,6,2,1,1,1,1,1,8,12,0.8333333333333334,0.9166666666666666,0.8888888888888888,1.0,4,2,1,5,6,2,2,1,1,1,0,0,0.0,UL,1.4854752972273344,5,3,2,0,2,0.5,0.3,0.2,0.0,0.16666666666666666,UL,0.08333333333333333,0.08333333333333333,0.08333333333333333,0.0,1,dl,midline,ur,0,0,0,0,0
6,0,size7_comp0.0_grid0_base_medium,7,0.0,medium,base,base,7,3,10,6,2,1,1,1,1,1,8,12,0.8333333333333334,0.9166666666666666,0.8888888888888888,1.0,4,2,1,5,4,1,5,1,1,1,0,0,0.0,UR,1.5566567074628228,2,3,2,0,5,0.2857142857142857,0.42857142857142855,0.2857142857142857,0.0,0.4166666666666667,DL,0.0,0.0,0.08333333333333333,0.0,1,dl,midline,ur,0,1,0,0,0
7,0,size7_comp0.0_grid0_base_medium,7,0.0,medium,base,base,7,3,10,6,2,1,1,1,1,1,8,12,0.8333333333333334,0.9166666666666666,0.8888888888888888,1.0,4,2,1,5,5,1,3,2,2,2,0,0,0.0,UR,1.5566567074628228,2,3,2,0,5,0.2857142857142857,0.42857142857142855,0.2857142857142857,0.0,0.4166666666666667,UR,0.0,0.08333333333333333,0.08333333333333333,0.0,1,dl,midline,ur,0,1,0,0,0
8,0,size7_comp0.0_grid0_base_medium,7,0.0,medium,base,base,7,3,10,6,2,1,1,1,1,1,6,10,1.0,1.0,1.0,1.0,4,2,0,4,4,2,3,0,0,0,0,0,0.0,UL,1.584962500721156,2,2,2,0,4,0.3333333333333333,0.3333333333333333,0.3333333333333333,0.0,0.4,DL,0.0,0.0,0.1,0.0,1,dl,midline,ur,0,0,0,0,0
9,0,size7_comp0.0_grid0_base_medium,7,0.0,medium,base,base,7,3,10,6,2,1,1,1,1,1,6,11,0.9090909090909091,0.9090909090909091,1.0,0.75,4,2,0,5,6,1,3,0,1,0,0,1,0.09090909090909091,UR,1.5304930567574826,3,4,2,0,2,0.3333333333333333,0.4444444444444444,0.2222222222222222,0.0,0.18181818181818182,UL,0.09090909090909091,0.0,0.09090909090909091,0.0,1,dl,midline,ur,0,1,0,0,0
0,1,size7_comp0.0_grid1_base_medium,7,0.0,medium,base,base,4,5,9,3,3,1,1,1,1,1,3,10,0.9,0.9,1.0,0.8333333333333334,3,1,4,2,3,2,4,0,1,0,0,1,0.1,UL,0.9709505944546686,3,0,2,0,5,0.6,0.0,0.4,0.0,0.5,UL,0.1,0.0,0.0,0.0,1,midline,midline,dl,0,0,0,0,0
1,1,size7_comp0.0_grid1_base_medium,7,0.0,medium,base,base,4,5,9,3,3,1,1,1,1,1,3,11,0.8181818181818182,0.9090909090909091,1.0,0.8571428571428571,3,1,4,3,3,2,3,2,2,2,0,0,0.0,UL,0.9709505944546686,3,0,2,0,6,0.6,0.0,0.4,0.0,0.5454545454545454,,0.0,0.0,0.0,0.0,0,midline,midline,dl,0,0,0,0,0
2,1,size7_comp0.0_grid1_base_medium,7,0.0,medium,base,base,4,5,9,3,3,1,1,1,1,1,3,9,1.0,1.0,1.0,1.0,3,1,3,2,3,2,2,1,1,1,1,0,0.0,UL,0.8112781244591328,3,0,1,0,5,0.75,0.0,0.25,0.0,0.5555555555555556,,0.0,0.0,0.0,0.0,0,midline,midline,dl,0,0,0,0,0
3,1,size7_comp0.0_grid1_base_medium,7,0.0,medium,base,base,4,5,9,3,3,1,1,1,1,1,5,11,0.8181818181818182,0.9090909090909091,0.8333333333333334,1.0,4,2,3,2,3,4,2,1,3,1,1,0,0.0,UL,1.3709505944546687,3,1,1,0,6,0.6,0.2,0.2,0.0,0.5454545454545454,,0.0,0.0,0.0,0.0,0,midline,midline,dl,0,0,0,0,0
4,1,size7_comp0.0_grid1_base_medium,7,0.0,medium,base,base,4,5,9,3,3,1,1,1,1,1,3,9,1.0,1.0,1.0,1.0,3,1,3,2,2,2,4,0,0,0,0,0,0.0,UL,0.9709505944546686,3,0,2,0,4,0.6,0.0,0.4,0.0,0.4444444444444444,,0.0,0.0,0.0,0.0,0,midline,midline,dl,0,0,0,0,0
5,1,size7_comp0.0_grid1_base_medium,7,0.0,medium,base,base,4,5,9,3,3,1,1,1,1,1,5,13,0.6923076923076923,0.8461538461538461,0.8333333333333334,0.8571428571428571,5,3,3,2,5,2,3,2,2,2,0,0,0.0,UL,1.224394445405986,6,1,2,0,4,0.6666666666666666,0.1111111111111111,0.2222222222222222,0.0,0.3076923076923077,UL,0.15384615384615385,0.0,0.0,0.0,1,midline,midline,dl,0,0,0,0,0
6,1,size7_comp0.0_grid1_base_medium,7,0.0,medium,base,base,4,5,9,3,3,1,1,1,1,1,3,12,0.75,0.8333333333333334,1.0,0.75,3,1,5,3,3,1,6,1,2,1,0,1,0.08333333333333333,UL,1.4591479170272448,3,0,2,1,6,0.5,0.0,0.3333333333333333,0.16666666666666666,0.5,,0.0,0.0,0.0,0.0,0,midline,midline,dl,0,0,0,0,0
7,1,size7_comp0.0_grid1_base_medium,7,0.0,medium,base,base,4,5,9,3,3,1,1,1,1,1,5,11,0.8181818181818182,0.9090909090909091,0.8333333333333334,1.0,4,2,3,2,2,4,3,1,2,1,1,0,0.0,UL,1.2516291673878228,4,1,1,0,5,0.6666666666666666,0.16666666666666666,0.16666666666666666,0.0,0.45454545454545453,,0.0,0.0,0.0,0.0,0,midline,midline,dl,0,0,0,0,0
8,1,size7_comp0.0_grid1_base_medium,7,0.0,medium,base,base,4,5,9,3,3,1,1,1,1,1,3,10,0.9,0.9,1.0,0.8333333333333334,3,1,4,2,5,1,3,0,2,0,2,1,0.1,UL,0.9709505944546686,3,0,2,0,5,0.6,0.0,0.4,0.0,0.5,UL,0.1,0.0,0.0,0.0,1,midline,midline,dl,0,0,0,0,0
9,1,size7_comp0.0_grid1_base_medium,7,0.0,medium,base,base,4,5,9,3,3,1,1,1,1,1,5,11,0.8181818181818182,0.9090909090909091,0.8333333333333334,1.0,4,2,3,2,3,3,3,1,1,1,1,0,0.0,UL,0.9709505944546686,3,0,2,0,6,0.6,0.0,0.4,0.0,0.5454545454545454,UL,0.09090909090909091,0.0,0.0,0.0,1,midline,midline,dl,0,0,0,0,0
0,2,size7_comp0.0_grid2_base_medium,7,0.0,medium,base,base,4,5,9,3,3,1,1,1,1,1,3,9,1.0,1.0,1.0,1.0,3,1,3,2,4,1,3,0,0,0,0,0,0.0,DL,1.3787834934861753,2,0,4,1,2,0.2857142857142857,0.0,0.5714285714285714,0.14285714285714285,0.2222222222222222,DL,0.0,0.0,0.1111111111111111,0.0,1,dr,midline,dl,0,1,0,0,0
1,2,size7_comp0.0_grid2_base_medium,7,0.0,medium,base,base,4,5,9,3,3,1,1,1,1,1,3,10,0.9,0.9,1.0,0.8333333333333334,3,1,4,2,5,1,3,0,1,0,1,1,0.1,DL,1.3787834934861753,2,0,4,1,3,0.2857142857142857,0.0,0.5714285714285714,0.14285714285714285,0.3,DL,0.0,0.0,0.2,0.0,2,dr,midline,dl,0,1,0,0,0
2,2,size7_comp0.0_grid2_base_medium,7,0.0,medium,base,base,4,5,9,3,3,1,1,1,1,1,3,11,0.8181818181818182,0.9090909090909091,1.0,0.8571428571428571,4,2,3,2,4,2,3,1,1,1,0,0,0.0,DL,1.5566567074628228,2,0,3,2,4,0.2857142857142857,0.0,0.42857142857142855,0.2857142857142857,0.36363636363636365,DL,0.0,0.0,0.09090909090909091,0.0,1,dr,midline,dl,0,1,0,0,0
3,2,size7_comp0.0_grid2_base_medium,7,0.0,medium,base,base,4,5,9,3,3,1,1,1,1,1,3,9,1.0,1.0,1.0,1.0,3,1,3,2,4,1,3,0,0,0,0,0,0.0,DL,1.4591479170272448,2,0,3,1,3,0.3333333333333333,0.0,0.5,0.16666666666666666,0.3333333333333333,DL,0.0,0.0,0.1111111111111111,0.0,1,dr,midline,dl,0,1,0,0,0
4,2,size7_comp0.0_grid2_base_medium,7,0.0,medium,base,base,4,5,9,3,3,1,1,1,1,1,3,16,0.5625,0.75,1.0,0.6666666666666666,5,3,5,3,4,2,5,4,5,4,0,1,0.0625,DL,1.4355205042826666,2,0,5,2,7,0.2222222222222222,0.0,0.5555555555555556,0.2222222222222222,0.4375,DL,0.0,0.0,0.0625,0.0,1,dr,midline,dl,0,1,0,0,0
5,2,size7_comp0.0_grid2_base_medium,7,0.0,medium,base,base,4,5,9,3,3,1,1,1,1,1,3,9,1.0,1.0,1.0,1.0,3,1,3,2,3,1,4,0,0,0,0,0,0.0,DL,1.3787834934861753,1,0,4,2,2,0.14285714285714285,0.0,0.5714285714285714,0.2857142857142857,0.2222222222222222,DL,0.0,0.0,0.1111111111111111,0.0,1,dr,midline,dl,0,1,0,0,0
6,2,size7_comp0.0_grid2_base_medium,7,0.0,medium,base,base,4,5,9,3,3,1,1,1,1,1,5,11,0.8181818181818182,0.9090909090909091,0.8333333333333334,1.0,3,1,4,3,3,2,4,1,1,1,0,0,0.0,DL,1.4056390622295665,1,0,4,3,3,0.125,0.0,0.5,0.375,0.2727272727272727,DL,0.0,0.0,0.09090909090909091,0.0,1,dr,midline,dl,0,1,0,0,0
7,2,size7_comp0.0_grid2_base_medium,7,0.0,medium,base,base,4,5,9,3,3,1,1,1,1,1,3,9,1.0,1.0,1.0,1.0,3,1,3,2,3,1,4,0,0,0,0,0,0.0,DL,1.3787834934861753,1,0,4,2,2,0.14285714285714285,0.0,0.5714285714285714,0.2857142857142857,0.2222222222222222,DL,0.0,0.0,0.1111111111111111,0.0,1,dr,midline,dl,0,1,0,0,0
8,2,size7_comp0.0_grid2_base_medium,7,0.0,medium,base,base,4,5,9,3,3,1,1,1,1,1,5,11,0.8181818181818182,0.9090909090909091,0.8333333333333334,1.0,4,2,3,2,4,1,3,2,2,2,0,0,0.0,DL,1.4591479170272448,2,0,3,1,5,0.3333333333333333,0.0,0.5,0.16666666666666666,0.45454545454545453,DL,0.0,0.0,0.09090909090909091,0.0,1,dr,midline,dl,0,1,0,0,0
9,2,size7_comp0.0_grid2_base_medium,7,0.0,medium,base,base,4,5,9,3,3,1,1,1,1,1,5,13,0.6923076923076923,0.8461538461538461,0.8333333333333334,0.8571428571428571,5,3,3,2,5,2,3,2,2,2,0,0,0.0,DL,1.4056390622295665,3,0,4,1,5,0.375,0.0,0.5,0.125,0.38461538461538464,DL,0.0,0.0,0.07692307692307693,0.0,1,dr,midline,dl,0,1,0,0,0
0,3,size7_comp0.0_grid3_base_medium,7,0.0,medium,base,base,4,3,7,5,1,1,1,1,1,1,3,9,0.7777777777777778,0.8888888888888888,1.0,0.8,1,4,3,1,3,2,2,1,1,1,1,0,0.0,UR,0.9709505944546686,0,3,0,2,4,0.0,0.6,0.0,0.4,0.4444444444444444,UR,0.0,0.1111111111111111,0.0,0.0,1,ur,dl,dr,1,0,0,0,0
1,3,size7_comp0.0_grid3_base_medium,7,0.0,medium,base,base,4,3,7,5,1,1,1,1,1,1,3,7,1.0,1.0,1.0,1.0,0,3,3,1,3,1,2,0,0,0,0,0,0.0,UR,1.0,0,2,0,2,3,0.0,0.5,0.0,0.5,0.42857142857142855,,0.0,0.0,0.0,0.0,0,ur,dl,dr,1,0,0,0,0
2,3,size7_comp0.0_grid3_base_medium,7,0.0,medium,base,base,4,3,7,5,1,1,1,1,1,1,3,17,0.4117647058823529,0.7058823529411765,1.0,0.6153846153846154,5,8,3,1,5,5,2,4,7,4,1,0,0.0,UR,0.5032583347756457,0,8,0,1,8,0.0,0.8888888888888888,0.0,0.1111111111111111,0.47058823529411764,UR,0.0,0.11764705882352941,0.0,0.0,1,ur,dl,dr,1,0,0,0,0
3,3,size7_comp0.0_grid3_base_medium,7,0.0,medium,base,base,4,3,7,5,1,1,1,1,1,1,3,7,1.0,1.0,1.0,1.0,0,3,3,1,4,1,0,1,1,1,1,0,0.0,DR,0.9709505944546686,0,2,0,3,2,0.0,0.4,0.0,0.6,0.2857142857142857,,0.0,0.0,0.0,0.0,0,ur,dl,dr,0,1,0,0,0
4,3,size7_comp0.0_grid3_base_medium,7,0.0,medium,base,base,4,3,7,5,1,1,1,1,1,1,3,7,1.0,1.0,1.0,1.0,0,3,3,1,3,1,2,0,0,0,0,0,0.0,UR,0.9709505944546686,0,3,0,2,2,0.0,0.6,0.0,0.4,0.2857142857142857,,0.0,0.0,0.0,0.0,0,ur,dl,dr,1,0,0,0,0
5,3,size7_comp0.0_grid3_base_medium,7,0.0,medium,base,base,4,3,7,5,1,1,1,1,1,1,3,11,0.6363636363636364,0.8181818181818182,1.0,0.7142857142857143,2,5,3,1,3,3,1,3,4,3,1,0,0.0,DR,0.9182958340544896,0,2,0,4,5,0.0,0.3333333333333333,0.0,0.6666666666666666,0.45454545454545453,,0.0,0.0,0.0,0.0,0,ur,dl,dr,0,1,0,0,0
6,3,size7_comp0.0_grid3_base_medium,7,0.0,medium,base,base,4,3,7,5,1,1,1,1,1,1,3,7,1.0,1.0,1.0,1.0,0,3,3,1,3,1,2,0,0,0,0,0,0.0,UR,0.9709505944546686,0,3,0,2,2,0.0,0.6,0.0,0.4,0.2857142857142857,,0.0,0.0,0.0,0.0,0,ur,dl,dr,1,0,0,0,0
7,3,size7_comp0.0_grid3_base_medium,7,0.0,medium,base,base,4,3,7,5,1,1,1,1,1,1,5,9,0.7777777777777778,0.7777777777777778,0.6666666666666666,1.0,0,3,3,3,4,1,3,0,2,0,0,2,0.2222222222222222,UR,0.863120568566631,0,5,0,2,2,0.0,0.7142857142857143,0.0,0.2857142857142857,0.2222222222222222,UR,0.0,0.2222222222222222,0.0,0.0,2,ur,dl,dr,1,0,0,0,0
8,3,size7_comp0.0_grid3_base_medium,7,0.0,medium,base,base,4,3,7,5,1,1,1,1,1,1,3,17,0.4117647058823529,0.7058823529411765,1.0,0.6153846153846154,5,8,3,1,4,4,3,5,5,5,1,0,0.0,UR,1.2516291673878228,1,4,0,1,11,0.16666666666666666,0.6666666666666666,0.0,0.16666666666666666,0.6470588235294118,UR,0.0,0.058823529411764705,0.0,0.0,1,ur,dl,dr,1,0,0,0,0
9,3,size7_comp0.0_grid3_base_medium,7,0.0,medium,base,base,4,3,7,5,1,1,1,1,1,1,4,12,0.5833333333333334,0.75,0.8,0.7142857142857143,2,5,3,2,6,1,2,2,4,2,1,1,0.08333333333333333,UR,0.6500224216483541,0,5,0,1,6,0.0,0.8333333333333334,0.0,0.16666666666666666,0.5,UR,0.0,0.16666666666666666,0.0,0.0,2,ur,dl,dr,1,0,0,0,0
0,4,size7_comp0.0_grid4_base_medium,7,0.0,medium,base,base,3,4,7,5,1,1,1,1,1,1,4,10,0.7,0.8,0.8,0.8,5,2,3,0,3,2,2,2,3,2,0,1,0.1,UL,0.8112781244591328,3,0,1,0,6,0.75,0.0,0.25,0.0,0.6,,0.0,0.0,0.0,0.0,0,midline,ul,dl,0,0,0,0,0
1,4,size7_comp0.0_grid4_base_medium,7,0.0,medium,base,base,3,4,7,5,1,1,1,1,1,1,2,7,1.0,1.0,1.0,1.0,3,1,3,0,3,2,0,1,1,1,1,0,0.0,UL,0.9182958340544896,2,0,1,0,4,0.6666666666666666,0.0,0.3333333333333333,0.0,0.5714285714285714,,0.0,0.0,0.0,0.0,0,midline,ul,dl,0,0,0,0,0
2,4,size7_comp0.0_grid4_base_medium,7,0.0,medium,base,base,3,4,7,5,1,1,1,1,1,1,2,7,1.0,1.0,1.0,1.0,3,1,3,0,1,2,3,0,0,0,0,0,0.0,UL,0.9182958340544896,2,0,1,0,4,0.6666666666666666,0.0,0.3333333333333333,0.0,0.5714285714285714,,0.0,0.0,0.0,0.0,0,midline,ul,dl,0,0,0,0,0
3,4,size7_comp0.0_grid4_base_medium,7,0.0,medium,base,base,3,4,7,5,1,1,1,1,1,1,2,7,1.0,1.0,1.0,1.0,3,1,3,0,3,2,0,1,1,1,1,0,0.0,UL,0.9182958340544896,2,0,1,0,4,0.6666666666666666,0.0,0.3333333333333333,0.0,0.5714285714285714,,0.0,0.0,0.0,0.0,0,midline,ul,dl,0,0,0,0,0
4,4,size7_comp0.0_grid4_base_medium,7,0.0,medium,base,base,3,4,7,5,1,1,1,1,1,1,4,9,0.7777777777777778,0.8888888888888888,0.8,1.0,4,2,3,0,1,3,3,1,1,1,1,0,0.0,UL,1.584962500721156,1,0,1,1,6,0.3333333333333333,0.0,0.3333333333333333,0.3333333333333333,0.6666666666666666,,0.0,0.0,0.0,0.0,0,midline,ul,dl,0,0,0,0,0
5,4,size7_comp0.0_grid4_base_medium,7,0.0,medium,base,base,3,4,7,5,1,1,1,1,1,1,4,9,0.7777777777777778,0.8888888888888888,0.8,1.0,4,2,3,0,2,2,2,2,2,2,1,0,0.0,UL,0.9182958340544896,2,0,1,0,6,0.6666666666666666,0.0,0.3333333333333333,0.0,0.6666666666666666,,0.0,0.0,0.0,0.0,0,midline,ul,dl,0,0,0,0,0
6,4,size7_comp0.0_grid4_base_medium,7,0.0,medium,base,base,3,4,7,5,1,1,1,1,1,1,2,7,1.0,1.0,1.0,1.0,3,1,3,0,3,2,0,1,1,1,1,0,0.0,UL,0.9182958340544896,2,0,1,0,4,0.6666666666666666,0.0,0.3333333333333333,0.0,0.5714285714285714,,0.0,0.0,0.0,0.0,0,midline,ul,dl,0,0,0,0,0
7,4,size7_comp0.0_grid4_base_medium,7,0.0,medium,base,base,3,4,7,5,1,1,1,1,1,1,2,7,1.0,1.0,1.0,1.0,3,1,3,0,3,1,2,0,0,0,0,0,0.0,UL,1.5,2,0,1,1,3,0.5,0.0,0.25,0.25,0.42857142857142855,,0.0,0.0,0.0,0.0,0,midline,ul,dl,0,0,0,0,0
8,4,size7_comp0.0_grid4_base_medium,7,0.0,medium,base,base,3,4,7,5,1,1,1,1,1,1,2,7,1.0,1.0,1.0,1.0,3,1,3,0,3,2,0,1,1,1,1,0,0.0,UL,0.9182958340544896,2,0,1,0,4,0.6666666666666666,0.0,0.3333333333333333,0.0,0.5714285714285714,,0.0,0.0,0.0,0.0,0,midline,ul,dl,0,0,0,0,0
9,4,size7_comp0.0_grid4_base_medium,7,0.0,medium,base,base,3,4,7,5,1,1,1,1,1,1,2,7,1.0,1.0,1.0,1.0,3,1,3,0,3,2,0,1,1,1,1,0,0.0,UL,0.9182958340544896,2,0,1,0,4,0.6666666666666666,0.0,0.3333333333333333,0.0,0.5714285714285714,,0.0,0.0,0.0,0.0,0,midline,ul,dl,0,0,0,0,0
0,5,size7_comp0.0_grid5_base_medium,7,0.0,medium,base,base,4,3,7,5,1,1,1,1,1,1,9,13,0.5384615384615384,0.7692307692307693,0.7,1.0,1,5,3,4,2,7,1,2,4,2,0,0,0.0,UL,0.954434002924965,5,0,3,0,5,0.625,0.0,0.375,0.0,0.38461538461538464,UL,0.07692307692307693,0.0,0.0,0.0,1,ul,midline,dl,1,0,0,0,0
1,5,size7_comp0.0_grid5_base_medium,7,0.0,medium,base,base,4,3,7,5,1,1,1,1,1,1,9,13,0.5384615384615384,0.7692307692307693,0.7,1.0,1,5,3,4,2,4,2,4,4,4,0,0,0.0,UL,0.8453509366224364,8,0,3,0,2,0.7272727272727273,0.0,0.2727272727272727,0.0,0.15384615384615385,UL,0.07692307692307693,0.0,0.0,0.0,1,ul,midline,dl,1,0,0,0,0
2,5,size7_comp0.0_grid5_base_medium,7,0.0,medium,base,base,4,3,7,5,1,1,1,1,1,1,3,7,1.0,1.0,1.0,1.0,0,4,1,2,4,2,0,0,0,0,0,0,0.0,UL,1.0,3,0,3,0,1,0.5,0.0,0.5,0.0,0.14285714285714285,UL,0.14285714285714285,0.0,0.14285714285714285,0.0,1,ul,midline,dl,1,0,0,0,0
3,5,size7_comp0.0_grid5_base_medium,7,0.0,medium,base,base,4,3,7,5,1,1,1,1,1,1,3,7,1.0,1.0,1.0,1.0,0,4,1,2,3,0,2,1,1,1,1,0,0.0,DL,0.9709505944546686,2,0,3,0,2,0.4,0.0,0.6,0.0,0.2857142857142857,,0.0,0.0,0.0,0.0,0,ul,midline,dl,0,1,0,0,0
4,5,size7_comp0.0_grid5_base_medium,7,0.0,medium,base,base,4,3,7,5,1,1,1,1,1,1,3,9,0.7777777777777778,0.8888888888888888,1.0,0.8,0,4,2,3,3,2,3,0,0,0,0,0,0.0,UL,1.5566567074628228,3,0,2,2,2,0.42857142857142855,0.0,0.2857142857142857,0.2857142857142857,0.2222222222222222,,0.0,0.0,0.0,0.0,0,ul,midline,dl,1,0,0,0,0
5,5,size7_comp0.0_grid5_base_medium,7,0.0,medium,base,base,4,3,7,5,1,1,1,1,1,1,3,7,1.0,1.0,1.0,1.0,0,4,1,2,2,3,1,0,0,0,0,0,0.0,UL,1.0,3,0,3,0,1,0.5,0.0,0.5,0.0,0.14285714285714285,UL,0.14285714285714285,0.0,0.0,0.0,1,ul,midline,dl,1,0,0,0,0
6,5,size7_comp0.0_grid5_base_medium,7,0.0,medium,base,base,4,3,7,5,1,1,1,1,1,1,3,7,1.0,1.0,1.0,1.0,0,4,1,2,1,3,2,0,0,0,0,0,0.0,UL,1.0,3,0,3,0,1,0.5,0.0,0.5,0.0,0.14285714285714285,,0.0,0.0,0.0,0.0,0,ul,midline,dl,1,0,0,0,0
7,5,size7_comp0.0_grid5_base_medium,7,0.0,medium,base,base,4,3,7,5,1,1,1,1,1,1,3,7,1.0,1.0,1.0,1.0,0,4,1,2,4,2,0,0,0,0,0,0,0.0,UL,1.0,3,0,3,0,1,0.5,0.0,0.5,0.0,0.14285714285714285,UL,0.14285714285714285,0.0,0.14285714285714285,0.0,1,ul,midline,dl,1,0,0,0,0
8,5,size7_comp0.0_grid5_base_medium,7,0.0,medium,base,base,4,3,7,5,1,1,1,1,1,1,3,11,0.6363636363636364,0.8181818181818182,1.0,0.7142857142857143,1,5,2,3,5,3,1,1,1,1,0,0,0.0,UL,1.561278124459133,3,0,2,3,3,0.375,0.0,0.25,0.375,0.2727272727272727,UL,0.09090909090909091,0.0,0.0,0.0,1,ul,midline,dl,1,0,0,0,0
9,5,size7_comp0.0_grid5_base_medium,7,0.0,medium,base,base,4,3,7,5,1,1,1,1,1,1,3,7,1.0,1.0,1.0,1.0,0,4,1,2,2,2,2,0,0,0,0,0,0.0,UL,0.9709505944546686,3,0,2,0,2,0.6,0.0,0.4,0.0,0.2857142857142857,,0.0,0.0,0.0,0.0,0,ul,midline,dl,1,0,0,0,0
0,6,size7_comp0.0_grid6_base_medium,7,0.0,medium,base,base,6,3,9,3,3,1,1,1,1,1,7,11,0.8181818181818182,0.9090909090909091,0.875,1.0,3,4,1,3,3,3,3,1,1,1,0,0,0.0,UL,1.3709505944546687,3,1,0,1,6,0.6,0.2,0.0,0.2,0.5454545454545454,UL,0.09090909090909091,0.0,0.0,0.0,1,ul,midline,dr,1,0,0,0,0
1,6,size7_comp0.0_grid6_base_medium,7,0.0,medium,base,base,6,3,9,3,3,1,1,1,1,1,5,9,1.0,1.0,1.0,1.0,2,3,1,3,3,3,2,0,0,0,0,0,0.0,UL,1.3709505944546687,3,0,1,1,4,0.6,0.0,0.2,0.2,0.4444444444444444,UL,0.1111111111111111,0.0,0.0,0.0,1,ul,midline,dr,1,0,0,0,0
2,6,size7_comp0.0_grid6_base_medium,7,0.0,medium,base,base,6,3,9,3,3,1,1,1,1,1,5,9,1.0,1.0,1.0,1.0,2,3,1,3,4,3,1,0,0,0,0,0,0.0,UL,1.792481250360578,3,1,1,1,3,0.5,0.16666666666666666,0.16666666666666666,0.16666666666666666,0.3333333333333333,UL,0.1111111111111111,0.0,0.0,0.0,1,ul,midline,dr,1,0,0,0,0
3,6,size7_comp0.0_grid6_base_medium,7,0.0,medium,base,base,6,3,9,3,3,1,1,1,1,1,5,11,0.8181818181818182,0.9090909090909091,1.0,0.8,3,4,1,3,4,3,2,1,1,1,1,0,0.0,UL,1.4591479170272448,3,2,0,1,5,0.5,0.3333333333333333,0.0,0.16666666666666666,0.45454545454545453,UL,0.09090909090909091,0.0,0.0,0.0,1,ul,midline,dr,1,0,0,0,0
4,6,size7_comp0.0_grid6_base_medium,7,0.0,medium,base,base,6,3,9,3,3,1,1,1,1,1,5,9,1.0,1.0,1.0,1.0,2,3,1,3,5,1,1,1,2,1,1,0,0.0,UR,1.4591479170272448,2,3,0,1,3,0.3333333333333333,0.5,0.0,0.16666666666666666,0.3333333333333333,UL,0.1111111111111111,0.0,0.0,0.0,1,ul,midline,dr,0,0,0,0,0
5,6,size7_comp0.0_grid6_base_medium,7,0.0,medium,base,base,6,3,9,3,3,1,1,1,1,1,5,9,1.0,1.0,1.0,1.0,2,3,1,3,3,2,2,1,1,1,1,0,0.0,UL,1.3709505944546687,3,1,0,1,4,0.6,0.2,0.0,0.2,0.4444444444444444,UL,0.1111111111111111,0.0,0.0,0.0,1,ul,midline,dr,1,0,0,0,0
6,6,size7_comp0.0_grid6_base_medium,7,0.0,medium,base,base,6,3,9,3,3,1,1,1,1,1,5,9,1.0,1.0,1.0,1.0,2,3,1,3,3,2,2,1,1,1,1,0,0.0,UL,1.3709505944546687,3,1,0,1,4,0.6,0.2,0.0,0.2,0.4444444444444444,UL,0.1111111111111111,0.0,0.0,0.0,1,ul,midline,dr,1,0,0,0,0
7,6,size7_comp0.0_grid6_base_medium,7,0.0,medium,base,base,6,3,9,3,3,1,1,1,1,0,-1,3,0.0,1.0,1.0,0.0,0,1,0,2,1,0,1,0,0,0,0,0,0.0,UL,-0.0,2,0,0,0,1,1.0,0.0,0.0,0.0,0.3333333333333333,UL,0.3333333333333333,0.0,0.0,0.0,1,ul,midline,dr,1,0,0,0,0
8,6,size7_comp0.0_grid6_base_medium,7,0.0,medium,base,base,6,3,9,3,3,1,1,1,1,1,9,13,0.6923076923076923,0.8461538461538461,0.8,1.0,2,3,3,5,3,3,2,4,4,4,1,0,0.0,UL,1.5219280948873621,2,2,0,1,8,0.4,0.4,0.0,0.2,0.6153846153846154,UL,0.07692307692307693,0.0,0.0,0.0,1,ul,midline,dr,1,0,0,0,0
9,6,size7_comp0.0_grid6_base_medium,7,0.0,medium,base,base,6,3,9,3,3,1,1,1,1,1,5,11,0.8181818181818182,0.9090909090909091,1.0,0.8,2,3,2,4,2,4,4,0,3,0,0,0,0.0,UL,0.7219280948873623,4,0,0,1,6,0.8,0.0,0.0,0.2,0.5454545454545454,UL,0.09090909090909091,0.0,0.0,0.0,1,ul,midline,dr,1,0,0,0,0
0,7,size7_comp0.0_grid7_base_medium,7,0.0,medium,base,base,4,3,7,5,1,1,1,1,1,1,7,11,0.6363636363636364,0.8181818181818182,0.75,1.0,5,3,3,0,2,3,3,2,2,2,0,0,0.0,DL,0.9182958340544896,0,0,4,2,5,0.0,0.0,0.6666666666666666,0.3333333333333333,0.45454545454545453,DL,0.0,0.0,0.09090909090909091,0.0,1,dr,ul,dl,0,1,0,0,0
1,7,size7_comp0.0_grid7_base_medium,7,0.0,medium,base,base,4,3,7,5,1,1,1,1,1,1,5,9,0.7777777777777778,0.8888888888888888,0.8333333333333334,1.0,4,2,3,0,3,0,4,1,1,1,0,0,0.0,DL,0.9709505944546686,0,0,3,2,4,0.0,0.0,0.6,0.4,0.4444444444444444,DL,0.0,0.0,0.1111111111111111,0.0,1,dr,ul,dl,0,1,0,0,0
2,7,size7_comp0.0_grid7_base_medium,7,0.0,medium,base,base,4,3,7,5,1,1,1,1,1,1,3,8,0.875,0.875,1.0,0.75,3,1,4,0,4,1,2,0,2,0,2,1,0.125,DL,0.6500224216483541,0,0,5,1,2,0.0,0.0,0.8333333333333334,0.16666666666666666,0.25,DL,0.0,0.0,0.25,0.0,2,dr,ul,dl,0,1,0,0,0
3,7,size7_comp0.0_grid7_base_medium,7,0.0,medium,base,base,4,3,7,5,1,1,1,1,1,1,11,15,0.4666666666666667,0.7333333333333333,0.6666666666666666,1.0,6,4,4,1,3,2,7,2,4,2,0,0,0.0,DL,1.2516291673878228,0,1,4,1,9,0.0,0.16666666666666666,0.6666666666666666,0.16666666666666666,0.6,DL,0.0,0.0,0.06666666666666667,0.0,1,dr,ul,dl,0,1,0,0,0
4,7,size7_comp0.0_grid7_base_medium,7,0.0,medium,base,base,4,3,7,5,1,1,1,1,1,1,3,7,1.0,1.0,1.0,1.0,3,1,3,0,3,1,2,0,0,0,0,0,0.0,DL,0.7219280948873623,0,0,4,1,2,0.0,0.0,0.8,0.2,0.2857142857142857,DL,0.0,0.0,0.14285714285714285,0.0,1,dr,ul,dl,0,1,0,0,0
5,7,size7_comp0.0_grid7_base_medium,7,0.0,medium,base,base,4,3,7,5,1,1,1,1,1,1,3,8,0.875,0.875,1.0,0.75,3,1,4,0,4,1,2,0,1,0,1,1,0.125,DL,0.6500224216483541,0,0,5,1,2,0.0,0.0,0.8333333333333334,0.16666666666666666,0.25,DL,0.0,0.0,0.25,0.0,2,dr,ul,dl,0,1,0,0,0
6,7,size7_comp0.0_grid7_base_medium,7,0.0,medium,base,base,4,3,7,5,1,1,1,1,1,1,3,11,0.6363636363636364,0.7272727272727273,1.0,0.5714285714285714,4,2,5,0,4,1,4,1,5,1,2,2,0.18181818181818182,DL,0.5435644431995964,0,0,7,1,3,0.0,0.0,0.875,0.125,0.2727272727272727,DL,0.0,0.0,0.18181818181818182,0.0,2,dr,ul,dl,0,1,0,0,0
7,7,size7_comp0.0_grid7_base_medium,7,0.0,medium,base,base,4,3,7,5,1,1,1,1,1,1,3,7,1.0,1.0,1.0,1.0,3,1,3,0,3,1,2,0,0,0,0,0,0.0,DL,0.8112781244591328,0,0,3,1,3,0.0,0.0,0.75,0.25,0.42857142857142855,DL,0.0,0.0,0.14285714285714285,0.0,1,dr,ul,dl,0,1,0,0,0
8,7,size7_comp0.0_grid7_base_medium,7,0.0,medium,base,base,4,3,7,5,1,1,1,1,1,1,5,9,0.7777777777777778,0.8888888888888888,0.8333333333333334,1.0,4,2,3,0,5,2,0,1,2,1,1,0,0.0,DL,0.8112781244591328,0,0,3,1,5,0.0,0.0,0.75,0.25,0.5555555555555556,DL,0.0,0.0,0.1111111111111111,0.0,1,dr,ul,dl,0,1,0,0,0
9,7,size7_comp0.0_grid7_base_medium,7,0.0,medium,base,base,4,3,7,5,1,1,1,1,1,1,3,7,1.0,1.0,1.0,1.0,3,1,3,0,4,0,2,0,0,0,0,0,0.0,DL,0.9709505944546686,0,0,3,2,2,0.0,0.0,0.6,0.4,0.2857142857142857,DL,0.0,0.0,0.14285714285714285,0.0,1,dr,ul,dl,0,1,0,0,0
0,8,size7_comp0.0_grid8_base_medium,7,0.0,medium,base,base,3,4,7,7,0,1,1,1,1,1,2,19,0.3684210526315789,0.6842105263157895,1.0,0.625,4,7,6,2,9,4,2,3,6,3,1,0,0.0,UL,1.224394445405986,6,2,0,1,10,0.6666666666666666,0.2222222222222222,0.0,0.1111111111111111,0.5263157894736842,UL,0.05263157894736842,0.05263157894736842,0.0,0.0,1,ur,dl,dr,0,0,0,0,0
1,8,size7_comp0.0_grid8_base_medium,7,0.0,medium,base,base,3,4,7,7,0,1,1,1,1,1,4,9,0.7777777777777778,0.7777777777777778,0.6,1.0,0,3,4,2,6,0,2,0,2,0,0,2,0.2222222222222222,UR,1.3787834934861753,0,4,1,2,2,0.0,0.5714285714285714,0.14285714285714285,0.2857142857142857,0.2222222222222222,UR,0.0,0.3333333333333333,0.0,0.0,3,ur,dl,dr,1,0,0,0,0
2,8,size7_comp0.0_grid8_base_medium,7,0.0,medium,base,base,3,4,7,7,0,1,1,1,1,1,3,10,0.7,0.8,0.75,0.8333333333333334,1,4,4,1,3,3,3,0,1,0,0,1,0.1,UR,0.9709505944546686,0,3,0,2,5,0.0,0.6,0.0,0.4,0.5,UR,0.0,0.1,0.0,0.0,1,ur,dl,dr,1,0,0,0,0
3,8,size7_comp0.0_grid8_base_medium,7,0.0,medium,base,base,3,4,7,7,0,1,1,1,1,1,2,13,0.5384615384615384,0.7692307692307693,1.0,0.7,3,6,4,0,3,2,4,3,3,3,0,0,0.0,DR,1.5566567074628228,0,2,2,3,6,0.0,0.2857142857142857,0.2857142857142857,0.42857142857142855,0.46153846153846156,UR,0.0,0.07692307692307693,0.0,0.0,1,ur,dl,dr,0,1,0,0,0
4,8,size7_comp0.0_grid8_base_medium,7,0.0,medium,base,base,3,4,7,7,0,1,1,1,1,1,3,10,0.7,0.8,0.75,0.8333333333333334,1,4,4,1,3,2,4,0,1,0,0,1,0.1,UR,1.4591479170272448,0,3,1,2,4,0.0,0.5,0.16666666666666666,0.3333333333333333,0.4,UR,0.0,0.2,0.0,0.0,2,ur,dl,dr,1,0,0,0,0
5,8,size7_comp0.0_grid8_base_medium,7,0.0,medium,base,base,3,4,7,7,0,1,1,1,1,1,2,11,0.6363636363636364,0.8181818181818182,1.0,0.75,2,5,4,0,4,3,3,0,0,0,0,0,0.0,UL,1.584962500721156,2,2,0,2,5,0.3333333333333333,0.3333333333333333,0.0,0.3333333333333333,0.45454545454545453,UR,0.0,0.09090909090909091,0.0,0.0,1,ur,dl,dr,0,0,0,0,0
6,8,size7_comp0.0_grid8_base_medium,7,0.0,medium,base,base,3,4,7,7,0,1,1,1,1,1,2,9,0.7777777777777778,0.8888888888888888,1.0,0.8333333333333334,1,4,4,0,3,2,3,0,0,0,0,0,0.0,UR,1.5219280948873621,0,2,1,2,4,0.0,0.4,0.2,0.4,0.4444444444444444,UR,0.0,0.1111111111111111,0.0,0.0,1,ur,dl,dr,1,0,0,0,0
7,8,size7_comp0.0_grid8_base_medium,7,0.0,medium,base,base,3,4,7,7,0,1,1,1,1,1,2,7,1.0,1.0,1.0,1.0,0,3,4,0,5,0,1,0,0,0,0,0,0.0,UR,1.5219280948873621,0,2,1,2,2,0.0,0.4,0.2,0.4,0.2857142857142857,UR,0.0,0.14285714285714285,0.0,0.0,1,ur,dl,dr,1,0,0,0,0
8,8,size7_comp0.0_grid8_base_medium,7,0.0,medium,base,base,3,4,7,7,0,1,1,1,1,1,2,13,0.5384615384615384,0.7692307692307693,1.0,0.7,3,6,4,0,2,4,3,3,3,3,1,0,0.0,UR,1.5219280948873621,0,2,1,2,8,0.0,0.4,0.2,0.4,0.6153846153846154,UR,0.0,0.07692307692307693,0.0,0.0,1,ur,dl,dr,1,0,0,0,0
9,8,size7_comp0.0_grid8_base_medium,7,0.0,medium,base,base,3,4,7,7,0,1,1,1,1,1,3,10,0.7,0.8,0.75,0.8333333333333334,1,4,4,1,4,2,3,0,1,0,0,1,0.1,UR,0.9709505944546686,0,3,0,2,5,0.0,0.6,0.0,0.4,0.5,UR,0.0,0.2,0.0,0.0,2,ur,dl,dr,1,0,0,0,0
0,9,size7_comp0.0_grid9_base_medium,7,0.0,medium,base,base,3,3,6,4,1,1,1,1,1,1,4,9,0.6666666666666666,0.7777777777777778,0.8,0.75,4,1,3,1,1,3,4,0,3,0,2,1,0.1111111111111111,UL,0.7219280948873623,4,0,1,0,4,0.8,0.0,0.2,0.0,0.4444444444444444,,0.0,0.0,0.0,0.0,0,midline,ul,midline,0,0,0,0,0
1,9,size7_comp0.0_grid9_base_medium,7,0.0,medium,base,base,3,3,6,4,1,1,1,1,1,1,2,6,1.0,1.0,1.0,1.0,3,0,2,1,2,1,2,0,0,0,0,0,0.0,UL,-0.0,2,0,0,0,4,1.0,0.0,0.0,0.0,0.6666666666666666,UL,0.16666666666666666,0.0,0.0,0.0,1,midline,ul,midline,0,0,0,0,0
2,9,size7_comp0.0_grid9_base_medium,7,0.0,medium,base,base,3,3,6,4,1,1,1,1,1,1,2,6,1.0,1.0,1.0,1.0,3,0,2,1,1,1,3,0,0,0,0,0,0.0,UL,0.9182958340544896,2,0,1,0,3,0.6666666666666666,0.0,0.3333333333333333,0.0,0.5,UL,0.16666666666666666,0.0,0.0,0.0,1,midline,ul,midline,0,0,0,0,0
3,9,size7_comp0.0_grid9_base_medium,7,0.0,medium,base,base,3,3,6,4,1,1,1,1,1,1,4,8,0.75,0.875,0.8,1.0,4,1,2,1,2,2,3,0,0,0,0,0,0.0,UL,-0.0,3,0,0,0,5,1.0,0.0,0.0,0.0,0.625,UL,0.125,0.0,0.0,0.0,1,midline,ul,midline,0,0,0,0,0
4,9,size7_comp0.0_grid9_base_medium,7,0.0,medium,base,base,3,3,6,4,1,1,1,1,1,1,2,6,1.0,1.0,1.0,1.0,3,0,2,1,3,0,2,0,0,0,0,0,0.0,UL,1.0,2,0,2,0,2,0.5,0.0,0.5,0.0,0.3333333333333333,UL,0.16666666666666666,0.0,0.0,0.0,1,midline,ul,midline,0,0,0,0,0
5,9,size7_comp0.0_grid9_base_medium,7,0.0,medium,base,base,3,3,6,4,1,1,1,1,1,1,2,6,1.0,1.0,1.0,1.0,3,0,2,1,3,0,2,0,0,0,0,0,0.0,UL,1.0,2,0,2,0,2,0.5,0.0,0.5,0.0,0.3333333333333333,UL,0.16666666666666666,0.0,0.0,0.0,1,midline,ul,midline,0,0,0,0,0
6,9,size7_comp0.0_grid9_base_medium,7,0.0,medium,base,base,3,3,6,4,1,1,1,1,1,1,2,6,1.0,1.0,1.0,1.0,3,0,2,1,1,1,3,0,0,0,0,0,0.0,UL,0.9182958340544896,2,0,1,0,3,0.6666666666666666,0.0,0.3333333333333333,0.0,0.5,UL,0.16666666666666666,0.0,0.0,0.0,1,midline,ul,midline,0,0,0,0,0
7,9,size7_comp0.0_grid9_base_medium,7,0.0,medium,base,base,3,3,6,4,1,1,1,1,1,1,2,6,1.0,1.0,1.0,1.0,3,0,2,1,1,1,3,0,0,0,0,0,0.0,UL,0.9182958340544896,2,0,1,0,3,0.6666666666666666,0.0,0.3333333333333333,0.0,0.5,UL,0.16666666666666666,0.0,0.0,0.0,1,midline,ul,midline,0,0,0,0,0
8,9,size7_comp0.0_grid9_base_medium,7,0.0,medium,base,base,3,3,6,4,1,1,1,1,1,1,2,6,1.0,1.0,1.0,1.0,3,0,2,1,1,1,3,0,0,0,0,0,0.0,UL,0.9182958340544896,2,0,1,0,3,0.6666666666666666,0.0,0.3333333333333333,0.0,0.5,UL,0.16666666666666666,0.0,0.0,0.0,1,midline,ul,midline,0,0,0,0,0
9,9,size7_comp0.0_grid9_base_medium,7,0.0,medium,base,base,3,3,6,4,1,1,1,1,1,1,2,6,1.0,1.0,1.0,1.0,3,0,2,1,2,1,2,0,0,0,0,0,0.0,UL,-0.0,2,0,0,0,4,1.0,0.0,0.0,0.0,0.6666666666666666,UL,0.16666666666666666,0.0,0.0,0.0,1,midline,ul,midline,0,0,0,0,0
0,0,size7_comp0.2_grid0_base_medium,7,0.2,medium,base,base,3,6,9,5,2,1,1,1,1,1,3,12,0.75,0.75,0.75,0.75,2,2,6,2,6,1,4,0,4,0,2,3,0.25,UR,0.9709505944546686,0,3,0,2,7,0.0,0.6,0.0,0.4,0.5833333333333334,,0.0,0.0,0.0,0.0,0,ur,ul,dr,1,0,0,0,0
1,0,size7_comp0.2_grid0_base_medium,7,0.2,medium,base,base,3,6,9,5,2,1,1,1,1,1,2,13,0.6923076923076923,0.7692307692307693,1.0,0.7,3,3,6,1,4,1,6,1,4,1,3,2,0.15384615384615385,DR,0.9709505944546686,0,2,0,3,8,0.0,0.4,0.0,0.6,0.6153846153846154,,0.0,0.0,0.0,0.0,0,ur,ul,dr,0,1,0,0,0
2,0,size7_comp0.2_grid0_base_medium,7,0.2,medium,base,base,3,6,9,5,2,1,1,1,1,1,2,13,0.6923076923076923,0.7692307692307693,1.0,0.7,4,3,5,1,7,2,3,0,4,0,2,2,0.15384615384615385,UR,1.3709505944546687,2,6,0,2,3,0.2,0.6,0.0,0.2,0.23076923076923078,UR,0.07692307692307693,0.15384615384615385,0.0,0.0,2,ur,ul,dr,1,0,0,0,0
3,0,size7_comp0.2_grid0_base_medium,7,0.2,medium,base,base,3,6,9,5,2,1,1,1,1,1,2,13,0.6923076923076923,0.7692307692307693,1.0,0.7,3,3,6,1,4,4,3,1,3,1,1,2,0.15384615384615385,UL,1.5219280948873621,2,2,0,1,8,0.4,0.4,0.0,0.2,0.6153846153846154,UL,0.07692307692307693,0.0,0.0,0.0,1,ur,ul,dr,0,0,0,0,0
4,0,size7_comp0.2_grid0_base_medium,7,0.2,medium,base,base,3,6,9,5,2,1,1,1,1,1,2,11,0.8181818181818182,0.9090909090909091,1.0,0.875,3,3,4,1,4,3,2,1,2,1,1,0,0.0,UR,1.3787834934861753,2,4,0,1,4,0.2857142857142857,0.5714285714285714,0.0,0.14285714285714285,0.36363636363636365,UL,0.09090909090909091,0.0,0.0,0.0,1,ur,ul,dr,1,0,0,0,0
5,0,size7_comp0.2_grid0_base_medium,7,0.2,medium,base,base,3,6,9,5,2,1,1,1,1,1,3,14,0.6428571428571429,0.7857142857142857,0.75,0.8,4,4,4,2,4,1,4,4,6,4,1,1,0.07142857142857142,UR,0.6500224216483541,0,5,0,1,8,0.0,0.8333333333333334,0.0,0.16666666666666666,0.5714285714285714,,0.0,0.0,0.0,0.0,0,ur,ul,dr,1,0,0,0,0
6,0,size7_comp0.2_grid0_base_medium,7,0.2,medium,base,base,3,6,9,5,2,1,1,1,1,1,2,9,1.0,1.0,1.0,1.0,2,2,4,1,3,2,2,1,2,1,1,0,0.0,UR,1.0,0,1,0,1,7,0.0,0.5,0.0,0.5,0.7777777777777778,,0.0,0.0,0.0,0.0,0,ur,ul,dr,1,0,0,0,0
7,0,size7_comp0.2_grid0_base_medium,7,0.2,medium,base,base,3,6,9,5,2,1,1,1,1,1,2,14,0.6428571428571429,0.7857142857142857,1.0,0.7272727272727273,5,4,4,1,2,6,3,2,5,2,1,1,0.07142857142857142,UR,1.3516441151533924,3,5,0,1,5,0.3333333333333333,0.5555555555555556,0.0,0.1111111111111111,0.35714285714285715,UL,0.07142857142857142,0.0,0.0,0.0,1,ur,ul,dr,1,0,0,0,0
8,0,size7_comp0.2_grid0_base_medium,7,0.2,medium,base,base,3,6,9,5,2,1,1,1,1,1,2,14,0.6428571428571429,0.7857142857142857,1.0,0.7272727272727273,4,3,5,2,6,4,1,2,5,2,1,1,0.07142857142857142,UL,1.3485878960124222,5,5,0,1,3,0.45454545454545453,0.45454545454545453,0.0,0.09090909090909091,0.21428571428571427,UL,0.14285714285714285,0.07142857142857142,0.0,0.0,1,ur,ul,dr,0,0,0,0,0
9,0,size7_comp0.2_grid0_base_medium,7,0.2,medium,base,base,3,6,9,5,2,1,1,1,1,1,3,15,0.6,0.6666666666666666,0.75,0.6363636363636364,5,3,5,2,5,4,5,0,6,0,2,4,0.26666666666666666,UR,1.3709505944546687,2,6,0,2,5,0.2,0.6,0.0,0.2,0.3333333333333333,UR,0.06666666666666667,0.13333333333333333,0.0,0.0,2,ur,ul,dr,1,0,0,0,0
0,1,size7_comp0.2_grid1_base_medium,7,0.2,medium,base,base,3,4,7,3,2,1,1,1,1,1,2,8,0.875,0.875,1.0,0.8,0,2,2,4,5,1,0,1,3,0,2,1,0.125,UR,0.7219280948873623,1,4,0,0,3,0.2,0.8,0.0,0.0,0.375,UR,0.0,0.25,0.0,0.0,2,ul,midline,ur,0,1,0,0,0
1,1,size7_comp0.2_grid1_base_medium,7,0.2,medium,base,base,3,4,7,3,2,1,1,1,1,1,4,11,0.6363636363636364,0.8181818181818182,0.8,0.8333333333333334,0,2,4,5,2,2,1,5,5,5,1,0,0.0,UR,0.5916727785823275,1,6,0,0,4,0.14285714285714285,0.8571428571428571,0.0,0.0,0.36363636363636365,UR,0.0,0.09090909090909091,0.0,0.0,1,ul,midline,ur,0,1,0,0,0
2,1,size7_comp0.2_grid1_base_medium,7,0.2,medium,base,base,3,4,7,3,2,1,1,1,1,1,2,9,0.7777777777777778,0.8888888888888888,1.0,0.8333333333333334,0,2,3,4,4,0,2,2,3,2,1,0,0.0,UR,0.6500224216483541,1,5,0,0,3,0.16666666666666666,0.8333333333333334,0.0,0.0,0.3333333333333333,UR,0.0,0.1111111111111111,0.0,0.0,1,ul,midline,ur,0,1,0,0,0
3,1,size7_comp0.2_grid1_base_medium,7,0.2,medium,base,base,3,4,7,3,2,1,1,1,1,1,4,12,0.5833333333333334,0.75,0.8,0.7142857142857143,1,3,3,5,2,2,3,4,6,3,1,1,0.08333333333333333,UR,0.5916727785823275,1,6,0,0,5,0.14285714285714285,0.8571428571428571,0.0,0.0,0.4166666666666667,UR,0.0,0.08333333333333333,0.0,0.0,1,ul,midline,ur,0,1,0,0,0
4,1,size7_comp0.2_grid1_base_medium,7,0.2,medium,base,base,3,4,7,3,2,1,1,1,1,1,2,17,0.4117647058823529,0.5294117647058824,1.0,0.42857142857142855,6,2,4,5,6,4,3,3,11,2,7,6,0.35294117647058826,UR,0.37123232664087563,1,13,0,0,3,0.07142857142857142,0.9285714285714286,0.0,0.0,0.17647058823529413,UR,0.0,0.35294117647058826,0.0,0.0,5,ul,midline,ur,0,1,0,0,0
5,1,size7_comp0.2_grid1_base_medium,7,0.2,medium,base,base,3,4,7,3,2,1,1,1,1,1,2,7,1.0,1.0,1.0,1.0,0,2,2,3,4,1,0,1,2,1,1,0,0.0,UR,0.8112781244591328,1,3,0,0,3,0.25,0.75,0.0,0.0,0.42857142857142855,UR,0.0,0.14285714285714285,0.0,0.0,1,ul,midline,ur,0,1,0,0,0
6,1,size7_comp0.2_grid1_base_medium,7,0.2,medium,base,base,3,4,7,3,2,1,1,1,1,1,6,23,0.30434782608695654,0.6086956521739131,0.7142857142857143,0.5625,6,6,5,6,4,9,5,4,16,4,5,2,0.08695652173913043,UR,0.6962122601251458,3,13,0,0,7,0.1875,0.8125,0.0,0.0,0.30434782608695654,UR,0.0,0.17391304347826086,0.0,0.0,3,ul,midline,ur,0,1,0,0,0
7,1,size7_comp0.2_grid1_base_medium,7,0.2,medium,base,base,3,4,7,3,2,1,1,1,1,1,2,9,0.7777777777777778,0.8888888888888888,1.0,0.8333333333333334,0,2,3,4,4,0,2,2,3,2,1,0,0.0,UR,0.6500224216483541,1,5,0,0,3,0.16666666666666666,0.8333333333333334,0.0,0.0,0.3333333333333333,UR,0.0,0.1111111111111111,0.0,0.0,1,ul,midline,ur,0,1,0,0,0
8,1,size7_comp0.2_grid1_base_medium,7,0.2,medium,base,base,3,4,7,3,2,1,1,1,1,1,4,15,0.4666666666666667,0.6666666666666666,0.8,0.6,4,4,3,4,3,5,2,4,8,4,5,2,0.13333333333333333,UR,0.41381685030363374,1,11,0,0,3,0.08333333333333333,0.9166666666666666,0.0,0.0,0.2,UR,0.0,0.26666666666666666,0.0,0.0,3,ul,midline,ur,0,1,0,0,0
9,1,size7_comp0.2_grid1_base_medium,7,0.2,medium,base,base,3,4,7,3,2,1,1,1,1,1,2,8,0.875,0.875,1.0,0.8,1,2,2,3,2,4,1,0,2,0,2,1,0.125,UR,0.6500224216483541,1,5,0,0,2,0.16666666666666666,0.8333333333333334,0.0,0.0,0.25,UR,0.0,0.25,0.0,0.0,2,ul,midline,ur,0,1,0,0,0
0,2,size7_comp0.2_grid2_base_medium,7,0.2,medium,base,base,6,3,9,5,3,1,1,1,1,1,5,11,0.8181818181818182,0.8181818181818182,1.0,0.6,3,3,1,4,2,5,3,0,2,0,1,2,0.18181818181818182,DR,1.3516441151533924,1,0,3,5,2,0.1111111111111111,0.0,0.3333333333333333,0.5555555555555556,0.18181818181818182,DR,0.0,0.0,0.0,0.09090909090909091,1,ul,midline,dr,0,1,0,0,0
1,2,size7_comp0.2_grid2_base_medium,7,0.2,medium,base,base,6,3,9,5,3,1,1,1,1,1,5,9,1.0,1.0,1.0,1.0,2,3,0,4,3,3,2,0,0,0,0,0,0.0,DR,1.4591479170272448,2,0,1,3,3,0.3333333333333333,0.0,0.16666666666666666,0.5,0.3333333333333333,DR,0.0,0.0,0.0,0.1111111111111111,1,ul,midline,dr,0,1,0,0,0
2,2,size7_comp0.2_grid2_base_medium,7,0.2,medium,base,base,6,3,9,5,3,1,1,1,1,1,5,10,0.9,0.9,1.0,0.75,2,3,1,4,3,4,2,0,1,0,0,1,0.1,DR,1.3787834934861753,1,0,2,4,3,0.14285714285714285,0.0,0.2857142857142857,0.5714285714285714,0.3,DR,0.0,0.0,0.0,0.1,1,ul,midline,dr,0,1,0,0,0
3,2,size7_comp0.2_grid2_base_medium,7,0.2,medium,base,base,6,3,9,5,3,1,1,1,1,1,5,9,1.0,1.0,1.0,1.0,2,3,0,4,6,2,0,0,0,0,0,0,0.0,DL,1.4488156357251847,1,0,3,3,2,0.14285714285714285,0.0,0.42857142857142855,0.42857142857142855,0.2222222222222222,DL,0.0,0.0,0.1111111111111111,0.1111111111111111,1,ul,midline,dr,0,0,0,0,0
4,2,size7_comp0.2_grid2_base_medium,7,0.2,medium,base,base,6,3,9,5,3,1,1,1,1,1,6,14,0.6428571428571429,0.7857142857142857,0.8571428571428571,0.7142857142857143,3,4,1,6,2,3,5,3,6,3,1,1,0.07142857142857142,UL,0.9182958340544896,2,0,0,1,11,0.6666666666666666,0.0,0.0,0.3333333333333333,0.7857142857142857,,0.0,0.0,0.0,0.0,0,ul,midline,dr,1,0,0,0,0
5,2,size7_comp0.2_grid2_base_medium,7,0.2,medium,base,base,6,3,9,5,3,1,1,1,1,1,5,11,0.8181818181818182,0.9090909090909091,1.0,0.8,2,3,1,5,4,3,1,2,2,2,2,0,0.0,DR,1.2987949406953985,1,0,2,5,3,0.125,0.0,0.25,0.625,0.2727272727272727,DR,0.0,0.0,0.0,0.18181818181818182,1,ul,midline,dr,0,1,0,0,0
6,2,size7_comp0.2_grid2_base_medium,7,0.2,medium,base,base,6,3,9,5,3,1,1,1,1,1,5,11,0.8181818181818182,0.9090909090909091,1.0,0.8,2,3,1,5,4,3,1,2,2,2,2,0,0.0,DR,1.3787834934861753,1,0,2,4,4,0.14285714285714285,0.0,0.2857142857142857,0.5714285714285714,0.36363636363636365,DR,0.0,0.0,0.0,0.09090909090909091,1,ul,midline,dr,0,1,0,0,0
7,2,size7_comp0.2_grid2_base_medium,7,0.2,medium,base,base,6,3,9,5,3,1,1,1,1,1,7,11,0.8181818181818182,0.9090909090909091,0.875,1.0,2,3,1,5,4,4,1,1,1,1,0,0,0.0,UL,1.584962500721156,3,0,3,3,2,0.3333333333333333,0.0,0.3333333333333333,0.3333333333333333,0.18181818181818182,DR,0.0,0.0,0.0,0.09090909090909091,1,ul,midline,dr,1,0,0,0,0
8,2,size7_comp0.2_grid2_base_medium,7,0.2,medium,base,base,6,3,9,5,3,1,1,1,1,1,9,15,0.6,0.7333333333333333,0.7,0.8,2,5,2,6,3,4,4,3,6,3,2,2,0.13333333333333333,DR,1.3516441151533924,1,0,3,5,6,0.1111111111111111,0.0,0.3333333333333333,0.5555555555555556,0.4,DR,0.0,0.0,0.0,0.13333333333333333,1,ul,midline,dr,0,1,0,0,0
9,2,size7_comp0.2_grid2_base_medium,7,0.2,medium,base,base,6,3,9,5,3,1,1,1,1,1,5,10,0.9,0.9,1.0,0.75,2,3,1,4,4,3,2,0,1,0,0,1,0.1,DR,1.5,2,0,2,4,2,0.25,0.0,0.25,0.5,0.2,DR,0.0,0.0,0.0,0.1,1,ul,midline,dr,0,1,0,0,0
0,3,size7_comp0.2_grid3_base_medium,7,0.2,medium,base,base,7,4,11,3,4,1,1,1,1,1,8,13,0.8461538461538461,0.9230769230769231,0.8888888888888888,1.0,2,3,3,5,2,3,4,3,4,3,1,0,0.0,UL,1.5,2,1,0,1,9,0.5,0.25,0.0,0.25,0.6923076923076923,,0.0,0.0,0.0,0.0,0,midline,midline,ur,0,0,0,0,0
1,3,size7_comp0.2_grid3_base_medium,7,0.2,medium,base,base,7,4,11,3,4,1,1,1,1,1,12,21,0.5238095238095238,0.7619047619047619,0.7692307692307693,0.75,6,7,3,5,8,4,2,6,9,6,0,0,0.0,UR,0.9852281360342515,3,4,0,0,14,0.42857142857142855,0.5714285714285714,0.0,0.0,0.6666666666666666,UL,0.047619047619047616,0.047619047619047616,0.0,0.0,1,midline,midline,ur,0,1,0,0,0
2,3,size7_comp0.2_grid3_base_medium,7,0.2,medium,base,base,7,4,11,3,4,1,1,1,1,1,7,12,0.9166666666666666,0.9166666666666666,0.875,1.0,2,3,2,5,5,2,4,0,1,0,0,1,0.08333333333333333,UL,1.561278124459133,3,3,0,2,4,0.375,0.375,0.0,0.25,0.3333333333333333,UR,0.0,0.08333333333333333,0.0,0.0,1,midline,midline,ur,0,0,0,0,0
3,3,size7_comp0.2_grid3_base_medium,7,0.2,medium,base,base,7,4,11,3,4,1,1,1,1,1,8,13,0.8461538461538461,0.8461538461538461,0.7777777777777778,1.0,3,4,2,4,2,4,5,1,2,0,0,2,0.15384615384615385,UR,1.2987949406953985,2,5,0,1,5,0.25,0.625,0.0,0.125,0.38461538461538464,UR,0.0,0.15384615384615385,0.0,0.0,2,midline,midline,ur,0,1,0,0,0
4,3,size7_comp0.2_grid3_base_medium,7,0.2,medium,base,base,7,4,11,3,4,1,1,1,1,1,8,13,0.8461538461538461,0.9230769230769231,0.8888888888888888,1.0,3,4,2,4,3,2,6,1,1,1,0,0,0.0,UL,1.0,3,3,0,0,7,0.5,0.5,0.0,0.0,0.5384615384615384,UR,0.0,0.07692307692307693,0.0,0.0,1,midline,midline,ur,0,0,0,0,0
5,3,size7_comp0.2_grid3_base_medium,7,0.2,medium,base,base,7,4,11,3,4,1,1,1,1,1,13,18,0.6111111111111112,0.7777777777777778,0.7142857142857143,1.0,5,7,2,4,7,2,6,2,5,2,0,1,0.05555555555555555,UR,1.5304930567574826,2,4,3,0,9,0.2222222222222222,0.4444444444444444,0.3333333333333333,0.0,0.5,UR,0.0,0.05555555555555555,0.05555555555555555,0.0,1,midline,midline,ur,0,1,0,0,0
6,3,size7_comp0.2_grid3_base_medium,7,0.2,medium,base,base,7,4,11,3,4,1,1,1,1,1,6,15,0.7333333333333333,0.8666666666666667,1.0,0.75,3,4,3,5,5,3,3,3,3,3,0,0,0.0,UL,1.4488156357251847,3,3,0,1,8,0.42857142857142855,0.42857142857142855,0.0,0.14285714285714285,0.5333333333333333,UL,0.06666666666666667,0.06666666666666667,0.0,0.0,1,midline,midline,ur,0,0,0,0,0
7,3,size7_comp0.2_grid3_base_medium,7,0.2,medium,base,base,7,4,11,3,4,1,1,1,1,1,6,13,0.8461538461538461,0.9230769230769231,1.0,0.8333333333333334,3,4,2,4,5,3,3,1,3,1,1,0,0.0,UR,0.954434002924965,3,5,0,0,5,0.375,0.625,0.0,0.0,0.38461538461538464,UR,0.0,0.15384615384615385,0.0,0.0,1,midline,midline,ur,0,1,0,0,0
8,3,size7_comp0.2_grid3_base_medium,7,0.2,medium,base,base,7,4,11,3,4,1,1,1,1,1,8,16,0.6875,0.8125,0.8888888888888888,0.7142857142857143,4,5,3,4,3,6,4,2,3,2,1,1,0.0625,UL,1.3921472236645345,4,4,0,1,7,0.4444444444444444,0.4444444444444444,0.0,0.1111111111111111,0.4375,UL,0.0625,0.0625,0.0,0.0,1,midline,midline,ur,0,0,0,0,0
9,3,size7_comp0.2_grid3_base_medium,7,0.2,medium,base,base,7,4,11,3,4,1,1,1,1,1,7,14,0.7857142857142857,0.8571428571428571,0.875,0.8333333333333334,2,3,3,6,3,3,5,2,3,2,0,1,0.07142857142857142,UL,1.4488156357251847,3,3,0,1,7,0.42857142857142855,0.42857142857142855,0.0,0.14285714285714285,0.5,UR,0.0,0.07142857142857142,0.0,0.0,1,midline,midline,ur,0,0,0,0,0
0,4,size7_comp0.2_grid4_base_medium,7,0.2,medium,base,base,4,5,9,5,2,1,1,1,1,1,3,9,1.0,1.0,1.0,1.0,3,3,3,0,1,3,3,1,1,1,1,0,0.0,UR,1.0,0,1,1,0,7,0.0,0.5,0.5,0.0,0.7777777777777778,,0.0,0.0,0.0,0.0,0,ur,ul,midline,1,0,0,0,0
1,4,size7_comp0.2_grid4_base_medium,7,0.2,medium,base,base,4,5,9,5,2,1,1,1,1,1,3,9,1.0,1.0,1.0,1.0,3,3,3,0,2,3,2,1,1,1,1,0,0.0,UR,1.0,0,1,1,0,7,0.0,0.5,0.5,0.0,0.7777777777777778,,0.0,0.0,0.0,0.0,0,ur,ul,midline,1,0,0,0,0
2,4,size7_comp0.2_grid4_base_medium,7,0.2,medium,base,base,4,5,9,5,2,1,1,1,1,1,5,11,0.8181818181818182,0.9090909090909091,0.8333333333333334,1.0,3,3,4,1,4,2,3,1,1,1,0,0,0.0,UR,1.0,0,3,3,0,5,0.0,0.5,0.5,0.0,0.45454545454545453,,0.0,0.0,0.0,0.0,0,ur,ul,midline,1,0,0,0,0
3,4,size7_comp0.2_grid4_base_medium,7,0.2,medium,base,base,4,5,9,5,2,1,1,1,1,1,5,11,0.8181818181818182,0.9090909090909091,0.8333333333333334,1.0,3,3,4,1,4,3,2,1,1,1,0,0,0.0,DL,0.8112781244591328,0,1,3,0,7,0.0,0.25,0.75,0.0,0.6363636363636364,DL,0.0,0.0,0.09090909090909091,0.0,1,ur,ul,midline,0,0,0,0,0
4,4,size7_comp0.2_grid4_base_medium,7,0.2,medium,base,base,4,5,9,5,2,1,1,1,1,1,5,11,0.8181818181818182,0.9090909090909091,0.8333333333333334,1.0,3,3,4,1,3,3,4,0,0,0,0,0,0.0,DL,1.3709505944546687,0,1,3,1,6,0.0,0.2,0.6,0.2,0.5454545454545454,DL,0.0,0.0,0.09090909090909091,0.0,1,ur,ul,midline,0,0,0,0,0
5,4,size7_comp0.2_grid4_base_medium,7,0.2,medium,base,base,4,5,9,5,2,1,1,1,1,1,7,18,0.5,0.7222222222222222,0.75,0.7,6,6,5,1,2,7,4,4,7,4,1,1,0.05555555555555555,DL,1.2516291673878228,0,1,4,1,12,0.0,0.16666666666666666,0.6666666666666666,0.16666666666666666,0.6666666666666666,,0.0,0.0,0.0,0.0,0,ur,ul,midline,0,0,0,0,0
6,4,size7_comp0.2_grid4_base_medium,7,0.2,medium,base,base,4,5,9,5,2,1,1,1,1,1,3,11,0.8181818181818182,0.9090909090909091,1.0,0.8571428571428571,4,4,3,0,6,3,0,1,3,1,1,0,0.0,UL,0.9182958340544896,2,1,0,0,8,0.6666666666666666,0.3333333333333333,0.0,0.0,0.7272727272727273,UL,0.09090909090909091,0.0,0.0,0.0,1,ur,ul,midline,0,0,0,0,0
7,4,size7_comp0.2_grid4_base_medium,7,0.2,medium,base,base,4,5,9,5,2,1,1,1,1,1,3,9,1.0,1.0,1.0,1.0,3,3,3,0,4,2,1,1,1,1,1,0,0.0,DL,0.9182958340544896,0,1,2,0,6,0.0,0.3333333333333333,0.6666666666666666,0.0,0.6666666666666666,,0.0,0.0,0.0,0.0,0,ur,ul,midline,0,0,0,0,0
8,4,size7_comp0.2_grid4_base_medium,7,0.2,medium,base,base,4,5,9,5,2,1,1,1,1,1,3,9,1.0,1.0,1.0,1.0,3,3,3,0,4,1,3,0,0,0,0,0,0.0,DL,1.3709505944546687,0,1,3,1,4,0.0,0.2,0.6,0.2,0.4444444444444444,DL,0.0,0.0,0.1111111111111111,0.0,1,ur,ul,midline,0,0,0,0,0
9,4,size7_comp0.2_grid4_base_medium,7,0.2,medium,base,base,4,5,9,5,2,1,1,1,1,1,3,9,1.0,1.0,1.0,1.0,3,3,3,0,1,3,3,1,1,1,1,0,0.0,UR,1.0,0,1,1,0,7,0.0,0.5,0.5,0.0,0.7777777777777778,,0.0,0.0,0.0,0.0,0,ur,ul,midline,1,0,0,0,0
0,5,size7_comp0.2_grid5_base_medium,7,0.2,medium,base,base,6,5,11,3,4,1,1,1,1,1,5,11,1.0,1.0,1.0,1.0,4,3,3,1,5,2,2,1,3,1,1,0,0.0,UR,1.0,0,1,1,0,9,0.0,0.5,0.5,0.0,0.8181818181818182,,0.0,0.0,0.0,0.0,0,ur,midline,dl,1,0,0,0,0
1,5,size7_comp0.2_grid5_base_medium,7,0.2,medium,base,base,6,5,11,3,4,1,1,1,1,1,7,15,0.7333333333333333,0.8666666666666667,0.875,0.8571428571428571,5,4,4,2,4,4,2,4,6,4,1,0,0.0,UL,1.584962500721156,1,1,1,0,12,0.3333333333333333,0.3333333333333333,0.3333333333333333,0.0,0.8,,0.0,0.0,0.0,0.0,0,ur,midline,dl,0,0,0,0,0
2,5,size7_comp0.2_grid5_base_medium,7,0.2,medium,base,base,6,5,11,3,4,1,1,1,1,1,5,12,0.9166666666666666,0.9166666666666666,1.0,0.8333333333333334,5,3,3,1,5,2,4,0,2,0,2,1,0.08333333333333333,DR,1.4591479170272448,0,1,2,3,6,0.0,0.16666666666666666,0.3333333333333333,0.5,0.5,,0.0,0.0,0.0,0.0,0,ur,midline,dl,0,0,0,0,0
3,5,size7_comp0.2_grid5_base_medium,7,0.2,medium,base,base,6,5,11,3,4,1,1,1,1,1,10,18,0.6111111111111112,0.7777777777777778,0.7272727272727273,0.8571428571428571,5,4,5,4,4,4,6,3,6,3,1,1,0.05555555555555555,DR,1.7609640474436812,2,2,1,5,8,0.2,0.2,0.1,0.5,0.4444444444444444,,0.0,0.0,0.0,0.0,0,ur,midline,dl,0,0,0,0,0
4,5,size7_comp0.2_grid5_base_medium,7,0.2,medium,base,base,6,5,11,3,4,1,1,1,1,1,7,13,0.8461538461538461,0.9230769230769231,0.875,1.0,5,4,3,1,4,4,2,2,3,2,1,0,0.0,DR,1.3709505944546687,0,1,1,3,8,0.0,0.2,0.2,0.6,0.6153846153846154,,0.0,0.0,0.0,0.0,0,ur,midline,dl,0,0,0,0,0
5,5,size7_comp0.2_grid5_base_medium,7,0.2,medium,base,base,6,5,11,3,4,1,1,1,1,1,6,17,0.6470588235294118,0.7647058823529411,0.8571428571428571,0.7,5,3,6,3,1,5,9,1,6,1,2,2,0.11764705882352941,UL,1.5566567074628228,3,2,2,0,10,0.42857142857142855,0.2857142857142857,0.2857142857142857,0.0,0.5882352941176471,,0.0,0.0,0.0,0.0,0,ur,midline,dl,0,0,0,0,0
6,5,size7_comp0.2_grid5_base_medium,7,0.2,medium,base,base,6,5,11,3,4,1,1,1,1,1,7,13,0.8461538461538461,0.9230769230769231,0.875,1.0,4,3,4,2,5,2,3,2,3,2,1,0,0.0,DR,1.4591479170272448,0,2,1,3,7,0.0,0.3333333333333333,0.16666666666666666,0.5,0.5384615384615384,,0.0,0.0,0.0,0.0,0,ur,midline,dl,0,0,0,0,0
7,5,size7_comp0.2_grid5_base_medium,7,0.2,medium,base,base,6,5,11,3,4,1,1,1,1,1,8,14,0.7857142857142857,0.8571428571428571,0.7777777777777778,1.0,5,4,3,2,5,2,3,3,5,2,1,1,0.07142857142857142,UR,1.3709505944546687,0,3,1,1,9,0.0,0.6,0.2,0.2,0.6428571428571429,,0.0,0.0,0.0,0.0,0,ur,midline,dl,1,0,0,0,0
8,5,size7_comp0.2_grid5_base_medium,7,0.2,medium,base,base,6,5,11,3,4,1,1,1,1,1,10,17,0.6470588235294118,0.7647058823529411,0.7272727272727273,0.8333333333333334,5,4,5,3,5,5,2,4,9,3,1,2,0.11764705882352941,UR,0.5916727785823275,0,6,1,0,10,0.0,0.8571428571428571,0.14285714285714285,0.0,0.5882352941176471,,0.0,0.0,0.0,0.0,0,ur,midline,dl,1,0,0,0,0
9,5,size7_comp0.2_grid5_base_medium,7,0.2,medium,base,base,6,5,11,3,4,1,1,1,1,1,5,11,1.0,1.0,1.0,1.0,4,3,3,1,5,2,2,1,2,1,1,0,0.0,DR,1.5,0,1,1,2,7,0.0,0.25,0.25,0.5,0.6363636363636364,,0.0,0.0,0.0,0.0,0,ur,midline,dl,0,0,0,0,0
0,6,size7_comp0.2_grid6_base_medium,7,0.2,medium,base,base,3,3,6,4,1,1,1,1,1,1,6,12,0.5,0.75,0.7142857142857143,0.8,2,2,2,6,3,1,5,2,5,2,0,0,0.0,UL,-0.0,3,0,0,0,9,1.0,0.0,0.0,0.0,0.75,,0.0,0.0,0.0,0.0,0,midline,midline,midline,0,0,0,0,0
1,6,size7_comp0.2_grid6_base_medium,7,0.2,medium,base,base,3,3,6,4,1,1,1,1,1,1,4,8,0.75,0.875,0.8,1.0,2,2,0,4,1,1,4,1,1,1,0,0,0.0,UL,-0.0,3,0,0,0,5,1.0,0.0,0.0,0.0,0.625,,0.0,0.0,0.0,0.0,0,midline,midline,midline,0,0,0,0,0
2,6,size7_comp0.2_grid6_base_medium,7,0.2,medium,base,base,3,3,6,4,1,1,1,1,1,1,2,6,1.0,1.0,1.0,1.0,1,1,0,4,2,1,2,0,0,0,0,0,0.0,UL,-0.0,2,0,0,0,4,1.0,0.0,0.0,0.0,0.6666666666666666,,0.0,0.0,0.0,0.0,0,midline,midline,midline,0,0,0,0,0
3,6,size7_comp0.2_grid6_base_medium,7,0.2,medium,base,base,3,3,6,4,1,1,1,1,1,1,8,12,0.5,0.75,0.6666666666666666,1.0,4,4,0,4,2,2,3,4,4,4,0,0,0.0,UL,1.0,2,0,2,0,8,0.5,0.0,0.5,0.0,0.6666666666666666,,0.0,0.0,0.0,0.0,0,midline,midline,midline,0,0,0,0,0
4,6,size7_comp0.2_grid6_base_medium,7,0.2,medium,base,base,3,3,6,4,1,1,1,1,1,1,4,9,0.6666666666666666,0.7777777777777778,0.8,0.75,2,2,0,5,3,1,3,1,2,1,1,1,0.1111111111111111,UL,1.0,1,0,1,0,7,0.5,0.0,0.5,0.0,0.7777777777777778,,0.0,0.0,0.0,0.0,0,midline,midline,midline,0,0,0,0,0
5,6,size7_comp0.2_grid6_base_medium,7,0.2,medium,base,base,3,3,6,4,1,1,1,1,1,1,2,6,1.0,1.0,1.0,1.0,1,1,0,4,2,1,2,0,0,0,0,0,0.0,UL,-0.0,2,0,0,0,4,1.0,0.0,0.0,0.0,0.6666666666666666,,0.0,0.0,0.0,0.0,0,midline,midline,midline,0,0,0,0,0
6,6,size7_comp0.2_grid6_base_medium,7,0.2,medium,base,base,3,3,6,4,1,1,1,1,1,1,4,8,0.75,0.875,0.8,1.0,2,2,0,4,1,1,4,1,1,1,0,0,0.0,UL,-0.0,3,0,0,0,5,1.0,0.0,0.0,0.0,0.625,,0.0,0.0,0.0,0.0,0,midline,midline,midline,0,0,0,0,0
7,6,size7_comp0.2_grid6_base_medium,7,0.2,medium,base,base,3,3,6,4,1,1,1,1,1,1,2,6,1.0,1.0,1.0,1.0,1,1,0,4,2,1,2,0,0,0,0,0,0.0,UL,-0.0,2,0,0,0,4,1.0,0.0,0.0,0.0,0.6666666666666666,,0.0,0.0,0.0,0.0,0,midline,midline,midline,0,0,0,0,0
8,6,size7_comp0.2_grid6_base_medium,7,0.2,medium,base,base,3,3,6,4,1,1,1,1,1,1,2,7,0.8571428571428571,0.8571428571428571,1.0,0.75,1,1,0,5,2,2,2,0,1,0,1,1,0.14285714285714285,UL,-0.0,1,0,0,0,6,1.0,0.0,0.0,0.0,0.8571428571428571,,0.0,0.0,0.0,0.0,0,midline,midline,midline,0,0,0,0,0
9,6,size7_comp0.2_grid6_base_medium,7,0.2,medium,base,base,3,3,6,4,1,1,1,1,1,1,2,6,1.0,1.0,1.0,1.0,1,1,0,4,1,2,2,0,0,0,0,0,0.0,UL,-0.0,1,0,0,0,5,1.0,0.0,0.0,0.0,0.8333333333333334,,0.0,0.0,0.0,0.0,0,midline,midline,midline,0,0,0,0,0
0,7,size7_comp0.2_grid7_base_medium,7,0.2,medium,base,base,6,3,9,3,3,1,1,1,1,1,6,10,0.9,0.9,0.8571428571428571,1.0,3,1,4,2,2,3,3,1,3,1,1,1,0.1,UL,1.0,3,3,0,0,4,0.5,0.5,0.0,0.0,0.4,UL,0.1,0.0,0.0,0.0,1,midline,midline,ul,0,1,0,0,0
1,7,size7_comp0.2_grid7_base_medium,7,0.2,medium,base,base,6,3,9,3,3,1,1,1,1,0,-1,3,0.0,1.0,1.0,0.0,1,0,2,0,0,1,1,0,0,0,0,0,0.0,UR,-0.0,0,1,0,0,2,0.0,1.0,0.0,0.0,0.6666666666666666,,0.0,0.0,0.0,0.0,0,midline,midline,ul,0,0,0,0,0
2,7,size7_comp0.2_grid7_base_medium,7,0.2,medium,base,base,6,3,9,3,3,1,1,1,1,1,5,9,1.0,1.0,1.0,1.0,2,1,4,2,5,0,3,0,0,0,0,0,0.0,UL,-0.0,3,0,0,0,6,1.0,0.0,0.0,0.0,0.6666666666666666,UL,0.1111111111111111,0.0,0.0,0.0,1,midline,midline,ul,0,1,0,0,0
3,7,size7_comp0.2_grid7_base_medium,7,0.2,medium,base,base,6,3,9,3,3,1,1,1,1,1,5,9,1.0,1.0,1.0,1.0,2,1,4,2,5,1,1,1,2,1,1,0,0.0,UL,1.0,3,3,0,0,3,0.5,0.5,0.0,0.0,0.3333333333333333,UL,0.1111111111111111,0.1111111111111111,0.0,0.0,1,midline,midline,ul,0,1,0,0,0
4,7,size7_comp0.2_grid7_base_medium,7,0.2,medium,base,base,6,3,9,3,3,1,1,1,1,1,9,13,0.6923076923076923,0.6923076923076923,0.6,1.0,6,1,4,2,7,2,2,1,6,1,1,4,0.3076923076923077,UR,0.9852281360342515,3,4,0,0,6,0.42857142857142855,0.5714285714285714,0.0,0.0,0.46153846153846156,UR,0.07692307692307693,0.15384615384615385,0.0,0.0,2,midline,midline,ul,0,0,0,0,0
5,7,size7_comp0.2_grid7_base_medium,7,0.2,medium,base,base,6,3,9,3,3,1,1,1,1,1,5,9,1.0,1.0,1.0,1.0,2,1,4,2,5,1,1,1,2,1,1,0,0.0,UL,1.0,3,3,0,0,3,0.5,0.5,0.0,0.0,0.3333333333333333,UL,0.1111111111111111,0.1111111111111111,0.0,0.0,1,midline,midline,ul,0,1,0,0,0
6,7,size7_comp0.2_grid7_base_medium,7,0.2,medium,base,base,6,3,9,3,3,1,1,1,1,1,5,9,1.0,1.0,1.0,1.0,2,1,4,2,5,0,3,0,0,0,0,0,0.0,UL,-0.0,3,0,0,0,6,1.0,0.0,0.0,0.0,0.6666666666666666,UL,0.1111111111111111,0.0,0.0,0.0,1,midline,midline,ul,0,1,0,0,0
7,7,size7_comp0.2_grid7_base_medium,7,0.2,medium,base,base,6,3,9,3,3,1,1,1,1,1,6,10,0.9,0.9,0.8571428571428571,1.0,3,1,4,2,6,1,1,1,3,1,1,1,0.1,UR,0.9852281360342515,3,4,0,0,3,0.42857142857142855,0.5714285714285714,0.0,0.0,0.3,UR,0.1,0.2,0.0,0.0,2,midline,midline,ul,0,0,0,0,0
8,7,size7_comp0.2_grid7_base_medium,7,0.2,medium,base,base,6,3,9,3,3,1,1,1,1,1,6,10,0.9,0.9,0.8571428571428571,1.0,3,1,4,2,4,2,2,1,3,1,1,1,0.1,UL,1.0,3,3,0,0,4,0.5,0.5,0.0,0.0,0.4,UL,0.1,0.1,0.0,0.0,1,midline,midline,ul,0,1,0,0,0
9,7,size7_comp0.2_grid7_base_medium,7,0.2,medium,base,base,6,3,9,3,3,1,1,1,1,1,5,9,1.0,1.0,1.0,1.0,2,1,4,2,5,1,1,1,2,1,1,0,0.0,UL,1.0,3,3,0,0,3,0.5,0.5,0.0,0.0,0.3333333333333333,UL,0.1111111111111111,0.1111111111111111,0.0,0.0,1,midline,midline,ul,0,1,0,0,0
0,8,size7_comp0.2_grid8_base_medium,7,0.2,medium,base,base,3,3,6,6,0,1,1,1,1,1,6,12,0.5,0.75,0.7142857142857143,0.8,2,4,5,1,2,2,4,3,4,3,1,0,0.0,DR,0.7219280948873623,0,0,2,8,2,0.0,0.0,0.2,0.8,0.16666666666666666,DR,0.0,0.0,0.0,0.16666666666666666,1,midline,dl,dr,0,1,0,0,0
1,8,size7_comp0.2_grid8_base_medium,7,0.2,medium,base,base,3,3,6,6,0,1,1,1,1,1,2,6,1.0,1.0,1.0,1.0,0,2,4,0,4,0,1,0,0,0,0,0,0.0,DR,0.8112781244591328,0,0,1,3,2,0.0,0.0,0.25,0.75,0.3333333333333333,DR,0.0,0.0,0.0,0.16666666666666666,1,midline,dl,dr,0,1,0,0,0
2,8,size7_comp0.2_grid8_base_medium,7,0.2,medium,base,base,3,3,6,6,0,1,1,1,1,1,2,6,1.0,1.0,1.0,1.0,0,2,4,0,4,0,1,0,0,0,0,0,0.0,DR,0.8112781244591328,0,0,1,3,2,0.0,0.0,0.25,0.75,0.3333333333333333,DR,0.0,0.0,0.0,0.16666666666666666,1,midline,dl,dr,0,1,0,0,0
3,8,size7_comp0.2_grid8_base_medium,7,0.2,medium,base,base,3,3,6,6,0,1,1,1,1,1,2,6,1.0,1.0,1.0,1.0,0,2,4,0,3,1,1,0,0,0,0,0,0.0,DR,0.9182958340544896,0,0,1,2,3,0.0,0.0,0.3333333333333333,0.6666666666666666,0.5,,0.0,0.0,0.0,0.0,0,midline,dl,dr,0,1,0,0,0
4,8,size7_comp0.2_grid8_base_medium,7,0.2,medium,base,base,3,3,6,6,0,1,1,1,1,1,2,6,1.0,1.0,1.0,1.0,0,2,4,0,4,0,1,0,0,0,0,0,0.0,DR,0.8112781244591328,0,0,1,3,2,0.0,0.0,0.25,0.75,0.3333333333333333,DR,0.0,0.0,0.0,0.16666666666666666,1,midline,dl,dr,0,1,0,0,0
5,8,size7_comp0.2_grid8_base_medium,7,0.2,medium,base,base,3,3,6,6,0,1,1,1,1,1,5,9,0.6666666666666666,0.7777777777777778,0.6666666666666666,1.0,1,3,4,1,3,2,1,2,2,1,0,1,0.1111111111111111,DR,1.5,0,1,1,2,5,0.0,0.25,0.25,0.5,0.5555555555555556,,0.0,0.0,0.0,0.0,0,midline,dl,dr,0,1,0,0,0
6,8,size7_comp0.2_grid8_base_medium,7,0.2,medium,base,base,3,3,6,6,0,1,1,1,1,1,4,8,0.75,0.875,0.8,1.0,1,3,4,0,2,1,2,2,2,2,0,0,0.0,DR,0.7219280948873623,0,0,1,4,3,0.0,0.0,0.2,0.8,0.375,,0.0,0.0,0.0,0.0,0,midline,dl,dr,0,1,0,0,0
7,8,size7_comp0.2_grid8_base_medium,7,0.2,medium,base,base,3,3,6,6,0,1,1,1,1,1,7,13,0.46153846153846156,0.6923076923076923,0.625,0.8,2,4,5,2,2,3,6,1,4,1,0,1,0.07692307692307693,DR,0.8112781244591328,0,0,2,6,5,0.0,0.0,0.25,0.75,0.38461538461538464,DR,0.0,0.0,0.0,0.07692307692307693,1,midline,dl,dr,0,1,0,0,0
8,8,size7_comp0.2_grid8_base_medium,7,0.2,medium,base,base,3,3,6,6,0,1,1,1,1,1,4,12,0.5,0.75,0.8,0.7142857142857143,2,4,5,1,1,0,7,3,3,3,0,0,0.0,DR,0.954434002924965,0,0,3,5,4,0.0,0.0,0.375,0.625,0.3333333333333333,DR,0.0,0.0,0.0,0.08333333333333333,1,midline,dl,dr,0,1,0,0,0
9,8,size7_comp0.2_grid8_base_medium,7,0.2,medium,base,base,3,3,6,6,0,1,1,1,1,1,2,8,0.75,0.875,1.0,0.8,1,3,4,0,2,2,3,0,0,0,0,0,0.0,DR,0.7219280948873623,0,0,1,4,3,0.0,0.0,0.2,0.8,0.375,DR,0.0,0.0,0.0,0.125,1,midline,dl,dr,0,1,0,0,0
0,9,size7_comp0.2_grid9_base_medium,7,0.2,medium,base,base,7,3,10,4,3,1,1,1,1,1,6,11,0.9090909090909091,0.9090909090909091,1.0,0.75,4,1,3,3,4,4,2,0,2,0,2,1,0.09090909090909091,DR,1.4591479170272448,2,1,0,3,5,0.3333333333333333,0.16666666666666666,0.0,0.5,0.45454545454545453,DR,0.0,0.0,0.0,0.09090909090909091,1,dr,ur,ul,1,0,0,0,0
1,9,size7_comp0.2_grid9_base_medium,7,0.2,medium,base,base,7,3,10,4,3,1,1,1,1,1,6,10,1.0,1.0,1.0,1.0,4,0,3,3,5,2,1,1,2,1,1,0,0.0,UR,1.3787834934861753,1,4,0,2,3,0.14285714285714285,0.5714285714285714,0.0,0.2857142857142857,0.3,DR,0.0,0.0,0.0,0.1,1,dr,ur,ul,0,0,0,0,0
2,9,size7_comp0.2_grid9_base_medium,7,0.2,medium,base,base,7,3,10,4,3,1,1,1,1,1,8,12,0.8333333333333334,0.9166666666666666,0.8888888888888888,1.0,4,0,4,4,5,1,3,2,3,2,1,0,0.0,UR,1.4488156357251847,1,3,0,3,5,0.14285714285714285,0.42857142857142855,0.0,0.42857142857142855,0.4166666666666667,DR,0.0,0.0,0.0,0.08333333333333333,1,dr,ur,ul,0,0,0,0,0
3,9,size7_comp0.2_grid9_base_medium,7,0.2,medium,base,base,7,3,10,4,3,1,1,1,1,1,6,10,1.0,1.0,1.0,1.0,4,0,3,3,4,2,2,1,1,1,1,0,0.0,DR,1.3709505944546687,1,1,0,3,5,0.2,0.2,0.0,0.6,0.5,DR,0.0,0.0,0.0,0.1,1,dr,ur,ul,1,0,0,0,0
4,9,size7_comp0.2_grid9_base_medium,7,0.2,medium,base,base,7,3,10,4,3,1,1,1,1,1,9,15,0.6666666666666666,0.8,0.8,0.8,5,1,5,4,6,3,5,0,1,0,0,1,0.06666666666666667,UL,1.9709505944546686,3,2,3,2,5,0.3,0.2,0.3,0.2,0.3333333333333333,UL,0.06666666666666667,0.0,0.06666666666666667,0.06666666666666667,1,dr,ur,ul,0,1,0,0,0
5,9,size7_comp0.2_grid9_base_medium,7,0.2,medium,base,base,7,3,10,4,3,1,1,1,1,1,8,15,0.6666666666666666,0.7333333333333333,0.7777777777777778,0.6666666666666666,6,2,3,4,4,5,4,1,6,0,2,3,0.2,UR,1.3092966682370037,2,7,0,2,4,0.18181818181818182,0.6363636363636364,0.0,0.18181818181818182,0.26666666666666666,DR,0.0,0.0,0.0,0.06666666666666667,1,dr,ur,ul,0,0,0,0,0
6,9,size7_comp0.2_grid9_base_medium,7,0.2,medium,base,base,7,3,10,4,3,1,1,1,1,1,6,14,0.7142857142857143,0.8571428571428571,1.0,0.7142857142857143,5,1,4,4,5,2,5,1,5,1,1,0,0.0,UR,1.224394445405986,1,6,0,2,5,0.1111111111111111,0.6666666666666666,0.0,0.2222222222222222,0.35714285714285715,DR,0.0,0.0,0.0,0.07142857142857142,1,dr,ur,ul,0,0,0,0,0
7,9,size7_comp0.2_grid9_base_medium,7,0.2,medium,base,base,7,3,10,4,3,1,1,1,1,1,6,10,1.0,1.0,1.0,1.0,4,0,3,3,5,2,1,1,2,1,1,0,0.0,UR,1.4591479170272448,1,3,0,2,4,0.16666666666666666,0.5,0.0,0.3333333333333333,0.4,DR,0.0,0.0,0.0,0.1,1,dr,ur,ul,0,0,0,0,0
8,9,size7_comp0.2_grid9_base_medium,7,0.2,medium,base,base,7,3,10,4,3,1,1,1,1,1,6,10,1.0,1.0,1.0,1.0,4,0,3,3,4,2,2,1,1,1,1,0,0.0,DR,1.3709505944546687,1,1,0,3,5,0.2,0.2,0.0,0.6,0.5,DR,0.0,0.0,0.0,0.1,1,dr,ur,ul,1,0,0,0,0
9,9,size7_comp0.2_grid9_base_medium,7,0.2,medium,base,base,7,3,10,4,3,1,1,1,1,1,7,11,0.9090909090909091,0.9090909090909091,0.875,1.0,5,0,3,3,7,1,1,1,2,1,1,1,0.09090909090909091,DR,1.5,1,1,0,2,7,0.25,0.25,0.0,0.5,0.6363636363636364,DR,0.0,0.0,0.0,0.09090909090909091,1,dr,ur,ul,1,0,0,0,0
0,0,size7_comp0.4_grid0_base_medium,7,0.4,medium,base,base,5,4,9,3,4,1,1,1,1,1,5,10,0.9,0.9,0.8333333333333334,1.0,3,4,2,1,5,1,2,1,3,1,1,1,0.1,UL,-0.0,2,0,0,0,8,1.0,0.0,0.0,0.0,0.8,,0.0,0.0,0.0,0.0,0,ul,midline,midline,1,0,0,0,0
1,0,size7_comp0.4_grid0_base_medium,7,0.4,medium,base,base,5,4,9,3,4,1,1,1,1,1,4,17,0.5294117647058824,0.7058823529411765,1.0,0.5833333333333334,6,6,3,2,8,2,4,2,9,1,1,2,0.11764705882352941,UR,0.9182958340544896,1,2,0,0,14,0.3333333333333333,0.6666666666666666,0.0,0.0,0.8235294117647058,,0.0,0.0,0.0,0.0,0,ul,midline,midline,0,0,0,0,0
2,0,size7_comp0.4_grid0_base_medium,7,0.4,medium,base,base,5,4,9,3,4,1,1,1,1,1,4,9,1.0,1.0,1.0,1.0,2,4,2,1,5,1,1,1,2,1,1,0,0.0,UL,-0.0,1,0,0,0,8,1.0,0.0,0.0,0.0,0.8888888888888888,,0.0,0.0,0.0,0.0,0,ul,midline,midline,1,0,0,0,0
3,0,size7_comp0.4_grid0_base_medium,7,0.4,medium,base,base,5,4,9,3,4,1,1,1,1,1,4,9,1.0,1.0,1.0,1.0,2,4,2,1,5,1,1,1,2,1,1,0,0.0,UL,-0.0,1,0,0,0,8,1.0,0.0,0.0,0.0,0.8888888888888888,,0.0,0.0,0.0,0.0,0,ul,midline,midline,1,0,0,0,0
4,0,size7_comp0.4_grid0_base_medium,7,0.4,medium,base,base,5,4,9,3,4,1,1,1,1,1,4,32,0.28125,0.59375,1.0,0.5185185185185185,10,11,6,5,7,7,6,11,22,11,1,3,0.09375,UL,0.7793498372920851,10,3,0,0,19,0.7692307692307693,0.23076923076923078,0.0,0.0,0.59375,UL,0.0625,0.0,0.0,0.0,1,ul,midline,midline,1,0,0,0,0
5,0,size7_comp0.4_grid0_base_medium,7,0.4,medium,base,base,5,4,9,3,4,1,1,1,1,1,6,11,0.8181818181818182,0.9090909090909091,0.8571428571428571,1.0,2,4,3,2,4,3,1,2,3,2,1,0,0.0,UL,1.0,1,1,0,0,9,0.5,0.5,0.0,0.0,0.8181818181818182,,0.0,0.0,0.0,0.0,0,ul,midline,midline,1,0,0,0,0
6,0,size7_comp0.4_grid0_base_medium,7,0.4,medium,base,base,5,4,9,3,4,1,1,1,1,1,6,11,0.8181818181818182,0.9090909090909091,0.8571428571428571,1.0,2,4,3,2,3,3,3,1,2,1,1,0,0.0,UL,1.0,1,1,0,0,9,0.5,0.5,0.0,0.0,0.8181818181818182,,0.0,0.0,0.0,0.0,0,ul,midline,midline,1,0,0,0,0
7,0,size7_comp0.4_grid0_base_medium,7,0.4,medium,base,base,5,4,9,3,4,1,1,1,1,1,4,9,1.0,1.0,1.0,1.0,2,4,2,1,5,1,1,1,2,1,1,0,0.0,UL,-0.0,1,0,0,0,8,1.0,0.0,0.0,0.0,0.8888888888888888,,0.0,0.0,0.0,0.0,0,ul,midline,midline,1,0,0,0,0
8,0,size7_comp0.4_grid0_base_medium,7,0.4,medium,base,base,5,4,9,3,4,1,1,1,1,1,4,9,1.0,1.0,1.0,1.0,2,4,2,1,5,1,1,1,2,1,1,0,0.0,UL,-0.0,1,0,0,0,8,1.0,0.0,0.0,0.0,0.8888888888888888,,0.0,0.0,0.0,0.0,0,ul,midline,midline,1,0,0,0,0
9,0,size7_comp0.4_grid0_base_medium,7,0.4,medium,base,base,5,4,9,3,4,1,1,1,1,1,4,15,0.6,0.8,1.0,0.7,4,6,3,2,8,2,1,3,7,3,1,0,0.0,UL,-0.0,6,0,0,0,9,1.0,0.0,0.0,0.0,0.6,UL,0.13333333333333333,0.0,0.0,0.0,1,ul,midline,midline,1,0,0,0,0
0,1,size7_comp0.4_grid1_base_medium,7,0.4,medium,base,base,3,6,9,3,3,1,1,1,1,1,2,9,1.0,1.0,1.0,1.0,3,4,0,2,6,1,0,1,3,1,1,0,0.0,DR,-0.0,0,0,0,1,8,0.0,0.0,0.0,1.0,0.8888888888888888,,0.0,0.0,0.0,0.0,0,midline,dr,midline,0,0,0,0,0
1,1,size7_comp0.4_grid1_base_medium,7,0.4,medium,base,base,3,6,9,3,3,1,1,1,1,1,2,12,0.75,0.75,1.0,0.6666666666666666,4,4,0,4,5,3,2,1,6,1,1,3,0.25,DR,-0.0,0,0,0,2,10,0.0,0.0,0.0,1.0,0.8333333333333334,,0.0,0.0,0.0,0.0,0,midline,dr,midline,0,0,0,0,0
2,1,size7_comp0.4_grid1_base_medium,7,0.4,medium,base,base,3,6,9,3,3,1,1,1,1,1,4,11,0.8181818181818182,0.9090909090909091,0.8,1.0,3,4,1,3,6,1,2,1,1,1,0,0,0.0,UR,1.3709505944546687,0,3,1,1,6,0.0,0.6,0.2,0.2,0.5454545454545454,UR,0.0,0.09090909090909091,0.0,0.0,1,midline,dr,midline,0,0,0,0,0
3,1,size7_comp0.4_grid1_base_medium,7,0.4,medium,base,base,3,6,9,3,3,1,1,1,1,1,2,14,0.6428571428571429,0.7857142857142857,1.0,0.7272727272727273,5,6,0,3,7,0,2,4,5,4,2,1,0.07142857142857142,UR,0.5916727785823275,0,6,0,1,7,0.0,0.8571428571428571,0.0,0.14285714285714285,0.5,UR,0.0,0.21428571428571427,0.0,0.0,2,midline,dr,midline,0,0,0,0,0
4,1,size7_comp0.4_grid1_base_medium,7,0.4,medium,base,base,3,6,9,3,3,1,1,1,1,1,2,12,0.75,0.75,1.0,0.6666666666666666,3,4,0,5,5,2,4,0,3,0,0,3,0.25,UR,0.9852281360342515,0,4,0,3,5,0.0,0.5714285714285714,0.0,0.42857142857142855,0.4166666666666667,UR,0.0,0.08333333333333333,0.0,0.0,1,midline,dr,midline,0,0,0,0,0
5,1,size7_comp0.4_grid1_base_medium,7,0.4,medium,base,base,3,6,9,3,3,1,1,1,1,1,2,9,1.0,1.0,1.0,1.0,3,4,0,2,6,0,2,0,0,0,0,0,0.0,UR,0.8112781244591328,0,3,0,1,5,0.0,0.75,0.0,0.25,0.5555555555555556,UR,0.0,0.1111111111111111,0.0,0.0,1,midline,dr,midline,0,0,0,0,0
6,1,size7_comp0.4_grid1_base_medium,7,0.4,medium,base,base,3,6,9,3,3,1,1,1,1,1,4,14,0.6428571428571429,0.7857142857142857,0.8,0.7777777777777778,4,5,1,4,5,2,4,2,3,2,0,1,0.07142857142857142,UR,1.224394445405986,2,6,0,1,5,0.2222222222222222,0.6666666666666666,0.0,0.1111111111111111,0.35714285714285715,UR,0.0,0.14285714285714285,0.0,0.0,1,midline,dr,midline,0,0,0,0,0
7,1,size7_comp0.4_grid1_base_medium,7,0.4,medium,base,base,3,6,9,3,3,1,1,1,1,1,2,11,0.8181818181818182,0.8181818181818182,1.0,0.75,3,4,0,4,6,1,3,0,2,0,0,2,0.18181818181818182,UR,1.0,0,3,0,3,5,0.0,0.5,0.0,0.5,0.45454545454545453,UR,0.0,0.09090909090909091,0.0,0.0,1,midline,dr,midline,0,0,0,0,0
8,1,size7_comp0.4_grid1_base_medium,7,0.4,medium,base,base,3,6,9,3,3,1,1,1,1,1,6,20,0.45,0.7,0.7142857142857143,0.6923076923076923,5,6,3,6,5,4,2,8,12,8,5,1,0.05,DL,1.5,1,0,2,1,16,0.25,0.0,0.5,0.25,0.8,,0.0,0.0,0.0,0.0,0,midline,dr,midline,0,0,0,0,0
9,1,size7_comp0.4_grid1_base_medium,7,0.4,medium,base,base,3,6,9,3,3,1,1,1,1,1,2,11,0.8181818181818182,0.8181818181818182,1.0,0.75,3,4,0,4,6,1,3,0,2,0,0,2,0.18181818181818182,UR,1.0,0,3,0,3,5,0.0,0.5,0.0,0.5,0.45454545454545453,UR,0.0,0.09090909090909091,0.0,0.0,1,midline,dr,midline,0,0,0,0,0
0,2,size7_comp0.4_grid2_base_medium,7,0.4,medium,base,base,3,4,7,3,2,1,1,1,1,1,2,13,0.5384615384615384,0.7692307692307693,1.0,0.7,2,2,3,6,4,3,2,3,5,3,2,0,0.0,DL,0.9182958340544896,0,0,2,1,10,0.0,0.0,0.6666666666666666,0.3333333333333333,0.7692307692307693,,0.0,0.0,0.0,0.0,0,dl,dr,midline,1,0,0,0,0
1,2,size7_comp0.4_grid2_base_medium,7,0.4,medium,base,base,3,4,7,3,2,1,1,1,1,1,6,11,0.6363636363636364,0.8181818181818182,0.7142857142857143,1.0,3,3,1,4,3,2,2,3,3,3,0,0,0.0,DL,0.5916727785823275,0,0,6,1,4,0.0,0.0,0.8571428571428571,0.14285714285714285,0.36363636363636365,DL,0.0,0.0,0.09090909090909091,0.0,1,dl,dr,midline,1,0,0,0,0
2,2,size7_comp0.4_grid2_base_medium,7,0.4,medium,base,base,3,4,7,3,2,1,1,1,1,1,2,9,0.7777777777777778,0.8888888888888888,1.0,0.8333333333333334,2,2,1,4,4,2,1,1,1,1,1,0,0.0,DL,0.9182958340544896,0,0,2,1,6,0.0,0.0,0.6666666666666666,0.3333333333333333,0.6666666666666666,,0.0,0.0,0.0,0.0,0,dl,dr,midline,1,0,0,0,0
3,2,size7_comp0.4_grid2_base_medium,7,0.4,medium,base,base,3,4,7,3,2,1,1,1,1,1,2,7,1.0,1.0,1.0,1.0,2,2,0,3,2,2,1,1,1,1,1,0,0.0,DL,0.9182958340544896,0,0,2,1,4,0.0,0.0,0.6666666666666666,0.3333333333333333,0.5714285714285714,,0.0,0.0,0.0,0.0,0,dl,dr,midline,1,0,0,0,0
4,2,size7_comp0.4_grid2_base_medium,7,0.4,medium,base,base,3,4,7,3,2,1,1,1,1,1,2,7,1.0,1.0,1.0,1.0,2,2,0,3,3,1,2,0,0,0,0,0,0.0,DL,0.9182958340544896,0,0,2,1,4,0.0,0.0,0.6666666666666666,0.3333333333333333,0.5714285714285714,,0.0,0.0,0.0,0.0,0,dl,dr,midline,1,0,0,0,0
5,2,size7_comp0.4_grid2_base_medium,7,0.4,medium,base,base,3,4,7,3,2,1,1,1,1,1,2,7,1.0,1.0,1.0,1.0,2,2,0,3,2,2,1,1,1,1,1,0,0.0,DL,0.9182958340544896,0,0,2,1,4,0.0,0.0,0.6666666666666666,0.3333333333333333,0.5714285714285714,,0.0,0.0,0.0,0.0,0,dl,dr,midline,1,0,0,0,0
6,2,size7_comp0.4_grid2_base_medium,7,0.4,medium,base,base,3,4,7,3,2,1,1,1,1,1,3,12,0.5833333333333334,0.75,0.75,0.75,2,3,2,5,4,3,2,2,4,1,2,1,0.08333333333333333,DL,0.8112781244591328,0,0,3,1,8,0.0,0.0,0.75,0.25,0.6666666666666666,,0.0,0.0,0.0,0.0,0,dl,dr,midline,1,0,0,0,0
7,2,size7_comp0.4_grid2_base_medium,7,0.4,medium,base,base,3,4,7,3,2,1,1,1,1,1,4,9,0.7777777777777778,0.8888888888888888,0.8,1.0,2,2,1,4,4,1,3,0,0,0,0,0,0.0,DL,0.8112781244591328,0,0,3,1,5,0.0,0.0,0.75,0.25,0.5555555555555556,DL,0.0,0.0,0.1111111111111111,0.0,1,dl,dr,midline,1,0,0,0,0
8,2,size7_comp0.4_grid2_base_medium,7,0.4,medium,base,base,3,4,7,3,2,1,1,1,1,1,2,9,0.7777777777777778,0.8888888888888888,1.0,0.8333333333333334,2,2,1,4,3,1,2,2,3,2,1,0,0.0,DL,0.8112781244591328,0,0,3,1,5,0.0,0.0,0.75,0.25,0.5555555555555556,,0.0,0.0,0.0,0.0,0,dl,dr,midline,1,0,0,0,0
9,2,size7_comp0.4_grid2_base_medium,7,0.4,medium,base,base,3,4,7,3,2,1,1,1,1,1,4,10,0.7,0.8,0.8,0.8,2,3,1,4,1,4,4,0,3,0,1,1,0.1,DL,1.0,0,0,2,2,6,0.0,0.0,0.5,0.5,0.6,,0.0,0.0,0.0,0.0,0,dl,dr,midline,1,0,0,0,0
0,3,size7_comp0.4_grid3_base_medium,7,0.4,medium,base,base,5,7,12,6,3,1,1,1,1,1,6,17,0.7058823529411765,0.7647058823529411,0.7142857142857143,0.8,5,2,4,6,5,4,4,3,7,3,1,3,0.17647058823529413,UL,1.295461844238322,6,1,3,0,7,0.6,0.1,0.3,0.0,0.4117647058823529,UL,0.058823529411764705,0.0,0.058823529411764705,0.0,1,dl,ur,ul,0,1,0,0,0
1,3,size7_comp0.4_grid3_base_medium,7,0.4,medium,base,base,5,7,12,6,3,1,1,1,1,1,6,15,0.8,0.8666666666666667,0.8571428571428571,0.875,6,3,1,5,5,3,3,3,5,3,1,1,0.06666666666666667,UL,1.3921472236645345,4,1,4,0,6,0.4444444444444444,0.1111111111111111,0.4444444444444444,0.0,0.4,UL,0.06666666666666667,0.0,0.06666666666666667,0.0,1,dl,ur,ul,0,1,0,0,0
2,3,size7_comp0.4_grid3_base_medium,7,0.4,medium,base,base,5,7,12,6,3,1,1,1,1,1,7,21,0.5714285714285714,0.7142857142857143,0.75,0.6923076923076923,7,5,3,6,5,4,6,5,11,5,1,3,0.14285714285714285,UL,0.9709505944546686,6,0,4,0,11,0.6,0.0,0.4,0.0,0.5238095238095238,UL,0.047619047619047616,0.0,0.0,0.0,1,dl,ur,ul,0,1,0,0,0
3,3,size7_comp0.4_grid3_base_medium,7,0.4,medium,base,base,5,7,12,6,3,1,1,1,1,1,5,19,0.631578947368421,0.7894736842105263,0.8333333333333334,0.7692307692307693,6,3,4,6,5,4,4,5,9,5,1,1,0.05263157894736842,UL,1.4056390622295665,4,1,3,0,11,0.5,0.125,0.375,0.0,0.5789473684210527,UL,0.05263157894736842,0.0,0.05263157894736842,0.0,1,dl,ur,ul,0,1,0,0,0
4,3,size7_comp0.4_grid3_base_medium,7,0.4,medium,base,base,5,7,12,6,3,1,1,1,1,1,9,22,0.5454545454545454,0.6818181818181818,0.6,0.75,7,4,5,6,5,3,9,4,11,4,1,4,0.18181818181818182,UL,1.4604846813131116,6,2,5,0,9,0.46153846153846156,0.15384615384615385,0.38461538461538464,0.0,0.4090909090909091,DL,0.045454545454545456,0.0,0.09090909090909091,0.0,2,dl,ur,ul,0,1,0,0,0
5,3,size7_comp0.4_grid3_base_medium,7,0.4,medium,base,base,5,7,12,6,3,1,1,1,1,1,4,14,0.8571428571428571,0.9285714285714286,1.0,0.8888888888888888,5,2,2,5,5,3,2,3,4,3,1,0,0.0,UL,1.4488156357251847,3,1,3,0,7,0.42857142857142855,0.14285714285714285,0.42857142857142855,0.0,0.5,UL,0.07142857142857142,0.0,0.0,0.0,1,dl,ur,ul,0,1,0,0,0
6,3,size7_comp0.4_grid3_base_medium,7,0.4,medium,base,base,5,7,12,6,3,1,1,1,1,1,6,22,0.5454545454545454,0.6818181818181818,0.7142857142857143,0.6666666666666666,8,6,2,6,6,5,4,6,11,6,5,4,0.18181818181818182,UL,1.2309595631140104,9,1,5,0,7,0.6,0.06666666666666667,0.3333333333333333,0.0,0.3181818181818182,UL,0.13636363636363635,0.0,0.09090909090909091,0.0,2,dl,ur,ul,0,1,0,0,0
7,3,size7_comp0.4_grid3_base_medium,7,0.4,medium,base,base,5,7,12,6,3,1,1,1,1,1,5,19,0.631578947368421,0.7894736842105263,0.8333333333333334,0.7692307692307693,7,4,3,5,6,3,5,4,7,4,1,1,0.05263157894736842,DL,1.3516441151533924,3,1,5,0,10,0.3333333333333333,0.1111111111111111,0.5555555555555556,0.0,0.5263157894736842,DL,0.05263157894736842,0.0,0.10526315789473684,0.0,2,dl,ur,ul,1,0,0,0,0
8,3,size7_comp0.4_grid3_base_medium,7,0.4,medium,base,base,5,7,12,6,3,1,1,1,1,1,4,12,1.0,1.0,1.0,1.0,5,2,1,4,5,3,2,1,3,1,1,0,0.0,UL,1.4591479170272448,3,1,2,0,6,0.5,0.16666666666666666,0.3333333333333333,0.0,0.5,UL,0.08333333333333333,0.0,0.0,0.0,1,dl,ur,ul,0,1,0,0,0
9,3,size7_comp0.4_grid3_base_medium,7,0.4,medium,base,base,5,7,12,6,3,1,1,1,1,1,6,14,0.8571428571428571,0.9285714285714286,0.8571428571428571,1.0,5,2,2,5,5,2,4,2,4,2,1,0,0.0,UL,1.4488156357251847,3,1,3,0,7,0.42857142857142855,0.14285714285714285,0.42857142857142855,0.0,0.5,UL,0.07142857142857142,0.0,0.07142857142857142,0.0,1,dl,ur,ul,0,1,0,0,0
0,4,size7_comp0.4_grid4_base_medium,7,0.4,medium,base,base,3,6,9,5,3,1,1,1,1,1,2,11,0.8181818181818182,0.8181818181818182,1.0,0.75,4,2,5,0,6,1,3,0,2,0,0,2,0.18181818181818182,DL,1.4591479170272448,1,0,3,2,5,0.16666666666666666,0.0,0.5,0.3333333333333333,0.45454545454545453,DL,0.0,0.0,0.09090909090909091,0.0,1,midline,ul,midline,0,0,0,0,0
1,4,size7_comp0.4_grid4_base_medium,7,0.4,medium,base,base,3,6,9,5,3,1,1,1,1,1,2,10,0.9,0.9,1.0,0.8571428571428571,5,2,3,0,5,1,3,0,1,0,1,1,0.1,DL,1.4591479170272448,1,0,3,2,4,0.16666666666666666,0.0,0.5,0.3333333333333333,0.4,DL,0.0,0.0,0.1,0.0,1,midline,ul,midline,0,0,0,0,0
2,4,size7_comp0.4_grid4_base_medium,7,0.4,medium,base,base,3,6,9,5,3,1,1,1,1,1,6,20,0.45,0.55,0.7142857142857143,0.46153846153846156,8,4,8,0,5,4,6,4,11,4,1,7,0.35,DL,1.5052408149441479,3,0,7,6,4,0.1875,0.0,0.4375,0.375,0.2,DL,0.0,0.0,0.1,0.0,2,midline,ul,midline,0,0,0,0,0
3,4,size7_comp0.4_grid4_base_medium,7,0.4,medium,base,base,3,6,9,5,3,1,1,1,1,1,2,11,0.8181818181818182,0.8181818181818182,1.0,0.75,5,2,4,0,4,2,4,0,2,0,0,2,0.18181818181818182,DL,1.3787834934861753,1,0,4,2,4,0.14285714285714285,0.0,0.5714285714285714,0.2857142857142857,0.36363636363636365,DL,0.0,0.0,0.09090909090909091,0.0,1,midline,ul,midline,0,0,0,0,0
4,4,size7_comp0.4_grid4_base_medium,7,0.4,medium,base,base,3,6,9,5,3,1,1,1,1,1,8,15,0.6,0.8,0.6666666666666666,1.0,6,4,4,1,5,1,5,3,4,3,0,0,0.0,DR,1.188721875540867,1,0,3,8,3,0.08333333333333333,0.0,0.25,0.6666666666666666,0.2,DL,0.0,0.0,0.06666666666666667,0.06666666666666667,1,midline,ul,midline,0,0,0,0,0
5,4,size7_comp0.4_grid4_base_medium,7,0.4,medium,base,base,3,6,9,5,3,1,1,1,1,1,2,10,0.9,0.9,1.0,0.8571428571428571,4,2,4,0,5,1,3,0,1,0,0,1,0.1,DL,1.4591479170272448,1,0,3,2,4,0.16666666666666666,0.0,0.5,0.3333333333333333,0.4,DL,0.0,0.0,0.1,0.0,1,midline,ul,midline,0,0,0,0,0
6,4,size7_comp0.4_grid4_base_medium,7,0.4,medium,base,base,3,6,9,5,3,1,1,1,1,1,2,13,0.6923076923076923,0.6923076923076923,1.0,0.6,5,2,6,0,6,2,4,0,4,0,1,4,0.3076923076923077,UL,1.5304930567574826,4,0,3,2,4,0.4444444444444444,0.0,0.3333333333333333,0.2222222222222222,0.3076923076923077,DL,0.0,0.0,0.07692307692307693,0.0,1,midline,ul,midline,0,0,0,0,0
7,4,size7_comp0.4_grid4_base_medium,7,0.4,medium,base,base,3,6,9,5,3,1,1,1,1,1,2,9,1.0,1.0,1.0,1.0,4,2,3,0,6,0,2,0,0,0,0,0,0.0,DL,1.4591479170272448,1,0,3,2,3,0.16666666666666666,0.0,0.5,0.3333333333333333,0.3333333333333333,DL,0.0,0.0,0.1111111111111111,0.0,1,midline,ul,midline,0,0,0,0,0
8,4,size7_comp0.4_grid4_base_medium,7,0.4,medium,base,base,3,6,9,5,3,1,1,1,1,1,4,11,0.8181818181818182,0.9090909090909091,0.8,1.0,4,2,4,1,7,0,3,0,0,0,0,0,0.0,DL,1.4488156357251847,1,0,3,3,4,0.14285714285714285,0.0,0.42857142857142855,0.42857142857142855,0.36363636363636365,DL,0.0,0.0,0.09090909090909091,0.09090909090909091,1,midline,ul,midline,0,0,0,0,0
9,4,size7_comp0.4_grid4_base_medium,7,0.4,medium,base,base,3,6,9,5,3,1,1,1,1,1,4,12,0.75,0.8333333333333334,0.8,0.8571428571428571,5,2,4,1,4,3,3,1,2,1,1,1,0.08333333333333333,DR,1.4056390622295665,1,0,3,4,4,0.125,0.0,0.375,0.5,0.3333333333333333,DL,0.0,0.0,0.08333333333333333,0.0,1,midline,ul,midline,0,0,0,0,0
0,5,size7_comp0.4_grid5_base_medium,7,0.4,medium,base,base,5,4,9,3,3,1,1,1,1,1,8,13,0.6923076923076923,0.8461538461538461,0.7777777777777778,1.0,4,5,1,3,5,1,3,3,3,3,1,0,0.0,UL,1.1488348542809166,5,1,1,0,6,0.7142857142857143,0.14285714285714285,0.14285714285714285,0.0,0.46153846153846156,UL,0.07692307692307693,0.0,0.0,0.0,1,midline,midline,ur,0,0,0,0,0
1,5,size7_comp0.4_grid5_base_medium,7,0.4,medium,base,base,5,4,9,3,3,1,1,1,1,1,4,11,0.8181818181818182,0.9090909090909091,1.0,0.8333333333333334,2,3,2,4,2,4,2,2,3,2,1,0,0.0,UL,0.9182958340544896,2,1,0,0,8,0.6666666666666666,0.3333333333333333,0.0,0.0,0.7272727272727273,,0.0,0.0,0.0,0.0,0,midline,midline,ur,0,0,0,0,0
2,5,size7_comp0.4_grid5_base_medium,7,0.4,medium,base,base,5,4,9,3,3,1,1,1,1,1,6,12,0.75,0.8333333333333334,0.8571428571428571,0.8,4,4,1,3,4,5,1,1,3,1,2,1,0.08333333333333333,UL,0.863120568566631,5,2,0,0,5,0.7142857142857143,0.2857142857142857,0.0,0.0,0.4166666666666667,UL,0.08333333333333333,0.0,0.0,0.0,1,midline,midline,ur,0,0,0,0,0
3,5,size7_comp0.4_grid5_base_medium,7,0.4,medium,base,base,5,4,9,3,3,1,1,1,1,1,4,13,0.6923076923076923,0.8461538461538461,1.0,0.75,2,3,3,5,3,4,1,4,4,4,3,0,0.0,UL,1.0,2,2,0,0,9,0.5,0.5,0.0,0.0,0.6923076923076923,,0.0,0.0,0.0,0.0,0,midline,midline,ur,0,0,0,0,0
4,5,size7_comp0.4_grid5_base_medium,7,0.4,medium,base,base,5,4,9,3,3,1,1,1,1,1,4,11,0.8181818181818182,0.8181818181818182,1.0,0.6666666666666666,3,3,1,4,4,4,2,0,3,0,2,2,0.18181818181818182,UL,0.9709505944546686,3,2,0,0,6,0.6,0.4,0.0,0.0,0.5454545454545454,UL,0.09090909090909091,0.0,0.0,0.0,1,midline,midline,ur,0,0,0,0,0
5,5,size7_comp0.4_grid5_base_medium,7,0.4,medium,base,base,5,4,9,3,3,1,1,1,1,1,6,11,0.8181818181818182,0.9090909090909091,0.8571428571428571,1.0,3,4,1,3,4,1,3,2,2,2,1,0,0.0,UL,0.6500224216483541,5,1,0,0,5,0.8333333333333334,0.16666666666666666,0.0,0.0,0.45454545454545453,UL,0.09090909090909091,0.0,0.0,0.0,1,midline,midline,ur,0,0,0,0,0
6,5,size7_comp0.4_grid5_base_medium,7,0.4,medium,base,base,5,4,9,3,3,1,1,1,1,1,4,9,1.0,1.0,1.0,1.0,2,3,1,3,5,1,1,1,1,1,1,0,0.0,UL,0.8112781244591328,3,1,0,0,5,0.75,0.25,0.0,0.0,0.5555555555555556,UL,0.1111111111111111,0.0,0.0,0.0,1,midline,midline,ur,0,0,0,0,0
7,5,size7_comp0.4_grid5_base_medium,7,0.4,medium,base,base,5,4,9,3,3,1,1,1,1,1,6,11,0.8181818181818182,0.9090909090909091,0.8571428571428571,1.0,3,4,1,3,3,2,3,2,3,2,1,0,0.0,UL,0.9182958340544896,2,1,0,0,8,0.6666666666666666,0.3333333333333333,0.0,0.0,0.7272727272727273,,0.0,0.0,0.0,0.0,0,midline,midline,ur,0,0,0,0,0
8,5,size7_comp0.4_grid5_base_medium,7,0.4,medium,base,base,5,4,9,3,3,1,1,1,1,1,4,9,1.0,1.0,1.0,1.0,2,3,1,3,5,1,1,1,1,1,1,0,0.0,UL,0.8112781244591328,3,1,0,0,5,0.75,0.25,0.0,0.0,0.5555555555555556,UL,0.1111111111111111,0.0,0.0,0.0,1,midline,midline,ur,0,0,0,0,0
9,5,size7_comp0.4_grid5_base_medium,7,0.4,medium,base,base,5,4,9,3,3,1,1,1,1,1,6,11,0.8181818181818182,0.9090909090909091,0.8571428571428571,1.0,2,3,2,4,3,2,2,3,3,3,1,0,0.0,UL,0.6500224216483541,5,1,0,0,5,0.8333333333333334,0.16666666666666666,0.0,0.0,0.45454545454545453,,0.0,0.0,0.0,0.0,0,midline,midline,ur,0,0,0,0,0
0,6,size7_comp0.4_grid6_base_medium,7,0.4,medium,base,base,3,6,9,3,3,1,1,1,1,1,5,12,0.75,0.8333333333333334,0.6666666666666666,1.0,2,2,3,5,2,4,3,2,4,1,0,1,0.08333333333333333,DL,-0.0,0,0,8,0,4,0.0,0.0,1.0,0.0,0.3333333333333333,DL,0.0,0.0,0.08333333333333333,0.0,1,midline,midline,dl,0,1,0,0,0
1,6,size7_comp0.4_grid6_base_medium,7,0.4,medium,base,base,3,6,9,3,3,1,1,1,1,1,2,9,1.0,1.0,1.0,1.0,2,2,1,4,5,1,1,1,3,1,1,0,0.0,DL,-0.0,0,0,3,0,6,0.0,0.0,1.0,0.0,0.6666666666666666,DL,0.0,0.0,0.1111111111111111,0.0,1,midline,midline,dl,0,1,0,0,0
2,6,size7_comp0.4_grid6_base_medium,7,0.4,medium,base,base,3,6,9,3,3,1,1,1,1,1,2,9,1.0,1.0,1.0,1.0,2,2,1,4,5,1,1,1,3,1,1,0,0.0,DL,-0.0,0,0,3,0,6,0.0,0.0,1.0,0.0,0.6666666666666666,DL,0.0,0.0,0.1111111111111111,0.0,1,midline,midline,dl,0,1,0,0,0
3,6,size7_comp0.4_grid6_base_medium,7,0.4,medium,base,base,3,6,9,3,3,1,1,1,1,1,2,9,1.0,1.0,1.0,1.0,2,2,1,4,4,1,2,1,2,1,1,0,0.0,DL,-0.0,0,0,4,0,5,0.0,0.0,1.0,0.0,0.5555555555555556,DL,0.0,0.0,0.1111111111111111,0.0,1,midline,midline,dl,0,1,0,0,0
4,6,size7_comp0.4_grid6_base_medium,7,0.4,medium,base,base,3,6,9,3,3,1,1,1,1,1,2,9,1.0,1.0,1.0,1.0,2,2,1,4,2,2,3,1,3,1,1,0,0.0,DL,-0.0,0,0,5,0,4,0.0,0.0,1.0,0.0,0.4444444444444444,DL,0.0,0.0,0.1111111111111111,0.0,1,midline,midline,dl,0,1,0,0,0
5,6,size7_comp0.4_grid6_base_medium,7,0.4,medium,base,base,3,6,9,3,3,1,1,1,1,1,6,13,0.6923076923076923,0.8461538461538461,0.7142857142857143,1.0,2,2,3,6,3,2,6,1,4,1,0,0,0.0,DL,-0.0,0,0,5,0,8,0.0,0.0,1.0,0.0,0.6153846153846154,DL,0.0,0.0,0.07692307692307693,0.0,1,midline,midline,dl,0,1,0,0,0
6,6,size7_comp0.4_grid6_base_medium,7,0.4,medium,base,base,3,6,9,3,3,1,1,1,1,1,2,9,1.0,1.0,1.0,1.0,2,2,1,4,5,1,1,1,3,1,1,0,0.0,DL,-0.0,0,0,3,0,6,0.0,0.0,1.0,0.0,0.6666666666666666,DL,0.0,0.0,0.1111111111111111,0.0,1,midline,midline,dl,0,1,0,0,0
7,6,size7_comp0.4_grid6_base_medium,7,0.4,medium,base,base,3,6,9,3,3,1,1,1,1,1,2,9,1.0,1.0,1.0,1.0,2,2,1,4,2,2,3,1,3,1,1,0,0.0,DL,-0.0,0,0,5,0,4,0.0,0.0,1.0,0.0,0.4444444444444444,DL,0.0,0.0,0.1111111111111111,0.0,1,midline,midline,dl,0,1,0,0,0
8,6,size7_comp0.4_grid6_base_medium,7,0.4,medium,base,base,3,6,9,3,3,1,1,1,1,1,3,10,0.9,0.9,0.75,1.0,3,2,1,4,3,3,2,1,3,0,0,1,0.1,DL,-0.0,0,0,5,0,5,0.0,0.0,1.0,0.0,0.5,DL,0.0,0.0,0.1,0.0,1,midline,midline,dl,0,1,0,0,0
9,6,size7_comp0.4_grid6_base_medium,7,0.4,medium,base,base,3,6,9,3,3,1,1,1,1,1,3,12,0.75,0.8333333333333334,0.75,0.875,4,3,1,4,4,2,3,2,5,2,1,1,0.08333333333333333,DL,-0.0,0,0,4,0,8,0.0,0.0,1.0,0.0,0.6666666666666666,DL,0.0,0.0,0.08333333333333333,0.0,1,midline,midline,dl,0,1,0,0,0
0,7,size7_comp0.4_grid7_base_medium,7,0.4,medium,base,base,3,4,7,7,0,1,1,1,1,1,4,9,0.7777777777777778,0.8888888888888888,0.8,1.0,4,1,0,4,4,1,2,1,1,1,0,0,0.0,DL,0.9709505944546686,0,2,3,0,4,0.0,0.4,0.6,0.0,0.4444444444444444,DL,0.0,0.0,0.1111111111111111,0.0,1,dl,ur,midline,1,0,0,0,0
1,7,size7_comp0.4_grid7_base_medium,7,0.4,medium,base,base,3,4,7,7,0,1,1,1,1,1,3,9,0.7777777777777778,0.7777777777777778,0.75,0.8,4,1,0,4,1,3,4,0,2,0,1,2,0.2222222222222222,UR,0.9182958340544896,0,2,1,0,6,0.0,0.6666666666666666,0.3333333333333333,0.0,0.6666666666666666,,0.0,0.0,0.0,0.0,0,dl,ur,midline,0,0,0,0,0
2,7,size7_comp0.4_grid7_base_medium,7,0.4,medium,base,base,3,4,7,7,0,1,1,1,1,1,2,11,0.6363636363636364,0.8181818181818182,1.0,0.75,3,0,2,6,5,1,2,2,4,2,2,0,0.0,UR,0.9182958340544896,0,2,1,0,8,0.0,0.6666666666666666,0.3333333333333333,0.0,0.7272727272727273,,0.0,0.0,0.0,0.0,0,dl,ur,midline,0,0,0,0,0
3,7,size7_comp0.4_grid7_base_medium,7,0.4,medium,base,base,3,4,7,7,0,1,1,1,1,1,2,7,1.0,1.0,1.0,1.0,3,0,0,4,3,1,2,0,0,0,0,0,0.0,UR,0.9182958340544896,0,2,1,0,4,0.0,0.6666666666666666,0.3333333333333333,0.0,0.5714285714285714,,0.0,0.0,0.0,0.0,0,dl,ur,midline,0,0,0,0,0
4,7,size7_comp0.4_grid7_base_medium,7,0.4,medium,base,base,3,4,7,7,0,1,1,1,1,1,2,8,0.875,0.875,1.0,0.8,4,0,0,4,1,3,3,0,1,0,1,1,0.125,UR,0.9182958340544896,0,2,1,0,5,0.0,0.6666666666666666,0.3333333333333333,0.0,0.625,,0.0,0.0,0.0,0.0,0,dl,ur,midline,0,0,0,0,0
5,7,size7_comp0.4_grid7_base_medium,7,0.4,medium,base,base,3,4,7,7,0,1,1,1,1,1,2,11,0.6363636363636364,0.8181818181818182,1.0,0.75,3,0,2,6,3,1,2,4,4,4,4,0,0.0,UR,0.9182958340544896,0,2,1,0,8,0.0,0.6666666666666666,0.3333333333333333,0.0,0.7272727272727273,,0.0,0.0,0.0,0.0,0,dl,ur,midline,0,0,0,0,0
6,7,size7_comp0.4_grid7_base_medium,7,0.4,medium,base,base,3,4,7,7,0,1,1,1,1,1,2,7,1.0,1.0,1.0,1.0,3,0,0,4,3,1,2,0,0,0,0,0,0.0,UR,0.9182958340544896,0,2,1,0,4,0.0,0.6666666666666666,0.3333333333333333,0.0,0.5714285714285714,,0.0,0.0,0.0,0.0,0,dl,ur,midline,0,0,0,0,0
7,7,size7_comp0.4_grid7_base_medium,7,0.4,medium,base,base,3,4,7,7,0,1,1,1,1,1,2,7,1.0,1.0,1.0,1.0,3,0,0,4,3,1,2,0,0,0,0,0,0.0,UR,0.9182958340544896,0,2,1,0,4,0.0,0.6666666666666666,0.3333333333333333,0.0,0.5714285714285714,,0.0,0.0,0.0,0.0,0,dl,ur,midline,0,0,0,0,0
8,7,size7_comp0.4_grid7_base_medium,7,0.4,medium,base,base,3,4,7,7,0,1,1,1,1,1,4,9,0.7777777777777778,0.8888888888888888,0.8,1.0,4,1,0,4,4,1,2,1,1,1,0,0,0.0,DL,0.9709505944546686,0,2,3,0,4,0.0,0.4,0.6,0.0,0.4444444444444444,DL,0.0,0.0,0.1111111111111111,0.0,1,dl,ur,midline,1,0,0,0,0
9,7,size7_comp0.4_grid7_base_medium,7,0.4,medium,base,base,3,4,7,7,0,1,1,1,1,1,4,9,0.7777777777777778,0.8888888888888888,0.8,1.0,4,1,0,4,4,1,2,1,1,1,0,0,0.0,DL,0.9709505944546686,0,2,3,0,4,0.0,0.4,0.6,0.0,0.4444444444444444,DL,0.0,0.0,0.1111111111111111,0.0,1,dl,ur,midline,1,0,0,0,0
0,8,size7_comp0.4_grid8_base_medium,7,0.4,medium,base,base,4,7,11,5,4,1,1,1,1,1,5,18,0.6111111111111112,0.7222222222222222,0.6666666666666666,0.75,6,5,6,1,4,8,2,3,7,3,0,3,0.16666666666666666,DR,1.5304930567574826,2,3,0,4,9,0.2222222222222222,0.3333333333333333,0.0,0.4444444444444444,0.5,UR,0.0,0.05555555555555555,0.0,0.05555555555555555,1,dr,midline,ur,1,0,0,0,0
1,8,size7_comp0.4_grid8_base_medium,7,0.4,medium,base,base,4,7,11,5,4,1,1,1,1,1,3,15,0.7333333333333333,0.8666666666666667,1.0,0.8181818181818182,5,3,5,2,5,4,1,4,4,4,2,0,0.0,UR,1.5394847569315018,3,5,0,3,4,0.2727272727272727,0.45454545454545453,0.0,0.2727272727272727,0.26666666666666666,UR,0.0,0.13333333333333333,0.0,0.06666666666666667,1,dr,midline,ur,0,1,0,0,0
2,8,size7_comp0.4_grid8_base_medium,7,0.4,medium,base,base,4,7,11,5,4,1,1,1,1,1,7,19,0.5789473684210527,0.7368421052631579,0.625,0.8181818181818182,7,3,6,3,6,5,2,5,7,5,2,2,0.10526315789473684,DR,1.4591479170272448,2,4,0,6,7,0.16666666666666666,0.3333333333333333,0.0,0.5,0.3684210526315789,UR,0.0,0.05263157894736842,0.0,0.05263157894736842,1,dr,midline,ur,1,0,0,0,0
3,8,size7_comp0.4_grid8_base_medium,7,0.4,medium,base,base,4,7,11,5,4,1,1,1,1,1,3,13,0.8461538461538461,0.9230769230769231,1.0,0.8888888888888888,4,2,5,2,5,4,1,2,2,2,0,0,0.0,UR,1.5304930567574826,2,4,0,3,4,0.2222222222222222,0.4444444444444444,0.0,0.3333333333333333,0.3076923076923077,UR,0.0,0.07692307692307693,0.0,0.07692307692307693,1,dr,midline,ur,0,1,0,0,0
4,8,size7_comp0.4_grid8_base_medium,7,0.4,medium,base,base,4,7,11,5,4,1,1,1,1,1,3,15,0.7333333333333333,0.8,1.0,0.7272727272727273,5,3,5,2,5,5,2,2,3,1,2,2,0.13333333333333333,UR,1.4854752972273344,2,5,0,3,5,0.2,0.5,0.0,0.3,0.3333333333333333,UR,0.0,0.06666666666666667,0.0,0.06666666666666667,1,dr,midline,ur,0,1,0,0,0
5,8,size7_comp0.4_grid8_base_medium,7,0.4,medium,base,base,4,7,11,5,4,1,1,1,1,1,8,17,0.6470588235294118,0.7647058823529411,0.6666666666666666,0.875,4,2,7,4,3,6,2,5,6,4,0,2,0.11764705882352941,DR,1.188721875540867,1,3,0,8,5,0.08333333333333333,0.25,0.0,0.6666666666666666,0.29411764705882354,DR,0.0,0.058823529411764705,0.0,0.17647058823529413,1,dr,midline,ur,1,0,0,0,0
6,8,size7_comp0.4_grid8_base_medium,7,0.4,medium,base,base,4,7,11,5,4,1,1,1,1,1,5,14,0.7857142857142857,0.8571428571428571,0.8333333333333334,0.875,5,2,5,2,6,4,1,2,3,2,0,1,0.07142857142857142,DR,1.4949188482339508,2,4,0,5,3,0.18181818181818182,0.36363636363636365,0.0,0.45454545454545453,0.21428571428571427,UR,0.0,0.14285714285714285,0.0,0.14285714285714285,2,dr,midline,ur,1,0,0,0,0
7,8,size7_comp0.4_grid8_base_medium,7,0.4,medium,base,base,4,7,11,5,4,1,1,1,1,1,3,12,0.9166666666666666,0.9166666666666666,1.0,0.875,5,2,4,1,3,5,3,0,1,0,0,1,0.08333333333333333,UR,1.4056390622295665,1,4,0,3,4,0.125,0.5,0.0,0.375,0.3333333333333333,UR,0.0,0.08333333333333333,0.0,0.08333333333333333,1,dr,midline,ur,0,1,0,0,0
8,8,size7_comp0.4_grid8_base_medium,7,0.4,medium,base,base,4,7,11,5,4,1,1,1,1,1,5,13,0.8461538461538461,0.9230769230769231,0.8333333333333334,1.0,4,2,5,2,7,3,1,1,1,1,0,0,0.0,DR,0.9852281360342515,0,3,0,4,6,0.0,0.42857142857142855,0.0,0.5714285714285714,0.46153846153846156,UR,0.0,0.07692307692307693,0.0,0.07692307692307693,1,dr,midline,ur,1,0,0,0,0
9,8,size7_comp0.4_grid8_base_medium,7,0.4,medium,base,base,4,7,11,5,4,1,1,1,1,1,5,13,0.8461538461538461,0.8461538461538461,0.6666666666666666,1.0,5,2,5,1,4,5,3,0,2,0,0,2,0.15384615384615385,DR,1.4854752972273344,2,3,0,5,3,0.2,0.3,0.0,0.5,0.23076923076923078,UR,0.0,0.07692307692307693,0.0,0.07692307692307693,1,dr,midline,ur,1,0,0,0,0
0,9,size7_comp0.4_grid9_base_medium,7,0.4,medium,base,base,7,5,12,4,5,1,1,1,1,1,6,12,1.0,1.0,1.0,1.0,4,2,2,4,7,1,3,0,0,0,0,0,0.0,UL,1.0,3,3,0,0,6,0.5,0.5,0.0,0.0,0.5,UL,0.08333333333333333,0.08333333333333333,0.0,0.0,1,midline,midline,ul,0,1,0,0,0
1,9,size7_comp0.4_grid9_base_medium,7,0.4,medium,base,base,7,5,12,4,5,1,1,1,1,1,12,19,0.631578947368421,0.6842105263157895,0.6153846153846154,0.8333333333333334,5,3,6,5,7,3,7,1,7,1,0,5,0.2631578947368421,UL,0.9709505944546686,6,4,0,0,9,0.6,0.4,0.0,0.0,0.47368421052631576,UL,0.10526315789473684,0.05263157894736842,0.0,0.0,1,midline,midline,ul,0,1,0,0,0
2,9,size7_comp0.4_grid9_base_medium,7,0.4,medium,base,base,7,5,12,4,5,1,1,1,1,1,6,12,1.0,1.0,1.0,1.0,4,2,2,4,8,0,3,0,0,0,0,0,0.0,UL,1.584962500721156,3,3,3,0,3,0.3333333333333333,0.3333333333333333,0.3333333333333333,0.0,0.25,UL,0.08333333333333333,0.08333333333333333,0.08333333333333333,0.0,1,midline,midline,ul,0,1,0,0,0
3,9,size7_comp0.4_grid9_base_medium,7,0.4,medium,base,base,7,5,12,4,5,1,1,1,1,1,7,13,0.9230769230769231,0.9230769230769231,0.875,1.0,4,2,3,4,6,2,4,0,1,0,0,1,0.07692307692307693,UL,0.9852281360342515,4,3,0,0,6,0.5714285714285714,0.42857142857142855,0.0,0.0,0.46153846153846156,UL,0.07692307692307693,0.07692307692307693,0.0,0.0,1,midline,midline,ul,0,1,0,0,0
4,9,size7_comp0.4_grid9_base_medium,7,0.4,medium,base,base,7,5,12,4,5,1,1,1,1,1,6,12,1.0,1.0,1.0,1.0,4,2,2,4,7,1,3,0,0,0,0,0,0.0,UL,1.0,3,3,0,0,6,0.5,0.5,0.0,0.0,0.5,UL,0.08333333333333333,0.08333333333333333,0.0,0.0,1,midline,midline,ul,0,1,0,0,0
5,9,size7_comp0.4_grid9_base_medium,7,0.4,medium,base,base,7,5,12,4,5,1,1,1,1,1,6,15,0.8,0.8666666666666667,1.0,0.75,4,3,3,5,6,2,4,2,3,2,3,1,0.06666666666666667,UL,0.954434002924965,5,3,0,0,7,0.625,0.375,0.0,0.0,0.4666666666666667,UL,0.06666666666666667,0.06666666666666667,0.0,0.0,1,midline,midline,ul,0,1,0,0,0
6,9,size7_comp0.4_grid9_base_medium,7,0.4,medium,base,base,7,5,12,4,5,1,1,1,1,1,9,16,0.75,0.8125,0.8,0.8333333333333334,5,4,3,4,6,2,6,1,3,1,1,2,0.125,UL,1.5709505944546684,4,3,3,0,6,0.4,0.3,0.3,0.0,0.375,UL,0.0625,0.0625,0.0625,0.0,1,midline,midline,ul,0,1,0,0,0
7,9,size7_comp0.4_grid9_base_medium,7,0.4,medium,base,base,7,5,12,4,5,1,1,1,1,1,6,12,1.0,1.0,1.0,1.0,4,2,2,4,7,1,3,0,0,0,0,0,0.0,UL,1.0,3,3,0,0,6,0.5,0.5,0.0,0.0,0.5,UL,0.08333333333333333,0.08333333333333333,0.0,0.0,1,midline,midline,ul,0,1,0,0,0
8,9,size7_comp0.4_grid9_base_medium,7,0.4,medium,base,base,7,5,12,4,5,1,1,1,1,1,9,16,0.75,0.8125,0.8,0.8333333333333334,5,2,3,6,7,3,5,0,3,0,0,2,0.125,UR,0.9852281360342515,3,4,0,0,9,0.42857142857142855,0.5714285714285714,0.0,0.0,0.5625,UL,0.0625,0.0625,0.0,0.0,1,midline,midline,ul,0,0,0,0,0
9,9,size7_comp0.4_grid9_base_medium,7,0.4,medium,base,base,7,5,12,4,5,1,1,1,1,1,6,12,1.0,1.0,1.0,1.0,4,2,2,4,7,1,3,0,0,0,0,0,0.0,UL,1.0,3,3,0,0,6,0.5,0.5,0.0,0.0,0.5,UL,0.08333333333333333,0.08333333333333333,0.0,0.0,1,midline,midline,ul,0,1,0,0,0
0,0,size7_comp0.6_grid0_base_medium,7,0.6,medium,base,base,3,6,9,3,3,1,1,1,1,1,2,9,1.0,1.0,1.0,1.0,2,4,2,1,4,1,2,1,3,1,1,0,0.0,UR,-0.0,0,1,0,0,8,0.0,1.0,0.0,0.0,0.8888888888888888,,0.0,0.0,0.0,0.0,0,midline,dl,ur,0,1,0,0,0
1,0,size7_comp0.6_grid0_base_medium,7,0.6,medium,base,base,3,6,9,3,3,1,1,1,1,1,2,9,1.0,1.0,1.0,1.0,2,4,2,1,4,1,2,1,3,1,1,0,0.0,UR,-0.0,0,1,0,0,8,0.0,1.0,0.0,0.0,0.8888888888888888,,0.0,0.0,0.0,0.0,0,midline,dl,ur,0,1,0,0,0
2,0,size7_comp0.6_grid0_base_medium,7,0.6,medium,base,base,3,6,9,3,3,1,1,1,1,1,2,9,1.0,1.0,1.0,1.0,2,4,2,1,4,1,2,1,3,1,1,0,0.0,UR,-0.0,0,1,0,0,8,0.0,1.0,0.0,0.0,0.8888888888888888,,0.0,0.0,0.0,0.0,0,midline,dl,ur,0,1,0,0,0
3,0,size7_comp0.6_grid0_base_medium,7,0.6,medium,base,base,3,6,9,3,3,1,1,1,1,1,4,11,0.8181818181818182,0.9090909090909091,0.8,1.0,2,4,3,2,4,2,2,2,4,2,1,0,0.0,UR,-0.0,0,1,0,0,10,0.0,1.0,0.0,0.0,0.9090909090909091,,0.0,0.0,0.0,0.0,0,midline,dl,ur,0,1,0,0,0
4,0,size7_comp0.6_grid0_base_medium,7,0.6,medium,base,base,3,6,9,3,3,1,1,1,1,1,2,9,1.0,1.0,1.0,1.0,2,4,2,1,4,1,2,1,3,1,1,0,0.0,UR,-0.0,0,1,0,0,8,0.0,1.0,0.0,0.0,0.8888888888888888,,0.0,0.0,0.0,0.0,0,midline,dl,ur,0,1,0,0,0
5,0,size7_comp0.6_grid0_base_medium,7,0.6,medium,base,base,3,6,9,3,3,1,1,1,1,1,4,11,0.8181818181818182,0.9090909090909091,0.8,1.0,3,5,2,1,4,1,2,3,5,3,1,0,0.0,UR,-0.0,0,1,0,0,10,0.0,1.0,0.0,0.0,0.9090909090909091,,0.0,0.0,0.0,0.0,0,midline,dl,ur,0,1,0,0,0
6,0,size7_comp0.6_grid0_base_medium,7,0.6,medium,base,base,3,6,9,3,3,1,1,1,1,1,2,14,0.6428571428571429,0.7857142857142857,1.0,0.7272727272727273,3,4,4,3,5,3,4,1,6,1,2,1,0.07142857142857142,UR,-0.0,0,2,0,0,12,0.0,1.0,0.0,0.0,0.8571428571428571,,0.0,0.0,0.0,0.0,0,midline,dl,ur,0,1,0,0,0
7,0,size7_comp0.6_grid0_base_medium,7,0.6,medium,base,base,3,6,9,3,3,1,1,1,1,1,4,12,0.75,0.8333333333333334,0.8,0.8571428571428571,2,4,3,3,3,3,3,2,5,2,1,1,0.08333333333333333,UR,-0.0,0,1,0,0,11,0.0,1.0,0.0,0.0,0.9166666666666666,,0.0,0.0,0.0,0.0,0,midline,dl,ur,0,1,0,0,0
8,0,size7_comp0.6_grid0_base_medium,7,0.6,medium,base,base,3,6,9,3,3,1,1,1,1,1,2,9,1.0,1.0,1.0,1.0,2,4,2,1,4,1,2,1,3,1,1,0,0.0,UR,-0.0,0,1,0,0,8,0.0,1.0,0.0,0.0,0.8888888888888888,,0.0,0.0,0.0,0.0,0,midline,dl,ur,0,1,0,0,0
9,0,size7_comp0.6_grid0_base_medium,7,0.6,medium,base,base,3,6,9,3,3,1,1,1,1,1,6,13,0.6923076923076923,0.8461538461538461,0.7142857142857143,1.0,3,5,3,2,4,2,2,4,6,4,1,0,0.0,UR,-0.0,0,1,0,0,12,0.0,1.0,0.0,0.0,0.9230769230769231,,0.0,0.0,0.0,0.0,0,midline,dl,ur,0,1,0,0,0
0,1,size7_comp0.6_grid1_base_medium,7,0.6,medium,base,base,5,5,10,4,3,1,1,1,1,1,4,10,1.0,1.0,1.0,1.0,4,1,3,2,3,3,2,1,2,1,1,0,0.0,DL,1.0,0,0,1,1,8,0.0,0.0,0.5,0.5,0.8,,0.0,0.0,0.0,0.0,0,dr,ur,dl,0,1,0,0,0
1,1,size7_comp0.6_grid1_base_medium,7,0.6,medium,base,base,5,5,10,4,3,1,1,1,1,1,8,14,0.7142857142857143,0.8571428571428571,0.7777777777777778,1.0,5,2,4,3,4,3,4,2,4,2,1,0,0.0,UR,1.3709505944546687,0,3,1,1,9,0.0,0.6,0.2,0.2,0.6428571428571429,,0.0,0.0,0.0,0.0,0,dr,ur,dl,0,0,0,0,0
2,1,size7_comp0.6_grid1_base_medium,7,0.6,medium,base,base,5,5,10,4,3,1,1,1,1,1,5,13,0.7692307692307693,0.8461538461538461,0.8333333333333334,0.8571428571428571,4,1,5,3,3,3,3,3,5,3,3,1,0.07692307692307693,DL,1.0,0,0,2,2,9,0.0,0.0,0.5,0.5,0.6923076923076923,,0.0,0.0,0.0,0.0,0,dr,ur,dl,0,1,0,0,0
3,1,size7_comp0.6_grid1_base_medium,7,0.6,medium,base,base,5,5,10,4,3,1,1,1,1,1,8,18,0.5555555555555556,0.7777777777777778,0.7777777777777778,0.7777777777777778,5,2,6,5,4,5,3,5,9,5,4,0,0.0,DL,1.2516291673878228,0,1,4,1,12,0.0,0.16666666666666666,0.6666666666666666,0.16666666666666666,0.6666666666666666,,0.0,0.0,0.0,0.0,0,dr,ur,dl,0,1,0,0,0
4,1,size7_comp0.6_grid1_base_medium,7,0.6,medium,base,base,5,5,10,4,3,1,1,1,1,1,6,13,0.7692307692307693,0.8461538461538461,0.8571428571428571,0.8333333333333334,5,2,4,2,2,5,4,1,4,1,1,1,0.07692307692307693,UR,1.584962500721156,0,1,1,1,10,0.0,0.3333333333333333,0.3333333333333333,0.3333333333333333,0.7692307692307693,,0.0,0.0,0.0,0.0,0,dr,ur,dl,0,0,0,0,0
5,1,size7_comp0.6_grid1_base_medium,7,0.6,medium,base,base,5,5,10,4,3,1,1,1,1,1,4,14,0.7142857142857143,0.8571428571428571,1.0,0.7777777777777778,5,2,4,3,5,3,2,3,5,3,2,0,0.0,DL,0.8112781244591328,0,0,3,1,10,0.0,0.0,0.75,0.25,0.7142857142857143,,0.0,0.0,0.0,0.0,0,dr,ur,dl,0,1,0,0,0
6,1,size7_comp0.6_grid1_base_medium,7,0.6,medium,base,base,5,5,10,4,3,1,1,1,1,1,4,10,1.0,1.0,1.0,1.0,4,1,3,2,3,3,2,1,2,1,1,0,0.0,DL,1.0,0,0,1,1,8,0.0,0.0,0.5,0.5,0.8,,0.0,0.0,0.0,0.0,0,dr,ur,dl,0,1,0,0,0
7,1,size7_comp0.6_grid1_base_medium,7,0.6,medium,base,base,5,5,10,4,3,1,1,1,1,1,8,14,0.7142857142857143,0.8571428571428571,0.7777777777777778,1.0,6,3,3,2,4,4,2,3,6,3,1,0,0.0,UR,1.2516291673878228,0,4,1,1,8,0.0,0.6666666666666666,0.16666666666666666,0.16666666666666666,0.5714285714285714,,0.0,0.0,0.0,0.0,0,dr,ur,dl,0,0,0,0,0
8,1,size7_comp0.6_grid1_base_medium,7,0.6,medium,base,base,5,5,10,4,3,1,1,1,1,1,6,12,0.8333333333333334,0.9166666666666666,0.8571428571428571,1.0,4,1,4,3,3,3,2,3,4,3,1,0,0.0,DL,1.0,0,0,1,1,10,0.0,0.0,0.5,0.5,0.8333333333333334,,0.0,0.0,0.0,0.0,0,dr,ur,dl,0,1,0,0,0
9,1,size7_comp0.6_grid1_base_medium,7,0.6,medium,base,base,5,5,10,4,3,1,1,1,1,1,6,14,0.7142857142857143,0.8571428571428571,0.8571428571428571,0.8571428571428571,6,3,3,2,2,4,5,2,4,2,2,0,0.0,DL,1.3709505944546687,0,1,3,1,9,0.0,0.2,0.6,0.2,0.6428571428571429,,0.0,0.0,0.0,0.0,0,dr,ur,dl,0,1,0,0,0
0,2,size7_comp0.6_grid2_base_medium,7,0.6,medium,base,base,3,3,6,6,0,1,1,1,1,1,2,7,0.8571428571428571,0.8571428571428571,1.0,0.75,1,1,0,5,4,0,2,0,1,0,0,1,0.14285714285714285,DL,-0.0,0,0,1,0,6,0.0,0.0,1.0,0.0,0.8571428571428571,,0.0,0.0,0.0,0.0,0,dl,dr,midline,1,0,0,0,0
1,2,size7_comp0.6_grid2_base_medium,7,0.6,medium,base,base,3,3,6,6,0,1,1,1,1,1,4,8,0.75,0.875,0.8,1.0,2,2,0,4,2,2,3,0,0,0,0,0,0.0,DL,-0.0,0,0,3,0,5,0.0,0.0,1.0,0.0,0.625,,0.0,0.0,0.0,0.0,0,dl,dr,midline,1,0,0,0,0
2,2,size7_comp0.6_grid2_base_medium,7,0.6,medium,base,base,3,3,6,6,0,1,1,1,1,1,2,8,0.75,0.875,1.0,0.8,2,2,0,4,1,1,4,1,1,1,1,0,0.0,DL,-0.0,0,0,2,0,6,0.0,0.0,1.0,0.0,0.75,,0.0,0.0,0.0,0.0,0,dl,dr,midline,1,0,0,0,0
3,2,size7_comp0.6_grid2_base_medium,7,0.6,medium,base,base,3,3,6,6,0,1,1,1,1,1,6,10,0.6,0.8,0.7142857142857143,1.0,3,3,0,4,3,0,3,3,3,3,0,0,0.0,DL,-0.0,0,0,5,0,5,0.0,0.0,1.0,0.0,0.5,,0.0,0.0,0.0,0.0,0,dl,dr,midline,1,0,0,0,0
4,2,size7_comp0.6_grid2_base_medium,7,0.6,medium,base,base,3,3,6,6,0,1,1,1,1,1,2,6,1.0,1.0,1.0,1.0,1,1,0,4,3,0,2,0,0,0,0,0,0.0,DL,-0.0,0,0,1,0,5,0.0,0.0,1.0,0.0,0.8333333333333334,,0.0,0.0,0.0,0.0,0,dl,dr,midline,1,0,0,0,0
5,2,size7_comp0.6_grid2_base_medium,7,0.6,medium,base,base,3,3,6,6,0,1,1,1,1,1,2,15,0.4,0.6666666666666666,1.0,0.5833333333333334,5,5,0,5,2,2,4,6,8,6,7,1,0.06666666666666667,DL,-0.0,0,0,1,0,14,0.0,0.0,1.0,0.0,0.9333333333333333,,0.0,0.0,0.0,0.0,0,dl,dr,midline,1,0,0,0,0
6,2,size7_comp0.6_grid2_base_medium,7,0.6,medium,base,base,3,3,6,6,0,1,1,1,1,1,2,9,0.6666666666666666,0.7777777777777778,1.0,0.6666666666666666,2,3,0,4,0,2,5,1,2,1,1,1,0.1111111111111111,DL,-0.0,0,0,2,0,7,0.0,0.0,1.0,0.0,0.7777777777777778,,0.0,0.0,0.0,0.0,0,dl,dr,midline,1,0,0,0,0
7,2,size7_comp0.6_grid2_base_medium,7,0.6,medium,base,base,3,3,6,6,0,1,1,1,1,1,2,6,1.0,1.0,1.0,1.0,1,1,0,4,3,0,2,0,0,0,0,0,0.0,DL,-0.0,0,0,1,0,5,0.0,0.0,1.0,0.0,0.8333333333333334,,0.0,0.0,0.0,0.0,0,dl,dr,midline,1,0,0,0,0
8,2,size7_comp0.6_grid2_base_medium,7,0.6,medium,base,base,3,3,6,6,0,1,1,1,1,1,2,6,1.0,1.0,1.0,1.0,1,1,0,4,2,1,2,0,0,0,0,0,0.0,DL,-0.0,0,0,2,0,4,0.0,0.0,1.0,0.0,0.6666666666666666,,0.0,0.0,0.0,0.0,0,dl,dr,midline,1,0,0,0,0
9,2,size7_comp0.6_grid2_base_medium,7,0.6,medium,base,base,3,3,6,6,0,1,1,1,1,1,2,6,1.0,1.0,1.0,1.0,1,1,0,4,3,0,2,0,0,0,0,0,0.0,DL,-0.0,0,0,1,0,5,0.0,0.0,1.0,0.0,0.8333333333333334,,0.0,0.0,0.0,0.0,0,dl,dr,midline,1,0,0,0,0
0,3,size7_comp0.6_grid3_base_medium,7,0.6,medium,base,base,6,5,11,3,4,1,1,1,1,1,11,19,0.5789473684210527,0.7894736842105263,0.75,0.8571428571428571,4,5,4,6,6,3,2,7,9,7,3,0,0.0,UL,0.7219280948873623,8,0,2,0,9,0.8,0.0,0.2,0.0,0.47368421052631576,UL,0.15789473684210525,0.0,0.0,0.0,1,midline,ur,dl,0,0,0,0,0
1,3,size7_comp0.6_grid3_base_medium,7,0.6,medium,base,base,6,5,11,3,4,1,1,1,1,1,11,17,0.6470588235294118,0.8235294117647058,0.75,1.0,2,3,5,7,6,4,1,5,6,5,1,0,0.0,UL,1.2516291673878228,4,1,1,0,11,0.6666666666666666,0.16666666666666666,0.16666666666666666,0.0,0.6470588235294118,UL,0.058823529411764705,0.0,0.0,0.0,1,midline,ur,dl,0,0,0,0,0
2,3,size7_comp0.6_grid3_base_medium,7,0.6,medium,base,base,6,5,11,3,4,1,1,1,1,1,5,13,0.8461538461538461,0.9230769230769231,1.0,0.8571428571428571,3,4,2,4,3,3,3,3,3,3,3,0,0.0,UL,1.4591479170272448,3,1,2,0,7,0.5,0.16666666666666666,0.3333333333333333,0.0,0.5384615384615384,UL,0.07692307692307693,0.0,0.0,0.0,1,midline,ur,dl,0,0,0,0,0
3,3,size7_comp0.6_grid3_base_medium,7,0.6,medium,base,base,6,5,11,3,4,1,1,1,1,1,5,11,1.0,1.0,1.0,1.0,2,3,2,4,3,2,4,1,4,1,1,0,0.0,UR,0.8112781244591328,0,3,1,0,7,0.0,0.75,0.25,0.0,0.6363636363636364,,0.0,0.0,0.0,0.0,0,midline,ur,dl,0,0,0,0,0
4,3,size7_comp0.6_grid3_base_medium,7,0.6,medium,base,base,6,5,11,3,4,1,1,1,1,1,7,13,0.8461538461538461,0.9230769230769231,0.875,1.0,2,3,3,5,4,2,3,3,5,3,1,0,0.0,UR,0.9182958340544896,0,2,1,0,10,0.0,0.6666666666666666,0.3333333333333333,0.0,0.7692307692307693,,0.0,0.0,0.0,0.0,0,midline,ur,dl,0,0,0,0,0
5,3,size7_comp0.6_grid3_base_medium,7,0.6,medium,base,base,6,5,11,3,4,1,1,1,1,1,7,15,0.7333333333333333,0.8,0.75,0.8571428571428571,2,5,3,5,4,3,4,3,8,3,1,2,0.13333333333333333,UR,0.8112781244591328,0,3,1,0,11,0.0,0.75,0.25,0.0,0.7333333333333333,,0.0,0.0,0.0,0.0,0,midline,ur,dl,0,0,0,0,0
6,3,size7_comp0.6_grid3_base_medium,7,0.6,medium,base,base,6,5,11,3,4,1,1,1,1,1,5,13,0.8461538461538461,0.9230769230769231,1.0,0.8571428571428571,2,3,3,5,3,2,4,3,6,3,1,0,0.0,UR,0.8112781244591328,0,3,1,0,9,0.0,0.75,0.25,0.0,0.6923076923076923,,0.0,0.0,0.0,0.0,0,midline,ur,dl,0,0,0,0,0
7,3,size7_comp0.6_grid3_base_medium,7,0.6,medium,base,base,6,5,11,3,4,1,1,1,1,1,7,13,0.8461538461538461,0.9230769230769231,0.875,1.0,2,3,3,5,3,3,3,3,3,3,1,0,0.0,UL,1.1488348542809166,5,1,1,0,6,0.7142857142857143,0.14285714285714285,0.14285714285714285,0.0,0.46153846153846156,UL,0.15384615384615385,0.0,0.0,0.0,1,midline,ur,dl,0,0,0,0,0
8,3,size7_comp0.6_grid3_base_medium,7,0.6,medium,base,base,6,5,11,3,4,1,1,1,1,1,7,13,0.8461538461538461,0.9230769230769231,0.875,1.0,2,3,3,5,4,2,3,3,5,3,1,0,0.0,UR,0.9182958340544896,0,2,1,0,10,0.0,0.6666666666666666,0.3333333333333333,0.0,0.7692307692307693,,0.0,0.0,0.0,0.0,0,midline,ur,dl,0,0,0,0,0
9,3,size7_comp0.6_grid3_base_medium,7,0.6,medium,base,base,6,5,11,3,4,1,1,1,1,1,5,12,0.9166666666666666,0.9166666666666666,1.0,0.8333333333333334,3,3,2,4,2,3,5,1,5,1,1,1,0.08333333333333333,UR,0.8112781244591328,0,3,1,0,8,0.0,0.75,0.25,0.0,0.6666666666666666,,0.0,0.0,0.0,0.0,0,midline,ur,dl,0,0,0,0,0
0,4,size7_comp0.6_grid4_base_medium,7,0.6,medium,base,base,5,5,10,4,4,1,1,1,1,1,6,12,0.8333333333333334,0.8333333333333334,0.7142857142857143,1.0,4,2,4,2,4,5,1,1,2,0,0,2,0.16666666666666666,DR,0.954434002924965,0,3,0,5,4,0.0,0.375,0.0,0.625,0.3333333333333333,UR,0.0,0.08333333333333333,0.0,0.08333333333333333,1,dr,midline,ur,1,0,0,0,0
1,4,size7_comp0.6_grid4_base_medium,7,0.6,medium,base,base,5,5,10,4,4,1,1,1,1,1,4,10,1.0,1.0,1.0,1.0,4,2,3,1,3,4,2,0,0,0,0,0,0.0,UR,0.9852281360342515,0,4,0,3,3,0.0,0.5714285714285714,0.0,0.42857142857142855,0.3,UR,0.0,0.1,0.0,0.1,1,dr,midline,ur,0,1,0,0,0
2,4,size7_comp0.6_grid4_base_medium,7,0.6,medium,base,base,5,5,10,4,4,1,1,1,1,1,5,17,0.5882352941176471,0.7647058823529411,0.8333333333333334,0.7272727272727273,6,4,5,2,3,4,4,5,6,5,2,1,0.058823529411764705,UR,0.9182958340544896,0,6,0,3,8,0.0,0.6666666666666666,0.0,0.3333333333333333,0.47058823529411764,UR,0.0,0.11764705882352941,0.0,0.058823529411764705,1,dr,midline,ur,0,1,0,0,0
3,4,size7_comp0.6_grid4_base_medium,7,0.6,medium,base,base,5,5,10,4,4,1,1,1,1,1,4,10,1.0,1.0,1.0,1.0,4,2,3,1,4,2,2,1,1,1,1,0,0.0,UR,0.9852281360342515,0,4,0,3,3,0.0,0.5714285714285714,0.0,0.42857142857142855,0.3,UR,0.0,0.1,0.0,0.1,1,dr,midline,ur,0,1,0,0,0
4,4,size7_comp0.6_grid4_base_medium,7,0.6,medium,base,base,5,5,10,4,4,1,1,1,1,1,4,14,0.7142857142857143,0.8571428571428571,1.0,0.7777777777777778,5,3,4,2,3,4,2,4,4,4,2,0,0.0,UR,0.8812908992306927,0,7,0,3,4,0.0,0.7,0.0,0.3,0.2857142857142857,UR,0.0,0.14285714285714285,0.0,0.07142857142857142,1,dr,midline,ur,0,1,0,0,0
5,4,size7_comp0.6_grid4_base_medium,7,0.6,medium,base,base,5,5,10,4,4,1,1,1,1,1,6,12,0.8333333333333334,0.9166666666666666,0.8571428571428571,1.0,4,2,4,2,2,3,5,1,4,1,1,0,0.0,UR,0.6500224216483541,0,5,0,1,6,0.0,0.8333333333333334,0.0,0.16666666666666666,0.5,UR,0.0,0.08333333333333333,0.0,0.0,1,dr,midline,ur,0,1,0,0,0
6,4,size7_comp0.6_grid4_base_medium,7,0.6,medium,base,base,5,5,10,4,4,1,1,1,1,1,8,19,0.5263157894736842,0.6842105263157895,0.6666666666666666,0.7,6,6,4,3,4,5,3,6,9,4,1,3,0.15789473684210525,UR,0.8112781244591328,0,9,0,3,7,0.0,0.75,0.0,0.25,0.3684210526315789,UR,0.0,0.05263157894736842,0.0,0.05263157894736842,1,dr,midline,ur,0,1,0,0,0
7,4,size7_comp0.6_grid4_base_medium,7,0.6,medium,base,base,5,5,10,4,4,1,1,1,1,1,4,10,1.0,1.0,1.0,1.0,4,2,3,1,5,3,1,0,0,0,0,0,0.0,UR,1.0,0,3,0,3,4,0.0,0.5,0.0,0.5,0.4,UR,0.0,0.1,0.0,0.1,1,dr,midline,ur,0,1,0,0,0
8,4,size7_comp0.6_grid4_base_medium,7,0.6,medium,base,base,5,5,10,4,4,1,1,1,1,1,4,10,1.0,1.0,1.0,1.0,4,2,3,1,4,2,2,1,1,1,1,0,0.0,UR,0.9852281360342515,0,4,0,3,3,0.0,0.5714285714285714,0.0,0.42857142857142855,0.3,UR,0.0,0.1,0.0,0.1,1,dr,midline,ur,0,1,0,0,0
9,4,size7_comp0.6_grid4_base_medium,7,0.6,medium,base,base,5,5,10,4,4,1,1,1,1,1,12,31,0.3225806451612903,0.6451612903225806,0.6923076923076923,0.6111111111111112,8,6,9,8,4,6,6,14,21,13,5,1,0.03225806451612903,UR,0.74959525725948,0,11,0,3,17,0.0,0.7857142857142857,0.0,0.21428571428571427,0.5483870967741935,UR,0.0,0.12903225806451613,0.0,0.0,2,dr,midline,ur,0,1,0,0,0
0,5,size7_comp0.6_grid5_base_medium,7,0.6,medium,base,base,6,5,11,5,5,1,1,1,1,1,8,15,0.7333333333333333,0.8,0.7777777777777778,0.8333333333333334,6,1,4,4,8,4,1,1,3,1,0,2,0.13333333333333333,UR,1.584962500721156,0,4,4,4,3,0.0,0.3333333333333333,0.3333333333333333,0.3333333333333333,0.2,UR,0.0,0.13333333333333333,0.13333333333333333,0.06666666666666667,2,dl,ul,midline,0,0,0,0,0
1,5,size7_comp0.6_grid5_base_medium,7,0.6,medium,base,base,6,5,11,5,5,1,1,1,1,1,5,11,1.0,1.0,1.0,1.0,4,0,3,4,8,2,0,0,0,0,0,0,0.0,UR,1.561278124459133,0,3,2,3,3,0.0,0.375,0.25,0.375,0.2727272727272727,UR,0.0,0.09090909090909091,0.09090909090909091,0.09090909090909091,1,dl,ul,midline,0,0,0,0,0
2,5,size7_comp0.6_grid5_base_medium,7,0.6,medium,base,base,6,5,11,5,5,1,1,1,1,1,6,13,0.8461538461538461,0.8461538461538461,0.8571428571428571,0.8333333333333334,6,0,3,4,6,4,2,0,2,0,0,2,0.15384615384615385,DR,1.5304930567574826,0,3,2,4,4,0.0,0.3333333333333333,0.2222222222222222,0.4444444444444444,0.3076923076923077,UR,0.0,0.07692307692307693,0.07692307692307693,0.07692307692307693,1,dl,ul,midline,0,0,0,0,0
3,5,size7_comp0.6_grid5_base_medium,7,0.6,medium,base,base,6,5,11,5,5,1,1,1,1,1,11,17,0.6470588235294118,0.7647058823529411,0.6666666666666666,1.0,7,3,3,4,6,5,2,3,4,2,0,2,0.11764705882352941,DL,1.5726236638951638,0,3,4,4,6,0.0,0.2727272727272727,0.36363636363636365,0.36363636363636365,0.35294117647058826,DL,0.0,0.058823529411764705,0.11764705882352941,0.058823529411764705,1,dl,ul,midline,1,0,0,0,0
4,5,size7_comp0.6_grid5_base_medium,7,0.6,medium,base,base,6,5,11,5,5,1,1,1,1,1,7,13,0.8461538461538461,0.9230769230769231,0.875,1.0,5,1,3,4,8,3,0,1,1,1,0,0,0.0,DL,1.5709505944546684,0,3,4,3,3,0.0,0.3,0.4,0.3,0.23076923076923078,DL,0.0,0.07692307692307693,0.15384615384615385,0.07692307692307693,1,dl,ul,midline,1,0,0,0,0
5,5,size7_comp0.6_grid5_base_medium,7,0.6,medium,base,base,6,5,11,5,5,1,1,1,1,1,7,13,0.8461538461538461,0.9230769230769231,0.875,1.0,5,1,3,4,7,4,0,1,1,1,0,0,0.0,UR,1.561278124459133,0,3,2,3,5,0.0,0.375,0.25,0.375,0.38461538461538464,UR,0.0,0.07692307692307693,0.07692307692307693,0.07692307692307693,1,dl,ul,midline,0,0,0,0,0
6,5,size7_comp0.6_grid5_base_medium,7,0.6,medium,base,base,6,5,11,5,5,1,1,1,1,1,11,18,0.6111111111111112,0.6666666666666666,0.5833333333333334,0.8333333333333334,5,3,5,5,8,5,2,2,7,2,0,5,0.2777777777777778,DL,1.5774062828523454,0,4,5,5,4,0.0,0.2857142857142857,0.35714285714285715,0.35714285714285715,0.2222222222222222,UR,0.0,0.1111111111111111,0.1111111111111111,0.05555555555555555,2,dl,ul,midline,1,0,0,0,0
7,5,size7_comp0.6_grid5_base_medium,7,0.6,medium,base,base,6,5,11,5,5,1,1,1,1,1,17,23,0.4782608695652174,0.6956521739130435,0.6111111111111112,1.0,9,5,3,6,8,3,4,7,12,7,1,2,0.08695652173913043,UR,0.7219280948873623,0,8,2,0,13,0.0,0.8,0.2,0.0,0.5652173913043478,UR,0.0,0.08695652173913043,0.043478260869565216,0.0,1,dl,ul,midline,0,0,0,0,0
8,5,size7_comp0.6_grid5_base_medium,7,0.6,medium,base,base,6,5,11,5,5,1,1,1,1,1,9,16,0.6875,0.75,0.7,0.8333333333333334,6,1,3,6,7,5,3,0,4,0,0,3,0.1875,UR,1.5304930567574826,0,4,2,3,7,0.0,0.4444444444444444,0.2222222222222222,0.3333333333333333,0.4375,UR,0.0,0.0625,0.0625,0.0625,1,dl,ul,midline,0,0,0,0,0
9,5,size7_comp0.6_grid5_base_medium,7,0.6,medium,base,base,6,5,11,5,5,1,1,1,1,1,13,19,0.5789473684210527,0.7368421052631579,0.6428571428571429,1.0,6,0,6,7,8,6,0,4,8,4,0,2,0.10526315789473684,DR,1.3346791410515946,0,3,2,8,6,0.0,0.23076923076923078,0.15384615384615385,0.6153846153846154,0.3157894736842105,UR,0.0,0.05263157894736842,0.05263157894736842,0.05263157894736842,1,dl,ul,midline,0,0,0,0,0
0,6,size7_comp0.6_grid6_base_medium,7,0.6,medium,base,base,3,5,8,4,3,1,1,1,1,1,2,17,0.47058823529411764,0.7058823529411765,1.0,0.6428571428571429,6,3,3,5,4,2,4,6,10,6,1,1,0.058823529411764705,DL,0.5032583347756457,0,0,8,1,8,0.0,0.0,0.8888888888888888,0.1111111111111111,0.47058823529411764,,0.0,0.0,0.0,0.0,0,dl,ur,dr,1,0,0,0,0
1,6,size7_comp0.6_grid6_base_medium,7,0.6,medium,base,base,3,5,8,4,3,1,1,1,1,1,2,8,1.0,1.0,1.0,1.0,3,1,1,3,3,3,1,0,0,0,0,0,0.0,DR,0.9709505944546686,0,0,2,3,3,0.0,0.0,0.4,0.6,0.375,DR,0.0,0.0,0.0,0.125,1,dl,ur,dr,0,1,0,0,0
2,6,size7_comp0.6_grid6_base_medium,7,0.6,medium,base,base,3,5,8,4,3,1,1,1,1,1,2,8,1.0,1.0,1.0,1.0,3,1,1,3,3,3,1,0,0,0,0,0,0.0,DR,0.9709505944546686,0,0,2,3,3,0.0,0.0,0.4,0.6,0.375,DR,0.0,0.0,0.0,0.125,1,dl,ur,dr,0,1,0,0,0
3,6,size7_comp0.6_grid6_base_medium,7,0.6,medium,base,base,3,5,8,4,3,1,1,1,1,1,2,10,0.8,0.9,1.0,0.8571428571428571,3,1,2,4,4,2,2,1,3,1,1,0,0.0,DL,0.7219280948873623,0,0,4,1,5,0.0,0.0,0.8,0.2,0.5,,0.0,0.0,0.0,0.0,0,dl,ur,dr,1,0,0,0,0
4,6,size7_comp0.6_grid6_base_medium,7,0.6,medium,base,base,3,5,8,4,3,1,1,1,1,1,2,8,1.0,1.0,1.0,1.0,3,1,1,3,3,3,1,0,0,0,0,0,0.0,DR,0.9709505944546686,0,0,2,3,3,0.0,0.0,0.4,0.6,0.375,DR,0.0,0.0,0.0,0.125,1,dl,ur,dr,0,1,0,0,0
5,6,size7_comp0.6_grid6_base_medium,7,0.6,medium,base,base,3,5,8,4,3,1,1,1,1,1,2,14,0.5714285714285714,0.7857142857142857,1.0,0.7272727272727273,4,2,3,5,4,2,2,5,7,5,1,0,0.0,DL,0.5435644431995964,0,0,7,1,6,0.0,0.0,0.875,0.125,0.42857142857142855,,0.0,0.0,0.0,0.0,0,dl,ur,dr,1,0,0,0,0
6,6,size7_comp0.6_grid6_base_medium,7,0.6,medium,base,base,3,5,8,4,3,1,1,1,1,1,2,12,0.6666666666666666,0.8333333333333334,1.0,0.7777777777777778,3,1,3,5,4,2,2,3,5,3,1,0,0.0,DL,0.6500224216483541,0,0,5,1,6,0.0,0.0,0.8333333333333334,0.16666666666666666,0.5,,0.0,0.0,0.0,0.0,0,dl,ur,dr,1,0,0,0,0
7,6,size7_comp0.6_grid6_base_medium,7,0.6,medium,base,base,3,5,8,4,3,1,1,1,1,1,2,8,1.0,1.0,1.0,1.0,3,1,1,3,3,3,1,0,0,0,0,0,0.0,DR,0.9709505944546686,0,0,2,3,3,0.0,0.0,0.4,0.6,0.375,DR,0.0,0.0,0.0,0.125,1,dl,ur,dr,0,1,0,0,0
8,6,size7_comp0.6_grid6_base_medium,7,0.6,medium,base,base,3,5,8,4,3,1,1,1,1,1,3,11,0.7272727272727273,0.8181818181818182,0.75,0.8571428571428571,3,2,2,4,5,4,0,1,2,1,0,1,0.09090909090909091,DL,1.0,0,0,3,3,5,0.0,0.0,0.5,0.5,0.45454545454545453,DR,0.0,0.0,0.0,0.09090909090909091,1,dl,ur,dr,1,0,0,0,0
9,6,size7_comp0.6_grid6_base_medium,7,0.6,medium,base,base,3,5,8,4,3,1,1,1,1,1,5,11,0.7272727272727273,0.8181818181818182,0.6666666666666666,1.0,3,2,2,4,3,3,3,1,2,1,0,1,0.09090909090909091,DL,0.954434002924965,0,0,5,3,3,0.0,0.0,0.625,0.375,0.2727272727272727,DL,0.0,0.0,0.09090909090909091,0.09090909090909091,1,dl,ur,dr,1,0,0,0,0
0,7,size7_comp0.6_grid7_base_medium,7,0.6,medium,base,base,12,3,15,9,3,1,1,1,1,0,-1,24,0.0,0.6666666666666666,0.6666666666666666,0.0,7,9,6,2,7,1,7,8,11,8,0,1,0.041666666666666664,DR,1.3346791410515946,0,3,2,8,11,0.0,0.23076923076923078,0.15384615384615385,0.6153846153846154,0.4583333333333333,DR,0.0,0.0,0.041666666666666664,0.125,1,ur,dl,ul,0,0,0,0,0
1,7,size7_comp0.6_grid7_base_medium,7,0.6,medium,base,base,12,3,15,9,3,1,1,1,1,0,-1,22,0.0,0.5909090909090909,0.5909090909090909,0.0,3,6,9,4,3,8,7,3,10,3,0,5,0.22727272727272727,DR,1.384431504340598,0,3,2,7,10,0.0,0.25,0.16666666666666666,0.5833333333333334,0.45454545454545453,DR,0.0,0.0,0.045454545454545456,0.09090909090909091,1,ur,dl,ul,0,0,0,0,0
2,7,size7_comp0.6_grid7_base_medium,7,0.6,medium,base,base,12,3,15,9,3,1,1,1,0,0,-1,32,0.0,0.53125,0.53125,0.0,6,8,8,10,10,9,6,6,21,5,0,3,0.09375,UR,0.6292492238560345,0,16,0,3,13,0.0,0.8421052631578947,0.0,0.15789473684210525,0.40625,UR,0.0,0.1875,0.0,0.03125,4,ur,dl,ul,1,0,0,0,0
3,7,size7_comp0.6_grid7_base_medium,7,0.6,medium,base,base,12,3,15,9,3,1,1,1,1,0,-1,19,0.0,0.6842105263157895,0.6842105263157895,0.0,4,5,7,3,3,3,7,5,9,5,0,2,0.10526315789473684,DR,1.2516291673878228,0,2,2,8,7,0.0,0.16666666666666666,0.16666666666666666,0.6666666666666666,0.3684210526315789,DR,0.0,0.0,0.0,0.10526315789473684,1,ur,dl,ul,0,0,0,0,0
4,7,size7_comp0.6_grid7_base_medium,7,0.6,medium,base,base,12,3,15,9,3,1,1,1,0,0,-1,32,0.0,0.375,0.375,0.0,4,4,14,10,9,5,7,10,24,8,0,7,0.21875,UR,-0.0,0,13,0,0,19,0.0,1.0,0.0,0.0,0.59375,,0.0,0.0,0.0,0.0,0,ur,dl,ul,1,0,0,0,0
5,7,size7_comp0.6_grid7_base_medium,7,0.6,medium,base,base,12,3,15,9,3,1,1,1,0,0,-1,32,0.0,0.40625,0.40625,0.0,7,6,12,7,9,5,7,10,25,8,0,6,0.1875,UR,-0.0,0,5,0,0,27,0.0,1.0,0.0,0.0,0.84375,,0.0,0.0,0.0,0.0,0,ur,dl,ul,1,0,0,0,0
6,7,size7_comp0.6_grid7_base_medium,7,0.6,medium,base,base,12,3,15,9,3,1,1,1,0,0,-1,32,0.0,0.46875,0.46875,0.0,6,6,11,9,5,5,5,16,26,14,0,2,0.0625,UR,-0.0,0,3,0,0,29,0.0,1.0,0.0,0.0,0.90625,,0.0,0.0,0.0,0.0,0,ur,dl,ul,1,0,0,0,0
7,7,size7_comp0.6_grid7_base_medium,7,0.6,medium,base,base,12,3,15,9,3,1,1,1,1,0,-1,20,0.0,0.65,0.65,0.0,4,6,7,3,4,3,7,5,8,3,0,3,0.15,DL,1.3221793455166666,0,1,6,4,9,0.0,0.09090909090909091,0.5454545454545454,0.36363636363636365,0.45,DL,0.0,0.0,0.1,0.05,2,ur,dl,ul,0,0,0,0,0
8,7,size7_comp0.6_grid7_base_medium,7,0.6,medium,base,base,12,3,15,9,3,1,1,1,1,0,-1,26,0.0,0.6538461538461539,0.6538461538461539,0.0,4,6,9,7,7,3,5,10,14,9,0,1,0.038461538461538464,DL,1.4926140680171258,0,3,7,4,12,0.0,0.21428571428571427,0.5,0.2857142857142857,0.46153846153846156,DL,0.0,0.0,0.038461538461538464,0.038461538461538464,1,ur,dl,ul,0,0,0,0,0
9,7,size7_comp0.6_grid7_base_medium,7,0.6,medium,base,base,12,3,15,9,3,1,1,1,1,0,-1,21,0.0,0.6190476190476191,0.6190476190476191,0.0,6,6,6,3,4,3,7,6,9,4,0,4,0.19047619047619047,UR,1.5058231002082845,0,7,5,3,6,0.0,0.4666666666666667,0.3333333333333333,0.2,0.2857142857142857,UR,0.0,0.14285714285714285,0.047619047619047616,0.047619047619047616,2,ur,dl,ul,1,0,0,0,0
0,8,size7_comp0.6_grid8_base_medium,7,0.6,medium,base,base,3,4,7,7,0,1,1,1,1,1,2,7,1.0,1.0,1.0,1.0,0,3,2,2,4,2,0,0,0,0,0,0,0.0,DL,0.9709505944546686,2,0,3,0,2,0.4,0.0,0.6,0.0,0.2857142857142857,DL,0.0,0.0,0.14285714285714285,0.0,1,midline,midline,midline,0,0,0,0,0
1,8,size7_comp0.6_grid8_base_medium,7,0.6,medium,base,base,3,4,7,7,0,1,1,1,1,1,8,16,0.4375,0.6875,0.6666666666666666,0.7142857142857143,1,4,5,6,4,6,3,2,5,2,1,1,0.0625,UL,0.9910760598382222,5,0,4,0,7,0.5555555555555556,0.0,0.4444444444444444,0.0,0.4375,UL,0.0625,0.0,0.0625,0.0,1,midline,midline,midline,0,0,0,0,0
2,8,size7_comp0.6_grid8_base_medium,7,0.6,medium,base,base,3,4,7,7,0,1,1,1,1,1,2,8,0.875,0.875,1.0,0.8,0,3,2,3,3,3,1,0,1,0,0,1,0.125,DL,0.9182958340544896,2,0,4,0,2,0.3333333333333333,0.0,0.6666666666666666,0.0,0.25,DL,0.0,0.0,0.125,0.0,1,midline,midline,midline,0,0,0,0,0
3,8,size7_comp0.6_grid8_base_medium,7,0.6,medium,base,base,3,4,7,7,0,1,1,1,1,1,2,11,0.6363636363636364,0.6363636363636364,1.0,0.5,0,6,2,3,4,4,2,0,4,0,0,4,0.36363636363636365,DL,0.7642045065086203,2,0,7,0,2,0.2222222222222222,0.0,0.7777777777777778,0.0,0.18181818181818182,DL,0.0,0.0,0.2727272727272727,0.0,3,midline,midline,midline,0,0,0,0,0
4,8,size7_comp0.6_grid8_base_medium,7,0.6,medium,base,base,3,4,7,7,0,1,1,1,1,1,2,7,1.0,1.0,1.0,1.0,0,3,2,2,4,2,0,0,0,0,0,0,0.0,DL,0.9709505944546686,2,0,3,0,2,0.4,0.0,0.6,0.0,0.2857142857142857,DL,0.0,0.0,0.14285714285714285,0.0,1,midline,midline,midline,0,0,0,0,0
5,8,size7_comp0.6_grid8_base_medium,7,0.6,medium,base,base,3,4,7,7,0,1,1,1,1,1,2,8,0.875,0.875,1.0,0.8,0,4,2,2,1,4,2,0,1,0,0,1,0.125,DL,0.7219280948873623,1,0,4,0,3,0.2,0.0,0.8,0.0,0.375,DL,0.0,0.0,0.125,0.0,1,midline,midline,midline,0,0,0,0,0
6,8,size7_comp0.6_grid8_base_medium,7,0.6,medium,base,base,3,4,7,7,0,1,1,1,1,1,2,8,0.875,0.875,1.0,0.8,0,4,2,2,5,2,0,0,1,0,0,1,0.125,DL,0.9182958340544896,2,0,4,0,2,0.3333333333333333,0.0,0.6666666666666666,0.0,0.25,DL,0.0,0.0,0.25,0.0,2,midline,midline,midline,0,0,0,0,0
7,8,size7_comp0.6_grid8_base_medium,7,0.6,medium,base,base,3,4,7,7,0,1,1,1,1,1,2,7,1.0,1.0,1.0,1.0,0,3,2,2,2,3,1,0,0,0,0,0,0.0,DL,0.8112781244591328,1,0,3,0,3,0.25,0.0,0.75,0.0,0.42857142857142855,DL,0.0,0.0,0.14285714285714285,0.0,1,midline,midline,midline,0,0,0,0,0
8,8,size7_comp0.6_grid8_base_medium,7,0.6,medium,base,base,3,4,7,7,0,1,1,1,1,1,8,14,0.5,0.7142857142857143,0.6666666666666666,0.8,1,4,4,5,4,5,1,3,5,3,0,1,0.07142857142857142,UL,0.9182958340544896,8,0,4,0,2,0.6666666666666666,0.0,0.3333333333333333,0.0,0.14285714285714285,UL,0.14285714285714285,0.0,0.07142857142857142,0.0,1,midline,midline,midline,0,0,0,0,0
9,8,size7_comp0.6_grid8_base_medium,7,0.6,medium,base,base,3,4,7,7,0,1,1,1,1,1,2,7,1.0,1.0,1.0,1.0,0,3,2,2,4,2,0,0,0,0,0,0,0.0,DL,0.9709505944546686,2,0,3,0,2,0.4,0.0,0.6,0.0,0.2857142857142857,DL,0.0,0.0,0.14285714285714285,0.0,1,midline,midline,midline,0,0,0,0,0
0,9,size7_comp0.6_grid9_base_medium,7,0.6,medium,base,base,3,5,8,6,1,1,1,1,1,1,4,12,0.6666666666666666,0.75,0.6,0.8571428571428571,1,3,5,3,6,1,1,3,5,3,1,2,0.16666666666666666,UR,0.7219280948873623,0,4,0,1,7,0.0,0.8,0.0,0.2,0.5833333333333334,UR,0.0,0.25,0.0,0.0,3,ur,midline,dr,1,0,0,0,0
1,9,size7_comp0.6_grid9_base_medium,7,0.6,medium,base,base,3,5,8,6,1,1,1,1,1,1,3,9,0.8888888888888888,0.8888888888888888,0.75,1.0,1,3,4,1,5,1,1,1,2,1,1,1,0.1111111111111111,UR,0.8112781244591328,0,3,0,1,5,0.0,0.75,0.0,0.25,0.5555555555555556,UR,0.0,0.2222222222222222,0.0,0.0,2,ur,midline,dr,1,0,0,0,0
2,9,size7_comp0.6_grid9_base_medium,7,0.6,medium,base,base,3,5,8,6,1,1,1,1,1,1,2,9,0.8888888888888888,0.8888888888888888,1.0,0.8333333333333334,1,3,4,1,5,0,1,2,2,1,1,1,0.1111111111111111,UR,0.9182958340544896,0,2,0,1,6,0.0,0.6666666666666666,0.0,0.3333333333333333,0.6666666666666666,UR,0.0,0.1111111111111111,0.0,0.0,1,ur,midline,dr,1,0,0,0,0
3,9,size7_comp0.6_grid9_base_medium,7,0.6,medium,base,base,3,5,8,6,1,1,1,1,1,1,2,8,1.0,1.0,1.0,1.0,1,3,4,0,5,1,0,1,1,1,1,0,0.0,UR,0.9182958340544896,0,2,0,1,5,0.0,0.6666666666666666,0.0,0.3333333333333333,0.625,UR,0.0,0.125,0.0,0.0,1,ur,midline,dr,1,0,0,0,0
4,9,size7_comp0.6_grid9_base_medium,7,0.6,medium,base,base,3,5,8,6,1,1,1,1,1,1,2,8,1.0,1.0,1.0,1.0,1,3,4,0,5,1,0,1,1,1,1,0,0.0,UR,0.9182958340544896,0,2,0,1,5,0.0,0.6666666666666666,0.0,0.3333333333333333,0.625,UR,0.0,0.125,0.0,0.0,1,ur,midline,dr,1,0,0,0,0
5,9,size7_comp0.6_grid9_base_medium,7,0.6,medium,base,base,3,5,8,6,1,1,1,1,1,1,2,8,1.0,1.0,1.0,1.0,1,3,4,0,4,1,2,0,0,0,0,0,0.0,UR,1.0,0,2,0,2,4,0.0,0.5,0.0,0.5,0.5,UR,0.0,0.125,0.0,0.0,1,ur,midline,dr,1,0,0,0,0
6,9,size7_comp0.6_grid9_base_medium,7,0.6,medium,base,base,3,5,8,6,1,1,1,1,1,1,2,8,1.0,1.0,1.0,1.0,1,3,4,0,5,1,0,1,1,1,1,0,0.0,UR,0.9182958340544896,0,2,0,1,5,0.0,0.6666666666666666,0.0,0.3333333333333333,0.625,UR,0.0,0.125,0.0,0.0,1,ur,midline,dr,1,0,0,0,0
7,9,size7_comp0.6_grid9_base_medium,7,0.6,medium,base,base,3,5,8,6,1,1,1,1,1,1,2,10,0.8,0.9,1.0,0.8571428571428571,1,3,5,1,5,1,0,3,3,3,1,0,0.0,UR,0.9182958340544896,0,2,0,1,7,0.0,0.6666666666666666,0.0,0.3333333333333333,0.7,UR,0.0,0.1,0.0,0.0,1,ur,midline,dr,1,0,0,0,0
8,9,size7_comp0.6_grid9_base_medium,7,0.6,medium,base,base,3,5,8,6,1,1,1,1,1,1,2,8,1.0,1.0,1.0,1.0,1,3,4,0,5,1,0,1,1,1,1,0,0.0,UR,0.9182958340544896,0,2,0,1,5,0.0,0.6666666666666666,0.0,0.3333333333333333,0.625,UR,0.0,0.125,0.0,0.0,1,ur,midline,dr,1,0,0,0,0
9,9,size7_comp0.6_grid9_base_medium,7,0.6,medium,base,base,3,5,8,6,1,1,1,1,1,1,3,9,0.8888888888888888,0.8888888888888888,0.75,1.0,1,3,4,1,5,1,1,1,2,1,1,1,0.1111111111111111,UR,0.8112781244591328,0,3,0,1,5,0.0,0.75,0.0,0.25,0.5555555555555556,UR,0.0,0.2222222222222222,0.0,0.0,2,ur,midline,dr,1,0,0,0,0
0,0,size9_comp0.0_grid0_base_medium,9,0.0,medium,base,base,7,4,11,3,4,1,1,1,1,1,6,13,0.8461538461538461,0.9230769230769231,1.0,0.8333333333333334,1,3,4,5,5,3,4,0,3,0,0,0,0.0,DR,0.7642045065086203,0,0,2,7,4,0.0,0.0,0.2222222222222222,0.7777777777777778,0.3076923076923077,DR,0.0,0.0,0.0,0.15384615384615385,2,midline,dl,dr,0,1,0,0,0
1,0,size9_comp0.0_grid0_base_medium,9,0.0,medium,base,base,7,4,11,3,4,1,1,1,1,1,6,25,0.44,0.72,1.0,0.6111111111111112,5,7,6,7,6,3,10,5,11,5,2,0,0.0,DR,0.8658566174572235,0,1,1,9,14,0.0,0.09090909090909091,0.09090909090909091,0.8181818181818182,0.56,DR,0.0,0.0,0.0,0.12,2,midline,dl,dr,0,1,0,0,0
2,0,size9_comp0.0_grid0_base_medium,9,0.0,medium,base,base,7,4,11,3,4,1,1,1,1,1,6,13,0.8461538461538461,0.9230769230769231,1.0,0.8333333333333334,1,3,4,5,4,5,3,0,2,0,0,0,0.0,DR,0.5916727785823275,0,0,1,6,6,0.0,0.0,0.14285714285714285,0.8571428571428571,0.46153846153846156,DR,0.0,0.0,0.0,0.15384615384615385,2,midline,dl,dr,0,1,0,0,0
3,0,size9_comp0.0_grid0_base_medium,9,0.0,medium,base,base,7,4,11,3,4,1,1,1,1,1,8,17,0.6470588235294118,0.8235294117647058,0.8888888888888888,0.75,3,5,4,5,5,5,5,1,3,1,0,0,0.0,DR,-0.0,0,0,0,8,9,0.0,0.0,0.0,1.0,0.5294117647058824,DR,0.0,0.0,0.0,0.23529411764705882,4,midline,dl,dr,0,1,0,0,0
4,0,size9_comp0.0_grid0_base_medium,9,0.0,medium,base,base,7,4,11,3,4,1,1,1,1,1,8,19,0.5789473684210527,0.7894736842105263,0.8888888888888888,0.7,4,6,4,5,8,2,5,3,5,3,2,0,0.0,DR,0.41381685030363374,0,0,1,11,7,0.0,0.0,0.08333333333333333,0.9166666666666666,0.3684210526315789,DR,0.0,0.0,0.0,0.3157894736842105,4,midline,dl,dr,0,1,0,0,0
5,0,size9_comp0.0_grid0_base_medium,9,0.0,medium,base,base,7,4,11,3,4,1,1,1,1,1,6,19,0.5789473684210527,0.7894736842105263,1.0,0.6666666666666666,4,6,4,5,4,4,6,4,8,4,2,0,0.0,DR,0.39124356362925566,0,0,1,12,6,0.0,0.0,0.07692307692307693,0.9230769230769231,0.3157894736842105,DR,0.0,0.0,0.0,0.21052631578947367,2,midline,dl,dr,0,1,0,0,0
6,0,size9_comp0.0_grid0_base_medium,9,0.0,medium,base,base,7,4,11,3,4,1,1,1,1,1,13,22,0.5,0.7272727272727273,0.7142857142857143,0.75,5,8,4,5,6,7,4,4,5,3,0,1,0.045454545454545456,DR,0.39124356362925566,0,0,1,12,9,0.0,0.0,0.07692307692307693,0.9230769230769231,0.4090909090909091,DR,0.0,0.0,0.0,0.22727272727272727,5,midline,dl,dr,0,1,0,0,0
7,0,size9_comp0.0_grid0_base_medium,9,0.0,medium,base,base,7,4,11,3,4,1,1,1,1,1,8,21,0.5238095238095238,0.7619047619047619,0.8888888888888888,0.6666666666666666,4,6,5,6,6,5,5,4,7,4,2,0,0.0,DR,0.6962122601251458,0,0,3,13,5,0.0,0.0,0.1875,0.8125,0.23809523809523808,DR,0.0,0.0,0.0,0.23809523809523808,3,midline,dl,dr,0,1,0,0,0
8,0,size9_comp0.0_grid0_base_medium,9,0.0,medium,base,base,7,4,11,3,4,1,1,1,1,1,6,11,1.0,1.0,1.0,1.0,0,2,4,5,6,2,1,1,2,1,1,0,0.0,DR,0.8112781244591328,0,0,2,6,3,0.0,0.0,0.25,0.75,0.2727272727272727,DR,0.0,0.0,0.0,0.2727272727272727,3,midline,dl,dr,0,1,0,0,0
9,0,size9_comp0.0_grid0_base_medium,9,0.0,medium,base,base,7,4,11,3,4,1,1,1,1,0,-1,3,0.0,1.0,1.0,0.0,0,2,0,1,0,1,1,0,0,0,0,0,0.0,DL,-0.0,0,0,2,0,1,0.0,0.0,1.0,0.0,0.3333333333333333,,0.0,0.0,0.0,0.0,0,midline,dl,dr,0,0,0,0,0
0,1,size9_comp0.0_grid1_base_medium,9,0.0,medium,base,base,4,3,7,5,1,1,1,1,1,1,11,17,0.4117647058823529,0.7058823529411765,0.6666666666666666,0.8,4,7,4,2,2,8,3,3,7,3,1,0,0.0,UR,0.4689955935892812,0,9,0,1,7,0.0,0.9,0.0,0.1,0.4117647058823529,UR,0.0,0.11764705882352941,0.0,0.0,1,ur,midline,dr,1,0,0,0,0
1,1,size9_comp0.0_grid1_base_medium,9,0.0,medium,base,base,4,3,7,5,1,1,1,1,1,1,7,11,0.6363636363636364,0.8181818181818182,0.75,1.0,1,4,4,2,2,4,2,2,2,2,1,0,0.0,UR,0.5916727785823275,0,6,0,1,4,0.0,0.8571428571428571,0.0,0.14285714285714285,0.36363636363636365,UR,0.0,0.09090909090909091,0.0,0.0,1,ur,midline,dr,1,0,0,0,0
2,1,size9_comp0.0_grid1_base_medium,9,0.0,medium,base,base,4,3,7,5,1,1,1,1,1,1,5,11,0.6363636363636364,0.8181818181818182,0.8333333333333334,0.8,2,5,3,1,4,4,0,2,3,2,1,0,0.0,UR,1.2516291673878228,1,4,0,1,5,0.16666666666666666,0.6666666666666666,0.0,0.16666666666666666,0.45454545454545453,,0.0,0.0,0.0,0.0,0,ur,midline,dr,1,0,0,0,0
3,1,size9_comp0.0_grid1_base_medium,9,0.0,medium,base,base,4,3,7,5,1,1,1,1,1,1,9,13,0.5384615384615384,0.7692307692307693,0.7,1.0,2,5,4,2,3,3,3,3,4,3,1,0,0.0,UR,0.4689955935892812,0,9,0,1,3,0.0,0.9,0.0,0.1,0.23076923076923078,UR,0.0,0.3076923076923077,0.0,0.0,2,ur,midline,dr,1,0,0,0,0
4,1,size9_comp0.0_grid1_base_medium,9,0.0,medium,base,base,4,3,7,5,1,1,1,1,1,1,5,9,0.7777777777777778,0.8888888888888888,0.8333333333333334,1.0,1,4,3,1,3,3,0,2,2,2,1,0,0.0,UR,0.8112781244591328,0,3,0,1,5,0.0,0.75,0.0,0.25,0.5555555555555556,,0.0,0.0,0.0,0.0,0,ur,midline,dr,1,0,0,0,0
5,1,size9_comp0.0_grid1_base_medium,9,0.0,medium,base,base,4,3,7,5,1,1,1,1,1,1,15,21,0.3333333333333333,0.6666666666666666,0.625,0.8,4,7,6,4,2,4,7,7,9,7,1,0,0.0,UR,1.188721875540867,1,8,0,3,9,0.08333333333333333,0.6666666666666666,0.0,0.25,0.42857142857142855,UR,0.0,0.23809523809523808,0.0,0.0,4,ur,midline,dr,1,0,0,0,0
6,1,size9_comp0.0_grid1_base_medium,9,0.0,medium,base,base,4,3,7,5,1,1,1,1,1,1,9,13,0.5384615384615384,0.7692307692307693,0.7,1.0,2,5,4,2,3,4,1,4,5,4,1,0,0.0,UR,0.9709505944546686,0,3,0,2,8,0.0,0.6,0.0,0.4,0.6153846153846154,,0.0,0.0,0.0,0.0,0,ur,midline,dr,1,0,0,0,0
7,1,size9_comp0.0_grid1_base_medium,9,0.0,medium,base,base,4,3,7,5,1,1,1,1,1,1,13,17,0.4117647058823529,0.7058823529411765,0.6428571428571429,1.0,3,6,5,3,3,9,2,2,8,2,0,0,0.0,UR,0.4689955935892812,0,9,0,1,7,0.0,0.9,0.0,0.1,0.4117647058823529,,0.0,0.0,0.0,0.0,0,ur,midline,dr,1,0,0,0,0
8,1,size9_comp0.0_grid1_base_medium,9,0.0,medium,base,base,4,3,7,5,1,1,1,1,1,1,5,11,0.6363636363636364,0.8181818181818182,0.8333333333333334,0.8,2,5,3,1,2,5,1,2,2,2,1,0,0.0,UR,1.1488348542809166,1,5,0,1,4,0.14285714285714285,0.7142857142857143,0.0,0.14285714285714285,0.36363636363636365,,0.0,0.0,0.0,0.0,0,ur,midline,dr,1,0,0,0,0
9,1,size9_comp0.0_grid1_base_medium,9,0.0,medium,base,base,4,3,7,5,1,1,1,1,1,1,18,22,0.3181818181818182,0.6363636363636364,0.5789473684210527,1.0,6,8,5,3,6,5,5,5,11,5,1,1,0.045454545454545456,UR,0.5435644431995964,0,14,0,2,6,0.0,0.875,0.0,0.125,0.2727272727272727,UR,0.0,0.4090909090909091,0.0,0.0,7,ur,midline,dr,1,0,0,0,0
0,2,size9_comp0.0_grid2_base_medium,9,0.0,medium,base,base,10,5,15,5,5,1,1,1,1,0,-1,9,0.0,0.7777777777777778,0.7777777777777778,0.0,2,5,2,0,3,1,2,2,4,2,0,0,0.0,UR,-0.0,0,8,0,0,1,0.0,1.0,0.0,0.0,0.1111111111111111,UR,0.0,0.5555555555555556,0.0,0.0,3,ur,midline,dl,1,0,0,0,0
1,2,size9_comp0.0_grid2_base_medium,9,0.0,medium,base,base,10,5,15,5,5,1,1,1,1,1,10,16,0.9375,0.9375,0.9090909090909091,1.0,3,5,5,3,6,3,4,2,2,1,1,1,0.0625,UR,1.6258145836939115,1,6,4,1,4,0.08333333333333333,0.5,0.3333333333333333,0.08333333333333333,0.25,UR,0.0,0.125,0.0625,0.0,2,ur,midline,dl,1,0,0,0,0
2,2,size9_comp0.0_grid2_base_medium,9,0.0,medium,base,base,10,5,15,5,5,1,1,1,1,1,9,19,0.7894736842105263,0.8947368421052632,1.0,0.7777777777777778,4,7,5,3,6,3,8,1,5,1,0,0,0.0,DL,0.9612366047228759,0,5,8,0,6,0.0,0.38461538461538464,0.6153846153846154,0.0,0.3157894736842105,UR,0.0,0.15789473684210525,0.05263157894736842,0.0,3,ur,midline,dl,0,1,0,0,0
3,2,size9_comp0.0_grid2_base_medium,9,0.0,medium,base,base,10,5,15,5,5,1,1,1,1,1,11,19,0.7894736842105263,0.8947368421052632,0.9166666666666666,0.8571428571428571,4,7,5,3,6,5,4,3,5,3,1,0,0.0,DL,1.2806721295208872,0,4,7,1,7,0.0,0.3333333333333333,0.5833333333333334,0.08333333333333333,0.3684210526315789,UR,0.0,0.15789473684210525,0.15789473684210525,0.0,3,ur,midline,dl,0,1,0,0,0
4,2,size9_comp0.0_grid2_base_medium,9,0.0,medium,base,base,10,5,15,5,5,1,1,1,1,1,13,21,0.7142857142857143,0.8571428571428571,0.8571428571428571,0.8571428571428571,5,8,5,3,4,9,6,1,1,1,0,0,0.0,UR,1.4315602842833155,2,7,5,0,7,0.14285714285714285,0.5,0.35714285714285715,0.0,0.3333333333333333,UR,0.0,0.19047619047619047,0.047619047619047616,0.0,3,ur,midline,dl,1,0,0,0,0
5,2,size9_comp0.0_grid2_base_medium,9,0.0,medium,base,base,10,5,15,5,5,1,1,1,1,1,9,23,0.6521739130434783,0.8260869565217391,1.0,0.6923076923076923,5,8,6,4,6,8,6,2,6,2,1,0,0.0,DL,1.2987949406953985,2,4,10,0,7,0.125,0.25,0.625,0.0,0.30434782608695654,UR,0.0,0.13043478260869565,0.13043478260869565,0.0,3,ur,midline,dl,0,1,0,0,0
6,2,size9_comp0.0_grid2_base_medium,9,0.0,medium,base,base,10,5,15,5,5,1,1,1,1,1,11,17,0.8823529411764706,0.9411764705882353,0.9166666666666666,1.0,2,5,6,4,6,5,3,2,2,2,1,0,0.0,UR,1.4591479170272448,2,6,4,0,5,0.16666666666666666,0.5,0.3333333333333333,0.0,0.29411764705882354,UR,0.0,0.17647058823529413,0.058823529411764705,0.0,2,ur,midline,dl,1,0,0,0,0
7,2,size9_comp0.0_grid2_base_medium,9,0.0,medium,base,base,10,5,15,5,5,1,1,1,1,1,12,18,0.8333333333333334,0.8333333333333334,0.7692307692307693,1.0,4,5,5,4,10,4,2,1,5,1,1,3,0.16666666666666666,UR,1.5262349099495225,4,6,3,0,5,0.3076923076923077,0.46153846153846156,0.23076923076923078,0.0,0.2777777777777778,UR,0.05555555555555555,0.2777777777777778,0.05555555555555555,0.0,5,ur,midline,dl,1,0,0,0,0
8,2,size9_comp0.0_grid2_base_medium,9,0.0,medium,base,base,10,5,15,5,5,1,1,1,1,1,22,28,0.5357142857142857,0.75,0.6956521739130435,1.0,5,7,9,7,7,11,3,6,7,6,0,1,0.03571428571428571,UR,1.7720772537350808,6,7,4,1,10,0.3333333333333333,0.3888888888888889,0.2222222222222222,0.05555555555555555,0.35714285714285715,UR,0.0,0.10714285714285714,0.03571428571428571,0.0,3,ur,midline,dl,1,0,0,0,0
9,2,size9_comp0.0_grid2_base_medium,9,0.0,medium,base,base,10,5,15,5,5,1,1,1,1,1,13,19,0.7894736842105263,0.8947368421052632,0.8571428571428571,1.0,3,6,6,4,7,3,7,1,3,1,0,0,0.0,DL,1.5709505944546684,3,3,4,0,9,0.3,0.3,0.4,0.0,0.47368421052631576,UR,0.0,0.10526315789473684,0.05263157894736842,0.0,2,ur,midline,dl,0,1,0,0,0
0,3,size9_comp0.0_grid3_base_medium,9,0.0,medium,base,base,7,8,15,5,5,1,1,1,1,1,8,32,0.46875,0.71875,0.8888888888888888,0.6521739130434783,8,11,5,8,11,4,9,7,12,7,3,1,0.03125,UR,1.3534485046116531,4,14,0,5,9,0.17391304347826086,0.6086956521739131,0.0,0.21739130434782608,0.28125,UR,0.0625,0.15625,0.0,0.0,3,midline,dl,ur,0,1,0,0,0
1,3,size9_comp0.0_grid3_base_medium,9,0.0,medium,base,base,7,8,15,5,5,1,1,1,1,1,16,29,0.5172413793103449,0.7586206896551724,0.7058823529411765,0.8333333333333334,7,10,5,7,5,9,12,2,5,2,0,0,0.0,UL,1.3328204045850196,10,5,0,2,12,0.5882352941176471,0.29411764705882354,0.0,0.11764705882352941,0.41379310344827586,UL,0.06896551724137931,0.06896551724137931,0.0,0.0,2,midline,dl,ur,0,0,0,0,0
2,3,size9_comp0.0_grid3_base_medium,9,0.0,medium,base,base,7,8,15,5,5,1,1,1,1,1,6,45,0.3333333333333333,0.6666666666666666,1.0,0.6052631578947368,9,12,11,13,17,13,6,8,25,8,8,0,0.0,UR,1.4182958340544896,4,16,2,2,21,0.16666666666666666,0.6666666666666666,0.08333333333333333,0.08333333333333333,0.4666666666666667,UR,0.0,0.15555555555555556,0.0,0.0,3,midline,dl,ur,0,1,0,0,0
3,3,size9_comp0.0_grid3_base_medium,9,0.0,medium,base,base,7,8,15,5,5,1,1,1,1,1,6,47,0.3191489361702128,0.6595744680851063,1.0,0.6,12,15,9,11,10,14,12,10,22,10,0,0,0.0,DR,1.3885308110207435,1,8,1,13,24,0.043478260869565216,0.34782608695652173,0.043478260869565216,0.5652173913043478,0.5106382978723404,DR,0.0,0.02127659574468085,0.0,0.0425531914893617,2,midline,dl,ur,0,0,0,0,0
4,3,size9_comp0.0_grid3_base_medium,9,0.0,medium,base,base,7,8,15,5,5,1,1,1,1,1,10,25,0.6,0.8,0.8181818181818182,0.7857142857142857,6,9,4,6,6,6,9,3,3,3,0,0,0.0,DR,1.6893917467430877,2,4,1,7,11,0.14285714285714285,0.2857142857142857,0.07142857142857142,0.5,0.44,DR,0.0,0.04,0.0,0.12,3,midline,dl,ur,0,0,0,0,0
5,3,size9_comp0.0_grid3_base_medium,9,0.0,medium,base,base,7,8,15,5,5,1,1,1,1,1,12,21,0.7142857142857143,0.8571428571428571,0.7692307692307693,1.0,5,8,3,5,7,4,4,5,5,5,0,0,0.0,UL,0.8904916402194913,9,4,0,0,8,0.6923076923076923,0.3076923076923077,0.0,0.0,0.38095238095238093,UL,0.14285714285714285,0.047619047619047616,0.0,0.0,1,midline,dl,ur,0,0,0,0,0
6,3,size9_comp0.0_grid3_base_medium,9,0.0,medium,base,base,7,8,15,5,5,1,1,1,1,1,8,17,0.8823529411764706,0.9411764705882353,0.8888888888888888,1.0,3,6,3,5,6,5,3,2,2,2,1,0,0.0,UL,0.9910760598382222,5,4,0,0,8,0.5555555555555556,0.4444444444444444,0.0,0.0,0.47058823529411764,UL,0.058823529411764705,0.058823529411764705,0.0,0.0,1,midline,dl,ur,0,0,0,0,0
7,3,size9_comp0.0_grid3_base_medium,9,0.0,medium,base,base,7,8,15,5,5,1,1,1,1,1,10,26,0.5769230769230769,0.7692307692307693,0.8181818181818182,0.7333333333333333,4,7,6,9,7,8,6,4,8,3,1,1,0.038461538461538464,UR,1.158938532350277,0,10,1,4,11,0.0,0.6666666666666666,0.06666666666666667,0.26666666666666666,0.4230769230769231,UR,0.0,0.23076923076923078,0.0,0.038461538461538464,6,midline,dl,ur,0,1,0,0,0
8,3,size9_comp0.0_grid3_base_medium,9,0.0,medium,base,base,7,8,15,5,5,1,1,1,1,1,6,19,0.7894736842105263,0.8947368421052632,1.0,0.8333333333333334,3,6,4,6,8,5,3,2,4,2,1,0,0.0,UR,0.9852281360342515,0,4,0,3,12,0.0,0.5714285714285714,0.0,0.42857142857142855,0.631578947368421,UR,0.0,0.05263157894736842,0.0,0.0,1,midline,dl,ur,0,1,0,0,0
9,3,size9_comp0.0_grid3_base_medium,9,0.0,medium,base,base,7,8,15,5,5,1,1,1,1,1,6,45,0.3333333333333333,0.6666666666666666,1.0,0.6052631578947368,11,14,9,11,18,9,8,9,25,9,1,0,0.0,DR,1.74917466839001,3,7,2,10,23,0.13636363636363635,0.3181818181818182,0.09090909090909091,0.45454545454545453,0.5111111111111111,DR,0.022222222222222223,0.022222222222222223,0.0,0.06666666666666667,3,midline,dl,ur,0,0,0,0,0
0,4,size9_comp0.0_grid4_base_medium,9,0.0,medium,base,base,8,6,14,10,2,1,1,1,1,1,11,25,0.56,0.76,0.8333333333333334,0.6923076923076923,4,10,3,8,8,8,4,4,7,4,3,1,0.04,UR,1.5306189948485174,5,6,0,3,11,0.35714285714285715,0.42857142857142855,0.0,0.21428571428571427,0.44,UL,0.08,0.04,0.0,0.0,2,ul,dr,ur,0,1,0,0,0
1,4,size9_comp0.0_grid4_base_medium,9,0.0,medium,base,base,8,6,14,10,2,1,1,1,1,1,7,21,0.6666666666666666,0.8095238095238095,1.0,0.6923076923076923,2,8,3,8,8,2,8,2,5,2,0,1,0.047619047619047616,DR,1.4355205042826666,4,4,0,10,3,0.2222222222222222,0.2222222222222222,0.0,0.5555555555555556,0.14285714285714285,DR,0.14285714285714285,0.09523809523809523,0.0,0.42857142857142855,9,ul,dr,ur,0,0,0,0,0
2,4,size9_comp0.0_grid4_base_medium,9,0.0,medium,base,base,8,6,14,10,2,1,1,1,1,1,9,18,0.7777777777777778,0.8888888888888888,0.9,0.875,1,7,3,7,5,5,4,3,3,3,0,0,0.0,UR,1.561278124459133,4,6,0,6,2,0.25,0.375,0.0,0.375,0.1111111111111111,DR,0.16666666666666666,0.1111111111111111,0.0,0.2222222222222222,4,ul,dr,ur,0,1,0,0,0
3,4,size9_comp0.0_grid4_base_medium,9,0.0,medium,base,base,8,6,14,10,2,1,1,1,1,1,7,16,0.875,0.9375,1.0,0.875,1,7,2,6,6,3,4,2,2,2,2,0,0.0,UR,1.419556298571613,4,7,0,2,3,0.3076923076923077,0.5384615384615384,0.0,0.15384615384615385,0.1875,UL,0.1875,0.1875,0.0,0.0,3,ul,dr,ur,0,1,0,0,0
4,4,size9_comp0.0_grid4_base_medium,9,0.0,medium,base,base,8,6,14,10,2,1,1,1,1,1,9,17,0.8235294117647058,0.8823529411764706,0.9,0.8571428571428571,1,7,2,7,7,4,4,1,2,0,1,1,0.058823529411764705,UL,1.5709505944546684,4,3,0,3,7,0.4,0.3,0.0,0.3,0.4117647058823529,UL,0.11764705882352941,0.0,0.0,0.11764705882352941,2,ul,dr,ur,1,0,0,0,0
5,4,size9_comp0.0_grid4_base_medium,9,0.0,medium,base,base,8,6,14,10,2,1,1,1,1,1,7,16,0.875,0.9375,1.0,0.875,0,6,3,7,4,3,7,1,1,1,0,0,0.0,UR,1.5726236638951638,3,4,0,4,5,0.2727272727272727,0.36363636363636365,0.0,0.36363636363636365,0.3125,DR,0.125,0.0625,0.0,0.1875,3,ul,dr,ur,0,1,0,0,0
6,4,size9_comp0.0_grid4_base_medium,9,0.0,medium,base,base,8,6,14,10,2,1,1,1,1,1,7,14,1.0,1.0,1.0,1.0,0,6,2,6,5,4,3,1,1,1,1,0,0.0,UR,1.5545851693377994,4,5,0,3,2,0.3333333333333333,0.4166666666666667,0.0,0.25,0.14285714285714285,UL,0.14285714285714285,0.07142857142857142,0.0,0.07142857142857142,2,ul,dr,ur,0,1,0,0,0
7,4,size9_comp0.0_grid4_base_medium,9,0.0,medium,base,base,8,6,14,10,2,1,1,1,1,1,9,24,0.5833333333333334,0.7916666666666666,0.9,0.7142857142857143,3,9,4,8,7,7,6,3,9,3,3,0,0.0,DR,1.548565226030918,4,6,0,7,7,0.23529411764705882,0.35294117647058826,0.0,0.4117647058823529,0.2916666666666667,DR,0.125,0.0,0.0,0.16666666666666666,3,ul,dr,ur,0,0,0,0,0
8,4,size9_comp0.0_grid4_base_medium,9,0.0,medium,base,base,8,6,14,10,2,1,1,1,1,1,7,18,0.7777777777777778,0.8888888888888888,1.0,0.8,2,8,2,6,9,3,2,3,3,3,0,0,0.0,DR,1.4772170014624826,3,5,0,8,2,0.1875,0.3125,0.0,0.5,0.1111111111111111,UR,0.1111111111111111,0.16666666666666666,0.0,0.1111111111111111,3,ul,dr,ur,0,0,0,0,0
9,4,size9_comp0.0_grid4_base_medium,9,0.0,medium,base,base,8,6,14,10,2,1,1,1,1,1,7,16,0.875,0.9375,1.0,0.875,0,6,3,7,6,5,2,2,2,2,1,0,0.0,UL,1.5774062828523454,5,4,0,5,2,0.35714285714285715,0.2857142857142857,0.0,0.35714285714285715,0.125,DR,0.1875,0.0,0.0,0.25,4,ul,dr,ur,1,0,0,0,0
0,5,size9_comp0.0_grid5_base_medium,9,0.0,medium,base,base,6,7,13,3,5,1,1,1,1,1,5,13,1.0,1.0,1.0,1.0,4,3,2,4,3,4,5,0,0,0,0,0,0.0,UL,0.5435644431995964,7,0,1,0,5,0.875,0.0,0.125,0.0,0.38461538461538464,UL,0.3076923076923077,0.0,0.0,0.0,4,dl,midline,ul,0,1,0,0,0
1,5,size9_comp0.0_grid5_base_medium,9,0.0,medium,base,base,6,7,13,3,5,1,1,1,1,1,7,15,0.8666666666666667,0.8666666666666667,0.75,1.0,4,3,4,4,2,5,7,0,2,0,0,2,0.13333333333333333,UL,0.8658566174572235,9,1,1,0,4,0.8181818181818182,0.09090909090909091,0.09090909090909091,0.0,0.26666666666666666,UL,0.3333333333333333,0.0,0.0,0.0,5,dl,midline,ul,0,1,0,0,0
2,5,size9_comp0.0_grid5_base_medium,9,0.0,medium,base,base,6,7,13,3,5,1,1,1,1,1,5,15,0.8666666666666667,0.9333333333333333,1.0,0.8888888888888888,4,3,3,5,8,3,1,2,3,2,1,0,0.0,UL,1.2406705316766884,7,3,1,0,4,0.6363636363636364,0.2727272727272727,0.09090909090909091,0.0,0.26666666666666666,UL,0.2,0.0,0.0,0.0,3,dl,midline,ul,0,1,0,0,0
3,5,size9_comp0.0_grid5_base_medium,9,0.0,medium,base,base,6,7,13,3,5,1,1,1,1,1,5,13,1.0,1.0,1.0,1.0,4,3,2,4,9,1,1,1,2,1,1,0,0.0,UL,1.2406705316766884,7,3,1,0,2,0.6363636363636364,0.2727272727272727,0.09090909090909091,0.0,0.15384615384615385,UL,0.23076923076923078,0.0,0.0,0.0,3,dl,midline,ul,0,1,0,0,0
4,5,size9_comp0.0_grid5_base_medium,9,0.0,medium,base,base,6,7,13,3,5,1,1,1,1,1,5,23,0.5652173913043478,0.782608695652174,1.0,0.7058823529411765,5,4,6,8,8,5,3,6,7,6,1,0,0.0,UR,1.1657840518150733,7,13,1,0,2,0.3333333333333333,0.6190476190476191,0.047619047619047616,0.0,0.08695652173913043,UR,0.17391304347826086,0.21739130434782608,0.0,0.0,4,dl,midline,ul,0,0,0,0,0
5,5,size9_comp0.0_grid5_base_medium,9,0.0,medium,base,base,6,7,13,3,5,1,1,1,1,1,8,18,0.7222222222222222,0.7777777777777778,0.6666666666666666,0.8888888888888888,4,3,6,5,11,2,3,1,4,1,0,3,0.16666666666666666,UL,1.4772170014624826,8,5,3,0,2,0.5,0.3125,0.1875,0.0,0.1111111111111111,UL,0.3333333333333333,0.05555555555555555,0.0,0.0,6,dl,midline,ul,0,1,0,0,0
6,5,size9_comp0.0_grid5_base_medium,9,0.0,medium,base,base,6,7,13,3,5,1,1,1,1,1,5,15,0.8666666666666667,0.9333333333333333,1.0,0.8888888888888888,4,3,3,5,8,2,3,1,2,1,1,0,0.0,UL,1.188721875540867,8,3,1,0,3,0.6666666666666666,0.25,0.08333333333333333,0.0,0.2,UL,0.26666666666666666,0.06666666666666667,0.0,0.0,4,dl,midline,ul,0,1,0,0,0
7,5,size9_comp0.0_grid5_base_medium,9,0.0,medium,base,base,6,7,13,3,5,1,1,1,1,1,6,14,0.9285714285714286,0.9285714285714286,0.8571428571428571,1.0,4,3,3,4,4,4,4,1,3,1,1,1,0.07142857142857142,UL,0.7219280948873623,8,0,2,0,4,0.8,0.0,0.2,0.0,0.2857142857142857,UL,0.21428571428571427,0.0,0.0,0.0,3,dl,midline,ul,0,1,0,0,0
8,5,size9_comp0.0_grid5_base_medium,9,0.0,medium,base,base,6,7,13,3,5,1,1,1,1,1,5,19,0.6842105263157895,0.8421052631578947,1.0,0.7692307692307693,4,3,5,7,8,3,4,3,3,3,1,0,0.0,UR,1.4020814027560318,7,8,2,0,2,0.4117647058823529,0.47058823529411764,0.11764705882352941,0.0,0.10526315789473684,UL,0.21052631578947367,0.10526315789473684,0.0,0.0,4,dl,midline,ul,0,0,0,0,0
9,5,size9_comp0.0_grid5_base_medium,9,0.0,medium,base,base,6,7,13,3,5,1,1,1,1,1,5,19,0.6842105263157895,0.8421052631578947,1.0,0.7692307692307693,5,4,4,6,8,3,4,3,3,3,0,0,0.0,UR,1.5058231002082845,5,7,3,0,4,0.3333333333333333,0.4666666666666667,0.2,0.0,0.21052631578947367,UL,0.15789473684210525,0.10526315789473684,0.0,0.0,3,dl,midline,ul,0,0,0,0,0
0,6,size9_comp0.0_grid6_base_medium,9,0.0,medium,base,base,5,5,10,4,3,1,1,1,1,1,4,10,1.0,1.0,1.0,1.0,3,0,3,4,3,2,4,0,0,0,0,0,0.0,DL,0.7219280948873623,0,0,4,1,5,0.0,0.0,0.8,0.2,0.5,DL,0.0,0.0,0.1,0.0,1,dr,midline,dl,0,1,0,0,0
1,6,size9_comp0.0_grid6_base_medium,9,0.0,medium,base,base,5,5,10,4,3,1,1,1,1,1,4,10,1.0,1.0,1.0,1.0,3,0,3,4,4,2,3,0,0,0,0,0,0.0,DL,0.9182958340544896,0,0,4,2,4,0.0,0.0,0.6666666666666666,0.3333333333333333,0.4,DL,0.0,0.0,0.1,0.0,1,dr,midline,dl,0,1,0,0,0
2,6,size9_comp0.0_grid6_base_medium,9,0.0,medium,base,base,5,5,10,4,3,1,1,1,1,1,4,10,1.0,1.0,1.0,1.0,3,0,3,4,4,2,2,1,1,1,1,0,0.0,DL,0.8112781244591328,0,0,3,1,6,0.0,0.0,0.75,0.25,0.6,,0.0,0.0,0.0,0.0,0,dr,midline,dl,0,1,0,0,0
3,6,size9_comp0.0_grid6_base_medium,9,0.0,medium,base,base,5,5,10,4,3,1,1,1,1,1,4,12,0.8333333333333334,0.9166666666666666,1.0,0.8571428571428571,4,1,3,4,2,4,5,0,1,0,0,0,0.0,DL,0.9182958340544896,0,0,4,2,6,0.0,0.0,0.6666666666666666,0.3333333333333333,0.5,,0.0,0.0,0.0,0.0,0,dr,midline,dl,0,1,0,0,0
4,6,size9_comp0.0_grid6_base_medium,9,0.0,medium,base,base,5,5,10,4,3,1,1,1,1,1,6,12,0.8333333333333334,0.9166666666666666,0.8571428571428571,1.0,4,1,3,4,6,2,3,0,3,0,0,0,0.0,DR,0.9709505944546686,0,0,2,3,7,0.0,0.0,0.4,0.6,0.5833333333333334,,0.0,0.0,0.0,0.0,0,dr,midline,dl,1,0,0,0,0
5,6,size9_comp0.0_grid6_base_medium,9,0.0,medium,base,base,5,5,10,4,3,1,1,1,1,1,4,10,1.0,1.0,1.0,1.0,3,0,3,4,4,2,3,0,0,0,0,0,0.0,DL,1.0,0,0,2,2,6,0.0,0.0,0.5,0.5,0.6,,0.0,0.0,0.0,0.0,0,dr,midline,dl,0,1,0,0,0
6,6,size9_comp0.0_grid6_base_medium,9,0.0,medium,base,base,5,5,10,4,3,1,1,1,1,1,4,10,1.0,1.0,1.0,1.0,3,0,3,4,4,2,3,0,0,0,0,0,0.0,DL,0.9852281360342515,0,0,4,3,3,0.0,0.0,0.5714285714285714,0.42857142857142855,0.3,DL,0.0,0.0,0.1,0.0,1,dr,midline,dl,0,1,0,0,0
7,6,size9_comp0.0_grid6_base_medium,9,0.0,medium,base,base,5,5,10,4,3,1,1,1,1,1,4,10,1.0,1.0,1.0,1.0,3,0,3,4,5,1,3,0,0,0,0,0,0.0,DL,0.9182958340544896,0,0,2,1,7,0.0,0.0,0.6666666666666666,0.3333333333333333,0.7,,0.0,0.0,0.0,0.0,0,dr,midline,dl,0,1,0,0,0
8,6,size9_comp0.0_grid6_base_medium,9,0.0,medium,base,base,5,5,10,4,3,1,1,1,1,1,4,10,1.0,1.0,1.0,1.0,3,0,3,4,3,3,2,1,1,1,1,0,0.0,DL,0.9709505944546686,0,0,3,2,5,0.0,0.0,0.6,0.4,0.5,,0.0,0.0,0.0,0.0,0,dr,midline,dl,0,1,0,0,0
9,6,size9_comp0.0_grid6_base_medium,9,0.0,medium,base,base,5,5,10,4,3,1,1,1,1,1,4,16,0.625,0.8125,1.0,0.7272727272727273,6,3,3,4,2,3,7,3,5,3,0,0,0.0,DL,0.7219280948873623,0,0,8,2,6,0.0,0.0,0.8,0.2,0.375,,0.0,0.0,0.0,0.0,0,dr,midline,dl,0,1,0,0,0
0,7,size9_comp0.0_grid7_base_medium,9,0.0,medium,base,base,3,3,6,6,0,1,1,1,1,1,2,6,1.0,1.0,1.0,1.0,0,1,0,5,3,1,1,0,0,0,0,0,0.0,DL,1.0,0,0,1,1,4,0.0,0.0,0.5,0.5,0.6666666666666666,,0.0,0.0,0.0,0.0,0,midline,dr,dl,0,1,0,0,0
1,7,size9_comp0.0_grid7_base_medium,9,0.0,medium,base,base,3,3,6,6,0,1,1,1,1,1,2,6,1.0,1.0,1.0,1.0,0,1,0,5,3,1,1,0,0,0,0,0,0.0,DL,0.9182958340544896,0,0,2,1,3,0.0,0.0,0.6666666666666666,0.3333333333333333,0.5,,0.0,0.0,0.0,0.0,0,midline,dr,dl,0,1,0,0,0
2,7,size9_comp0.0_grid7_base_medium,9,0.0,medium,base,base,3,3,6,6,0,1,1,1,1,1,2,6,1.0,1.0,1.0,1.0,0,1,0,5,3,1,1,0,0,0,0,0,0.0,DL,0.9182958340544896,0,0,2,1,3,0.0,0.0,0.6666666666666666,0.3333333333333333,0.5,,0.0,0.0,0.0,0.0,0,midline,dr,dl,0,1,0,0,0
3,7,size9_comp0.0_grid7_base_medium,9,0.0,medium,base,base,3,3,6,6,0,1,1,1,1,1,2,6,1.0,1.0,1.0,1.0,0,1,0,5,3,1,1,0,0,0,0,0,0.0,DL,1.0,0,0,1,1,4,0.0,0.0,0.5,0.5,0.6666666666666666,,0.0,0.0,0.0,0.0,0,midline,dr,dl,0,1,0,0,0
4,7,size9_comp0.0_grid7_base_medium,9,0.0,medium,base,base,3,3,6,6,0,1,1,1,1,1,6,12,0.5,0.75,0.7142857142857143,0.8,1,2,2,7,4,4,2,1,2,1,0,0,0.0,DL,0.9182958340544896,0,0,2,1,9,0.0,0.0,0.6666666666666666,0.3333333333333333,0.75,,0.0,0.0,0.0,0.0,0,midline,dr,dl,0,1,0,0,0
5,7,size9_comp0.0_grid7_base_medium,9,0.0,medium,base,base,3,3,6,6,0,1,1,1,1,1,2,10,0.6,0.8,1.0,0.7142857142857143,2,3,0,5,2,2,4,1,1,1,0,0,0.0,DL,0.863120568566631,0,0,5,2,3,0.0,0.0,0.7142857142857143,0.2857142857142857,0.3,,0.0,0.0,0.0,0.0,0,midline,dr,dl,0,1,0,0,0
6,7,size9_comp0.0_grid7_base_medium,9,0.0,medium,base,base,3,3,6,6,0,1,1,1,1,1,4,8,0.75,0.875,0.8,1.0,0,1,1,6,3,1,1,2,2,2,0,0,0.0,DL,0.9182958340544896,0,0,2,1,5,0.0,0.0,0.6666666666666666,0.3333333333333333,0.625,,0.0,0.0,0.0,0.0,0,midline,dr,dl,0,1,0,0,0
7,7,size9_comp0.0_grid7_base_medium,9,0.0,medium,base,base,3,3,6,6,0,1,1,1,1,1,2,6,1.0,1.0,1.0,1.0,0,1,0,5,4,1,0,0,0,0,0,0,0.0,DL,0.8112781244591328,0,0,3,1,2,0.0,0.0,0.75,0.25,0.3333333333333333,,0.0,0.0,0.0,0.0,0,midline,dr,dl,0,1,0,0,0
8,7,size9_comp0.0_grid7_base_medium,9,0.0,medium,base,base,3,3,6,6,0,1,1,1,1,1,2,6,1.0,1.0,1.0,1.0,0,1,0,5,3,1,1,0,0,0,0,0,0.0,DL,1.0,0,0,1,1,4,0.0,0.0,0.5,0.5,0.6666666666666666,,0.0,0.0,0.0,0.0,0,midline,dr,dl,0,1,0,0,0
9,7,size9_comp0.0_grid7_base_medium,9,0.0,medium,base,base,3,3,6,6,0,1,1,1,1,1,4,10,0.6,0.8,0.8,0.8,1,2,1,6,3,0,4,2,2,2,1,0,0.0,DL,1.0,0,0,1,1,8,0.0,0.0,0.5,0.5,0.8,,0.0,0.0,0.0,0.0,0,midline,dr,dl,0,1,0,0,0
0,8,size9_comp0.0_grid8_base_medium,9,0.0,medium,base,base,5,9,14,4,5,1,1,1,1,1,8,20,0.7,0.85,0.7777777777777778,0.9090909090909091,8,4,4,4,4,5,5,5,5,5,0,0,0.0,DR,1.3346791410515946,0,3,2,8,7,0.0,0.23076923076923078,0.15384615384615385,0.6153846153846154,0.35,DR,0.0,0.05,0.0,0.3,6,dr,ur,dl,1,0,0,0,0
1,8,size9_comp0.0_grid8_base_medium,9,0.0,medium,base,base,5,9,14,4,5,1,1,1,1,1,4,14,1.0,1.0,1.0,1.0,5,1,4,4,5,3,5,0,0,0,0,0,0.0,DR,1.4854752972273344,0,3,2,5,4,0.0,0.3,0.2,0.5,0.2857142857142857,DR,0.0,0.0,0.0,0.21428571428571427,3,dr,ur,dl,1,0,0,0,0
2,8,size9_comp0.0_grid8_base_medium,9,0.0,medium,base,base,5,9,14,4,5,1,1,1,1,1,8,18,0.7777777777777778,0.8888888888888888,0.7777777777777778,1.0,7,3,4,4,4,5,7,1,5,1,0,0,0.0,DR,0.9912642605354288,0,1,2,10,5,0.0,0.07692307692307693,0.15384615384615385,0.7692307692307693,0.2777777777777778,DR,0.0,0.0,0.0,0.1111111111111111,1,dr,ur,dl,1,0,0,0,0
3,8,size9_comp0.0_grid8_base_medium,9,0.0,medium,base,base,5,9,14,4,5,1,1,1,1,1,4,14,1.0,1.0,1.0,1.0,5,1,4,4,8,1,4,0,0,0,0,0,0.0,DR,1.5,0,2,2,4,6,0.0,0.25,0.25,0.5,0.42857142857142855,DR,0.0,0.07142857142857142,0.0,0.21428571428571427,3,dr,ur,dl,1,0,0,0,0
4,8,size9_comp0.0_grid8_base_medium,9,0.0,medium,base,base,5,9,14,4,5,1,1,1,1,1,8,20,0.7,0.85,0.7777777777777778,0.9090909090909091,7,3,5,5,4,5,5,5,5,5,1,0,0.0,DR,1.0949143184120975,0,3,1,10,6,0.0,0.21428571428571427,0.07142857142857142,0.7142857142857143,0.3,DR,0.0,0.05,0.0,0.35,7,dr,ur,dl,1,0,0,0,0
5,8,size9_comp0.0_grid8_base_medium,9,0.0,medium,base,base,5,9,14,4,5,1,1,1,1,1,6,26,0.5384615384615384,0.7692307692307693,0.8571428571428571,0.7368421052631579,9,5,6,6,7,4,6,8,9,8,2,0,0.0,DR,1.7381493331928664,1,2,4,6,13,0.07692307692307693,0.15384615384615385,0.3076923076923077,0.46153846153846156,0.5,DR,0.0,0.038461538461538464,0.0,0.19230769230769232,5,dr,ur,dl,1,0,0,0,0
6,8,size9_comp0.0_grid8_base_medium,9,0.0,medium,base,base,5,9,14,4,5,1,1,1,1,1,6,18,0.7777777777777778,0.8888888888888888,0.8571428571428571,0.9090909090909091,7,3,4,4,4,4,7,2,2,2,2,0,0.0,DL,1.5485806065228545,0,3,5,5,5,0.0,0.23076923076923078,0.38461538461538464,0.38461538461538464,0.2777777777777778,DR,0.0,0.05555555555555555,0.0,0.2222222222222222,4,dr,ur,dl,0,1,0,0,0
7,8,size9_comp0.0_grid8_base_medium,9,0.0,medium,base,base,5,9,14,4,5,1,1,1,1,1,16,30,0.4666666666666667,0.7333333333333333,0.6470588235294118,0.8461538461538461,11,7,6,6,4,7,10,8,12,8,1,0,0.0,DR,1.5466316153937778,0,5,5,8,12,0.0,0.2777777777777778,0.2777777777777778,0.4444444444444444,0.4,DR,0.0,0.06666666666666667,0.0,0.13333333333333333,4,dr,ur,dl,1,0,0,0,0
8,8,size9_comp0.0_grid8_base_medium,9,0.0,medium,base,base,5,9,14,4,5,1,1,1,1,1,6,16,0.875,0.9375,0.8571428571428571,1.0,6,2,4,4,6,4,4,1,4,1,1,0,0.0,DR,1.384431504340598,0,2,3,7,4,0.0,0.16666666666666666,0.25,0.5833333333333334,0.25,DR,0.0,0.0625,0.0,0.1875,2,dr,ur,dl,1,0,0,0,0
9,8,size9_comp0.0_grid8_base_medium,9,0.0,medium,base,base,5,9,14,4,5,1,1,1,1,1,12,22,0.6363636363636364,0.8181818181818182,0.6923076923076923,1.0,9,5,4,4,5,7,6,3,4,3,1,0,0.0,DR,1.456564762130954,0,3,4,8,7,0.0,0.2,0.26666666666666666,0.5333333333333333,0.3181818181818182,UR,0.0,0.045454545454545456,0.0,0.045454545454545456,1,dr,ur,dl,1,0,0,0,0
0,9,size9_comp0.0_grid9_base_medium,9,0.0,medium,base,base,4,5,9,5,2,1,1,1,1,1,3,9,1.0,1.0,1.0,1.0,5,0,2,2,2,2,4,0,0,0,0,0,0.0,DL,0.954434002924965,3,0,5,0,1,0.375,0.0,0.625,0.0,0.1111111111111111,DL,0.1111111111111111,0.0,0.2222222222222222,0.0,2,dl,ul,dl,1,1,0,0,0
1,9,size9_comp0.0_grid9_base_medium,9,0.0,medium,base,base,4,5,9,5,2,1,1,1,1,1,3,9,1.0,1.0,1.0,1.0,5,0,2,2,4,1,3,0,0,0,0,0,0.0,DL,0.954434002924965,3,0,5,0,1,0.375,0.0,0.625,0.0,0.1111111111111111,UL,0.2222222222222222,0.0,0.2222222222222222,0.0,2,dl,ul,dl,1,1,0,0,0
2,9,size9_comp0.0_grid9_base_medium,9,0.0,medium,base,base,4,5,9,5,2,1,1,1,1,1,3,11,0.8181818181818182,0.9090909090909091,1.0,0.8571428571428571,6,1,2,2,3,2,3,2,2,2,2,0,0.0,DL,0.8112781244591328,2,0,6,0,3,0.25,0.0,0.75,0.0,0.2727272727272727,DL,0.09090909090909091,0.0,0.18181818181818182,0.0,2,dl,ul,dl,1,1,0,0,0
3,9,size9_comp0.0_grid9_base_medium,9,0.0,medium,base,base,4,5,9,5,2,1,1,1,1,1,3,9,1.0,1.0,1.0,1.0,5,0,2,2,1,3,4,0,0,0,0,0,0.0,DL,0.863120568566631,2,0,5,0,2,0.2857142857142857,0.0,0.7142857142857143,0.0,0.2222222222222222,UL,0.1111111111111111,0.0,0.1111111111111111,0.0,1,dl,ul,dl,1,1,0,0,0
4,9,size9_comp0.0_grid9_base_medium,9,0.0,medium,base,base,4,5,9,5,2,1,1,1,1,1,4,10,0.9,0.9,0.8,1.0,5,0,3,2,6,1,2,0,1,0,0,1,0.1,DL,0.5916727785823275,1,0,6,0,3,0.14285714285714285,0.0,0.8571428571428571,0.0,0.3,DL,0.0,0.0,0.4,0.0,4,dl,ul,dl,1,1,0,0,0
5,9,size9_comp0.0_grid9_base_medium,9,0.0,medium,base,base,4,5,9,5,2,1,1,1,1,1,3,9,1.0,1.0,1.0,1.0,5,0,2,2,2,2,4,0,0,0,0,0,0.0,DL,0.954434002924965,3,0,5,0,1,0.375,0.0,0.625,0.0,0.1111111111111111,DL,0.1111111111111111,0.0,0.3333333333333333,0.0,3,dl,ul,dl,1,1,0,0,0
6,9,size9_comp0.0_grid9_base_medium,9,0.0,medium,base,base,4,5,9,5,2,1,1,1,1,1,3,9,1.0,1.0,1.0,1.0,5,0,2,2,2,2,4,0,0,0,0,0,0.0,DL,0.954434002924965,3,0,5,0,1,0.375,0.0,0.625,0.0,0.1111111111111111,DL,0.1111111111111111,0.0,0.2222222222222222,0.0,2,dl,ul,dl,1,1,0,0,0
7,9,size9_comp0.0_grid9_base_medium,9,0.0,medium,base,base,4,5,9,5,2,1,1,1,1,1,3,11,0.8181818181818182,0.9090909090909091,1.0,0.8571428571428571,6,1,2,2,4,3,2,1,1,1,1,0,0.0,DL,0.8812908992306927,3,0,7,0,1,0.3,0.0,0.7,0.0,0.09090909090909091,UL,0.09090909090909091,0.0,0.09090909090909091,0.0,1,dl,ul,dl,1,1,0,0,0
8,9,size9_comp0.0_grid9_base_medium,9,0.0,medium,base,base,4,5,9,5,2,1,1,1,1,1,3,9,1.0,1.0,1.0,1.0,5,0,2,2,2,2,4,0,0,0,0,0,0.0,DL,0.954434002924965,3,0,5,0,1,0.375,0.0,0.625,0.0,0.1111111111111111,DL,0.1111111111111111,0.0,0.3333333333333333,0.0,3,dl,ul,dl,1,1,0,0,0
9,9,size9_comp0.0_grid9_base_medium,9,0.0,medium,base,base,4,5,9,5,2,1,1,1,1,1,3,9,1.0,1.0,1.0,1.0,5,0,2,2,3,2,3,0,0,0,0,0,0.0,DL,0.954434002924965,3,0,5,0,1,0.375,0.0,0.625,0.0,0.1111111111111111,UL,0.2222222222222222,0.0,0.1111111111111111,0.0,2,dl,ul,dl,1,1,0,0,0
0,0,size9_comp0.2_grid0_base_medium,9,0.2,medium,base,base,5,7,12,10,1,1,1,1,1,1,8,17,0.7058823529411765,0.8235294117647058,0.7777777777777778,0.875,7,2,7,1,7,3,3,3,4,3,1,1,0.058823529411764705,UR,1.3382689280764646,4,9,0,2,2,0.26666666666666666,0.6,0.0,0.13333333333333333,0.11764705882352941,UR,0.11764705882352941,0.35294117647058826,0.0,0.058823529411764705,6,dr,ul,ur,0,1,0,0,0
1,0,size9_comp0.2_grid0_base_medium,9,0.2,medium,base,base,5,7,12,10,1,1,1,1,1,1,6,18,0.6666666666666666,0.7777777777777778,0.8571428571428571,0.7272727272727273,7,1,8,2,6,6,2,3,5,3,0,2,0.1111111111111111,UR,1.5655962303576019,5,6,0,4,3,0.3333333333333333,0.4,0.0,0.26666666666666666,0.16666666666666666,UL,0.2222222222222222,0.16666666666666666,0.0,0.05555555555555555,4,dr,ul,ur,0,1,0,0,0
2,0,size9_comp0.2_grid0_base_medium,9,0.2,medium,base,base,5,7,12,10,1,1,1,1,1,1,11,19,0.631578947368421,0.7894736842105263,0.6666666666666666,1.0,5,1,9,3,6,6,4,0,1,0,0,0,0.0,UR,1.456564762130954,3,8,0,4,4,0.2,0.5333333333333333,0.0,0.26666666666666666,0.21052631578947367,UR,0.10526315789473684,0.21052631578947367,0.0,0.10526315789473684,4,dr,ul,ur,0,1,0,0,0
3,0,size9_comp0.2_grid0_base_medium,9,0.2,medium,base,base,5,7,12,10,1,1,1,1,1,1,9,24,0.5,0.625,0.7,0.5714285714285714,11,2,8,3,8,6,5,4,9,3,1,6,0.25,UR,1.0230370655328809,3,16,0,2,3,0.14285714285714285,0.7619047619047619,0.0,0.09523809523809523,0.125,UR,0.041666666666666664,0.25,0.0,0.041666666666666664,6,dr,ul,ur,0,1,0,0,0
4,0,size9_comp0.2_grid0_base_medium,9,0.2,medium,base,base,5,7,12,10,1,1,1,1,1,1,10,18,0.6666666666666666,0.8333333333333334,0.7272727272727273,1.0,7,3,7,1,7,2,3,5,6,5,1,0,0.0,UR,1.198183947911799,2,9,0,2,5,0.15384615384615385,0.6923076923076923,0.0,0.15384615384615385,0.2777777777777778,UR,0.05555555555555555,0.2777777777777778,0.0,0.05555555555555555,5,dr,ul,ur,0,1,0,0,0
5,0,size9_comp0.2_grid0_base_medium,9,0.2,medium,base,base,5,7,12,10,1,1,1,1,1,1,6,14,0.8571428571428571,0.9285714285714286,0.8571428571428571,1.0,5,1,7,1,9,1,1,2,2,2,1,0,0.0,UR,1.4591479170272448,2,6,0,4,2,0.16666666666666666,0.5,0.0,0.3333333333333333,0.14285714285714285,UR,0.07142857142857142,0.2857142857142857,0.0,0.21428571428571427,4,dr,ul,ur,0,1,0,0,0
6,0,size9_comp0.2_grid0_base_medium,9,0.2,medium,base,base,5,7,12,10,1,1,1,1,1,1,4,15,0.8,0.8,1.0,0.7,8,1,6,0,8,4,2,0,3,0,0,3,0.2,UR,1.3346791410515946,3,8,0,2,2,0.23076923076923078,0.6153846153846154,0.0,0.15384615384615385,0.13333333333333333,UR,0.13333333333333333,0.3333333333333333,0.0,0.06666666666666667,5,dr,ul,ur,0,1,0,0,0
7,0,size9_comp0.2_grid0_base_medium,9,0.2,medium,base,base,5,7,12,10,1,1,1,1,1,1,4,12,1.0,1.0,1.0,1.0,5,1,6,0,9,2,0,0,0,0,0,0,0.0,UR,1.4854752972273344,3,5,0,2,2,0.3,0.5,0.0,0.2,0.16666666666666666,UR,0.16666666666666666,0.25,0.0,0.08333333333333333,3,dr,ul,ur,0,1,0,0,0
8,0,size9_comp0.2_grid0_base_medium,9,0.2,medium,base,base,5,7,12,10,1,1,1,1,1,1,14,22,0.5454545454545454,0.7727272727272727,0.6666666666666666,1.0,8,4,8,2,11,5,2,3,5,3,0,0,0.0,DR,1.4591479170272448,3,6,0,9,4,0.16666666666666666,0.3333333333333333,0.0,0.5,0.18181818181818182,DR,0.09090909090909091,0.13636363636363635,0.0,0.18181818181818182,4,dr,ul,ur,1,0,0,0,0
9,0,size9_comp0.2_grid0_base_medium,9,0.2,medium,base,base,5,7,12,10,1,1,1,1,1,1,6,14,0.8571428571428571,0.9285714285714286,0.8571428571428571,1.0,5,1,7,1,7,2,3,1,1,1,1,0,0.0,UR,1.384431504340598,3,7,0,2,2,0.25,0.5833333333333334,0.0,0.16666666666666666,0.14285714285714285,UR,0.14285714285714285,0.2857142857142857,0.0,0.07142857142857142,4,dr,ul,ur,0,1,0,0,0
0,1,size9_comp0.2_grid1_base_medium,9,0.2,medium,base,base,6,3,9,3,3,1,1,1,1,1,7,12,0.75,0.75,0.75,0.75,4,3,2,3,4,3,3,1,4,1,1,3,0.25,DR,-0.0,0,0,0,10,2,0.0,0.0,0.0,1.0,0.16666666666666666,DR,0.0,0.0,0.0,0.4166666666666667,5,midline,dr,midline,0,0,0,0,0
1,1,size9_comp0.2_grid1_base_medium,9,0.2,medium,base,base,6,3,9,3,3,1,1,1,1,1,5,12,0.75,0.8333333333333334,1.0,0.6666666666666666,5,2,2,3,3,2,3,3,4,3,3,1,0.08333333333333333,DR,-0.0,0,0,0,8,4,0.0,0.0,0.0,1.0,0.3333333333333333,DR,0.0,0.0,0.0,0.16666666666666666,2,midline,dr,midline,0,0,0,0,0
2,1,size9_comp0.2_grid1_base_medium,9,0.2,medium,base,base,6,3,9,3,3,1,1,1,1,1,16,20,0.45,0.7,0.6470588235294118,1.0,5,4,5,6,4,6,3,6,9,5,1,1,0.05,DR,-0.0,0,0,0,14,6,0.0,0.0,0.0,1.0,0.3,DR,0.0,0.0,0.0,0.4,5,midline,dr,midline,0,0,0,0,0
3,1,size9_comp0.2_grid1_base_medium,9,0.2,medium,base,base,6,3,9,3,3,1,1,1,1,1,5,9,1.0,1.0,1.0,1.0,3,1,2,3,5,1,1,1,1,1,1,0,0.0,DR,-0.0,0,0,0,7,2,0.0,0.0,0.0,1.0,0.2222222222222222,DR,0.0,0.0,0.0,0.3333333333333333,3,midline,dr,midline,0,0,0,0,0
4,1,size9_comp0.2_grid1_base_medium,9,0.2,medium,base,base,6,3,9,3,3,1,1,1,1,1,5,9,1.0,1.0,1.0,1.0,3,1,2,3,3,2,2,1,1,1,1,0,0.0,DR,-0.0,0,0,0,7,2,0.0,0.0,0.0,1.0,0.2222222222222222,DR,0.0,0.0,0.0,0.2222222222222222,2,midline,dr,midline,0,0,0,0,0
5,1,size9_comp0.2_grid1_base_medium,9,0.2,medium,base,base,6,3,9,3,3,1,1,1,1,1,5,9,1.0,1.0,1.0,1.0,3,1,2,3,4,1,2,1,1,1,1,0,0.0,DR,-0.0,0,0,0,6,3,0.0,0.0,0.0,1.0,0.3333333333333333,DR,0.0,0.0,0.0,0.2222222222222222,2,midline,dr,midline,0,0,0,0,0
6,1,size9_comp0.2_grid1_base_medium,9,0.2,medium,base,base,6,3,9,3,3,1,1,1,1,1,5,9,1.0,1.0,1.0,1.0,3,1,2,3,2,2,3,1,2,1,1,0,0.0,DR,-0.0,0,0,0,6,3,0.0,0.0,0.0,1.0,0.3333333333333333,DR,0.0,0.0,0.0,0.1111111111111111,1,midline,dr,midline,0,0,0,0,0
7,1,size9_comp0.2_grid1_base_medium,9,0.2,medium,base,base,6,3,9,3,3,1,1,1,1,1,9,14,0.6428571428571429,0.7857142857142857,0.8,0.75,6,3,2,3,6,1,4,2,3,2,0,1,0.07142857142857142,UR,1.0,0,3,0,3,8,0.0,0.5,0.0,0.5,0.5714285714285714,,0.0,0.0,0.0,0.0,0,midline,dr,midline,0,0,0,0,0
8,1,size9_comp0.2_grid1_base_medium,9,0.2,medium,base,base,6,3,9,3,3,1,1,1,1,1,7,11,0.8181818181818182,0.9090909090909091,0.875,1.0,3,1,3,4,4,3,1,2,3,2,1,0,0.0,DR,-0.0,0,0,0,9,2,0.0,0.0,0.0,1.0,0.18181818181818182,DR,0.0,0.0,0.0,0.2727272727272727,3,midline,dr,midline,0,0,0,0,0
9,1,size9_comp0.2_grid1_base_medium,9,0.2,medium,base,base,6,3,9,3,3,1,1,1,1,1,5,11,0.8181818181818182,0.8181818181818182,1.0,0.6,5,1,2,3,5,2,2,1,3,1,1,2,0.18181818181818182,DR,-0.0,0,0,0,9,2,0.0,0.0,0.0,1.0,0.18181818181818182,DR,0.0,0.0,0.0,0.2727272727272727,3,midline,dr,midline,0,0,0,0,0
0,2,size9_comp0.2_grid2_base_medium,9,0.2,medium,base,base,7,3,10,6,2,1,1,1,1,1,8,14,0.7142857142857143,0.7857142857142857,0.8888888888888888,0.6,5,0,3,6,6,3,2,2,4,2,0,2,0.14285714285714285,UR,1.4833557549816874,0,5,2,5,2,0.0,0.4166666666666667,0.16666666666666666,0.4166666666666667,0.14285714285714285,,0.0,0.0,0.0,0.0,0,dl,ur,ur,0,1,0,0,0
1,2,size9_comp0.2_grid2_base_medium,9,0.2,medium,base,base,7,3,10,6,2,1,1,1,1,1,9,13,0.7692307692307693,0.8461538461538461,0.8,1.0,4,2,2,5,4,2,4,2,4,2,1,1,0.07692307692307693,UR,1.3221793455166666,0,6,4,1,2,0.0,0.5454545454545454,0.36363636363636365,0.09090909090909091,0.15384615384615385,DL,0.0,0.0,0.07692307692307693,0.0,1,dl,ur,ur,0,1,0,0,0
2,2,size9_comp0.2_grid2_base_medium,9,0.2,medium,base,base,7,3,10,6,2,1,1,1,1,1,12,26,0.38461538461538464,0.6923076923076923,0.7692307692307693,0.6153846153846154,9,6,4,7,8,5,4,8,12,8,1,0,0.0,UR,1.781937063546704,3,6,5,1,11,0.2,0.4,0.3333333333333333,0.06666666666666667,0.4230769230769231,DL,0.0,0.0,0.038461538461538464,0.0,1,dl,ur,ur,0,1,0,0,0
3,2,size9_comp0.2_grid2_base_medium,9,0.2,medium,base,base,7,3,10,6,2,1,1,1,1,1,28,33,0.30303030303030304,0.6060606060606061,0.5862068965517241,0.75,11,7,5,10,7,5,8,12,21,11,1,3,0.09090909090909091,UR,1.4806821149663847,0,8,7,3,15,0.0,0.4444444444444444,0.3888888888888889,0.16666666666666666,0.45454545454545453,DL,0.0,0.0,0.030303030303030304,0.0,1,dl,ur,ur,0,1,0,0,0
4,2,size9_comp0.2_grid2_base_medium,9,0.2,medium,base,base,7,3,10,6,2,1,1,1,1,1,14,18,0.5555555555555556,0.7777777777777778,0.7333333333333333,1.0,7,4,2,5,8,2,4,3,6,3,1,0,0.0,UR,1.4355205042826666,2,5,2,0,9,0.2222222222222222,0.5555555555555556,0.2222222222222222,0.0,0.5,,0.0,0.0,0.0,0.0,0,dl,ur,ur,0,1,0,0,0
5,2,size9_comp0.2_grid2_base_medium,9,0.2,medium,base,base,7,3,10,6,2,1,1,1,1,1,6,12,0.8333333333333334,0.9166666666666666,1.0,0.8,4,1,2,5,4,5,2,0,0,0,0,0,0.0,UR,0.7642045065086203,0,7,2,0,3,0.0,0.7777777777777778,0.2222222222222222,0.0,0.25,UR,0.0,0.25,0.0,0.0,3,dl,ur,ur,0,1,0,0,0
6,2,size9_comp0.2_grid2_base_medium,9,0.2,medium,base,base,7,3,10,6,2,1,1,1,1,1,6,12,0.8333333333333334,0.9166666666666666,1.0,0.8,3,0,3,6,6,1,3,1,3,1,1,0,0.0,UR,1.2987949406953985,1,5,2,0,4,0.125,0.625,0.25,0.0,0.3333333333333333,,0.0,0.0,0.0,0.0,0,dl,ur,ur,0,1,0,0,0
7,2,size9_comp0.2_grid2_base_medium,9,0.2,medium,base,base,7,3,10,6,2,1,1,1,1,1,22,26,0.38461538461538464,0.6923076923076923,0.6521739130434783,1.0,9,6,4,7,5,10,3,7,10,7,0,0,0.0,DR,1.8294732983598407,2,3,3,7,11,0.13333333333333333,0.2,0.2,0.4666666666666667,0.4230769230769231,DR,0.0,0.0,0.0,0.07692307692307693,2,dl,ur,ur,0,0,0,0,0
8,2,size9_comp0.2_grid2_base_medium,9,0.2,medium,base,base,7,3,10,6,2,1,1,1,1,1,8,12,0.8333333333333334,0.9166666666666666,0.8888888888888888,1.0,4,1,2,5,5,0,4,2,3,2,1,0,0.0,UR,1.3516441151533924,3,5,1,0,3,0.3333333333333333,0.5555555555555556,0.1111111111111111,0.0,0.25,,0.0,0.0,0.0,0.0,0,dl,ur,ur,0,1,0,0,0
9,2,size9_comp0.2_grid2_base_medium,9,0.2,medium,base,base,7,3,10,6,2,1,1,1,1,1,8,14,0.7142857142857143,0.8571428571428571,0.8888888888888888,0.8,5,2,2,5,5,4,3,1,1,1,0,0,0.0,UR,1.1567796494470395,1,7,2,0,4,0.1,0.7,0.2,0.0,0.2857142857142857,UR,0.0,0.21428571428571427,0.0,0.0,3,dl,ur,ur,0,1,0,0,0
0,3,size9_comp0.2_grid3_base_medium,9,0.2,medium,base,base,3,4,7,7,0,1,1,1,1,1,4,9,0.7777777777777778,0.8888888888888888,0.8,1.0,3,1,0,5,5,0,1,2,2,2,0,0,0.0,UL,0.9182958340544896,4,2,0,0,3,0.6666666666666666,0.3333333333333333,0.0,0.0,0.3333333333333333,UL,0.1111111111111111,0.1111111111111111,0.0,0.0,1,midline,ur,ul,0,1,0,0,0
1,3,size9_comp0.2_grid3_base_medium,9,0.2,medium,base,base,3,4,7,7,0,1,1,1,1,1,2,9,0.7777777777777778,0.8888888888888888,1.0,0.8333333333333334,3,1,0,5,4,2,1,1,1,1,0,0,0.0,UR,0.9852281360342515,3,4,0,0,2,0.42857142857142855,0.5714285714285714,0.0,0.0,0.2222222222222222,UL,0.1111111111111111,0.1111111111111111,0.0,0.0,1,midline,ur,ul,0,0,0,0,0
2,3,size9_comp0.2_grid3_base_medium,9,0.2,medium,base,base,3,4,7,7,0,1,1,1,1,1,2,7,1.0,1.0,1.0,1.0,2,0,0,5,3,1,2,0,0,0,0,0,0.0,UL,0.9709505944546686,3,2,0,0,2,0.6,0.4,0.0,0.0,0.2857142857142857,UR,0.0,0.14285714285714285,0.0,0.0,1,midline,ur,ul,0,1,0,0,0
3,3,size9_comp0.2_grid3_base_medium,9,0.2,medium,base,base,3,4,7,7,0,1,1,1,1,1,2,9,0.7777777777777778,0.8888888888888888,1.0,0.8333333333333334,3,1,0,5,4,1,3,0,0,0,0,0,0.0,UR,0.9852281360342515,3,4,0,0,2,0.42857142857142855,0.5714285714285714,0.0,0.0,0.2222222222222222,UR,0.1111111111111111,0.2222222222222222,0.0,0.0,2,midline,ur,ul,0,0,0,0,0
4,3,size9_comp0.2_grid3_base_medium,9,0.2,medium,base,base,3,4,7,7,0,1,1,1,1,1,2,7,1.0,1.0,1.0,1.0,2,0,0,5,5,0,1,0,0,0,0,0,0.0,UL,0.9709505944546686,3,2,0,0,2,0.6,0.4,0.0,0.0,0.2857142857142857,UL,0.14285714285714285,0.14285714285714285,0.0,0.0,1,midline,ur,ul,0,1,0,0,0
5,3,size9_comp0.2_grid3_base_medium,9,0.2,medium,base,base,3,4,7,7,0,1,1,1,1,1,2,7,1.0,1.0,1.0,1.0,2,0,0,5,5,0,1,0,0,0,0,0,0.0,UL,0.9709505944546686,3,2,0,0,2,0.6,0.4,0.0,0.0,0.2857142857142857,UL,0.14285714285714285,0.14285714285714285,0.0,0.0,1,midline,ur,ul,0,1,0,0,0
6,3,size9_comp0.2_grid3_base_medium,9,0.2,medium,base,base,3,4,7,7,0,1,1,1,1,1,2,7,1.0,1.0,1.0,1.0,2,0,0,5,5,0,1,0,0,0,0,0,0.0,UL,0.9709505944546686,3,2,0,0,2,0.6,0.4,0.0,0.0,0.2857142857142857,UL,0.14285714285714285,0.14285714285714285,0.0,0.0,1,midline,ur,ul,0,1,0,0,0
7,3,size9_comp0.2_grid3_base_medium,9,0.2,medium,base,base,3,4,7,7,0,1,1,1,1,1,2,7,1.0,1.0,1.0,1.0,2,0,0,5,5,0,1,0,0,0,0,0,0.0,UL,0.9709505944546686,3,2,0,0,2,0.6,0.4,0.0,0.0,0.2857142857142857,UL,0.14285714285714285,0.14285714285714285,0.0,0.0,1,midline,ur,ul,0,1,0,0,0
8,3,size9_comp0.2_grid3_base_medium,9,0.2,medium,base,base,3,4,7,7,0,1,1,1,1,1,2,7,1.0,1.0,1.0,1.0,2,0,0,5,5,0,1,0,0,0,0,0,0.0,UL,0.9709505944546686,3,2,0,0,2,0.6,0.4,0.0,0.0,0.2857142857142857,UL,0.14285714285714285,0.14285714285714285,0.0,0.0,1,midline,ur,ul,0,1,0,0,0
9,3,size9_comp0.2_grid3_base_medium,9,0.2,medium,base,base,3,4,7,7,0,1,1,1,1,1,2,7,1.0,1.0,1.0,1.0,2,0,0,5,3,1,2,0,0,0,0,0,0.0,UL,0.9709505944546686,3,2,0,0,2,0.6,0.4,0.0,0.0,0.2857142857142857,UR,0.0,0.14285714285714285,0.0,0.0,1,midline,ur,ul,0,1,0,0,0
0,4,size9_comp0.2_grid4_base_medium,9,0.2,medium,base,base,7,6,13,9,4,1,1,1,1,1,6,13,1.0,1.0,1.0,1.0,5,1,6,1,9,0,3,0,0,0,0,0,0.0,DL,1.5726236638951638,3,0,4,4,2,0.2727272727272727,0.0,0.36363636363636365,0.36363636363636365,0.15384615384615385,UL,0.15384615384615385,0.0,0.15384615384615385,0.15384615384615385,2,dr,ul,dl,0,1,0,0,0
1,4,size9_comp0.2_grid4_base_medium,9,0.2,medium,base,base,7,6,13,9,4,1,1,1,1,1,10,20,0.65,0.8,0.8181818181818182,0.7777777777777778,8,4,7,1,6,3,6,4,5,4,0,1,0.05,DL,1.5304930567574826,6,0,8,4,2,0.3333333333333333,0.0,0.4444444444444444,0.2222222222222222,0.1,UL,0.2,0.0,0.15,0.1,4,dr,ul,dl,0,1,0,0,0
2,4,size9_comp0.2_grid4_base_medium,9,0.2,medium,base,base,7,6,13,9,4,1,1,1,1,1,6,13,1.0,1.0,1.0,1.0,5,1,6,1,9,0,3,0,0,0,0,0,0.0,DL,1.5726236638951638,3,0,4,4,2,0.2727272727272727,0.0,0.36363636363636365,0.36363636363636365,0.15384615384615385,UL,0.15384615384615385,0.0,0.15384615384615385,0.15384615384615385,2,dr,ul,dl,0,1,0,0,0
3,4,size9_comp0.2_grid4_base_medium,9,0.2,medium,base,base,7,6,13,9,4,1,1,1,1,1,10,17,0.7647058823529411,0.8823529411764706,0.8181818181818182,1.0,7,3,6,1,7,0,7,2,2,2,0,0,0.0,DL,1.5219280948873621,3,0,6,6,2,0.2,0.0,0.4,0.4,0.11764705882352941,UL,0.11764705882352941,0.0,0.11764705882352941,0.11764705882352941,2,dr,ul,dl,0,1,0,0,0
4,4,size9_comp0.2_grid4_base_medium,9,0.2,medium,base,base,7,6,13,9,4,1,1,1,1,1,14,21,0.6190476190476191,0.8095238095238095,0.7333333333333333,1.0,9,5,6,1,10,1,4,5,6,5,0,0,0.0,DR,1.383099991189334,3,0,4,10,4,0.17647058823529413,0.0,0.23529411764705882,0.5882352941176471,0.19047619047619047,DR,0.09523809523809523,0.0,0.09523809523809523,0.14285714285714285,2,dr,ul,dl,1,0,0,0,0
5,4,size9_comp0.2_grid4_base_medium,9,0.2,medium,base,base,7,6,13,9,4,1,1,1,1,1,8,16,0.8125,0.875,0.8888888888888888,0.8571428571428571,6,2,7,1,7,1,6,1,2,1,0,1,0.0625,DR,1.5306189948485174,3,0,5,6,2,0.21428571428571427,0.0,0.35714285714285715,0.42857142857142855,0.125,UL,0.125,0.0,0.125,0.125,2,dr,ul,dl,1,0,0,0,0
6,4,size9_comp0.2_grid4_base_medium,9,0.2,medium,base,base,7,6,13,9,4,1,1,1,1,1,8,15,0.8666666666666667,0.9333333333333333,0.8888888888888888,1.0,6,2,6,1,8,2,3,1,1,1,1,0,0.0,DL,1.5262349099495225,3,0,6,4,2,0.23076923076923078,0.0,0.46153846153846156,0.3076923076923077,0.13333333333333333,UL,0.13333333333333333,0.0,0.06666666666666667,0.13333333333333333,2,dr,ul,dl,0,1,0,0,0
7,4,size9_comp0.2_grid4_base_medium,9,0.2,medium,base,base,7,6,13,9,4,1,1,1,1,1,8,17,0.7647058823529411,0.8235294117647058,0.8888888888888888,0.75,6,2,8,1,5,3,7,1,3,1,0,2,0.11764705882352941,DL,1.53012496531497,4,0,7,4,2,0.26666666666666666,0.0,0.4666666666666667,0.26666666666666666,0.11764705882352941,DL,0.11764705882352941,0.0,0.17647058823529413,0.0,2,dr,ul,dl,0,1,0,0,0
8,4,size9_comp0.2_grid4_base_medium,9,0.2,medium,base,base,7,6,13,9,4,1,1,1,1,1,14,22,0.5909090909090909,0.7727272727272727,0.7333333333333333,0.8571428571428571,9,5,7,1,6,5,8,2,3,2,0,1,0.045454545454545456,DR,1.4806821149663847,3,0,7,8,4,0.16666666666666666,0.0,0.3888888888888889,0.4444444444444444,0.18181818181818182,UL,0.09090909090909091,0.0,0.09090909090909091,0.09090909090909091,2,dr,ul,dl,1,0,0,0,0
9,4,size9_comp0.2_grid4_base_medium,9,0.2,medium,base,base,7,6,13,9,4,1,1,1,1,1,12,19,0.6842105263157895,0.8421052631578947,0.7692307692307693,1.0,7,3,7,2,9,1,6,2,4,2,0,0,0.0,DR,1.5262349099495225,3,0,4,6,6,0.23076923076923078,0.0,0.3076923076923077,0.46153846153846156,0.3157894736842105,UL,0.10526315789473684,0.0,0.10526315789473684,0.05263157894736842,2,dr,ul,dl,1,0,0,0,0
0,5,size9_comp0.2_grid5_base_medium,9,0.2,medium,base,base,9,3,12,6,3,1,1,1,1,1,10,14,0.8571428571428571,0.9285714285714286,0.9090909090909091,1.0,3,5,5,1,8,3,0,2,2,2,0,0,0.0,DL,1.5394847569315018,3,3,5,0,3,0.2727272727272727,0.2727272727272727,0.45454545454545453,0.0,0.21428571428571427,DL,0.0,0.0,0.14285714285714285,0.0,2,ur,dl,dl,0,1,0,0,0
1,5,size9_comp0.2_grid5_base_medium,9,0.2,medium,base,base,9,3,12,6,3,1,1,1,1,1,8,12,1.0,1.0,1.0,1.0,2,4,5,1,7,2,1,1,1,1,1,0,0.0,DL,0.9852281360342515,0,3,4,0,5,0.0,0.42857142857142855,0.5714285714285714,0.0,0.4166666666666667,DL,0.0,0.0,0.08333333333333333,0.0,1,ur,dl,dl,0,1,0,0,0
2,5,size9_comp0.2_grid5_base_medium,9,0.2,medium,base,base,9,3,12,6,3,1,1,1,1,1,10,14,0.8571428571428571,0.9285714285714286,0.9090909090909091,1.0,3,5,5,1,6,4,1,2,2,2,1,0,0.0,DL,1.2987949406953985,0,2,5,1,6,0.0,0.25,0.625,0.125,0.42857142857142855,DL,0.0,0.0,0.21428571428571427,0.0,3,ur,dl,dl,0,1,0,0,0
3,5,size9_comp0.2_grid5_base_medium,9,0.2,medium,base,base,9,3,12,6,3,1,1,1,1,1,12,16,0.75,0.875,0.8461538461538461,1.0,4,6,5,1,4,4,4,3,3,3,0,0,0.0,DR,1.4591479170272448,0,2,4,6,4,0.0,0.16666666666666666,0.3333333333333333,0.5,0.25,DL,0.0,0.0,0.125,0.0625,2,ur,dl,dl,0,0,0,0,0
4,5,size9_comp0.2_grid5_base_medium,9,0.2,medium,base,base,9,3,12,6,3,1,1,1,1,1,10,18,0.6666666666666666,0.8333333333333334,0.9090909090909091,0.7142857142857143,4,6,6,2,3,7,5,2,3,2,0,0,0.0,DL,1.3382689280764646,0,2,9,4,3,0.0,0.13333333333333333,0.6,0.26666666666666666,0.16666666666666666,DL,0.0,0.0,0.2777777777777778,0.0,3,ur,dl,dl,0,1,0,0,0
5,5,size9_comp0.2_grid5_base_medium,9,0.2,medium,base,base,9,3,12,6,3,1,1,1,1,1,11,15,0.8,0.8666666666666667,0.8333333333333334,1.0,3,5,5,2,1,5,7,1,2,1,0,1,0.06666666666666667,UR,1.3485878960124222,0,5,5,1,4,0.0,0.45454545454545453,0.45454545454545453,0.09090909090909091,0.26666666666666666,DL,0.0,0.06666666666666667,0.13333333333333333,0.0,2,ur,dl,dl,1,0,0,0,0
6,5,size9_comp0.2_grid5_base_medium,9,0.2,medium,base,base,9,3,12,6,3,1,1,1,1,1,10,14,0.8571428571428571,0.9285714285714286,0.9090909090909091,1.0,3,5,5,1,7,3,1,2,3,2,1,0,0.0,DL,1.4949188482339508,2,4,5,0,3,0.18181818181818182,0.36363636363636365,0.45454545454545453,0.0,0.21428571428571427,DL,0.0,0.0,0.21428571428571427,0.0,3,ur,dl,dl,0,1,0,0,0
7,5,size9_comp0.2_grid5_base_medium,9,0.2,medium,base,base,9,3,12,6,3,1,1,1,1,1,13,19,0.631578947368421,0.7894736842105263,0.7857142857142857,0.8,5,6,6,2,4,5,4,5,6,5,1,1,0.05263157894736842,DL,1.419556298571613,2,4,7,0,6,0.15384615384615385,0.3076923076923077,0.5384615384615384,0.0,0.3157894736842105,DL,0.0,0.0,0.21052631578947367,0.0,3,ur,dl,dl,0,1,0,0,0
8,5,size9_comp0.2_grid5_base_medium,9,0.2,medium,base,base,9,3,12,6,3,1,1,1,1,1,14,18,0.6666666666666666,0.8333333333333334,0.8,1.0,5,7,5,1,5,3,2,7,8,7,1,0,0.0,DR,1.5306189948485174,0,3,5,6,4,0.0,0.21428571428571427,0.35714285714285715,0.42857142857142855,0.2222222222222222,DR,0.0,0.0,0.05555555555555555,0.1111111111111111,1,ur,dl,dl,0,0,0,0,0
9,5,size9_comp0.2_grid5_base_medium,9,0.2,medium,base,base,9,3,12,6,3,1,1,1,1,1,8,12,1.0,1.0,1.0,1.0,2,4,5,1,5,3,2,1,1,1,1,0,0.0,DL,1.5304930567574826,0,3,4,2,3,0.0,0.3333333333333333,0.4444444444444444,0.2222222222222222,0.25,DL,0.0,0.0,0.08333333333333333,0.0,1,ur,dl,dl,0,1,0,0,0
0,6,size9_comp0.2_grid6_base_medium,9,0.2,medium,base,base,5,5,10,8,3,1,1,1,1,1,6,17,0.5882352941176471,0.7647058823529411,0.8571428571428571,0.7,5,2,2,8,6,5,3,2,5,2,2,1,0.058823529411764705,DR,1.2389012566026305,0,1,4,8,4,0.0,0.07692307692307693,0.3076923076923077,0.6153846153846154,0.23529411764705882,,0.0,0.0,0.0,0.0,0,midline,ur,dr,0,1,0,0,0
1,6,size9_comp0.2_grid6_base_medium,9,0.2,medium,base,base,5,5,10,8,3,1,1,1,1,1,4,10,1.0,1.0,1.0,1.0,3,1,0,6,7,2,0,0,0,0,0,0,0.0,DL,1.4488156357251847,0,1,3,3,3,0.0,0.14285714285714285,0.42857142857142855,0.42857142857142855,0.3,,0.0,0.0,0.0,0.0,0,midline,ur,dr,0,0,0,0,0
2,6,size9_comp0.2_grid6_base_medium,9,0.2,medium,base,base,5,5,10,8,3,1,1,1,1,1,4,12,0.8333333333333334,0.9166666666666666,1.0,0.8571428571428571,4,2,0,6,5,4,1,1,1,1,0,0,0.0,UR,1.3516441151533924,0,5,3,1,3,0.0,0.5555555555555556,0.3333333333333333,0.1111111111111111,0.25,UR,0.0,0.08333333333333333,0.0,0.0,1,midline,ur,dr,0,0,0,0,0
3,6,size9_comp0.2_grid6_base_medium,9,0.2,medium,base,base,5,5,10,8,3,1,1,1,1,1,8,20,0.5,0.75,0.7777777777777778,0.7272727272727273,8,6,0,6,7,2,3,7,7,7,1,0,0.0,DL,1.5052408149441479,0,6,7,3,4,0.0,0.375,0.4375,0.1875,0.2,DL,0.0,0.05,0.15,0.0,2,midline,ur,dr,0,0,0,0,0
4,6,size9_comp0.2_grid6_base_medium,9,0.2,medium,base,base,5,5,10,8,3,1,1,1,1,1,6,12,0.8333333333333334,0.9166666666666666,0.8571428571428571,1.0,4,2,0,6,5,3,2,1,1,1,0,0,0.0,UR,1.811278124459133,1,3,3,1,4,0.125,0.375,0.375,0.125,0.3333333333333333,UR,0.0,0.08333333333333333,0.0,0.0,1,midline,ur,dr,0,0,0,0,0
5,6,size9_comp0.2_grid6_base_medium,9,0.2,medium,base,base,5,5,10,8,3,1,1,1,1,1,4,16,0.625,0.8125,1.0,0.7272727272727273,5,3,1,7,7,3,1,4,5,4,5,0,0.0,DR,1.188721875540867,0,1,3,8,4,0.0,0.08333333333333333,0.25,0.6666666666666666,0.25,,0.0,0.0,0.0,0.0,0,midline,ur,dr,0,1,0,0,0
6,6,size9_comp0.2_grid6_base_medium,9,0.2,medium,base,base,5,5,10,8,3,1,1,1,1,1,6,14,0.7142857142857143,0.8571428571428571,0.8571428571428571,0.8571428571428571,5,3,0,6,8,1,1,3,3,3,0,0,0.0,DL,1.360964047443681,0,1,5,4,4,0.0,0.1,0.5,0.4,0.2857142857142857,DL,0.0,0.0,0.07142857142857142,0.0,1,midline,ur,dr,0,0,0,0,0
7,6,size9_comp0.2_grid6_base_medium,9,0.2,medium,base,base,5,5,10,8,3,1,1,1,1,1,8,14,0.7142857142857143,0.8571428571428571,0.7777777777777778,1.0,5,3,0,6,4,2,5,2,2,2,0,0,0.0,DL,1.2406705316766884,0,3,7,1,3,0.0,0.2727272727272727,0.6363636363636364,0.09090909090909091,0.21428571428571427,UR,0.0,0.07142857142857142,0.07142857142857142,0.0,1,midline,ur,dr,0,0,0,0,0
8,6,size9_comp0.2_grid6_base_medium,9,0.2,medium,base,base,5,5,10,8,3,1,1,1,1,1,8,14,0.7142857142857143,0.8571428571428571,0.7777777777777778,1.0,4,2,1,7,4,4,3,2,2,2,0,0,0.0,DL,1.5709505944546684,0,3,4,3,4,0.0,0.3,0.4,0.3,0.2857142857142857,UR,0.0,0.07142857142857142,0.0,0.0,1,midline,ur,dr,0,0,0,0,0
9,6,size9_comp0.2_grid6_base_medium,9,0.2,medium,base,base,5,5,10,8,3,1,1,1,1,1,4,12,0.8333333333333334,0.9166666666666666,1.0,0.8571428571428571,3,1,1,7,6,4,0,1,1,1,0,0,0.0,UR,1.584962500721156,0,3,3,3,3,0.0,0.3333333333333333,0.3333333333333333,0.3333333333333333,0.25,,0.0,0.0,0.0,0.0,0,midline,ur,dr,0,0,0,0,0
0,7,size9_comp0.2_grid7_base_medium,9,0.2,medium,base,base,5,8,13,3,5,1,1,1,1,1,6,17,0.7647058823529411,0.8235294117647058,0.7142857142857143,0.9,4,4,4,5,7,4,4,1,4,1,1,2,0.11764705882352941,UL,-0.0,10,0,0,0,7,1.0,0.0,0.0,0.0,0.4117647058823529,UL,0.29411764705882354,0.0,0.0,0.0,5,midline,midline,ul,0,1,0,0,0
1,7,size9_comp0.2_grid7_base_medium,9,0.2,medium,base,base,5,8,13,3,5,1,1,1,1,1,5,16,0.8125,0.875,0.8333333333333334,0.9,4,3,3,6,9,2,3,1,2,1,1,1,0.0625,UL,0.9612366047228759,8,5,0,0,3,0.6153846153846154,0.38461538461538464,0.0,0.0,0.1875,UL,0.3125,0.1875,0.0,0.0,5,midline,midline,ul,0,1,0,0,0
2,7,size9_comp0.2_grid7_base_medium,9,0.2,medium,base,base,5,8,13,3,5,1,1,1,1,1,4,13,1.0,1.0,1.0,1.0,3,3,2,5,7,4,1,0,1,0,0,0,0.0,UL,-0.0,8,0,0,0,5,1.0,0.0,0.0,0.0,0.38461538461538464,UL,0.23076923076923078,0.0,0.0,0.0,3,midline,midline,ul,0,1,0,0,0
3,7,size9_comp0.2_grid7_base_medium,9,0.2,medium,base,base,5,8,13,3,5,1,1,1,1,1,4,13,1.0,1.0,1.0,1.0,3,3,2,5,4,5,3,0,2,0,0,0,0.0,UL,-0.0,8,0,0,0,5,1.0,0.0,0.0,0.0,0.38461538461538464,UL,0.38461538461538464,0.0,0.0,0.0,5,midline,midline,ul,0,1,0,0,0
4,7,size9_comp0.2_grid7_base_medium,9,0.2,medium,base,base,5,8,13,3,5,1,1,1,1,1,5,14,0.9285714285714286,0.9285714285714286,0.8333333333333334,1.0,3,3,3,5,5,3,5,0,4,0,0,1,0.07142857142857142,UL,-0.0,9,0,0,0,5,1.0,0.0,0.0,0.0,0.35714285714285715,UL,0.42857142857142855,0.0,0.0,0.0,6,midline,midline,ul,0,1,0,0,0
5,7,size9_comp0.2_grid7_base_medium,9,0.2,medium,base,base,5,8,13,3,5,1,1,1,1,1,4,15,0.8666666666666667,0.9333333333333333,1.0,0.9,4,4,2,5,7,4,2,1,2,1,1,0,0.0,UL,0.7219280948873623,8,0,0,2,5,0.8,0.0,0.0,0.2,0.3333333333333333,UL,0.26666666666666666,0.0,0.0,0.0,4,midline,midline,ul,0,1,0,0,0
6,7,size9_comp0.2_grid7_base_medium,9,0.2,medium,base,base,5,8,13,3,5,1,1,1,1,1,4,13,1.0,1.0,1.0,1.0,3,3,2,5,6,3,2,1,4,1,1,0,0.0,UL,-0.0,9,0,0,0,4,1.0,0.0,0.0,0.0,0.3076923076923077,UL,0.3076923076923077,0.0,0.0,0.0,4,midline,midline,ul,0,1,0,0,0
7,7,size9_comp0.2_grid7_base_medium,9,0.2,medium,base,base,5,8,13,3,5,1,1,1,1,1,4,13,1.0,1.0,1.0,1.0,3,3,2,5,9,3,0,0,1,0,0,0,0.0,UL,-0.0,7,0,0,0,6,1.0,0.0,0.0,0.0,0.46153846153846156,UL,0.23076923076923078,0.0,0.0,0.0,3,midline,midline,ul,0,1,0,0,0
8,7,size9_comp0.2_grid7_base_medium,9,0.2,medium,base,base,5,8,13,3,5,1,1,1,1,1,8,17,0.7647058823529411,0.7647058823529411,0.5555555555555556,1.0,3,3,6,5,8,3,5,0,4,0,0,4,0.23529411764705882,UL,0.4689955935892812,9,1,0,0,7,0.9,0.1,0.0,0.0,0.4117647058823529,UL,0.35294117647058826,0.0,0.0,0.0,6,midline,midline,ul,0,1,0,0,0
9,7,size9_comp0.2_grid7_base_medium,9,0.2,medium,base,base,5,8,13,3,5,1,1,1,1,1,4,13,1.0,1.0,1.0,1.0,3,3,2,5,4,3,5,0,0,0,0,0,0.0,UL,-0.0,7,0,0,0,6,1.0,0.0,0.0,0.0,0.46153846153846156,UL,0.3076923076923077,0.0,0.0,0.0,4,midline,midline,ul,0,1,0,0,0
0,8,size9_comp0.2_grid8_base_medium,9,0.2,medium,base,base,4,4,8,4,3,1,1,1,1,1,7,12,0.6666666666666666,0.8333333333333334,0.75,1.0,4,3,4,1,5,1,5,0,0,0,0,0,0.0,DL,1.4591479170272448,1,2,3,0,6,0.16666666666666666,0.3333333333333333,0.5,0.0,0.5,,0.0,0.0,0.0,0.0,0,midline,ul,dl,0,1,0,0,0
1,8,size9_comp0.2_grid8_base_medium,9,0.2,medium,base,base,4,4,8,4,3,1,1,1,1,1,3,8,1.0,1.0,1.0,1.0,3,2,3,0,4,1,2,0,0,0,0,0,0.0,DL,0.9709505944546686,2,0,3,0,3,0.4,0.0,0.6,0.0,0.375,,0.0,0.0,0.0,0.0,0,midline,ul,dl,0,1,0,0,0
2,8,size9_comp0.2_grid8_base_medium,9,0.2,medium,base,base,4,4,8,4,3,1,1,1,1,1,3,11,0.7272727272727273,0.7272727272727273,1.0,0.5714285714285714,3,2,6,0,6,1,3,0,3,0,0,3,0.2727272727272727,DL,0.5916727785823275,1,0,6,0,4,0.14285714285714285,0.0,0.8571428571428571,0.0,0.36363636363636365,,0.0,0.0,0.0,0.0,0,midline,ul,dl,0,1,0,0,0
3,8,size9_comp0.2_grid8_base_medium,9,0.2,medium,base,base,4,4,8,4,3,1,1,1,1,1,9,14,0.5714285714285714,0.7857142857142857,0.7,1.0,6,5,3,0,4,2,2,5,5,5,0,0,0.0,DL,0.9182958340544896,1,0,2,0,11,0.3333333333333333,0.0,0.6666666666666666,0.0,0.7857142857142857,,0.0,0.0,0.0,0.0,0,midline,ul,dl,0,1,0,0,0
4,8,size9_comp0.2_grid8_base_medium,9,0.2,medium,base,base,4,4,8,4,3,1,1,1,1,1,3,9,0.8888888888888888,0.8888888888888888,1.0,0.8,3,2,4,0,4,1,3,0,1,0,0,1,0.1111111111111111,DL,0.8112781244591328,1,0,3,0,5,0.25,0.0,0.75,0.0,0.5555555555555556,,0.0,0.0,0.0,0.0,0,midline,ul,dl,0,1,0,0,0
5,8,size9_comp0.2_grid8_base_medium,9,0.2,medium,base,base,4,4,8,4,3,1,1,1,1,1,3,8,1.0,1.0,1.0,1.0,3,2,3,0,2,2,3,0,0,0,0,0,0.0,UL,1.0,2,0,2,0,4,0.5,0.0,0.5,0.0,0.5,,0.0,0.0,0.0,0.0,0,midline,ul,dl,0,0,0,0,0
6,8,size9_comp0.2_grid8_base_medium,9,0.2,medium,base,base,4,4,8,4,3,1,1,1,1,1,3,8,1.0,1.0,1.0,1.0,3,2,3,0,3,1,3,0,0,0,0,0,0.0,DL,0.9182958340544896,1,0,2,0,5,0.3333333333333333,0.0,0.6666666666666666,0.0,0.625,,0.0,0.0,0.0,0.0,0,midline,ul,dl,0,1,0,0,0
7,8,size9_comp0.2_grid8_base_medium,9,0.2,medium,base,base,4,4,8,4,3,1,1,1,1,1,3,10,0.8,0.8,1.0,0.6666666666666666,3,2,5,0,3,2,4,0,2,0,0,2,0.2,UL,1.0,2,0,2,0,6,0.5,0.0,0.5,0.0,0.6,,0.0,0.0,0.0,0.0,0,midline,ul,dl,0,0,0,0,0
8,8,size9_comp0.2_grid8_base_medium,9,0.2,medium,base,base,4,4,8,4,3,1,1,1,1,1,5,10,0.8,0.9,0.8333333333333334,1.0,4,3,3,0,4,1,3,1,1,1,0,0,0.0,DL,0.8112781244591328,1,0,3,0,6,0.25,0.0,0.75,0.0,0.6,,0.0,0.0,0.0,0.0,0,midline,ul,dl,0,1,0,0,0
9,8,size9_comp0.2_grid8_base_medium,9,0.2,medium,base,base,4,4,8,4,3,1,1,1,1,1,5,10,0.8,0.9,0.8333333333333334,1.0,3,2,4,1,3,2,3,1,1,1,1,0,0.0,UL,1.584962500721156,1,1,1,0,7,0.3333333333333333,0.3333333333333333,0.3333333333333333,0.0,0.7,,0.0,0.0,0.0,0.0,0,midline,ul,dl,0,0,0,0,0
0,9,size9_comp0.2_grid9_base_medium,9,0.2,medium,base,base,6,3,9,3,3,1,1,1,1,1,9,13,0.6923076923076923,0.8461538461538461,0.8,1.0,5,4,3,1,5,3,3,1,1,1,0,0,0.0,DL,0.9910760598382222,4,0,5,0,4,0.4444444444444444,0.0,0.5555555555555556,0.0,0.3076923076923077,DL,0.0,0.0,0.07692307692307693,0.0,1,midline,dl,midline,0,0,0,0,0
1,9,size9_comp0.2_grid9_base_medium,9,0.2,medium,base,base,6,3,9,3,3,1,1,1,1,0,-1,3,0.0,1.0,1.0,0.0,1,0,2,0,1,1,0,0,0,0,0,0,0.0,DL,-0.0,0,0,1,0,2,0.0,0.0,1.0,0.0,0.6666666666666666,,0.0,0.0,0.0,0.0,0,midline,dl,midline,0,0,0,0,0
2,9,size9_comp0.2_grid9_base_medium,9,0.2,medium,base,base,6,3,9,3,3,1,1,1,1,1,5,9,1.0,1.0,1.0,1.0,3,2,3,1,1,4,3,0,1,0,0,0,0.0,DL,-0.0,0,0,6,0,3,0.0,0.0,1.0,0.0,0.3333333333333333,,0.0,0.0,0.0,0.0,0,midline,dl,midline,0,0,0,0,0
3,9,size9_comp0.2_grid9_base_medium,9,0.2,medium,base,base,6,3,9,3,3,1,1,1,1,1,5,9,1.0,1.0,1.0,1.0,3,2,3,1,1,4,3,0,1,0,0,0,0.0,DL,-0.0,0,0,6,0,3,0.0,0.0,1.0,0.0,0.3333333333333333,,0.0,0.0,0.0,0.0,0,midline,dl,midline,0,0,0,0,0
4,9,size9_comp0.2_grid9_base_medium,9,0.2,medium,base,base,6,3,9,3,3,1,1,1,1,0,-1,3,0.0,1.0,1.0,0.0,1,0,2,0,0,1,1,0,0,0,0,0,0.0,DL,-0.0,0,0,2,0,1,0.0,0.0,1.0,0.0,0.3333333333333333,,0.0,0.0,0.0,0.0,0,midline,dl,midline,0,0,0,0,0
5,9,size9_comp0.2_grid9_base_medium,9,0.2,medium,base,base,6,3,9,3,3,1,1,1,1,1,5,9,1.0,1.0,1.0,1.0,3,2,3,1,3,1,4,0,1,0,0,0,0.0,DL,-0.0,0,0,6,0,3,0.0,0.0,1.0,0.0,0.3333333333333333,,0.0,0.0,0.0,0.0,0,midline,dl,midline,0,0,0,0,0
6,9,size9_comp0.2_grid9_base_medium,9,0.2,medium,base,base,6,3,9,3,3,1,1,1,1,1,5,11,0.8181818181818182,0.9090909090909091,1.0,0.8,3,2,4,2,4,3,1,2,3,2,1,0,0.0,DL,-0.0,0,0,3,0,8,0.0,0.0,1.0,0.0,0.7272727272727273,,0.0,0.0,0.0,0.0,0,midline,dl,midline,0,0,0,0,0
7,9,size9_comp0.2_grid9_base_medium,9,0.2,medium,base,base,6,3,9,3,3,1,1,1,1,1,5,9,1.0,1.0,1.0,1.0,3,2,3,1,2,2,3,1,2,1,1,0,0.0,DL,-0.0,0,0,5,0,4,0.0,0.0,1.0,0.0,0.4444444444444444,,0.0,0.0,0.0,0.0,0,midline,dl,midline,0,0,0,0,0
8,9,size9_comp0.2_grid9_base_medium,9,0.2,medium,base,base,6,3,9,3,3,1,1,1,1,1,5,9,1.0,1.0,1.0,1.0,3,2,3,1,0,5,3,0,1,0,0,0,0.0,DL,-0.0,0,0,5,0,4,0.0,0.0,1.0,0.0,0.4444444444444444,,0.0,0.0,0.0,0.0,0,midline,dl,midline,0,0,0,0,0
9,9,size9_comp0.2_grid9_base_medium,9,0.2,medium,base,base,6,3,9,3,3,1,1,1,1,1,5,9,1.0,1.0,1.0,1.0,3,2,3,1,3,2,2,1,1,1,1,0,0.0,DL,-0.0,0,0,3,0,6,0.0,0.0,1.0,0.0,0.6666666666666666,,0.0,0.0,0.0,0.0,0,midline,dl,midline,0,0,0,0,0
0,0,size9_comp0.4_grid0_base_medium,9,0.4,medium,base,base,9,5,14,4,5,1,1,1,1,0,-1,5,0.0,0.8,0.8,0.0,2,0,1,2,2,1,0,1,1,0,0,1,0.2,DL,-0.0,0,0,5,0,0,0.0,0.0,1.0,0.0,0.0,DL,0.0,0.0,0.6,0.0,3,dl,dl,ul,1,0,0,0,0
1,0,size9_comp0.4_grid0_base_medium,9,0.4,medium,base,base,9,5,14,4,5,1,1,1,1,0,-1,6,0.0,0.6666666666666666,0.6666666666666666,0.0,2,0,2,2,1,2,1,1,2,0,0,2,0.3333333333333333,DL,-0.0,0,0,6,0,0,0.0,0.0,1.0,0.0,0.0,DL,0.0,0.0,0.5,0.0,3,dl,dl,ul,1,0,0,0,0
2,0,size9_comp0.4_grid0_base_medium,9,0.4,medium,base,base,9,5,14,4,5,1,1,1,1,1,17,23,0.6086956521739131,0.782608695652174,0.7222222222222222,1.0,7,4,5,7,7,9,3,3,4,3,0,1,0.043478260869565216,DL,1.5052408149441479,6,0,7,3,7,0.375,0.0,0.4375,0.1875,0.30434782608695654,UL,0.08695652173913043,0.0,0.08695652173913043,0.0,2,dl,dl,ul,1,0,0,0,0
3,0,size9_comp0.4_grid0_base_medium,9,0.4,medium,base,base,9,5,14,4,5,1,1,1,1,1,19,25,0.56,0.76,0.7,1.0,7,5,6,7,7,11,4,2,7,2,1,1,0.04,UL,1.4060075793123286,11,0,6,3,5,0.55,0.0,0.3,0.15,0.2,UL,0.24,0.0,0.08,0.0,5,dl,dl,ul,0,1,0,0,0
4,0,size9_comp0.4_grid0_base_medium,9,0.4,medium,base,base,9,5,14,4,5,1,1,1,1,0,-1,12,0.0,0.5833333333333334,0.5833333333333334,0.0,4,2,3,3,4,0,1,6,7,5,0,2,0.16666666666666666,DL,-0.0,0,0,11,0,1,0.0,0.0,1.0,0.0,0.08333333333333333,DL,0.0,0.0,0.3333333333333333,0.0,4,dl,dl,ul,1,0,0,0,0
5,0,size9_comp0.4_grid0_base_medium,9,0.4,medium,base,base,9,5,14,4,5,1,1,1,1,0,-1,5,0.0,0.8,0.8,0.0,3,0,0,2,1,2,1,0,1,0,0,1,0.2,DL,-0.0,0,0,5,0,0,0.0,0.0,1.0,0.0,0.0,DL,0.0,0.0,0.6,0.0,3,dl,dl,ul,1,0,0,0,0
6,0,size9_comp0.4_grid0_base_medium,9,0.4,medium,base,base,9,5,14,4,5,1,1,1,1,1,12,19,0.7368421052631579,0.8421052631578947,0.8461538461538461,0.8333333333333334,5,3,4,7,11,3,4,0,2,0,0,1,0.05263157894736842,UL,1.5,6,0,3,3,7,0.5,0.0,0.25,0.25,0.3684210526315789,UL,0.10526315789473684,0.0,0.10526315789473684,0.0,2,dl,dl,ul,0,1,0,0,0
7,0,size9_comp0.4_grid0_base_medium,9,0.4,medium,base,base,9,5,14,4,5,1,1,1,1,1,14,20,0.7,0.85,0.8,1.0,6,4,4,6,7,8,3,1,2,1,0,0,0.0,UL,1.5485806065228545,5,0,5,3,7,0.38461538461538464,0.0,0.38461538461538464,0.23076923076923078,0.35,UL,0.1,0.0,0.1,0.0,2,dl,dl,ul,0,1,0,0,0
8,0,size9_comp0.4_grid0_base_medium,9,0.4,medium,base,base,9,5,14,4,5,1,1,1,1,0,-1,14,0.0,0.6428571428571429,0.6428571428571429,0.0,5,3,2,4,4,4,0,5,5,5,0,0,0.0,DL,0.8112781244591328,0,0,9,3,2,0.0,0.0,0.75,0.25,0.14285714285714285,DL,0.0,0.0,0.14285714285714285,0.0,2,dl,dl,ul,1,0,0,0,0
9,0,size9_comp0.4_grid0_base_medium,9,0.4,medium,base,base,9,5,14,4,5,1,1,1,1,0,-1,6,0.0,0.8333333333333334,0.8333333333333334,0.0,2,0,1,3,3,0,1,1,1,1,0,0,0.0,DL,-0.0,0,0,5,0,1,0.0,0.0,1.0,0.0,0.16666666666666666,DL,0.0,0.0,0.3333333333333333,0.0,2,dl,dl,ul,1,0,0,0,0
0,1,size9_comp0.4_grid1_base_medium,9,0.4,medium,base,base,7,7,14,8,3,1,1,1,1,1,8,22,0.6363636363636364,0.8181818181818182,0.8888888888888888,0.7692307692307693,5,8,2,7,11,1,5,4,6,4,0,0,0.0,UR,1.867633890971212,3,4,1,3,11,0.2727272727272727,0.36363636363636365,0.09090909090909091,0.2727272727272727,0.5,,0.0,0.0,0.0,0.0,0,midline,dr,ur,0,1,0,0,0
1,1,size9_comp0.4_grid1_base_medium,9,0.4,medium,base,base,7,7,14,8,3,1,1,1,1,1,7,21,0.6666666666666666,0.8095238095238095,0.875,0.7692307692307693,4,7,2,8,9,4,5,2,4,2,0,1,0.047619047619047616,UL,1.5,6,3,0,3,9,0.5,0.25,0.0,0.25,0.42857142857142855,UL,0.19047619047619047,0.0,0.0,0.0,4,midline,dr,ur,0,0,0,0,0
2,1,size9_comp0.4_grid1_base_medium,9,0.4,medium,base,base,7,7,14,8,3,1,1,1,1,1,10,21,0.6666666666666666,0.8095238095238095,0.8181818181818182,0.8,3,6,3,9,11,2,4,3,5,3,2,1,0.047619047619047616,UL,1.5545851693377994,5,4,0,3,9,0.4166666666666667,0.3333333333333333,0.0,0.25,0.42857142857142855,UL,0.14285714285714285,0.0,0.0,0.0,3,midline,dr,ur,0,0,0,0,0
3,1,size9_comp0.4_grid1_base_medium,9,0.4,medium,base,base,7,7,14,8,3,1,1,1,1,1,6,19,0.7368421052631579,0.8421052631578947,1.0,0.75,3,6,2,8,10,1,6,1,2,1,0,1,0.05263157894736842,UL,1.5485806065228545,5,3,0,5,6,0.38461538461538464,0.23076923076923078,0.0,0.38461538461538464,0.3157894736842105,UL,0.15789473684210525,0.0,0.0,0.10526315789473684,3,midline,dr,ur,0,0,0,0,0
4,1,size9_comp0.4_grid1_base_medium,9,0.4,medium,base,base,7,7,14,8,3,1,1,1,1,1,7,17,0.8235294117647058,0.8823529411764706,0.875,0.8888888888888888,4,8,0,5,9,2,3,2,3,2,0,1,0.058823529411764705,UL,1.5306189948485174,6,5,0,3,3,0.42857142857142855,0.35714285714285715,0.0,0.21428571428571427,0.17647058823529413,UL,0.23529411764705882,0.0,0.0,0.0,4,midline,dr,ur,0,0,0,0,0
5,1,size9_comp0.4_grid1_base_medium,9,0.4,medium,base,base,7,7,14,8,3,1,1,1,1,1,8,21,0.6666666666666666,0.8095238095238095,0.8888888888888888,0.75,4,7,2,8,4,6,6,4,7,4,1,1,0.047619047619047616,DR,1.5304930567574826,3,2,0,4,12,0.3333333333333333,0.2222222222222222,0.0,0.4444444444444444,0.5714285714285714,,0.0,0.0,0.0,0.0,0,midline,dr,ur,0,0,0,0,0
6,1,size9_comp0.4_grid1_base_medium,9,0.4,medium,base,base,7,7,14,8,3,1,1,1,1,1,6,19,0.7368421052631579,0.8421052631578947,1.0,0.75,5,7,1,6,9,2,5,2,3,2,0,1,0.05263157894736842,DR,1.4772170014624826,5,3,0,8,3,0.3125,0.1875,0.0,0.5,0.15789473684210525,UL,0.15789473684210525,0.0,0.0,0.15789473684210525,3,midline,dr,ur,0,0,0,0,0
7,1,size9_comp0.4_grid1_base_medium,9,0.4,medium,base,base,7,7,14,8,3,1,1,1,1,1,8,20,0.7,0.85,0.8888888888888888,0.8181818181818182,4,7,2,7,7,2,6,4,4,4,0,0,0.0,UL,1.5545851693377994,5,4,0,3,8,0.4166666666666667,0.3333333333333333,0.0,0.25,0.4,,0.0,0.0,0.0,0.0,0,midline,dr,ur,0,0,0,0,0
8,1,size9_comp0.4_grid1_base_medium,9,0.4,medium,base,base,7,7,14,8,3,1,1,1,1,1,7,28,0.5,0.6785714285714286,0.875,0.6,5,9,5,9,9,6,6,6,12,5,7,4,0.14285714285714285,UR,1.2799376545731964,4,15,0,4,5,0.17391304347826086,0.6521739130434783,0.0,0.17391304347826086,0.17857142857142858,UR,0.0,0.2857142857142857,0.0,0.0,4,midline,dr,ur,0,1,0,0,0
9,1,size9_comp0.4_grid1_base_medium,9,0.4,medium,base,base,7,7,14,8,3,1,1,1,1,1,6,22,0.6363636363636364,0.8181818181818182,1.0,0.7333333333333333,5,8,2,7,9,3,5,4,5,4,2,0,0.0,DR,1.2389012566026305,1,4,0,8,9,0.07692307692307693,0.3076923076923077,0.0,0.6153846153846154,0.4090909090909091,DR,0.0,0.0,0.0,0.09090909090909091,2,midline,dr,ur,0,0,0,0,0
0,2,size9_comp0.4_grid2_base_medium,9,0.4,medium,base,base,3,8,11,5,3,1,1,1,1,1,2,14,0.7857142857142857,0.8571428571428571,1.0,0.8181818181818182,4,3,5,2,6,2,5,0,1,0,0,1,0.07142857142857142,DL,1.5545851693377994,3,0,5,4,2,0.25,0.0,0.4166666666666667,0.3333333333333333,0.14285714285714285,DL,0.0,0.0,0.21428571428571427,0.14285714285714285,3,dr,ul,dr,0,0,0,0,0
1,2,size9_comp0.4_grid2_base_medium,9,0.4,medium,base,base,3,8,11,5,3,1,1,1,1,1,4,19,0.5789473684210527,0.7368421052631579,0.8,0.7142857142857143,7,3,6,3,5,5,6,2,7,2,3,2,0.10526315789473684,DR,0.9055872616982603,1,2,0,12,4,0.06666666666666667,0.13333333333333333,0.0,0.8,0.21052631578947367,DR,0.0,0.0,0.0,0.3157894736842105,4,dr,ul,dr,1,1,0,0,0
2,2,size9_comp0.4_grid2_base_medium,9,0.4,medium,base,base,3,8,11,5,3,1,1,1,1,1,4,13,0.8461538461538461,0.9230769230769231,0.8,1.0,4,2,5,2,2,5,3,2,4,2,1,0,0.0,DR,-0.0,0,0,0,10,3,0.0,0.0,0.0,1.0,0.23076923076923078,DR,0.0,0.0,0.0,0.46153846153846156,4,dr,ul,dr,1,1,0,0,0
3,2,size9_comp0.4_grid2_base_medium,9,0.4,medium,base,base,3,8,11,5,3,1,1,1,1,1,6,19,0.5789473684210527,0.7368421052631579,0.7142857142857143,0.75,8,4,5,2,7,2,5,4,6,4,1,2,0.10526315789473684,DR,1.3663146570363986,2,0,5,9,3,0.125,0.0,0.3125,0.5625,0.15789473684210525,DR,0.0,0.0,0.15789473684210525,0.3157894736842105,6,dr,ul,dr,1,1,0,0,0
4,2,size9_comp0.4_grid2_base_medium,9,0.4,medium,base,base,3,8,11,5,3,1,1,1,1,1,4,18,0.6111111111111112,0.7777777777777778,0.8,0.7692307692307693,6,3,6,3,8,1,5,3,4,3,1,1,0.05555555555555555,DR,1.5058231002082845,3,0,5,7,3,0.2,0.0,0.3333333333333333,0.4666666666666667,0.16666666666666666,DL,0.0,0.0,0.16666666666666666,0.1111111111111111,3,dr,ul,dr,1,1,0,0,0
5,2,size9_comp0.4_grid2_base_medium,9,0.4,medium,base,base,3,8,11,5,3,1,1,1,1,1,2,13,0.8461538461538461,0.8461538461538461,1.0,0.8,6,2,4,1,3,4,5,0,5,0,3,2,0.15384615384615385,DR,-0.0,0,0,0,10,3,0.0,0.0,0.0,1.0,0.23076923076923078,DR,0.0,0.0,0.0,0.3076923076923077,2,dr,ul,dr,1,1,0,0,0
6,2,size9_comp0.4_grid2_base_medium,9,0.4,medium,base,base,3,8,11,5,3,1,1,1,1,1,4,15,0.7333333333333333,0.8666666666666667,0.8,0.9,4,2,6,3,9,1,4,0,0,0,0,0,0.0,DR,1.4604846813131116,2,0,5,6,2,0.15384615384615385,0.0,0.38461538461538464,0.46153846153846156,0.13333333333333333,DR,0.0,0.0,0.2,0.26666666666666666,4,dr,ul,dr,1,1,0,0,0
7,2,size9_comp0.4_grid2_base_medium,9,0.4,medium,base,base,3,8,11,5,3,1,1,1,1,1,2,11,1.0,1.0,1.0,1.0,4,2,4,1,4,3,2,1,3,1,1,0,0.0,DR,0.5032583347756457,0,1,0,8,2,0.0,0.1111111111111111,0.0,0.8888888888888888,0.18181818181818182,DR,0.0,0.0,0.0,0.36363636363636365,2,dr,ul,dr,1,1,0,0,0
8,2,size9_comp0.4_grid2_base_medium,9,0.4,medium,base,base,3,8,11,5,3,1,1,1,1,1,2,20,0.55,0.7,1.0,0.6470588235294118,8,4,6,2,8,2,5,4,7,4,0,3,0.15,DL,1.3787834934861753,2,0,8,4,6,0.14285714285714285,0.0,0.5714285714285714,0.2857142857142857,0.3,DL,0.0,0.0,0.2,0.1,4,dr,ul,dr,0,0,0,0,0
9,2,size9_comp0.4_grid2_base_medium,9,0.4,medium,base,base,3,8,11,5,3,1,1,1,1,1,4,13,0.8461538461538461,0.9230769230769231,0.8,1.0,5,3,4,1,4,3,2,3,5,3,1,0,0.0,DR,0.4394969869215134,0,1,0,10,2,0.0,0.09090909090909091,0.0,0.9090909090909091,0.15384615384615385,DR,0.0,0.0,0.0,0.38461538461538464,2,dr,ul,dr,1,1,0,0,0
0,3,size9_comp0.4_grid3_base_medium,9,0.4,medium,base,base,5,6,11,5,4,1,1,1,1,1,5,15,0.7333333333333333,0.8,0.8333333333333334,0.7777777777777778,2,5,5,3,4,5,5,0,3,0,0,2,0.13333333333333333,UL,0.6193821946787638,11,0,2,0,2,0.8461538461538461,0.0,0.15384615384615385,0.0,0.13333333333333333,UL,0.26666666666666666,0.0,0.0,0.0,4,midline,dl,ul,0,1,0,0,0
1,3,size9_comp0.4_grid3_base_medium,9,0.4,medium,base,base,5,6,11,5,4,1,1,1,1,1,4,15,0.7333333333333333,0.8666666666666667,1.0,0.8,2,5,5,3,7,1,4,2,3,2,2,0,0.0,UL,0.6193821946787638,11,0,2,0,2,0.8461538461538461,0.0,0.15384615384615385,0.0,0.13333333333333333,UL,0.3333333333333333,0.0,0.0,0.0,5,midline,dl,ul,0,1,0,0,0
2,3,size9_comp0.4_grid3_base_medium,9,0.4,medium,base,base,5,6,11,5,4,1,1,1,1,1,5,16,0.6875,0.8125,0.8333333333333334,0.8,3,6,5,2,7,1,5,2,4,2,0,1,0.0625,UL,0.863120568566631,10,0,4,0,2,0.7142857142857143,0.0,0.2857142857142857,0.0,0.125,UL,0.25,0.0,0.0,0.0,4,midline,dl,ul,0,1,0,0,0
3,3,size9_comp0.4_grid3_base_medium,9,0.4,medium,base,base,5,6,11,5,4,1,1,1,1,1,4,14,0.7857142857142857,0.8571428571428571,1.0,0.7777777777777778,2,5,4,3,5,3,4,1,5,1,1,1,0.07142857142857142,UL,0.6500224216483541,10,0,2,0,2,0.8333333333333334,0.0,0.16666666666666666,0.0,0.14285714285714285,UL,0.2857142857142857,0.0,0.0,0.0,4,midline,dl,ul,0,1,0,0,0
4,3,size9_comp0.4_grid3_base_medium,9,0.4,medium,base,base,5,6,11,5,4,1,1,1,1,1,4,13,0.8461538461538461,0.9230769230769231,1.0,0.875,2,5,4,2,6,2,3,1,4,1,1,0,0.0,UL,0.6840384356390417,9,0,2,0,2,0.8181818181818182,0.0,0.18181818181818182,0.0,0.15384615384615385,UL,0.23076923076923078,0.0,0.0,0.0,3,midline,dl,ul,0,1,0,0,0
5,3,size9_comp0.4_grid3_base_medium,9,0.4,medium,base,base,5,6,11,5,4,1,1,1,1,1,4,16,0.6875,0.8125,1.0,0.7272727272727273,2,5,5,4,6,3,5,1,5,1,1,1,0.0625,UL,0.4394969869215134,10,0,1,0,5,0.9090909090909091,0.0,0.09090909090909091,0.0,0.3125,UL,0.1875,0.0,0.0,0.0,3,midline,dl,ul,0,1,0,0,0
6,3,size9_comp0.4_grid3_base_medium,9,0.4,medium,base,base,5,6,11,5,4,1,1,1,1,1,5,16,0.6875,0.75,0.8333333333333334,0.7,3,7,4,2,7,3,4,1,7,1,1,3,0.1875,UL,0.6193821946787638,11,0,2,0,3,0.8461538461538461,0.0,0.15384615384615385,0.0,0.1875,UL,0.3125,0.0,0.0,0.0,5,midline,dl,ul,0,1,0,0,0
7,3,size9_comp0.4_grid3_base_medium,9,0.4,medium,base,base,5,6,11,5,4,1,1,1,1,1,7,16,0.6875,0.8125,0.75,0.875,3,5,5,3,7,3,4,1,6,1,1,1,0.0625,UL,0.5916727785823275,12,0,2,0,2,0.8571428571428571,0.0,0.14285714285714285,0.0,0.125,UL,0.1875,0.0,0.0,0.0,3,midline,dl,ul,0,1,0,0,0
8,3,size9_comp0.4_grid3_base_medium,9,0.4,medium,base,base,5,6,11,5,4,1,1,1,1,1,8,17,0.6470588235294118,0.7058823529411765,0.5555555555555556,0.875,4,5,6,2,8,3,4,1,8,1,1,4,0.23529411764705882,UL,0.6193821946787638,11,0,2,0,4,0.8461538461538461,0.0,0.15384615384615385,0.0,0.23529411764705882,UL,0.29411764705882354,0.0,0.0,0.0,5,midline,dl,ul,0,1,0,0,0
9,3,size9_comp0.4_grid3_base_medium,9,0.4,medium,base,base,5,6,11,5,4,1,1,1,1,1,6,17,0.6470588235294118,0.7647058823529411,0.7142857142857143,0.8,4,6,5,2,9,1,4,2,5,2,0,2,0.11764705882352941,UL,0.863120568566631,10,0,4,0,3,0.7142857142857143,0.0,0.2857142857142857,0.0,0.17647058823529413,UL,0.17647058823529413,0.0,0.0,0.0,3,midline,dl,ul,0,1,0,0,0
0,4,size9_comp0.4_grid4_base_medium,9,0.4,medium,base,base,4,9,13,7,3,1,1,1,1,1,3,25,0.52,0.68,1.0,0.6190476190476191,5,7,3,10,10,4,5,5,12,5,1,4,0.16,DL,1.5726236638951638,3,0,4,4,14,0.2727272727272727,0.0,0.36363636363636365,0.36363636363636365,0.56,DR,0.04,0.0,0.0,0.12,3,dl,dr,ul,1,0,0,0,0
1,4,size9_comp0.4_grid4_base_medium,9,0.4,medium,base,base,4,9,13,7,3,1,1,1,1,1,3,15,0.8666666666666667,0.9333333333333333,1.0,0.9090909090909091,3,5,2,5,6,3,4,1,1,1,1,0,0.0,DR,1.6767370300521325,4,1,1,5,4,0.36363636363636365,0.09090909090909091,0.09090909090909091,0.45454545454545453,0.26666666666666666,DR,0.06666666666666667,0.0,0.0,0.13333333333333333,2,dl,dr,ul,0,0,0,0,0
2,4,size9_comp0.4_grid4_base_medium,9,0.4,medium,base,base,4,9,13,7,3,1,1,1,1,1,3,16,0.8125,0.875,1.0,0.8333333333333334,3,5,2,6,8,2,4,1,2,1,1,1,0.0625,UL,1.95006375643621,4,3,2,4,3,0.3076923076923077,0.23076923076923078,0.15384615384615385,0.3076923076923077,0.1875,DR,0.0625,0.0,0.0,0.1875,3,dl,dr,ul,0,1,0,0,0
3,4,size9_comp0.4_grid4_base_medium,9,0.4,medium,base,base,4,9,13,7,3,1,1,1,1,1,6,26,0.5,0.7307692307692307,0.7142857142857143,0.7368421052631579,6,8,5,7,10,2,8,5,9,5,1,1,0.038461538461538464,UL,1.4958242288403436,7,0,3,7,9,0.4117647058823529,0.0,0.17647058823529413,0.4117647058823529,0.34615384615384615,DR,0.07692307692307693,0.0,0.0,0.23076923076923078,6,dl,dr,ul,0,1,0,0,0
4,4,size9_comp0.4_grid4_base_medium,9,0.4,medium,base,base,4,9,13,7,3,1,1,1,1,1,3,15,0.8666666666666667,0.9333333333333333,1.0,0.9090909090909091,3,5,2,5,6,3,4,1,1,1,1,0,0.0,UL,1.8464393446710154,4,2,1,3,5,0.4,0.2,0.1,0.3,0.3333333333333333,DR,0.06666666666666667,0.0,0.0,0.13333333333333333,2,dl,dr,ul,0,1,0,0,0
5,4,size9_comp0.4_grid4_base_medium,9,0.4,medium,base,base,4,9,13,7,3,1,1,1,1,1,3,22,0.5909090909090909,0.7727272727272727,1.0,0.7222222222222222,5,7,3,7,7,2,6,6,7,6,1,1,0.045454545454545456,DR,1.6774212838293647,6,1,2,7,6,0.375,0.0625,0.125,0.4375,0.2727272727272727,DR,0.045454545454545456,0.0,0.0,0.22727272727272727,5,dl,dr,ul,0,0,0,0,0
6,4,size9_comp0.4_grid4_base_medium,9,0.4,medium,base,base,4,9,13,7,3,1,1,1,1,1,3,20,0.65,0.8,1.0,0.75,5,8,2,5,12,2,2,3,7,3,2,1,0.05,DL,1.198192411043098,5,0,10,1,4,0.3125,0.0,0.625,0.0625,0.2,DL,0.15,0.0,0.25,0.0,5,dl,dr,ul,1,0,0,0,0
7,4,size9_comp0.4_grid4_base_medium,9,0.4,medium,base,base,4,9,13,7,3,1,1,1,1,1,3,19,0.6842105263157895,0.8421052631578947,1.0,0.8,4,6,3,6,6,2,6,4,5,4,1,0,0.0,UL,1.4949188482339508,5,0,2,4,8,0.45454545454545453,0.0,0.18181818181818182,0.36363636363636365,0.42105263157894735,DR,0.05263157894736842,0.0,0.0,0.10526315789473684,2,dl,dr,ul,0,1,0,0,0
8,4,size9_comp0.4_grid4_base_medium,9,0.4,medium,base,base,4,9,13,7,3,1,1,1,1,1,3,21,0.6190476190476191,0.8095238095238095,1.0,0.7647058823529411,6,8,2,5,6,4,5,5,8,5,1,0,0.0,DR,1.3709505944546687,3,0,3,9,6,0.2,0.0,0.2,0.6,0.2857142857142857,DR,0.047619047619047616,0.0,0.0,0.2857142857142857,6,dl,dr,ul,0,0,0,0,0
9,4,size9_comp0.4_grid4_base_medium,9,0.4,medium,base,base,4,9,13,7,3,1,1,1,1,1,3,22,0.5909090909090909,0.7727272727272727,1.0,0.7222222222222222,5,7,3,7,10,4,6,1,5,1,0,1,0.045454545454545456,UL,1.9591904234199458,5,3,3,3,8,0.35714285714285715,0.21428571428571427,0.21428571428571427,0.21428571428571427,0.36363636363636365,UL,0.09090909090909091,0.0,0.0,0.09090909090909091,2,dl,dr,ul,0,1,0,0,0
0,5,size9_comp0.4_grid5_base_medium,9,0.4,medium,base,base,8,5,13,3,5,1,1,1,1,1,7,33,0.3939393939393939,0.696969696969697,1.0,0.6,9,10,6,8,9,8,9,6,16,6,6,0,0.0,DR,0.5586293734521992,0,3,0,20,10,0.0,0.13043478260869565,0.0,0.8695652173913043,0.30303030303030304,DR,0.0,0.0,0.0,0.18181818181818182,2,ur,ur,dr,0,1,0,0,0
1,5,size9_comp0.4_grid5_base_medium,9,0.4,medium,base,base,8,5,13,3,5,1,1,1,1,1,11,21,0.6190476190476191,0.8095238095238095,0.8333333333333334,0.7777777777777778,5,6,4,6,9,4,5,2,6,2,0,0,0.0,DR,1.2806721295208872,1,4,0,7,9,0.08333333333333333,0.3333333333333333,0.0,0.5833333333333334,0.42857142857142855,DR,0.0,0.0,0.0,0.09523809523809523,2,ur,ur,dr,0,1,0,0,0
2,5,size9_comp0.4_grid5_base_medium,9,0.4,medium,base,base,8,5,13,3,5,1,1,1,1,1,10,16,0.8125,0.875,0.8181818181818182,1.0,4,5,2,5,4,6,3,2,2,1,1,1,0.0625,DR,1.5304930567574826,2,3,0,4,7,0.2222222222222222,0.3333333333333333,0.0,0.4444444444444444,0.4375,DR,0.0,0.0,0.0,0.0625,1,ur,ur,dr,0,1,0,0,0
3,5,size9_comp0.4_grid5_base_medium,9,0.4,medium,base,base,8,5,13,3,5,1,1,1,1,1,9,17,0.7647058823529411,0.8235294117647058,0.8,0.8571428571428571,4,6,2,4,5,5,2,2,5,2,1,1,0.058823529411764705,DR,0.9182958340544896,0,2,0,4,11,0.0,0.3333333333333333,0.0,0.6666666666666666,0.6470588235294118,DR,0.0,0.0,0.0,0.058823529411764705,1,ur,ur,dr,0,1,0,0,0
4,5,size9_comp0.4_grid5_base_medium,9,0.4,medium,base,base,8,5,13,3,5,1,1,1,1,1,9,15,0.8666666666666667,0.9333333333333333,0.9,1.0,4,5,2,4,7,2,3,2,2,2,1,0,0.0,DR,1.3787834934861753,1,2,0,4,8,0.14285714285714285,0.2857142857142857,0.0,0.5714285714285714,0.5333333333333333,DR,0.0,0.0,0.0,0.06666666666666667,1,ur,ur,dr,0,1,0,0,0
5,5,size9_comp0.4_grid5_base_medium,9,0.4,medium,base,base,8,5,13,3,5,1,1,1,1,1,9,15,0.8666666666666667,0.8666666666666667,0.8,1.0,5,5,1,4,4,5,4,1,2,0,0,2,0.13333333333333333,DR,0.863120568566631,0,2,0,5,8,0.0,0.2857142857142857,0.0,0.7142857142857143,0.5333333333333333,DR,0.0,0.0,0.0,0.06666666666666667,1,ur,ur,dr,0,1,0,0,0
6,5,size9_comp0.4_grid5_base_medium,9,0.4,medium,base,base,8,5,13,3,5,1,1,1,1,1,13,19,0.6842105263157895,0.7894736842105263,0.7142857142857143,1.0,6,5,3,5,7,5,3,3,5,2,1,2,0.10526315789473684,UR,1.5394847569315018,3,5,0,3,8,0.2727272727272727,0.45454545454545453,0.0,0.2727272727272727,0.42105263157894735,UR,0.0,0.05263157894736842,0.0,0.05263157894736842,1,ur,ur,dr,1,0,0,0,0
7,5,size9_comp0.4_grid5_base_medium,9,0.4,medium,base,base,8,5,13,3,5,1,1,1,1,1,13,19,0.6842105263157895,0.8421052631578947,0.7857142857142857,1.0,4,5,4,6,7,3,4,4,5,4,1,0,0.0,DR,1.224394445405986,1,2,0,6,10,0.1111111111111111,0.2222222222222222,0.0,0.6666666666666666,0.5263157894736842,DR,0.0,0.0,0.0,0.05263157894736842,1,ur,ur,dr,0,1,0,0,0
8,5,size9_comp0.4_grid5_base_medium,9,0.4,medium,base,base,8,5,13,3,5,1,1,1,1,1,7,13,1.0,1.0,1.0,1.0,4,5,1,3,4,4,3,1,1,1,1,0,0.0,DR,0.954434002924965,0,3,0,5,5,0.0,0.375,0.0,0.625,0.38461538461538464,DR,0.0,0.0,0.0,0.07692307692307693,1,ur,ur,dr,0,1,0,0,0
9,5,size9_comp0.4_grid5_base_medium,9,0.4,medium,base,base,8,5,13,3,5,1,1,1,1,1,9,15,0.8666666666666667,0.9333333333333333,0.9,1.0,4,5,2,4,5,5,2,2,4,2,1,0,0.0,UR,1.0,0,3,0,3,9,0.0,0.5,0.0,0.5,0.6,DR,0.0,0.0,0.0,0.06666666666666667,1,ur,ur,dr,1,0,0,0,0
0,6,size9_comp0.4_grid6_base_medium,9,0.4,medium,base,base,6,5,11,7,3,1,1,1,1,1,10,16,0.6875,0.8125,0.7272727272727273,1.0,7,2,4,3,7,3,3,2,3,2,0,1,0.0625,UL,1.0,6,0,6,0,4,0.5,0.0,0.5,0.0,0.25,DL,0.0625,0.0,0.3125,0.0,5,dl,ul,midline,0,0,0,0,0
1,6,size9_comp0.4_grid6_base_medium,9,0.4,medium,base,base,6,5,11,7,3,1,1,1,1,1,5,11,1.0,1.0,1.0,1.0,6,0,3,2,5,2,2,1,1,1,1,0,0.0,UL,0.9910760598382222,5,0,4,0,2,0.5555555555555556,0.0,0.4444444444444444,0.0,0.18181818181818182,UL,0.18181818181818182,0.0,0.09090909090909091,0.0,2,dl,ul,midline,0,0,0,0,0
2,6,size9_comp0.4_grid6_base_medium,9,0.4,medium,base,base,6,5,11,7,3,1,1,1,1,1,7,14,0.7857142857142857,0.8571428571428571,0.875,0.8333333333333334,7,0,4,3,7,3,3,0,1,0,0,1,0.07142857142857142,UL,0.9709505944546686,6,0,4,0,4,0.6,0.0,0.4,0.0,0.2857142857142857,DL,0.14285714285714285,0.0,0.21428571428571427,0.0,3,dl,ul,midline,0,0,0,0,0
3,6,size9_comp0.4_grid6_base_medium,9,0.4,medium,base,base,6,5,11,7,3,1,1,1,1,1,7,16,0.6875,0.8125,0.875,0.75,7,0,5,4,7,4,2,2,3,2,0,1,0.0625,DL,1.4353713907745331,3,2,6,0,5,0.2727272727272727,0.18181818181818182,0.5454545454545454,0.0,0.3125,DL,0.0625,0.0,0.125,0.0,1,dl,ul,midline,1,0,0,0,0
4,6,size9_comp0.4_grid6_base_medium,9,0.4,medium,base,base,6,5,11,7,3,1,1,1,1,1,7,13,0.8461538461538461,0.9230769230769231,0.875,1.0,6,0,4,3,4,2,4,2,2,2,1,0,0.0,UL,1.0,5,0,5,0,3,0.5,0.0,0.5,0.0,0.23076923076923078,UL,0.15384615384615385,0.0,0.07692307692307693,0.0,2,dl,ul,midline,0,0,0,0,0
5,6,size9_comp0.4_grid6_base_medium,9,0.4,medium,base,base,6,5,11,7,3,1,1,1,1,1,5,11,1.0,1.0,1.0,1.0,6,0,3,2,3,4,3,0,0,0,0,0,0.0,UL,1.0,4,0,4,0,3,0.5,0.0,0.5,0.0,0.2727272727272727,UL,0.18181818181818182,0.0,0.09090909090909091,0.0,2,dl,ul,midline,0,0,0,0,0
6,6,size9_comp0.4_grid6_base_medium,9,0.4,medium,base,base,6,5,11,7,3,1,1,1,1,1,5,11,1.0,1.0,1.0,1.0,6,0,3,2,3,4,3,0,0,0,0,0,0.0,UL,1.0,4,0,4,0,3,0.5,0.0,0.5,0.0,0.2727272727272727,UL,0.18181818181818182,0.0,0.09090909090909091,0.0,2,dl,ul,midline,0,0,0,0,0
7,6,size9_comp0.4_grid6_base_medium,9,0.4,medium,base,base,6,5,11,7,3,1,1,1,1,1,6,12,0.9166666666666666,0.9166666666666666,0.8571428571428571,1.0,6,1,3,2,5,3,2,1,2,1,1,1,0.08333333333333333,UL,1.0,5,0,5,0,2,0.5,0.0,0.5,0.0,0.16666666666666666,UL,0.16666666666666666,0.0,0.16666666666666666,0.0,2,dl,ul,midline,0,0,0,0,0
8,6,size9_comp0.4_grid6_base_medium,9,0.4,medium,base,base,6,5,11,7,3,1,1,1,1,1,7,14,0.7857142857142857,0.8571428571428571,0.875,0.8333333333333334,7,0,4,3,5,4,2,2,3,2,0,1,0.07142857142857142,DL,0.9709505944546686,4,0,6,0,4,0.4,0.0,0.6,0.0,0.2857142857142857,DL,0.07142857142857142,0.0,0.14285714285714285,0.0,1,dl,ul,midline,1,0,0,0,0
9,6,size9_comp0.4_grid6_base_medium,9,0.4,medium,base,base,6,5,11,7,3,1,1,1,1,1,6,12,0.9166666666666666,0.9166666666666666,0.8571428571428571,1.0,6,0,4,2,4,3,3,1,2,1,1,1,0.08333333333333333,UL,1.0,5,0,5,0,2,0.5,0.0,0.5,0.0,0.16666666666666666,UL,0.16666666666666666,0.0,0.08333333333333333,0.0,2,dl,ul,midline,0,0,0,0,0
0,7,size9_comp0.4_grid7_base_medium,9,0.4,medium,base,base,5,9,14,4,5,1,1,1,1,1,4,23,0.6086956521739131,0.782608695652174,1.0,0.7222222222222222,4,6,8,5,5,8,4,5,10,5,0,1,0.043478260869565216,UL,0.934068055375491,13,7,0,0,3,0.65,0.35,0.0,0.0,0.13043478260869565,UL,0.17391304347826086,0.043478260869565216,0.0,0.0,3,ul,dl,ur,1,0,0,0,0
1,7,size9_comp0.4_grid7_base_medium,9,0.4,medium,base,base,5,9,14,4,5,1,1,1,1,1,4,25,0.56,0.76,1.0,0.7,4,5,9,7,5,8,4,7,11,7,0,1,0.04,UL,0.9709505944546686,12,8,0,0,5,0.6,0.4,0.0,0.0,0.2,UL,0.2,0.08,0.0,0.0,4,ul,dl,ur,1,0,0,0,0
2,7,size9_comp0.4_grid7_base_medium,9,0.4,medium,base,base,5,9,14,4,5,1,1,1,1,1,4,16,0.875,0.9375,1.0,0.9090909090909091,3,5,5,3,5,5,3,2,6,2,1,0,0.0,UL,0.9612366047228759,8,5,0,0,3,0.6153846153846154,0.38461538461538464,0.0,0.0,0.1875,UL,0.125,0.0,0.0,0.0,2,ul,dl,ur,1,0,0,0,0
3,7,size9_comp0.4_grid7_base_medium,9,0.4,medium,base,base,5,9,14,4,5,1,1,1,1,1,4,16,0.875,0.9375,1.0,0.9090909090909091,3,5,5,3,5,6,4,0,2,0,0,0,0.0,UL,0.9957274520849255,7,6,0,0,3,0.5384615384615384,0.46153846153846156,0.0,0.0,0.1875,UL,0.125,0.0625,0.0,0.0,2,ul,dl,ur,1,0,0,0,0
4,7,size9_comp0.4_grid7_base_medium,9,0.4,medium,base,base,5,9,14,4,5,1,1,1,1,1,8,22,0.6363636363636364,0.8181818181818182,0.7777777777777778,0.8461538461538461,4,6,7,5,5,5,6,5,11,5,1,0,0.0,UL,0.8524051786494786,13,5,0,0,4,0.7222222222222222,0.2777777777777778,0.0,0.0,0.18181818181818182,,0.0,0.0,0.0,0.0,0,ul,dl,ur,1,0,0,0,0
5,7,size9_comp0.4_grid7_base_medium,9,0.4,medium,base,base,5,9,14,4,5,1,1,1,1,1,6,25,0.56,0.76,0.8571428571428571,0.7222222222222222,4,7,8,6,7,5,5,7,12,7,1,1,0.04,UR,0.9927744539878083,9,11,0,0,5,0.45,0.55,0.0,0.0,0.2,UR,0.16,0.28,0.0,0.0,6,ul,dl,ur,0,1,0,0,0
6,7,size9_comp0.4_grid7_base_medium,9,0.4,medium,base,base,5,9,14,4,5,1,1,1,1,1,4,16,0.875,0.9375,1.0,0.9090909090909091,3,5,5,3,9,1,3,2,5,2,1,0,0.0,UR,0.9957274520849255,6,7,0,0,3,0.46153846153846156,0.5384615384615384,0.0,0.0,0.1875,UR,0.125,0.25,0.0,0.0,3,ul,dl,ur,0,1,0,0,0
7,7,size9_comp0.4_grid7_base_medium,9,0.4,medium,base,base,5,9,14,4,5,1,1,1,1,1,6,18,0.7777777777777778,0.8333333333333334,0.7142857142857143,0.9090909090909091,3,6,5,4,6,4,5,2,7,2,1,2,0.1111111111111111,UL,0.9709505944546686,9,6,0,0,3,0.6,0.4,0.0,0.0,0.16666666666666666,UL,0.1111111111111111,0.0,0.0,0.0,2,ul,dl,ur,1,0,0,0,0
8,7,size9_comp0.4_grid7_base_medium,9,0.4,medium,base,base,5,9,14,4,5,1,1,1,1,1,4,18,0.7777777777777778,0.8888888888888888,1.0,0.8461538461538461,4,6,5,3,5,8,2,2,7,2,0,0,0.0,UL,0.9967916319816366,8,7,0,0,3,0.5333333333333333,0.4666666666666667,0.0,0.0,0.16666666666666666,UL,0.1111111111111111,0.05555555555555555,0.0,0.0,2,ul,dl,ur,1,0,0,0,0
9,7,size9_comp0.4_grid7_base_medium,9,0.4,medium,base,base,5,9,14,4,5,1,1,1,1,1,4,19,0.7368421052631579,0.8421052631578947,1.0,0.7857142857142857,3,6,6,4,5,7,3,3,8,3,1,1,0.05263157894736842,UL,0.9182958340544896,10,5,0,0,4,0.6666666666666666,0.3333333333333333,0.0,0.0,0.21052631578947367,UL,0.10526315789473684,0.10526315789473684,0.0,0.0,2,ul,dl,ur,1,0,0,0,0
0,8,size9_comp0.4_grid8_base_medium,9,0.4,medium,base,base,4,5,9,5,2,1,1,1,1,1,6,14,0.6428571428571429,0.7142857142857143,0.5714285714285714,0.8571428571428571,6,4,4,0,7,4,2,0,3,0,0,3,0.21428571428571427,UL,1.5487949406953985,5,1,1,1,6,0.625,0.125,0.125,0.125,0.42857142857142855,UL,0.14285714285714285,0.0,0.0,0.0,2,dr,dl,ul,0,1,0,0,0
1,8,size9_comp0.4_grid8_base_medium,9,0.4,medium,base,base,4,5,9,5,2,1,1,1,1,1,5,13,0.6923076923076923,0.8461538461538461,0.8333333333333334,0.8571428571428571,4,5,4,0,6,1,3,2,2,2,1,0,0.0,UL,1.8954618442383218,3,3,3,1,3,0.3,0.3,0.3,0.1,0.23076923076923078,,0.0,0.0,0.0,0.0,0,dr,dl,ul,0,1,0,0,0
2,8,size9_comp0.4_grid8_base_medium,9,0.4,medium,base,base,4,5,9,5,2,1,1,1,1,1,5,14,0.6428571428571429,0.7142857142857143,0.6666666666666666,0.75,3,4,6,1,3,5,3,2,5,2,0,3,0.21428571428571427,DL,1.6644977792004612,1,1,4,1,7,0.14285714285714285,0.14285714285714285,0.5714285714285714,0.14285714285714285,0.5,,0.0,0.0,0.0,0.0,0,dr,dl,ul,0,0,0,0,0
3,8,size9_comp0.4_grid8_base_medium,9,0.4,medium,base,base,4,5,9,5,2,1,1,1,1,1,3,10,0.9,0.9,1.0,0.8333333333333334,2,3,4,1,3,4,2,0,1,0,0,1,0.1,DL,1.792481250360578,1,1,3,1,4,0.16666666666666666,0.16666666666666666,0.5,0.16666666666666666,0.4,,0.0,0.0,0.0,0.0,0,dr,dl,ul,0,0,0,0,0
4,8,size9_comp0.4_grid8_base_medium,9,0.4,medium,base,base,4,5,9,5,2,1,1,1,1,1,3,9,1.0,1.0,1.0,1.0,2,3,4,0,4,1,2,1,2,1,1,0,0.0,DL,1.2516291673878228,1,0,4,1,3,0.16666666666666666,0.0,0.6666666666666666,0.16666666666666666,0.3333333333333333,,0.0,0.0,0.0,0.0,0,dr,dl,ul,0,0,0,0,0
5,8,size9_comp0.4_grid8_base_medium,9,0.4,medium,base,base,4,5,9,5,2,1,1,1,1,1,3,20,0.45,0.7,1.0,0.625,4,5,7,4,5,5,3,6,7,6,2,1,0.05,UL,1.0389205950315936,12,1,1,1,5,0.8,0.06666666666666667,0.06666666666666667,0.06666666666666667,0.25,UL,0.4,0.0,0.0,0.0,8,dr,dl,ul,0,1,0,0,0
6,8,size9_comp0.4_grid8_base_medium,9,0.4,medium,base,base,4,5,9,5,2,1,1,1,1,1,11,19,0.47368421052631576,0.6842105263157895,0.5833333333333334,0.8571428571428571,7,6,5,1,9,5,1,3,4,2,1,2,0.10526315789473684,UL,1.3244602933016414,11,3,1,1,3,0.6875,0.1875,0.0625,0.0625,0.15789473684210525,UL,0.15789473684210525,0.0,0.0,0.0,2,dr,dl,ul,0,1,0,0,0
7,8,size9_comp0.4_grid8_base_medium,9,0.4,medium,base,base,4,5,9,5,2,1,1,1,1,1,5,13,0.6923076923076923,0.7692307692307693,0.6666666666666666,0.8571428571428571,5,4,4,0,6,4,2,0,2,0,0,2,0.15384615384615385,UL,1.5487949406953985,5,1,1,1,5,0.625,0.125,0.125,0.125,0.38461538461538464,UL,0.15384615384615385,0.0,0.0,0.0,2,dr,dl,ul,0,1,0,0,0
8,8,size9_comp0.4_grid8_base_medium,9,0.4,medium,base,base,4,5,9,5,2,1,1,1,1,1,3,15,0.6,0.8,1.0,0.7272727272727273,4,5,5,1,5,2,2,5,5,5,5,0,0.0,UL,1.6854752972273344,5,1,3,1,5,0.5,0.1,0.3,0.1,0.3333333333333333,,0.0,0.0,0.0,0.0,0,dr,dl,ul,0,1,0,0,0
9,8,size9_comp0.4_grid8_base_medium,9,0.4,medium,base,base,4,5,9,5,2,1,1,1,1,1,3,13,0.6923076923076923,0.8461538461538461,1.0,0.7777777777777778,3,4,5,1,6,2,3,1,1,1,1,0,0.0,UL,1.224394445405986,6,0,2,1,4,0.6666666666666666,0.0,0.2222222222222222,0.1111111111111111,0.3076923076923077,UL,0.15384615384615385,0.0,0.0,0.0,2,dr,dl,ul,0,1,0,0,0
0,9,size9_comp0.4_grid9_base_medium,9,0.4,medium,base,base,5,4,9,7,1,1,1,1,1,1,10,15,0.6,0.8,0.7272727272727273,1.0,3,2,7,3,6,2,4,2,2,2,0,0,0.0,DR,0.9402859586706311,0,0,5,9,1,0.0,0.0,0.35714285714285715,0.6428571428571429,0.06666666666666667,DR,0.0,0.0,0.2,0.3333333333333333,4,dr,midline,dl,1,0,0,0,0
1,9,size9_comp0.4_grid9_base_medium,9,0.4,medium,base,base,5,4,9,7,1,1,1,1,1,1,6,11,0.8181818181818182,0.9090909090909091,0.8571428571428571,1.0,4,3,4,0,4,2,4,0,0,0,0,0,0.0,DL,0.8812908992306927,0,0,7,3,1,0.0,0.0,0.7,0.3,0.09090909090909091,DL,0.0,0.0,0.36363636363636365,0.0,4,dr,midline,dl,0,1,0,0,0
2,9,size9_comp0.4_grid9_base_medium,9,0.4,medium,base,base,5,4,9,7,1,1,1,1,1,1,10,15,0.6,0.8,0.7272727272727273,1.0,5,4,5,1,2,4,6,2,3,2,0,0,0.0,DL,0.9182958340544896,0,0,8,4,3,0.0,0.0,0.6666666666666666,0.3333333333333333,0.2,DL,0.0,0.0,0.26666666666666666,0.0,4,dr,midline,dl,0,1,0,0,0
3,9,size9_comp0.4_grid9_base_medium,9,0.4,medium,base,base,5,4,9,7,1,1,1,1,1,1,6,12,0.75,0.8333333333333334,0.8571428571428571,0.8,3,2,6,1,6,2,2,1,2,1,0,1,0.08333333333333333,DL,0.9940302114769565,0,0,6,5,1,0.0,0.0,0.5454545454545454,0.45454545454545453,0.08333333333333333,DL,0.0,0.0,0.3333333333333333,0.08333333333333333,4,dr,midline,dl,0,1,0,0,0
4,9,size9_comp0.4_grid9_base_medium,9,0.4,medium,base,base,5,4,9,7,1,1,1,1,1,1,4,9,1.0,1.0,1.0,1.0,3,2,4,0,4,1,3,0,0,0,0,0,0.0,DL,0.8112781244591328,0,0,6,2,1,0.0,0.0,0.75,0.25,0.1111111111111111,DL,0.0,0.0,0.4444444444444444,0.0,4,dr,midline,dl,0,1,0,0,0
5,9,size9_comp0.4_grid9_base_medium,9,0.4,medium,base,base,5,4,9,7,1,1,1,1,1,1,8,14,0.6428571428571429,0.7857142857142857,0.7777777777777778,0.8,4,3,6,1,2,4,4,3,4,3,0,1,0.07142857142857142,DL,0.7219280948873623,0,0,8,2,4,0.0,0.0,0.8,0.2,0.2857142857142857,DL,0.0,0.0,0.2857142857142857,0.0,4,dr,midline,dl,0,1,0,0,0
6,9,size9_comp0.4_grid9_base_medium,9,0.4,medium,base,base,5,4,9,7,1,1,1,1,1,1,10,17,0.5294117647058824,0.7058823529411765,0.7272727272727273,0.6666666666666666,5,4,7,1,5,2,6,3,6,3,0,2,0.11764705882352941,DL,0.863120568566631,0,0,10,4,3,0.0,0.0,0.7142857142857143,0.2857142857142857,0.17647058823529413,DL,0.0,0.0,0.29411764705882354,0.0,5,dr,midline,dl,0,1,0,0,0
7,9,size9_comp0.4_grid9_base_medium,9,0.4,medium,base,base,5,4,9,7,1,1,1,1,1,1,8,13,0.6923076923076923,0.8461538461538461,0.7777777777777778,1.0,4,3,5,1,7,0,3,2,2,2,0,0,0.0,DR,0.9798687566511528,0,0,5,7,1,0.0,0.0,0.4166666666666667,0.5833333333333334,0.07692307692307693,DR,0.0,0.0,0.23076923076923078,0.3076923076923077,4,dr,midline,dl,1,0,0,0,0
8,9,size9_comp0.4_grid9_base_medium,9,0.4,medium,base,base,5,4,9,7,1,1,1,1,1,1,4,13,0.6923076923076923,0.7692307692307693,1.0,0.625,4,3,6,0,6,1,3,2,4,2,0,2,0.15384615384615385,DL,0.6500224216483541,0,0,10,2,1,0.0,0.0,0.8333333333333334,0.16666666666666666,0.07692307692307693,DL,0.0,0.0,0.6153846153846154,0.0,8,dr,midline,dl,0,1,0,0,0
9,9,size9_comp0.4_grid9_base_medium,9,0.4,medium,base,base,5,4,9,7,1,1,1,1,1,1,6,11,0.8181818181818182,0.9090909090909091,0.8571428571428571,1.0,3,2,5,1,7,0,3,0,0,0,0,0,0.0,DL,1.0,0,0,5,5,1,0.0,0.0,0.5,0.5,0.09090909090909091,DL,0.0,0.0,0.2727272727272727,0.18181818181818182,3,dr,midline,dl,0,1,0,0,0
0,0,size9_comp0.6_grid0_base_medium,9,0.6,medium,base,base,5,3,8,6,1,1,1,1,1,1,4,8,1.0,1.0,1.0,1.0,0,4,3,1,3,3,0,1,1,1,1,0,0.0,DL,1.3709505944546687,1,1,3,0,3,0.2,0.2,0.6,0.0,0.375,,0.0,0.0,0.0,0.0,0,ur,dl,midline,0,0,0,0,0
1,0,size9_comp0.6_grid0_base_medium,9,0.6,medium,base,base,5,3,8,6,1,1,1,1,1,1,9,31,0.25806451612903225,0.5806451612903226,0.7,0.5238095238095238,5,7,11,8,10,11,1,8,15,7,0,3,0.0967741935483871,DR,1.2439904575514165,1,6,1,17,6,0.04,0.24,0.04,0.68,0.1935483870967742,DR,0.0,0.0,0.0,0.0967741935483871,2,ur,dl,midline,0,0,0,0,0
2,0,size9_comp0.6_grid0_base_medium,9,0.6,medium,base,base,5,3,8,6,1,1,1,1,1,1,6,11,0.7272727272727273,0.8181818181818182,0.8571428571428571,0.75,0,5,4,2,3,3,2,2,4,2,2,1,0.09090909090909091,DL,1.4591479170272448,2,1,3,0,5,0.3333333333333333,0.16666666666666666,0.5,0.0,0.45454545454545453,,0.0,0.0,0.0,0.0,0,ur,dl,midline,0,0,0,0,0
3,0,size9_comp0.6_grid0_base_medium,9,0.6,medium,base,base,5,3,8,6,1,1,1,1,1,1,10,17,0.47058823529411764,0.6470588235294118,0.6363636363636364,0.6666666666666666,3,4,6,4,6,7,0,3,9,3,4,3,0.17647058823529413,UR,1.3221793455166666,1,6,4,0,6,0.09090909090909091,0.5454545454545454,0.36363636363636365,0.0,0.35294117647058826,,0.0,0.0,0.0,0.0,0,ur,dl,midline,1,0,0,0,0
4,0,size9_comp0.6_grid0_base_medium,9,0.6,medium,base,base,5,3,8,6,1,1,1,1,1,1,6,10,0.8,0.9,0.8571428571428571,1.0,1,5,3,1,4,2,1,2,3,2,1,0,0.0,DL,1.1488348542809166,1,1,5,0,3,0.14285714285714285,0.14285714285714285,0.7142857142857143,0.0,0.3,,0.0,0.0,0.0,0.0,0,ur,dl,midline,0,0,0,0,0
5,0,size9_comp0.6_grid0_base_medium,9,0.6,medium,base,base,5,3,8,6,1,1,1,1,1,1,4,8,1.0,1.0,1.0,1.0,0,4,3,1,3,3,0,1,1,1,1,0,0.0,DL,1.3709505944546687,1,1,3,0,3,0.2,0.2,0.6,0.0,0.375,,0.0,0.0,0.0,0.0,0,ur,dl,midline,0,0,0,0,0
6,0,size9_comp0.6_grid0_base_medium,9,0.6,medium,base,base,5,3,8,6,1,1,1,1,1,1,6,10,0.8,0.9,0.8571428571428571,1.0,0,4,4,2,2,3,2,2,2,2,1,0,0.0,DL,1.3709505944546687,1,1,3,0,5,0.2,0.2,0.6,0.0,0.5,,0.0,0.0,0.0,0.0,0,ur,dl,midline,0,0,0,0,0
7,0,size9_comp0.6_grid0_base_medium,9,0.6,medium,base,base,5,3,8,6,1,1,1,1,1,1,4,8,1.0,1.0,1.0,1.0,0,4,3,1,3,3,0,1,1,1,1,0,0.0,DL,1.3709505944546687,1,1,3,0,3,0.2,0.2,0.6,0.0,0.375,,0.0,0.0,0.0,0.0,0,ur,dl,midline,0,0,0,0,0
8,0,size9_comp0.6_grid0_base_medium,9,0.6,medium,base,base,5,3,8,6,1,1,1,1,1,1,9,16,0.5,0.6875,0.7,0.6666666666666666,1,4,6,5,6,4,4,1,4,1,1,2,0.125,UR,1.6854752972273344,1,5,1,3,6,0.1,0.5,0.1,0.3,0.375,,0.0,0.0,0.0,0.0,0,ur,dl,midline,1,0,0,0,0
9,0,size9_comp0.6_grid0_base_medium,9,0.6,medium,base,base,5,3,8,6,1,1,1,1,1,1,4,12,0.6666666666666666,0.8333333333333334,1.0,0.7142857142857143,0,4,5,3,5,3,0,3,4,3,4,0,0.0,DL,1.6644977792004612,1,1,4,1,5,0.14285714285714285,0.14285714285714285,0.5714285714285714,0.14285714285714285,0.4166666666666667,,0.0,0.0,0.0,0.0,0,ur,dl,midline,0,0,0,0,0
0,1,size9_comp0.6_grid1_base_medium,9,0.6,medium,base,base,11,4,15,7,4,1,1,1,1,0,-1,9,0.0,0.7777777777777778,0.7777777777777778,0.0,2,0,0,5,4,0,1,0,2,0,0,0,0.0,UL,1.1488348542809166,5,1,1,0,2,0.7142857142857143,0.14285714285714285,0.14285714285714285,0.0,0.2222222222222222,,0.0,0.0,0.0,0.0,0,dl,ur,dr,0,0,0,0,0
1,1,size9_comp0.6_grid1_base_medium,9,0.6,medium,base,base,11,4,15,7,4,1,1,1,1,0,-1,23,0.0,0.5652173913043478,0.5652173913043478,0.0,8,6,2,5,6,1,5,6,13,6,0,2,0.08695652173913043,DL,0.6143694458867568,1,1,16,0,5,0.05555555555555555,0.05555555555555555,0.8888888888888888,0.0,0.21739130434782608,DL,0.0,0.0,0.391304347826087,0.0,5,dl,ur,dr,1,0,0,0,0
2,1,size9_comp0.6_grid1_base_medium,9,0.6,medium,base,base,11,4,15,7,4,1,1,1,1,0,-1,19,0.0,0.631578947368421,0.631578947368421,0.0,5,4,2,7,5,2,5,4,10,4,0,1,0.05263157894736842,UR,1.5304930567574826,3,4,2,0,10,0.3333333333333333,0.4444444444444444,0.2222222222222222,0.0,0.5263157894736842,,0.0,0.0,0.0,0.0,0,dl,ur,dr,0,0,0,0,0
3,1,size9_comp0.6_grid1_base_medium,9,0.6,medium,base,base,11,4,15,7,4,1,1,1,1,0,-1,9,0.0,0.8888888888888888,0.8888888888888888,0.0,3,1,0,5,4,1,2,1,1,1,0,0,0.0,DL,1.1488348542809166,1,1,5,0,2,0.14285714285714285,0.14285714285714285,0.7142857142857143,0.0,0.2222222222222222,DL,0.0,0.0,0.1111111111111111,0.0,1,dl,ur,dr,1,0,0,0,0
4,1,size9_comp0.6_grid1_base_medium,9,0.6,medium,base,base,11,4,15,7,4,1,1,1,1,0,-1,11,0.0,0.8181818181818182,0.8181818181818182,0.0,4,2,0,5,6,0,1,3,3,3,0,0,0.0,UL,1.4056390622295665,4,1,3,0,3,0.5,0.125,0.375,0.0,0.2727272727272727,DL,0.0,0.0,0.09090909090909091,0.0,1,dl,ur,dr,0,0,0,0,0
5,1,size9_comp0.6_grid1_base_medium,9,0.6,medium,base,base,11,4,15,7,4,1,1,1,1,0,-1,12,0.0,0.75,0.75,0.0,4,2,0,5,3,3,1,2,3,2,0,0,0.0,UR,1.3787834934861753,2,4,1,0,5,0.2857142857142857,0.5714285714285714,0.14285714285714285,0.0,0.4166666666666667,,0.0,0.0,0.0,0.0,0,dl,ur,dr,0,0,0,0,0
6,1,size9_comp0.6_grid1_base_medium,9,0.6,medium,base,base,11,4,15,7,4,1,1,1,1,0,-1,12,0.0,0.75,0.75,0.0,3,1,1,6,2,4,1,2,3,2,0,0,0.0,UR,1.3709505944546687,1,3,1,0,7,0.2,0.6,0.2,0.0,0.5833333333333334,,0.0,0.0,0.0,0.0,0,dl,ur,dr,0,0,0,0,0
7,1,size9_comp0.6_grid1_base_medium,9,0.6,medium,base,base,11,4,15,7,4,1,1,1,1,0,-1,9,0.0,0.7777777777777778,0.7777777777777778,0.0,2,1,0,5,4,1,1,0,2,0,0,1,0.1111111111111111,UL,1.4488156357251847,3,3,1,0,2,0.42857142857142855,0.42857142857142855,0.14285714285714285,0.0,0.2222222222222222,,0.0,0.0,0.0,0.0,0,dl,ur,dr,0,0,0,0,0
8,1,size9_comp0.6_grid1_base_medium,9,0.6,medium,base,base,11,4,15,7,4,1,1,1,1,0,-1,11,0.0,0.7272727272727273,0.7272727272727273,0.0,3,1,1,5,4,1,3,0,3,0,0,1,0.09090909090909091,DL,1.3516441151533924,3,1,5,0,2,0.3333333333333333,0.1111111111111111,0.5555555555555556,0.0,0.18181818181818182,DL,0.0,0.0,0.18181818181818182,0.0,2,dl,ur,dr,1,0,0,0,0
9,1,size9_comp0.6_grid1_base_medium,9,0.6,medium,base,base,11,4,15,7,4,1,1,1,1,0,-1,12,0.0,0.5833333333333334,0.5833333333333334,0.0,2,2,0,5,2,2,1,0,5,0,0,2,0.16666666666666666,UR,1.4355205042826666,2,5,2,0,3,0.2222222222222222,0.5555555555555556,0.2222222222222222,0.0,0.25,,0.0,0.0,0.0,0.0,0,dl,ur,dr,0,0,0,0,0
0,2,size9_comp0.6_grid2_base_medium,9,0.6,medium,base,base,4,5,9,5,4,1,1,1,1,1,6,14,0.6428571428571429,0.7142857142857143,0.5714285714285714,0.8571428571428571,4,4,4,2,3,4,5,1,4,1,1,3,0.21428571428571427,UR,0.4394969869215134,0,10,0,1,3,0.0,0.9090909090909091,0.0,0.09090909090909091,0.21428571428571427,UR,0.0,0.2857142857142857,0.0,0.0,4,ur,dr,midline,1,0,0,0,0
1,2,size9_comp0.6_grid2_base_medium,9,0.6,medium,base,base,4,5,9,5,4,1,1,1,1,1,5,19,0.47368421052631576,0.631578947368421,0.6666666666666666,0.6153846153846154,1,4,6,8,6,3,5,4,8,4,1,4,0.21052631578947367,UR,0.37123232664087563,0,13,0,1,5,0.0,0.9285714285714286,0.0,0.07142857142857142,0.2631578947368421,UR,0.0,0.2631578947368421,0.0,0.0,5,ur,dr,midline,1,0,0,0,0
2,2,size9_comp0.6_grid2_base_medium,9,0.6,medium,base,base,4,5,9,5,4,1,1,1,1,1,4,10,0.9,0.9,0.8,1.0,2,4,3,1,4,2,2,1,2,1,1,1,0.1,UR,-0.0,0,8,0,0,2,0.0,1.0,0.0,0.0,0.2,UR,0.0,0.3,0.0,0.0,3,ur,dr,midline,1,0,0,0,0
3,2,size9_comp0.6_grid2_base_medium,9,0.6,medium,base,base,4,5,9,5,4,1,1,1,1,1,4,12,0.75,0.75,0.8,0.7142857142857143,4,4,3,1,6,2,2,1,4,0,2,3,0.25,UR,-0.0,0,9,0,0,3,0.0,1.0,0.0,0.0,0.25,UR,0.0,0.3333333333333333,0.0,0.0,4,ur,dr,midline,1,0,0,0,0
4,2,size9_comp0.6_grid2_base_medium,9,0.6,medium,base,base,4,5,9,5,4,1,1,1,1,1,4,10,0.9,0.9,0.8,1.0,2,4,3,1,4,2,2,1,2,1,1,1,0.1,UR,-0.0,0,8,0,0,2,0.0,1.0,0.0,0.0,0.2,UR,0.0,0.3,0.0,0.0,3,ur,dr,midline,1,0,0,0,0
5,2,size9_comp0.6_grid2_base_medium,9,0.6,medium,base,base,4,5,9,5,4,1,1,1,1,1,3,14,0.6428571428571429,0.7142857142857143,1.0,0.6,4,4,4,2,5,4,1,3,4,1,1,3,0.21428571428571427,UR,0.5032583347756457,0,8,0,1,5,0.0,0.8888888888888888,0.0,0.1111111111111111,0.35714285714285715,UR,0.0,0.21428571428571427,0.0,0.0,3,ur,dr,midline,1,0,0,0,0
6,2,size9_comp0.6_grid2_base_medium,9,0.6,medium,base,base,4,5,9,5,4,1,1,1,1,1,3,11,0.8181818181818182,0.9090909090909091,1.0,0.8571428571428571,1,4,4,2,6,2,0,2,3,2,1,0,0.0,UR,-0.0,0,9,0,0,2,0.0,1.0,0.0,0.0,0.18181818181818182,UR,0.0,0.36363636363636365,0.0,0.0,3,ur,dr,midline,1,0,0,0,0
7,2,size9_comp0.6_grid2_base_medium,9,0.6,medium,base,base,4,5,9,5,4,1,1,1,1,1,5,14,0.6428571428571429,0.7142857142857143,0.6666666666666666,0.75,4,4,4,2,6,3,2,2,4,1,1,3,0.21428571428571427,UR,0.4394969869215134,0,10,0,1,3,0.0,0.9090909090909091,0.0,0.09090909090909091,0.21428571428571427,UR,0.0,0.35714285714285715,0.0,0.0,5,ur,dr,midline,1,0,0,0,0
8,2,size9_comp0.6_grid2_base_medium,9,0.6,medium,base,base,4,5,9,5,4,1,1,1,1,1,4,10,0.9,0.9,0.8,1.0,2,4,3,1,4,2,2,1,2,1,1,1,0.1,UR,-0.0,0,8,0,0,2,0.0,1.0,0.0,0.0,0.2,UR,0.0,0.4,0.0,0.0,4,ur,dr,midline,1,0,0,0,0
9,2,size9_comp0.6_grid2_base_medium,9,0.6,medium,base,base,4,5,9,5,4,1,1,1,1,1,4,12,0.75,0.8333333333333334,0.8,0.8571428571428571,2,4,4,2,5,3,1,2,3,2,1,1,0.08333333333333333,UR,-0.0,0,8,0,0,4,0.0,1.0,0.0,0.0,0.3333333333333333,UR,0.0,0.3333333333333333,0.0,0.0,4,ur,dr,midline,1,0,0,0,0
0,3,size9_comp0.6_grid3_base_medium,9,0.6,medium,base,base,7,3,10,8,1,1,1,1,1,1,6,10,1.0,1.0,1.0,1.0,0,5,4,1,4,3,2,0,0,0,0,0,0.0,UR,1.3787834934861753,2,4,1,0,3,0.2857142857142857,0.5714285714285714,0.14285714285714285,0.0,0.3,UR,0.0,0.1,0.0,0.0,1,ur,dl,midline,1,0,0,0,0
1,3,size9_comp0.6_grid3_base_medium,9,0.6,medium,base,base,7,3,10,8,1,1,1,1,1,1,6,10,1.0,1.0,1.0,1.0,0,5,4,1,4,3,2,0,0,0,0,0,0.0,UR,1.3787834934861753,2,4,1,0,3,0.2857142857142857,0.5714285714285714,0.14285714285714285,0.0,0.3,UR,0.0,0.1,0.0,0.0,1,ur,dl,midline,1,0,0,0,0
2,3,size9_comp0.6_grid3_base_medium,9,0.6,medium,base,base,7,3,10,8,1,1,1,1,1,1,6,10,1.0,1.0,1.0,1.0,0,5,4,1,4,3,2,0,0,0,0,0,0.0,UR,1.3787834934861753,2,4,1,0,3,0.2857142857142857,0.5714285714285714,0.14285714285714285,0.0,0.3,UR,0.0,0.1,0.0,0.0,1,ur,dl,midline,1,0,0,0,0
3,3,size9_comp0.6_grid3_base_medium,9,0.6,medium,base,base,7,3,10,8,1,1,1,1,1,1,7,12,0.8333333333333334,0.8333333333333334,0.875,0.75,1,5,4,2,4,4,3,0,2,0,0,2,0.16666666666666666,UR,1.3787834934861753,2,4,1,0,5,0.2857142857142857,0.5714285714285714,0.14285714285714285,0.0,0.4166666666666667,UR,0.0,0.08333333333333333,0.0,0.0,1,ur,dl,midline,1,0,0,0,0
4,3,size9_comp0.6_grid3_base_medium,9,0.6,medium,base,base,7,3,10,8,1,1,1,1,1,1,7,11,0.9090909090909091,0.9090909090909091,0.875,1.0,1,5,4,1,4,4,2,0,1,0,0,1,0.09090909090909091,UR,1.2987949406953985,2,5,1,0,3,0.25,0.625,0.125,0.0,0.2727272727272727,UR,0.0,0.18181818181818182,0.0,0.0,2,ur,dl,midline,1,0,0,0,0
5,3,size9_comp0.6_grid3_base_medium,9,0.6,medium,base,base,7,3,10,8,1,1,1,1,1,1,9,13,0.7692307692307693,0.8461538461538461,0.8,1.0,1,5,5,2,4,1,4,3,3,2,1,1,0.07692307692307693,UR,0.9864267287308425,1,7,1,0,4,0.1111111111111111,0.7777777777777778,0.1111111111111111,0.0,0.3076923076923077,UR,0.0,0.23076923076923078,0.0,0.0,3,ur,dl,midline,1,0,0,0,0
6,3,size9_comp0.6_grid3_base_medium,9,0.6,medium,base,base,7,3,10,8,1,1,1,1,1,1,6,10,1.0,1.0,1.0,1.0,0,5,4,1,4,3,2,0,0,0,0,0,0.0,UR,1.3787834934861753,2,4,1,0,3,0.2857142857142857,0.5714285714285714,0.14285714285714285,0.0,0.3,UR,0.0,0.1,0.0,0.0,1,ur,dl,midline,1,0,0,0,0
7,3,size9_comp0.6_grid3_base_medium,9,0.6,medium,base,base,7,3,10,8,1,1,1,1,1,1,12,16,0.625,0.75,0.6923076923076923,1.0,3,7,5,1,3,5,3,4,6,4,0,2,0.125,UR,0.9912642605354288,2,10,1,0,3,0.15384615384615385,0.7692307692307693,0.07692307692307693,0.0,0.1875,UR,0.0,0.125,0.0,0.0,2,ur,dl,midline,1,0,0,0,0
8,3,size9_comp0.6_grid3_base_medium,9,0.6,medium,base,base,7,3,10,8,1,1,1,1,1,1,13,17,0.5882352941176471,0.7058823529411765,0.6428571428571429,1.0,4,7,5,1,7,3,3,3,7,2,0,3,0.17647058823529413,UR,0.9463729359854419,2,11,1,0,3,0.14285714285714285,0.7857142857142857,0.07142857142857142,0.0,0.17647058823529413,UR,0.0,0.11764705882352941,0.0,0.0,2,ur,dl,midline,1,0,0,0,0
9,3,size9_comp0.6_grid3_base_medium,9,0.6,medium,base,base,7,3,10,8,1,1,1,1,1,1,8,12,0.8333333333333334,0.8333333333333334,0.7777777777777778,1.0,1,6,4,1,3,2,4,2,3,1,1,2,0.16666666666666666,UR,1.061278124459133,1,6,1,0,4,0.125,0.75,0.125,0.0,0.3333333333333333,UR,0.0,0.25,0.0,0.0,3,ur,dl,midline,1,0,0,0,0
0,4,size9_comp0.6_grid4_base_medium,9,0.6,medium,base,base,5,8,13,3,5,1,1,1,1,1,6,19,0.6842105263157895,0.8421052631578947,0.8571428571428571,0.8333333333333334,7,5,3,4,5,3,7,3,8,3,1,0,0.0,UR,1.4353713907745331,2,6,3,0,8,0.18181818181818182,0.5454545454545454,0.2727272727272727,0.0,0.42105263157894735,UR,0.0,0.05263157894736842,0.0,0.0,1,ur,ur,dl,1,0,0,0,0
1,4,size9_comp0.6_grid4_base_medium,9,0.6,medium,base,base,5,8,13,3,5,1,1,1,1,1,4,19,0.6842105263157895,0.8421052631578947,1.0,0.7857142857142857,5,3,5,6,6,2,4,6,9,6,1,0,0.0,DL,1.3709505944546687,2,2,6,0,9,0.2,0.2,0.6,0.0,0.47368421052631576,,0.0,0.0,0.0,0.0,0,ur,ur,dl,0,1,0,0,0
2,4,size9_comp0.6_grid4_base_medium,9,0.6,medium,base,base,5,8,13,3,5,1,1,1,1,1,4,16,0.8125,0.875,1.0,0.8181818181818182,5,3,4,4,7,2,4,2,7,2,1,1,0.0625,DL,1.5304930567574826,2,3,4,0,7,0.2222222222222222,0.3333333333333333,0.4444444444444444,0.0,0.4375,,0.0,0.0,0.0,0.0,0,ur,ur,dl,0,1,0,0,0
3,4,size9_comp0.6_grid4_base_medium,9,0.6,medium,base,base,5,8,13,3,5,1,1,1,1,1,4,15,0.8666666666666667,0.9333333333333333,1.0,0.9,5,3,3,4,7,3,3,1,5,1,2,0,0.0,DL,1.4355205042826666,2,2,5,0,6,0.2222222222222222,0.2222222222222222,0.5555555555555556,0.0,0.4,DL,0.0,0.0,0.06666666666666667,0.0,1,ur,ur,dl,0,1,0,0,0
4,4,size9_comp0.6_grid4_base_medium,9,0.6,medium,base,base,5,8,13,3,5,1,1,1,1,1,4,15,0.8666666666666667,0.8666666666666667,1.0,0.8,5,3,4,3,7,3,3,1,6,1,1,2,0.13333333333333333,DL,1.5566567074628228,2,2,3,0,8,0.2857142857142857,0.2857142857142857,0.42857142857142855,0.0,0.5333333333333333,,0.0,0.0,0.0,0.0,0,ur,ur,dl,0,1,0,0,0
5,4,size9_comp0.6_grid4_base_medium,9,0.6,medium,base,base,5,8,13,3,5,1,1,1,1,1,6,21,0.6190476190476191,0.8095238095238095,0.8571428571428571,0.7857142857142857,5,3,6,7,6,6,4,4,9,4,1,0,0.0,DL,1.8262452584026092,4,3,5,1,8,0.3076923076923077,0.23076923076923078,0.38461538461538464,0.07692307692307693,0.38095238095238093,,0.0,0.0,0.0,0.0,0,ur,ur,dl,0,1,0,0,0
6,4,size9_comp0.6_grid4_base_medium,9,0.6,medium,base,base,5,8,13,3,5,1,1,1,1,1,7,16,0.8125,0.875,0.75,1.0,5,4,3,4,6,3,3,3,8,3,1,1,0.0625,UR,1.5394847569315018,3,5,3,0,5,0.2727272727272727,0.45454545454545453,0.2727272727272727,0.0,0.3125,UR,0.0,0.0625,0.0,0.0,1,ur,ur,dl,1,0,0,0,0
7,4,size9_comp0.6_grid4_base_medium,9,0.6,medium,base,base,5,8,13,3,5,1,1,1,1,1,4,15,0.8666666666666667,0.9333333333333333,1.0,0.9,5,3,3,4,5,4,4,1,5,1,2,0,0.0,DL,1.4854752972273344,2,3,5,0,5,0.2,0.3,0.5,0.0,0.3333333333333333,DL,0.0,0.0,0.06666666666666667,0.0,1,ur,ur,dl,0,1,0,0,0
8,4,size9_comp0.6_grid4_base_medium,9,0.6,medium,base,base,5,8,13,3,5,1,1,1,1,1,4,13,1.0,1.0,1.0,1.0,5,3,2,3,5,3,3,1,4,1,1,0,0.0,UR,1.561278124459133,2,3,3,0,5,0.25,0.375,0.375,0.0,0.38461538461538464,,0.0,0.0,0.0,0.0,0,ur,ur,dl,1,0,0,0,0
9,4,size9_comp0.6_grid4_base_medium,9,0.6,medium,base,base,5,8,13,3,5,1,1,1,1,1,4,18,0.7222222222222222,0.8333333333333334,1.0,0.7692307692307693,5,3,5,5,7,5,3,2,7,2,2,1,0.05555555555555555,DL,1.4949188482339508,4,2,5,0,7,0.36363636363636365,0.18181818181818182,0.45454545454545453,0.0,0.3888888888888889,DL,0.0,0.0,0.05555555555555555,0.0,1,ur,ur,dl,0,1,0,0,0
0,5,size9_comp0.6_grid5_base_medium,9,0.6,medium,base,base,4,7,11,3,4,1,1,1,1,1,3,15,0.7333333333333333,0.8666666666666667,1.0,0.8181818181818182,3,3,3,6,7,4,1,2,3,2,2,0,0.0,UL,1.561278124459133,3,0,3,2,7,0.375,0.0,0.375,0.25,0.4666666666666667,,0.0,0.0,0.0,0.0,0,midline,dr,ul,0,1,0,0,0
1,5,size9_comp0.6_grid5_base_medium,9,0.6,medium,base,base,4,7,11,3,4,1,1,1,1,1,3,13,0.8461538461538461,0.9230769230769231,1.0,0.8888888888888888,3,3,2,5,6,3,2,1,4,1,1,0,0.0,UL,0.9182958340544896,4,0,0,2,7,0.6666666666666666,0.0,0.0,0.3333333333333333,0.5384615384615384,,0.0,0.0,0.0,0.0,0,midline,dr,ul,0,1,0,0,0
2,5,size9_comp0.6_grid5_base_medium,9,0.6,medium,base,base,4,7,11,3,4,1,1,1,1,1,3,13,0.8461538461538461,0.9230769230769231,1.0,0.8888888888888888,3,3,2,5,7,3,0,2,3,2,2,0,0.0,UL,1.5566567074628228,3,0,2,2,6,0.42857142857142855,0.0,0.2857142857142857,0.2857142857142857,0.46153846153846156,,0.0,0.0,0.0,0.0,0,midline,dr,ul,0,1,0,0,0
3,5,size9_comp0.6_grid5_base_medium,9,0.6,medium,base,base,4,7,11,3,4,1,1,1,1,1,3,13,0.8461538461538461,0.9230769230769231,1.0,0.8888888888888888,2,2,3,6,7,3,0,2,3,2,0,0,0.0,DL,1.5,2,0,4,2,5,0.25,0.0,0.5,0.25,0.38461538461538464,,0.0,0.0,0.0,0.0,0,midline,dr,ul,0,0,0,0,0
4,5,size9_comp0.6_grid5_base_medium,9,0.6,medium,base,base,4,7,11,3,4,1,1,1,1,1,3,11,1.0,1.0,1.0,1.0,2,2,2,5,7,3,0,0,1,0,0,0,0.0,UL,1.584962500721156,2,0,2,2,5,0.3333333333333333,0.0,0.3333333333333333,0.3333333333333333,0.45454545454545453,,0.0,0.0,0.0,0.0,0,midline,dr,ul,0,1,0,0,0
5,5,size9_comp0.6_grid5_base_medium,9,0.6,medium,base,base,4,7,11,3,4,1,1,1,1,1,3,13,0.8461538461538461,0.9230769230769231,1.0,0.8888888888888888,3,3,2,5,6,3,2,1,2,1,0,0,0.0,DR,1.5,2,0,2,4,5,0.25,0.0,0.25,0.5,0.38461538461538464,DR,0.0,0.0,0.0,0.07692307692307693,1,midline,dr,ul,0,0,0,0,0
6,5,size9_comp0.6_grid5_base_medium,9,0.6,medium,base,base,4,7,11,3,4,1,1,1,1,1,5,13,0.8461538461538461,0.9230769230769231,0.8333333333333334,1.0,3,3,2,5,8,2,1,1,2,1,0,0,0.0,UL,1.584962500721156,2,0,2,2,7,0.3333333333333333,0.0,0.3333333333333333,0.3333333333333333,0.5384615384615384,,0.0,0.0,0.0,0.0,0,midline,dr,ul,0,1,0,0,0
7,5,size9_comp0.6_grid5_base_medium,9,0.6,medium,base,base,4,7,11,3,4,1,1,1,1,1,6,14,0.7857142857142857,0.8571428571428571,0.7142857142857143,1.0,3,2,3,6,7,2,4,0,4,0,0,1,0.07142857142857142,DL,1.3709505944546687,2,0,6,2,4,0.2,0.0,0.6,0.2,0.2857142857142857,,0.0,0.0,0.0,0.0,0,midline,dr,ul,0,0,0,0,0
8,5,size9_comp0.6_grid5_base_medium,9,0.6,medium,base,base,4,7,11,3,4,1,1,1,1,1,3,11,1.0,1.0,1.0,1.0,2,2,2,5,6,2,1,1,4,1,1,0,0.0,UL,0.9709505944546686,3,0,0,2,6,0.6,0.0,0.0,0.4,0.5454545454545454,,0.0,0.0,0.0,0.0,0,midline,dr,ul,0,1,0,0,0
9,5,size9_comp0.6_grid5_base_medium,9,0.6,medium,base,base,4,7,11,3,4,1,1,1,1,1,7,17,0.6470588235294118,0.8235294117647058,0.75,0.8888888888888888,4,4,3,6,8,3,2,3,6,3,1,0,0.0,UL,0.8112781244591328,6,0,0,2,9,0.75,0.0,0.0,0.25,0.5294117647058824,UL,0.058823529411764705,0.0,0.0,0.0,1,midline,dr,ul,0,1,0,0,0
0,6,size9_comp0.6_grid6_base_medium,9,0.6,medium,base,base,6,4,10,10,0,1,1,1,1,1,7,12,0.8333333333333334,0.8333333333333334,0.75,1.0,5,0,5,2,6,3,2,0,2,0,0,2,0.16666666666666666,DR,0.9182958340544896,0,3,0,6,3,0.0,0.3333333333333333,0.0,0.6666666666666666,0.25,DR,0.0,0.0,0.0,0.16666666666666666,2,dr,midline,ur,1,0,0,0,0
1,6,size9_comp0.6_grid6_base_medium,9,0.6,medium,base,base,6,4,10,10,0,1,1,1,1,1,11,16,0.625,0.8125,0.75,1.0,6,1,5,4,6,2,5,2,4,2,0,0,0.0,DR,0.7793498372920851,0,3,0,10,3,0.0,0.23076923076923078,0.0,0.7692307692307693,0.1875,DR,0.0,0.0,0.0,0.375,4,dr,midline,ur,1,0,0,0,0
2,6,size9_comp0.6_grid6_base_medium,9,0.6,medium,base,base,6,4,10,10,0,1,1,1,1,1,10,17,0.5882352941176471,0.7647058823529411,0.7272727272727273,0.8333333333333334,7,2,4,4,6,2,6,2,4,2,0,1,0.058823529411764705,UR,1.3787834934861753,2,8,0,4,3,0.14285714285714285,0.5714285714285714,0.0,0.2857142857142857,0.17647058823529413,UR,0.0,0.17647058823529413,0.0,0.11764705882352941,2,dr,midline,ur,0,1,0,0,0
3,6,size9_comp0.6_grid6_base_medium,9,0.6,medium,base,base,6,4,10,10,0,1,1,1,1,1,12,19,0.5263157894736842,0.7368421052631579,0.6923076923076923,0.8333333333333334,6,1,7,5,6,5,4,3,5,3,1,1,0.05263157894736842,DR,0.9886994082884974,0,7,0,9,3,0.0,0.4375,0.0,0.5625,0.15789473684210525,UR,0.0,0.15789473684210525,0.0,0.15789473684210525,3,dr,midline,ur,1,0,0,0,0
4,6,size9_comp0.6_grid6_base_medium,9,0.6,medium,base,base,6,4,10,10,0,1,1,1,1,1,7,12,0.8333333333333334,0.9166666666666666,0.875,1.0,6,1,3,2,6,2,2,1,1,1,0,0,0.0,DR,0.9182958340544896,0,3,0,6,3,0.0,0.3333333333333333,0.0,0.6666666666666666,0.25,DR,0.0,0.0,0.0,0.16666666666666666,2,dr,midline,ur,1,0,0,0,0
5,6,size9_comp0.6_grid6_base_medium,9,0.6,medium,base,base,6,4,10,10,0,1,1,1,1,1,8,15,0.6666666666666666,0.8,0.7777777777777778,0.8333333333333334,6,1,5,3,4,4,5,1,2,1,0,1,0.06666666666666667,DR,1.4353713907745331,2,3,0,6,4,0.18181818181818182,0.2727272727272727,0.0,0.5454545454545454,0.26666666666666666,DR,0.0,0.0,0.0,0.13333333333333333,2,dr,midline,ur,1,0,0,0,0
6,6,size9_comp0.6_grid6_base_medium,9,0.6,medium,base,base,6,4,10,10,0,1,1,1,1,1,6,11,0.9090909090909091,0.9090909090909091,0.8571428571428571,1.0,5,0,4,2,5,3,2,0,1,0,0,1,0.09090909090909091,DR,0.954434002924965,0,3,0,5,3,0.0,0.375,0.0,0.625,0.2727272727272727,DR,0.0,0.0,0.0,0.18181818181818182,2,dr,midline,ur,1,0,0,0,0
7,6,size9_comp0.6_grid6_base_medium,9,0.6,medium,base,base,6,4,10,10,0,1,1,1,1,1,7,12,0.8333333333333334,0.9166666666666666,0.875,1.0,5,0,4,3,6,2,1,2,2,2,0,0,0.0,DR,0.9182958340544896,0,3,0,6,3,0.0,0.3333333333333333,0.0,0.6666666666666666,0.25,DR,0.0,0.0,0.0,0.3333333333333333,4,dr,midline,ur,1,0,0,0,0
8,6,size9_comp0.6_grid6_base_medium,9,0.6,medium,base,base,6,4,10,10,0,1,1,1,1,1,7,15,0.6666666666666666,0.8,0.875,0.7142857142857143,6,1,4,4,5,6,2,1,2,1,1,1,0.06666666666666667,UR,0.9852281360342515,0,8,0,6,1,0.0,0.5714285714285714,0.0,0.42857142857142855,0.06666666666666667,UR,0.0,0.26666666666666666,0.0,0.26666666666666666,4,dr,midline,ur,0,1,0,0,0
9,6,size9_comp0.6_grid6_base_medium,9,0.6,medium,base,base,6,4,10,10,0,1,1,1,1,1,11,16,0.625,0.8125,0.75,1.0,6,1,5,4,7,3,4,1,3,1,0,0,0.0,DR,0.8112781244591328,0,3,0,9,4,0.0,0.25,0.0,0.75,0.25,DR,0.0,0.0,0.0,0.25,2,dr,midline,ur,1,0,0,0,0
0,7,size9_comp0.6_grid7_base_medium,9,0.6,medium,base,base,6,5,11,9,3,1,1,1,1,1,9,32,0.34375,0.65625,0.8,0.5909090909090909,5,9,11,7,13,5,3,10,19,10,11,1,0.03125,UL,1.2773600852070808,17,7,3,0,5,0.6296296296296297,0.25925925925925924,0.1111111111111111,0.0,0.15625,UR,0.03125,0.0625,0.03125,0.0,1,ur,dl,ul,0,1,0,0,0
1,7,size9_comp0.6_grid7_base_medium,9,0.6,medium,base,base,6,5,11,9,3,1,1,1,1,1,5,16,0.6875,0.8125,1.0,0.7,2,7,6,1,8,2,1,4,5,4,4,1,0.0625,UL,1.5545851693377994,5,3,4,0,4,0.4166666666666667,0.25,0.3333333333333333,0.0,0.25,DL,0.0,0.0,0.0625,0.0,1,ur,dl,ul,0,1,0,0,0
2,7,size9_comp0.6_grid7_base_medium,9,0.6,medium,base,base,6,5,11,9,3,1,1,1,1,1,5,11,1.0,1.0,1.0,1.0,0,4,6,1,7,2,1,0,0,0,0,0,0.0,UL,1.584962500721156,3,3,3,0,2,0.3333333333333333,0.3333333333333333,0.3333333333333333,0.0,0.18181818181818182,DL,0.0,0.0,0.09090909090909091,0.0,1,ur,dl,ul,0,1,0,0,0
3,7,size9_comp0.6_grid7_base_medium,9,0.6,medium,base,base,6,5,11,9,3,1,1,1,1,1,20,26,0.4230769230769231,0.6538461538461539,0.5714285714285714,1.0,8,10,6,2,7,6,4,8,10,6,0,3,0.11538461538461539,UR,1.4029342381953893,8,12,3,0,3,0.34782608695652173,0.5217391304347826,0.13043478260869565,0.0,0.11538461538461539,UR,0.0,0.19230769230769232,0.038461538461538464,0.0,3,ur,dl,ul,1,0,0,0,0
4,7,size9_comp0.6_grid7_base_medium,9,0.6,medium,base,base,6,5,11,9,3,1,1,1,1,1,9,28,0.39285714285714285,0.6785714285714286,0.8,0.6111111111111112,6,11,8,3,9,1,6,11,14,11,1,1,0.03571428571428571,DL,1.509871837193956,7,5,11,0,5,0.30434782608695654,0.21739130434782608,0.4782608695652174,0.0,0.17857142857142858,UR,0.0,0.03571428571428571,0.0,0.0,1,ur,dl,ul,0,0,0,0,0
5,7,size9_comp0.6_grid7_base_medium,9,0.6,medium,base,base,6,5,11,9,3,1,1,1,1,1,5,19,0.5789473684210527,0.7894736842105263,1.0,0.6923076923076923,0,4,10,5,9,2,4,3,5,3,3,0,0.0,UL,1.7244078178625923,7,3,3,1,5,0.5,0.21428571428571427,0.21428571428571427,0.07142857142857142,0.2631578947368421,,0.0,0.0,0.0,0.0,0,ur,dl,ul,0,1,0,0,0
6,7,size9_comp0.6_grid7_base_medium,9,0.6,medium,base,base,6,5,11,9,3,1,1,1,1,1,5,21,0.5238095238095238,0.7619047619047619,1.0,0.6666666666666666,0,4,11,6,12,1,2,5,8,5,1,0,0.0,UL,1.6589797521242053,9,4,3,1,4,0.5294117647058824,0.23529411764705882,0.17647058823529413,0.058823529411764705,0.19047619047619047,DL,0.0,0.0,0.047619047619047616,0.0,1,ur,dl,ul,0,1,0,0,0
7,7,size9_comp0.6_grid7_base_medium,9,0.6,medium,base,base,6,5,11,9,3,1,1,1,1,1,5,11,1.0,1.0,1.0,1.0,0,4,6,1,7,2,1,0,0,0,0,0,0.0,UL,1.584962500721156,3,3,3,0,2,0.3333333333333333,0.3333333333333333,0.3333333333333333,0.0,0.18181818181818182,DL,0.0,0.0,0.09090909090909091,0.0,1,ur,dl,ul,0,1,0,0,0
8,7,size9_comp0.6_grid7_base_medium,9,0.6,medium,base,base,6,5,11,9,3,1,1,1,1,1,5,17,0.6470588235294118,0.8235294117647058,1.0,0.7272727272727273,0,4,9,4,7,2,1,6,6,6,6,0,0.0,UL,1.3709505944546687,9,3,3,0,2,0.6,0.2,0.2,0.0,0.11764705882352941,DL,0.0,0.0,0.058823529411764705,0.0,1,ur,dl,ul,0,1,0,0,0
9,7,size9_comp0.6_grid7_base_medium,9,0.6,medium,base,base,6,5,11,9,3,1,1,1,1,1,5,11,1.0,1.0,1.0,1.0,0,4,6,1,7,2,1,0,0,0,0,0,0.0,UL,1.584962500721156,3,3,3,0,2,0.3333333333333333,0.3333333333333333,0.3333333333333333,0.0,0.18181818181818182,DL,0.0,0.0,0.09090909090909091,0.0,1,ur,dl,ul,0,1,0,0,0
0,8,size9_comp0.6_grid8_base_medium,9,0.6,medium,base,base,6,6,12,4,5,1,1,1,1,1,14,25,0.48,0.72,0.6666666666666666,0.8,6,8,5,6,5,6,4,9,11,9,0,1,0.04,UL,0.7871265862012691,13,4,0,0,8,0.7647058823529411,0.23529411764705882,0.0,0.0,0.32,UL,0.32,0.0,0.0,0.0,5,ul,dl,midline,1,0,0,0,0
1,8,size9_comp0.6_grid8_base_medium,9,0.6,medium,base,base,6,6,12,4,5,1,1,1,1,1,8,20,0.6,0.75,0.7777777777777778,0.7272727272727273,5,6,4,5,5,3,9,2,6,2,0,2,0.1,UL,1.0957952550009336,8,2,0,1,9,0.7272727272727273,0.18181818181818182,0.0,0.09090909090909091,0.45,UL,0.3,0.0,0.0,0.0,6,ul,dl,midline,1,0,0,0,0
2,8,size9_comp0.6_grid8_base_medium,9,0.6,medium,base,base,6,6,12,4,5,1,1,1,1,1,6,16,0.75,0.8125,0.8571428571428571,0.7777777777777778,2,6,3,5,4,5,5,1,4,1,3,2,0.125,UL,0.9182958340544896,6,3,0,0,7,0.6666666666666666,0.3333333333333333,0.0,0.0,0.4375,UL,0.25,0.0,0.0,0.0,4,ul,dl,midline,1,0,0,0,0
3,8,size9_comp0.6_grid8_base_medium,9,0.6,medium,base,base,6,6,12,4,5,1,1,1,1,1,5,20,0.6,0.8,1.0,0.7142857142857143,3,5,5,7,5,3,5,6,7,6,0,0,0.0,UL,1.2987949406953985,5,2,0,1,12,0.625,0.25,0.0,0.125,0.6,UL,0.15,0.0,0.0,0.0,3,ul,dl,midline,1,0,0,0,0
4,8,size9_comp0.6_grid8_base_medium,9,0.6,medium,base,base,6,6,12,4,5,1,1,1,1,0,-1,6,0.0,0.5,0.5,0.0,1,3,0,2,1,2,1,1,1,1,0,0,0.0,UL,-0.0,3,0,0,0,3,1.0,0.0,0.0,0.0,0.5,,0.0,0.0,0.0,0.0,0,ul,dl,midline,1,0,0,0,0
5,8,size9_comp0.6_grid8_base_medium,9,0.6,medium,base,base,6,6,12,4,5,1,1,1,1,1,6,22,0.5454545454545454,0.7272727272727273,0.8571428571428571,0.6666666666666666,4,5,6,7,6,6,6,3,5,2,0,2,0.09090909090909091,UR,0.9852281360342515,6,8,0,0,8,0.42857142857142855,0.5714285714285714,0.0,0.0,0.36363636363636365,UL,0.18181818181818182,0.09090909090909091,0.0,0.0,4,ul,dl,midline,0,0,0,0,0
6,8,size9_comp0.6_grid8_base_medium,9,0.6,medium,base,base,6,6,12,4,5,1,1,1,1,1,11,26,0.46153846153846156,0.7307692307692307,0.75,0.7142857142857143,4,6,7,9,5,3,9,8,11,8,2,0,0.0,UL,0.964078764808229,11,7,0,0,8,0.6111111111111112,0.3888888888888889,0.0,0.0,0.3076923076923077,UL,0.11538461538461539,0.0,0.0,0.0,3,ul,dl,midline,1,0,0,0,0
7,8,size9_comp0.6_grid8_base_medium,9,0.6,medium,base,base,6,6,12,4,5,1,1,1,1,1,17,32,0.375,0.6875,0.6666666666666666,0.7142857142857143,5,7,9,11,5,4,11,11,16,11,0,0,0.0,UL,0.9182958340544896,12,6,0,0,14,0.6666666666666666,0.3333333333333333,0.0,0.0,0.4375,UL,0.09375,0.03125,0.0,0.0,3,ul,dl,midline,1,0,0,0,0
8,8,size9_comp0.6_grid8_base_medium,9,0.6,medium,base,base,6,6,12,4,5,1,1,1,1,1,7,18,0.6666666666666666,0.8333333333333334,0.875,0.8,4,6,3,5,7,3,3,4,4,4,2,0,0.0,UL,1.295461844238322,6,3,0,1,8,0.6,0.3,0.0,0.1,0.4444444444444444,UL,0.16666666666666666,0.0,0.0,0.0,3,ul,dl,midline,1,0,0,0,0
9,8,size9_comp0.6_grid8_base_medium,9,0.6,medium,base,base,6,6,12,4,5,1,1,1,1,1,8,15,0.8,0.8,0.6666666666666666,1.0,2,6,2,5,4,4,6,0,3,0,0,3,0.2,UL,0.7219280948873623,8,2,0,0,5,0.8,0.2,0.0,0.0,0.3333333333333333,UL,0.26666666666666666,0.0,0.0,0.0,4,ul,dl,midline,1,0,0,0,0
0,9,size9_comp0.6_grid9_base_medium,9,0.6,medium,base,base,4,9,13,5,4,1,1,1,1,1,3,16,0.8125,0.8125,1.0,0.75,2,3,3,7,4,5,3,1,5,0,0,2,0.125,UL,1.0408520829727552,9,1,0,2,4,0.75,0.08333333333333333,0.0,0.16666666666666666,0.25,UL,0.125,0.0,0.0,0.0,2,midline,dr,ul,0,1,0,0,0
1,9,size9_comp0.6_grid9_base_medium,9,0.6,medium,base,base,4,9,13,5,4,1,1,1,1,1,5,17,0.7647058823529411,0.8235294117647058,0.6666666666666666,0.9090909090909091,4,4,3,6,6,5,3,2,7,2,1,2,0.11764705882352941,UL,0.9912642605354288,10,0,1,2,4,0.7692307692307693,0.0,0.07692307692307693,0.15384615384615385,0.23529411764705882,UL,0.29411764705882354,0.0,0.0,0.0,5,midline,dr,ul,0,1,0,0,0
2,9,size9_comp0.6_grid9_base_medium,9,0.6,medium,base,base,4,9,13,5,4,1,1,1,1,1,3,21,0.6190476190476191,0.8095238095238095,1.0,0.7647058823529411,6,7,2,6,6,3,6,5,9,5,1,0,0.0,UL,1.541982284286398,7,0,7,4,3,0.3888888888888889,0.0,0.3888888888888889,0.2222222222222222,0.14285714285714285,UL,0.14285714285714285,0.0,0.0,0.0,3,midline,dr,ul,0,1,0,0,0
3,9,size9_comp0.6_grid9_base_medium,9,0.6,medium,base,base,4,9,13,5,4,1,1,1,1,1,5,15,0.8666666666666667,0.9333333333333333,0.8333333333333334,1.0,3,4,2,6,7,5,2,0,3,0,0,0,0.0,UL,1.0408520829727552,9,0,1,2,3,0.75,0.0,0.08333333333333333,0.16666666666666666,0.2,UL,0.26666666666666666,0.0,0.0,0.0,4,midline,dr,ul,0,1,0,0,0
4,9,size9_comp0.6_grid9_base_medium,9,0.6,medium,base,base,4,9,13,5,4,1,1,1,1,1,3,15,0.8666666666666667,0.8666666666666667,1.0,0.8181818181818182,2,3,2,8,5,6,3,0,4,0,0,2,0.13333333333333333,UL,1.3092966682370037,7,2,0,2,4,0.6363636363636364,0.18181818181818182,0.0,0.18181818181818182,0.26666666666666666,UL,0.13333333333333333,0.0,0.0,0.0,2,midline,dr,ul,0,1,0,0,0
5,9,size9_comp0.6_grid9_base_medium,9,0.6,medium,base,base,4,9,13,5,4,1,1,1,1,1,5,21,0.6190476190476191,0.7619047619047619,0.8333333333333334,0.7333333333333333,3,5,5,8,6,5,4,5,8,4,0,2,0.09523809523809523,UL,0.8343470230852537,14,1,0,2,4,0.8235294117647058,0.058823529411764705,0.0,0.11764705882352941,0.19047619047619047,UL,0.19047619047619047,0.0,0.0,0.0,4,midline,dr,ul,0,1,0,0,0
6,9,size9_comp0.6_grid9_base_medium,9,0.6,medium,base,base,4,9,13,5,4,1,1,1,1,1,3,13,1.0,1.0,1.0,1.0,2,3,2,6,5,5,2,0,3,0,0,0,0.0,UL,1.1567796494470395,7,0,1,2,3,0.7,0.0,0.1,0.2,0.23076923076923078,UL,0.15384615384615385,0.0,0.0,0.0,2,midline,dr,ul,0,1,0,0,0
7,9,size9_comp0.6_grid9_base_medium,9,0.6,medium,base,base,4,9,13,5,4,1,1,1,1,1,4,16,0.8125,0.875,0.8,0.9090909090909091,2,3,4,7,6,4,4,1,6,1,2,1,0.0625,UL,1.0408520829727552,9,0,1,2,4,0.75,0.0,0.08333333333333333,0.16666666666666666,0.25,UL,0.1875,0.0,0.0,0.0,3,midline,dr,ul,0,1,0,0,0
8,9,size9_comp0.6_grid9_base_medium,9,0.6,medium,base,base,4,9,13,5,4,1,1,1,1,1,3,13,1.0,1.0,1.0,1.0,2,3,2,6,5,5,2,0,3,0,0,0,0.0,UL,1.1567796494470395,7,0,1,2,3,0.7,0.0,0.1,0.2,0.23076923076923078,UL,0.15384615384615385,0.0,0.0,0.0,2,midline,dr,ul,0,1,0,0,0
9,9,size9_comp0.6_grid9_base_medium,9,0.6,medium,base,base,4,9,13,5,4,1,1,1,1,1,3,13,1.0,1.0,1.0,1.0,2,3,2,6,6,3,2,1,3,1,1,0,0.0,UL,1.1567796494470395,7,1,0,2,3,0.7,0.1,0.0,0.2,0.23076923076923078,UL,0.07692307692307693,0.0,0.0,0.0,1,midline,dr,ul,0,1,0,0,0
