trajectory_id,grid_id,grid_key,grid_size,density,reasoning_effort,transform_type,trajectory_category,start_to_coin_distance,coin_to_goal_distance,start_to_goal_via_coin_distance,start_to_goal_distance,coin_detour_distance,coin_reachable_from_start,goal_reachable_from_start,goal_reachable_from_coin,reached_goal,coin_collected,coin_collection_step,trajectory_length,spl,action_accuracy,action_accuracy_phase1,action_accuracy_phase2,num_actions_up,num_actions_down,num_actions_left,num_actions_right,num_steps_front,num_steps_left_turn,num_steps_right_turn,num_steps_back,num_cell_revisits,num_immediate_revisits,num_coin_oscillations,num_invalid_actions,invalid_action_rate,preferred_quadrant,quadrant_entropy,quadrant_count_ul,quadrant_count_ur,quadrant_count_dl,quadrant_count_dr,quadrant_count_midline,quadrant_fraction_ul,quadrant_fraction_ur,quadrant_fraction_dl,quadrant_fraction_dr,quadrant_fraction_midline,preferred_corner,corner_fraction_ul,corner_fraction_ur,corner_fraction_dl,corner_fraction_dr,max_corner_dwell_run,start_quadrant,terminal_quadrant,coin_quadrant,preferred_quadrant_contains_start,preferred_quadrant_contains_coin,preferred_corner_contains_start,preferred_corner_contains_goal,preferred_corner_contains_coin
0,0,size11_comp0.0_grid0_base_low,11,0.0,low,base,base,5,3,8,6,1,1,1,1,1,0,-1,6,0.0,0.6666666666666666,0.6666666666666666,0.0,5,0,0,1,4,0,1,0,0,0,0,0,0.0,UR,0.9709505944546686,0,3,0,2,1,0.0,0.6,0.0,0.4,0.16666666666666666,,0.0,0.0,0.0,0.0,0,dr,ur,midline,0,0,0,0,0
1,0,size11_comp0.0_grid0_base_low,11,0.0,low,base,base,5,3,8,6,1,1,1,1,1,1,6,10,0.8,0.9,0.8571428571428571,1.0,5,0,2,3,3,1,4,1,1,1,0,0,0.0,UR,0.8112781244591328,0,3,0,1,6,0.0,0.75,0.0,0.25,0.6,,0.0,0.0,0.0,0.0,0,dr,ur,midline,0,0,0,0,0
2,0,size11_comp0.0_grid0_base_low,11,0.0,low,base,base,5,3,8,6,1,1,1,1,1,0,-1,16,0.0,0.5625,0.5625,0.0,6,1,4,5,3,5,7,0,0,0,0,0,0.0,UL,1.7609640474436812,5,2,2,1,6,0.5,0.2,0.2,0.1,0.375,,0.0,0.0,0.0,0.0,0,dr,ur,midline,0,0,0,0,0
3,0,size11_comp0.0_grid0_base_low,11,0.0,low,base,base,5,3,8,6,1,1,1,1,1,1,4,12,0.6666666666666666,0.8333333333333334,1.0,0.7142857142857143,5,0,3,4,6,1,2,2,3,2,2,0,0.0,UR,0.8112781244591328,0,6,0,2,4,0.0,0.75,0.0,0.25,0.3333333333333333,,0.0,0.0,0.0,0.0,0,dr,ur,midline,0,0,0,0,0
4,0,size11_comp0.0_grid0_base_low,11,0.0,low,base,base,5,3,8,6,1,1,1,1,1,0,-1,8,0.0,0.625,0.625,0.0,5,0,1,2,3,2,1,1,1,1,0,0,0.0,UR,0.9709505944546686,0,3,0,2,3,0.0,0.6,0.0,0.4,0.375,,0.0,0.0,0.0,0.0,0,dr,ur,midline,0,0,0,0,0
5,0,size11_comp0.0_grid0_base_low,11,0.0,low,base,base,5,3,8,6,1,1,1,1,1,1,8,16,0.5,0.75,0.7777777777777778,0.7142857142857143,5,0,5,6,4,5,0,6,6,6,5,0,0.0,UR,0.8453509366224364,0,8,0,3,5,0.0,0.7272727272727273,0.0,0.2727272727272727,0.3125,,0.0,0.0,0.0,0.0,0,dr,ur,midline,0,0,0,0,0
6,0,size11_comp0.0_grid0_base_low,11,0.0,low,base,base,5,3,8,6,1,1,1,1,1,0,-1,22,0.0,0.5,0.5,0.0,9,2,5,6,8,4,6,3,4,2,0,2,0.09090909090909091,UR,1.5683182557028439,5,10,2,1,4,0.2777777777777778,0.5555555555555556,0.1111111111111111,0.05555555555555555,0.18181818181818182,UR,0.0,0.2727272727272727,0.0,0.0,6,dr,ur,midline,0,0,0,0,0
7,0,size11_comp0.0_grid0_base_low,11,0.0,low,base,base,5,3,8,6,1,1,1,1,1,0,-1,36,0.0,0.3333333333333333,0.3333333333333333,0.0,20,1,7,8,17,10,7,1,22,1,0,14,0.3888888888888889,UR,0.9698024945677542,3,26,2,1,4,0.09375,0.8125,0.0625,0.03125,0.1111111111111111,UR,0.0,0.5555555555555556,0.0,0.0,11,dr,ur,midline,0,0,0,0,0
8,0,size11_comp0.0_grid0_base_low,11,0.0,low,base,base,5,3,8,6,1,1,1,1,1,1,6,14,0.5714285714285714,0.7857142857142857,0.8571428571428571,0.7142857142857143,5,0,4,5,3,2,4,4,4,4,4,0,0.0,UR,0.863120568566631,0,5,0,2,7,0.0,0.7142857142857143,0.0,0.2857142857142857,0.5,,0.0,0.0,0.0,0.0,0,dr,ur,midline,0,0,0,0,0
9,0,size11_comp0.0_grid0_base_low,11,0.0,low,base,base,5,3,8,6,1,1,1,1,1,0,-1,14,0.0,0.5714285714285714,0.5714285714285714,0.0,5,0,4,5,4,3,3,3,3,3,0,0,0.0,UL,0.9864267287308425,7,1,0,1,5,0.7777777777777778,0.1111111111111111,0.0,0.1111111111111111,0.35714285714285715,,0.0,0.0,0.0,0.0,0,dr,ur,midline,0,0,0,0,0
0,1,size11_comp0.0_grid1_base_low,11,0.0,low,base,base,3,4,7,7,0,1,1,1,0,0,-1,64,0.0,0.109375,0.109375,0.0,46,3,4,11,40,11,9,3,51,2,0,43,0.671875,UR,-0.0,0,61,0,0,3,0.0,1.0,0.0,0.0,0.046875,UR,0.0,0.734375,0.0,0.0,39,midline,dl,midline,0,0,0,0,0
1,1,size11_comp0.0_grid1_base_low,11,0.0,low,base,base,3,4,7,7,0,1,1,1,0,0,-1,64,0.0,0.125,0.125,0.0,45,3,5,11,37,12,7,7,53,6,0,41,0.640625,UR,0.11911602665564835,1,61,0,0,2,0.016129032258064516,0.9838709677419355,0.0,0.0,0.03125,UR,0.0,0.875,0.0,0.0,38,midline,dl,midline,0,0,0,0,0
2,1,size11_comp0.0_grid1_base_low,11,0.0,low,base,base,3,4,7,7,0,1,1,1,0,0,-1,64,0.0,0.125,0.125,0.0,37,1,7,19,28,20,12,3,50,3,0,41,0.640625,UR,0.21639693245126462,2,56,0,0,6,0.034482758620689655,0.9655172413793104,0.0,0.0,0.09375,UR,0.0,0.828125,0.0,0.0,53,midline,dl,midline,0,0,0,0,0
3,1,size11_comp0.0_grid1_base_low,11,0.0,low,base,base,3,4,7,7,0,1,1,1,0,0,-1,64,0.0,0.078125,0.078125,0.0,45,0,5,14,35,13,12,3,56,3,0,47,0.734375,UR,-0.0,0,59,0,0,5,0.0,1.0,0.0,0.0,0.078125,UR,0.0,0.84375,0.0,0.0,41,midline,dl,midline,0,0,0,0,0
4,1,size11_comp0.0_grid1_base_low,11,0.0,low,base,base,3,4,7,7,0,1,1,1,0,0,-1,64,0.0,0.15625,0.15625,0.0,36,2,8,18,29,14,10,10,53,10,0,37,0.578125,UR,-0.0,0,62,0,0,2,0.0,1.0,0.0,0.0,0.03125,UR,0.0,0.84375,0.0,0.0,32,midline,dl,midline,0,0,0,0,0
5,1,size11_comp0.0_grid1_base_low,11,0.0,low,base,base,3,4,7,7,0,1,1,1,0,0,-1,64,0.0,0.171875,0.171875,0.0,39,5,6,14,28,14,13,8,49,4,0,35,0.546875,UR,0.28998604703320907,3,56,0,0,5,0.05084745762711865,0.9491525423728814,0.0,0.0,0.078125,UR,0.0,0.6875,0.0,0.0,27,midline,dl,midline,0,0,0,0,0
6,1,size11_comp0.0_grid1_base_low,11,0.0,low,base,base,3,4,7,7,0,1,1,1,0,0,-1,64,0.0,0.125,0.125,0.0,41,1,7,15,29,17,12,5,53,5,0,41,0.640625,UR,-0.0,0,61,0,0,3,0.0,1.0,0.0,0.0,0.046875,UR,0.0,0.84375,0.0,0.0,54,midline,dl,midline,0,0,0,0,0
7,1,size11_comp0.0_grid1_base_low,11,0.0,low,base,base,3,4,7,7,0,1,1,1,0,0,-1,64,0.0,0.171875,0.171875,0.0,38,4,7,15,27,11,17,8,49,6,0,35,0.546875,UR,-0.0,0,59,0,0,5,0.0,1.0,0.0,0.0,0.078125,UR,0.0,0.671875,0.0,0.0,26,midline,dl,midline,0,0,0,0,0
8,1,size11_comp0.0_grid1_base_low,11,0.0,low,base,base,3,4,7,7,0,1,1,1,0,0,-1,64,0.0,0.109375,0.109375,0.0,45,2,5,12,32,12,15,4,53,3,0,43,0.671875,UR,-0.0,0,63,0,0,1,0.0,1.0,0.0,0.0,0.015625,UR,0.0,0.875,0.0,0.0,56,midline,dl,midline,0,0,0,0,0
9,1,size11_comp0.0_grid1_base_low,11,0.0,low,base,base,3,4,7,7,0,1,1,1,0,0,-1,64,0.0,0.15625,0.15625,0.0,32,3,7,22,24,18,12,9,55,5,0,38,0.59375,UR,-0.0,0,61,0,0,3,0.0,1.0,0.0,0.0,0.046875,UR,0.0,0.921875,0.0,0.0,59,midline,dl,midline,0,0,0,0,0
0,2,size11_comp0.0_grid2_base_low,11,0.0,low,base,base,9,3,12,10,1,1,1,1,1,0,-1,10,0.0,0.8,0.8,0.0,5,0,0,5,4,3,2,0,0,0,0,0,0.0,DL,1.0,0,0,3,3,4,0.0,0.0,0.5,0.5,0.4,,0.0,0.0,0.0,0.0,0,dl,ur,ur,1,0,0,0,0
1,2,size11_comp0.0_grid2_base_low,11,0.0,low,base,base,9,3,12,10,1,1,1,1,1,0,-1,10,0.0,0.8,0.8,0.0,5,0,0,5,4,2,3,0,0,0,0,0,0.0,DL,0.863120568566631,0,2,5,0,3,0.0,0.2857142857142857,0.7142857142857143,0.0,0.3,,0.0,0.0,0.0,0.0,0,dl,ur,ur,1,0,0,0,0
2,2,size11_comp0.0_grid2_base_low,11,0.0,low,base,base,9,3,12,10,1,1,1,1,1,0,-1,10,0.0,0.8,0.8,0.0,5,0,0,5,2,3,4,0,0,0,0,0,0.0,DL,1.2516291673878228,0,1,4,1,4,0.0,0.16666666666666666,0.6666666666666666,0.16666666666666666,0.4,,0.0,0.0,0.0,0.0,0,dl,ur,ur,1,0,0,0,0
3,2,size11_comp0.0_grid2_base_low,11,0.0,low,base,base,9,3,12,10,1,1,1,1,1,0,-1,12,0.0,0.75,0.75,0.0,5,0,1,6,5,2,2,2,2,2,0,0,0.0,DR,1.1567796494470395,0,1,2,7,2,0.0,0.1,0.2,0.7,0.16666666666666666,,0.0,0.0,0.0,0.0,0,dl,ur,ur,0,0,0,0,0
4,2,size11_comp0.0_grid2_base_low,11,0.0,low,base,base,9,3,12,10,1,1,1,1,1,0,-1,14,0.0,0.7142857142857143,0.7142857142857143,0.0,6,1,1,6,3,4,4,2,2,2,0,0,0.0,DR,1.5304930567574826,0,2,3,4,5,0.0,0.2222222222222222,0.3333333333333333,0.4444444444444444,0.35714285714285715,,0.0,0.0,0.0,0.0,0,dl,ur,ur,0,0,0,0,0
5,2,size11_comp0.0_grid2_base_low,11,0.0,low,base,base,9,3,12,10,1,1,1,1,1,0,-1,10,0.0,0.8,0.8,0.0,5,0,0,5,4,2,3,0,0,0,0,0,0.0,DL,1.4488156357251847,0,1,3,3,3,0.0,0.14285714285714285,0.42857142857142855,0.42857142857142855,0.3,,0.0,0.0,0.0,0.0,0,dl,ur,ur,1,0,0,0,0
6,2,size11_comp0.0_grid2_base_low,11,0.0,low,base,base,9,3,12,10,1,1,1,1,1,0,-1,12,0.0,0.75,0.75,0.0,5,0,1,6,4,3,4,0,0,0,0,0,0.0,DL,1.5,0,2,4,2,4,0.0,0.25,0.5,0.25,0.3333333333333333,,0.0,0.0,0.0,0.0,0,dl,ur,ur,1,0,0,0,0
7,2,size11_comp0.0_grid2_base_low,11,0.0,low,base,base,9,3,12,10,1,1,1,1,1,0,-1,10,0.0,0.8,0.8,0.0,5,0,0,5,2,4,3,0,0,0,0,0,0.0,DR,0.9709505944546686,0,0,2,3,5,0.0,0.0,0.4,0.6,0.5,,0.0,0.0,0.0,0.0,0,dl,ur,ur,0,0,0,0,0
8,2,size11_comp0.0_grid2_base_low,11,0.0,low,base,base,9,3,12,10,1,1,1,1,1,0,-1,12,0.0,0.75,0.75,0.0,5,0,1,6,4,4,2,1,1,1,0,0,0.0,DL,0.863120568566631,0,2,5,0,5,0.0,0.2857142857142857,0.7142857142857143,0.0,0.4166666666666667,,0.0,0.0,0.0,0.0,0,dl,ur,ur,1,0,0,0,0
9,2,size11_comp0.0_grid2_base_low,11,0.0,low,base,base,9,3,12,10,1,1,1,1,1,0,-1,10,0.0,0.8,0.8,0.0,5,0,0,5,2,4,3,0,0,0,0,0,0.0,DL,0.9709505944546686,0,0,3,2,5,0.0,0.0,0.6,0.4,0.5,,0.0,0.0,0.0,0.0,0,dl,ur,ur,1,0,0,0,0
0,3,size11_comp0.0_grid3_base_low,11,0.0,low,base,base,8,12,20,10,5,1,1,1,1,0,-1,14,0.0,0.2857142857142857,0.2857142857142857,0.0,8,0,5,1,3,4,6,0,2,0,0,2,0.14285714285714285,DL,0.9957274520849255,6,0,7,0,1,0.46153846153846156,0.0,0.5384615384615384,0.0,0.07142857142857142,UL,0.21428571428571427,0.0,0.0,0.0,3,dl,ul,dr,1,0,0,0,0
1,3,size11_comp0.0_grid3_base_low,11,0.0,low,base,base,8,12,20,10,5,1,1,1,1,0,-1,21,0.0,0.38095238095238093,0.38095238095238093,0.0,9,1,7,4,7,3,4,6,7,5,0,1,0.047619047619047616,DL,0.7424875695421236,4,0,15,0,2,0.21052631578947367,0.0,0.7894736842105263,0.0,0.09523809523809523,UL,0.09523809523809523,0.0,0.0,0.0,2,dl,ul,dr,1,0,0,0,0
2,3,size11_comp0.0_grid3_base_low,11,0.0,low,base,base,8,12,20,10,5,1,1,1,1,0,-1,12,0.0,0.3333333333333333,0.3333333333333333,0.0,8,0,3,1,6,2,3,0,0,0,0,0,0.0,UL,0.9456603046006401,7,0,4,0,1,0.6363636363636364,0.0,0.36363636363636365,0.0,0.08333333333333333,UL,0.16666666666666666,0.0,0.0,0.0,2,dl,ul,dr,0,0,0,0,0
3,3,size11_comp0.0_grid3_base_low,11,0.0,low,base,base,8,12,20,10,5,1,1,1,1,0,-1,11,0.0,0.2727272727272727,0.2727272727272727,0.0,9,0,2,0,9,1,0,0,1,0,0,1,0.09090909090909091,UL,0.9709505944546686,6,0,4,0,1,0.6,0.0,0.4,0.0,0.09090909090909091,,0.0,0.0,0.0,0.0,0,dl,ul,dr,0,0,0,0,0
4,3,size11_comp0.0_grid3_base_low,11,0.0,low,base,base,8,12,20,10,5,1,1,1,1,0,-1,34,0.0,0.35294117647058826,0.35294117647058826,0.0,11,3,14,6,9,10,6,8,17,6,0,6,0.17647058823529413,DL,0.9402859586706311,10,0,18,0,6,0.35714285714285715,0.0,0.6428571428571429,0.0,0.17647058823529413,UL,0.11764705882352941,0.0,0.0,0.0,4,dl,ul,dr,1,0,0,0,0
5,3,size11_comp0.0_grid3_base_low,11,0.0,low,base,base,8,12,20,10,5,1,1,1,1,0,-1,21,0.0,0.3333333333333333,0.3333333333333333,0.0,8,0,9,4,6,4,4,6,8,4,0,3,0.14285714285714285,UL,1.0,10,0,10,0,1,0.5,0.0,0.5,0.0,0.047619047619047616,UL,0.09523809523809523,0.0,0.0,0.0,2,dl,ul,dr,0,0,0,0,0
6,3,size11_comp0.0_grid3_base_low,11,0.0,low,base,base,8,12,20,10,5,1,1,1,1,0,-1,13,0.0,0.3076923076923077,0.3076923076923077,0.0,8,0,4,1,5,3,4,0,1,0,0,1,0.07692307692307693,DL,0.9182958340544896,4,0,8,0,1,0.3333333333333333,0.0,0.6666666666666666,0.0,0.07692307692307693,DL,0.15384615384615385,0.0,0.23076923076923078,0.0,3,dl,ul,dr,1,0,0,0,0
7,3,size11_comp0.0_grid3_base_low,11,0.0,low,base,base,8,12,20,10,5,1,1,1,1,0,-1,10,0.0,0.3,0.3,0.0,8,0,2,0,7,1,1,0,0,0,0,0,0.0,UL,0.9910760598382222,5,0,4,0,1,0.5555555555555556,0.0,0.4444444444444444,0.0,0.1,UL,0.1,0.0,0.0,0.0,1,dl,ul,dr,0,0,0,0,0
8,3,size11_comp0.0_grid3_base_low,11,0.0,low,base,base,8,12,20,10,5,1,1,1,1,0,-1,14,0.0,0.35714285714285715,0.35714285714285715,0.0,9,1,3,1,7,2,2,2,2,2,0,0,0.0,DL,0.7793498372920851,3,0,10,0,1,0.23076923076923078,0.0,0.7692307692307693,0.0,0.07142857142857142,UL,0.07142857142857142,0.0,0.0,0.0,1,dl,ul,dr,1,0,0,0,0
9,3,size11_comp0.0_grid3_base_low,11,0.0,low,base,base,8,12,20,10,5,1,1,1,1,0,-1,19,0.0,0.2631578947368421,0.2631578947368421,0.0,8,0,9,2,9,5,3,1,6,0,0,5,0.2631578947368421,DL,0.7871265862012691,4,0,13,0,2,0.23529411764705882,0.0,0.7647058823529411,0.0,0.10526315789473684,UL,0.05263157894736842,0.0,0.0,0.0,1,dl,ul,dr,1,0,0,0,0
0,4,size11_comp0.0_grid4_base_low,11,0.0,low,base,base,11,7,18,4,7,1,1,1,1,0,-1,4,0.0,1.0,1.0,0.0,0,0,4,0,3,0,0,0,0,0,0,0,0.0,DR,-0.0,0,0,0,4,0,0.0,0.0,0.0,1.0,0.0,DR,0.0,0.0,0.0,0.5,2,dr,midline,dl,1,0,0,0,0
1,4,size11_comp0.0_grid4_base_low,11,0.0,low,base,base,11,7,18,4,7,1,1,1,1,0,-1,12,0.0,0.6666666666666666,0.6666666666666666,0.0,3,3,5,1,3,2,3,3,4,3,0,0,0.0,DR,-0.0,0,0,0,12,0,0.0,0.0,0.0,1.0,0.0,DR,0.0,0.0,0.0,0.3333333333333333,2,dr,midline,dl,1,0,0,0,0
2,4,size11_comp0.0_grid4_base_low,11,0.0,low,base,base,11,7,18,4,7,1,1,1,0,0,-1,64,0.0,0.28125,0.28125,0.0,19,11,4,30,27,14,12,10,48,10,0,26,0.40625,UR,0.7706290693639405,0,48,0,14,2,0.0,0.7741935483870968,0.0,0.22580645161290322,0.03125,UR,0.0,0.25,0.0,0.046875,7,dr,midline,dl,0,0,0,0,0
3,4,size11_comp0.0_grid4_base_low,11,0.0,low,base,base,11,7,18,4,7,1,1,1,1,0,-1,4,0.0,1.0,1.0,0.0,0,0,4,0,3,0,0,0,0,0,0,0,0.0,DR,-0.0,0,0,0,4,0,0.0,0.0,0.0,1.0,0.0,DR,0.0,0.0,0.0,0.5,2,dr,midline,dl,1,0,0,0,0
4,4,size11_comp0.0_grid4_base_low,11,0.0,low,base,base,11,7,18,4,7,1,1,1,0,0,-1,64,0.0,0.421875,0.421875,0.0,15,12,12,25,17,21,10,15,46,12,0,13,0.203125,UR,0.996316519558962,0,30,0,26,8,0.0,0.5357142857142857,0.0,0.4642857142857143,0.125,UR,0.0,0.171875,0.0,0.0625,7,dr,midline,dl,0,0,0,0,0
5,4,size11_comp0.0_grid4_base_low,11,0.0,low,base,base,11,7,18,4,7,1,1,1,0,0,-1,64,0.0,0.15625,0.15625,0.0,15,4,3,42,38,11,11,3,51,3,0,42,0.65625,UR,0.7344461802527669,0,50,0,13,1,0.0,0.7936507936507936,0.0,0.20634920634920634,0.015625,UR,0.0,0.625,0.0,0.0625,22,dr,midline,dl,0,0,0,0,0
6,4,size11_comp0.0_grid4_base_low,11,0.0,low,base,base,11,7,18,4,7,1,1,1,0,0,-1,64,0.0,0.25,0.25,0.0,14,7,6,37,28,13,17,5,48,4,0,35,0.546875,UR,0.6292492238560345,0,48,0,9,7,0.0,0.8421052631578947,0.0,0.15789473684210525,0.109375,UR,0.0,0.421875,0.0,0.03125,27,dr,midline,dl,0,0,0,0,0
7,4,size11_comp0.0_grid4_base_low,11,0.0,low,base,base,11,7,18,4,7,1,1,1,0,0,-1,64,0.0,0.234375,0.234375,0.0,17,7,5,35,26,13,14,10,50,8,0,32,0.5,UR,0.8179252501386403,0,44,0,15,5,0.0,0.7457627118644068,0.0,0.2542372881355932,0.078125,UR,0.0,0.171875,0.0,0.03125,9,dr,midline,dl,0,0,0,0,0
8,4,size11_comp0.0_grid4_base_low,11,0.0,low,base,base,11,7,18,4,7,1,1,1,0,0,-1,64,0.0,0.109375,0.109375,0.0,19,1,3,41,30,14,15,4,52,2,0,48,0.75,UR,0.4537163391869448,0,57,0,6,1,0.0,0.9047619047619048,0.0,0.09523809523809523,0.015625,UR,0.0,0.8125,0.0,0.03125,52,dr,midline,dl,0,0,0,0,0
9,4,size11_comp0.0_grid4_base_low,11,0.0,low,base,base,11,7,18,4,7,1,1,1,0,0,-1,64,0.0,0.328125,0.328125,0.0,18,12,6,28,23,13,12,15,53,15,0,22,0.34375,DR,0.9842399889605549,0,26,0,35,3,0.0,0.4262295081967213,0.0,0.5737704918032787,0.046875,UR,0.0,0.078125,0.0,0.0625,3,dr,midline,dl,1,0,0,0,0
0,5,size11_comp0.0_grid5_base_low,11,0.0,low,base,base,4,3,7,7,0,1,1,1,0,0,-1,64,0.0,0.1875,0.1875,0.0,19,6,4,35,28,16,10,9,56,5,0,40,0.625,UR,-0.0,0,64,0,0,0,0.0,1.0,0.0,0.0,0.0,UR,0.0,0.84375,0.0,0.0,37,ur,dr,midline,1,0,0,0,0
1,5,size11_comp0.0_grid5_base_low,11,0.0,low,base,base,4,3,7,7,0,1,1,1,0,0,-1,64,0.0,0.21875,0.21875,0.0,24,8,4,28,22,21,12,8,54,6,0,35,0.546875,UR,-0.0,0,64,0,0,0,0.0,1.0,0.0,0.0,0.0,UR,0.0,0.765625,0.0,0.0,24,ur,dr,midline,1,0,0,0,0
2,5,size11_comp0.0_grid5_base_low,11,0.0,low,base,base,4,3,7,7,0,1,1,1,0,0,-1,64,0.0,0.125,0.125,0.0,26,4,2,32,30,15,12,6,55,3,0,48,0.75,UR,-0.0,0,64,0,0,0,0.0,1.0,0.0,0.0,0.0,UR,0.0,0.890625,0.0,0.0,57,ur,dr,midline,1,0,0,0,0
3,5,size11_comp0.0_grid5_base_low,11,0.0,low,base,base,4,3,7,7,0,1,1,1,0,1,3,64,0.0,0.1875,1.0,0.13333333333333333,10,8,2,44,38,13,6,6,53,3,0,42,0.65625,UR,-0.0,0,60,0,0,4,0.0,1.0,0.0,0.0,0.0625,UR,0.0,0.3125,0.0,0.0,17,ur,dr,midline,1,0,0,0,0
4,5,size11_comp0.0_grid5_base_low,11,0.0,low,base,base,4,3,7,7,0,1,1,1,0,1,3,64,0.0,0.1875,1.0,0.13333333333333333,13,8,2,41,25,20,13,5,53,3,0,40,0.625,UR,-0.0,0,58,0,0,6,0.0,1.0,0.0,0.0,0.09375,UR,0.0,0.59375,0.0,0.0,31,ur,dr,midline,1,0,0,0,0
5,5,size11_comp0.0_grid5_base_low,11,0.0,low,base,base,4,3,7,7,0,1,1,1,0,0,-1,64,0.0,0.15625,0.15625,0.0,24,6,2,32,25,15,16,7,53,4,0,43,0.671875,UR,-0.0,0,63,0,0,1,0.0,1.0,0.0,0.0,0.015625,UR,0.0,0.734375,0.0,0.0,47,ur,dr,midline,1,0,0,0,0
6,5,size11_comp0.0_grid5_base_low,11,0.0,low,base,base,4,3,7,7,0,1,1,1,0,1,13,64,0.0,0.15625,0.5,0.06,10,7,1,46,39,13,10,1,50,0,0,44,0.6875,UR,0.21084230031853213,0,58,0,2,4,0.0,0.9666666666666667,0.0,0.03333333333333333,0.0625,UR,0.0,0.6875,0.0,0.0,41,ur,dr,midline,1,0,0,0,0
7,5,size11_comp0.0_grid5_base_low,11,0.0,low,base,base,4,3,7,7,0,1,1,1,0,0,-1,64,0.0,0.140625,0.140625,0.0,20,2,5,37,31,17,9,6,54,5,0,45,0.703125,UR,-0.0,0,64,0,0,0,0.0,1.0,0.0,0.0,0.0,UR,0.0,0.828125,0.0,0.0,41,ur,dr,midline,1,0,0,0,0
8,5,size11_comp0.0_grid5_base_low,11,0.0,low,base,base,4,3,7,7,0,1,1,1,0,0,-1,64,0.0,0.171875,0.171875,0.0,14,6,3,41,28,17,12,6,54,5,0,41,0.640625,UR,-0.0,0,64,0,0,0,0.0,1.0,0.0,0.0,0.0,UR,0.0,0.828125,0.0,0.0,52,ur,dr,midline,1,0,0,0,0
9,5,size11_comp0.0_grid5_base_low,11,0.0,low,base,base,4,3,7,7,0,1,1,1,0,0,-1,64,0.0,0.15625,0.15625,0.0,22,6,2,34,31,11,15,6,56,3,0,43,0.671875,UR,-0.0,0,64,0,0,0,0.0,1.0,0.0,0.0,0.0,UR,0.0,0.90625,0.0,0.0,47,ur,dr,midline,1,0,0,0,0
0,6,size11_comp0.0_grid6_base_low,11,0.0,low,base,base,6,3,9,3,3,1,1,1,0,0,-1,64,0.0,0.078125,0.078125,0.0,46,1,4,13,37,11,10,5,56,4,0,48,0.75,UR,-0.0,0,62,0,0,2,0.0,1.0,0.0,0.0,0.03125,UR,0.0,0.90625,0.0,0.0,58,midline,midline,dl,0,0,0,0,0
1,6,size11_comp0.0_grid6_base_low,11,0.0,low,base,base,6,3,9,3,3,1,1,1,0,0,-1,64,0.0,0.109375,0.109375,0.0,43,2,5,14,32,15,10,6,55,6,0,44,0.6875,UR,-0.0,0,62,0,0,2,0.0,1.0,0.0,0.0,0.03125,UR,0.0,0.84375,0.0,0.0,52,midline,midline,dl,0,0,0,0,0
2,6,size11_comp0.0_grid6_base_low,11,0.0,low,base,base,6,3,9,3,3,1,1,1,0,0,-1,64,0.0,0.078125,0.078125,0.0,50,2,3,9,43,9,8,3,54,1,0,49,0.765625,UR,-0.0,0,63,0,0,1,0.0,1.0,0.0,0.0,0.015625,UR,0.0,0.875,0.0,0.0,56,midline,midline,dl,0,0,0,0,0
3,6,size11_comp0.0_grid6_base_low,11,0.0,low,base,base,6,3,9,3,3,1,1,1,0,0,-1,64,0.0,0.09375,0.09375,0.0,48,2,4,10,36,13,11,3,55,2,0,47,0.734375,UR,-0.0,0,62,0,0,2,0.0,1.0,0.0,0.0,0.03125,UR,0.0,0.90625,0.0,0.0,58,midline,midline,dl,0,0,0,0,0
4,6,size11_comp0.0_grid6_base_low,11,0.0,low,base,base,6,3,9,3,3,1,1,1,0,0,-1,64,0.0,0.15625,0.15625,0.0,41,1,9,13,36,8,8,11,53,11,0,38,0.59375,UR,0.29367630985136955,3,55,0,0,6,0.05172413793103448,0.9482758620689655,0.0,0.0,0.09375,UR,0.0,0.765625,0.0,0.0,33,midline,midline,dl,0,0,0,0,0
5,6,size11_comp0.0_grid6_base_low,11,0.0,low,base,base,6,3,9,3,3,1,1,1,0,0,-1,64,0.0,0.234375,0.234375,0.0,33,5,10,16,26,19,8,10,52,9,0,28,0.4375,UR,0.23868451135100135,2,49,0,0,13,0.0392156862745098,0.9607843137254902,0.0,0.0,0.203125,UR,0.0,0.53125,0.0,0.0,18,midline,midline,dl,0,0,0,0,0
6,6,size11_comp0.0_grid6_base_low,11,0.0,low,base,base,6,3,9,3,3,1,1,1,0,0,-1,64,0.0,0.171875,0.171875,0.0,36,2,9,17,21,19,12,11,55,8,0,36,0.5625,UR,-0.0,0,62,0,0,2,0.0,1.0,0.0,0.0,0.03125,UR,0.0,0.46875,0.0,0.0,28,midline,midline,dl,0,0,0,0,0
7,6,size11_comp0.0_grid6_base_low,11,0.0,low,base,base,6,3,9,3,3,1,1,1,0,0,-1,64,0.0,0.0,0.0,0.0,56,0,0,8,50,7,6,0,57,0,0,58,0.90625,UR,-0.0,0,63,0,0,1,0.0,1.0,0.0,0.0,0.015625,UR,0.0,0.828125,0.0,0.0,53,midline,midline,dl,0,0,0,0,0
8,6,size11_comp0.0_grid6_base_low,11,0.0,low,base,base,6,3,9,3,3,1,1,1,1,0,-1,5,0.0,0.8,0.8,0.0,0,2,2,1,1,1,2,0,0,0,0,0,0.0,UR,-0.0,0,1,0,0,4,0.0,1.0,0.0,0.0,0.8,,0.0,0.0,0.0,0.0,0,midline,midline,dl,0,0,0,0,0
9,6,size11_comp0.0_grid6_base_low,11,0.0,low,base,base,6,3,9,3,3,1,1,1,0,0,-1,64,0.0,0.046875,0.046875,0.0,52,2,1,9,44,8,7,4,56,2,0,52,0.8125,UR,-0.0,0,63,0,0,1,0.0,1.0,0.0,0.0,0.015625,UR,0.0,0.9375,0.0,0.0,60,midline,midline,dl,0,0,0,0,0
0,7,size11_comp0.0_grid7_base_low,11,0.0,low,base,base,3,12,15,15,0,1,1,1,0,0,-1,64,0.0,0.140625,0.140625,0.0,1,7,5,51,41,7,4,11,49,9,0,39,0.609375,DR,0.9123163027543336,8,2,0,36,18,0.17391304347826086,0.043478260869565216,0.0,0.782608695652174,0.28125,UL,0.03125,0.0,0.0,0.0,2,ul,dr,ul,0,0,0,0,0
1,7,size11_comp0.0_grid7_base_low,11,0.0,low,base,base,3,12,15,15,0,1,1,1,1,0,-1,52,0.0,0.11538461538461539,0.11538461538461539,0.0,1,9,2,40,37,5,6,3,34,2,0,31,0.5961538461538461,DR,0.5665095065529053,6,0,0,39,7,0.13333333333333333,0.0,0.0,0.8666666666666667,0.1346153846153846,UL,0.057692307692307696,0.0,0.0,0.057692307692307696,3,ul,dr,ul,0,0,0,0,0
2,7,size11_comp0.0_grid7_base_low,11,0.0,low,base,base,3,12,15,15,0,1,1,1,0,1,2,64,0.0,0.203125,1.0,0.16393442622950818,1,6,0,57,54,5,4,0,50,0,0,50,0.78125,DR,1.4108269483726474,6,20,0,23,15,0.12244897959183673,0.40816326530612246,0.0,0.46938775510204084,0.234375,UL,0.03125,0.0,0.0,0.0,2,ul,dr,ul,0,0,0,0,0
3,7,size11_comp0.0_grid7_base_low,11,0.0,low,base,base,3,12,15,15,0,1,1,1,0,0,-1,64,0.0,0.265625,0.265625,0.0,1,9,13,41,28,6,7,22,47,19,0,22,0.34375,DR,1.2412354723433199,3,10,0,22,29,0.08571428571428572,0.2857142857142857,0.0,0.6285714285714286,0.453125,DR,0.015625,0.0,0.0,0.03125,2,ul,dr,ul,0,0,0,0,0
4,7,size11_comp0.0_grid7_base_low,11,0.0,low,base,base,3,12,15,15,0,1,1,1,1,0,-1,19,0.0,0.2631578947368421,0.2631578947368421,0.0,0,8,2,9,9,4,2,3,3,3,0,0,0.0,DR,1.4772170014624826,5,0,3,8,3,0.3125,0.0,0.1875,0.5,0.15789473684210525,DR,0.05263157894736842,0.0,0.0,0.3157894736842105,6,ul,dr,ul,0,0,0,0,0
5,7,size11_comp0.0_grid7_base_low,11,0.0,low,base,base,3,12,15,15,0,1,1,1,0,0,-1,64,0.0,0.0625,0.0625,0.0,0,7,1,56,55,3,5,0,49,0,0,49,0.765625,DR,0.6271502454482835,3,4,0,54,3,0.04918032786885246,0.06557377049180328,0.0,0.8852459016393442,0.046875,UL,0.015625,0.0,0.0,0.015625,1,ul,dr,ul,0,0,0,0,0
6,7,size11_comp0.0_grid7_base_low,11,0.0,low,base,base,3,12,15,15,0,1,1,1,1,0,-1,45,0.0,0.28888888888888886,0.28888888888888886,0.0,0,8,10,27,17,5,4,18,28,16,0,10,0.2222222222222222,DR,0.8440628803439406,6,2,0,35,2,0.13953488372093023,0.046511627906976744,0.0,0.813953488372093,0.044444444444444446,DR,0.044444444444444446,0.0,0.0,0.5111111111111111,23,ul,dr,ul,0,0,0,0,0
7,7,size11_comp0.0_grid7_base_low,11,0.0,low,base,base,3,12,15,15,0,1,1,1,0,0,-1,64,0.0,0.09375,0.09375,0.0,1,7,2,54,50,4,6,3,48,3,0,45,0.703125,DR,0.5754130967065008,6,1,0,55,2,0.0967741935483871,0.016129032258064516,0.0,0.8870967741935484,0.03125,DR,0.015625,0.0,0.0,0.078125,5,ul,dr,ul,0,0,0,0,0
8,7,size11_comp0.0_grid7_base_low,11,0.0,low,base,base,3,12,15,15,0,1,1,1,1,0,-1,15,0.0,0.2,0.2,0.0,0,8,0,7,5,5,4,0,0,0,0,0,0.0,UL,1.360964047443681,5,0,1,4,5,0.5,0.0,0.1,0.4,0.3333333333333333,UL,0.13333333333333333,0.0,0.0,0.06666666666666667,2,ul,dr,ul,1,1,0,0,0
9,7,size11_comp0.0_grid7_base_low,11,0.0,low,base,base,3,12,15,15,0,1,1,1,1,0,-1,31,0.0,0.16129032258064516,0.16129032258064516,0.0,0,8,2,21,19,5,4,2,14,2,0,12,0.3870967741935484,DR,0.7642045065086203,6,0,0,21,4,0.2222222222222222,0.0,0.0,0.7777777777777778,0.12903225806451613,DR,0.06451612903225806,0.0,0.0,0.16129032258064516,5,ul,dr,ul,0,0,0,0,0
0,8,size11_comp0.0_grid8_base_low,11,0.0,low,base,base,12,9,21,3,9,1,1,1,0,0,-1,64,0.0,0.1875,0.1875,0.0,39,3,9,12,30,19,7,5,57,3,0,37,0.578125,UR,-0.0,0,64,0,0,0,0.0,1.0,0.0,0.0,0.0,UR,0.0,0.65625,0.0,0.0,21,ur,midline,dl,1,0,0,0,0
1,8,size11_comp0.0_grid8_base_low,11,0.0,low,base,base,12,9,21,3,9,1,1,1,0,0,-1,64,0.0,0.21875,0.21875,0.0,37,1,13,13,32,19,6,6,55,6,0,36,0.5625,UR,-0.0,0,62,0,0,2,0.0,1.0,0.0,0.0,0.03125,UR,0.0,0.5,0.0,0.0,12,ur,midline,dl,1,0,0,0,0
2,8,size11_comp0.0_grid8_base_low,11,0.0,low,base,base,12,9,21,3,9,1,1,1,0,0,-1,64,0.0,0.203125,0.203125,0.0,37,1,12,14,28,15,14,6,60,5,0,36,0.5625,UR,-0.0,0,64,0,0,0,0.0,1.0,0.0,0.0,0.0,UR,0.0,0.40625,0.0,0.0,5,ur,midline,dl,1,0,0,0,0
3,8,size11_comp0.0_grid8_base_low,11,0.0,low,base,base,12,9,21,3,9,1,1,1,0,0,-1,64,0.0,0.171875,0.171875,0.0,41,1,10,12,29,19,11,4,58,4,0,40,0.625,UR,-0.0,0,64,0,0,0,0.0,1.0,0.0,0.0,0.0,UR,0.0,0.609375,0.0,0.0,20,ur,midline,dl,1,0,0,0,0
4,8,size11_comp0.0_grid8_base_low,11,0.0,low,base,base,12,9,21,3,9,1,1,1,0,0,-1,64,0.0,0.203125,0.203125,0.0,36,1,12,15,29,15,12,7,55,7,0,35,0.546875,UR,-0.0,0,63,0,0,1,0.0,1.0,0.0,0.0,0.015625,UR,0.0,0.28125,0.0,0.0,6,ur,midline,dl,1,0,0,0,0
5,8,size11_comp0.0_grid8_base_low,11,0.0,low,base,base,12,9,21,3,9,1,1,1,0,0,-1,64,0.0,0.15625,0.15625,0.0,45,3,7,9,37,15,5,6,58,4,0,42,0.65625,UR,-0.0,0,64,0,0,0,0.0,1.0,0.0,0.0,0.0,UR,0.0,0.609375,0.0,0.0,10,ur,midline,dl,1,0,0,0,0
6,8,size11_comp0.0_grid8_base_low,11,0.0,low,base,base,12,9,21,3,9,1,1,1,0,0,-1,64,0.0,0.203125,0.203125,0.0,40,3,10,11,25,15,15,8,56,5,0,37,0.578125,UR,-0.0,0,64,0,0,0,0.0,1.0,0.0,0.0,0.0,UR,0.0,0.28125,0.0,0.0,14,ur,midline,dl,1,0,0,0,0
7,8,size11_comp0.0_grid8_base_low,11,0.0,low,base,base,12,9,21,3,9,1,1,1,0,0,-1,64,0.0,0.15625,0.15625,0.0,43,1,9,11,34,13,8,8,58,7,0,42,0.65625,UR,-0.0,0,64,0,0,0,0.0,1.0,0.0,0.0,0.0,UR,0.0,0.625,0.0,0.0,15,ur,midline,dl,1,0,0,0,0
8,8,size11_comp0.0_grid8_base_low,11,0.0,low,base,base,12,9,21,3,9,1,1,1,0,0,-1,64,0.0,0.21875,0.21875,0.0,39,4,10,11,36,14,7,6,56,5,0,36,0.5625,UR,-0.0,0,63,0,0,1,0.0,1.0,0.0,0.0,0.015625,UR,0.0,0.609375,0.0,0.0,25,ur,midline,dl,1,0,0,0,0
9,8,size11_comp0.0_grid8_base_low,11,0.0,low,base,base,12,9,21,3,9,1,1,1,0,0,-1,64,0.0,0.21875,0.21875,0.0,36,2,12,14,19,23,14,7,58,6,0,34,0.53125,UR,-0.0,0,64,0,0,0,0.0,1.0,0.0,0.0,0.0,UR,0.0,0.484375,0.0,0.0,10,ur,midline,dl,1,0,0,0,0
0,9,size11_comp0.0_grid9_base_low,11,0.0,low,base,base,6,3,9,3,3,1,1,1,0,0,-1,64,0.0,0.1875,0.1875,0.0,34,3,5,22,31,12,8,12,54,8,0,41,0.640625,UR,0.2761954276479391,0,60,0,3,1,0.0,0.9523809523809523,0.0,0.047619047619047616,0.015625,UR,0.0,0.90625,0.0,0.015625,58,dr,dr,ur,0,1,0,0,0
1,9,size11_comp0.0_grid9_base_low,11,0.0,low,base,base,6,3,9,3,3,1,1,1,0,0,-1,64,0.0,0.203125,0.203125,0.0,44,3,6,11,32,13,8,10,53,7,0,40,0.625,UR,0.2761954276479391,0,60,0,3,1,0.0,0.9523809523809523,0.0,0.047619047619047616,0.015625,UR,0.0,0.890625,0.0,0.015625,57,dr,dr,ur,0,1,0,0,0
2,9,size11_comp0.0_grid9_base_low,11,0.0,low,base,base,6,3,9,3,3,1,1,1,1,0,-1,3,0.0,1.0,1.0,0.0,1,0,2,0,0,1,1,0,0,0,0,0,0.0,DR,-0.0,0,0,0,3,0,0.0,0.0,0.0,1.0,0.0,DR,0.0,0.0,0.0,0.6666666666666666,2,dr,dr,ur,1,0,0,0,0
3,9,size11_comp0.0_grid9_base_low,11,0.0,low,base,base,6,3,9,3,3,1,1,1,0,1,6,64,0.0,0.203125,0.8571428571428571,0.12280701754385964,41,0,9,14,35,14,6,8,51,7,1,39,0.609375,UR,0.27950554563667995,0,59,0,3,2,0.0,0.9516129032258065,0.0,0.04838709677419355,0.03125,UR,0.0,0.796875,0.0,0.015625,30,dr,dr,ur,0,1,0,0,0
4,9,size11_comp0.0_grid9_base_low,11,0.0,low,base,base,6,3,9,3,3,1,1,1,0,0,-1,64,0.0,0.1875,0.1875,0.0,39,2,6,17,33,14,10,6,53,4,0,42,0.65625,UR,0.3999380474390277,0,58,0,5,1,0.0,0.9206349206349206,0.0,0.07936507936507936,0.015625,UR,0.0,0.859375,0.0,0.015625,55,dr,dr,ur,0,1,0,0,0
5,9,size11_comp0.0_grid9_base_low,11,0.0,low,base,base,6,3,9,3,3,1,1,1,0,1,5,64,0.0,0.25,1.0,0.1724137931034483,37,3,9,15,34,15,6,8,50,7,1,34,0.53125,UR,0.28639695711595625,0,57,0,3,4,0.0,0.95,0.0,0.05,0.0625,UR,0.0,0.765625,0.0,0.015625,36,dr,dr,ur,0,1,0,0,0
6,9,size11_comp0.0_grid9_base_low,11,0.0,low,base,base,6,3,9,3,3,1,1,1,1,0,-1,5,0.0,0.8,0.8,0.0,2,1,2,0,2,2,0,0,0,0,0,0,0.0,DR,-0.0,0,0,0,5,0,0.0,0.0,0.0,1.0,0.0,DR,0.0,0.0,0.0,0.2,1,dr,dr,ur,1,0,0,0,0
7,9,size11_comp0.0_grid9_base_low,11,0.0,low,base,base,6,3,9,3,3,1,1,1,0,0,-1,64,0.0,0.1875,0.1875,0.0,32,2,6,24,23,20,12,8,53,6,0,41,0.640625,UR,0.2761954276479391,0,60,0,3,1,0.0,0.9523809523809523,0.0,0.047619047619047616,0.015625,UR,0.0,0.875,0.0,0.015625,56,dr,dr,ur,0,1,0,0,0
8,9,size11_comp0.0_grid9_base_low,11,0.0,low,base,base,6,3,9,3,3,1,1,1,0,1,5,64,0.0,0.171875,1.0,0.08620689655172414,42,1,6,15,39,14,6,4,49,4,1,43,0.671875,UR,0.27950554563667995,0,59,0,3,2,0.0,0.9516129032258065,0.0,0.04838709677419355,0.03125,UR,0.0,0.78125,0.0,0.015625,44,dr,dr,ur,0,1,0,0,0
9,9,size11_comp0.0_grid9_base_low,11,0.0,low,base,base,6,3,9,3,3,1,1,1,0,0,-1,64,0.0,0.1875,0.1875,0.0,40,1,7,16,27,20,8,8,54,8,0,41,0.640625,UR,0.3999380474390277,0,58,0,5,1,0.0,0.9206349206349206,0.0,0.07936507936507936,0.015625,UR,0.0,0.875,0.0,0.015625,56,dr,dr,ur,0,1,0,0,0
0,0,size11_comp0.2_grid0_base_low,11,0.2,low,base,base,4,14,18,10,4,1,1,1,0,0,-1,64,0.0,0.265625,0.265625,0.0,38,6,9,11,26,20,10,7,54,5,0,32,0.5,UR,-0.0,0,59,0,0,5,0.0,1.0,0.0,0.0,0.078125,UR,0.0,0.125,0.0,0.0,2,midline,dl,ur,0,1,0,0,0
1,0,size11_comp0.2_grid0_base_low,11,0.2,low,base,base,4,14,18,10,4,1,1,1,0,0,-1,64,0.0,0.328125,0.328125,0.0,28,9,12,15,21,19,11,12,53,8,0,24,0.375,UR,0.8698926856041562,16,39,0,0,9,0.2909090909090909,0.7090909090909091,0.0,0.0,0.140625,UR,0.0,0.046875,0.0,0.0,2,midline,dl,ur,0,1,0,0,0
2,0,size11_comp0.2_grid0_base_low,11,0.2,low,base,base,4,14,18,10,4,1,1,1,0,0,-1,64,0.0,0.296875,0.296875,0.0,30,7,14,13,16,23,13,11,53,8,0,25,0.390625,UR,0.5916727785823275,7,42,0,0,15,0.14285714285714285,0.8571428571428571,0.0,0.0,0.234375,UR,0.0,0.078125,0.0,0.0,3,midline,dl,ur,0,1,0,0,0
3,0,size11_comp0.2_grid0_base_low,11,0.2,low,base,base,4,14,18,10,4,1,1,1,0,0,-1,64,0.0,0.296875,0.296875,0.0,32,5,13,14,19,18,15,11,56,9,0,27,0.421875,UR,-0.0,0,58,0,0,6,0.0,1.0,0.0,0.0,0.09375,UR,0.0,0.078125,0.0,0.0,4,midline,dl,ur,0,1,0,0,0
4,0,size11_comp0.2_grid0_base_low,11,0.2,low,base,base,4,14,18,10,4,1,1,1,0,0,-1,64,0.0,0.296875,0.296875,0.0,30,8,12,14,17,20,16,10,55,6,0,29,0.453125,UR,0.7793498372920851,12,40,0,0,12,0.23076923076923078,0.7692307692307693,0.0,0.0,0.1875,,0.0,0.0,0.0,0.0,0,midline,dl,ur,0,1,0,0,0
5,0,size11_comp0.2_grid0_base_low,11,0.2,low,base,base,4,14,18,10,4,1,1,1,0,0,-1,64,0.0,0.265625,0.265625,0.0,38,8,9,9,23,16,13,11,54,7,0,30,0.46875,UR,-0.0,0,57,0,0,7,0.0,1.0,0.0,0.0,0.109375,UR,0.0,0.15625,0.0,0.0,7,midline,dl,ur,0,1,0,0,0
6,0,size11_comp0.2_grid0_base_low,11,0.2,low,base,base,4,14,18,10,4,1,1,1,0,0,-1,64,0.0,0.359375,0.359375,0.0,21,11,16,16,19,16,14,14,54,11,0,19,0.296875,UR,0.6722948170756379,9,42,0,0,13,0.17647058823529413,0.8235294117647058,0.0,0.0,0.203125,UR,0.0,0.03125,0.0,0.0,1,midline,dl,ur,0,1,0,0,0
7,0,size11_comp0.2_grid0_base_low,11,0.2,low,base,base,4,14,18,10,4,1,1,1,0,0,-1,64,0.0,0.28125,0.28125,0.0,32,8,13,11,15,14,21,13,57,9,0,27,0.421875,UR,-0.0,0,40,0,0,24,0.0,1.0,0.0,0.0,0.375,UR,0.0,0.046875,0.0,0.0,2,midline,dl,ur,0,1,0,0,0
8,0,size11_comp0.2_grid0_base_low,11,0.2,low,base,base,4,14,18,10,4,1,1,1,0,0,-1,64,0.0,0.375,0.375,0.0,26,11,13,14,13,19,9,22,54,19,0,17,0.265625,UR,0.9649567669505685,16,25,0,0,23,0.3902439024390244,0.6097560975609756,0.0,0.0,0.359375,,0.0,0.0,0.0,0.0,0,midline,dl,ur,0,1,0,0,0
9,0,size11_comp0.2_grid0_base_low,11,0.2,low,base,base,4,14,18,10,4,1,1,1,0,0,-1,64,0.0,0.328125,0.328125,0.0,27,9,14,14,19,14,13,17,52,11,0,23,0.359375,UR,0.5509844433017146,6,41,0,0,17,0.1276595744680851,0.8723404255319149,0.0,0.0,0.265625,UR,0.0,0.015625,0.0,0.0,1,midline,dl,ur,0,1,0,0,0
0,1,size11_comp0.2_grid1_base_low,11,0.2,low,base,base,6,3,9,9,0,1,1,1,1,0,-1,13,0.0,0.5384615384615384,0.5384615384615384,0.0,2,6,0,5,4,3,3,2,4,2,0,2,0.15384615384615385,UL,1.0,2,0,0,2,9,0.5,0.0,0.0,0.5,0.6923076923076923,,0.0,0.0,0.0,0.0,0,ul,dr,midline,1,0,0,0,0
1,1,size11_comp0.2_grid1_base_low,11,0.2,low,base,base,6,3,9,9,0,1,1,1,0,1,11,64,0.0,0.296875,0.5833333333333334,0.23076923076923078,22,10,9,23,30,20,11,2,40,1,0,26,0.40625,UR,1.2304244196889744,6,38,2,6,12,0.11538461538461539,0.7307692307692307,0.038461538461538464,0.11538461538461539,0.1875,UR,0.0,0.390625,0.0,0.0,14,ul,dr,midline,0,0,0,0,0
2,1,size11_comp0.2_grid1_base_low,11,0.2,low,base,base,6,3,9,9,0,1,1,1,0,0,-1,64,0.0,0.25,0.25,0.0,35,10,3,16,33,10,8,12,45,10,0,29,0.453125,UR,0.4586858162005403,6,56,0,0,2,0.0967741935483871,0.9032258064516129,0.0,0.0,0.03125,UR,0.0,0.53125,0.0,0.0,24,ul,dr,midline,0,0,0,0,0
3,1,size11_comp0.2_grid1_base_low,11,0.2,low,base,base,6,3,9,9,0,1,1,1,1,0,-1,31,0.0,0.45161290322580644,0.45161290322580644,0.0,9,10,3,9,8,7,8,7,13,5,0,6,0.1935483870967742,DR,1.583143101527774,9,9,0,10,3,0.32142857142857145,0.32142857142857145,0.0,0.35714285714285715,0.0967741935483871,,0.0,0.0,0.0,0.0,0,ul,dr,midline,0,0,0,0,0
4,1,size11_comp0.2_grid1_base_low,11,0.2,low,base,base,6,3,9,9,0,1,1,1,0,0,-1,64,0.0,0.21875,0.21875,0.0,31,8,3,22,30,11,13,9,43,7,0,32,0.5,UR,1.2631625778267095,6,35,1,8,14,0.12,0.7,0.02,0.16,0.21875,UR,0.0,0.484375,0.0,0.0,31,ul,dr,midline,0,0,0,0,0
5,1,size11_comp0.2_grid1_base_low,11,0.2,low,base,base,6,3,9,9,0,1,1,1,1,0,-1,36,0.0,0.4444444444444444,0.4444444444444444,0.0,8,9,5,14,9,7,12,7,22,6,0,7,0.19444444444444445,UL,1.5722451785579226,11,0,8,9,8,0.39285714285714285,0.0,0.2857142857142857,0.32142857142857145,0.2222222222222222,,0.0,0.0,0.0,0.0,0,ul,dr,midline,1,0,0,0,0
6,1,size11_comp0.2_grid1_base_low,11,0.2,low,base,base,6,3,9,9,0,1,1,1,1,0,-1,30,0.0,0.4666666666666667,0.4666666666666667,0.0,8,7,5,10,7,5,6,11,18,10,0,5,0.16666666666666666,DR,1.3814608545340696,4,0,5,13,8,0.18181818181818182,0.0,0.22727272727272727,0.5909090909090909,0.26666666666666666,,0.0,0.0,0.0,0.0,0,ul,dr,midline,0,0,0,0,0
7,1,size11_comp0.2_grid1_base_low,11,0.2,low,base,base,6,3,9,9,0,1,1,1,0,0,-1,64,0.0,0.203125,0.203125,0.0,28,7,4,25,26,17,8,12,50,6,0,34,0.53125,UR,0.21357981533827733,2,57,0,0,5,0.03389830508474576,0.9661016949152542,0.0,0.0,0.078125,UR,0.0,0.796875,0.0,0.0,37,ul,dr,midline,0,0,0,0,0
8,1,size11_comp0.2_grid1_base_low,11,0.2,low,base,base,6,3,9,9,0,1,1,1,0,0,-1,64,0.0,0.265625,0.265625,0.0,25,7,7,25,23,16,9,15,44,12,0,26,0.40625,UR,0.809827492271665,1,44,0,10,9,0.01818181818181818,0.8,0.0,0.18181818181818182,0.140625,UR,0.0,0.578125,0.0,0.0,31,ul,dr,midline,0,0,0,0,0
9,1,size11_comp0.2_grid1_base_low,11,0.2,low,base,base,6,3,9,9,0,1,1,1,0,0,-1,64,0.0,0.234375,0.234375,0.0,30,11,1,22,20,17,16,10,49,7,0,32,0.5,UR,0.40907313904382653,5,56,0,0,3,0.08196721311475409,0.9180327868852459,0.0,0.0,0.046875,UR,0.0,0.671875,0.0,0.0,33,ul,dr,midline,0,0,0,0,0
0,2,size11_comp0.2_grid2_base_low,11,0.2,low,base,base,11,3,14,8,3,1,1,1,1,0,-1,20,0.0,0.6,0.6,0.0,9,1,4,6,9,3,6,1,7,1,0,4,0.2,DL,0.9402859586706311,5,0,9,0,6,0.35714285714285715,0.0,0.6428571428571429,0.0,0.3,DL,0.0,0.0,0.3,0.0,6,dl,ul,ur,1,0,0,0,0
1,2,size11_comp0.2_grid2_base_low,11,0.2,low,base,base,11,3,14,8,3,1,1,1,1,0,-1,18,0.0,0.6111111111111112,0.6111111111111112,0.0,8,1,2,7,9,1,4,3,7,3,0,4,0.2222222222222222,DL,0.8112781244591328,4,0,12,0,2,0.25,0.0,0.75,0.0,0.1111111111111111,DL,0.0,0.0,0.2777777777777778,0.0,3,dl,ul,ur,1,0,0,0,0
2,2,size11_comp0.2_grid2_base_low,11,0.2,low,base,base,11,3,14,8,3,1,1,1,1,0,-1,11,0.0,0.8181818181818182,0.8181818181818182,0.0,6,0,2,3,5,2,3,0,1,0,0,1,0.09090909090909091,DL,0.9910760598382222,4,0,5,0,2,0.4444444444444444,0.0,0.5555555555555556,0.0,0.18181818181818182,DL,0.0,0.0,0.2727272727272727,0.0,3,dl,ul,ur,1,0,0,0,0
3,2,size11_comp0.2_grid2_base_low,11,0.2,low,base,base,11,3,14,8,3,1,1,1,1,0,-1,16,0.0,0.5625,0.5625,0.0,12,0,1,3,11,2,2,0,6,0,0,6,0.375,DL,0.41381685030363374,1,0,11,0,4,0.08333333333333333,0.0,0.9166666666666666,0.0,0.25,DL,0.0,0.0,0.5625,0.0,9,dl,ul,ur,1,0,0,0,0
4,2,size11_comp0.2_grid2_base_low,11,0.2,low,base,base,11,3,14,8,3,1,1,1,1,0,-1,11,0.0,0.8181818181818182,0.8181818181818182,0.0,6,0,2,3,3,3,4,0,1,0,0,1,0.09090909090909091,DL,0.9910760598382222,4,0,5,0,2,0.4444444444444444,0.0,0.5555555555555556,0.0,0.18181818181818182,DL,0.0,0.0,0.2727272727272727,0.0,3,dl,ul,ur,1,0,0,0,0
5,2,size11_comp0.2_grid2_base_low,11,0.2,low,base,base,11,3,14,8,3,1,1,1,1,0,-1,11,0.0,0.8181818181818182,0.8181818181818182,0.0,6,0,2,3,5,2,3,0,1,0,0,1,0.09090909090909091,DL,0.9709505944546686,4,0,6,0,1,0.4,0.0,0.6,0.0,0.09090909090909091,DL,0.0,0.0,0.36363636363636365,0.0,4,dl,ul,ur,1,0,0,0,0
6,2,size11_comp0.2_grid2_base_low,11,0.2,low,base,base,11,3,14,8,3,1,1,1,1,0,-1,26,0.0,0.5384615384615384,0.5384615384615384,0.0,9,3,5,9,8,2,7,8,14,7,0,6,0.23076923076923078,DL,0.9023932827949788,7,0,15,0,4,0.3181818181818182,0.0,0.6818181818181818,0.0,0.15384615384615385,DL,0.0,0.0,0.19230769230769232,0.0,3,dl,ul,ur,1,0,0,0,0
7,2,size11_comp0.2_grid2_base_low,11,0.2,low,base,base,11,3,14,8,3,1,1,1,1,0,-1,16,0.0,0.6875,0.6875,0.0,8,2,2,4,3,3,6,3,5,3,0,2,0.125,DL,0.8904916402194913,4,0,9,0,3,0.3076923076923077,0.0,0.6923076923076923,0.0,0.1875,DL,0.0,0.0,0.125,0.0,2,dl,ul,ur,1,0,0,0,0
8,2,size11_comp0.2_grid2_base_low,11,0.2,low,base,base,11,3,14,8,3,1,1,1,1,0,-1,13,0.0,0.7692307692307693,0.7692307692307693,0.0,6,0,2,5,3,5,3,1,2,1,0,1,0.07692307692307693,DL,0.9940302114769565,5,0,6,0,2,0.45454545454545453,0.0,0.5454545454545454,0.0,0.15384615384615385,DL,0.0,0.0,0.23076923076923078,0.0,3,dl,ul,ur,1,0,0,0,0
9,2,size11_comp0.2_grid2_base_low,11,0.2,low,base,base,11,3,14,8,3,1,1,1,1,0,-1,23,0.0,0.5217391304347826,0.5217391304347826,0.0,11,2,2,8,8,4,7,3,12,3,0,7,0.30434782608695654,DL,0.6292492238560345,3,0,16,0,4,0.15789473684210525,0.0,0.8421052631578947,0.0,0.17391304347826086,DL,0.0,0.0,0.2608695652173913,0.0,6,dl,ul,ur,1,0,0,0,0
0,3,size11_comp0.2_grid3_base_low,11,0.2,low,base,base,6,4,10,8,1,1,1,1,0,0,-1,64,0.0,0.296875,0.296875,0.0,36,12,10,6,21,14,14,14,53,8,0,28,0.4375,UL,0.9819407868640977,22,16,0,0,26,0.5789473684210527,0.42105263157894735,0.0,0.0,0.40625,UL,0.03125,0.0,0.0,0.0,2,midline,midline,dl,0,0,0,0,0
1,3,size11_comp0.2_grid3_base_low,11,0.2,low,base,base,6,4,10,8,1,1,1,1,0,0,-1,64,0.0,0.265625,0.265625,0.0,41,13,5,5,28,7,9,19,54,11,0,29,0.453125,UR,0.38431154412649704,3,37,0,0,24,0.075,0.925,0.0,0.0,0.375,,0.0,0.0,0.0,0.0,0,midline,midline,dl,0,0,0,0,0
2,3,size11_comp0.2_grid3_base_low,11,0.2,low,base,base,6,4,10,8,1,1,1,1,0,0,-1,64,0.0,0.171875,0.171875,0.0,43,6,9,6,29,12,8,14,58,7,0,41,0.640625,UR,-0.0,0,40,0,0,24,0.0,1.0,0.0,0.0,0.375,UR,0.0,0.015625,0.0,0.0,1,midline,midline,dl,0,0,0,0,0
3,3,size11_comp0.2_grid3_base_low,11,0.2,low,base,base,6,4,10,8,1,1,1,1,0,0,-1,64,0.0,0.28125,0.28125,0.0,32,7,14,11,21,19,15,8,54,5,0,29,0.453125,UR,0.998363672593813,20,22,0,0,22,0.47619047619047616,0.5238095238095238,0.0,0.0,0.34375,,0.0,0.0,0.0,0.0,0,midline,midline,dl,0,0,0,0,0
4,3,size11_comp0.2_grid3_base_low,11,0.2,low,base,base,6,4,10,8,1,1,1,1,0,0,-1,64,0.0,0.28125,0.28125,0.0,37,12,9,6,25,12,10,16,50,13,0,30,0.46875,UL,0.6321302781219706,37,7,0,0,20,0.8409090909090909,0.1590909090909091,0.0,0.0,0.3125,,0.0,0.0,0.0,0.0,0,midline,midline,dl,0,0,0,0,0
5,3,size11_comp0.2_grid3_base_low,11,0.2,low,base,base,6,4,10,8,1,1,1,1,0,0,-1,64,0.0,0.25,0.25,0.0,38,11,8,7,24,11,9,19,55,10,0,32,0.5,UL,0.9910760598382222,15,12,0,0,37,0.5555555555555556,0.4444444444444444,0.0,0.0,0.578125,,0.0,0.0,0.0,0.0,0,midline,midline,dl,0,0,0,0,0
6,3,size11_comp0.2_grid3_base_low,11,0.2,low,base,base,6,4,10,8,1,1,1,1,0,0,-1,64,0.0,0.25,0.25,0.0,35,8,9,12,25,14,15,9,52,4,0,35,0.546875,UL,0.9402859586706311,36,20,0,0,8,0.6428571428571429,0.35714285714285715,0.0,0.0,0.125,UL,0.0625,0.0,0.0,0.0,4,midline,midline,dl,0,0,0,0,0
7,3,size11_comp0.2_grid3_base_low,11,0.2,low,base,base,6,4,10,8,1,1,1,1,0,0,-1,64,0.0,0.140625,0.140625,0.0,49,8,4,3,36,5,7,15,58,8,0,44,0.6875,UR,-0.0,0,18,0,0,46,0.0,1.0,0.0,0.0,0.71875,,0.0,0.0,0.0,0.0,0,midline,midline,dl,0,0,0,0,0
8,3,size11_comp0.2_grid3_base_low,11,0.2,low,base,base,6,4,10,8,1,1,1,1,1,0,-1,33,0.0,0.45454545454545453,0.45454545454545453,0.0,11,11,8,3,6,9,10,7,19,6,0,5,0.15151515151515152,UL,0.5032583347756457,16,2,0,0,15,0.8888888888888888,0.1111111111111111,0.0,0.0,0.45454545454545453,UL,0.06060606060606061,0.0,0.0,0.0,1,midline,midline,dl,0,0,0,0,0
9,3,size11_comp0.2_grid3_base_low,11,0.2,low,base,base,6,4,10,8,1,1,1,1,0,0,-1,64,0.0,0.21875,0.21875,0.0,41,8,8,7,28,15,8,12,56,8,0,35,0.546875,UR,-0.0,0,40,0,0,24,0.0,1.0,0.0,0.0,0.375,UR,0.0,0.046875,0.0,0.0,3,midline,midline,dl,0,0,0,0,0
0,4,size11_comp0.2_grid4_base_low,11,0.2,low,base,base,4,8,12,6,4,1,1,1,1,0,-1,16,0.0,0.0625,0.0625,0.0,0,1,0,15,13,1,1,0,10,0,0,10,0.625,UL,0.8112781244591328,3,1,0,0,12,0.75,0.25,0.0,0.0,0.75,,0.0,0.0,0.0,0.0,0,ul,ur,dl,1,0,0,0,0
1,4,size11_comp0.2_grid4_base_low,11,0.2,low,base,base,4,8,12,6,4,1,1,1,1,0,-1,9,0.0,0.2222222222222222,0.2222222222222222,0.0,1,2,0,6,4,3,1,0,1,0,0,1,0.1111111111111111,UL,-0.0,4,0,0,0,5,1.0,0.0,0.0,0.0,0.5555555555555556,,0.0,0.0,0.0,0.0,0,ul,ur,dl,1,0,0,0,0
2,4,size11_comp0.2_grid4_base_low,11,0.2,low,base,base,4,8,12,6,4,1,1,1,1,0,-1,7,0.0,0.14285714285714285,0.14285714285714285,0.0,0,1,0,6,4,1,1,0,1,0,0,1,0.14285714285714285,UL,0.8112781244591328,3,1,0,0,3,0.75,0.25,0.0,0.0,0.42857142857142855,,0.0,0.0,0.0,0.0,0,ul,ur,dl,1,0,0,0,0
3,4,size11_comp0.2_grid4_base_low,11,0.2,low,base,base,4,8,12,6,4,1,1,1,1,0,-1,22,0.0,0.13636363636363635,0.13636363636363635,0.0,2,3,0,17,15,1,4,1,13,1,0,12,0.5454545454545454,UL,0.5916727785823275,6,1,0,0,15,0.8571428571428571,0.14285714285714285,0.0,0.0,0.6818181818181818,UL,0.045454545454545456,0.0,0.0,0.0,1,ul,ur,dl,1,0,0,0,0
4,4,size11_comp0.2_grid4_base_low,11,0.2,low,base,base,4,8,12,6,4,1,1,1,1,0,-1,17,0.0,0.058823529411764705,0.058823529411764705,0.0,0,1,0,16,14,1,1,0,11,0,0,11,0.6470588235294118,UL,0.8112781244591328,3,1,0,0,13,0.75,0.25,0.0,0.0,0.7647058823529411,,0.0,0.0,0.0,0.0,0,ul,ur,dl,1,0,0,0,0
5,4,size11_comp0.2_grid4_base_low,11,0.2,low,base,base,4,8,12,6,4,1,1,1,1,0,-1,10,0.0,0.3,0.3,0.0,1,2,1,6,2,3,2,2,2,2,0,0,0.0,UL,0.8112781244591328,3,1,0,0,6,0.75,0.25,0.0,0.0,0.6,,0.0,0.0,0.0,0.0,0,ul,ur,dl,1,0,0,0,0
6,4,size11_comp0.2_grid4_base_low,11,0.2,low,base,base,4,8,12,6,4,1,1,1,1,0,-1,10,0.0,0.1,0.1,0.0,0,1,0,9,7,1,1,0,4,0,0,4,0.4,UL,0.8112781244591328,3,1,0,0,6,0.75,0.25,0.0,0.0,0.6,,0.0,0.0,0.0,0.0,0,ul,ur,dl,1,0,0,0,0
7,4,size11_comp0.2_grid4_base_low,11,0.2,low,base,base,4,8,12,6,4,1,1,1,1,0,-1,7,0.0,0.14285714285714285,0.14285714285714285,0.0,0,1,0,6,4,1,1,0,1,0,0,1,0.14285714285714285,UL,0.8112781244591328,3,1,0,0,3,0.75,0.25,0.0,0.0,0.42857142857142855,,0.0,0.0,0.0,0.0,0,ul,ur,dl,1,0,0,0,0
8,4,size11_comp0.2_grid4_base_low,11,0.2,low,base,base,4,8,12,6,4,1,1,1,1,0,-1,11,0.0,0.18181818181818182,0.18181818181818182,0.0,1,2,0,8,5,3,1,1,4,1,0,3,0.2727272727272727,UL,0.8112781244591328,3,1,0,0,7,0.75,0.25,0.0,0.0,0.6363636363636364,,0.0,0.0,0.0,0.0,0,ul,ur,dl,1,0,0,0,0
9,4,size11_comp0.2_grid4_base_low,11,0.2,low,base,base,4,8,12,6,4,1,1,1,1,0,-1,18,0.0,0.05555555555555555,0.05555555555555555,0.0,0,1,0,17,15,1,1,0,12,0,0,12,0.6666666666666666,UL,0.8112781244591328,3,1,0,0,14,0.75,0.25,0.0,0.0,0.7777777777777778,,0.0,0.0,0.0,0.0,0,ul,ur,dl,1,0,0,0,0
0,5,size11_comp0.2_grid5_base_low,11,0.2,low,base,base,13,8,21,7,7,1,1,1,0,0,-1,64,0.0,0.28125,0.28125,0.0,34,8,11,11,26,15,11,11,53,7,0,30,0.46875,UR,-0.0,0,64,0,0,0,0.0,1.0,0.0,0.0,0.0,UR,0.0,0.328125,0.0,0.0,18,ur,midline,dl,1,0,0,0,0
1,5,size11_comp0.2_grid5_base_low,11,0.2,low,base,base,13,8,21,7,7,1,1,1,0,0,-1,64,0.0,0.140625,0.140625,0.0,41,4,8,11,32,11,8,12,60,5,0,45,0.703125,UR,-0.0,0,64,0,0,0,0.0,1.0,0.0,0.0,0.0,UR,0.0,0.953125,0.0,0.0,28,ur,midline,dl,1,0,0,0,0
2,5,size11_comp0.2_grid5_base_low,11,0.2,low,base,base,13,8,21,7,7,1,1,1,0,0,-1,64,0.0,0.09375,0.09375,0.0,49,2,5,8,39,11,8,5,60,3,0,51,0.796875,UR,-0.0,0,64,0,0,0,0.0,1.0,0.0,0.0,0.0,UR,0.0,0.9375,0.0,0.0,49,ur,midline,dl,1,0,0,0,0
3,5,size11_comp0.2_grid5_base_low,11,0.2,low,base,base,13,8,21,7,7,1,1,1,0,0,-1,64,0.0,0.3125,0.3125,0.0,29,8,13,14,16,18,16,13,49,10,0,26,0.40625,UR,-0.0,0,63,0,0,1,0.0,1.0,0.0,0.0,0.015625,UR,0.0,0.578125,0.0,0.0,24,ur,midline,dl,1,0,0,0,0
4,5,size11_comp0.2_grid5_base_low,11,0.2,low,base,base,13,8,21,7,7,1,1,1,0,0,-1,64,0.0,0.140625,0.140625,0.0,40,2,8,14,34,9,11,9,59,6,0,45,0.703125,UR,-0.0,0,64,0,0,0,0.0,1.0,0.0,0.0,0.0,UR,0.0,0.9375,0.0,0.0,58,ur,midline,dl,1,0,0,0,0
5,5,size11_comp0.2_grid5_base_low,11,0.2,low,base,base,13,8,21,7,7,1,1,1,0,0,-1,64,0.0,0.203125,0.203125,0.0,41,6,8,9,26,13,16,8,58,5,0,39,0.609375,UR,-0.0,0,64,0,0,0,0.0,1.0,0.0,0.0,0.0,UR,0.0,0.796875,0.0,0.0,31,ur,midline,dl,1,0,0,0,0
6,5,size11_comp0.2_grid5_base_low,11,0.2,low,base,base,13,8,21,7,7,1,1,1,0,0,-1,64,0.0,0.234375,0.234375,0.0,37,7,8,12,29,12,12,10,52,7,0,35,0.546875,UR,-0.0,0,62,0,0,2,0.0,1.0,0.0,0.0,0.03125,UR,0.0,0.53125,0.0,0.0,18,ur,midline,dl,1,0,0,0,0
7,5,size11_comp0.2_grid5_base_low,11,0.2,low,base,base,13,8,21,7,7,1,1,1,0,0,-1,64,0.0,0.15625,0.15625,0.0,46,7,3,8,34,9,8,12,60,7,0,43,0.671875,UR,-0.0,0,64,0,0,0,0.0,1.0,0.0,0.0,0.0,UR,0.0,0.984375,0.0,0.0,47,ur,midline,dl,1,0,0,0,0
8,5,size11_comp0.2_grid5_base_low,11,0.2,low,base,base,13,8,21,7,7,1,1,1,0,0,-1,64,0.0,0.171875,0.171875,0.0,36,2,10,16,24,23,12,4,59,3,0,41,0.640625,UR,-0.0,0,64,0,0,0,0.0,1.0,0.0,0.0,0.0,UR,0.0,0.546875,0.0,0.0,13,ur,midline,dl,1,0,0,0,0
9,5,size11_comp0.2_grid5_base_low,11,0.2,low,base,base,13,8,21,7,7,1,1,1,0,0,-1,64,0.0,0.15625,0.15625,0.0,42,3,7,12,32,16,10,5,57,3,0,43,0.671875,UR,-0.0,0,64,0,0,0,0.0,1.0,0.0,0.0,0.0,UR,0.0,0.671875,0.0,0.0,19,ur,midline,dl,1,0,0,0,0
0,6,size11_comp0.2_grid6_base_low,11,0.2,low,base,base,5,8,13,7,4,1,1,1,1,0,-1,23,0.0,0.391304347826087,0.391304347826087,0.0,10,2,5,6,5,7,4,6,8,5,0,2,0.08695652173913043,UL,0.9927744539878083,11,0,9,0,3,0.55,0.0,0.45,0.0,0.13043478260869565,DL,0.0,0.0,0.13043478260869565,0.0,2,dl,ul,dr,0,0,0,0,0
1,6,size11_comp0.2_grid6_base_low,11,0.2,low,base,base,5,8,13,7,4,1,1,1,1,0,-1,27,0.0,0.37037037037037035,0.37037037037037035,0.0,10,2,7,8,10,6,6,4,8,3,0,4,0.14814814814814814,UL,0.9927744539878083,11,0,9,0,7,0.55,0.0,0.45,0.0,0.25925925925925924,UL,0.14814814814814814,0.0,0.07407407407407407,0.0,4,dl,ul,dr,0,0,0,0,0
2,6,size11_comp0.2_grid6_base_low,11,0.2,low,base,base,5,8,13,7,4,1,1,1,1,0,-1,24,0.0,0.25,0.25,0.0,12,3,2,7,7,7,7,2,13,1,0,9,0.375,UL,0.7553754125614287,18,0,5,0,1,0.782608695652174,0.0,0.21739130434782608,0.0,0.041666666666666664,UL,0.2916666666666667,0.0,0.0,0.0,7,dl,ul,dr,0,0,0,0,0
3,6,size11_comp0.2_grid6_base_low,11,0.2,low,base,base,5,8,13,7,4,1,1,1,1,0,-1,20,0.0,0.3,0.3,0.0,11,0,4,5,8,4,5,2,9,2,0,5,0.25,DL,0.7642045065086203,4,0,14,0,2,0.2222222222222222,0.0,0.7777777777777778,0.0,0.1,DL,0.0,0.0,0.5,0.0,8,dl,ul,dr,1,0,0,0,0
4,6,size11_comp0.2_grid6_base_low,11,0.2,low,base,base,5,8,13,7,4,1,1,1,1,0,-1,10,0.0,0.3,0.3,0.0,7,0,1,2,3,3,3,0,1,0,0,1,0.1,UL,0.9910760598382222,5,0,4,0,1,0.5555555555555556,0.0,0.4444444444444444,0.0,0.1,,0.0,0.0,0.0,0.0,0,dl,ul,dr,0,0,0,0,0
5,6,size11_comp0.2_grid6_base_low,11,0.2,low,base,base,5,8,13,7,4,1,1,1,1,0,-1,17,0.0,0.35294117647058826,0.35294117647058826,0.0,7,0,5,5,4,4,4,4,7,4,0,2,0.11764705882352941,UL,0.9182958340544896,8,0,4,0,5,0.6666666666666666,0.0,0.3333333333333333,0.0,0.29411764705882354,,0.0,0.0,0.0,0.0,0,dl,ul,dr,0,0,0,0,0
6,6,size11_comp0.2_grid6_base_low,11,0.2,low,base,base,5,8,13,7,4,1,1,1,1,0,-1,27,0.0,0.3333333333333333,0.3333333333333333,0.0,10,4,9,4,10,4,8,4,10,4,0,6,0.2222222222222222,UL,1.0,12,0,12,0,3,0.5,0.0,0.5,0.0,0.1111111111111111,UL,0.07407407407407407,0.0,0.0,0.0,2,dl,ul,dr,0,0,0,0,0
7,6,size11_comp0.2_grid6_base_low,11,0.2,low,base,base,5,8,13,7,4,1,1,1,1,0,-1,14,0.0,0.2857142857142857,0.2857142857142857,0.0,8,0,3,3,4,2,4,3,7,3,0,3,0.21428571428571427,UL,0.8904916402194913,9,0,4,0,1,0.6923076923076923,0.0,0.3076923076923077,0.0,0.07142857142857142,,0.0,0.0,0.0,0.0,0,dl,ul,dr,0,0,0,0,0
8,6,size11_comp0.2_grid6_base_low,11,0.2,low,base,base,5,8,13,7,4,1,1,1,1,0,-1,29,0.0,0.3448275862068966,0.3448275862068966,0.0,12,3,6,8,6,10,10,2,14,2,0,6,0.20689655172413793,UL,0.8904916402194913,18,0,8,0,3,0.6923076923076923,0.0,0.3076923076923077,0.0,0.10344827586206896,UL,0.10344827586206896,0.0,0.0,0.0,3,dl,ul,dr,0,0,0,0,0
9,6,size11_comp0.2_grid6_base_low,11,0.2,low,base,base,5,8,13,7,4,1,1,1,1,0,-1,24,0.0,0.3333333333333333,0.3333333333333333,0.0,10,1,5,8,6,4,9,4,12,4,0,5,0.20833333333333334,UL,0.9456603046006401,14,0,8,0,2,0.6363636363636364,0.0,0.36363636363636365,0.0,0.08333333333333333,DL,0.125,0.0,0.20833333333333334,0.0,5,dl,ul,dr,0,0,0,0,0
0,7,size11_comp0.2_grid7_base_low,11,0.2,low,base,base,6,10,16,4,6,1,1,1,1,0,-1,49,0.0,0.08163265306122448,0.08163265306122448,0.0,5,3,40,1,36,4,4,4,43,3,0,37,0.7551020408163265,UL,-0.0,49,0,0,0,0,1.0,0.0,0.0,0.0,0.0,UL,0.7959183673469388,0.0,0.0,0.0,36,ul,ul,ur,1,0,0,0,0
1,7,size11_comp0.2_grid7_base_low,11,0.2,low,base,base,6,10,16,4,6,1,1,1,1,0,-1,9,0.0,0.0,0.0,0.0,2,0,7,0,5,1,2,0,5,0,0,5,0.5555555555555556,UL,-0.0,9,0,0,0,0,1.0,0.0,0.0,0.0,0.0,UL,0.7777777777777778,0.0,0.0,0.0,7,ul,ul,ur,1,0,0,0,0
2,7,size11_comp0.2_grid7_base_low,11,0.2,low,base,base,6,10,16,4,6,1,1,1,1,0,-1,5,0.0,0.0,0.0,0.0,3,0,2,0,3,1,0,0,1,0,0,1,0.2,UL,-0.0,5,0,0,0,0,1.0,0.0,0.0,0.0,0.0,UL,0.2,0.0,0.0,0.0,1,ul,ul,ur,1,0,0,0,0
3,7,size11_comp0.2_grid7_base_low,11,0.2,low,base,base,6,10,16,4,6,1,1,1,1,0,-1,4,0.0,0.0,0.0,0.0,2,0,2,0,0,2,1,0,0,0,0,0,0.0,UL,-0.0,4,0,0,0,0,1.0,0.0,0.0,0.0,0.0,UL,0.5,0.0,0.0,0.0,2,ul,ul,ur,1,0,0,0,0
4,7,size11_comp0.2_grid7_base_low,11,0.2,low,base,base,6,10,16,4,6,1,1,1,1,0,-1,6,0.0,0.0,0.0,0.0,2,0,4,0,3,1,1,0,2,0,0,2,0.3333333333333333,UL,-0.0,6,0,0,0,0,1.0,0.0,0.0,0.0,0.0,UL,0.6666666666666666,0.0,0.0,0.0,4,ul,ul,ur,1,0,0,0,0
5,7,size11_comp0.2_grid7_base_low,11,0.2,low,base,base,6,10,16,4,6,1,1,1,1,0,-1,4,0.0,0.0,0.0,0.0,2,0,2,0,1,1,1,0,0,0,0,0,0.0,UL,-0.0,4,0,0,0,0,1.0,0.0,0.0,0.0,0.0,UL,0.5,0.0,0.0,0.0,2,ul,ul,ur,1,0,0,0,0
6,7,size11_comp0.2_grid7_base_low,11,0.2,low,base,base,6,10,16,4,6,1,1,1,1,0,-1,4,0.0,0.0,0.0,0.0,2,0,2,0,1,1,1,0,0,0,0,0,0.0,UL,-0.0,4,0,0,0,0,1.0,0.0,0.0,0.0,0.0,UL,0.5,0.0,0.0,0.0,2,ul,ul,ur,1,0,0,0,0
7,7,size11_comp0.2_grid7_base_low,11,0.2,low,base,base,6,10,16,4,6,1,1,1,1,0,-1,4,0.0,0.0,0.0,0.0,2,0,2,0,1,1,1,0,0,0,0,0,0.0,UL,-0.0,4,0,0,0,0,1.0,0.0,0.0,0.0,0.0,UL,0.5,0.0,0.0,0.0,2,ul,ul,ur,1,0,0,0,0
8,7,size11_comp0.2_grid7_base_low,11,0.2,low,base,base,6,10,16,4,6,1,1,1,1,0,-1,27,0.0,0.1111111111111111,0.1111111111111111,0.0,4,2,20,1,16,5,1,4,22,3,0,17,0.6296296296296297,UL,-0.0,27,0,0,0,0,1.0,0.0,0.0,0.0,0.0,UL,0.8518518518518519,0.0,0.0,0.0,12,ul,ul,ur,1,0,0,0,0
9,7,size11_comp0.2_grid7_base_low,11,0.2,low,base,base,6,10,16,4,6,1,1,1,1,0,-1,4,0.0,0.0,0.0,0.0,2,0,2,0,1,1,1,0,0,0,0,0,0.0,UL,-0.0,4,0,0,0,0,1.0,0.0,0.0,0.0,0.0,UL,0.5,0.0,0.0,0.0,2,ul,ul,ur,1,0,0,0,0
0,8,size11_comp0.2_grid8_base_low,11,0.2,low,base,base,4,6,10,10,0,1,1,1,1,0,-1,14,0.0,0.35714285714285715,0.35714285714285715,0.0,1,6,1,6,8,2,2,1,2,0,0,2,0.14285714285714285,UR,1.0957952550009336,1,8,0,2,3,0.09090909090909091,0.7272727272727273,0.0,0.18181818181818182,0.21428571428571427,UR,0.0,0.2857142857142857,0.0,0.0,4,ul,dr,midline,0,0,0,0,0
1,8,size11_comp0.2_grid8_base_low,11,0.2,low,base,base,4,6,10,10,0,1,1,1,0,0,-1,64,0.0,0.21875,0.21875,0.0,20,10,3,31,23,14,16,10,55,6,0,34,0.53125,UR,0.11759466565886476,1,62,0,0,1,0.015873015873015872,0.9841269841269841,0.0,0.0,0.015625,UR,0.0,0.828125,0.0,0.0,25,ul,dr,midline,0,0,0,0,0
2,8,size11_comp0.2_grid8_base_low,11,0.2,low,base,base,4,6,10,10,0,1,1,1,0,0,-1,64,0.0,0.234375,0.234375,0.0,16,11,4,33,29,12,12,10,49,6,0,31,0.484375,UR,0.12068101401352381,1,60,0,0,3,0.01639344262295082,0.9836065573770492,0.0,0.0,0.046875,UR,0.0,0.640625,0.0,0.0,23,ul,dr,midline,0,0,0,0,0
3,8,size11_comp0.2_grid8_base_low,11,0.2,low,base,base,4,6,10,10,0,1,1,1,1,0,-1,15,0.0,0.4,0.4,0.0,0,6,2,7,4,6,3,1,2,1,0,1,0.06666666666666667,UR,1.384431504340598,2,7,0,3,3,0.16666666666666666,0.5833333333333334,0.0,0.25,0.2,,0.0,0.0,0.0,0.0,0,ul,dr,midline,0,0,0,0,0
4,8,size11_comp0.2_grid8_base_low,11,0.2,low,base,base,4,6,10,10,0,1,1,1,0,0,-1,64,0.0,0.234375,0.234375,0.0,15,9,5,35,29,13,11,10,47,8,0,34,0.53125,UR,0.2617272754910313,1,53,0,1,9,0.01818181818181818,0.9636363636363636,0.0,0.01818181818181818,0.140625,UR,0.0,0.609375,0.0,0.0,38,ul,dr,midline,0,0,0,0,0
5,8,size11_comp0.2_grid8_base_low,11,0.2,low,base,base,4,6,10,10,0,1,1,1,1,0,-1,21,0.0,0.2857142857142857,0.2857142857142857,0.0,1,7,2,11,9,5,5,1,8,1,0,7,0.3333333333333333,UR,0.9780155566622414,1,13,0,3,4,0.058823529411764705,0.7647058823529411,0.0,0.17647058823529413,0.19047619047619047,,0.0,0.0,0.0,0.0,0,ul,dr,midline,0,0,0,0,0
6,8,size11_comp0.2_grid8_base_low,11,0.2,low,base,base,4,6,10,10,0,1,1,1,0,0,-1,64,0.0,0.359375,0.359375,0.0,12,16,8,28,18,15,16,14,45,11,0,17,0.265625,UR,0.1292337748458849,1,55,0,0,8,0.017857142857142856,0.9821428571428571,0.0,0.0,0.125,UR,0.0,0.203125,0.0,0.0,12,ul,dr,midline,0,0,0,0,0
7,8,size11_comp0.2_grid8_base_low,11,0.2,low,base,base,4,6,10,10,0,1,1,1,0,0,-1,64,0.0,0.1875,0.1875,0.0,15,9,4,36,23,17,17,6,51,5,0,37,0.578125,UR,0.11759466565886476,1,62,0,0,1,0.015873015873015872,0.9841269841269841,0.0,0.0,0.015625,UR,0.0,0.640625,0.0,0.0,26,ul,dr,midline,0,0,0,0,0
8,8,size11_comp0.2_grid8_base_low,11,0.2,low,base,base,4,6,10,10,0,1,1,1,0,0,-1,64,0.0,0.21875,0.21875,0.0,20,14,2,28,25,15,10,13,52,9,0,35,0.546875,UR,0.12565805017256743,1,57,0,0,6,0.017241379310344827,0.9827586206896551,0.0,0.0,0.09375,UR,0.0,0.65625,0.0,0.0,41,ul,dr,midline,0,0,0,0,0
9,8,size11_comp0.2_grid8_base_low,11,0.2,low,base,base,4,6,10,10,0,1,1,1,0,0,-1,64,0.0,0.171875,0.171875,0.0,15,8,4,37,22,16,18,7,55,5,0,40,0.625,UR,0.11759466565886476,1,62,0,0,1,0.015873015873015872,0.9841269841269841,0.0,0.0,0.015625,UR,0.0,0.859375,0.0,0.0,36,ul,dr,midline,0,0,0,0,0
0,9,size11_comp0.2_grid9_base_low,11,0.2,low,base,base,7,8,15,5,5,1,1,1,1,0,-1,38,0.0,0.3157894736842105,0.3157894736842105,0.0,14,0,14,10,9,13,10,5,29,5,0,13,0.34210526315789475,UR,0.49123734182433315,3,25,0,0,10,0.10714285714285714,0.8928571428571429,0.0,0.0,0.2631578947368421,UR,0.02631578947368421,0.23684210526315788,0.0,0.0,5,midline,ul,dl,0,0,0,0,0
1,9,size11_comp0.2_grid9_base_low,11,0.2,low,base,base,7,8,15,5,5,1,1,1,1,0,-1,7,0.0,0.2857142857142857,0.2857142857142857,0.0,3,0,4,0,5,1,0,0,2,0,0,2,0.2857142857142857,UL,-0.0,3,0,0,0,4,1.0,0.0,0.0,0.0,0.5714285714285714,UL,0.14285714285714285,0.0,0.0,0.0,1,midline,ul,dl,0,0,0,0,0
2,9,size11_comp0.2_grid9_base_low,11,0.2,low,base,base,7,8,15,5,5,1,1,1,1,0,-1,26,0.0,0.2692307692307692,0.2692307692307692,0.0,12,0,9,5,10,7,6,2,18,2,0,11,0.4230769230769231,UR,0.6665783579949205,4,19,0,0,3,0.17391304347826086,0.8260869565217391,0.0,0.0,0.11538461538461539,UL,0.07692307692307693,0.038461538461538464,0.0,0.0,2,midline,ul,dl,0,0,0,0,0
3,9,size11_comp0.2_grid9_base_low,11,0.2,low,base,base,7,8,15,5,5,1,1,1,1,0,-1,5,0.0,0.4,0.4,0.0,1,0,4,0,2,1,1,0,0,0,0,0,0.0,UL,-0.0,4,0,0,0,1,1.0,0.0,0.0,0.0,0.2,UL,0.4,0.0,0.0,0.0,2,midline,ul,dl,0,0,0,0,0
4,9,size11_comp0.2_grid9_base_low,11,0.2,low,base,base,7,8,15,5,5,1,1,1,1,0,-1,51,0.0,0.3137254901960784,0.3137254901960784,0.0,20,1,17,13,10,16,13,11,43,11,0,18,0.35294117647058826,UR,0.6593758812786992,7,34,0,0,10,0.17073170731707318,0.8292682926829268,0.0,0.0,0.19607843137254902,UR,0.0196078431372549,0.11764705882352941,0.0,0.0,2,midline,ul,dl,0,0,0,0,0
5,9,size11_comp0.2_grid9_base_low,11,0.2,low,base,base,7,8,15,5,5,1,1,1,1,0,-1,11,0.0,0.18181818181818182,0.18181818181818182,0.0,7,0,4,0,5,3,2,0,6,0,0,6,0.5454545454545454,UL,-0.0,8,0,0,0,3,1.0,0.0,0.0,0.0,0.2727272727272727,UL,0.09090909090909091,0.0,0.0,0.0,1,midline,ul,dl,0,0,0,0,0
6,9,size11_comp0.2_grid9_base_low,11,0.2,low,base,base,7,8,15,5,5,1,1,1,1,0,-1,5,0.0,0.4,0.4,0.0,1,0,4,0,2,1,1,0,0,0,0,0,0.0,UL,-0.0,4,0,0,0,1,1.0,0.0,0.0,0.0,0.2,UL,0.2,0.0,0.0,0.0,1,midline,ul,dl,0,0,0,0,0
7,9,size11_comp0.2_grid9_base_low,11,0.2,low,base,base,7,8,15,5,5,1,1,1,1,0,-1,5,0.0,0.4,0.4,0.0,1,0,4,0,2,1,1,0,0,0,0,0,0.0,UL,-0.0,4,0,0,0,1,1.0,0.0,0.0,0.0,0.2,UL,0.2,0.0,0.0,0.0,1,midline,ul,dl,0,0,0,0,0
8,9,size11_comp0.2_grid9_base_low,11,0.2,low,base,base,7,8,15,5,5,1,1,1,1,0,-1,5,0.0,0.4,0.4,0.0,1,0,4,0,3,0,1,0,0,0,0,0,0.0,UL,-0.0,4,0,0,0,1,1.0,0.0,0.0,0.0,0.2,UL,0.4,0.0,0.0,0.0,2,midline,ul,dl,0,0,0,0,0
9,9,size11_comp0.2_grid9_base_low,11,0.2,low,base,base,7,8,15,5,5,1,1,1,1,0,-1,5,0.0,0.4,0.4,0.0,1,0,4,0,3,0,1,0,0,0,0,0,0.0,UL,-0.0,4,0,0,0,1,1.0,0.0,0.0,0.0,0.2,UL,0.4,0.0,0.0,0.0,2,midline,ul,dl,0,0,0,0,0
0,0,size11_comp0.4_grid0_base_low,11,0.4,low,base,base,4,11,15,7,4,1,1,1,0,0,-1,64,0.0,0.34375,0.34375,0.0,15,13,12,24,12,16,18,17,50,12,0,21,0.328125,DR,0.4350218963844825,1,3,0,51,9,0.01818181818181818,0.05454545454545454,0.0,0.9272727272727272,0.140625,DR,0.0,0.0,0.0,0.015625,1,ul,dl,ur,0,0,0,0,0
1,0,size11_comp0.4_grid0_base_low,11,0.4,low,base,base,4,11,15,7,4,1,1,1,0,0,-1,64,0.0,0.328125,0.328125,0.0,14,14,16,20,21,13,18,11,39,8,0,21,0.328125,DR,1.1210034386097905,1,8,4,39,12,0.019230769230769232,0.15384615384615385,0.07692307692307693,0.75,0.1875,DR,0.0,0.0,0.0,0.046875,3,ul,dl,ur,0,0,0,0,0
2,0,size11_comp0.4_grid0_base_low,11,0.4,low,base,base,4,11,15,7,4,1,1,1,0,0,-1,64,0.0,0.25,0.25,0.0,19,10,7,28,17,16,20,10,50,9,0,32,0.5,UR,0.3809465857053901,4,50,0,0,10,0.07407407407407407,0.9259259259259259,0.0,0.0,0.15625,UR,0.0,0.59375,0.0,0.0,38,ul,dl,ur,0,1,0,0,0
3,0,size11_comp0.4_grid0_base_low,11,0.4,low,base,base,4,11,15,7,4,1,1,1,0,1,8,64,0.0,0.40625,0.6666666666666666,0.36363636363636365,10,10,18,26,19,18,8,18,47,15,7,17,0.265625,UR,0.3227569588973982,3,48,0,0,13,0.058823529411764705,0.9411764705882353,0.0,0.0,0.203125,UR,0.0,0.1875,0.0,0.0,10,ul,dl,ur,0,1,0,0,0
4,0,size11_comp0.4_grid0_base_low,11,0.4,low,base,base,4,11,15,7,4,1,1,1,0,0,-1,64,0.0,0.390625,0.390625,0.0,18,12,10,24,18,19,17,9,47,9,0,14,0.21875,UR,0.4618817047103702,1,36,0,2,25,0.02564102564102564,0.9230769230769231,0.0,0.05128205128205128,0.390625,UR,0.0,0.171875,0.0,0.0,11,ul,dl,ur,0,1,0,0,0
5,0,size11_comp0.4_grid0_base_low,11,0.4,low,base,base,4,11,15,7,4,1,1,1,0,0,-1,64,0.0,0.3125,0.3125,0.0,19,12,9,24,22,13,14,14,50,12,0,26,0.40625,UR,0.1222915970693747,1,59,0,0,4,0.016666666666666666,0.9833333333333333,0.0,0.0,0.0625,UR,0.0,0.640625,0.0,0.0,12,ul,dl,ur,0,1,0,0,0
6,0,size11_comp0.4_grid0_base_low,11,0.4,low,base,base,4,11,15,7,4,1,1,1,0,0,-1,64,0.0,0.3125,0.3125,0.0,16,8,14,26,22,10,11,20,48,13,0,24,0.375,UR,0.4186843105268563,5,54,0,0,5,0.0847457627118644,0.9152542372881356,0.0,0.0,0.078125,UR,0.0,0.5,0.0,0.0,15,ul,dl,ur,0,1,0,0,0
7,0,size11_comp0.4_grid0_base_low,11,0.4,low,base,base,4,11,15,7,4,1,1,1,0,0,-1,64,0.0,0.375,0.375,0.0,12,10,15,27,17,15,11,20,45,18,0,16,0.25,UR,0.7318843430636695,1,32,0,5,26,0.02631578947368421,0.8421052631578947,0.0,0.13157894736842105,0.40625,,0.0,0.0,0.0,0.0,0,ul,dl,ur,0,1,0,0,0
8,0,size11_comp0.4_grid0_base_low,11,0.4,low,base,base,4,11,15,7,4,1,1,1,0,0,-1,64,0.0,0.171875,0.171875,0.0,30,4,7,23,22,23,15,3,51,3,0,42,0.65625,UR,0.12394986771100759,1,58,0,0,5,0.01694915254237288,0.9830508474576272,0.0,0.0,0.078125,UR,0.0,0.796875,0.0,0.0,51,ul,dl,ur,0,1,0,0,0
9,0,size11_comp0.4_grid0_base_low,11,0.4,low,base,base,4,11,15,7,4,1,1,1,0,1,25,64,0.0,0.3125,0.46153846153846156,0.21052631578947367,18,10,7,29,18,18,16,11,47,9,2,25,0.390625,UR,0.12741851179235877,1,56,0,0,7,0.017543859649122806,0.9824561403508771,0.0,0.0,0.109375,UR,0.0,0.40625,0.0,0.0,22,ul,dl,ur,0,1,0,0,0
0,1,size11_comp0.4_grid1_base_low,11,0.4,low,base,base,6,7,13,13,0,1,1,1,0,0,-1,64,0.0,0.375,0.375,0.0,14,22,9,19,11,25,14,13,48,11,0,16,0.25,UR,0.7088356733321961,0,50,0,12,2,0.0,0.8064516129032258,0.0,0.1935483870967742,0.03125,UR,0.0,0.59375,0.0,0.0,16,ur,dl,midline,1,0,0,0,0
1,1,size11_comp0.4_grid1_base_low,11,0.4,low,base,base,6,7,13,13,0,1,1,1,0,0,-1,64,0.0,0.375,0.375,0.0,17,19,10,18,14,23,11,15,44,12,0,16,0.25,UR,0.8599530497177521,0,43,0,17,4,0.0,0.7166666666666667,0.0,0.2833333333333333,0.0625,UR,0.0,0.25,0.0,0.015625,7,ur,dl,midline,1,0,0,0,0
2,1,size11_comp0.4_grid1_base_low,11,0.4,low,base,base,6,7,13,13,0,1,1,1,0,0,-1,64,0.0,0.421875,0.421875,0.0,15,24,9,16,14,19,13,17,46,13,0,10,0.15625,UR,0.9798687566511528,0,35,0,25,4,0.0,0.5833333333333334,0.0,0.4166666666666667,0.0625,UR,0.0,0.453125,0.0,0.0,16,ur,dl,midline,1,0,0,0,0
3,1,size11_comp0.4_grid1_base_low,11,0.4,low,base,base,6,7,13,13,0,1,1,1,0,0,-1,64,0.0,0.484375,0.484375,0.0,18,23,9,14,16,14,13,20,45,20,0,3,0.046875,DR,0.863120568566631,0,16,0,40,8,0.0,0.2857142857142857,0.0,0.7142857142857143,0.125,DR,0.0,0.046875,0.0,0.0625,3,ur,dl,midline,0,0,0,0,0
4,1,size11_comp0.4_grid1_base_low,11,0.4,low,base,base,6,7,13,13,0,1,1,1,1,1,36,64,0.203125,0.53125,0.5135135135135135,0.5555555555555556,10,19,20,15,18,14,15,16,36,15,7,9,0.140625,UR,1.7023247172084668,3,21,7,10,23,0.07317073170731707,0.5121951219512195,0.17073170731707318,0.24390243902439024,0.359375,UR,0.0,0.078125,0.0,0.015625,4,ur,dl,midline,1,0,0,0,0
5,1,size11_comp0.4_grid1_base_low,11,0.4,low,base,base,6,7,13,13,0,1,1,1,0,0,-1,64,0.0,0.421875,0.421875,0.0,23,15,12,14,19,13,10,21,50,20,0,10,0.15625,UR,0.8112781244591328,0,45,0,15,4,0.0,0.75,0.0,0.25,0.0625,UR,0.0,0.546875,0.0,0.0,16,ur,dl,midline,1,0,0,0,0
6,1,size11_comp0.4_grid1_base_low,11,0.4,low,base,base,6,7,13,13,0,1,1,1,0,0,-1,64,0.0,0.375,0.375,0.0,21,18,10,15,18,7,16,22,51,16,0,16,0.25,UR,-0.0,0,51,0,0,13,0.0,1.0,0.0,0.0,0.203125,UR,0.0,0.421875,0.0,0.0,17,ur,dl,midline,1,0,0,0,0
7,1,size11_comp0.4_grid1_base_low,11,0.4,low,base,base,6,7,13,13,0,1,1,1,1,0,-1,54,0.0,0.3333333333333333,0.3333333333333333,0.0,13,12,13,16,17,14,13,9,33,7,0,17,0.3148148148148148,UR,1.0406014912311534,0,36,2,13,3,0.0,0.7058823529411765,0.0392156862745098,0.2549019607843137,0.05555555555555555,UR,0.0,0.5,0.0,0.05555555555555555,22,ur,dl,midline,1,0,0,0,0
8,1,size11_comp0.4_grid1_base_low,11,0.4,low,base,base,6,7,13,13,0,1,1,1,0,1,32,64,0.0,0.484375,0.5151515151515151,0.45161290322580644,9,17,18,20,18,16,16,13,43,9,1,8,0.125,UR,0.9989326546260581,0,27,0,25,12,0.0,0.5192307692307693,0.0,0.4807692307692308,0.1875,UR,0.0,0.0625,0.0,0.046875,4,ur,dl,midline,1,0,0,0,0
9,1,size11_comp0.4_grid1_base_low,11,0.4,low,base,base,6,7,13,13,0,1,1,1,0,0,-1,64,0.0,0.421875,0.421875,0.0,16,14,16,18,12,18,15,18,50,16,0,9,0.140625,UR,-0.0,0,57,0,0,7,0.0,1.0,0.0,0.0,0.109375,UR,0.0,0.53125,0.0,0.0,12,ur,dl,midline,1,0,0,0,0
0,2,size11_comp0.4_grid2_base_low,11,0.4,low,base,base,4,8,12,6,3,1,1,1,1,0,-1,21,0.0,0.19047619047619047,0.19047619047619047,0.0,1,5,3,12,7,4,5,4,14,4,0,9,0.42857142857142855,UL,0.9182958340544896,2,0,1,0,18,0.6666666666666666,0.0,0.3333333333333333,0.0,0.8571428571428571,,0.0,0.0,0.0,0.0,0,ul,dl,ur,1,0,0,0,0
1,2,size11_comp0.4_grid2_base_low,11,0.4,low,base,base,4,8,12,6,3,1,1,1,1,0,-1,28,0.0,0.25,0.25,0.0,6,6,7,9,4,7,7,9,20,6,0,10,0.35714285714285715,UL,-0.0,1,0,0,0,27,1.0,0.0,0.0,0.0,0.9642857142857143,,0.0,0.0,0.0,0.0,0,ul,dl,ur,1,0,0,0,0
2,2,size11_comp0.4_grid2_base_low,11,0.4,low,base,base,4,8,12,6,3,1,1,1,0,0,-1,64,0.0,0.296875,0.296875,0.0,33,8,8,15,28,19,9,7,44,5,0,29,0.453125,UR,1.0377724203178629,14,38,0,2,10,0.25925925925925924,0.7037037037037037,0.0,0.037037037037037035,0.15625,UR,0.0,0.46875,0.0,0.0,29,ul,dl,ur,0,1,0,0,0
3,2,size11_comp0.4_grid2_base_low,11,0.4,low,base,base,4,8,12,6,3,1,1,1,1,1,21,39,0.3076923076923077,0.5128205128205128,0.36363636363636365,0.7058823529411765,5,9,8,17,11,9,7,11,22,9,0,11,0.28205128205128205,UR,1.2309595631140104,5,9,1,0,24,0.3333333333333333,0.6,0.06666666666666667,0.0,0.6153846153846154,UR,0.0,0.02564102564102564,0.0,0.0,1,ul,dl,ur,0,1,0,0,0
4,2,size11_comp0.4_grid2_base_low,11,0.4,low,base,base,4,8,12,6,3,1,1,1,0,0,-1,64,0.0,0.296875,0.296875,0.0,26,10,8,20,21,16,15,11,48,8,0,29,0.453125,UR,0.37119390349406906,1,49,0,2,12,0.019230769230769232,0.9423076923076923,0.0,0.038461538461538464,0.1875,UR,0.0,0.625,0.0,0.0,38,ul,dl,ur,0,1,0,0,0
5,2,size11_comp0.4_grid2_base_low,11,0.4,low,base,base,4,8,12,6,3,1,1,1,0,1,9,64,0.0,0.40625,0.5,0.3888888888888889,19,12,14,19,17,19,18,9,45,7,6,16,0.25,UR,0.13923299905509887,1,50,0,0,13,0.0196078431372549,0.9803921568627451,0.0,0.0,0.203125,UR,0.0,0.171875,0.0,0.0,5,ul,dl,ur,0,1,0,0,0
6,2,size11_comp0.4_grid2_base_low,11,0.4,low,base,base,4,8,12,6,3,1,1,1,0,1,17,64,0.0,0.390625,0.4444444444444444,0.3695652173913043,23,15,7,19,21,16,12,14,42,11,8,15,0.234375,UR,0.17203694935311378,1,38,0,0,25,0.02564102564102564,0.9743589743589743,0.0,0.0,0.390625,UR,0.0,0.203125,0.0,0.0,9,ul,dl,ur,0,1,0,0,0
7,2,size11_comp0.4_grid2_base_low,11,0.4,low,base,base,4,8,12,6,3,1,1,1,0,1,38,64,0.0,0.40625,0.3333333333333333,0.52,16,14,11,23,22,12,15,14,48,13,7,20,0.3125,UR,0.6631968402398287,5,24,0,0,35,0.1724137931034483,0.8275862068965517,0.0,0.0,0.546875,UR,0.0,0.078125,0.0,0.0,3,ul,dl,ur,0,1,0,0,0
8,2,size11_comp0.4_grid2_base_low,11,0.4,low,base,base,4,8,12,6,3,1,1,1,0,1,16,64,0.0,0.234375,0.4117647058823529,0.1702127659574468,35,7,7,15,22,20,12,9,50,6,1,36,0.5625,UR,0.14144054254182067,1,49,0,0,14,0.02,0.98,0.0,0.0,0.21875,UR,0.0,0.6875,0.0,0.0,44,ul,dl,ur,0,1,0,0,0
9,2,size11_comp0.4_grid2_base_low,11,0.4,low,base,base,4,8,12,6,3,1,1,1,0,1,46,64,0.0,0.3125,0.3617021276595745,0.17647058823529413,23,12,7,22,19,14,13,17,46,12,2,26,0.40625,UR,0.659459211658581,3,27,1,0,33,0.0967741935483871,0.8709677419354839,0.03225806451612903,0.0,0.515625,UR,0.0,0.21875,0.0,0.0,13,ul,dl,ur,0,1,0,0,0
0,3,size11_comp0.4_grid3_base_low,11,0.4,low,base,base,11,8,19,3,8,1,1,1,1,0,-1,3,0.0,1.0,1.0,0.0,2,0,1,0,1,1,0,0,0,0,0,0,0.0,DL,-0.0,0,0,3,0,0,0.0,0.0,1.0,0.0,0.0,,0.0,0.0,0.0,0.0,0,dl,dl,ul,1,0,0,0,0
1,3,size11_comp0.4_grid3_base_low,11,0.4,low,base,base,11,8,19,3,8,1,1,1,1,0,-1,7,0.0,0.7142857142857143,0.7142857142857143,0.0,2,0,3,2,2,2,1,1,2,1,0,0,0.0,DL,-0.0,0,0,7,0,0,0.0,0.0,1.0,0.0,0.0,DL,0.0,0.0,0.42857142857142855,0.0,3,dl,dl,ul,1,0,0,0,0
2,3,size11_comp0.4_grid3_base_low,11,0.4,low,base,base,11,8,19,3,8,1,1,1,1,0,-1,5,0.0,0.8,0.8,0.0,2,0,2,1,0,1,3,0,0,0,0,0,0.0,DL,-0.0,0,0,5,0,0,0.0,0.0,1.0,0.0,0.0,DL,0.0,0.0,0.2,0.0,1,dl,dl,ul,1,0,0,0,0
3,3,size11_comp0.4_grid3_base_low,11,0.4,low,base,base,11,8,19,3,8,1,1,1,1,0,-1,3,0.0,1.0,1.0,0.0,2,0,1,0,1,1,0,0,0,0,0,0,0.0,DL,-0.0,0,0,3,0,0,0.0,0.0,1.0,0.0,0.0,,0.0,0.0,0.0,0.0,0,dl,dl,ul,1,0,0,0,0
4,3,size11_comp0.4_grid3_base_low,11,0.4,low,base,base,11,8,19,3,8,1,1,1,1,0,-1,3,0.0,1.0,1.0,0.0,2,0,1,0,1,1,0,0,0,0,0,0,0.0,DL,-0.0,0,0,3,0,0,0.0,0.0,1.0,0.0,0.0,,0.0,0.0,0.0,0.0,0,dl,dl,ul,1,0,0,0,0
5,3,size11_comp0.4_grid3_base_low,11,0.4,low,base,base,11,8,19,3,8,1,1,1,1,0,-1,3,0.0,1.0,1.0,0.0,2,0,1,0,1,1,0,0,0,0,0,0,0.0,DL,-0.0,0,0,3,0,0,0.0,0.0,1.0,0.0,0.0,,0.0,0.0,0.0,0.0,0,dl,dl,ul,1,0,0,0,0
6,3,size11_comp0.4_grid3_base_low,11,0.4,low,base,base,11,8,19,3,8,1,1,1,1,0,-1,7,0.0,0.7142857142857143,0.7142857142857143,0.0,2,0,3,2,0,2,1,3,3,3,0,0,0.0,DL,-0.0,0,0,7,0,0,0.0,0.0,1.0,0.0,0.0,DL,0.0,0.0,0.2857142857142857,0.0,1,dl,dl,ul,1,0,0,0,0
7,3,size11_comp0.4_grid3_base_low,11,0.4,low,base,base,11,8,19,3,8,1,1,1,1,0,-1,6,0.0,0.5,0.5,0.0,5,0,1,0,4,1,0,0,3,0,0,3,0.5,DL,-0.0,0,0,6,0,0,0.0,0.0,1.0,0.0,0.0,,0.0,0.0,0.0,0.0,0,dl,dl,ul,1,0,0,0,0
8,3,size11_comp0.4_grid3_base_low,11,0.4,low,base,base,11,8,19,3,8,1,1,1,1,0,-1,3,0.0,1.0,1.0,0.0,2,0,1,0,1,1,0,0,0,0,0,0,0.0,DL,-0.0,0,0,3,0,0,0.0,0.0,1.0,0.0,0.0,,0.0,0.0,0.0,0.0,0,dl,dl,ul,1,0,0,0,0
9,3,size11_comp0.4_grid3_base_low,11,0.4,low,base,base,11,8,19,3,8,1,1,1,1,0,-1,3,0.0,1.0,1.0,0.0,2,0,1,0,1,0,1,0,0,0,0,0,0.0,DL,-0.0,0,0,3,0,0,0.0,0.0,1.0,0.0,0.0,,0.0,0.0,0.0,0.0,0,dl,dl,ul,1,0,0,0,0
0,4,size11_comp0.4_grid4_base_low,11,0.4,low,base,base,5,10,15,5,5,1,1,1,1,0,-1,14,0.0,0.0,0.0,0.0,5,0,9,0,9,2,2,0,9,0,0,9,0.6428571428571429,UL,-0.0,14,0,0,0,0,1.0,0.0,0.0,0.0,0.0,UL,0.5714285714285714,0.0,0.0,0.0,8,ul,ul,midline,1,0,0,0,0
1,4,size11_comp0.4_grid4_base_low,11,0.4,low,base,base,5,10,15,5,5,1,1,1,1,0,-1,18,0.0,0.2222222222222222,0.2222222222222222,0.0,6,4,8,0,9,3,2,3,10,3,0,5,0.2777777777777778,UL,0.39124356362925566,12,0,1,0,5,0.9230769230769231,0.0,0.07692307692307693,0.0,0.2777777777777778,UL,0.05555555555555555,0.0,0.0,0.0,1,ul,ul,midline,1,0,0,0,0
2,4,size11_comp0.4_grid4_base_low,11,0.4,low,base,base,5,10,15,5,5,1,1,1,1,0,-1,8,0.0,0.0,0.0,0.0,4,0,4,0,3,2,2,0,3,0,0,3,0.375,UL,-0.0,8,0,0,0,0,1.0,0.0,0.0,0.0,0.0,UL,0.25,0.0,0.0,0.0,2,ul,ul,midline,1,0,0,0,0
3,4,size11_comp0.4_grid4_base_low,11,0.4,low,base,base,5,10,15,5,5,1,1,1,1,0,-1,23,0.0,0.0,0.0,0.0,20,0,3,0,20,1,1,0,18,0,0,18,0.782608695652174,UL,-0.0,23,0,0,0,0,1.0,0.0,0.0,0.0,0.0,UL,0.043478260869565216,0.0,0.0,0.0,1,ul,ul,midline,1,0,0,0,0
4,4,size11_comp0.4_grid4_base_low,11,0.4,low,base,base,5,10,15,5,5,1,1,1,1,0,-1,9,0.0,0.0,0.0,0.0,4,0,5,0,6,1,1,0,4,0,0,4,0.4444444444444444,UL,-0.0,9,0,0,0,0,1.0,0.0,0.0,0.0,0.0,UL,0.1111111111111111,0.0,0.0,0.0,1,ul,ul,midline,1,0,0,0,0
5,4,size11_comp0.4_grid4_base_low,11,0.4,low,base,base,5,10,15,5,5,1,1,1,0,0,-1,64,0.0,0.0625,0.0625,0.0,34,3,26,1,23,20,17,3,57,2,0,52,0.8125,UL,-0.0,64,0,0,0,0,1.0,0.0,0.0,0.0,0.0,UL,0.046875,0.0,0.0,0.0,3,ul,ul,midline,1,0,0,0,0
6,4,size11_comp0.4_grid4_base_low,11,0.4,low,base,base,5,10,15,5,5,1,1,1,1,0,-1,9,0.0,0.0,0.0,0.0,3,0,6,0,4,2,2,0,4,0,0,4,0.4444444444444444,UL,-0.0,9,0,0,0,0,1.0,0.0,0.0,0.0,0.0,UL,0.3333333333333333,0.0,0.0,0.0,3,ul,ul,midline,1,0,0,0,0
7,4,size11_comp0.4_grid4_base_low,11,0.4,low,base,base,5,10,15,5,5,1,1,1,0,0,-1,64,0.0,0.0625,0.0625,0.0,31,3,29,1,21,21,17,4,59,3,0,53,0.828125,UL,-0.0,64,0,0,0,0,1.0,0.0,0.0,0.0,0.0,,0.0,0.0,0.0,0.0,0,ul,ul,midline,1,0,0,0,0
8,4,size11_comp0.4_grid4_base_low,11,0.4,low,base,base,5,10,15,5,5,1,1,1,0,0,-1,64,0.0,0.0625,0.0625,0.0,36,2,24,2,25,18,14,6,59,3,0,53,0.828125,UL,-0.0,64,0,0,0,0,1.0,0.0,0.0,0.0,0.0,,0.0,0.0,0.0,0.0,0,ul,ul,midline,1,0,0,0,0
9,4,size11_comp0.4_grid4_base_low,11,0.4,low,base,base,5,10,15,5,5,1,1,1,1,0,-1,30,0.0,0.06666666666666667,0.06666666666666667,0.0,7,0,21,2,19,6,2,2,24,0,0,21,0.7,UL,-0.0,30,0,0,0,0,1.0,0.0,0.0,0.0,0.0,UL,0.8,0.0,0.0,0.0,24,ul,ul,midline,1,0,0,0,0
0,5,size11_comp0.4_grid5_base_low,11,0.4,low,base,base,3,9,12,6,3,1,1,1,1,0,-1,43,0.0,0.23255813953488372,0.23255813953488372,0.0,22,6,10,5,18,10,6,8,30,6,0,17,0.3953488372093023,UR,0.4537163391869448,4,38,0,0,1,0.09523809523809523,0.9047619047619048,0.0,0.0,0.023255813953488372,UR,0.0,0.27906976744186046,0.0,0.0,8,ur,ul,midline,1,0,0,0,0
1,5,size11_comp0.4_grid5_base_low,11,0.4,low,base,base,3,9,12,6,3,1,1,1,0,0,-1,64,0.0,0.15625,0.15625,0.0,44,2,10,8,35,11,10,7,56,5,0,41,0.640625,UR,-0.0,0,59,0,0,5,0.0,1.0,0.0,0.0,0.078125,UR,0.0,0.03125,0.0,0.0,1,ur,ul,midline,1,0,0,0,0
2,5,size11_comp0.4_grid5_base_low,11,0.4,low,base,base,3,9,12,6,3,1,1,1,0,0,-1,64,0.0,0.1875,0.1875,0.0,41,3,11,9,35,10,11,7,56,6,0,37,0.578125,UR,-0.0,0,52,0,0,12,0.0,1.0,0.0,0.0,0.1875,UR,0.0,0.1875,0.0,0.0,6,ur,ul,midline,1,0,0,0,0
3,5,size11_comp0.4_grid5_base_low,11,0.4,low,base,base,3,9,12,6,3,1,1,1,0,0,-1,64,0.0,0.15625,0.15625,0.0,42,3,8,11,31,13,13,6,53,3,0,42,0.65625,UR,0.4021791902022728,4,46,0,0,14,0.08,0.92,0.0,0.0,0.21875,UR,0.0,0.4375,0.0,0.0,22,ur,ul,midline,1,0,0,0,0
4,5,size11_comp0.4_grid5_base_low,11,0.4,low,base,base,3,9,12,6,3,1,1,1,0,0,-1,64,0.0,0.171875,0.171875,0.0,43,3,10,8,36,11,8,8,56,5,0,39,0.609375,UR,-0.0,0,61,0,0,3,0.0,1.0,0.0,0.0,0.046875,UR,0.0,0.15625,0.0,0.0,7,ur,ul,midline,1,0,0,0,0
5,5,size11_comp0.4_grid5_base_low,11,0.4,low,base,base,3,9,12,6,3,1,1,1,0,0,-1,64,0.0,0.203125,0.203125,0.0,38,2,13,11,28,11,15,9,55,7,0,35,0.546875,UR,0.8238116333123173,8,23,0,0,33,0.25806451612903225,0.7419354838709677,0.0,0.0,0.515625,UR,0.0,0.015625,0.0,0.0,1,ur,ul,midline,1,0,0,0,0
6,5,size11_comp0.4_grid5_base_low,11,0.4,low,base,base,3,9,12,6,3,1,1,1,0,0,-1,64,0.0,0.203125,0.203125,0.0,39,3,12,10,31,11,13,8,54,5,0,35,0.546875,UR,-0.0,0,59,0,0,5,0.0,1.0,0.0,0.0,0.078125,UR,0.0,0.34375,0.0,0.0,12,ur,ul,midline,1,0,0,0,0
7,5,size11_comp0.4_grid5_base_low,11,0.4,low,base,base,3,9,12,6,3,1,1,1,0,0,-1,64,0.0,0.09375,0.09375,0.0,52,1,6,5,43,9,9,2,58,1,0,50,0.78125,UR,-0.0,0,64,0,0,0,0.0,1.0,0.0,0.0,0.0,UR,0.0,0.28125,0.0,0.0,11,ur,ul,midline,1,0,0,0,0
8,5,size11_comp0.4_grid5_base_low,11,0.4,low,base,base,3,9,12,6,3,1,1,1,1,0,-1,20,0.0,0.1,0.1,0.0,11,2,6,1,11,4,2,2,11,1,0,10,0.5,UR,0.5032583347756457,2,16,0,0,2,0.1111111111111111,0.8888888888888888,0.0,0.0,0.1,UR,0.0,0.15,0.0,0.0,3,ur,ul,midline,1,0,0,0,0
9,5,size11_comp0.4_grid5_base_low,11,0.4,low,base,base,3,9,12,6,3,1,1,1,1,0,-1,61,0.0,0.18032786885245902,0.18032786885245902,0.0,35,3,14,9,24,18,11,7,52,6,0,33,0.5409836065573771,UR,0.28998604703320907,3,56,0,0,2,0.05084745762711865,0.9491525423728814,0.0,0.0,0.03278688524590164,UR,0.0,0.16393442622950818,0.0,0.0,3,ur,ul,midline,1,0,0,0,0
0,6,size11_comp0.4_grid6_base_low,11,0.4,low,base,base,10,15,25,7,10,1,1,1,1,0,-1,19,0.0,0.15789473684210525,0.15789473684210525,0.0,7,1,8,3,6,5,5,2,11,2,0,8,0.42105263157894735,UL,0.6500224216483541,15,0,3,0,1,0.8333333333333334,0.0,0.16666666666666666,0.0,0.05263157894736842,UL,0.21052631578947367,0.0,0.0,0.0,4,dl,ul,dr,0,0,0,0,0
1,6,size11_comp0.4_grid6_base_low,11,0.4,low,base,base,10,15,25,7,10,1,1,1,1,0,-1,27,0.0,0.1111111111111111,0.1111111111111111,0.0,9,1,14,3,11,8,6,1,18,0,0,16,0.5925925925925926,DL,0.9798687566511528,10,0,14,0,3,0.4166666666666667,0.0,0.5833333333333334,0.0,0.1111111111111111,UL,0.07407407407407407,0.0,0.0,0.0,2,dl,ul,dr,1,0,0,0,0
2,6,size11_comp0.4_grid6_base_low,11,0.4,low,base,base,10,15,25,7,10,1,1,1,1,0,-1,17,0.0,0.17647058823529413,0.17647058823529413,0.0,8,2,5,2,2,5,4,5,10,3,0,6,0.35294117647058826,UL,0.7219280948873623,12,0,3,0,2,0.8,0.0,0.2,0.0,0.11764705882352941,UL,0.23529411764705882,0.0,0.0,0.0,3,dl,ul,dr,0,0,0,0,0
3,6,size11_comp0.4_grid6_base_low,11,0.4,low,base,base,10,15,25,7,10,1,1,1,1,0,-1,29,0.0,0.10344827586206896,0.10344827586206896,0.0,10,1,15,3,12,5,7,4,20,1,0,18,0.6206896551724138,UL,0.9876925088958034,13,0,10,0,6,0.5652173913043478,0.0,0.43478260869565216,0.0,0.20689655172413793,UL,0.10344827586206896,0.0,0.0,0.0,2,dl,ul,dr,0,0,0,0,0
4,6,size11_comp0.4_grid6_base_low,11,0.4,low,base,base,10,15,25,7,10,1,1,1,1,0,-1,11,0.0,0.09090909090909091,0.09090909090909091,0.0,6,0,4,1,5,2,3,0,4,0,0,4,0.36363636363636365,UL,0.7642045065086203,7,0,2,0,2,0.7777777777777778,0.0,0.2222222222222222,0.0,0.18181818181818182,UL,0.18181818181818182,0.0,0.0,0.0,2,dl,ul,dr,0,0,0,0,0
5,6,size11_comp0.4_grid6_base_low,11,0.4,low,base,base,10,15,25,7,10,1,1,1,1,0,-1,18,0.0,0.1111111111111111,0.1111111111111111,0.0,7,0,8,3,7,5,3,2,9,0,0,9,0.5,UL,1.0,7,0,7,0,4,0.5,0.0,0.5,0.0,0.2222222222222222,UL,0.1111111111111111,0.0,0.0,0.0,2,dl,ul,dr,0,0,0,0,0
6,6,size11_comp0.4_grid6_base_low,11,0.4,low,base,base,10,15,25,7,10,1,1,1,1,0,-1,20,0.0,0.1,0.1,0.0,7,1,9,3,4,6,6,3,13,0,0,11,0.55,UL,0.8997437586982626,13,0,6,0,1,0.6842105263157895,0.0,0.3157894736842105,0.0,0.05,UL,0.25,0.0,0.0,0.0,3,dl,ul,dr,0,0,0,0,0
7,6,size11_comp0.4_grid6_base_low,11,0.4,low,base,base,10,15,25,7,10,1,1,1,1,0,-1,15,0.0,0.2,0.2,0.0,6,0,6,3,6,2,5,1,6,1,0,4,0.26666666666666666,UL,0.9402859586706311,9,0,5,0,1,0.6428571428571429,0.0,0.35714285714285715,0.0,0.06666666666666667,UL,0.3333333333333333,0.0,0.0,0.0,3,dl,ul,dr,0,0,0,0,0
8,6,size11_comp0.4_grid6_base_low,11,0.4,low,base,base,10,15,25,7,10,1,1,1,1,0,-1,32,0.0,0.21875,0.21875,0.0,11,5,13,3,10,6,10,5,24,5,0,13,0.40625,UL,0.7088356733321961,25,0,6,0,1,0.8064516129032258,0.0,0.1935483870967742,0.0,0.03125,UL,0.34375,0.0,0.0,0.0,4,dl,ul,dr,0,0,0,0,0
9,6,size11_comp0.4_grid6_base_low,11,0.4,low,base,base,10,15,25,7,10,1,1,1,1,0,-1,15,0.0,0.13333333333333333,0.13333333333333333,0.0,7,1,6,1,3,5,6,0,8,0,0,6,0.4,DL,0.9402859586706311,5,0,9,0,1,0.35714285714285715,0.0,0.6428571428571429,0.0,0.06666666666666667,UL,0.13333333333333333,0.0,0.0,0.0,2,dl,ul,dr,1,0,0,0,0
0,7,size11_comp0.4_grid7_base_low,11,0.4,low,base,base,5,4,9,5,2,1,1,1,1,0,-1,9,0.0,0.4444444444444444,0.4444444444444444,0.0,0,3,1,5,2,2,2,2,4,2,0,2,0.2222222222222222,DR,0.863120568566631,0,0,2,5,2,0.0,0.0,0.2857142857142857,0.7142857142857143,0.2222222222222222,,0.0,0.0,0.0,0.0,0,dl,dr,midline,0,0,0,0,0
1,7,size11_comp0.4_grid7_base_low,11,0.4,low,base,base,5,4,9,5,2,1,1,1,0,0,-1,64,0.0,0.3125,0.3125,0.0,14,9,10,31,24,10,17,12,51,10,0,27,0.421875,DR,0.8256265261578954,0,0,7,20,37,0.0,0.0,0.25925925925925924,0.7407407407407407,0.578125,DR,0.0,0.0,0.0,0.015625,1,dl,dr,midline,0,0,0,0,0
2,7,size11_comp0.4_grid7_base_low,11,0.4,low,base,base,5,4,9,5,2,1,1,1,1,0,-1,6,0.0,0.5,0.5,0.0,0,1,0,5,3,1,1,0,1,0,0,1,0.16666666666666666,DR,0.7219280948873623,0,0,1,4,1,0.0,0.0,0.2,0.8,0.16666666666666666,,0.0,0.0,0.0,0.0,0,dl,dr,midline,0,0,0,0,0
3,7,size11_comp0.4_grid7_base_low,11,0.4,low,base,base,5,4,9,5,2,1,1,1,1,0,-1,30,0.0,0.36666666666666664,0.36666666666666664,0.0,4,11,4,11,11,5,9,4,19,4,0,9,0.3,DR,0.9426831892554922,0,0,9,16,5,0.0,0.0,0.36,0.64,0.16666666666666666,DR,0.0,0.0,0.0,0.03333333333333333,1,dl,dr,midline,0,0,0,0,0
4,7,size11_comp0.4_grid7_base_low,11,0.4,low,base,base,5,4,9,5,2,1,1,1,1,0,-1,21,0.0,0.3333333333333333,0.3333333333333333,0.0,3,3,3,12,7,5,4,4,14,3,0,8,0.38095238095238093,DR,0.6722948170756379,0,0,3,14,4,0.0,0.0,0.17647058823529413,0.8235294117647058,0.19047619047619047,DR,0.0,0.0,0.0,0.047619047619047616,1,dl,dr,midline,0,0,0,0,0
5,7,size11_comp0.4_grid7_base_low,11,0.4,low,base,base,5,4,9,5,2,1,1,1,1,0,-1,30,0.0,0.43333333333333335,0.43333333333333335,0.0,6,9,5,10,4,6,6,13,21,12,0,5,0.16666666666666666,DL,0.9612366047228759,0,0,8,5,17,0.0,0.0,0.6153846153846154,0.38461538461538464,0.5666666666666667,,0.0,0.0,0.0,0.0,0,dl,dr,midline,1,0,0,0,0
6,7,size11_comp0.4_grid7_base_low,11,0.4,low,base,base,5,4,9,5,2,1,1,1,1,0,-1,39,0.0,0.3076923076923077,0.3076923076923077,0.0,6,13,7,13,13,7,12,6,27,3,0,16,0.41025641025641024,DR,0.863120568566631,0,0,8,20,11,0.0,0.0,0.2857142857142857,0.7142857142857143,0.28205128205128205,DR,0.0,0.0,0.0,0.02564102564102564,1,dl,dr,midline,0,0,0,0,0
7,7,size11_comp0.4_grid7_base_low,11,0.4,low,base,base,5,4,9,5,2,1,1,1,1,0,-1,25,0.0,0.28,0.28,0.0,3,4,2,16,11,4,7,2,17,2,0,12,0.48,DL,0.9949848281859701,0,0,13,11,1,0.0,0.0,0.5416666666666666,0.4583333333333333,0.04,,0.0,0.0,0.0,0.0,0,dl,dr,midline,1,0,0,0,0
8,7,size11_comp0.4_grid7_base_low,11,0.4,low,base,base,5,4,9,5,2,1,1,1,1,0,-1,13,0.0,0.3076923076923077,0.3076923076923077,0.0,2,5,0,6,2,6,3,1,6,0,0,6,0.46153846153846156,DR,0.5916727785823275,0,0,1,6,6,0.0,0.0,0.14285714285714285,0.8571428571428571,0.46153846153846156,DR,0.0,0.0,0.0,0.07692307692307693,1,dl,dr,midline,0,0,0,0,0
9,7,size11_comp0.4_grid7_base_low,11,0.4,low,base,base,5,4,9,5,2,1,1,1,1,0,-1,26,0.0,0.38461538461538464,0.38461538461538464,0.0,8,7,2,9,5,4,7,9,17,7,0,7,0.2692307692307692,DL,0.74959525725948,0,0,11,3,12,0.0,0.0,0.7857142857142857,0.21428571428571427,0.46153846153846156,,0.0,0.0,0.0,0.0,0,dl,dr,midline,1,0,0,0,0
0,8,size11_comp0.4_grid8_base_low,11,0.4,low,base,base,3,3,6,4,2,1,1,1,1,1,2,13,0.46153846153846156,0.5384615384615384,1.0,0.4,3,0,3,7,7,0,4,1,5,0,4,5,0.38461538461538464,UL,-0.0,13,0,0,0,0,1.0,0.0,0.0,0.0,0.0,UL,0.6923076923076923,0.0,0.0,0.0,9,ul,ul,ul,1,1,0,0,0
1,8,size11_comp0.4_grid8_base_low,11,0.4,low,base,base,3,3,6,4,2,1,1,1,1,1,8,13,0.46153846153846156,0.6923076923076923,0.6666666666666666,0.75,3,0,4,6,4,1,5,2,3,2,1,1,0.07692307692307693,UL,-0.0,13,0,0,0,0,1.0,0.0,0.0,0.0,0.0,UL,0.3076923076923077,0.0,0.0,0.0,4,ul,ul,ul,1,1,0,0,0
2,8,size11_comp0.4_grid8_base_low,11,0.4,low,base,base,3,3,6,4,2,1,1,1,1,1,2,9,0.6666666666666666,0.6666666666666666,1.0,0.5,3,0,1,5,4,1,3,0,3,0,3,3,0.3333333333333333,UL,-0.0,9,0,0,0,0,1.0,0.0,0.0,0.0,0.0,UL,0.5555555555555556,0.0,0.0,0.0,5,ul,ul,ul,1,1,0,0,0
3,8,size11_comp0.4_grid8_base_low,11,0.4,low,base,base,3,3,6,4,2,1,1,1,1,0,-1,12,0.0,0.4166666666666667,0.4166666666666667,0.0,5,1,3,3,1,5,1,4,7,3,0,2,0.16666666666666666,UL,-0.0,12,0,0,0,0,1.0,0.0,0.0,0.0,0.0,,0.0,0.0,0.0,0.0,0,ul,ul,ul,1,1,0,0,0
4,8,size11_comp0.4_grid8_base_low,11,0.4,low,base,base,3,3,6,4,2,1,1,1,1,1,2,6,1.0,1.0,1.0,1.0,3,0,1,2,2,1,2,0,0,0,0,0,0.0,UL,-0.0,6,0,0,0,0,1.0,0.0,0.0,0.0,0.0,UL,0.3333333333333333,0.0,0.0,0.0,2,ul,ul,ul,1,1,0,0,0
5,8,size11_comp0.4_grid8_base_low,11,0.4,low,base,base,3,3,6,4,2,1,1,1,1,0,-1,5,0.0,0.4,0.4,0.0,4,0,0,1,2,1,1,0,1,0,0,1,0.2,UL,-0.0,5,0,0,0,0,1.0,0.0,0.0,0.0,0.0,,0.0,0.0,0.0,0.0,0,ul,ul,ul,1,1,0,0,0
6,8,size11_comp0.4_grid8_base_low,11,0.4,low,base,base,3,3,6,4,2,1,1,1,1,0,-1,9,0.0,0.4444444444444444,0.4444444444444444,0.0,4,1,2,2,1,3,1,3,4,3,0,1,0.1111111111111111,UL,-0.0,9,0,0,0,0,1.0,0.0,0.0,0.0,0.0,,0.0,0.0,0.0,0.0,0,ul,ul,ul,1,1,0,0,0
7,8,size11_comp0.4_grid8_base_low,11,0.4,low,base,base,3,3,6,4,2,1,1,1,1,1,4,13,0.46153846153846156,0.6923076923076923,0.8,0.625,4,1,3,5,2,2,8,0,5,0,3,1,0.07692307692307693,UL,-0.0,13,0,0,0,0,1.0,0.0,0.0,0.0,0.0,UL,0.46153846153846156,0.0,0.0,0.0,3,ul,ul,ul,1,1,0,0,0
8,8,size11_comp0.4_grid8_base_low,11,0.4,low,base,base,3,3,6,4,2,1,1,1,1,1,2,11,0.5454545454545454,0.5454545454545454,1.0,0.375,3,0,1,7,6,1,3,0,5,0,5,5,0.45454545454545453,UL,-0.0,11,0,0,0,0,1.0,0.0,0.0,0.0,0.0,UL,0.6363636363636364,0.0,0.0,0.0,7,ul,ul,ul,1,1,0,0,0
9,8,size11_comp0.4_grid8_base_low,11,0.4,low,base,base,3,3,6,4,2,1,1,1,1,0,-1,11,0.0,0.45454545454545453,0.45454545454545453,0.0,5,1,2,3,2,5,1,2,5,2,0,1,0.09090909090909091,UL,-0.0,11,0,0,0,0,1.0,0.0,0.0,0.0,0.0,,0.0,0.0,0.0,0.0,0,ul,ul,ul,1,1,0,0,0
0,9,size11_comp0.4_grid9_base_low,11,0.4,low,base,base,9,13,22,8,8,1,1,1,1,0,-1,24,0.0,0.25,0.25,0.0,9,1,9,5,4,5,10,4,14,4,0,8,0.3333333333333333,UL,0.998363672593813,11,0,10,0,3,0.5238095238095238,0.0,0.47619047619047616,0.0,0.125,UL,0.08333333333333333,0.0,0.041666666666666664,0.0,2,dl,ul,dr,0,0,0,0,0
1,9,size11_comp0.4_grid9_base_low,11,0.4,low,base,base,9,13,22,8,8,1,1,1,1,0,-1,10,0.0,0.2,0.2,0.0,7,0,2,1,6,1,2,0,2,0,0,2,0.2,UL,0.9182958340544896,6,0,3,0,1,0.6666666666666666,0.0,0.3333333333333333,0.0,0.1,UL,0.2,0.0,0.1,0.0,2,dl,ul,dr,0,0,0,0,0
2,9,size11_comp0.4_grid9_base_low,11,0.4,low,base,base,9,13,22,8,8,1,1,1,1,0,-1,21,0.0,0.19047619047619047,0.19047619047619047,0.0,9,2,7,3,7,7,5,1,13,1,0,9,0.42857142857142855,UL,0.7219280948873623,16,0,4,0,1,0.8,0.0,0.2,0.0,0.047619047619047616,UL,0.42857142857142855,0.0,0.047619047619047616,0.0,5,dl,ul,dr,0,0,0,0,0
3,9,size11_comp0.4_grid9_base_low,11,0.4,low,base,base,9,13,22,8,8,1,1,1,1,0,-1,18,0.0,0.2222222222222222,0.2222222222222222,0.0,10,1,5,2,4,6,4,3,9,2,0,6,0.3333333333333333,UL,0.9975025463691152,9,0,8,0,1,0.5294117647058824,0.0,0.47058823529411764,0.0,0.05555555555555555,UL,0.16666666666666666,0.0,0.05555555555555555,0.0,3,dl,ul,dr,0,0,0,0,0
4,9,size11_comp0.4_grid9_base_low,11,0.4,low,base,base,9,13,22,8,8,1,1,1,1,0,-1,19,0.0,0.21052631578947367,0.21052631578947367,0.0,9,0,7,3,4,7,6,1,10,1,0,7,0.3684210526315789,DL,0.9975025463691152,8,0,9,0,2,0.47058823529411764,0.0,0.5294117647058824,0.0,0.10526315789473684,UL,0.10526315789473684,0.0,0.05263157894736842,0.0,2,dl,ul,dr,1,0,0,0,0
5,9,size11_comp0.4_grid9_base_low,11,0.4,low,base,base,9,13,22,8,8,1,1,1,1,0,-1,36,0.0,0.1111111111111111,0.1111111111111111,0.0,8,1,22,5,13,7,9,6,27,1,0,24,0.6666666666666666,UL,0.7382848661434506,19,0,5,0,12,0.7916666666666666,0.0,0.20833333333333334,0.0,0.3333333333333333,UL,0.16666666666666666,0.0,0.05555555555555555,0.0,6,dl,ul,dr,0,0,0,0,0
6,9,size11_comp0.4_grid9_base_low,11,0.4,low,base,base,9,13,22,8,8,1,1,1,1,0,-1,17,0.0,0.11764705882352941,0.11764705882352941,0.0,7,0,7,3,4,4,4,4,9,0,0,9,0.5294117647058824,UL,0.8904916402194913,9,0,4,0,4,0.6923076923076923,0.0,0.3076923076923077,0.0,0.23529411764705882,UL,0.17647058823529413,0.0,0.058823529411764705,0.0,3,dl,ul,dr,0,0,0,0,0
7,9,size11_comp0.4_grid9_base_low,11,0.4,low,base,base,9,13,22,8,8,1,1,1,1,0,-1,20,0.0,0.15,0.15,0.0,7,0,10,3,6,5,5,3,11,1,0,10,0.5,UL,1.0,8,0,8,0,4,0.5,0.0,0.5,0.0,0.2,UL,0.1,0.0,0.1,0.0,2,dl,ul,dr,0,0,0,0,0
8,9,size11_comp0.4_grid9_base_low,11,0.4,low,base,base,9,13,22,8,8,1,1,1,1,0,-1,20,0.0,0.2,0.2,0.0,9,2,8,1,9,4,4,2,12,2,0,8,0.4,UL,0.7793498372920851,10,0,3,0,7,0.7692307692307693,0.0,0.23076923076923078,0.0,0.35,UL,0.1,0.0,0.05,0.0,2,dl,ul,dr,0,0,0,0,0
9,9,size11_comp0.4_grid9_base_low,11,0.4,low,base,base,9,13,22,8,8,1,1,1,1,0,-1,22,0.0,0.22727272727272727,0.22727272727272727,0.0,10,3,7,2,9,6,4,2,13,2,0,8,0.36363636363636365,DL,0.934068055375491,7,0,13,0,2,0.35,0.0,0.65,0.0,0.09090909090909091,DL,0.13636363636363635,0.0,0.3181818181818182,0.0,7,dl,ul,dr,1,0,0,0,0
0,0,size11_comp0.6_grid0_base_low,11,0.6,low,base,base,10,9,19,3,8,1,1,1,1,0,-1,7,0.0,0.42857142857142855,0.42857142857142855,0.0,3,0,2,2,1,3,0,2,3,1,0,2,0.2857142857142857,UR,-0.0,0,7,0,0,0,0.0,1.0,0.0,0.0,0.0,UR,0.0,0.14285714285714285,0.0,0.0,1,ur,ur,ul,1,0,0,0,0
1,0,size11_comp0.6_grid0_base_low,11,0.6,low,base,base,10,9,19,3,8,1,1,1,1,0,-1,8,0.0,0.5,0.5,0.0,3,1,2,2,1,4,0,2,4,2,0,1,0.125,UR,-0.0,0,8,0,0,0,0.0,1.0,0.0,0.0,0.0,UR,0.0,0.125,0.0,0.0,1,ur,ur,ul,1,0,0,0,0
2,0,size11_comp0.6_grid0_base_low,11,0.6,low,base,base,10,9,19,3,8,1,1,1,1,0,-1,22,0.0,0.5,0.5,0.0,4,1,8,9,4,2,3,12,15,11,0,1,0.045454545454545456,UR,-0.0,0,22,0,0,0,0.0,1.0,0.0,0.0,0.0,UR,0.0,0.8181818181818182,0.0,0.0,11,ur,ur,ul,1,0,0,0,0
3,0,size11_comp0.6_grid0_base_low,11,0.6,low,base,base,10,9,19,3,8,1,1,1,1,0,-1,9,0.0,0.3333333333333333,0.3333333333333333,0.0,3,0,4,2,2,1,3,2,4,0,0,4,0.4444444444444444,UR,-0.0,0,9,0,0,0,0.0,1.0,0.0,0.0,0.0,UR,0.0,0.2222222222222222,0.0,0.0,2,ur,ur,ul,1,0,0,0,0
4,0,size11_comp0.6_grid0_base_low,11,0.6,low,base,base,10,9,19,3,8,1,1,1,1,0,-1,10,0.0,0.4,0.4,0.0,3,0,5,2,3,2,1,3,6,3,0,3,0.3,UR,-0.0,0,10,0,0,0,0.0,1.0,0.0,0.0,0.0,UR,0.0,0.1,0.0,0.0,1,ur,ur,ul,1,0,0,0,0
5,0,size11_comp0.6_grid0_base_low,11,0.6,low,base,base,10,9,19,3,8,1,1,1,1,0,-1,5,0.0,0.6,0.6,0.0,3,0,1,1,1,2,0,1,1,1,0,0,0.0,UR,-0.0,0,5,0,0,0,0.0,1.0,0.0,0.0,0.0,UR,0.0,0.2,0.0,0.0,1,ur,ur,ul,1,0,0,0,0
6,0,size11_comp0.6_grid0_base_low,11,0.6,low,base,base,10,9,19,3,8,1,1,1,1,0,-1,7,0.0,0.5714285714285714,0.5714285714285714,0.0,3,0,2,2,1,1,2,2,2,2,0,0,0.0,UR,-0.0,0,7,0,0,0,0.0,1.0,0.0,0.0,0.0,UR,0.0,0.7142857142857143,0.0,0.0,5,ur,ur,ul,1,0,0,0,0
7,0,size11_comp0.6_grid0_base_low,11,0.6,low,base,base,10,9,19,3,8,1,1,1,1,0,-1,6,0.0,0.5,0.5,0.0,3,0,2,1,1,2,1,1,2,1,0,1,0.16666666666666666,UR,-0.0,0,6,0,0,0,0.0,1.0,0.0,0.0,0.0,UR,0.0,0.5,0.0,0.0,3,ur,ur,ul,1,0,0,0,0
8,0,size11_comp0.6_grid0_base_low,11,0.6,low,base,base,10,9,19,3,8,1,1,1,1,0,-1,60,0.0,0.45,0.45,0.0,8,9,23,20,9,23,6,21,53,21,0,7,0.11666666666666667,UR,-0.0,0,60,0,0,0,0.0,1.0,0.0,0.0,0.0,UR,0.0,0.3333333333333333,0.0,0.0,5,ur,ur,ul,1,0,0,0,0
9,0,size11_comp0.6_grid0_base_low,11,0.6,low,base,base,10,9,19,3,8,1,1,1,1,0,-1,7,0.0,0.5714285714285714,0.5714285714285714,0.0,4,1,1,1,1,3,1,1,2,1,0,0,0.0,UR,-0.0,0,7,0,0,0,0.0,1.0,0.0,0.0,0.0,UR,0.0,0.2857142857142857,0.0,0.0,1,ur,ur,ul,1,0,0,0,0
0,1,size11_comp0.6_grid1_base_low,11,0.6,low,base,base,10,11,21,15,3,1,1,1,0,0,-1,64,0.0,0.328125,0.328125,0.0,13,16,7,28,19,16,15,13,54,10,0,24,0.375,DL,-0.0,0,0,25,0,39,0.0,0.0,1.0,0.0,0.609375,DL,0.0,0.0,0.140625,0.0,9,dl,dr,ul,1,0,0,0,0
1,1,size11_comp0.6_grid1_base_low,11,0.6,low,base,base,10,11,21,15,3,1,1,1,0,0,-1,64,0.0,0.28125,0.28125,0.0,14,13,5,32,21,14,16,12,54,8,0,31,0.484375,DL,-0.0,0,0,16,0,48,0.0,0.0,1.0,0.0,0.75,DL,0.0,0.0,0.078125,0.0,5,dl,dr,ul,1,0,0,0,0
2,1,size11_comp0.6_grid1_base_low,11,0.6,low,base,base,10,11,21,15,3,1,1,1,0,0,-1,64,0.0,0.265625,0.265625,0.0,15,17,4,28,18,14,19,12,55,8,0,31,0.484375,DL,-0.0,0,0,14,0,50,0.0,0.0,1.0,0.0,0.78125,DL,0.0,0.0,0.0625,0.0,4,dl,dr,ul,1,0,0,0,0
3,1,size11_comp0.6_grid1_base_low,11,0.6,low,base,base,10,11,21,15,3,1,1,1,0,0,-1,64,0.0,0.265625,0.265625,0.0,12,17,4,31,18,16,22,7,52,4,0,32,0.5,DL,-0.0,0,0,13,0,51,0.0,0.0,1.0,0.0,0.796875,DL,0.0,0.0,0.0625,0.0,4,dl,dr,ul,1,0,0,0,0
4,1,size11_comp0.6_grid1_base_low,11,0.6,low,base,base,10,11,21,15,3,1,1,1,0,0,-1,64,0.0,0.28125,0.28125,0.0,13,12,7,32,19,16,18,10,55,6,0,30,0.46875,DL,-0.0,0,0,20,0,44,0.0,0.0,1.0,0.0,0.6875,DL,0.0,0.0,0.09375,0.0,4,dl,dr,ul,1,0,0,0,0
5,1,size11_comp0.6_grid1_base_low,11,0.6,low,base,base,10,11,21,15,3,1,1,1,0,0,-1,64,0.0,0.296875,0.296875,0.0,11,17,6,30,18,18,11,16,56,14,0,31,0.484375,DL,-0.0,0,0,13,0,51,0.0,0.0,1.0,0.0,0.796875,DL,0.0,0.0,0.03125,0.0,2,dl,dr,ul,1,0,0,0,0
6,1,size11_comp0.6_grid1_base_low,11,0.6,low,base,base,10,11,21,15,3,1,1,1,0,0,-1,64,0.0,0.296875,0.296875,0.0,11,11,8,34,25,10,14,14,51,10,0,27,0.421875,DL,-0.0,0,0,21,0,43,0.0,0.0,1.0,0.0,0.671875,DL,0.0,0.0,0.09375,0.0,5,dl,dr,ul,1,0,0,0,0
7,1,size11_comp0.6_grid1_base_low,11,0.6,low,base,base,10,11,21,15,3,1,1,1,0,0,-1,64,0.0,0.265625,0.265625,0.0,8,16,7,33,21,13,17,12,56,8,0,31,0.484375,DL,-0.0,0,0,16,0,48,0.0,0.0,1.0,0.0,0.75,DL,0.0,0.0,0.015625,0.0,1,dl,dr,ul,1,0,0,0,0
8,1,size11_comp0.6_grid1_base_low,11,0.6,low,base,base,10,11,21,15,3,1,1,1,0,0,-1,64,0.0,0.28125,0.28125,0.0,10,14,7,33,16,14,14,19,58,12,0,30,0.46875,DL,-0.0,0,0,13,0,51,0.0,0.0,1.0,0.0,0.796875,DL,0.0,0.0,0.015625,0.0,1,dl,dr,ul,1,0,0,0,0
9,1,size11_comp0.6_grid1_base_low,11,0.6,low,base,base,10,11,21,15,3,1,1,1,0,0,-1,64,0.0,0.265625,0.265625,0.0,14,18,2,30,14,21,14,14,57,11,0,31,0.484375,DL,-0.0,0,0,8,0,56,0.0,0.0,1.0,0.0,0.875,DL,0.0,0.0,0.046875,0.0,3,dl,dr,ul,1,0,0,0,0
0,2,size11_comp0.6_grid2_base_low,11,0.6,low,base,base,6,10,16,12,6,1,1,1,1,0,-1,17,0.0,0.23529411764705882,0.23529411764705882,0.0,10,0,3,4,9,3,4,0,5,0,0,5,0.29411764705882354,UL,0.9402859586706311,9,0,5,0,3,0.6428571428571429,0.0,0.35714285714285715,0.0,0.17647058823529413,UL,0.11764705882352941,0.0,0.0,0.0,2,dl,ur,dr,0,0,0,0,0
1,2,size11_comp0.6_grid2_base_low,11,0.6,low,base,base,6,10,16,12,6,1,1,1,1,0,-1,26,0.0,0.2692307692307692,0.2692307692307692,0.0,9,2,8,7,9,6,7,3,10,2,0,8,0.3076923076923077,DL,0.9656361333706098,9,0,14,0,3,0.391304347826087,0.0,0.6086956521739131,0.0,0.11538461538461539,UL,0.11538461538461539,0.0,0.0,0.0,3,dl,ur,dr,1,0,0,0,0
2,2,size11_comp0.6_grid2_base_low,11,0.6,low,base,base,6,10,16,12,6,1,1,1,1,0,-1,27,0.0,0.3333333333333333,0.3333333333333333,0.0,13,5,3,6,10,5,3,8,13,6,0,5,0.18518518518518517,UL,0.5435644431995964,21,0,3,0,3,0.875,0.0,0.125,0.0,0.1111111111111111,UL,0.14814814814814814,0.0,0.0,0.0,2,dl,ur,dr,0,0,0,0,0
3,2,size11_comp0.6_grid2_base_low,11,0.6,low,base,base,6,10,16,12,6,1,1,1,1,0,-1,22,0.0,0.3181818181818182,0.3181818181818182,0.0,9,2,5,6,8,2,6,5,9,4,0,4,0.18181818181818182,UL,0.8112781244591328,15,0,5,0,2,0.75,0.0,0.25,0.0,0.09090909090909091,UL,0.18181818181818182,0.0,0.0,0.0,4,dl,ur,dr,0,0,0,0,0
4,2,size11_comp0.6_grid2_base_low,11,0.6,low,base,base,6,10,16,12,6,1,1,1,1,0,-1,26,0.0,0.34615384615384615,0.34615384615384615,0.0,14,4,3,5,13,2,4,6,13,6,0,4,0.15384615384615385,UL,0.7382848661434506,19,0,5,0,2,0.7916666666666666,0.0,0.20833333333333334,0.0,0.07692307692307693,UL,0.15384615384615385,0.0,0.0,0.0,2,dl,ur,dr,0,0,0,0,0
5,2,size11_comp0.6_grid2_base_low,11,0.6,low,base,base,6,10,16,12,6,1,1,1,1,0,-1,15,0.0,0.3333333333333333,0.3333333333333333,0.0,6,1,3,5,9,0,4,1,1,0,0,1,0.06666666666666667,UL,0.9612366047228759,8,0,5,0,2,0.6153846153846154,0.0,0.38461538461538464,0.0,0.13333333333333333,UL,0.13333333333333333,0.0,0.0,0.0,2,dl,ur,dr,0,0,0,0,0
6,2,size11_comp0.6_grid2_base_low,11,0.6,low,base,base,6,10,16,12,6,1,1,1,1,0,-1,31,0.0,0.2903225806451613,0.2903225806451613,0.0,12,5,8,6,10,9,8,3,14,3,0,9,0.2903225806451613,DL,0.9575534837147482,11,0,18,0,2,0.3793103448275862,0.0,0.6206896551724138,0.0,0.06451612903225806,UL,0.12903225806451613,0.0,0.03225806451612903,0.0,2,dl,ur,dr,1,0,0,0,0
7,2,size11_comp0.6_grid2_base_low,11,0.6,low,base,base,6,10,16,12,6,1,1,1,1,0,-1,21,0.0,0.23809523809523808,0.23809523809523808,0.0,8,2,6,5,6,4,7,3,8,1,0,7,0.3333333333333333,UL,0.863120568566631,10,0,4,0,7,0.7142857142857143,0.0,0.2857142857142857,0.0,0.3333333333333333,UL,0.09523809523809523,0.0,0.0,0.0,2,dl,ur,dr,0,0,0,0,0
8,2,size11_comp0.6_grid2_base_low,11,0.6,low,base,base,6,10,16,12,6,1,1,1,1,0,-1,27,0.0,0.18518518518518517,0.18518518518518517,0.0,8,8,4,7,14,4,6,2,13,0,0,13,0.48148148148148145,UL,0.9023932827949788,15,0,7,0,5,0.6818181818181818,0.0,0.3181818181818182,0.0,0.18518518518518517,UL,0.1111111111111111,0.0,0.0,0.0,3,dl,ur,dr,0,0,0,0,0
9,2,size11_comp0.6_grid2_base_low,11,0.6,low,base,base,6,10,16,12,6,1,1,1,1,0,-1,39,0.0,0.2564102564102564,0.2564102564102564,0.0,10,1,18,10,14,8,7,9,23,6,0,15,0.38461538461538464,DL,0.863120568566631,10,0,25,0,4,0.2857142857142857,0.0,0.7142857142857143,0.0,0.10256410256410256,UL,0.07692307692307693,0.0,0.0,0.0,3,dl,ur,dr,1,0,0,0,0
0,3,size11_comp0.6_grid3_base_low,11,0.6,low,base,base,9,6,15,3,6,1,1,1,0,0,-1,64,0.0,0.34375,0.34375,0.0,15,13,14,22,13,15,12,23,54,21,0,19,0.296875,DL,0.9244571409964927,18,0,35,0,11,0.33962264150943394,0.0,0.660377358490566,0.0,0.171875,,0.0,0.0,0.0,0.0,0,midline,midline,ur,0,0,0,0,0
1,3,size11_comp0.6_grid3_base_low,11,0.6,low,base,base,9,6,15,3,6,1,1,1,1,0,-1,57,0.0,0.40350877192982454,0.40350877192982454,0.0,14,11,17,15,14,11,18,13,46,11,0,14,0.24561403508771928,DL,-0.0,0,0,53,0,4,0.0,0.0,1.0,0.0,0.07017543859649122,DL,0.0,0.0,0.14035087719298245,0.0,3,midline,midline,ur,0,0,0,0,0
2,3,size11_comp0.6_grid3_base_low,11,0.6,low,base,base,9,6,15,3,6,1,1,1,0,0,-1,64,0.0,0.375,0.375,0.0,14,17,17,16,12,17,17,17,53,17,0,14,0.21875,DL,0.228538143953528,2,0,52,0,10,0.037037037037037035,0.0,0.9629629629629629,0.0,0.15625,DL,0.0,0.0,0.046875,0.0,1,midline,midline,ur,0,0,0,0,0
3,3,size11_comp0.6_grid3_base_low,11,0.6,low,base,base,9,6,15,3,6,1,1,1,1,0,-1,30,0.0,0.43333333333333335,0.43333333333333335,0.0,6,3,12,9,5,8,7,9,21,5,0,7,0.23333333333333334,DL,-0.0,0,0,20,0,10,0.0,0.0,1.0,0.0,0.3333333333333333,,0.0,0.0,0.0,0.0,0,midline,midline,ur,0,0,0,0,0
4,3,size11_comp0.6_grid3_base_low,11,0.6,low,base,base,9,6,15,3,6,1,1,1,1,0,-1,5,0.0,0.8,0.8,0.0,4,1,0,0,2,0,0,2,2,2,0,0,0.0,UL,0.0,0,0,0,0,5,0.0,0.0,0.0,0.0,1.0,,0.0,0.0,0.0,0.0,0,midline,midline,ur,0,0,0,0,0
5,3,size11_comp0.6_grid3_base_low,11,0.6,low,base,base,9,6,15,3,6,1,1,1,0,0,-1,64,0.0,0.359375,0.359375,0.0,16,16,19,13,15,16,15,17,52,12,0,18,0.28125,DL,0.225363639127395,2,0,53,0,9,0.03636363636363636,0.0,0.9636363636363636,0.0,0.140625,DL,0.0,0.0,0.09375,0.0,6,midline,midline,ur,0,0,0,0,0
6,3,size11_comp0.6_grid3_base_low,11,0.6,low,base,base,9,6,15,3,6,1,1,1,0,0,-1,64,0.0,0.40625,0.40625,0.0,10,11,22,21,17,11,16,19,54,16,0,11,0.171875,DL,-0.0,0,0,48,0,16,0.0,0.0,1.0,0.0,0.25,,0.0,0.0,0.0,0.0,0,midline,midline,ur,0,0,0,0,0
7,3,size11_comp0.6_grid3_base_low,11,0.6,low,base,base,9,6,15,3,6,1,1,1,1,0,-1,60,0.0,0.4,0.4,0.0,16,7,18,19,14,14,14,17,43,15,0,15,0.25,UR,1.3664303577700676,7,24,9,0,20,0.175,0.6,0.225,0.0,0.3333333333333333,,0.0,0.0,0.0,0.0,0,midline,midline,ur,0,1,0,0,0
8,3,size11_comp0.6_grid3_base_low,11,0.6,low,base,base,9,6,15,3,6,1,1,1,1,0,-1,22,0.0,0.4090909090909091,0.4090909090909091,0.0,10,1,5,6,8,5,5,3,11,3,0,7,0.3181818181818182,DL,1.548565226030918,4,6,7,0,5,0.23529411764705882,0.35294117647058826,0.4117647058823529,0.0,0.22727272727272727,,0.0,0.0,0.0,0.0,0,midline,midline,ur,0,0,0,0,0
9,3,size11_comp0.6_grid3_base_low,11,0.6,low,base,base,9,6,15,3,6,1,1,1,1,0,-1,3,0.0,1.0,1.0,0.0,3,0,0,0,2,0,0,0,0,0,0,0,0.0,UL,0.0,0,0,0,0,3,0.0,0.0,0.0,0.0,1.0,,0.0,0.0,0.0,0.0,0,midline,midline,ur,0,0,0,0,0
0,4,size11_comp0.6_grid4_base_low,11,0.6,low,base,base,3,4,7,5,3,1,1,1,1,0,-1,11,0.0,0.36363636363636365,0.36363636363636365,0.0,5,0,3,3,1,3,4,2,4,2,0,2,0.18181818181818182,UR,-0.0,0,10,0,0,1,0.0,1.0,0.0,0.0,0.09090909090909091,,0.0,0.0,0.0,0.0,0,midline,ur,ur,0,1,0,0,0
1,4,size11_comp0.6_grid4_base_low,11,0.6,low,base,base,3,4,7,5,3,1,1,1,1,0,-1,16,0.0,0.1875,0.1875,0.0,9,0,6,1,8,4,2,1,10,1,0,9,0.5625,UR,-0.0,0,13,0,0,3,0.0,1.0,0.0,0.0,0.1875,UR,0.0,0.625,0.0,0.0,10,midline,ur,ur,0,1,0,0,0
2,4,size11_comp0.6_grid4_base_low,11,0.6,low,base,base,3,4,7,5,3,1,1,1,1,0,-1,10,0.0,0.2,0.2,0.0,9,0,1,0,8,1,0,0,5,0,0,5,0.5,UR,-0.0,0,9,0,0,1,0.0,1.0,0.0,0.0,0.1,UR,0.0,0.7,0.0,0.0,7,midline,ur,ur,0,1,0,0,0
3,4,size11_comp0.6_grid4_base_low,11,0.6,low,base,base,3,4,7,5,3,1,1,1,1,1,6,12,0.5833333333333334,0.75,0.7142857142857143,0.8,5,1,4,2,3,3,5,0,2,0,1,1,0.08333333333333333,UR,0.863120568566631,0,5,0,2,5,0.0,0.7142857142857143,0.0,0.2857142857142857,0.4166666666666667,,0.0,0.0,0.0,0.0,0,midline,ur,ur,0,1,0,0,0
4,4,size11_comp0.6_grid4_base_low,11,0.6,low,base,base,3,4,7,5,3,1,1,1,1,0,-1,5,0.0,0.4,0.4,0.0,4,0,1,0,3,1,0,0,0,0,0,0,0.0,UR,-0.0,0,4,0,0,1,0.0,1.0,0.0,0.0,0.2,UR,0.0,0.4,0.0,0.0,2,midline,ur,ur,0,1,0,0,0
5,4,size11_comp0.6_grid4_base_low,11,0.6,low,base,base,3,4,7,5,3,1,1,1,1,0,-1,8,0.0,0.25,0.25,0.0,7,0,1,0,6,1,0,0,3,0,0,3,0.375,UR,-0.0,0,7,0,0,1,0.0,1.0,0.0,0.0,0.125,UR,0.0,0.625,0.0,0.0,5,midline,ur,ur,0,1,0,0,0
6,4,size11_comp0.6_grid4_base_low,11,0.6,low,base,base,3,4,7,5,3,1,1,1,1,1,3,8,0.875,0.875,0.75,1.0,5,0,2,1,3,1,3,0,1,0,0,1,0.125,UR,-0.0,0,4,0,0,4,0.0,1.0,0.0,0.0,0.5,,0.0,0.0,0.0,0.0,0,midline,ur,ur,0,1,0,0,0
7,4,size11_comp0.6_grid4_base_low,11,0.6,low,base,base,3,4,7,5,3,1,1,1,1,1,43,55,0.12727272727272726,0.4909090909090909,0.4772727272727273,0.5454545454545454,14,10,15,16,15,9,13,17,35,14,5,8,0.14545454545454545,DL,1.5402513451679312,0,8,14,9,24,0.0,0.25806451612903225,0.45161290322580644,0.2903225806451613,0.43636363636363634,,0.0,0.0,0.0,0.0,0,midline,ur,ur,0,0,0,0,0
8,4,size11_comp0.6_grid4_base_low,11,0.6,low,base,base,3,4,7,5,3,1,1,1,1,0,-1,9,0.0,0.3333333333333333,0.3333333333333333,0.0,6,0,2,1,5,2,0,1,3,1,0,2,0.2222222222222222,UR,-0.0,0,6,0,0,3,0.0,1.0,0.0,0.0,0.3333333333333333,UR,0.0,0.4444444444444444,0.0,0.0,4,midline,ur,ur,0,1,0,0,0
9,4,size11_comp0.6_grid4_base_low,11,0.6,low,base,base,3,4,7,5,3,1,1,1,1,0,-1,11,0.0,0.2727272727272727,0.2727272727272727,0.0,8,0,2,1,6,3,0,1,5,1,0,4,0.36363636363636365,UR,-0.0,0,10,0,0,1,0.0,1.0,0.0,0.0,0.09090909090909091,UR,0.0,0.5454545454545454,0.0,0.0,6,midline,ur,ur,0,1,0,0,0
0,5,size11_comp0.6_grid5_base_low,11,0.6,low,base,base,5,8,13,5,5,1,1,1,1,0,-1,17,0.0,0.29411764705882354,0.29411764705882354,0.0,7,2,6,2,1,7,3,5,10,5,0,4,0.23529411764705882,UL,-0.0,15,0,0,0,2,1.0,0.0,0.0,0.0,0.11764705882352941,UL,0.17647058823529413,0.0,0.0,0.0,3,midline,ul,ur,0,0,0,0,0
1,5,size11_comp0.6_grid5_base_low,11,0.6,low,base,base,5,8,13,5,5,1,1,1,1,0,-1,6,0.0,0.16666666666666666,0.16666666666666666,0.0,1,0,5,0,4,0,1,0,1,0,0,1,0.16666666666666666,UL,-0.0,5,0,0,0,1,1.0,0.0,0.0,0.0,0.16666666666666666,,0.0,0.0,0.0,0.0,0,midline,ul,ur,0,0,0,0,0
2,5,size11_comp0.6_grid5_base_low,11,0.6,low,base,base,5,8,13,5,5,1,1,1,1,0,-1,27,0.0,0.3333333333333333,0.3333333333333333,0.0,7,2,12,6,5,7,3,11,19,8,0,6,0.2222222222222222,UL,-0.0,25,0,0,0,2,1.0,0.0,0.0,0.0,0.07407407407407407,UL,0.4444444444444444,0.0,0.0,0.0,12,midline,ul,ur,0,0,0,0,0
3,5,size11_comp0.6_grid5_base_low,11,0.6,low,base,base,5,8,13,5,5,1,1,1,1,0,-1,26,0.0,0.3076923076923077,0.3076923076923077,0.0,8,1,11,6,8,6,5,6,18,6,0,7,0.2692307692307692,UL,-0.0,25,0,0,0,1,1.0,0.0,0.0,0.0,0.038461538461538464,UL,0.3076923076923077,0.0,0.0,0.0,4,midline,ul,ur,0,0,0,0,0
4,5,size11_comp0.6_grid5_base_low,11,0.6,low,base,base,5,8,13,5,5,1,1,1,1,0,-1,8,0.0,0.25,0.25,0.0,2,1,5,0,2,2,3,0,1,0,0,1,0.125,UL,-0.0,7,0,0,0,1,1.0,0.0,0.0,0.0,0.125,,0.0,0.0,0.0,0.0,0,midline,ul,ur,0,0,0,0,0
5,5,size11_comp0.6_grid5_base_low,11,0.6,low,base,base,5,8,13,5,5,1,1,1,1,0,-1,6,0.0,0.16666666666666666,0.16666666666666666,0.0,2,0,4,0,3,1,1,0,1,0,0,1,0.16666666666666666,UL,-0.0,4,0,0,0,2,1.0,0.0,0.0,0.0,0.3333333333333333,,0.0,0.0,0.0,0.0,0,midline,ul,ur,0,0,0,0,0
6,5,size11_comp0.6_grid5_base_low,11,0.6,low,base,base,5,8,13,5,5,1,1,1,1,0,-1,7,0.0,0.14285714285714285,0.14285714285714285,0.0,1,1,5,0,4,0,2,0,2,0,0,2,0.2857142857142857,UL,-0.0,5,0,0,0,2,1.0,0.0,0.0,0.0,0.2857142857142857,,0.0,0.0,0.0,0.0,0,midline,ul,ur,0,0,0,0,0
7,5,size11_comp0.6_grid5_base_low,11,0.6,low,base,base,5,8,13,5,5,1,1,1,1,0,-1,14,0.0,0.2857142857142857,0.2857142857142857,0.0,2,2,8,2,3,3,4,3,7,3,0,3,0.21428571428571427,UL,-0.0,13,0,0,0,1,1.0,0.0,0.0,0.0,0.07142857142857142,UL,0.5,0.0,0.0,0.0,7,midline,ul,ur,0,0,0,0,0
8,5,size11_comp0.6_grid5_base_low,11,0.6,low,base,base,5,8,13,5,5,1,1,1,1,0,-1,14,0.0,0.21428571428571427,0.21428571428571427,0.0,3,1,9,1,5,4,2,2,7,2,0,5,0.35714285714285715,UL,-0.0,12,0,0,0,2,1.0,0.0,0.0,0.0,0.14285714285714285,UL,0.2857142857142857,0.0,0.0,0.0,4,midline,ul,ur,0,0,0,0,0
9,5,size11_comp0.6_grid5_base_low,11,0.6,low,base,base,5,8,13,5,5,1,1,1,1,0,-1,25,0.0,0.2,0.2,0.0,8,3,12,2,9,5,9,1,17,1,0,12,0.48,UL,-0.0,21,0,0,0,4,1.0,0.0,0.0,0.0,0.16,UL,0.2,0.0,0.0,0.0,3,midline,ul,ur,0,0,0,0,0
0,6,size11_comp0.6_grid6_base_low,11,0.6,low,base,base,22,10,32,16,8,1,1,1,0,0,-1,64,0.0,0.234375,0.234375,0.0,38,0,9,17,27,15,14,7,52,7,0,42,0.65625,UR,0.7918583525674836,0,48,0,15,1,0.0,0.7619047619047619,0.0,0.23809523809523808,0.015625,UR,0.0,0.703125,0.0,0.015625,45,dr,ur,dl,0,0,0,0,0
1,6,size11_comp0.6_grid6_base_low,11,0.6,low,base,base,22,10,32,16,8,1,1,1,0,0,-1,64,0.0,0.28125,0.28125,0.0,25,2,23,14,20,16,13,14,58,8,0,32,0.5,DR,-0.0,0,0,0,64,0,0.0,0.0,0.0,1.0,0.0,DR,0.0,0.0,0.0,0.015625,1,dr,ur,dl,1,0,0,0,0
2,6,size11_comp0.6_grid6_base_low,11,0.6,low,base,base,22,10,32,16,8,1,1,1,0,0,-1,64,0.0,0.265625,0.265625,0.0,26,4,21,13,18,15,15,15,58,15,0,29,0.453125,DR,-0.0,0,0,0,64,0,0.0,0.0,0.0,1.0,0.0,DR,0.0,0.0,0.0,0.03125,1,dr,ur,dl,1,0,0,0,0
3,6,size11_comp0.6_grid6_base_low,11,0.6,low,base,base,22,10,32,16,8,1,1,1,1,0,-1,43,0.0,0.5116279069767442,0.5116279069767442,0.0,15,6,12,10,12,12,7,11,26,9,0,11,0.2558139534883721,UR,0.5524951143251111,0,34,0,5,4,0.0,0.8717948717948718,0.0,0.1282051282051282,0.09302325581395349,UR,0.0,0.4186046511627907,0.0,0.023255813953488372,9,dr,ur,dl,0,0,0,0,0
4,6,size11_comp0.6_grid6_base_low,11,0.6,low,base,base,22,10,32,16,8,1,1,1,0,0,-1,64,0.0,0.328125,0.328125,0.0,25,3,15,21,19,19,12,13,53,9,0,31,0.484375,UR,0.4537163391869448,0,57,0,6,1,0.0,0.9047619047619048,0.0,0.09523809523809523,0.015625,UR,0.0,0.75,0.0,0.015625,22,dr,ur,dl,0,0,0,0,0
5,6,size11_comp0.6_grid6_base_low,11,0.6,low,base,base,22,10,32,16,8,1,1,1,0,0,-1,64,0.0,0.390625,0.390625,0.0,19,5,26,14,26,15,10,12,48,10,0,25,0.390625,UR,0.9333572600179805,0,41,0,22,1,0.0,0.6507936507936508,0.0,0.3492063492063492,0.015625,UR,0.0,0.34375,0.0,0.015625,9,dr,ur,dl,0,0,0,0,0
6,6,size11_comp0.6_grid6_base_low,11,0.6,low,base,base,22,10,32,16,8,1,1,1,0,0,-1,64,0.0,0.375,0.375,0.0,23,5,22,14,14,13,17,19,53,14,0,24,0.375,DR,0.4537163391869448,0,6,0,57,1,0.0,0.09523809523809523,0.0,0.9047619047619048,0.015625,DR,0.0,0.03125,0.0,0.046875,2,dr,ur,dl,1,0,0,0,0
7,6,size11_comp0.6_grid6_base_low,11,0.6,low,base,base,22,10,32,16,8,1,1,1,0,0,-1,64,0.0,0.28125,0.28125,0.0,30,0,22,12,21,17,16,9,54,7,0,36,0.5625,DR,0.4537163391869448,0,6,0,57,1,0.0,0.09523809523809523,0.0,0.9047619047619048,0.015625,UR,0.0,0.046875,0.0,0.015625,3,dr,ur,dl,1,0,0,0,0
8,6,size11_comp0.6_grid6_base_low,11,0.6,low,base,base,22,10,32,16,8,1,1,1,0,0,-1,64,0.0,0.28125,0.28125,0.0,30,3,16,15,19,17,15,12,50,9,0,36,0.5625,UR,0.907165767573082,0,42,0,20,2,0.0,0.6774193548387096,0.0,0.3225806451612903,0.03125,UR,0.0,0.46875,0.0,0.015625,26,dr,ur,dl,0,0,0,0,0
9,6,size11_comp0.6_grid6_base_low,11,0.6,low,base,base,22,10,32,16,8,1,1,1,0,0,-1,64,0.0,0.34375,0.34375,0.0,34,6,12,12,26,16,8,13,51,11,0,28,0.4375,DR,0.863120568566631,0,18,0,45,1,0.0,0.2857142857142857,0.0,0.7142857142857143,0.015625,UR,0.0,0.234375,0.0,0.03125,15,dr,ur,dl,1,0,0,0,0
0,7,size11_comp0.6_grid7_base_low,11,0.6,low,base,base,9,8,17,7,6,1,1,1,1,0,-1,54,0.0,0.14814814814814814,0.14814814814814814,0.0,32,5,16,1,25,10,13,5,46,3,0,39,0.7222222222222222,UL,0.9852281360342515,4,3,0,0,47,0.5714285714285714,0.42857142857142855,0.0,0.0,0.8703703703703703,,0.0,0.0,0.0,0.0,0,ur,ul,dl,0,0,0,0,0
1,7,size11_comp0.6_grid7_base_low,11,0.6,low,base,base,9,8,17,7,6,1,1,1,0,0,-1,64,0.0,0.140625,0.140625,0.0,35,6,21,2,27,14,14,8,57,5,0,45,0.703125,UR,-0.0,0,8,0,0,56,0.0,1.0,0.0,0.0,0.875,,0.0,0.0,0.0,0.0,0,ur,ul,dl,1,0,0,0,0
2,7,size11_comp0.6_grid7_base_low,11,0.6,low,base,base,9,8,17,7,6,1,1,1,0,0,-1,64,0.0,0.0625,0.0625,0.0,52,1,9,2,41,10,10,2,59,2,0,55,0.859375,UR,-0.0,0,27,0,0,37,0.0,1.0,0.0,0.0,0.578125,,0.0,0.0,0.0,0.0,0,ur,ul,dl,1,0,0,0,0
3,7,size11_comp0.6_grid7_base_low,11,0.6,low,base,base,9,8,17,7,6,1,1,1,0,0,-1,64,0.0,0.15625,0.15625,0.0,33,6,22,3,37,5,8,13,59,7,0,43,0.671875,UR,-0.0,0,5,0,0,59,0.0,1.0,0.0,0.0,0.921875,,0.0,0.0,0.0,0.0,0,ur,ul,dl,1,0,0,0,0
4,7,size11_comp0.6_grid7_base_low,11,0.6,low,base,base,9,8,17,7,6,1,1,1,0,0,-1,64,0.0,0.140625,0.140625,0.0,39,4,19,2,33,13,16,1,56,0,0,48,0.75,UR,0.5665095065529053,4,26,0,0,34,0.13333333333333333,0.8666666666666667,0.0,0.0,0.53125,,0.0,0.0,0.0,0.0,0,ur,ul,dl,1,0,0,0,0
5,7,size11_comp0.6_grid7_base_low,11,0.6,low,base,base,9,8,17,7,6,1,1,1,1,0,-1,31,0.0,0.25806451612903225,0.25806451612903225,0.0,13,3,12,3,9,10,9,2,22,1,0,16,0.5161290322580645,UR,0.9182958340544896,5,10,0,0,16,0.3333333333333333,0.6666666666666666,0.0,0.0,0.5161290322580645,,0.0,0.0,0.0,0.0,0,ur,ul,dl,1,0,0,0,0
6,7,size11_comp0.6_grid7_base_low,11,0.6,low,base,base,9,8,17,7,6,1,1,1,1,0,-1,61,0.0,0.14754098360655737,0.14754098360655737,0.0,42,5,13,1,38,6,9,7,52,3,0,44,0.7213114754098361,UR,0.8960382325345574,5,11,0,0,45,0.3125,0.6875,0.0,0.0,0.7377049180327869,,0.0,0.0,0.0,0.0,0,ur,ul,dl,1,0,0,0,0
7,7,size11_comp0.6_grid7_base_low,11,0.6,low,base,base,9,8,17,7,6,1,1,1,0,0,-1,64,0.0,0.203125,0.203125,0.0,43,8,9,4,35,6,10,12,58,4,0,38,0.59375,UR,-0.0,0,35,0,0,29,0.0,1.0,0.0,0.0,0.453125,,0.0,0.0,0.0,0.0,0,ur,ul,dl,1,0,0,0,0
8,7,size11_comp0.6_grid7_base_low,11,0.6,low,base,base,9,8,17,7,6,1,1,1,0,0,-1,64,0.0,0.0625,0.0625,0.0,52,1,9,2,42,9,10,2,59,1,0,56,0.875,UR,-0.0,0,24,0,0,40,0.0,1.0,0.0,0.0,0.625,,0.0,0.0,0.0,0.0,0,ur,ul,dl,1,0,0,0,0
9,7,size11_comp0.6_grid7_base_low,11,0.6,low,base,base,9,8,17,7,6,1,1,1,1,0,-1,34,0.0,0.3235294117647059,0.3235294117647059,0.0,15,6,11,2,12,5,7,9,23,7,0,13,0.38235294117647056,UL,1.0,7,7,0,0,20,0.5,0.5,0.0,0.0,0.5882352941176471,UL,0.058823529411764705,0.0,0.0,0.0,1,ur,ul,dl,0,0,0,0,0
0,8,size11_comp0.6_grid8_base_low,11,0.6,low,base,base,7,15,22,10,7,1,1,1,1,0,-1,23,0.0,0.21739130434782608,0.21739130434782608,0.0,5,3,3,12,5,8,4,5,11,4,0,5,0.21739130434782608,UL,0.7732266742876346,17,5,0,0,1,0.7727272727272727,0.22727272727272727,0.0,0.0,0.043478260869565216,UR,0.0,0.043478260869565216,0.0,0.0,1,ul,ur,dl,1,0,0,0,0
1,8,size11_comp0.6_grid8_base_low,11,0.6,low,base,base,7,15,22,10,7,1,1,1,1,0,-1,26,0.0,0.23076923076923078,0.23076923076923078,0.0,9,8,1,8,9,3,4,9,14,8,0,6,0.23076923076923078,UL,0.9709505944546686,15,10,0,0,1,0.6,0.4,0.0,0.0,0.038461538461538464,UR,0.0,0.038461538461538464,0.0,0.0,1,ul,ur,dl,1,0,0,0,0
2,8,size11_comp0.6_grid8_base_low,11,0.6,low,base,base,7,15,22,10,7,1,1,1,1,0,-1,25,0.0,0.28,0.28,0.0,8,7,1,9,3,4,9,8,13,8,0,3,0.12,UL,0.8812908992306927,14,6,0,0,5,0.7,0.3,0.0,0.0,0.2,UR,0.0,0.04,0.0,0.0,1,ul,ur,dl,1,0,0,0,0
3,8,size11_comp0.6_grid8_base_low,11,0.6,low,base,base,7,15,22,10,7,1,1,1,1,0,-1,10,0.0,0.1,0.1,0.0,3,0,0,7,6,1,2,0,0,0,0,0,0.0,UL,0.9182958340544896,6,3,0,0,1,0.6666666666666666,0.3333333333333333,0.0,0.0,0.1,UR,0.0,0.1,0.0,0.0,1,ul,ur,dl,1,0,0,0,0
4,8,size11_comp0.6_grid8_base_low,11,0.6,low,base,base,7,15,22,10,7,1,1,1,1,0,-1,17,0.0,0.11764705882352941,0.11764705882352941,0.0,4,5,0,8,7,3,4,2,7,1,0,5,0.29411764705882354,UL,0.954434002924965,10,6,0,0,1,0.625,0.375,0.0,0.0,0.058823529411764705,UR,0.0,0.058823529411764705,0.0,0.0,1,ul,ur,dl,1,0,0,0,0
5,8,size11_comp0.6_grid8_base_low,11,0.6,low,base,base,7,15,22,10,7,1,1,1,1,0,-1,33,0.0,0.24242424242424243,0.24242424242424243,0.0,10,10,1,12,5,7,12,8,21,8,0,9,0.2727272727272727,UR,0.8112781244591328,8,24,0,0,1,0.25,0.75,0.0,0.0,0.030303030303030304,UR,0.0,0.06060606060606061,0.0,0.0,2,ul,ur,dl,0,0,0,0,0
6,8,size11_comp0.6_grid8_base_low,11,0.6,low,base,base,7,15,22,10,7,1,1,1,1,0,-1,21,0.0,0.14285714285714285,0.14285714285714285,0.0,5,5,2,9,8,3,4,5,10,2,0,7,0.3333333333333333,UL,0.9709505944546686,12,8,0,0,1,0.6,0.4,0.0,0.0,0.047619047619047616,UR,0.0,0.047619047619047616,0.0,0.0,1,ul,ur,dl,1,0,0,0,0
7,8,size11_comp0.6_grid8_base_low,11,0.6,low,base,base,7,15,22,10,7,1,1,1,1,0,-1,36,0.0,0.25,0.25,0.0,13,6,5,12,11,7,10,7,21,4,0,10,0.2777777777777778,UR,0.6840384356390417,6,27,0,0,3,0.18181818181818182,0.8181818181818182,0.0,0.0,0.08333333333333333,UR,0.0,0.027777777777777776,0.0,0.0,1,ul,ur,dl,0,0,0,0,0
8,8,size11_comp0.6_grid8_base_low,11,0.6,low,base,base,7,15,22,10,7,1,1,1,1,0,-1,24,0.0,0.20833333333333334,0.20833333333333334,0.0,5,2,4,13,9,4,6,4,12,4,0,6,0.25,UL,0.7553754125614287,18,5,0,0,1,0.782608695652174,0.21739130434782608,0.0,0.0,0.041666666666666664,UR,0.0,0.041666666666666664,0.0,0.0,1,ul,ur,dl,1,0,0,0,0
9,8,size11_comp0.6_grid8_base_low,11,0.6,low,base,base,7,15,22,10,7,1,1,1,1,0,-1,47,0.0,0.2765957446808511,0.2765957446808511,0.0,13,5,8,21,15,5,13,13,34,10,0,13,0.2765957446808511,UL,0.6152538910563409,39,7,0,0,1,0.8478260869565217,0.15217391304347827,0.0,0.0,0.02127659574468085,UR,0.0,0.02127659574468085,0.0,0.0,1,ul,ur,dl,1,0,0,0,0
0,9,size11_comp0.6_grid9_base_low,11,0.6,low,base,base,11,14,25,3,11,1,1,1,1,0,-1,3,0.0,0.0,0.0,0.0,0,1,0,2,1,1,0,0,0,0,0,0,0.0,UR,-0.0,0,3,0,0,0,0.0,1.0,0.0,0.0,0.0,,0.0,0.0,0.0,0.0,0,ur,ur,midline,1,0,0,0,0
1,9,size11_comp0.6_grid9_base_low,11,0.6,low,base,base,11,14,25,3,11,1,1,1,1,0,-1,4,0.0,0.0,0.0,0.0,0,1,0,3,1,1,1,0,1,0,0,1,0.25,UR,-0.0,0,4,0,0,0,0.0,1.0,0.0,0.0,0.0,,0.0,0.0,0.0,0.0,0,ur,ur,midline,1,0,0,0,0
2,9,size11_comp0.6_grid9_base_low,11,0.6,low,base,base,11,14,25,3,11,1,1,1,1,0,-1,7,0.0,0.14285714285714285,0.14285714285714285,0.0,0,1,1,5,3,1,1,1,3,1,0,2,0.2857142857142857,UR,-0.0,0,7,0,0,0,0.0,1.0,0.0,0.0,0.0,,0.0,0.0,0.0,0.0,0,ur,ur,midline,1,0,0,0,0
3,9,size11_comp0.6_grid9_base_low,11,0.6,low,base,base,11,14,25,3,11,1,1,1,1,0,-1,4,0.0,0.0,0.0,0.0,0,2,0,2,2,1,0,0,1,0,0,1,0.25,UR,-0.0,0,4,0,0,0,0.0,1.0,0.0,0.0,0.0,,0.0,0.0,0.0,0.0,0,ur,ur,midline,1,0,0,0,0
4,9,size11_comp0.6_grid9_base_low,11,0.6,low,base,base,11,14,25,3,11,1,1,1,1,0,-1,11,0.0,0.18181818181818182,0.18181818181818182,0.0,0,3,3,5,5,1,1,3,7,1,0,4,0.36363636363636365,UR,-0.0,0,11,0,0,0,0.0,1.0,0.0,0.0,0.0,,0.0,0.0,0.0,0.0,0,ur,ur,midline,1,0,0,0,0
5,9,size11_comp0.6_grid9_base_low,11,0.6,low,base,base,11,14,25,3,11,1,1,1,1,0,-1,12,0.0,0.3333333333333333,0.3333333333333333,0.0,4,5,0,3,1,1,2,7,9,7,0,1,0.08333333333333333,UR,-0.0,0,12,0,0,0,0.0,1.0,0.0,0.0,0.0,,0.0,0.0,0.0,0.0,0,ur,ur,midline,1,0,0,0,0
6,9,size11_comp0.6_grid9_base_low,11,0.6,low,base,base,11,14,25,3,11,1,1,1,1,0,-1,27,0.0,0.18518518518518517,0.18518518518518517,0.0,4,5,3,15,6,8,8,4,21,3,0,14,0.5185185185185185,UR,-0.0,0,27,0,0,0,0.0,1.0,0.0,0.0,0.0,,0.0,0.0,0.0,0.0,0,ur,ur,midline,1,0,0,0,0
7,9,size11_comp0.6_grid9_base_low,11,0.6,low,base,base,11,14,25,3,11,1,1,1,1,0,-1,12,0.0,0.08333333333333333,0.08333333333333333,0.0,1,2,0,9,8,1,2,0,8,0,0,7,0.5833333333333334,UR,-0.0,0,12,0,0,0,0.0,1.0,0.0,0.0,0.0,,0.0,0.0,0.0,0.0,0,ur,ur,midline,1,0,0,0,0
8,9,size11_comp0.6_grid9_base_low,11,0.6,low,base,base,11,14,25,3,11,1,1,1,1,0,-1,10,0.0,0.2,0.2,0.0,1,3,1,5,2,1,3,3,6,2,0,3,0.3,UR,-0.0,0,10,0,0,0,0.0,1.0,0.0,0.0,0.0,,0.0,0.0,0.0,0.0,0,ur,ur,midline,1,0,0,0,0
9,9,size11_comp0.6_grid9_base_low,11,0.6,low,base,base,11,14,25,3,11,1,1,1,1,0,-1,4,0.0,0.0,0.0,0.0,0,1,0,3,1,1,1,0,1,0,0,1,0.25,UR,-0.0,0,4,0,0,0,0.0,1.0,0.0,0.0,0.0,,0.0,0.0,0.0,0.0,0,ur,ur,midline,1,0,0,0,0
0,0,size7_comp0.0_grid0_base_low,7,0.0,low,base,base,3,4,7,3,2,1,1,1,1,0,-1,3,0.0,0.3333333333333333,0.3333333333333333,0.0,0,2,0,1,1,0,1,0,0,0,0,0,0.0,UR,-0.0,0,1,0,0,2,0.0,1.0,0.0,0.0,0.6666666666666666,,0.0,0.0,0.0,0.0,0,midline,dr,ur,0,1,0,0,0
1,0,size7_comp0.0_grid0_base_low,7,0.0,low,base,base,3,4,7,3,2,1,1,1,1,0,-1,3,0.0,0.3333333333333333,0.3333333333333333,0.0,0,2,0,1,1,1,0,0,0,0,0,0,0.0,UL,0.0,0,0,0,0,3,0.0,0.0,0.0,0.0,1.0,,0.0,0.0,0.0,0.0,0,midline,dr,ur,0,0,0,0,0
2,0,size7_comp0.0_grid0_base_low,7,0.0,low,base,base,3,4,7,3,2,1,1,1,1,1,2,9,0.7777777777777778,0.8888888888888888,1.0,0.8333333333333334,1,3,2,3,2,4,2,0,2,0,0,0,0.0,UR,0.5916727785823275,0,6,0,1,2,0.0,0.8571428571428571,0.0,0.14285714285714285,0.2222222222222222,UR,0.0,0.1111111111111111,0.0,0.0,1,midline,dr,ur,0,1,0,0,0
3,0,size7_comp0.0_grid0_base_low,7,0.0,low,base,base,3,4,7,3,2,1,1,1,1,0,-1,3,0.0,0.3333333333333333,0.3333333333333333,0.0,0,2,0,1,0,1,1,0,0,0,0,0,0.0,UL,0.0,0,0,0,0,3,0.0,0.0,0.0,0.0,1.0,,0.0,0.0,0.0,0.0,0,midline,dr,ur,0,0,0,0,0
4,0,size7_comp0.0_grid0_base_low,7,0.0,low,base,base,3,4,7,3,2,1,1,1,1,1,8,15,0.4666666666666667,0.6666666666666666,0.6666666666666666,0.6666666666666666,5,6,1,3,5,2,5,2,6,2,3,2,0.13333333333333333,UR,0.4689955935892812,0,9,0,1,5,0.0,0.9,0.0,0.1,0.3333333333333333,UR,0.0,0.2,0.0,0.0,3,midline,dr,ur,0,1,0,0,0
5,0,size7_comp0.0_grid0_base_low,7,0.0,low,base,base,3,4,7,3,2,1,1,1,1,0,-1,3,0.0,0.3333333333333333,0.3333333333333333,0.0,0,2,0,1,0,1,1,0,0,0,0,0,0.0,UL,0.0,0,0,0,0,3,0.0,0.0,0.0,0.0,1.0,,0.0,0.0,0.0,0.0,0,midline,dr,ur,0,0,0,0,0
6,0,size7_comp0.0_grid0_base_low,7,0.0,low,base,base,3,4,7,3,2,1,1,1,1,0,-1,6,0.0,0.3333333333333333,0.3333333333333333,0.0,1,4,0,1,3,0,1,1,2,0,0,1,0.16666666666666666,UL,0.0,0,0,0,0,6,0.0,0.0,0.0,0.0,1.0,,0.0,0.0,0.0,0.0,0,midline,dr,ur,0,0,0,0,0
7,0,size7_comp0.0_grid0_base_low,7,0.0,low,base,base,3,4,7,3,2,1,1,1,1,0,-1,3,0.0,0.3333333333333333,0.3333333333333333,0.0,0,2,0,1,1,1,0,0,0,0,0,0,0.0,UL,0.0,0,0,0,0,3,0.0,0.0,0.0,0.0,1.0,,0.0,0.0,0.0,0.0,0,midline,dr,ur,0,0,0,0,0
8,0,size7_comp0.0_grid0_base_low,7,0.0,low,base,base,3,4,7,3,2,1,1,1,1,1,4,15,0.4666666666666667,0.6666666666666666,0.8,0.6,5,6,1,3,5,2,5,2,7,2,5,2,0.13333333333333333,UR,0.4394969869215134,0,10,0,1,4,0.0,0.9090909090909091,0.0,0.09090909090909091,0.26666666666666666,UR,0.0,0.26666666666666666,0.0,0.0,3,midline,dr,ur,0,1,0,0,0
9,0,size7_comp0.0_grid0_base_low,7,0.0,low,base,base,3,4,7,3,2,1,1,1,1,1,4,27,0.25925925925925924,0.5185185185185185,0.8,0.45454545454545453,9,8,3,7,6,10,2,8,20,5,8,6,0.2222222222222222,UR,-0.0,0,17,0,0,10,0.0,1.0,0.0,0.0,0.37037037037037035,UR,0.0,0.2222222222222222,0.0,0.0,3,midline,dr,ur,0,1,0,0,0
0,1,size7_comp0.0_grid1_base_low,7,0.0,low,base,base,5,3,8,6,1,1,1,1,0,0,-1,32,0.0,0.375,0.375,0.0,18,10,2,2,9,2,6,14,24,9,0,8,0.25,UR,0.24988229283318544,0,23,0,1,8,0.0,0.9583333333333334,0.0,0.041666666666666664,0.25,UR,0.0,0.28125,0.0,0.0,3,ur,dl,ul,1,0,0,0,0
1,1,size7_comp0.0_grid1_base_low,7,0.0,low,base,base,5,3,8,6,1,1,1,1,0,0,-1,32,0.0,0.40625,0.40625,0.0,14,8,5,5,13,5,5,8,23,6,0,8,0.25,UR,0.41381685030363374,0,22,0,2,8,0.0,0.9166666666666666,0.0,0.08333333333333333,0.25,UR,0.0,0.375,0.0,0.0,4,ur,dl,ul,1,0,0,0,0
2,1,size7_comp0.0_grid1_base_low,7,0.0,low,base,base,5,3,8,6,1,1,1,1,1,0,-1,27,0.0,0.4074074074074074,0.4074074074074074,0.0,11,7,6,3,11,4,3,8,17,6,0,7,0.25925925925925924,UR,0.2761954276479391,0,20,0,1,6,0.0,0.9523809523809523,0.0,0.047619047619047616,0.2222222222222222,UR,0.0,0.37037037037037035,0.0,0.0,5,ur,dl,ul,1,0,0,0,0
3,1,size7_comp0.0_grid1_base_low,7,0.0,low,base,base,5,3,8,6,1,1,1,1,1,0,-1,27,0.0,0.37037037037037035,0.37037037037037035,0.0,10,7,5,5,7,6,6,7,18,5,0,9,0.3333333333333333,UR,0.2761954276479391,0,20,0,1,6,0.0,0.9523809523809523,0.0,0.047619047619047616,0.2222222222222222,UR,0.0,0.37037037037037035,0.0,0.0,6,ur,dl,ul,1,0,0,0,0
4,1,size7_comp0.0_grid1_base_low,7,0.0,low,base,base,5,3,8,6,1,1,1,1,1,0,-1,25,0.0,0.52,0.52,0.0,8,10,5,2,11,4,2,7,12,6,0,1,0.04,UR,0.9912642605354288,1,10,0,2,12,0.07692307692307693,0.7692307692307693,0.0,0.15384615384615385,0.48,UR,0.0,0.04,0.0,0.0,1,ur,dl,ul,1,0,0,0,0
5,1,size7_comp0.0_grid1_base_low,7,0.0,low,base,base,5,3,8,6,1,1,1,1,1,0,-1,25,0.0,0.36,0.36,0.0,11,5,6,3,7,6,5,6,17,4,0,9,0.36,UR,0.41381685030363374,0,11,0,1,13,0.0,0.9166666666666666,0.0,0.08333333333333333,0.52,UR,0.0,0.12,0.0,0.0,3,ur,dl,ul,1,0,0,0,0
6,1,size7_comp0.0_grid1_base_low,7,0.0,low,base,base,5,3,8,6,1,1,1,1,0,0,-1,32,0.0,0.4375,0.4375,0.0,14,10,5,3,7,6,5,13,23,9,0,6,0.1875,UR,-0.0,0,17,0,0,15,0.0,1.0,0.0,0.0,0.46875,UR,0.0,0.03125,0.0,0.0,1,ur,dl,ul,1,0,0,0,0
7,1,size7_comp0.0_grid1_base_low,7,0.0,low,base,base,5,3,8,6,1,1,1,1,0,0,-1,32,0.0,0.34375,0.34375,0.0,17,8,3,4,9,4,4,14,26,9,0,11,0.34375,UR,-0.0,0,30,0,0,2,0.0,1.0,0.0,0.0,0.0625,UR,0.0,0.5,0.0,0.0,6,ur,dl,ul,1,0,0,0,0
8,1,size7_comp0.0_grid1_base_low,7,0.0,low,base,base,5,3,8,6,1,1,1,1,1,0,-1,24,0.0,0.3333333333333333,0.3333333333333333,0.0,10,5,5,4,7,6,7,3,14,2,0,10,0.4166666666666667,UR,0.9055872616982603,2,12,0,1,9,0.13333333333333333,0.8,0.0,0.06666666666666667,0.375,UR,0.0,0.4583333333333333,0.0,0.0,11,ur,dl,ul,1,0,0,0,0
9,1,size7_comp0.0_grid1_base_low,7,0.0,low,base,base,5,3,8,6,1,1,1,1,1,0,-1,31,0.0,0.1935483870967742,0.1935483870967742,0.0,17,3,5,6,15,9,4,2,25,2,0,21,0.6774193548387096,UR,-0.0,0,28,0,0,3,0.0,1.0,0.0,0.0,0.0967741935483871,UR,0.0,0.7741935483870968,0.0,0.0,18,ur,dl,ul,1,0,0,0,0
0,2,size7_comp0.0_grid2_base_low,7,0.0,low,base,base,3,4,7,3,2,1,1,1,0,0,-1,32,0.0,0.40625,0.40625,0.0,13,8,6,5,4,5,10,12,26,9,0,4,0.125,UL,0.3372900666170139,15,1,0,0,16,0.9375,0.0625,0.0,0.0,0.5,,0.0,0.0,0.0,0.0,0,midline,midline,dr,0,0,0,0,0
1,2,size7_comp0.0_grid2_base_low,7,0.0,low,base,base,3,4,7,3,2,1,1,1,0,0,-1,32,0.0,0.4375,0.4375,0.0,13,10,5,4,7,3,7,14,26,10,0,3,0.09375,UL,-0.0,22,0,0,0,10,1.0,0.0,0.0,0.0,0.3125,,0.0,0.0,0.0,0.0,0,midline,midline,dr,0,0,0,0,0
2,2,size7_comp0.0_grid2_base_low,7,0.0,low,base,base,3,4,7,3,2,1,1,1,0,0,-1,32,0.0,0.3125,0.3125,0.0,15,4,7,6,7,8,11,5,26,3,0,10,0.3125,UL,0.8112781244591328,12,4,0,0,16,0.75,0.25,0.0,0.0,0.5,,0.0,0.0,0.0,0.0,0,midline,midline,dr,0,0,0,0,0
3,2,size7_comp0.0_grid2_base_low,7,0.0,low,base,base,3,4,7,3,2,1,1,1,0,0,-1,32,0.0,0.34375,0.34375,0.0,18,9,3,2,9,3,7,12,27,11,0,8,0.25,UL,-0.0,17,0,0,0,15,1.0,0.0,0.0,0.0,0.46875,,0.0,0.0,0.0,0.0,0,midline,midline,dr,0,0,0,0,0
4,2,size7_comp0.0_grid2_base_low,7,0.0,low,base,base,3,4,7,3,2,1,1,1,1,0,-1,21,0.0,0.38095238095238093,0.38095238095238093,0.0,7,4,6,4,2,7,8,3,16,2,0,4,0.19047619047619047,UL,-0.0,12,0,0,0,9,1.0,0.0,0.0,0.0,0.42857142857142855,,0.0,0.0,0.0,0.0,0,midline,midline,dr,0,0,0,0,0
5,2,size7_comp0.0_grid2_base_low,7,0.0,low,base,base,3,4,7,3,2,1,1,1,0,0,-1,32,0.0,0.375,0.375,0.0,17,9,3,3,6,5,2,18,28,14,0,7,0.21875,UL,-0.0,13,0,0,0,19,1.0,0.0,0.0,0.0,0.59375,,0.0,0.0,0.0,0.0,0,midline,midline,dr,0,0,0,0,0
6,2,size7_comp0.0_grid2_base_low,7,0.0,low,base,base,3,4,7,3,2,1,1,1,0,0,-1,32,0.0,0.28125,0.28125,0.0,19,5,4,4,12,5,5,9,25,8,0,13,0.40625,UL,0.6193821946787638,11,2,0,0,19,0.8461538461538461,0.15384615384615385,0.0,0.0,0.59375,,0.0,0.0,0.0,0.0,0,midline,midline,dr,0,0,0,0,0
7,2,size7_comp0.0_grid2_base_low,7,0.0,low,base,base,3,4,7,3,2,1,1,1,1,0,-1,30,0.0,0.4,0.4,0.0,12,8,6,4,4,6,6,13,23,12,0,5,0.16666666666666666,UL,0.3227569588973982,16,1,0,0,13,0.9411764705882353,0.058823529411764705,0.0,0.0,0.43333333333333335,UL,0.03333333333333333,0.0,0.0,0.0,1,midline,midline,dr,0,0,0,0,0
8,2,size7_comp0.0_grid2_base_low,7,0.0,low,base,base,3,4,7,3,2,1,1,1,1,0,-1,19,0.0,0.42105263157894735,0.42105263157894735,0.0,5,4,6,4,2,3,8,5,14,5,0,2,0.10526315789473684,UL,-0.0,10,0,0,0,9,1.0,0.0,0.0,0.0,0.47368421052631576,,0.0,0.0,0.0,0.0,0,midline,midline,dr,0,0,0,0,0
9,2,size7_comp0.0_grid2_base_low,7,0.0,low,base,base,3,4,7,3,2,1,1,1,0,0,-1,32,0.0,0.375,0.375,0.0,16,8,4,4,6,8,7,10,28,6,0,9,0.28125,UL,-0.0,12,0,0,0,20,1.0,0.0,0.0,0.0,0.625,,0.0,0.0,0.0,0.0,0,midline,midline,dr,0,0,0,0,0
0,3,size7_comp0.0_grid3_base_low,7,0.0,low,base,base,4,3,7,7,0,1,1,1,0,0,-1,32,0.0,0.375,0.375,0.0,15,8,4,5,7,6,8,10,26,6,0,11,0.34375,UR,-0.0,0,30,0,0,2,0.0,1.0,0.0,0.0,0.0625,UR,0.0,0.46875,0.0,0.0,3,ur,dl,midline,1,0,0,0,0
1,3,size7_comp0.0_grid3_base_low,7,0.0,low,base,base,4,3,7,7,0,1,1,1,1,1,28,32,0.21875,0.46875,0.41379310344827586,1.0,13,10,5,4,10,5,9,7,22,4,0,9,0.28125,UR,0.24229218908241482,0,24,1,0,7,0.0,0.96,0.04,0.0,0.21875,UR,0.0,0.375,0.0,0.0,8,ur,dl,midline,1,0,0,0,0
2,3,size7_comp0.0_grid3_base_low,7,0.0,low,base,base,4,3,7,7,0,1,1,1,1,0,-1,11,0.0,0.45454545454545453,0.45454545454545453,0.0,1,5,3,2,4,1,3,2,4,2,0,2,0.18181818181818182,DR,0.9910760598382222,0,4,0,5,2,0.0,0.4444444444444444,0.0,0.5555555555555556,0.18181818181818182,UR,0.0,0.18181818181818182,0.0,0.18181818181818182,2,ur,dl,midline,0,0,0,0,0
3,3,size7_comp0.0_grid3_base_low,7,0.0,low,base,base,4,3,7,7,0,1,1,1,1,1,18,22,0.3181818181818182,0.45454545454545453,0.3684210526315789,1.0,8,5,5,4,6,6,5,4,13,3,0,9,0.4090909090909091,UR,0.39124356362925566,0,12,0,1,9,0.0,0.9230769230769231,0.0,0.07692307692307693,0.4090909090909091,UR,0.0,0.36363636363636365,0.0,0.0,6,ur,dl,midline,1,0,0,0,0
4,3,size7_comp0.0_grid3_base_low,7,0.0,low,base,base,4,3,7,7,0,1,1,1,1,1,21,27,0.25925925925925924,0.5185185185185185,0.45454545454545453,0.8,11,9,5,2,8,4,5,9,16,6,2,6,0.2222222222222222,UR,0.4689955935892812,2,18,0,0,7,0.1,0.9,0.0,0.0,0.25925925925925924,UR,0.0,0.4074074074074074,0.0,0.0,4,ur,dl,midline,1,0,0,0,0
5,3,size7_comp0.0_grid3_base_low,7,0.0,low,base,base,4,3,7,7,0,1,1,1,0,0,-1,32,0.0,0.34375,0.34375,0.0,18,10,1,3,11,4,4,12,26,8,0,11,0.34375,UR,-0.0,0,28,0,0,4,0.0,1.0,0.0,0.0,0.125,UR,0.0,0.46875,0.0,0.0,6,ur,dl,midline,1,0,0,0,0
6,3,size7_comp0.0_grid3_base_low,7,0.0,low,base,base,4,3,7,7,0,1,1,1,1,1,4,24,0.2916666666666667,0.5416666666666666,0.8,0.47368421052631576,7,7,6,4,6,5,8,4,12,2,0,5,0.20833333333333334,UR,0.6500224216483541,0,15,0,3,6,0.0,0.8333333333333334,0.0,0.16666666666666666,0.25,UR,0.0,0.375,0.0,0.0,4,ur,dl,midline,1,0,0,0,0
7,3,size7_comp0.0_grid3_base_low,7,0.0,low,base,base,4,3,7,7,0,1,1,1,1,1,13,19,0.3684210526315789,0.631578947368421,0.5714285714285714,0.8,3,5,7,4,3,3,9,3,8,2,0,2,0.10526315789473684,UR,0.7219280948873623,0,8,0,2,9,0.0,0.8,0.0,0.2,0.47368421052631576,UR,0.0,0.05263157894736842,0.0,0.0,1,ur,dl,midline,1,0,0,0,0
8,3,size7_comp0.0_grid3_base_low,7,0.0,low,base,base,4,3,7,7,0,1,1,1,1,0,-1,24,0.0,0.5,0.5,0.0,7,10,5,2,4,5,5,9,15,8,0,1,0.041666666666666664,UR,0.6998428398862386,0,13,1,1,9,0.0,0.8666666666666667,0.06666666666666667,0.06666666666666667,0.375,UR,0.0,0.125,0.0,0.0,2,ur,dl,midline,1,0,0,0,0
9,3,size7_comp0.0_grid3_base_low,7,0.0,low,base,base,4,3,7,7,0,1,1,1,1,1,11,21,0.3333333333333333,0.6190476190476191,0.5833333333333334,0.6666666666666666,8,10,3,0,5,2,3,10,12,9,5,2,0.09523809523809523,UR,-0.0,0,11,0,0,10,0.0,1.0,0.0,0.0,0.47619047619047616,UR,0.0,0.2857142857142857,0.0,0.0,2,ur,dl,midline,1,0,0,0,0
0,4,size7_comp0.0_grid4_base_low,7,0.0,low,base,base,3,4,7,3,2,1,1,1,1,0,-1,5,0.0,0.4,0.4,0.0,1,1,0,3,1,2,1,0,0,0,0,0,0.0,UL,0.9182958340544896,2,1,0,0,2,0.6666666666666666,0.3333333333333333,0.0,0.0,0.4,,0.0,0.0,0.0,0.0,0,ul,ur,midline,1,0,0,0,0
1,4,size7_comp0.0_grid4_base_low,7,0.0,low,base,base,3,4,7,3,2,1,1,1,1,0,-1,15,0.0,0.4666666666666667,0.4666666666666667,0.0,4,4,2,5,3,4,3,4,8,4,0,0,0.0,UL,0.6500224216483541,5,1,0,0,9,0.8333333333333334,0.16666666666666666,0.0,0.0,0.6,,0.0,0.0,0.0,0.0,0,ul,ur,midline,1,0,0,0,0
2,4,size7_comp0.0_grid4_base_low,7,0.0,low,base,base,3,4,7,3,2,1,1,1,1,0,-1,3,0.0,0.3333333333333333,0.3333333333333333,0.0,0,0,0,3,2,0,0,0,0,0,0,0,0.0,UL,1.0,1,1,0,0,1,0.5,0.5,0.0,0.0,0.3333333333333333,,0.0,0.0,0.0,0.0,0,ul,ur,midline,1,0,0,0,0
3,4,size7_comp0.0_grid4_base_low,7,0.0,low,base,base,3,4,7,3,2,1,1,1,1,0,-1,9,0.0,0.4444444444444444,0.4444444444444444,0.0,3,3,0,3,2,1,2,3,3,3,0,0,0.0,UL,0.863120568566631,5,2,0,0,2,0.7142857142857143,0.2857142857142857,0.0,0.0,0.2222222222222222,,0.0,0.0,0.0,0.0,0,ul,ur,midline,1,0,0,0,0
4,4,size7_comp0.0_grid4_base_low,7,0.0,low,base,base,3,4,7,3,2,1,1,1,1,0,-1,3,0.0,0.3333333333333333,0.3333333333333333,0.0,0,0,0,3,2,0,0,0,0,0,0,0,0.0,UL,1.0,1,1,0,0,1,0.5,0.5,0.0,0.0,0.3333333333333333,,0.0,0.0,0.0,0.0,0,ul,ur,midline,1,0,0,0,0
5,4,size7_comp0.0_grid4_base_low,7,0.0,low,base,base,3,4,7,3,2,1,1,1,1,0,-1,11,0.0,0.45454545454545453,0.45454545454545453,0.0,4,4,0,3,1,1,4,4,4,4,0,0,0.0,UL,0.9852281360342515,4,3,0,0,4,0.5714285714285714,0.42857142857142855,0.0,0.0,0.36363636363636365,,0.0,0.0,0.0,0.0,0,ul,ur,midline,1,0,0,0,0
6,4,size7_comp0.0_grid4_base_low,7,0.0,low,base,base,3,4,7,3,2,1,1,1,1,0,-1,3,0.0,0.3333333333333333,0.3333333333333333,0.0,0,0,0,3,2,0,0,0,0,0,0,0,0.0,UL,1.0,1,1,0,0,1,0.5,0.5,0.0,0.0,0.3333333333333333,,0.0,0.0,0.0,0.0,0,ul,ur,midline,1,0,0,0,0
7,4,size7_comp0.0_grid4_base_low,7,0.0,low,base,base,3,4,7,3,2,1,1,1,1,1,8,13,0.5384615384615384,0.7692307692307693,0.6666666666666666,1.0,4,4,1,4,3,2,5,2,4,2,1,0,0.0,UL,0.7219280948873623,4,1,0,0,8,0.8,0.2,0.0,0.0,0.6153846153846154,,0.0,0.0,0.0,0.0,0,ul,ur,midline,1,0,0,0,0
8,4,size7_comp0.0_grid4_base_low,7,0.0,low,base,base,3,4,7,3,2,1,1,1,1,0,-1,3,0.0,0.3333333333333333,0.3333333333333333,0.0,0,0,0,3,2,0,0,0,0,0,0,0,0.0,UL,1.0,1,1,0,0,1,0.5,0.5,0.0,0.0,0.3333333333333333,,0.0,0.0,0.0,0.0,0,ul,ur,midline,1,0,0,0,0
9,4,size7_comp0.0_grid4_base_low,7,0.0,low,base,base,3,4,7,3,2,1,1,1,1,0,-1,3,0.0,0.3333333333333333,0.3333333333333333,0.0,0,0,0,3,2,0,0,0,0,0,0,0,0.0,UL,1.0,1,1,0,0,1,0.5,0.5,0.0,0.0,0.3333333333333333,,0.0,0.0,0.0,0.0,0,ul,ur,midline,1,0,0,0,0
0,5,size7_comp0.0_grid5_base_low,7,0.0,low,base,base,3,4,7,3,2,1,1,1,1,0,-1,3,0.0,0.3333333333333333,0.3333333333333333,0.0,0,2,0,1,1,0,1,0,0,0,0,0,0.0,UL,-0.0,1,0,0,0,2,1.0,0.0,0.0,0.0,0.6666666666666666,,0.0,0.0,0.0,0.0,0,ul,midline,ur,1,0,0,0,0
1,5,size7_comp0.0_grid5_base_low,7,0.0,low,base,base,3,4,7,3,2,1,1,1,1,0,-1,5,0.0,0.4,0.4,0.0,0,2,1,2,1,1,2,0,0,0,0,0,0.0,UL,1.0,1,1,0,0,3,0.5,0.5,0.0,0.0,0.6,,0.0,0.0,0.0,0.0,0,ul,midline,ur,1,0,0,0,0
2,5,size7_comp0.0_grid5_base_low,7,0.0,low,base,base,3,4,7,3,2,1,1,1,1,0,-1,5,0.0,0.4,0.4,0.0,0,2,1,2,1,1,2,0,0,0,0,0,0.0,UL,1.0,1,1,0,0,3,0.5,0.5,0.0,0.0,0.6,,0.0,0.0,0.0,0.0,0,ul,midline,ur,1,0,0,0,0
3,5,size7_comp0.0_grid5_base_low,7,0.0,low,base,base,3,4,7,3,2,1,1,1,1,0,-1,3,0.0,0.3333333333333333,0.3333333333333333,0.0,0,2,0,1,0,1,1,0,0,0,0,0,0.0,UL,-0.0,1,0,0,0,2,1.0,0.0,0.0,0.0,0.6666666666666666,,0.0,0.0,0.0,0.0,0,ul,midline,ur,1,0,0,0,0
4,5,size7_comp0.0_grid5_base_low,7,0.0,low,base,base,3,4,7,3,2,1,1,1,1,0,-1,5,0.0,0.4,0.4,0.0,0,2,1,2,0,2,1,1,1,1,0,0,0.0,UL,-0.0,1,0,0,0,4,1.0,0.0,0.0,0.0,0.8,,0.0,0.0,0.0,0.0,0,ul,midline,ur,1,0,0,0,0
5,5,size7_comp0.0_grid5_base_low,7,0.0,low,base,base,3,4,7,3,2,1,1,1,1,0,-1,11,0.0,0.45454545454545453,0.45454545454545453,0.0,1,3,3,4,2,2,5,1,3,1,0,0,0.0,DR,1.5,1,1,0,2,7,0.25,0.25,0.0,0.5,0.6363636363636364,,0.0,0.0,0.0,0.0,0,ul,midline,ur,0,0,0,0,0
6,5,size7_comp0.0_grid5_base_low,7,0.0,low,base,base,3,4,7,3,2,1,1,1,1,0,-1,3,0.0,0.3333333333333333,0.3333333333333333,0.0,0,2,0,1,1,1,0,0,0,0,0,0,0.0,UL,1.0,1,0,1,0,1,0.5,0.0,0.5,0.0,0.3333333333333333,,0.0,0.0,0.0,0.0,0,ul,midline,ur,1,0,0,0,0
7,5,size7_comp0.0_grid5_base_low,7,0.0,low,base,base,3,4,7,3,2,1,1,1,1,0,-1,3,0.0,0.3333333333333333,0.3333333333333333,0.0,0,2,0,1,1,1,0,0,0,0,0,0,0.0,UL,1.0,1,0,1,0,1,0.5,0.0,0.5,0.0,0.3333333333333333,,0.0,0.0,0.0,0.0,0,ul,midline,ur,1,0,0,0,0
8,5,size7_comp0.0_grid5_base_low,7,0.0,low,base,base,3,4,7,3,2,1,1,1,1,0,-1,3,0.0,0.3333333333333333,0.3333333333333333,0.0,0,2,0,1,0,1,1,0,0,0,0,0,0.0,UL,-0.0,1,0,0,0,2,1.0,0.0,0.0,0.0,0.6666666666666666,,0.0,0.0,0.0,0.0,0,ul,midline,ur,1,0,0,0,0
9,5,size7_comp0.0_grid5_base_low,7,0.0,low,base,base,3,4,7,3,2,1,1,1,1,0,-1,9,0.0,0.4444444444444444,0.4444444444444444,0.0,2,4,1,2,1,2,2,3,3,3,0,0,0.0,DR,1.5,1,1,0,2,5,0.25,0.25,0.0,0.5,0.5555555555555556,,0.0,0.0,0.0,0.0,0,ul,midline,ur,0,0,0,0,0
0,6,size7_comp0.0_grid6_base_low,7,0.0,low,base,base,4,4,8,6,1,1,1,1,1,0,-1,10,0.0,0.5,0.5,0.0,2,5,3,0,3,3,1,2,2,2,0,0,0.0,UR,1.4591479170272448,0,3,2,1,4,0.0,0.5,0.3333333333333333,0.16666666666666666,0.4,,0.0,0.0,0.0,0.0,0,ur,dl,ul,1,0,0,0,0
1,6,size7_comp0.0_grid6_base_low,7,0.0,low,base,base,4,4,8,6,1,1,1,1,0,0,-1,32,0.0,0.4375,0.4375,0.0,8,11,6,7,7,3,12,9,19,9,0,3,0.09375,UR,0.9219280948873623,0,16,2,2,12,0.0,0.8,0.1,0.1,0.375,UR,0.0,0.125,0.0,0.0,4,ur,dl,ul,1,0,0,0,0
2,6,size7_comp0.0_grid6_base_low,7,0.0,low,base,base,4,4,8,6,1,1,1,1,0,0,-1,32,0.0,0.375,0.375,0.0,9,11,4,7,8,4,9,8,22,8,0,4,0.125,UR,0.2761954276479391,0,20,0,1,11,0.0,0.9523809523809523,0.0,0.047619047619047616,0.34375,UR,0.0,0.25,0.0,0.0,3,ur,dl,ul,1,0,0,0,0
3,6,size7_comp0.0_grid6_base_low,7,0.0,low,base,base,4,4,8,6,1,1,1,1,1,0,-1,12,0.0,0.5,0.5,0.0,3,6,3,0,3,1,2,5,5,5,0,0,0.0,UR,0.8112781244591328,0,3,1,0,8,0.0,0.75,0.25,0.0,0.6666666666666666,,0.0,0.0,0.0,0.0,0,ur,dl,ul,1,0,0,0,0
4,6,size7_comp0.0_grid6_base_low,7,0.0,low,base,base,4,4,8,6,1,1,1,1,1,0,-1,14,0.0,0.5,0.5,0.0,3,6,4,1,4,4,2,3,6,3,0,0,0.0,UL,1.360964047443681,5,1,4,0,4,0.5,0.1,0.4,0.0,0.2857142857142857,,0.0,0.0,0.0,0.0,0,ur,dl,ul,0,1,0,0,0
5,6,size7_comp0.0_grid6_base_low,7,0.0,low,base,base,4,4,8,6,1,1,1,1,1,0,-1,21,0.0,0.47619047619047616,0.47619047619047616,0.0,5,7,6,3,4,3,7,6,9,5,0,1,0.047619047619047616,UR,1.1401156785146092,0,9,1,3,8,0.0,0.6923076923076923,0.07692307692307693,0.23076923076923078,0.38095238095238093,UR,0.0,0.09523809523809523,0.0,0.0,2,ur,dl,ul,1,0,0,0,0
6,6,size7_comp0.0_grid6_base_low,7,0.0,low,base,base,4,4,8,6,1,1,1,1,1,0,-1,19,0.0,0.42105263157894735,0.42105263157894735,0.0,3,6,5,5,5,4,7,2,8,2,0,3,0.15789473684210525,UR,0.9055872616982603,0,12,1,2,4,0.0,0.8,0.06666666666666667,0.13333333333333333,0.21052631578947367,UR,0.0,0.2631578947368421,0.0,0.0,3,ur,dl,ul,1,0,0,0,0
7,6,size7_comp0.0_grid6_base_low,7,0.0,low,base,base,4,4,8,6,1,1,1,1,1,0,-1,8,0.0,0.5,0.5,0.0,0,3,4,1,3,2,1,1,1,1,0,0,0.0,DR,1.5,0,1,1,2,4,0.0,0.25,0.25,0.5,0.5,,0.0,0.0,0.0,0.0,0,ur,dl,ul,0,0,0,0,0
8,6,size7_comp0.0_grid6_base_low,7,0.0,low,base,base,4,4,8,6,1,1,1,1,1,0,-1,32,0.0,0.5,0.5,0.0,10,13,6,3,6,4,11,10,24,10,0,0,0.0,UR,0.39124356362925566,0,12,1,0,19,0.0,0.9230769230769231,0.07692307692307693,0.0,0.59375,,0.0,0.0,0.0,0.0,0,ur,dl,ul,1,0,0,0,0
9,6,size7_comp0.0_grid6_base_low,7,0.0,low,base,base,4,4,8,6,1,1,1,1,0,0,-1,32,0.0,0.5,0.5,0.0,13,14,3,2,12,4,5,10,18,10,0,0,0.0,UR,1.359992492218488,0,10,2,7,13,0.0,0.5263157894736842,0.10526315789473684,0.3684210526315789,0.40625,UR,0.0,0.03125,0.0,0.0,1,ur,dl,ul,1,0,0,0,0
0,7,size7_comp0.0_grid7_base_low,7,0.0,low,base,base,3,5,8,4,2,1,1,1,1,0,-1,22,0.0,0.2727272727272727,0.2727272727272727,0.0,10,2,7,3,5,7,5,4,15,4,0,8,0.36363636363636365,UL,0.8812908992306927,14,6,0,0,2,0.7,0.3,0.0,0.0,0.09090909090909091,UL,0.13636363636363635,0.13636363636363635,0.0,0.0,3,ur,ul,dr,0,0,0,0,0
1,7,size7_comp0.0_grid7_base_low,7,0.0,low,base,base,3,5,8,4,2,1,1,1,1,0,-1,12,0.0,0.25,0.25,0.0,5,1,5,1,4,3,3,1,6,1,0,4,0.3333333333333333,UL,1.0,5,5,0,0,2,0.5,0.5,0.0,0.0,0.16666666666666666,UL,0.08333333333333333,0.08333333333333333,0.0,0.0,1,ur,ul,dr,0,0,0,0,0
2,7,size7_comp0.0_grid7_base_low,7,0.0,low,base,base,3,5,8,4,2,1,1,1,1,0,-1,29,0.0,0.3793103448275862,0.3793103448275862,0.0,8,3,11,7,7,4,3,14,22,13,0,5,0.1724137931034483,UL,0.39124356362925566,24,2,0,0,3,0.9230769230769231,0.07692307692307693,0.0,0.0,0.10344827586206896,UL,0.2413793103448276,0.0,0.0,0.0,1,ur,ul,dr,0,0,0,0,0
3,7,size7_comp0.0_grid7_base_low,7,0.0,low,base,base,3,5,8,4,2,1,1,1,1,0,-1,25,0.0,0.28,0.28,0.0,14,5,5,1,8,6,3,7,17,5,0,9,0.36,UR,0.9980008838722996,9,10,0,0,6,0.47368421052631576,0.5263157894736842,0.0,0.0,0.24,UR,0.0,0.12,0.0,0.0,3,ur,ul,dr,1,0,0,0,0
4,7,size7_comp0.0_grid7_base_low,7,0.0,low,base,base,3,5,8,4,2,1,1,1,1,0,-1,8,0.0,0.25,0.25,0.0,3,1,4,0,3,3,1,0,2,0,0,2,0.25,UR,0.9709505944546686,2,3,0,0,3,0.4,0.6,0.0,0.0,0.375,UL,0.125,0.125,0.0,0.0,1,ur,ul,dr,1,0,0,0,0
5,7,size7_comp0.0_grid7_base_low,7,0.0,low,base,base,3,5,8,4,2,1,1,1,1,0,-1,4,0.0,0.25,0.25,0.0,0,0,4,0,3,0,0,0,0,0,0,0,0.0,UR,0.9182958340544896,1,2,0,0,1,0.3333333333333333,0.6666666666666666,0.0,0.0,0.25,,0.0,0.0,0.0,0.0,0,ur,ul,dr,1,0,0,0,0
6,7,size7_comp0.0_grid7_base_low,7,0.0,low,base,base,3,5,8,4,2,1,1,1,1,0,-1,11,0.0,0.2727272727272727,0.2727272727272727,0.0,5,2,4,0,4,3,1,2,4,1,0,3,0.2727272727272727,UR,0.9709505944546686,2,3,0,0,6,0.4,0.6,0.0,0.0,0.5454545454545454,UL,0.09090909090909091,0.09090909090909091,0.0,0.0,1,ur,ul,dr,1,0,0,0,0
7,7,size7_comp0.0_grid7_base_low,7,0.0,low,base,base,3,5,8,4,2,1,1,1,1,0,-1,19,0.0,0.2631578947368421,0.2631578947368421,0.0,9,2,6,2,5,5,3,5,12,4,0,7,0.3684210526315789,UL,0.6193821946787638,11,2,0,0,6,0.8461538461538461,0.15384615384615385,0.0,0.0,0.3157894736842105,UL,0.10526315789473684,0.0,0.0,0.0,1,ur,ul,dr,0,0,0,0,0
8,7,size7_comp0.0_grid7_base_low,7,0.0,low,base,base,3,5,8,4,2,1,1,1,1,0,-1,10,0.0,0.3,0.3,0.0,3,1,5,1,3,4,1,1,4,1,0,2,0.2,UL,0.8112781244591328,6,2,0,0,2,0.75,0.25,0.0,0.0,0.2,UL,0.2,0.0,0.0,0.0,1,ur,ul,dr,0,0,0,0,0
9,7,size7_comp0.0_grid7_base_low,7,0.0,low,base,base,3,5,8,4,2,1,1,1,1,0,-1,12,0.0,0.3333333333333333,0.3333333333333333,0.0,5,3,4,0,2,1,4,4,5,3,0,2,0.16666666666666666,UL,0.9910760598382222,5,4,0,0,3,0.5555555555555556,0.4444444444444444,0.0,0.0,0.25,UR,0.0,0.16666666666666666,0.0,0.0,2,ur,ul,dr,0,0,0,0,0
0,8,size7_comp0.0_grid8_base_low,7,0.0,low,base,base,3,6,9,3,3,1,1,1,1,0,-1,32,0.0,0.25,0.25,0.0,18,5,6,3,12,7,6,6,23,4,0,13,0.40625,UL,0.7793498372920851,10,3,0,0,19,0.7692307692307693,0.23076923076923078,0.0,0.0,0.59375,,0.0,0.0,0.0,0.0,0,midline,midline,ur,0,0,0,0,0
1,8,size7_comp0.0_grid8_base_low,7,0.0,low,base,base,3,6,9,3,3,1,1,1,1,0,-1,5,0.0,0.2,0.2,0.0,1,1,3,0,1,0,2,1,1,1,0,0,0.0,UL,-0.0,1,0,0,0,4,1.0,0.0,0.0,0.0,0.8,,0.0,0.0,0.0,0.0,0,midline,midline,ur,0,0,0,0,0
2,8,size7_comp0.0_grid8_base_low,7,0.0,low,base,base,3,6,9,3,3,1,1,1,0,0,-1,32,0.0,0.4375,0.4375,0.0,13,6,7,6,7,10,6,8,22,6,0,5,0.15625,UL,0.5435644431995964,14,2,0,0,16,0.875,0.125,0.0,0.0,0.5,UL,0.03125,0.0,0.0,0.0,1,midline,midline,ur,0,0,0,0,0
3,8,size7_comp0.0_grid8_base_low,7,0.0,low,base,base,3,6,9,3,3,1,1,1,1,0,-1,21,0.0,0.3333333333333333,0.3333333333333333,0.0,10,6,4,1,4,4,5,7,11,5,0,4,0.19047619047619047,UL,0.8739810481273578,12,5,0,0,4,0.7058823529411765,0.29411764705882354,0.0,0.0,0.19047619047619047,UL,0.047619047619047616,0.0,0.0,0.0,1,midline,midline,ur,0,0,0,0,0
4,8,size7_comp0.0_grid8_base_low,7,0.0,low,base,base,3,6,9,3,3,1,1,1,1,0,-1,3,0.0,0.0,0.0,0.0,0,0,3,0,2,0,0,0,0,0,0,0,0.0,UL,0.0,0,0,0,0,3,0.0,0.0,0.0,0.0,1.0,,0.0,0.0,0.0,0.0,0,midline,midline,ur,0,0,0,0,0
5,8,size7_comp0.0_grid8_base_low,7,0.0,low,base,base,3,6,9,3,3,1,1,1,0,0,-1,32,0.0,0.375,0.375,0.0,15,6,6,5,6,5,9,11,24,8,0,8,0.25,UL,0.7793498372920851,10,3,0,0,19,0.7692307692307693,0.23076923076923078,0.0,0.0,0.59375,UL,0.03125,0.0,0.0,0.0,1,midline,midline,ur,0,0,0,0,0
6,8,size7_comp0.0_grid8_base_low,7,0.0,low,base,base,3,6,9,3,3,1,1,1,1,0,-1,10,0.0,0.3,0.3,0.0,3,2,4,1,3,1,5,0,3,0,0,1,0.1,UL,-0.0,4,0,0,0,6,1.0,0.0,0.0,0.0,0.6,,0.0,0.0,0.0,0.0,0,midline,midline,ur,0,0,0,0,0
7,8,size7_comp0.0_grid8_base_low,7,0.0,low,base,base,3,6,9,3,3,1,1,1,1,0,-1,29,0.0,0.27586206896551724,0.27586206896551724,0.0,17,7,4,1,11,6,2,9,21,6,0,10,0.3448275862068966,UR,0.8453509366224364,3,8,0,0,18,0.2727272727272727,0.7272727272727273,0.0,0.0,0.6206896551724138,UL,0.034482758620689655,0.0,0.0,0.0,1,midline,midline,ur,0,1,0,0,0
8,8,size7_comp0.0_grid8_base_low,7,0.0,low,base,base,3,6,9,3,3,1,1,1,1,0,-1,25,0.0,0.32,0.32,0.0,13,7,4,1,8,4,5,7,17,5,0,6,0.24,UL,-0.0,5,0,0,0,20,1.0,0.0,0.0,0.0,0.8,,0.0,0.0,0.0,0.0,0,midline,midline,ur,0,0,0,0,0
9,8,size7_comp0.0_grid8_base_low,7,0.0,low,base,base,3,6,9,3,3,1,1,1,0,0,-1,32,0.0,0.34375,0.34375,0.0,16,4,7,5,7,8,3,13,25,11,0,10,0.3125,UL,0.5032583347756457,16,2,0,0,14,0.8888888888888888,0.1111111111111111,0.0,0.0,0.4375,UL,0.03125,0.0,0.0,0.0,1,midline,midline,ur,0,0,0,0,0
0,9,size7_comp0.0_grid9_base_low,7,0.0,low,base,base,5,4,9,3,3,1,1,1,1,0,-1,5,0.0,0.6,0.6,0.0,1,2,2,0,2,0,1,1,1,1,0,0,0.0,DR,-0.0,0,0,0,3,2,0.0,0.0,0.0,1.0,0.4,,0.0,0.0,0.0,0.0,0,dr,dl,ul,1,0,0,0,0
1,9,size7_comp0.0_grid9_base_low,7,0.0,low,base,base,5,4,9,3,3,1,1,1,1,0,-1,3,0.0,0.6666666666666666,0.6666666666666666,0.0,0,1,2,0,0,1,1,0,0,0,0,0,0.0,DR,-0.0,0,0,0,1,2,0.0,0.0,0.0,1.0,0.6666666666666666,,0.0,0.0,0.0,0.0,0,dr,dl,ul,1,0,0,0,0
2,9,size7_comp0.0_grid9_base_low,7,0.0,low,base,base,5,4,9,3,3,1,1,1,1,0,-1,21,0.0,0.47619047619047616,0.47619047619047616,0.0,8,7,4,2,5,4,7,4,10,4,0,2,0.09523809523809523,UR,0.954434002924965,0,10,0,6,5,0.0,0.625,0.0,0.375,0.23809523809523808,UR,0.0,0.09523809523809523,0.0,0.0,1,dr,dl,ul,0,0,0,0,0
3,9,size7_comp0.0_grid9_base_low,7,0.0,low,base,base,5,4,9,3,3,1,1,1,1,0,-1,24,0.0,0.375,0.375,0.0,6,6,4,8,10,5,4,4,16,2,0,7,0.2916666666666667,UR,0.5916727785823275,0,18,0,3,3,0.0,0.8571428571428571,0.0,0.14285714285714285,0.125,UR,0.0,0.4166666666666667,0.0,0.0,4,dr,dl,ul,0,0,0,0,0
4,9,size7_comp0.0_grid9_base_low,7,0.0,low,base,base,5,4,9,3,3,1,1,1,1,0,-1,9,0.0,0.5555555555555556,0.5555555555555556,0.0,3,4,2,0,1,1,3,3,3,3,0,0,0.0,DR,0.9182958340544896,0,0,1,2,6,0.0,0.0,0.3333333333333333,0.6666666666666666,0.6666666666666666,,0.0,0.0,0.0,0.0,0,dr,dl,ul,1,0,0,0,0
5,9,size7_comp0.0_grid9_base_low,7,0.0,low,base,base,5,4,9,3,3,1,1,1,1,0,-1,3,0.0,0.6666666666666666,0.6666666666666666,0.0,0,1,2,0,0,1,1,0,0,0,0,0,0.0,DR,-0.0,0,0,0,1,2,0.0,0.0,0.0,1.0,0.6666666666666666,,0.0,0.0,0.0,0.0,0,dr,dl,ul,1,0,0,0,0
6,9,size7_comp0.0_grid9_base_low,7,0.0,low,base,base,5,4,9,3,3,1,1,1,1,0,-1,3,0.0,0.6666666666666666,0.6666666666666666,0.0,0,1,2,0,0,1,1,0,0,0,0,0,0.0,DR,-0.0,0,0,0,1,2,0.0,0.0,0.0,1.0,0.6666666666666666,,0.0,0.0,0.0,0.0,0,dr,dl,ul,1,0,0,0,0
7,9,size7_comp0.0_grid9_base_low,7,0.0,low,base,base,5,4,9,3,3,1,1,1,0,0,-1,32,0.0,0.40625,0.40625,0.0,14,10,2,6,7,4,10,10,25,10,0,6,0.1875,UR,0.222284830685688,0,27,0,1,4,0.0,0.9642857142857143,0.0,0.03571428571428571,0.125,UR,0.0,0.21875,0.0,0.0,4,dr,dl,ul,0,0,0,0,0
8,9,size7_comp0.0_grid9_base_low,7,0.0,low,base,base,5,4,9,3,3,1,1,1,1,0,-1,22,0.0,0.45454545454545453,0.45454545454545453,0.0,7,8,3,4,7,4,5,5,11,4,0,3,0.13636363636363635,UR,0.7642045065086203,0,7,0,2,13,0.0,0.7777777777777778,0.0,0.2222222222222222,0.5909090909090909,UR,0.0,0.13636363636363635,0.0,0.0,3,dr,dl,ul,0,0,0,0,0
9,9,size7_comp0.0_grid9_base_low,7,0.0,low,base,base,5,4,9,3,3,1,1,1,1,0,-1,18,0.0,0.3888888888888889,0.3888888888888889,0.0,5,5,3,5,4,4,7,2,11,1,0,5,0.2777777777777778,UR,0.7793498372920851,0,10,0,3,5,0.0,0.7692307692307693,0.0,0.23076923076923078,0.2777777777777778,UR,0.0,0.3333333333333333,0.0,0.0,3,dr,dl,ul,0,0,0,0,0
0,0,size7_comp0.2_grid0_base_low,7,0.2,low,base,base,5,3,8,6,1,1,1,1,1,0,-1,27,0.0,0.48148148148148145,0.48148148148148145,0.0,8,8,7,4,2,6,6,12,19,10,0,3,0.1111111111111111,UL,1.295461844238322,6,3,1,0,17,0.6,0.3,0.1,0.0,0.6296296296296297,,0.0,0.0,0.0,0.0,0,ur,dl,dr,0,0,0,0,0
1,0,size7_comp0.2_grid0_base_low,7,0.2,low,base,base,5,3,8,6,1,1,1,1,0,0,-1,32,0.0,0.40625,0.40625,0.0,14,7,6,5,3,10,5,13,27,10,0,7,0.21875,UL,0.41381685030363374,11,1,0,0,20,0.9166666666666666,0.08333333333333333,0.0,0.0,0.625,,0.0,0.0,0.0,0.0,0,ur,dl,dr,0,0,0,0,0
2,0,size7_comp0.2_grid0_base_low,7,0.2,low,base,base,5,3,8,6,1,1,1,1,0,0,-1,32,0.0,0.4375,0.4375,0.0,12,7,7,6,5,4,7,15,26,13,0,5,0.15625,UL,0.35335933502142136,14,1,0,0,17,0.9333333333333333,0.06666666666666667,0.0,0.0,0.53125,,0.0,0.0,0.0,0.0,0,ur,dl,dr,0,0,0,0,0
3,0,size7_comp0.2_grid0_base_low,7,0.2,low,base,base,5,3,8,6,1,1,1,1,1,0,-1,31,0.0,0.4838709677419355,0.4838709677419355,0.0,11,11,6,3,2,9,7,12,20,10,0,3,0.0967741935483871,UL,1.158938532350277,10,4,1,0,16,0.6666666666666666,0.26666666666666666,0.06666666666666667,0.0,0.5161290322580645,,0.0,0.0,0.0,0.0,0,ur,dl,dr,0,0,0,0,0
4,0,size7_comp0.2_grid0_base_low,7,0.2,low,base,base,5,3,8,6,1,1,1,1,1,0,-1,21,0.0,0.47619047619047616,0.47619047619047616,0.0,6,6,6,3,6,5,3,6,14,5,0,3,0.14285714285714285,UL,0.9709505944546686,3,2,0,0,16,0.6,0.4,0.0,0.0,0.7619047619047619,,0.0,0.0,0.0,0.0,0,ur,dl,dr,0,0,0,0,0
5,0,size7_comp0.2_grid0_base_low,7,0.2,low,base,base,5,3,8,6,1,1,1,1,1,0,-1,17,0.0,0.47058823529411764,0.47058823529411764,0.0,5,5,5,2,3,7,3,3,9,2,0,3,0.17647058823529413,UL,0.8812908992306927,7,3,0,0,7,0.7,0.3,0.0,0.0,0.4117647058823529,,0.0,0.0,0.0,0.0,0,ur,dl,dr,0,0,0,0,0
6,0,size7_comp0.2_grid0_base_low,7,0.2,low,base,base,5,3,8,6,1,1,1,1,1,0,-1,9,0.0,0.5555555555555556,0.5555555555555556,0.0,2,4,3,0,3,1,3,1,2,0,0,1,0.1111111111111111,UL,1.2516291673878228,4,1,1,0,3,0.6666666666666666,0.16666666666666666,0.16666666666666666,0.0,0.3333333333333333,,0.0,0.0,0.0,0.0,0,ur,dl,dr,0,0,0,0,0
7,0,size7_comp0.2_grid0_base_low,7,0.2,low,base,base,5,3,8,6,1,1,1,1,0,0,-1,32,0.0,0.40625,0.40625,0.0,13,7,7,5,9,3,7,12,25,9,0,9,0.28125,UL,0.9182958340544896,4,2,0,0,26,0.6666666666666666,0.3333333333333333,0.0,0.0,0.8125,,0.0,0.0,0.0,0.0,0,ur,dl,dr,0,0,0,0,0
8,0,size7_comp0.2_grid0_base_low,7,0.2,low,base,base,5,3,8,6,1,1,1,1,0,0,-1,32,0.0,0.375,0.375,0.0,15,6,6,5,4,10,8,9,26,6,0,9,0.28125,UL,0.74959525725948,11,3,0,0,18,0.7857142857142857,0.21428571428571427,0.0,0.0,0.5625,,0.0,0.0,0.0,0.0,0,ur,dl,dr,0,0,0,0,0
9,0,size7_comp0.2_grid0_base_low,7,0.2,low,base,base,5,3,8,6,1,1,1,1,0,0,-1,32,0.0,0.34375,0.34375,0.0,16,6,5,5,5,4,8,14,27,11,0,10,0.3125,UR,-0.0,0,9,0,0,23,0.0,1.0,0.0,0.0,0.71875,UR,0.0,0.09375,0.0,0.0,3,ur,dl,dr,1,0,0,0,0
0,1,size7_comp0.2_grid1_base_low,7,0.2,low,base,base,3,3,6,4,1,1,1,1,1,0,-1,4,0.0,0.5,0.5,0.0,2,0,2,0,1,1,1,0,0,0,0,0,0.0,DR,-0.0,0,0,0,1,3,0.0,0.0,0.0,1.0,0.75,,0.0,0.0,0.0,0.0,0,dr,midline,dl,1,0,0,0,0
1,1,size7_comp0.2_grid1_base_low,7,0.2,low,base,base,3,3,6,4,1,1,1,1,0,0,-1,32,0.0,0.3125,0.3125,0.0,18,6,4,4,10,6,6,9,23,6,0,9,0.28125,UR,0.6193821946787638,0,11,0,2,19,0.0,0.8461538461538461,0.0,0.15384615384615385,0.59375,,0.0,0.0,0.0,0.0,0,dr,midline,dl,0,0,0,0,0
2,1,size7_comp0.2_grid1_base_low,7,0.2,low,base,base,3,3,6,4,1,1,1,1,1,0,-1,8,0.0,0.375,0.375,0.0,4,0,3,1,2,2,3,0,2,0,0,2,0.25,DL,1.0,0,0,3,3,2,0.0,0.0,0.5,0.5,0.25,,0.0,0.0,0.0,0.0,0,dr,midline,dl,0,1,0,0,0
3,1,size7_comp0.2_grid1_base_low,7,0.2,low,base,base,3,3,6,4,1,1,1,1,1,0,-1,10,0.0,0.3,0.3,0.0,5,0,4,1,4,2,3,0,4,0,0,4,0.4,DR,0.9852281360342515,0,0,3,4,3,0.0,0.0,0.42857142857142855,0.5714285714285714,0.3,,0.0,0.0,0.0,0.0,0,dr,midline,dl,1,0,0,0,0
4,1,size7_comp0.2_grid1_base_low,7,0.2,low,base,base,3,3,6,4,1,1,1,1,1,0,-1,8,0.0,0.5,0.5,0.0,4,2,2,0,3,1,2,1,1,1,0,0,0.0,UL,1.0,1,0,0,1,6,0.5,0.0,0.0,0.5,0.75,,0.0,0.0,0.0,0.0,0,dr,midline,dl,0,0,0,0,0
5,1,size7_comp0.2_grid1_base_low,7,0.2,low,base,base,3,3,6,4,1,1,1,1,1,0,-1,4,0.0,0.5,0.5,0.0,2,0,2,0,1,1,1,0,0,0,0,0,0.0,DR,-0.0,0,0,0,1,3,0.0,0.0,0.0,1.0,0.75,,0.0,0.0,0.0,0.0,0,dr,midline,dl,1,0,0,0,0
6,1,size7_comp0.2_grid1_base_low,7,0.2,low,base,base,3,3,6,4,1,1,1,1,1,0,-1,6,0.0,0.5,0.5,0.0,2,0,3,1,1,1,3,0,0,0,0,0,0.0,DL,0.9182958340544896,0,0,2,1,3,0.0,0.0,0.6666666666666666,0.3333333333333333,0.5,,0.0,0.0,0.0,0.0,0,dr,midline,dl,0,1,0,0,0
7,1,size7_comp0.2_grid1_base_low,7,0.2,low,base,base,3,3,6,4,1,1,1,1,1,0,-1,5,0.0,0.4,0.4,0.0,3,0,2,0,1,2,1,0,1,0,0,1,0.2,DR,-0.0,0,0,0,2,3,0.0,0.0,0.0,1.0,0.6,,0.0,0.0,0.0,0.0,0,dr,midline,dl,1,0,0,0,0
8,1,size7_comp0.2_grid1_base_low,7,0.2,low,base,base,3,3,6,4,1,1,1,1,1,0,-1,8,0.0,0.375,0.375,0.0,4,0,3,1,2,2,3,0,2,0,0,2,0.25,DL,1.0,0,0,3,3,2,0.0,0.0,0.5,0.5,0.25,,0.0,0.0,0.0,0.0,0,dr,midline,dl,0,1,0,0,0
9,1,size7_comp0.2_grid1_base_low,7,0.2,low,base,base,3,3,6,4,1,1,1,1,1,0,-1,5,0.0,0.4,0.4,0.0,3,0,2,0,0,2,2,0,1,0,0,1,0.2,DR,0.9182958340544896,0,0,1,2,2,0.0,0.0,0.3333333333333333,0.6666666666666666,0.4,,0.0,0.0,0.0,0.0,0,dr,midline,dl,1,0,0,0,0
0,2,size7_comp0.2_grid2_base_low,7,0.2,low,base,base,4,5,9,3,3,1,1,1,1,0,-1,3,0.0,0.3333333333333333,0.3333333333333333,0.0,0,2,0,1,0,1,1,0,0,0,0,0,0.0,DL,-0.0,0,0,1,0,2,0.0,0.0,1.0,0.0,0.6666666666666666,,0.0,0.0,0.0,0.0,0,midline,midline,ur,0,0,0,0,0
1,2,size7_comp0.2_grid2_base_low,7,0.2,low,base,base,4,5,9,3,3,1,1,1,1,0,-1,3,0.0,0.3333333333333333,0.3333333333333333,0.0,0,2,0,1,1,0,1,0,0,0,0,0,0.0,UL,0.0,0,0,0,0,3,0.0,0.0,0.0,0.0,1.0,,0.0,0.0,0.0,0.0,0,midline,midline,ur,0,0,0,0,0
2,2,size7_comp0.2_grid2_base_low,7,0.2,low,base,base,4,5,9,3,3,1,1,1,1,0,-1,3,0.0,0.3333333333333333,0.3333333333333333,0.0,0,2,0,1,0,1,1,0,0,0,0,0,0.0,DL,-0.0,0,0,1,0,2,0.0,0.0,1.0,0.0,0.6666666666666666,,0.0,0.0,0.0,0.0,0,midline,midline,ur,0,0,0,0,0
3,2,size7_comp0.2_grid2_base_low,7,0.2,low,base,base,4,5,9,3,3,1,1,1,1,0,-1,3,0.0,0.3333333333333333,0.3333333333333333,0.0,0,2,0,1,1,0,1,0,0,0,0,0,0.0,UL,0.0,0,0,0,0,3,0.0,0.0,0.0,0.0,1.0,,0.0,0.0,0.0,0.0,0,midline,midline,ur,0,0,0,0,0
4,2,size7_comp0.2_grid2_base_low,7,0.2,low,base,base,4,5,9,3,3,1,1,1,1,0,-1,4,0.0,0.25,0.25,0.0,1,2,0,1,0,1,1,1,1,0,0,1,0.25,DL,-0.0,0,0,1,0,3,0.0,0.0,1.0,0.0,0.75,,0.0,0.0,0.0,0.0,0,midline,midline,ur,0,0,0,0,0
5,2,size7_comp0.2_grid2_base_low,7,0.2,low,base,base,4,5,9,3,3,1,1,1,1,0,-1,3,0.0,0.3333333333333333,0.3333333333333333,0.0,0,2,0,1,1,1,0,0,0,0,0,0,0.0,DL,-0.0,0,0,2,0,1,0.0,0.0,1.0,0.0,0.3333333333333333,,0.0,0.0,0.0,0.0,0,midline,midline,ur,0,0,0,0,0
6,2,size7_comp0.2_grid2_base_low,7,0.2,low,base,base,4,5,9,3,3,1,1,1,1,0,-1,3,0.0,0.3333333333333333,0.3333333333333333,0.0,0,2,0,1,1,0,1,0,0,0,0,0,0.0,UL,0.0,0,0,0,0,3,0.0,0.0,0.0,0.0,1.0,,0.0,0.0,0.0,0.0,0,midline,midline,ur,0,0,0,0,0
7,2,size7_comp0.2_grid2_base_low,7,0.2,low,base,base,4,5,9,3,3,1,1,1,1,0,-1,3,0.0,0.3333333333333333,0.3333333333333333,0.0,0,2,0,1,1,0,1,0,0,0,0,0,0.0,UL,0.0,0,0,0,0,3,0.0,0.0,0.0,0.0,1.0,,0.0,0.0,0.0,0.0,0,midline,midline,ur,0,0,0,0,0
8,2,size7_comp0.2_grid2_base_low,7,0.2,low,base,base,4,5,9,3,3,1,1,1,1,0,-1,3,0.0,0.3333333333333333,0.3333333333333333,0.0,0,2,0,1,0,1,1,0,0,0,0,0,0.0,DL,-0.0,0,0,1,0,2,0.0,0.0,1.0,0.0,0.6666666666666666,,0.0,0.0,0.0,0.0,0,midline,midline,ur,0,0,0,0,0
9,2,size7_comp0.2_grid2_base_low,7,0.2,low,base,base,4,5,9,3,3,1,1,1,1,0,-1,5,0.0,0.4,0.4,0.0,0,2,1,2,0,0,3,1,1,1,0,0,0.0,DL,-0.0,0,0,1,0,4,0.0,0.0,1.0,0.0,0.8,,0.0,0.0,0.0,0.0,0,midline,midline,ur,0,0,0,0,0
0,3,size7_comp0.2_grid3_base_low,7,0.2,low,base,base,3,6,9,3,3,1,1,1,1,0,-1,10,0.0,0.3,0.3,0.0,3,3,3,1,1,2,3,3,4,2,0,1,0.1,DR,0.9182958340544896,0,0,1,2,7,0.0,0.0,0.3333333333333333,0.6666666666666666,0.7,,0.0,0.0,0.0,0.0,0,midline,dl,midline,0,0,0,0,0
1,3,size7_comp0.2_grid3_base_low,7,0.2,low,base,base,3,6,9,3,3,1,1,1,1,0,-1,7,0.0,0.2857142857142857,0.2857142857142857,0.0,1,2,3,1,2,1,2,1,2,1,0,0,0.0,DL,-0.0,0,0,1,0,6,0.0,0.0,1.0,0.0,0.8571428571428571,,0.0,0.0,0.0,0.0,0,midline,dl,midline,0,0,0,0,0
2,3,size7_comp0.2_grid3_base_low,7,0.2,low,base,base,3,6,9,3,3,1,1,1,1,1,4,29,0.3103448275862069,0.6206896551724138,0.8,0.5833333333333334,11,10,5,3,6,4,6,12,17,11,14,2,0.06896551724137931,DL,1.9219280948873623,1,1,2,1,24,0.2,0.2,0.4,0.2,0.8275862068965517,,0.0,0.0,0.0,0.0,0,midline,dl,midline,0,0,0,0,0
3,3,size7_comp0.2_grid3_base_low,7,0.2,low,base,base,3,6,9,3,3,1,1,1,1,0,-1,5,0.0,0.2,0.2,0.0,1,2,2,0,1,0,1,2,2,2,0,0,0.0,DL,-0.0,0,0,1,0,4,0.0,0.0,1.0,0.0,0.8,,0.0,0.0,0.0,0.0,0,midline,dl,midline,0,0,0,0,0
4,3,size7_comp0.2_grid3_base_low,7,0.2,low,base,base,3,6,9,3,3,1,1,1,1,0,-1,7,0.0,0.2857142857142857,0.2857142857142857,0.0,2,3,2,0,2,0,1,3,3,3,0,0,0.0,DL,-0.0,0,0,1,0,6,0.0,0.0,1.0,0.0,0.8571428571428571,,0.0,0.0,0.0,0.0,0,midline,dl,midline,0,0,0,0,0
5,3,size7_comp0.2_grid3_base_low,7,0.2,low,base,base,3,6,9,3,3,1,1,1,1,0,-1,3,0.0,0.0,0.0,0.0,0,1,2,0,0,1,1,0,0,0,0,0,0.0,DL,-0.0,0,0,2,0,1,0.0,0.0,1.0,0.0,0.3333333333333333,,0.0,0.0,0.0,0.0,0,midline,dl,midline,0,0,0,0,0
6,3,size7_comp0.2_grid3_base_low,7,0.2,low,base,base,3,6,9,3,3,1,1,1,1,0,-1,3,0.0,0.0,0.0,0.0,0,1,2,0,1,0,1,0,0,0,0,0,0.0,DL,-0.0,0,0,1,0,2,0.0,0.0,1.0,0.0,0.6666666666666666,,0.0,0.0,0.0,0.0,0,midline,dl,midline,0,0,0,0,0
7,3,size7_comp0.2_grid3_base_low,7,0.2,low,base,base,3,6,9,3,3,1,1,1,1,1,6,20,0.45,0.7,0.7142857142857143,0.6923076923076923,5,6,5,4,6,2,8,3,5,3,0,1,0.05,UR,1.792481250360578,2,6,2,2,8,0.16666666666666666,0.5,0.16666666666666666,0.16666666666666666,0.4,UR,0.0,0.15,0.0,0.0,2,midline,dl,midline,0,0,0,0,0
8,3,size7_comp0.2_grid3_base_low,7,0.2,low,base,base,3,6,9,3,3,1,1,1,1,0,-1,3,0.0,0.0,0.0,0.0,0,1,2,0,1,0,1,0,0,0,0,0,0.0,DL,-0.0,0,0,1,0,2,0.0,0.0,1.0,0.0,0.6666666666666666,,0.0,0.0,0.0,0.0,0,midline,dl,midline,0,0,0,0,0
9,3,size7_comp0.2_grid3_base_low,7,0.2,low,base,base,3,6,9,3,3,1,1,1,1,0,-1,5,0.0,0.2,0.2,0.0,1,2,2,0,1,2,1,0,0,0,0,0,0.0,DL,-0.0,0,0,2,0,3,0.0,0.0,1.0,0.0,0.6,,0.0,0.0,0.0,0.0,0,midline,dl,midline,0,0,0,0,0
0,4,size7_comp0.2_grid4_base_low,7,0.2,low,base,base,4,6,10,4,3,1,1,1,1,0,-1,4,0.0,0.25,0.25,0.0,3,0,1,0,1,1,1,0,0,0,0,0,0.0,DR,-0.0,0,0,0,2,2,0.0,0.0,0.0,1.0,0.5,DR,0.0,0.0,0.0,0.25,1,dr,ur,dl,1,0,0,0,0
1,4,size7_comp0.2_grid4_base_low,7,0.2,low,base,base,4,6,10,4,3,1,1,1,1,0,-1,4,0.0,0.25,0.25,0.0,3,0,1,0,1,1,1,0,0,0,0,0,0.0,DR,-0.0,0,0,0,3,1,0.0,0.0,0.0,1.0,0.25,DR,0.0,0.0,0.0,0.25,1,dr,ur,dl,1,0,0,0,0
2,4,size7_comp0.2_grid4_base_low,7,0.2,low,base,base,4,6,10,4,3,1,1,1,1,0,-1,4,0.0,0.25,0.25,0.0,3,0,1,0,2,1,0,0,0,0,0,0,0.0,DR,0.9182958340544896,0,1,0,2,1,0.0,0.3333333333333333,0.0,0.6666666666666666,0.25,DR,0.0,0.0,0.0,0.25,1,dr,ur,dl,1,0,0,0,0
3,4,size7_comp0.2_grid4_base_low,7,0.2,low,base,base,4,6,10,4,3,1,1,1,1,0,-1,4,0.0,0.25,0.25,0.0,3,0,1,0,2,1,0,0,0,0,0,0,0.0,DR,0.9182958340544896,0,1,0,2,1,0.0,0.3333333333333333,0.0,0.6666666666666666,0.25,DR,0.0,0.0,0.0,0.25,1,dr,ur,dl,1,0,0,0,0
4,4,size7_comp0.2_grid4_base_low,7,0.2,low,base,base,4,6,10,4,3,1,1,1,1,0,-1,4,0.0,0.25,0.25,0.0,3,0,1,0,2,1,0,0,0,0,0,0,0.0,DR,0.9182958340544896,0,1,0,2,1,0.0,0.3333333333333333,0.0,0.6666666666666666,0.25,DR,0.0,0.0,0.0,0.25,1,dr,ur,dl,1,0,0,0,0
5,4,size7_comp0.2_grid4_base_low,7,0.2,low,base,base,4,6,10,4,3,1,1,1,1,0,-1,13,0.0,0.3076923076923077,0.3076923076923077,0.0,8,2,2,1,4,2,3,3,7,1,0,3,0.23076923076923078,UR,0.6500224216483541,0,10,0,2,1,0.0,0.8333333333333334,0.0,0.16666666666666666,0.07692307692307693,UR,0.0,0.38461538461538464,0.0,0.07692307692307693,2,dr,ur,dl,0,0,0,0,0
6,4,size7_comp0.2_grid4_base_low,7,0.2,low,base,base,4,6,10,4,3,1,1,1,1,0,-1,4,0.0,0.25,0.25,0.0,3,0,1,0,2,1,0,0,0,0,0,0,0.0,DR,0.9182958340544896,0,1,0,2,1,0.0,0.3333333333333333,0.0,0.6666666666666666,0.25,DR,0.0,0.0,0.0,0.25,1,dr,ur,dl,1,0,0,0,0
7,4,size7_comp0.2_grid4_base_low,7,0.2,low,base,base,4,6,10,4,3,1,1,1,1,0,-1,4,0.0,0.25,0.25,0.0,3,0,1,0,1,1,1,0,0,0,0,0,0.0,DR,-0.0,0,0,0,3,1,0.0,0.0,0.0,1.0,0.25,DR,0.0,0.0,0.0,0.25,1,dr,ur,dl,1,0,0,0,0
8,4,size7_comp0.2_grid4_base_low,7,0.2,low,base,base,4,6,10,4,3,1,1,1,1,0,-1,4,0.0,0.25,0.25,0.0,3,0,1,0,1,1,1,0,0,0,0,0,0.0,DR,-0.0,0,0,0,2,2,0.0,0.0,0.0,1.0,0.5,DR,0.0,0.0,0.0,0.25,1,dr,ur,dl,1,0,0,0,0
9,4,size7_comp0.2_grid4_base_low,7,0.2,low,base,base,4,6,10,4,3,1,1,1,1,0,-1,4,0.0,0.25,0.25,0.0,3,0,1,0,1,1,1,0,0,0,0,0,0.0,DR,-0.0,0,0,0,3,1,0.0,0.0,0.0,1.0,0.25,DR,0.0,0.0,0.0,0.25,1,dr,ur,dl,1,0,0,0,0
0,5,size7_comp0.2_grid5_base_low,7,0.2,low,base,base,4,3,7,3,2,1,1,1,0,1,12,32,0.0,0.40625,0.6153846153846154,0.2631578947368421,17,5,5,5,10,7,7,7,24,5,6,11,0.34375,UR,0.24988229283318544,0,23,0,1,8,0.0,0.9583333333333334,0.0,0.041666666666666664,0.25,UR,0.0,0.125,0.0,0.0,2,dr,midline,midline,0,0,0,0,0
1,5,size7_comp0.2_grid5_base_low,7,0.2,low,base,base,4,3,7,3,2,1,1,1,1,0,-1,3,0.0,0.6666666666666666,0.6666666666666666,0.0,1,0,2,0,1,1,0,0,0,0,0,0,0.0,DR,-0.0,0,0,0,1,2,0.0,0.0,0.0,1.0,0.6666666666666666,,0.0,0.0,0.0,0.0,0,dr,midline,midline,1,0,0,0,0
2,5,size7_comp0.2_grid5_base_low,7,0.2,low,base,base,4,3,7,3,2,1,1,1,0,1,9,32,0.0,0.4375,0.7,0.3181818181818182,16,5,6,5,7,6,10,8,24,6,3,8,0.25,UR,0.2974722489192896,0,18,0,1,13,0.0,0.9473684210526315,0.0,0.05263157894736842,0.40625,UR,0.0,0.0625,0.0,0.0,1,dr,midline,midline,0,0,0,0,0
3,5,size7_comp0.2_grid5_base_low,7,0.2,low,base,base,4,3,7,3,2,1,1,1,1,1,18,27,0.25925925925925924,0.5185185185185185,0.47368421052631576,0.625,10,7,4,6,7,3,10,6,18,5,2,6,0.2222222222222222,UR,0.2974722489192896,0,18,0,1,8,0.0,0.9473684210526315,0.0,0.05263157894736842,0.2962962962962963,UR,0.0,0.2962962962962963,0.0,0.0,3,dr,midline,midline,0,0,0,0,0
4,5,size7_comp0.2_grid5_base_low,7,0.2,low,base,base,4,3,7,3,2,1,1,1,1,0,-1,3,0.0,0.6666666666666666,0.6666666666666666,0.0,1,0,2,0,1,1,0,0,0,0,0,0,0.0,DR,-0.0,0,0,0,1,2,0.0,0.0,0.0,1.0,0.6666666666666666,,0.0,0.0,0.0,0.0,0,dr,midline,midline,1,0,0,0,0
5,5,size7_comp0.2_grid5_base_low,7,0.2,low,base,base,4,3,7,3,2,1,1,1,1,1,9,27,0.25925925925925924,0.5925925925925926,0.7,0.5294117647058824,9,6,7,5,3,4,10,9,19,8,1,2,0.07407407407407407,UR,0.4689955935892812,0,9,0,1,17,0.0,0.9,0.0,0.1,0.6296296296296297,,0.0,0.0,0.0,0.0,0,dr,midline,midline,0,0,0,0,0
6,5,size7_comp0.2_grid5_base_low,7,0.2,low,base,base,4,3,7,3,2,1,1,1,1,0,-1,3,0.0,0.6666666666666666,0.6666666666666666,0.0,1,0,2,0,1,1,0,0,0,0,0,0,0.0,DR,-0.0,0,0,0,1,2,0.0,0.0,0.0,1.0,0.6666666666666666,,0.0,0.0,0.0,0.0,0,dr,midline,midline,1,0,0,0,0
7,5,size7_comp0.2_grid5_base_low,7,0.2,low,base,base,4,3,7,3,2,1,1,1,1,0,-1,3,0.0,0.6666666666666666,0.6666666666666666,0.0,1,0,2,0,1,1,0,0,0,0,0,0,0.0,DR,-0.0,0,0,0,1,2,0.0,0.0,0.0,1.0,0.6666666666666666,,0.0,0.0,0.0,0.0,0,dr,midline,midline,1,0,0,0,0
8,5,size7_comp0.2_grid5_base_low,7,0.2,low,base,base,4,3,7,3,2,1,1,1,1,1,10,24,0.2916666666666667,0.5833333333333334,0.6363636363636364,0.5384615384615384,9,6,6,3,4,8,7,4,15,4,2,3,0.125,UR,0.4394969869215134,0,10,0,1,13,0.0,0.9090909090909091,0.0,0.09090909090909091,0.5416666666666666,UR,0.0,0.041666666666666664,0.0,0.0,1,dr,midline,midline,0,0,0,0,0
9,5,size7_comp0.2_grid5_base_low,7,0.2,low,base,base,4,3,7,3,2,1,1,1,1,1,3,30,0.23333333333333334,0.4,1.0,0.3076923076923077,18,4,5,3,13,10,3,3,23,2,10,13,0.43333333333333335,UR,0.3372900666170139,0,15,0,1,14,0.0,0.9375,0.0,0.0625,0.4666666666666667,,0.0,0.0,0.0,0.0,0,dr,midline,midline,0,0,0,0,0
0,6,size7_comp0.2_grid6_base_low,7,0.2,low,base,base,3,4,7,3,2,1,1,1,1,0,-1,3,0.0,0.3333333333333333,0.3333333333333333,0.0,0,2,0,1,1,0,1,0,0,0,0,0,0.0,UL,-0.0,1,0,0,0,2,1.0,0.0,0.0,0.0,0.6666666666666666,,0.0,0.0,0.0,0.0,0,ul,midline,ur,1,0,0,0,0
1,6,size7_comp0.2_grid6_base_low,7,0.2,low,base,base,3,4,7,3,2,1,1,1,1,0,-1,3,0.0,0.3333333333333333,0.3333333333333333,0.0,0,2,0,1,0,1,1,0,0,0,0,0,0.0,UL,-0.0,1,0,0,0,2,1.0,0.0,0.0,0.0,0.6666666666666666,,0.0,0.0,0.0,0.0,0,ul,midline,ur,1,0,0,0,0
2,6,size7_comp0.2_grid6_base_low,7,0.2,low,base,base,3,4,7,3,2,1,1,1,1,1,2,11,0.6363636363636364,0.8181818181818182,1.0,0.75,1,3,3,4,3,2,3,2,3,2,1,0,0.0,UR,0.6500224216483541,1,5,0,0,5,0.16666666666666666,0.8333333333333334,0.0,0.0,0.45454545454545453,,0.0,0.0,0.0,0.0,0,ul,midline,ur,0,1,0,0,0
3,6,size7_comp0.2_grid6_base_low,7,0.2,low,base,base,3,4,7,3,2,1,1,1,1,0,-1,3,0.0,0.3333333333333333,0.3333333333333333,0.0,0,2,0,1,0,1,1,0,0,0,0,0,0.0,UL,-0.0,1,0,0,0,2,1.0,0.0,0.0,0.0,0.6666666666666666,,0.0,0.0,0.0,0.0,0,ul,midline,ur,1,0,0,0,0
4,6,size7_comp0.2_grid6_base_low,7,0.2,low,base,base,3,4,7,3,2,1,1,1,1,1,11,21,0.3333333333333333,0.6190476190476191,0.5833333333333334,0.6666666666666666,6,7,3,5,3,7,5,5,12,4,6,2,0.09523809523809523,UR,0.37123232664087563,1,13,0,0,7,0.07142857142857142,0.9285714285714286,0.0,0.0,0.3333333333333333,UR,0.0,0.19047619047619047,0.0,0.0,2,ul,midline,ur,0,1,0,0,0
5,6,size7_comp0.2_grid6_base_low,7,0.2,low,base,base,3,4,7,3,2,1,1,1,1,1,6,31,0.22580645161290322,0.5483870967741935,0.7142857142857143,0.5,10,10,5,6,7,8,9,6,22,3,9,4,0.12903225806451613,UR,0.2761954276479391,1,20,0,0,10,0.047619047619047616,0.9523809523809523,0.0,0.0,0.3225806451612903,UR,0.0,0.12903225806451613,0.0,0.0,2,ul,midline,ur,0,1,0,0,0
6,6,size7_comp0.2_grid6_base_low,7,0.2,low,base,base,3,4,7,3,2,1,1,1,1,1,2,20,0.35,0.5,1.0,0.4117647058823529,7,3,4,6,7,5,4,3,11,2,4,7,0.35,UR,0.3372900666170139,1,15,0,0,4,0.0625,0.9375,0.0,0.0,0.2,UR,0.0,0.4,0.0,0.0,7,ul,midline,ur,0,1,0,0,0
7,6,size7_comp0.2_grid6_base_low,7,0.2,low,base,base,3,4,7,3,2,1,1,1,1,0,-1,3,0.0,0.3333333333333333,0.3333333333333333,0.0,0,2,0,1,1,1,0,0,0,0,0,0,0.0,UL,1.0,1,0,1,0,1,0.5,0.0,0.5,0.0,0.3333333333333333,,0.0,0.0,0.0,0.0,0,ul,midline,ur,1,0,0,0,0
8,6,size7_comp0.2_grid6_base_low,7,0.2,low,base,base,3,4,7,3,2,1,1,1,1,0,-1,3,0.0,0.3333333333333333,0.3333333333333333,0.0,0,2,0,1,0,1,1,0,0,0,0,0,0.0,UL,-0.0,1,0,0,0,2,1.0,0.0,0.0,0.0,0.6666666666666666,,0.0,0.0,0.0,0.0,0,ul,midline,ur,1,0,0,0,0
9,6,size7_comp0.2_grid6_base_low,7,0.2,low,base,base,3,4,7,3,2,1,1,1,1,0,-1,3,0.0,0.3333333333333333,0.3333333333333333,0.0,0,2,0,1,1,1,0,0,0,0,0,0,0.0,UL,1.0,1,0,1,0,1,0.5,0.0,0.5,0.0,0.3333333333333333,,0.0,0.0,0.0,0.0,0,ul,midline,ur,1,0,0,0,0
0,7,size7_comp0.2_grid7_base_low,7,0.2,low,base,base,6,7,13,5,4,1,1,1,1,0,-1,26,0.0,0.38461538461538464,0.38461538461538464,0.0,12,6,6,2,7,4,5,9,15,8,0,5,0.19230769230769232,DR,1.9056390622295665,2,1,2,3,18,0.25,0.125,0.25,0.375,0.6923076923076923,DR,0.0,0.0,0.0,0.038461538461538464,1,dr,dl,ur,1,0,0,0,0
1,7,size7_comp0.2_grid7_base_low,7,0.2,low,base,base,6,7,13,5,4,1,1,1,1,0,-1,12,0.0,0.4166666666666667,0.4166666666666667,0.0,5,3,4,0,6,3,2,0,1,0,0,1,0.08333333333333333,UL,1.4488156357251847,3,1,0,3,5,0.42857142857142855,0.14285714285714285,0.0,0.42857142857142855,0.4166666666666667,UL,0.08333333333333333,0.0,0.0,0.08333333333333333,1,dr,dl,ur,0,0,0,0,0
2,7,size7_comp0.2_grid7_base_low,7,0.2,low,base,base,6,7,13,5,4,1,1,1,0,0,-1,32,0.0,0.40625,0.40625,0.0,14,7,7,4,7,7,9,8,19,8,0,6,0.1875,UR,1.5306189948485174,5,6,0,3,18,0.35714285714285715,0.42857142857142855,0.0,0.21428571428571427,0.5625,UL,0.03125,0.0,0.0,0.03125,1,dr,dl,ur,0,1,0,0,0
3,7,size7_comp0.2_grid7_base_low,7,0.2,low,base,base,6,7,13,5,4,1,1,1,1,0,-1,17,0.0,0.35294117647058826,0.35294117647058826,0.0,7,4,4,2,3,3,6,4,9,4,0,4,0.23529411764705882,UR,1.4591479170272448,0,3,1,2,11,0.0,0.5,0.16666666666666666,0.3333333333333333,0.6470588235294118,DR,0.0,0.0,0.0,0.058823529411764705,1,dr,dl,ur,0,1,0,0,0
4,7,size7_comp0.2_grid7_base_low,7,0.2,low,base,base,6,7,13,5,4,1,1,1,0,0,-1,32,0.0,0.3125,0.3125,0.0,22,5,3,2,13,6,4,8,23,5,0,15,0.46875,UR,0.8904916402194913,0,9,0,4,19,0.0,0.6923076923076923,0.0,0.3076923076923077,0.59375,DR,0.0,0.0,0.0,0.03125,1,dr,dl,ur,0,1,0,0,0
5,7,size7_comp0.2_grid7_base_low,7,0.2,low,base,base,6,7,13,5,4,1,1,1,0,0,-1,32,0.0,0.46875,0.46875,0.0,14,6,7,5,7,8,6,10,21,8,0,5,0.15625,UR,1.5219280948873621,2,4,0,4,22,0.2,0.4,0.0,0.4,0.6875,DR,0.0,0.0,0.0,0.03125,1,dr,dl,ur,0,1,0,0,0
6,7,size7_comp0.2_grid7_base_low,7,0.2,low,base,base,6,7,13,5,4,1,1,1,1,0,-1,7,0.0,0.42857142857142855,0.42857142857142855,0.0,2,1,4,0,2,1,1,2,2,2,0,0,0.0,DL,0.9182958340544896,0,0,4,2,1,0.0,0.0,0.6666666666666666,0.3333333333333333,0.14285714285714285,DR,0.0,0.0,0.0,0.14285714285714285,1,dr,dl,ur,0,0,0,0,0
7,7,size7_comp0.2_grid7_base_low,7,0.2,low,base,base,6,7,13,5,4,1,1,1,0,0,-1,32,0.0,0.5,0.5,0.0,14,8,5,5,6,7,8,10,22,9,0,5,0.15625,UR,0.9182958340544896,0,8,0,4,20,0.0,0.6666666666666666,0.0,0.3333333333333333,0.625,DR,0.0,0.0,0.0,0.03125,1,dr,dl,ur,0,1,0,0,0
8,7,size7_comp0.2_grid7_base_low,7,0.2,low,base,base,6,7,13,5,4,1,1,1,0,0,-1,32,0.0,0.46875,0.46875,0.0,12,6,7,7,4,8,12,7,21,5,0,6,0.1875,UL,1.2467052127325733,14,4,0,3,11,0.6666666666666666,0.19047619047619047,0.0,0.14285714285714285,0.34375,UL,0.0625,0.0,0.0,0.03125,1,dr,dl,ur,0,0,0,0,0
9,7,size7_comp0.2_grid7_base_low,7,0.2,low,base,base,6,7,13,5,4,1,1,1,1,0,-1,22,0.0,0.4090909090909091,0.4090909090909091,0.0,8,5,6,3,3,8,6,4,8,4,0,3,0.13636363636363635,UL,1.5219280948873621,4,2,0,4,12,0.4,0.2,0.0,0.4,0.5454545454545454,DR,0.0,0.0,0.0,0.045454545454545456,1,dr,dl,ur,0,0,0,0,0
0,8,size7_comp0.2_grid8_base_low,7,0.2,low,base,base,6,4,10,4,3,1,1,1,1,0,-1,4,0.0,0.75,0.75,0.0,2,0,0,2,1,1,1,0,0,0,0,0,0.0,DL,-0.0,0,0,1,0,3,0.0,0.0,1.0,0.0,0.75,,0.0,0.0,0.0,0.0,0,dl,midline,ul,1,0,0,0,0
1,8,size7_comp0.2_grid8_base_low,7,0.2,low,base,base,6,4,10,4,3,1,1,1,1,0,-1,6,0.0,0.6666666666666666,0.6666666666666666,0.0,2,0,1,3,1,2,1,1,1,1,0,0,0.0,DL,0.8112781244591328,0,0,3,1,2,0.0,0.0,0.75,0.25,0.3333333333333333,DL,0.0,0.0,0.16666666666666666,0.0,1,dl,midline,ul,1,0,0,0,0
2,8,size7_comp0.2_grid8_base_low,7,0.2,low,base,base,6,4,10,4,3,1,1,1,1,0,-1,4,0.0,0.75,0.75,0.0,2,0,0,2,1,1,1,0,0,0,0,0,0.0,DL,-0.0,0,0,1,0,3,0.0,0.0,1.0,0.0,0.75,,0.0,0.0,0.0,0.0,0,dl,midline,ul,1,0,0,0,0
3,8,size7_comp0.2_grid8_base_low,7,0.2,low,base,base,6,4,10,4,3,1,1,1,1,0,-1,8,0.0,0.5,0.5,0.0,2,1,1,4,1,2,4,0,2,0,0,2,0.25,DL,-0.0,0,0,4,0,4,0.0,0.0,1.0,0.0,0.5,DL,0.0,0.0,0.125,0.0,1,dl,midline,ul,1,0,0,0,0
4,8,size7_comp0.2_grid8_base_low,7,0.2,low,base,base,6,4,10,4,3,1,1,1,1,0,-1,4,0.0,0.75,0.75,0.0,2,0,0,2,0,2,1,0,0,0,0,0,0.0,DL,1.0,0,0,1,1,2,0.0,0.0,0.5,0.5,0.5,,0.0,0.0,0.0,0.0,0,dl,midline,ul,1,0,0,0,0
5,8,size7_comp0.2_grid8_base_low,7,0.2,low,base,base,6,4,10,4,3,1,1,1,1,0,-1,19,0.0,0.42105263157894735,0.42105263157894735,0.0,6,4,3,6,3,5,6,4,11,4,0,5,0.2631578947368421,DL,-0.0,0,0,7,0,12,0.0,0.0,1.0,0.0,0.631578947368421,DL,0.0,0.0,0.05263157894736842,0.0,1,dl,midline,ul,1,0,0,0,0
6,8,size7_comp0.2_grid8_base_low,7,0.2,low,base,base,6,4,10,4,3,1,1,1,1,0,-1,8,0.0,0.5,0.5,0.0,4,0,1,3,4,1,2,0,2,0,0,2,0.25,DL,-0.0,0,0,5,0,3,0.0,0.0,1.0,0.0,0.375,DL,0.0,0.0,0.125,0.0,1,dl,midline,ul,1,0,0,0,0
7,8,size7_comp0.2_grid8_base_low,7,0.2,low,base,base,6,4,10,4,3,1,1,1,1,0,-1,10,0.0,0.4,0.4,0.0,5,1,1,3,1,3,2,3,5,1,0,4,0.4,DL,0.5435644431995964,0,0,7,1,2,0.0,0.0,0.875,0.125,0.2,DL,0.0,0.0,0.1,0.0,1,dl,midline,ul,1,0,0,0,0
8,8,size7_comp0.2_grid8_base_low,7,0.2,low,base,base,6,4,10,4,3,1,1,1,1,0,-1,9,0.0,0.5555555555555556,0.5555555555555556,0.0,3,1,1,4,3,2,2,1,3,1,0,1,0.1111111111111111,DL,-0.0,0,0,5,0,4,0.0,0.0,1.0,0.0,0.4444444444444444,DL,0.0,0.0,0.1111111111111111,0.0,1,dl,midline,ul,1,0,0,0,0
9,8,size7_comp0.2_grid8_base_low,7,0.2,low,base,base,6,4,10,4,3,1,1,1,1,0,-1,8,0.0,0.375,0.375,0.0,5,0,1,2,2,3,1,1,4,0,0,4,0.5,DL,0.7219280948873623,0,0,4,1,3,0.0,0.0,0.8,0.2,0.375,,0.0,0.0,0.0,0.0,0,dl,midline,ul,1,0,0,0,0
0,9,size7_comp0.2_grid9_base_low,7,0.2,low,base,base,3,4,7,3,2,1,1,1,1,0,-1,3,0.0,0.3333333333333333,0.3333333333333333,0.0,2,0,0,1,1,0,1,0,0,0,0,0,0.0,DL,-0.0,0,0,2,0,1,0.0,0.0,1.0,0.0,0.3333333333333333,DL,0.0,0.0,0.3333333333333333,0.0,1,dl,midline,dr,1,0,0,0,0
1,9,size7_comp0.2_grid9_base_low,7,0.2,low,base,base,3,4,7,3,2,1,1,1,1,0,-1,4,0.0,0.25,0.25,0.0,2,0,1,1,1,0,2,0,1,0,0,1,0.25,DL,-0.0,0,0,3,0,1,0.0,0.0,1.0,0.0,0.25,DL,0.0,0.0,0.5,0.0,2,dl,midline,dr,1,0,0,0,0
2,9,size7_comp0.2_grid9_base_low,7,0.2,low,base,base,3,4,7,3,2,1,1,1,1,0,-1,3,0.0,0.3333333333333333,0.3333333333333333,0.0,2,0,0,1,0,1,1,0,0,0,0,0,0.0,DL,-0.0,0,0,3,0,0,0.0,0.0,1.0,0.0,0.0,DL,0.0,0.0,0.3333333333333333,0.0,1,dl,midline,dr,1,0,0,0,0
3,9,size7_comp0.2_grid9_base_low,7,0.2,low,base,base,3,4,7,3,2,1,1,1,1,0,-1,3,0.0,0.3333333333333333,0.3333333333333333,0.0,2,0,0,1,1,0,1,0,0,0,0,0,0.0,DL,-0.0,0,0,2,0,1,0.0,0.0,1.0,0.0,0.3333333333333333,DL,0.0,0.0,0.3333333333333333,0.0,1,dl,midline,dr,1,0,0,0,0
4,9,size7_comp0.2_grid9_base_low,7,0.2,low,base,base,3,4,7,3,2,1,1,1,1,0,-1,3,0.0,0.3333333333333333,0.3333333333333333,0.0,2,0,0,1,1,0,1,0,0,0,0,0,0.0,DL,-0.0,0,0,2,0,1,0.0,0.0,1.0,0.0,0.3333333333333333,DL,0.0,0.0,0.3333333333333333,0.0,1,dl,midline,dr,1,0,0,0,0
5,9,size7_comp0.2_grid9_base_low,7,0.2,low,base,base,3,4,7,3,2,1,1,1,1,0,-1,3,0.0,0.3333333333333333,0.3333333333333333,0.0,2,0,0,1,1,0,1,0,0,0,0,0,0.0,DL,-0.0,0,0,2,0,1,0.0,0.0,1.0,0.0,0.3333333333333333,DL,0.0,0.0,0.3333333333333333,0.0,1,dl,midline,dr,1,0,0,0,0
6,9,size7_comp0.2_grid9_base_low,7,0.2,low,base,base,3,4,7,3,2,1,1,1,1,0,-1,8,0.0,0.375,0.375,0.0,4,2,1,1,1,0,3,3,5,3,0,1,0.125,DL,-0.0,0,0,6,0,2,0.0,0.0,1.0,0.0,0.25,DL,0.0,0.0,0.375,0.0,2,dl,midline,dr,1,0,0,0,0
7,9,size7_comp0.2_grid9_base_low,7,0.2,low,base,base,3,4,7,3,2,1,1,1,1,0,-1,5,0.0,0.4,0.4,0.0,2,0,1,2,0,0,3,1,1,1,0,0,0.0,DL,-0.0,0,0,4,0,1,0.0,0.0,1.0,0.0,0.2,DL,0.0,0.0,0.2,0.0,1,dl,midline,dr,1,0,0,0,0
8,9,size7_comp0.2_grid9_base_low,7,0.2,low,base,base,3,4,7,3,2,1,1,1,1,0,-1,5,0.0,0.4,0.4,0.0,2,0,1,2,0,0,3,1,1,1,0,0,0.0,DL,-0.0,0,0,4,0,1,0.0,0.0,1.0,0.0,0.2,DL,0.0,0.0,0.2,0.0,1,dl,midline,dr,1,0,0,0,0
9,9,size7_comp0.2_grid9_base_low,7,0.2,low,base,base,3,4,7,3,2,1,1,1,1,0,-1,3,0.0,0.3333333333333333,0.3333333333333333,0.0,2,0,0,1,1,0,1,0,0,0,0,0,0.0,DL,-0.0,0,0,2,0,1,0.0,0.0,1.0,0.0,0.3333333333333333,DL,0.0,0.0,0.3333333333333333,0.0,1,dl,midline,dr,1,0,0,0,0
0,0,size7_comp0.4_grid0_base_low,7,0.4,low,base,base,4,3,7,5,1,1,1,1,1,0,-1,6,0.0,0.5,0.5,0.0,0,2,1,3,2,0,2,1,1,0,0,1,0.16666666666666666,DL,0.8112781244591328,0,0,3,1,2,0.0,0.0,0.75,0.25,0.3333333333333333,,0.0,0.0,0.0,0.0,0,midline,dr,midline,0,0,0,0,0
1,0,size7_comp0.4_grid0_base_low,7,0.4,low,base,base,4,3,7,5,1,1,1,1,1,0,-1,7,0.0,0.5714285714285714,0.5714285714285714,0.0,0,2,1,4,2,1,3,0,0,0,0,0,0.0,DR,0.8112781244591328,0,0,1,3,3,0.0,0.0,0.25,0.75,0.42857142857142855,DR,0.0,0.0,0.0,0.14285714285714285,1,midline,dr,midline,0,0,0,0,0
2,0,size7_comp0.4_grid0_base_low,7,0.4,low,base,base,4,3,7,5,1,1,1,1,1,0,-1,5,0.0,0.6,0.6,0.0,0,2,0,3,2,1,1,0,0,0,0,0,0.0,UL,0.0,0,0,0,0,5,0.0,0.0,0.0,0.0,1.0,,0.0,0.0,0.0,0.0,0,midline,dr,midline,0,0,0,0,0
3,0,size7_comp0.4_grid0_base_low,7,0.4,low,base,base,4,3,7,5,1,1,1,1,1,0,-1,5,0.0,0.6,0.6,0.0,0,2,0,3,2,1,1,0,0,0,0,0,0.0,DL,0.9182958340544896,0,0,2,1,2,0.0,0.0,0.6666666666666666,0.3333333333333333,0.4,,0.0,0.0,0.0,0.0,0,midline,dr,midline,0,0,0,0,0
4,0,size7_comp0.4_grid0_base_low,7,0.4,low,base,base,4,3,7,5,1,1,1,1,1,0,-1,5,0.0,0.6,0.6,0.0,0,2,0,3,0,2,2,0,0,0,0,0,0.0,DL,-0.0,0,0,1,0,4,0.0,0.0,1.0,0.0,0.8,,0.0,0.0,0.0,0.0,0,midline,dr,midline,0,0,0,0,0
5,0,size7_comp0.4_grid0_base_low,7,0.4,low,base,base,4,3,7,5,1,1,1,1,1,0,-1,10,0.0,0.4,0.4,0.0,1,5,1,3,1,2,3,3,5,2,0,3,0.3,DL,-0.0,0,0,5,0,5,0.0,0.0,1.0,0.0,0.5,,0.0,0.0,0.0,0.0,0,midline,dr,midline,0,0,0,0,0
6,0,size7_comp0.4_grid0_base_low,7,0.4,low,base,base,4,3,7,5,1,1,1,1,1,0,-1,5,0.0,0.6,0.6,0.0,0,2,0,3,2,1,1,0,0,0,0,0,0.0,DL,0.9182958340544896,0,0,2,1,2,0.0,0.0,0.6666666666666666,0.3333333333333333,0.4,,0.0,0.0,0.0,0.0,0,midline,dr,midline,0,0,0,0,0
7,0,size7_comp0.4_grid0_base_low,7,0.4,low,base,base,4,3,7,5,1,1,1,1,1,0,-1,5,0.0,0.6,0.6,0.0,0,2,0,3,1,1,2,0,0,0,0,0,0.0,DL,1.0,0,0,1,1,3,0.0,0.0,0.5,0.5,0.6,,0.0,0.0,0.0,0.0,0,midline,dr,midline,0,0,0,0,0
8,0,size7_comp0.4_grid0_base_low,7,0.4,low,base,base,4,3,7,5,1,1,1,1,1,0,-1,6,0.0,0.5,0.5,0.0,0,2,1,3,1,1,2,1,1,0,0,1,0.16666666666666666,DL,-0.0,0,0,3,0,3,0.0,0.0,1.0,0.0,0.5,,0.0,0.0,0.0,0.0,0,midline,dr,midline,0,0,0,0,0
9,0,size7_comp0.4_grid0_base_low,7,0.4,low,base,base,4,3,7,5,1,1,1,1,1,0,-1,5,0.0,0.6,0.6,0.0,0,2,0,3,0,2,2,0,0,0,0,0,0.0,DL,-0.0,0,0,1,0,4,0.0,0.0,1.0,0.0,0.8,,0.0,0.0,0.0,0.0,0,midline,dr,midline,0,0,0,0,0
0,1,size7_comp0.4_grid1_base_low,7,0.4,low,base,base,8,4,12,4,4,1,1,1,1,0,-1,4,0.0,1.0,1.0,0.0,4,0,0,0,3,0,0,0,0,0,0,0,0.0,DL,0.9182958340544896,1,0,2,0,1,0.3333333333333333,0.0,0.6666666666666666,0.0,0.25,DL,0.0,0.0,0.25,0.0,1,dl,ul,ur,1,0,0,0,0
1,1,size7_comp0.4_grid1_base_low,7,0.4,low,base,base,8,4,12,4,4,1,1,1,1,0,-1,7,0.0,0.5714285714285714,0.5714285714285714,0.0,4,0,3,0,4,1,1,0,3,0,0,3,0.42857142857142855,UL,0.9182958340544896,4,0,2,0,1,0.6666666666666666,0.0,0.3333333333333333,0.0,0.14285714285714285,DL,0.0,0.0,0.14285714285714285,0.0,1,dl,ul,ur,0,0,0,0,0
2,1,size7_comp0.4_grid1_base_low,7,0.4,low,base,base,8,4,12,4,4,1,1,1,1,0,-1,5,0.0,0.8,0.8,0.0,4,0,1,0,2,1,1,0,1,0,0,1,0.2,UL,1.0,2,0,2,0,1,0.5,0.0,0.5,0.0,0.2,DL,0.0,0.0,0.2,0.0,1,dl,ul,ur,0,0,0,0,0
3,1,size7_comp0.4_grid1_base_low,7,0.4,low,base,base,8,4,12,4,4,1,1,1,1,0,-1,7,0.0,0.5714285714285714,0.5714285714285714,0.0,4,0,3,0,4,1,1,0,3,0,0,3,0.42857142857142855,UL,0.9182958340544896,4,0,2,0,1,0.6666666666666666,0.0,0.3333333333333333,0.0,0.14285714285714285,DL,0.0,0.0,0.14285714285714285,0.0,1,dl,ul,ur,0,0,0,0,0
4,1,size7_comp0.4_grid1_base_low,7,0.4,low,base,base,8,4,12,4,4,1,1,1,1,0,-1,5,0.0,0.8,0.8,0.0,4,0,1,0,2,1,1,0,1,0,0,1,0.2,UL,1.0,2,0,2,0,1,0.5,0.0,0.5,0.0,0.2,DL,0.0,0.0,0.2,0.0,1,dl,ul,ur,0,0,0,0,0
5,1,size7_comp0.4_grid1_base_low,7,0.4,low,base,base,8,4,12,4,4,1,1,1,1,0,-1,5,0.0,0.8,0.8,0.0,4,0,1,0,2,1,1,0,1,0,0,1,0.2,UL,1.0,2,0,2,0,1,0.5,0.0,0.5,0.0,0.2,DL,0.0,0.0,0.2,0.0,1,dl,ul,ur,0,0,0,0,0
6,1,size7_comp0.4_grid1_base_low,7,0.4,low,base,base,8,4,12,4,4,1,1,1,1,0,-1,5,0.0,0.8,0.8,0.0,4,0,1,0,2,1,1,0,1,0,0,1,0.2,DL,0.9182958340544896,1,0,2,0,2,0.3333333333333333,0.0,0.6666666666666666,0.0,0.4,DL,0.0,0.0,0.2,0.0,1,dl,ul,ur,1,0,0,0,0
7,1,size7_comp0.4_grid1_base_low,7,0.4,low,base,base,8,4,12,4,4,1,1,1,1,0,-1,4,0.0,1.0,1.0,0.0,4,0,0,0,3,0,0,0,0,0,0,0,0.0,DL,0.9182958340544896,1,0,2,0,1,0.3333333333333333,0.0,0.6666666666666666,0.0,0.25,DL,0.0,0.0,0.25,0.0,1,dl,ul,ur,1,0,0,0,0
8,1,size7_comp0.4_grid1_base_low,7,0.4,low,base,base,8,4,12,4,4,1,1,1,1,0,-1,6,0.0,0.6666666666666666,0.6666666666666666,0.0,4,0,2,0,2,1,2,0,2,0,0,2,0.3333333333333333,DL,0.9709505944546686,2,0,3,0,1,0.4,0.0,0.6,0.0,0.16666666666666666,DL,0.0,0.0,0.3333333333333333,0.0,2,dl,ul,ur,1,0,0,0,0
9,1,size7_comp0.4_grid1_base_low,7,0.4,low,base,base,8,4,12,4,4,1,1,1,1,0,-1,6,0.0,0.6666666666666666,0.6666666666666666,0.0,4,0,2,0,1,2,2,0,2,0,0,2,0.3333333333333333,DL,0.9709505944546686,2,0,3,0,1,0.4,0.0,0.6,0.0,0.16666666666666666,DL,0.0,0.0,0.16666666666666666,0.0,1,dl,ul,ur,1,0,0,0,0
0,2,size7_comp0.4_grid2_base_low,7,0.4,low,base,base,3,4,7,3,3,1,1,1,1,0,-1,7,0.0,0.2857142857142857,0.2857142857142857,0.0,4,1,0,2,1,2,2,1,3,1,0,2,0.2857142857142857,DL,-0.0,0,0,1,0,6,0.0,0.0,1.0,0.0,0.8571428571428571,,0.0,0.0,0.0,0.0,0,midline,ur,ul,0,0,0,0,0
1,2,size7_comp0.4_grid2_base_low,7,0.4,low,base,base,3,4,7,3,3,1,1,1,1,0,-1,3,0.0,0.3333333333333333,0.3333333333333333,0.0,1,0,0,2,1,1,0,0,0,0,0,0,0.0,UL,0.0,0,0,0,0,3,0.0,0.0,0.0,0.0,1.0,,0.0,0.0,0.0,0.0,0,midline,ur,ul,0,1,0,0,0
2,2,size7_comp0.4_grid2_base_low,7,0.4,low,base,base,3,4,7,3,3,1,1,1,1,0,-1,3,0.0,0.3333333333333333,0.3333333333333333,0.0,1,0,0,2,1,1,0,0,0,0,0,0,0.0,UL,0.0,0,0,0,0,3,0.0,0.0,0.0,0.0,1.0,,0.0,0.0,0.0,0.0,0,midline,ur,ul,0,1,0,0,0
3,2,size7_comp0.4_grid2_base_low,7,0.4,low,base,base,3,4,7,3,3,1,1,1,1,0,-1,5,0.0,0.4,0.4,0.0,1,0,1,3,2,1,0,1,1,1,0,0,0.0,UL,0.0,0,0,0,0,5,0.0,0.0,0.0,0.0,1.0,,0.0,0.0,0.0,0.0,0,midline,ur,ul,0,1,0,0,0
4,2,size7_comp0.4_grid2_base_low,7,0.4,low,base,base,3,4,7,3,3,1,1,1,1,0,-1,8,0.0,0.375,0.375,0.0,4,2,0,2,0,3,1,3,4,3,0,1,0.125,UL,-0.0,2,0,0,0,6,1.0,0.0,0.0,0.0,0.75,,0.0,0.0,0.0,0.0,0,midline,ur,ul,0,1,0,0,0
5,2,size7_comp0.4_grid2_base_low,7,0.4,low,base,base,3,4,7,3,3,1,1,1,1,0,-1,3,0.0,0.3333333333333333,0.3333333333333333,0.0,1,0,0,2,1,1,0,0,0,0,0,0,0.0,UL,0.0,0,0,0,0,3,0.0,0.0,0.0,0.0,1.0,,0.0,0.0,0.0,0.0,0,midline,ur,ul,0,1,0,0,0
6,2,size7_comp0.4_grid2_base_low,7,0.4,low,base,base,3,4,7,3,3,1,1,1,1,0,-1,15,0.0,0.4,0.4,0.0,5,4,2,4,3,2,6,3,8,2,0,2,0.13333333333333333,UL,0.5435644431995964,7,1,0,0,7,0.875,0.125,0.0,0.0,0.4666666666666667,,0.0,0.0,0.0,0.0,0,midline,ur,ul,0,1,0,0,0
7,2,size7_comp0.4_grid2_base_low,7,0.4,low,base,base,3,4,7,3,3,1,1,1,1,0,-1,3,0.0,0.3333333333333333,0.3333333333333333,0.0,1,0,0,2,1,1,0,0,0,0,0,0,0.0,UL,0.0,0,0,0,0,3,0.0,0.0,0.0,0.0,1.0,,0.0,0.0,0.0,0.0,0,midline,ur,ul,0,1,0,0,0
8,2,size7_comp0.4_grid2_base_low,7,0.4,low,base,base,3,4,7,3,3,1,1,1,1,0,-1,20,0.0,0.35,0.35,0.0,7,2,4,7,4,7,4,4,12,4,0,5,0.25,UR,0.9456603046006401,4,7,0,0,9,0.36363636363636365,0.6363636363636364,0.0,0.0,0.45,UR,0.0,0.2,0.0,0.0,4,midline,ur,ul,0,0,0,0,0
9,2,size7_comp0.4_grid2_base_low,7,0.4,low,base,base,3,4,7,3,3,1,1,1,1,0,-1,12,0.0,0.4166666666666667,0.4166666666666667,0.0,5,3,1,3,0,4,2,5,8,5,0,1,0.08333333333333333,UL,-0.0,3,0,0,0,9,1.0,0.0,0.0,0.0,0.75,,0.0,0.0,0.0,0.0,0,midline,ur,ul,0,1,0,0,0
0,3,size7_comp0.4_grid3_base_low,7,0.4,low,base,base,3,4,7,3,2,1,1,1,1,0,-1,5,0.0,0.4,0.4,0.0,2,1,0,2,2,0,2,0,0,0,0,0,0.0,DL,-0.0,0,0,2,0,3,0.0,0.0,1.0,0.0,0.6,DL,0.0,0.0,0.2,0.0,1,dl,midline,ul,1,0,0,0,0
1,3,size7_comp0.4_grid3_base_low,7,0.4,low,base,base,3,4,7,3,2,1,1,1,1,0,-1,3,0.0,0.3333333333333333,0.3333333333333333,0.0,1,0,0,2,1,0,1,0,0,0,0,0,0.0,DL,-0.0,0,0,3,0,0,0.0,0.0,1.0,0.0,0.0,DL,0.0,0.0,0.3333333333333333,0.0,1,dl,midline,ul,1,0,0,0,0
2,3,size7_comp0.4_grid3_base_low,7,0.4,low,base,base,3,4,7,3,2,1,1,1,1,0,-1,3,0.0,0.3333333333333333,0.3333333333333333,0.0,1,0,0,2,1,0,1,0,0,0,0,0,0.0,DL,-0.0,0,0,3,0,0,0.0,0.0,1.0,0.0,0.0,DL,0.0,0.0,0.3333333333333333,0.0,1,dl,midline,ul,1,0,0,0,0
3,3,size7_comp0.4_grid3_base_low,7,0.4,low,base,base,3,4,7,3,2,1,1,1,1,0,-1,3,0.0,0.3333333333333333,0.3333333333333333,0.0,1,0,0,2,1,0,1,0,0,0,0,0,0.0,DL,-0.0,0,0,3,0,0,0.0,0.0,1.0,0.0,0.0,DL,0.0,0.0,0.3333333333333333,0.0,1,dl,midline,ul,1,0,0,0,0
4,3,size7_comp0.4_grid3_base_low,7,0.4,low,base,base,3,4,7,3,2,1,1,1,1,0,-1,8,0.0,0.375,0.375,0.0,3,2,1,2,2,0,4,1,3,1,0,1,0.125,DL,-0.0,0,0,5,0,3,0.0,0.0,1.0,0.0,0.375,DL,0.0,0.0,0.375,0.0,2,dl,midline,ul,1,0,0,0,0
5,3,size7_comp0.4_grid3_base_low,7,0.4,low,base,base,3,4,7,3,2,1,1,1,1,0,-1,3,0.0,0.3333333333333333,0.3333333333333333,0.0,1,0,0,2,1,0,1,0,0,0,0,0,0.0,DL,-0.0,0,0,3,0,0,0.0,0.0,1.0,0.0,0.0,DL,0.0,0.0,0.3333333333333333,0.0,1,dl,midline,ul,1,0,0,0,0
6,3,size7_comp0.4_grid3_base_low,7,0.4,low,base,base,3,4,7,3,2,1,1,1,1,0,-1,4,0.0,0.25,0.25,0.0,1,1,0,2,0,1,2,0,1,0,0,1,0.25,DL,-0.0,0,0,4,0,0,0.0,0.0,1.0,0.0,0.0,DL,0.0,0.0,0.25,0.0,1,dl,midline,ul,1,0,0,0,0
7,3,size7_comp0.4_grid3_base_low,7,0.4,low,base,base,3,4,7,3,2,1,1,1,1,0,-1,3,0.0,0.3333333333333333,0.3333333333333333,0.0,1,0,0,2,1,0,1,0,0,0,0,0,0.0,DL,-0.0,0,0,3,0,0,0.0,0.0,1.0,0.0,0.0,DL,0.0,0.0,0.3333333333333333,0.0,1,dl,midline,ul,1,0,0,0,0
8,3,size7_comp0.4_grid3_base_low,7,0.4,low,base,base,3,4,7,3,2,1,1,1,1,0,-1,6,0.0,0.3333333333333333,0.3333333333333333,0.0,2,2,0,2,1,1,2,1,1,0,0,1,0.16666666666666666,DL,-0.0,0,0,4,0,2,0.0,0.0,1.0,0.0,0.3333333333333333,DL,0.0,0.0,0.3333333333333333,0.0,2,dl,midline,ul,1,0,0,0,0
9,3,size7_comp0.4_grid3_base_low,7,0.4,low,base,base,3,4,7,3,2,1,1,1,1,0,-1,5,0.0,0.4,0.4,0.0,2,1,0,2,1,0,1,2,2,2,0,0,0.0,DL,-0.0,0,0,5,0,0,0.0,0.0,1.0,0.0,0.0,DL,0.0,0.0,0.4,0.0,1,dl,midline,ul,1,0,0,0,0
0,4,size7_comp0.4_grid4_base_low,7,0.4,low,base,base,7,4,11,5,4,1,1,1,1,0,-1,10,0.0,0.4,0.4,0.0,2,2,1,5,2,3,3,1,5,0,0,5,0.5,UL,0.5435644431995964,7,1,0,0,2,0.875,0.125,0.0,0.0,0.2,UL,0.1,0.0,0.0,0.0,1,ul,ur,dr,1,0,0,0,0
1,4,size7_comp0.4_grid4_base_low,7,0.4,low,base,base,7,4,11,5,4,1,1,1,1,0,-1,9,0.0,0.5555555555555556,0.5555555555555556,0.0,3,1,1,4,1,4,3,0,2,0,0,2,0.2222222222222222,UL,1.0,1,1,0,0,7,0.5,0.5,0.0,0.0,0.7777777777777778,,0.0,0.0,0.0,0.0,0,ul,ur,dr,1,0,0,0,0
2,4,size7_comp0.4_grid4_base_low,7,0.4,low,base,base,7,4,11,5,4,1,1,1,1,0,-1,9,0.0,0.5555555555555556,0.5555555555555556,0.0,2,3,0,4,2,1,4,1,3,1,0,2,0.2222222222222222,UL,0.6500224216483541,5,1,0,0,3,0.8333333333333334,0.16666666666666666,0.0,0.0,0.3333333333333333,UL,0.1111111111111111,0.0,0.0,0.0,1,ul,ur,dr,1,0,0,0,0
3,4,size7_comp0.4_grid4_base_low,7,0.4,low,base,base,7,4,11,5,4,1,1,1,1,0,-1,9,0.0,0.5555555555555556,0.5555555555555556,0.0,2,2,1,4,2,1,3,2,4,2,0,2,0.2222222222222222,UL,0.5435644431995964,7,1,0,0,1,0.875,0.125,0.0,0.0,0.1111111111111111,UL,0.2222222222222222,0.0,0.0,0.0,1,ul,ur,dr,1,0,0,0,0
4,4,size7_comp0.4_grid4_base_low,7,0.4,low,base,base,7,4,11,5,4,1,1,1,1,0,-1,27,0.0,0.5185185185185185,0.5185185185185185,0.0,9,9,3,6,3,4,7,12,19,12,0,2,0.07407407407407407,UL,0.7219280948873623,12,3,0,0,12,0.8,0.2,0.0,0.0,0.4444444444444444,UL,0.07407407407407407,0.0,0.0,0.0,1,ul,ur,dr,1,0,0,0,0
5,4,size7_comp0.4_grid4_base_low,7,0.4,low,base,base,7,4,11,5,4,1,1,1,1,0,-1,29,0.0,0.3793103448275862,0.3793103448275862,0.0,7,7,5,10,4,5,8,11,20,7,0,10,0.3448275862068966,UL,0.6840384356390417,18,4,0,0,7,0.8181818181818182,0.18181818181818182,0.0,0.0,0.2413793103448276,UL,0.06896551724137931,0.0,0.0,0.0,1,ul,ur,dr,1,0,0,0,0
6,4,size7_comp0.4_grid4_base_low,7,0.4,low,base,base,7,4,11,5,4,1,1,1,1,0,-1,14,0.0,0.42857142857142855,0.42857142857142855,0.0,3,2,4,5,3,1,5,4,7,1,0,5,0.35714285714285715,UL,0.7219280948873623,8,2,0,0,4,0.8,0.2,0.0,0.0,0.2857142857142857,UL,0.14285714285714285,0.0,0.0,0.0,1,ul,ur,dr,1,0,0,0,0
7,4,size7_comp0.4_grid4_base_low,7,0.4,low,base,base,7,4,11,5,4,1,1,1,1,0,-1,10,0.0,0.6,0.6,0.0,2,2,1,5,0,3,4,2,3,2,0,1,0.1,UL,0.8112781244591328,6,2,0,0,2,0.75,0.25,0.0,0.0,0.2,UL,0.2,0.0,0.0,0.0,1,ul,ur,dr,1,0,0,0,0
8,4,size7_comp0.4_grid4_base_low,7,0.4,low,base,base,7,4,11,5,4,1,1,1,1,0,-1,18,0.0,0.4444444444444444,0.4444444444444444,0.0,5,5,2,6,1,3,8,5,11,4,0,5,0.2777777777777778,UL,0.37123232664087563,13,1,0,0,4,0.9285714285714286,0.07142857142857142,0.0,0.0,0.2222222222222222,UL,0.16666666666666666,0.0,0.0,0.0,1,ul,ur,dr,1,0,0,0,0
9,4,size7_comp0.4_grid4_base_low,7,0.4,low,base,base,7,4,11,5,4,1,1,1,1,0,-1,20,0.0,0.4,0.4,0.0,5,7,2,6,4,3,4,8,15,6,0,7,0.35,UL,0.2974722489192896,18,1,0,0,1,0.9473684210526315,0.05263157894736842,0.0,0.0,0.05,UL,0.25,0.0,0.0,0.0,1,ul,ur,dr,1,0,0,0,0
0,5,size7_comp0.4_grid5_base_low,7,0.4,low,base,base,3,6,9,5,2,1,1,1,1,0,-1,15,0.0,0.4,0.4,0.0,3,6,3,3,5,0,4,5,6,5,0,0,0.0,UR,1.5219280948873621,1,2,0,2,10,0.2,0.4,0.0,0.4,0.6666666666666666,,0.0,0.0,0.0,0.0,0,ul,dl,ur,0,1,0,0,0
1,5,size7_comp0.4_grid5_base_low,7,0.4,low,base,base,3,6,9,5,2,1,1,1,1,0,-1,32,0.0,0.375,0.375,0.0,11,9,6,6,8,7,3,13,24,11,0,5,0.15625,UL,0.954434002924965,5,3,0,0,24,0.625,0.375,0.0,0.0,0.75,,0.0,0.0,0.0,0.0,0,ul,dl,ur,1,0,0,0,0
2,5,size7_comp0.4_grid5_base_low,7,0.4,low,base,base,3,6,9,5,2,1,1,1,1,0,-1,17,0.0,0.4117647058823529,0.4117647058823529,0.0,5,8,2,2,5,3,1,7,9,7,0,0,0.0,UL,0.9709505944546686,3,0,2,0,12,0.6,0.0,0.4,0.0,0.7058823529411765,DL,0.0,0.0,0.058823529411764705,0.0,1,ul,dl,ur,1,0,0,0,0
3,5,size7_comp0.4_grid5_base_low,7,0.4,low,base,base,3,6,9,5,2,1,1,1,1,0,-1,6,0.0,0.16666666666666666,0.16666666666666666,0.0,0,4,1,1,2,1,2,0,1,0,0,1,0.16666666666666666,UL,-0.0,2,0,0,0,4,1.0,0.0,0.0,0.0,0.6666666666666666,,0.0,0.0,0.0,0.0,0,ul,dl,ur,1,0,0,0,0
4,5,size7_comp0.4_grid5_base_low,7,0.4,low,base,base,3,6,9,5,2,1,1,1,1,0,-1,10,0.0,0.3,0.3,0.0,1,4,2,3,5,0,4,0,1,0,0,1,0.1,UL,-0.0,4,0,0,0,6,1.0,0.0,0.0,0.0,0.6,UL,0.1,0.0,0.0,0.0,1,ul,dl,ur,1,0,0,0,0
5,5,size7_comp0.4_grid5_base_low,7,0.4,low,base,base,3,6,9,5,2,1,1,1,1,0,-1,9,0.0,0.1111111111111111,0.1111111111111111,0.0,0,3,1,5,4,3,1,0,4,0,0,4,0.4444444444444444,DL,0.8112781244591328,2,0,6,0,1,0.25,0.0,0.75,0.0,0.1111111111111111,DL,0.0,0.0,0.1111111111111111,0.0,1,ul,dl,ur,0,0,0,0,0
6,5,size7_comp0.4_grid5_base_low,7,0.4,low,base,base,3,6,9,5,2,1,1,1,0,0,-1,32,0.0,0.46875,0.46875,0.0,10,11,5,6,7,3,6,15,23,13,0,1,0.03125,UL,1.3787834934861753,4,2,0,1,25,0.5714285714285714,0.2857142857142857,0.0,0.14285714285714285,0.78125,,0.0,0.0,0.0,0.0,0,ul,dl,ur,1,0,0,0,0
7,5,size7_comp0.4_grid5_base_low,7,0.4,low,base,base,3,6,9,5,2,1,1,1,1,1,14,21,0.42857142857142855,0.7142857142857143,0.6,1.0,5,8,4,4,4,4,6,6,10,6,0,0,0.0,UR,1.4591479170272448,1,3,0,2,15,0.16666666666666666,0.5,0.0,0.3333333333333333,0.7142857142857143,,0.0,0.0,0.0,0.0,0,ul,dl,ur,0,1,0,0,0
8,5,size7_comp0.4_grid5_base_low,7,0.4,low,base,base,3,6,9,5,2,1,1,1,0,0,-1,32,0.0,0.40625,0.40625,0.0,13,9,4,6,9,10,4,8,22,7,0,6,0.1875,UL,1.1488348542809166,5,1,0,1,25,0.7142857142857143,0.14285714285714285,0.0,0.14285714285714285,0.78125,,0.0,0.0,0.0,0.0,0,ul,dl,ur,1,0,0,0,0
9,5,size7_comp0.4_grid5_base_low,7,0.4,low,base,base,3,6,9,5,2,1,1,1,0,0,-1,32,0.0,0.4375,0.4375,0.0,11,9,5,7,8,7,0,16,26,14,0,4,0.125,UL,-0.0,7,0,0,0,25,1.0,0.0,0.0,0.0,0.78125,,0.0,0.0,0.0,0.0,0,ul,dl,ur,1,0,0,0,0
0,6,size7_comp0.4_grid6_base_low,7,0.4,low,base,base,6,3,9,3,3,1,1,1,1,0,-1,5,0.0,0.8,0.8,0.0,1,1,0,3,1,0,2,1,1,1,0,0,0.0,UL,-0.0,4,0,0,0,1,1.0,0.0,0.0,0.0,0.2,UL,0.2,0.0,0.0,0.0,1,ul,ur,midline,1,0,0,0,0
1,6,size7_comp0.4_grid6_base_low,7,0.4,low,base,base,6,3,9,3,3,1,1,1,1,0,-1,3,0.0,1.0,1.0,0.0,0,0,0,3,2,0,0,0,0,0,0,0,0.0,UL,-0.0,2,0,0,0,1,1.0,0.0,0.0,0.0,0.3333333333333333,UL,0.3333333333333333,0.0,0.0,0.0,1,ul,ur,midline,1,0,0,0,0
2,6,size7_comp0.4_grid6_base_low,7,0.4,low,base,base,6,3,9,3,3,1,1,1,1,0,-1,5,0.0,0.8,0.8,0.0,1,1,0,3,1,0,2,1,1,1,0,0,0.0,UL,-0.0,4,0,0,0,1,1.0,0.0,0.0,0.0,0.2,UL,0.2,0.0,0.0,0.0,1,ul,ur,midline,1,0,0,0,0
3,6,size7_comp0.4_grid6_base_low,7,0.4,low,base,base,6,3,9,3,3,1,1,1,1,0,-1,7,0.0,0.7142857142857143,0.7142857142857143,0.0,2,2,0,3,0,2,2,2,2,2,0,0,0.0,UL,-0.0,5,0,0,0,2,1.0,0.0,0.0,0.0,0.2857142857142857,UL,0.14285714285714285,0.0,0.0,0.0,1,ul,ur,midline,1,0,0,0,0
4,6,size7_comp0.4_grid6_base_low,7,0.4,low,base,base,6,3,9,3,3,1,1,1,1,0,-1,19,0.0,0.5263157894736842,0.5263157894736842,0.0,6,6,2,5,3,4,3,8,11,7,0,2,0.10526315789473684,UL,0.7219280948873623,12,0,3,0,4,0.8,0.0,0.2,0.0,0.21052631578947367,UL,0.15789473684210525,0.0,0.0,0.0,1,ul,ur,midline,1,0,0,0,0
5,6,size7_comp0.4_grid6_base_low,7,0.4,low,base,base,6,3,9,3,3,1,1,1,1,0,-1,3,0.0,1.0,1.0,0.0,0,0,0,3,2,0,0,0,0,0,0,0,0.0,UL,-0.0,2,0,0,0,1,1.0,0.0,0.0,0.0,0.3333333333333333,UL,0.3333333333333333,0.0,0.0,0.0,1,ul,ur,midline,1,0,0,0,0
6,6,size7_comp0.4_grid6_base_low,7,0.4,low,base,base,6,3,9,3,3,1,1,1,1,0,-1,9,0.0,0.6666666666666666,0.6666666666666666,0.0,3,3,0,3,1,2,1,4,4,4,0,0,0.0,UL,-0.0,8,0,0,0,1,1.0,0.0,0.0,0.0,0.1111111111111111,UL,0.3333333333333333,0.0,0.0,0.0,1,ul,ur,midline,1,0,0,0,0
7,6,size7_comp0.4_grid6_base_low,7,0.4,low,base,base,6,3,9,3,3,1,1,1,1,0,-1,5,0.0,0.8,0.8,0.0,1,1,0,3,2,0,1,1,1,1,0,0,0.0,UL,-0.0,4,0,0,0,1,1.0,0.0,0.0,0.0,0.2,UL,0.4,0.0,0.0,0.0,1,ul,ur,midline,1,0,0,0,0
8,6,size7_comp0.4_grid6_base_low,7,0.4,low,base,base,6,3,9,3,3,1,1,1,1,0,-1,11,0.0,0.6363636363636364,0.6363636363636364,0.0,3,3,1,4,4,0,4,2,5,2,0,0,0.0,UL,-0.0,7,0,0,0,4,1.0,0.0,0.0,0.0,0.36363636363636365,UL,0.09090909090909091,0.0,0.0,0.0,1,ul,ur,midline,1,0,0,0,0
9,6,size7_comp0.4_grid6_base_low,7,0.4,low,base,base,6,3,9,3,3,1,1,1,1,0,-1,5,0.0,0.8,0.8,0.0,1,1,0,3,0,2,2,0,0,0,0,0,0.0,UL,-0.0,3,0,0,0,2,1.0,0.0,0.0,0.0,0.4,UL,0.2,0.0,0.0,0.0,1,ul,ur,midline,1,0,0,0,0
0,7,size7_comp0.4_grid7_base_low,7,0.4,low,base,base,4,7,11,5,4,1,1,1,0,0,-1,32,0.0,0.5,0.5,0.0,8,8,8,8,6,6,9,10,23,10,0,2,0.0625,DL,0.35335933502142136,0,0,14,1,17,0.0,0.0,0.9333333333333333,0.06666666666666667,0.53125,DL,0.0,0.0,0.15625,0.0,1,dl,midline,ul,1,0,0,0,0
1,7,size7_comp0.4_grid7_base_low,7,0.4,low,base,base,4,7,11,5,4,1,1,1,1,0,-1,15,0.0,0.3333333333333333,0.3333333333333333,0.0,5,3,2,5,2,3,2,7,8,6,0,2,0.13333333333333333,DL,0.9182958340544896,0,0,6,3,6,0.0,0.0,0.6666666666666666,0.3333333333333333,0.4,DL,0.0,0.0,0.13333333333333333,0.06666666666666667,1,dl,midline,ul,1,0,0,0,0
2,7,size7_comp0.4_grid7_base_low,7,0.4,low,base,base,4,7,11,5,4,1,1,1,1,0,-1,7,0.0,0.14285714285714285,0.14285714285714285,0.0,3,1,0,3,3,2,0,1,2,0,0,2,0.2857142857142857,DL,1.0,0,0,3,3,1,0.0,0.0,0.5,0.5,0.14285714285714285,DR,0.0,0.0,0.0,0.14285714285714285,1,dl,midline,ul,1,0,0,0,0
3,7,size7_comp0.4_grid7_base_low,7,0.4,low,base,base,4,7,11,5,4,1,1,1,1,0,-1,26,0.0,0.23076923076923078,0.23076923076923078,0.0,10,5,4,7,3,11,7,4,19,1,0,11,0.4230769230769231,DL,0.9709505944546686,0,0,12,8,6,0.0,0.0,0.6,0.4,0.23076923076923078,DL,0.0,0.0,0.07692307692307693,0.038461538461538464,1,dl,midline,ul,1,0,0,0,0
4,7,size7_comp0.4_grid7_base_low,7,0.4,low,base,base,4,7,11,5,4,1,1,1,1,0,-1,23,0.0,0.34782608695652173,0.34782608695652173,0.0,8,7,2,6,6,5,2,9,16,8,0,4,0.17391304347826086,DR,0.9709505944546686,0,0,2,3,18,0.0,0.0,0.4,0.6,0.782608695652174,DR,0.0,0.0,0.0,0.043478260869565216,1,dl,midline,ul,0,0,0,0,0
5,7,size7_comp0.4_grid7_base_low,7,0.4,low,base,base,4,7,11,5,4,1,1,1,1,0,-1,11,0.0,0.2727272727272727,0.2727272727272727,0.0,4,1,1,5,1,4,3,2,5,2,0,2,0.18181818181818182,DR,0.6500224216483541,0,0,1,5,5,0.0,0.0,0.16666666666666666,0.8333333333333334,0.45454545454545453,DR,0.0,0.0,0.0,0.09090909090909091,1,dl,midline,ul,0,0,0,0,0
6,7,size7_comp0.4_grid7_base_low,7,0.4,low,base,base,4,7,11,5,4,1,1,1,1,0,-1,26,0.0,0.34615384615384615,0.34615384615384615,0.0,7,7,5,7,5,6,6,8,19,8,0,5,0.19230769230769232,DR,0.9456603046006401,0,0,4,7,15,0.0,0.0,0.36363636363636365,0.6363636363636364,0.5769230769230769,DR,0.0,0.0,0.0,0.07692307692307693,1,dl,midline,ul,0,0,0,0,0
7,7,size7_comp0.4_grid7_base_low,7,0.4,low,base,base,4,7,11,5,4,1,1,1,1,0,-1,14,0.0,0.2857142857142857,0.2857142857142857,0.0,4,1,3,6,5,4,0,4,8,4,0,3,0.21428571428571427,DR,0.9957274520849255,0,0,6,7,1,0.0,0.0,0.46153846153846156,0.5384615384615384,0.07142857142857142,DR,0.0,0.0,0.14285714285714285,0.21428571428571427,2,dl,midline,ul,0,0,0,0,0
8,7,size7_comp0.4_grid7_base_low,7,0.4,low,base,base,4,7,11,5,4,1,1,1,1,0,-1,17,0.0,0.29411764705882354,0.29411764705882354,0.0,6,5,2,4,3,7,3,3,9,2,0,4,0.23529411764705882,DL,0.8453509366224364,0,0,8,3,6,0.0,0.0,0.7272727272727273,0.2727272727272727,0.35294117647058826,DL,0.0,0.0,0.11764705882352941,0.058823529411764705,1,dl,midline,ul,1,0,0,0,0
9,7,size7_comp0.4_grid7_base_low,7,0.4,low,base,base,4,7,11,5,4,1,1,1,1,0,-1,21,0.0,0.3333333333333333,0.3333333333333333,0.0,6,5,5,5,3,8,5,4,10,4,0,4,0.19047619047619047,DR,0.9852281360342515,0,0,3,4,14,0.0,0.0,0.42857142857142855,0.5714285714285714,0.6666666666666666,DL,0.0,0.0,0.047619047619047616,0.047619047619047616,1,dl,midline,ul,0,0,0,0,0
0,8,size7_comp0.4_grid8_base_low,7,0.4,low,base,base,3,6,9,5,2,1,1,1,1,0,-1,11,0.0,0.18181818181818182,0.18181818181818182,0.0,4,0,5,2,3,4,2,1,5,1,0,4,0.36363636363636365,DL,1.0,0,0,1,1,9,0.0,0.0,0.5,0.5,0.8181818181818182,,0.0,0.0,0.0,0.0,0,dr,ul,dl,0,1,0,0,0
1,8,size7_comp0.4_grid8_base_low,7,0.4,low,base,base,3,6,9,5,2,1,1,1,1,0,-1,9,0.0,0.2222222222222222,0.2222222222222222,0.0,4,0,4,1,3,2,3,0,2,0,0,2,0.2222222222222222,UL,1.5566567074628228,3,0,2,2,2,0.42857142857142855,0.0,0.2857142857142857,0.2857142857142857,0.2222222222222222,UL,0.1111111111111111,0.0,0.0,0.0,1,dr,ul,dl,0,0,0,0,0
2,8,size7_comp0.4_grid8_base_low,7,0.4,low,base,base,3,6,9,5,2,1,1,1,1,0,-1,11,0.0,0.09090909090909091,0.09090909090909091,0.0,6,0,5,0,5,3,2,0,6,0,0,6,0.5454545454545454,DR,-0.0,0,0,0,4,7,0.0,0.0,0.0,1.0,0.6363636363636364,,0.0,0.0,0.0,0.0,0,dr,ul,dl,1,0,0,0,0
3,8,size7_comp0.4_grid8_base_low,7,0.4,low,base,base,3,6,9,5,2,1,1,1,1,0,-1,7,0.0,0.14285714285714285,0.14285714285714285,0.0,4,0,3,0,2,2,2,0,2,0,0,2,0.2857142857142857,DR,-0.0,0,0,0,1,6,0.0,0.0,0.0,1.0,0.8571428571428571,,0.0,0.0,0.0,0.0,0,dr,ul,dl,1,0,0,0,0
4,8,size7_comp0.4_grid8_base_low,7,0.4,low,base,base,3,6,9,5,2,1,1,1,1,0,-1,13,0.0,0.07692307692307693,0.07692307692307693,0.0,6,0,7,0,7,3,2,0,8,0,0,8,0.6153846153846154,DR,-0.0,0,0,0,3,10,0.0,0.0,0.0,1.0,0.7692307692307693,,0.0,0.0,0.0,0.0,0,dr,ul,dl,1,0,0,0,0
5,8,size7_comp0.4_grid8_base_low,7,0.4,low,base,base,3,6,9,5,2,1,1,1,1,0,-1,14,0.0,0.21428571428571427,0.21428571428571427,0.0,6,1,6,1,6,2,3,2,7,2,0,5,0.35714285714285715,UL,1.5726236638951638,4,0,4,3,3,0.36363636363636365,0.0,0.36363636363636365,0.2727272727272727,0.21428571428571427,UL,0.07142857142857142,0.0,0.0,0.0,1,dr,ul,dl,0,0,0,0,0
6,8,size7_comp0.4_grid8_base_low,7,0.4,low,base,base,3,6,9,5,2,1,1,1,1,0,-1,12,0.0,0.25,0.25,0.0,6,0,4,2,6,2,1,2,5,2,0,3,0.25,DR,0.7219280948873623,0,0,1,4,7,0.0,0.0,0.2,0.8,0.5833333333333334,,0.0,0.0,0.0,0.0,0,dr,ul,dl,1,0,0,0,0
7,8,size7_comp0.4_grid8_base_low,7,0.4,low,base,base,3,6,9,5,2,1,1,1,1,0,-1,7,0.0,0.2857142857142857,0.2857142857142857,0.0,3,0,3,1,2,2,2,0,0,0,0,0,0.0,UR,0.9182958340544896,0,2,0,1,4,0.0,0.6666666666666666,0.0,0.3333333333333333,0.5714285714285714,,0.0,0.0,0.0,0.0,0,dr,ul,dl,0,0,0,0,0
8,8,size7_comp0.4_grid8_base_low,7,0.4,low,base,base,3,6,9,5,2,1,1,1,1,0,-1,8,0.0,0.125,0.125,0.0,4,0,4,0,2,3,2,0,3,0,0,3,0.375,DR,-0.0,0,0,0,2,6,0.0,0.0,0.0,1.0,0.75,,0.0,0.0,0.0,0.0,0,dr,ul,dl,1,0,0,0,0
9,8,size7_comp0.4_grid8_base_low,7,0.4,low,base,base,3,6,9,5,2,1,1,1,1,0,-1,7,0.0,0.2857142857142857,0.2857142857142857,0.0,4,1,2,0,2,1,1,2,2,2,0,0,0.0,DR,-0.0,0,0,0,1,6,0.0,0.0,0.0,1.0,0.8571428571428571,,0.0,0.0,0.0,0.0,0,dr,ul,dl,1,0,0,0,0
0,9,size7_comp0.4_grid9_base_low,7,0.4,low,base,base,3,4,7,3,2,1,1,1,1,0,-1,3,0.0,0.3333333333333333,0.3333333333333333,0.0,2,0,1,0,0,1,1,0,0,0,0,0,0.0,UR,-0.0,0,2,0,0,1,0.0,1.0,0.0,0.0,0.3333333333333333,,0.0,0.0,0.0,0.0,0,midline,ur,midline,0,0,0,0,0
1,9,size7_comp0.4_grid9_base_low,7,0.4,low,base,base,3,4,7,3,2,1,1,1,1,0,-1,8,0.0,0.375,0.375,0.0,3,1,3,1,1,2,2,2,3,2,0,1,0.125,UR,-0.0,0,3,0,0,5,0.0,1.0,0.0,0.0,0.625,,0.0,0.0,0.0,0.0,0,midline,ur,midline,0,0,0,0,0
2,9,size7_comp0.4_grid9_base_low,7,0.4,low,base,base,3,4,7,3,2,1,1,1,1,0,-1,3,0.0,0.3333333333333333,0.3333333333333333,0.0,2,0,1,0,1,0,1,0,0,0,0,0,0.0,UR,-0.0,0,1,0,0,2,0.0,1.0,0.0,0.0,0.6666666666666666,,0.0,0.0,0.0,0.0,0,midline,ur,midline,0,0,0,0,0
3,9,size7_comp0.4_grid9_base_low,7,0.4,low,base,base,3,4,7,3,2,1,1,1,1,0,-1,4,0.0,0.25,0.25,0.0,2,0,1,1,0,2,1,0,1,0,0,1,0.25,UR,-0.0,0,3,0,0,1,0.0,1.0,0.0,0.0,0.25,UR,0.0,0.25,0.0,0.0,1,midline,ur,midline,0,0,0,0,0
4,9,size7_comp0.4_grid9_base_low,7,0.4,low,base,base,3,4,7,3,2,1,1,1,1,0,-1,3,0.0,0.3333333333333333,0.3333333333333333,0.0,2,0,1,0,1,0,1,0,0,0,0,0,0.0,UR,-0.0,0,1,0,0,2,0.0,1.0,0.0,0.0,0.6666666666666666,,0.0,0.0,0.0,0.0,0,midline,ur,midline,0,0,0,0,0
5,9,size7_comp0.4_grid9_base_low,7,0.4,low,base,base,3,4,7,3,2,1,1,1,1,0,-1,3,0.0,0.3333333333333333,0.3333333333333333,0.0,2,0,1,0,1,1,0,0,0,0,0,0,0.0,UR,-0.0,0,2,0,0,1,0.0,1.0,0.0,0.0,0.3333333333333333,UR,0.0,0.3333333333333333,0.0,0.0,1,midline,ur,midline,0,0,0,0,0
6,9,size7_comp0.4_grid9_base_low,7,0.4,low,base,base,3,4,7,3,2,1,1,1,1,0,-1,3,0.0,0.3333333333333333,0.3333333333333333,0.0,2,0,1,0,1,0,1,0,0,0,0,0,0.0,UR,-0.0,0,1,0,0,2,0.0,1.0,0.0,0.0,0.6666666666666666,,0.0,0.0,0.0,0.0,0,midline,ur,midline,0,0,0,0,0
7,9,size7_comp0.4_grid9_base_low,7,0.4,low,base,base,3,4,7,3,2,1,1,1,1,0,-1,3,0.0,0.3333333333333333,0.3333333333333333,0.0,2,0,1,0,0,1,1,0,0,0,0,0,0.0,UR,-0.0,0,2,0,0,1,0.0,1.0,0.0,0.0,0.3333333333333333,,0.0,0.0,0.0,0.0,0,midline,ur,midline,0,0,0,0,0
8,9,size7_comp0.4_grid9_base_low,7,0.4,low,base,base,3,4,7,3,2,1,1,1,1,0,-1,3,0.0,0.3333333333333333,0.3333333333333333,0.0,2,0,1,0,0,1,1,0,0,0,0,0,0.0,UR,-0.0,0,2,0,0,1,0.0,1.0,0.0,0.0,0.3333333333333333,,0.0,0.0,0.0,0.0,0,midline,ur,midline,0,0,0,0,0
9,9,size7_comp0.4_grid9_base_low,7,0.4,low,base,base,3,4,7,3,2,1,1,1,1,0,-1,3,0.0,0.3333333333333333,0.3333333333333333,0.0,2,0,1,0,0,1,1,0,0,0,0,0,0.0,UR,-0.0,0,2,0,0,1,0.0,1.0,0.0,0.0,0.3333333333333333,,0.0,0.0,0.0,0.0,0,midline,ur,midline,0,0,0,0,0
0,0,size7_comp0.6_grid0_base_low,7,0.6,low,base,base,6,3,9,5,2,1,1,1,0,0,-1,32,0.0,0.3125,0.3125,0.0,11,1,9,11,12,3,5,11,27,8,0,13,0.40625,UR,0.4021791902022728,2,23,0,0,7,0.08,0.92,0.0,0.0,0.21875,UR,0.0,0.4375,0.0,0.0,11,ur,midline,midline,1,0,0,0,0
1,0,size7_comp0.6_grid0_base_low,7,0.6,low,base,base,6,3,9,5,2,1,1,1,0,0,-1,32,0.0,0.40625,0.40625,0.0,9,4,10,9,10,3,5,13,26,13,0,6,0.1875,UR,0.7793498372920851,6,20,0,0,6,0.23076923076923078,0.7692307692307693,0.0,0.0,0.1875,UR,0.0,0.09375,0.0,0.0,1,ur,midline,midline,1,0,0,0,0
2,0,size7_comp0.6_grid0_base_low,7,0.6,low,base,base,6,3,9,5,2,1,1,1,0,0,-1,32,0.0,0.28125,0.28125,0.0,14,4,5,9,11,7,6,7,26,5,0,14,0.4375,UR,-0.0,0,28,0,0,4,0.0,1.0,0.0,0.0,0.125,UR,0.0,0.34375,0.0,0.0,7,ur,midline,midline,1,0,0,0,0
3,0,size7_comp0.6_grid0_base_low,7,0.6,low,base,base,6,3,9,5,2,1,1,1,1,0,-1,10,0.0,0.5,0.5,0.0,2,3,4,1,1,2,2,4,5,2,0,3,0.3,UL,0.9709505944546686,3,2,0,0,5,0.6,0.4,0.0,0.0,0.5,,0.0,0.0,0.0,0.0,0,ur,midline,midline,0,0,0,0,0
4,0,size7_comp0.6_grid0_base_low,7,0.6,low,base,base,6,3,9,5,2,1,1,1,1,0,-1,25,0.0,0.4,0.4,0.0,5,3,9,8,6,7,5,6,19,5,0,8,0.32,UR,0.9494520153879484,7,12,0,0,6,0.3684210526315789,0.631578947368421,0.0,0.0,0.24,UR,0.0,0.24,0.0,0.0,6,ur,midline,midline,1,0,0,0,0
5,0,size7_comp0.6_grid0_base_low,7,0.6,low,base,base,6,3,9,5,2,1,1,1,0,0,-1,32,0.0,0.375,0.375,0.0,8,4,9,11,7,7,7,10,24,9,0,7,0.21875,UR,0.48217919020227284,1,23,0,1,7,0.04,0.92,0.0,0.04,0.21875,UR,0.0,0.28125,0.0,0.0,5,ur,midline,midline,1,0,0,0,0
6,0,size7_comp0.6_grid0_base_low,7,0.6,low,base,base,6,3,9,5,2,1,1,1,0,0,-1,32,0.0,0.34375,0.34375,0.0,10,5,6,11,6,7,6,12,25,10,0,10,0.3125,UR,0.676941869780886,5,23,0,0,4,0.17857142857142858,0.8214285714285714,0.0,0.0,0.125,UR,0.0,0.375,0.0,0.0,7,ur,midline,midline,1,0,0,0,0
7,0,size7_comp0.6_grid0_base_low,7,0.6,low,base,base,6,3,9,5,2,1,1,1,1,0,-1,19,0.0,0.5263157894736842,0.5263157894736842,0.0,5,5,6,3,3,3,3,9,12,9,0,2,0.10526315789473684,UL,0.8366407419411672,11,4,0,0,4,0.7333333333333333,0.26666666666666666,0.0,0.0,0.21052631578947367,UL,0.05263157894736842,0.05263157894736842,0.0,0.0,1,ur,midline,midline,0,0,0,0,0
8,0,size7_comp0.6_grid0_base_low,7,0.6,low,base,base,6,3,9,5,2,1,1,1,0,0,-1,32,0.0,0.375,0.375,0.0,5,1,11,15,8,4,8,11,26,9,0,8,0.25,UR,0.5435644431995964,3,21,0,0,8,0.125,0.875,0.0,0.0,0.25,UR,0.0,0.21875,0.0,0.0,4,ur,midline,midline,1,0,0,0,0
9,0,size7_comp0.6_grid0_base_low,7,0.6,low,base,base,6,3,9,5,2,1,1,1,0,0,-1,32,0.0,0.375,0.375,0.0,12,7,7,6,6,7,7,11,24,9,0,10,0.3125,UR,0.9811522341999133,13,18,0,0,1,0.41935483870967744,0.5806451612903226,0.0,0.0,0.03125,UR,0.0625,0.25,0.0,0.0,4,ur,midline,midline,1,0,0,0,0
0,1,size7_comp0.6_grid1_base_low,7,0.6,low,base,base,8,3,11,9,1,1,1,1,1,0,-1,15,0.0,0.5333333333333333,0.5333333333333333,0.0,0,5,4,6,4,5,2,3,6,2,0,4,0.26666666666666666,UR,0.9709505944546686,0,6,4,0,5,0.0,0.6,0.4,0.0,0.3333333333333333,UR,0.0,0.06666666666666667,0.0,0.0,1,ur,dr,dl,1,0,0,0,0
1,1,size7_comp0.6_grid1_base_low,7,0.6,low,base,base,8,3,11,9,1,1,1,1,0,0,-1,32,0.0,0.375,0.375,0.0,4,4,8,16,9,4,6,12,25,9,0,9,0.28125,UR,-0.0,0,27,0,0,5,0.0,1.0,0.0,0.0,0.15625,UR,0.0,0.4375,0.0,0.0,5,ur,dr,dl,1,0,0,0,0
2,1,size7_comp0.6_grid1_base_low,7,0.6,low,base,base,8,3,11,9,1,1,1,1,0,0,-1,32,0.0,0.53125,0.53125,0.0,5,5,12,10,4,6,10,11,21,8,0,3,0.09375,UR,0.9055872616982603,1,12,2,0,17,0.06666666666666667,0.8,0.13333333333333333,0.0,0.53125,UR,0.0,0.125,0.0,0.0,3,ur,dr,dl,1,0,0,0,0
3,1,size7_comp0.6_grid1_base_low,7,0.6,low,base,base,8,3,11,9,1,1,1,1,1,0,-1,25,0.0,0.52,0.52,0.0,3,7,6,9,4,8,4,8,15,6,0,4,0.16,UR,0.4537163391869448,0,19,2,0,4,0.0,0.9047619047619048,0.09523809523809523,0.0,0.16,UR,0.0,0.24,0.0,0.0,2,ur,dr,dl,1,0,0,0,0
4,1,size7_comp0.6_grid1_base_low,7,0.6,low,base,base,8,3,11,9,1,1,1,1,1,0,-1,21,0.0,0.5238095238095238,0.5238095238095238,0.0,2,6,5,8,6,9,1,4,11,2,0,4,0.19047619047619047,UR,0.5916727785823275,0,12,2,0,7,0.0,0.8571428571428571,0.14285714285714285,0.0,0.3333333333333333,UR,0.0,0.2857142857142857,0.0,0.0,3,ur,dr,dl,1,0,0,0,0
5,1,size7_comp0.6_grid1_base_low,7,0.6,low,base,base,8,3,11,9,1,1,1,1,1,0,-1,28,0.0,0.5357142857142857,0.5357142857142857,0.0,2,6,10,10,4,10,6,7,15,6,0,3,0.10714285714285714,UR,0.8739810481273578,0,12,5,0,11,0.0,0.7058823529411765,0.29411764705882354,0.0,0.39285714285714285,UR,0.0,0.07142857142857142,0.0,0.0,1,ur,dr,dl,1,0,0,0,0
6,1,size7_comp0.6_grid1_base_low,7,0.6,low,base,base,8,3,11,9,1,1,1,1,0,0,-1,32,0.0,0.4375,0.4375,0.0,5,5,9,13,7,5,7,12,25,10,0,4,0.125,UR,-0.0,0,25,0,0,7,0.0,1.0,0.0,0.0,0.21875,UR,0.0,0.25,0.0,0.0,3,ur,dr,dl,1,0,0,0,0
7,1,size7_comp0.6_grid1_base_low,7,0.6,low,base,base,8,3,11,9,1,1,1,1,0,0,-1,32,0.0,0.40625,0.40625,0.0,5,5,8,14,10,5,8,8,21,5,0,12,0.375,UR,0.7424875695421236,4,15,0,0,13,0.21052631578947367,0.7894736842105263,0.0,0.0,0.40625,UR,0.0,0.1875,0.0,0.0,3,ur,dr,dl,1,0,0,0,0
8,1,size7_comp0.6_grid1_base_low,7,0.6,low,base,base,8,3,11,9,1,1,1,1,0,0,-1,32,0.0,0.375,0.375,0.0,5,8,5,14,8,8,10,5,25,3,0,13,0.40625,UR,-0.0,0,29,0,0,3,0.0,1.0,0.0,0.0,0.09375,UR,0.0,0.4375,0.0,0.0,4,ur,dr,dl,1,0,0,0,0
9,1,size7_comp0.6_grid1_base_low,7,0.6,low,base,base,8,3,11,9,1,1,1,1,1,0,-1,23,0.0,0.6086956521739131,0.6086956521739131,0.0,5,9,5,4,6,6,4,6,11,6,0,0,0.0,UR,0.6500224216483541,0,10,2,0,11,0.0,0.8333333333333334,0.16666666666666666,0.0,0.4782608695652174,UR,0.0,0.13043478260869565,0.0,0.0,1,ur,dr,dl,1,0,0,0,0
0,2,size7_comp0.6_grid2_base_low,7,0.6,low,base,base,6,3,9,3,3,1,1,1,1,0,-1,3,0.0,1.0,1.0,0.0,2,0,1,0,0,1,1,0,0,0,0,0,0.0,UR,-0.0,0,2,0,0,1,0.0,1.0,0.0,0.0,0.3333333333333333,,0.0,0.0,0.0,0.0,0,midline,ur,ul,0,0,0,0,0
1,2,size7_comp0.6_grid2_base_low,7,0.6,low,base,base,6,3,9,3,3,1,1,1,1,0,-1,3,0.0,1.0,1.0,0.0,2,0,1,0,0,1,1,0,0,0,0,0,0.0,UR,-0.0,0,2,0,0,1,0.0,1.0,0.0,0.0,0.3333333333333333,,0.0,0.0,0.0,0.0,0,midline,ur,ul,0,0,0,0,0
2,2,size7_comp0.6_grid2_base_low,7,0.6,low,base,base,6,3,9,3,3,1,1,1,1,0,-1,3,0.0,1.0,1.0,0.0,2,0,1,0,0,1,1,0,0,0,0,0,0.0,UR,-0.0,0,2,0,0,1,0.0,1.0,0.0,0.0,0.3333333333333333,,0.0,0.0,0.0,0.0,0,midline,ur,ul,0,0,0,0,0
3,2,size7_comp0.6_grid2_base_low,7,0.6,low,base,base,6,3,9,3,3,1,1,1,1,0,-1,4,0.0,0.75,0.75,0.0,2,0,1,1,0,2,1,0,1,0,0,1,0.25,UR,-0.0,0,3,0,0,1,0.0,1.0,0.0,0.0,0.25,UR,0.0,0.25,0.0,0.0,1,midline,ur,ul,0,0,0,0,0
4,2,size7_comp0.6_grid2_base_low,7,0.6,low,base,base,6,3,9,3,3,1,1,1,1,0,-1,3,0.0,1.0,1.0,0.0,2,0,1,0,1,1,0,0,0,0,0,0,0.0,UR,-0.0,0,2,0,0,1,0.0,1.0,0.0,0.0,0.3333333333333333,UR,0.0,0.3333333333333333,0.0,0.0,1,midline,ur,ul,0,0,0,0,0
5,2,size7_comp0.6_grid2_base_low,7,0.6,low,base,base,6,3,9,3,3,1,1,1,1,0,-1,5,0.0,0.8,0.8,0.0,2,0,2,1,0,1,1,2,2,2,0,0,0.0,UR,-0.0,0,4,0,0,1,0.0,1.0,0.0,0.0,0.2,,0.0,0.0,0.0,0.0,0,midline,ur,ul,0,0,0,0,0
6,2,size7_comp0.6_grid2_base_low,7,0.6,low,base,base,6,3,9,3,3,1,1,1,1,0,-1,3,0.0,1.0,1.0,0.0,2,0,1,0,1,1,0,0,0,0,0,0,0.0,UR,-0.0,0,2,0,0,1,0.0,1.0,0.0,0.0,0.3333333333333333,UR,0.0,0.3333333333333333,0.0,0.0,1,midline,ur,ul,0,0,0,0,0
7,2,size7_comp0.6_grid2_base_low,7,0.6,low,base,base,6,3,9,3,3,1,1,1,1,0,-1,4,0.0,0.75,0.75,0.0,2,0,1,1,0,2,1,0,1,0,0,1,0.25,UR,-0.0,0,3,0,0,1,0.0,1.0,0.0,0.0,0.25,UR,0.0,0.25,0.0,0.0,1,midline,ur,ul,0,0,0,0,0
8,2,size7_comp0.6_grid2_base_low,7,0.6,low,base,base,6,3,9,3,3,1,1,1,1,0,-1,3,0.0,1.0,1.0,0.0,2,0,1,0,1,0,1,0,0,0,0,0,0.0,UR,-0.0,0,1,0,0,2,0.0,1.0,0.0,0.0,0.6666666666666666,,0.0,0.0,0.0,0.0,0,midline,ur,ul,0,0,0,0,0
9,2,size7_comp0.6_grid2_base_low,7,0.6,low,base,base,6,3,9,3,3,1,1,1,1,0,-1,3,0.0,1.0,1.0,0.0,2,0,1,0,0,1,1,0,0,0,0,0,0.0,UR,-0.0,0,2,0,0,1,0.0,1.0,0.0,0.0,0.3333333333333333,,0.0,0.0,0.0,0.0,0,midline,ur,ul,0,0,0,0,0
0,3,size7_comp0.6_grid3_base_low,7,0.6,low,base,base,3,4,7,5,2,1,1,1,1,0,-1,12,0.0,0.4166666666666667,0.4166666666666667,0.0,4,1,5,2,2,3,4,2,3,1,0,1,0.08333333333333333,UL,0.5435644431995964,7,0,0,1,4,0.875,0.0,0.0,0.125,0.3333333333333333,UL,0.08333333333333333,0.0,0.0,0.0,1,dr,midline,midline,0,0,0,0,0
1,3,size7_comp0.6_grid3_base_low,7,0.6,low,base,base,3,4,7,5,2,1,1,1,1,0,-1,10,0.0,0.3,0.3,0.0,6,0,3,1,2,3,4,0,3,0,0,3,0.3,UL,0.9182958340544896,2,0,0,1,7,0.6666666666666666,0.0,0.0,0.3333333333333333,0.7,,0.0,0.0,0.0,0.0,0,dr,midline,midline,0,0,0,0,0
2,3,size7_comp0.6_grid3_base_low,7,0.6,low,base,base,3,4,7,5,2,1,1,1,1,0,-1,11,0.0,0.36363636363636365,0.36363636363636365,0.0,5,0,4,2,0,5,4,1,4,1,0,2,0.18181818181818182,UL,0.9182958340544896,2,0,0,1,8,0.6666666666666666,0.0,0.0,0.3333333333333333,0.7272727272727273,,0.0,0.0,0.0,0.0,0,dr,midline,midline,0,0,0,0,0
3,3,size7_comp0.6_grid3_base_low,7,0.6,low,base,base,3,4,7,5,2,1,1,1,1,0,-1,11,0.0,0.2727272727272727,0.2727272727272727,0.0,7,0,3,1,3,3,4,0,4,0,0,4,0.36363636363636365,UL,0.9182958340544896,2,0,0,1,8,0.6666666666666666,0.0,0.0,0.3333333333333333,0.7272727272727273,,0.0,0.0,0.0,0.0,0,dr,midline,midline,0,0,0,0,0
4,3,size7_comp0.6_grid3_base_low,7,0.6,low,base,base,3,4,7,5,2,1,1,1,1,0,-1,9,0.0,0.2222222222222222,0.2222222222222222,0.0,6,0,3,0,4,2,2,0,4,0,0,4,0.4444444444444444,DR,-0.0,0,0,0,1,8,0.0,0.0,0.0,1.0,0.8888888888888888,,0.0,0.0,0.0,0.0,0,dr,midline,midline,1,0,0,0,0
5,3,size7_comp0.6_grid3_base_low,7,0.6,low,base,base,3,4,7,5,2,1,1,1,1,0,-1,10,0.0,0.2,0.2,0.0,8,0,2,0,5,2,2,0,5,0,0,5,0.5,DR,-0.0,0,0,0,1,9,0.0,0.0,0.0,1.0,0.9,,0.0,0.0,0.0,0.0,0,dr,midline,midline,1,0,0,0,0
6,3,size7_comp0.6_grid3_base_low,7,0.6,low,base,base,3,4,7,5,2,1,1,1,1,0,-1,10,0.0,0.4,0.4,0.0,3,0,4,3,1,3,3,2,3,2,0,1,0.1,UL,0.9709505944546686,3,0,0,2,5,0.6,0.0,0.0,0.4,0.5,,0.0,0.0,0.0,0.0,0,dr,midline,midline,0,0,0,0,0
7,3,size7_comp0.6_grid3_base_low,7,0.6,low,base,base,3,4,7,5,2,1,1,1,1,0,-1,13,0.0,0.3076923076923077,0.3076923076923077,0.0,8,2,3,0,3,2,4,3,8,2,0,4,0.3076923076923077,DR,-0.0,0,0,0,4,9,0.0,0.0,0.0,1.0,0.6923076923076923,,0.0,0.0,0.0,0.0,0,dr,midline,midline,1,0,0,0,0
8,3,size7_comp0.6_grid3_base_low,7,0.6,low,base,base,3,4,7,5,2,1,1,1,1,0,-1,5,0.0,0.4,0.4,0.0,3,0,2,0,2,1,1,0,0,0,0,0,0.0,DR,-0.0,0,0,0,1,4,0.0,0.0,0.0,1.0,0.8,,0.0,0.0,0.0,0.0,0,dr,midline,midline,1,0,0,0,0
9,3,size7_comp0.6_grid3_base_low,7,0.6,low,base,base,3,4,7,5,2,1,1,1,1,0,-1,12,0.0,0.25,0.25,0.0,6,0,5,1,3,2,5,1,7,1,0,5,0.4166666666666667,DR,-0.0,0,0,0,2,10,0.0,0.0,0.0,1.0,0.8333333333333334,,0.0,0.0,0.0,0.0,0,dr,midline,midline,1,0,0,0,0
0,4,size7_comp0.6_grid4_base_low,7,0.6,low,base,base,5,6,11,3,4,1,1,1,0,0,-1,32,0.0,0.4375,0.4375,0.0,12,12,3,5,4,5,10,12,24,12,0,4,0.125,UR,-0.0,0,18,0,0,14,0.0,1.0,0.0,0.0,0.4375,UR,0.0,0.21875,0.0,0.0,3,midline,dl,ul,0,0,0,0,0
1,4,size7_comp0.6_grid4_base_low,7,0.6,low,base,base,5,6,11,3,4,1,1,1,1,0,-1,6,0.0,0.3333333333333333,0.3333333333333333,0.0,0,3,2,1,1,1,3,0,2,0,0,1,0.16666666666666666,UL,0.0,0,0,0,0,6,0.0,0.0,0.0,0.0,1.0,,0.0,0.0,0.0,0.0,0,midline,dl,ul,0,1,0,0,0
2,4,size7_comp0.6_grid4_base_low,7,0.6,low,base,base,5,6,11,3,4,1,1,1,1,0,-1,10,0.0,0.3,0.3,0.0,2,3,2,3,2,3,1,3,6,2,0,3,0.3,UL,0.0,0,0,0,0,10,0.0,0.0,0.0,0.0,1.0,,0.0,0.0,0.0,0.0,0,midline,dl,ul,0,1,0,0,0
3,4,size7_comp0.6_grid4_base_low,7,0.6,low,base,base,5,6,11,3,4,1,1,1,0,0,-1,32,0.0,0.375,0.375,0.0,9,4,8,11,6,9,8,8,25,4,0,10,0.3125,UR,-0.0,0,23,0,0,9,0.0,1.0,0.0,0.0,0.28125,UR,0.0,0.25,0.0,0.0,3,midline,dl,ul,0,0,0,0,0
4,4,size7_comp0.6_grid4_base_low,7,0.6,low,base,base,5,6,11,3,4,1,1,1,0,0,-1,32,0.0,0.40625,0.40625,0.0,11,11,5,5,4,6,8,13,23,10,0,5,0.15625,UR,0.4689955935892812,0,9,1,0,22,0.0,0.9,0.1,0.0,0.6875,UR,0.0,0.03125,0.0,0.0,1,midline,dl,ul,0,0,0,0,0
5,4,size7_comp0.6_grid4_base_low,7,0.6,low,base,base,5,6,11,3,4,1,1,1,1,0,-1,16,0.0,0.4375,0.4375,0.0,2,3,6,5,3,0,6,6,9,5,0,1,0.0625,UR,-0.0,0,6,0,0,10,0.0,1.0,0.0,0.0,0.625,,0.0,0.0,0.0,0.0,0,midline,dl,ul,0,0,0,0,0
6,4,size7_comp0.6_grid4_base_low,7,0.6,low,base,base,5,6,11,3,4,1,1,1,1,0,-1,5,0.0,0.4,0.4,0.0,1,3,1,0,1,2,0,1,1,1,0,0,0.0,DL,-0.0,0,0,1,0,4,0.0,0.0,1.0,0.0,0.8,,0.0,0.0,0.0,0.0,0,midline,dl,ul,0,0,0,0,0
7,4,size7_comp0.6_grid4_base_low,7,0.6,low,base,base,5,6,11,3,4,1,1,1,1,0,-1,9,0.0,0.4444444444444444,0.4444444444444444,0.0,2,4,2,1,4,2,1,1,3,1,0,0,0.0,UR,0.8112781244591328,0,3,1,0,5,0.0,0.75,0.25,0.0,0.5555555555555556,,0.0,0.0,0.0,0.0,0,midline,dl,ul,0,0,0,0,0
8,4,size7_comp0.6_grid4_base_low,7,0.6,low,base,base,5,6,11,3,4,1,1,1,1,0,-1,3,0.0,0.3333333333333333,0.3333333333333333,0.0,0,2,1,0,1,0,1,0,0,0,0,0,0.0,UL,0.0,0,0,0,0,3,0.0,0.0,0.0,0.0,1.0,,0.0,0.0,0.0,0.0,0,midline,dl,ul,0,1,0,0,0
9,4,size7_comp0.6_grid4_base_low,7,0.6,low,base,base,5,6,11,3,4,1,1,1,0,0,-1,32,0.0,0.40625,0.40625,0.0,9,10,6,7,8,8,6,9,23,3,0,7,0.21875,UR,-0.0,0,20,0,0,12,0.0,1.0,0.0,0.0,0.375,UR,0.0,0.09375,0.0,0.0,1,midline,dl,ul,0,0,0,0,0
0,5,size7_comp0.6_grid5_base_low,7,0.6,low,base,base,3,4,7,5,2,1,1,1,1,0,-1,7,0.0,0.2857142857142857,0.2857142857142857,0.0,1,2,3,1,0,3,3,0,2,0,0,2,0.2857142857142857,DL,-0.0,0,0,2,0,5,0.0,0.0,1.0,0.0,0.7142857142857143,,0.0,0.0,0.0,0.0,0,midline,dl,dr,0,0,0,0,0
1,5,size7_comp0.6_grid5_base_low,7,0.6,low,base,base,3,4,7,5,2,1,1,1,1,0,-1,21,0.0,0.23809523809523808,0.23809523809523808,0.0,3,5,6,7,9,4,2,5,14,1,0,10,0.47619047619047616,DL,-0.0,0,0,1,0,20,0.0,0.0,1.0,0.0,0.9523809523809523,,0.0,0.0,0.0,0.0,0,midline,dl,dr,0,0,0,0,0
2,5,size7_comp0.6_grid5_base_low,7,0.6,low,base,base,3,4,7,5,2,1,1,1,1,0,-1,20,0.0,0.4,0.4,0.0,7,8,3,2,8,5,0,6,10,5,0,3,0.15,UL,0.8112781244591328,3,0,1,0,16,0.75,0.0,0.25,0.0,0.8,UL,0.05,0.0,0.0,0.0,1,midline,dl,dr,0,0,0,0,0
3,5,size7_comp0.6_grid5_base_low,7,0.6,low,base,base,3,4,7,5,2,1,1,1,1,0,-1,25,0.0,0.32,0.32,0.0,11,8,4,2,11,4,3,6,15,5,0,8,0.32,UL,0.5916727785823275,6,0,1,0,18,0.8571428571428571,0.0,0.14285714285714285,0.0,0.72,UL,0.08,0.0,0.0,0.0,1,midline,dl,dr,0,0,0,0,0
4,5,size7_comp0.6_grid5_base_low,7,0.6,low,base,base,3,4,7,5,2,1,1,1,0,0,-1,32,0.0,0.28125,0.28125,0.0,9,8,8,7,9,5,7,10,26,6,0,15,0.46875,UL,-0.0,3,0,0,0,29,1.0,0.0,0.0,0.0,0.90625,,0.0,0.0,0.0,0.0,0,midline,dl,dr,0,0,0,0,0
5,5,size7_comp0.6_grid5_base_low,7,0.6,low,base,base,3,4,7,5,2,1,1,1,0,0,-1,32,0.0,0.28125,0.28125,0.0,15,4,7,6,11,5,7,8,23,4,0,11,0.34375,UR,0.863120568566631,4,10,0,0,18,0.2857142857142857,0.7142857142857143,0.0,0.0,0.5625,UR,0.03125,0.125,0.0,0.0,3,midline,dl,dr,0,0,0,0,0
6,5,size7_comp0.6_grid5_base_low,7,0.6,low,base,base,3,4,7,5,2,1,1,1,0,0,-1,32,0.0,0.25,0.25,0.0,12,4,9,7,5,7,9,10,26,5,0,14,0.4375,UR,-0.0,0,5,0,0,27,0.0,1.0,0.0,0.0,0.84375,,0.0,0.0,0.0,0.0,0,midline,dl,dr,0,0,0,0,0
7,5,size7_comp0.6_grid5_base_low,7,0.6,low,base,base,3,4,7,5,2,1,1,1,0,0,-1,32,0.0,0.28125,0.28125,0.0,15,8,4,5,6,8,5,12,24,10,0,12,0.375,UR,-0.0,0,1,0,0,31,0.0,1.0,0.0,0.0,0.96875,,0.0,0.0,0.0,0.0,0,midline,dl,dr,0,0,0,0,0
8,5,size7_comp0.6_grid5_base_low,7,0.6,low,base,base,3,4,7,5,2,1,1,1,1,0,-1,14,0.0,0.21428571428571427,0.21428571428571427,0.0,3,3,6,2,4,2,5,2,9,1,0,7,0.5,DL,-0.0,0,0,1,0,13,0.0,0.0,1.0,0.0,0.9285714285714286,,0.0,0.0,0.0,0.0,0,midline,dl,dr,0,0,0,0,0
9,5,size7_comp0.6_grid5_base_low,7,0.6,low,base,base,3,4,7,5,2,1,1,1,1,0,-1,22,0.0,0.36363636363636365,0.36363636363636365,0.0,6,8,5,3,7,3,3,8,16,7,0,5,0.22727272727272727,DL,-0.0,0,0,1,0,21,0.0,0.0,1.0,0.0,0.9545454545454546,,0.0,0.0,0.0,0.0,0,midline,dl,dr,0,0,0,0,0
0,6,size7_comp0.6_grid6_base_low,7,0.6,low,base,base,5,4,9,3,3,1,1,1,1,0,-1,8,0.0,0.375,0.375,0.0,1,3,0,4,1,3,2,1,5,1,0,3,0.375,UL,-0.0,1,0,0,0,7,1.0,0.0,0.0,0.0,0.875,,0.0,0.0,0.0,0.0,0,ul,midline,dl,1,0,0,0,0
1,6,size7_comp0.6_grid6_base_low,7,0.6,low,base,base,5,4,9,3,3,1,1,1,1,0,-1,5,0.0,0.6,0.6,0.0,1,3,0,1,2,2,0,0,0,0,0,0,0.0,UL,0.9182958340544896,2,0,1,0,2,0.6666666666666666,0.0,0.3333333333333333,0.0,0.4,,0.0,0.0,0.0,0.0,0,ul,midline,dl,1,0,0,0,0
2,6,size7_comp0.6_grid6_base_low,7,0.6,low,base,base,5,4,9,3,3,1,1,1,1,0,-1,10,0.0,0.5,0.5,0.0,1,2,3,4,3,2,1,3,5,3,0,1,0.1,UR,0.6500224216483541,1,5,0,0,4,0.16666666666666666,0.8333333333333334,0.0,0.0,0.4,UR,0.0,0.1,0.0,0.0,1,ul,midline,dl,0,0,0,0,0
3,6,size7_comp0.6_grid6_base_low,7,0.6,low,base,base,5,4,9,3,3,1,1,1,1,0,-1,3,0.0,0.6666666666666666,0.6666666666666666,0.0,0,2,0,1,1,0,1,0,0,0,0,0,0.0,UL,-0.0,1,0,0,0,2,1.0,0.0,0.0,0.0,0.6666666666666666,,0.0,0.0,0.0,0.0,0,ul,midline,dl,1,0,0,0,0
4,6,size7_comp0.6_grid6_base_low,7,0.6,low,base,base,5,4,9,3,3,1,1,1,1,0,-1,7,0.0,0.2857142857142857,0.2857142857142857,0.0,0,2,0,5,3,1,2,0,4,0,0,4,0.5714285714285714,UL,-0.0,1,0,0,0,6,1.0,0.0,0.0,0.0,0.8571428571428571,,0.0,0.0,0.0,0.0,0,ul,midline,dl,1,0,0,0,0
5,6,size7_comp0.6_grid6_base_low,7,0.6,low,base,base,5,4,9,3,3,1,1,1,1,0,-1,4,0.0,0.5,0.5,0.0,0,2,0,2,0,1,2,0,1,0,0,1,0.25,UL,-0.0,1,0,0,0,3,1.0,0.0,0.0,0.0,0.75,,0.0,0.0,0.0,0.0,0,ul,midline,dl,1,0,0,0,0
6,6,size7_comp0.6_grid6_base_low,7,0.6,low,base,base,5,4,9,3,3,1,1,1,1,0,-1,3,0.0,0.6666666666666666,0.6666666666666666,0.0,0,2,0,1,1,1,0,0,0,0,0,0,0.0,UL,-0.0,2,0,0,0,1,1.0,0.0,0.0,0.0,0.3333333333333333,,0.0,0.0,0.0,0.0,0,ul,midline,dl,1,0,0,0,0
7,6,size7_comp0.6_grid6_base_low,7,0.6,low,base,base,5,4,9,3,3,1,1,1,1,0,-1,26,0.0,0.2692307692307692,0.2692307692307692,0.0,12,3,4,7,10,7,4,4,20,3,0,13,0.5,UR,0.28639695711595625,1,19,0,0,6,0.05,0.95,0.0,0.0,0.23076923076923078,UR,0.0,0.38461538461538464,0.0,0.0,5,ul,midline,dl,0,0,0,0,0
8,6,size7_comp0.6_grid6_base_low,7,0.6,low,base,base,5,4,9,3,3,1,1,1,1,0,-1,5,0.0,0.4,0.4,0.0,0,2,0,3,1,1,2,0,2,0,0,2,0.4,UL,-0.0,1,0,0,0,4,1.0,0.0,0.0,0.0,0.8,,0.0,0.0,0.0,0.0,0,ul,midline,dl,1,0,0,0,0
9,6,size7_comp0.6_grid6_base_low,7,0.6,low,base,base,5,4,9,3,3,1,1,1,1,0,-1,3,0.0,0.6666666666666666,0.6666666666666666,0.0,0,2,0,1,1,1,0,0,0,0,0,0,0.0,UL,-0.0,2,0,0,0,1,1.0,0.0,0.0,0.0,0.3333333333333333,,0.0,0.0,0.0,0.0,0,ul,midline,dl,1,0,0,0,0
0,7,size7_comp0.6_grid7_base_low,7,0.6,low,base,base,3,5,8,6,2,1,1,1,1,0,-1,8,0.0,0.25,0.25,0.0,0,3,0,5,2,3,2,0,2,0,0,2,0.25,UL,1.0,1,0,0,1,6,0.5,0.0,0.0,0.5,0.75,,0.0,0.0,0.0,0.0,0,ul,dr,dl,1,0,0,0,0
1,7,size7_comp0.6_grid7_base_low,7,0.6,low,base,base,3,5,8,6,2,1,1,1,1,0,-1,12,0.0,0.16666666666666666,0.16666666666666666,0.0,0,3,1,8,4,2,4,1,6,0,0,6,0.5,UL,0.8112781244591328,3,0,0,1,8,0.75,0.0,0.0,0.25,0.6666666666666666,,0.0,0.0,0.0,0.0,0,ul,dr,dl,1,0,0,0,0
2,7,size7_comp0.6_grid7_base_low,7,0.6,low,base,base,3,5,8,6,2,1,1,1,1,0,-1,18,0.0,0.3333333333333333,0.3333333333333333,0.0,2,5,3,8,3,3,5,6,11,5,0,4,0.2222222222222222,UL,0.5435644431995964,7,0,0,1,10,0.875,0.0,0.0,0.125,0.5555555555555556,,0.0,0.0,0.0,0.0,0,ul,dr,dl,1,0,0,0,0
3,7,size7_comp0.6_grid7_base_low,7,0.6,low,base,base,3,5,8,6,2,1,1,1,1,0,-1,8,0.0,0.25,0.25,0.0,0,4,0,4,2,3,2,0,2,0,0,2,0.25,UL,1.0,1,0,0,1,6,0.5,0.0,0.0,0.5,0.75,,0.0,0.0,0.0,0.0,0,ul,dr,dl,1,0,0,0,0
4,7,size7_comp0.6_grid7_base_low,7,0.6,low,base,base,3,5,8,6,2,1,1,1,1,0,-1,13,0.0,0.23076923076923078,0.23076923076923078,0.0,1,6,0,6,1,5,6,0,5,0,0,5,0.38461538461538464,UR,1.4854752972273344,3,5,0,2,3,0.3,0.5,0.0,0.2,0.23076923076923078,UR,0.0,0.07692307692307693,0.0,0.0,1,ul,dr,dl,0,0,0,0,0
5,7,size7_comp0.6_grid7_base_low,7,0.6,low,base,base,3,5,8,6,2,1,1,1,1,0,-1,8,0.0,0.25,0.25,0.0,0,5,0,3,2,3,2,0,2,0,0,2,0.25,DR,0.9182958340544896,1,0,0,2,5,0.3333333333333333,0.0,0.0,0.6666666666666666,0.625,,0.0,0.0,0.0,0.0,0,ul,dr,dl,0,0,0,0,0
6,7,size7_comp0.6_grid7_base_low,7,0.6,low,base,base,3,5,8,6,2,1,1,1,1,0,-1,9,0.0,0.2222222222222222,0.2222222222222222,0.0,0,6,0,3,3,3,2,0,3,0,0,3,0.3333333333333333,DR,0.9182958340544896,1,0,0,2,6,0.3333333333333333,0.0,0.0,0.6666666666666666,0.6666666666666666,,0.0,0.0,0.0,0.0,0,ul,dr,dl,0,0,0,0,0
7,7,size7_comp0.6_grid7_base_low,7,0.6,low,base,base,3,5,8,6,2,1,1,1,1,0,-1,19,0.0,0.3157894736842105,0.3157894736842105,0.0,4,9,0,6,4,5,2,7,13,6,0,5,0.2631578947368421,UL,0.8112781244591328,3,0,0,1,15,0.75,0.0,0.0,0.25,0.7894736842105263,,0.0,0.0,0.0,0.0,0,ul,dr,dl,1,0,0,0,0
8,7,size7_comp0.6_grid7_base_low,7,0.6,low,base,base,3,5,8,6,2,1,1,1,1,0,-1,8,0.0,0.25,0.25,0.0,0,5,0,3,2,3,2,0,2,0,0,2,0.25,DR,0.9182958340544896,1,0,0,2,5,0.3333333333333333,0.0,0.0,0.6666666666666666,0.625,,0.0,0.0,0.0,0.0,0,ul,dr,dl,0,0,0,0,0
9,7,size7_comp0.6_grid7_base_low,7,0.6,low,base,base,3,5,8,6,2,1,1,1,1,0,-1,6,0.0,0.3333333333333333,0.3333333333333333,0.0,0,3,0,3,2,2,1,0,0,0,0,0,0.0,UL,1.0,1,0,0,1,4,0.5,0.0,0.0,0.5,0.6666666666666666,,0.0,0.0,0.0,0.0,0,ul,dr,dl,1,0,0,0,0
0,8,size7_comp0.6_grid8_base_low,7,0.6,low,base,base,5,4,9,3,4,1,1,1,0,0,-1,32,0.0,0.40625,0.40625,0.0,5,4,10,13,10,6,3,12,27,11,0,9,0.28125,UR,0.9182958340544896,8,16,0,0,8,0.3333333333333333,0.6666666666666666,0.0,0.0,0.25,UL,0.09375,0.0625,0.0,0.0,2,ul,midline,ur,0,1,0,0,0
1,8,size7_comp0.6_grid8_base_low,7,0.6,low,base,base,5,4,9,3,4,1,1,1,1,0,-1,4,0.0,0.5,0.5,0.0,0,2,1,1,0,2,1,0,1,0,0,1,0.25,UL,-0.0,3,0,0,0,1,1.0,0.0,0.0,0.0,0.25,UL,0.25,0.0,0.0,0.0,1,ul,midline,ur,1,0,0,0,0
2,8,size7_comp0.6_grid8_base_low,7,0.6,low,base,base,5,4,9,3,4,1,1,1,1,0,-1,3,0.0,0.6666666666666666,0.6666666666666666,0.0,0,2,0,1,1,1,0,0,0,0,0,0,0.0,UL,-0.0,2,0,0,0,1,1.0,0.0,0.0,0.0,0.3333333333333333,UL,0.3333333333333333,0.0,0.0,0.0,1,ul,midline,ur,1,0,0,0,0
3,8,size7_comp0.6_grid8_base_low,7,0.6,low,base,base,5,4,9,3,4,1,1,1,1,0,-1,6,0.0,0.5,0.5,0.0,0,2,1,3,0,3,1,1,2,1,0,1,0.16666666666666666,UL,-0.0,5,0,0,0,1,1.0,0.0,0.0,0.0,0.16666666666666666,UL,0.3333333333333333,0.0,0.0,0.0,1,ul,midline,ur,1,0,0,0,0
4,8,size7_comp0.6_grid8_base_low,7,0.6,low,base,base,5,4,9,3,4,1,1,1,1,0,-1,6,0.0,0.5,0.5,0.0,0,2,1,3,0,3,1,1,2,1,0,1,0.16666666666666666,UL,-0.0,5,0,0,0,1,1.0,0.0,0.0,0.0,0.16666666666666666,UL,0.3333333333333333,0.0,0.0,0.0,1,ul,midline,ur,1,0,0,0,0
5,8,size7_comp0.6_grid8_base_low,7,0.6,low,base,base,5,4,9,3,4,1,1,1,1,0,-1,3,0.0,0.6666666666666666,0.6666666666666666,0.0,0,2,0,1,1,1,0,0,0,0,0,0,0.0,UL,-0.0,2,0,0,0,1,1.0,0.0,0.0,0.0,0.3333333333333333,UL,0.3333333333333333,0.0,0.0,0.0,1,ul,midline,ur,1,0,0,0,0
6,8,size7_comp0.6_grid8_base_low,7,0.6,low,base,base,5,4,9,3,4,1,1,1,1,0,-1,4,0.0,0.5,0.5,0.0,0,2,0,2,0,2,1,0,1,0,0,1,0.25,UL,-0.0,3,0,0,0,1,1.0,0.0,0.0,0.0,0.25,UL,0.25,0.0,0.0,0.0,1,ul,midline,ur,1,0,0,0,0
7,8,size7_comp0.6_grid8_base_low,7,0.6,low,base,base,5,4,9,3,4,1,1,1,1,0,-1,3,0.0,0.6666666666666666,0.6666666666666666,0.0,0,2,0,1,1,1,0,0,0,0,0,0,0.0,UL,-0.0,2,0,0,0,1,1.0,0.0,0.0,0.0,0.3333333333333333,UL,0.3333333333333333,0.0,0.0,0.0,1,ul,midline,ur,1,0,0,0,0
8,8,size7_comp0.6_grid8_base_low,7,0.6,low,base,base,5,4,9,3,4,1,1,1,1,0,-1,5,0.0,0.6,0.6,0.0,0,2,1,2,1,2,0,1,1,1,0,0,0.0,UL,-0.0,4,0,0,0,1,1.0,0.0,0.0,0.0,0.2,UL,0.4,0.0,0.0,0.0,1,ul,midline,ur,1,0,0,0,0
9,8,size7_comp0.6_grid8_base_low,7,0.6,low,base,base,5,4,9,3,4,1,1,1,1,0,-1,7,0.0,0.5714285714285714,0.5714285714285714,0.0,1,3,1,2,1,2,0,3,3,3,0,0,0.0,UL,-0.0,6,0,0,0,1,1.0,0.0,0.0,0.0,0.14285714285714285,UL,0.42857142857142855,0.0,0.0,0.0,1,ul,midline,ur,1,0,0,0,0
0,9,size7_comp0.6_grid9_base_low,7,0.6,low,base,base,4,3,7,3,2,1,1,1,1,0,-1,3,0.0,0.6666666666666666,0.6666666666666666,0.0,0,1,0,2,0,1,1,0,0,0,0,0,0.0,DL,-0.0,0,0,3,0,0,0.0,0.0,1.0,0.0,0.0,,0.0,0.0,0.0,0.0,0,dl,midline,midline,1,0,0,0,0
1,9,size7_comp0.6_grid9_base_low,7,0.6,low,base,base,4,3,7,3,2,1,1,1,1,0,-1,4,0.0,0.5,0.5,0.0,0,2,0,2,0,2,1,0,1,0,0,1,0.25,DL,-0.0,0,0,4,0,0,0.0,0.0,1.0,0.0,0.0,DL,0.0,0.0,0.25,0.0,1,dl,midline,midline,1,0,0,0,0
2,9,size7_comp0.6_grid9_base_low,7,0.6,low,base,base,4,3,7,3,2,1,1,1,1,0,-1,3,0.0,0.6666666666666666,0.6666666666666666,0.0,0,1,0,2,0,1,1,0,0,0,0,0,0.0,DL,-0.0,0,0,3,0,0,0.0,0.0,1.0,0.0,0.0,,0.0,0.0,0.0,0.0,0,dl,midline,midline,1,0,0,0,0
3,9,size7_comp0.6_grid9_base_low,7,0.6,low,base,base,4,3,7,3,2,1,1,1,1,0,-1,3,0.0,0.6666666666666666,0.6666666666666666,0.0,0,1,0,2,1,1,0,0,0,0,0,0,0.0,DL,-0.0,0,0,3,0,0,0.0,0.0,1.0,0.0,0.0,DL,0.0,0.0,0.3333333333333333,0.0,1,dl,midline,midline,1,0,0,0,0
4,9,size7_comp0.6_grid9_base_low,7,0.6,low,base,base,4,3,7,3,2,1,1,1,1,0,-1,3,0.0,0.6666666666666666,0.6666666666666666,0.0,0,1,0,2,1,1,0,0,0,0,0,0,0.0,DL,-0.0,0,0,3,0,0,0.0,0.0,1.0,0.0,0.0,DL,0.0,0.0,0.3333333333333333,0.0,1,dl,midline,midline,1,0,0,0,0
5,9,size7_comp0.6_grid9_base_low,7,0.6,low,base,base,4,3,7,3,2,1,1,1,1,0,-1,3,0.0,0.6666666666666666,0.6666666666666666,0.0,0,1,0,2,1,0,1,0,0,0,0,0,0.0,DL,-0.0,0,0,2,0,1,0.0,0.0,1.0,0.0,0.3333333333333333,,0.0,0.0,0.0,0.0,0,dl,midline,midline,1,0,0,0,0
6,9,size7_comp0.6_grid9_base_low,7,0.6,low,base,base,4,3,7,3,2,1,1,1,1,0,-1,3,0.0,0.6666666666666666,0.6666666666666666,0.0,0,1,0,2,0,1,1,0,0,0,0,0,0.0,DL,-0.0,0,0,3,0,0,0.0,0.0,1.0,0.0,0.0,,0.0,0.0,0.0,0.0,0,dl,midline,midline,1,0,0,0,0
7,9,size7_comp0.6_grid9_base_low,7,0.6,low,base,base,4,3,7,3,2,1,1,1,1,0,-1,5,0.0,0.6,0.6,0.0,1,2,0,2,1,2,0,1,1,1,0,0,0.0,DL,-0.0,0,0,4,0,1,0.0,0.0,1.0,0.0,0.2,,0.0,0.0,0.0,0.0,0,dl,midline,midline,1,0,0,0,0
8,9,size7_comp0.6_grid9_base_low,7,0.6,low,base,base,4,3,7,3,2,1,1,1,1,0,-1,3,0.0,0.6666666666666666,0.6666666666666666,0.0,0,1,0,2,1,0,1,0,0,0,0,0,0.0,DL,-0.0,0,0,2,0,1,0.0,0.0,1.0,0.0,0.3333333333333333,,0.0,0.0,0.0,0.0,0,dl,midline,midline,1,0,0,0,0
9,9,size7_comp0.6_grid9_base_low,7,0.6,low,base,base,4,3,7,3,2,1,1,1,1,0,-1,4,0.0,0.5,0.5,0.0,0,2,0,2,2,1,0,0,1,0,0,1,0.25,DL,-0.0,0,0,4,0,0,0.0,0.0,1.0,0.0,0.0,DL,0.0,0.0,0.5,0.0,2,dl,midline,midline,1,0,0,0,0
0,0,size9_comp0.0_grid0_base_low,9,0.0,low,base,base,3,3,6,4,1,1,1,1,0,0,-1,48,0.0,0.2916666666666667,0.2916666666666667,0.0,30,8,5,5,19,9,8,11,38,8,0,19,0.3958333333333333,UR,0.2623112196143366,0,43,0,2,3,0.0,0.9555555555555556,0.0,0.044444444444444446,0.0625,UR,0.0,0.6666666666666666,0.0,0.0,20,midline,dl,midline,0,0,0,0,0
1,0,size9_comp0.0_grid0_base_low,9,0.0,low,base,base,3,3,6,4,1,1,1,1,0,0,-1,48,0.0,0.22916666666666666,0.22916666666666666,0.0,33,7,3,5,24,6,3,14,41,9,0,26,0.5416666666666666,UR,-0.0,0,45,0,0,3,0.0,1.0,0.0,0.0,0.0625,UR,0.0,0.9166666666666666,0.0,0.0,44,midline,dl,midline,0,0,0,0,0
2,0,size9_comp0.0_grid0_base_low,9,0.0,low,base,base,3,3,6,4,1,1,1,1,1,0,-1,34,0.0,0.4117647058823529,0.4117647058823529,0.0,12,7,9,6,11,5,7,10,22,8,0,6,0.17647058823529413,UR,-0.0,0,24,0,0,10,0.0,1.0,0.0,0.0,0.29411764705882354,UR,0.0,0.5,0.0,0.0,16,midline,dl,midline,0,0,0,0,0
3,0,size9_comp0.0_grid0_base_low,9,0.0,low,base,base,3,3,6,4,1,1,1,1,1,0,-1,6,0.0,0.5,0.5,0.0,1,2,3,0,2,0,2,1,1,1,0,0,0.0,UR,1.0,0,1,0,1,4,0.0,0.5,0.0,0.5,0.6666666666666666,,0.0,0.0,0.0,0.0,0,midline,dl,midline,0,0,0,0,0
4,0,size9_comp0.0_grid0_base_low,9,0.0,low,base,base,3,3,6,4,1,1,1,1,0,0,-1,48,0.0,0.3541666666666667,0.3541666666666667,0.0,22,7,9,10,9,14,13,11,38,8,0,13,0.2708333333333333,UR,-0.0,0,46,0,0,2,0.0,1.0,0.0,0.0,0.041666666666666664,UR,0.0,0.6666666666666666,0.0,0.0,12,midline,dl,midline,0,0,0,0,0
5,0,size9_comp0.0_grid0_base_low,9,0.0,low,base,base,3,3,6,4,1,1,1,1,1,0,-1,42,0.0,0.35714285714285715,0.35714285714285715,0.0,20,9,8,5,16,10,5,10,29,7,0,12,0.2857142857142857,UR,0.17556502585750278,0,37,0,1,4,0.0,0.9736842105263158,0.0,0.02631578947368421,0.09523809523809523,UR,0.0,0.7142857142857143,0.0,0.0,22,midline,dl,midline,0,0,0,0,0
6,0,size9_comp0.0_grid0_base_low,9,0.0,low,base,base,3,3,6,4,1,1,1,1,0,0,-1,48,0.0,0.3541666666666667,0.3541666666666667,0.0,25,9,7,7,14,9,5,19,41,15,0,14,0.2916666666666667,UR,-0.0,0,46,0,0,2,0.0,1.0,0.0,0.0,0.041666666666666664,UR,0.0,0.7916666666666666,0.0,0.0,14,midline,dl,midline,0,0,0,0,0
7,0,size9_comp0.0_grid0_base_low,9,0.0,low,base,base,3,3,6,4,1,1,1,1,0,1,6,48,0.0,0.375,0.7142857142857143,0.3170731707317073,20,7,10,11,13,15,10,9,34,9,1,10,0.20833333333333334,UR,0.1792560669283215,1,36,0,0,11,0.02702702702702703,0.972972972972973,0.0,0.0,0.22916666666666666,UR,0.0,0.4791666666666667,0.0,0.0,16,midline,dl,midline,0,0,0,0,0
8,0,size9_comp0.0_grid0_base_low,9,0.0,low,base,base,3,3,6,4,1,1,1,1,1,0,-1,35,0.0,0.4,0.4,0.0,14,8,8,5,7,8,11,8,21,7,0,7,0.2,UR,0.4021791902022728,0,23,0,2,10,0.0,0.92,0.0,0.08,0.2857142857142857,UR,0.0,0.34285714285714286,0.0,0.0,8,midline,dl,midline,0,0,0,0,0
9,0,size9_comp0.0_grid0_base_low,9,0.0,low,base,base,3,3,6,4,1,1,1,1,1,0,-1,4,0.0,0.5,0.5,0.0,0,1,3,0,1,1,1,0,0,0,0,0,0.0,UL,0.0,0,0,0,0,4,0.0,0.0,0.0,0.0,1.0,,0.0,0.0,0.0,0.0,0,midline,dl,midline,0,0,0,0,0
0,1,size9_comp0.0_grid1_base_low,9,0.0,low,base,base,9,6,15,3,6,1,1,1,1,0,-1,3,0.0,1.0,1.0,0.0,0,0,0,3,2,0,0,0,0,0,0,0,0.0,UL,-0.0,2,0,0,0,1,1.0,0.0,0.0,0.0,0.3333333333333333,UL,0.3333333333333333,0.0,0.0,0.0,1,ul,ur,dr,1,0,0,0,0
1,1,size9_comp0.0_grid1_base_low,9,0.0,low,base,base,9,6,15,3,6,1,1,1,1,0,-1,3,0.0,1.0,1.0,0.0,0,0,0,3,2,0,0,0,0,0,0,0,0.0,UL,-0.0,2,0,0,0,1,1.0,0.0,0.0,0.0,0.3333333333333333,UL,0.3333333333333333,0.0,0.0,0.0,1,ul,ur,dr,1,0,0,0,0
2,1,size9_comp0.0_grid1_base_low,9,0.0,low,base,base,9,6,15,3,6,1,1,1,1,0,-1,3,0.0,1.0,1.0,0.0,0,0,0,3,2,0,0,0,0,0,0,0,0.0,UL,-0.0,2,0,0,0,1,1.0,0.0,0.0,0.0,0.3333333333333333,UL,0.3333333333333333,0.0,0.0,0.0,1,ul,ur,dr,1,0,0,0,0
3,1,size9_comp0.0_grid1_base_low,9,0.0,low,base,base,9,6,15,3,6,1,1,1,1,0,-1,7,0.0,0.7142857142857143,0.7142857142857143,0.0,2,2,0,3,1,2,1,2,2,2,0,0,0.0,UL,-0.0,6,0,0,0,1,1.0,0.0,0.0,0.0,0.14285714285714285,UL,0.2857142857142857,0.0,0.0,0.0,2,ul,ur,dr,1,0,0,0,0
4,1,size9_comp0.0_grid1_base_low,9,0.0,low,base,base,9,6,15,3,6,1,1,1,1,0,-1,5,0.0,0.8,0.8,0.0,1,1,0,3,1,2,1,0,0,0,0,0,0.0,UL,-0.0,4,0,0,0,1,1.0,0.0,0.0,0.0,0.2,UL,0.4,0.0,0.0,0.0,2,ul,ur,dr,1,0,0,0,0
5,1,size9_comp0.0_grid1_base_low,9,0.0,low,base,base,9,6,15,3,6,1,1,1,1,0,-1,3,0.0,1.0,1.0,0.0,0,0,0,3,2,0,0,0,0,0,0,0,0.0,UL,-0.0,2,0,0,0,1,1.0,0.0,0.0,0.0,0.3333333333333333,UL,0.3333333333333333,0.0,0.0,0.0,1,ul,ur,dr,1,0,0,0,0
6,1,size9_comp0.0_grid1_base_low,9,0.0,low,base,base,9,6,15,3,6,1,1,1,1,0,-1,15,0.0,0.6,0.6,0.0,4,4,2,5,1,1,4,8,9,8,0,0,0.0,UL,-0.0,14,0,0,0,1,1.0,0.0,0.0,0.0,0.06666666666666667,UL,0.7333333333333333,0.0,0.0,0.0,11,ul,ur,dr,1,0,0,0,0
7,1,size9_comp0.0_grid1_base_low,9,0.0,low,base,base,9,6,15,3,6,1,1,1,1,0,-1,3,0.0,1.0,1.0,0.0,0,0,0,3,2,0,0,0,0,0,0,0,0.0,UL,-0.0,2,0,0,0,1,1.0,0.0,0.0,0.0,0.3333333333333333,UL,0.3333333333333333,0.0,0.0,0.0,1,ul,ur,dr,1,0,0,0,0
8,1,size9_comp0.0_grid1_base_low,9,0.0,low,base,base,9,6,15,3,6,1,1,1,1,0,-1,11,0.0,0.6363636363636364,0.6363636363636364,0.0,4,4,0,3,3,2,2,3,4,3,0,0,0.0,UL,0.4689955935892812,9,1,0,0,1,0.9,0.1,0.0,0.0,0.09090909090909091,UL,0.5454545454545454,0.0,0.0,0.0,4,ul,ur,dr,1,0,0,0,0
9,1,size9_comp0.0_grid1_base_low,9,0.0,low,base,base,9,6,15,3,6,1,1,1,1,0,-1,3,0.0,1.0,1.0,0.0,0,0,0,3,2,0,0,0,0,0,0,0,0.0,UL,-0.0,2,0,0,0,1,1.0,0.0,0.0,0.0,0.3333333333333333,UL,0.3333333333333333,0.0,0.0,0.0,1,ul,ur,dr,1,0,0,0,0
0,2,size9_comp0.0_grid2_base_low,9,0.0,low,base,base,8,5,13,7,3,1,1,1,1,1,7,14,0.9285714285714286,0.9285714285714286,1.0,0.8333333333333334,6,3,5,0,5,3,4,1,2,0,2,1,0.07142857142857142,UL,1.3709505944546687,6,2,0,2,4,0.6,0.2,0.0,0.2,0.2857142857142857,DR,0.0,0.0,0.0,0.07142857142857142,1,dr,midline,ul,0,1,0,0,0
1,2,size9_comp0.0_grid2_base_low,9,0.0,low,base,base,8,5,13,7,3,1,1,1,1,0,-1,9,0.0,0.6666666666666666,0.6666666666666666,0.0,3,1,5,0,4,3,1,0,0,0,0,0,0.0,UL,0.9709505944546686,3,0,0,2,4,0.6,0.0,0.0,0.4,0.4444444444444444,DR,0.0,0.0,0.0,0.1111111111111111,1,dr,midline,ul,0,1,0,0,0
2,2,size9_comp0.0_grid2_base_low,9,0.0,low,base,base,8,5,13,7,3,1,1,1,1,0,-1,37,0.0,0.5405405405405406,0.5405405405405406,0.0,14,12,8,3,7,9,8,12,21,12,0,0,0.0,UL,0.9780155566622414,13,1,0,3,20,0.7647058823529411,0.058823529411764705,0.0,0.17647058823529413,0.5405405405405406,UL,0.05405405405405406,0.0,0.0,0.02702702702702703,1,dr,midline,ul,0,1,0,0,0
3,2,size9_comp0.0_grid2_base_low,9,0.0,low,base,base,8,5,13,7,3,1,1,1,0,0,-1,48,0.0,0.2916666666666667,0.2916666666666667,0.0,28,4,5,11,18,12,7,10,38,7,0,25,0.5208333333333334,UR,0.25387844029816153,0,45,0,2,1,0.0,0.9574468085106383,0.0,0.0425531914893617,0.020833333333333332,UR,0.0,0.875,0.0,0.020833333333333332,37,dr,midline,ul,0,0,0,0,0
4,2,size9_comp0.0_grid2_base_low,9,0.0,low,base,base,8,5,13,7,3,1,1,1,1,0,-1,27,0.0,0.5555555555555556,0.5555555555555556,0.0,10,8,7,2,4,4,5,13,17,13,0,0,0.0,UL,0.5665095065529053,13,0,0,2,12,0.8666666666666667,0.0,0.0,0.13333333333333333,0.4444444444444444,UL,0.037037037037037035,0.0,0.0,0.037037037037037035,1,dr,midline,ul,0,1,0,0,0
5,2,size9_comp0.0_grid2_base_low,9,0.0,low,base,base,8,5,13,7,3,1,1,1,0,0,-1,48,0.0,0.5208333333333334,0.5208333333333334,0.0,17,8,12,11,10,10,12,15,34,13,0,5,0.10416666666666667,UR,0.4531837316805838,1,37,0,2,8,0.025,0.925,0.0,0.05,0.16666666666666666,UR,0.0,0.4791666666666667,0.0,0.020833333333333332,17,dr,midline,ul,0,0,0,0,0
6,2,size9_comp0.0_grid2_base_low,9,0.0,low,base,base,8,5,13,7,3,1,1,1,0,0,-1,48,0.0,0.5416666666666666,0.5416666666666666,0.0,19,13,8,8,7,16,11,13,32,13,0,1,0.020833333333333332,UR,1.0493985254159108,5,20,0,2,21,0.18518518518518517,0.7407407407407407,0.0,0.07407407407407407,0.4375,UR,0.0,0.08333333333333333,0.0,0.020833333333333332,2,dr,midline,ul,0,0,0,0,0
7,2,size9_comp0.0_grid2_base_low,9,0.0,low,base,base,8,5,13,7,3,1,1,1,0,0,-1,48,0.0,0.5416666666666666,0.5416666666666666,0.0,17,12,12,7,11,15,9,12,31,12,0,1,0.020833333333333332,UL,1.122607968400632,17,5,0,2,24,0.7083333333333334,0.20833333333333334,0.0,0.08333333333333333,0.5,UL,0.08333333333333333,0.0,0.0,0.020833333333333332,3,dr,midline,ul,0,1,0,0,0
8,2,size9_comp0.0_grid2_base_low,9,0.0,low,base,base,8,5,13,7,3,1,1,1,0,0,-1,48,0.0,0.5416666666666666,0.5416666666666666,0.0,15,10,11,12,10,15,8,14,32,14,0,0,0.0,UL,1.1951184583080539,17,7,0,2,22,0.6538461538461539,0.2692307692307692,0.0,0.07692307692307693,0.4583333333333333,UL,0.0625,0.041666666666666664,0.0,0.020833333333333332,1,dr,midline,ul,0,1,0,0,0
9,2,size9_comp0.0_grid2_base_low,9,0.0,low,base,base,8,5,13,7,3,1,1,1,0,0,-1,48,0.0,0.5,0.5,0.0,20,11,9,8,13,10,8,16,35,15,0,6,0.125,UR,0.3372900666170139,0,30,0,2,16,0.0,0.9375,0.0,0.0625,0.3333333333333333,UR,0.0,0.3125,0.0,0.020833333333333332,6,dr,midline,ul,0,0,0,0,0
0,3,size9_comp0.0_grid3_base_low,9,0.0,low,base,base,8,4,12,4,4,1,1,1,1,0,-1,13,0.0,0.5384615384615384,0.5384615384615384,0.0,6,3,4,0,5,3,2,2,4,1,0,3,0.23076923076923078,UR,-0.0,0,7,0,0,6,0.0,1.0,0.0,0.0,0.46153846153846156,UR,0.0,0.38461538461538464,0.0,0.0,5,ur,ul,ul,1,0,0,0,0
1,3,size9_comp0.0_grid3_base_low,9,0.0,low,base,base,8,4,12,4,4,1,1,1,0,0,-1,48,0.0,0.2708333333333333,0.2708333333333333,0.0,30,5,6,7,18,10,8,11,41,9,0,25,0.5208333333333334,UR,-0.0,0,48,0,0,0,0.0,1.0,0.0,0.0,0.0,UR,0.0,0.7708333333333334,0.0,0.0,27,ur,ul,ul,1,0,0,0,0
2,3,size9_comp0.0_grid3_base_low,9,0.0,low,base,base,8,4,12,4,4,1,1,1,0,0,-1,48,0.0,0.375,0.375,0.0,24,7,9,8,15,12,8,12,36,9,0,15,0.3125,UR,0.512709142030877,4,31,0,0,13,0.11428571428571428,0.8857142857142857,0.0,0.0,0.2708333333333333,UR,0.0,0.22916666666666666,0.0,0.0,11,ur,ul,ul,1,0,0,0,0
3,3,size9_comp0.0_grid3_base_low,9,0.0,low,base,base,8,4,12,4,4,1,1,1,0,0,-1,48,0.0,0.22916666666666666,0.22916666666666666,0.0,35,5,5,3,25,7,5,10,41,7,0,29,0.6041666666666666,UR,-0.0,0,48,0,0,0,0.0,1.0,0.0,0.0,0.0,UR,0.0,0.375,0.0,0.0,7,ur,ul,ul,1,0,0,0,0
4,3,size9_comp0.0_grid3_base_low,9,0.0,low,base,base,8,4,12,4,4,1,1,1,0,0,-1,48,0.0,0.2916666666666667,0.2916666666666667,0.0,32,8,4,4,21,7,6,13,41,8,0,22,0.4583333333333333,UR,-0.0,0,48,0,0,0,0.0,1.0,0.0,0.0,0.0,UR,0.0,0.9166666666666666,0.0,0.0,29,ur,ul,ul,1,0,0,0,0
5,3,size9_comp0.0_grid3_base_low,9,0.0,low,base,base,8,4,12,4,4,1,1,1,0,0,-1,48,0.0,0.16666666666666666,0.16666666666666666,0.0,38,1,5,4,28,8,10,1,40,0,0,36,0.75,UR,-0.0,0,45,0,0,3,0.0,1.0,0.0,0.0,0.0625,UR,0.0,0.7083333333333334,0.0,0.0,34,ur,ul,ul,1,0,0,0,0
6,3,size9_comp0.0_grid3_base_low,9,0.0,low,base,base,8,4,12,4,4,1,1,1,1,0,-1,24,0.0,0.3333333333333333,0.3333333333333333,0.0,15,3,5,1,13,3,4,3,16,2,0,12,0.5,UR,-0.0,0,23,0,0,1,0.0,1.0,0.0,0.0,0.041666666666666664,UR,0.0,0.8333333333333334,0.0,0.0,20,ur,ul,ul,1,0,0,0,0
7,3,size9_comp0.0_grid3_base_low,9,0.0,low,base,base,8,4,12,4,4,1,1,1,0,0,-1,48,0.0,0.2708333333333333,0.2708333333333333,0.0,33,7,4,4,21,6,6,14,39,7,0,27,0.5625,UR,-0.0,0,43,0,0,5,0.0,1.0,0.0,0.0,0.10416666666666667,UR,0.0,0.75,0.0,0.0,36,ur,ul,ul,1,0,0,0,0
8,3,size9_comp0.0_grid3_base_low,9,0.0,low,base,base,8,4,12,4,4,1,1,1,0,0,-1,48,0.0,0.2916666666666667,0.2916666666666667,0.0,31,5,7,5,17,11,11,8,39,5,0,24,0.5,UR,-0.0,0,36,0,0,12,0.0,1.0,0.0,0.0,0.25,UR,0.0,0.3541666666666667,0.0,0.0,11,ur,ul,ul,1,0,0,0,0
9,3,size9_comp0.0_grid3_base_low,9,0.0,low,base,base,8,4,12,4,4,1,1,1,0,0,-1,48,0.0,0.20833333333333334,0.20833333333333334,0.0,36,3,5,4,31,8,4,4,38,2,0,32,0.6666666666666666,UR,0.2623112196143366,2,43,0,0,3,0.044444444444444446,0.9555555555555556,0.0,0.0,0.0625,UR,0.0,0.6875,0.0,0.0,33,ur,ul,ul,1,0,0,0,0
0,4,size9_comp0.0_grid4_base_low,9,0.0,low,base,base,6,4,10,4,3,1,1,1,1,0,-1,10,0.0,0.6,0.6,0.0,1,5,2,2,3,2,2,2,3,2,0,0,0.0,UL,-0.0,3,0,0,0,7,1.0,0.0,0.0,0.0,0.7,,0.0,0.0,0.0,0.0,0,ul,dl,midline,1,0,0,0,0
1,4,size9_comp0.0_grid4_base_low,9,0.0,low,base,base,6,4,10,4,3,1,1,1,1,0,-1,6,0.0,0.6666666666666666,0.6666666666666666,0.0,0,4,1,1,2,1,2,0,0,0,0,0,0.0,UL,-0.0,2,0,0,0,4,1.0,0.0,0.0,0.0,0.6666666666666666,,0.0,0.0,0.0,0.0,0,ul,dl,midline,1,0,0,0,0
2,4,size9_comp0.0_grid4_base_low,9,0.0,low,base,base,6,4,10,4,3,1,1,1,1,0,-1,6,0.0,0.6666666666666666,0.6666666666666666,0.0,0,4,1,1,2,2,0,1,1,1,0,0,0.0,UL,-0.0,3,0,0,0,3,1.0,0.0,0.0,0.0,0.5,,0.0,0.0,0.0,0.0,0,ul,dl,midline,1,0,0,0,0
3,4,size9_comp0.0_grid4_base_low,9,0.0,low,base,base,6,4,10,4,3,1,1,1,1,0,-1,6,0.0,0.6666666666666666,0.6666666666666666,0.0,0,4,1,1,2,1,2,0,0,0,0,0,0.0,UL,-0.0,3,0,0,0,3,1.0,0.0,0.0,0.0,0.5,,0.0,0.0,0.0,0.0,0,ul,dl,midline,1,0,0,0,0
4,4,size9_comp0.0_grid4_base_low,9,0.0,low,base,base,6,4,10,4,3,1,1,1,0,0,-1,48,0.0,0.2708333333333333,0.2708333333333333,0.0,30,6,5,7,20,9,8,10,40,7,0,24,0.5,UR,0.1485494904303482,1,46,0,0,1,0.02127659574468085,0.9787234042553191,0.0,0.0,0.020833333333333332,UR,0.0,0.75,0.0,0.0,34,ul,dl,midline,0,0,0,0,0
5,4,size9_comp0.0_grid4_base_low,9,0.0,low,base,base,6,4,10,4,3,1,1,1,1,0,-1,22,0.0,0.5,0.5,0.0,7,9,3,3,9,4,2,6,12,5,0,2,0.09090909090909091,UR,0.41381685030363374,1,11,0,0,10,0.08333333333333333,0.9166666666666666,0.0,0.0,0.45454545454545453,,0.0,0.0,0.0,0.0,0,ul,dl,midline,0,0,0,0,0
6,4,size9_comp0.0_grid4_base_low,9,0.0,low,base,base,6,4,10,4,3,1,1,1,0,0,-1,48,0.0,0.3125,0.3125,0.0,26,8,4,10,21,7,9,10,36,8,0,20,0.4166666666666667,UR,0.3424637724817959,3,44,0,0,1,0.06382978723404255,0.9361702127659575,0.0,0.0,0.020833333333333332,UR,0.0,0.7916666666666666,0.0,0.0,24,ul,dl,midline,0,0,0,0,0
7,4,size9_comp0.0_grid4_base_low,9,0.0,low,base,base,6,4,10,4,3,1,1,1,1,0,-1,7,0.0,0.5714285714285714,0.5714285714285714,0.0,1,4,1,1,2,2,1,1,1,0,0,1,0.14285714285714285,UL,-0.0,2,0,0,0,5,1.0,0.0,0.0,0.0,0.7142857142857143,,0.0,0.0,0.0,0.0,0,ul,dl,midline,1,0,0,0,0
8,4,size9_comp0.0_grid4_base_low,9,0.0,low,base,base,6,4,10,4,3,1,1,1,1,0,-1,8,0.0,0.625,0.625,0.0,0,4,2,2,2,0,4,1,1,1,0,0,0.0,UL,-0.0,2,0,0,0,6,1.0,0.0,0.0,0.0,0.75,,0.0,0.0,0.0,0.0,0,ul,dl,midline,1,0,0,0,0
9,4,size9_comp0.0_grid4_base_low,9,0.0,low,base,base,6,4,10,4,3,1,1,1,1,0,-1,10,0.0,0.6,0.6,0.0,2,6,1,1,4,3,1,1,3,1,0,0,0.0,UL,-0.0,3,0,0,0,7,1.0,0.0,0.0,0.0,0.7,,0.0,0.0,0.0,0.0,0,ul,dl,midline,1,0,0,0,0
0,5,size9_comp0.0_grid5_base_low,9,0.0,low,base,base,4,4,8,8,0,1,1,1,1,0,-1,9,0.0,0.4444444444444444,0.4444444444444444,0.0,0,4,0,5,5,1,2,0,1,0,0,1,0.1111111111111111,UR,1.3787834934861753,1,4,0,2,2,0.14285714285714285,0.5714285714285714,0.0,0.2857142857142857,0.2222222222222222,UR,0.0,0.2222222222222222,0.0,0.0,2,ul,dr,ur,0,1,0,0,0
1,5,size9_comp0.0_grid5_base_low,9,0.0,low,base,base,4,4,8,8,0,1,1,1,1,1,3,12,0.6666666666666666,0.6666666666666666,1.0,0.5,0,4,0,8,6,2,3,0,4,0,0,4,0.3333333333333333,UR,1.061278124459133,1,6,0,1,4,0.125,0.75,0.0,0.125,0.3333333333333333,UR,0.0,0.08333333333333333,0.0,0.0,1,ul,dr,ur,0,1,0,0,0
2,5,size9_comp0.0_grid5_base_low,9,0.0,low,base,base,4,4,8,8,0,1,1,1,1,1,5,12,0.6666666666666666,0.75,0.8333333333333334,0.6666666666666666,1,5,0,6,5,3,2,1,3,1,0,2,0.16666666666666666,UR,0.9864267287308425,1,7,0,1,3,0.1111111111111111,0.7777777777777778,0.0,0.1111111111111111,0.25,,0.0,0.0,0.0,0.0,0,ul,dr,ur,0,1,0,0,0
3,5,size9_comp0.0_grid5_base_low,9,0.0,low,base,base,4,4,8,8,0,1,1,1,1,1,3,20,0.4,0.45,1.0,0.3125,1,5,0,14,11,4,4,0,12,0,0,10,0.5,UR,1.2419460322060458,2,10,0,3,5,0.13333333333333333,0.6666666666666666,0.0,0.2,0.25,,0.0,0.0,0.0,0.0,0,ul,dr,ur,0,1,0,0,0
4,5,size9_comp0.0_grid5_base_low,9,0.0,low,base,base,4,4,8,8,0,1,1,1,1,0,-1,8,0.0,0.5,0.5,0.0,0,4,0,4,2,2,3,0,0,0,0,0,0.0,DR,1.3709505944546687,1,1,0,3,3,0.2,0.2,0.0,0.6,0.375,,0.0,0.0,0.0,0.0,0,ul,dr,ur,0,0,0,0,0
5,5,size9_comp0.0_grid5_base_low,9,0.0,low,base,base,4,4,8,8,0,1,1,1,1,0,-1,42,0.0,0.19047619047619047,0.19047619047619047,0.0,4,8,0,30,24,7,8,2,32,2,0,26,0.6190476190476191,UR,0.3363969571159562,1,38,0,1,2,0.025,0.95,0.0,0.025,0.047619047619047616,UR,0.0,0.8095238095238095,0.0,0.0,18,ul,dr,ur,0,1,0,0,0
6,5,size9_comp0.0_grid5_base_low,9,0.0,low,base,base,4,4,8,8,0,1,1,1,1,0,-1,14,0.0,0.5,0.5,0.0,3,7,0,4,4,1,3,5,5,5,0,0,0.0,DR,0.8658566174572235,1,1,0,9,3,0.09090909090909091,0.09090909090909091,0.0,0.8181818181818182,0.21428571428571427,DR,0.0,0.0,0.0,0.07142857142857142,1,ul,dr,ur,0,0,0,0,0
7,5,size9_comp0.0_grid5_base_low,9,0.0,low,base,base,4,4,8,8,0,1,1,1,1,1,3,13,0.6153846153846154,0.6923076923076923,1.0,0.5555555555555556,0,4,1,8,5,2,3,2,5,2,2,3,0.23076923076923078,UR,1.1567796494470395,1,7,0,2,3,0.1,0.7,0.0,0.2,0.23076923076923078,,0.0,0.0,0.0,0.0,0,ul,dr,ur,0,1,0,0,0
8,5,size9_comp0.0_grid5_base_low,9,0.0,low,base,base,4,4,8,8,0,1,1,1,1,0,-1,8,0.0,0.5,0.5,0.0,0,4,0,4,4,1,2,0,0,0,0,0,0.0,UL,1.0,1,0,0,1,6,0.5,0.0,0.0,0.5,0.75,,0.0,0.0,0.0,0.0,0,ul,dr,ur,1,0,0,0,0
9,5,size9_comp0.0_grid5_base_low,9,0.0,low,base,base,4,4,8,8,0,1,1,1,1,0,-1,23,0.0,0.34782608695652173,0.34782608695652173,0.0,3,6,2,12,7,6,3,6,13,4,0,7,0.30434782608695654,UR,0.9917601481809735,1,15,0,4,3,0.05,0.75,0.0,0.2,0.13043478260869565,UR,0.0,0.5217391304347826,0.0,0.0,11,ul,dr,ur,0,1,0,0,0
0,6,size9_comp0.0_grid6_base_low,9,0.0,low,base,base,5,6,11,3,4,1,1,1,1,0,-1,7,0.0,0.42857142857142855,0.42857142857142855,0.0,3,2,0,2,0,1,2,3,3,3,0,0,0.0,DR,-0.0,0,0,0,7,0,0.0,0.0,0.0,1.0,0.0,DR,0.0,0.0,0.0,0.14285714285714285,1,dr,dr,dl,1,0,0,0,0
1,6,size9_comp0.0_grid6_base_low,9,0.0,low,base,base,5,6,11,3,4,1,1,1,1,0,-1,3,0.0,0.3333333333333333,0.3333333333333333,0.0,1,0,0,2,0,1,1,0,0,0,0,0,0.0,DR,-0.0,0,0,0,3,0,0.0,0.0,0.0,1.0,0.0,DR,0.0,0.0,0.0,0.3333333333333333,1,dr,dr,dl,1,0,0,0,0
2,6,size9_comp0.0_grid6_base_low,9,0.0,low,base,base,5,6,11,3,4,1,1,1,1,0,-1,3,0.0,0.3333333333333333,0.3333333333333333,0.0,1,0,0,2,1,1,0,0,0,0,0,0,0.0,DR,-0.0,0,0,0,3,0,0.0,0.0,0.0,1.0,0.0,DR,0.0,0.0,0.0,0.6666666666666666,2,dr,dr,dl,1,0,0,0,0
3,6,size9_comp0.0_grid6_base_low,9,0.0,low,base,base,5,6,11,3,4,1,1,1,1,0,-1,3,0.0,0.3333333333333333,0.3333333333333333,0.0,1,0,0,2,0,1,1,0,0,0,0,0,0.0,DR,-0.0,0,0,0,3,0,0.0,0.0,0.0,1.0,0.0,DR,0.0,0.0,0.0,0.3333333333333333,1,dr,dr,dl,1,0,0,0,0
4,6,size9_comp0.0_grid6_base_low,9,0.0,low,base,base,5,6,11,3,4,1,1,1,1,0,-1,3,0.0,0.3333333333333333,0.3333333333333333,0.0,1,0,0,2,0,1,1,0,0,0,0,0,0.0,DR,-0.0,0,0,0,3,0,0.0,0.0,0.0,1.0,0.0,DR,0.0,0.0,0.0,0.3333333333333333,1,dr,dr,dl,1,0,0,0,0
5,6,size9_comp0.0_grid6_base_low,9,0.0,low,base,base,5,6,11,3,4,1,1,1,1,0,-1,7,0.0,0.2857142857142857,0.2857142857142857,0.0,2,3,0,2,2,1,2,1,3,0,0,2,0.2857142857142857,DR,-0.0,0,0,0,7,0,0.0,0.0,0.0,1.0,0.0,DR,0.0,0.0,0.0,0.14285714285714285,1,dr,dr,dl,1,0,0,0,0
6,6,size9_comp0.0_grid6_base_low,9,0.0,low,base,base,5,6,11,3,4,1,1,1,1,0,-1,3,0.0,0.3333333333333333,0.3333333333333333,0.0,1,0,0,2,0,1,1,0,0,0,0,0,0.0,DR,-0.0,0,0,0,3,0,0.0,0.0,0.0,1.0,0.0,DR,0.0,0.0,0.0,0.3333333333333333,1,dr,dr,dl,1,0,0,0,0
7,6,size9_comp0.0_grid6_base_low,9,0.0,low,base,base,5,6,11,3,4,1,1,1,1,0,-1,3,0.0,0.3333333333333333,0.3333333333333333,0.0,1,0,0,2,1,0,1,0,0,0,0,0,0.0,DR,-0.0,0,0,0,3,0,0.0,0.0,0.0,1.0,0.0,,0.0,0.0,0.0,0.0,0,dr,dr,dl,1,0,0,0,0
8,6,size9_comp0.0_grid6_base_low,9,0.0,low,base,base,5,6,11,3,4,1,1,1,1,0,-1,9,0.0,0.4444444444444444,0.4444444444444444,0.0,3,2,1,3,0,1,6,1,2,1,0,0,0.0,DR,-0.0,0,0,0,7,2,0.0,0.0,0.0,1.0,0.2222222222222222,DR,0.0,0.0,0.0,0.1111111111111111,1,dr,dr,dl,1,0,0,0,0
9,6,size9_comp0.0_grid6_base_low,9,0.0,low,base,base,5,6,11,3,4,1,1,1,1,0,-1,8,0.0,0.375,0.375,0.0,3,3,0,2,1,1,2,3,4,2,0,1,0.125,DR,-0.0,0,0,0,8,0,0.0,0.0,0.0,1.0,0.0,DR,0.0,0.0,0.0,0.125,1,dr,dr,dl,1,0,0,0,0
0,7,size9_comp0.0_grid7_base_low,9,0.0,low,base,base,5,8,13,3,5,1,1,1,1,0,-1,21,0.0,0.0,0.0,0.0,0,3,0,18,17,1,2,0,18,0,0,18,0.8571428571428571,DR,-0.0,0,0,0,11,10,0.0,0.0,0.0,1.0,0.47619047619047616,DR,0.0,0.0,0.0,0.47619047619047616,10,midline,dr,ul,0,0,0,0,0
1,7,size9_comp0.0_grid7_base_low,9,0.0,low,base,base,5,8,13,3,5,1,1,1,1,0,-1,7,0.0,0.0,0.0,0.0,0,3,0,4,4,1,1,0,4,0,0,4,0.5714285714285714,DR,-0.0,0,0,0,6,1,0.0,0.0,0.0,1.0,0.14285714285714285,DR,0.0,0.0,0.0,0.7142857142857143,5,midline,dr,ul,0,0,0,0,0
2,7,size9_comp0.0_grid7_base_low,9,0.0,low,base,base,5,8,13,3,5,1,1,1,1,0,-1,32,0.0,0.125,0.125,0.0,4,7,0,21,14,6,10,1,28,1,0,21,0.65625,UR,0.7732266742876346,0,17,0,5,10,0.0,0.7727272727272727,0.0,0.22727272727272727,0.3125,DR,0.0,0.0,0.0,0.125,4,midline,dr,ul,0,0,0,0,0
3,7,size9_comp0.0_grid7_base_low,9,0.0,low,base,base,5,8,13,3,5,1,1,1,1,0,-1,6,0.0,0.0,0.0,0.0,0,3,0,3,3,1,1,0,3,0,0,3,0.5,DR,-0.0,0,0,0,5,1,0.0,0.0,0.0,1.0,0.16666666666666666,DR,0.0,0.0,0.0,0.6666666666666666,4,midline,dr,ul,0,0,0,0,0
4,7,size9_comp0.0_grid7_base_low,9,0.0,low,base,base,5,8,13,3,5,1,1,1,1,0,-1,9,0.0,0.0,0.0,0.0,0,3,0,6,5,1,2,0,6,0,0,6,0.6666666666666666,DR,-0.0,0,0,0,4,5,0.0,0.0,0.0,1.0,0.5555555555555556,DR,0.0,0.0,0.0,0.1111111111111111,1,midline,dr,ul,0,0,0,0,0
5,7,size9_comp0.0_grid7_base_low,9,0.0,low,base,base,5,8,13,3,5,1,1,1,1,0,-1,5,0.0,0.0,0.0,0.0,0,3,0,2,2,1,1,0,2,0,0,2,0.4,DR,-0.0,0,0,0,4,1,0.0,0.0,0.0,1.0,0.2,DR,0.0,0.0,0.0,0.6,3,midline,dr,ul,0,0,0,0,0
6,7,size9_comp0.0_grid7_base_low,9,0.0,low,base,base,5,8,13,3,5,1,1,1,1,0,-1,27,0.0,0.037037037037037035,0.037037037037037035,0.0,1,4,0,22,20,3,3,0,24,0,0,22,0.8148148148148148,DR,-0.0,0,0,0,26,1,0.0,0.0,0.0,1.0,0.037037037037037035,DR,0.0,0.0,0.0,0.8148148148148148,14,midline,dr,ul,0,0,0,0,0
7,7,size9_comp0.0_grid7_base_low,9,0.0,low,base,base,5,8,13,3,5,1,1,1,1,0,-1,15,0.0,0.0,0.0,0.0,0,3,0,12,10,2,2,0,12,0,0,12,0.8,DR,-0.0,0,0,0,14,1,0.0,0.0,0.0,1.0,0.06666666666666667,DR,0.0,0.0,0.0,0.8,12,midline,dr,ul,0,0,0,0,0
8,7,size9_comp0.0_grid7_base_low,9,0.0,low,base,base,5,8,13,3,5,1,1,1,1,0,-1,18,0.0,0.05555555555555555,0.05555555555555555,0.0,0,3,1,14,11,3,2,1,13,0,0,13,0.7222222222222222,DR,-0.0,0,0,0,13,5,0.0,0.0,0.0,1.0,0.2777777777777778,DR,0.0,0.0,0.0,0.6111111111111112,11,midline,dr,ul,0,0,0,0,0
9,7,size9_comp0.0_grid7_base_low,9,0.0,low,base,base,5,8,13,3,5,1,1,1,1,0,-1,6,0.0,0.0,0.0,0.0,0,3,0,3,1,2,2,0,3,0,0,3,0.5,DR,-0.0,0,0,0,5,1,0.0,0.0,0.0,1.0,0.16666666666666666,DR,0.0,0.0,0.0,0.3333333333333333,2,midline,dr,ul,0,0,0,0,0
0,8,size9_comp0.0_grid8_base_low,9,0.0,low,base,base,5,8,13,7,3,1,1,1,0,1,40,48,0.0,0.5416666666666666,0.5365853658536586,0.5714285714285714,18,14,9,7,15,9,7,16,29,15,6,3,0.0625,UR,0.222284830685688,1,27,0,0,20,0.03571428571428571,0.9642857142857143,0.0,0.0,0.4166666666666667,UR,0.0,0.25,0.0,0.0,11,midline,dl,ur,0,1,0,0,0
1,8,size9_comp0.0_grid8_base_low,9,0.0,low,base,base,5,8,13,7,3,1,1,1,0,1,31,48,0.0,0.3958333333333333,0.46875,0.25,24,9,7,8,13,9,6,19,40,15,7,14,0.2916666666666667,UR,-0.0,0,47,0,0,1,0.0,1.0,0.0,0.0,0.020833333333333332,UR,0.0,0.7916666666666666,0.0,0.0,23,midline,dl,ur,0,1,0,0,0
2,8,size9_comp0.0_grid8_base_low,9,0.0,low,base,base,5,8,13,7,3,1,1,1,0,1,28,48,0.0,0.3958333333333333,0.5517241379310345,0.15789473684210525,25,10,6,7,17,7,8,15,37,12,4,14,0.2916666666666667,UR,0.1623261801753929,0,41,0,1,6,0.0,0.9761904761904762,0.0,0.023809523809523808,0.125,UR,0.0,0.6666666666666666,0.0,0.0,14,midline,dl,ur,0,1,0,0,0
3,8,size9_comp0.0_grid8_base_low,9,0.0,low,base,base,5,8,13,7,3,1,1,1,0,1,36,48,0.0,0.4375,0.4864864864864865,0.2727272727272727,22,9,9,8,12,10,12,13,33,12,4,12,0.25,UR,0.4220005168831531,3,32,0,0,13,0.08571428571428572,0.9142857142857143,0.0,0.0,0.2708333333333333,UR,0.0,0.4583333333333333,0.0,0.0,15,midline,dl,ur,0,1,0,0,0
4,8,size9_comp0.0_grid8_base_low,9,0.0,low,base,base,5,8,13,7,3,1,1,1,0,0,-1,48,0.0,0.4166666666666667,0.4166666666666667,0.0,21,11,6,10,9,12,14,12,36,10,0,11,0.22916666666666666,UR,0.15649106290570153,0,43,0,1,4,0.0,0.9772727272727273,0.0,0.022727272727272728,0.08333333333333333,UR,0.0,0.7708333333333334,0.0,0.0,20,midline,dl,ur,0,1,0,0,0
5,8,size9_comp0.0_grid8_base_low,9,0.0,low,base,base,5,8,13,7,3,1,1,1,0,1,32,48,0.0,0.4583333333333333,0.5151515151515151,0.3333333333333333,18,9,10,11,8,20,9,10,36,10,5,7,0.14583333333333334,UR,-0.0,0,45,0,0,3,0.0,1.0,0.0,0.0,0.0625,UR,0.0,0.625,0.0,0.0,11,midline,dl,ur,0,1,0,0,0
6,8,size9_comp0.0_grid8_base_low,9,0.0,low,base,base,5,8,13,7,3,1,1,1,0,1,16,48,0.0,0.375,0.6470588235294118,0.22580645161290322,25,9,6,8,18,6,14,9,38,8,10,15,0.3125,UR,0.34781691357106326,0,43,0,3,2,0.0,0.9347826086956522,0.0,0.06521739130434782,0.041666666666666664,UR,0.0,0.6458333333333334,0.0,0.020833333333333332,13,midline,dl,ur,0,1,0,0,0
7,8,size9_comp0.0_grid8_base_low,9,0.0,low,base,base,5,8,13,7,3,1,1,1,0,1,31,48,0.0,0.3333333333333333,0.375,0.25,25,8,5,10,14,12,8,13,40,7,2,20,0.4166666666666667,UR,-0.0,0,47,0,0,1,0.0,1.0,0.0,0.0,0.020833333333333332,UR,0.0,0.8958333333333334,0.0,0.0,30,midline,dl,ur,0,1,0,0,0
8,8,size9_comp0.0_grid8_base_low,9,0.0,low,base,base,5,8,13,7,3,1,1,1,0,1,4,48,0.0,0.22916666666666666,1.0,0.13953488372093023,33,4,4,7,26,7,7,7,38,2,8,31,0.6458333333333334,UR,-0.0,0,47,0,0,1,0.0,1.0,0.0,0.0,0.020833333333333332,UR,0.0,0.7291666666666666,0.0,0.0,33,midline,dl,ur,0,1,0,0,0
9,8,size9_comp0.0_grid8_base_low,9,0.0,low,base,base,5,8,13,7,3,1,1,1,0,1,6,48,0.0,0.22916666666666666,0.8571428571428571,0.12195121951219512,33,5,3,7,29,8,4,6,40,3,0,29,0.6041666666666666,UR,-0.0,0,47,0,0,1,0.0,1.0,0.0,0.0,0.020833333333333332,UR,0.0,0.8958333333333334,0.0,0.0,29,midline,dl,ur,0,1,0,0,0
0,9,size9_comp0.0_grid9_base_low,9,0.0,low,base,base,5,10,15,5,5,1,1,1,1,0,-1,9,0.0,0.1111111111111111,0.1111111111111111,0.0,1,3,0,5,4,1,2,1,2,0,0,2,0.2222222222222222,DL,1.0,0,0,4,4,1,0.0,0.0,0.5,0.5,0.1111111111111111,DL,0.0,0.0,0.3333333333333333,0.1111111111111111,3,dl,dr,ul,1,0,0,0,0
1,9,size9_comp0.0_grid9_base_low,9,0.0,low,base,base,5,10,15,5,5,1,1,1,1,0,-1,18,0.0,0.3333333333333333,0.3333333333333333,0.0,5,6,1,6,1,3,4,9,9,8,0,1,0.05555555555555555,DL,0.9886994082884974,0,0,9,7,2,0.0,0.0,0.5625,0.4375,0.1111111111111111,DL,0.0,0.0,0.4444444444444444,0.2222222222222222,8,dl,dr,ul,1,0,0,0,0
2,9,size9_comp0.0_grid9_base_low,9,0.0,low,base,base,5,10,15,5,5,1,1,1,1,0,-1,9,0.0,0.2222222222222222,0.2222222222222222,0.0,2,2,0,5,2,4,1,1,1,1,0,0,0.0,DL,0.863120568566631,0,0,5,2,2,0.0,0.0,0.7142857142857143,0.2857142857142857,0.2222222222222222,DL,0.0,0.0,0.2222222222222222,0.1111111111111111,2,dl,dr,ul,1,0,0,0,0
3,9,size9_comp0.0_grid9_base_low,9,0.0,low,base,base,5,10,15,5,5,1,1,1,1,0,-1,7,0.0,0.14285714285714285,0.14285714285714285,0.0,1,1,0,5,3,2,1,0,0,0,0,0,0.0,DL,0.9182958340544896,0,0,4,2,1,0.0,0.0,0.6666666666666666,0.3333333333333333,0.14285714285714285,DL,0.0,0.0,0.2857142857142857,0.14285714285714285,2,dl,dr,ul,1,0,0,0,0
4,9,size9_comp0.0_grid9_base_low,9,0.0,low,base,base,5,10,15,5,5,1,1,1,1,0,-1,17,0.0,0.35294117647058826,0.35294117647058826,0.0,6,6,0,5,1,4,3,8,8,8,0,0,0.0,DL,0.7219280948873623,0,0,12,3,2,0.0,0.0,0.8,0.2,0.11764705882352941,DL,0.0,0.0,0.5882352941176471,0.058823529411764705,10,dl,dr,ul,1,0,0,0,0
5,9,size9_comp0.0_grid9_base_low,9,0.0,low,base,base,5,10,15,5,5,1,1,1,1,0,-1,9,0.0,0.2222222222222222,0.2222222222222222,0.0,2,2,0,5,2,4,1,1,1,1,0,0,0.0,DL,0.954434002924965,0,0,5,3,1,0.0,0.0,0.625,0.375,0.1111111111111111,DL,0.0,0.0,0.2222222222222222,0.1111111111111111,2,dl,dr,ul,1,0,0,0,0
6,9,size9_comp0.0_grid9_base_low,9,0.0,low,base,base,5,10,15,5,5,1,1,1,1,0,-1,7,0.0,0.14285714285714285,0.14285714285714285,0.0,1,1,0,5,2,2,2,0,0,0,0,0,0.0,DR,0.9709505944546686,0,0,2,3,2,0.0,0.0,0.4,0.6,0.2857142857142857,DL,0.0,0.0,0.14285714285714285,0.14285714285714285,1,dl,dr,ul,0,0,0,0,0
7,9,size9_comp0.0_grid9_base_low,9,0.0,low,base,base,5,10,15,5,5,1,1,1,1,0,-1,13,0.0,0.23076923076923078,0.23076923076923078,0.0,2,4,1,6,2,4,4,2,5,2,0,2,0.15384615384615385,DR,0.9709505944546686,0,0,4,6,3,0.0,0.0,0.4,0.6,0.23076923076923078,DR,0.0,0.0,0.07692307692307693,0.23076923076923078,2,dl,dr,ul,0,0,0,0,0
8,9,size9_comp0.0_grid9_base_low,9,0.0,low,base,base,5,10,15,5,5,1,1,1,1,0,-1,9,0.0,0.2222222222222222,0.2222222222222222,0.0,2,2,0,5,1,2,4,1,1,1,0,0,0.0,DR,0.9852281360342515,0,0,3,4,2,0.0,0.0,0.42857142857142855,0.5714285714285714,0.2222222222222222,DL,0.0,0.0,0.1111111111111111,0.1111111111111111,1,dl,dr,ul,0,0,0,0,0
9,9,size9_comp0.0_grid9_base_low,9,0.0,low,base,base,5,10,15,5,5,1,1,1,1,0,-1,5,0.0,0.0,0.0,0.0,0,0,0,5,4,0,0,0,0,0,0,0,0.0,DL,1.0,0,0,2,2,1,0.0,0.0,0.5,0.5,0.2,DL,0.0,0.0,0.2,0.2,1,dl,dr,ul,1,0,0,0,0
0,0,size9_comp0.2_grid0_base_low,9,0.2,low,base,base,4,5,9,3,3,1,1,1,1,0,-1,3,0.0,0.3333333333333333,0.3333333333333333,0.0,0,1,2,0,1,0,1,0,0,0,0,0,0.0,UR,-0.0,0,1,0,0,2,0.0,1.0,0.0,0.0,0.6666666666666666,,0.0,0.0,0.0,0.0,0,ur,midline,dr,1,0,0,0,0
1,0,size9_comp0.2_grid0_base_low,9,0.2,low,base,base,4,5,9,3,3,1,1,1,1,0,-1,42,0.0,0.30952380952380953,0.30952380952380953,0.0,22,10,7,3,16,5,9,11,33,8,0,15,0.35714285714285715,UR,0.17203694935311378,1,38,0,0,3,0.02564102564102564,0.9743589743589743,0.0,0.0,0.07142857142857142,UR,0.0,0.2619047619047619,0.0,0.0,6,ur,midline,dr,1,0,0,0,0
2,0,size9_comp0.2_grid0_base_low,9,0.2,low,base,base,4,5,9,3,3,1,1,1,1,0,-1,32,0.0,0.3125,0.3125,0.0,16,8,6,2,10,4,9,8,25,5,0,11,0.34375,UR,-0.0,0,23,0,0,9,0.0,1.0,0.0,0.0,0.28125,UR,0.0,0.03125,0.0,0.0,1,ur,midline,dr,1,0,0,0,0
3,0,size9_comp0.2_grid0_base_low,9,0.2,low,base,base,4,5,9,3,3,1,1,1,1,0,-1,13,0.0,0.3076923076923077,0.3076923076923077,0.0,6,4,3,0,5,2,2,3,8,2,0,4,0.3076923076923077,UR,0.41381685030363374,1,11,0,0,1,0.08333333333333333,0.9166666666666666,0.0,0.0,0.07692307692307693,,0.0,0.0,0.0,0.0,0,ur,midline,dr,1,0,0,0,0
4,0,size9_comp0.2_grid0_base_low,9,0.2,low,base,base,4,5,9,3,3,1,1,1,1,0,-1,5,0.0,0.4,0.4,0.0,1,2,2,0,0,3,0,1,1,1,0,0,0.0,UL,1.0,1,1,0,0,3,0.5,0.5,0.0,0.0,0.6,,0.0,0.0,0.0,0.0,0,ur,midline,dr,0,0,0,0,0
5,0,size9_comp0.2_grid0_base_low,9,0.2,low,base,base,4,5,9,3,3,1,1,1,1,0,-1,4,0.0,0.25,0.25,0.0,1,1,2,0,0,2,1,0,1,0,0,1,0.25,UL,1.0,1,1,0,0,2,0.5,0.5,0.0,0.0,0.5,,0.0,0.0,0.0,0.0,0,ur,midline,dr,0,0,0,0,0
6,0,size9_comp0.2_grid0_base_low,9,0.2,low,base,base,4,5,9,3,3,1,1,1,1,0,-1,22,0.0,0.2727272727272727,0.2727272727272727,0.0,13,5,3,1,9,3,4,5,16,3,0,9,0.4090909090909091,UR,-0.0,0,18,0,0,4,0.0,1.0,0.0,0.0,0.18181818181818182,UR,0.0,0.3181818181818182,0.0,0.0,7,ur,midline,dr,1,0,0,0,0
7,0,size9_comp0.2_grid0_base_low,9,0.2,low,base,base,4,5,9,3,3,1,1,1,1,0,-1,8,0.0,0.375,0.375,0.0,2,2,3,1,2,1,3,1,4,1,0,1,0.125,UR,-0.0,0,2,0,0,6,0.0,1.0,0.0,0.0,0.75,,0.0,0.0,0.0,0.0,0,ur,midline,dr,1,0,0,0,0
8,0,size9_comp0.2_grid0_base_low,9,0.2,low,base,base,4,5,9,3,3,1,1,1,1,0,-1,8,0.0,0.375,0.375,0.0,3,3,2,0,0,3,1,3,3,2,0,1,0.125,UR,0.9182958340544896,1,2,0,0,5,0.3333333333333333,0.6666666666666666,0.0,0.0,0.625,,0.0,0.0,0.0,0.0,0,ur,midline,dr,1,0,0,0,0
9,0,size9_comp0.2_grid0_base_low,9,0.2,low,base,base,4,5,9,3,3,1,1,1,1,0,-1,5,0.0,0.4,0.4,0.0,0,1,3,1,1,0,2,1,1,1,0,0,0.0,UR,-0.0,0,2,0,0,3,0.0,1.0,0.0,0.0,0.6,,0.0,0.0,0.0,0.0,0,ur,midline,dr,1,0,0,0,0
0,1,size9_comp0.2_grid1_base_low,9,0.2,low,base,base,8,9,17,7,5,1,1,1,1,0,-1,10,0.0,0.3,0.3,0.0,5,0,5,0,4,3,2,0,3,0,0,3,0.3,UR,0.9182958340544896,3,6,0,0,1,0.3333333333333333,0.6666666666666666,0.0,0.0,0.1,UR,0.0,0.4,0.0,0.0,4,ur,ul,dl,1,0,0,0,0
1,1,size9_comp0.2_grid1_base_low,9,0.2,low,base,base,8,9,17,7,5,1,1,1,1,0,-1,15,0.0,0.2,0.2,0.0,10,0,5,0,7,4,3,0,8,0,0,8,0.5333333333333333,UR,0.39124356362925566,1,12,0,0,2,0.07692307692307693,0.9230769230769231,0.0,0.0,0.13333333333333333,UR,0.0,0.5333333333333333,0.0,0.0,8,ur,ul,dl,1,0,0,0,0
2,1,size9_comp0.2_grid1_base_low,9,0.2,low,base,base,8,9,17,7,5,1,1,1,1,0,-1,16,0.0,0.1875,0.1875,0.0,11,0,5,0,10,3,2,0,9,0,0,9,0.5625,UR,0.7219280948873623,3,12,0,0,1,0.2,0.8,0.0,0.0,0.0625,UR,0.0,0.625,0.0,0.0,10,ur,ul,dl,1,0,0,0,0
3,1,size9_comp0.2_grid1_base_low,9,0.2,low,base,base,8,9,17,7,5,1,1,1,1,0,-1,17,0.0,0.29411764705882354,0.29411764705882354,0.0,8,2,7,0,4,5,6,1,9,1,0,6,0.35294117647058826,UR,0.6962122601251458,3,13,0,0,1,0.1875,0.8125,0.0,0.0,0.058823529411764705,UR,0.0,0.29411764705882354,0.0,0.0,5,ur,ul,dl,1,0,0,0,0
4,1,size9_comp0.2_grid1_base_low,9,0.2,low,base,base,8,9,17,7,5,1,1,1,1,0,-1,10,0.0,0.3,0.3,0.0,4,0,6,0,7,1,1,0,3,0,0,3,0.3,UL,0.9182958340544896,6,3,0,0,1,0.6666666666666666,0.3333333333333333,0.0,0.0,0.1,,0.0,0.0,0.0,0.0,0,ur,ul,dl,0,0,0,0,0
5,1,size9_comp0.2_grid1_base_low,9,0.2,low,base,base,8,9,17,7,5,1,1,1,1,0,-1,14,0.0,0.21428571428571427,0.21428571428571427,0.0,9,0,5,0,8,3,2,0,7,0,0,7,0.5,UR,0.39124356362925566,1,12,0,0,1,0.07692307692307693,0.9230769230769231,0.0,0.0,0.07142857142857142,UR,0.0,0.6428571428571429,0.0,0.0,9,ur,ul,dl,1,0,0,0,0
6,1,size9_comp0.2_grid1_base_low,9,0.2,low,base,base,8,9,17,7,5,1,1,1,1,0,-1,11,0.0,0.2727272727272727,0.2727272727272727,0.0,5,1,5,0,2,3,4,1,4,0,0,4,0.36363636363636365,UR,0.8112781244591328,2,6,0,0,3,0.25,0.75,0.0,0.0,0.2727272727272727,UR,0.0,0.36363636363636365,0.0,0.0,4,ur,ul,dl,1,0,0,0,0
7,1,size9_comp0.2_grid1_base_low,9,0.2,low,base,base,8,9,17,7,5,1,1,1,1,0,-1,9,0.0,0.3333333333333333,0.3333333333333333,0.0,4,0,5,0,3,3,2,0,2,0,0,2,0.2222222222222222,UR,0.6500224216483541,1,5,0,0,3,0.16666666666666666,0.8333333333333334,0.0,0.0,0.3333333333333333,UR,0.0,0.3333333333333333,0.0,0.0,3,ur,ul,dl,1,0,0,0,0
8,1,size9_comp0.2_grid1_base_low,9,0.2,low,base,base,8,9,17,7,5,1,1,1,1,0,-1,24,0.0,0.125,0.125,0.0,19,0,5,0,14,5,4,0,17,0,0,17,0.7083333333333334,UR,0.5746356978376794,3,19,0,0,2,0.13636363636363635,0.8636363636363636,0.0,0.0,0.08333333333333333,UR,0.0,0.6666666666666666,0.0,0.0,16,ur,ul,dl,1,0,0,0,0
9,1,size9_comp0.2_grid1_base_low,9,0.2,low,base,base,8,9,17,7,5,1,1,1,1,0,-1,16,0.0,0.1875,0.1875,0.0,11,0,5,0,10,3,2,0,9,0,0,9,0.5625,UR,0.7219280948873623,3,12,0,0,1,0.2,0.8,0.0,0.0,0.0625,UR,0.0,0.5,0.0,0.0,8,ur,ul,dl,1,0,0,0,0
0,2,size9_comp0.2_grid2_base_low,9,0.2,low,base,base,3,7,10,4,3,1,1,1,1,0,-1,10,0.0,0.0,0.0,0.0,6,0,4,0,6,2,1,0,6,0,0,6,0.6,UL,0.7642045065086203,7,2,0,0,1,0.7777777777777778,0.2222222222222222,0.0,0.0,0.1,UL,0.1,0.0,0.0,0.0,1,ur,ul,ur,0,0,0,0,0
1,2,size9_comp0.2_grid2_base_low,9,0.2,low,base,base,3,7,10,4,3,1,1,1,1,0,-1,10,0.0,0.0,0.0,0.0,6,0,4,0,2,4,3,0,6,0,0,6,0.6,UL,0.954434002924965,5,3,0,0,2,0.625,0.375,0.0,0.0,0.2,UL,0.2,0.0,0.0,0.0,2,ur,ul,ur,0,0,0,0,0
2,2,size9_comp0.2_grid2_base_low,9,0.2,low,base,base,3,7,10,4,3,1,1,1,1,0,-1,12,0.0,0.08333333333333333,0.08333333333333333,0.0,6,0,5,1,5,4,2,0,7,0,0,6,0.5,UR,0.8112781244591328,2,6,0,0,4,0.25,0.75,0.0,0.0,0.3333333333333333,UR,0.08333333333333333,0.25,0.0,0.0,3,ur,ul,ur,1,1,0,0,0
3,2,size9_comp0.2_grid2_base_low,9,0.2,low,base,base,3,7,10,4,3,1,1,1,1,0,-1,4,0.0,0.0,0.0,0.0,0,0,4,0,3,0,0,0,0,0,0,0,0.0,UL,0.9182958340544896,2,1,0,0,1,0.6666666666666666,0.3333333333333333,0.0,0.0,0.25,UL,0.25,0.0,0.0,0.0,1,ur,ul,ur,0,0,0,0,0
4,2,size9_comp0.2_grid2_base_low,9,0.2,low,base,base,3,7,10,4,3,1,1,1,1,0,-1,8,0.0,0.0,0.0,0.0,4,0,4,0,4,2,1,0,4,0,0,4,0.5,UR,0.9852281360342515,3,4,0,0,1,0.42857142857142855,0.5714285714285714,0.0,0.0,0.125,UL,0.125,0.0,0.0,0.0,1,ur,ul,ur,1,1,0,0,0
5,2,size9_comp0.2_grid2_base_low,9,0.2,low,base,base,3,7,10,4,3,1,1,1,1,0,-1,7,0.0,0.0,0.0,0.0,3,0,4,0,5,1,0,0,3,0,0,3,0.42857142857142855,UR,0.9182958340544896,2,4,0,0,1,0.3333333333333333,0.6666666666666666,0.0,0.0,0.14285714285714285,UL,0.14285714285714285,0.0,0.0,0.0,1,ur,ul,ur,1,1,0,0,0
6,2,size9_comp0.2_grid2_base_low,9,0.2,low,base,base,3,7,10,4,3,1,1,1,1,0,-1,7,0.0,0.0,0.0,0.0,3,0,4,0,2,2,2,0,3,0,0,3,0.42857142857142855,UL,0.7219280948873623,4,1,0,0,2,0.8,0.2,0.0,0.0,0.2857142857142857,UL,0.42857142857142855,0.0,0.0,0.0,3,ur,ul,ur,0,0,0,0,0
7,2,size9_comp0.2_grid2_base_low,9,0.2,low,base,base,3,7,10,4,3,1,1,1,1,0,-1,8,0.0,0.125,0.125,0.0,2,0,5,1,3,3,0,1,4,1,0,2,0.25,UR,0.9182958340544896,2,4,0,0,2,0.3333333333333333,0.6666666666666666,0.0,0.0,0.25,UL,0.125,0.0,0.0,0.0,1,ur,ul,ur,1,1,0,0,0
8,2,size9_comp0.2_grid2_base_low,9,0.2,low,base,base,3,7,10,4,3,1,1,1,1,0,-1,7,0.0,0.0,0.0,0.0,3,0,4,0,4,1,1,0,3,0,0,3,0.42857142857142855,UL,0.6500224216483541,5,1,0,0,1,0.8333333333333334,0.16666666666666666,0.0,0.0,0.14285714285714285,UL,0.14285714285714285,0.0,0.0,0.0,1,ur,ul,ur,0,0,0,0,0
9,2,size9_comp0.2_grid2_base_low,9,0.2,low,base,base,3,7,10,4,3,1,1,1,1,0,-1,10,0.0,0.0,0.0,0.0,6,0,4,0,2,4,3,0,6,0,0,6,0.6,UL,0.863120568566631,5,2,0,0,3,0.7142857142857143,0.2857142857142857,0.0,0.0,0.3,UL,0.2,0.0,0.0,0.0,2,ur,ul,ur,0,0,0,0,0
0,3,size9_comp0.2_grid3_base_low,9,0.2,low,base,base,4,7,11,11,0,1,1,1,0,0,-1,48,0.0,0.3333333333333333,0.3333333333333333,0.0,10,12,4,22,13,15,9,10,34,8,0,14,0.2916666666666667,DR,0.9768290662171857,5,4,0,32,7,0.12195121951219512,0.0975609756097561,0.0,0.7804878048780488,0.14583333333333334,DR,0.041666666666666664,0.0,0.0,0.3541666666666667,4,ul,dr,dl,0,0,0,0,0
1,3,size9_comp0.2_grid3_base_low,9,0.2,low,base,base,4,7,11,11,0,1,1,1,1,0,-1,14,0.0,0.2857142857142857,0.2857142857142857,0.0,0,6,0,8,5,4,4,0,3,0,0,3,0.21428571428571427,UL,1.061278124459133,6,0,1,1,6,0.75,0.0,0.125,0.125,0.42857142857142855,UL,0.14285714285714285,0.0,0.0,0.0,2,ul,dr,dl,1,0,0,0,0
2,3,size9_comp0.2_grid3_base_low,9,0.2,low,base,base,4,7,11,11,0,1,1,1,1,0,-1,31,0.0,0.3548387096774194,0.3548387096774194,0.0,6,11,2,12,9,10,6,5,14,4,0,6,0.1935483870967742,DR,1.4373770511116046,8,1,1,11,10,0.38095238095238093,0.047619047619047616,0.047619047619047616,0.5238095238095238,0.3225806451612903,DR,0.06451612903225806,0.0,0.0,0.1935483870967742,2,ul,dr,dl,0,0,0,0,0
3,3,size9_comp0.2_grid3_base_low,9,0.2,low,base,base,4,7,11,11,0,1,1,1,1,0,-1,11,0.0,0.36363636363636365,0.36363636363636365,0.0,0,6,0,5,7,1,2,0,0,0,0,0,0.0,UL,1.3516441151533924,5,0,1,3,2,0.5555555555555556,0.0,0.1111111111111111,0.3333333333333333,0.18181818181818182,UL,0.18181818181818182,0.0,0.0,0.09090909090909091,2,ul,dr,dl,1,0,0,0,0
4,3,size9_comp0.2_grid3_base_low,9,0.2,low,base,base,4,7,11,11,0,1,1,1,1,0,-1,15,0.0,0.3333333333333333,0.3333333333333333,0.0,1,8,0,6,6,3,3,2,4,2,0,2,0.13333333333333333,UL,1.2406705316766884,7,0,3,1,4,0.6363636363636364,0.0,0.2727272727272727,0.09090909090909091,0.26666666666666666,UL,0.13333333333333333,0.0,0.0,0.0,2,ul,dr,dl,1,0,0,0,0
5,3,size9_comp0.2_grid3_base_low,9,0.2,low,base,base,4,7,11,11,0,1,1,1,1,0,-1,19,0.0,0.3684210526315789,0.3684210526315789,0.0,2,8,1,8,5,5,4,4,5,3,0,2,0.10526315789473684,UL,1.1567796494470395,7,0,2,1,9,0.7,0.0,0.2,0.1,0.47368421052631576,UL,0.15789473684210525,0.0,0.0,0.0,3,ul,dr,dl,1,0,0,0,0
6,3,size9_comp0.2_grid3_base_low,9,0.2,low,base,base,4,7,11,11,0,1,1,1,1,0,-1,14,0.0,0.35714285714285715,0.35714285714285715,0.0,0,6,1,7,6,4,2,1,2,0,0,1,0.07142857142857142,DR,1.5545851693377994,4,3,0,5,2,0.3333333333333333,0.25,0.0,0.4166666666666667,0.14285714285714285,DR,0.21428571428571427,0.0,0.0,0.2857142857142857,4,ul,dr,dl,0,0,0,0,0
7,3,size9_comp0.2_grid3_base_low,9,0.2,low,base,base,4,7,11,11,0,1,1,1,1,1,5,13,0.8461538461538461,0.9230769230769231,0.8333333333333334,1.0,0,6,1,6,3,5,4,0,0,0,0,0,0.0,DL,1.360964047443681,4,0,5,1,3,0.4,0.0,0.5,0.1,0.23076923076923078,UL,0.15384615384615385,0.0,0.07692307692307693,0.0,2,ul,dr,dl,0,1,0,0,0
8,3,size9_comp0.2_grid3_base_low,9,0.2,low,base,base,4,7,11,11,0,1,1,1,1,0,-1,16,0.0,0.375,0.375,0.0,1,7,1,7,7,1,4,3,4,3,0,1,0.0625,UL,1.4833557549816874,5,5,0,2,4,0.4166666666666667,0.4166666666666667,0.0,0.16666666666666666,0.25,UL,0.1875,0.0,0.0,0.0625,3,ul,dr,dl,1,0,0,0,0
9,3,size9_comp0.2_grid3_base_low,9,0.2,low,base,base,4,7,11,11,0,1,1,1,1,0,-1,11,0.0,0.36363636363636365,0.36363636363636365,0.0,0,6,0,5,5,2,3,0,0,0,0,0,0.0,UL,1.5566567074628228,3,2,0,2,4,0.42857142857142855,0.2857142857142857,0.0,0.2857142857142857,0.36363636363636365,UL,0.18181818181818182,0.0,0.0,0.09090909090909091,2,ul,dr,dl,1,0,0,0,0
0,4,size9_comp0.2_grid4_base_low,9,0.2,low,base,base,4,4,8,4,3,1,1,1,1,0,-1,5,0.0,0.4,0.4,0.0,0,3,0,2,0,2,2,0,1,0,0,1,0.2,UL,-0.0,3,0,0,0,2,1.0,0.0,0.0,0.0,0.4,,0.0,0.0,0.0,0.0,0,ul,midline,dl,1,0,0,0,0
1,4,size9_comp0.2_grid4_base_low,9,0.2,low,base,base,4,4,8,4,3,1,1,1,1,0,-1,4,0.0,0.5,0.5,0.0,0,2,0,2,0,1,2,0,0,0,0,0,0.0,UL,-0.0,2,0,0,0,2,1.0,0.0,0.0,0.0,0.5,,0.0,0.0,0.0,0.0,0,ul,midline,dl,1,0,0,0,0
2,4,size9_comp0.2_grid4_base_low,9,0.2,low,base,base,4,4,8,4,3,1,1,1,1,0,-1,4,0.0,0.5,0.5,0.0,0,2,0,2,0,1,2,0,0,0,0,0,0.0,UL,-0.0,2,0,0,0,2,1.0,0.0,0.0,0.0,0.5,,0.0,0.0,0.0,0.0,0,ul,midline,dl,1,0,0,0,0
3,4,size9_comp0.2_grid4_base_low,9,0.2,low,base,base,4,4,8,4,3,1,1,1,1,0,-1,8,0.0,0.5,0.5,0.0,0,2,2,4,2,2,2,1,1,1,0,0,0.0,UL,1.5,2,1,0,1,4,0.5,0.25,0.0,0.25,0.5,,0.0,0.0,0.0,0.0,0,ul,midline,dl,1,0,0,0,0
4,4,size9_comp0.2_grid4_base_low,9,0.2,low,base,base,4,4,8,4,3,1,1,1,1,0,-1,6,0.0,0.5,0.5,0.0,0,2,1,3,1,2,1,1,1,1,0,0,0.0,UL,-0.0,2,0,0,0,4,1.0,0.0,0.0,0.0,0.6666666666666666,,0.0,0.0,0.0,0.0,0,ul,midline,dl,1,0,0,0,0
5,4,size9_comp0.2_grid4_base_low,9,0.2,low,base,base,4,4,8,4,3,1,1,1,1,0,-1,6,0.0,0.3333333333333333,0.3333333333333333,0.0,0,4,0,2,1,2,2,0,2,0,0,2,0.3333333333333333,UL,-0.0,4,0,0,0,2,1.0,0.0,0.0,0.0,0.3333333333333333,,0.0,0.0,0.0,0.0,0,ul,midline,dl,1,0,0,0,0
6,4,size9_comp0.2_grid4_base_low,9,0.2,low,base,base,4,4,8,4,3,1,1,1,1,0,-1,4,0.0,0.5,0.5,0.0,0,2,0,2,0,1,2,0,0,0,0,0,0.0,UL,-0.0,2,0,0,0,2,1.0,0.0,0.0,0.0,0.5,,0.0,0.0,0.0,0.0,0,ul,midline,dl,1,0,0,0,0
7,4,size9_comp0.2_grid4_base_low,9,0.2,low,base,base,4,4,8,4,3,1,1,1,1,0,-1,6,0.0,0.5,0.5,0.0,0,2,1,3,1,2,1,1,1,1,0,0,0.0,UL,-0.0,2,0,0,0,4,1.0,0.0,0.0,0.0,0.6666666666666666,,0.0,0.0,0.0,0.0,0,ul,midline,dl,1,0,0,0,0
8,4,size9_comp0.2_grid4_base_low,9,0.2,low,base,base,4,4,8,4,3,1,1,1,1,0,-1,8,0.0,0.375,0.375,0.0,0,4,1,3,2,2,3,0,2,0,0,2,0.25,UL,0.7219280948873623,4,0,0,1,3,0.8,0.0,0.0,0.2,0.375,,0.0,0.0,0.0,0.0,0,ul,midline,dl,1,0,0,0,0
9,4,size9_comp0.2_grid4_base_low,9,0.2,low,base,base,4,4,8,4,3,1,1,1,1,0,-1,5,0.0,0.4,0.4,0.0,0,3,0,2,0,2,2,0,1,0,0,1,0.2,UL,-0.0,3,0,0,0,2,1.0,0.0,0.0,0.0,0.4,,0.0,0.0,0.0,0.0,0,ul,midline,dl,1,0,0,0,0
0,5,size9_comp0.2_grid5_base_low,9,0.2,low,base,base,3,3,6,4,1,1,1,1,1,0,-1,5,0.0,0.4,0.4,0.0,0,2,0,3,1,1,2,0,1,0,0,1,0.2,UR,0.8112781244591328,1,3,0,0,1,0.25,0.75,0.0,0.0,0.2,,0.0,0.0,0.0,0.0,0,ul,midline,ur,0,1,0,0,0
1,5,size9_comp0.2_grid5_base_low,9,0.2,low,base,base,3,3,6,4,1,1,1,1,1,0,-1,8,0.0,0.375,0.375,0.0,0,2,1,5,3,2,1,1,3,1,0,2,0.25,UR,0.5916727785823275,1,6,0,0,1,0.14285714285714285,0.8571428571428571,0.0,0.0,0.125,UR,0.0,0.125,0.0,0.0,1,ul,midline,ur,0,1,0,0,0
2,5,size9_comp0.2_grid5_base_low,9,0.2,low,base,base,3,3,6,4,1,1,1,1,1,0,-1,4,0.0,0.5,0.5,0.0,0,2,0,2,0,1,2,0,0,0,0,0,0.0,UL,1.0,1,1,0,0,2,0.5,0.5,0.0,0.0,0.5,,0.0,0.0,0.0,0.0,0,ul,midline,ur,1,0,0,0,0
3,5,size9_comp0.2_grid5_base_low,9,0.2,low,base,base,3,3,6,4,1,1,1,1,1,0,-1,5,0.0,0.4,0.4,0.0,0,2,0,3,1,1,2,0,1,0,0,1,0.2,UR,0.8112781244591328,1,3,0,0,1,0.25,0.75,0.0,0.0,0.2,,0.0,0.0,0.0,0.0,0,ul,midline,ur,0,1,0,0,0
4,5,size9_comp0.2_grid5_base_low,9,0.2,low,base,base,3,3,6,4,1,1,1,1,1,1,2,44,0.13636363636363635,0.29545454545454547,1.0,0.24390243902439024,28,7,3,6,28,5,2,8,35,5,4,24,0.5454545454545454,UR,0.15935006268563445,1,42,0,0,1,0.023255813953488372,0.9767441860465116,0.0,0.0,0.022727272727272728,UR,0.0,0.7727272727272727,0.0,0.0,33,ul,midline,ur,0,1,0,0,0
5,5,size9_comp0.2_grid5_base_low,9,0.2,low,base,base,3,3,6,4,1,1,1,1,1,0,-1,10,0.0,0.3,0.3,0.0,1,3,0,6,3,3,2,1,5,1,0,4,0.4,UR,0.5916727785823275,1,6,0,0,3,0.14285714285714285,0.8571428571428571,0.0,0.0,0.3,,0.0,0.0,0.0,0.0,0,ul,midline,ur,0,1,0,0,0
6,5,size9_comp0.2_grid5_base_low,9,0.2,low,base,base,3,3,6,4,1,1,1,1,1,0,-1,4,0.0,0.5,0.5,0.0,0,2,0,2,0,1,2,0,0,0,0,0,0.0,UL,1.0,1,1,0,0,2,0.5,0.5,0.0,0.0,0.5,,0.0,0.0,0.0,0.0,0,ul,midline,ur,1,0,0,0,0
7,5,size9_comp0.2_grid5_base_low,9,0.2,low,base,base,3,3,6,4,1,1,1,1,1,0,-1,4,0.0,0.5,0.5,0.0,0,2,0,2,0,1,2,0,0,0,0,0,0.0,UL,1.0,1,1,0,0,2,0.5,0.5,0.0,0.0,0.5,,0.0,0.0,0.0,0.0,0,ul,midline,ur,1,0,0,0,0
8,5,size9_comp0.2_grid5_base_low,9,0.2,low,base,base,3,3,6,4,1,1,1,1,1,0,-1,4,0.0,0.5,0.5,0.0,0,2,0,2,0,1,2,0,0,0,0,0,0.0,UL,1.0,1,1,0,0,2,0.5,0.5,0.0,0.0,0.5,,0.0,0.0,0.0,0.0,0,ul,midline,ur,1,0,0,0,0
9,5,size9_comp0.2_grid5_base_low,9,0.2,low,base,base,3,3,6,4,1,1,1,1,1,0,-1,6,0.0,0.5,0.5,0.0,0,2,1,3,1,1,1,2,2,2,0,0,0.0,UL,-0.0,2,0,0,0,4,1.0,0.0,0.0,0.0,0.6666666666666666,,0.0,0.0,0.0,0.0,0,ul,midline,ur,1,0,0,0,0
0,6,size9_comp0.2_grid6_base_low,9,0.2,low,base,base,3,6,9,3,3,1,1,1,1,0,-1,9,0.0,0.3333333333333333,0.3333333333333333,0.0,3,2,1,3,1,2,2,3,4,3,0,0,0.0,UL,0.8112781244591328,3,1,0,0,5,0.75,0.25,0.0,0.0,0.5555555555555556,,0.0,0.0,0.0,0.0,0,midline,ur,ul,0,1,0,0,0
1,6,size9_comp0.2_grid6_base_low,9,0.2,low,base,base,3,6,9,3,3,1,1,1,1,0,-1,4,0.0,0.0,0.0,0.0,1,0,0,3,1,1,1,0,1,0,0,1,0.25,UR,-0.0,0,1,0,0,3,0.0,1.0,0.0,0.0,0.75,,0.0,0.0,0.0,0.0,0,midline,ur,ul,0,0,0,0,0
2,6,size9_comp0.2_grid6_base_low,9,0.2,low,base,base,3,6,9,3,3,1,1,1,1,0,-1,3,0.0,0.0,0.0,0.0,1,0,0,2,1,0,1,0,0,0,0,0,0.0,UR,-0.0,0,1,0,0,2,0.0,1.0,0.0,0.0,0.6666666666666666,,0.0,0.0,0.0,0.0,0,midline,ur,ul,0,0,0,0,0
3,6,size9_comp0.2_grid6_base_low,9,0.2,low,base,base,3,6,9,3,3,1,1,1,1,0,-1,3,0.0,0.0,0.0,0.0,1,0,0,2,1,0,1,0,0,0,0,0,0.0,UR,-0.0,0,1,0,0,2,0.0,1.0,0.0,0.0,0.6666666666666666,,0.0,0.0,0.0,0.0,0,midline,ur,ul,0,0,0,0,0
4,6,size9_comp0.2_grid6_base_low,9,0.2,low,base,base,3,6,9,3,3,1,1,1,1,0,-1,4,0.0,0.0,0.0,0.0,1,0,0,3,1,1,1,0,1,0,0,1,0.25,UR,-0.0,0,1,0,0,3,0.0,1.0,0.0,0.0,0.75,,0.0,0.0,0.0,0.0,0,midline,ur,ul,0,0,0,0,0
5,6,size9_comp0.2_grid6_base_low,9,0.2,low,base,base,3,6,9,3,3,1,1,1,1,0,-1,3,0.0,0.0,0.0,0.0,1,0,0,2,1,0,1,0,0,0,0,0,0.0,UR,-0.0,0,1,0,0,2,0.0,1.0,0.0,0.0,0.6666666666666666,,0.0,0.0,0.0,0.0,0,midline,ur,ul,0,0,0,0,0
6,6,size9_comp0.2_grid6_base_low,9,0.2,low,base,base,3,6,9,3,3,1,1,1,1,0,-1,6,0.0,0.16666666666666666,0.16666666666666666,0.0,2,2,0,2,0,1,2,2,3,2,0,1,0.16666666666666666,UR,-0.0,0,2,0,0,4,0.0,1.0,0.0,0.0,0.6666666666666666,,0.0,0.0,0.0,0.0,0,midline,ur,ul,0,0,0,0,0
7,6,size9_comp0.2_grid6_base_low,9,0.2,low,base,base,3,6,9,3,3,1,1,1,1,0,-1,4,0.0,0.0,0.0,0.0,1,0,0,3,1,1,1,0,1,0,0,1,0.25,UR,-0.0,0,1,0,0,3,0.0,1.0,0.0,0.0,0.75,,0.0,0.0,0.0,0.0,0,midline,ur,ul,0,0,0,0,0
8,6,size9_comp0.2_grid6_base_low,9,0.2,low,base,base,3,6,9,3,3,1,1,1,1,0,-1,3,0.0,0.0,0.0,0.0,1,0,0,2,1,0,1,0,0,0,0,0,0.0,UR,-0.0,0,1,0,0,2,0.0,1.0,0.0,0.0,0.6666666666666666,,0.0,0.0,0.0,0.0,0,midline,ur,ul,0,0,0,0,0
9,6,size9_comp0.2_grid6_base_low,9,0.2,low,base,base,3,6,9,3,3,1,1,1,1,0,-1,7,0.0,0.14285714285714285,0.14285714285714285,0.0,2,2,0,3,1,2,1,2,4,1,0,2,0.2857142857142857,UR,-0.0,0,1,0,0,6,0.0,1.0,0.0,0.0,0.8571428571428571,,0.0,0.0,0.0,0.0,0,midline,ur,ul,0,0,0,0,0
0,7,size9_comp0.2_grid7_base_low,9,0.2,low,base,base,5,10,15,5,5,1,1,1,1,0,-1,5,0.0,0.0,0.0,0.0,4,0,1,0,3,1,0,0,0,0,0,0,0.0,UL,1.0,2,0,2,0,1,0.5,0.0,0.5,0.0,0.2,,0.0,0.0,0.0,0.0,0,dl,ul,dr,0,0,0,0,0
1,7,size9_comp0.2_grid7_base_low,9,0.2,low,base,base,5,10,15,5,5,1,1,1,1,0,-1,14,0.0,0.14285714285714285,0.14285714285714285,0.0,10,1,2,1,7,4,2,0,6,0,0,5,0.35714285714285715,UL,0.7219280948873623,8,0,2,0,4,0.8,0.0,0.2,0.0,0.2857142857142857,UL,0.07142857142857142,0.0,0.0,0.0,1,dl,ul,dr,0,0,0,0,0
2,7,size9_comp0.2_grid7_base_low,9,0.2,low,base,base,5,10,15,5,5,1,1,1,1,0,-1,5,0.0,0.0,0.0,0.0,4,0,1,0,3,1,0,0,0,0,0,0,0.0,UL,1.0,2,0,2,0,1,0.5,0.0,0.5,0.0,0.2,,0.0,0.0,0.0,0.0,0,dl,ul,dr,0,0,0,0,0
3,7,size9_comp0.2_grid7_base_low,9,0.2,low,base,base,5,10,15,5,5,1,1,1,1,0,-1,39,0.0,0.20512820512820512,0.20512820512820512,0.0,26,4,5,4,22,8,2,6,28,4,0,18,0.46153846153846156,UR,1.271782221599798,14,16,2,0,7,0.4375,0.5,0.0625,0.0,0.1794871794871795,UL,0.05128205128205128,0.0,0.0,0.0,1,dl,ul,dr,0,0,0,0,0
4,7,size9_comp0.2_grid7_base_low,9,0.2,low,base,base,5,10,15,5,5,1,1,1,1,0,-1,13,0.0,0.07692307692307693,0.07692307692307693,0.0,11,1,1,0,10,0,1,1,7,0,0,6,0.46153846153846156,UL,0.6500224216483541,10,0,2,0,1,0.8333333333333334,0.0,0.16666666666666666,0.0,0.07692307692307693,,0.0,0.0,0.0,0.0,0,dl,ul,dr,0,0,0,0,0
5,7,size9_comp0.2_grid7_base_low,9,0.2,low,base,base,5,10,15,5,5,1,1,1,1,0,-1,21,0.0,0.23809523809523808,0.23809523809523808,0.0,12,2,4,3,9,3,2,6,13,5,0,6,0.2857142857142857,UL,0.5665095065529053,13,0,2,0,6,0.8666666666666667,0.0,0.13333333333333333,0.0,0.2857142857142857,UL,0.047619047619047616,0.0,0.0,0.0,1,dl,ul,dr,0,0,0,0,0
6,7,size9_comp0.2_grid7_base_low,9,0.2,low,base,base,5,10,15,5,5,1,1,1,1,0,-1,5,0.0,0.0,0.0,0.0,4,0,1,0,3,1,0,0,0,0,0,0,0.0,UL,1.0,2,0,2,0,1,0.5,0.0,0.5,0.0,0.2,,0.0,0.0,0.0,0.0,0,dl,ul,dr,0,0,0,0,0
7,7,size9_comp0.2_grid7_base_low,9,0.2,low,base,base,5,10,15,5,5,1,1,1,1,0,-1,9,0.0,0.2222222222222222,0.2222222222222222,0.0,5,1,2,1,3,3,1,1,2,1,0,0,0.0,UL,0.8112781244591328,6,0,2,0,1,0.75,0.0,0.25,0.0,0.1111111111111111,UL,0.1111111111111111,0.0,0.0,0.0,1,dl,ul,dr,0,0,0,0,0
8,7,size9_comp0.2_grid7_base_low,9,0.2,low,base,base,5,10,15,5,5,1,1,1,1,0,-1,26,0.0,0.38461538461538464,0.38461538461538464,0.0,10,6,6,4,2,5,3,15,18,15,0,1,0.038461538461538464,UL,0.5746356978376794,19,0,3,0,4,0.8636363636363636,0.0,0.13636363636363635,0.0,0.15384615384615385,UL,0.15384615384615385,0.0,0.0,0.0,1,dl,ul,dr,0,0,0,0,0
9,7,size9_comp0.2_grid7_base_low,9,0.2,low,base,base,5,10,15,5,5,1,1,1,1,0,-1,7,0.0,0.14285714285714285,0.14285714285714285,0.0,4,0,2,1,4,0,2,0,0,0,0,0,0.0,DL,0.9182958340544896,2,0,4,0,1,0.3333333333333333,0.0,0.6666666666666666,0.0,0.14285714285714285,DL,0.14285714285714285,0.0,0.2857142857142857,0.0,2,dl,ul,dr,1,0,0,0,0
0,8,size9_comp0.2_grid8_base_low,9,0.2,low,base,base,4,7,11,3,4,1,1,1,1,0,-1,3,0.0,0.0,0.0,0.0,0,0,0,3,2,0,0,0,0,0,0,0,0.0,DR,-0.0,0,0,0,2,1,0.0,0.0,0.0,1.0,0.3333333333333333,,0.0,0.0,0.0,0.0,0,midline,dr,midline,0,0,0,0,0
1,8,size9_comp0.2_grid8_base_low,9,0.2,low,base,base,4,7,11,3,4,1,1,1,1,0,-1,3,0.0,0.0,0.0,0.0,0,0,0,3,2,0,0,0,0,0,0,0,0.0,DR,-0.0,0,0,0,2,1,0.0,0.0,0.0,1.0,0.3333333333333333,,0.0,0.0,0.0,0.0,0,midline,dr,midline,0,0,0,0,0
2,8,size9_comp0.2_grid8_base_low,9,0.2,low,base,base,4,7,11,3,4,1,1,1,1,0,-1,3,0.0,0.0,0.0,0.0,0,0,0,3,2,0,0,0,0,0,0,0,0.0,DR,-0.0,0,0,0,2,1,0.0,0.0,0.0,1.0,0.3333333333333333,,0.0,0.0,0.0,0.0,0,midline,dr,midline,0,0,0,0,0
3,8,size9_comp0.2_grid8_base_low,9,0.2,low,base,base,4,7,11,3,4,1,1,1,1,0,-1,3,0.0,0.0,0.0,0.0,0,0,0,3,2,0,0,0,0,0,0,0,0.0,DR,-0.0,0,0,0,2,1,0.0,0.0,0.0,1.0,0.3333333333333333,,0.0,0.0,0.0,0.0,0,midline,dr,midline,0,0,0,0,0
4,8,size9_comp0.2_grid8_base_low,9,0.2,low,base,base,4,7,11,3,4,1,1,1,1,0,-1,6,0.0,0.16666666666666666,0.16666666666666666,0.0,1,1,0,4,1,2,2,0,2,0,0,1,0.16666666666666666,DR,-0.0,0,0,0,5,1,0.0,0.0,0.0,1.0,0.16666666666666666,,0.0,0.0,0.0,0.0,0,midline,dr,midline,0,0,0,0,0
5,8,size9_comp0.2_grid8_base_low,9,0.2,low,base,base,4,7,11,3,4,1,1,1,1,0,-1,4,0.0,0.0,0.0,0.0,0,1,0,3,1,1,1,0,1,0,0,1,0.25,DR,-0.0,0,0,0,3,1,0.0,0.0,0.0,1.0,0.25,,0.0,0.0,0.0,0.0,0,midline,dr,midline,0,0,0,0,0
6,8,size9_comp0.2_grid8_base_low,9,0.2,low,base,base,4,7,11,3,4,1,1,1,1,0,-1,3,0.0,0.0,0.0,0.0,0,0,0,3,2,0,0,0,0,0,0,0,0.0,DR,-0.0,0,0,0,2,1,0.0,0.0,0.0,1.0,0.3333333333333333,,0.0,0.0,0.0,0.0,0,midline,dr,midline,0,0,0,0,0
7,8,size9_comp0.2_grid8_base_low,9,0.2,low,base,base,4,7,11,3,4,1,1,1,1,0,-1,5,0.0,0.2,0.2,0.0,1,1,0,3,2,0,1,1,1,1,0,0,0.0,DR,-0.0,0,0,0,2,3,0.0,0.0,0.0,1.0,0.6,,0.0,0.0,0.0,0.0,0,midline,dr,midline,0,0,0,0,0
8,8,size9_comp0.2_grid8_base_low,9,0.2,low,base,base,4,7,11,3,4,1,1,1,1,0,-1,3,0.0,0.0,0.0,0.0,0,0,0,3,2,0,0,0,0,0,0,0,0.0,DR,-0.0,0,0,0,2,1,0.0,0.0,0.0,1.0,0.3333333333333333,,0.0,0.0,0.0,0.0,0,midline,dr,midline,0,0,0,0,0
9,8,size9_comp0.2_grid8_base_low,9,0.2,low,base,base,4,7,11,3,4,1,1,1,1,0,-1,4,0.0,0.0,0.0,0.0,0,1,0,3,1,1,1,0,1,0,0,1,0.25,DR,-0.0,0,0,0,3,1,0.0,0.0,0.0,1.0,0.25,,0.0,0.0,0.0,0.0,0,midline,dr,midline,0,0,0,0,0
0,9,size9_comp0.2_grid9_base_low,9,0.2,low,base,base,3,5,8,4,2,1,1,1,0,1,24,48,0.0,0.4583333333333333,0.48,0.43478260869565216,18,14,6,10,10,16,8,13,37,11,13,8,0.16666666666666666,UR,-0.0,0,41,0,0,7,0.0,1.0,0.0,0.0,0.14583333333333334,UR,0.0,0.5833333333333334,0.0,0.0,11,ur,dr,ur,1,1,0,0,0
1,9,size9_comp0.2_grid9_base_low,9,0.2,low,base,base,3,5,8,4,2,1,1,1,1,0,-1,11,0.0,0.36363636363636365,0.36363636363636365,0.0,1,4,3,3,4,1,3,2,2,1,0,1,0.09090909090909091,UL,0.9852281360342515,4,3,0,0,4,0.5714285714285714,0.42857142857142855,0.0,0.0,0.36363636363636365,UL,0.09090909090909091,0.0,0.0,0.0,1,ur,dr,ur,0,0,0,0,0
2,9,size9_comp0.2_grid9_base_low,9,0.2,low,base,base,3,5,8,4,2,1,1,1,1,1,16,29,0.27586206896551724,0.5862068965517241,0.5294117647058824,0.6666666666666666,9,11,4,5,7,5,5,11,18,9,2,3,0.10344827586206896,UR,0.41381685030363374,0,22,0,2,5,0.0,0.9166666666666666,0.0,0.08333333333333333,0.1724137931034483,UR,0.0,0.2413793103448276,0.0,0.0,4,ur,dr,ur,1,1,0,0,0
3,9,size9_comp0.2_grid9_base_low,9,0.2,low,base,base,3,5,8,4,2,1,1,1,1,1,2,9,0.8888888888888888,0.8888888888888888,1.0,0.8333333333333334,0,4,2,3,3,2,2,1,2,0,2,1,0.1111111111111111,UR,0.5435644431995964,0,7,0,1,1,0.0,0.875,0.0,0.125,0.1111111111111111,UR,0.0,0.5555555555555556,0.0,0.0,5,ur,dr,ur,1,1,0,0,0
4,9,size9_comp0.2_grid9_base_low,9,0.2,low,base,base,3,5,8,4,2,1,1,1,1,0,-1,6,0.0,0.16666666666666666,0.16666666666666666,0.0,2,4,0,0,4,0,0,1,2,0,0,2,0.3333333333333333,UR,-0.0,0,5,0,0,1,0.0,1.0,0.0,0.0,0.16666666666666666,,0.0,0.0,0.0,0.0,0,ur,dr,ur,1,1,0,0,0
5,9,size9_comp0.2_grid9_base_low,9,0.2,low,base,base,3,5,8,4,2,1,1,1,1,1,2,21,0.38095238095238093,0.6190476190476191,1.0,0.5555555555555556,4,7,4,6,6,7,2,5,9,3,4,3,0.14285714285714285,UR,0.5665095065529053,0,13,0,2,6,0.0,0.8666666666666667,0.0,0.13333333333333333,0.2857142857142857,UR,0.0,0.38095238095238093,0.0,0.0,6,ur,dr,ur,1,1,0,0,0
6,9,size9_comp0.2_grid9_base_low,9,0.2,low,base,base,3,5,8,4,2,1,1,1,1,1,26,38,0.21052631578947367,0.6052631578947368,0.5555555555555556,0.7272727272727273,9,13,8,8,6,8,9,14,26,14,1,0,0.0,UR,0.4689955935892812,0,27,0,3,8,0.0,0.9,0.0,0.1,0.21052631578947367,UR,0.0,0.2631578947368421,0.0,0.0,2,ur,dr,ur,1,1,0,0,0
7,9,size9_comp0.2_grid9_base_low,9,0.2,low,base,base,3,5,8,4,2,1,1,1,1,0,-1,18,0.0,0.4444444444444444,0.4444444444444444,0.0,3,7,4,4,4,6,0,7,9,7,0,0,0.0,UR,-0.0,0,12,0,0,6,0.0,1.0,0.0,0.0,0.3333333333333333,UR,0.0,0.1111111111111111,0.0,0.0,1,ur,dr,ur,1,1,0,0,0
8,9,size9_comp0.2_grid9_base_low,9,0.2,low,base,base,3,5,8,4,2,1,1,1,1,1,6,12,0.6666666666666666,0.8333333333333334,0.7142857142857143,1.0,2,6,2,2,5,3,2,1,2,1,1,0,0.0,UR,0.5435644431995964,0,7,0,1,4,0.0,0.875,0.0,0.125,0.3333333333333333,UR,0.0,0.08333333333333333,0.0,0.0,1,ur,dr,ur,1,1,0,0,0
9,9,size9_comp0.2_grid9_base_low,9,0.2,low,base,base,3,5,8,4,2,1,1,1,1,0,-1,5,0.0,0.2,0.2,0.0,1,4,0,0,3,0,0,1,1,0,0,1,0.2,UR,-0.0,0,4,0,0,1,0.0,1.0,0.0,0.0,0.2,,0.0,0.0,0.0,0.0,0,ur,dr,ur,1,1,0,0,0
0,0,size9_comp0.4_grid0_base_low,9,0.4,low,base,base,8,6,14,4,6,1,1,1,1,0,-1,6,0.0,0.5,0.5,0.0,1,2,0,3,2,1,2,0,2,0,0,2,0.3333333333333333,DL,-0.0,0,0,5,0,1,0.0,0.0,1.0,0.0,0.16666666666666666,DL,0.0,0.0,0.3333333333333333,0.0,2,dl,dr,ur,1,0,0,0,0
1,0,size9_comp0.4_grid0_base_low,9,0.4,low,base,base,8,6,14,4,6,1,1,1,1,0,-1,8,0.0,0.625,0.625,0.0,1,2,1,4,1,2,2,2,3,2,0,0,0.0,DL,-0.0,0,0,7,0,1,0.0,0.0,1.0,0.0,0.125,DL,0.0,0.0,0.5,0.0,3,dl,dr,ur,1,0,0,0,0
2,0,size9_comp0.4_grid0_base_low,9,0.4,low,base,base,8,6,14,4,6,1,1,1,1,0,-1,7,0.0,0.5714285714285714,0.5714285714285714,0.0,0,1,2,4,3,1,1,1,2,0,0,1,0.14285714285714285,DL,-0.0,0,0,6,0,1,0.0,0.0,1.0,0.0,0.14285714285714285,DL,0.0,0.0,0.5714285714285714,0.0,4,dl,dr,ur,1,0,0,0,0
3,0,size9_comp0.4_grid0_base_low,9,0.4,low,base,base,8,6,14,4,6,1,1,1,1,0,-1,9,0.0,0.4444444444444444,0.4444444444444444,0.0,1,3,1,4,1,2,3,2,4,1,0,3,0.3333333333333333,DL,-0.0,0,0,7,0,2,0.0,0.0,1.0,0.0,0.2222222222222222,DL,0.0,0.0,0.5555555555555556,0.0,5,dl,dr,ur,1,0,0,0,0
4,0,size9_comp0.4_grid0_base_low,9,0.4,low,base,base,8,6,14,4,6,1,1,1,1,0,-1,8,0.0,0.625,0.625,0.0,0,1,2,5,2,1,1,3,3,3,0,0,0.0,DL,-0.0,0,0,6,0,2,0.0,0.0,1.0,0.0,0.25,DL,0.0,0.0,0.375,0.0,3,dl,dr,ur,1,0,0,0,0
5,0,size9_comp0.4_grid0_base_low,9,0.4,low,base,base,8,6,14,4,6,1,1,1,1,0,-1,19,0.0,0.5263157894736842,0.5263157894736842,0.0,4,6,3,6,4,6,3,5,11,5,0,1,0.05263157894736842,DL,-0.0,0,0,18,0,1,0.0,0.0,1.0,0.0,0.05263157894736842,DL,0.0,0.0,0.7368421052631579,0.0,6,dl,dr,ur,1,0,0,0,0
6,0,size9_comp0.4_grid0_base_low,9,0.4,low,base,base,8,6,14,4,6,1,1,1,1,0,-1,4,0.0,0.75,0.75,0.0,0,1,0,3,2,1,0,0,0,0,0,0,0.0,DL,-0.0,0,0,3,0,1,0.0,0.0,1.0,0.0,0.25,DL,0.0,0.0,0.5,0.0,2,dl,dr,ur,1,0,0,0,0
7,0,size9_comp0.4_grid0_base_low,9,0.4,low,base,base,8,6,14,4,6,1,1,1,1,0,-1,9,0.0,0.3333333333333333,0.3333333333333333,0.0,0,6,0,3,5,2,1,0,5,0,0,5,0.5555555555555556,DL,-0.0,0,0,8,0,1,0.0,0.0,1.0,0.0,0.1111111111111111,DL,0.0,0.0,0.2222222222222222,0.0,2,dl,dr,ur,1,0,0,0,0
8,0,size9_comp0.4_grid0_base_low,9,0.4,low,base,base,8,6,14,4,6,1,1,1,1,0,-1,6,0.0,0.6666666666666666,0.6666666666666666,0.0,0,1,1,4,2,1,1,1,1,1,0,0,0.0,DL,-0.0,0,0,5,0,1,0.0,0.0,1.0,0.0,0.16666666666666666,DL,0.0,0.0,0.6666666666666666,0.0,4,dl,dr,ur,1,0,0,0,0
9,0,size9_comp0.4_grid0_base_low,9,0.4,low,base,base,8,6,14,4,6,1,1,1,1,0,-1,4,0.0,0.75,0.75,0.0,0,1,0,3,2,1,0,0,0,0,0,0,0.0,DL,-0.0,0,0,3,0,1,0.0,0.0,1.0,0.0,0.25,DL,0.0,0.0,0.5,0.0,2,dl,dr,ur,1,0,0,0,0
0,1,size9_comp0.4_grid1_base_low,9,0.4,low,base,base,6,3,9,3,3,1,1,1,1,0,-1,3,0.0,1.0,1.0,0.0,0,2,0,1,1,1,0,0,0,0,0,0,0.0,UL,0.0,0,0,0,0,3,0.0,0.0,0.0,0.0,1.0,,0.0,0.0,0.0,0.0,0,midline,dr,midline,0,0,0,0,0
1,1,size9_comp0.4_grid1_base_low,9,0.4,low,base,base,6,3,9,3,3,1,1,1,1,0,-1,4,0.0,0.75,0.75,0.0,0,2,0,2,0,1,2,0,1,0,0,1,0.25,UR,-0.0,0,1,0,0,3,0.0,1.0,0.0,0.0,0.75,,0.0,0.0,0.0,0.0,0,midline,dr,midline,0,0,0,0,0
2,1,size9_comp0.4_grid1_base_low,9,0.4,low,base,base,6,3,9,3,3,1,1,1,1,0,-1,8,0.0,0.375,0.375,0.0,0,2,0,6,4,1,2,0,5,0,0,5,0.625,UR,-0.0,0,1,0,0,7,0.0,1.0,0.0,0.0,0.875,,0.0,0.0,0.0,0.0,0,midline,dr,midline,0,0,0,0,0
3,1,size9_comp0.4_grid1_base_low,9,0.4,low,base,base,6,3,9,3,3,1,1,1,1,0,-1,8,0.0,0.625,0.625,0.0,0,2,2,4,3,2,1,1,3,1,0,1,0.125,UR,-0.0,0,3,0,0,5,0.0,1.0,0.0,0.0,0.625,,0.0,0.0,0.0,0.0,0,midline,dr,midline,0,0,0,0,0
4,1,size9_comp0.4_grid1_base_low,9,0.4,low,base,base,6,3,9,3,3,1,1,1,1,0,-1,3,0.0,1.0,1.0,0.0,0,2,0,1,1,1,0,0,0,0,0,0,0.0,UL,0.0,0,0,0,0,3,0.0,0.0,0.0,0.0,1.0,,0.0,0.0,0.0,0.0,0,midline,dr,midline,0,0,0,0,0
5,1,size9_comp0.4_grid1_base_low,9,0.4,low,base,base,6,3,9,3,3,1,1,1,1,0,-1,11,0.0,0.6363636363636364,0.6363636363636364,0.0,1,3,3,4,5,3,1,1,2,1,0,0,0.0,UR,-0.0,0,6,0,0,5,0.0,1.0,0.0,0.0,0.45454545454545453,UR,0.0,0.09090909090909091,0.0,0.0,1,midline,dr,midline,0,0,0,0,0
6,1,size9_comp0.4_grid1_base_low,9,0.4,low,base,base,6,3,9,3,3,1,1,1,1,0,-1,4,0.0,0.75,0.75,0.0,0,3,0,1,2,1,0,0,1,0,0,1,0.25,UL,0.0,0,0,0,0,4,0.0,0.0,0.0,0.0,1.0,,0.0,0.0,0.0,0.0,0,midline,dr,midline,0,0,0,0,0
7,1,size9_comp0.4_grid1_base_low,9,0.4,low,base,base,6,3,9,3,3,1,1,1,1,0,-1,3,0.0,1.0,1.0,0.0,0,2,0,1,1,1,0,0,0,0,0,0,0.0,UL,0.0,0,0,0,0,3,0.0,0.0,0.0,0.0,1.0,,0.0,0.0,0.0,0.0,0,midline,dr,midline,0,0,0,0,0
8,1,size9_comp0.4_grid1_base_low,9,0.4,low,base,base,6,3,9,3,3,1,1,1,1,0,-1,4,0.0,0.75,0.75,0.0,0,3,0,1,2,1,0,0,1,0,0,1,0.25,UL,0.0,0,0,0,0,4,0.0,0.0,0.0,0.0,1.0,,0.0,0.0,0.0,0.0,0,midline,dr,midline,0,0,0,0,0
9,1,size9_comp0.4_grid1_base_low,9,0.4,low,base,base,6,3,9,3,3,1,1,1,1,0,-1,3,0.0,1.0,1.0,0.0,0,2,0,1,1,1,0,0,0,0,0,0,0.0,UL,0.0,0,0,0,0,3,0.0,0.0,0.0,0.0,1.0,,0.0,0.0,0.0,0.0,0,midline,dr,midline,0,0,0,0,0
0,2,size9_comp0.4_grid2_base_low,9,0.4,low,base,base,7,4,11,3,4,1,1,1,1,0,-1,6,0.0,0.6666666666666666,0.6666666666666666,0.0,2,0,1,3,1,1,3,0,1,0,0,1,0.16666666666666666,DL,-0.0,0,0,6,0,0,0.0,0.0,1.0,0.0,0.0,DL,0.0,0.0,0.6666666666666666,0.0,4,dl,dl,ul,1,0,0,0,0
1,2,size9_comp0.4_grid2_base_low,9,0.4,low,base,base,7,4,11,3,4,1,1,1,1,0,-1,13,0.0,0.46153846153846156,0.46153846153846156,0.0,5,4,1,3,3,3,4,2,8,1,0,4,0.3076923076923077,DL,-0.0,0,0,13,0,0,0.0,0.0,1.0,0.0,0.0,DL,0.0,0.0,0.6923076923076923,0.0,5,dl,dl,ul,1,0,0,0,0
2,2,size9_comp0.4_grid2_base_low,9,0.4,low,base,base,7,4,11,3,4,1,1,1,1,0,-1,16,0.0,0.5625,0.5625,0.0,7,5,2,2,3,1,3,8,11,8,0,1,0.0625,DL,-0.0,0,0,16,0,0,0.0,0.0,1.0,0.0,0.0,DL,0.0,0.0,0.625,0.0,4,dl,dl,ul,1,0,0,0,0
3,2,size9_comp0.4_grid2_base_low,9,0.4,low,base,base,7,4,11,3,4,1,1,1,1,0,-1,13,0.0,0.46153846153846156,0.46153846153846156,0.0,3,4,2,4,2,3,4,3,7,3,0,4,0.3076923076923077,DL,-0.0,0,0,13,0,0,0.0,0.0,1.0,0.0,0.0,DL,0.0,0.0,0.5384615384615384,0.0,4,dl,dl,ul,1,0,0,0,0
4,2,size9_comp0.4_grid2_base_low,9,0.4,low,base,base,7,4,11,3,4,1,1,1,1,0,-1,6,0.0,0.6666666666666666,0.6666666666666666,0.0,3,0,1,2,1,1,1,2,3,2,0,1,0.16666666666666666,DL,-0.0,0,0,6,0,0,0.0,0.0,1.0,0.0,0.0,DL,0.0,0.0,0.5,0.0,2,dl,dl,ul,1,0,0,0,0
5,2,size9_comp0.4_grid2_base_low,9,0.4,low,base,base,7,4,11,3,4,1,1,1,1,0,-1,5,0.0,0.8,0.8,0.0,2,0,1,2,2,0,2,0,0,0,0,0,0.0,DL,-0.0,0,0,5,0,0,0.0,0.0,1.0,0.0,0.0,DL,0.0,0.0,0.6,0.0,3,dl,dl,ul,1,0,0,0,0
6,2,size9_comp0.4_grid2_base_low,9,0.4,low,base,base,7,4,11,3,4,1,1,1,1,0,-1,4,0.0,0.75,0.75,0.0,2,1,0,1,1,2,0,0,1,0,0,1,0.25,DL,-0.0,0,0,4,0,0,0.0,0.0,1.0,0.0,0.0,DL,0.0,0.0,0.5,0.0,2,dl,dl,ul,1,0,0,0,0
7,2,size9_comp0.4_grid2_base_low,9,0.4,low,base,base,7,4,11,3,4,1,1,1,1,0,-1,8,0.0,0.625,0.625,0.0,2,1,2,3,2,1,3,1,2,1,0,1,0.125,DL,-0.0,0,0,8,0,0,0.0,0.0,1.0,0.0,0.0,DL,0.0,0.0,0.5,0.0,3,dl,dl,ul,1,0,0,0,0
8,2,size9_comp0.4_grid2_base_low,9,0.4,low,base,base,7,4,11,3,4,1,1,1,1,0,-1,3,0.0,1.0,1.0,0.0,2,0,0,1,1,1,0,0,0,0,0,0,0.0,DL,-0.0,0,0,3,0,0,0.0,0.0,1.0,0.0,0.0,DL,0.0,0.0,0.3333333333333333,0.0,1,dl,dl,ul,1,0,0,0,0
9,2,size9_comp0.4_grid2_base_low,9,0.4,low,base,base,7,4,11,3,4,1,1,1,1,0,-1,12,0.0,0.5,0.5,0.0,4,4,2,2,2,3,3,3,7,2,0,3,0.25,DL,-0.0,0,0,12,0,0,0.0,0.0,1.0,0.0,0.0,DL,0.0,0.0,0.6666666666666666,0.0,4,dl,dl,ul,1,0,0,0,0
0,3,size9_comp0.4_grid3_base_low,9,0.4,low,base,base,3,8,11,5,3,1,1,1,1,0,-1,10,0.0,0.0,0.0,0.0,9,0,0,1,7,1,1,0,5,0,0,5,0.5,DR,0.7642045065086203,0,2,0,7,1,0.0,0.2222222222222222,0.0,0.7777777777777778,0.1,UR,0.0,0.1,0.0,0.0,1,dr,ur,dl,1,0,0,0,0
1,3,size9_comp0.4_grid3_base_low,9,0.4,low,base,base,3,8,11,5,3,1,1,1,1,0,-1,20,0.0,0.35,0.35,0.0,8,4,4,4,7,4,3,5,9,5,0,1,0.05,UR,1.657742726504889,2,5,1,1,11,0.2222222222222222,0.5555555555555556,0.1111111111111111,0.1111111111111111,0.55,UR,0.0,0.1,0.0,0.0,2,dr,ur,dl,0,0,0,0,0
2,3,size9_comp0.4_grid3_base_low,9,0.4,low,base,base,3,8,11,5,3,1,1,1,1,0,-1,5,0.0,0.0,0.0,0.0,4,0,0,1,3,1,0,0,0,0,0,0,0.0,UR,1.0,0,2,0,2,1,0.0,0.5,0.0,0.5,0.2,UR,0.0,0.2,0.0,0.0,1,dr,ur,dl,0,0,0,0,0
3,3,size9_comp0.4_grid3_base_low,9,0.4,low,base,base,3,8,11,5,3,1,1,1,1,0,-1,6,0.0,0.0,0.0,0.0,5,0,0,1,3,1,1,0,1,0,0,1,0.16666666666666666,DR,0.9709505944546686,0,2,0,3,1,0.0,0.4,0.0,0.6,0.16666666666666666,UR,0.0,0.16666666666666666,0.0,0.0,1,dr,ur,dl,1,0,0,0,0
4,3,size9_comp0.4_grid3_base_low,9,0.4,low,base,base,3,8,11,5,3,1,1,1,1,0,-1,16,0.0,0.3125,0.3125,0.0,6,2,3,5,3,4,3,5,8,5,0,1,0.0625,UR,1.4591479170272448,2,3,0,1,10,0.3333333333333333,0.5,0.0,0.16666666666666666,0.625,UR,0.0,0.0625,0.0,0.0,1,dr,ur,dl,0,0,0,0,0
5,3,size9_comp0.4_grid3_base_low,9,0.4,low,base,base,3,8,11,5,3,1,1,1,1,0,-1,14,0.0,0.2857142857142857,0.2857142857142857,0.0,6,1,3,4,2,3,5,3,5,3,0,1,0.07142857142857142,UR,1.5566567074628228,2,3,0,2,7,0.2857142857142857,0.42857142857142855,0.0,0.2857142857142857,0.5,UR,0.0,0.07142857142857142,0.0,0.0,1,dr,ur,dl,0,0,0,0,0
6,3,size9_comp0.4_grid3_base_low,9,0.4,low,base,base,3,8,11,5,3,1,1,1,1,0,-1,11,0.0,0.18181818181818182,0.18181818181818182,0.0,4,0,4,3,6,2,1,1,4,1,0,2,0.18181818181818182,DR,1.4591479170272448,0,2,1,3,5,0.0,0.3333333333333333,0.16666666666666666,0.5,0.45454545454545453,UR,0.0,0.09090909090909091,0.0,0.0,1,dr,ur,dl,1,0,0,0,0
7,3,size9_comp0.4_grid3_base_low,9,0.4,low,base,base,3,8,11,5,3,1,1,1,1,0,-1,6,0.0,0.0,0.0,0.0,4,0,1,1,2,2,1,0,1,0,0,1,0.16666666666666666,UR,1.0,0,2,0,2,2,0.0,0.5,0.0,0.5,0.3333333333333333,UR,0.0,0.16666666666666666,0.0,0.0,1,dr,ur,dl,0,0,0,0,0
8,3,size9_comp0.4_grid3_base_low,9,0.4,low,base,base,3,8,11,5,3,1,1,1,1,0,-1,7,0.0,0.0,0.0,0.0,6,0,0,1,4,1,1,0,2,0,0,2,0.2857142857142857,DR,0.9182958340544896,0,2,0,4,1,0.0,0.3333333333333333,0.0,0.6666666666666666,0.14285714285714285,UR,0.0,0.14285714285714285,0.0,0.0,1,dr,ur,dl,1,0,0,0,0
9,3,size9_comp0.4_grid3_base_low,9,0.4,low,base,base,3,8,11,5,3,1,1,1,1,0,-1,11,0.0,0.2727272727272727,0.2727272727272727,0.0,6,2,1,2,3,2,1,4,5,4,0,0,0.0,UR,0.9182958340544896,0,6,0,3,2,0.0,0.6666666666666666,0.0,0.3333333333333333,0.18181818181818182,UR,0.0,0.18181818181818182,0.0,0.0,1,dr,ur,dl,0,0,0,0,0
0,4,size9_comp0.4_grid4_base_low,9,0.4,low,base,base,3,5,8,8,0,1,1,1,0,0,-1,48,0.0,0.3125,0.3125,0.0,13,13,7,15,8,6,13,20,42,16,0,16,0.3333333333333333,UR,-0.0,0,48,0,0,0,0.0,1.0,0.0,0.0,0.0,UR,0.0,0.7291666666666666,0.0,0.0,16,ur,dl,midline,1,0,0,0,0
1,4,size9_comp0.4_grid4_base_low,9,0.4,low,base,base,3,5,8,8,0,1,1,1,0,0,-1,48,0.0,0.4166666666666667,0.4166666666666667,0.0,14,13,8,13,18,12,9,8,36,6,0,9,0.1875,UR,0.1623261801753929,0,41,0,1,6,0.0,0.9761904761904762,0.0,0.023809523809523808,0.125,UR,0.0,0.3958333333333333,0.0,0.0,12,ur,dl,midline,1,0,0,0,0
2,4,size9_comp0.4_grid4_base_low,9,0.4,low,base,base,3,5,8,8,0,1,1,1,0,1,23,48,0.0,0.4375,0.4583333333333333,0.4166666666666667,14,11,10,13,5,17,12,13,36,11,7,7,0.14583333333333334,UR,-0.0,0,36,0,0,12,0.0,1.0,0.0,0.0,0.25,UR,0.0,0.22916666666666666,0.0,0.0,8,ur,dl,midline,1,0,0,0,0
3,4,size9_comp0.4_grid4_base_low,9,0.4,low,base,base,3,5,8,8,0,1,1,1,0,0,-1,48,0.0,0.3541666666666667,0.3541666666666667,0.0,20,11,7,10,9,13,7,18,41,13,0,16,0.3333333333333333,UR,-0.0,0,47,0,0,1,0.0,1.0,0.0,0.0,0.020833333333333332,UR,0.0,0.8958333333333334,0.0,0.0,43,ur,dl,midline,1,0,0,0,0
4,4,size9_comp0.4_grid4_base_low,9,0.4,low,base,base,3,5,8,8,0,1,1,1,0,0,-1,48,0.0,0.4583333333333333,0.4583333333333333,0.0,13,13,9,13,12,8,10,17,37,16,0,5,0.10416666666666667,UR,0.16866093149667025,0,39,0,1,8,0.0,0.975,0.0,0.025,0.16666666666666666,UR,0.0,0.22916666666666666,0.0,0.0,6,ur,dl,midline,1,0,0,0,0
5,4,size9_comp0.4_grid4_base_low,9,0.4,low,base,base,3,5,8,8,0,1,1,1,0,0,-1,48,0.0,0.3958333333333333,0.3958333333333333,0.0,13,15,7,13,5,13,10,19,36,17,0,8,0.16666666666666666,UR,0.5435644431995964,0,28,0,4,16,0.0,0.875,0.0,0.125,0.3333333333333333,UR,0.0,0.2916666666666667,0.0,0.020833333333333332,13,ur,dl,midline,1,0,0,0,0
6,4,size9_comp0.4_grid4_base_low,9,0.4,low,base,base,3,5,8,8,0,1,1,1,1,0,-1,24,0.0,0.375,0.375,0.0,4,9,5,6,10,2,7,4,9,2,0,4,0.16666666666666666,UR,0.8030717273241024,0,15,2,1,6,0.0,0.8333333333333334,0.1111111111111111,0.05555555555555555,0.25,UR,0.0,0.2916666666666667,0.0,0.0,7,ur,dl,midline,1,0,0,0,0
7,4,size9_comp0.4_grid4_base_low,9,0.4,low,base,base,3,5,8,8,0,1,1,1,0,0,-1,48,0.0,0.2916666666666667,0.2916666666666667,0.0,18,6,11,13,7,15,10,15,39,10,0,20,0.4166666666666667,UR,-0.0,0,47,0,0,1,0.0,1.0,0.0,0.0,0.020833333333333332,UR,0.0,0.6666666666666666,0.0,0.0,22,ur,dl,midline,1,0,0,0,0
8,4,size9_comp0.4_grid4_base_low,9,0.4,low,base,base,3,5,8,8,0,1,1,1,1,0,-1,23,0.0,0.43478260869565216,0.43478260869565216,0.0,3,10,6,4,2,7,7,6,9,6,0,1,0.043478260869565216,UR,0.8904916402194913,0,9,4,0,10,0.0,0.6923076923076923,0.3076923076923077,0.0,0.43478260869565216,UR,0.0,0.17391304347826086,0.0,0.0,4,ur,dl,midline,1,0,0,0,0
9,4,size9_comp0.4_grid4_base_low,9,0.4,low,base,base,3,5,8,8,0,1,1,1,1,0,-1,47,0.0,0.46808510638297873,0.46808510638297873,0.0,8,15,13,11,13,5,7,21,34,21,0,1,0.02127659574468085,UR,1.2022921890824148,0,12,1,12,22,0.0,0.48,0.04,0.48,0.46808510638297873,,0.0,0.0,0.0,0.0,0,ur,dl,midline,1,0,0,0,0
0,5,size9_comp0.4_grid5_base_low,9,0.4,low,base,base,8,6,14,6,6,1,1,1,1,0,-1,31,0.0,0.5161290322580645,0.5161290322580645,0.0,10,7,6,8,3,6,3,18,24,18,0,1,0.03225806451612903,UL,-0.0,28,0,0,0,3,1.0,0.0,0.0,0.0,0.0967741935483871,UL,0.41935483870967744,0.0,0.0,0.0,8,midline,midline,midline,0,0,0,0,0
1,5,size9_comp0.4_grid5_base_low,9,0.4,low,base,base,8,6,14,6,6,1,1,1,1,0,-1,11,0.0,0.5454545454545454,0.5454545454545454,0.0,4,1,2,4,1,1,5,3,4,3,0,1,0.09090909090909091,UL,-0.0,8,0,0,0,3,1.0,0.0,0.0,0.0,0.2727272727272727,,0.0,0.0,0.0,0.0,0,midline,midline,midline,0,0,0,0,0
2,5,size9_comp0.4_grid5_base_low,9,0.4,low,base,base,8,6,14,6,6,1,1,1,1,0,-1,13,0.0,0.46153846153846156,0.46153846153846156,0.0,5,2,3,3,5,4,1,2,6,2,0,3,0.23076923076923078,UL,-0.0,12,0,0,0,1,1.0,0.0,0.0,0.0,0.07692307692307693,UL,0.38461538461538464,0.0,0.0,0.0,4,midline,midline,midline,0,0,0,0,0
3,5,size9_comp0.4_grid5_base_low,9,0.4,low,base,base,8,6,14,6,6,1,1,1,1,0,-1,13,0.0,0.5384615384615384,0.5384615384615384,0.0,5,2,2,4,0,4,4,4,5,4,0,1,0.07692307692307693,UL,-0.0,9,0,0,0,4,1.0,0.0,0.0,0.0,0.3076923076923077,UL,0.15384615384615385,0.0,0.0,0.0,1,midline,midline,midline,0,0,0,0,0
4,5,size9_comp0.4_grid5_base_low,9,0.4,low,base,base,8,6,14,6,6,1,1,1,1,0,-1,18,0.0,0.5,0.5,0.0,10,5,0,3,3,3,2,9,11,8,0,2,0.1111111111111111,UL,-0.0,15,0,0,0,3,1.0,0.0,0.0,0.0,0.16666666666666666,UL,0.2777777777777778,0.0,0.0,0.0,3,midline,midline,midline,0,0,0,0,0
5,5,size9_comp0.4_grid5_base_low,9,0.4,low,base,base,8,6,14,6,6,1,1,1,1,0,-1,10,0.0,0.6,0.6,0.0,4,1,1,4,2,3,2,2,2,2,0,0,0.0,UL,0.5435644431995964,7,0,1,0,2,0.875,0.0,0.125,0.0,0.2,UL,0.3,0.0,0.0,0.0,3,midline,midline,midline,0,0,0,0,0
6,5,size9_comp0.4_grid5_base_low,9,0.4,low,base,base,8,6,14,6,6,1,1,1,1,0,-1,8,0.0,0.5,0.5,0.0,5,0,0,3,2,2,3,0,2,0,0,2,0.25,UL,-0.0,7,0,0,0,1,1.0,0.0,0.0,0.0,0.125,UL,0.375,0.0,0.0,0.0,3,midline,midline,midline,0,0,0,0,0
7,5,size9_comp0.4_grid5_base_low,9,0.4,low,base,base,8,6,14,6,6,1,1,1,1,0,-1,10,0.0,0.6,0.6,0.0,5,2,0,3,2,0,5,2,2,2,0,0,0.0,UL,-0.0,9,0,0,0,1,1.0,0.0,0.0,0.0,0.1,UL,0.3,0.0,0.0,0.0,2,midline,midline,midline,0,0,0,0,0
8,5,size9_comp0.4_grid5_base_low,9,0.4,low,base,base,8,6,14,6,6,1,1,1,1,0,-1,21,0.0,0.47619047619047616,0.47619047619047616,0.0,8,3,4,6,2,5,4,9,14,8,0,3,0.14285714285714285,UL,-0.0,20,0,0,0,1,1.0,0.0,0.0,0.0,0.047619047619047616,UL,0.7619047619047619,0.0,0.0,0.0,13,midline,midline,midline,0,0,0,0,0
9,5,size9_comp0.4_grid5_base_low,9,0.4,low,base,base,8,6,14,6,6,1,1,1,1,0,-1,14,0.0,0.5,0.5,0.0,5,1,2,6,3,6,2,2,6,2,0,2,0.14285714285714285,UL,-0.0,12,0,0,0,2,1.0,0.0,0.0,0.0,0.14285714285714285,UL,0.35714285714285715,0.0,0.0,0.0,4,midline,midline,midline,0,0,0,0,0
0,6,size9_comp0.4_grid6_base_low,9,0.4,low,base,base,6,9,15,7,6,1,1,1,1,0,-1,35,0.0,0.14285714285714285,0.14285714285714285,0.0,23,5,6,1,16,7,5,6,26,2,0,22,0.6285714285714286,UR,0.9871377743721863,13,17,0,0,5,0.43333333333333335,0.5666666666666667,0.0,0.0,0.14285714285714285,UR,0.05714285714285714,0.4,0.0,0.0,14,ur,ul,dr,1,0,0,0,0
1,6,size9_comp0.4_grid6_base_low,9,0.4,low,base,base,6,9,15,7,6,1,1,1,1,0,-1,16,0.0,0.1875,0.1875,0.0,6,2,6,2,4,5,4,2,8,1,0,7,0.4375,UR,0.9967916319816366,7,8,0,0,1,0.4666666666666667,0.5333333333333333,0.0,0.0,0.0625,UR,0.0625,0.375,0.0,0.0,6,ur,ul,dr,1,0,0,0,0
2,6,size9_comp0.4_grid6_base_low,9,0.4,low,base,base,6,9,15,7,6,1,1,1,1,0,-1,11,0.0,0.18181818181818182,0.18181818181818182,0.0,4,2,5,0,4,4,2,0,4,0,0,4,0.36363636363636365,UR,0.8812908992306927,3,7,0,0,1,0.3,0.7,0.0,0.0,0.09090909090909091,UR,0.18181818181818182,0.45454545454545453,0.0,0.0,5,ur,ul,dr,1,0,0,0,0
3,6,size9_comp0.4_grid6_base_low,9,0.4,low,base,base,6,9,15,7,6,1,1,1,1,0,-1,43,0.0,0.20930232558139536,0.20930232558139536,0.0,24,5,9,5,15,14,6,7,34,6,0,22,0.5116279069767442,UL,0.9871377743721863,17,13,0,0,13,0.5666666666666667,0.43333333333333335,0.0,0.0,0.3023255813953488,UR,0.046511627906976744,0.20930232558139536,0.0,0.0,9,ur,ul,dr,0,0,0,0,0
4,6,size9_comp0.4_grid6_base_low,9,0.4,low,base,base,6,9,15,7,6,1,1,1,1,0,-1,28,0.0,0.21428571428571427,0.21428571428571427,0.0,10,6,8,4,8,9,5,5,19,2,0,13,0.4642857142857143,UR,0.5293608652873644,3,22,0,0,3,0.12,0.88,0.0,0.0,0.10714285714285714,UR,0.07142857142857142,0.10714285714285714,0.0,0.0,3,ur,ul,dr,1,0,0,0,0
5,6,size9_comp0.4_grid6_base_low,9,0.4,low,base,base,6,9,15,7,6,1,1,1,1,0,-1,44,0.0,0.1590909090909091,0.1590909090909091,0.0,27,4,9,4,18,10,9,6,35,3,0,27,0.6136363636363636,UR,0.8403586716091171,7,19,0,0,18,0.2692307692307692,0.7307692307692307,0.0,0.0,0.4090909090909091,UR,0.045454545454545456,0.06818181818181818,0.0,0.0,3,ur,ul,dr,1,0,0,0,0
6,6,size9_comp0.4_grid6_base_low,9,0.4,low,base,base,6,9,15,7,6,1,1,1,1,0,-1,42,0.0,0.23809523809523808,0.23809523809523808,0.0,20,6,10,6,16,10,5,10,34,8,0,19,0.4523809523809524,UL,0.833764907210665,25,9,0,0,8,0.7352941176470589,0.2647058823529412,0.0,0.0,0.19047619047619047,UR,0.047619047619047616,0.07142857142857142,0.0,0.0,3,ur,ul,dr,0,0,0,0,0
7,6,size9_comp0.4_grid6_base_low,9,0.4,low,base,base,6,9,15,7,6,1,1,1,1,0,-1,17,0.0,0.11764705882352941,0.11764705882352941,0.0,9,3,5,0,6,5,3,2,10,0,0,10,0.5882352941176471,UR,0.8112781244591328,3,9,0,0,5,0.25,0.75,0.0,0.0,0.29411764705882354,UR,0.11764705882352941,0.29411764705882354,0.0,0.0,5,ur,ul,dr,1,0,0,0,0
8,6,size9_comp0.4_grid6_base_low,9,0.4,low,base,base,6,9,15,7,6,1,1,1,1,0,-1,25,0.0,0.24,0.24,0.0,11,3,8,3,8,9,6,1,16,1,0,10,0.4,UR,0.9949848281859701,11,13,0,0,1,0.4583333333333333,0.5416666666666666,0.0,0.0,0.04,UR,0.16,0.44,0.0,0.0,11,ur,ul,dr,1,0,0,0,0
9,6,size9_comp0.4_grid6_base_low,9,0.4,low,base,base,6,9,15,7,6,1,1,1,1,0,-1,27,0.0,0.07407407407407407,0.07407407407407407,0.0,19,3,5,0,15,4,4,3,20,0,0,20,0.7407407407407407,UR,0.9957274520849255,6,7,0,0,14,0.46153846153846156,0.5384615384615384,0.0,0.0,0.5185185185185185,UR,0.037037037037037035,0.18518518518518517,0.0,0.0,5,ur,ul,dr,1,0,0,0,0
0,7,size9_comp0.4_grid7_base_low,9,0.4,low,base,base,4,5,9,7,2,1,1,1,1,0,-1,11,0.0,0.45454545454545453,0.45454545454545453,0.0,0,5,2,4,2,3,4,1,1,1,0,0,0.0,DL,0.8812908992306927,3,0,7,0,1,0.3,0.0,0.7,0.0,0.09090909090909091,DL,0.09090909090909091,0.0,0.18181818181818182,0.0,1,ul,midline,ur,0,0,0,0,0
1,7,size9_comp0.4_grid7_base_low,9,0.4,low,base,base,4,5,9,7,2,1,1,1,1,0,-1,27,0.0,0.4074074074074074,0.4074074074074074,0.0,5,9,5,8,8,5,4,9,12,8,0,4,0.14814814814814814,DR,1.4226754683112182,8,0,3,11,5,0.36363636363636365,0.0,0.13636363636363635,0.5,0.18518518518518517,DR,0.1111111111111111,0.0,0.0,0.2222222222222222,6,ul,midline,ur,0,0,0,0,0
2,7,size9_comp0.4_grid7_base_low,9,0.4,low,base,base,4,5,9,7,2,1,1,1,1,0,-1,28,0.0,0.39285714285714285,0.39285714285714285,0.0,3,9,7,9,7,9,5,6,15,5,0,5,0.17857142857142858,UL,0.8841837197791889,16,0,1,3,8,0.8,0.0,0.05,0.15,0.2857142857142857,UL,0.25,0.0,0.0,0.0,6,ul,midline,ur,1,0,0,0,0
3,7,size9_comp0.4_grid7_base_low,9,0.4,low,base,base,4,5,9,7,2,1,1,1,1,0,-1,25,0.0,0.44,0.44,0.0,3,8,6,8,8,1,5,10,14,8,0,2,0.08,UL,1.143320102127766,14,0,1,7,3,0.6363636363636364,0.0,0.045454545454545456,0.3181818181818182,0.12,UL,0.28,0.0,0.0,0.0,6,ul,midline,ur,1,0,0,0,0
4,7,size9_comp0.4_grid7_base_low,9,0.4,low,base,base,4,5,9,7,2,1,1,1,1,0,-1,15,0.0,0.3333333333333333,0.3333333333333333,0.0,0,6,2,7,7,4,2,1,5,0,0,4,0.26666666666666666,UL,0.9957274520849255,7,0,6,0,2,0.5384615384615384,0.0,0.46153846153846156,0.0,0.13333333333333333,DL,0.2,0.0,0.26666666666666666,0.0,4,ul,midline,ur,1,0,0,0,0
5,7,size9_comp0.4_grid7_base_low,9,0.4,low,base,base,4,5,9,7,2,1,1,1,1,0,-1,19,0.0,0.3157894736842105,0.3157894736842105,0.0,1,6,2,10,8,3,5,2,9,2,0,6,0.3157894736842105,UL,1.1216407621868583,11,0,1,4,3,0.6875,0.0,0.0625,0.25,0.15789473684210525,UL,0.05263157894736842,0.0,0.0,0.0,1,ul,midline,ur,1,0,0,0,0
6,7,size9_comp0.4_grid7_base_low,9,0.4,low,base,base,4,5,9,7,2,1,1,1,1,0,-1,31,0.0,0.41935483870967744,0.41935483870967744,0.0,7,11,4,9,6,10,6,8,18,7,0,4,0.12903225806451613,UL,0.7062740891876007,21,0,5,0,5,0.8076923076923077,0.0,0.19230769230769232,0.0,0.16129032258064516,UL,0.0967741935483871,0.0,0.06451612903225806,0.0,2,ul,midline,ur,1,0,0,0,0
7,7,size9_comp0.4_grid7_base_low,9,0.4,low,base,base,4,5,9,7,2,1,1,1,1,0,-1,17,0.0,0.35294117647058826,0.35294117647058826,0.0,1,7,4,5,4,4,5,3,7,2,0,4,0.23529411764705882,DL,0.9798687566511528,5,0,7,0,5,0.4166666666666667,0.0,0.5833333333333334,0.0,0.29411764705882354,DL,0.058823529411764705,0.0,0.17647058823529413,0.0,3,ul,midline,ur,0,0,0,0,0
8,7,size9_comp0.4_grid7_base_low,9,0.4,low,base,base,4,5,9,7,2,1,1,1,1,0,-1,14,0.0,0.42857142857142855,0.42857142857142855,0.0,0,6,3,5,1,6,4,2,4,2,0,1,0.07142857142857142,UL,0.9612366047228759,8,0,5,0,1,0.6153846153846154,0.0,0.38461538461538464,0.0,0.07142857142857142,UL,0.2857142857142857,0.0,0.07142857142857142,0.0,4,ul,midline,ur,1,0,0,0,0
9,7,size9_comp0.4_grid7_base_low,9,0.4,low,base,base,4,5,9,7,2,1,1,1,1,0,-1,17,0.0,0.4117647058823529,0.4117647058823529,0.0,3,8,2,4,4,5,3,4,6,3,0,2,0.11764705882352941,UL,1.4353713907745331,6,0,2,3,6,0.5454545454545454,0.0,0.18181818181818182,0.2727272727272727,0.35294117647058826,UL,0.058823529411764705,0.0,0.0,0.0,1,ul,midline,ur,1,0,0,0,0
0,8,size9_comp0.4_grid8_base_low,9,0.4,low,base,base,4,8,12,4,4,1,1,1,1,0,-1,16,0.0,0.1875,0.1875,0.0,2,4,8,2,4,4,3,4,11,2,0,6,0.375,DR,-0.0,0,0,0,15,1,0.0,0.0,0.0,1.0,0.0625,DR,0.0,0.0,0.0,0.8125,13,dr,dr,ur,1,0,0,0,0
1,8,size9_comp0.4_grid8_base_low,9,0.4,low,base,base,4,8,12,4,4,1,1,1,1,0,-1,5,0.0,0.0,0.0,0.0,1,2,2,0,1,1,2,0,1,0,0,1,0.2,DR,-0.0,0,0,0,5,0,0.0,0.0,0.0,1.0,0.0,DR,0.0,0.0,0.0,0.8,4,dr,dr,ur,1,0,0,0,0
2,8,size9_comp0.4_grid8_base_low,9,0.4,low,base,base,4,8,12,4,4,1,1,1,1,0,-1,6,0.0,0.0,0.0,0.0,1,2,3,0,0,2,3,0,2,0,0,2,0.3333333333333333,DR,-0.0,0,0,0,6,0,0.0,0.0,0.0,1.0,0.0,DR,0.0,0.0,0.0,0.8333333333333334,5,dr,dr,ur,1,0,0,0,0
3,8,size9_comp0.4_grid8_base_low,9,0.4,low,base,base,4,8,12,4,4,1,1,1,1,0,-1,5,0.0,0.0,0.0,0.0,0,2,2,1,1,1,2,0,1,0,0,1,0.2,DR,-0.0,0,0,0,5,0,0.0,0.0,0.0,1.0,0.0,DR,0.0,0.0,0.0,0.8,4,dr,dr,ur,1,0,0,0,0
4,8,size9_comp0.4_grid8_base_low,9,0.4,low,base,base,4,8,12,4,4,1,1,1,0,0,-1,48,0.0,0.3541666666666667,0.3541666666666667,0.0,13,13,11,11,19,9,9,10,34,7,0,14,0.2916666666666667,DR,0.9709505944546686,0,14,0,21,13,0.0,0.4,0.0,0.6,0.2708333333333333,UR,0.0,0.14583333333333334,0.0,0.0625,7,dr,dr,ur,1,0,0,0,0
5,8,size9_comp0.4_grid8_base_low,9,0.4,low,base,base,4,8,12,4,4,1,1,1,0,0,-1,48,0.0,0.3958333333333333,0.3958333333333333,0.0,21,17,4,6,13,6,11,17,38,17,0,10,0.20833333333333334,UR,0.5916727785823275,0,30,0,5,13,0.0,0.8571428571428571,0.0,0.14285714285714285,0.2708333333333333,UR,0.0,0.2916666666666667,0.0,0.0,10,dr,dr,ur,0,1,0,0,0
6,8,size9_comp0.4_grid8_base_low,9,0.4,low,base,base,4,8,12,4,4,1,1,1,1,0,-1,46,0.0,0.34782608695652173,0.34782608695652173,0.0,14,15,9,8,19,8,9,9,37,8,0,10,0.21739130434782608,DR,0.5813214987637028,0,5,0,31,10,0.0,0.1388888888888889,0.0,0.8611111111111112,0.21739130434782608,DR,0.0,0.021739130434782608,0.0,0.2826086956521739,4,dr,dr,ur,1,0,0,0,0
7,8,size9_comp0.4_grid8_base_low,9,0.4,low,base,base,4,8,12,4,4,1,1,1,1,0,-1,35,0.0,0.34285714285714286,0.34285714285714286,0.0,12,13,5,5,14,1,9,10,27,9,0,7,0.2,DR,0.9852281360342515,0,12,0,16,7,0.0,0.42857142857142855,0.0,0.5714285714285714,0.2,DR,0.0,0.11428571428571428,0.0,0.17142857142857143,3,dr,dr,ur,1,0,0,0,0
8,8,size9_comp0.4_grid8_base_low,9,0.4,low,base,base,4,8,12,4,4,1,1,1,1,0,-1,23,0.0,0.21739130434782608,0.21739130434782608,0.0,5,6,7,5,7,4,6,5,17,3,0,9,0.391304347826087,DR,-0.0,0,0,0,23,0,0.0,0.0,0.0,1.0,0.0,DR,0.0,0.0,0.0,0.30434782608695654,4,dr,dr,ur,1,0,0,0,0
9,8,size9_comp0.4_grid8_base_low,9,0.4,low,base,base,4,8,12,4,4,1,1,1,1,0,-1,17,0.0,0.29411764705882354,0.29411764705882354,0.0,5,7,3,2,6,3,4,3,10,3,0,3,0.17647058823529413,DR,0.9709505944546686,0,4,0,6,7,0.0,0.4,0.0,0.6,0.4117647058823529,DR,0.0,0.058823529411764705,0.0,0.17647058823529413,3,dr,dr,ur,1,0,0,0,0
0,9,size9_comp0.4_grid9_base_low,9,0.4,low,base,base,10,7,17,5,6,1,1,1,1,0,-1,9,0.0,0.4444444444444444,0.4444444444444444,0.0,6,0,3,0,5,2,1,0,4,0,0,4,0.4444444444444444,DR,-0.0,0,0,0,9,0,0.0,0.0,0.0,1.0,0.0,DR,0.0,0.0,0.0,0.2222222222222222,2,dr,midline,ur,1,0,0,0,0
1,9,size9_comp0.4_grid9_base_low,9,0.4,low,base,base,10,7,17,5,6,1,1,1,1,0,-1,8,0.0,0.5,0.5,0.0,5,0,3,0,4,2,1,0,3,0,0,3,0.375,DR,-0.0,0,0,0,8,0,0.0,0.0,0.0,1.0,0.0,DR,0.0,0.0,0.0,0.25,2,dr,midline,ur,1,0,0,0,0
2,9,size9_comp0.4_grid9_base_low,9,0.4,low,base,base,10,7,17,5,6,1,1,1,1,0,-1,7,0.0,0.5714285714285714,0.5714285714285714,0.0,3,0,4,0,1,3,2,0,2,0,0,2,0.2857142857142857,DR,-0.0,0,0,0,7,0,0.0,0.0,0.0,1.0,0.0,DR,0.0,0.0,0.0,0.42857142857142855,3,dr,midline,ur,1,0,0,0,0
3,9,size9_comp0.4_grid9_base_low,9,0.4,low,base,base,10,7,17,5,6,1,1,1,1,0,-1,7,0.0,0.5714285714285714,0.5714285714285714,0.0,4,0,3,0,3,2,1,0,2,0,0,2,0.2857142857142857,DR,-0.0,0,0,0,7,0,0.0,0.0,0.0,1.0,0.0,DR,0.0,0.0,0.0,0.2857142857142857,2,dr,midline,ur,1,0,0,0,0
4,9,size9_comp0.4_grid9_base_low,9,0.4,low,base,base,10,7,17,5,6,1,1,1,1,0,-1,5,0.0,0.8,0.8,0.0,2,0,3,0,3,1,0,0,0,0,0,0,0.0,DR,-0.0,0,0,0,5,0,0.0,0.0,0.0,1.0,0.0,DR,0.0,0.0,0.0,0.4,2,dr,midline,ur,1,0,0,0,0
5,9,size9_comp0.4_grid9_base_low,9,0.4,low,base,base,10,7,17,5,6,1,1,1,1,0,-1,8,0.0,0.625,0.625,0.0,3,0,4,1,3,1,3,0,1,0,0,1,0.125,DR,0.9852281360342515,0,0,3,4,1,0.0,0.0,0.42857142857142855,0.5714285714285714,0.125,DR,0.0,0.0,0.0,0.375,3,dr,midline,ur,1,0,0,0,0
6,9,size9_comp0.4_grid9_base_low,9,0.4,low,base,base,10,7,17,5,6,1,1,1,1,0,-1,5,0.0,0.8,0.8,0.0,2,0,3,0,3,1,0,0,0,0,0,0,0.0,DR,-0.0,0,0,0,5,0,0.0,0.0,0.0,1.0,0.0,DR,0.0,0.0,0.0,0.4,2,dr,midline,ur,1,0,0,0,0
7,9,size9_comp0.4_grid9_base_low,9,0.4,low,base,base,10,7,17,5,6,1,1,1,1,0,-1,6,0.0,0.6666666666666666,0.6666666666666666,0.0,3,0,3,0,2,1,2,0,1,0,0,1,0.16666666666666666,DR,-0.0,0,0,0,4,2,0.0,0.0,0.0,1.0,0.3333333333333333,DR,0.0,0.0,0.0,0.5,3,dr,midline,ur,1,0,0,0,0
8,9,size9_comp0.4_grid9_base_low,9,0.4,low,base,base,10,7,17,5,6,1,1,1,1,0,-1,8,0.0,0.5,0.5,0.0,3,0,5,0,4,2,1,0,3,0,0,3,0.375,DR,-0.0,0,0,0,8,0,0.0,0.0,0.0,1.0,0.0,DR,0.0,0.0,0.0,0.5,4,dr,midline,ur,1,0,0,0,0
9,9,size9_comp0.4_grid9_base_low,9,0.4,low,base,base,10,7,17,5,6,1,1,1,1,0,-1,8,0.0,0.5,0.5,0.0,3,0,5,0,2,3,2,0,3,0,0,3,0.375,DR,-0.0,0,0,0,8,0,0.0,0.0,0.0,1.0,0.0,DR,0.0,0.0,0.0,0.5,4,dr,midline,ur,1,0,0,0,0
0,0,size9_comp0.6_grid0_base_low,9,0.6,low,base,base,4,3,7,7,0,1,1,1,0,0,-1,48,0.0,0.4166666666666667,0.4166666666666667,0.0,11,11,11,15,13,6,14,14,39,12,0,7,0.14583333333333334,UL,-0.0,48,0,0,0,0,1.0,0.0,0.0,0.0,0.0,UL,0.4791666666666667,0.0,0.0,0.0,5,ul,ur,ur,1,0,0,0,0
1,0,size9_comp0.6_grid0_base_low,9,0.6,low,base,base,4,3,7,7,0,1,1,1,0,0,-1,48,0.0,0.375,0.375,0.0,11,9,7,21,7,13,18,9,37,6,0,12,0.25,UL,-0.0,45,0,0,0,3,1.0,0.0,0.0,0.0,0.0625,UL,0.25,0.0,0.0,0.0,5,ul,ur,ur,1,0,0,0,0
2,0,size9_comp0.6_grid0_base_low,9,0.6,low,base,base,4,3,7,7,0,1,1,1,0,0,-1,48,0.0,0.4583333333333333,0.4583333333333333,0.0,12,15,10,11,10,8,16,13,39,12,0,5,0.10416666666666667,UL,-0.0,47,0,0,0,1,1.0,0.0,0.0,0.0,0.020833333333333332,UL,0.4375,0.0,0.0,0.0,4,ul,ur,ur,1,0,0,0,0
3,0,size9_comp0.6_grid0_base_low,9,0.6,low,base,base,4,3,7,7,0,1,1,1,0,1,45,48,0.0,0.4583333333333333,0.45652173913043476,0.5,13,12,7,16,7,12,14,14,38,14,0,9,0.1875,UL,0.25387844029816153,45,2,0,0,1,0.9574468085106383,0.0425531914893617,0.0,0.0,0.020833333333333332,UL,0.16666666666666666,0.0,0.0,0.0,2,ul,ur,ur,1,0,0,0,0
4,0,size9_comp0.6_grid0_base_low,9,0.6,low,base,base,4,3,7,7,0,1,1,1,0,0,-1,48,0.0,0.3958333333333333,0.3958333333333333,0.0,12,13,5,18,7,9,15,16,40,14,0,12,0.25,UL,-0.0,45,0,0,0,3,1.0,0.0,0.0,0.0,0.0625,UL,0.10416666666666667,0.0,0.0,0.0,2,ul,ur,ur,1,0,0,0,0
5,0,size9_comp0.6_grid0_base_low,9,0.6,low,base,base,4,3,7,7,0,1,1,1,0,0,-1,48,0.0,0.4375,0.4375,0.0,14,12,8,14,8,7,15,17,40,12,0,8,0.16666666666666666,UL,-0.0,48,0,0,0,0,1.0,0.0,0.0,0.0,0.0,UL,0.3958333333333333,0.0,0.0,0.0,8,ul,ur,ur,1,0,0,0,0
6,0,size9_comp0.6_grid0_base_low,9,0.6,low,base,base,4,3,7,7,0,1,1,1,0,0,-1,48,0.0,0.375,0.375,0.0,13,10,6,19,10,9,18,10,39,5,0,15,0.3125,UL,-0.0,46,0,0,0,2,1.0,0.0,0.0,0.0,0.041666666666666664,UL,0.1875,0.0,0.0,0.0,3,ul,ur,ur,1,0,0,0,0
7,0,size9_comp0.6_grid0_base_low,9,0.6,low,base,base,4,3,7,7,0,1,1,1,1,1,5,12,0.5833333333333334,0.75,0.8333333333333334,0.6666666666666666,3,1,1,7,5,1,1,4,5,4,1,1,0.08333333333333333,UR,0.9940302114769565,5,6,0,0,1,0.45454545454545453,0.5454545454545454,0.0,0.0,0.08333333333333333,,0.0,0.0,0.0,0.0,0,ul,ur,ur,0,1,0,0,0
8,0,size9_comp0.6_grid0_base_low,9,0.6,low,base,base,4,3,7,7,0,1,1,1,1,1,18,22,0.3181818181818182,0.5454545454545454,0.47368421052631576,1.0,6,5,2,9,5,5,6,5,11,3,0,5,0.22727272727272727,UL,0.6500224216483541,15,3,0,0,4,0.8333333333333334,0.16666666666666666,0.0,0.0,0.18181818181818182,UL,0.13636363636363635,0.0,0.0,0.0,3,ul,ur,ur,1,0,0,0,0
9,0,size9_comp0.6_grid0_base_low,9,0.6,low,base,base,4,3,7,7,0,1,1,1,0,0,-1,48,0.0,0.3958333333333333,0.3958333333333333,0.0,13,13,9,13,10,6,13,18,40,12,0,10,0.20833333333333334,UL,-0.0,48,0,0,0,0,1.0,0.0,0.0,0.0,0.0,UL,0.2916666666666667,0.0,0.0,0.0,6,ul,ur,ur,1,0,0,0,0
0,1,size9_comp0.6_grid1_base_low,9,0.6,low,base,base,8,7,15,5,7,1,1,1,1,0,-1,8,0.0,0.5,0.5,0.0,3,0,4,1,1,1,4,1,2,1,0,1,0.125,DL,-0.0,0,0,8,0,0,0.0,0.0,1.0,0.0,0.0,DL,0.0,0.0,0.625,0.0,5,dl,midline,ur,1,0,0,0,0
1,1,size9_comp0.6_grid1_base_low,9,0.6,low,base,base,8,7,15,5,7,1,1,1,1,0,-1,8,0.0,0.5,0.5,0.0,4,0,3,1,3,2,1,1,2,1,0,1,0.125,DL,-0.0,0,0,8,0,0,0.0,0.0,1.0,0.0,0.0,DL,0.0,0.0,0.75,0.0,6,dl,midline,ur,1,0,0,0,0
2,1,size9_comp0.6_grid1_base_low,9,0.6,low,base,base,8,7,15,5,7,1,1,1,1,0,-1,7,0.0,0.5714285714285714,0.5714285714285714,0.0,4,1,2,0,4,2,0,0,0,0,0,0,0.0,UL,1.0,3,0,3,0,1,0.5,0.0,0.5,0.0,0.14285714285714285,,0.0,0.0,0.0,0.0,0,dl,midline,ur,0,0,0,0,0
3,1,size9_comp0.6_grid1_base_low,9,0.6,low,base,base,8,7,15,5,7,1,1,1,1,0,-1,43,0.0,0.37209302325581395,0.37209302325581395,0.0,18,8,10,7,13,12,8,9,30,5,0,12,0.27906976744186046,UL,0.4220005168831531,32,0,3,0,8,0.9142857142857143,0.0,0.08571428571428572,0.0,0.18604651162790697,UL,0.06976744186046512,0.0,0.0,0.0,3,dl,midline,ur,0,0,0,0,0
4,1,size9_comp0.6_grid1_base_low,9,0.6,low,base,base,8,7,15,5,7,1,1,1,1,0,-1,6,0.0,0.5,0.5,0.0,3,0,3,0,1,2,2,0,1,0,0,1,0.16666666666666666,DL,-0.0,0,0,6,0,0,0.0,0.0,1.0,0.0,0.0,DL,0.0,0.0,0.3333333333333333,0.0,2,dl,midline,ur,1,0,0,0,0
5,1,size9_comp0.6_grid1_base_low,9,0.6,low,base,base,8,7,15,5,7,1,1,1,1,0,-1,12,0.0,0.5,0.5,0.0,3,1,5,3,1,2,1,7,7,6,0,1,0.08333333333333333,DL,-0.0,0,0,12,0,0,0.0,0.0,1.0,0.0,0.0,DL,0.0,0.0,0.8333333333333334,0.0,10,dl,midline,ur,1,0,0,0,0
6,1,size9_comp0.6_grid1_base_low,9,0.6,low,base,base,8,7,15,5,7,1,1,1,1,0,-1,13,0.0,0.46153846153846156,0.46153846153846156,0.0,4,3,4,2,5,2,2,3,8,1,0,2,0.15384615384615385,DL,-0.0,0,0,13,0,0,0.0,0.0,1.0,0.0,0.0,DL,0.0,0.0,0.38461538461538464,0.0,3,dl,midline,ur,1,0,0,0,0
7,1,size9_comp0.6_grid1_base_low,9,0.6,low,base,base,8,7,15,5,7,1,1,1,1,0,-1,8,0.0,0.5,0.5,0.0,4,1,3,0,1,1,4,1,3,1,0,1,0.125,DL,-0.0,0,0,8,0,0,0.0,0.0,1.0,0.0,0.0,DL,0.0,0.0,0.625,0.0,3,dl,midline,ur,1,0,0,0,0
8,1,size9_comp0.6_grid1_base_low,9,0.6,low,base,base,8,7,15,5,7,1,1,1,1,0,-1,5,0.0,0.6,0.6,0.0,3,0,2,0,2,1,1,0,0,0,0,0,0.0,DL,-0.0,0,0,5,0,0,0.0,0.0,1.0,0.0,0.0,DL,0.0,0.0,0.4,0.0,2,dl,midline,ur,1,0,0,0,0
9,1,size9_comp0.6_grid1_base_low,9,0.6,low,base,base,8,7,15,5,7,1,1,1,1,0,-1,7,0.0,0.42857142857142855,0.42857142857142855,0.0,3,0,4,0,2,2,2,0,2,0,0,2,0.2857142857142857,DL,-0.0,0,0,7,0,0,0.0,0.0,1.0,0.0,0.0,DL,0.0,0.0,0.2857142857142857,0.0,2,dl,midline,ur,1,0,0,0,0
0,2,size9_comp0.6_grid2_base_low,9,0.6,low,base,base,8,5,13,3,5,1,1,1,1,0,-1,5,0.0,0.6,0.6,0.0,0,2,0,3,1,2,1,0,2,0,0,2,0.4,DL,0.9182958340544896,0,0,2,1,2,0.0,0.0,0.6666666666666666,0.3333333333333333,0.4,,0.0,0.0,0.0,0.0,0,dl,dr,ur,1,0,0,0,0
1,2,size9_comp0.6_grid2_base_low,9,0.6,low,base,base,8,5,13,3,5,1,1,1,1,0,-1,3,0.0,1.0,1.0,0.0,0,0,0,3,2,0,0,0,0,0,0,0,0.0,DL,1.0,0,0,1,1,1,0.0,0.0,0.5,0.5,0.3333333333333333,,0.0,0.0,0.0,0.0,0,dl,dr,ur,1,0,0,0,0
2,2,size9_comp0.6_grid2_base_low,9,0.6,low,base,base,8,5,13,3,5,1,1,1,1,0,-1,6,0.0,0.5,0.5,0.0,0,3,0,3,4,1,0,0,3,0,0,3,0.5,DL,0.7219280948873623,0,0,4,1,1,0.0,0.0,0.8,0.2,0.16666666666666666,,0.0,0.0,0.0,0.0,0,dl,dr,ur,1,0,0,0,0
3,2,size9_comp0.6_grid2_base_low,9,0.6,low,base,base,8,5,13,3,5,1,1,1,1,0,-1,4,0.0,0.75,0.75,0.0,0,1,0,3,2,1,0,0,1,0,0,1,0.25,DL,0.9182958340544896,0,0,2,1,1,0.0,0.0,0.6666666666666666,0.3333333333333333,0.25,,0.0,0.0,0.0,0.0,0,dl,dr,ur,1,0,0,0,0
4,2,size9_comp0.6_grid2_base_low,9,0.6,low,base,base,8,5,13,3,5,1,1,1,1,0,-1,6,0.0,0.6666666666666666,0.6666666666666666,0.0,1,2,0,3,1,2,2,0,1,0,0,1,0.16666666666666666,DL,1.0,0,0,2,2,2,0.0,0.0,0.5,0.5,0.3333333333333333,DR,0.0,0.0,0.0,0.16666666666666666,1,dl,dr,ur,1,0,0,0,0
5,2,size9_comp0.6_grid2_base_low,9,0.6,low,base,base,8,5,13,3,5,1,1,1,1,0,-1,5,0.0,0.6,0.6,0.0,0,2,0,3,3,1,0,0,2,0,0,2,0.4,DL,0.8112781244591328,0,0,3,1,1,0.0,0.0,0.75,0.25,0.2,,0.0,0.0,0.0,0.0,0,dl,dr,ur,1,0,0,0,0
6,2,size9_comp0.6_grid2_base_low,9,0.6,low,base,base,8,5,13,3,5,1,1,1,1,0,-1,3,0.0,1.0,1.0,0.0,0,0,0,3,2,0,0,0,0,0,0,0,0.0,DL,1.0,0,0,1,1,1,0.0,0.0,0.5,0.5,0.3333333333333333,,0.0,0.0,0.0,0.0,0,dl,dr,ur,1,0,0,0,0
7,2,size9_comp0.6_grid2_base_low,9,0.6,low,base,base,8,5,13,3,5,1,1,1,1,0,-1,5,0.0,0.6,0.6,0.0,0,2,0,3,1,2,1,0,2,0,0,2,0.4,DL,0.9182958340544896,0,0,2,1,2,0.0,0.0,0.6666666666666666,0.3333333333333333,0.4,,0.0,0.0,0.0,0.0,0,dl,dr,ur,1,0,0,0,0
8,2,size9_comp0.6_grid2_base_low,9,0.6,low,base,base,8,5,13,3,5,1,1,1,1,0,-1,6,0.0,0.6666666666666666,0.6666666666666666,0.0,1,2,0,3,1,2,2,0,1,0,0,1,0.16666666666666666,DL,1.0,0,0,2,2,2,0.0,0.0,0.5,0.5,0.3333333333333333,DR,0.0,0.0,0.0,0.16666666666666666,1,dl,dr,ur,1,0,0,0,0
9,2,size9_comp0.6_grid2_base_low,9,0.6,low,base,base,8,5,13,3,5,1,1,1,1,0,-1,4,0.0,0.75,0.75,0.0,0,1,0,3,1,1,1,0,1,0,0,1,0.25,DL,1.0,0,0,1,1,2,0.0,0.0,0.5,0.5,0.5,,0.0,0.0,0.0,0.0,0,dl,dr,ur,1,0,0,0,0
0,3,size9_comp0.6_grid3_base_low,9,0.6,low,base,base,3,6,9,5,3,1,1,1,1,0,-1,34,0.0,0.20588235294117646,0.20588235294117646,0.0,21,5,6,2,13,5,5,10,28,9,0,17,0.5,UL,0.5293608652873644,22,3,0,0,9,0.88,0.12,0.0,0.0,0.2647058823529412,UL,0.029411764705882353,0.029411764705882353,0.0,0.0,1,ur,ul,ur,0,0,0,0,0
1,3,size9_comp0.6_grid3_base_low,9,0.6,low,base,base,3,6,9,5,3,1,1,1,1,0,-1,31,0.0,0.22580645161290322,0.22580645161290322,0.0,16,3,8,4,9,7,5,9,25,7,0,14,0.45161290322580644,UL,0.7355085815538398,23,6,0,0,2,0.7931034482758621,0.20689655172413793,0.0,0.0,0.06451612903225806,UR,0.06451612903225806,0.0967741935483871,0.0,0.0,2,ur,ul,ur,0,0,0,0,0
2,3,size9_comp0.6_grid3_base_low,9,0.6,low,base,base,3,6,9,5,3,1,1,1,1,0,-1,22,0.0,0.18181818181818182,0.18181818181818182,0.0,12,2,6,2,8,6,2,5,16,5,0,11,0.5,UL,0.9886994082884974,9,7,0,0,6,0.5625,0.4375,0.0,0.0,0.2727272727272727,UL,0.09090909090909091,0.09090909090909091,0.0,0.0,2,ur,ul,ur,0,0,0,0,0
3,3,size9_comp0.6_grid3_base_low,9,0.6,low,base,base,3,6,9,5,3,1,1,1,1,0,-1,33,0.0,0.09090909090909091,0.09090909090909091,0.0,24,1,6,2,19,6,5,2,28,1,0,24,0.7272727272727273,UL,0.6722948170756379,14,3,0,0,16,0.8235294117647058,0.17647058823529413,0.0,0.0,0.48484848484848486,UR,0.0,0.06060606060606061,0.0,0.0,2,ur,ul,ur,0,0,0,0,0
4,3,size9_comp0.6_grid3_base_low,9,0.6,low,base,base,3,6,9,5,3,1,1,1,1,0,-1,19,0.0,0.15789473684210525,0.15789473684210525,0.0,11,2,5,1,8,3,3,4,13,2,0,10,0.5263157894736842,UL,0.5435644431995964,14,2,0,0,3,0.875,0.125,0.0,0.0,0.15789473684210525,UL,0.05263157894736842,0.05263157894736842,0.0,0.0,1,ur,ul,ur,0,0,0,0,0
5,3,size9_comp0.6_grid3_base_low,9,0.6,low,base,base,3,6,9,5,3,1,1,1,1,0,-1,17,0.0,0.11764705882352941,0.11764705882352941,0.0,10,1,5,1,8,3,3,2,12,1,0,10,0.5882352941176471,UR,0.9709505944546686,6,9,0,0,2,0.4,0.6,0.0,0.0,0.11764705882352941,UR,0.0,0.058823529411764705,0.0,0.0,1,ur,ul,ur,1,1,0,0,0
6,3,size9_comp0.6_grid3_base_low,9,0.6,low,base,base,3,6,9,5,3,1,1,1,1,0,-1,19,0.0,0.15789473684210525,0.15789473684210525,0.0,10,1,6,2,7,5,4,2,14,2,0,10,0.5263157894736842,UR,0.9852281360342515,3,4,0,0,12,0.42857142857142855,0.5714285714285714,0.0,0.0,0.631578947368421,UL,0.05263157894736842,0.05263157894736842,0.0,0.0,1,ur,ul,ur,1,1,0,0,0
7,3,size9_comp0.6_grid3_base_low,9,0.6,low,base,base,3,6,9,5,3,1,1,1,1,0,-1,13,0.0,0.07692307692307693,0.07692307692307693,0.0,8,1,4,0,7,3,2,0,8,0,0,8,0.6153846153846154,UR,0.6500224216483541,2,10,0,0,1,0.16666666666666666,0.8333333333333334,0.0,0.0,0.07692307692307693,UR,0.0,0.46153846153846156,0.0,0.0,6,ur,ul,ur,1,1,0,0,0
8,3,size9_comp0.6_grid3_base_low,9,0.6,low,base,base,3,6,9,5,3,1,1,1,1,0,-1,46,0.0,0.17391304347826086,0.17391304347826086,0.0,28,2,10,6,19,8,9,9,39,7,0,27,0.5869565217391305,UL,0.6500224216483541,30,6,0,0,10,0.8333333333333334,0.16666666666666666,0.0,0.0,0.21739130434782608,UL,0.06521739130434782,0.06521739130434782,0.0,0.0,3,ur,ul,ur,0,0,0,0,0
9,3,size9_comp0.6_grid3_base_low,9,0.6,low,base,base,3,6,9,5,3,1,1,1,1,0,-1,24,0.0,0.16666666666666666,0.16666666666666666,0.0,15,3,5,1,11,4,5,3,18,2,0,13,0.5416666666666666,UL,0.8960382325345574,11,5,0,0,8,0.6875,0.3125,0.0,0.0,0.3333333333333333,UR,0.0,0.08333333333333333,0.0,0.0,2,ur,ul,ur,0,0,0,0,0
0,4,size9_comp0.6_grid4_base_low,9,0.6,low,base,base,6,8,14,6,4,1,1,1,1,0,-1,38,0.0,0.34210526315789475,0.34210526315789475,0.0,8,10,9,11,11,12,2,12,26,9,0,10,0.2631578947368421,UR,1.2722595663292233,9,15,2,0,12,0.34615384615384615,0.5769230769230769,0.07692307692307693,0.0,0.3157894736842105,UL,0.02631578947368421,0.0,0.02631578947368421,0.0,1,ul,dl,midline,0,0,0,0,0
1,4,size9_comp0.6_grid4_base_low,9,0.6,low,base,base,6,8,14,6,4,1,1,1,1,0,-1,21,0.0,0.38095238095238093,0.38095238095238093,0.0,5,7,5,4,4,8,2,6,12,6,0,3,0.14285714285714285,UL,0.9980008838722996,10,0,9,0,2,0.5263157894736842,0.0,0.47368421052631576,0.0,0.09523809523809523,UL,0.23809523809523808,0.0,0.047619047619047616,0.0,2,ul,dl,midline,1,0,0,0,0
2,4,size9_comp0.6_grid4_base_low,9,0.6,low,base,base,6,8,14,6,4,1,1,1,0,0,-1,48,0.0,0.4375,0.4375,0.0,12,9,10,17,15,3,12,17,38,16,0,9,0.1875,UR,0.9881108365218301,17,22,0,0,9,0.4358974358974359,0.5641025641025641,0.0,0.0,0.1875,UL,0.14583333333333334,0.0,0.0,0.0,4,ul,dl,midline,0,0,0,0,0
3,4,size9_comp0.6_grid4_base_low,9,0.6,low,base,base,6,8,14,6,4,1,1,1,1,0,-1,32,0.0,0.40625,0.40625,0.0,7,12,6,7,5,6,9,11,21,11,0,4,0.125,UL,0.9401440773914522,22,1,6,0,3,0.7586206896551724,0.034482758620689655,0.20689655172413793,0.0,0.09375,UL,0.40625,0.0,0.0625,0.0,4,ul,dl,midline,1,0,0,0,0
4,4,size9_comp0.6_grid4_base_low,9,0.6,low,base,base,6,8,14,6,4,1,1,1,0,0,-1,48,0.0,0.3333333333333333,0.3333333333333333,0.0,14,6,11,17,11,8,11,17,43,12,0,18,0.375,UR,0.9798687566511528,15,21,0,0,12,0.4166666666666667,0.5833333333333334,0.0,0.0,0.25,UL,0.08333333333333333,0.0,0.0,0.0,1,ul,dl,midline,0,0,0,0,0
5,4,size9_comp0.6_grid4_base_low,9,0.6,low,base,base,6,8,14,6,4,1,1,1,1,0,-1,19,0.0,0.3684210526315789,0.3684210526315789,0.0,2,8,5,4,2,4,6,6,11,5,0,3,0.15789473684210525,UL,0.5435644431995964,14,0,2,0,3,0.875,0.0,0.125,0.0,0.15789473684210525,UL,0.5263157894736842,0.0,0.05263157894736842,0.0,5,ul,dl,midline,1,0,0,0,0
6,4,size9_comp0.6_grid4_base_low,9,0.6,low,base,base,6,8,14,6,4,1,1,1,1,0,-1,6,0.0,0.3333333333333333,0.3333333333333333,0.0,0,5,1,0,3,1,1,0,0,0,0,0,0.0,UL,0.9709505944546686,3,0,2,0,1,0.6,0.0,0.4,0.0,0.16666666666666666,UL,0.3333333333333333,0.0,0.0,0.0,2,ul,dl,midline,1,0,0,0,0
7,4,size9_comp0.6_grid4_base_low,9,0.6,low,base,base,6,8,14,6,4,1,1,1,0,0,-1,48,0.0,0.3958333333333333,0.3958333333333333,0.0,13,8,12,15,12,9,7,19,40,13,0,13,0.2708333333333333,UL,0.9932338197397066,17,14,0,0,17,0.5483870967741935,0.45161290322580644,0.0,0.0,0.3541666666666667,UL,0.0625,0.0,0.0,0.0,1,ul,dl,midline,1,0,0,0,0
8,4,size9_comp0.6_grid4_base_low,9,0.6,low,base,base,6,8,14,6,4,1,1,1,0,0,-1,48,0.0,0.375,0.375,0.0,12,9,14,13,15,7,13,12,36,11,0,11,0.22916666666666666,UR,1.2389012566026305,8,16,2,0,22,0.3076923076923077,0.6153846153846154,0.07692307692307693,0.0,0.4583333333333333,UL,0.020833333333333332,0.0,0.0,0.0,1,ul,dl,midline,0,0,0,0,0
9,4,size9_comp0.6_grid4_base_low,9,0.6,low,base,base,6,8,14,6,4,1,1,1,1,0,-1,24,0.0,0.4166666666666667,0.4166666666666667,0.0,5,10,4,5,4,5,6,8,15,8,0,2,0.08333333333333333,UL,0.7219280948873623,16,0,4,0,4,0.8,0.0,0.2,0.0,0.16666666666666666,UL,0.2916666666666667,0.0,0.08333333333333333,0.0,4,ul,dl,midline,1,0,0,0,0
0,5,size9_comp0.6_grid5_base_low,9,0.6,low,base,base,7,5,12,4,5,1,1,1,1,0,-1,8,0.0,0.625,0.625,0.0,0,3,2,3,2,1,2,2,2,2,0,0,0.0,DL,-0.0,0,0,5,0,3,0.0,0.0,1.0,0.0,0.375,,0.0,0.0,0.0,0.0,0,midline,dl,dr,0,0,0,0,0
1,5,size9_comp0.6_grid5_base_low,9,0.6,low,base,base,7,5,12,4,5,1,1,1,1,0,-1,4,0.0,0.75,0.75,0.0,0,3,0,1,2,0,1,0,0,0,0,0,0.0,DL,-0.0,0,0,2,0,2,0.0,0.0,1.0,0.0,0.5,,0.0,0.0,0.0,0.0,0,midline,dl,dr,0,0,0,0,0
2,5,size9_comp0.6_grid5_base_low,9,0.6,low,base,base,7,5,12,4,5,1,1,1,1,0,-1,7,0.0,0.5714285714285714,0.5714285714285714,0.0,1,4,1,1,1,1,3,1,2,1,0,1,0.14285714285714285,DL,-0.0,0,0,6,0,1,0.0,0.0,1.0,0.0,0.14285714285714285,DL,0.0,0.0,0.5714285714285714,0.0,4,midline,dl,dr,0,0,0,0,0
3,5,size9_comp0.6_grid5_base_low,9,0.6,low,base,base,7,5,12,4,5,1,1,1,1,0,-1,7,0.0,0.5714285714285714,0.5714285714285714,0.0,1,5,0,1,3,1,0,2,3,2,0,1,0.14285714285714285,DL,-0.0,0,0,5,0,2,0.0,0.0,1.0,0.0,0.2857142857142857,DL,0.0,0.0,0.42857142857142855,0.0,3,midline,dl,dr,0,0,0,0,0
4,5,size9_comp0.6_grid5_base_low,9,0.6,low,base,base,7,5,12,4,5,1,1,1,1,0,-1,6,0.0,0.6666666666666666,0.6666666666666666,0.0,0,3,1,2,1,3,0,1,1,1,0,0,0.0,DL,-0.0,0,0,5,0,1,0.0,0.0,1.0,0.0,0.16666666666666666,DL,0.0,0.0,0.5,0.0,2,midline,dl,dr,0,0,0,0,0
5,5,size9_comp0.6_grid5_base_low,9,0.6,low,base,base,7,5,12,4,5,1,1,1,1,0,-1,4,0.0,0.75,0.75,0.0,0,3,0,1,2,1,0,0,0,0,0,0,0.0,DL,-0.0,0,0,3,0,1,0.0,0.0,1.0,0.0,0.25,DL,0.0,0.0,0.5,0.0,2,midline,dl,dr,0,0,0,0,0
6,5,size9_comp0.6_grid5_base_low,9,0.6,low,base,base,7,5,12,4,5,1,1,1,1,0,-1,5,0.0,0.6,0.6,0.0,0,4,0,1,3,1,0,0,1,0,0,1,0.2,DL,-0.0,0,0,4,0,1,0.0,0.0,1.0,0.0,0.2,DL,0.0,0.0,0.6,0.0,3,midline,dl,dr,0,0,0,0,0
7,5,size9_comp0.6_grid5_base_low,9,0.6,low,base,base,7,5,12,4,5,1,1,1,1,0,-1,4,0.0,0.75,0.75,0.0,0,3,0,1,2,1,0,0,0,0,0,0,0.0,DL,-0.0,0,0,3,0,1,0.0,0.0,1.0,0.0,0.25,DL,0.0,0.0,0.5,0.0,2,midline,dl,dr,0,0,0,0,0
8,5,size9_comp0.6_grid5_base_low,9,0.6,low,base,base,7,5,12,4,5,1,1,1,1,0,-1,4,0.0,0.75,0.75,0.0,0,3,0,1,2,1,0,0,0,0,0,0,0.0,DL,-0.0,0,0,3,0,1,0.0,0.0,1.0,0.0,0.25,DL,0.0,0.0,0.5,0.0,2,midline,dl,dr,0,0,0,0,0
9,5,size9_comp0.6_grid5_base_low,9,0.6,low,base,base,7,5,12,4,5,1,1,1,1,0,-1,9,0.0,0.5555555555555556,0.5555555555555556,0.0,1,4,1,3,2,1,4,1,3,1,0,1,0.1111111111111111,DL,-0.0,0,0,2,0,7,0.0,0.0,1.0,0.0,0.7777777777777778,,0.0,0.0,0.0,0.0,0,midline,dl,dr,0,0,0,0,0
0,6,size9_comp0.6_grid6_base_low,9,0.6,low,base,base,5,4,9,3,3,1,1,1,1,0,-1,3,0.0,0.6666666666666666,0.6666666666666666,0.0,1,0,2,0,0,1,1,0,0,0,0,0,0.0,DL,-0.0,0,0,2,0,1,0.0,0.0,1.0,0.0,0.3333333333333333,,0.0,0.0,0.0,0.0,0,dl,midline,ul,1,0,0,0,0
1,6,size9_comp0.6_grid6_base_low,9,0.6,low,base,base,5,4,9,3,3,1,1,1,1,0,-1,31,0.0,0.4838709677419355,0.4838709677419355,0.0,6,5,11,9,8,5,6,11,20,10,0,2,0.06451612903225806,UL,1.014097655573916,12,3,1,0,15,0.75,0.1875,0.0625,0.0,0.4838709677419355,UR,0.0,0.03225806451612903,0.0,0.0,1,dl,midline,ul,0,1,0,0,0
2,6,size9_comp0.6_grid6_base_low,9,0.6,low,base,base,5,4,9,3,3,1,1,1,1,0,-1,5,0.0,0.6,0.6,0.0,2,1,2,0,1,2,1,0,0,0,0,0,0.0,UL,0.9182958340544896,2,0,1,0,2,0.6666666666666666,0.0,0.3333333333333333,0.0,0.4,,0.0,0.0,0.0,0.0,0,dl,midline,ul,0,1,0,0,0
3,6,size9_comp0.6_grid6_base_low,9,0.6,low,base,base,5,4,9,3,3,1,1,1,1,0,-1,20,0.0,0.45,0.45,0.0,7,5,5,3,3,3,9,4,12,4,0,3,0.15,UL,0.7219280948873623,8,0,2,0,10,0.8,0.0,0.2,0.0,0.5,,0.0,0.0,0.0,0.0,0,dl,midline,ul,0,1,0,0,0
4,6,size9_comp0.6_grid6_base_low,9,0.6,low,base,base,5,4,9,3,3,1,1,1,1,0,-1,13,0.0,0.5384615384615384,0.5384615384615384,0.0,5,4,3,1,6,2,1,3,5,3,0,0,0.0,UL,0.8812908992306927,7,0,3,0,3,0.7,0.0,0.3,0.0,0.23076923076923078,UL,0.23076923076923078,0.0,0.0,0.0,2,dl,midline,ul,0,1,0,0,0
5,6,size9_comp0.6_grid6_base_low,9,0.6,low,base,base,5,4,9,3,3,1,1,1,1,0,-1,3,0.0,0.6666666666666666,0.6666666666666666,0.0,1,0,2,0,0,1,1,0,0,0,0,0,0.0,DL,-0.0,0,0,2,0,1,0.0,0.0,1.0,0.0,0.3333333333333333,,0.0,0.0,0.0,0.0,0,dl,midline,ul,1,0,0,0,0
6,6,size9_comp0.6_grid6_base_low,9,0.6,low,base,base,5,4,9,3,3,1,1,1,1,0,-1,9,0.0,0.5555555555555556,0.5555555555555556,0.0,4,3,2,0,1,0,3,4,4,4,0,0,0.0,UL,0.8112781244591328,3,0,1,0,5,0.75,0.0,0.25,0.0,0.5555555555555556,,0.0,0.0,0.0,0.0,0,dl,midline,ul,0,1,0,0,0
7,6,size9_comp0.6_grid6_base_low,9,0.6,low,base,base,5,4,9,3,3,1,1,1,1,0,-1,7,0.0,0.5714285714285714,0.5714285714285714,0.0,2,1,3,1,2,2,0,2,2,2,0,0,0.0,UL,0.6500224216483541,5,0,1,0,1,0.8333333333333334,0.0,0.16666666666666666,0.0,0.14285714285714285,,0.0,0.0,0.0,0.0,0,dl,midline,ul,0,1,0,0,0
8,6,size9_comp0.6_grid6_base_low,9,0.6,low,base,base,5,4,9,3,3,1,1,1,1,0,-1,9,0.0,0.5555555555555556,0.5555555555555556,0.0,4,3,2,0,1,2,2,3,3,3,0,0,0.0,UL,0.7219280948873623,4,0,1,0,4,0.8,0.0,0.2,0.0,0.4444444444444444,,0.0,0.0,0.0,0.0,0,dl,midline,ul,0,1,0,0,0
9,6,size9_comp0.6_grid6_base_low,9,0.6,low,base,base,5,4,9,3,3,1,1,1,1,0,-1,19,0.0,0.5263157894736842,0.5263157894736842,0.0,5,4,6,4,1,4,3,10,12,10,0,0,0.0,UL,0.35335933502142136,14,0,1,0,4,0.9333333333333333,0.0,0.06666666666666667,0.0,0.21052631578947367,UL,0.10526315789473684,0.0,0.0,0.0,1,dl,midline,ul,0,1,0,0,0
0,7,size9_comp0.6_grid7_base_low,9,0.6,low,base,base,8,9,17,5,6,1,1,1,1,0,-1,15,0.0,0.26666666666666666,0.26666666666666666,0.0,7,0,4,4,2,6,4,2,8,1,0,6,0.4,UL,-0.0,12,0,0,0,3,1.0,0.0,0.0,0.0,0.2,,0.0,0.0,0.0,0.0,0,ul,ul,dr,1,0,0,0,0
1,7,size9_comp0.6_grid7_base_low,9,0.6,low,base,base,8,9,17,5,6,1,1,1,1,0,-1,10,0.0,0.4,0.4,0.0,3,0,3,4,2,2,2,3,4,3,0,1,0.1,UL,-0.0,9,0,0,0,1,1.0,0.0,0.0,0.0,0.1,,0.0,0.0,0.0,0.0,0,ul,ul,dr,1,0,0,0,0
2,7,size9_comp0.6_grid7_base_low,9,0.6,low,base,base,8,9,17,5,6,1,1,1,1,0,-1,10,0.0,0.4,0.4,0.0,3,1,3,3,2,5,1,1,1,0,0,1,0.1,UL,-0.0,6,0,0,0,4,1.0,0.0,0.0,0.0,0.4,,0.0,0.0,0.0,0.0,0,ul,ul,dr,1,0,0,0,0
3,7,size9_comp0.6_grid7_base_low,9,0.6,low,base,base,8,9,17,5,6,1,1,1,1,0,-1,7,0.0,0.2857142857142857,0.2857142857142857,0.0,3,0,2,2,1,3,2,0,2,0,0,2,0.2857142857142857,UL,-0.0,7,0,0,0,0,1.0,0.0,0.0,0.0,0.0,,0.0,0.0,0.0,0.0,0,ul,ul,dr,1,0,0,0,0
4,7,size9_comp0.6_grid7_base_low,9,0.6,low,base,base,8,9,17,5,6,1,1,1,1,0,-1,7,0.0,0.42857142857142855,0.42857142857142855,0.0,2,0,2,3,1,2,2,1,1,1,0,0,0.0,UL,-0.0,6,0,0,0,1,1.0,0.0,0.0,0.0,0.14285714285714285,,0.0,0.0,0.0,0.0,0,ul,ul,dr,1,0,0,0,0
5,7,size9_comp0.6_grid7_base_low,9,0.6,low,base,base,8,9,17,5,6,1,1,1,1,0,-1,8,0.0,0.25,0.25,0.0,3,0,3,2,2,3,1,1,3,0,0,3,0.375,UL,-0.0,8,0,0,0,0,1.0,0.0,0.0,0.0,0.0,,0.0,0.0,0.0,0.0,0,ul,ul,dr,1,0,0,0,0
6,7,size9_comp0.6_grid7_base_low,9,0.6,low,base,base,8,9,17,5,6,1,1,1,1,0,-1,14,0.0,0.35714285714285715,0.35714285714285715,0.0,4,0,5,5,2,4,3,4,7,3,0,3,0.21428571428571427,UL,-0.0,12,0,0,0,2,1.0,0.0,0.0,0.0,0.14285714285714285,,0.0,0.0,0.0,0.0,0,ul,ul,dr,1,0,0,0,0
7,7,size9_comp0.6_grid7_base_low,9,0.6,low,base,base,8,9,17,5,6,1,1,1,1,0,-1,8,0.0,0.375,0.375,0.0,2,1,2,3,1,2,4,0,2,0,0,1,0.125,UL,-0.0,6,0,0,0,2,1.0,0.0,0.0,0.0,0.25,,0.0,0.0,0.0,0.0,0,ul,ul,dr,1,0,0,0,0
8,7,size9_comp0.6_grid7_base_low,9,0.6,low,base,base,8,9,17,5,6,1,1,1,1,0,-1,17,0.0,0.35294117647058826,0.35294117647058826,0.0,7,2,4,4,3,4,4,5,10,5,0,4,0.23529411764705882,UL,-0.0,15,0,0,0,2,1.0,0.0,0.0,0.0,0.11764705882352941,,0.0,0.0,0.0,0.0,0,ul,ul,dr,1,0,0,0,0
9,7,size9_comp0.6_grid7_base_low,9,0.6,low,base,base,8,9,17,5,6,1,1,1,1,0,-1,21,0.0,0.3333333333333333,0.3333333333333333,0.0,9,1,5,6,6,6,4,4,12,4,0,6,0.2857142857142857,UL,0.9182958340544896,10,5,0,0,6,0.6666666666666666,0.3333333333333333,0.0,0.0,0.2857142857142857,UR,0.0,0.047619047619047616,0.0,0.0,1,ul,ul,dr,1,0,0,0,0
0,8,size9_comp0.6_grid8_base_low,9,0.6,low,base,base,6,11,17,5,6,1,1,1,0,0,-1,48,0.0,0.4166666666666667,0.4166666666666667,0.0,12,11,14,11,6,9,16,16,33,14,0,8,0.16666666666666666,UL,1.2615444195758783,19,1,2,5,21,0.7037037037037037,0.037037037037037035,0.07407407407407407,0.18518518518518517,0.4375,UL,0.041666666666666664,0.0,0.0,0.020833333333333332,2,dr,dl,ur,0,0,0,0,0
1,8,size9_comp0.6_grid8_base_low,9,0.6,low,base,base,6,11,17,5,6,1,1,1,1,0,-1,16,0.0,0.1875,0.1875,0.0,6,1,7,2,5,5,4,1,8,1,0,5,0.3125,DR,0.9798687566511528,0,0,5,7,4,0.0,0.0,0.4166666666666667,0.5833333333333334,0.25,DL,0.0,0.0,0.25,0.125,4,dr,dl,ur,1,0,0,0,0
2,8,size9_comp0.6_grid8_base_low,9,0.6,low,base,base,6,11,17,5,6,1,1,1,0,0,-1,48,0.0,0.4375,0.4375,0.0,13,5,16,14,9,13,10,15,34,12,0,9,0.1875,UL,1.600983694881109,13,6,1,4,24,0.5416666666666666,0.25,0.041666666666666664,0.16666666666666666,0.5,DR,0.0,0.0,0.0,0.020833333333333332,1,dr,dl,ur,0,0,0,0,0
3,8,size9_comp0.6_grid8_base_low,9,0.6,low,base,base,6,11,17,5,6,1,1,1,0,0,-1,48,0.0,0.3541666666666667,0.3541666666666667,0.0,19,5,13,11,18,11,10,8,31,7,0,16,0.3333333333333333,UR,1.2433319998177625,5,27,2,3,11,0.13513513513513514,0.7297297297297297,0.05405405405405406,0.08108108108108109,0.22916666666666666,UR,0.0,0.16666666666666666,0.0,0.020833333333333332,4,dr,dl,ur,0,1,0,0,0
4,8,size9_comp0.6_grid8_base_low,9,0.6,low,base,base,6,11,17,5,6,1,1,1,1,0,-1,15,0.0,0.06666666666666667,0.06666666666666667,0.0,8,1,5,1,7,1,5,1,8,0,0,8,0.5333333333333333,DR,0.9852281360342515,0,0,6,8,1,0.0,0.0,0.42857142857142855,0.5714285714285714,0.06666666666666667,DL,0.0,0.0,0.2,0.06666666666666667,3,dr,dl,ur,1,0,0,0,0
5,8,size9_comp0.6_grid8_base_low,9,0.6,low,base,base,6,11,17,5,6,1,1,1,0,0,-1,48,0.0,0.4375,0.4375,0.0,14,10,13,11,13,9,12,13,31,13,0,7,0.14583333333333334,UR,1.6856161633204378,7,13,1,7,20,0.25,0.4642857142857143,0.03571428571428571,0.25,0.4166666666666667,DR,0.0,0.0,0.0,0.041666666666666664,2,dr,dl,ur,0,1,0,0,0
6,8,size9_comp0.6_grid8_base_low,9,0.6,low,base,base,6,11,17,5,6,1,1,1,1,0,-1,10,0.0,0.2,0.2,0.0,3,1,5,1,1,1,4,3,4,3,0,1,0.1,DL,1.0,0,0,3,3,4,0.0,0.0,0.5,0.5,0.4,DL,0.0,0.0,0.1,0.1,1,dr,dl,ur,0,0,0,0,0
7,8,size9_comp0.6_grid8_base_low,9,0.6,low,base,base,6,11,17,5,6,1,1,1,1,0,-1,13,0.0,0.15384615384615385,0.15384615384615385,0.0,5,0,6,2,5,3,1,3,7,3,0,4,0.3076923076923077,DL,1.0,0,0,6,6,1,0.0,0.0,0.5,0.5,0.07692307692307693,DL,0.0,0.0,0.3076923076923077,0.15384615384615385,3,dr,dl,ur,0,0,0,0,0
8,8,size9_comp0.6_grid8_base_low,9,0.6,low,base,base,6,11,17,5,6,1,1,1,0,0,-1,48,0.0,0.4375,0.4375,0.0,16,10,11,11,13,10,10,14,32,14,0,6,0.125,UL,1.4568017817750278,14,1,3,4,26,0.6363636363636364,0.045454545454545456,0.13636363636363635,0.18181818181818182,0.5416666666666666,UL,0.020833333333333332,0.0,0.0,0.020833333333333332,1,dr,dl,ur,0,0,0,0,0
9,8,size9_comp0.6_grid8_base_low,9,0.6,low,base,base,6,11,17,5,6,1,1,1,1,0,-1,9,0.0,0.1111111111111111,0.1111111111111111,0.0,3,0,5,1,3,2,3,0,2,0,0,2,0.2222222222222222,DL,1.0,0,0,4,4,1,0.0,0.0,0.5,0.5,0.1111111111111111,DL,0.0,0.0,0.3333333333333333,0.2222222222222222,3,dr,dl,ur,0,0,0,0,0
0,9,size9_comp0.6_grid9_base_low,9,0.6,low,base,base,7,3,10,4,3,1,1,1,1,0,-1,14,0.0,0.42857142857142855,0.42857142857142855,0.0,5,3,0,6,5,4,3,1,6,0,0,6,0.42857142857142855,UR,-0.0,0,13,0,0,1,0.0,1.0,0.0,0.0,0.07142857142857142,UR,0.0,0.7142857142857143,0.0,0.0,10,midline,midline,dr,0,0,0,0,0
1,9,size9_comp0.6_grid9_base_low,9,0.6,low,base,base,7,3,10,4,3,1,1,1,1,0,-1,5,0.0,0.8,0.8,0.0,0,2,0,3,2,1,1,0,1,0,0,1,0.2,UR,-0.0,0,2,0,0,3,0.0,1.0,0.0,0.0,0.6,,0.0,0.0,0.0,0.0,0,midline,midline,dr,0,0,0,0,0
2,9,size9_comp0.6_grid9_base_low,9,0.6,low,base,base,7,3,10,4,3,1,1,1,1,0,-1,5,0.0,0.8,0.8,0.0,0,2,0,3,2,1,1,0,1,0,0,1,0.2,UR,-0.0,0,2,0,0,3,0.0,1.0,0.0,0.0,0.6,,0.0,0.0,0.0,0.0,0,midline,midline,dr,0,0,0,0,0
3,9,size9_comp0.6_grid9_base_low,9,0.6,low,base,base,7,3,10,4,3,1,1,1,1,0,-1,5,0.0,0.8,0.8,0.0,1,1,0,3,2,0,2,0,1,0,0,1,0.2,UR,-0.0,0,3,0,0,2,0.0,1.0,0.0,0.0,0.4,,0.0,0.0,0.0,0.0,0,midline,midline,dr,0,0,0,0,0
4,9,size9_comp0.6_grid9_base_low,9,0.6,low,base,base,7,3,10,4,3,1,1,1,1,0,-1,6,0.0,0.6666666666666666,0.6666666666666666,0.0,0,2,0,4,3,1,1,0,2,0,0,2,0.3333333333333333,UR,-0.0,0,4,0,0,2,0.0,1.0,0.0,0.0,0.3333333333333333,,0.0,0.0,0.0,0.0,0,midline,midline,dr,0,0,0,0,0
5,9,size9_comp0.6_grid9_base_low,9,0.6,low,base,base,7,3,10,4,3,1,1,1,1,0,-1,4,0.0,1.0,1.0,0.0,0,1,0,3,1,1,1,0,0,0,0,0,0.0,UR,-0.0,0,2,0,0,2,0.0,1.0,0.0,0.0,0.5,,0.0,0.0,0.0,0.0,0,midline,midline,dr,0,0,0,0,0
6,9,size9_comp0.6_grid9_base_low,9,0.6,low,base,base,7,3,10,4,3,1,1,1,1,0,-1,5,0.0,0.8,0.8,0.0,0,2,0,3,2,1,1,0,1,0,0,1,0.2,UR,-0.0,0,2,0,0,3,0.0,1.0,0.0,0.0,0.6,,0.0,0.0,0.0,0.0,0,midline,midline,dr,0,0,0,0,0
7,9,size9_comp0.6_grid9_base_low,9,0.6,low,base,base,7,3,10,4,3,1,1,1,1,0,-1,6,0.0,0.6666666666666666,0.6666666666666666,0.0,1,2,0,3,2,1,2,0,2,0,0,2,0.3333333333333333,UR,-0.0,0,2,0,0,4,0.0,1.0,0.0,0.0,0.6666666666666666,,0.0,0.0,0.0,0.0,0,midline,midline,dr,0,0,0,0,0
8,9,size9_comp0.6_grid9_base_low,9,0.6,low,base,base,7,3,10,4,3,1,1,1,1,0,-1,4,0.0,1.0,1.0,0.0,0,1,0,3,2,0,1,0,0,0,0,0,0.0,UR,-0.0,0,3,0,0,1,0.0,1.0,0.0,0.0,0.25,,0.0,0.0,0.0,0.0,0,midline,midline,dr,0,0,0,0,0
9,9,size9_comp0.6_grid9_base_low,9,0.6,low,base,base,7,3,10,4,3,1,1,1,1,0,-1,7,0.0,0.5714285714285714,0.5714285714285714,0.0,0,4,0,3,2,2,2,0,3,0,0,3,0.42857142857142855,UR,-0.0,0,4,0,0,3,0.0,1.0,0.0,0.0,0.42857142857142855,,0.0,0.0,0.0,0.0,0,midline,midline,dr,0,0,0,0,0
