trajectory_id,grid_id,grid_key,grid_size,density,reasoning_effort,transform_type,trajectory_category,start_to_coin_distance,coin_to_goal_distance,start_to_goal_via_coin_distance,start_to_goal_distance,coin_detour_distance,coin_reachable_from_start,goal_reachable_from_start,goal_reachable_from_coin,reached_goal,coin_collected,coin_collection_step,trajectory_length,spl,action_accuracy,action_accuracy_phase1,action_accuracy_phase2,num_actions_up,num_actions_down,num_actions_left,num_actions_right,num_steps_front,num_steps_left_turn,num_steps_right_turn,num_steps_back,num_cell_revisits,num_immediate_revisits,num_coin_oscillations,num_invalid_actions,invalid_action_rate,preferred_quadrant,quadrant_entropy,quadrant_count_ul,quadrant_count_ur,quadrant_count_dl,quadrant_count_dr,quadrant_count_midline,quadrant_fraction_ul,quadrant_fraction_ur,quadrant_fraction_dl,quadrant_fraction_dr,quadrant_fraction_midline,preferred_corner,corner_fraction_ul,corner_fraction_ur,corner_fraction_dl,corner_fraction_dr,max_corner_dwell_run,start_quadrant,terminal_quadrant,coin_quadrant,preferred_quadrant_contains_start,preferred_quadrant_contains_coin,preferred_corner_contains_start,preferred_corner_contains_goal,preferred_corner_contains_coin
0,0,size11_comp0.0_grid0_base_medium,11,0.0,medium,base,base,7,11,18,8,5,1,1,1,1,0,-1,8,0.0,0.25,0.25,0.0,0,5,0,3,3,2,2,0,0,0,0,0,0.0,UR,-0.0,0,7,0,0,1,0.0,1.0,0.0,0.0,0.125,UR,0.0,0.125,0.0,0.0,1,ur,dr,ul,1,0,0,0,0
1,0,size11_comp0.0_grid0_base_medium,11,0.0,medium,base,base,7,11,18,8,5,1,1,1,1,0,-1,8,0.0,0.25,0.25,0.0,0,5,0,3,6,0,1,0,0,0,0,0,0.0,UR,-0.0,0,7,0,0,1,0.0,1.0,0.0,0.0,0.125,UR,0.0,0.375,0.0,0.0,3,ur,dr,ul,1,0,0,0,0
2,0,size11_comp0.0_grid0_base_medium,11,0.0,medium,base,base,7,11,18,8,5,1,1,1,1,0,-1,8,0.0,0.25,0.25,0.0,0,5,0,3,5,1,1,0,0,0,0,0,0.0,UR,-0.0,0,7,0,0,1,0.0,1.0,0.0,0.0,0.125,,0.0,0.0,0.0,0.0,0,ur,dr,ul,1,0,0,0,0
3,0,size11_comp0.0_grid0_base_medium,11,0.0,medium,base,base,7,11,18,8,5,1,1,1,1,0,-1,9,0.0,0.2222222222222222,0.2222222222222222,0.0,0,5,0,4,3,2,3,0,1,0,0,1,0.1111111111111111,UR,-0.0,0,8,0,0,1,0.0,1.0,0.0,0.0,0.1111111111111111,UR,0.0,0.3333333333333333,0.0,0.0,3,ur,dr,ul,1,0,0,0,0
5,0,size11_comp0.0_grid0_base_medium,11,0.0,medium,base,base,7,11,18,8,5,1,1,1,1,0,-1,9,0.0,0.2222222222222222,0.2222222222222222,0.0,0,5,0,4,2,3,3,0,1,0,0,1,0.1111111111111111,UR,-0.0,0,7,0,0,2,0.0,1.0,0.0,0.0,0.2222222222222222,,0.0,0.0,0.0,0.0,0,ur,dr,ul,1,0,0,0,0
6,0,size11_comp0.0_grid0_base_medium,11,0.0,medium,base,base,7,11,18,8,5,1,1,1,1,0,-1,9,0.0,0.2222222222222222,0.2222222222222222,0.0,0,5,0,4,3,2,3,0,1,0,0,1,0.1111111111111111,UR,-0.0,0,8,0,0,1,0.0,1.0,0.0,0.0,0.1111111111111111,UR,0.0,0.2222222222222222,0.0,0.0,2,ur,dr,ul,1,0,0,0,0
7,0,size11_comp0.0_grid0_base_medium,11,0.0,medium,base,base,7,11,18,8,5,1,1,1,1,0,-1,8,0.0,0.25,0.25,0.0,0,5,0,3,4,1,2,0,0,0,0,0,0.0,UR,-0.0,0,7,0,0,1,0.0,1.0,0.0,0.0,0.125,UR,0.0,0.375,0.0,0.0,3,ur,dr,ul,1,0,0,0,0
8,0,size11_comp0.0_grid0_base_medium,11,0.0,medium,base,base,7,11,18,8,5,1,1,1,1,0,-1,8,0.0,0.25,0.25,0.0,0,5,0,3,6,0,1,0,0,0,0,0,0.0,UR,-0.0,0,7,0,0,1,0.0,1.0,0.0,0.0,0.125,UR,0.0,0.375,0.0,0.0,3,ur,dr,ul,1,0,0,0,0
9,0,size11_comp0.0_grid0_base_medium,11,0.0,medium,base,base,7,11,18,8,5,1,1,1,1,0,-1,8,0.0,0.25,0.25,0.0,0,5,0,3,2,2,3,0,0,0,0,0,0.0,UR,-0.0,0,6,0,0,2,0.0,1.0,0.0,0.0,0.25,,0.0,0.0,0.0,0.0,0,ur,dr,ul,1,0,0,0,0
0,1,size11_comp0.0_grid1_base_medium,11,0.0,medium,base,base,4,4,8,4,2,1,1,1,1,0,-1,4,0.0,0.5,0.5,0.0,0,0,0,4,3,0,0,0,0,0,0,0,0.0,UL,0.0,0,0,0,0,4,0.0,0.0,0.0,0.0,1.0,,0.0,0.0,0.0,0.0,0,midline,midline,ur,0,0,0,0,0
1,1,size11_comp0.0_grid1_base_medium,11,0.0,medium,base,base,4,4,8,4,2,1,1,1,1,0,-1,4,0.0,0.5,0.5,0.0,0,0,0,4,3,0,0,0,0,0,0,0,0.0,UL,0.0,0,0,0,0,4,0.0,0.0,0.0,0.0,1.0,,0.0,0.0,0.0,0.0,0,midline,midline,ur,0,0,0,0,0
2,1,size11_comp0.0_grid1_base_medium,11,0.0,medium,base,base,4,4,8,4,2,1,1,1,1,0,-1,4,0.0,0.5,0.5,0.0,0,0,0,4,3,0,0,0,0,0,0,0,0.0,UL,0.0,0,0,0,0,4,0.0,0.0,0.0,0.0,1.0,,0.0,0.0,0.0,0.0,0,midline,midline,ur,0,0,0,0,0
3,1,size11_comp0.0_grid1_base_medium,11,0.0,medium,base,base,4,4,8,4,2,1,1,1,1,0,-1,8,0.0,0.5,0.5,0.0,1,1,1,5,2,1,3,1,2,1,0,0,0.0,DR,-0.0,0,0,0,3,5,0.0,0.0,0.0,1.0,0.625,,0.0,0.0,0.0,0.0,0,midline,midline,ur,0,0,0,0,0
4,1,size11_comp0.0_grid1_base_medium,11,0.0,medium,base,base,4,4,8,4,2,1,1,1,1,0,-1,4,0.0,0.5,0.5,0.0,0,0,0,4,3,0,0,0,0,0,0,0,0.0,UL,0.0,0,0,0,0,4,0.0,0.0,0.0,0.0,1.0,,0.0,0.0,0.0,0.0,0,midline,midline,ur,0,0,0,0,0
5,1,size11_comp0.0_grid1_base_medium,11,0.0,medium,base,base,4,4,8,4,2,1,1,1,1,0,-1,4,0.0,0.5,0.5,0.0,0,0,0,4,3,0,0,0,0,0,0,0,0.0,UL,0.0,0,0,0,0,4,0.0,0.0,0.0,0.0,1.0,,0.0,0.0,0.0,0.0,0,midline,midline,ur,0,0,0,0,0
6,1,size11_comp0.0_grid1_base_medium,11,0.0,medium,base,base,4,4,8,4,2,1,1,1,1,0,-1,4,0.0,0.5,0.5,0.0,0,0,0,4,3,0,0,0,0,0,0,0,0.0,UL,0.0,0,0,0,0,4,0.0,0.0,0.0,0.0,1.0,,0.0,0.0,0.0,0.0,0,midline,midline,ur,0,0,0,0,0
7,1,size11_comp0.0_grid1_base_medium,11,0.0,medium,base,base,4,4,8,4,2,1,1,1,1,0,-1,4,0.0,0.5,0.5,0.0,0,0,0,4,3,0,0,0,0,0,0,0,0.0,UL,0.0,0,0,0,0,4,0.0,0.0,0.0,0.0,1.0,,0.0,0.0,0.0,0.0,0,midline,midline,ur,0,0,0,0,0
8,1,size11_comp0.0_grid1_base_medium,11,0.0,medium,base,base,4,4,8,4,2,1,1,1,1,0,-1,4,0.0,0.5,0.5,0.0,0,0,0,4,3,0,0,0,0,0,0,0,0.0,UL,0.0,0,0,0,0,4,0.0,0.0,0.0,0.0,1.0,,0.0,0.0,0.0,0.0,0,midline,midline,ur,0,0,0,0,0
9,1,size11_comp0.0_grid1_base_medium,11,0.0,medium,base,base,4,4,8,4,2,1,1,1,1,0,-1,4,0.0,0.5,0.5,0.0,0,0,0,4,3,0,0,0,0,0,0,0,0.0,UL,0.0,0,0,0,0,4,0.0,0.0,0.0,0.0,1.0,,0.0,0.0,0.0,0.0,0,midline,midline,ur,0,0,0,0,0
0,2,size11_comp0.0_grid2_base_medium,11,0.0,medium,base,base,6,4,10,6,2,1,1,1,1,0,-1,10,0.0,0.6,0.6,0.0,5,2,3,0,3,1,2,3,3,3,0,0,0.0,UL,1.584962500721156,1,1,0,1,7,0.3333333333333333,0.3333333333333333,0.0,0.3333333333333333,0.7,,0.0,0.0,0.0,0.0,0,dr,ul,midline,0,0,0,0,0
1,2,size11_comp0.0_grid2_base_medium,11,0.0,medium,base,base,6,4,10,6,2,1,1,1,1,0,-1,8,0.0,0.625,0.625,0.0,4,1,3,0,4,2,1,0,0,0,0,0,0.0,UR,1.3709505944546687,1,3,0,1,3,0.2,0.6,0.0,0.2,0.375,,0.0,0.0,0.0,0.0,0,dr,ul,midline,0,0,0,0,0
2,2,size11_comp0.0_grid2_base_medium,11,0.0,medium,base,base,6,4,10,6,2,1,1,1,1,0,-1,10,0.0,0.6,0.6,0.0,5,2,3,0,4,2,2,1,1,1,0,0,0.0,UR,1.3787834934861753,2,4,0,1,3,0.2857142857142857,0.5714285714285714,0.0,0.14285714285714285,0.3,,0.0,0.0,0.0,0.0,0,dr,ul,midline,0,0,0,0,0
3,2,size11_comp0.0_grid2_base_medium,11,0.0,medium,base,base,6,4,10,6,2,1,1,1,1,0,-1,8,0.0,0.625,0.625,0.0,4,1,3,0,3,3,1,0,0,0,0,0,0.0,UL,1.5219280948873621,2,2,0,1,3,0.4,0.4,0.0,0.2,0.375,,0.0,0.0,0.0,0.0,0,dr,ul,midline,0,0,0,0,0
5,2,size11_comp0.0_grid2_base_medium,11,0.0,medium,base,base,6,4,10,6,2,1,1,1,1,0,-1,8,0.0,0.625,0.625,0.0,4,1,3,0,3,3,1,0,0,0,0,0,0.0,UL,1.4591479170272448,3,2,0,1,2,0.5,0.3333333333333333,0.0,0.16666666666666666,0.25,,0.0,0.0,0.0,0.0,0,dr,ul,midline,0,0,0,0,0
6,2,size11_comp0.0_grid2_base_medium,11,0.0,medium,base,base,6,4,10,6,2,1,1,1,1,0,-1,8,0.0,0.625,0.625,0.0,4,1,3,0,2,3,2,0,0,0,0,0,0.0,UL,1.5,2,1,0,1,4,0.5,0.25,0.0,0.25,0.5,,0.0,0.0,0.0,0.0,0,dr,ul,midline,0,0,0,0,0
8,2,size11_comp0.0_grid2_base_medium,11,0.0,medium,base,base,6,4,10,6,2,1,1,1,1,0,-1,6,0.0,0.6666666666666666,0.6666666666666666,0.0,3,0,3,0,0,3,2,0,0,0,0,0,0.0,UL,0.9182958340544896,2,0,0,1,3,0.6666666666666666,0.0,0.0,0.3333333333333333,0.5,,0.0,0.0,0.0,0.0,0,dr,ul,midline,0,0,0,0,0
0,3,size11_comp0.0_grid3_base_medium,11,0.0,medium,base,base,7,5,12,10,1,1,1,1,1,0,-1,10,0.0,0.6,0.6,0.0,0,3,0,7,4,2,3,0,0,0,0,0,0.0,UL,1.0,2,0,0,2,6,0.5,0.0,0.0,0.5,0.6,,0.0,0.0,0.0,0.0,0,ul,dr,ur,1,0,0,0,0
1,3,size11_comp0.0_grid3_base_medium,11,0.0,medium,base,base,7,5,12,10,1,1,1,1,1,0,-1,10,0.0,0.6,0.6,0.0,0,3,0,7,5,2,2,0,0,0,0,0,0.0,DR,1.4056390622295665,3,0,1,4,2,0.375,0.0,0.125,0.5,0.2,,0.0,0.0,0.0,0.0,0,ul,dr,ur,0,0,0,0,0
2,3,size11_comp0.0_grid3_base_medium,11,0.0,medium,base,base,7,5,12,10,1,1,1,1,1,0,-1,11,0.0,0.5454545454545454,0.5454545454545454,0.0,0,3,0,7,4,2,2,0,1,0,0,0,0.0,DR,1.2987949406953985,2,0,1,5,3,0.25,0.0,0.125,0.625,0.2727272727272727,,0.0,0.0,0.0,0.0,0,ul,dr,ur,0,0,0,0,0
3,3,size11_comp0.0_grid3_base_medium,11,0.0,medium,base,base,7,5,12,10,1,1,1,1,1,0,-1,10,0.0,0.6,0.6,0.0,0,3,0,7,4,2,3,0,0,0,0,0,0.0,DR,0.9182958340544896,2,0,0,4,4,0.3333333333333333,0.0,0.0,0.6666666666666666,0.4,,0.0,0.0,0.0,0.0,0,ul,dr,ur,0,0,0,0,0
4,3,size11_comp0.0_grid3_base_medium,11,0.0,medium,base,base,7,5,12,10,1,1,1,1,1,0,-1,12,0.0,0.5833333333333334,0.5833333333333334,0.0,1,4,0,7,5,3,3,0,0,0,0,0,0.0,DL,1.5304930567574826,2,0,4,3,3,0.2222222222222222,0.0,0.4444444444444444,0.3333333333333333,0.25,,0.0,0.0,0.0,0.0,0,ul,dr,ur,0,0,0,0,0
5,3,size11_comp0.0_grid3_base_medium,11,0.0,medium,base,base,7,5,12,10,1,1,1,1,1,0,-1,10,0.0,0.6,0.6,0.0,0,3,0,7,6,1,2,0,0,0,0,0,0.0,UL,0.8112781244591328,3,0,0,1,6,0.75,0.0,0.0,0.25,0.6,,0.0,0.0,0.0,0.0,0,ul,dr,ur,1,0,0,0,0
6,3,size11_comp0.0_grid3_base_medium,11,0.0,medium,base,base,7,5,12,10,1,1,1,1,1,0,-1,10,0.0,0.6,0.6,0.0,0,3,0,7,5,2,2,0,0,0,0,0,0.0,DR,0.9182958340544896,2,0,0,4,4,0.3333333333333333,0.0,0.0,0.6666666666666666,0.4,,0.0,0.0,0.0,0.0,0,ul,dr,ur,0,0,0,0,0
7,3,size11_comp0.0_grid3_base_medium,11,0.0,medium,base,base,7,5,12,10,1,1,1,1,1,0,-1,11,0.0,0.5454545454545454,0.5454545454545454,0.0,0,3,0,8,5,2,3,0,1,0,0,1,0.09090909090909091,DR,0.9852281360342515,3,0,0,4,4,0.42857142857142855,0.0,0.0,0.5714285714285714,0.36363636363636365,,0.0,0.0,0.0,0.0,0,ul,dr,ur,0,0,0,0,0
8,3,size11_comp0.0_grid3_base_medium,11,0.0,medium,base,base,7,5,12,10,1,1,1,1,1,0,-1,12,0.0,0.5,0.5,0.0,0,3,0,9,8,1,2,0,2,0,0,2,0.16666666666666666,UL,0.9182958340544896,2,0,0,1,9,0.6666666666666666,0.0,0.0,0.3333333333333333,0.75,,0.0,0.0,0.0,0.0,0,ul,dr,ur,1,0,0,0,0
9,3,size11_comp0.0_grid3_base_medium,11,0.0,medium,base,base,7,5,12,10,1,1,1,1,1,0,-1,10,0.0,0.6,0.6,0.0,0,3,0,7,4,2,3,0,0,0,0,0,0.0,UL,0.9709505944546686,3,0,0,2,5,0.6,0.0,0.0,0.4,0.5,,0.0,0.0,0.0,0.0,0,ul,dr,ur,1,0,0,0,0
0,4,size11_comp0.0_grid4_base_medium,11,0.0,medium,base,base,9,5,14,4,5,1,1,1,1,0,-1,14,0.0,0.6428571428571429,0.6428571428571429,0.0,3,6,2,3,3,3,2,5,5,5,0,0,0.0,UR,-0.0,0,14,0,0,0,0.0,1.0,0.0,0.0,0.0,UR,0.0,0.42857142857142855,0.0,0.0,6,ur,midline,dr,1,0,0,0,0
1,4,size11_comp0.0_grid4_base_medium,11,0.0,medium,base,base,9,5,14,4,5,1,1,1,1,0,-1,8,0.0,0.75,0.75,0.0,1,4,1,2,2,0,4,1,1,1,0,0,0.0,UR,-0.0,0,7,0,0,1,0.0,1.0,0.0,0.0,0.125,UR,0.0,0.125,0.0,0.0,1,ur,midline,dr,1,0,0,0,0
2,4,size11_comp0.0_grid4_base_medium,11,0.0,medium,base,base,9,5,14,4,5,1,1,1,1,0,-1,8,0.0,0.75,0.75,0.0,1,4,1,2,4,3,0,0,1,0,0,0,0.0,UR,-0.0,0,8,0,0,0,0.0,1.0,0.0,0.0,0.0,UR,0.0,0.25,0.0,0.0,2,ur,midline,dr,1,0,0,0,0
3,4,size11_comp0.0_grid4_base_medium,11,0.0,medium,base,base,9,5,14,4,5,1,1,1,1,0,-1,15,0.0,0.6,0.6,0.0,3,6,2,3,3,2,1,6,8,6,0,0,0.0,UR,-0.0,0,13,0,0,2,0.0,1.0,0.0,0.0,0.13333333333333333,UR,0.0,0.13333333333333333,0.0,0.0,1,ur,midline,dr,1,0,0,0,0
5,4,size11_comp0.0_grid4_base_medium,11,0.0,medium,base,base,9,5,14,4,5,1,1,1,1,0,-1,4,0.0,1.0,1.0,0.0,0,3,0,1,1,1,1,0,0,0,0,0,0.0,UR,-0.0,0,4,0,0,0,0.0,1.0,0.0,0.0,0.0,,0.0,0.0,0.0,0.0,0,ur,midline,dr,1,0,0,0,0
9,4,size11_comp0.0_grid4_base_medium,11,0.0,medium,base,base,9,5,14,4,5,1,1,1,1,0,-1,16,0.0,0.5625,0.5625,0.0,3,5,3,5,5,7,2,1,7,0,0,2,0.125,UR,-0.0,0,16,0,0,0,0.0,1.0,0.0,0.0,0.0,UR,0.0,0.625,0.0,0.0,10,ur,midline,dr,1,0,0,0,0
0,5,size11_comp0.0_grid5_base_medium,11,0.0,medium,base,base,4,7,11,3,4,1,1,1,1,0,-1,3,0.0,0.0,0.0,0.0,0,1,0,2,1,0,1,0,0,0,0,0,0.0,UL,0.0,0,0,0,0,3,0.0,0.0,0.0,0.0,1.0,,0.0,0.0,0.0,0.0,0,midline,dr,ur,0,0,0,0,0
1,5,size11_comp0.0_grid5_base_medium,11,0.0,medium,base,base,4,7,11,3,4,1,1,1,1,0,-1,3,0.0,0.0,0.0,0.0,0,1,0,2,0,1,1,0,0,0,0,0,0.0,DR,-0.0,0,0,0,1,2,0.0,0.0,0.0,1.0,0.6666666666666666,,0.0,0.0,0.0,0.0,0,midline,dr,ur,0,0,0,0,0
2,5,size11_comp0.0_grid5_base_medium,11,0.0,medium,base,base,4,7,11,3,4,1,1,1,1,0,-1,3,0.0,0.0,0.0,0.0,0,1,0,2,1,0,1,0,0,0,0,0,0.0,UL,0.0,0,0,0,0,3,0.0,0.0,0.0,0.0,1.0,,0.0,0.0,0.0,0.0,0,midline,dr,ur,0,0,0,0,0
3,5,size11_comp0.0_grid5_base_medium,11,0.0,medium,base,base,4,7,11,3,4,1,1,1,1,0,-1,3,0.0,0.0,0.0,0.0,0,1,0,2,1,1,0,0,0,0,0,0,0.0,DR,-0.0,0,0,0,2,1,0.0,0.0,0.0,1.0,0.3333333333333333,,0.0,0.0,0.0,0.0,0,midline,dr,ur,0,0,0,0,0
4,5,size11_comp0.0_grid5_base_medium,11,0.0,medium,base,base,4,7,11,3,4,1,1,1,1,0,-1,3,0.0,0.0,0.0,0.0,0,1,0,2,1,0,1,0,0,0,0,0,0.0,UL,0.0,0,0,0,0,3,0.0,0.0,0.0,0.0,1.0,,0.0,0.0,0.0,0.0,0,midline,dr,ur,0,0,0,0,0
5,5,size11_comp0.0_grid5_base_medium,11,0.0,medium,base,base,4,7,11,3,4,1,1,1,1,0,-1,3,0.0,0.0,0.0,0.0,0,1,0,2,1,0,1,0,0,0,0,0,0.0,UL,0.0,0,0,0,0,3,0.0,0.0,0.0,0.0,1.0,,0.0,0.0,0.0,0.0,0,midline,dr,ur,0,0,0,0,0
6,5,size11_comp0.0_grid5_base_medium,11,0.0,medium,base,base,4,7,11,3,4,1,1,1,1,0,-1,3,0.0,0.0,0.0,0.0,0,1,0,2,1,0,1,0,0,0,0,0,0.0,UL,0.0,0,0,0,0,3,0.0,0.0,0.0,0.0,1.0,,0.0,0.0,0.0,0.0,0,midline,dr,ur,0,0,0,0,0
7,5,size11_comp0.0_grid5_base_medium,11,0.0,medium,base,base,4,7,11,3,4,1,1,1,1,0,-1,3,0.0,0.0,0.0,0.0,0,1,0,2,1,0,1,0,0,0,0,0,0.0,UL,0.0,0,0,0,0,3,0.0,0.0,0.0,0.0,1.0,,0.0,0.0,0.0,0.0,0,midline,dr,ur,0,0,0,0,0
8,5,size11_comp0.0_grid5_base_medium,11,0.0,medium,base,base,4,7,11,3,4,1,1,1,1,0,-1,3,0.0,0.0,0.0,0.0,0,1,0,2,0,1,1,0,0,0,0,0,0.0,DR,-0.0,0,0,0,1,2,0.0,0.0,0.0,1.0,0.6666666666666666,,0.0,0.0,0.0,0.0,0,midline,dr,ur,0,0,0,0,0
9,5,size11_comp0.0_grid5_base_medium,11,0.0,medium,base,base,4,7,11,3,4,1,1,1,1,0,-1,3,0.0,0.0,0.0,0.0,0,1,0,2,0,1,1,0,0,0,0,0,0.0,DR,-0.0,0,0,0,1,2,0.0,0.0,0.0,1.0,0.6666666666666666,,0.0,0.0,0.0,0.0,0,midline,dr,ur,0,0,0,0,0
0,6,size11_comp0.0_grid6_base_medium,11,0.0,medium,base,base,9,7,16,4,6,1,1,1,1,0,-1,8,0.0,0.625,0.625,0.0,2,2,4,0,3,1,2,1,1,1,0,0,0.0,DR,-0.0,0,0,0,7,1,0.0,0.0,0.0,1.0,0.125,DR,0.0,0.0,0.0,0.125,1,dr,dl,midline,1,0,0,0,0
1,6,size11_comp0.0_grid6_base_medium,11,0.0,medium,base,base,9,7,16,4,6,1,1,1,1,0,-1,8,0.0,0.625,0.625,0.0,2,2,4,0,1,2,2,2,2,2,0,0,0.0,DR,-0.0,0,0,0,7,1,0.0,0.0,0.0,1.0,0.125,DR,0.0,0.0,0.0,0.125,1,dr,dl,midline,1,0,0,0,0
2,6,size11_comp0.0_grid6_base_medium,11,0.0,medium,base,base,9,7,16,4,6,1,1,1,1,0,-1,8,0.0,0.625,0.625,0.0,2,2,4,0,2,1,3,1,1,1,0,0,0.0,DR,-0.0,0,0,0,6,2,0.0,0.0,0.0,1.0,0.25,DR,0.0,0.0,0.0,0.125,1,dr,dl,midline,1,0,0,0,0
3,6,size11_comp0.0_grid6_base_medium,11,0.0,medium,base,base,9,7,16,4,6,1,1,1,1,0,-1,10,0.0,0.6,0.6,0.0,3,3,4,0,2,4,2,1,1,1,0,0,0.0,DR,-0.0,0,0,0,8,2,0.0,0.0,0.0,1.0,0.2,DR,0.0,0.0,0.0,0.1,1,dr,dl,midline,1,0,0,0,0
4,6,size11_comp0.0_grid6_base_medium,11,0.0,medium,base,base,9,7,16,4,6,1,1,1,1,0,-1,4,0.0,0.75,0.75,0.0,0,0,4,0,3,0,0,0,0,0,0,0,0.0,DR,-0.0,0,0,0,3,1,0.0,0.0,0.0,1.0,0.25,DR,0.0,0.0,0.0,0.25,1,dr,dl,midline,1,0,0,0,0
5,6,size11_comp0.0_grid6_base_medium,11,0.0,medium,base,base,9,7,16,4,6,1,1,1,1,0,-1,4,0.0,0.75,0.75,0.0,0,0,4,0,3,0,0,0,0,0,0,0,0.0,DR,-0.0,0,0,0,3,1,0.0,0.0,0.0,1.0,0.25,DR,0.0,0.0,0.0,0.25,1,dr,dl,midline,1,0,0,0,0
6,6,size11_comp0.0_grid6_base_medium,11,0.0,medium,base,base,9,7,16,4,6,1,1,1,1,0,-1,4,0.0,0.75,0.75,0.0,0,0,4,0,3,0,0,0,0,0,0,0,0.0,DR,-0.0,0,0,0,3,1,0.0,0.0,0.0,1.0,0.25,DR,0.0,0.0,0.0,0.25,1,dr,dl,midline,1,0,0,0,0
8,6,size11_comp0.0_grid6_base_medium,11,0.0,medium,base,base,9,7,16,4,6,1,1,1,1,0,-1,4,0.0,0.75,0.75,0.0,0,0,4,0,3,0,0,0,0,0,0,0,0.0,DR,-0.0,0,0,0,3,1,0.0,0.0,0.0,1.0,0.25,DR,0.0,0.0,0.0,0.25,1,dr,dl,midline,1,0,0,0,0
9,6,size11_comp0.0_grid6_base_medium,11,0.0,medium,base,base,9,7,16,4,6,1,1,1,1,0,-1,6,0.0,0.6666666666666666,0.6666666666666666,0.0,1,1,4,0,2,2,1,0,0,0,0,0,0.0,DR,0.7219280948873623,0,0,1,4,1,0.0,0.0,0.2,0.8,0.16666666666666666,DR,0.0,0.0,0.0,0.16666666666666666,1,dr,dl,midline,1,0,0,0,0
0,7,size11_comp0.0_grid7_base_medium,11,0.0,medium,base,base,6,5,11,5,3,1,1,1,1,0,-1,5,0.0,0.6,0.6,0.0,2,0,3,0,1,2,1,0,0,0,0,0,0.0,UR,0.9182958340544896,0,2,0,1,2,0.0,0.6666666666666666,0.0,0.3333333333333333,0.4,,0.0,0.0,0.0,0.0,0,dr,ur,dl,0,0,0,0,0
1,7,size11_comp0.0_grid7_base_medium,11,0.0,medium,base,base,6,5,11,5,3,1,1,1,1,0,-1,5,0.0,0.6,0.6,0.0,2,0,3,0,1,1,2,0,0,0,0,0,0.0,DR,-0.0,0,0,0,2,3,0.0,0.0,0.0,1.0,0.6,,0.0,0.0,0.0,0.0,0,dr,ur,dl,1,0,0,0,0
3,7,size11_comp0.0_grid7_base_medium,11,0.0,medium,base,base,6,5,11,5,3,1,1,1,1,0,-1,5,0.0,0.6,0.6,0.0,2,0,3,0,3,1,0,0,0,0,0,0,0.0,UR,0.8112781244591328,0,3,0,1,1,0.0,0.75,0.0,0.25,0.2,,0.0,0.0,0.0,0.0,0,dr,ur,dl,0,0,0,0,0
5,7,size11_comp0.0_grid7_base_medium,11,0.0,medium,base,base,6,5,11,5,3,1,1,1,1,0,-1,5,0.0,0.6,0.6,0.0,2,0,3,0,0,2,2,0,0,0,0,0,0.0,DR,0.9182958340544896,0,1,0,2,2,0.0,0.3333333333333333,0.0,0.6666666666666666,0.4,,0.0,0.0,0.0,0.0,0,dr,ur,dl,1,0,0,0,0
8,7,size11_comp0.0_grid7_base_medium,11,0.0,medium,base,base,6,5,11,5,3,1,1,1,1,0,-1,5,0.0,0.6,0.6,0.0,2,0,3,0,0,2,2,0,0,0,0,0,0.0,DR,0.9182958340544896,0,1,0,2,2,0.0,0.3333333333333333,0.0,0.6666666666666666,0.4,,0.0,0.0,0.0,0.0,0,dr,ur,dl,1,0,0,0,0
9,7,size11_comp0.0_grid7_base_medium,11,0.0,medium,base,base,6,5,11,5,3,1,1,1,1,0,-1,5,0.0,0.6,0.6,0.0,2,0,3,0,3,0,1,0,0,0,0,0,0.0,DR,-0.0,0,0,0,4,1,0.0,0.0,0.0,1.0,0.2,,0.0,0.0,0.0,0.0,0,dr,ur,dl,1,0,0,0,0
0,8,size11_comp0.0_grid8_base_medium,11,0.0,medium,base,base,5,6,11,5,3,1,1,1,1,0,-1,7,0.0,0.2857142857142857,0.2857142857142857,0.0,2,2,3,0,1,3,2,0,2,0,0,2,0.2857142857142857,UL,-0.0,5,0,0,0,2,1.0,0.0,0.0,0.0,0.2857142857142857,,0.0,0.0,0.0,0.0,0,midline,ul,midline,0,0,0,0,0
1,8,size11_comp0.0_grid8_base_medium,11,0.0,medium,base,base,5,6,11,5,3,1,1,1,1,0,-1,5,0.0,0.4,0.4,0.0,0,2,3,0,3,1,0,0,0,0,0,0,0.0,UL,-0.0,4,0,0,0,1,1.0,0.0,0.0,0.0,0.2,UL,0.4,0.0,0.0,0.0,2,midline,ul,midline,0,0,0,0,0
2,8,size11_comp0.0_grid8_base_medium,11,0.0,medium,base,base,5,6,11,5,3,1,1,1,1,0,-1,11,0.0,0.45454545454545453,0.45454545454545453,0.0,2,4,4,1,0,3,3,4,6,4,0,0,0.0,UL,-0.0,10,0,0,0,1,1.0,0.0,0.0,0.0,0.09090909090909091,,0.0,0.0,0.0,0.0,0,midline,ul,midline,0,0,0,0,0
4,8,size11_comp0.0_grid8_base_medium,11,0.0,medium,base,base,5,6,11,5,3,1,1,1,1,0,-1,9,0.0,0.3333333333333333,0.3333333333333333,0.0,2,2,4,1,3,4,0,1,3,1,0,2,0.2222222222222222,UL,-0.0,6,0,0,0,3,1.0,0.0,0.0,0.0,0.3333333333333333,UL,0.1111111111111111,0.0,0.0,0.0,1,midline,ul,midline,0,0,0,0,0
6,8,size11_comp0.0_grid8_base_medium,11,0.0,medium,base,base,5,6,11,5,3,1,1,1,1,0,-1,6,0.0,0.3333333333333333,0.3333333333333333,0.0,1,2,3,0,1,1,2,1,1,0,0,1,0.16666666666666666,UL,-0.0,5,0,0,0,1,1.0,0.0,0.0,0.0,0.16666666666666666,UL,0.16666666666666666,0.0,0.0,0.0,1,midline,ul,midline,0,0,0,0,0
7,8,size11_comp0.0_grid8_base_medium,11,0.0,medium,base,base,5,6,11,5,3,1,1,1,1,0,-1,7,0.0,0.42857142857142855,0.42857142857142855,0.0,0,2,4,1,2,1,1,2,2,2,0,0,0.0,UL,-0.0,6,0,0,0,1,1.0,0.0,0.0,0.0,0.14285714285714285,,0.0,0.0,0.0,0.0,0,midline,ul,midline,0,0,0,0,0
8,8,size11_comp0.0_grid8_base_medium,11,0.0,medium,base,base,5,6,11,5,3,1,1,1,1,0,-1,7,0.0,0.42857142857142855,0.42857142857142855,0.0,1,3,3,0,1,1,2,2,2,2,0,0,0.0,UL,-0.0,5,0,0,0,2,1.0,0.0,0.0,0.0,0.2857142857142857,,0.0,0.0,0.0,0.0,0,midline,ul,midline,0,0,0,0,0
9,8,size11_comp0.0_grid8_base_medium,11,0.0,medium,base,base,5,6,11,5,3,1,1,1,1,0,-1,13,0.0,0.38461538461538464,0.38461538461538464,0.0,2,2,6,3,3,3,5,1,5,1,0,2,0.15384615384615385,UL,-0.0,12,0,0,0,1,1.0,0.0,0.0,0.0,0.07692307692307693,UL,0.07692307692307693,0.0,0.0,0.0,1,midline,ul,midline,0,0,0,0,0
0,9,size11_comp0.0_grid9_base_medium,11,0.0,medium,base,base,7,3,10,4,3,1,1,1,1,0,-1,12,0.0,0.6666666666666666,0.6666666666666666,0.0,1,4,4,3,2,2,4,3,5,3,0,0,0.0,UR,-0.0,0,12,0,0,0,0.0,1.0,0.0,0.0,0.0,UR,0.0,0.5833333333333334,0.0,0.0,5,ur,ur,ul,1,0,0,0,0
1,9,size11_comp0.0_grid9_base_medium,11,0.0,medium,base,base,7,3,10,4,3,1,1,1,1,0,-1,10,0.0,0.7,0.7,0.0,2,5,2,1,0,2,4,3,4,3,0,0,0.0,UR,-0.0,0,10,0,0,0,0.0,1.0,0.0,0.0,0.0,UR,0.0,0.6,0.0,0.0,5,ur,ur,ul,1,0,0,0,0
2,9,size11_comp0.0_grid9_base_medium,11,0.0,medium,base,base,7,3,10,4,3,1,1,1,1,0,-1,6,0.0,0.8333333333333334,0.8333333333333334,0.0,1,4,1,0,2,2,0,1,1,1,0,0,0.0,UR,-0.0,0,6,0,0,0,0.0,1.0,0.0,0.0,0.0,UR,0.0,0.3333333333333333,0.0,0.0,2,ur,ur,ul,1,0,0,0,0
3,9,size11_comp0.0_grid9_base_medium,11,0.0,medium,base,base,7,3,10,4,3,1,1,1,1,0,-1,4,0.0,1.0,1.0,0.0,0,3,1,0,1,1,1,0,0,0,0,0,0.0,UR,-0.0,0,4,0,0,0,0.0,1.0,0.0,0.0,0.0,UR,0.0,0.5,0.0,0.0,2,ur,ur,ul,1,0,0,0,0
4,9,size11_comp0.0_grid9_base_medium,11,0.0,medium,base,base,7,3,10,4,3,1,1,1,1,0,-1,6,0.0,0.8333333333333334,0.8333333333333334,0.0,0,3,2,1,0,3,2,0,0,0,0,0,0.0,UR,-0.0,0,6,0,0,0,0.0,1.0,0.0,0.0,0.0,UR,0.0,0.3333333333333333,0.0,0.0,1,ur,ur,ul,1,0,0,0,0
5,9,size11_comp0.0_grid9_base_medium,11,0.0,medium,base,base,7,3,10,4,3,1,1,1,1,0,-1,4,0.0,1.0,1.0,0.0,0,3,1,0,2,1,0,0,0,0,0,0,0.0,UR,-0.0,0,4,0,0,0,0.0,1.0,0.0,0.0,0.0,UR,0.0,0.25,0.0,0.0,1,ur,ur,ul,1,0,0,0,0
7,9,size11_comp0.0_grid9_base_medium,11,0.0,medium,base,base,7,3,10,4,3,1,1,1,1,0,-1,4,0.0,1.0,1.0,0.0,0,3,1,0,2,1,0,0,0,0,0,0,0.0,UR,-0.0,0,4,0,0,0,0.0,1.0,0.0,0.0,0.0,UR,0.0,0.25,0.0,0.0,1,ur,ur,ul,1,0,0,0,0
9,9,size11_comp0.0_grid9_base_medium,11,0.0,medium,base,base,7,3,10,4,3,1,1,1,1,0,-1,6,0.0,0.8333333333333334,0.8333333333333334,0.0,0,3,2,1,2,2,0,1,1,1,0,0,0.0,UR,-0.0,0,6,0,0,0,0.0,1.0,0.0,0.0,0.0,UR,0.0,0.6666666666666666,0.0,0.0,4,ur,ur,ul,1,0,0,0,0
0,0,size11_comp0.2_grid0_base_medium,11,0.2,medium,base,base,6,3,9,5,2,1,1,1,1,0,-1,9,0.0,0.6666666666666666,0.6666666666666666,0.0,4,2,3,0,3,2,1,2,2,2,0,0,0.0,UR,0.9182958340544896,0,4,0,2,3,0.0,0.6666666666666666,0.0,0.3333333333333333,0.3333333333333333,,0.0,0.0,0.0,0.0,0,dr,midline,dl,0,0,0,0,0
1,0,size11_comp0.2_grid0_base_medium,11,0.2,medium,base,base,6,3,9,5,2,1,1,1,1,0,-1,5,0.0,0.8,0.8,0.0,2,0,3,0,2,1,1,0,0,0,0,0,0.0,DR,-0.0,0,0,0,4,1,0.0,0.0,0.0,1.0,0.2,,0.0,0.0,0.0,0.0,0,dr,midline,dl,1,0,0,0,0
2,0,size11_comp0.2_grid0_base_medium,11,0.2,medium,base,base,6,3,9,5,2,1,1,1,1,0,-1,11,0.0,0.6363636363636364,0.6363636363636364,0.0,4,2,4,1,4,2,0,4,4,4,0,0,0.0,UR,0.7642045065086203,0,7,0,2,2,0.0,0.7777777777777778,0.0,0.2222222222222222,0.18181818181818182,,0.0,0.0,0.0,0.0,0,dr,midline,dl,0,0,0,0,0
3,0,size11_comp0.2_grid0_base_medium,11,0.2,medium,base,base,6,3,9,5,2,1,1,1,1,0,-1,5,0.0,0.8,0.8,0.0,2,0,3,0,3,1,0,0,0,0,0,0,0.0,DR,-0.0,0,0,0,2,3,0.0,0.0,0.0,1.0,0.6,,0.0,0.0,0.0,0.0,0,dr,midline,dl,1,0,0,0,0
4,0,size11_comp0.2_grid0_base_medium,11,0.2,medium,base,base,6,3,9,5,2,1,1,1,1,0,-1,7,0.0,0.7142857142857143,0.7142857142857143,0.0,3,1,3,0,2,3,1,0,0,0,0,0,0.0,UR,0.9709505944546686,0,3,0,2,2,0.0,0.6,0.0,0.4,0.2857142857142857,,0.0,0.0,0.0,0.0,0,dr,midline,dl,0,0,0,0,0
6,0,size11_comp0.2_grid0_base_medium,11,0.2,medium,base,base,6,3,9,5,2,1,1,1,1,0,-1,5,0.0,0.8,0.8,0.0,2,0,3,0,3,1,0,0,0,0,0,0,0.0,DR,-0.0,0,0,0,2,3,0.0,0.0,0.0,1.0,0.6,,0.0,0.0,0.0,0.0,0,dr,midline,dl,1,0,0,0,0
7,0,size11_comp0.2_grid0_base_medium,11,0.2,medium,base,base,6,3,9,5,2,1,1,1,1,0,-1,12,0.0,0.5833333333333334,0.5833333333333334,0.0,5,2,4,1,3,3,3,2,4,2,0,1,0.08333333333333333,UR,1.0,0,5,0,5,2,0.0,0.5,0.0,0.5,0.16666666666666666,,0.0,0.0,0.0,0.0,0,dr,midline,dl,0,0,0,0,0
8,0,size11_comp0.2_grid0_base_medium,11,0.2,medium,base,base,6,3,9,5,2,1,1,1,1,0,-1,6,0.0,0.6666666666666666,0.6666666666666666,0.0,2,0,4,0,2,2,1,0,1,0,0,1,0.16666666666666666,DR,-0.0,0,0,0,3,3,0.0,0.0,0.0,1.0,0.5,,0.0,0.0,0.0,0.0,0,dr,midline,dl,1,0,0,0,0
9,0,size11_comp0.2_grid0_base_medium,11,0.2,medium,base,base,6,3,9,5,2,1,1,1,1,0,-1,8,0.0,0.625,0.625,0.0,3,1,3,1,3,1,2,1,1,0,0,1,0.125,UR,0.9709505944546686,0,3,0,2,3,0.0,0.6,0.0,0.4,0.375,,0.0,0.0,0.0,0.0,0,dr,midline,dl,0,0,0,0,0
0,1,size11_comp0.2_grid1_base_medium,11,0.2,medium,base,base,5,7,12,4,4,1,1,1,1,0,-1,4,0.0,0.25,0.25,0.0,0,0,0,4,3,0,0,0,0,0,0,0,0.0,DR,-0.0,0,0,0,3,1,0.0,0.0,0.0,1.0,0.25,,0.0,0.0,0.0,0.0,0,midline,dr,ur,0,0,0,0,0
2,1,size11_comp0.2_grid1_base_medium,11,0.2,medium,base,base,5,7,12,4,4,1,1,1,1,0,-1,4,0.0,0.25,0.25,0.0,0,0,0,4,3,0,0,0,0,0,0,0,0.0,DR,-0.0,0,0,0,3,1,0.0,0.0,0.0,1.0,0.25,,0.0,0.0,0.0,0.0,0,midline,dr,ur,0,0,0,0,0
3,1,size11_comp0.2_grid1_base_medium,11,0.2,medium,base,base,5,7,12,4,4,1,1,1,1,0,-1,4,0.0,0.25,0.25,0.0,0,0,0,4,3,0,0,0,0,0,0,0,0.0,DR,-0.0,0,0,0,3,1,0.0,0.0,0.0,1.0,0.25,,0.0,0.0,0.0,0.0,0,midline,dr,ur,0,0,0,0,0
4,1,size11_comp0.2_grid1_base_medium,11,0.2,medium,base,base,5,7,12,4,4,1,1,1,1,0,-1,4,0.0,0.25,0.25,0.0,0,0,0,4,3,0,0,0,0,0,0,0,0.0,DR,-0.0,0,0,0,3,1,0.0,0.0,0.0,1.0,0.25,,0.0,0.0,0.0,0.0,0,midline,dr,ur,0,0,0,0,0
6,1,size11_comp0.2_grid1_base_medium,11,0.2,medium,base,base,5,7,12,4,4,1,1,1,1,0,-1,4,0.0,0.25,0.25,0.0,0,0,0,4,3,0,0,0,0,0,0,0,0.0,DR,-0.0,0,0,0,3,1,0.0,0.0,0.0,1.0,0.25,,0.0,0.0,0.0,0.0,0,midline,dr,ur,0,0,0,0,0
7,1,size11_comp0.2_grid1_base_medium,11,0.2,medium,base,base,5,7,12,4,4,1,1,1,1,0,-1,4,0.0,0.25,0.25,0.0,0,0,0,4,3,0,0,0,0,0,0,0,0.0,DR,-0.0,0,0,0,3,1,0.0,0.0,0.0,1.0,0.25,,0.0,0.0,0.0,0.0,0,midline,dr,ur,0,0,0,0,0
8,1,size11_comp0.2_grid1_base_medium,11,0.2,medium,base,base,5,7,12,4,4,1,1,1,1,0,-1,8,0.0,0.375,0.375,0.0,2,2,0,4,2,0,3,2,2,2,0,0,0.0,DR,-0.0,0,0,0,5,3,0.0,0.0,0.0,1.0,0.375,,0.0,0.0,0.0,0.0,0,midline,dr,ur,0,0,0,0,0
9,1,size11_comp0.2_grid1_base_medium,11,0.2,medium,base,base,5,7,12,4,4,1,1,1,1,0,-1,4,0.0,0.25,0.25,0.0,0,0,0,4,3,0,0,0,0,0,0,0,0.0,DR,-0.0,0,0,0,3,1,0.0,0.0,0.0,1.0,0.25,,0.0,0.0,0.0,0.0,0,midline,dr,ur,0,0,0,0,0
0,2,size11_comp0.2_grid2_base_medium,11,0.2,medium,base,base,13,5,18,8,5,1,1,1,1,0,-1,22,0.0,0.6818181818181818,0.6818181818181818,0.0,6,4,9,3,6,3,10,2,7,2,0,0,0.0,UL,1.5545851693377994,5,3,0,4,10,0.4166666666666667,0.25,0.0,0.3333333333333333,0.45454545454545453,,0.0,0.0,0.0,0.0,0,dr,midline,ul,0,1,0,0,0
1,2,size11_comp0.2_grid2_base_medium,11,0.2,medium,base,base,13,5,18,8,5,1,1,1,1,0,-1,10,0.0,0.9,0.9,0.0,3,1,6,0,2,4,3,0,0,0,0,0,0.0,DR,0.9709505944546686,0,2,0,3,5,0.0,0.4,0.0,0.6,0.5,,0.0,0.0,0.0,0.0,0,dr,midline,ul,1,0,0,0,0
2,2,size11_comp0.2_grid2_base_medium,11,0.2,medium,base,base,13,5,18,8,5,1,1,1,1,0,-1,8,0.0,1.0,1.0,0.0,2,0,6,0,5,1,1,0,0,0,0,0,0.0,DR,-0.0,0,0,0,5,3,0.0,0.0,0.0,1.0,0.375,,0.0,0.0,0.0,0.0,0,dr,midline,ul,1,0,0,0,0
3,2,size11_comp0.2_grid2_base_medium,11,0.2,medium,base,base,13,5,18,8,5,1,1,1,1,0,-1,16,0.0,0.6875,0.6875,0.0,5,3,8,0,5,6,3,1,3,1,0,2,0.125,UR,1.4353713907745331,2,6,0,3,5,0.18181818181818182,0.5454545454545454,0.0,0.2727272727272727,0.3125,,0.0,0.0,0.0,0.0,0,dr,midline,ul,0,0,0,0,0
4,2,size11_comp0.2_grid2_base_medium,11,0.2,medium,base,base,13,5,18,8,5,1,1,1,1,0,-1,10,0.0,0.9,0.9,0.0,3,1,6,0,6,2,1,0,0,0,0,0,0.0,UR,1.3787834934861753,1,4,0,2,3,0.14285714285714285,0.5714285714285714,0.0,0.2857142857142857,0.3,,0.0,0.0,0.0,0.0,0,dr,midline,ul,0,0,0,0,0
6,2,size11_comp0.2_grid2_base_medium,11,0.2,medium,base,base,13,5,18,8,5,1,1,1,1,0,-1,12,0.0,0.8333333333333334,0.8333333333333334,0.0,4,2,6,0,5,2,3,1,2,1,0,0,0.0,UR,1.0,0,3,0,3,6,0.0,0.5,0.0,0.5,0.5,,0.0,0.0,0.0,0.0,0,dr,midline,ul,0,0,0,0,0
7,2,size11_comp0.2_grid2_base_medium,11,0.2,medium,base,base,13,5,18,8,5,1,1,1,1,0,-1,16,0.0,0.75,0.75,0.0,5,3,7,1,4,4,3,4,4,4,0,0,0.0,DR,1.3709505944546687,1,1,0,3,11,0.2,0.2,0.0,0.6,0.6875,,0.0,0.0,0.0,0.0,0,dr,midline,ul,1,0,0,0,0
8,2,size11_comp0.2_grid2_base_medium,11,0.2,medium,base,base,13,5,18,8,5,1,1,1,1,0,-1,22,0.0,0.6818181818181818,0.6818181818181818,0.0,6,4,9,3,9,2,7,3,7,3,0,0,0.0,UR,1.4591479170272448,1,3,0,2,16,0.16666666666666666,0.5,0.0,0.3333333333333333,0.7272727272727273,,0.0,0.0,0.0,0.0,0,dr,midline,ul,0,0,0,0,0
0,3,size11_comp0.2_grid3_base_medium,11,0.2,medium,base,base,7,3,10,8,1,1,1,1,1,0,-1,10,0.0,0.7,0.7,0.0,8,0,1,1,6,2,0,1,1,1,0,0,0.0,DR,0.9182958340544896,0,3,0,6,1,0.0,0.3333333333333333,0.0,0.6666666666666666,0.1,,0.0,0.0,0.0,0.0,0,dr,ur,ur,1,0,0,0,0
2,3,size11_comp0.2_grid3_base_medium,11,0.2,medium,base,base,7,3,10,8,1,1,1,1,1,0,-1,9,0.0,0.6666666666666666,0.6666666666666666,0.0,8,0,1,0,6,1,1,0,1,0,0,1,0.1111111111111111,UR,1.0,0,4,0,4,1,0.0,0.5,0.0,0.5,0.1111111111111111,,0.0,0.0,0.0,0.0,0,dr,ur,ur,0,1,0,0,0
3,3,size11_comp0.2_grid3_base_medium,11,0.2,medium,base,base,7,3,10,8,1,1,1,1,1,0,-1,8,0.0,0.75,0.75,0.0,8,0,0,0,7,0,0,0,0,0,0,0,0.0,DR,0.9852281360342515,0,3,0,4,1,0.0,0.42857142857142855,0.0,0.5714285714285714,0.125,,0.0,0.0,0.0,0.0,0,dr,ur,ur,1,0,0,0,0
4,3,size11_comp0.2_grid3_base_medium,11,0.2,medium,base,base,7,3,10,8,1,1,1,1,1,0,-1,14,0.0,0.6428571428571429,0.6428571428571429,0.0,8,0,3,3,8,2,3,0,0,0,0,0,0.0,UR,1.5219280948873621,2,4,0,4,4,0.2,0.4,0.0,0.4,0.2857142857142857,,0.0,0.0,0.0,0.0,0,dr,ur,ur,0,1,0,0,0
5,3,size11_comp0.2_grid3_base_medium,11,0.2,medium,base,base,7,3,10,8,1,1,1,1,1,0,-1,10,0.0,0.7,0.7,0.0,8,0,1,1,6,1,2,0,0,0,0,0,0.0,DR,0.9182958340544896,0,3,0,6,1,0.0,0.3333333333333333,0.0,0.6666666666666666,0.1,,0.0,0.0,0.0,0.0,0,dr,ur,ur,1,0,0,0,0
6,3,size11_comp0.2_grid3_base_medium,11,0.2,medium,base,base,7,3,10,8,1,1,1,1,1,0,-1,8,0.0,0.75,0.75,0.0,8,0,0,0,7,0,0,0,0,0,0,0,0.0,DR,0.9852281360342515,0,3,0,4,1,0.0,0.42857142857142855,0.0,0.5714285714285714,0.125,,0.0,0.0,0.0,0.0,0,dr,ur,ur,1,0,0,0,0
7,3,size11_comp0.2_grid3_base_medium,11,0.2,medium,base,base,7,3,10,8,1,1,1,1,1,0,-1,10,0.0,0.7,0.7,0.0,8,0,1,1,6,2,0,1,1,1,0,0,0.0,DR,0.9182958340544896,0,3,0,6,1,0.0,0.3333333333333333,0.0,0.6666666666666666,0.1,,0.0,0.0,0.0,0.0,0,dr,ur,ur,1,0,0,0,0
8,3,size11_comp0.2_grid3_base_medium,11,0.2,medium,base,base,7,3,10,8,1,1,1,1,1,0,-1,12,0.0,0.6666666666666666,0.6666666666666666,0.0,8,0,2,2,5,4,0,2,2,2,0,0,0.0,DR,0.9940302114769565,0,5,0,6,1,0.0,0.45454545454545453,0.0,0.5454545454545454,0.08333333333333333,,0.0,0.0,0.0,0.0,0,dr,ur,ur,1,0,0,0,0
9,3,size11_comp0.2_grid3_base_medium,11,0.2,medium,base,base,7,3,10,8,1,1,1,1,1,0,-1,10,0.0,0.7,0.7,0.0,8,0,1,1,6,2,0,1,1,1,0,0,0.0,DR,0.9182958340544896,0,3,0,6,1,0.0,0.3333333333333333,0.0,0.6666666666666666,0.1,,0.0,0.0,0.0,0.0,0,dr,ur,ur,1,0,0,0,0
0,4,size11_comp0.2_grid4_base_medium,11,0.2,medium,base,base,9,9,18,4,7,1,1,1,1,0,-1,6,0.0,0.5,0.5,0.0,2,0,1,3,1,2,1,1,1,1,0,0,0.0,UL,-0.0,6,0,0,0,0,1.0,0.0,0.0,0.0,0.0,UL,0.6666666666666666,0.0,0.0,0.0,4,ul,ul,dr,1,0,0,0,0
1,4,size11_comp0.2_grid4_base_medium,11,0.2,medium,base,base,9,9,18,4,7,1,1,1,1,0,-1,4,0.0,0.5,0.5,0.0,2,0,0,2,2,0,1,0,0,0,0,0,0.0,UL,-0.0,4,0,0,0,0,1.0,0.0,0.0,0.0,0.0,UL,0.5,0.0,0.0,0.0,2,ul,ul,dr,1,0,0,0,0
2,4,size11_comp0.2_grid4_base_medium,11,0.2,medium,base,base,9,9,18,4,7,1,1,1,1,0,-1,6,0.0,0.5,0.5,0.0,3,1,0,2,2,0,1,2,2,2,0,0,0.0,UL,-0.0,6,0,0,0,0,1.0,0.0,0.0,0.0,0.0,UL,0.6666666666666666,0.0,0.0,0.0,4,ul,ul,dr,1,0,0,0,0
4,4,size11_comp0.2_grid4_base_medium,11,0.2,medium,base,base,9,9,18,4,7,1,1,1,1,0,-1,4,0.0,0.5,0.5,0.0,2,0,0,2,2,0,1,0,0,0,0,0,0.0,UL,-0.0,4,0,0,0,0,1.0,0.0,0.0,0.0,0.0,UL,0.5,0.0,0.0,0.0,2,ul,ul,dr,1,0,0,0,0
5,4,size11_comp0.2_grid4_base_medium,11,0.2,medium,base,base,9,9,18,4,7,1,1,1,1,0,-1,4,0.0,0.5,0.5,0.0,2,0,0,2,2,0,1,0,0,0,0,0,0.0,UL,-0.0,4,0,0,0,0,1.0,0.0,0.0,0.0,0.0,UL,0.5,0.0,0.0,0.0,2,ul,ul,dr,1,0,0,0,0
6,4,size11_comp0.2_grid4_base_medium,11,0.2,medium,base,base,9,9,18,4,7,1,1,1,1,0,-1,4,0.0,0.5,0.5,0.0,2,0,0,2,2,0,1,0,0,0,0,0,0.0,UL,-0.0,4,0,0,0,0,1.0,0.0,0.0,0.0,0.0,UL,0.5,0.0,0.0,0.0,2,ul,ul,dr,1,0,0,0,0
7,4,size11_comp0.2_grid4_base_medium,11,0.2,medium,base,base,9,9,18,4,7,1,1,1,1,0,-1,4,0.0,0.5,0.5,0.0,2,0,0,2,2,0,1,0,0,0,0,0,0.0,UL,-0.0,4,0,0,0,0,1.0,0.0,0.0,0.0,0.0,UL,0.5,0.0,0.0,0.0,2,ul,ul,dr,1,0,0,0,0
8,4,size11_comp0.2_grid4_base_medium,11,0.2,medium,base,base,9,9,18,4,7,1,1,1,1,0,-1,4,0.0,0.5,0.5,0.0,2,0,0,2,2,0,1,0,0,0,0,0,0.0,UL,-0.0,4,0,0,0,0,1.0,0.0,0.0,0.0,0.0,UL,0.5,0.0,0.0,0.0,2,ul,ul,dr,1,0,0,0,0
9,4,size11_comp0.2_grid4_base_medium,11,0.2,medium,base,base,9,9,18,4,7,1,1,1,1,0,-1,4,0.0,0.5,0.5,0.0,2,0,0,2,0,1,2,0,0,0,0,0,0.0,UL,-0.0,4,0,0,0,0,1.0,0.0,0.0,0.0,0.0,UL,0.25,0.0,0.0,0.0,1,ul,ul,dr,1,0,0,0,0
0,5,size11_comp0.2_grid5_base_medium,11,0.2,medium,base,base,5,4,9,7,1,1,1,1,1,0,-1,9,0.0,0.5555555555555556,0.5555555555555556,0.0,1,7,1,0,5,2,0,1,1,1,0,0,0.0,DR,0.954434002924965,0,3,0,5,1,0.0,0.375,0.0,0.625,0.1111111111111111,UR,0.0,0.1111111111111111,0.0,0.0,1,ur,dr,midline,0,0,0,0,0
2,5,size11_comp0.2_grid5_base_medium,11,0.2,medium,base,base,5,4,9,7,1,1,1,1,1,0,-1,15,0.0,0.5333333333333333,0.5333333333333333,0.0,1,7,4,3,2,3,6,3,5,3,0,0,0.0,DR,0.9182958340544896,0,4,0,8,3,0.0,0.3333333333333333,0.0,0.6666666666666666,0.2,UR,0.0,0.13333333333333333,0.0,0.0,2,ur,dr,midline,0,0,0,0,0
3,5,size11_comp0.2_grid5_base_medium,11,0.2,medium,base,base,5,4,9,7,1,1,1,1,1,0,-1,17,0.0,0.47058823529411764,0.47058823529411764,0.0,3,9,2,3,5,6,3,2,7,2,0,2,0.11764705882352941,UR,0.863120568566631,0,10,0,4,3,0.0,0.7142857142857143,0.0,0.2857142857142857,0.17647058823529413,UR,0.0,0.058823529411764705,0.0,0.058823529411764705,1,ur,dr,midline,1,0,0,0,0
4,5,size11_comp0.2_grid5_base_medium,11,0.2,medium,base,base,5,4,9,7,1,1,1,1,1,0,-1,14,0.0,0.5,0.5,0.0,1,7,3,3,4,3,4,2,3,2,0,1,0.07142857142857142,UR,0.8904916402194913,0,9,0,4,1,0.0,0.6923076923076923,0.0,0.3076923076923077,0.07142857142857142,UR,0.0,0.35714285714285715,0.0,0.0,5,ur,dr,midline,1,0,0,0,0
5,5,size11_comp0.2_grid5_base_medium,11,0.2,medium,base,base,5,4,9,7,1,1,1,1,1,0,-1,7,0.0,0.5714285714285714,0.5714285714285714,0.0,0,6,1,0,4,1,1,0,0,0,0,0,0.0,UR,1.0,0,3,0,3,1,0.0,0.5,0.0,0.5,0.14285714285714285,UR,0.0,0.14285714285714285,0.0,0.0,1,ur,dr,midline,1,0,0,0,0
6,5,size11_comp0.2_grid5_base_medium,11,0.2,medium,base,base,5,4,9,7,1,1,1,1,1,0,-1,9,0.0,0.5555555555555556,0.5555555555555556,0.0,0,6,2,1,5,2,0,1,1,1,0,0,0.0,UR,0.9709505944546686,0,3,0,2,4,0.0,0.6,0.0,0.4,0.4444444444444444,UR,0.0,0.1111111111111111,0.0,0.0,1,ur,dr,midline,1,0,0,0,0
7,5,size11_comp0.2_grid5_base_medium,11,0.2,medium,base,base,5,4,9,7,1,1,1,1,1,0,-1,7,0.0,0.5714285714285714,0.5714285714285714,0.0,0,6,1,0,4,1,1,0,0,0,0,0,0.0,UR,1.0,0,3,0,3,1,0.0,0.5,0.0,0.5,0.14285714285714285,UR,0.0,0.14285714285714285,0.0,0.0,1,ur,dr,midline,1,0,0,0,0
8,5,size11_comp0.2_grid5_base_medium,11,0.2,medium,base,base,5,4,9,7,1,1,1,1,1,0,-1,7,0.0,0.5714285714285714,0.5714285714285714,0.0,0,6,1,0,5,0,1,0,0,0,0,0,0.0,UR,1.0,0,3,0,3,1,0.0,0.5,0.0,0.5,0.14285714285714285,UR,0.0,0.14285714285714285,0.0,0.14285714285714285,1,ur,dr,midline,1,0,0,0,0
9,5,size11_comp0.2_grid5_base_medium,11,0.2,medium,base,base,5,4,9,7,1,1,1,1,1,0,-1,18,0.0,0.5,0.5,0.0,3,9,3,2,2,3,4,6,7,6,0,0,0.0,DR,0.9774178175281716,0,7,0,10,1,0.0,0.4117647058823529,0.0,0.5882352941176471,0.05555555555555555,DR,0.0,0.05555555555555555,0.0,0.1111111111111111,1,ur,dr,midline,0,0,0,0,0
0,6,size11_comp0.2_grid6_base_medium,11,0.2,medium,base,base,7,9,16,4,6,1,1,1,1,0,-1,4,0.0,0.25,0.25,0.0,1,0,0,3,2,0,1,0,0,0,0,0,0.0,DL,-0.0,0,0,1,0,3,0.0,0.0,1.0,0.0,0.75,,0.0,0.0,0.0,0.0,0,dl,midline,ul,1,0,0,0,0
1,6,size11_comp0.2_grid6_base_medium,11,0.2,medium,base,base,7,9,16,4,6,1,1,1,1,0,-1,4,0.0,0.25,0.25,0.0,1,0,0,3,2,0,1,0,0,0,0,0,0.0,DL,-0.0,0,0,1,0,3,0.0,0.0,1.0,0.0,0.75,,0.0,0.0,0.0,0.0,0,dl,midline,ul,1,0,0,0,0
2,6,size11_comp0.2_grid6_base_medium,11,0.2,medium,base,base,7,9,16,4,6,1,1,1,1,0,-1,4,0.0,0.25,0.25,0.0,1,0,0,3,1,1,1,0,0,0,0,0,0.0,DL,1.0,0,0,1,1,2,0.0,0.0,0.5,0.5,0.5,,0.0,0.0,0.0,0.0,0,dl,midline,ul,1,0,0,0,0
3,6,size11_comp0.2_grid6_base_medium,11,0.2,medium,base,base,7,9,16,4,6,1,1,1,1,0,-1,4,0.0,0.25,0.25,0.0,1,0,0,3,1,1,1,0,0,0,0,0,0.0,DL,1.0,0,0,1,1,2,0.0,0.0,0.5,0.5,0.5,,0.0,0.0,0.0,0.0,0,dl,midline,ul,1,0,0,0,0
4,6,size11_comp0.2_grid6_base_medium,11,0.2,medium,base,base,7,9,16,4,6,1,1,1,1,0,-1,4,0.0,0.25,0.25,0.0,1,0,0,3,1,1,1,0,0,0,0,0,0.0,DL,-0.0,0,0,1,0,3,0.0,0.0,1.0,0.0,0.75,,0.0,0.0,0.0,0.0,0,dl,midline,ul,1,0,0,0,0
6,6,size11_comp0.2_grid6_base_medium,11,0.2,medium,base,base,7,9,16,4,6,1,1,1,1,0,-1,4,0.0,0.25,0.25,0.0,1,0,0,3,2,0,1,0,0,0,0,0,0.0,DL,-0.0,0,0,1,0,3,0.0,0.0,1.0,0.0,0.75,,0.0,0.0,0.0,0.0,0,dl,midline,ul,1,0,0,0,0
7,6,size11_comp0.2_grid6_base_medium,11,0.2,medium,base,base,7,9,16,4,6,1,1,1,1,0,-1,6,0.0,0.3333333333333333,0.3333333333333333,0.0,2,1,0,3,1,3,1,0,0,0,0,0,0.0,DR,0.9709505944546686,0,0,2,3,1,0.0,0.0,0.4,0.6,0.16666666666666666,,0.0,0.0,0.0,0.0,0,dl,midline,ul,0,0,0,0,0
8,6,size11_comp0.2_grid6_base_medium,11,0.2,medium,base,base,7,9,16,4,6,1,1,1,1,0,-1,4,0.0,0.25,0.25,0.0,1,0,0,3,2,0,1,0,0,0,0,0,0.0,DL,-0.0,0,0,1,0,3,0.0,0.0,1.0,0.0,0.75,,0.0,0.0,0.0,0.0,0,dl,midline,ul,1,0,0,0,0
0,7,size11_comp0.2_grid7_base_medium,11,0.2,medium,base,base,13,9,22,8,9,1,1,1,1,0,-1,8,0.0,0.75,0.75,0.0,0,2,0,6,6,1,0,0,0,0,0,0,0.0,DL,0.5916727785823275,0,0,6,1,1,0.0,0.0,0.8571428571428571,0.14285714285714285,0.125,DL,0.0,0.0,0.375,0.0,3,dl,dr,ur,1,0,0,0,0
2,7,size11_comp0.2_grid7_base_medium,11,0.2,medium,base,base,13,9,22,8,9,1,1,1,1,0,-1,12,0.0,0.5833333333333334,0.5833333333333334,0.0,1,4,0,6,6,1,2,0,2,0,0,1,0.08333333333333333,DL,0.4394969869215134,0,0,10,1,1,0.0,0.0,0.9090909090909091,0.09090909090909091,0.08333333333333333,,0.0,0.0,0.0,0.0,0,dl,dr,ur,1,0,0,0,0
3,7,size11_comp0.2_grid7_base_medium,11,0.2,medium,base,base,13,9,22,8,9,1,1,1,1,0,-1,8,0.0,0.75,0.75,0.0,0,2,0,6,6,1,0,0,0,0,0,0,0.0,DL,0.5916727785823275,0,0,6,1,1,0.0,0.0,0.8571428571428571,0.14285714285714285,0.125,DL,0.0,0.0,0.375,0.0,3,dl,dr,ur,1,0,0,0,0
4,7,size11_comp0.2_grid7_base_medium,11,0.2,medium,base,base,13,9,22,8,9,1,1,1,1,0,-1,11,0.0,0.6363636363636364,0.6363636363636364,0.0,1,3,0,7,4,3,2,1,2,1,0,1,0.09090909090909091,DL,0.5916727785823275,0,0,6,1,4,0.0,0.0,0.8571428571428571,0.14285714285714285,0.36363636363636365,,0.0,0.0,0.0,0.0,0,dl,dr,ur,1,0,0,0,0
6,7,size11_comp0.2_grid7_base_medium,11,0.2,medium,base,base,13,9,22,8,9,1,1,1,1,0,-1,17,0.0,0.5882352941176471,0.5882352941176471,0.0,2,4,2,9,5,5,3,3,5,2,0,1,0.058823529411764705,DL,0.4394969869215134,0,0,10,1,6,0.0,0.0,0.9090909090909091,0.09090909090909091,0.35294117647058826,,0.0,0.0,0.0,0.0,0,dl,dr,ur,1,0,0,0,0
7,7,size11_comp0.2_grid7_base_medium,11,0.2,medium,base,base,13,9,22,8,9,1,1,1,1,0,-1,10,0.0,0.6,0.6,0.0,0,4,0,6,5,2,2,0,2,0,0,2,0.2,DL,0.5032583347756457,0,0,8,1,1,0.0,0.0,0.8888888888888888,0.1111111111111111,0.1,DL,0.0,0.0,0.2,0.0,2,dl,dr,ur,1,0,0,0,0
8,7,size11_comp0.2_grid7_base_medium,11,0.2,medium,base,base,13,9,22,8,9,1,1,1,1,0,-1,12,0.0,0.6666666666666666,0.6666666666666666,0.0,2,4,0,6,4,2,3,2,2,2,0,0,0.0,DL,0.4394969869215134,0,0,10,1,1,0.0,0.0,0.9090909090909091,0.09090909090909091,0.08333333333333333,DL,0.0,0.0,0.08333333333333333,0.0,1,dl,dr,ur,1,0,0,0,0
9,7,size11_comp0.2_grid7_base_medium,11,0.2,medium,base,base,13,9,22,8,9,1,1,1,1,0,-1,16,0.0,0.5625,0.5625,0.0,3,6,1,6,4,4,5,2,3,1,0,2,0.125,DL,0.9612366047228759,0,0,8,5,3,0.0,0.0,0.6153846153846154,0.38461538461538464,0.1875,,0.0,0.0,0.0,0.0,0,dl,dr,ur,1,0,0,0,0
1,8,size11_comp0.2_grid8_base_medium,11,0.2,medium,base,base,4,7,11,5,3,1,1,1,1,0,-1,5,0.0,0.2,0.2,0.0,0,4,0,1,2,1,1,0,0,0,0,0,0.0,UL,-0.0,2,0,0,0,3,1.0,0.0,0.0,0.0,0.6,,0.0,0.0,0.0,0.0,0,ul,midline,ur,1,0,0,0,0
2,8,size11_comp0.2_grid8_base_medium,11,0.2,medium,base,base,4,7,11,5,3,1,1,1,1,0,-1,5,0.0,0.2,0.2,0.0,0,4,0,1,2,1,1,0,0,0,0,0,0.0,UL,-0.0,2,0,0,0,3,1.0,0.0,0.0,0.0,0.6,,0.0,0.0,0.0,0.0,0,ul,midline,ur,1,0,0,0,0
3,8,size11_comp0.2_grid8_base_medium,11,0.2,medium,base,base,4,7,11,5,3,1,1,1,1,0,-1,5,0.0,0.2,0.2,0.0,0,4,0,1,3,1,0,0,0,0,0,0,0.0,UL,1.0,2,0,2,0,1,0.5,0.0,0.5,0.0,0.2,,0.0,0.0,0.0,0.0,0,ul,midline,ur,1,0,0,0,0
4,8,size11_comp0.2_grid8_base_medium,11,0.2,medium,base,base,4,7,11,5,3,1,1,1,1,0,-1,11,0.0,0.36363636363636365,0.36363636363636365,0.0,1,5,2,3,1,5,3,1,3,1,0,0,0.0,UL,1.0,2,0,0,2,7,0.5,0.0,0.0,0.5,0.6363636363636364,,0.0,0.0,0.0,0.0,0,ul,midline,ur,1,0,0,0,0
8,8,size11_comp0.2_grid8_base_medium,11,0.2,medium,base,base,4,7,11,5,3,1,1,1,1,0,-1,9,0.0,0.3333333333333333,0.3333333333333333,0.0,1,5,1,2,3,1,2,2,2,2,0,0,0.0,DR,1.3787834934861753,2,1,0,4,2,0.2857142857142857,0.14285714285714285,0.0,0.5714285714285714,0.2222222222222222,,0.0,0.0,0.0,0.0,0,ul,midline,ur,0,0,0,0,0
9,8,size11_comp0.2_grid8_base_medium,11,0.2,medium,base,base,4,7,11,5,3,1,1,1,1,0,-1,5,0.0,0.2,0.2,0.0,0,4,0,1,2,1,1,0,0,0,0,0,0.0,UL,-0.0,2,0,0,0,3,1.0,0.0,0.0,0.0,0.6,,0.0,0.0,0.0,0.0,0,ul,midline,ur,1,0,0,0,0
0,9,size11_comp0.2_grid9_base_medium,11,0.2,medium,base,base,15,6,21,9,6,1,1,1,1,0,-1,11,0.0,0.9090909090909091,0.9090909090909091,0.0,6,0,1,4,6,1,1,2,2,2,0,0,0.0,DL,-0.0,0,0,7,0,4,0.0,0.0,1.0,0.0,0.36363636363636365,DL,0.0,0.0,0.18181818181818182,0.0,2,dl,midline,ur,1,0,0,0,0
2,9,size11_comp0.2_grid9_base_medium,11,0.2,medium,base,base,15,6,21,9,6,1,1,1,1,0,-1,13,0.0,0.8461538461538461,0.8461538461538461,0.0,7,1,1,4,6,1,1,4,4,4,0,0,0.0,DL,-0.0,0,0,6,0,7,0.0,0.0,1.0,0.0,0.5384615384615384,DL,0.0,0.0,0.23076923076923078,0.0,2,dl,midline,ur,1,0,0,0,0
3,9,size11_comp0.2_grid9_base_medium,11,0.2,medium,base,base,15,6,21,9,6,1,1,1,1,0,-1,13,0.0,0.8461538461538461,0.8461538461538461,0.0,8,2,0,3,7,0,1,4,4,4,0,0,0.0,UL,0.9182958340544896,8,0,4,0,1,0.6666666666666666,0.0,0.3333333333333333,0.0,0.07692307692307693,DL,0.0,0.0,0.15384615384615385,0.0,2,dl,midline,ur,0,0,0,0,0
4,9,size11_comp0.2_grid9_base_medium,11,0.2,medium,base,base,15,6,21,9,6,1,1,1,1,0,-1,13,0.0,0.8461538461538461,0.8461538461538461,0.0,8,2,0,3,7,0,1,4,4,4,0,0,0.0,UL,1.0,6,0,6,0,1,0.5,0.0,0.5,0.0,0.07692307692307693,DL,0.0,0.0,0.23076923076923078,0.0,2,dl,midline,ur,0,0,0,0,0
5,9,size11_comp0.2_grid9_base_medium,11,0.2,medium,base,base,15,6,21,9,6,1,1,1,1,0,-1,9,0.0,1.0,1.0,0.0,6,0,0,3,7,0,1,0,0,0,0,0,0.0,UL,1.0,4,0,4,0,1,0.5,0.0,0.5,0.0,0.1111111111111111,DL,0.0,0.0,0.2222222222222222,0.0,2,dl,midline,ur,0,0,0,0,0
6,9,size11_comp0.2_grid9_base_medium,11,0.2,medium,base,base,15,6,21,9,6,1,1,1,1,0,-1,9,0.0,1.0,1.0,0.0,6,0,0,3,4,2,2,0,0,0,0,0,0.0,DL,-0.0,0,0,5,0,4,0.0,0.0,1.0,0.0,0.4444444444444444,DL,0.0,0.0,0.2222222222222222,0.0,2,dl,midline,ur,1,0,0,0,0
7,9,size11_comp0.2_grid9_base_medium,11,0.2,medium,base,base,15,6,21,9,6,1,1,1,1,0,-1,9,0.0,1.0,1.0,0.0,6,0,0,3,7,0,1,0,0,0,0,0,0.0,UL,1.0,4,0,4,0,1,0.5,0.0,0.5,0.0,0.1111111111111111,DL,0.0,0.0,0.2222222222222222,0.0,2,dl,midline,ur,0,0,0,0,0
8,9,size11_comp0.2_grid9_base_medium,11,0.2,medium,base,base,15,6,21,9,6,1,1,1,1,0,-1,13,0.0,0.8461538461538461,0.8461538461538461,0.0,6,0,2,5,3,4,3,2,2,2,0,0,0.0,DL,-0.0,0,0,7,0,6,0.0,0.0,1.0,0.0,0.46153846153846156,DL,0.0,0.0,0.15384615384615385,0.0,1,dl,midline,ur,1,0,0,0,0
0,0,size11_comp0.4_grid0_base_medium,11,0.4,medium,base,base,6,3,9,7,1,1,1,1,1,0,-1,12,0.0,0.5833333333333334,0.5833333333333334,0.0,1,4,1,6,5,2,3,1,2,1,0,1,0.08333333333333333,UR,1.5304930567574826,3,4,0,2,3,0.3333333333333333,0.4444444444444444,0.0,0.2222222222222222,0.25,,0.0,0.0,0.0,0.0,0,ul,dr,midline,0,0,0,0,0
1,0,size11_comp0.4_grid0_base_medium,11,0.4,medium,base,base,6,3,9,7,1,1,1,1,1,0,-1,9,0.0,0.6666666666666666,0.6666666666666666,0.0,0,3,1,5,5,2,1,0,0,0,0,0,0.0,DR,1.5566567074628228,2,0,2,3,2,0.2857142857142857,0.0,0.2857142857142857,0.42857142857142855,0.2222222222222222,,0.0,0.0,0.0,0.0,0,ul,dr,midline,0,0,0,0,0
2,0,size11_comp0.4_grid0_base_medium,11,0.4,medium,base,base,6,3,9,7,1,1,1,1,1,0,-1,9,0.0,0.6666666666666666,0.6666666666666666,0.0,0,3,1,5,3,2,2,1,1,1,0,0,0.0,UL,0.9709505944546686,3,0,0,2,4,0.6,0.0,0.0,0.4,0.4444444444444444,,0.0,0.0,0.0,0.0,0,ul,dr,midline,1,0,0,0,0
3,0,size11_comp0.4_grid0_base_medium,11,0.4,medium,base,base,6,3,9,7,1,1,1,1,1,0,-1,13,0.0,0.6153846153846154,0.6153846153846154,0.0,2,5,1,5,6,2,3,1,1,1,0,0,0.0,UL,1.5726236638951638,4,0,4,3,2,0.36363636363636365,0.0,0.36363636363636365,0.2727272727272727,0.15384615384615385,,0.0,0.0,0.0,0.0,0,ul,dr,midline,1,0,0,0,0
4,0,size11_comp0.4_grid0_base_medium,11,0.4,medium,base,base,6,3,9,7,1,1,1,1,1,0,-1,8,0.0,0.625,0.625,0.0,0,3,0,5,2,2,3,0,1,0,0,1,0.125,DR,0.9182958340544896,1,0,0,2,5,0.3333333333333333,0.0,0.0,0.6666666666666666,0.625,,0.0,0.0,0.0,0.0,0,ul,dr,midline,0,0,0,0,0
5,0,size11_comp0.4_grid0_base_medium,11,0.4,medium,base,base,6,3,9,7,1,1,1,1,1,0,-1,7,0.0,0.7142857142857143,0.7142857142857143,0.0,0,3,0,4,3,1,2,0,0,0,0,0,0.0,UL,1.0,1,0,0,1,5,0.5,0.0,0.0,0.5,0.7142857142857143,,0.0,0.0,0.0,0.0,0,ul,dr,midline,1,0,0,0,0
6,0,size11_comp0.4_grid0_base_medium,11,0.4,medium,base,base,6,3,9,7,1,1,1,1,1,0,-1,9,0.0,0.6666666666666666,0.6666666666666666,0.0,1,4,0,4,3,1,2,2,2,2,0,0,0.0,UL,1.0,1,0,0,1,7,0.5,0.0,0.0,0.5,0.7777777777777778,,0.0,0.0,0.0,0.0,0,ul,dr,midline,1,0,0,0,0
7,0,size11_comp0.4_grid0_base_medium,11,0.4,medium,base,base,6,3,9,7,1,1,1,1,1,0,-1,7,0.0,0.7142857142857143,0.7142857142857143,0.0,0,3,0,4,2,2,2,0,0,0,0,0,0.0,DR,0.9182958340544896,1,0,0,2,4,0.3333333333333333,0.0,0.0,0.6666666666666666,0.5714285714285714,,0.0,0.0,0.0,0.0,0,ul,dr,midline,0,0,0,0,0
8,0,size11_comp0.4_grid0_base_medium,11,0.4,medium,base,base,6,3,9,7,1,1,1,1,1,0,-1,7,0.0,0.7142857142857143,0.7142857142857143,0.0,0,3,0,4,3,1,2,0,0,0,0,0,0.0,UL,1.0,1,0,0,1,5,0.5,0.0,0.0,0.5,0.7142857142857143,,0.0,0.0,0.0,0.0,0,ul,dr,midline,1,0,0,0,0
9,0,size11_comp0.4_grid0_base_medium,11,0.4,medium,base,base,6,3,9,7,1,1,1,1,1,0,-1,12,0.0,0.5833333333333334,0.5833333333333334,0.0,2,5,0,5,6,1,2,2,3,2,0,1,0.08333333333333333,DR,0.8112781244591328,1,0,0,3,8,0.25,0.0,0.0,0.75,0.6666666666666666,,0.0,0.0,0.0,0.0,0,ul,dr,midline,0,0,0,0,0
0,1,size11_comp0.4_grid1_base_medium,11,0.4,medium,base,base,5,4,9,7,1,1,1,1,1,0,-1,11,0.0,0.5454545454545454,0.5454545454545454,0.0,1,4,5,1,4,3,0,3,3,3,0,0,0.0,UR,1.4591479170272448,2,3,1,0,5,0.3333333333333333,0.5,0.16666666666666666,0.0,0.45454545454545453,,0.0,0.0,0.0,0.0,0,ur,dl,ul,1,0,0,0,0
1,1,size11_comp0.4_grid1_base_medium,11,0.4,medium,base,base,5,4,9,7,1,1,1,1,1,0,-1,9,0.0,0.5555555555555556,0.5555555555555556,0.0,0,3,5,1,3,2,1,2,2,2,0,0,0.0,UL,1.0,2,2,0,0,5,0.5,0.5,0.0,0.0,0.5555555555555556,,0.0,0.0,0.0,0.0,0,ur,dl,ul,0,1,0,0,0
2,1,size11_comp0.4_grid1_base_medium,11,0.4,medium,base,base,5,4,9,7,1,1,1,1,1,0,-1,11,0.0,0.5454545454545454,0.5454545454545454,0.0,1,4,5,1,3,2,4,1,1,1,0,0,0.0,UL,1.2987949406953985,5,2,1,0,3,0.625,0.25,0.125,0.0,0.2727272727272727,,0.0,0.0,0.0,0.0,0,ur,dl,ul,0,1,0,0,0
3,1,size11_comp0.4_grid1_base_medium,11,0.4,medium,base,base,5,4,9,7,1,1,1,1,1,0,-1,15,0.0,0.5333333333333333,0.5333333333333333,0.0,3,6,5,1,3,4,2,5,5,5,0,0,0.0,UL,1.0408520829727552,9,2,1,0,3,0.75,0.16666666666666666,0.08333333333333333,0.0,0.2,,0.0,0.0,0.0,0.0,0,ur,dl,ul,0,1,0,0,0
4,1,size11_comp0.4_grid1_base_medium,11,0.4,medium,base,base,5,4,9,7,1,1,1,1,1,0,-1,9,0.0,0.5555555555555556,0.5555555555555556,0.0,0,3,5,1,5,1,0,2,2,2,0,0,0.0,UR,0.9852281360342515,3,4,0,0,2,0.42857142857142855,0.5714285714285714,0.0,0.0,0.2222222222222222,,0.0,0.0,0.0,0.0,0,ur,dl,ul,1,0,0,0,0
5,1,size11_comp0.4_grid1_base_medium,11,0.4,medium,base,base,5,4,9,7,1,1,1,1,1,0,-1,13,0.0,0.5384615384615384,0.5384615384615384,0.0,2,5,5,1,4,2,3,3,4,3,0,0,0.0,UL,0.9709505944546686,6,4,0,0,3,0.6,0.4,0.0,0.0,0.23076923076923078,,0.0,0.0,0.0,0.0,0,ur,dl,ul,0,1,0,0,0
6,1,size11_comp0.4_grid1_base_medium,11,0.4,medium,base,base,5,4,9,7,1,1,1,1,1,0,-1,14,0.0,0.5,0.5,0.0,1,5,6,2,5,2,3,3,5,3,0,1,0.07142857142857142,UL,0.6840384356390417,9,2,0,0,3,0.8181818181818182,0.18181818181818182,0.0,0.0,0.21428571428571427,,0.0,0.0,0.0,0.0,0,ur,dl,ul,0,1,0,0,0
7,1,size11_comp0.4_grid1_base_medium,11,0.4,medium,base,base,5,4,9,7,1,1,1,1,1,0,-1,11,0.0,0.5454545454545454,0.5454545454545454,0.0,1,4,5,1,5,0,3,2,2,2,0,0,0.0,UL,1.3921472236645345,4,4,1,0,2,0.4444444444444444,0.4444444444444444,0.1111111111111111,0.0,0.18181818181818182,,0.0,0.0,0.0,0.0,0,ur,dl,ul,0,1,0,0,0
9,1,size11_comp0.4_grid1_base_medium,11,0.4,medium,base,base,5,4,9,7,1,1,1,1,1,0,-1,8,0.0,0.5,0.5,0.0,0,3,4,0,3,2,1,0,1,0,0,0,0.0,UR,0.9709505944546686,2,3,0,0,3,0.4,0.6,0.0,0.0,0.375,,0.0,0.0,0.0,0.0,0,ur,dl,ul,1,0,0,0,0
0,2,size11_comp0.4_grid2_base_medium,11,0.4,medium,base,base,6,3,9,5,2,1,1,1,1,0,-1,5,0.0,0.8,0.8,0.0,1,1,0,3,1,1,2,0,0,0,0,0,0.0,DL,-0.0,0,0,2,0,3,0.0,0.0,1.0,0.0,0.6,,0.0,0.0,0.0,0.0,0,dl,dl,midline,1,0,0,0,0
1,2,size11_comp0.4_grid2_base_medium,11,0.4,medium,base,base,6,3,9,5,2,1,1,1,1,0,-1,5,0.0,0.8,0.8,0.0,1,1,0,3,2,0,2,0,0,0,0,0,0.0,DL,-0.0,0,0,1,0,4,0.0,0.0,1.0,0.0,0.8,,0.0,0.0,0.0,0.0,0,dl,dl,midline,1,0,0,0,0
2,2,size11_comp0.4_grid2_base_medium,11,0.4,medium,base,base,6,3,9,5,2,1,1,1,1,0,-1,7,0.0,0.7142857142857143,0.7142857142857143,0.0,1,1,1,4,1,1,2,2,2,2,0,0,0.0,DL,-0.0,0,0,2,0,5,0.0,0.0,1.0,0.0,0.7142857142857143,,0.0,0.0,0.0,0.0,0,dl,dl,midline,1,0,0,0,0
3,2,size11_comp0.4_grid2_base_medium,11,0.4,medium,base,base,6,3,9,5,2,1,1,1,1,0,-1,5,0.0,0.8,0.8,0.0,1,1,0,3,1,1,2,0,0,0,0,0,0.0,DL,-0.0,0,0,2,0,3,0.0,0.0,1.0,0.0,0.6,,0.0,0.0,0.0,0.0,0,dl,dl,midline,1,0,0,0,0
5,2,size11_comp0.4_grid2_base_medium,11,0.4,medium,base,base,6,3,9,5,2,1,1,1,1,0,-1,7,0.0,0.7142857142857143,0.7142857142857143,0.0,2,2,0,3,2,1,3,0,0,0,0,0,0.0,UL,0.8112781244591328,3,0,1,0,3,0.75,0.0,0.25,0.0,0.42857142857142855,,0.0,0.0,0.0,0.0,0,dl,dl,midline,0,0,0,0,0
6,2,size11_comp0.4_grid2_base_medium,11,0.4,medium,base,base,6,3,9,5,2,1,1,1,1,0,-1,5,0.0,0.8,0.8,0.0,1,1,0,3,1,1,2,0,0,0,0,0,0.0,DL,-0.0,0,0,2,0,3,0.0,0.0,1.0,0.0,0.6,,0.0,0.0,0.0,0.0,0,dl,dl,midline,1,0,0,0,0
7,2,size11_comp0.4_grid2_base_medium,11,0.4,medium,base,base,6,3,9,5,2,1,1,1,1,0,-1,9,0.0,0.6666666666666666,0.6666666666666666,0.0,2,2,1,4,2,1,4,1,1,1,0,0,0.0,DL,0.9709505944546686,2,0,3,0,4,0.4,0.0,0.6,0.0,0.4444444444444444,,0.0,0.0,0.0,0.0,0,dl,dl,midline,1,0,0,0,0
8,2,size11_comp0.4_grid2_base_medium,11,0.4,medium,base,base,6,3,9,5,2,1,1,1,1,0,-1,5,0.0,0.8,0.8,0.0,1,1,0,3,2,2,0,0,0,0,0,0,0.0,DL,-0.0,0,0,5,0,0,0.0,0.0,1.0,0.0,0.0,,0.0,0.0,0.0,0.0,0,dl,dl,midline,1,0,0,0,0
9,2,size11_comp0.4_grid2_base_medium,11,0.4,medium,base,base,6,3,9,5,2,1,1,1,1,0,-1,7,0.0,0.7142857142857143,0.7142857142857143,0.0,2,2,0,3,2,2,1,1,1,1,0,0,0.0,DL,0.9182958340544896,1,0,2,0,4,0.3333333333333333,0.0,0.6666666666666666,0.0,0.5714285714285714,,0.0,0.0,0.0,0.0,0,dl,dl,midline,1,0,0,0,0
0,3,size11_comp0.4_grid3_base_medium,11,0.4,medium,base,base,12,6,18,6,6,1,1,1,1,0,-1,7,0.0,0.8571428571428571,0.8571428571428571,0.0,5,0,2,0,2,2,2,0,1,0,0,1,0.14285714285714285,UR,0.9709505944546686,0,3,0,2,2,0.0,0.6,0.0,0.4,0.2857142857142857,,0.0,0.0,0.0,0.0,0,dr,ur,ul,0,0,0,0,0
1,3,size11_comp0.4_grid3_base_medium,11,0.4,medium,base,base,12,6,18,6,6,1,1,1,1,0,-1,6,0.0,1.0,1.0,0.0,5,0,1,0,4,1,0,0,0,0,0,0,0.0,UR,0.9709505944546686,0,3,0,2,1,0.0,0.6,0.0,0.4,0.16666666666666666,UR,0.0,0.16666666666666666,0.0,0.0,1,dr,ur,ul,0,0,0,0,0
3,3,size11_comp0.4_grid3_base_medium,11,0.4,medium,base,base,12,6,18,6,6,1,1,1,1,0,-1,8,0.0,0.875,0.875,0.0,6,1,1,0,3,1,1,2,2,2,0,0,0.0,DR,0.9852281360342515,0,3,0,4,1,0.0,0.42857142857142855,0.0,0.5714285714285714,0.125,,0.0,0.0,0.0,0.0,0,dr,ur,ul,1,0,0,0,0
4,3,size11_comp0.4_grid3_base_medium,11,0.4,medium,base,base,12,6,18,6,6,1,1,1,1,0,-1,6,0.0,1.0,1.0,0.0,5,0,1,0,4,1,0,0,0,0,0,0,0.0,UR,0.9709505944546686,0,3,0,2,1,0.0,0.6,0.0,0.4,0.16666666666666666,UR,0.0,0.16666666666666666,0.0,0.0,1,dr,ur,ul,0,0,0,0,0
6,3,size11_comp0.4_grid3_base_medium,11,0.4,medium,base,base,12,6,18,6,6,1,1,1,1,0,-1,6,0.0,1.0,1.0,0.0,5,0,1,0,4,1,0,0,0,0,0,0,0.0,UR,0.9709505944546686,0,3,0,2,1,0.0,0.6,0.0,0.4,0.16666666666666666,UR,0.0,0.16666666666666666,0.0,0.0,1,dr,ur,ul,0,0,0,0,0
7,3,size11_comp0.4_grid3_base_medium,11,0.4,medium,base,base,12,6,18,6,6,1,1,1,1,0,-1,6,0.0,1.0,1.0,0.0,5,0,1,0,4,1,0,0,0,0,0,0,0.0,UR,0.9709505944546686,0,3,0,2,1,0.0,0.6,0.0,0.4,0.16666666666666666,UR,0.0,0.16666666666666666,0.0,0.0,1,dr,ur,ul,0,0,0,0,0
8,3,size11_comp0.4_grid3_base_medium,11,0.4,medium,base,base,12,6,18,6,6,1,1,1,1,0,-1,6,0.0,1.0,1.0,0.0,5,0,1,0,3,1,1,0,0,0,0,0,0.0,UR,0.9709505944546686,0,3,0,2,1,0.0,0.6,0.0,0.4,0.16666666666666666,,0.0,0.0,0.0,0.0,0,dr,ur,ul,0,0,0,0,0
9,3,size11_comp0.4_grid3_base_medium,11,0.4,medium,base,base,12,6,18,6,6,1,1,1,1,0,-1,6,0.0,1.0,1.0,0.0,5,0,1,0,3,1,1,0,0,0,0,0,0.0,UR,0.9709505944546686,0,3,0,2,1,0.0,0.6,0.0,0.4,0.16666666666666666,,0.0,0.0,0.0,0.0,0,dr,ur,ul,0,0,0,0,0
0,4,size11_comp0.4_grid4_base_medium,11,0.4,medium,base,base,13,4,17,9,4,1,1,1,1,0,-1,13,0.0,0.8461538461538461,0.8461538461538461,0.0,5,1,1,6,3,3,2,4,4,4,0,0,0.0,DL,0.9940302114769565,0,0,6,5,2,0.0,0.0,0.5454545454545454,0.45454545454545453,0.15384615384615385,DL,0.0,0.0,0.07692307692307693,0.0,1,dl,midline,ur,1,0,0,0,0
1,4,size11_comp0.4_grid4_base_medium,11,0.4,medium,base,base,13,4,17,9,4,1,1,1,1,0,-1,11,0.0,0.9090909090909091,0.9090909090909091,0.0,4,0,1,6,7,1,2,0,0,0,0,0,0.0,DL,0.8812908992306927,0,0,7,3,1,0.0,0.0,0.7,0.3,0.09090909090909091,DL,0.0,0.0,0.2727272727272727,0.0,3,dl,midline,ur,1,0,0,0,0
2,4,size11_comp0.4_grid4_base_medium,11,0.4,medium,base,base,13,4,17,9,4,1,1,1,1,0,-1,10,0.0,0.9,0.9,0.0,4,0,0,5,1,4,2,0,1,0,0,0,0.0,DL,0.9852281360342515,0,0,4,3,3,0.0,0.0,0.5714285714285714,0.42857142857142855,0.3,DL,0.0,0.0,0.1,0.0,1,dl,midline,ur,1,0,0,0,0
3,4,size11_comp0.4_grid4_base_medium,11,0.4,medium,base,base,13,4,17,9,4,1,1,1,1,0,-1,9,0.0,1.0,1.0,0.0,4,0,0,5,5,2,1,0,0,0,0,0,0.0,DL,0.954434002924965,0,0,5,3,1,0.0,0.0,0.625,0.375,0.1111111111111111,DL,0.0,0.0,0.1111111111111111,0.0,1,dl,midline,ur,1,0,0,0,0
4,4,size11_comp0.4_grid4_base_medium,11,0.4,medium,base,base,13,4,17,9,4,1,1,1,1,0,-1,9,0.0,1.0,1.0,0.0,4,0,0,5,1,4,3,0,0,0,0,0,0.0,DL,0.9852281360342515,0,0,4,3,2,0.0,0.0,0.5714285714285714,0.42857142857142855,0.2222222222222222,DL,0.0,0.0,0.1111111111111111,0.0,1,dl,midline,ur,1,0,0,0,0
5,4,size11_comp0.4_grid4_base_medium,11,0.4,medium,base,base,13,4,17,9,4,1,1,1,1,0,-1,11,0.0,0.9090909090909091,0.9090909090909091,0.0,4,0,1,6,5,3,2,0,0,0,0,0,0.0,DR,0.8812908992306927,0,0,3,7,1,0.0,0.0,0.3,0.7,0.09090909090909091,DL,0.0,0.0,0.09090909090909091,0.0,1,dl,midline,ur,0,0,0,0,0
6,4,size11_comp0.4_grid4_base_medium,11,0.4,medium,base,base,13,4,17,9,4,1,1,1,1,0,-1,11,0.0,0.9090909090909091,0.9090909090909091,0.0,4,0,1,6,5,2,1,2,2,2,0,0,0.0,DL,0.9852281360342515,0,0,4,3,4,0.0,0.0,0.5714285714285714,0.42857142857142855,0.36363636363636365,DL,0.0,0.0,0.09090909090909091,0.0,1,dl,midline,ur,1,0,0,0,0
7,4,size11_comp0.4_grid4_base_medium,11,0.4,medium,base,base,13,4,17,9,4,1,1,1,1,0,-1,9,0.0,1.0,1.0,0.0,4,0,0,5,3,3,2,0,0,0,0,0,0.0,DL,1.0,0,0,3,3,3,0.0,0.0,0.5,0.5,0.3333333333333333,DL,0.0,0.0,0.1111111111111111,0.0,1,dl,midline,ur,1,0,0,0,0
8,4,size11_comp0.4_grid4_base_medium,11,0.4,medium,base,base,13,4,17,9,4,1,1,1,1,0,-1,11,0.0,0.9090909090909091,0.9090909090909091,0.0,5,1,0,5,3,3,2,2,2,2,0,0,0.0,DL,0.863120568566631,0,0,5,2,4,0.0,0.0,0.7142857142857143,0.2857142857142857,0.36363636363636365,DL,0.0,0.0,0.09090909090909091,0.0,1,dl,midline,ur,1,0,0,0,0
9,4,size11_comp0.4_grid4_base_medium,11,0.4,medium,base,base,13,4,17,9,4,1,1,1,1,0,-1,12,0.0,0.8333333333333334,0.8333333333333334,0.0,6,1,0,5,2,5,3,1,2,1,0,1,0.08333333333333333,DL,0.8812908992306927,0,0,7,3,2,0.0,0.0,0.7,0.3,0.16666666666666666,DL,0.0,0.0,0.16666666666666666,0.0,2,dl,midline,ur,1,0,0,0,0
0,5,size11_comp0.4_grid5_base_medium,11,0.4,medium,base,base,9,8,17,7,5,1,1,1,1,0,-1,8,0.0,0.5,0.5,0.0,1,3,4,0,3,2,2,0,1,0,0,1,0.125,DR,-0.0,0,0,0,8,0,0.0,0.0,0.0,1.0,0.0,DR,0.0,0.0,0.0,0.25,2,dr,midline,midline,1,0,0,0,0
1,5,size11_comp0.4_grid5_base_medium,11,0.4,medium,base,base,9,8,17,7,5,1,1,1,1,0,-1,9,0.0,0.5555555555555556,0.5555555555555556,0.0,0,3,5,1,3,2,1,2,2,2,0,0,0.0,DR,-0.0,0,0,0,7,2,0.0,0.0,0.0,1.0,0.2222222222222222,,0.0,0.0,0.0,0.0,0,dr,midline,midline,1,0,0,0,0
2,5,size11_comp0.4_grid5_base_medium,11,0.4,medium,base,base,9,8,17,7,5,1,1,1,1,0,-1,8,0.0,0.5,0.5,0.0,0,3,4,1,4,2,0,1,1,0,0,1,0.125,DR,-0.0,0,0,0,6,2,0.0,0.0,0.0,1.0,0.25,,0.0,0.0,0.0,0.0,0,dr,midline,midline,1,0,0,0,0
3,5,size11_comp0.4_grid5_base_medium,11,0.4,medium,base,base,9,8,17,7,5,1,1,1,1,0,-1,9,0.0,0.5555555555555556,0.5555555555555556,0.0,1,4,4,0,5,0,1,2,2,2,0,0,0.0,DR,-0.0,0,0,0,9,0,0.0,0.0,0.0,1.0,0.0,DR,0.0,0.0,0.0,0.3333333333333333,3,dr,midline,midline,1,0,0,0,0
5,5,size11_comp0.4_grid5_base_medium,11,0.4,medium,base,base,9,8,17,7,5,1,1,1,1,0,-1,9,0.0,0.5555555555555556,0.5555555555555556,0.0,0,3,5,1,3,2,1,2,2,2,0,0,0.0,DR,-0.0,0,0,0,7,2,0.0,0.0,0.0,1.0,0.2222222222222222,,0.0,0.0,0.0,0.0,0,dr,midline,midline,1,0,0,0,0
6,5,size11_comp0.4_grid5_base_medium,11,0.4,medium,base,base,9,8,17,7,5,1,1,1,1,0,-1,11,0.0,0.5454545454545454,0.5454545454545454,0.0,2,5,4,0,4,1,1,4,4,4,0,0,0.0,DR,-0.0,0,0,0,11,0,0.0,0.0,0.0,1.0,0.0,DR,0.0,0.0,0.0,0.5454545454545454,6,dr,midline,midline,1,0,0,0,0
7,5,size11_comp0.4_grid5_base_medium,11,0.4,medium,base,base,9,8,17,7,5,1,1,1,1,0,-1,9,0.0,0.5555555555555556,0.5555555555555556,0.0,1,4,4,0,4,0,3,1,1,1,0,0,0.0,DR,-0.0,0,0,0,9,0,0.0,0.0,0.0,1.0,0.0,DR,0.0,0.0,0.0,0.4444444444444444,2,dr,midline,midline,1,0,0,0,0
8,5,size11_comp0.4_grid5_base_medium,11,0.4,medium,base,base,9,8,17,7,5,1,1,1,1,0,-1,9,0.0,0.5555555555555556,0.5555555555555556,0.0,0,3,5,1,4,2,2,0,0,0,0,0,0.0,DR,-0.0,0,0,0,9,0,0.0,0.0,0.0,1.0,0.0,DR,0.0,0.0,0.0,0.4444444444444444,4,dr,midline,midline,1,0,0,0,0
9,5,size11_comp0.4_grid5_base_medium,11,0.4,medium,base,base,9,8,17,7,5,1,1,1,1,0,-1,7,0.0,0.5714285714285714,0.5714285714285714,0.0,0,3,4,0,4,1,1,0,0,0,0,0,0.0,DR,-0.0,0,0,0,5,2,0.0,0.0,0.0,1.0,0.2857142857142857,,0.0,0.0,0.0,0.0,0,dr,midline,midline,1,0,0,0,0
0,6,size11_comp0.4_grid6_base_medium,11,0.4,medium,base,base,9,6,15,7,4,1,1,1,1,0,-1,7,0.0,0.7142857142857143,0.7142857142857143,0.0,0,3,4,0,5,1,0,0,0,0,0,0,0.0,UR,-0.0,0,4,0,0,3,0.0,1.0,0.0,0.0,0.42857142857142855,UR,0.0,0.2857142857142857,0.0,0.0,2,ur,midline,ul,1,0,0,0,0
1,6,size11_comp0.4_grid6_base_medium,11,0.4,medium,base,base,9,6,15,7,4,1,1,1,1,0,-1,7,0.0,0.7142857142857143,0.7142857142857143,0.0,0,3,4,0,5,1,0,0,0,0,0,0,0.0,UR,-0.0,0,4,0,0,3,0.0,1.0,0.0,0.0,0.42857142857142855,UR,0.0,0.2857142857142857,0.0,0.0,2,ur,midline,ul,1,0,0,0,0
3,6,size11_comp0.4_grid6_base_medium,11,0.4,medium,base,base,9,6,15,7,4,1,1,1,1,0,-1,7,0.0,0.7142857142857143,0.7142857142857143,0.0,0,3,4,0,5,1,0,0,0,0,0,0,0.0,UR,-0.0,0,4,0,0,3,0.0,1.0,0.0,0.0,0.42857142857142855,UR,0.0,0.2857142857142857,0.0,0.0,2,ur,midline,ul,1,0,0,0,0
4,6,size11_comp0.4_grid6_base_medium,11,0.4,medium,base,base,9,6,15,7,4,1,1,1,1,0,-1,7,0.0,0.7142857142857143,0.7142857142857143,0.0,0,3,4,0,4,1,1,0,0,0,0,0,0.0,UR,-0.0,0,6,0,0,1,0.0,1.0,0.0,0.0,0.14285714285714285,UR,0.0,0.2857142857142857,0.0,0.0,2,ur,midline,ul,1,0,0,0,0
5,6,size11_comp0.4_grid6_base_medium,11,0.4,medium,base,base,9,6,15,7,4,1,1,1,1,0,-1,10,0.0,0.6,0.6,0.0,1,3,5,1,3,2,3,1,2,1,0,1,0.1,UR,0.6500224216483541,1,5,0,0,4,0.16666666666666666,0.8333333333333334,0.0,0.0,0.4,UR,0.0,0.3,0.0,0.0,3,ur,midline,ul,1,0,0,0,0
6,6,size11_comp0.4_grid6_base_medium,11,0.4,medium,base,base,9,6,15,7,4,1,1,1,1,0,-1,10,0.0,0.6,0.6,0.0,0,3,5,1,4,1,0,2,3,2,0,0,0.0,UR,-0.0,0,6,0,0,4,0.0,1.0,0.0,0.0,0.4,UR,0.0,0.4,0.0,0.0,4,ur,midline,ul,1,0,0,0,0
7,6,size11_comp0.4_grid6_base_medium,11,0.4,medium,base,base,9,6,15,7,4,1,1,1,1,0,-1,12,0.0,0.5,0.5,0.0,2,3,5,2,3,4,2,2,5,2,0,3,0.25,UR,-0.0,0,8,0,0,4,0.0,1.0,0.0,0.0,0.3333333333333333,UR,0.0,0.4166666666666667,0.0,0.0,4,ur,midline,ul,1,0,0,0,0
9,6,size11_comp0.4_grid6_base_medium,11,0.4,medium,base,base,9,6,15,7,4,1,1,1,1,0,-1,12,0.0,0.5833333333333334,0.5833333333333334,0.0,1,5,5,1,4,3,1,3,4,3,0,1,0.08333333333333333,UR,-0.0,0,9,0,0,3,0.0,1.0,0.0,0.0,0.25,UR,0.0,0.5,0.0,0.0,5,ur,midline,ul,1,0,0,0,0
1,7,size11_comp0.4_grid7_base_medium,11,0.4,medium,base,base,7,3,10,4,3,1,1,1,1,0,-1,4,0.0,1.0,1.0,0.0,3,0,1,0,1,1,1,0,0,0,0,0,0.0,UL,-0.0,1,0,0,0,3,1.0,0.0,0.0,0.0,0.75,,0.0,0.0,0.0,0.0,0,midline,ul,ul,0,1,0,0,0
4,7,size11_comp0.4_grid7_base_medium,11,0.4,medium,base,base,7,3,10,4,3,1,1,1,1,0,-1,6,0.0,0.8333333333333334,0.8333333333333334,0.0,3,0,2,1,2,1,2,0,0,0,0,0,0.0,UL,-0.0,3,0,0,0,3,1.0,0.0,0.0,0.0,0.5,,0.0,0.0,0.0,0.0,0,midline,ul,ul,0,1,0,0,0
6,7,size11_comp0.4_grid7_base_medium,11,0.4,medium,base,base,7,3,10,4,3,1,1,1,1,0,-1,4,0.0,1.0,1.0,0.0,3,0,1,0,2,1,0,0,0,0,0,0,0.0,UL,0.0,0,0,0,0,4,0.0,0.0,0.0,0.0,1.0,,0.0,0.0,0.0,0.0,0,midline,ul,ul,0,1,0,0,0
8,7,size11_comp0.4_grid7_base_medium,11,0.4,medium,base,base,7,3,10,4,3,1,1,1,1,0,-1,4,0.0,1.0,1.0,0.0,3,0,1,0,1,1,1,0,0,0,0,0,0.0,UL,-0.0,1,0,0,0,3,1.0,0.0,0.0,0.0,0.75,,0.0,0.0,0.0,0.0,0,midline,ul,ul,0,1,0,0,0
9,7,size11_comp0.4_grid7_base_medium,11,0.4,medium,base,base,7,3,10,4,3,1,1,1,1,0,-1,8,0.0,0.75,0.75,0.0,4,1,2,1,2,4,1,0,2,0,0,0,0.0,UL,0.8112781244591328,3,0,1,0,4,0.75,0.0,0.25,0.0,0.5,,0.0,0.0,0.0,0.0,0,midline,ul,ul,0,1,0,0,0
0,8,size11_comp0.4_grid8_base_medium,11,0.4,medium,base,base,5,4,9,9,0,1,1,1,1,0,-1,13,0.0,0.5384615384615384,0.5384615384615384,0.0,4,4,5,0,10,2,0,0,0,0,0,0,0.0,UL,1.7609640474436812,5,2,1,2,3,0.5,0.2,0.1,0.2,0.23076923076923078,,0.0,0.0,0.0,0.0,0,dr,dl,midline,0,0,0,0,0
1,8,size11_comp0.4_grid8_base_medium,11,0.4,medium,base,base,5,4,9,9,0,1,1,1,1,0,-1,13,0.0,0.5384615384615384,0.5384615384615384,0.0,3,3,6,1,4,1,4,3,3,3,0,0,0.0,DL,0.6840384356390417,0,0,9,2,2,0.0,0.0,0.8181818181818182,0.18181818181818182,0.15384615384615385,DL,0.0,0.0,0.23076923076923078,0.0,3,dr,dl,midline,0,0,0,0,0
2,8,size11_comp0.4_grid8_base_medium,11,0.4,medium,base,base,5,4,9,9,0,1,1,1,1,0,-1,15,0.0,0.5333333333333333,0.5333333333333333,0.0,4,4,6,1,10,3,1,0,0,0,0,0,0.0,UL,1.789929075309999,5,3,1,2,4,0.45454545454545453,0.2727272727272727,0.09090909090909091,0.18181818181818182,0.26666666666666666,,0.0,0.0,0.0,0.0,0,dr,dl,midline,0,0,0,0,0
3,8,size11_comp0.4_grid8_base_medium,11,0.4,medium,base,base,5,4,9,9,0,1,1,1,1,0,-1,16,0.0,0.5,0.5,0.0,4,4,6,1,7,3,1,2,3,2,0,0,0.0,UL,0.9219280948873623,8,0,1,1,6,0.8,0.0,0.1,0.1,0.375,,0.0,0.0,0.0,0.0,0,dr,dl,midline,0,0,0,0,0
5,8,size11_comp0.4_grid8_base_medium,11,0.4,medium,base,base,5,4,9,9,0,1,1,1,1,0,-1,16,0.0,0.5,0.5,0.0,4,5,6,1,9,4,2,0,1,0,0,1,0.0625,UL,1.7381493331928664,6,4,1,2,3,0.46153846153846156,0.3076923076923077,0.07692307692307693,0.15384615384615385,0.1875,,0.0,0.0,0.0,0.0,0,dr,dl,midline,0,0,0,0,0
6,8,size11_comp0.4_grid8_base_medium,11,0.4,medium,base,base,5,4,9,9,0,1,1,1,1,0,-1,15,0.0,0.4666666666666667,0.4666666666666667,0.0,4,4,5,0,6,3,2,0,2,0,0,0,0.0,UL,1.061278124459133,6,0,1,1,7,0.75,0.0,0.125,0.125,0.4666666666666667,,0.0,0.0,0.0,0.0,0,dr,dl,midline,0,0,0,0,0
7,8,size11_comp0.4_grid8_base_medium,11,0.4,medium,base,base,5,4,9,9,0,1,1,1,1,0,-1,16,0.0,0.5,0.5,0.0,5,6,5,0,10,3,1,1,1,0,0,1,0.0625,UL,1.188721875540867,8,0,1,3,4,0.6666666666666666,0.0,0.08333333333333333,0.25,0.25,UL,0.125,0.0,0.0,0.0,2,dr,dl,midline,0,0,0,0,0
8,8,size11_comp0.4_grid8_base_medium,11,0.4,medium,base,base,5,4,9,9,0,1,1,1,1,0,-1,20,0.0,0.5,0.5,0.0,5,5,7,3,8,4,3,4,5,4,0,1,0.05,UL,1.789929075309999,5,3,2,1,9,0.45454545454545453,0.2727272727272727,0.18181818181818182,0.09090909090909091,0.45,,0.0,0.0,0.0,0.0,0,dr,dl,midline,0,0,0,0,0
9,8,size11_comp0.4_grid8_base_medium,11,0.4,medium,base,base,5,4,9,9,0,1,1,1,1,1,14,19,0.47368421052631576,0.631578947368421,0.5333333333333333,1.0,4,4,6,3,4,3,5,2,10,2,0,2,0.10526315789473684,DL,0.37123232664087563,0,0,13,1,5,0.0,0.0,0.9285714285714286,0.07142857142857142,0.2631578947368421,,0.0,0.0,0.0,0.0,0,dr,dl,midline,0,0,0,0,0
0,9,size11_comp0.4_grid9_base_medium,11,0.4,medium,base,base,7,4,11,3,4,1,1,1,1,0,-1,3,0.0,1.0,1.0,0.0,0,0,3,0,2,0,0,0,0,0,0,0,0.0,UR,-0.0,0,3,0,0,0,0.0,1.0,0.0,0.0,0.0,,0.0,0.0,0.0,0.0,0,ur,ur,midline,1,0,0,0,0
1,9,size11_comp0.4_grid9_base_medium,11,0.4,medium,base,base,7,4,11,3,4,1,1,1,1,0,-1,3,0.0,1.0,1.0,0.0,0,0,3,0,2,0,0,0,0,0,0,0,0.0,UR,-0.0,0,3,0,0,0,0.0,1.0,0.0,0.0,0.0,,0.0,0.0,0.0,0.0,0,ur,ur,midline,1,0,0,0,0
2,9,size11_comp0.4_grid9_base_medium,11,0.4,medium,base,base,7,4,11,3,4,1,1,1,1,0,-1,7,0.0,0.7142857142857143,0.7142857142857143,0.0,2,2,3,0,2,1,2,1,1,1,0,0,0.0,UR,-0.0,0,7,0,0,0,0.0,1.0,0.0,0.0,0.0,,0.0,0.0,0.0,0.0,0,ur,ur,midline,1,0,0,0,0
3,9,size11_comp0.4_grid9_base_medium,11,0.4,medium,base,base,7,4,11,3,4,1,1,1,1,0,-1,3,0.0,1.0,1.0,0.0,0,0,3,0,2,0,0,0,0,0,0,0,0.0,UR,-0.0,0,3,0,0,0,0.0,1.0,0.0,0.0,0.0,,0.0,0.0,0.0,0.0,0,ur,ur,midline,1,0,0,0,0
4,9,size11_comp0.4_grid9_base_medium,11,0.4,medium,base,base,7,4,11,3,4,1,1,1,1,0,-1,3,0.0,1.0,1.0,0.0,0,0,3,0,2,0,0,0,0,0,0,0,0.0,UR,-0.0,0,3,0,0,0,0.0,1.0,0.0,0.0,0.0,,0.0,0.0,0.0,0.0,0,ur,ur,midline,1,0,0,0,0
5,9,size11_comp0.4_grid9_base_medium,11,0.4,medium,base,base,7,4,11,3,4,1,1,1,1,0,-1,6,0.0,0.6666666666666666,0.6666666666666666,0.0,1,1,3,1,1,2,1,1,1,0,0,1,0.16666666666666666,UR,-0.0,0,6,0,0,0,0.0,1.0,0.0,0.0,0.0,,0.0,0.0,0.0,0.0,0,ur,ur,midline,1,0,0,0,0
6,9,size11_comp0.4_grid9_base_medium,11,0.4,medium,base,base,7,4,11,3,4,1,1,1,1,0,-1,3,0.0,1.0,1.0,0.0,0,0,3,0,2,0,0,0,0,0,0,0,0.0,UR,-0.0,0,3,0,0,0,0.0,1.0,0.0,0.0,0.0,,0.0,0.0,0.0,0.0,0,ur,ur,midline,1,0,0,0,0
7,9,size11_comp0.4_grid9_base_medium,11,0.4,medium,base,base,7,4,11,3,4,1,1,1,1,0,-1,5,0.0,0.8,0.8,0.0,1,1,3,0,1,2,1,0,0,0,0,0,0.0,UR,-0.0,0,5,0,0,0,0.0,1.0,0.0,0.0,0.0,,0.0,0.0,0.0,0.0,0,ur,ur,midline,1,0,0,0,0
8,9,size11_comp0.4_grid9_base_medium,11,0.4,medium,base,base,7,4,11,3,4,1,1,1,1,0,-1,5,0.0,0.8,0.8,0.0,1,1,3,0,0,2,2,0,0,0,0,0,0.0,UR,-0.0,0,5,0,0,0,0.0,1.0,0.0,0.0,0.0,,0.0,0.0,0.0,0.0,0,ur,ur,midline,1,0,0,0,0
9,9,size11_comp0.4_grid9_base_medium,11,0.4,medium,base,base,7,4,11,3,4,1,1,1,1,0,-1,3,0.0,1.0,1.0,0.0,0,0,3,0,2,0,0,0,0,0,0,0,0.0,UR,-0.0,0,3,0,0,0,0.0,1.0,0.0,0.0,0.0,,0.0,0.0,0.0,0.0,0,ur,ur,midline,1,0,0,0,0
0,0,size11_comp0.6_grid0_base_medium,11,0.6,medium,base,base,13,8,21,5,8,1,1,1,1,0,-1,6,0.0,0.8333333333333334,0.8333333333333334,0.0,0,2,1,3,3,0,1,1,1,0,0,1,0.16666666666666666,UL,-0.0,6,0,0,0,0,1.0,0.0,0.0,0.0,0.0,UL,0.16666666666666666,0.0,0.0,0.0,1,ul,ul,dr,1,0,0,0,0
1,0,size11_comp0.6_grid0_base_medium,11,0.6,medium,base,base,13,8,21,5,8,1,1,1,1,0,-1,5,0.0,1.0,1.0,0.0,0,2,0,3,3,1,0,0,0,0,0,0,0.0,UL,-0.0,5,0,0,0,0,1.0,0.0,0.0,0.0,0.0,UL,0.2,0.0,0.0,0.0,1,ul,ul,dr,1,0,0,0,0
2,0,size11_comp0.6_grid0_base_medium,11,0.6,medium,base,base,13,8,21,5,8,1,1,1,1,0,-1,6,0.0,0.8333333333333334,0.8333333333333334,0.0,0,2,1,3,3,0,1,1,1,0,0,1,0.16666666666666666,UL,-0.0,6,0,0,0,0,1.0,0.0,0.0,0.0,0.0,UL,0.16666666666666666,0.0,0.0,0.0,1,ul,ul,dr,1,0,0,0,0
3,0,size11_comp0.6_grid0_base_medium,11,0.6,medium,base,base,13,8,21,5,8,1,1,1,1,0,-1,13,0.0,0.5384615384615384,0.5384615384615384,0.0,2,3,4,4,5,2,2,3,7,3,0,4,0.3076923076923077,UL,-0.0,12,0,0,0,1,1.0,0.0,0.0,0.0,0.07692307692307693,UL,0.3076923076923077,0.0,0.0,0.0,4,ul,ul,dr,1,0,0,0,0
4,0,size11_comp0.6_grid0_base_medium,11,0.6,medium,base,base,13,8,21,5,8,1,1,1,1,0,-1,7,0.0,0.8571428571428571,0.8571428571428571,0.0,1,3,0,3,3,1,2,0,0,0,0,0,0.0,UL,-0.0,7,0,0,0,0,1.0,0.0,0.0,0.0,0.0,UL,0.42857142857142855,0.0,0.0,0.0,3,ul,ul,dr,1,0,0,0,0
5,0,size11_comp0.6_grid0_base_medium,11,0.6,medium,base,base,13,8,21,5,8,1,1,1,1,0,-1,8,0.0,0.625,0.625,0.0,0,2,0,6,5,1,1,0,3,0,0,3,0.375,UL,-0.0,8,0,0,0,0,1.0,0.0,0.0,0.0,0.0,UL,0.5,0.0,0.0,0.0,4,ul,ul,dr,1,0,0,0,0
7,0,size11_comp0.6_grid0_base_medium,11,0.6,medium,base,base,13,8,21,5,8,1,1,1,1,0,-1,9,0.0,0.6666666666666666,0.6666666666666666,0.0,0,2,1,6,4,1,1,2,4,2,0,2,0.2222222222222222,UL,-0.0,9,0,0,0,0,1.0,0.0,0.0,0.0,0.0,UL,0.3333333333333333,0.0,0.0,0.0,3,ul,ul,dr,1,0,0,0,0
0,1,size11_comp0.6_grid1_base_medium,11,0.6,medium,base,base,7,7,14,14,0,1,1,1,1,0,-1,17,0.0,0.4117647058823529,0.4117647058823529,0.0,0,10,1,6,6,5,5,0,3,0,0,3,0.17647058823529413,DR,0.863120568566631,2,0,0,5,10,0.2857142857142857,0.0,0.0,0.7142857142857143,0.5882352941176471,DR,0.0,0.0,0.0,0.11764705882352941,2,midline,dr,midline,0,0,0,0,0
1,1,size11_comp0.6_grid1_base_medium,11,0.6,medium,base,base,7,7,14,14,0,1,1,1,1,0,-1,20,0.0,0.4,0.4,0.0,1,9,1,9,7,5,4,3,6,2,0,4,0.2,DR,0.9709505944546686,4,0,0,6,10,0.4,0.0,0.0,0.6,0.5,DR,0.0,0.0,0.0,0.1,2,midline,dr,midline,0,0,0,0,0
2,1,size11_comp0.6_grid1_base_medium,11,0.6,medium,base,base,7,7,14,14,0,1,1,1,1,0,-1,20,0.0,0.45,0.45,0.0,1,10,2,7,9,5,2,3,4,2,0,2,0.1,DR,1.4353713907745331,2,0,3,6,9,0.18181818181818182,0.0,0.2727272727272727,0.5454545454545454,0.45,DR,0.0,0.0,0.0,0.05,1,midline,dr,midline,0,0,0,0,0
4,1,size11_comp0.6_grid1_base_medium,11,0.6,medium,base,base,7,7,14,14,0,1,1,1,1,0,-1,17,0.0,0.47058823529411764,0.47058823529411764,0.0,0,8,2,7,7,5,3,1,2,0,0,1,0.058823529411764705,DR,0.7642045065086203,2,0,0,7,8,0.2222222222222222,0.0,0.0,0.7777777777777778,0.47058823529411764,DR,0.0,0.0,0.0,0.11764705882352941,2,midline,dr,midline,0,0,0,0,0
5,1,size11_comp0.6_grid1_base_medium,11,0.6,medium,base,base,7,7,14,14,0,1,1,1,1,0,-1,19,0.0,0.47368421052631576,0.47368421052631576,0.0,1,9,2,7,9,5,3,1,3,1,0,1,0.05263157894736842,DR,1.3787834934861753,2,1,0,4,12,0.2857142857142857,0.14285714285714285,0.0,0.5714285714285714,0.631578947368421,DR,0.0,0.0,0.0,0.10526315789473684,2,midline,dr,midline,0,0,0,0,0
6,1,size11_comp0.6_grid1_base_medium,11,0.6,medium,base,base,7,7,14,14,0,1,1,1,1,0,-1,16,0.0,0.5,0.5,0.0,0,8,2,6,6,5,3,1,1,1,0,0,0.0,DR,0.8112781244591328,2,0,0,6,8,0.25,0.0,0.0,0.75,0.5,DR,0.0,0.0,0.0,0.125,2,midline,dr,midline,0,0,0,0,0
8,1,size11_comp0.6_grid1_base_medium,11,0.6,medium,base,base,7,7,14,14,0,1,1,1,1,0,-1,14,0.0,0.5,0.5,0.0,0,8,1,5,7,3,3,0,0,0,0,0,0.0,DR,0.9182958340544896,2,0,0,4,8,0.3333333333333333,0.0,0.0,0.6666666666666666,0.5714285714285714,DR,0.0,0.0,0.0,0.14285714285714285,2,midline,dr,midline,0,0,0,0,0
9,1,size11_comp0.6_grid1_base_medium,11,0.6,medium,base,base,7,7,14,14,0,1,1,1,1,0,-1,21,0.0,0.42857142857142855,0.42857142857142855,0.0,1,9,2,9,6,5,5,4,7,4,0,3,0.14285714285714285,DR,0.7642045065086203,2,0,0,7,12,0.2222222222222222,0.0,0.0,0.7777777777777778,0.5714285714285714,DR,0.0,0.0,0.0,0.14285714285714285,3,midline,dr,midline,0,0,0,0,0
0,2,size11_comp0.6_grid2_base_medium,11,0.6,medium,base,base,12,15,27,9,11,1,1,1,1,0,-1,11,0.0,0.36363636363636365,0.36363636363636365,0.0,9,1,1,0,7,1,0,2,2,2,0,0,0.0,UR,0.9910760598382222,0,5,0,4,2,0.0,0.5555555555555556,0.0,0.4444444444444444,0.18181818181818182,UR,0.0,0.18181818181818182,0.0,0.18181818181818182,2,dr,ur,dl,0,0,0,0,0
1,2,size11_comp0.6_grid2_base_medium,11,0.6,medium,base,base,12,15,27,9,11,1,1,1,1,0,-1,9,0.0,0.3333333333333333,0.3333333333333333,0.0,8,0,1,0,7,1,0,0,0,0,0,0,0.0,UR,1.0,0,4,0,4,1,0.0,0.5,0.0,0.5,0.1111111111111111,UR,0.0,0.2222222222222222,0.0,0.2222222222222222,2,dr,ur,dl,0,0,0,0,0
2,2,size11_comp0.6_grid2_base_medium,11,0.6,medium,base,base,12,15,27,9,11,1,1,1,1,0,-1,10,0.0,0.3,0.3,0.0,8,0,2,0,6,2,1,0,1,0,0,1,0.1,UR,1.0,0,4,0,4,2,0.0,0.5,0.0,0.5,0.2,UR,0.0,0.2,0.0,0.2,2,dr,ur,dl,0,0,0,0,0
3,2,size11_comp0.6_grid2_base_medium,11,0.6,medium,base,base,12,15,27,9,11,1,1,1,1,0,-1,10,0.0,0.3,0.3,0.0,8,0,2,0,6,2,1,0,1,0,0,1,0.1,UR,0.9910760598382222,0,5,0,4,1,0.0,0.5555555555555556,0.0,0.4444444444444444,0.1,UR,0.0,0.2,0.0,0.2,2,dr,ur,dl,0,0,0,0,0
4,2,size11_comp0.6_grid2_base_medium,11,0.6,medium,base,base,12,15,27,9,11,1,1,1,1,0,-1,15,0.0,0.4,0.4,0.0,8,0,4,3,9,1,2,2,3,2,0,0,0.0,DR,0.863120568566631,0,4,0,10,1,0.0,0.2857142857142857,0.0,0.7142857142857143,0.06666666666666667,DR,0.0,0.0,0.0,0.26666666666666666,3,dr,ur,dl,1,0,0,0,0
5,2,size11_comp0.6_grid2_base_medium,11,0.6,medium,base,base,12,15,27,9,11,1,1,1,1,0,-1,12,0.0,0.3333333333333333,0.3333333333333333,0.0,8,0,3,1,7,1,3,0,1,0,0,1,0.08333333333333333,DR,0.9940302114769565,0,5,0,6,1,0.0,0.45454545454545453,0.0,0.5454545454545454,0.08333333333333333,DR,0.0,0.0,0.0,0.16666666666666666,2,dr,ur,dl,1,0,0,0,0
6,2,size11_comp0.6_grid2_base_medium,11,0.6,medium,base,base,12,15,27,9,11,1,1,1,1,0,-1,13,0.0,0.38461538461538464,0.38461538461538464,0.0,8,0,3,2,6,2,4,0,0,0,0,0,0.0,UR,1.0,0,6,0,6,1,0.0,0.5,0.0,0.5,0.07692307692307693,DR,0.0,0.0,0.0,0.23076923076923078,3,dr,ur,dl,0,0,0,0,0
7,2,size11_comp0.6_grid2_base_medium,11,0.6,medium,base,base,12,15,27,9,11,1,1,1,1,0,-1,9,0.0,0.3333333333333333,0.3333333333333333,0.0,8,0,1,0,7,1,0,0,0,0,0,0,0.0,UR,1.0,0,4,0,4,1,0.0,0.5,0.0,0.5,0.1111111111111111,UR,0.0,0.2222222222222222,0.0,0.2222222222222222,2,dr,ur,dl,0,0,0,0,0
8,2,size11_comp0.6_grid2_base_medium,11,0.6,medium,base,base,12,15,27,9,11,1,1,1,1,0,-1,14,0.0,0.35714285714285715,0.35714285714285715,0.0,9,1,3,1,8,2,3,0,2,0,0,1,0.07142857142857142,DR,0.8904916402194913,0,4,0,9,1,0.0,0.3076923076923077,0.0,0.6923076923076923,0.07142857142857142,DR,0.0,0.0,0.0,0.2857142857142857,2,dr,ur,dl,1,0,0,0,0
9,2,size11_comp0.6_grid2_base_medium,11,0.6,medium,base,base,12,15,27,9,11,1,1,1,1,0,-1,13,0.0,0.38461538461538464,0.38461538461538464,0.0,8,0,3,2,5,3,3,1,1,1,0,0,0.0,DR,0.9709505944546686,0,4,0,6,3,0.0,0.4,0.0,0.6,0.23076923076923078,DR,0.0,0.0,0.0,0.23076923076923078,3,dr,ur,dl,1,0,0,0,0
0,3,size11_comp0.6_grid3_base_medium,11,0.6,medium,base,base,6,5,11,9,1,1,1,1,1,0,-1,16,0.0,0.5,0.5,0.0,5,2,7,2,3,4,6,2,5,2,0,1,0.0625,UR,1.0957952550009336,1,8,0,2,5,0.09090909090909091,0.7272727272727273,0.0,0.18181818181818182,0.3125,,0.0,0.0,0.0,0.0,0,dr,ul,ur,0,1,0,0,0
1,3,size11_comp0.6_grid3_base_medium,11,0.6,medium,base,base,6,5,11,9,1,1,1,1,1,0,-1,9,0.0,0.5555555555555556,0.5555555555555556,0.0,3,0,6,0,5,2,1,0,0,0,0,0,0.0,UR,1.1488348542809166,1,5,0,1,2,0.14285714285714285,0.7142857142857143,0.0,0.14285714285714285,0.2222222222222222,,0.0,0.0,0.0,0.0,0,dr,ul,ur,0,1,0,0,0
2,3,size11_comp0.6_grid3_base_medium,11,0.6,medium,base,base,6,5,11,9,1,1,1,1,1,0,-1,17,0.0,0.5294117647058824,0.5294117647058824,0.0,7,4,6,0,6,5,2,3,3,3,0,0,0.0,UR,1.5306189948485174,3,6,0,5,3,0.21428571428571427,0.42857142857142855,0.0,0.35714285714285715,0.17647058823529413,,0.0,0.0,0.0,0.0,0,dr,ul,ur,0,1,0,0,0
3,3,size11_comp0.6_grid3_base_medium,11,0.6,medium,base,base,6,5,11,9,1,1,1,1,1,0,-1,13,0.0,0.5384615384615384,0.5384615384615384,0.0,5,2,6,0,2,4,4,2,2,2,0,0,0.0,UR,1.3787834934861753,1,4,0,2,6,0.14285714285714285,0.5714285714285714,0.0,0.2857142857142857,0.46153846153846156,,0.0,0.0,0.0,0.0,0,dr,ul,ur,0,1,0,0,0
4,3,size11_comp0.6_grid3_base_medium,11,0.6,medium,base,base,6,5,11,9,1,1,1,1,1,0,-1,14,0.0,0.5,0.5,0.0,6,2,6,0,5,4,4,0,1,0,0,1,0.07142857142857142,UR,1.1567796494470395,1,7,0,2,4,0.1,0.7,0.0,0.2,0.2857142857142857,,0.0,0.0,0.0,0.0,0,dr,ul,ur,0,1,0,0,0
5,3,size11_comp0.6_grid3_base_medium,11,0.6,medium,base,base,6,5,11,9,1,1,1,1,1,0,-1,11,0.0,0.5454545454545454,0.5454545454545454,0.0,4,1,6,0,3,2,4,1,1,1,0,0,0.0,UR,1.3787834934861753,1,4,0,2,4,0.14285714285714285,0.5714285714285714,0.0,0.2857142857142857,0.36363636363636365,,0.0,0.0,0.0,0.0,0,dr,ul,ur,0,1,0,0,0
6,3,size11_comp0.6_grid3_base_medium,11,0.6,medium,base,base,6,5,11,9,1,1,1,1,1,0,-1,9,0.0,0.5555555555555556,0.5555555555555556,0.0,3,0,6,0,4,2,2,0,0,0,0,0,0.0,UR,1.4591479170272448,1,3,0,2,3,0.16666666666666666,0.5,0.0,0.3333333333333333,0.3333333333333333,,0.0,0.0,0.0,0.0,0,dr,ul,ur,0,1,0,0,0
7,3,size11_comp0.6_grid3_base_medium,11,0.6,medium,base,base,6,5,11,9,1,1,1,1,1,0,-1,10,0.0,0.5,0.5,0.0,4,0,6,0,5,2,2,0,1,0,0,1,0.1,UR,1.561278124459133,2,3,0,3,2,0.25,0.375,0.0,0.375,0.2,,0.0,0.0,0.0,0.0,0,dr,ul,ur,0,1,0,0,0
8,3,size11_comp0.6_grid3_base_medium,11,0.6,medium,base,base,6,5,11,9,1,1,1,1,1,0,-1,13,0.0,0.5384615384615384,0.5384615384615384,0.0,4,1,7,1,6,1,5,0,2,0,0,0,0.0,UR,1.3516441151533924,1,5,0,3,4,0.1111111111111111,0.5555555555555556,0.0,0.3333333333333333,0.3076923076923077,,0.0,0.0,0.0,0.0,0,dr,ul,ur,0,1,0,0,0
9,3,size11_comp0.6_grid3_base_medium,11,0.6,medium,base,base,6,5,11,9,1,1,1,1,1,0,-1,19,0.0,0.47368421052631576,0.47368421052631576,0.0,8,4,6,1,6,4,5,3,5,3,0,2,0.10526315789473684,UR,0.7345299214394703,1,12,0,1,5,0.07142857142857142,0.8571428571428571,0.0,0.07142857142857142,0.2631578947368421,UR,0.0,0.15789473684210525,0.0,0.0,3,dr,ul,ur,0,1,0,0,0
0,4,size11_comp0.6_grid4_base_medium,11,0.6,medium,base,base,12,9,21,11,8,1,1,1,1,0,-1,12,0.0,0.5833333333333334,0.5833333333333334,0.0,4,0,8,0,9,1,1,0,1,0,0,1,0.08333333333333333,DL,1.0,0,0,5,5,2,0.0,0.0,0.5,0.5,0.16666666666666666,,0.0,0.0,0.0,0.0,0,dr,ul,ur,0,0,0,0,0
1,4,size11_comp0.6_grid4_base_medium,11,0.6,medium,base,base,12,9,21,11,8,1,1,1,1,0,-1,19,0.0,0.42105263157894735,0.42105263157894735,0.0,6,1,10,0,7,4,3,0,6,0,0,4,0.21052631578947367,DR,0.9967916319816366,7,0,0,8,4,0.4666666666666667,0.0,0.0,0.5333333333333333,0.21052631578947367,,0.0,0.0,0.0,0.0,0,dr,ul,ur,1,0,0,0,0
2,4,size11_comp0.6_grid4_base_medium,11,0.6,medium,base,base,12,9,21,11,8,1,1,1,1,0,-1,11,0.0,0.6363636363636364,0.6363636363636364,0.0,3,0,8,0,9,0,1,0,0,0,0,0,0.0,DL,0.9910760598382222,0,0,5,4,2,0.0,0.0,0.5555555555555556,0.4444444444444444,0.18181818181818182,,0.0,0.0,0.0,0.0,0,dr,ul,ur,0,0,0,0,0
3,4,size11_comp0.6_grid4_base_medium,11,0.6,medium,base,base,12,9,21,11,8,1,1,1,1,0,-1,12,0.0,0.5833333333333334,0.5833333333333334,0.0,4,0,8,0,9,1,1,0,1,0,0,1,0.08333333333333333,DL,1.0,0,0,5,5,2,0.0,0.0,0.5,0.5,0.16666666666666666,,0.0,0.0,0.0,0.0,0,dr,ul,ur,0,0,0,0,0
4,4,size11_comp0.6_grid4_base_medium,11,0.6,medium,base,base,12,9,21,11,8,1,1,1,1,0,-1,15,0.0,0.5333333333333333,0.5333333333333333,0.0,5,1,9,0,7,4,2,1,3,1,0,2,0.13333333333333333,DL,0.9940302114769565,0,0,6,5,4,0.0,0.0,0.5454545454545454,0.45454545454545453,0.26666666666666666,,0.0,0.0,0.0,0.0,0,dr,ul,ur,0,0,0,0,0
5,4,size11_comp0.6_grid4_base_medium,11,0.6,medium,base,base,12,9,21,11,8,1,1,1,1,0,-1,17,0.0,0.47058823529411764,0.47058823529411764,0.0,6,1,10,0,9,2,4,1,5,1,0,4,0.23529411764705882,DR,0.9967916319816366,0,0,7,8,2,0.0,0.0,0.4666666666666667,0.5333333333333333,0.11764705882352941,,0.0,0.0,0.0,0.0,0,dr,ul,ur,1,0,0,0,0
6,4,size11_comp0.6_grid4_base_medium,11,0.6,medium,base,base,12,9,21,11,8,1,1,1,1,0,-1,16,0.0,0.5625,0.5625,0.0,5,1,9,1,6,4,3,2,3,2,0,1,0.0625,UL,0.9940302114769565,6,0,0,5,5,0.5454545454545454,0.0,0.0,0.45454545454545453,0.3125,,0.0,0.0,0.0,0.0,0,dr,ul,ur,0,0,0,0,0
7,4,size11_comp0.6_grid4_base_medium,11,0.6,medium,base,base,12,9,21,11,8,1,1,1,1,0,-1,16,0.0,0.5,0.5,0.0,7,1,8,0,6,5,4,0,3,0,0,3,0.1875,UL,0.9910760598382222,5,0,0,4,7,0.5555555555555556,0.0,0.0,0.4444444444444444,0.4375,,0.0,0.0,0.0,0.0,0,dr,ul,ur,0,0,0,0,0
8,4,size11_comp0.6_grid4_base_medium,11,0.6,medium,base,base,12,9,21,11,8,1,1,1,1,0,-1,12,0.0,0.5833333333333334,0.5833333333333334,0.0,3,0,9,0,10,0,1,0,1,0,0,1,0.08333333333333333,DL,0.9709505944546686,0,0,6,4,2,0.0,0.0,0.6,0.4,0.16666666666666666,,0.0,0.0,0.0,0.0,0,dr,ul,ur,0,0,0,0,0
9,4,size11_comp0.6_grid4_base_medium,11,0.6,medium,base,base,12,9,21,11,8,1,1,1,1,0,-1,13,0.0,0.6153846153846154,0.6153846153846154,0.0,4,1,8,0,9,2,1,0,0,0,0,0,0.0,UL,1.5726236638951638,4,0,3,4,2,0.36363636363636365,0.0,0.2727272727272727,0.36363636363636365,0.15384615384615385,,0.0,0.0,0.0,0.0,0,dr,ul,ur,0,0,0,0,0
0,5,size11_comp0.6_grid5_base_medium,11,0.6,medium,base,base,6,14,20,10,5,1,1,1,1,0,-1,11,0.0,0.09090909090909091,0.09090909090909091,0.0,5,0,6,0,6,2,2,0,1,0,0,1,0.09090909090909091,UR,1.5304930567574826,2,4,0,3,2,0.2222222222222222,0.4444444444444444,0.0,0.3333333333333333,0.18181818181818182,,0.0,0.0,0.0,0.0,0,dr,ul,dl,0,0,0,0,0
1,5,size11_comp0.6_grid5_base_medium,11,0.6,medium,base,base,6,14,20,10,5,1,1,1,1,0,-1,10,0.0,0.1,0.1,0.0,4,0,6,0,7,1,1,0,0,0,0,0,0.0,UR,1.561278124459133,2,3,0,3,2,0.25,0.375,0.0,0.375,0.2,,0.0,0.0,0.0,0.0,0,dr,ul,dl,0,0,0,0,0
2,5,size11_comp0.6_grid5_base_medium,11,0.6,medium,base,base,6,14,20,10,5,1,1,1,1,0,-1,13,0.0,0.15384615384615385,0.15384615384615385,0.0,4,0,7,2,6,1,2,3,3,2,0,1,0.07692307692307693,UR,1.4854752972273344,2,5,0,3,3,0.2,0.5,0.0,0.3,0.23076923076923078,,0.0,0.0,0.0,0.0,0,dr,ul,dl,0,0,0,0,0
3,5,size11_comp0.6_grid5_base_medium,11,0.6,medium,base,base,6,14,20,10,5,1,1,1,1,0,-1,11,0.0,0.09090909090909091,0.09090909090909091,0.0,5,0,6,0,5,3,2,0,1,0,0,1,0.09090909090909091,UR,1.5304930567574826,2,4,0,3,2,0.2222222222222222,0.4444444444444444,0.0,0.3333333333333333,0.18181818181818182,,0.0,0.0,0.0,0.0,0,dr,ul,dl,0,0,0,0,0
4,5,size11_comp0.6_grid5_base_medium,11,0.6,medium,base,base,6,14,20,10,5,1,1,1,1,0,-1,12,0.0,0.16666666666666666,0.16666666666666666,0.0,4,0,7,1,6,2,1,2,2,2,0,0,0.0,UR,1.5304930567574826,2,4,0,3,3,0.2222222222222222,0.4444444444444444,0.0,0.3333333333333333,0.25,,0.0,0.0,0.0,0.0,0,dr,ul,dl,0,0,0,0,0
5,5,size11_comp0.6_grid5_base_medium,11,0.6,medium,base,base,6,14,20,10,5,1,1,1,1,0,-1,12,0.0,0.16666666666666666,0.16666666666666666,0.0,5,1,6,0,5,2,3,1,1,1,0,0,0.0,UL,1.5709505944546684,4,3,0,3,2,0.4,0.3,0.0,0.3,0.16666666666666666,,0.0,0.0,0.0,0.0,0,dr,ul,dl,0,0,0,0,0
6,5,size11_comp0.6_grid5_base_medium,11,0.6,medium,base,base,6,14,20,10,5,1,1,1,1,0,-1,17,0.0,0.23529411764705882,0.23529411764705882,0.0,7,3,6,1,4,6,3,3,5,3,0,1,0.058823529411764705,UL,1.5,6,3,0,3,5,0.5,0.25,0.0,0.25,0.29411764705882354,,0.0,0.0,0.0,0.0,0,dr,ul,dl,0,0,0,0,0
7,5,size11_comp0.6_grid5_base_medium,11,0.6,medium,base,base,6,14,20,10,5,1,1,1,1,0,-1,16,0.0,0.25,0.25,0.0,5,1,8,2,6,2,4,3,4,3,0,0,0.0,UL,1.41379956460568,8,3,0,3,2,0.5714285714285714,0.21428571428571427,0.0,0.21428571428571427,0.125,,0.0,0.0,0.0,0.0,0,dr,ul,dl,0,0,0,0,0
8,5,size11_comp0.6_grid5_base_medium,11,0.6,medium,base,base,6,14,20,10,5,1,1,1,1,0,-1,12,0.0,0.16666666666666666,0.16666666666666666,0.0,5,1,6,0,6,1,3,1,1,1,0,0,0.0,UL,1.5709505944546684,4,3,0,3,2,0.4,0.3,0.0,0.3,0.16666666666666666,,0.0,0.0,0.0,0.0,0,dr,ul,dl,0,0,0,0,0
9,5,size11_comp0.6_grid5_base_medium,11,0.6,medium,base,base,6,14,20,10,5,1,1,1,1,0,-1,15,0.0,0.2,0.2,0.0,4,0,8,3,5,3,2,4,5,4,0,1,0.06666666666666667,UR,1.4353713907745331,2,6,0,3,4,0.18181818181818182,0.5454545454545454,0.0,0.2727272727272727,0.26666666666666666,,0.0,0.0,0.0,0.0,0,dr,ul,dl,0,0,0,0,0
0,6,size11_comp0.6_grid6_base_medium,11,0.6,medium,base,base,12,10,22,6,10,1,1,1,1,0,-1,6,0.0,0.6666666666666666,0.6666666666666666,0.0,4,0,2,0,3,1,1,0,0,0,0,0,0.0,UL,0.9182958340544896,2,0,1,0,3,0.6666666666666666,0.0,0.3333333333333333,0.0,0.5,,0.0,0.0,0.0,0.0,0,dl,ul,ur,0,0,0,0,0
1,6,size11_comp0.6_grid6_base_medium,11,0.6,medium,base,base,12,10,22,6,10,1,1,1,1,0,-1,6,0.0,0.6666666666666666,0.6666666666666666,0.0,4,0,2,0,3,1,1,0,0,0,0,0,0.0,UL,0.9182958340544896,2,0,1,0,3,0.6666666666666666,0.0,0.3333333333333333,0.0,0.5,,0.0,0.0,0.0,0.0,0,dl,ul,ur,0,0,0,0,0
2,6,size11_comp0.6_grid6_base_medium,11,0.6,medium,base,base,12,10,22,6,10,1,1,1,1,0,-1,8,0.0,0.625,0.625,0.0,5,1,2,0,4,0,2,1,1,1,0,0,0.0,UL,0.8112781244591328,3,0,1,0,4,0.75,0.0,0.25,0.0,0.5,,0.0,0.0,0.0,0.0,0,dl,ul,ur,0,0,0,0,0
3,6,size11_comp0.6_grid6_base_medium,11,0.6,medium,base,base,12,10,22,6,10,1,1,1,1,0,-1,7,0.0,0.5714285714285714,0.5714285714285714,0.0,4,0,3,0,2,2,2,0,1,0,0,1,0.14285714285714285,UL,0.8112781244591328,3,0,1,0,3,0.75,0.0,0.25,0.0,0.42857142857142855,,0.0,0.0,0.0,0.0,0,dl,ul,ur,0,0,0,0,0
4,6,size11_comp0.6_grid6_base_medium,11,0.6,medium,base,base,12,10,22,6,10,1,1,1,1,0,-1,9,0.0,0.5555555555555556,0.5555555555555556,0.0,5,1,3,0,4,1,3,0,1,0,0,1,0.1111111111111111,DL,0.954434002924965,3,0,5,0,1,0.375,0.0,0.625,0.0,0.1111111111111111,,0.0,0.0,0.0,0.0,0,dl,ul,ur,1,0,0,0,0
5,6,size11_comp0.6_grid6_base_medium,11,0.6,medium,base,base,12,10,22,6,10,1,1,1,1,0,-1,7,0.0,0.5714285714285714,0.5714285714285714,0.0,5,0,2,0,2,2,2,0,1,0,0,1,0.14285714285714285,UL,0.9182958340544896,2,0,1,0,4,0.6666666666666666,0.0,0.3333333333333333,0.0,0.5714285714285714,,0.0,0.0,0.0,0.0,0,dl,ul,ur,0,0,0,0,0
6,6,size11_comp0.6_grid6_base_medium,11,0.6,medium,base,base,12,10,22,6,10,1,1,1,1,0,-1,7,0.0,0.5714285714285714,0.5714285714285714,0.0,4,0,3,0,4,1,1,0,1,0,0,1,0.14285714285714285,UL,0.9182958340544896,2,0,1,0,4,0.6666666666666666,0.0,0.3333333333333333,0.0,0.5714285714285714,,0.0,0.0,0.0,0.0,0,dl,ul,ur,0,0,0,0,0
7,6,size11_comp0.6_grid6_base_medium,11,0.6,medium,base,base,12,10,22,6,10,1,1,1,1,0,-1,6,0.0,0.6666666666666666,0.6666666666666666,0.0,4,0,2,0,3,1,1,0,0,0,0,0,0.0,UL,0.9182958340544896,2,0,1,0,3,0.6666666666666666,0.0,0.3333333333333333,0.0,0.5,,0.0,0.0,0.0,0.0,0,dl,ul,ur,0,0,0,0,0
8,6,size11_comp0.6_grid6_base_medium,11,0.6,medium,base,base,12,10,22,6,10,1,1,1,1,0,-1,8,0.0,0.5,0.5,0.0,4,0,4,0,5,1,1,0,2,0,0,2,0.25,UL,0.9182958340544896,2,0,1,0,5,0.6666666666666666,0.0,0.3333333333333333,0.0,0.625,,0.0,0.0,0.0,0.0,0,dl,ul,ur,0,0,0,0,0
9,6,size11_comp0.6_grid6_base_medium,11,0.6,medium,base,base,12,10,22,6,10,1,1,1,1,0,-1,7,0.0,0.5714285714285714,0.5714285714285714,0.0,4,0,3,0,2,2,2,0,1,0,0,1,0.14285714285714285,UL,0.8112781244591328,3,0,1,0,3,0.75,0.0,0.25,0.0,0.42857142857142855,,0.0,0.0,0.0,0.0,0,dl,ul,ur,0,0,0,0,0
0,7,size11_comp0.6_grid7_base_medium,11,0.6,medium,base,base,16,7,23,15,5,1,1,1,1,0,-1,21,0.0,0.7142857142857143,0.7142857142857143,0.0,4,10,6,1,11,2,1,6,6,6,0,0,0.0,UR,1.4618381992568745,7,9,3,0,2,0.3684210526315789,0.47368421052631576,0.15789473684210525,0.0,0.09523809523809523,,0.0,0.0,0.0,0.0,0,ur,dl,dr,1,0,0,0,0
1,7,size11_comp0.6_grid7_base_medium,11,0.6,medium,base,base,16,7,23,15,5,1,1,1,1,0,-1,26,0.0,0.6538461538461539,0.6538461538461539,0.0,3,9,9,4,11,5,4,3,5,3,0,0,0.0,UR,1.55887184844536,7,8,5,0,6,0.35,0.4,0.25,0.0,0.23076923076923078,UR,0.0,0.19230769230769232,0.0,0.0,5,ur,dl,dr,1,0,0,0,0
2,7,size11_comp0.6_grid7_base_medium,11,0.6,medium,base,base,16,7,23,15,5,1,1,1,1,0,-1,27,0.0,0.5555555555555556,0.5555555555555556,0.0,3,13,7,2,11,3,4,5,10,3,0,4,0.14814814814814814,UR,1.370862465083061,7,13,3,0,4,0.30434782608695654,0.5652173913043478,0.13043478260869565,0.0,0.14814814814814814,,0.0,0.0,0.0,0.0,0,ur,dl,dr,1,0,0,0,0
3,7,size11_comp0.6_grid7_base_medium,11,0.6,medium,base,base,16,7,23,15,5,1,1,1,1,0,-1,46,0.0,0.5869565217391305,0.5869565217391305,0.0,12,17,11,6,14,13,1,17,25,16,0,1,0.021739130434782608,UR,1.2359294577833526,7,29,7,0,3,0.16279069767441862,0.6744186046511628,0.16279069767441862,0.0,0.06521739130434782,UR,0.0,0.08695652173913043,0.0,0.0,2,ur,dl,dr,1,0,0,0,0
4,7,size11_comp0.6_grid7_base_medium,11,0.6,medium,base,base,16,7,23,15,5,1,1,1,1,0,-1,30,0.0,0.6,0.6,0.0,4,11,9,4,13,4,3,5,12,5,0,1,0.03333333333333333,UR,1.3213264188253429,5,17,5,0,3,0.18518518518518517,0.6296296296296297,0.18518518518518517,0.0,0.1,UR,0.0,0.03333333333333333,0.0,0.0,1,ur,dl,dr,1,0,0,0,0
5,7,size11_comp0.6_grid7_base_medium,11,0.6,medium,base,base,16,7,23,15,5,1,1,1,1,0,-1,40,0.0,0.525,0.525,0.0,9,18,8,3,11,8,5,11,21,8,0,5,0.125,UR,1.3472230399326601,8,22,6,0,4,0.2222222222222222,0.6111111111111112,0.16666666666666666,0.0,0.1,UR,0.0,0.1,0.0,0.0,3,ur,dl,dr,1,0,0,0,0
6,7,size11_comp0.6_grid7_base_medium,11,0.6,medium,base,base,16,7,23,15,5,1,1,1,1,0,-1,22,0.0,0.6818181818181818,0.6818181818181818,0.0,5,11,6,0,10,3,2,6,7,6,0,1,0.045454545454545456,UL,1.5,10,5,5,0,2,0.5,0.25,0.25,0.0,0.09090909090909091,,0.0,0.0,0.0,0.0,0,ur,dl,dr,0,0,0,0,0
7,7,size11_comp0.6_grid7_base_medium,11,0.6,medium,base,base,16,7,23,15,5,1,1,1,1,0,-1,21,0.0,0.6666666666666666,0.6666666666666666,0.0,3,9,7,1,8,5,3,2,4,2,0,1,0.047619047619047616,UL,1.584962500721156,6,6,6,0,3,0.3333333333333333,0.3333333333333333,0.3333333333333333,0.0,0.14285714285714285,UR,0.0,0.14285714285714285,0.0,0.0,3,ur,dl,dr,0,0,0,0,0
8,7,size11_comp0.6_grid7_base_medium,11,0.6,medium,base,base,16,7,23,15,5,1,1,1,1,0,-1,30,0.0,0.6,0.6,0.0,5,11,9,4,10,5,4,8,13,7,0,2,0.06666666666666667,UL,1.3824373408045867,13,8,3,0,6,0.5416666666666666,0.3333333333333333,0.125,0.0,0.2,,0.0,0.0,0.0,0.0,0,ur,dl,dr,0,0,0,0,0
9,7,size11_comp0.6_grid7_base_medium,11,0.6,medium,base,base,16,7,23,15,5,1,1,1,1,0,-1,32,0.0,0.59375,0.59375,0.0,7,13,8,3,12,5,4,8,15,8,0,2,0.0625,UL,1.374252785132226,14,10,3,0,5,0.5185185185185185,0.37037037037037035,0.1111111111111111,0.0,0.15625,UR,0.0,0.03125,0.0,0.0,1,ur,dl,dr,0,0,0,0,0
0,8,size11_comp0.6_grid8_base_medium,11,0.6,medium,base,base,8,5,13,13,0,1,1,1,1,0,-1,24,0.0,0.5416666666666666,0.5416666666666666,0.0,6,0,6,12,12,2,1,8,11,8,0,1,0.041666666666666664,DR,0.8569957178540346,0,1,3,17,3,0.0,0.047619047619047616,0.14285714285714285,0.8095238095238095,0.125,DR,0.0,0.0,0.041666666666666664,0.375,9,dl,ur,dr,0,1,0,0,0
1,8,size11_comp0.6_grid8_base_medium,11,0.6,medium,base,base,8,5,13,13,0,1,1,1,1,0,-1,24,0.0,0.4583333333333333,0.4583333333333333,0.0,10,4,1,8,11,5,2,3,9,1,0,4,0.16666666666666666,DL,1.2326602568158205,0,1,10,7,6,0.0,0.05555555555555555,0.5555555555555556,0.3888888888888889,0.25,DR,0.0,0.0,0.041666666666666664,0.125,3,dl,ur,dr,1,0,0,0,0
2,8,size11_comp0.6_grid8_base_medium,11,0.6,medium,base,base,8,5,13,13,0,1,1,1,1,0,-1,18,0.0,0.5,0.5,0.0,8,1,1,8,8,2,4,3,5,2,0,3,0.16666666666666666,DR,1.4949188482339508,0,2,4,5,7,0.0,0.18181818181818182,0.36363636363636365,0.45454545454545453,0.3888888888888889,DL,0.0,0.0,0.05555555555555555,0.0,1,dl,ur,dr,0,1,0,0,0
3,8,size11_comp0.6_grid8_base_medium,11,0.6,medium,base,base,8,5,13,13,0,1,1,1,1,0,-1,20,0.0,0.55,0.55,0.0,7,1,2,10,7,3,4,5,6,5,0,1,0.05,DR,1.3346791410515946,0,2,3,8,7,0.0,0.15384615384615385,0.23076923076923078,0.6153846153846154,0.35,DL,0.0,0.0,0.05,0.0,1,dl,ur,dr,0,1,0,0,0
4,8,size11_comp0.6_grid8_base_medium,11,0.6,medium,base,base,8,5,13,13,0,1,1,1,1,0,-1,24,0.0,0.5416666666666666,0.5416666666666666,0.0,9,2,3,10,7,6,3,7,9,7,0,1,0.041666666666666664,DL,0.9864267287308425,0,2,14,2,6,0.0,0.1111111111111111,0.7777777777777778,0.1111111111111111,0.25,DL,0.0,0.0,0.041666666666666664,0.0,1,dl,ur,dr,1,0,0,0,0
5,8,size11_comp0.6_grid8_base_medium,11,0.6,medium,base,base,8,5,13,13,0,1,1,1,1,0,-1,39,0.0,0.46153846153846156,0.46153846153846156,0.0,14,2,8,15,14,6,7,11,23,11,0,6,0.15384615384615385,DR,0.8837122601251458,0,3,3,26,7,0.0,0.09375,0.09375,0.8125,0.1794871794871795,DR,0.0,0.0,0.02564102564102564,0.20512820512820512,5,dl,ur,dr,0,1,0,0,0
6,8,size11_comp0.6_grid8_base_medium,11,0.6,medium,base,base,8,5,13,13,0,1,1,1,1,1,14,22,0.5909090909090909,0.7727272727272727,0.7333333333333333,0.8571428571428571,10,3,1,8,6,5,4,6,8,6,1,1,0.045454545454545456,DL,1.419556298571613,0,2,7,4,9,0.0,0.15384615384615385,0.5384615384615384,0.3076923076923077,0.4090909090909091,DL,0.0,0.0,0.045454545454545456,0.0,1,dl,ur,dr,1,0,0,0,0
7,8,size11_comp0.6_grid8_base_medium,11,0.6,medium,base,base,8,5,13,13,0,1,1,1,1,0,-1,14,0.0,0.5714285714285714,0.5714285714285714,0.0,7,0,0,7,10,2,1,0,1,0,0,1,0.07142857142857142,DR,1.188721875540867,0,1,3,8,2,0.0,0.08333333333333333,0.25,0.6666666666666666,0.14285714285714285,DR,0.0,0.0,0.07142857142857142,0.2857142857142857,4,dl,ur,dr,0,1,0,0,0
8,8,size11_comp0.6_grid8_base_medium,11,0.6,medium,base,base,8,5,13,13,0,1,1,1,1,0,-1,20,0.0,0.5,0.5,0.0,8,1,2,9,10,3,2,4,7,3,0,3,0.15,DR,0.9444885341662053,0,1,3,14,2,0.0,0.05555555555555555,0.16666666666666666,0.7777777777777778,0.1,DR,0.0,0.0,0.05,0.35,6,dl,ur,dr,0,1,0,0,0
9,8,size11_comp0.6_grid8_base_medium,11,0.6,medium,base,base,8,5,13,13,0,1,1,1,1,0,-1,24,0.0,0.5,0.5,0.0,9,0,4,11,13,6,2,2,9,2,0,3,0.125,DR,1.3382689280764646,0,2,4,9,9,0.0,0.13333333333333333,0.26666666666666666,0.6,0.375,DL,0.0,0.0,0.041666666666666664,0.0,1,dl,ur,dr,0,1,0,0,0
0,9,size11_comp0.6_grid9_base_medium,11,0.6,medium,base,base,3,11,14,8,3,1,1,1,1,0,-1,15,0.0,0.2,0.2,0.0,5,5,5,0,4,1,4,5,5,4,0,1,0.06666666666666667,DR,-0.0,0,0,0,10,5,0.0,0.0,0.0,1.0,0.3333333333333333,DR,0.0,0.0,0.0,0.2,3,dr,dl,midline,1,0,0,0,0
1,9,size11_comp0.6_grid9_base_medium,11,0.6,medium,base,base,3,11,14,8,3,1,1,1,1,0,-1,10,0.0,0.1,0.1,0.0,2,1,6,1,5,2,1,1,1,1,0,0,0.0,DR,-0.0,0,0,0,8,2,0.0,0.0,0.0,1.0,0.2,DR,0.0,0.0,0.0,0.3,3,dr,dl,midline,1,0,0,0,0
2,9,size11_comp0.6_grid9_base_medium,11,0.6,medium,base,base,3,11,14,8,3,1,1,1,1,0,-1,15,0.0,0.13333333333333333,0.13333333333333333,0.0,4,3,8,0,6,3,3,2,6,2,0,3,0.2,DR,-0.0,0,0,0,14,1,0.0,0.0,0.0,1.0,0.06666666666666667,DR,0.0,0.0,0.0,0.6,6,dr,dl,midline,1,0,0,0,0
3,9,size11_comp0.6_grid9_base_medium,11,0.6,medium,base,base,3,11,14,8,3,1,1,1,1,0,-1,9,0.0,0.0,0.0,0.0,3,1,5,0,3,2,3,0,1,0,0,1,0.1111111111111111,DR,-0.0,0,0,0,8,1,0.0,0.0,0.0,1.0,0.1111111111111111,DR,0.0,0.0,0.0,0.3333333333333333,3,dr,dl,midline,1,0,0,0,0
4,9,size11_comp0.6_grid9_base_medium,11,0.6,medium,base,base,3,11,14,8,3,1,1,1,1,0,-1,8,0.0,0.0,0.0,0.0,2,1,5,0,4,1,2,0,0,0,0,0,0.0,DR,-0.0,0,0,0,7,1,0.0,0.0,0.0,1.0,0.125,DR,0.0,0.0,0.0,0.375,3,dr,dl,midline,1,0,0,0,0
5,9,size11_comp0.6_grid9_base_medium,11,0.6,medium,base,base,3,11,14,8,3,1,1,1,1,0,-1,13,0.0,0.07692307692307693,0.07692307692307693,0.0,3,2,8,0,5,2,4,1,4,1,0,3,0.23076923076923078,DR,-0.0,0,0,0,12,1,0.0,0.0,0.0,1.0,0.07692307692307693,DR,0.0,0.0,0.0,0.5384615384615384,4,dr,dl,midline,1,0,0,0,0
6,9,size11_comp0.6_grid9_base_medium,11,0.6,medium,base,base,3,11,14,8,3,1,1,1,1,0,-1,18,0.0,0.16666666666666666,0.16666666666666666,0.0,6,5,6,1,2,4,6,5,9,4,0,4,0.2222222222222222,DR,-0.0,0,0,0,10,8,0.0,0.0,0.0,1.0,0.4444444444444444,DR,0.0,0.0,0.0,0.2777777777777778,5,dr,dl,midline,1,0,0,0,0
7,9,size11_comp0.6_grid9_base_medium,11,0.6,medium,base,base,3,11,14,8,3,1,1,1,1,0,-1,8,0.0,0.0,0.0,0.0,2,1,5,0,4,1,2,0,0,0,0,0,0.0,DR,-0.0,0,0,0,7,1,0.0,0.0,0.0,1.0,0.125,DR,0.0,0.0,0.0,0.375,3,dr,dl,midline,1,0,0,0,0
8,9,size11_comp0.6_grid9_base_medium,11,0.6,medium,base,base,3,11,14,8,3,1,1,1,1,0,-1,8,0.0,0.0,0.0,0.0,2,1,5,0,4,1,2,0,0,0,0,0,0.0,DR,-0.0,0,0,0,7,1,0.0,0.0,0.0,1.0,0.125,DR,0.0,0.0,0.0,0.375,3,dr,dl,midline,1,0,0,0,0
9,9,size11_comp0.6_grid9_base_medium,11,0.6,medium,base,base,3,11,14,8,3,1,1,1,1,0,-1,11,0.0,0.09090909090909091,0.09090909090909091,0.0,4,2,5,0,4,1,4,1,2,1,0,1,0.09090909090909091,DR,-0.0,0,0,0,10,1,0.0,0.0,0.0,1.0,0.09090909090909091,DR,0.0,0.0,0.0,0.2727272727272727,3,dr,dl,midline,1,0,0,0,0
0,0,size7_comp0.0_grid0_base_medium,7,0.0,medium,base,base,7,3,10,4,3,1,1,1,1,0,-1,7,0.0,0.7142857142857143,0.7142857142857143,0.0,2,3,2,0,2,3,1,0,1,0,0,1,0.14285714285714285,UR,-0.0,0,5,0,0,2,0.0,1.0,0.0,0.0,0.2857142857142857,UR,0.0,0.2857142857142857,0.0,0.0,2,ur,midline,dl,1,0,0,0,0
1,0,size7_comp0.0_grid0_base_medium,7,0.0,medium,base,base,7,3,10,4,3,1,1,1,1,0,-1,4,0.0,1.0,1.0,0.0,0,2,2,0,0,2,1,0,0,0,0,0,0.0,UR,-0.0,0,2,0,0,2,0.0,1.0,0.0,0.0,0.5,,0.0,0.0,0.0,0.0,0,ur,midline,dl,1,0,0,0,0
2,0,size7_comp0.0_grid0_base_medium,7,0.0,medium,base,base,7,3,10,4,3,1,1,1,1,0,-1,4,0.0,1.0,1.0,0.0,0,2,2,0,2,1,0,0,0,0,0,0,0.0,UR,-0.0,0,2,0,0,2,0.0,1.0,0.0,0.0,0.5,,0.0,0.0,0.0,0.0,0,ur,midline,dl,1,0,0,0,0
3,0,size7_comp0.0_grid0_base_medium,7,0.0,medium,base,base,7,3,10,4,3,1,1,1,1,0,-1,6,0.0,0.8333333333333334,0.8333333333333334,0.0,1,3,2,0,1,2,1,1,1,1,0,0,0.0,UR,0.8112781244591328,0,3,0,1,2,0.0,0.75,0.0,0.25,0.3333333333333333,,0.0,0.0,0.0,0.0,0,ur,midline,dl,1,0,0,0,0
4,0,size7_comp0.0_grid0_base_medium,7,0.0,medium,base,base,7,3,10,4,3,1,1,1,1,0,-1,6,0.0,0.8333333333333334,0.8333333333333334,0.0,1,3,2,0,2,2,0,1,1,1,0,0,0.0,UR,-0.0,0,3,0,0,3,0.0,1.0,0.0,0.0,0.5,,0.0,0.0,0.0,0.0,0,ur,midline,dl,1,0,0,0,0
5,0,size7_comp0.0_grid0_base_medium,7,0.0,medium,base,base,7,3,10,4,3,1,1,1,1,0,-1,6,0.0,0.8333333333333334,0.8333333333333334,0.0,0,2,3,1,2,0,2,1,1,1,0,0,0.0,UR,0.8112781244591328,0,3,0,1,2,0.0,0.75,0.0,0.25,0.3333333333333333,,0.0,0.0,0.0,0.0,0,ur,midline,dl,1,0,0,0,0
6,0,size7_comp0.0_grid0_base_medium,7,0.0,medium,base,base,7,3,10,4,3,1,1,1,1,0,-1,6,0.0,0.8333333333333334,0.8333333333333334,0.0,1,3,2,0,2,2,1,0,0,0,0,0,0.0,UR,0.7219280948873623,0,4,0,1,1,0.0,0.8,0.0,0.2,0.16666666666666666,UR,0.0,0.16666666666666666,0.0,0.0,1,ur,midline,dl,1,0,0,0,0
7,0,size7_comp0.0_grid0_base_medium,7,0.0,medium,base,base,7,3,10,4,3,1,1,1,1,0,-1,6,0.0,0.8333333333333334,0.8333333333333334,0.0,1,3,2,0,0,3,1,1,1,1,0,0,0.0,UR,1.0,0,1,0,1,4,0.0,0.5,0.0,0.5,0.6666666666666666,,0.0,0.0,0.0,0.0,0,ur,midline,dl,1,0,0,0,0
8,0,size7_comp0.0_grid0_base_medium,7,0.0,medium,base,base,7,3,10,4,3,1,1,1,1,0,-1,4,0.0,1.0,1.0,0.0,0,2,2,0,0,2,1,0,0,0,0,0,0.0,UR,-0.0,0,2,0,0,2,0.0,1.0,0.0,0.0,0.5,,0.0,0.0,0.0,0.0,0,ur,midline,dl,1,0,0,0,0
9,0,size7_comp0.0_grid0_base_medium,7,0.0,medium,base,base,7,3,10,4,3,1,1,1,1,0,-1,7,0.0,0.7142857142857143,0.7142857142857143,0.0,2,3,2,0,4,2,0,0,1,0,0,1,0.14285714285714285,UR,-0.0,0,4,0,0,3,0.0,1.0,0.0,0.0,0.42857142857142855,UR,0.0,0.2857142857142857,0.0,0.0,2,ur,midline,dl,1,0,0,0,0
0,1,size7_comp0.0_grid1_base_medium,7,0.0,medium,base,base,4,4,8,8,0,1,1,1,1,0,-1,10,0.0,0.5,0.5,0.0,5,1,0,4,5,0,3,1,1,1,0,0,0.0,UL,1.4591479170272448,3,1,2,0,4,0.5,0.16666666666666666,0.3333333333333333,0.0,0.4,UL,0.1,0.0,0.1,0.0,1,dl,ur,dr,0,0,0,0,0
1,1,size7_comp0.0_grid1_base_medium,7,0.0,medium,base,base,4,4,8,8,0,1,1,1,1,0,-1,10,0.0,0.5,0.5,0.0,5,1,0,4,6,0,1,2,2,2,0,0,0.0,UL,1.2987949406953985,5,1,2,0,2,0.625,0.125,0.25,0.0,0.2,UL,0.2,0.0,0.1,0.0,1,dl,ur,dr,0,0,0,0,0
2,1,size7_comp0.0_grid1_base_medium,7,0.0,medium,base,base,4,4,8,8,0,1,1,1,1,0,-1,10,0.0,0.5,0.5,0.0,5,1,0,4,3,3,2,1,1,1,0,0,0.0,UL,1.5219280948873621,2,1,2,0,5,0.4,0.2,0.4,0.0,0.5,DL,0.0,0.0,0.1,0.0,1,dl,ur,dr,0,0,0,0,0
3,1,size7_comp0.0_grid1_base_medium,7,0.0,medium,base,base,4,4,8,8,0,1,1,1,1,0,-1,8,0.0,0.5,0.5,0.0,4,0,0,4,6,0,1,0,0,0,0,0,0.0,UL,1.4591479170272448,3,1,2,0,2,0.5,0.16666666666666666,0.3333333333333333,0.0,0.25,UL,0.125,0.0,0.125,0.0,1,dl,ur,dr,0,0,0,0,0
4,1,size7_comp0.0_grid1_base_medium,7,0.0,medium,base,base,4,4,8,8,0,1,1,1,1,0,-1,10,0.0,0.5,0.5,0.0,5,1,0,4,4,2,3,0,0,0,0,0,0.0,UL,1.5,4,2,2,0,2,0.5,0.25,0.25,0.0,0.2,UL,0.1,0.0,0.1,0.0,1,dl,ur,dr,0,0,0,0,0
5,1,size7_comp0.0_grid1_base_medium,7,0.0,medium,base,base,4,4,8,8,0,1,1,1,1,0,-1,8,0.0,0.5,0.5,0.0,4,0,0,4,6,0,1,0,0,0,0,0,0.0,UL,1.4591479170272448,3,1,2,0,2,0.5,0.16666666666666666,0.3333333333333333,0.0,0.25,UL,0.125,0.0,0.125,0.0,1,dl,ur,dr,0,0,0,0,0
6,1,size7_comp0.0_grid1_base_medium,7,0.0,medium,base,base,4,4,8,8,0,1,1,1,1,0,-1,10,0.0,0.5,0.5,0.0,5,1,0,4,6,0,1,2,2,2,0,0,0.0,UL,1.3787834934861753,4,1,2,0,3,0.5714285714285714,0.14285714285714285,0.2857142857142857,0.0,0.3,UL,0.1,0.0,0.1,0.0,1,dl,ur,dr,0,0,0,0,0
7,1,size7_comp0.0_grid1_base_medium,7,0.0,medium,base,base,4,4,8,8,0,1,1,1,1,0,-1,13,0.0,0.46153846153846156,0.46153846153846156,0.0,6,2,1,4,2,5,5,0,1,0,0,1,0.07692307692307693,UL,1.5304930567574826,4,2,3,0,4,0.4444444444444444,0.2222222222222222,0.3333333333333333,0.0,0.3076923076923077,UL,0.07692307692307693,0.0,0.07692307692307693,0.0,1,dl,ur,dr,0,0,0,0,0
8,1,size7_comp0.0_grid1_base_medium,7,0.0,medium,base,base,4,4,8,8,0,1,1,1,1,0,-1,11,0.0,0.45454545454545453,0.45454545454545453,0.0,5,1,1,4,4,1,3,2,3,2,0,1,0.09090909090909091,UL,1.4056390622295665,4,1,3,0,3,0.5,0.125,0.375,0.0,0.2727272727272727,DL,0.0,0.0,0.18181818181818182,0.0,2,dl,ur,dr,0,0,0,0,0
9,1,size7_comp0.0_grid1_base_medium,7,0.0,medium,base,base,4,4,8,8,0,1,1,1,1,0,-1,13,0.0,0.46153846153846156,0.46153846153846156,0.0,6,2,1,4,4,2,5,1,2,1,0,1,0.07692307692307693,UL,1.5304930567574826,4,2,3,0,4,0.4444444444444444,0.2222222222222222,0.3333333333333333,0.0,0.3076923076923077,DL,0.0,0.0,0.15384615384615385,0.0,2,dl,ur,dr,0,0,0,0,0
0,2,size7_comp0.0_grid2_base_medium,7,0.0,medium,base,base,3,6,9,3,3,1,1,1,1,0,-1,5,0.0,0.2,0.2,0.0,3,0,1,1,1,1,2,0,0,0,0,0,0.0,UL,-0.0,2,0,0,0,3,1.0,0.0,0.0,0.0,0.6,,0.0,0.0,0.0,0.0,0,midline,midline,dr,0,0,0,0,0
1,2,size7_comp0.0_grid2_base_medium,7,0.0,medium,base,base,3,6,9,3,3,1,1,1,1,0,-1,5,0.0,0.2,0.2,0.0,3,0,1,1,0,2,2,0,0,0,0,0,0.0,UL,-0.0,1,0,0,0,4,1.0,0.0,0.0,0.0,0.8,,0.0,0.0,0.0,0.0,0,midline,midline,dr,0,0,0,0,0
2,2,size7_comp0.0_grid2_base_medium,7,0.0,medium,base,base,3,6,9,3,3,1,1,1,1,0,-1,5,0.0,0.2,0.2,0.0,3,0,1,1,1,2,0,1,1,1,0,0,0.0,UL,0.0,0,0,0,0,5,0.0,0.0,0.0,0.0,1.0,,0.0,0.0,0.0,0.0,0,midline,midline,dr,0,0,0,0,0
3,2,size7_comp0.0_grid2_base_medium,7,0.0,medium,base,base,3,6,9,3,3,1,1,1,1,0,-1,3,0.0,0.0,0.0,0.0,3,0,0,0,2,0,0,0,0,0,0,0,0.0,UL,0.0,0,0,0,0,3,0.0,0.0,0.0,0.0,1.0,,0.0,0.0,0.0,0.0,0,midline,midline,dr,0,0,0,0,0
4,2,size7_comp0.0_grid2_base_medium,7,0.0,medium,base,base,3,6,9,3,3,1,1,1,1,0,-1,3,0.0,0.0,0.0,0.0,3,0,0,0,2,0,0,0,0,0,0,0,0.0,UL,0.0,0,0,0,0,3,0.0,0.0,0.0,0.0,1.0,,0.0,0.0,0.0,0.0,0,midline,midline,dr,0,0,0,0,0
5,2,size7_comp0.0_grid2_base_medium,7,0.0,medium,base,base,3,6,9,3,3,1,1,1,1,0,-1,7,0.0,0.2857142857142857,0.2857142857142857,0.0,3,0,2,2,1,0,4,1,1,1,0,0,0.0,UL,0.8112781244591328,3,0,1,0,3,0.75,0.0,0.25,0.0,0.42857142857142855,,0.0,0.0,0.0,0.0,0,midline,midline,dr,0,0,0,0,0
6,2,size7_comp0.0_grid2_base_medium,7,0.0,medium,base,base,3,6,9,3,3,1,1,1,1,0,-1,3,0.0,0.0,0.0,0.0,3,0,0,0,2,0,0,0,0,0,0,0,0.0,UL,0.0,0,0,0,0,3,0.0,0.0,0.0,0.0,1.0,,0.0,0.0,0.0,0.0,0,midline,midline,dr,0,0,0,0,0
7,2,size7_comp0.0_grid2_base_medium,7,0.0,medium,base,base,3,6,9,3,3,1,1,1,1,0,-1,3,0.0,0.0,0.0,0.0,3,0,0,0,2,0,0,0,0,0,0,0,0.0,UL,0.0,0,0,0,0,3,0.0,0.0,0.0,0.0,1.0,,0.0,0.0,0.0,0.0,0,midline,midline,dr,0,0,0,0,0
8,2,size7_comp0.0_grid2_base_medium,7,0.0,medium,base,base,3,6,9,3,3,1,1,1,1,0,-1,3,0.0,0.0,0.0,0.0,3,0,0,0,2,0,0,0,0,0,0,0,0.0,UL,0.0,0,0,0,0,3,0.0,0.0,0.0,0.0,1.0,,0.0,0.0,0.0,0.0,0,midline,midline,dr,0,0,0,0,0
9,2,size7_comp0.0_grid2_base_medium,7,0.0,medium,base,base,3,6,9,3,3,1,1,1,1,0,-1,3,0.0,0.0,0.0,0.0,3,0,0,0,2,0,0,0,0,0,0,0,0.0,UL,0.0,0,0,0,0,3,0.0,0.0,0.0,0.0,1.0,,0.0,0.0,0.0,0.0,0,midline,midline,dr,0,0,0,0,0
0,3,size7_comp0.0_grid3_base_medium,7,0.0,medium,base,base,3,6,9,3,3,1,1,1,1,0,-1,3,0.0,0.0,0.0,0.0,0,3,0,0,2,0,0,0,0,0,0,0,0.0,UL,1.0,1,0,1,0,1,0.5,0.0,0.5,0.0,0.3333333333333333,,0.0,0.0,0.0,0.0,0,ul,dl,midline,1,0,0,0,0
1,3,size7_comp0.0_grid3_base_medium,7,0.0,medium,base,base,3,6,9,3,3,1,1,1,1,0,-1,3,0.0,0.0,0.0,0.0,0,3,0,0,2,0,0,0,0,0,0,0,0.0,UL,1.0,1,0,1,0,1,0.5,0.0,0.5,0.0,0.3333333333333333,,0.0,0.0,0.0,0.0,0,ul,dl,midline,1,0,0,0,0
2,3,size7_comp0.0_grid3_base_medium,7,0.0,medium,base,base,3,6,9,3,3,1,1,1,1,0,-1,4,0.0,0.0,0.0,0.0,0,3,1,0,2,1,0,0,1,0,0,1,0.25,UL,0.9182958340544896,2,0,1,0,1,0.6666666666666666,0.0,0.3333333333333333,0.0,0.25,,0.0,0.0,0.0,0.0,0,ul,dl,midline,1,0,0,0,0
3,3,size7_comp0.0_grid3_base_medium,7,0.0,medium,base,base,3,6,9,3,3,1,1,1,1,0,-1,3,0.0,0.0,0.0,0.0,0,3,0,0,2,0,0,0,0,0,0,0,0.0,UL,1.0,1,0,1,0,1,0.5,0.0,0.5,0.0,0.3333333333333333,,0.0,0.0,0.0,0.0,0,ul,dl,midline,1,0,0,0,0
4,3,size7_comp0.0_grid3_base_medium,7,0.0,medium,base,base,3,6,9,3,3,1,1,1,1,0,-1,5,0.0,0.2,0.2,0.0,0,3,1,1,1,1,2,0,0,0,0,0,0.0,DL,0.8112781244591328,1,0,3,0,1,0.25,0.0,0.75,0.0,0.2,,0.0,0.0,0.0,0.0,0,ul,dl,midline,0,0,0,0,0
5,3,size7_comp0.0_grid3_base_medium,7,0.0,medium,base,base,3,6,9,3,3,1,1,1,1,0,-1,3,0.0,0.0,0.0,0.0,0,3,0,0,2,0,0,0,0,0,0,0,0.0,UL,1.0,1,0,1,0,1,0.5,0.0,0.5,0.0,0.3333333333333333,,0.0,0.0,0.0,0.0,0,ul,dl,midline,1,0,0,0,0
6,3,size7_comp0.0_grid3_base_medium,7,0.0,medium,base,base,3,6,9,3,3,1,1,1,1,0,-1,3,0.0,0.0,0.0,0.0,0,3,0,0,2,0,0,0,0,0,0,0,0.0,UL,1.0,1,0,1,0,1,0.5,0.0,0.5,0.0,0.3333333333333333,,0.0,0.0,0.0,0.0,0,ul,dl,midline,1,0,0,0,0
7,3,size7_comp0.0_grid3_base_medium,7,0.0,medium,base,base,3,6,9,3,3,1,1,1,1,0,-1,3,0.0,0.0,0.0,0.0,0,3,0,0,2,0,0,0,0,0,0,0,0.0,UL,1.0,1,0,1,0,1,0.5,0.0,0.5,0.0,0.3333333333333333,,0.0,0.0,0.0,0.0,0,ul,dl,midline,1,0,0,0,0
8,3,size7_comp0.0_grid3_base_medium,7,0.0,medium,base,base,3,6,9,3,3,1,1,1,1,0,-1,3,0.0,0.0,0.0,0.0,0,3,0,0,2,0,0,0,0,0,0,0,0.0,UL,1.0,1,0,1,0,1,0.5,0.0,0.5,0.0,0.3333333333333333,,0.0,0.0,0.0,0.0,0,ul,dl,midline,1,0,0,0,0
9,3,size7_comp0.0_grid3_base_medium,7,0.0,medium,base,base,3,6,9,3,3,1,1,1,1,0,-1,3,0.0,0.0,0.0,0.0,0,3,0,0,2,0,0,0,0,0,0,0,0.0,UL,1.0,1,0,1,0,1,0.5,0.0,0.5,0.0,0.3333333333333333,,0.0,0.0,0.0,0.0,0,ul,dl,midline,1,0,0,0,0
0,4,size7_comp0.0_grid4_base_medium,7,0.0,medium,base,base,3,3,6,4,1,1,1,1,1,0,-1,4,0.0,0.5,0.5,0.0,2,0,2,0,1,1,1,0,0,0,0,0,0.0,DR,0.9182958340544896,0,1,0,2,1,0.0,0.3333333333333333,0.0,0.6666666666666666,0.25,,0.0,0.0,0.0,0.0,0,dr,midline,dl,1,0,0,0,0
1,4,size7_comp0.0_grid4_base_medium,7,0.0,medium,base,base,3,3,6,4,1,1,1,1,1,0,-1,6,0.0,0.5,0.5,0.0,3,1,2,0,1,1,2,1,1,1,0,0,0.0,UR,0.7219280948873623,0,4,0,1,1,0.0,0.8,0.0,0.2,0.16666666666666666,,0.0,0.0,0.0,0.0,0,dr,midline,dl,0,0,0,0,0
2,4,size7_comp0.0_grid4_base_medium,7,0.0,medium,base,base,3,3,6,4,1,1,1,1,1,0,-1,4,0.0,0.5,0.5,0.0,2,0,2,0,0,1,2,0,0,0,0,0,0.0,DR,-0.0,0,0,0,2,2,0.0,0.0,0.0,1.0,0.5,,0.0,0.0,0.0,0.0,0,dr,midline,dl,1,0,0,0,0
3,4,size7_comp0.0_grid4_base_medium,7,0.0,medium,base,base,3,3,6,4,1,1,1,1,1,0,-1,4,0.0,0.5,0.5,0.0,2,0,2,0,0,1,2,0,0,0,0,0,0.0,DR,-0.0,0,0,0,2,2,0.0,0.0,0.0,1.0,0.5,,0.0,0.0,0.0,0.0,0,dr,midline,dl,1,0,0,0,0
4,4,size7_comp0.0_grid4_base_medium,7,0.0,medium,base,base,3,3,6,4,1,1,1,1,1,0,-1,6,0.0,0.5,0.5,0.0,3,1,2,0,2,2,1,0,0,0,0,0,0.0,UR,1.0,0,2,0,2,2,0.0,0.5,0.0,0.5,0.3333333333333333,,0.0,0.0,0.0,0.0,0,dr,midline,dl,0,0,0,0,0
5,4,size7_comp0.0_grid4_base_medium,7,0.0,medium,base,base,3,3,6,4,1,1,1,1,1,0,-1,4,0.0,0.5,0.5,0.0,2,0,2,0,2,1,0,0,0,0,0,0,0.0,UR,0.9182958340544896,0,2,0,1,1,0.0,0.6666666666666666,0.0,0.3333333333333333,0.25,,0.0,0.0,0.0,0.0,0,dr,midline,dl,0,0,0,0,0
6,4,size7_comp0.0_grid4_base_medium,7,0.0,medium,base,base,3,3,6,4,1,1,1,1,1,0,-1,4,0.0,0.5,0.5,0.0,2,0,2,0,2,1,0,0,0,0,0,0,0.0,UR,0.9182958340544896,0,2,0,1,1,0.0,0.6666666666666666,0.0,0.3333333333333333,0.25,,0.0,0.0,0.0,0.0,0,dr,midline,dl,0,0,0,0,0
7,4,size7_comp0.0_grid4_base_medium,7,0.0,medium,base,base,3,3,6,4,1,1,1,1,1,0,-1,6,0.0,0.5,0.5,0.0,3,1,2,0,1,1,2,1,1,1,0,0,0.0,UR,0.8112781244591328,0,3,0,1,2,0.0,0.75,0.0,0.25,0.3333333333333333,,0.0,0.0,0.0,0.0,0,dr,midline,dl,0,0,0,0,0
8,4,size7_comp0.0_grid4_base_medium,7,0.0,medium,base,base,3,3,6,4,1,1,1,1,1,0,-1,4,0.0,0.5,0.5,0.0,2,0,2,0,2,1,0,0,0,0,0,0,0.0,UR,0.9182958340544896,0,2,0,1,1,0.0,0.6666666666666666,0.0,0.3333333333333333,0.25,,0.0,0.0,0.0,0.0,0,dr,midline,dl,0,0,0,0,0
9,4,size7_comp0.0_grid4_base_medium,7,0.0,medium,base,base,3,3,6,4,1,1,1,1,1,0,-1,4,0.0,0.5,0.5,0.0,2,0,2,0,1,1,1,0,0,0,0,0,0.0,DR,-0.0,0,0,0,1,3,0.0,0.0,0.0,1.0,0.75,,0.0,0.0,0.0,0.0,0,dr,midline,dl,1,0,0,0,0
0,5,size7_comp0.0_grid5_base_medium,7,0.0,medium,base,base,4,3,7,5,1,1,1,1,1,0,-1,5,0.0,0.6,0.6,0.0,3,0,2,0,1,2,1,0,0,0,0,0,0.0,UL,-0.0,2,0,0,0,3,1.0,0.0,0.0,0.0,0.6,,0.0,0.0,0.0,0.0,0,midline,ul,ur,0,0,0,0,0
1,5,size7_comp0.0_grid5_base_medium,7,0.0,medium,base,base,4,3,7,5,1,1,1,1,1,0,-1,5,0.0,0.6,0.6,0.0,3,0,2,0,3,1,0,0,0,0,0,0,0.0,UL,-0.0,1,0,0,0,4,1.0,0.0,0.0,0.0,0.8,,0.0,0.0,0.0,0.0,0,midline,ul,ur,0,0,0,0,0
2,5,size7_comp0.0_grid5_base_medium,7,0.0,medium,base,base,4,3,7,5,1,1,1,1,1,0,-1,5,0.0,0.6,0.6,0.0,3,0,2,0,3,1,0,0,0,0,0,0,0.0,UL,-0.0,1,0,0,0,4,1.0,0.0,0.0,0.0,0.8,,0.0,0.0,0.0,0.0,0,midline,ul,ur,0,0,0,0,0
3,5,size7_comp0.0_grid5_base_medium,7,0.0,medium,base,base,4,3,7,5,1,1,1,1,1,0,-1,5,0.0,0.6,0.6,0.0,3,0,2,0,3,1,0,0,0,0,0,0,0.0,UL,-0.0,1,0,0,0,4,1.0,0.0,0.0,0.0,0.8,,0.0,0.0,0.0,0.0,0,midline,ul,ur,0,0,0,0,0
4,5,size7_comp0.0_grid5_base_medium,7,0.0,medium,base,base,4,3,7,5,1,1,1,1,1,0,-1,5,0.0,0.6,0.6,0.0,3,0,2,0,3,1,0,0,0,0,0,0,0.0,UL,-0.0,1,0,0,0,4,1.0,0.0,0.0,0.0,0.8,,0.0,0.0,0.0,0.0,0,midline,ul,ur,0,0,0,0,0
5,5,size7_comp0.0_grid5_base_medium,7,0.0,medium,base,base,4,3,7,5,1,1,1,1,1,0,-1,6,0.0,0.5,0.5,0.0,4,0,2,0,2,2,1,0,1,0,0,1,0.16666666666666666,UL,-0.0,2,0,0,0,4,1.0,0.0,0.0,0.0,0.6666666666666666,,0.0,0.0,0.0,0.0,0,midline,ul,ur,0,0,0,0,0
6,5,size7_comp0.0_grid5_base_medium,7,0.0,medium,base,base,4,3,7,5,1,1,1,1,1,0,-1,5,0.0,0.6,0.6,0.0,3,0,2,0,3,1,0,0,0,0,0,0,0.0,UL,-0.0,1,0,0,0,4,1.0,0.0,0.0,0.0,0.8,,0.0,0.0,0.0,0.0,0,midline,ul,ur,0,0,0,0,0
7,5,size7_comp0.0_grid5_base_medium,7,0.0,medium,base,base,4,3,7,5,1,1,1,1,1,0,-1,6,0.0,0.5,0.5,0.0,4,0,2,0,3,1,1,0,1,0,0,1,0.16666666666666666,UL,0.8112781244591328,3,0,1,0,2,0.75,0.0,0.25,0.0,0.3333333333333333,,0.0,0.0,0.0,0.0,0,midline,ul,ur,0,0,0,0,0
8,5,size7_comp0.0_grid5_base_medium,7,0.0,medium,base,base,4,3,7,5,1,1,1,1,1,0,-1,6,0.0,0.5,0.5,0.0,4,0,2,0,2,2,1,0,1,0,0,1,0.16666666666666666,UL,-0.0,2,0,0,0,4,1.0,0.0,0.0,0.0,0.6666666666666666,,0.0,0.0,0.0,0.0,0,midline,ul,ur,0,0,0,0,0
9,5,size7_comp0.0_grid5_base_medium,7,0.0,medium,base,base,4,3,7,5,1,1,1,1,1,0,-1,5,0.0,0.6,0.6,0.0,3,0,2,0,3,1,0,0,0,0,0,0,0.0,UL,-0.0,1,0,0,0,4,1.0,0.0,0.0,0.0,0.8,,0.0,0.0,0.0,0.0,0,midline,ul,ur,0,0,0,0,0
0,6,size7_comp0.0_grid6_base_medium,7,0.0,medium,base,base,3,4,7,7,0,1,1,1,1,0,-1,7,0.0,0.42857142857142855,0.42857142857142855,0.0,4,0,3,0,3,2,1,0,0,0,0,0,0.0,UR,1.0,0,2,0,2,3,0.0,0.5,0.0,0.5,0.42857142857142855,DR,0.0,0.0,0.0,0.14285714285714285,1,dr,ul,midline,0,0,0,0,0
1,6,size7_comp0.0_grid6_base_medium,7,0.0,medium,base,base,3,4,7,7,0,1,1,1,1,0,-1,7,0.0,0.42857142857142855,0.42857142857142855,0.0,4,0,3,0,2,2,2,0,0,0,0,0,0.0,DR,0.8112781244591328,1,0,0,3,3,0.25,0.0,0.0,0.75,0.42857142857142855,DR,0.0,0.0,0.0,0.14285714285714285,1,dr,ul,midline,1,0,0,0,0
2,6,size7_comp0.0_grid6_base_medium,7,0.0,medium,base,base,3,4,7,7,0,1,1,1,1,0,-1,7,0.0,0.42857142857142855,0.42857142857142855,0.0,4,0,3,0,2,2,2,0,0,0,0,0,0.0,DR,-0.0,0,0,0,3,4,0.0,0.0,0.0,1.0,0.5714285714285714,DR,0.0,0.0,0.0,0.14285714285714285,1,dr,ul,midline,1,0,0,0,0
3,6,size7_comp0.0_grid6_base_medium,7,0.0,medium,base,base,3,4,7,7,0,1,1,1,1,0,-1,7,0.0,0.42857142857142855,0.42857142857142855,0.0,4,0,3,0,3,1,2,0,0,0,0,0,0.0,DR,0.9182958340544896,1,0,0,2,4,0.3333333333333333,0.0,0.0,0.6666666666666666,0.5714285714285714,DR,0.0,0.0,0.0,0.14285714285714285,1,dr,ul,midline,1,0,0,0,0
4,6,size7_comp0.0_grid6_base_medium,7,0.0,medium,base,base,3,4,7,7,0,1,1,1,1,0,-1,7,0.0,0.42857142857142855,0.42857142857142855,0.0,4,0,3,0,3,2,1,0,0,0,0,0,0.0,UR,0.9709505944546686,0,3,0,2,2,0.0,0.6,0.0,0.4,0.2857142857142857,DR,0.0,0.0,0.0,0.14285714285714285,1,dr,ul,midline,0,0,0,0,0
5,6,size7_comp0.0_grid6_base_medium,7,0.0,medium,base,base,3,4,7,7,0,1,1,1,1,0,-1,7,0.0,0.42857142857142855,0.42857142857142855,0.0,4,0,3,0,3,2,1,0,0,0,0,0,0.0,UR,1.0,0,2,0,2,3,0.0,0.5,0.0,0.5,0.42857142857142855,DR,0.0,0.0,0.0,0.14285714285714285,1,dr,ul,midline,0,0,0,0,0
6,6,size7_comp0.0_grid6_base_medium,7,0.0,medium,base,base,3,4,7,7,0,1,1,1,1,0,-1,7,0.0,0.42857142857142855,0.42857142857142855,0.0,4,0,3,0,2,2,2,0,0,0,0,0,0.0,DR,-0.0,0,0,0,3,4,0.0,0.0,0.0,1.0,0.5714285714285714,DR,0.0,0.0,0.0,0.14285714285714285,1,dr,ul,midline,1,0,0,0,0
7,6,size7_comp0.0_grid6_base_medium,7,0.0,medium,base,base,3,4,7,7,0,1,1,1,1,0,-1,7,0.0,0.42857142857142855,0.42857142857142855,0.0,4,0,3,0,3,2,1,0,0,0,0,0,0.0,DR,-0.0,0,0,0,3,4,0.0,0.0,0.0,1.0,0.5714285714285714,DR,0.0,0.0,0.0,0.14285714285714285,1,dr,ul,midline,1,0,0,0,0
8,6,size7_comp0.0_grid6_base_medium,7,0.0,medium,base,base,3,4,7,7,0,1,1,1,1,0,-1,7,0.0,0.42857142857142855,0.42857142857142855,0.0,4,0,3,0,3,2,1,0,0,0,0,0,0.0,DR,-0.0,0,0,0,3,4,0.0,0.0,0.0,1.0,0.5714285714285714,DR,0.0,0.0,0.0,0.14285714285714285,1,dr,ul,midline,1,0,0,0,0
9,6,size7_comp0.0_grid6_base_medium,7,0.0,medium,base,base,3,4,7,7,0,1,1,1,1,1,2,7,1.0,1.0,1.0,1.0,4,0,3,0,3,2,1,0,0,0,0,0,0.0,DR,-0.0,0,0,0,2,5,0.0,0.0,0.0,1.0,0.7142857142857143,DR,0.0,0.0,0.0,0.14285714285714285,1,dr,ul,midline,1,0,0,0,0
0,7,size7_comp0.0_grid7_base_medium,7,0.0,medium,base,base,4,3,7,5,1,1,1,1,1,0,-1,9,0.0,0.5555555555555556,0.5555555555555556,0.0,2,4,3,0,0,3,2,3,3,3,0,0,0.0,DR,-0.0,0,0,0,6,3,0.0,0.0,0.0,1.0,0.3333333333333333,,0.0,0.0,0.0,0.0,0,midline,dl,midline,0,0,0,0,0
1,7,size7_comp0.0_grid7_base_medium,7,0.0,medium,base,base,4,3,7,5,1,1,1,1,1,0,-1,5,0.0,0.6,0.6,0.0,0,2,3,0,3,0,1,0,0,0,0,0,0.0,DR,-0.0,0,0,0,3,2,0.0,0.0,0.0,1.0,0.4,DR,0.0,0.0,0.0,0.2,1,midline,dl,midline,0,0,0,0,0
2,7,size7_comp0.0_grid7_base_medium,7,0.0,medium,base,base,4,3,7,5,1,1,1,1,1,0,-1,7,0.0,0.5714285714285714,0.5714285714285714,0.0,0,2,4,1,2,2,2,0,0,0,0,0,0.0,DR,-0.0,0,0,0,2,5,0.0,0.0,0.0,1.0,0.7142857142857143,,0.0,0.0,0.0,0.0,0,midline,dl,midline,0,0,0,0,0
3,7,size7_comp0.0_grid7_base_medium,7,0.0,medium,base,base,4,3,7,5,1,1,1,1,1,0,-1,9,0.0,0.5555555555555556,0.5555555555555556,0.0,2,4,3,0,1,1,2,4,4,4,0,0,0.0,DR,-0.0,0,0,0,2,7,0.0,0.0,0.0,1.0,0.7777777777777778,,0.0,0.0,0.0,0.0,0,midline,dl,midline,0,0,0,0,0
4,7,size7_comp0.0_grid7_base_medium,7,0.0,medium,base,base,4,3,7,5,1,1,1,1,1,0,-1,7,0.0,0.5714285714285714,0.5714285714285714,0.0,1,3,3,0,2,2,2,0,0,0,0,0,0.0,UR,-0.0,0,1,0,0,6,0.0,1.0,0.0,0.0,0.8571428571428571,,0.0,0.0,0.0,0.0,0,midline,dl,midline,0,0,0,0,0
5,7,size7_comp0.0_grid7_base_medium,7,0.0,medium,base,base,4,3,7,5,1,1,1,1,1,0,-1,5,0.0,0.6,0.6,0.0,0,2,3,0,1,1,2,0,0,0,0,0,0.0,DR,-0.0,0,0,0,2,3,0.0,0.0,0.0,1.0,0.6,,0.0,0.0,0.0,0.0,0,midline,dl,midline,0,0,0,0,0
6,7,size7_comp0.0_grid7_base_medium,7,0.0,medium,base,base,4,3,7,5,1,1,1,1,1,0,-1,7,0.0,0.5714285714285714,0.5714285714285714,0.0,1,3,3,0,2,1,2,1,1,1,0,0,0.0,DR,0.9182958340544896,0,1,0,2,4,0.0,0.3333333333333333,0.0,0.6666666666666666,0.5714285714285714,,0.0,0.0,0.0,0.0,0,midline,dl,midline,0,0,0,0,0
7,7,size7_comp0.0_grid7_base_medium,7,0.0,medium,base,base,4,3,7,5,1,1,1,1,1,0,-1,7,0.0,0.5714285714285714,0.5714285714285714,0.0,1,3,3,0,2,1,1,2,2,2,0,0,0.0,UL,0.0,0,0,0,0,7,0.0,0.0,0.0,0.0,1.0,,0.0,0.0,0.0,0.0,0,midline,dl,midline,0,0,0,0,0
8,7,size7_comp0.0_grid7_base_medium,7,0.0,medium,base,base,4,3,7,5,1,1,1,1,1,0,-1,5,0.0,0.6,0.6,0.0,0,2,3,0,1,1,2,0,0,0,0,0,0.0,DR,-0.0,0,0,0,2,3,0.0,0.0,0.0,1.0,0.6,,0.0,0.0,0.0,0.0,0,midline,dl,midline,0,0,0,0,0
9,7,size7_comp0.0_grid7_base_medium,7,0.0,medium,base,base,4,3,7,5,1,1,1,1,1,0,-1,7,0.0,0.5714285714285714,0.5714285714285714,0.0,1,3,3,0,1,3,1,1,1,1,0,0,0.0,DR,-0.0,0,0,0,3,4,0.0,0.0,0.0,1.0,0.5714285714285714,,0.0,0.0,0.0,0.0,0,midline,dl,midline,0,0,0,0,0
0,8,size7_comp0.0_grid8_base_medium,7,0.0,medium,base,base,3,7,10,4,3,1,1,1,1,0,-1,4,0.0,0.0,0.0,0.0,2,0,2,0,0,2,1,0,0,0,0,0,0.0,UL,-0.0,2,0,0,0,2,1.0,0.0,0.0,0.0,0.5,,0.0,0.0,0.0,0.0,0,midline,ul,dr,0,0,0,0,0
1,8,size7_comp0.0_grid8_base_medium,7,0.0,medium,base,base,3,7,10,4,3,1,1,1,1,0,-1,4,0.0,0.0,0.0,0.0,2,0,2,0,2,1,0,0,0,0,0,0,0.0,UL,-0.0,1,0,0,0,3,1.0,0.0,0.0,0.0,0.75,,0.0,0.0,0.0,0.0,0,midline,ul,dr,0,0,0,0,0
2,8,size7_comp0.0_grid8_base_medium,7,0.0,medium,base,base,3,7,10,4,3,1,1,1,1,0,-1,4,0.0,0.0,0.0,0.0,2,0,2,0,0,2,1,0,0,0,0,0,0.0,UL,-0.0,2,0,0,0,2,1.0,0.0,0.0,0.0,0.5,,0.0,0.0,0.0,0.0,0,midline,ul,dr,0,0,0,0,0
3,8,size7_comp0.0_grid8_base_medium,7,0.0,medium,base,base,3,7,10,4,3,1,1,1,1,0,-1,6,0.0,0.0,0.0,0.0,4,0,2,0,4,1,0,0,2,0,0,2,0.3333333333333333,UL,-0.0,1,0,0,0,5,1.0,0.0,0.0,0.0,0.8333333333333334,,0.0,0.0,0.0,0.0,0,midline,ul,dr,0,0,0,0,0
4,8,size7_comp0.0_grid8_base_medium,7,0.0,medium,base,base,3,7,10,4,3,1,1,1,1,0,-1,4,0.0,0.0,0.0,0.0,2,0,2,0,2,1,0,0,0,0,0,0,0.0,UL,-0.0,1,0,0,0,3,1.0,0.0,0.0,0.0,0.75,,0.0,0.0,0.0,0.0,0,midline,ul,dr,0,0,0,0,0
5,8,size7_comp0.0_grid8_base_medium,7,0.0,medium,base,base,3,7,10,4,3,1,1,1,1,0,-1,4,0.0,0.0,0.0,0.0,2,0,2,0,2,1,0,0,0,0,0,0,0.0,UL,-0.0,1,0,0,0,3,1.0,0.0,0.0,0.0,0.75,,0.0,0.0,0.0,0.0,0,midline,ul,dr,0,0,0,0,0
6,8,size7_comp0.0_grid8_base_medium,7,0.0,medium,base,base,3,7,10,4,3,1,1,1,1,0,-1,5,0.0,0.0,0.0,0.0,3,0,2,0,3,1,0,0,1,0,0,1,0.2,UL,-0.0,1,0,0,0,4,1.0,0.0,0.0,0.0,0.8,,0.0,0.0,0.0,0.0,0,midline,ul,dr,0,0,0,0,0
7,8,size7_comp0.0_grid8_base_medium,7,0.0,medium,base,base,3,7,10,4,3,1,1,1,1,0,-1,6,0.0,0.0,0.0,0.0,4,0,2,0,4,1,0,0,2,0,0,2,0.3333333333333333,UL,-0.0,1,0,0,0,5,1.0,0.0,0.0,0.0,0.8333333333333334,,0.0,0.0,0.0,0.0,0,midline,ul,dr,0,0,0,0,0
8,8,size7_comp0.0_grid8_base_medium,7,0.0,medium,base,base,3,7,10,4,3,1,1,1,1,0,-1,4,0.0,0.0,0.0,0.0,2,0,2,0,2,1,0,0,0,0,0,0,0.0,UL,-0.0,1,0,0,0,3,1.0,0.0,0.0,0.0,0.75,,0.0,0.0,0.0,0.0,0,midline,ul,dr,0,0,0,0,0
9,8,size7_comp0.0_grid8_base_medium,7,0.0,medium,base,base,3,7,10,4,3,1,1,1,1,0,-1,4,0.0,0.0,0.0,0.0,2,0,2,0,2,1,0,0,0,0,0,0,0.0,UL,-0.0,1,0,0,0,3,1.0,0.0,0.0,0.0,0.75,,0.0,0.0,0.0,0.0,0,midline,ul,dr,0,0,0,0,0
0,9,size7_comp0.0_grid9_base_medium,7,0.0,medium,base,base,6,3,9,3,3,1,1,1,1,0,-1,5,0.0,0.8,0.8,0.0,1,4,0,0,2,0,0,2,2,2,0,0,0.0,UR,-0.0,0,4,0,0,1,0.0,1.0,0.0,0.0,0.2,UR,0.0,0.4,0.0,0.0,1,ur,dr,midline,1,0,0,0,0
1,9,size7_comp0.0_grid9_base_medium,7,0.0,medium,base,base,6,3,9,3,3,1,1,1,1,0,-1,3,0.0,1.0,1.0,0.0,0,3,0,0,2,0,0,0,0,0,0,0,0.0,UR,-0.0,0,2,0,0,1,0.0,1.0,0.0,0.0,0.3333333333333333,UR,0.0,0.3333333333333333,0.0,0.0,1,ur,dr,midline,1,0,0,0,0
2,9,size7_comp0.0_grid9_base_medium,7,0.0,medium,base,base,6,3,9,3,3,1,1,1,1,0,-1,3,0.0,1.0,1.0,0.0,0,3,0,0,2,0,0,0,0,0,0,0,0.0,UR,-0.0,0,2,0,0,1,0.0,1.0,0.0,0.0,0.3333333333333333,UR,0.0,0.3333333333333333,0.0,0.0,1,ur,dr,midline,1,0,0,0,0
3,9,size7_comp0.0_grid9_base_medium,7,0.0,medium,base,base,6,3,9,3,3,1,1,1,1,0,-1,3,0.0,1.0,1.0,0.0,0,3,0,0,2,0,0,0,0,0,0,0,0.0,UR,-0.0,0,2,0,0,1,0.0,1.0,0.0,0.0,0.3333333333333333,UR,0.0,0.3333333333333333,0.0,0.0,1,ur,dr,midline,1,0,0,0,0
4,9,size7_comp0.0_grid9_base_medium,7,0.0,medium,base,base,6,3,9,3,3,1,1,1,1,0,-1,4,0.0,0.75,0.75,0.0,0,3,0,1,1,1,1,0,1,0,0,1,0.25,UR,-0.0,0,2,0,0,2,0.0,1.0,0.0,0.0,0.5,UR,0.0,0.25,0.0,0.0,1,ur,dr,midline,1,0,0,0,0
5,9,size7_comp0.0_grid9_base_medium,7,0.0,medium,base,base,6,3,9,3,3,1,1,1,1,0,-1,3,0.0,1.0,1.0,0.0,0,3,0,0,2,0,0,0,0,0,0,0,0.0,UR,-0.0,0,2,0,0,1,0.0,1.0,0.0,0.0,0.3333333333333333,UR,0.0,0.3333333333333333,0.0,0.0,1,ur,dr,midline,1,0,0,0,0
6,9,size7_comp0.0_grid9_base_medium,7,0.0,medium,base,base,6,3,9,3,3,1,1,1,1,0,-1,3,0.0,1.0,1.0,0.0,0,3,0,0,2,0,0,0,0,0,0,0,0.0,UR,-0.0,0,2,0,0,1,0.0,1.0,0.0,0.0,0.3333333333333333,UR,0.0,0.3333333333333333,0.0,0.0,1,ur,dr,midline,1,0,0,0,0
7,9,size7_comp0.0_grid9_base_medium,7,0.0,medium,base,base,6,3,9,3,3,1,1,1,1,0,-1,5,0.0,0.6,0.6,0.0,0,3,0,2,2,1,1,0,2,0,0,2,0.4,UR,-0.0,0,2,0,0,3,0.0,1.0,0.0,0.0,0.6,UR,0.0,0.2,0.0,0.0,1,ur,dr,midline,1,0,0,0,0
8,9,size7_comp0.0_grid9_base_medium,7,0.0,medium,base,base,6,3,9,3,3,1,1,1,1,0,-1,3,0.0,1.0,1.0,0.0,0,3,0,0,2,0,0,0,0,0,0,0,0.0,UR,-0.0,0,2,0,0,1,0.0,1.0,0.0,0.0,0.3333333333333333,UR,0.0,0.3333333333333333,0.0,0.0,1,ur,dr,midline,1,0,0,0,0
9,9,size7_comp0.0_grid9_base_medium,7,0.0,medium,base,base,6,3,9,3,3,1,1,1,1,0,-1,3,0.0,1.0,1.0,0.0,0,3,0,0,2,0,0,0,0,0,0,0,0.0,UR,-0.0,0,2,0,0,1,0.0,1.0,0.0,0.0,0.3333333333333333,UR,0.0,0.3333333333333333,0.0,0.0,1,ur,dr,midline,1,0,0,0,0
0,0,size7_comp0.2_grid0_base_medium,7,0.2,medium,base,base,6,5,11,5,4,1,1,1,1,0,-1,5,0.0,0.6,0.6,0.0,3,0,0,2,1,1,2,0,0,0,0,0,0.0,UL,0.8112781244591328,3,0,1,0,1,0.75,0.0,0.25,0.0,0.2,,0.0,0.0,0.0,0.0,0,dl,midline,dr,0,0,0,0,0
1,0,size7_comp0.2_grid0_base_medium,7,0.2,medium,base,base,6,5,11,5,4,1,1,1,1,0,-1,5,0.0,0.6,0.6,0.0,3,0,0,2,3,0,1,0,0,0,0,0,0.0,UL,0.8112781244591328,3,0,1,0,1,0.75,0.0,0.25,0.0,0.2,UL,0.2,0.0,0.0,0.0,1,dl,midline,dr,0,0,0,0,0
2,0,size7_comp0.2_grid0_base_medium,7,0.2,medium,base,base,6,5,11,5,4,1,1,1,1,0,-1,5,0.0,0.6,0.6,0.0,3,0,0,2,3,0,1,0,0,0,0,0,0.0,UL,0.8112781244591328,3,0,1,0,1,0.75,0.0,0.25,0.0,0.2,UL,0.2,0.0,0.0,0.0,1,dl,midline,dr,0,0,0,0,0
3,0,size7_comp0.2_grid0_base_medium,7,0.2,medium,base,base,6,5,11,5,4,1,1,1,1,0,-1,6,0.0,0.5,0.5,0.0,3,0,1,2,2,1,2,0,1,0,0,1,0.16666666666666666,UL,0.7219280948873623,4,0,1,0,1,0.8,0.0,0.2,0.0,0.16666666666666666,UL,0.16666666666666666,0.0,0.0,0.0,1,dl,midline,dr,0,0,0,0,0
4,0,size7_comp0.2_grid0_base_medium,7,0.2,medium,base,base,6,5,11,5,4,1,1,1,1,0,-1,5,0.0,0.6,0.6,0.0,3,0,0,2,3,0,1,0,0,0,0,0,0.0,UL,0.8112781244591328,3,0,1,0,1,0.75,0.0,0.25,0.0,0.2,UL,0.2,0.0,0.0,0.0,1,dl,midline,dr,0,0,0,0,0
5,0,size7_comp0.2_grid0_base_medium,7,0.2,medium,base,base,6,5,11,5,4,1,1,1,1,0,-1,5,0.0,0.6,0.6,0.0,3,0,0,2,2,1,1,0,0,0,0,0,0.0,UL,1.0,2,0,2,0,1,0.5,0.0,0.5,0.0,0.2,,0.0,0.0,0.0,0.0,0,dl,midline,dr,0,0,0,0,0
6,0,size7_comp0.2_grid0_base_medium,7,0.2,medium,base,base,6,5,11,5,4,1,1,1,1,0,-1,5,0.0,0.6,0.6,0.0,3,0,0,2,1,1,2,0,0,0,0,0,0.0,UL,0.8112781244591328,3,0,1,0,1,0.75,0.0,0.25,0.0,0.2,,0.0,0.0,0.0,0.0,0,dl,midline,dr,0,0,0,0,0
7,0,size7_comp0.2_grid0_base_medium,7,0.2,medium,base,base,6,5,11,5,4,1,1,1,1,0,-1,6,0.0,0.5,0.5,0.0,3,0,1,2,0,2,3,0,1,0,0,1,0.16666666666666666,UL,0.8112781244591328,3,0,1,0,2,0.75,0.0,0.25,0.0,0.3333333333333333,,0.0,0.0,0.0,0.0,0,dl,midline,dr,0,0,0,0,0
8,0,size7_comp0.2_grid0_base_medium,7,0.2,medium,base,base,6,5,11,5,4,1,1,1,1,0,-1,5,0.0,0.6,0.6,0.0,3,0,0,2,3,0,1,0,0,0,0,0,0.0,UL,0.8112781244591328,3,0,1,0,1,0.75,0.0,0.25,0.0,0.2,UL,0.2,0.0,0.0,0.0,1,dl,midline,dr,0,0,0,0,0
9,0,size7_comp0.2_grid0_base_medium,7,0.2,medium,base,base,6,5,11,5,4,1,1,1,1,0,-1,5,0.0,0.6,0.6,0.0,3,0,0,2,3,0,1,0,0,0,0,0,0.0,UL,0.8112781244591328,3,0,1,0,1,0.75,0.0,0.25,0.0,0.2,UL,0.2,0.0,0.0,0.0,1,dl,midline,dr,0,0,0,0,0
0,1,size7_comp0.2_grid1_base_medium,7,0.2,medium,base,base,4,4,8,4,3,1,1,1,1,0,-1,7,0.0,0.42857142857142855,0.42857142857142855,0.0,1,2,0,4,2,2,1,1,2,1,0,1,0.14285714285714285,UR,0.6500224216483541,1,5,0,0,1,0.16666666666666666,0.8333333333333334,0.0,0.0,0.14285714285714285,UR,0.0,0.14285714285714285,0.0,0.0,1,ul,midline,midline,0,0,0,0,0
1,1,size7_comp0.2_grid1_base_medium,7,0.2,medium,base,base,4,4,8,4,3,1,1,1,1,0,-1,4,0.0,0.5,0.5,0.0,0,1,0,3,2,0,1,0,0,0,0,0,0.0,UR,0.9182958340544896,1,2,0,0,1,0.3333333333333333,0.6666666666666666,0.0,0.0,0.25,,0.0,0.0,0.0,0.0,0,ul,midline,midline,0,0,0,0,0
2,1,size7_comp0.2_grid1_base_medium,7,0.2,medium,base,base,4,4,8,4,3,1,1,1,1,0,-1,5,0.0,0.4,0.4,0.0,0,1,0,4,3,0,1,0,1,0,0,1,0.2,UR,0.8112781244591328,1,3,0,0,1,0.25,0.75,0.0,0.0,0.2,,0.0,0.0,0.0,0.0,0,ul,midline,midline,0,0,0,0,0
3,1,size7_comp0.2_grid1_base_medium,7,0.2,medium,base,base,4,4,8,4,3,1,1,1,1,0,-1,4,0.0,0.5,0.5,0.0,0,1,0,3,2,0,1,0,0,0,0,0,0.0,UR,0.9182958340544896,1,2,0,0,1,0.3333333333333333,0.6666666666666666,0.0,0.0,0.25,,0.0,0.0,0.0,0.0,0,ul,midline,midline,0,0,0,0,0
4,1,size7_comp0.2_grid1_base_medium,7,0.2,medium,base,base,4,4,8,4,3,1,1,1,1,0,-1,6,0.0,0.5,0.5,0.0,1,2,0,3,1,0,3,1,1,1,0,0,0.0,UR,0.9182958340544896,1,2,0,0,3,0.3333333333333333,0.6666666666666666,0.0,0.0,0.5,,0.0,0.0,0.0,0.0,0,ul,midline,midline,0,0,0,0,0
5,1,size7_comp0.2_grid1_base_medium,7,0.2,medium,base,base,4,4,8,4,3,1,1,1,1,0,-1,5,0.0,0.4,0.4,0.0,0,1,0,4,3,0,1,0,1,0,0,1,0.2,UR,0.8112781244591328,1,3,0,0,1,0.25,0.75,0.0,0.0,0.2,,0.0,0.0,0.0,0.0,0,ul,midline,midline,0,0,0,0,0
6,1,size7_comp0.2_grid1_base_medium,7,0.2,medium,base,base,4,4,8,4,3,1,1,1,1,0,-1,4,0.0,0.5,0.5,0.0,0,1,0,3,2,0,1,0,0,0,0,0,0.0,UR,0.9182958340544896,1,2,0,0,1,0.3333333333333333,0.6666666666666666,0.0,0.0,0.25,,0.0,0.0,0.0,0.0,0,ul,midline,midline,0,0,0,0,0
7,1,size7_comp0.2_grid1_base_medium,7,0.2,medium,base,base,4,4,8,4,3,1,1,1,1,0,-1,4,0.0,0.5,0.5,0.0,0,1,0,3,2,0,1,0,0,0,0,0,0.0,UR,0.9182958340544896,1,2,0,0,1,0.3333333333333333,0.6666666666666666,0.0,0.0,0.25,,0.0,0.0,0.0,0.0,0,ul,midline,midline,0,0,0,0,0
8,1,size7_comp0.2_grid1_base_medium,7,0.2,medium,base,base,4,4,8,4,3,1,1,1,1,0,-1,5,0.0,0.4,0.4,0.0,0,1,0,4,3,0,1,0,1,0,0,1,0.2,UR,0.8112781244591328,1,3,0,0,1,0.25,0.75,0.0,0.0,0.2,,0.0,0.0,0.0,0.0,0,ul,midline,midline,0,0,0,0,0
9,1,size7_comp0.2_grid1_base_medium,7,0.2,medium,base,base,4,4,8,4,3,1,1,1,1,0,-1,5,0.0,0.4,0.4,0.0,0,1,0,4,3,0,1,0,1,0,0,1,0.2,UR,0.8112781244591328,1,3,0,0,1,0.25,0.75,0.0,0.0,0.2,,0.0,0.0,0.0,0.0,0,ul,midline,midline,0,0,0,0,0
0,2,size7_comp0.2_grid2_base_medium,7,0.2,medium,base,base,3,4,7,5,1,1,1,1,1,0,-1,5,0.0,0.4,0.4,0.0,2,0,3,0,3,1,0,0,0,0,0,0,0.0,UR,-0.0,0,3,0,0,2,0.0,1.0,0.0,0.0,0.4,UR,0.0,0.2,0.0,0.0,1,midline,ul,midline,0,0,0,0,0
1,2,size7_comp0.2_grid2_base_medium,7,0.2,medium,base,base,3,4,7,5,1,1,1,1,1,0,-1,7,0.0,0.2857142857142857,0.2857142857142857,0.0,4,0,3,0,4,1,1,0,2,0,0,2,0.2857142857142857,UR,-0.0,0,4,0,0,3,0.0,1.0,0.0,0.0,0.42857142857142855,,0.0,0.0,0.0,0.0,0,midline,ul,midline,0,0,0,0,0
2,2,size7_comp0.2_grid2_base_medium,7,0.2,medium,base,base,3,4,7,5,1,1,1,1,1,0,-1,5,0.0,0.4,0.4,0.0,2,0,3,0,2,1,1,0,0,0,0,0,0.0,UR,-0.0,0,2,0,0,3,0.0,1.0,0.0,0.0,0.6,,0.0,0.0,0.0,0.0,0,midline,ul,midline,0,0,0,0,0
3,2,size7_comp0.2_grid2_base_medium,7,0.2,medium,base,base,3,4,7,5,1,1,1,1,1,0,-1,5,0.0,0.4,0.4,0.0,2,0,3,0,2,1,1,0,0,0,0,0,0.0,UL,0.0,0,0,0,0,5,0.0,0.0,0.0,0.0,1.0,,0.0,0.0,0.0,0.0,0,midline,ul,midline,0,0,0,0,0
4,2,size7_comp0.2_grid2_base_medium,7,0.2,medium,base,base,3,4,7,5,1,1,1,1,1,0,-1,5,0.0,0.4,0.4,0.0,2,0,3,0,0,2,2,0,0,0,0,0,0.0,UR,-0.0,0,1,0,0,4,0.0,1.0,0.0,0.0,0.8,,0.0,0.0,0.0,0.0,0,midline,ul,midline,0,0,0,0,0
5,2,size7_comp0.2_grid2_base_medium,7,0.2,medium,base,base,3,4,7,5,1,1,1,1,1,0,-1,6,0.0,0.3333333333333333,0.3333333333333333,0.0,3,0,3,0,3,1,1,0,1,0,0,1,0.16666666666666666,UL,0.0,0,0,0,0,6,0.0,0.0,0.0,0.0,1.0,,0.0,0.0,0.0,0.0,0,midline,ul,midline,0,0,0,0,0
6,2,size7_comp0.2_grid2_base_medium,7,0.2,medium,base,base,3,4,7,5,1,1,1,1,1,0,-1,5,0.0,0.4,0.4,0.0,2,0,3,0,2,1,1,0,0,0,0,0,0.0,UL,0.0,0,0,0,0,5,0.0,0.0,0.0,0.0,1.0,,0.0,0.0,0.0,0.0,0,midline,ul,midline,0,0,0,0,0
7,2,size7_comp0.2_grid2_base_medium,7,0.2,medium,base,base,3,4,7,5,1,1,1,1,1,0,-1,9,0.0,0.3333333333333333,0.3333333333333333,0.0,5,1,3,0,2,2,3,1,3,1,0,2,0.2222222222222222,UR,-0.0,0,6,0,0,3,0.0,1.0,0.0,0.0,0.3333333333333333,UR,0.0,0.1111111111111111,0.0,0.0,1,midline,ul,midline,0,0,0,0,0
8,2,size7_comp0.2_grid2_base_medium,7,0.2,medium,base,base,3,4,7,5,1,1,1,1,1,0,-1,6,0.0,0.3333333333333333,0.3333333333333333,0.0,2,0,3,1,3,0,1,1,1,0,0,1,0.16666666666666666,UR,-0.0,0,4,0,0,2,0.0,1.0,0.0,0.0,0.3333333333333333,UR,0.0,0.3333333333333333,0.0,0.0,2,midline,ul,midline,0,0,0,0,0
9,2,size7_comp0.2_grid2_base_medium,7,0.2,medium,base,base,3,4,7,5,1,1,1,1,1,0,-1,6,0.0,0.3333333333333333,0.3333333333333333,0.0,3,0,3,0,2,2,1,0,1,0,0,1,0.16666666666666666,UR,-0.0,0,4,0,0,2,0.0,1.0,0.0,0.0,0.3333333333333333,,0.0,0.0,0.0,0.0,0,midline,ul,midline,0,0,0,0,0
0,3,size7_comp0.2_grid3_base_medium,7,0.2,medium,base,base,7,3,10,6,3,1,1,1,1,0,-1,6,0.0,0.8333333333333334,0.8333333333333334,0.0,0,2,0,4,4,0,1,0,0,0,0,0,0.0,UR,0.9709505944546686,2,3,0,0,1,0.4,0.6,0.0,0.0,0.16666666666666666,UL,0.16666666666666666,0.16666666666666666,0.0,0.0,1,ul,midline,dr,0,0,0,0,0
1,3,size7_comp0.2_grid3_base_medium,7,0.2,medium,base,base,7,3,10,6,3,1,1,1,1,0,-1,6,0.0,0.8333333333333334,0.8333333333333334,0.0,0,2,0,4,4,0,1,0,0,0,0,0,0.0,UR,0.9709505944546686,2,3,0,0,1,0.4,0.6,0.0,0.0,0.16666666666666666,UL,0.16666666666666666,0.16666666666666666,0.0,0.0,1,ul,midline,dr,0,0,0,0,0
2,3,size7_comp0.2_grid3_base_medium,7,0.2,medium,base,base,7,3,10,6,3,1,1,1,1,0,-1,7,0.0,0.7142857142857143,0.7142857142857143,0.0,0,2,0,5,3,1,2,0,1,0,0,1,0.14285714285714285,UR,0.9182958340544896,2,4,0,0,1,0.3333333333333333,0.6666666666666666,0.0,0.0,0.14285714285714285,UL,0.14285714285714285,0.14285714285714285,0.0,0.0,1,ul,midline,dr,0,0,0,0,0
3,3,size7_comp0.2_grid3_base_medium,7,0.2,medium,base,base,7,3,10,6,3,1,1,1,1,0,-1,13,0.0,0.6153846153846154,0.6153846153846154,0.0,3,5,0,5,7,1,3,1,4,1,0,1,0.07692307692307693,UL,1.360964047443681,5,4,1,0,3,0.5,0.4,0.1,0.0,0.23076923076923078,UL,0.15384615384615385,0.07692307692307693,0.0,0.0,1,ul,midline,dr,1,0,0,0,0
4,3,size7_comp0.2_grid3_base_medium,7,0.2,medium,base,base,7,3,10,6,3,1,1,1,1,0,-1,7,0.0,0.7142857142857143,0.7142857142857143,0.0,0,2,0,5,5,0,1,0,1,0,0,1,0.14285714285714285,UR,0.9182958340544896,2,4,0,0,1,0.3333333333333333,0.6666666666666666,0.0,0.0,0.14285714285714285,UR,0.14285714285714285,0.2857142857142857,0.0,0.0,2,ul,midline,dr,0,0,0,0,0
5,3,size7_comp0.2_grid3_base_medium,7,0.2,medium,base,base,7,3,10,6,3,1,1,1,1,0,-1,7,0.0,0.7142857142857143,0.7142857142857143,0.0,0,3,0,4,3,1,2,0,1,0,0,1,0.14285714285714285,UR,0.9182958340544896,2,4,0,0,1,0.3333333333333333,0.6666666666666666,0.0,0.0,0.14285714285714285,UL,0.14285714285714285,0.14285714285714285,0.0,0.0,1,ul,midline,dr,0,0,0,0,0
6,3,size7_comp0.2_grid3_base_medium,7,0.2,medium,base,base,7,3,10,6,3,1,1,1,1,0,-1,8,0.0,0.625,0.625,0.0,0,2,0,6,6,0,1,0,2,0,0,2,0.25,UR,0.863120568566631,2,5,0,0,1,0.2857142857142857,0.7142857142857143,0.0,0.0,0.125,UR,0.125,0.375,0.0,0.0,3,ul,midline,dr,0,0,0,0,0
7,3,size7_comp0.2_grid3_base_medium,7,0.2,medium,base,base,7,3,10,6,3,1,1,1,1,0,-1,6,0.0,0.8333333333333334,0.8333333333333334,0.0,0,2,0,4,4,0,1,0,0,0,0,0,0.0,UR,0.9709505944546686,2,3,0,0,1,0.4,0.6,0.0,0.0,0.16666666666666666,UL,0.16666666666666666,0.16666666666666666,0.0,0.0,1,ul,midline,dr,0,0,0,0,0
8,3,size7_comp0.2_grid3_base_medium,7,0.2,medium,base,base,7,3,10,6,3,1,1,1,1,0,-1,7,0.0,0.7142857142857143,0.7142857142857143,0.0,0,2,0,5,3,1,2,0,1,0,0,1,0.14285714285714285,UR,0.9182958340544896,2,4,0,0,1,0.3333333333333333,0.6666666666666666,0.0,0.0,0.14285714285714285,UL,0.14285714285714285,0.14285714285714285,0.0,0.0,1,ul,midline,dr,0,0,0,0,0
9,3,size7_comp0.2_grid3_base_medium,7,0.2,medium,base,base,7,3,10,6,3,1,1,1,1,0,-1,9,0.0,0.6666666666666666,0.6666666666666666,0.0,2,3,0,4,1,4,3,0,1,0,0,1,0.1111111111111111,UL,1.0,3,0,0,3,3,0.5,0.0,0.0,0.5,0.3333333333333333,UL,0.1111111111111111,0.0,0.0,0.0,1,ul,midline,dr,1,0,0,0,0
0,4,size7_comp0.2_grid4_base_medium,7,0.2,medium,base,base,3,4,7,5,2,1,1,1,1,0,-1,5,0.0,0.4,0.4,0.0,1,0,4,0,3,1,0,0,0,0,0,0,0.0,DR,-0.0,0,0,0,1,4,0.0,0.0,0.0,1.0,0.8,,0.0,0.0,0.0,0.0,0,dr,midline,midline,1,0,0,0,0
1,4,size7_comp0.2_grid4_base_medium,7,0.2,medium,base,base,3,4,7,5,2,1,1,1,1,0,-1,6,0.0,0.3333333333333333,0.3333333333333333,0.0,1,0,4,1,3,2,0,0,1,0,0,1,0.16666666666666666,DR,-0.0,0,0,0,2,4,0.0,0.0,0.0,1.0,0.6666666666666666,,0.0,0.0,0.0,0.0,0,dr,midline,midline,1,0,0,0,0
2,4,size7_comp0.2_grid4_base_medium,7,0.2,medium,base,base,3,4,7,5,2,1,1,1,1,0,-1,9,0.0,0.4444444444444444,0.4444444444444444,0.0,3,2,4,0,4,1,2,1,2,1,0,0,0.0,UR,0.8112781244591328,0,3,0,1,5,0.0,0.75,0.0,0.25,0.5555555555555556,,0.0,0.0,0.0,0.0,0,dr,midline,midline,0,0,0,0,0
3,4,size7_comp0.2_grid4_base_medium,7,0.2,medium,base,base,3,4,7,5,2,1,1,1,1,0,-1,5,0.0,0.4,0.4,0.0,1,0,4,0,3,1,0,0,0,0,0,0,0.0,DR,-0.0,0,0,0,1,4,0.0,0.0,0.0,1.0,0.8,,0.0,0.0,0.0,0.0,0,dr,midline,midline,1,0,0,0,0
4,4,size7_comp0.2_grid4_base_medium,7,0.2,medium,base,base,3,4,7,5,2,1,1,1,1,0,-1,7,0.0,0.42857142857142855,0.42857142857142855,0.0,2,1,4,0,2,1,2,1,1,1,0,0,0.0,UL,1.0,1,0,0,1,5,0.5,0.0,0.0,0.5,0.7142857142857143,,0.0,0.0,0.0,0.0,0,dr,midline,midline,0,0,0,0,0
5,4,size7_comp0.2_grid4_base_medium,7,0.2,medium,base,base,3,4,7,5,2,1,1,1,1,0,-1,7,0.0,0.42857142857142855,0.42857142857142855,0.0,2,1,4,0,2,1,2,1,1,1,0,0,0.0,UL,1.0,1,0,0,1,5,0.5,0.0,0.0,0.5,0.7142857142857143,,0.0,0.0,0.0,0.0,0,dr,midline,midline,0,0,0,0,0
6,4,size7_comp0.2_grid4_base_medium,7,0.2,medium,base,base,3,4,7,5,2,1,1,1,1,0,-1,5,0.0,0.4,0.4,0.0,1,0,4,0,3,1,0,0,0,0,0,0,0.0,DR,-0.0,0,0,0,1,4,0.0,0.0,0.0,1.0,0.8,,0.0,0.0,0.0,0.0,0,dr,midline,midline,1,0,0,0,0
7,4,size7_comp0.2_grid4_base_medium,7,0.2,medium,base,base,3,4,7,5,2,1,1,1,1,0,-1,6,0.0,0.3333333333333333,0.3333333333333333,0.0,1,0,4,1,3,2,0,0,1,0,0,1,0.16666666666666666,DR,-0.0,0,0,0,2,4,0.0,0.0,0.0,1.0,0.6666666666666666,,0.0,0.0,0.0,0.0,0,dr,midline,midline,1,0,0,0,0
8,4,size7_comp0.2_grid4_base_medium,7,0.2,medium,base,base,3,4,7,5,2,1,1,1,1,0,-1,5,0.0,0.4,0.4,0.0,1,0,4,0,3,1,0,0,0,0,0,0,0.0,DR,-0.0,0,0,0,1,4,0.0,0.0,0.0,1.0,0.8,,0.0,0.0,0.0,0.0,0,dr,midline,midline,1,0,0,0,0
9,4,size7_comp0.2_grid4_base_medium,7,0.2,medium,base,base,3,4,7,5,2,1,1,1,1,0,-1,5,0.0,0.4,0.4,0.0,1,0,4,0,3,1,0,0,0,0,0,0,0.0,DR,-0.0,0,0,0,1,4,0.0,0.0,0.0,1.0,0.8,,0.0,0.0,0.0,0.0,0,dr,midline,midline,1,0,0,0,0
0,5,size7_comp0.2_grid5_base_medium,7,0.2,medium,base,base,5,3,8,4,3,1,1,1,1,0,-1,5,0.0,0.6,0.6,0.0,0,4,1,0,2,1,1,0,1,0,0,1,0.2,UR,-0.0,0,1,0,0,4,0.0,1.0,0.0,0.0,0.8,,0.0,0.0,0.0,0.0,0,ur,midline,dl,1,0,0,0,0
1,5,size7_comp0.2_grid5_base_medium,7,0.2,medium,base,base,5,3,8,4,3,1,1,1,1,0,-1,6,0.0,0.6666666666666666,0.6666666666666666,0.0,0,3,2,1,2,1,2,0,0,0,0,0,0.0,DR,0.8112781244591328,0,1,0,3,2,0.0,0.25,0.0,0.75,0.3333333333333333,DR,0.0,0.0,0.0,0.16666666666666666,1,ur,midline,dl,0,0,0,0,0
2,5,size7_comp0.2_grid5_base_medium,7,0.2,medium,base,base,5,3,8,4,3,1,1,1,1,0,-1,4,0.0,0.75,0.75,0.0,0,3,1,0,1,1,1,0,0,0,0,0,0.0,UR,-0.0,0,1,0,0,3,0.0,1.0,0.0,0.0,0.75,,0.0,0.0,0.0,0.0,0,ur,midline,dl,1,0,0,0,0
3,5,size7_comp0.2_grid5_base_medium,7,0.2,medium,base,base,5,3,8,4,3,1,1,1,1,0,-1,4,0.0,0.75,0.75,0.0,0,3,1,0,2,1,0,0,0,0,0,0,0.0,UR,-0.0,0,1,0,0,3,0.0,1.0,0.0,0.0,0.75,,0.0,0.0,0.0,0.0,0,ur,midline,dl,1,0,0,0,0
4,5,size7_comp0.2_grid5_base_medium,7,0.2,medium,base,base,5,3,8,4,3,1,1,1,1,0,-1,4,0.0,0.75,0.75,0.0,0,3,1,0,1,1,1,0,0,0,0,0,0.0,UR,-0.0,0,1,0,0,3,0.0,1.0,0.0,0.0,0.75,,0.0,0.0,0.0,0.0,0,ur,midline,dl,1,0,0,0,0
5,5,size7_comp0.2_grid5_base_medium,7,0.2,medium,base,base,5,3,8,4,3,1,1,1,1,0,-1,5,0.0,0.6,0.6,0.0,0,4,1,0,2,1,1,0,1,0,0,1,0.2,UR,-0.0,0,1,0,0,4,0.0,1.0,0.0,0.0,0.8,,0.0,0.0,0.0,0.0,0,ur,midline,dl,1,0,0,0,0
6,5,size7_comp0.2_grid5_base_medium,7,0.2,medium,base,base,5,3,8,4,3,1,1,1,1,0,-1,4,0.0,0.75,0.75,0.0,0,3,1,0,2,1,0,0,0,0,0,0,0.0,UR,-0.0,0,1,0,0,3,0.0,1.0,0.0,0.0,0.75,,0.0,0.0,0.0,0.0,0,ur,midline,dl,1,0,0,0,0
7,5,size7_comp0.2_grid5_base_medium,7,0.2,medium,base,base,5,3,8,4,3,1,1,1,1,0,-1,4,0.0,0.75,0.75,0.0,0,3,1,0,1,1,1,0,0,0,0,0,0.0,UR,-0.0,0,1,0,0,3,0.0,1.0,0.0,0.0,0.75,,0.0,0.0,0.0,0.0,0,ur,midline,dl,1,0,0,0,0
8,5,size7_comp0.2_grid5_base_medium,7,0.2,medium,base,base,5,3,8,4,3,1,1,1,1,0,-1,4,0.0,0.75,0.75,0.0,0,3,1,0,2,1,0,0,0,0,0,0,0.0,UR,-0.0,0,1,0,0,3,0.0,1.0,0.0,0.0,0.75,,0.0,0.0,0.0,0.0,0,ur,midline,dl,1,0,0,0,0
9,5,size7_comp0.2_grid5_base_medium,7,0.2,medium,base,base,5,3,8,4,3,1,1,1,1,0,-1,4,0.0,0.75,0.75,0.0,0,3,1,0,2,1,0,0,0,0,0,0,0.0,UR,-0.0,0,1,0,0,3,0.0,1.0,0.0,0.0,0.75,,0.0,0.0,0.0,0.0,0,ur,midline,dl,1,0,0,0,0
0,6,size7_comp0.2_grid6_base_medium,7,0.2,medium,base,base,3,4,7,3,2,1,1,1,1,0,-1,3,0.0,0.3333333333333333,0.3333333333333333,0.0,0,1,0,2,0,1,1,0,0,0,0,0,0.0,UL,-0.0,1,0,0,0,2,1.0,0.0,0.0,0.0,0.6666666666666666,,0.0,0.0,0.0,0.0,0,ul,ur,midline,1,0,0,0,0
1,6,size7_comp0.2_grid6_base_medium,7,0.2,medium,base,base,3,4,7,3,2,1,1,1,1,0,-1,3,0.0,0.3333333333333333,0.3333333333333333,0.0,0,1,0,2,1,0,1,0,0,0,0,0,0.0,UL,1.0,1,1,0,0,1,0.5,0.5,0.0,0.0,0.3333333333333333,,0.0,0.0,0.0,0.0,0,ul,ur,midline,1,0,0,0,0
2,6,size7_comp0.2_grid6_base_medium,7,0.2,medium,base,base,3,4,7,3,2,1,1,1,1,0,-1,3,0.0,0.3333333333333333,0.3333333333333333,0.0,0,1,0,2,1,0,1,0,0,0,0,0,0.0,UL,1.0,1,1,0,0,1,0.5,0.5,0.0,0.0,0.3333333333333333,,0.0,0.0,0.0,0.0,0,ul,ur,midline,1,0,0,0,0
3,6,size7_comp0.2_grid6_base_medium,7,0.2,medium,base,base,3,4,7,3,2,1,1,1,1,0,-1,3,0.0,0.3333333333333333,0.3333333333333333,0.0,0,1,0,2,1,1,0,0,0,0,0,0,0.0,UL,-0.0,2,0,0,0,1,1.0,0.0,0.0,0.0,0.3333333333333333,,0.0,0.0,0.0,0.0,0,ul,ur,midline,1,0,0,0,0
4,6,size7_comp0.2_grid6_base_medium,7,0.2,medium,base,base,3,4,7,3,2,1,1,1,1,0,-1,3,0.0,0.3333333333333333,0.3333333333333333,0.0,0,1,0,2,1,0,1,0,0,0,0,0,0.0,UL,1.0,1,1,0,0,1,0.5,0.5,0.0,0.0,0.3333333333333333,,0.0,0.0,0.0,0.0,0,ul,ur,midline,1,0,0,0,0
5,6,size7_comp0.2_grid6_base_medium,7,0.2,medium,base,base,3,4,7,3,2,1,1,1,1,0,-1,3,0.0,0.3333333333333333,0.3333333333333333,0.0,0,1,0,2,1,0,1,0,0,0,0,0,0.0,UL,1.0,1,1,0,0,1,0.5,0.5,0.0,0.0,0.3333333333333333,,0.0,0.0,0.0,0.0,0,ul,ur,midline,1,0,0,0,0
6,6,size7_comp0.2_grid6_base_medium,7,0.2,medium,base,base,3,4,7,3,2,1,1,1,1,0,-1,3,0.0,0.3333333333333333,0.3333333333333333,0.0,0,1,0,2,0,1,1,0,0,0,0,0,0.0,UL,-0.0,1,0,0,0,2,1.0,0.0,0.0,0.0,0.6666666666666666,,0.0,0.0,0.0,0.0,0,ul,ur,midline,1,0,0,0,0
7,6,size7_comp0.2_grid6_base_medium,7,0.2,medium,base,base,3,4,7,3,2,1,1,1,1,0,-1,3,0.0,0.3333333333333333,0.3333333333333333,0.0,0,1,0,2,1,1,0,0,0,0,0,0,0.0,UL,-0.0,2,0,0,0,1,1.0,0.0,0.0,0.0,0.3333333333333333,,0.0,0.0,0.0,0.0,0,ul,ur,midline,1,0,0,0,0
8,6,size7_comp0.2_grid6_base_medium,7,0.2,medium,base,base,3,4,7,3,2,1,1,1,1,0,-1,3,0.0,0.3333333333333333,0.3333333333333333,0.0,0,1,0,2,1,0,1,0,0,0,0,0,0.0,UL,1.0,1,1,0,0,1,0.5,0.5,0.0,0.0,0.3333333333333333,,0.0,0.0,0.0,0.0,0,ul,ur,midline,1,0,0,0,0
9,6,size7_comp0.2_grid6_base_medium,7,0.2,medium,base,base,3,4,7,3,2,1,1,1,1,0,-1,3,0.0,0.3333333333333333,0.3333333333333333,0.0,0,1,0,2,1,0,1,0,0,0,0,0,0.0,UL,1.0,1,1,0,0,1,0.5,0.5,0.0,0.0,0.3333333333333333,,0.0,0.0,0.0,0.0,0,ul,ur,midline,1,0,0,0,0
0,7,size7_comp0.2_grid7_base_medium,7,0.2,medium,base,base,8,5,13,3,5,1,1,1,1,0,-1,3,0.0,1.0,1.0,0.0,0,1,0,2,0,1,1,0,0,0,0,0,0.0,UL,-0.0,3,0,0,0,0,1.0,0.0,0.0,0.0,0.0,UL,0.3333333333333333,0.0,0.0,0.0,1,ul,midline,dr,1,0,0,0,0
1,7,size7_comp0.2_grid7_base_medium,7,0.2,medium,base,base,8,5,13,3,5,1,1,1,1,0,-1,3,0.0,1.0,1.0,0.0,0,1,0,2,0,1,1,0,0,0,0,0,0.0,UL,-0.0,3,0,0,0,0,1.0,0.0,0.0,0.0,0.0,UL,0.3333333333333333,0.0,0.0,0.0,1,ul,midline,dr,1,0,0,0,0
2,7,size7_comp0.2_grid7_base_medium,7,0.2,medium,base,base,8,5,13,3,5,1,1,1,1,0,-1,3,0.0,1.0,1.0,0.0,0,1,0,2,0,1,1,0,0,0,0,0,0.0,UL,-0.0,3,0,0,0,0,1.0,0.0,0.0,0.0,0.0,UL,0.3333333333333333,0.0,0.0,0.0,1,ul,midline,dr,1,0,0,0,0
3,7,size7_comp0.2_grid7_base_medium,7,0.2,medium,base,base,8,5,13,3,5,1,1,1,1,0,-1,3,0.0,1.0,1.0,0.0,0,1,0,2,1,0,1,0,0,0,0,0,0.0,UL,-0.0,2,0,0,0,1,1.0,0.0,0.0,0.0,0.3333333333333333,UL,0.3333333333333333,0.0,0.0,0.0,1,ul,midline,dr,1,0,0,0,0
4,7,size7_comp0.2_grid7_base_medium,7,0.2,medium,base,base,8,5,13,3,5,1,1,1,1,0,-1,3,0.0,1.0,1.0,0.0,0,1,0,2,0,1,1,0,0,0,0,0,0.0,UL,-0.0,3,0,0,0,0,1.0,0.0,0.0,0.0,0.0,UL,0.3333333333333333,0.0,0.0,0.0,1,ul,midline,dr,1,0,0,0,0
5,7,size7_comp0.2_grid7_base_medium,7,0.2,medium,base,base,8,5,13,3,5,1,1,1,1,0,-1,3,0.0,1.0,1.0,0.0,0,1,0,2,1,0,1,0,0,0,0,0,0.0,UL,-0.0,2,0,0,0,1,1.0,0.0,0.0,0.0,0.3333333333333333,UL,0.3333333333333333,0.0,0.0,0.0,1,ul,midline,dr,1,0,0,0,0
6,7,size7_comp0.2_grid7_base_medium,7,0.2,medium,base,base,8,5,13,3,5,1,1,1,1,0,-1,3,0.0,1.0,1.0,0.0,0,1,0,2,0,1,1,0,0,0,0,0,0.0,UL,-0.0,3,0,0,0,0,1.0,0.0,0.0,0.0,0.0,UL,0.3333333333333333,0.0,0.0,0.0,1,ul,midline,dr,1,0,0,0,0
7,7,size7_comp0.2_grid7_base_medium,7,0.2,medium,base,base,8,5,13,3,5,1,1,1,1,0,-1,3,0.0,1.0,1.0,0.0,0,1,0,2,1,0,1,0,0,0,0,0,0.0,UL,-0.0,2,0,0,0,1,1.0,0.0,0.0,0.0,0.3333333333333333,UL,0.3333333333333333,0.0,0.0,0.0,1,ul,midline,dr,1,0,0,0,0
8,7,size7_comp0.2_grid7_base_medium,7,0.2,medium,base,base,8,5,13,3,5,1,1,1,1,0,-1,5,0.0,0.8,0.8,0.0,0,1,1,3,2,1,0,1,1,1,0,0,0.0,UL,0.9182958340544896,2,1,0,0,2,0.6666666666666666,0.3333333333333333,0.0,0.0,0.4,UL,0.2,0.0,0.0,0.0,1,ul,midline,dr,1,0,0,0,0
9,7,size7_comp0.2_grid7_base_medium,7,0.2,medium,base,base,8,5,13,3,5,1,1,1,1,0,-1,3,0.0,1.0,1.0,0.0,0,1,0,2,1,0,1,0,0,0,0,0,0.0,UL,-0.0,2,0,0,0,1,1.0,0.0,0.0,0.0,0.3333333333333333,UL,0.3333333333333333,0.0,0.0,0.0,1,ul,midline,dr,1,0,0,0,0
0,8,size7_comp0.2_grid8_base_medium,7,0.2,medium,base,base,4,3,7,3,2,1,1,1,1,0,-1,3,0.0,0.6666666666666666,0.6666666666666666,0.0,1,0,2,0,1,0,1,0,0,0,0,0,0.0,DL,1.0,0,0,1,1,1,0.0,0.0,0.5,0.5,0.3333333333333333,,0.0,0.0,0.0,0.0,0,dr,dl,midline,0,0,0,0,0
1,8,size7_comp0.2_grid8_base_medium,7,0.2,medium,base,base,4,3,7,3,2,1,1,1,1,0,-1,4,0.0,0.5,0.5,0.0,2,0,2,0,1,1,1,0,1,0,0,1,0.25,DR,0.9182958340544896,0,0,1,2,1,0.0,0.0,0.3333333333333333,0.6666666666666666,0.25,,0.0,0.0,0.0,0.0,0,dr,dl,midline,1,0,0,0,0
2,8,size7_comp0.2_grid8_base_medium,7,0.2,medium,base,base,4,3,7,3,2,1,1,1,1,0,-1,3,0.0,0.6666666666666666,0.6666666666666666,0.0,1,0,2,0,0,1,1,0,0,0,0,0,0.0,DR,-0.0,0,0,0,1,2,0.0,0.0,0.0,1.0,0.6666666666666666,,0.0,0.0,0.0,0.0,0,dr,dl,midline,1,0,0,0,0
3,8,size7_comp0.2_grid8_base_medium,7,0.2,medium,base,base,4,3,7,3,2,1,1,1,1,0,-1,5,0.0,0.4,0.4,0.0,3,0,2,0,1,2,1,0,2,0,0,2,0.4,DR,-0.0,0,0,0,3,2,0.0,0.0,0.0,1.0,0.4,,0.0,0.0,0.0,0.0,0,dr,dl,midline,1,0,0,0,0
4,8,size7_comp0.2_grid8_base_medium,7,0.2,medium,base,base,4,3,7,3,2,1,1,1,1,0,-1,3,0.0,0.6666666666666666,0.6666666666666666,0.0,1,0,2,0,1,0,1,0,0,0,0,0,0.0,DL,1.0,0,0,1,1,1,0.0,0.0,0.5,0.5,0.3333333333333333,,0.0,0.0,0.0,0.0,0,dr,dl,midline,0,0,0,0,0
5,8,size7_comp0.2_grid8_base_medium,7,0.2,medium,base,base,4,3,7,3,2,1,1,1,1,0,-1,3,0.0,0.6666666666666666,0.6666666666666666,0.0,1,0,2,0,0,1,1,0,0,0,0,0,0.0,DR,-0.0,0,0,0,1,2,0.0,0.0,0.0,1.0,0.6666666666666666,,0.0,0.0,0.0,0.0,0,dr,dl,midline,1,0,0,0,0
6,8,size7_comp0.2_grid8_base_medium,7,0.2,medium,base,base,4,3,7,3,2,1,1,1,1,0,-1,5,0.0,0.6,0.6,0.0,2,1,2,0,1,2,1,0,0,0,0,0,0.0,DR,-0.0,0,0,0,1,4,0.0,0.0,0.0,1.0,0.8,,0.0,0.0,0.0,0.0,0,dr,dl,midline,1,0,0,0,0
7,8,size7_comp0.2_grid8_base_medium,7,0.2,medium,base,base,4,3,7,3,2,1,1,1,1,0,-1,3,0.0,0.6666666666666666,0.6666666666666666,0.0,1,0,2,0,0,1,1,0,0,0,0,0,0.0,DR,-0.0,0,0,0,1,2,0.0,0.0,0.0,1.0,0.6666666666666666,,0.0,0.0,0.0,0.0,0,dr,dl,midline,1,0,0,0,0
8,8,size7_comp0.2_grid8_base_medium,7,0.2,medium,base,base,4,3,7,3,2,1,1,1,1,0,-1,3,0.0,0.6666666666666666,0.6666666666666666,0.0,1,0,2,0,0,1,1,0,0,0,0,0,0.0,DR,-0.0,0,0,0,1,2,0.0,0.0,0.0,1.0,0.6666666666666666,,0.0,0.0,0.0,0.0,0,dr,dl,midline,1,0,0,0,0
9,8,size7_comp0.2_grid8_base_medium,7,0.2,medium,base,base,4,3,7,3,2,1,1,1,1,0,-1,5,0.0,0.4,0.4,0.0,3,0,2,0,1,2,1,0,2,0,0,2,0.4,DR,-0.0,0,0,0,3,2,0.0,0.0,0.0,1.0,0.4,,0.0,0.0,0.0,0.0,0,dr,dl,midline,1,0,0,0,0
0,9,size7_comp0.2_grid9_base_medium,7,0.2,medium,base,base,5,6,11,3,5,1,1,1,1,0,-1,4,0.0,0.25,0.25,0.0,0,1,0,3,1,1,1,0,1,0,0,1,0.25,DL,-0.0,0,0,3,0,1,0.0,0.0,1.0,0.0,0.25,DL,0.0,0.0,0.25,0.0,1,dl,dr,ul,1,0,0,0,0
1,9,size7_comp0.2_grid9_base_medium,7,0.2,medium,base,base,5,6,11,3,5,1,1,1,1,0,-1,3,0.0,0.3333333333333333,0.3333333333333333,0.0,0,0,0,3,2,0,0,0,0,0,0,0,0.0,DL,-0.0,0,0,2,0,1,0.0,0.0,1.0,0.0,0.3333333333333333,DL,0.0,0.0,0.3333333333333333,0.0,1,dl,dr,ul,1,0,0,0,0
2,9,size7_comp0.2_grid9_base_medium,7,0.2,medium,base,base,5,6,11,3,5,1,1,1,1,0,-1,4,0.0,0.25,0.25,0.0,0,1,0,3,2,1,0,0,1,0,0,1,0.25,DL,-0.0,0,0,3,0,1,0.0,0.0,1.0,0.0,0.25,DL,0.0,0.0,0.5,0.0,2,dl,dr,ul,1,0,0,0,0
3,9,size7_comp0.2_grid9_base_medium,7,0.2,medium,base,base,5,6,11,3,5,1,1,1,1,0,-1,3,0.0,0.3333333333333333,0.3333333333333333,0.0,0,0,0,3,2,0,0,0,0,0,0,0,0.0,DL,-0.0,0,0,2,0,1,0.0,0.0,1.0,0.0,0.3333333333333333,DL,0.0,0.0,0.3333333333333333,0.0,1,dl,dr,ul,1,0,0,0,0
4,9,size7_comp0.2_grid9_base_medium,7,0.2,medium,base,base,5,6,11,3,5,1,1,1,1,0,-1,3,0.0,0.3333333333333333,0.3333333333333333,0.0,0,0,0,3,2,0,0,0,0,0,0,0,0.0,DL,-0.0,0,0,2,0,1,0.0,0.0,1.0,0.0,0.3333333333333333,DL,0.0,0.0,0.3333333333333333,0.0,1,dl,dr,ul,1,0,0,0,0
5,9,size7_comp0.2_grid9_base_medium,7,0.2,medium,base,base,5,6,11,3,5,1,1,1,1,0,-1,3,0.0,0.3333333333333333,0.3333333333333333,0.0,0,0,0,3,2,0,0,0,0,0,0,0,0.0,DL,-0.0,0,0,2,0,1,0.0,0.0,1.0,0.0,0.3333333333333333,DL,0.0,0.0,0.3333333333333333,0.0,1,dl,dr,ul,1,0,0,0,0
6,9,size7_comp0.2_grid9_base_medium,7,0.2,medium,base,base,5,6,11,3,5,1,1,1,1,0,-1,3,0.0,0.3333333333333333,0.3333333333333333,0.0,0,0,0,3,2,0,0,0,0,0,0,0,0.0,DL,-0.0,0,0,2,0,1,0.0,0.0,1.0,0.0,0.3333333333333333,DL,0.0,0.0,0.3333333333333333,0.0,1,dl,dr,ul,1,0,0,0,0
7,9,size7_comp0.2_grid9_base_medium,7,0.2,medium,base,base,5,6,11,3,5,1,1,1,1,0,-1,4,0.0,0.25,0.25,0.0,0,1,0,3,2,1,0,0,1,0,0,1,0.25,DL,-0.0,0,0,3,0,1,0.0,0.0,1.0,0.0,0.25,DL,0.0,0.0,0.5,0.0,2,dl,dr,ul,1,0,0,0,0
8,9,size7_comp0.2_grid9_base_medium,7,0.2,medium,base,base,5,6,11,3,5,1,1,1,1,0,-1,4,0.0,0.25,0.25,0.0,0,1,0,3,2,1,0,0,1,0,0,1,0.25,DL,-0.0,0,0,3,0,1,0.0,0.0,1.0,0.0,0.25,DL,0.0,0.0,0.5,0.0,2,dl,dr,ul,1,0,0,0,0
9,9,size7_comp0.2_grid9_base_medium,7,0.2,medium,base,base,5,6,11,3,5,1,1,1,1,0,-1,3,0.0,0.3333333333333333,0.3333333333333333,0.0,0,0,0,3,2,0,0,0,0,0,0,0,0.0,DL,-0.0,0,0,2,0,1,0.0,0.0,1.0,0.0,0.3333333333333333,DL,0.0,0.0,0.3333333333333333,0.0,1,dl,dr,ul,1,0,0,0,0
0,0,size7_comp0.4_grid0_base_medium,7,0.4,medium,base,base,3,5,8,4,2,1,1,1,1,0,-1,4,0.0,0.25,0.25,0.0,0,4,0,0,3,0,0,0,0,0,0,0,0.0,UL,0.9182958340544896,2,0,1,0,1,0.6666666666666666,0.0,0.3333333333333333,0.0,0.25,UL,0.25,0.0,0.0,0.0,1,ul,dl,midline,1,0,0,0,0
1,0,size7_comp0.4_grid0_base_medium,7,0.4,medium,base,base,3,5,8,4,2,1,1,1,1,0,-1,4,0.0,0.25,0.25,0.0,0,4,0,0,3,0,0,0,0,0,0,0,0.0,UL,0.9182958340544896,2,0,1,0,1,0.6666666666666666,0.0,0.3333333333333333,0.0,0.25,UL,0.25,0.0,0.0,0.0,1,ul,dl,midline,1,0,0,0,0
2,0,size7_comp0.4_grid0_base_medium,7,0.4,medium,base,base,3,5,8,4,2,1,1,1,1,0,-1,5,0.0,0.2,0.2,0.0,0,4,0,1,2,1,1,0,1,0,0,1,0.2,UL,0.9182958340544896,2,0,1,0,2,0.6666666666666666,0.0,0.3333333333333333,0.0,0.4,UL,0.2,0.0,0.0,0.0,1,ul,dl,midline,1,0,0,0,0
3,0,size7_comp0.4_grid0_base_medium,7,0.4,medium,base,base,3,5,8,4,2,1,1,1,1,0,-1,4,0.0,0.25,0.25,0.0,0,4,0,0,3,0,0,0,0,0,0,0,0.0,UL,0.9182958340544896,2,0,1,0,1,0.6666666666666666,0.0,0.3333333333333333,0.0,0.25,UL,0.25,0.0,0.0,0.0,1,ul,dl,midline,1,0,0,0,0
4,0,size7_comp0.4_grid0_base_medium,7,0.4,medium,base,base,3,5,8,4,2,1,1,1,1,0,-1,6,0.0,0.3333333333333333,0.3333333333333333,0.0,0,4,1,1,2,1,2,0,0,0,0,0,0.0,UL,0.7219280948873623,4,0,1,0,1,0.8,0.0,0.2,0.0,0.16666666666666666,UL,0.16666666666666666,0.0,0.0,0.0,1,ul,dl,midline,1,0,0,0,0
5,0,size7_comp0.4_grid0_base_medium,7,0.4,medium,base,base,3,5,8,4,2,1,1,1,1,0,-1,8,0.0,0.25,0.25,0.0,1,4,1,2,1,5,1,0,3,0,0,2,0.25,DL,0.9182958340544896,2,0,4,0,2,0.3333333333333333,0.0,0.6666666666666666,0.0,0.25,UL,0.125,0.0,0.0,0.0,1,ul,dl,midline,0,0,0,0,0
6,0,size7_comp0.4_grid0_base_medium,7,0.4,medium,base,base,3,5,8,4,2,1,1,1,1,0,-1,6,0.0,0.3333333333333333,0.3333333333333333,0.0,0,4,1,1,2,2,0,1,1,1,0,0,0.0,UL,0.7219280948873623,4,0,1,0,1,0.8,0.0,0.2,0.0,0.16666666666666666,UL,0.16666666666666666,0.0,0.0,0.0,1,ul,dl,midline,1,0,0,0,0
7,0,size7_comp0.4_grid0_base_medium,7,0.4,medium,base,base,3,5,8,4,2,1,1,1,1,0,-1,6,0.0,0.3333333333333333,0.3333333333333333,0.0,0,4,1,1,2,2,0,1,1,1,0,0,0.0,DL,0.9709505944546686,2,0,3,0,1,0.4,0.0,0.6,0.0,0.16666666666666666,UL,0.16666666666666666,0.0,0.0,0.0,1,ul,dl,midline,0,0,0,0,0
8,0,size7_comp0.4_grid0_base_medium,7,0.4,medium,base,base,3,5,8,4,2,1,1,1,1,0,-1,6,0.0,0.3333333333333333,0.3333333333333333,0.0,0,4,1,1,3,1,0,1,1,1,0,0,0.0,UL,0.7219280948873623,4,0,1,0,1,0.8,0.0,0.2,0.0,0.16666666666666666,UL,0.3333333333333333,0.0,0.0,0.0,1,ul,dl,midline,1,0,0,0,0
9,0,size7_comp0.4_grid0_base_medium,7,0.4,medium,base,base,3,5,8,4,2,1,1,1,1,0,-1,4,0.0,0.25,0.25,0.0,0,4,0,0,3,0,0,0,0,0,0,0,0.0,UL,0.9182958340544896,2,0,1,0,1,0.6666666666666666,0.0,0.3333333333333333,0.0,0.25,UL,0.25,0.0,0.0,0.0,1,ul,dl,midline,1,0,0,0,0
0,1,size7_comp0.4_grid1_base_medium,7,0.4,medium,base,base,4,3,7,3,2,1,1,1,1,0,-1,3,0.0,0.6666666666666666,0.6666666666666666,0.0,0,0,0,3,2,0,0,0,0,0,0,0,0.0,UL,-0.0,2,0,0,0,1,1.0,0.0,0.0,0.0,0.3333333333333333,UL,0.3333333333333333,0.0,0.0,0.0,1,ul,ur,midline,1,0,0,0,0
1,1,size7_comp0.4_grid1_base_medium,7,0.4,medium,base,base,4,3,7,3,2,1,1,1,1,0,-1,3,0.0,0.6666666666666666,0.6666666666666666,0.0,0,0,0,3,2,0,0,0,0,0,0,0,0.0,UL,-0.0,2,0,0,0,1,1.0,0.0,0.0,0.0,0.3333333333333333,UL,0.3333333333333333,0.0,0.0,0.0,1,ul,ur,midline,1,0,0,0,0
2,1,size7_comp0.4_grid1_base_medium,7,0.4,medium,base,base,4,3,7,3,2,1,1,1,1,0,-1,3,0.0,0.6666666666666666,0.6666666666666666,0.0,0,0,0,3,2,0,0,0,0,0,0,0,0.0,UL,-0.0,2,0,0,0,1,1.0,0.0,0.0,0.0,0.3333333333333333,UL,0.3333333333333333,0.0,0.0,0.0,1,ul,ur,midline,1,0,0,0,0
3,1,size7_comp0.4_grid1_base_medium,7,0.4,medium,base,base,4,3,7,3,2,1,1,1,1,0,-1,3,0.0,0.6666666666666666,0.6666666666666666,0.0,0,0,0,3,2,0,0,0,0,0,0,0,0.0,UL,-0.0,2,0,0,0,1,1.0,0.0,0.0,0.0,0.3333333333333333,UL,0.3333333333333333,0.0,0.0,0.0,1,ul,ur,midline,1,0,0,0,0
4,1,size7_comp0.4_grid1_base_medium,7,0.4,medium,base,base,4,3,7,3,2,1,1,1,1,0,-1,5,0.0,0.6,0.6,0.0,1,1,0,3,1,0,2,1,1,1,0,0,0.0,UL,-0.0,2,0,0,0,3,1.0,0.0,0.0,0.0,0.6,UL,0.2,0.0,0.0,0.0,1,ul,ur,midline,1,0,0,0,0
5,1,size7_comp0.4_grid1_base_medium,7,0.4,medium,base,base,4,3,7,3,2,1,1,1,1,0,-1,3,0.0,0.6666666666666666,0.6666666666666666,0.0,0,0,0,3,2,0,0,0,0,0,0,0,0.0,UL,-0.0,2,0,0,0,1,1.0,0.0,0.0,0.0,0.3333333333333333,UL,0.3333333333333333,0.0,0.0,0.0,1,ul,ur,midline,1,0,0,0,0
6,1,size7_comp0.4_grid1_base_medium,7,0.4,medium,base,base,4,3,7,3,2,1,1,1,1,0,-1,3,0.0,0.6666666666666666,0.6666666666666666,0.0,0,0,0,3,2,0,0,0,0,0,0,0,0.0,UL,-0.0,2,0,0,0,1,1.0,0.0,0.0,0.0,0.3333333333333333,UL,0.3333333333333333,0.0,0.0,0.0,1,ul,ur,midline,1,0,0,0,0
7,1,size7_comp0.4_grid1_base_medium,7,0.4,medium,base,base,4,3,7,3,2,1,1,1,1,0,-1,3,0.0,0.6666666666666666,0.6666666666666666,0.0,0,0,0,3,2,0,0,0,0,0,0,0,0.0,UL,-0.0,2,0,0,0,1,1.0,0.0,0.0,0.0,0.3333333333333333,UL,0.3333333333333333,0.0,0.0,0.0,1,ul,ur,midline,1,0,0,0,0
8,1,size7_comp0.4_grid1_base_medium,7,0.4,medium,base,base,4,3,7,3,2,1,1,1,1,0,-1,3,0.0,0.6666666666666666,0.6666666666666666,0.0,0,0,0,3,2,0,0,0,0,0,0,0,0.0,UL,-0.0,2,0,0,0,1,1.0,0.0,0.0,0.0,0.3333333333333333,UL,0.3333333333333333,0.0,0.0,0.0,1,ul,ur,midline,1,0,0,0,0
9,1,size7_comp0.4_grid1_base_medium,7,0.4,medium,base,base,4,3,7,3,2,1,1,1,1,0,-1,3,0.0,0.6666666666666666,0.6666666666666666,0.0,0,0,0,3,2,0,0,0,0,0,0,0,0.0,UL,-0.0,2,0,0,0,1,1.0,0.0,0.0,0.0,0.3333333333333333,UL,0.3333333333333333,0.0,0.0,0.0,1,ul,ur,midline,1,0,0,0,0
0,2,size7_comp0.4_grid2_base_medium,7,0.4,medium,base,base,3,6,9,3,3,1,1,1,1,0,-1,4,0.0,0.0,0.0,0.0,2,0,2,0,2,1,0,0,1,0,0,1,0.25,UR,-0.0,0,4,0,0,0,0.0,1.0,0.0,0.0,0.0,UR,0.0,0.5,0.0,0.0,2,ur,midline,dr,1,0,0,0,0
1,2,size7_comp0.4_grid2_base_medium,7,0.4,medium,base,base,3,6,9,3,3,1,1,1,1,0,-1,4,0.0,0.0,0.0,0.0,2,0,2,0,0,2,1,0,1,0,0,1,0.25,UR,-0.0,0,4,0,0,0,0.0,1.0,0.0,0.0,0.0,UR,0.0,0.25,0.0,0.0,1,ur,midline,dr,1,0,0,0,0
2,2,size7_comp0.4_grid2_base_medium,7,0.4,medium,base,base,3,6,9,3,3,1,1,1,1,0,-1,4,0.0,0.0,0.0,0.0,2,0,2,0,2,1,0,0,1,0,0,1,0.25,UR,-0.0,0,4,0,0,0,0.0,1.0,0.0,0.0,0.0,UR,0.0,0.5,0.0,0.0,2,ur,midline,dr,1,0,0,0,0
3,2,size7_comp0.4_grid2_base_medium,7,0.4,medium,base,base,3,6,9,3,3,1,1,1,1,0,-1,3,0.0,0.0,0.0,0.0,1,0,2,0,1,1,0,0,0,0,0,0,0.0,UR,-0.0,0,3,0,0,0,0.0,1.0,0.0,0.0,0.0,UR,0.0,0.3333333333333333,0.0,0.0,1,ur,midline,dr,1,0,0,0,0
4,2,size7_comp0.4_grid2_base_medium,7,0.4,medium,base,base,3,6,9,3,3,1,1,1,1,0,-1,5,0.0,0.0,0.0,0.0,3,0,2,0,1,2,1,0,2,0,0,2,0.4,UR,-0.0,0,5,0,0,0,0.0,1.0,0.0,0.0,0.0,UR,0.0,0.2,0.0,0.0,1,ur,midline,dr,1,0,0,0,0
5,2,size7_comp0.4_grid2_base_medium,7,0.4,medium,base,base,3,6,9,3,3,1,1,1,1,0,-1,5,0.0,0.0,0.0,0.0,3,0,2,0,3,1,0,0,2,0,0,2,0.4,UR,-0.0,0,5,0,0,0,0.0,1.0,0.0,0.0,0.0,UR,0.0,0.6,0.0,0.0,3,ur,midline,dr,1,0,0,0,0
6,2,size7_comp0.4_grid2_base_medium,7,0.4,medium,base,base,3,6,9,3,3,1,1,1,1,0,-1,4,0.0,0.0,0.0,0.0,2,0,2,0,2,1,0,0,1,0,0,1,0.25,UR,-0.0,0,4,0,0,0,0.0,1.0,0.0,0.0,0.0,UR,0.0,0.5,0.0,0.0,2,ur,midline,dr,1,0,0,0,0
7,2,size7_comp0.4_grid2_base_medium,7,0.4,medium,base,base,3,6,9,3,3,1,1,1,1,0,-1,3,0.0,0.0,0.0,0.0,1,0,2,0,1,1,0,0,0,0,0,0,0.0,UR,-0.0,0,3,0,0,0,0.0,1.0,0.0,0.0,0.0,UR,0.0,0.3333333333333333,0.0,0.0,1,ur,midline,dr,1,0,0,0,0
8,2,size7_comp0.4_grid2_base_medium,7,0.4,medium,base,base,3,6,9,3,3,1,1,1,1,0,-1,4,0.0,0.0,0.0,0.0,2,0,2,0,2,1,0,0,1,0,0,1,0.25,UR,-0.0,0,4,0,0,0,0.0,1.0,0.0,0.0,0.0,UR,0.0,0.5,0.0,0.0,2,ur,midline,dr,1,0,0,0,0
9,2,size7_comp0.4_grid2_base_medium,7,0.4,medium,base,base,3,6,9,3,3,1,1,1,1,0,-1,4,0.0,0.0,0.0,0.0,2,0,2,0,0,2,1,0,1,0,0,1,0.25,UR,-0.0,0,4,0,0,0,0.0,1.0,0.0,0.0,0.0,UR,0.0,0.25,0.0,0.0,1,ur,midline,dr,1,0,0,0,0
0,3,size7_comp0.4_grid3_base_medium,7,0.4,medium,base,base,5,5,10,6,4,1,1,1,1,0,-1,7,0.0,0.42857142857142855,0.42857142857142855,0.0,3,0,3,1,2,1,2,1,1,0,0,1,0.14285714285714285,UR,0.8112781244591328,0,3,0,1,3,0.0,0.75,0.0,0.25,0.42857142857142855,,0.0,0.0,0.0,0.0,0,dr,ul,dl,0,0,0,0,0
1,3,size7_comp0.4_grid3_base_medium,7,0.4,medium,base,base,5,5,10,6,4,1,1,1,1,0,-1,6,0.0,0.5,0.5,0.0,3,0,3,0,3,1,1,0,0,0,0,0,0.0,UR,1.5,1,2,0,1,2,0.25,0.5,0.0,0.25,0.3333333333333333,,0.0,0.0,0.0,0.0,0,dr,ul,dl,0,0,0,0,0
2,3,size7_comp0.4_grid3_base_medium,7,0.4,medium,base,base,5,5,10,6,4,1,1,1,1,0,-1,7,0.0,0.42857142857142855,0.42857142857142855,0.0,3,0,3,1,2,3,1,0,1,0,0,1,0.14285714285714285,UR,1.0,0,2,0,2,3,0.0,0.5,0.0,0.5,0.42857142857142855,,0.0,0.0,0.0,0.0,0,dr,ul,dl,0,0,0,0,0
3,3,size7_comp0.4_grid3_base_medium,7,0.4,medium,base,base,5,5,10,6,4,1,1,1,1,0,-1,7,0.0,0.42857142857142855,0.42857142857142855,0.0,4,0,3,0,3,2,1,0,1,0,0,1,0.14285714285714285,UR,0.8112781244591328,0,3,0,1,3,0.0,0.75,0.0,0.25,0.42857142857142855,UR,0.0,0.14285714285714285,0.0,0.0,1,dr,ul,dl,0,0,0,0,0
4,3,size7_comp0.4_grid3_base_medium,7,0.4,medium,base,base,5,5,10,6,4,1,1,1,1,0,-1,7,0.0,0.42857142857142855,0.42857142857142855,0.0,3,0,3,1,2,3,1,0,1,0,0,1,0.14285714285714285,UR,1.0,0,2,0,2,3,0.0,0.5,0.0,0.5,0.42857142857142855,,0.0,0.0,0.0,0.0,0,dr,ul,dl,0,0,0,0,0
5,3,size7_comp0.4_grid3_base_medium,7,0.4,medium,base,base,5,5,10,6,4,1,1,1,1,0,-1,7,0.0,0.42857142857142855,0.42857142857142855,0.0,4,0,3,0,3,2,1,0,1,0,0,1,0.14285714285714285,UR,0.8112781244591328,0,3,0,1,3,0.0,0.75,0.0,0.25,0.42857142857142855,UR,0.0,0.14285714285714285,0.0,0.0,1,dr,ul,dl,0,0,0,0,0
6,3,size7_comp0.4_grid3_base_medium,7,0.4,medium,base,base,5,5,10,6,4,1,1,1,1,0,-1,7,0.0,0.42857142857142855,0.42857142857142855,0.0,3,0,3,1,2,3,1,0,1,0,0,1,0.14285714285714285,UR,1.0,0,2,0,2,3,0.0,0.5,0.0,0.5,0.42857142857142855,,0.0,0.0,0.0,0.0,0,dr,ul,dl,0,0,0,0,0
7,3,size7_comp0.4_grid3_base_medium,7,0.4,medium,base,base,5,5,10,6,4,1,1,1,1,0,-1,7,0.0,0.42857142857142855,0.42857142857142855,0.0,3,0,3,1,3,2,1,0,1,0,0,1,0.14285714285714285,UR,0.7219280948873623,0,4,0,1,2,0.0,0.8,0.0,0.2,0.2857142857142857,UR,0.0,0.14285714285714285,0.0,0.0,1,dr,ul,dl,0,0,0,0,0
8,3,size7_comp0.4_grid3_base_medium,7,0.4,medium,base,base,5,5,10,6,4,1,1,1,1,0,-1,7,0.0,0.42857142857142855,0.42857142857142855,0.0,4,0,3,0,3,2,1,0,1,0,0,1,0.14285714285714285,UR,0.7219280948873623,0,4,0,1,2,0.0,0.8,0.0,0.2,0.2857142857142857,UR,0.0,0.14285714285714285,0.0,0.0,1,dr,ul,dl,0,0,0,0,0
9,3,size7_comp0.4_grid3_base_medium,7,0.4,medium,base,base,5,5,10,6,4,1,1,1,1,0,-1,7,0.0,0.42857142857142855,0.42857142857142855,0.0,4,0,3,0,1,3,2,0,1,0,0,1,0.14285714285714285,UR,0.8112781244591328,0,3,0,1,3,0.0,0.75,0.0,0.25,0.42857142857142855,,0.0,0.0,0.0,0.0,0,dr,ul,dl,0,0,0,0,0
0,4,size7_comp0.4_grid4_base_medium,7,0.4,medium,base,base,3,4,7,5,2,1,1,1,1,0,-1,5,0.0,0.4,0.4,0.0,0,4,0,1,2,1,1,0,0,0,0,0,0.0,UL,-0.0,2,0,0,0,3,1.0,0.0,0.0,0.0,0.6,,0.0,0.0,0.0,0.0,0,ul,midline,midline,1,0,0,0,0
1,4,size7_comp0.4_grid4_base_medium,7,0.4,medium,base,base,3,4,7,5,2,1,1,1,1,0,-1,7,0.0,0.42857142857142855,0.42857142857142855,0.0,0,4,1,2,2,2,1,1,1,1,0,0,0.0,UL,1.0,1,0,0,1,5,0.5,0.0,0.0,0.5,0.7142857142857143,,0.0,0.0,0.0,0.0,0,ul,midline,midline,1,0,0,0,0
2,4,size7_comp0.4_grid4_base_medium,7,0.4,medium,base,base,3,4,7,5,2,1,1,1,1,0,-1,5,0.0,0.4,0.4,0.0,0,4,0,1,3,0,1,0,0,0,0,0,0.0,UL,-0.0,1,0,0,0,4,1.0,0.0,0.0,0.0,0.8,,0.0,0.0,0.0,0.0,0,ul,midline,midline,1,0,0,0,0
3,4,size7_comp0.4_grid4_base_medium,7,0.4,medium,base,base,3,4,7,5,2,1,1,1,1,0,-1,11,0.0,0.45454545454545453,0.45454545454545453,0.0,0,4,3,4,0,3,3,4,4,4,0,0,0.0,UL,0.9182958340544896,2,0,0,1,8,0.6666666666666666,0.0,0.0,0.3333333333333333,0.7272727272727273,,0.0,0.0,0.0,0.0,0,ul,midline,midline,1,0,0,0,0
4,4,size7_comp0.4_grid4_base_medium,7,0.4,medium,base,base,3,4,7,5,2,1,1,1,1,0,-1,5,0.0,0.4,0.4,0.0,0,4,0,1,3,0,1,0,0,0,0,0,0.0,UL,-0.0,1,0,0,0,4,1.0,0.0,0.0,0.0,0.8,,0.0,0.0,0.0,0.0,0,ul,midline,midline,1,0,0,0,0
5,4,size7_comp0.4_grid4_base_medium,7,0.4,medium,base,base,3,4,7,5,2,1,1,1,1,0,-1,10,0.0,0.4,0.4,0.0,1,4,2,3,1,2,4,2,3,2,0,1,0.1,UL,0.9182958340544896,2,0,1,0,7,0.6666666666666666,0.0,0.3333333333333333,0.0,0.7,,0.0,0.0,0.0,0.0,0,ul,midline,midline,1,0,0,0,0
6,4,size7_comp0.4_grid4_base_medium,7,0.4,medium,base,base,3,4,7,5,2,1,1,1,1,0,-1,5,0.0,0.4,0.4,0.0,0,4,0,1,3,0,1,0,0,0,0,0,0.0,UL,-0.0,1,0,0,0,4,1.0,0.0,0.0,0.0,0.8,,0.0,0.0,0.0,0.0,0,ul,midline,midline,1,0,0,0,0
7,4,size7_comp0.4_grid4_base_medium,7,0.4,medium,base,base,3,4,7,5,2,1,1,1,1,0,-1,7,0.0,0.42857142857142855,0.42857142857142855,0.0,0,4,1,2,2,2,1,1,1,1,0,0,0.0,UL,-0.0,1,0,0,0,6,1.0,0.0,0.0,0.0,0.8571428571428571,,0.0,0.0,0.0,0.0,0,ul,midline,midline,1,0,0,0,0
8,4,size7_comp0.4_grid4_base_medium,7,0.4,medium,base,base,3,4,7,5,2,1,1,1,1,0,-1,5,0.0,0.4,0.4,0.0,0,4,0,1,3,0,1,0,0,0,0,0,0.0,UL,-0.0,1,0,0,0,4,1.0,0.0,0.0,0.0,0.8,,0.0,0.0,0.0,0.0,0,ul,midline,midline,1,0,0,0,0
9,4,size7_comp0.4_grid4_base_medium,7,0.4,medium,base,base,3,4,7,5,2,1,1,1,1,0,-1,5,0.0,0.4,0.4,0.0,0,4,0,1,2,1,1,0,0,0,0,0,0.0,UL,-0.0,2,0,0,0,3,1.0,0.0,0.0,0.0,0.6,,0.0,0.0,0.0,0.0,0,ul,midline,midline,1,0,0,0,0
0,5,size7_comp0.4_grid5_base_medium,7,0.4,medium,base,base,3,5,8,8,0,1,1,1,1,0,-1,8,0.0,0.375,0.375,0.0,3,1,4,0,3,3,1,0,0,0,0,0,0.0,UL,1.5219280948873621,2,2,0,1,3,0.4,0.4,0.0,0.2,0.375,UL,0.125,0.0,0.0,0.0,1,dr,ul,ur,0,0,0,0,0
1,5,size7_comp0.4_grid5_base_medium,7,0.4,medium,base,base,3,5,8,8,0,1,1,1,1,0,-1,12,0.0,0.4166666666666667,0.4166666666666667,0.0,5,3,4,0,3,3,1,4,4,4,0,0,0.0,UR,1.5,2,4,0,2,4,0.25,0.5,0.0,0.25,0.3333333333333333,UL,0.08333333333333333,0.0,0.0,0.0,1,dr,ul,ur,0,1,0,0,0
2,5,size7_comp0.4_grid5_base_medium,7,0.4,medium,base,base,3,5,8,8,0,1,1,1,1,0,-1,10,0.0,0.3,0.3,0.0,4,1,5,0,3,2,4,0,2,0,0,2,0.2,DR,0.9852281360342515,0,0,3,4,3,0.0,0.0,0.42857142857142855,0.5714285714285714,0.3,DL,0.0,0.0,0.1,0.1,1,dr,ul,ur,1,0,0,0,0
3,5,size7_comp0.4_grid5_base_medium,7,0.4,medium,base,base,3,5,8,8,0,1,1,1,1,0,-1,9,0.0,0.3333333333333333,0.3333333333333333,0.0,4,1,4,0,2,4,2,0,1,0,0,1,0.1111111111111111,UL,1.5219280948873621,2,2,0,1,4,0.4,0.4,0.0,0.2,0.4444444444444444,UL,0.1111111111111111,0.0,0.0,0.0,1,dr,ul,ur,0,0,0,0,0
4,5,size7_comp0.4_grid5_base_medium,7,0.4,medium,base,base,3,5,8,8,0,1,1,1,1,0,-1,8,0.0,0.375,0.375,0.0,3,1,4,0,3,3,1,0,0,0,0,0,0.0,UL,1.5219280948873621,2,2,0,1,3,0.4,0.4,0.0,0.2,0.375,UL,0.125,0.0,0.0,0.0,1,dr,ul,ur,0,0,0,0,0
5,5,size7_comp0.4_grid5_base_medium,7,0.4,medium,base,base,3,5,8,8,0,1,1,1,1,0,-1,12,0.0,0.3333333333333333,0.3333333333333333,0.0,4,1,6,1,3,5,2,1,3,1,0,2,0.16666666666666666,UR,1.5,2,4,0,2,4,0.25,0.5,0.0,0.25,0.3333333333333333,UL,0.08333333333333333,0.0,0.0,0.0,1,dr,ul,ur,0,1,0,0,0
6,5,size7_comp0.4_grid5_base_medium,7,0.4,medium,base,base,3,5,8,8,0,1,1,1,1,0,-1,8,0.0,0.375,0.375,0.0,3,1,4,0,3,3,1,0,0,0,0,0,0.0,UR,1.4591479170272448,2,3,0,1,2,0.3333333333333333,0.5,0.0,0.16666666666666666,0.25,UL,0.125,0.0,0.0,0.0,1,dr,ul,ur,0,1,0,0,0
7,5,size7_comp0.4_grid5_base_medium,7,0.4,medium,base,base,3,5,8,8,0,1,1,1,1,0,-1,12,0.0,0.4166666666666667,0.4166666666666667,0.0,4,2,5,1,4,4,0,3,3,3,0,0,0.0,UL,1.3921472236645345,4,4,0,1,3,0.4444444444444444,0.4444444444444444,0.0,0.1111111111111111,0.25,UL,0.16666666666666666,0.0,0.0,0.0,1,dr,ul,ur,0,0,0,0,0
8,5,size7_comp0.4_grid5_base_medium,7,0.4,medium,base,base,3,5,8,8,0,1,1,1,1,0,-1,8,0.0,0.375,0.375,0.0,3,1,4,0,2,3,2,0,0,0,0,0,0.0,UR,1.4591479170272448,2,3,0,1,2,0.3333333333333333,0.5,0.0,0.16666666666666666,0.25,,0.0,0.0,0.0,0.0,0,dr,ul,ur,0,1,0,0,0
9,5,size7_comp0.4_grid5_base_medium,7,0.4,medium,base,base,3,5,8,8,0,1,1,1,1,0,-1,11,0.0,0.2727272727272727,0.2727272727272727,0.0,5,1,5,0,0,6,4,0,3,0,0,3,0.2727272727272727,UL,1.4488156357251847,3,3,0,1,4,0.42857142857142855,0.42857142857142855,0.0,0.14285714285714285,0.36363636363636365,UL,0.09090909090909091,0.0,0.0,0.0,1,dr,ul,ur,0,0,0,0,0
0,6,size7_comp0.4_grid6_base_medium,7,0.4,medium,base,base,3,5,8,6,1,1,1,1,1,0,-1,10,0.0,0.4,0.4,0.0,6,2,0,2,4,0,1,4,4,4,0,0,0.0,UR,-0.0,0,1,0,0,9,0.0,1.0,0.0,0.0,0.9,,0.0,0.0,0.0,0.0,0,midline,ur,midline,0,0,0,0,0
1,6,size7_comp0.4_grid6_base_medium,7,0.4,medium,base,base,3,5,8,6,1,1,1,1,1,0,-1,6,0.0,0.3333333333333333,0.3333333333333333,0.0,4,0,0,2,4,0,1,0,0,0,0,0,0.0,UR,-0.0,0,1,0,0,5,0.0,1.0,0.0,0.0,0.8333333333333334,,0.0,0.0,0.0,0.0,0,midline,ur,midline,0,0,0,0,0
2,6,size7_comp0.4_grid6_base_medium,7,0.4,medium,base,base,3,5,8,6,1,1,1,1,1,0,-1,6,0.0,0.3333333333333333,0.3333333333333333,0.0,4,0,0,2,4,0,1,0,0,0,0,0,0.0,UR,-0.0,0,1,0,0,5,0.0,1.0,0.0,0.0,0.8333333333333334,,0.0,0.0,0.0,0.0,0,midline,ur,midline,0,0,0,0,0
3,6,size7_comp0.4_grid6_base_medium,7,0.4,medium,base,base,3,5,8,6,1,1,1,1,1,0,-1,7,0.0,0.2857142857142857,0.2857142857142857,0.0,4,0,1,2,3,1,2,0,1,0,0,1,0.14285714285714285,UR,-0.0,0,1,0,0,6,0.0,1.0,0.0,0.0,0.8571428571428571,,0.0,0.0,0.0,0.0,0,midline,ur,midline,0,0,0,0,0
4,6,size7_comp0.4_grid6_base_medium,7,0.4,medium,base,base,3,5,8,6,1,1,1,1,1,0,-1,10,0.0,0.4,0.4,0.0,6,2,0,2,4,0,1,4,4,4,0,0,0.0,UR,-0.0,0,1,0,0,9,0.0,1.0,0.0,0.0,0.9,,0.0,0.0,0.0,0.0,0,midline,ur,midline,0,0,0,0,0
5,6,size7_comp0.4_grid6_base_medium,7,0.4,medium,base,base,3,5,8,6,1,1,1,1,1,0,-1,10,0.0,0.4,0.4,0.0,5,1,1,3,4,0,2,3,3,3,0,0,0.0,UR,1.0,0,1,0,1,8,0.0,0.5,0.0,0.5,0.8,,0.0,0.0,0.0,0.0,0,midline,ur,midline,0,0,0,0,0
6,6,size7_comp0.4_grid6_base_medium,7,0.4,medium,base,base,3,5,8,6,1,1,1,1,1,0,-1,11,0.0,0.2727272727272727,0.2727272727272727,0.0,5,1,2,3,3,3,3,1,4,0,0,3,0.2727272727272727,DL,0.8112781244591328,0,1,3,0,7,0.0,0.25,0.75,0.0,0.6363636363636364,,0.0,0.0,0.0,0.0,0,midline,ur,midline,0,0,0,0,0
7,6,size7_comp0.4_grid6_base_medium,7,0.4,medium,base,base,3,5,8,6,1,1,1,1,1,0,-1,6,0.0,0.3333333333333333,0.3333333333333333,0.0,4,0,0,2,4,0,1,0,0,0,0,0,0.0,UR,-0.0,0,1,0,0,5,0.0,1.0,0.0,0.0,0.8333333333333334,,0.0,0.0,0.0,0.0,0,midline,ur,midline,0,0,0,0,0
8,6,size7_comp0.4_grid6_base_medium,7,0.4,medium,base,base,3,5,8,6,1,1,1,1,1,0,-1,10,0.0,0.4,0.4,0.0,6,2,0,2,4,0,1,4,4,4,0,0,0.0,UR,-0.0,0,1,0,0,9,0.0,1.0,0.0,0.0,0.9,,0.0,0.0,0.0,0.0,0,midline,ur,midline,0,0,0,0,0
9,6,size7_comp0.4_grid6_base_medium,7,0.4,medium,base,base,3,5,8,6,1,1,1,1,1,0,-1,6,0.0,0.3333333333333333,0.3333333333333333,0.0,4,0,0,2,4,0,1,0,0,0,0,0,0.0,UR,-0.0,0,1,0,0,5,0.0,1.0,0.0,0.0,0.8333333333333334,,0.0,0.0,0.0,0.0,0,midline,ur,midline,0,0,0,0,0
0,7,size7_comp0.4_grid7_base_medium,7,0.4,medium,base,base,6,5,11,3,5,1,1,1,1,0,-1,3,0.0,0.6666666666666666,0.6666666666666666,0.0,2,0,1,0,1,0,1,0,0,0,0,0,0.0,DL,-0.0,0,0,3,0,0,0.0,0.0,1.0,0.0,0.0,DL,0.0,0.0,0.3333333333333333,0.0,1,dl,midline,ur,1,0,0,0,0
1,7,size7_comp0.4_grid7_base_medium,7,0.4,medium,base,base,6,5,11,3,5,1,1,1,1,0,-1,3,0.0,0.6666666666666666,0.6666666666666666,0.0,2,0,1,0,1,0,1,0,0,0,0,0,0.0,DL,-0.0,0,0,3,0,0,0.0,0.0,1.0,0.0,0.0,DL,0.0,0.0,0.3333333333333333,0.0,1,dl,midline,ur,1,0,0,0,0
2,7,size7_comp0.4_grid7_base_medium,7,0.4,medium,base,base,6,5,11,3,5,1,1,1,1,0,-1,9,0.0,0.5555555555555556,0.5555555555555556,0.0,4,2,2,1,5,3,0,0,0,0,0,0,0.0,UL,0.8112781244591328,3,0,1,0,5,0.75,0.0,0.25,0.0,0.5555555555555556,UL,0.1111111111111111,0.0,0.0,0.0,1,dl,midline,ur,0,0,0,0,0
3,7,size7_comp0.4_grid7_base_medium,7,0.4,medium,base,base,6,5,11,3,5,1,1,1,1,0,-1,4,0.0,0.5,0.5,0.0,2,1,1,0,1,0,2,0,1,0,0,1,0.25,DL,-0.0,0,0,4,0,0,0.0,0.0,1.0,0.0,0.0,DL,0.0,0.0,0.25,0.0,1,dl,midline,ur,1,0,0,0,0
4,7,size7_comp0.4_grid7_base_medium,7,0.4,medium,base,base,6,5,11,3,5,1,1,1,1,0,-1,3,0.0,0.6666666666666666,0.6666666666666666,0.0,2,0,1,0,1,0,1,0,0,0,0,0,0.0,DL,-0.0,0,0,3,0,0,0.0,0.0,1.0,0.0,0.0,DL,0.0,0.0,0.3333333333333333,0.0,1,dl,midline,ur,1,0,0,0,0
5,7,size7_comp0.4_grid7_base_medium,7,0.4,medium,base,base,6,5,11,3,5,1,1,1,1,0,-1,3,0.0,0.6666666666666666,0.6666666666666666,0.0,2,0,1,0,1,0,1,0,0,0,0,0,0.0,DL,-0.0,0,0,3,0,0,0.0,0.0,1.0,0.0,0.0,DL,0.0,0.0,0.3333333333333333,0.0,1,dl,midline,ur,1,0,0,0,0
6,7,size7_comp0.4_grid7_base_medium,7,0.4,medium,base,base,6,5,11,3,5,1,1,1,1,0,-1,5,0.0,0.4,0.4,0.0,2,0,3,0,1,1,2,0,2,0,0,2,0.4,DL,-0.0,0,0,5,0,0,0.0,0.0,1.0,0.0,0.0,DL,0.0,0.0,0.2,0.0,1,dl,midline,ur,1,0,0,0,0
7,7,size7_comp0.4_grid7_base_medium,7,0.4,medium,base,base,6,5,11,3,5,1,1,1,1,0,-1,3,0.0,0.6666666666666666,0.6666666666666666,0.0,2,0,1,0,1,0,1,0,0,0,0,0,0.0,DL,-0.0,0,0,3,0,0,0.0,0.0,1.0,0.0,0.0,DL,0.0,0.0,0.3333333333333333,0.0,1,dl,midline,ur,1,0,0,0,0
8,7,size7_comp0.4_grid7_base_medium,7,0.4,medium,base,base,6,5,11,3,5,1,1,1,1,0,-1,3,0.0,0.6666666666666666,0.6666666666666666,0.0,2,0,1,0,1,0,1,0,0,0,0,0,0.0,DL,-0.0,0,0,3,0,0,0.0,0.0,1.0,0.0,0.0,DL,0.0,0.0,0.3333333333333333,0.0,1,dl,midline,ur,1,0,0,0,0
9,7,size7_comp0.4_grid7_base_medium,7,0.4,medium,base,base,6,5,11,3,5,1,1,1,1,0,-1,3,0.0,0.6666666666666666,0.6666666666666666,0.0,2,0,1,0,1,0,1,0,0,0,0,0,0.0,DL,-0.0,0,0,3,0,0,0.0,0.0,1.0,0.0,0.0,DL,0.0,0.0,0.3333333333333333,0.0,1,dl,midline,ur,1,0,0,0,0
0,8,size7_comp0.4_grid8_base_medium,7,0.4,medium,base,base,4,5,9,3,4,1,1,1,1,0,-1,3,0.0,0.3333333333333333,0.3333333333333333,0.0,2,0,1,0,1,1,0,0,0,0,0,0,0.0,UR,1.0,0,1,0,1,1,0.0,0.5,0.0,0.5,0.3333333333333333,,0.0,0.0,0.0,0.0,0,dr,ur,dl,0,0,0,0,0
1,8,size7_comp0.4_grid8_base_medium,7,0.4,medium,base,base,4,5,9,3,4,1,1,1,1,0,-1,3,0.0,0.3333333333333333,0.3333333333333333,0.0,2,0,1,0,0,1,1,0,0,0,0,0,0.0,DR,-0.0,0,0,0,1,2,0.0,0.0,0.0,1.0,0.6666666666666666,,0.0,0.0,0.0,0.0,0,dr,ur,dl,1,0,0,0,0
2,8,size7_comp0.4_grid8_base_medium,7,0.4,medium,base,base,4,5,9,3,4,1,1,1,1,0,-1,3,0.0,0.3333333333333333,0.3333333333333333,0.0,2,0,1,0,1,1,0,0,0,0,0,0,0.0,UR,1.0,0,1,0,1,1,0.0,0.5,0.0,0.5,0.3333333333333333,,0.0,0.0,0.0,0.0,0,dr,ur,dl,0,0,0,0,0
3,8,size7_comp0.4_grid8_base_medium,7,0.4,medium,base,base,4,5,9,3,4,1,1,1,1,0,-1,3,0.0,0.3333333333333333,0.3333333333333333,0.0,2,0,1,0,0,1,1,0,0,0,0,0,0.0,DR,-0.0,0,0,0,1,2,0.0,0.0,0.0,1.0,0.6666666666666666,,0.0,0.0,0.0,0.0,0,dr,ur,dl,1,0,0,0,0
4,8,size7_comp0.4_grid8_base_medium,7,0.4,medium,base,base,4,5,9,3,4,1,1,1,1,0,-1,3,0.0,0.3333333333333333,0.3333333333333333,0.0,2,0,1,0,1,1,0,0,0,0,0,0,0.0,UR,1.0,0,1,0,1,1,0.0,0.5,0.0,0.5,0.3333333333333333,,0.0,0.0,0.0,0.0,0,dr,ur,dl,0,0,0,0,0
5,8,size7_comp0.4_grid8_base_medium,7,0.4,medium,base,base,4,5,9,3,4,1,1,1,1,0,-1,3,0.0,0.3333333333333333,0.3333333333333333,0.0,2,0,1,0,1,1,0,0,0,0,0,0,0.0,UR,1.0,0,1,0,1,1,0.0,0.5,0.0,0.5,0.3333333333333333,,0.0,0.0,0.0,0.0,0,dr,ur,dl,0,0,0,0,0
6,8,size7_comp0.4_grid8_base_medium,7,0.4,medium,base,base,4,5,9,3,4,1,1,1,1,0,-1,3,0.0,0.3333333333333333,0.3333333333333333,0.0,2,0,1,0,0,1,1,0,0,0,0,0,0.0,DR,-0.0,0,0,0,1,2,0.0,0.0,0.0,1.0,0.6666666666666666,,0.0,0.0,0.0,0.0,0,dr,ur,dl,1,0,0,0,0
7,8,size7_comp0.4_grid8_base_medium,7,0.4,medium,base,base,4,5,9,3,4,1,1,1,1,0,-1,3,0.0,0.3333333333333333,0.3333333333333333,0.0,2,0,1,0,1,1,0,0,0,0,0,0,0.0,UR,1.0,0,1,0,1,1,0.0,0.5,0.0,0.5,0.3333333333333333,,0.0,0.0,0.0,0.0,0,dr,ur,dl,0,0,0,0,0
8,8,size7_comp0.4_grid8_base_medium,7,0.4,medium,base,base,4,5,9,3,4,1,1,1,1,0,-1,3,0.0,0.3333333333333333,0.3333333333333333,0.0,2,0,1,0,1,1,0,0,0,0,0,0,0.0,UR,1.0,0,1,0,1,1,0.0,0.5,0.0,0.5,0.3333333333333333,,0.0,0.0,0.0,0.0,0,dr,ur,dl,0,0,0,0,0
9,8,size7_comp0.4_grid8_base_medium,7,0.4,medium,base,base,4,5,9,3,4,1,1,1,1,0,-1,3,0.0,0.3333333333333333,0.3333333333333333,0.0,2,0,1,0,1,1,0,0,0,0,0,0,0.0,UR,1.0,0,1,0,1,1,0.0,0.5,0.0,0.5,0.3333333333333333,,0.0,0.0,0.0,0.0,0,dr,ur,dl,0,0,0,0,0
0,9,size7_comp0.4_grid9_base_medium,7,0.4,medium,base,base,4,3,7,3,2,1,1,1,1,0,-1,5,0.0,0.6,0.6,0.0,3,0,1,1,2,1,0,1,1,1,0,0,0.0,DR,-0.0,0,0,0,4,1,0.0,0.0,0.0,1.0,0.2,DR,0.0,0.0,0.0,0.4,1,dr,ur,midline,1,0,0,0,0
1,9,size7_comp0.4_grid9_base_medium,7,0.4,medium,base,base,4,3,7,3,2,1,1,1,1,0,-1,6,0.0,0.5,0.5,0.0,3,0,2,1,1,2,1,1,2,1,0,1,0.16666666666666666,DR,-0.0,0,0,0,5,1,0.0,0.0,0.0,1.0,0.16666666666666666,DR,0.0,0.0,0.0,0.3333333333333333,1,dr,ur,midline,1,0,0,0,0
2,9,size7_comp0.4_grid9_base_medium,7,0.4,medium,base,base,4,3,7,3,2,1,1,1,1,0,-1,3,0.0,0.6666666666666666,0.6666666666666666,0.0,3,0,0,0,2,0,0,0,0,0,0,0,0.0,DR,-0.0,0,0,0,2,1,0.0,0.0,0.0,1.0,0.3333333333333333,DR,0.0,0.0,0.0,0.3333333333333333,1,dr,ur,midline,1,0,0,0,0
3,9,size7_comp0.4_grid9_base_medium,7,0.4,medium,base,base,4,3,7,3,2,1,1,1,1,0,-1,3,0.0,0.6666666666666666,0.6666666666666666,0.0,3,0,0,0,2,0,0,0,0,0,0,0,0.0,DR,-0.0,0,0,0,2,1,0.0,0.0,0.0,1.0,0.3333333333333333,DR,0.0,0.0,0.0,0.3333333333333333,1,dr,ur,midline,1,0,0,0,0
4,9,size7_comp0.4_grid9_base_medium,7,0.4,medium,base,base,4,3,7,3,2,1,1,1,1,0,-1,3,0.0,0.6666666666666666,0.6666666666666666,0.0,3,0,0,0,2,0,0,0,0,0,0,0,0.0,DR,-0.0,0,0,0,2,1,0.0,0.0,0.0,1.0,0.3333333333333333,DR,0.0,0.0,0.0,0.3333333333333333,1,dr,ur,midline,1,0,0,0,0
5,9,size7_comp0.4_grid9_base_medium,7,0.4,medium,base,base,4,3,7,3,2,1,1,1,1,0,-1,5,0.0,0.6,0.6,0.0,3,0,1,1,2,1,0,1,1,1,0,0,0.0,DR,-0.0,0,0,0,4,1,0.0,0.0,0.0,1.0,0.2,DR,0.0,0.0,0.0,0.4,1,dr,ur,midline,1,0,0,0,0
6,9,size7_comp0.4_grid9_base_medium,7,0.4,medium,base,base,4,3,7,3,2,1,1,1,1,0,-1,6,0.0,0.5,0.5,0.0,4,0,1,1,2,1,2,0,2,0,0,1,0.16666666666666666,DR,-0.0,0,0,0,5,1,0.0,0.0,0.0,1.0,0.16666666666666666,DR,0.0,0.0,0.0,0.3333333333333333,1,dr,ur,midline,1,0,0,0,0
7,9,size7_comp0.4_grid9_base_medium,7,0.4,medium,base,base,4,3,7,3,2,1,1,1,1,0,-1,3,0.0,0.6666666666666666,0.6666666666666666,0.0,3,0,0,0,2,0,0,0,0,0,0,0,0.0,DR,-0.0,0,0,0,2,1,0.0,0.0,0.0,1.0,0.3333333333333333,DR,0.0,0.0,0.0,0.3333333333333333,1,dr,ur,midline,1,0,0,0,0
8,9,size7_comp0.4_grid9_base_medium,7,0.4,medium,base,base,4,3,7,3,2,1,1,1,1,0,-1,3,0.0,0.6666666666666666,0.6666666666666666,0.0,3,0,0,0,2,0,0,0,0,0,0,0,0.0,DR,-0.0,0,0,0,2,1,0.0,0.0,0.0,1.0,0.3333333333333333,DR,0.0,0.0,0.0,0.3333333333333333,1,dr,ur,midline,1,0,0,0,0
9,9,size7_comp0.4_grid9_base_medium,7,0.4,medium,base,base,4,3,7,3,2,1,1,1,1,0,-1,3,0.0,0.6666666666666666,0.6666666666666666,0.0,3,0,0,0,2,0,0,0,0,0,0,0,0.0,DR,-0.0,0,0,0,2,1,0.0,0.0,0.0,1.0,0.3333333333333333,DR,0.0,0.0,0.0,0.3333333333333333,1,dr,ur,midline,1,0,0,0,0
0,0,size7_comp0.6_grid0_base_medium,7,0.6,medium,base,base,3,6,9,5,2,1,1,1,1,0,-1,5,0.0,0.2,0.2,0.0,3,0,2,0,2,1,1,0,0,0,0,0,0.0,DL,-0.0,0,0,2,0,3,0.0,0.0,1.0,0.0,0.6,,0.0,0.0,0.0,0.0,0,midline,ul,midline,0,0,0,0,0
1,0,size7_comp0.6_grid0_base_medium,7,0.6,medium,base,base,3,6,9,5,2,1,1,1,1,0,-1,6,0.0,0.16666666666666666,0.16666666666666666,0.0,3,0,3,0,4,0,1,0,1,0,0,1,0.16666666666666666,DL,-0.0,0,0,4,0,2,0.0,0.0,1.0,0.0,0.3333333333333333,DL,0.0,0.0,0.3333333333333333,0.0,2,midline,ul,midline,0,0,0,0,0
2,0,size7_comp0.6_grid0_base_medium,7,0.6,medium,base,base,3,6,9,5,2,1,1,1,1,0,-1,5,0.0,0.2,0.2,0.0,3,0,2,0,2,1,1,0,0,0,0,0,0.0,DL,-0.0,0,0,2,0,3,0.0,0.0,1.0,0.0,0.6,,0.0,0.0,0.0,0.0,0,midline,ul,midline,0,0,0,0,0
3,0,size7_comp0.6_grid0_base_medium,7,0.6,medium,base,base,3,6,9,5,2,1,1,1,1,0,-1,5,0.0,0.2,0.2,0.0,3,0,2,0,1,1,2,0,0,0,0,0,0.0,DL,-0.0,0,0,3,0,2,0.0,0.0,1.0,0.0,0.4,,0.0,0.0,0.0,0.0,0,midline,ul,midline,0,0,0,0,0
4,0,size7_comp0.6_grid0_base_medium,7,0.6,medium,base,base,3,6,9,5,2,1,1,1,1,0,-1,6,0.0,0.16666666666666666,0.16666666666666666,0.0,3,0,2,1,2,0,2,1,1,0,0,1,0.16666666666666666,DL,-0.0,0,0,2,0,4,0.0,0.0,1.0,0.0,0.6666666666666666,,0.0,0.0,0.0,0.0,0,midline,ul,midline,0,0,0,0,0
5,0,size7_comp0.6_grid0_base_medium,7,0.6,medium,base,base,3,6,9,5,2,1,1,1,1,0,-1,6,0.0,0.16666666666666666,0.16666666666666666,0.0,3,0,3,0,2,1,2,0,1,0,0,1,0.16666666666666666,DL,-0.0,0,0,4,0,2,0.0,0.0,1.0,0.0,0.3333333333333333,DL,0.0,0.0,0.16666666666666666,0.0,1,midline,ul,midline,0,0,0,0,0
6,0,size7_comp0.6_grid0_base_medium,7,0.6,medium,base,base,3,6,9,5,2,1,1,1,1,0,-1,6,0.0,0.16666666666666666,0.16666666666666666,0.0,3,0,3,0,1,2,2,0,1,0,0,1,0.16666666666666666,DL,-0.0,0,0,2,0,4,0.0,0.0,1.0,0.0,0.6666666666666666,,0.0,0.0,0.0,0.0,0,midline,ul,midline,0,0,0,0,0
7,0,size7_comp0.6_grid0_base_medium,7,0.6,medium,base,base,3,6,9,5,2,1,1,1,1,0,-1,5,0.0,0.2,0.2,0.0,3,0,2,0,1,1,2,0,0,0,0,0,0.0,DL,-0.0,0,0,3,0,2,0.0,0.0,1.0,0.0,0.4,,0.0,0.0,0.0,0.0,0,midline,ul,midline,0,0,0,0,0
8,0,size7_comp0.6_grid0_base_medium,7,0.6,medium,base,base,3,6,9,5,2,1,1,1,1,0,-1,5,0.0,0.2,0.2,0.0,3,0,2,0,1,1,2,0,0,0,0,0,0.0,DL,-0.0,0,0,3,0,2,0.0,0.0,1.0,0.0,0.4,,0.0,0.0,0.0,0.0,0,midline,ul,midline,0,0,0,0,0
9,0,size7_comp0.6_grid0_base_medium,7,0.6,medium,base,base,3,6,9,5,2,1,1,1,1,0,-1,6,0.0,0.16666666666666666,0.16666666666666666,0.0,3,0,3,0,2,1,2,0,1,0,0,1,0.16666666666666666,DL,-0.0,0,0,3,0,3,0.0,0.0,1.0,0.0,0.5,DL,0.0,0.0,0.16666666666666666,0.0,1,midline,ul,midline,0,0,0,0,0
0,1,size7_comp0.6_grid1_base_medium,7,0.6,medium,base,base,7,3,10,8,1,1,1,1,1,0,-1,13,0.0,0.6153846153846154,0.6153846153846154,0.0,5,2,3,3,3,1,5,3,4,3,0,1,0.07692307692307693,UL,0.9182958340544896,6,0,3,0,4,0.6666666666666666,0.0,0.3333333333333333,0.0,0.3076923076923077,UL,0.15384615384615385,0.0,0.07692307692307693,0.0,1,midline,midline,midline,0,0,0,0,0
1,1,size7_comp0.6_grid1_base_medium,7,0.6,medium,base,base,7,3,10,8,1,1,1,1,1,0,-1,11,0.0,0.6363636363636364,0.6363636363636364,0.0,5,1,2,3,5,2,2,1,3,1,0,1,0.09090909090909091,UL,0.9182958340544896,6,0,3,0,2,0.6666666666666666,0.0,0.3333333333333333,0.0,0.18181818181818182,UL,0.18181818181818182,0.0,0.09090909090909091,0.0,1,midline,midline,midline,0,0,0,0,0
2,1,size7_comp0.6_grid1_base_medium,7,0.6,medium,base,base,7,3,10,8,1,1,1,1,1,0,-1,9,0.0,0.6666666666666666,0.6666666666666666,0.0,5,0,2,2,4,2,2,0,1,0,0,1,0.1111111111111111,DL,-0.0,0,0,3,0,6,0.0,0.0,1.0,0.0,0.6666666666666666,DL,0.0,0.0,0.1111111111111111,0.0,1,midline,midline,midline,0,0,0,0,0
3,1,size7_comp0.6_grid1_base_medium,7,0.6,medium,base,base,7,3,10,8,1,1,1,1,1,0,-1,10,0.0,0.6,0.6,0.0,6,0,2,2,6,1,2,0,2,0,0,2,0.2,UL,1.0,3,0,3,0,4,0.5,0.0,0.5,0.0,0.4,UL,0.1,0.0,0.1,0.0,1,midline,midline,midline,0,0,0,0,0
4,1,size7_comp0.6_grid1_base_medium,7,0.6,medium,base,base,7,3,10,8,1,1,1,1,1,0,-1,8,0.0,0.75,0.75,0.0,4,0,2,2,5,0,2,0,0,0,0,0,0.0,UL,1.0,3,0,3,0,2,0.5,0.0,0.5,0.0,0.25,UL,0.125,0.0,0.125,0.0,1,midline,midline,midline,0,0,0,0,0
5,1,size7_comp0.6_grid1_base_medium,7,0.6,medium,base,base,7,3,10,8,1,1,1,1,1,0,-1,8,0.0,0.75,0.75,0.0,4,0,2,2,5,0,2,0,0,0,0,0,0.0,UL,1.0,3,0,3,0,2,0.5,0.0,0.5,0.0,0.25,UL,0.125,0.0,0.125,0.0,1,midline,midline,midline,0,0,0,0,0
6,1,size7_comp0.6_grid1_base_medium,7,0.6,medium,base,base,7,3,10,8,1,1,1,1,1,0,-1,10,0.0,0.6,0.6,0.0,6,0,2,2,5,1,3,0,2,0,0,2,0.2,DL,0.954434002924965,3,0,5,0,2,0.375,0.0,0.625,0.0,0.2,UL,0.1,0.0,0.1,0.0,1,midline,midline,midline,0,0,0,0,0
7,1,size7_comp0.6_grid1_base_medium,7,0.6,medium,base,base,7,3,10,8,1,1,1,1,1,0,-1,9,0.0,0.6666666666666666,0.6666666666666666,0.0,4,0,2,3,4,1,3,0,1,0,0,1,0.1111111111111111,UL,0.9852281360342515,4,0,3,0,2,0.5714285714285714,0.0,0.42857142857142855,0.0,0.2222222222222222,UL,0.1111111111111111,0.0,0.1111111111111111,0.0,1,midline,midline,midline,0,0,0,0,0
8,1,size7_comp0.6_grid1_base_medium,7,0.6,medium,base,base,7,3,10,8,1,1,1,1,1,0,-1,11,0.0,0.5454545454545454,0.5454545454545454,0.0,4,0,5,2,4,2,4,0,3,0,0,3,0.2727272727272727,DL,0.9852281360342515,3,0,4,0,4,0.42857142857142855,0.0,0.5714285714285714,0.0,0.36363636363636365,UL,0.09090909090909091,0.0,0.09090909090909091,0.0,1,midline,midline,midline,0,0,0,0,0
9,1,size7_comp0.6_grid1_base_medium,7,0.6,medium,base,base,7,3,10,8,1,1,1,1,1,0,-1,9,0.0,0.6666666666666666,0.6666666666666666,0.0,4,0,3,2,4,1,3,0,1,0,0,1,0.1111111111111111,DL,0.9852281360342515,3,0,4,0,2,0.42857142857142855,0.0,0.5714285714285714,0.0,0.2222222222222222,UL,0.1111111111111111,0.0,0.1111111111111111,0.0,1,midline,midline,midline,0,0,0,0,0
0,2,size7_comp0.6_grid2_base_medium,7,0.6,medium,base,base,4,4,8,4,4,1,1,1,1,0,-1,6,0.0,0.3333333333333333,0.3333333333333333,0.0,3,0,3,0,2,1,2,0,2,0,0,2,0.3333333333333333,DL,0.8112781244591328,1,0,3,0,2,0.25,0.0,0.75,0.0,0.3333333333333333,,0.0,0.0,0.0,0.0,0,dl,ul,ur,1,0,0,0,0
1,2,size7_comp0.6_grid2_base_medium,7,0.6,medium,base,base,4,4,8,4,4,1,1,1,1,0,-1,6,0.0,0.3333333333333333,0.3333333333333333,0.0,3,0,3,0,2,1,2,0,2,0,0,2,0.3333333333333333,UL,0.9709505944546686,3,0,2,0,1,0.6,0.0,0.4,0.0,0.16666666666666666,,0.0,0.0,0.0,0.0,0,dl,ul,ur,0,0,0,0,0
2,2,size7_comp0.6_grid2_base_medium,7,0.6,medium,base,base,4,4,8,4,4,1,1,1,1,0,-1,4,0.0,0.5,0.5,0.0,3,0,1,0,2,0,1,0,0,0,0,0,0.0,DL,0.9182958340544896,1,0,2,0,1,0.3333333333333333,0.0,0.6666666666666666,0.0,0.25,,0.0,0.0,0.0,0.0,0,dl,ul,ur,1,0,0,0,0
3,2,size7_comp0.6_grid2_base_medium,7,0.6,medium,base,base,4,4,8,4,4,1,1,1,1,0,-1,6,0.0,0.3333333333333333,0.3333333333333333,0.0,3,0,3,0,2,1,2,0,2,0,0,2,0.3333333333333333,UL,0.9709505944546686,3,0,2,0,1,0.6,0.0,0.4,0.0,0.16666666666666666,,0.0,0.0,0.0,0.0,0,dl,ul,ur,0,0,0,0,0
4,2,size7_comp0.6_grid2_base_medium,7,0.6,medium,base,base,4,4,8,4,4,1,1,1,1,0,-1,5,0.0,0.4,0.4,0.0,3,0,2,0,1,1,2,0,1,0,0,1,0.2,DL,0.9182958340544896,1,0,2,0,2,0.3333333333333333,0.0,0.6666666666666666,0.0,0.4,,0.0,0.0,0.0,0.0,0,dl,ul,ur,1,0,0,0,0
5,2,size7_comp0.6_grid2_base_medium,7,0.6,medium,base,base,4,4,8,4,4,1,1,1,1,0,-1,4,0.0,0.5,0.5,0.0,3,0,1,0,2,0,1,0,0,0,0,0,0.0,DL,0.9182958340544896,1,0,2,0,1,0.3333333333333333,0.0,0.6666666666666666,0.0,0.25,,0.0,0.0,0.0,0.0,0,dl,ul,ur,1,0,0,0,0
6,2,size7_comp0.6_grid2_base_medium,7,0.6,medium,base,base,4,4,8,4,4,1,1,1,1,0,-1,4,0.0,0.5,0.5,0.0,3,0,1,0,2,0,1,0,0,0,0,0,0.0,DL,0.9182958340544896,1,0,2,0,1,0.3333333333333333,0.0,0.6666666666666666,0.0,0.25,,0.0,0.0,0.0,0.0,0,dl,ul,ur,1,0,0,0,0
7,2,size7_comp0.6_grid2_base_medium,7,0.6,medium,base,base,4,4,8,4,4,1,1,1,1,0,-1,5,0.0,0.4,0.4,0.0,3,0,2,0,1,1,2,0,1,0,0,1,0.2,DL,0.9182958340544896,1,0,2,0,2,0.3333333333333333,0.0,0.6666666666666666,0.0,0.4,,0.0,0.0,0.0,0.0,0,dl,ul,ur,1,0,0,0,0
8,2,size7_comp0.6_grid2_base_medium,7,0.6,medium,base,base,4,4,8,4,4,1,1,1,1,0,-1,6,0.0,0.3333333333333333,0.3333333333333333,0.0,3,0,3,0,2,1,2,0,2,0,0,2,0.3333333333333333,UL,0.9709505944546686,3,0,2,0,1,0.6,0.0,0.4,0.0,0.16666666666666666,,0.0,0.0,0.0,0.0,0,dl,ul,ur,0,0,0,0,0
9,2,size7_comp0.6_grid2_base_medium,7,0.6,medium,base,base,4,4,8,4,4,1,1,1,1,0,-1,4,0.0,0.5,0.5,0.0,3,0,1,0,2,0,1,0,0,0,0,0,0.0,DL,0.9182958340544896,1,0,2,0,1,0.3333333333333333,0.0,0.6666666666666666,0.0,0.25,,0.0,0.0,0.0,0.0,0,dl,ul,ur,1,0,0,0,0
0,3,size7_comp0.6_grid3_base_medium,7,0.6,medium,base,base,3,5,8,4,2,1,1,1,1,0,-1,5,0.0,0.2,0.2,0.0,0,3,0,2,1,2,1,0,1,0,0,1,0.2,UL,0.0,0,0,0,0,5,0.0,0.0,0.0,0.0,1.0,,0.0,0.0,0.0,0.0,0,midline,dr,midline,0,0,0,0,0
1,3,size7_comp0.6_grid3_base_medium,7,0.6,medium,base,base,3,5,8,4,2,1,1,1,1,0,-1,6,0.0,0.3333333333333333,0.3333333333333333,0.0,0,2,1,3,3,2,0,0,0,0,0,0,0.0,DL,-0.0,0,0,3,0,3,0.0,0.0,1.0,0.0,0.5,DL,0.0,0.0,0.16666666666666666,0.0,1,midline,dr,midline,0,0,0,0,0
2,3,size7_comp0.6_grid3_base_medium,7,0.6,medium,base,base,3,5,8,4,2,1,1,1,1,0,-1,4,0.0,0.25,0.25,0.0,0,2,0,2,1,1,1,0,0,0,0,0,0.0,UL,0.0,0,0,0,0,4,0.0,0.0,0.0,0.0,1.0,,0.0,0.0,0.0,0.0,0,midline,dr,midline,0,0,0,0,0
3,3,size7_comp0.6_grid3_base_medium,7,0.6,medium,base,base,3,5,8,4,2,1,1,1,1,0,-1,6,0.0,0.3333333333333333,0.3333333333333333,0.0,0,2,1,3,2,2,0,1,1,1,0,0,0.0,UL,0.0,0,0,0,0,6,0.0,0.0,0.0,0.0,1.0,,0.0,0.0,0.0,0.0,0,midline,dr,midline,0,0,0,0,0
4,3,size7_comp0.6_grid3_base_medium,7,0.6,medium,base,base,3,5,8,4,2,1,1,1,1,0,-1,5,0.0,0.2,0.2,0.0,0,3,0,2,2,1,1,0,1,0,0,1,0.2,UL,0.0,0,0,0,0,5,0.0,0.0,0.0,0.0,1.0,,0.0,0.0,0.0,0.0,0,midline,dr,midline,0,0,0,0,0
5,3,size7_comp0.6_grid3_base_medium,7,0.6,medium,base,base,3,5,8,4,2,1,1,1,1,0,-1,4,0.0,0.25,0.25,0.0,0,2,0,2,1,1,1,0,0,0,0,0,0.0,UL,0.0,0,0,0,0,4,0.0,0.0,0.0,0.0,1.0,,0.0,0.0,0.0,0.0,0,midline,dr,midline,0,0,0,0,0
6,3,size7_comp0.6_grid3_base_medium,7,0.6,medium,base,base,3,5,8,4,2,1,1,1,1,0,-1,4,0.0,0.25,0.25,0.0,0,2,0,2,1,1,1,0,0,0,0,0,0.0,UL,0.0,0,0,0,0,4,0.0,0.0,0.0,0.0,1.0,,0.0,0.0,0.0,0.0,0,midline,dr,midline,0,0,0,0,0
7,3,size7_comp0.6_grid3_base_medium,7,0.6,medium,base,base,3,5,8,4,2,1,1,1,1,0,-1,4,0.0,0.25,0.25,0.0,0,2,0,2,1,1,1,0,0,0,0,0,0.0,UL,0.0,0,0,0,0,4,0.0,0.0,0.0,0.0,1.0,,0.0,0.0,0.0,0.0,0,midline,dr,midline,0,0,0,0,0
8,3,size7_comp0.6_grid3_base_medium,7,0.6,medium,base,base,3,5,8,4,2,1,1,1,1,0,-1,8,0.0,0.375,0.375,0.0,1,3,1,3,2,2,2,1,2,1,0,0,0.0,DL,-0.0,0,0,1,0,7,0.0,0.0,1.0,0.0,0.875,,0.0,0.0,0.0,0.0,0,midline,dr,midline,0,0,0,0,0
9,3,size7_comp0.6_grid3_base_medium,7,0.6,medium,base,base,3,5,8,4,2,1,1,1,1,0,-1,4,0.0,0.25,0.25,0.0,0,2,0,2,1,1,1,0,0,0,0,0,0.0,UL,0.0,0,0,0,0,4,0.0,0.0,0.0,0.0,1.0,,0.0,0.0,0.0,0.0,0,midline,dr,midline,0,0,0,0,0
0,4,size7_comp0.6_grid4_base_medium,7,0.6,medium,base,base,6,4,10,10,0,1,1,1,1,0,-1,10,0.0,0.6,0.6,0.0,2,4,4,0,5,3,1,0,0,0,0,0,0.0,UL,1.4488156357251847,3,3,1,0,3,0.42857142857142855,0.42857142857142855,0.14285714285714285,0.0,0.3,UL,0.1,0.0,0.0,0.0,1,midline,dl,ul,0,1,0,0,0
1,4,size7_comp0.6_grid4_base_medium,7,0.6,medium,base,base,6,4,10,10,0,1,1,1,1,0,-1,14,0.0,0.5,0.5,0.0,3,4,6,1,6,5,1,1,3,1,0,2,0.14285714285714285,UR,1.3516441151533924,3,5,1,0,5,0.3333333333333333,0.5555555555555556,0.1111111111111111,0.0,0.35714285714285715,UL,0.07142857142857142,0.0,0.0,0.0,1,midline,dl,ul,0,0,0,0,0
2,4,size7_comp0.6_grid4_base_medium,7,0.6,medium,base,base,6,4,10,10,0,1,1,1,1,0,-1,12,0.0,0.5,0.5,0.0,4,4,4,0,7,3,1,0,2,0,0,2,0.16666666666666666,UR,1.4056390622295665,3,4,1,0,4,0.375,0.5,0.125,0.0,0.3333333333333333,UR,0.08333333333333333,0.16666666666666666,0.0,0.0,2,midline,dl,ul,0,0,0,0,0
3,4,size7_comp0.6_grid4_base_medium,7,0.6,medium,base,base,6,4,10,10,0,1,1,1,1,0,-1,11,0.0,0.5454545454545454,0.5454545454545454,0.0,2,5,4,0,6,3,1,0,1,0,0,1,0.09090909090909091,UL,1.4488156357251847,3,3,1,0,4,0.42857142857142855,0.42857142857142855,0.14285714285714285,0.0,0.36363636363636365,UL,0.09090909090909091,0.09090909090909091,0.0,0.0,1,midline,dl,ul,0,1,0,0,0
4,4,size7_comp0.6_grid4_base_medium,7,0.6,medium,base,base,6,4,10,10,0,1,1,1,1,1,7,12,0.8333333333333334,0.9166666666666666,0.875,1.0,2,4,5,1,6,4,0,1,1,1,1,0,0.0,UL,1.3516441151533924,5,3,1,0,3,0.5555555555555556,0.3333333333333333,0.1111111111111111,0.0,0.25,UL,0.08333333333333333,0.08333333333333333,0.0,0.0,1,midline,dl,ul,0,1,0,0,0
5,4,size7_comp0.6_grid4_base_medium,7,0.6,medium,base,base,6,4,10,10,0,1,1,1,1,0,-1,14,0.0,0.5,0.5,0.0,3,5,5,1,5,4,2,2,3,1,0,2,0.14285714285714285,UR,1.3516441151533924,3,5,1,0,5,0.3333333333333333,0.5555555555555556,0.1111111111111111,0.0,0.35714285714285715,UL,0.07142857142857142,0.07142857142857142,0.0,0.0,1,midline,dl,ul,0,0,0,0,0
6,4,size7_comp0.6_grid4_base_medium,7,0.6,medium,base,base,6,4,10,10,0,1,1,1,1,0,-1,16,0.0,0.5,0.5,0.0,4,4,6,2,10,4,0,1,6,1,0,2,0.125,UR,1.3221793455166666,4,6,1,0,5,0.36363636363636365,0.5454545454545454,0.09090909090909091,0.0,0.3125,UL,0.0625,0.0625,0.0,0.0,1,midline,dl,ul,0,0,0,0,0
7,4,size7_comp0.6_grid4_base_medium,7,0.6,medium,base,base,6,4,10,10,0,1,1,1,1,1,7,14,0.7142857142857143,0.7857142857142857,0.75,0.8333333333333334,4,5,5,0,3,6,3,1,3,1,1,2,0.14285714285714285,UL,1.3516441151533924,5,3,1,0,5,0.5555555555555556,0.3333333333333333,0.1111111111111111,0.0,0.35714285714285715,UL,0.07142857142857142,0.0,0.0,0.0,1,midline,dl,ul,0,1,0,0,0
8,4,size7_comp0.6_grid4_base_medium,7,0.6,medium,base,base,6,4,10,10,0,1,1,1,1,0,-1,14,0.0,0.42857142857142855,0.42857142857142855,0.0,4,5,5,0,5,4,2,2,4,0,0,4,0.2857142857142857,UR,1.4056390622295665,3,4,1,0,6,0.375,0.5,0.125,0.0,0.42857142857142855,UL,0.07142857142857142,0.0,0.0,0.0,1,midline,dl,ul,0,0,0,0,0
9,4,size7_comp0.6_grid4_base_medium,7,0.6,medium,base,base,6,4,10,10,0,1,1,1,1,0,-1,14,0.0,0.5714285714285714,0.5714285714285714,0.0,3,5,5,1,4,5,1,3,3,3,0,0,0.0,UR,1.3516441151533924,3,5,1,0,5,0.3333333333333333,0.5555555555555556,0.1111111111111111,0.0,0.35714285714285715,UL,0.07142857142857142,0.0,0.0,0.0,1,midline,dl,ul,0,0,0,0,0
0,5,size7_comp0.6_grid5_base_medium,7,0.6,medium,base,base,3,4,7,7,0,1,1,1,1,0,-1,9,0.0,0.3333333333333333,0.3333333333333333,0.0,5,0,4,0,1,4,3,0,2,0,0,2,0.2222222222222222,UR,1.4591479170272448,2,3,0,1,3,0.3333333333333333,0.5,0.0,0.16666666666666666,0.3333333333333333,,0.0,0.0,0.0,0.0,0,dr,ul,ur,0,1,0,0,0
1,5,size7_comp0.6_grid5_base_medium,7,0.6,medium,base,base,3,4,7,7,0,1,1,1,1,0,-1,12,0.0,0.3333333333333333,0.3333333333333333,0.0,6,1,5,0,3,3,3,2,5,2,0,3,0.25,UR,1.4488156357251847,1,3,0,3,5,0.14285714285714285,0.42857142857142855,0.0,0.42857142857142855,0.4166666666666667,,0.0,0.0,0.0,0.0,0,dr,ul,ur,0,1,0,0,0
2,5,size7_comp0.6_grid5_base_medium,7,0.6,medium,base,base,3,4,7,7,0,1,1,1,1,0,-1,8,0.0,0.375,0.375,0.0,4,0,4,0,2,3,2,0,1,0,0,1,0.125,UR,1.4591479170272448,2,3,0,1,2,0.3333333333333333,0.5,0.0,0.16666666666666666,0.25,,0.0,0.0,0.0,0.0,0,dr,ul,ur,0,1,0,0,0
3,5,size7_comp0.6_grid5_base_medium,7,0.6,medium,base,base,3,4,7,7,0,1,1,1,1,0,-1,7,0.0,0.42857142857142855,0.42857142857142855,0.0,3,0,4,0,3,2,1,0,0,0,0,0,0.0,UR,1.3709505944546687,1,3,0,1,2,0.2,0.6,0.0,0.2,0.2857142857142857,,0.0,0.0,0.0,0.0,0,dr,ul,ur,0,1,0,0,0
4,5,size7_comp0.6_grid5_base_medium,7,0.6,medium,base,base,3,4,7,7,0,1,1,1,1,0,-1,13,0.0,0.3076923076923077,0.3076923076923077,0.0,4,1,4,4,3,5,4,0,6,0,0,4,0.3076923076923077,UR,1.1488348542809166,1,5,0,1,6,0.14285714285714285,0.7142857142857143,0.0,0.14285714285714285,0.46153846153846156,,0.0,0.0,0.0,0.0,0,dr,ul,ur,0,1,0,0,0
5,5,size7_comp0.6_grid5_base_medium,7,0.6,medium,base,base,3,4,7,7,0,1,1,1,1,0,-1,8,0.0,0.375,0.375,0.0,3,0,5,0,3,2,2,0,1,0,0,1,0.125,UR,1.4591479170272448,1,3,0,2,2,0.16666666666666666,0.5,0.0,0.3333333333333333,0.25,,0.0,0.0,0.0,0.0,0,dr,ul,ur,0,1,0,0,0
6,5,size7_comp0.6_grid5_base_medium,7,0.6,medium,base,base,3,4,7,7,0,1,1,1,1,0,-1,7,0.0,0.42857142857142855,0.42857142857142855,0.0,3,0,4,0,3,2,1,0,0,0,0,0,0.0,UR,1.3709505944546687,1,3,0,1,2,0.2,0.6,0.0,0.2,0.2857142857142857,,0.0,0.0,0.0,0.0,0,dr,ul,ur,0,1,0,0,0
7,5,size7_comp0.6_grid5_base_medium,7,0.6,medium,base,base,3,4,7,7,0,1,1,1,1,0,-1,9,0.0,0.3333333333333333,0.3333333333333333,0.0,4,0,4,1,2,2,3,1,2,0,0,2,0.2222222222222222,UR,1.2516291673878228,1,4,0,1,3,0.16666666666666666,0.6666666666666666,0.0,0.16666666666666666,0.3333333333333333,,0.0,0.0,0.0,0.0,0,dr,ul,ur,0,1,0,0,0
8,5,size7_comp0.6_grid5_base_medium,7,0.6,medium,base,base,3,4,7,7,0,1,1,1,1,0,-1,9,0.0,0.3333333333333333,0.3333333333333333,0.0,3,0,5,1,3,2,2,1,2,0,0,2,0.2222222222222222,UR,1.4488156357251847,1,3,0,3,2,0.14285714285714285,0.42857142857142855,0.0,0.42857142857142855,0.2222222222222222,,0.0,0.0,0.0,0.0,0,dr,ul,ur,0,1,0,0,0
9,5,size7_comp0.6_grid5_base_medium,7,0.6,medium,base,base,3,4,7,7,0,1,1,1,1,0,-1,8,0.0,0.375,0.375,0.0,3,0,5,0,4,2,1,0,1,0,0,1,0.125,UR,1.2516291673878228,1,4,0,1,2,0.16666666666666666,0.6666666666666666,0.0,0.16666666666666666,0.25,,0.0,0.0,0.0,0.0,0,dr,ul,ur,0,1,0,0,0
0,6,size7_comp0.6_grid6_base_medium,7,0.6,medium,base,base,5,3,8,8,0,1,1,1,1,0,-1,9,0.0,0.5555555555555556,0.5555555555555556,0.0,5,0,3,1,5,2,1,0,1,0,0,1,0.1111111111111111,DR,0.9852281360342515,0,3,0,4,2,0.0,0.42857142857142855,0.0,0.5714285714285714,0.2222222222222222,UR,0.0,0.1111111111111111,0.0,0.1111111111111111,1,dr,ul,midline,1,0,0,0,0
1,6,size7_comp0.6_grid6_base_medium,7,0.6,medium,base,base,5,3,8,8,0,1,1,1,1,0,-1,12,0.0,0.4166666666666667,0.4166666666666667,0.0,5,0,3,4,6,3,2,0,4,0,0,4,0.3333333333333333,UR,0.9709505944546686,0,6,0,4,2,0.0,0.6,0.0,0.4,0.16666666666666666,UR,0.0,0.08333333333333333,0.0,0.08333333333333333,1,dr,ul,midline,0,0,0,0,0
2,6,size7_comp0.6_grid6_base_medium,7,0.6,medium,base,base,5,3,8,8,0,1,1,1,1,0,-1,8,0.0,0.625,0.625,0.0,4,0,3,1,5,2,0,0,0,0,0,0,0.0,UR,1.0,0,3,0,3,2,0.0,0.5,0.0,0.5,0.25,UR,0.0,0.125,0.0,0.125,1,dr,ul,midline,0,0,0,0,0
3,6,size7_comp0.6_grid6_base_medium,7,0.6,medium,base,base,5,3,8,8,0,1,1,1,1,0,-1,8,0.0,0.625,0.625,0.0,4,0,3,1,5,2,0,0,0,0,0,0,0.0,UR,1.0,0,3,0,3,2,0.0,0.5,0.0,0.5,0.25,UR,0.0,0.125,0.0,0.125,1,dr,ul,midline,0,0,0,0,0
4,6,size7_comp0.6_grid6_base_medium,7,0.6,medium,base,base,5,3,8,8,0,1,1,1,1,0,-1,9,0.0,0.5555555555555556,0.5555555555555556,0.0,4,0,3,2,5,1,1,1,1,0,0,1,0.1111111111111111,UR,0.9852281360342515,0,4,0,3,2,0.0,0.5714285714285714,0.0,0.42857142857142855,0.2222222222222222,UR,0.0,0.2222222222222222,0.0,0.1111111111111111,2,dr,ul,midline,0,0,0,0,0
5,6,size7_comp0.6_grid6_base_medium,7,0.6,medium,base,base,5,3,8,8,0,1,1,1,1,0,-1,12,0.0,0.5833333333333334,0.5833333333333334,0.0,5,1,4,2,5,2,0,4,4,4,0,0,0.0,UR,0.8812908992306927,0,7,0,3,2,0.0,0.7,0.0,0.3,0.16666666666666666,UR,0.0,0.25,0.0,0.08333333333333333,1,dr,ul,midline,0,0,0,0,0
6,6,size7_comp0.6_grid6_base_medium,7,0.6,medium,base,base,5,3,8,8,0,1,1,1,1,0,-1,9,0.0,0.5555555555555556,0.5555555555555556,0.0,5,0,3,1,5,2,1,0,1,0,0,1,0.1111111111111111,DR,0.9852281360342515,0,3,0,4,2,0.0,0.42857142857142855,0.0,0.5714285714285714,0.2222222222222222,UR,0.0,0.1111111111111111,0.0,0.1111111111111111,1,dr,ul,midline,1,0,0,0,0
7,6,size7_comp0.6_grid6_base_medium,7,0.6,medium,base,base,5,3,8,8,0,1,1,1,1,0,-1,15,0.0,0.5333333333333333,0.5333333333333333,0.0,5,1,5,4,5,1,3,5,5,4,0,1,0.06666666666666667,UR,0.5916727785823275,0,6,0,1,8,0.0,0.8571428571428571,0.0,0.14285714285714285,0.5333333333333333,UR,0.0,0.2,0.0,0.0,2,dr,ul,midline,0,0,0,0,0
8,6,size7_comp0.6_grid6_base_medium,7,0.6,medium,base,base,5,3,8,8,0,1,1,1,1,0,-1,10,0.0,0.5,0.5,0.0,4,0,3,3,3,4,2,0,2,0,0,2,0.2,UR,1.0,0,4,0,4,2,0.0,0.5,0.0,0.5,0.2,UR,0.0,0.1,0.0,0.1,1,dr,ul,midline,0,0,0,0,0
9,6,size7_comp0.6_grid6_base_medium,7,0.6,medium,base,base,5,3,8,8,0,1,1,1,1,0,-1,11,0.0,0.5454545454545454,0.5454545454545454,0.0,5,1,3,2,4,3,1,2,3,2,0,1,0.09090909090909091,UR,0.9182958340544896,0,6,0,3,2,0.0,0.6666666666666666,0.0,0.3333333333333333,0.18181818181818182,UR,0.0,0.18181818181818182,0.0,0.09090909090909091,1,dr,ul,midline,0,0,0,0,0
0,7,size7_comp0.6_grid7_base_medium,7,0.6,medium,base,base,9,6,15,5,5,1,1,1,1,0,-1,5,0.0,0.8,0.8,0.0,1,0,4,0,3,1,0,0,0,0,0,0,0.0,DR,-0.0,0,0,0,1,4,0.0,0.0,0.0,1.0,0.8,,0.0,0.0,0.0,0.0,0,dr,midline,ur,1,0,0,0,0
1,7,size7_comp0.6_grid7_base_medium,7,0.6,medium,base,base,9,6,15,5,5,1,1,1,1,0,-1,5,0.0,0.8,0.8,0.0,1,0,4,0,2,1,1,0,0,0,0,0,0.0,DR,-0.0,0,0,0,2,3,0.0,0.0,0.0,1.0,0.6,,0.0,0.0,0.0,0.0,0,dr,midline,ur,1,0,0,0,0
2,7,size7_comp0.6_grid7_base_medium,7,0.6,medium,base,base,9,6,15,5,5,1,1,1,1,0,-1,7,0.0,0.5714285714285714,0.5714285714285714,0.0,3,0,4,0,3,2,1,0,2,0,0,2,0.2857142857142857,DR,-0.0,0,0,0,1,6,0.0,0.0,0.0,1.0,0.8571428571428571,,0.0,0.0,0.0,0.0,0,dr,midline,ur,1,0,0,0,0
3,7,size7_comp0.6_grid7_base_medium,7,0.6,medium,base,base,9,6,15,5,5,1,1,1,1,0,-1,6,0.0,0.6666666666666666,0.6666666666666666,0.0,2,0,4,0,2,2,1,0,1,0,0,1,0.16666666666666666,DR,-0.0,0,0,0,1,5,0.0,0.0,0.0,1.0,0.8333333333333334,,0.0,0.0,0.0,0.0,0,dr,midline,ur,1,0,0,0,0
4,7,size7_comp0.6_grid7_base_medium,7,0.6,medium,base,base,9,6,15,5,5,1,1,1,1,0,-1,5,0.0,0.8,0.8,0.0,1,0,4,0,3,1,0,0,0,0,0,0,0.0,DR,-0.0,0,0,0,1,4,0.0,0.0,0.0,1.0,0.8,,0.0,0.0,0.0,0.0,0,dr,midline,ur,1,0,0,0,0
5,7,size7_comp0.6_grid7_base_medium,7,0.6,medium,base,base,9,6,15,5,5,1,1,1,1,0,-1,6,0.0,0.6666666666666666,0.6666666666666666,0.0,2,0,4,0,2,2,1,0,1,0,0,1,0.16666666666666666,DR,-0.0,0,0,0,1,5,0.0,0.0,0.0,1.0,0.8333333333333334,,0.0,0.0,0.0,0.0,0,dr,midline,ur,1,0,0,0,0
6,7,size7_comp0.6_grid7_base_medium,7,0.6,medium,base,base,9,6,15,5,5,1,1,1,1,0,-1,5,0.0,0.8,0.8,0.0,1,0,4,0,3,1,0,0,0,0,0,0,0.0,DR,-0.0,0,0,0,1,4,0.0,0.0,0.0,1.0,0.8,,0.0,0.0,0.0,0.0,0,dr,midline,ur,1,0,0,0,0
7,7,size7_comp0.6_grid7_base_medium,7,0.6,medium,base,base,9,6,15,5,5,1,1,1,1,0,-1,6,0.0,0.6666666666666666,0.6666666666666666,0.0,2,0,4,0,2,2,1,0,1,0,0,1,0.16666666666666666,DR,-0.0,0,0,0,1,5,0.0,0.0,0.0,1.0,0.8333333333333334,,0.0,0.0,0.0,0.0,0,dr,midline,ur,1,0,0,0,0
8,7,size7_comp0.6_grid7_base_medium,7,0.6,medium,base,base,9,6,15,5,5,1,1,1,1,0,-1,5,0.0,0.8,0.8,0.0,1,0,4,0,2,1,1,0,0,0,0,0,0.0,DR,-0.0,0,0,0,2,3,0.0,0.0,0.0,1.0,0.6,,0.0,0.0,0.0,0.0,0,dr,midline,ur,1,0,0,0,0
9,7,size7_comp0.6_grid7_base_medium,7,0.6,medium,base,base,9,6,15,5,5,1,1,1,1,0,-1,5,0.0,0.8,0.8,0.0,1,0,4,0,3,1,0,0,0,0,0,0,0.0,DR,-0.0,0,0,0,1,4,0.0,0.0,0.0,1.0,0.8,,0.0,0.0,0.0,0.0,0,dr,midline,ur,1,0,0,0,0
0,8,size7_comp0.6_grid8_base_medium,7,0.6,medium,base,base,6,3,9,5,2,1,1,1,1,0,-1,17,0.0,0.5882352941176471,0.5882352941176471,0.0,5,4,6,2,2,3,4,7,9,7,0,0,0.0,UL,1.0,3,0,0,3,11,0.5,0.0,0.0,0.5,0.6470588235294118,,0.0,0.0,0.0,0.0,0,dr,midline,ul,0,1,0,0,0
1,8,size7_comp0.6_grid8_base_medium,7,0.6,medium,base,base,6,3,9,5,2,1,1,1,1,0,-1,8,0.0,0.625,0.625,0.0,2,1,5,0,3,1,2,1,2,1,0,1,0.125,DR,-0.0,0,0,0,3,5,0.0,0.0,0.0,1.0,0.625,,0.0,0.0,0.0,0.0,0,dr,midline,ul,1,0,0,0,0
2,8,size7_comp0.6_grid8_base_medium,7,0.6,medium,base,base,6,3,9,5,2,1,1,1,1,0,-1,5,0.0,0.8,0.8,0.0,1,0,4,0,2,1,1,0,0,0,0,0,0.0,DR,-0.0,0,0,0,2,3,0.0,0.0,0.0,1.0,0.6,,0.0,0.0,0.0,0.0,0,dr,midline,ul,1,0,0,0,0
3,8,size7_comp0.6_grid8_base_medium,7,0.6,medium,base,base,6,3,9,5,2,1,1,1,1,0,-1,7,0.0,0.7142857142857143,0.7142857142857143,0.0,2,1,4,0,3,0,2,1,1,1,0,0,0.0,DR,-0.0,0,0,0,2,5,0.0,0.0,0.0,1.0,0.7142857142857143,,0.0,0.0,0.0,0.0,0,dr,midline,ul,1,0,0,0,0
4,8,size7_comp0.6_grid8_base_medium,7,0.6,medium,base,base,6,3,9,5,2,1,1,1,1,0,-1,7,0.0,0.7142857142857143,0.7142857142857143,0.0,2,1,4,0,1,1,3,1,1,1,0,0,0.0,DR,0.9182958340544896,1,0,0,2,4,0.3333333333333333,0.0,0.0,0.6666666666666666,0.5714285714285714,,0.0,0.0,0.0,0.0,0,dr,midline,ul,1,0,0,0,0
5,8,size7_comp0.6_grid8_base_medium,7,0.6,medium,base,base,6,3,9,5,2,1,1,1,1,0,-1,5,0.0,0.8,0.8,0.0,1,0,4,0,2,1,1,0,0,0,0,0,0.0,DR,-0.0,0,0,0,2,3,0.0,0.0,0.0,1.0,0.6,,0.0,0.0,0.0,0.0,0,dr,midline,ul,1,0,0,0,0
6,8,size7_comp0.6_grid8_base_medium,7,0.6,medium,base,base,6,3,9,5,2,1,1,1,1,0,-1,9,0.0,0.6666666666666666,0.6666666666666666,0.0,3,2,4,0,5,2,1,0,0,0,0,0,0.0,UR,0.8112781244591328,0,3,0,1,5,0.0,0.75,0.0,0.25,0.5555555555555556,UR,0.0,0.1111111111111111,0.0,0.0,1,dr,midline,ul,0,0,0,0,0
7,8,size7_comp0.6_grid8_base_medium,7,0.6,medium,base,base,6,3,9,5,2,1,1,1,1,0,-1,5,0.0,0.8,0.8,0.0,1,0,4,0,2,1,1,0,0,0,0,0,0.0,DR,-0.0,0,0,0,2,3,0.0,0.0,0.0,1.0,0.6,,0.0,0.0,0.0,0.0,0,dr,midline,ul,1,0,0,0,0
8,8,size7_comp0.6_grid8_base_medium,7,0.6,medium,base,base,6,3,9,5,2,1,1,1,1,0,-1,5,0.0,0.8,0.8,0.0,1,0,4,0,2,1,1,0,0,0,0,0,0.0,DR,-0.0,0,0,0,2,3,0.0,0.0,0.0,1.0,0.6,,0.0,0.0,0.0,0.0,0,dr,midline,ul,1,0,0,0,0
9,8,size7_comp0.6_grid8_base_medium,7,0.6,medium,base,base,6,3,9,5,2,1,1,1,1,0,-1,11,0.0,0.6363636363636364,0.6363636363636364,0.0,4,3,4,0,4,1,2,3,4,3,0,0,0.0,DR,0.9709505944546686,0,2,0,3,6,0.0,0.4,0.0,0.6,0.5454545454545454,,0.0,0.0,0.0,0.0,0,dr,midline,ul,1,0,0,0,0
0,9,size7_comp0.6_grid9_base_medium,7,0.6,medium,base,base,5,3,8,4,2,1,1,1,1,0,-1,4,0.0,0.75,0.75,0.0,1,0,3,0,2,0,1,0,0,0,0,0,0.0,UL,0.9182958340544896,2,1,0,0,1,0.6666666666666666,0.3333333333333333,0.0,0.0,0.25,,0.0,0.0,0.0,0.0,0,ur,ul,dl,0,0,0,0,0
1,9,size7_comp0.6_grid9_base_medium,7,0.6,medium,base,base,5,3,8,4,2,1,1,1,1,0,-1,6,0.0,0.6666666666666666,0.6666666666666666,0.0,2,1,3,0,1,2,2,0,0,0,0,0,0.0,UL,1.0,2,2,0,0,2,0.5,0.5,0.0,0.0,0.3333333333333333,,0.0,0.0,0.0,0.0,0,ur,ul,dl,0,0,0,0,0
2,9,size7_comp0.6_grid9_base_medium,7,0.6,medium,base,base,5,3,8,4,2,1,1,1,1,0,-1,5,0.0,0.6,0.6,0.0,2,0,3,0,1,1,2,0,1,0,0,1,0.2,UL,0.8112781244591328,3,1,0,0,1,0.75,0.25,0.0,0.0,0.2,,0.0,0.0,0.0,0.0,0,ur,ul,dl,0,0,0,0,0
3,9,size7_comp0.6_grid9_base_medium,7,0.6,medium,base,base,5,3,8,4,2,1,1,1,1,0,-1,4,0.0,0.75,0.75,0.0,1,0,3,0,2,0,1,0,0,0,0,0,0.0,UL,0.9182958340544896,2,1,0,0,1,0.6666666666666666,0.3333333333333333,0.0,0.0,0.25,,0.0,0.0,0.0,0.0,0,ur,ul,dl,0,0,0,0,0
4,9,size7_comp0.6_grid9_base_medium,7,0.6,medium,base,base,5,3,8,4,2,1,1,1,1,0,-1,14,0.0,0.42857142857142855,0.42857142857142855,0.0,5,3,6,0,3,3,3,4,8,4,0,4,0.2857142857142857,UL,0.8112781244591328,6,2,0,0,6,0.75,0.25,0.0,0.0,0.42857142857142855,,0.0,0.0,0.0,0.0,0,ur,ul,dl,0,0,0,0,0
5,9,size7_comp0.6_grid9_base_medium,7,0.6,medium,base,base,5,3,8,4,2,1,1,1,1,0,-1,7,0.0,0.5714285714285714,0.5714285714285714,0.0,3,1,3,0,2,2,2,0,1,0,0,1,0.14285714285714285,UR,0.9709505944546686,2,3,0,0,2,0.4,0.6,0.0,0.0,0.2857142857142857,,0.0,0.0,0.0,0.0,0,ur,ul,dl,1,0,0,0,0
6,9,size7_comp0.6_grid9_base_medium,7,0.6,medium,base,base,5,3,8,4,2,1,1,1,1,0,-1,5,0.0,0.6,0.6,0.0,1,0,4,0,3,0,1,0,1,0,0,1,0.2,UL,0.8112781244591328,3,1,0,0,1,0.75,0.25,0.0,0.0,0.2,,0.0,0.0,0.0,0.0,0,ur,ul,dl,0,0,0,0,0
7,9,size7_comp0.6_grid9_base_medium,7,0.6,medium,base,base,5,3,8,4,2,1,1,1,1,0,-1,6,0.0,0.5,0.5,0.0,1,0,5,0,4,0,1,0,2,0,0,2,0.3333333333333333,UL,0.7219280948873623,4,1,0,0,1,0.8,0.2,0.0,0.0,0.16666666666666666,,0.0,0.0,0.0,0.0,0,ur,ul,dl,0,0,0,0,0
8,9,size7_comp0.6_grid9_base_medium,7,0.6,medium,base,base,5,3,8,4,2,1,1,1,1,0,-1,5,0.0,0.6,0.6,0.0,1,0,4,0,3,0,1,0,1,0,0,1,0.2,UL,0.8112781244591328,3,1,0,0,1,0.75,0.25,0.0,0.0,0.2,,0.0,0.0,0.0,0.0,0,ur,ul,dl,0,0,0,0,0
9,9,size7_comp0.6_grid9_base_medium,7,0.6,medium,base,base,5,3,8,4,2,1,1,1,1,0,-1,5,0.0,0.6,0.6,0.0,1,0,4,0,3,0,1,0,1,0,0,1,0.2,UL,0.8112781244591328,3,1,0,0,1,0.75,0.25,0.0,0.0,0.2,,0.0,0.0,0.0,0.0,0,ur,ul,dl,0,0,0,0,0
0,0,size9_comp0.0_grid0_base_medium,9,0.0,medium,base,base,5,7,12,8,2,1,1,1,1,0,-1,14,0.0,0.42857142857142855,0.42857142857142855,0.0,5,3,6,0,2,3,5,3,3,3,0,0,0.0,DR,0.9910760598382222,0,0,4,5,5,0.0,0.0,0.4444444444444444,0.5555555555555556,0.35714285714285715,DR,0.0,0.0,0.0,0.21428571428571427,3,dr,dl,ur,1,0,0,0,0
1,0,size9_comp0.0_grid0_base_medium,9,0.0,medium,base,base,5,7,12,8,2,1,1,1,1,0,-1,8,0.0,0.375,0.375,0.0,2,0,6,0,3,2,2,0,0,0,0,0,0.0,DR,0.9182958340544896,0,0,2,4,2,0.0,0.0,0.3333333333333333,0.6666666666666666,0.25,DR,0.0,0.0,0.0,0.375,3,dr,dl,ur,1,0,0,0,0
2,0,size9_comp0.0_grid0_base_medium,9,0.0,medium,base,base,5,7,12,8,2,1,1,1,1,0,-1,12,0.0,0.4166666666666667,0.4166666666666667,0.0,4,2,6,0,1,5,5,0,0,0,0,0,0.0,DR,0.863120568566631,0,0,2,5,5,0.0,0.0,0.2857142857142857,0.7142857142857143,0.4166666666666667,DR,0.0,0.0,0.0,0.25,3,dr,dl,ur,1,0,0,0,0
3,0,size9_comp0.0_grid0_base_medium,9,0.0,medium,base,base,5,7,12,8,2,1,1,1,1,1,4,12,1.0,1.0,1.0,1.0,4,2,6,0,5,2,3,1,1,1,1,0,0.0,DR,1.3709505944546687,0,1,1,3,7,0.0,0.2,0.2,0.6,0.5833333333333334,DR,0.0,0.0,0.0,0.16666666666666666,2,dr,dl,ur,1,0,0,0,0
4,0,size9_comp0.0_grid0_base_medium,9,0.0,medium,base,base,5,7,12,8,2,1,1,1,1,0,-1,10,0.0,0.4,0.4,0.0,3,1,6,0,5,3,1,0,0,0,0,0,0.0,DR,-0.0,0,0,0,4,6,0.0,0.0,0.0,1.0,0.6,DR,0.0,0.0,0.0,0.2,2,dr,dl,ur,1,0,0,0,0
5,0,size9_comp0.0_grid0_base_medium,9,0.0,medium,base,base,5,7,12,8,2,1,1,1,1,0,-1,10,0.0,0.4,0.4,0.0,3,1,6,0,1,4,4,0,0,0,0,0,0.0,DR,0.9182958340544896,0,0,2,4,4,0.0,0.0,0.3333333333333333,0.6666666666666666,0.4,DR,0.0,0.0,0.0,0.3,3,dr,dl,ur,1,0,0,0,0
6,0,size9_comp0.0_grid0_base_medium,9,0.0,medium,base,base,5,7,12,8,2,1,1,1,1,0,-1,8,0.0,0.375,0.375,0.0,2,0,6,0,4,2,1,0,0,0,0,0,0.0,DR,0.9852281360342515,0,0,3,4,1,0.0,0.0,0.42857142857142855,0.5714285714285714,0.125,DR,0.0,0.0,0.125,0.375,3,dr,dl,ur,1,0,0,0,0
7,0,size9_comp0.0_grid0_base_medium,9,0.0,medium,base,base,5,7,12,8,2,1,1,1,1,0,-1,8,0.0,0.375,0.375,0.0,2,0,6,0,5,1,1,0,0,0,0,0,0.0,DR,0.9709505944546686,0,0,2,3,3,0.0,0.0,0.4,0.6,0.375,DR,0.0,0.0,0.0,0.25,2,dr,dl,ur,1,0,0,0,0
8,0,size9_comp0.0_grid0_base_medium,9,0.0,medium,base,base,5,7,12,8,2,1,1,1,1,0,-1,10,0.0,0.4,0.4,0.0,3,1,6,0,1,4,4,0,0,0,0,0,0.0,DR,0.863120568566631,0,0,2,5,3,0.0,0.0,0.2857142857142857,0.7142857142857143,0.3,DR,0.0,0.0,0.0,0.3,3,dr,dl,ur,1,0,0,0,0
9,0,size9_comp0.0_grid0_base_medium,9,0.0,medium,base,base,5,7,12,8,2,1,1,1,1,0,-1,12,0.0,0.4166666666666667,0.4166666666666667,0.0,4,2,6,0,5,4,2,0,0,0,0,0,0.0,DR,0.9709505944546686,2,0,0,3,7,0.4,0.0,0.0,0.6,0.5833333333333334,DR,0.0,0.0,0.0,0.16666666666666666,2,dr,dl,ur,1,0,0,0,0
0,1,size9_comp0.0_grid1_base_medium,9,0.0,medium,base,base,3,3,6,6,0,1,1,1,1,0,-1,6,0.0,0.5,0.5,0.0,0,1,0,5,3,1,1,0,0,0,0,0,0.0,DR,0.9709505944546686,0,0,2,3,1,0.0,0.0,0.4,0.6,0.16666666666666666,DL,0.0,0.0,0.16666666666666666,0.16666666666666666,1,dl,dr,midline,0,0,0,0,0
1,1,size9_comp0.0_grid1_base_medium,9,0.0,medium,base,base,3,3,6,6,0,1,1,1,1,1,2,6,1.0,1.0,1.0,1.0,0,1,0,5,3,1,1,0,0,0,0,0,0.0,DL,1.0,0,0,2,2,2,0.0,0.0,0.5,0.5,0.3333333333333333,DL,0.0,0.0,0.16666666666666666,0.16666666666666666,1,dl,dr,midline,1,0,0,0,0
2,1,size9_comp0.0_grid1_base_medium,9,0.0,medium,base,base,3,3,6,6,0,1,1,1,1,0,-1,8,0.0,0.5,0.5,0.0,1,2,0,5,2,1,3,1,1,1,0,0,0.0,DL,0.9852281360342515,0,0,4,3,1,0.0,0.0,0.5714285714285714,0.42857142857142855,0.125,DR,0.0,0.0,0.125,0.25,2,dl,dr,midline,1,0,0,0,0
3,1,size9_comp0.0_grid1_base_medium,9,0.0,medium,base,base,3,3,6,6,0,1,1,1,1,0,-1,8,0.0,0.5,0.5,0.0,1,2,0,5,3,1,2,1,1,1,0,0,0.0,DL,0.9852281360342515,0,0,4,3,1,0.0,0.0,0.5714285714285714,0.42857142857142855,0.125,DL,0.0,0.0,0.375,0.25,3,dl,dr,midline,1,0,0,0,0
4,1,size9_comp0.0_grid1_base_medium,9,0.0,medium,base,base,3,3,6,6,0,1,1,1,1,0,-1,6,0.0,0.5,0.5,0.0,0,1,0,5,3,1,1,0,0,0,0,0,0.0,DR,0.9709505944546686,0,0,2,3,1,0.0,0.0,0.4,0.6,0.16666666666666666,DL,0.0,0.0,0.16666666666666666,0.16666666666666666,1,dl,dr,midline,0,0,0,0,0
5,1,size9_comp0.0_grid1_base_medium,9,0.0,medium,base,base,3,3,6,6,0,1,1,1,1,0,-1,6,0.0,0.5,0.5,0.0,0,1,0,5,3,1,1,0,0,0,0,0,0.0,DR,0.9709505944546686,0,0,2,3,1,0.0,0.0,0.4,0.6,0.16666666666666666,DL,0.0,0.0,0.16666666666666666,0.16666666666666666,1,dl,dr,midline,0,0,0,0,0
6,1,size9_comp0.0_grid1_base_medium,9,0.0,medium,base,base,3,3,6,6,0,1,1,1,1,0,-1,6,0.0,0.5,0.5,0.0,0,1,0,5,3,1,1,0,0,0,0,0,0.0,DR,0.9709505944546686,0,0,2,3,1,0.0,0.0,0.4,0.6,0.16666666666666666,DR,0.0,0.0,0.16666666666666666,0.3333333333333333,2,dl,dr,midline,0,0,0,0,0
7,1,size9_comp0.0_grid1_base_medium,9,0.0,medium,base,base,3,3,6,6,0,1,1,1,1,0,-1,8,0.0,0.5,0.5,0.0,1,2,0,5,2,1,3,1,1,1,0,0,0.0,DL,0.9852281360342515,0,0,4,3,1,0.0,0.0,0.5714285714285714,0.42857142857142855,0.125,DL,0.0,0.0,0.125,0.125,1,dl,dr,midline,1,0,0,0,0
8,1,size9_comp0.0_grid1_base_medium,9,0.0,medium,base,base,3,3,6,6,0,1,1,1,1,0,-1,10,0.0,0.5,0.5,0.0,2,3,0,5,2,1,3,3,3,3,0,0,0.0,DL,0.9182958340544896,0,0,6,3,1,0.0,0.0,0.6666666666666666,0.3333333333333333,0.1,DL,0.0,0.0,0.1,0.1,1,dl,dr,midline,1,0,0,0,0
9,1,size9_comp0.0_grid1_base_medium,9,0.0,medium,base,base,3,3,6,6,0,1,1,1,1,0,-1,6,0.0,0.5,0.5,0.0,0,1,0,5,3,1,1,0,0,0,0,0,0.0,DR,0.9709505944546686,0,0,2,3,1,0.0,0.0,0.4,0.6,0.16666666666666666,DL,0.0,0.0,0.16666666666666666,0.16666666666666666,1,dl,dr,midline,0,0,0,0,0
0,2,size9_comp0.0_grid2_base_medium,9,0.0,medium,base,base,6,3,9,5,2,1,1,1,1,0,-1,7,0.0,0.7142857142857143,0.7142857142857143,0.0,0,1,1,5,4,1,0,1,1,1,0,0,0.0,UR,0.9182958340544896,2,4,0,0,1,0.3333333333333333,0.6666666666666666,0.0,0.0,0.14285714285714285,,0.0,0.0,0.0,0.0,0,ul,midline,dr,0,0,0,0,0
1,2,size9_comp0.0_grid2_base_medium,9,0.0,medium,base,base,6,3,9,5,2,1,1,1,1,0,-1,5,0.0,0.8,0.8,0.0,0,1,0,4,3,0,1,0,0,0,0,0,0.0,UL,1.0,2,2,0,0,1,0.5,0.5,0.0,0.0,0.2,,0.0,0.0,0.0,0.0,0,ul,midline,dr,1,0,0,0,0
2,2,size9_comp0.0_grid2_base_medium,9,0.0,medium,base,base,6,3,9,5,2,1,1,1,1,0,-1,5,0.0,0.8,0.8,0.0,0,1,0,4,2,1,1,0,0,0,0,0,0.0,UL,-0.0,2,0,0,0,3,1.0,0.0,0.0,0.0,0.6,,0.0,0.0,0.0,0.0,0,ul,midline,dr,1,0,0,0,0
3,2,size9_comp0.0_grid2_base_medium,9,0.0,medium,base,base,6,3,9,5,2,1,1,1,1,0,-1,5,0.0,0.8,0.8,0.0,0,1,0,4,3,1,0,0,0,0,0,0,0.0,UL,-0.0,1,0,0,0,4,1.0,0.0,0.0,0.0,0.8,,0.0,0.0,0.0,0.0,0,ul,midline,dr,1,0,0,0,0
4,2,size9_comp0.0_grid2_base_medium,9,0.0,medium,base,base,6,3,9,5,2,1,1,1,1,0,-1,9,0.0,0.6666666666666666,0.6666666666666666,0.0,2,3,0,4,2,0,4,2,2,2,0,0,0.0,UL,1.5,2,0,1,1,5,0.5,0.0,0.25,0.25,0.5555555555555556,,0.0,0.0,0.0,0.0,0,ul,midline,dr,1,0,0,0,0
5,2,size9_comp0.0_grid2_base_medium,9,0.0,medium,base,base,6,3,9,5,2,1,1,1,1,0,-1,5,0.0,0.8,0.8,0.0,0,1,0,4,3,0,1,0,0,0,0,0,0.0,UL,1.0,2,2,0,0,1,0.5,0.5,0.0,0.0,0.2,,0.0,0.0,0.0,0.0,0,ul,midline,dr,1,0,0,0,0
6,2,size9_comp0.0_grid2_base_medium,9,0.0,medium,base,base,6,3,9,5,2,1,1,1,1,0,-1,5,0.0,0.8,0.8,0.0,0,1,0,4,3,0,1,0,0,0,0,0,0.0,UL,1.0,2,2,0,0,1,0.5,0.5,0.0,0.0,0.2,,0.0,0.0,0.0,0.0,0,ul,midline,dr,1,0,0,0,0
7,2,size9_comp0.0_grid2_base_medium,9,0.0,medium,base,base,6,3,9,5,2,1,1,1,1,0,-1,8,0.0,0.625,0.625,0.0,0,1,1,6,5,1,0,1,2,0,0,1,0.125,UR,0.863120568566631,2,5,0,0,1,0.2857142857142857,0.7142857142857143,0.0,0.0,0.125,,0.0,0.0,0.0,0.0,0,ul,midline,dr,0,0,0,0,0
8,2,size9_comp0.0_grid2_base_medium,9,0.0,medium,base,base,6,3,9,5,2,1,1,1,1,0,-1,5,0.0,0.8,0.8,0.0,0,1,0,4,3,0,1,0,0,0,0,0,0.0,UL,1.0,2,2,0,0,1,0.5,0.5,0.0,0.0,0.2,,0.0,0.0,0.0,0.0,0,ul,midline,dr,1,0,0,0,0
9,2,size9_comp0.0_grid2_base_medium,9,0.0,medium,base,base,6,3,9,5,2,1,1,1,1,0,-1,5,0.0,0.8,0.8,0.0,0,1,0,4,3,0,1,0,0,0,0,0,0.0,UL,1.0,2,2,0,0,1,0.5,0.5,0.0,0.0,0.2,,0.0,0.0,0.0,0.0,0,ul,midline,dr,1,0,0,0,0
0,3,size9_comp0.0_grid3_base_medium,9,0.0,medium,base,base,4,11,15,7,4,1,1,1,1,0,-1,7,0.0,0.0,0.0,0.0,5,0,2,0,5,1,0,0,0,0,0,0,0.0,UL,0.9182958340544896,4,0,2,0,1,0.6666666666666666,0.0,0.3333333333333333,0.0,0.14285714285714285,UL,0.14285714285714285,0.0,0.0,0.0,1,dl,ul,dr,0,0,0,0,0
1,3,size9_comp0.0_grid3_base_medium,9,0.0,medium,base,base,4,11,15,7,4,1,1,1,1,0,-1,7,0.0,0.0,0.0,0.0,5,0,2,0,3,2,1,0,0,0,0,0,0.0,UL,0.9182958340544896,4,0,2,0,1,0.6666666666666666,0.0,0.3333333333333333,0.0,0.14285714285714285,UL,0.2857142857142857,0.0,0.0,0.0,2,dl,ul,dr,0,0,0,0,0
2,3,size9_comp0.0_grid3_base_medium,9,0.0,medium,base,base,4,11,15,7,4,1,1,1,1,0,-1,8,0.0,0.0,0.0,0.0,6,0,2,0,6,1,0,0,1,0,0,1,0.125,UL,0.863120568566631,5,0,2,0,1,0.7142857142857143,0.0,0.2857142857142857,0.0,0.125,UL,0.125,0.0,0.0,0.0,1,dl,ul,dr,0,0,0,0,0
3,3,size9_comp0.0_grid3_base_medium,9,0.0,medium,base,base,4,11,15,7,4,1,1,1,1,0,-1,8,0.0,0.0,0.0,0.0,6,0,2,0,4,2,1,0,1,0,0,1,0.125,UL,0.863120568566631,5,0,2,0,1,0.7142857142857143,0.0,0.2857142857142857,0.0,0.125,UL,0.375,0.0,0.0,0.0,3,dl,ul,dr,0,0,0,0,0
4,3,size9_comp0.0_grid3_base_medium,9,0.0,medium,base,base,4,11,15,7,4,1,1,1,1,0,-1,7,0.0,0.0,0.0,0.0,5,0,2,0,5,1,0,0,0,0,0,0,0.0,UL,0.9182958340544896,4,0,2,0,1,0.6666666666666666,0.0,0.3333333333333333,0.0,0.14285714285714285,UL,0.14285714285714285,0.0,0.0,0.0,1,dl,ul,dr,0,0,0,0,0
5,3,size9_comp0.0_grid3_base_medium,9,0.0,medium,base,base,4,11,15,7,4,1,1,1,1,0,-1,11,0.0,0.0,0.0,0.0,9,0,2,0,7,2,1,0,4,0,0,4,0.36363636363636365,UL,0.7219280948873623,8,0,2,0,1,0.8,0.0,0.2,0.0,0.09090909090909091,UL,0.18181818181818182,0.0,0.0,0.0,2,dl,ul,dr,0,0,0,0,0
6,3,size9_comp0.0_grid3_base_medium,9,0.0,medium,base,base,4,11,15,7,4,1,1,1,1,0,-1,7,0.0,0.0,0.0,0.0,5,0,2,0,4,1,1,0,0,0,0,0,0.0,DL,0.9182958340544896,2,0,4,0,1,0.3333333333333333,0.0,0.6666666666666666,0.0,0.14285714285714285,UL,0.14285714285714285,0.0,0.0,0.0,1,dl,ul,dr,1,0,0,0,0
7,3,size9_comp0.0_grid3_base_medium,9,0.0,medium,base,base,4,11,15,7,4,1,1,1,1,0,-1,9,0.0,0.0,0.0,0.0,7,0,2,0,7,1,0,0,2,0,0,2,0.2222222222222222,UL,0.8112781244591328,6,0,2,0,1,0.75,0.0,0.25,0.0,0.1111111111111111,UL,0.1111111111111111,0.0,0.0,0.0,1,dl,ul,dr,0,0,0,0,0
8,3,size9_comp0.0_grid3_base_medium,9,0.0,medium,base,base,4,11,15,7,4,1,1,1,1,0,-1,7,0.0,0.0,0.0,0.0,5,0,2,0,3,2,1,0,0,0,0,0,0.0,UL,0.9182958340544896,4,0,2,0,1,0.6666666666666666,0.0,0.3333333333333333,0.0,0.14285714285714285,UL,0.2857142857142857,0.0,0.0,0.0,2,dl,ul,dr,0,0,0,0,0
9,3,size9_comp0.0_grid3_base_medium,9,0.0,medium,base,base,4,11,15,7,4,1,1,1,1,0,-1,7,0.0,0.0,0.0,0.0,5,0,2,0,3,2,1,0,0,0,0,0,0.0,UL,0.9182958340544896,4,0,2,0,1,0.6666666666666666,0.0,0.3333333333333333,0.0,0.14285714285714285,UL,0.2857142857142857,0.0,0.0,0.0,2,dl,ul,dr,0,0,0,0,0
0,4,size9_comp0.0_grid4_base_medium,9,0.0,medium,base,base,6,3,9,7,1,1,1,1,1,1,5,9,1.0,1.0,1.0,1.0,3,1,5,0,3,3,2,0,0,0,0,0,0.0,DR,0.9182958340544896,1,0,0,2,6,0.3333333333333333,0.0,0.0,0.6666666666666666,0.6666666666666666,DR,0.0,0.0,0.0,0.1111111111111111,1,dr,midline,midline,1,0,0,0,0
1,4,size9_comp0.0_grid4_base_medium,9,0.0,medium,base,base,6,3,9,7,1,1,1,1,1,0,-1,11,0.0,0.6363636363636364,0.6363636363636364,0.0,4,2,5,0,5,3,2,0,0,0,0,0,0.0,UL,1.584962500721156,2,2,0,2,5,0.3333333333333333,0.3333333333333333,0.0,0.3333333333333333,0.45454545454545453,DR,0.0,0.0,0.0,0.09090909090909091,1,dr,midline,midline,0,0,0,0,0
2,4,size9_comp0.0_grid4_base_medium,9,0.0,medium,base,base,6,3,9,7,1,1,1,1,1,0,-1,11,0.0,0.6363636363636364,0.6363636363636364,0.0,3,1,6,1,4,1,2,3,3,3,0,0,0.0,DR,0.7219280948873623,0,1,0,4,6,0.0,0.2,0.0,0.8,0.5454545454545454,DR,0.0,0.0,0.0,0.09090909090909091,1,dr,midline,midline,1,0,0,0,0
3,4,size9_comp0.0_grid4_base_medium,9,0.0,medium,base,base,6,3,9,7,1,1,1,1,1,0,-1,7,0.0,0.7142857142857143,0.7142857142857143,0.0,2,0,5,0,3,2,1,0,0,0,0,0,0.0,DR,-0.0,0,0,0,3,4,0.0,0.0,0.0,1.0,0.5714285714285714,DR,0.0,0.0,0.0,0.14285714285714285,1,dr,midline,midline,1,0,0,0,0
4,4,size9_comp0.0_grid4_base_medium,9,0.0,medium,base,base,6,3,9,7,1,1,1,1,1,0,-1,9,0.0,0.6666666666666666,0.6666666666666666,0.0,3,1,5,0,3,3,2,0,0,0,0,0,0.0,DR,0.9182958340544896,0,0,1,2,6,0.0,0.0,0.3333333333333333,0.6666666666666666,0.6666666666666666,DR,0.0,0.0,0.0,0.1111111111111111,1,dr,midline,midline,1,0,0,0,0
5,4,size9_comp0.0_grid4_base_medium,9,0.0,medium,base,base,6,3,9,7,1,1,1,1,1,0,-1,9,0.0,0.6666666666666666,0.6666666666666666,0.0,3,1,5,0,3,3,2,0,0,0,0,0,0.0,DR,0.9182958340544896,0,0,1,2,6,0.0,0.0,0.3333333333333333,0.6666666666666666,0.6666666666666666,DR,0.0,0.0,0.0,0.1111111111111111,1,dr,midline,midline,1,0,0,0,0
6,4,size9_comp0.0_grid4_base_medium,9,0.0,medium,base,base,6,3,9,7,1,1,1,1,1,0,-1,7,0.0,0.7142857142857143,0.7142857142857143,0.0,2,0,5,0,4,1,1,0,0,0,0,0,0.0,DR,-0.0,0,0,0,3,4,0.0,0.0,0.0,1.0,0.5714285714285714,DR,0.0,0.0,0.0,0.2857142857142857,2,dr,midline,midline,1,0,0,0,0
7,4,size9_comp0.0_grid4_base_medium,9,0.0,medium,base,base,6,3,9,7,1,1,1,1,1,0,-1,7,0.0,0.7142857142857143,0.7142857142857143,0.0,2,0,5,0,4,1,1,0,0,0,0,0,0.0,DR,-0.0,0,0,0,3,4,0.0,0.0,0.0,1.0,0.5714285714285714,DR,0.0,0.0,0.0,0.2857142857142857,2,dr,midline,midline,1,0,0,0,0
8,4,size9_comp0.0_grid4_base_medium,9,0.0,medium,base,base,6,3,9,7,1,1,1,1,1,0,-1,7,0.0,0.7142857142857143,0.7142857142857143,0.0,2,0,5,0,3,2,1,0,0,0,0,0,0.0,DR,-0.0,0,0,0,4,3,0.0,0.0,0.0,1.0,0.42857142857142855,DR,0.0,0.0,0.0,0.14285714285714285,1,dr,midline,midline,1,0,0,0,0
9,4,size9_comp0.0_grid4_base_medium,9,0.0,medium,base,base,6,3,9,7,1,1,1,1,1,0,-1,7,0.0,0.7142857142857143,0.7142857142857143,0.0,2,0,5,0,2,2,2,0,0,0,0,0,0.0,DR,-0.0,0,0,0,4,3,0.0,0.0,0.0,1.0,0.42857142857142855,DR,0.0,0.0,0.0,0.2857142857142857,2,dr,midline,midline,1,0,0,0,0
0,5,size9_comp0.0_grid5_base_medium,9,0.0,medium,base,base,3,9,12,6,3,1,1,1,1,0,-1,10,0.0,0.2,0.2,0.0,4,2,0,4,3,4,1,1,1,1,0,0,0.0,UR,1.1488348542809166,0,5,1,1,3,0.0,0.7142857142857143,0.14285714285714285,0.14285714285714285,0.3,UR,0.0,0.1,0.0,0.0,1,midline,ur,dl,0,0,0,0,0
1,5,size9_comp0.0_grid5_base_medium,9,0.0,medium,base,base,3,9,12,6,3,1,1,1,1,0,-1,8,0.0,0.125,0.125,0.0,3,1,0,4,2,1,2,2,2,2,0,0,0.0,UR,0.6500224216483541,1,5,0,0,2,0.16666666666666666,0.8333333333333334,0.0,0.0,0.25,UR,0.0,0.125,0.0,0.0,1,midline,ur,dl,0,0,0,0,0
2,5,size9_comp0.0_grid5_base_medium,9,0.0,medium,base,base,3,9,12,6,3,1,1,1,1,0,-1,6,0.0,0.0,0.0,0.0,2,0,0,4,2,1,2,0,0,0,0,0,0.0,UR,0.8112781244591328,1,3,0,0,2,0.25,0.75,0.0,0.0,0.3333333333333333,UR,0.0,0.16666666666666666,0.0,0.0,1,midline,ur,dl,0,0,0,0,0
3,5,size9_comp0.0_grid5_base_medium,9,0.0,medium,base,base,3,9,12,6,3,1,1,1,1,0,-1,6,0.0,0.0,0.0,0.0,2,0,0,4,2,2,1,0,0,0,0,0,0.0,UR,-0.0,0,3,0,0,3,0.0,1.0,0.0,0.0,0.5,,0.0,0.0,0.0,0.0,0,midline,ur,dl,0,0,0,0,0
4,5,size9_comp0.0_grid5_base_medium,9,0.0,medium,base,base,3,9,12,6,3,1,1,1,1,0,-1,6,0.0,0.0,0.0,0.0,2,0,0,4,1,2,2,0,0,0,0,0,0.0,UR,-0.0,0,3,0,0,3,0.0,1.0,0.0,0.0,0.5,UR,0.0,0.16666666666666666,0.0,0.0,1,midline,ur,dl,0,0,0,0,0
5,5,size9_comp0.0_grid5_base_medium,9,0.0,medium,base,base,3,9,12,6,3,1,1,1,1,0,-1,6,0.0,0.0,0.0,0.0,2,0,0,4,4,0,1,0,0,0,0,0,0.0,UL,1.0,2,2,0,0,2,0.5,0.5,0.0,0.0,0.3333333333333333,UR,0.0,0.16666666666666666,0.0,0.0,1,midline,ur,dl,0,0,0,0,0
6,5,size9_comp0.0_grid5_base_medium,9,0.0,medium,base,base,3,9,12,6,3,1,1,1,1,0,-1,6,0.0,0.0,0.0,0.0,2,0,0,4,3,1,1,0,0,0,0,0,0.0,UR,0.8112781244591328,1,3,0,0,2,0.25,0.75,0.0,0.0,0.3333333333333333,,0.0,0.0,0.0,0.0,0,midline,ur,dl,0,0,0,0,0
7,5,size9_comp0.0_grid5_base_medium,9,0.0,medium,base,base,3,9,12,6,3,1,1,1,1,0,-1,8,0.0,0.125,0.125,0.0,3,1,0,4,2,1,3,1,1,1,0,0,0.0,UR,-0.0,0,3,0,0,5,0.0,1.0,0.0,0.0,0.625,UR,0.0,0.125,0.0,0.0,1,midline,ur,dl,0,0,0,0,0
8,5,size9_comp0.0_grid5_base_medium,9,0.0,medium,base,base,3,9,12,6,3,1,1,1,1,0,-1,6,0.0,0.0,0.0,0.0,2,0,0,4,2,1,2,0,0,0,0,0,0.0,UR,0.8112781244591328,1,3,0,0,2,0.25,0.75,0.0,0.0,0.3333333333333333,UR,0.0,0.16666666666666666,0.0,0.0,1,midline,ur,dl,0,0,0,0,0
9,5,size9_comp0.0_grid5_base_medium,9,0.0,medium,base,base,3,9,12,6,3,1,1,1,1,0,-1,6,0.0,0.0,0.0,0.0,2,0,0,4,2,1,2,0,0,0,0,0,0.0,UR,0.8112781244591328,1,3,0,0,2,0.25,0.75,0.0,0.0,0.3333333333333333,UR,0.0,0.16666666666666666,0.0,0.0,1,midline,ur,dl,0,0,0,0,0
0,6,size9_comp0.0_grid6_base_medium,9,0.0,medium,base,base,4,4,8,6,1,1,1,1,1,0,-1,6,0.0,0.5,0.5,0.0,0,5,1,0,3,1,1,0,0,0,0,0,0.0,UL,0.8112781244591328,3,0,1,0,2,0.75,0.0,0.25,0.0,0.3333333333333333,,0.0,0.0,0.0,0.0,0,ul,dl,ul,1,1,0,0,0
1,6,size9_comp0.0_grid6_base_medium,9,0.0,medium,base,base,4,4,8,6,1,1,1,1,1,0,-1,8,0.0,0.5,0.5,0.0,1,6,1,0,4,2,0,1,1,1,0,0,0.0,DL,0.9852281360342515,3,0,4,0,1,0.42857142857142855,0.0,0.5714285714285714,0.0,0.125,,0.0,0.0,0.0,0.0,0,ul,dl,ul,0,0,0,0,0
2,6,size9_comp0.0_grid6_base_medium,9,0.0,medium,base,base,4,4,8,6,1,1,1,1,1,0,-1,6,0.0,0.5,0.5,0.0,0,5,1,0,3,1,1,0,0,0,0,0,0.0,UL,0.7219280948873623,4,0,1,0,1,0.8,0.0,0.2,0.0,0.16666666666666666,,0.0,0.0,0.0,0.0,0,ul,dl,ul,1,1,0,0,0
3,6,size9_comp0.0_grid6_base_medium,9,0.0,medium,base,base,4,4,8,6,1,1,1,1,1,0,-1,6,0.0,0.5,0.5,0.0,0,5,1,0,3,1,1,0,0,0,0,0,0.0,UL,0.7219280948873623,4,0,1,0,1,0.8,0.0,0.2,0.0,0.16666666666666666,UL,0.16666666666666666,0.0,0.0,0.0,1,ul,dl,ul,1,1,0,0,0
4,6,size9_comp0.0_grid6_base_medium,9,0.0,medium,base,base,4,4,8,6,1,1,1,1,1,0,-1,6,0.0,0.5,0.5,0.0,0,5,1,0,3,1,1,0,0,0,0,0,0.0,UL,0.7219280948873623,4,0,1,0,1,0.8,0.0,0.2,0.0,0.16666666666666666,,0.0,0.0,0.0,0.0,0,ul,dl,ul,1,1,0,0,0
5,6,size9_comp0.0_grid6_base_medium,9,0.0,medium,base,base,4,4,8,6,1,1,1,1,1,0,-1,8,0.0,0.5,0.5,0.0,0,5,2,1,2,3,2,0,0,0,0,0,0.0,UL,0.9182958340544896,4,0,2,0,2,0.6666666666666666,0.0,0.3333333333333333,0.0,0.25,UL,0.25,0.0,0.0,0.0,2,ul,dl,ul,1,1,0,0,0
6,6,size9_comp0.0_grid6_base_medium,9,0.0,medium,base,base,4,4,8,6,1,1,1,1,1,0,-1,6,0.0,0.5,0.5,0.0,0,5,1,0,4,1,0,0,0,0,0,0,0.0,UL,0.7219280948873623,4,0,1,0,1,0.8,0.0,0.2,0.0,0.16666666666666666,UL,0.3333333333333333,0.0,0.0,0.0,2,ul,dl,ul,1,1,0,0,0
7,6,size9_comp0.0_grid6_base_medium,9,0.0,medium,base,base,4,4,8,6,1,1,1,1,1,0,-1,6,0.0,0.5,0.5,0.0,0,5,1,0,4,0,1,0,0,0,0,0,0.0,UL,0.9709505944546686,3,0,2,0,1,0.6,0.0,0.4,0.0,0.16666666666666666,,0.0,0.0,0.0,0.0,0,ul,dl,ul,1,1,0,0,0
8,6,size9_comp0.0_grid6_base_medium,9,0.0,medium,base,base,4,4,8,6,1,1,1,1,1,0,-1,6,0.0,0.5,0.5,0.0,0,5,1,0,3,1,1,0,0,0,0,0,0.0,UL,0.7219280948873623,4,0,1,0,1,0.8,0.0,0.2,0.0,0.16666666666666666,UL,0.16666666666666666,0.0,0.0,0.0,1,ul,dl,ul,1,1,0,0,0
9,6,size9_comp0.0_grid6_base_medium,9,0.0,medium,base,base,4,4,8,6,1,1,1,1,1,0,-1,18,0.0,0.5,0.5,0.0,4,9,3,2,3,4,3,7,8,7,0,0,0.0,DL,0.9957274520849255,6,0,7,0,5,0.46153846153846156,0.0,0.5384615384615384,0.0,0.2777777777777778,,0.0,0.0,0.0,0.0,0,ul,dl,ul,0,0,0,0,0
0,7,size9_comp0.0_grid7_base_medium,9,0.0,medium,base,base,5,8,13,7,3,1,1,1,1,0,-1,7,0.0,0.2857142857142857,0.2857142857142857,0.0,0,5,0,2,5,1,0,0,0,0,0,0,0.0,DR,-0.0,0,0,0,1,6,0.0,0.0,0.0,1.0,0.8571428571428571,,0.0,0.0,0.0,0.0,0,midline,dr,ul,0,0,0,0,0
1,7,size9_comp0.0_grid7_base_medium,9,0.0,medium,base,base,5,8,13,7,3,1,1,1,1,0,-1,9,0.0,0.3333333333333333,0.3333333333333333,0.0,0,5,1,3,1,3,4,0,0,0,0,0,0.0,UR,1.0,0,3,0,3,3,0.0,0.5,0.0,0.5,0.3333333333333333,DR,0.0,0.0,0.0,0.1111111111111111,1,midline,dr,ul,0,0,0,0,0
2,7,size9_comp0.0_grid7_base_medium,9,0.0,medium,base,base,5,8,13,7,3,1,1,1,1,0,-1,9,0.0,0.3333333333333333,0.3333333333333333,0.0,0,5,1,3,3,2,3,0,0,0,0,0,0.0,UR,0.9182958340544896,0,4,0,2,3,0.0,0.6666666666666666,0.0,0.3333333333333333,0.3333333333333333,UR,0.0,0.2222222222222222,0.0,0.0,2,midline,dr,ul,0,0,0,0,0
3,7,size9_comp0.0_grid7_base_medium,9,0.0,medium,base,base,5,8,13,7,3,1,1,1,1,0,-1,7,0.0,0.2857142857142857,0.2857142857142857,0.0,0,5,0,2,2,2,2,0,0,0,0,0,0.0,UR,0.8112781244591328,0,3,0,1,3,0.0,0.75,0.0,0.25,0.42857142857142855,,0.0,0.0,0.0,0.0,0,midline,dr,ul,0,0,0,0,0
4,7,size9_comp0.0_grid7_base_medium,9,0.0,medium,base,base,5,8,13,7,3,1,1,1,1,0,-1,7,0.0,0.2857142857142857,0.2857142857142857,0.0,0,5,0,2,4,1,1,0,0,0,0,0,0.0,UR,0.9182958340544896,0,2,0,1,4,0.0,0.6666666666666666,0.0,0.3333333333333333,0.5714285714285714,,0.0,0.0,0.0,0.0,0,midline,dr,ul,0,0,0,0,0
5,7,size9_comp0.0_grid7_base_medium,9,0.0,medium,base,base,5,8,13,7,3,1,1,1,1,0,-1,14,0.0,0.35714285714285715,0.35714285714285715,0.0,2,7,1,4,4,5,2,2,5,2,0,1,0.07142857142857142,UR,0.41381685030363374,0,11,0,1,2,0.0,0.9166666666666666,0.0,0.08333333333333333,0.14285714285714285,UR,0.0,0.2857142857142857,0.0,0.0,2,midline,dr,ul,0,0,0,0,0
6,7,size9_comp0.0_grid7_base_medium,9,0.0,medium,base,base,5,8,13,7,3,1,1,1,1,0,-1,19,0.0,0.42105263157894735,0.42105263157894735,0.0,3,8,3,5,5,9,2,2,8,2,0,0,0.0,UR,0.5665095065529053,0,13,0,2,4,0.0,0.8666666666666667,0.0,0.13333333333333333,0.21052631578947367,UR,0.0,0.3684210526315789,0.0,0.0,4,midline,dr,ul,0,0,0,0,0
7,7,size9_comp0.0_grid7_base_medium,9,0.0,medium,base,base,5,8,13,7,3,1,1,1,1,0,-1,7,0.0,0.2857142857142857,0.2857142857142857,0.0,0,5,0,2,2,2,2,0,0,0,0,0,0.0,UR,1.0,0,1,0,1,5,0.0,0.5,0.0,0.5,0.7142857142857143,,0.0,0.0,0.0,0.0,0,midline,dr,ul,0,0,0,0,0
8,7,size9_comp0.0_grid7_base_medium,9,0.0,medium,base,base,5,8,13,7,3,1,1,1,1,0,-1,11,0.0,0.36363636363636365,0.36363636363636365,0.0,0,5,2,4,4,3,2,1,1,1,0,0,0.0,UR,0.7642045065086203,0,7,0,2,2,0.0,0.7777777777777778,0.0,0.2222222222222222,0.18181818181818182,UR,0.0,0.18181818181818182,0.0,0.0,2,midline,dr,ul,0,0,0,0,0
9,7,size9_comp0.0_grid7_base_medium,9,0.0,medium,base,base,5,8,13,7,3,1,1,1,1,0,-1,9,0.0,0.3333333333333333,0.3333333333333333,0.0,1,6,0,2,4,2,1,1,1,1,0,0,0.0,UR,0.5916727785823275,0,6,0,1,2,0.0,0.8571428571428571,0.0,0.14285714285714285,0.2222222222222222,UR,0.0,0.1111111111111111,0.0,0.0,1,midline,dr,ul,0,0,0,0,0
0,8,size9_comp0.0_grid8_base_medium,9,0.0,medium,base,base,7,3,10,4,3,1,1,1,1,0,-1,4,0.0,1.0,1.0,0.0,3,0,1,0,1,1,1,0,0,0,0,0,0.0,DL,-0.0,0,0,1,0,3,0.0,0.0,1.0,0.0,0.75,,0.0,0.0,0.0,0.0,0,midline,midline,ul,0,0,0,0,0
1,8,size9_comp0.0_grid8_base_medium,9,0.0,medium,base,base,7,3,10,4,3,1,1,1,1,0,-1,4,0.0,1.0,1.0,0.0,3,0,1,0,2,0,1,0,0,0,0,0,0.0,DL,-0.0,0,0,3,0,1,0.0,0.0,1.0,0.0,0.25,,0.0,0.0,0.0,0.0,0,midline,midline,ul,0,0,0,0,0
2,8,size9_comp0.0_grid8_base_medium,9,0.0,medium,base,base,7,3,10,4,3,1,1,1,1,0,-1,4,0.0,1.0,1.0,0.0,3,0,1,0,2,1,0,0,0,0,0,0,0.0,UL,0.0,0,0,0,0,4,0.0,0.0,0.0,0.0,1.0,,0.0,0.0,0.0,0.0,0,midline,midline,ul,0,1,0,0,0
3,8,size9_comp0.0_grid8_base_medium,9,0.0,medium,base,base,7,3,10,4,3,1,1,1,1,0,-1,6,0.0,0.8333333333333334,0.8333333333333334,0.0,3,0,2,1,1,2,2,0,0,0,0,0,0.0,DL,-0.0,0,0,4,0,2,0.0,0.0,1.0,0.0,0.3333333333333333,DL,0.0,0.0,0.16666666666666666,0.0,1,midline,midline,ul,0,0,0,0,0
4,8,size9_comp0.0_grid8_base_medium,9,0.0,medium,base,base,7,3,10,4,3,1,1,1,1,0,-1,4,0.0,1.0,1.0,0.0,3,0,1,0,2,1,0,0,0,0,0,0,0.0,UL,0.0,0,0,0,0,4,0.0,0.0,0.0,0.0,1.0,,0.0,0.0,0.0,0.0,0,midline,midline,ul,0,1,0,0,0
5,8,size9_comp0.0_grid8_base_medium,9,0.0,medium,base,base,7,3,10,4,3,1,1,1,1,0,-1,6,0.0,0.8333333333333334,0.8333333333333334,0.0,4,1,1,0,3,2,0,0,0,0,0,0,0.0,UL,-0.0,1,0,0,0,5,1.0,0.0,0.0,0.0,0.8333333333333334,,0.0,0.0,0.0,0.0,0,midline,midline,ul,0,1,0,0,0
6,8,size9_comp0.0_grid8_base_medium,9,0.0,medium,base,base,7,3,10,4,3,1,1,1,1,0,-1,4,0.0,1.0,1.0,0.0,3,0,1,0,2,1,0,0,0,0,0,0,0.0,UL,0.0,0,0,0,0,4,0.0,0.0,0.0,0.0,1.0,,0.0,0.0,0.0,0.0,0,midline,midline,ul,0,1,0,0,0
7,8,size9_comp0.0_grid8_base_medium,9,0.0,medium,base,base,7,3,10,4,3,1,1,1,1,0,-1,4,0.0,1.0,1.0,0.0,3,0,1,0,2,1,0,0,0,0,0,0,0.0,UL,0.0,0,0,0,0,4,0.0,0.0,0.0,0.0,1.0,,0.0,0.0,0.0,0.0,0,midline,midline,ul,0,1,0,0,0
8,8,size9_comp0.0_grid8_base_medium,9,0.0,medium,base,base,7,3,10,4,3,1,1,1,1,0,-1,6,0.0,0.8333333333333334,0.8333333333333334,0.0,4,1,1,0,3,0,1,1,1,1,0,0,0.0,UL,0.0,0,0,0,0,6,0.0,0.0,0.0,0.0,1.0,,0.0,0.0,0.0,0.0,0,midline,midline,ul,0,1,0,0,0
9,8,size9_comp0.0_grid8_base_medium,9,0.0,medium,base,base,7,3,10,4,3,1,1,1,1,0,-1,4,0.0,1.0,1.0,0.0,3,0,1,0,2,1,0,0,0,0,0,0,0.0,UL,0.0,0,0,0,0,4,0.0,0.0,0.0,0.0,1.0,,0.0,0.0,0.0,0.0,0,midline,midline,ul,0,1,0,0,0
0,9,size9_comp0.0_grid9_base_medium,9,0.0,medium,base,base,4,9,13,7,3,1,1,1,1,0,-1,7,0.0,0.14285714285714285,0.14285714285714285,0.0,0,6,0,1,4,1,1,0,0,0,0,0,0.0,UL,0.9182958340544896,4,0,2,0,1,0.6666666666666666,0.0,0.3333333333333333,0.0,0.14285714285714285,UL,0.42857142857142855,0.0,0.14285714285714285,0.0,3,ul,dl,ur,1,0,0,0,0
1,9,size9_comp0.0_grid9_base_medium,9,0.0,medium,base,base,4,9,13,7,3,1,1,1,1,0,-1,7,0.0,0.14285714285714285,0.14285714285714285,0.0,0,6,0,1,4,1,1,0,0,0,0,0,0.0,UL,0.9182958340544896,4,0,2,0,1,0.6666666666666666,0.0,0.3333333333333333,0.0,0.14285714285714285,UL,0.42857142857142855,0.0,0.14285714285714285,0.0,3,ul,dl,ur,1,0,0,0,0
2,9,size9_comp0.0_grid9_base_medium,9,0.0,medium,base,base,4,9,13,7,3,1,1,1,1,0,-1,7,0.0,0.14285714285714285,0.14285714285714285,0.0,0,6,0,1,5,1,0,0,0,0,0,0,0.0,UL,1.0,3,0,3,0,1,0.5,0.0,0.5,0.0,0.14285714285714285,UL,0.2857142857142857,0.0,0.2857142857142857,0.0,2,ul,dl,ur,1,0,0,0,0
3,9,size9_comp0.0_grid9_base_medium,9,0.0,medium,base,base,4,9,13,7,3,1,1,1,1,0,-1,7,0.0,0.14285714285714285,0.14285714285714285,0.0,0,6,0,1,4,1,1,0,0,0,0,0,0.0,UL,0.9709505944546686,3,0,2,0,2,0.6,0.0,0.4,0.0,0.2857142857142857,UL,0.2857142857142857,0.0,0.14285714285714285,0.0,2,ul,dl,ur,1,0,0,0,0
4,9,size9_comp0.0_grid9_base_medium,9,0.0,medium,base,base,4,9,13,7,3,1,1,1,1,0,-1,7,0.0,0.14285714285714285,0.14285714285714285,0.0,0,6,0,1,5,0,1,0,0,0,0,0,0.0,UL,0.9182958340544896,4,0,2,0,1,0.6666666666666666,0.0,0.3333333333333333,0.0,0.14285714285714285,UL,0.42857142857142855,0.0,0.14285714285714285,0.0,3,ul,dl,ur,1,0,0,0,0
5,9,size9_comp0.0_grid9_base_medium,9,0.0,medium,base,base,4,9,13,7,3,1,1,1,1,0,-1,7,0.0,0.14285714285714285,0.14285714285714285,0.0,0,6,0,1,4,1,1,0,0,0,0,0,0.0,UL,0.9182958340544896,4,0,2,0,1,0.6666666666666666,0.0,0.3333333333333333,0.0,0.14285714285714285,UL,0.2857142857142857,0.0,0.14285714285714285,0.0,2,ul,dl,ur,1,0,0,0,0
6,9,size9_comp0.0_grid9_base_medium,9,0.0,medium,base,base,4,9,13,7,3,1,1,1,1,0,-1,7,0.0,0.14285714285714285,0.14285714285714285,0.0,0,6,0,1,4,1,1,0,0,0,0,0,0.0,UL,0.9182958340544896,4,0,2,0,1,0.6666666666666666,0.0,0.3333333333333333,0.0,0.14285714285714285,UL,0.2857142857142857,0.0,0.14285714285714285,0.0,2,ul,dl,ur,1,0,0,0,0
7,9,size9_comp0.0_grid9_base_medium,9,0.0,medium,base,base,4,9,13,7,3,1,1,1,1,0,-1,7,0.0,0.14285714285714285,0.14285714285714285,0.0,0,6,0,1,4,1,1,0,0,0,0,0,0.0,UL,0.9182958340544896,4,0,2,0,1,0.6666666666666666,0.0,0.3333333333333333,0.0,0.14285714285714285,UL,0.2857142857142857,0.0,0.14285714285714285,0.0,2,ul,dl,ur,1,0,0,0,0
8,9,size9_comp0.0_grid9_base_medium,9,0.0,medium,base,base,4,9,13,7,3,1,1,1,1,0,-1,7,0.0,0.14285714285714285,0.14285714285714285,0.0,0,6,0,1,5,0,1,0,0,0,0,0,0.0,UL,0.9182958340544896,4,0,2,0,1,0.6666666666666666,0.0,0.3333333333333333,0.0,0.14285714285714285,UL,0.42857142857142855,0.0,0.14285714285714285,0.0,3,ul,dl,ur,1,0,0,0,0
9,9,size9_comp0.0_grid9_base_medium,9,0.0,medium,base,base,4,9,13,7,3,1,1,1,1,0,-1,9,0.0,0.2222222222222222,0.2222222222222222,0.0,0,6,1,2,4,2,1,1,1,1,0,0,0.0,UL,1.0,4,0,4,0,1,0.5,0.0,0.5,0.0,0.1111111111111111,UL,0.3333333333333333,0.0,0.1111111111111111,0.0,3,ul,dl,ur,1,0,0,0,0
0,0,size9_comp0.2_grid0_base_medium,9,0.2,medium,base,base,7,6,13,3,6,1,1,1,1,0,-1,7,0.0,0.5714285714285714,0.5714285714285714,0.0,2,3,0,2,1,4,0,1,1,1,0,0,0.0,DL,-0.0,0,0,6,0,1,0.0,0.0,1.0,0.0,0.14285714285714285,DL,0.0,0.0,0.42857142857142855,0.0,2,midline,dl,ur,0,0,0,0,0
1,0,size9_comp0.2_grid0_base_medium,9,0.2,medium,base,base,7,6,13,3,6,1,1,1,1,0,-1,3,0.0,0.6666666666666666,0.6666666666666666,0.0,0,1,0,2,1,1,0,0,0,0,0,0,0.0,DL,-0.0,0,0,2,0,1,0.0,0.0,1.0,0.0,0.3333333333333333,,0.0,0.0,0.0,0.0,0,midline,dl,ur,0,0,0,0,0
2,0,size9_comp0.2_grid0_base_medium,9,0.2,medium,base,base,7,6,13,3,6,1,1,1,1,0,-1,3,0.0,0.6666666666666666,0.6666666666666666,0.0,0,1,0,2,1,1,0,0,0,0,0,0,0.0,DL,-0.0,0,0,2,0,1,0.0,0.0,1.0,0.0,0.3333333333333333,,0.0,0.0,0.0,0.0,0,midline,dl,ur,0,0,0,0,0
3,0,size9_comp0.2_grid0_base_medium,9,0.2,medium,base,base,7,6,13,3,6,1,1,1,1,0,-1,3,0.0,0.6666666666666666,0.6666666666666666,0.0,0,1,0,2,1,1,0,0,0,0,0,0,0.0,DL,-0.0,0,0,2,0,1,0.0,0.0,1.0,0.0,0.3333333333333333,,0.0,0.0,0.0,0.0,0,midline,dl,ur,0,0,0,0,0
4,0,size9_comp0.2_grid0_base_medium,9,0.2,medium,base,base,7,6,13,3,6,1,1,1,1,0,-1,3,0.0,0.6666666666666666,0.6666666666666666,0.0,0,1,0,2,1,1,0,0,0,0,0,0,0.0,DL,-0.0,0,0,2,0,1,0.0,0.0,1.0,0.0,0.3333333333333333,,0.0,0.0,0.0,0.0,0,midline,dl,ur,0,0,0,0,0
5,0,size9_comp0.2_grid0_base_medium,9,0.2,medium,base,base,7,6,13,3,6,1,1,1,1,0,-1,6,0.0,0.5,0.5,0.0,1,2,1,2,2,0,3,0,2,0,0,1,0.16666666666666666,DL,-0.0,0,0,5,0,1,0.0,0.0,1.0,0.0,0.16666666666666666,DL,0.0,0.0,0.3333333333333333,0.0,2,midline,dl,ur,0,0,0,0,0
6,0,size9_comp0.2_grid0_base_medium,9,0.2,medium,base,base,7,6,13,3,6,1,1,1,1,0,-1,3,0.0,0.6666666666666666,0.6666666666666666,0.0,0,1,0,2,1,1,0,0,0,0,0,0,0.0,DL,-0.0,0,0,2,0,1,0.0,0.0,1.0,0.0,0.3333333333333333,,0.0,0.0,0.0,0.0,0,midline,dl,ur,0,0,0,0,0
7,0,size9_comp0.2_grid0_base_medium,9,0.2,medium,base,base,7,6,13,3,6,1,1,1,1,0,-1,5,0.0,0.6,0.6,0.0,1,2,0,2,1,1,0,2,2,2,0,0,0.0,DL,-0.0,0,0,3,0,2,0.0,0.0,1.0,0.0,0.4,,0.0,0.0,0.0,0.0,0,midline,dl,ur,0,0,0,0,0
8,0,size9_comp0.2_grid0_base_medium,9,0.2,medium,base,base,7,6,13,3,6,1,1,1,1,0,-1,5,0.0,0.6,0.6,0.0,1,2,0,2,2,1,0,1,1,1,0,0,0.0,DL,0.9182958340544896,1,0,2,0,2,0.3333333333333333,0.0,0.6666666666666666,0.0,0.4,,0.0,0.0,0.0,0.0,0,midline,dl,ur,0,0,0,0,0
9,0,size9_comp0.2_grid0_base_medium,9,0.2,medium,base,base,7,6,13,3,6,1,1,1,1,0,-1,3,0.0,0.6666666666666666,0.6666666666666666,0.0,0,1,0,2,1,1,0,0,0,0,0,0,0.0,DL,-0.0,0,0,2,0,1,0.0,0.0,1.0,0.0,0.3333333333333333,,0.0,0.0,0.0,0.0,0,midline,dl,ur,0,0,0,0,0
0,1,size9_comp0.2_grid1_base_medium,9,0.2,medium,base,base,5,3,8,4,2,1,1,1,1,0,-1,6,0.0,0.6666666666666666,0.6666666666666666,0.0,3,1,2,0,2,2,1,0,0,0,0,0,0.0,UL,-0.0,2,0,0,0,4,1.0,0.0,0.0,0.0,0.6666666666666666,,0.0,0.0,0.0,0.0,0,midline,ul,ul,0,1,0,0,0
1,1,size9_comp0.2_grid1_base_medium,9,0.2,medium,base,base,5,3,8,4,2,1,1,1,1,0,-1,4,0.0,0.75,0.75,0.0,2,0,2,0,2,1,0,0,0,0,0,0,0.0,UL,-0.0,1,0,0,0,3,1.0,0.0,0.0,0.0,0.75,,0.0,0.0,0.0,0.0,0,midline,ul,ul,0,1,0,0,0
2,1,size9_comp0.2_grid1_base_medium,9,0.2,medium,base,base,5,3,8,4,2,1,1,1,1,1,10,14,0.5714285714285714,0.7857142857142857,0.7272727272727273,1.0,5,3,4,2,1,5,3,4,7,4,1,0,0.0,UL,-0.0,11,0,0,0,3,1.0,0.0,0.0,0.0,0.21428571428571427,UL,0.21428571428571427,0.0,0.0,0.0,1,midline,ul,ul,0,1,0,0,0
3,1,size9_comp0.2_grid1_base_medium,9,0.2,medium,base,base,5,3,8,4,2,1,1,1,1,0,-1,4,0.0,0.75,0.75,0.0,2,0,2,0,2,1,0,0,0,0,0,0,0.0,UL,-0.0,1,0,0,0,3,1.0,0.0,0.0,0.0,0.75,,0.0,0.0,0.0,0.0,0,midline,ul,ul,0,1,0,0,0
4,1,size9_comp0.2_grid1_base_medium,9,0.2,medium,base,base,5,3,8,4,2,1,1,1,1,0,-1,4,0.0,0.75,0.75,0.0,2,0,2,0,2,1,0,0,0,0,0,0,0.0,UL,-0.0,1,0,0,0,3,1.0,0.0,0.0,0.0,0.75,,0.0,0.0,0.0,0.0,0,midline,ul,ul,0,1,0,0,0
5,1,size9_comp0.2_grid1_base_medium,9,0.2,medium,base,base,5,3,8,4,2,1,1,1,1,0,-1,4,0.0,0.75,0.75,0.0,2,0,2,0,1,1,1,0,0,0,0,0,0.0,UL,1.0,1,0,1,0,2,0.5,0.0,0.5,0.0,0.5,,0.0,0.0,0.0,0.0,0,midline,ul,ul,0,1,0,0,0
6,1,size9_comp0.2_grid1_base_medium,9,0.2,medium,base,base,5,3,8,4,2,1,1,1,1,0,-1,6,0.0,0.6666666666666666,0.6666666666666666,0.0,3,1,2,0,3,2,0,0,0,0,0,0,0.0,UL,-0.0,2,0,0,0,4,1.0,0.0,0.0,0.0,0.6666666666666666,UL,0.16666666666666666,0.0,0.0,0.0,1,midline,ul,ul,0,1,0,0,0
7,1,size9_comp0.2_grid1_base_medium,9,0.2,medium,base,base,5,3,8,4,2,1,1,1,1,0,-1,4,0.0,0.75,0.75,0.0,2,0,2,0,2,1,0,0,0,0,0,0,0.0,UL,-0.0,1,0,0,0,3,1.0,0.0,0.0,0.0,0.75,,0.0,0.0,0.0,0.0,0,midline,ul,ul,0,1,0,0,0
8,1,size9_comp0.2_grid1_base_medium,9,0.2,medium,base,base,5,3,8,4,2,1,1,1,1,0,-1,6,0.0,0.6666666666666666,0.6666666666666666,0.0,3,1,2,0,1,3,1,0,0,0,0,0,0.0,UL,-0.0,3,0,0,0,3,1.0,0.0,0.0,0.0,0.5,UL,0.16666666666666666,0.0,0.0,0.0,1,midline,ul,ul,0,1,0,0,0
9,1,size9_comp0.2_grid1_base_medium,9,0.2,medium,base,base,5,3,8,4,2,1,1,1,1,0,-1,4,0.0,0.75,0.75,0.0,2,0,2,0,2,1,0,0,0,0,0,0,0.0,UL,-0.0,1,0,0,0,3,1.0,0.0,0.0,0.0,0.75,,0.0,0.0,0.0,0.0,0,midline,ul,ul,0,1,0,0,0
0,2,size9_comp0.2_grid2_base_medium,9,0.2,medium,base,base,7,3,10,4,3,1,1,1,1,0,-1,6,0.0,0.8333333333333334,0.8333333333333334,0.0,3,1,0,2,2,0,1,2,2,2,0,0,0.0,DR,-0.0,0,0,0,4,2,0.0,0.0,0.0,1.0,0.3333333333333333,,0.0,0.0,0.0,0.0,0,dr,midline,ur,1,0,0,0,0
1,2,size9_comp0.2_grid2_base_medium,9,0.2,medium,base,base,7,3,10,4,3,1,1,1,1,0,-1,4,0.0,1.0,1.0,0.0,2,0,0,2,1,1,1,0,0,0,0,0,0.0,DR,-0.0,0,0,0,3,1,0.0,0.0,0.0,1.0,0.25,DR,0.0,0.0,0.0,0.25,1,dr,midline,ur,1,0,0,0,0
2,2,size9_comp0.2_grid2_base_medium,9,0.2,medium,base,base,7,3,10,4,3,1,1,1,1,0,-1,8,0.0,0.75,0.75,0.0,4,2,0,2,3,2,0,2,2,2,0,0,0.0,DR,-0.0,0,0,0,8,0,0.0,0.0,0.0,1.0,0.0,DR,0.0,0.0,0.0,0.375,3,dr,midline,ur,1,0,0,0,0
3,2,size9_comp0.2_grid2_base_medium,9,0.2,medium,base,base,7,3,10,4,3,1,1,1,1,0,-1,6,0.0,0.8333333333333334,0.8333333333333334,0.0,2,0,1,3,2,0,2,1,1,1,0,0,0.0,DR,-0.0,0,0,0,5,1,0.0,0.0,0.0,1.0,0.16666666666666666,DR,0.0,0.0,0.0,0.5,3,dr,midline,ur,1,0,0,0,0
4,2,size9_comp0.2_grid2_base_medium,9,0.2,medium,base,base,7,3,10,4,3,1,1,1,1,0,-1,4,0.0,1.0,1.0,0.0,2,0,0,2,2,0,1,0,0,0,0,0,0.0,DR,-0.0,0,0,0,2,2,0.0,0.0,0.0,1.0,0.5,,0.0,0.0,0.0,0.0,0,dr,midline,ur,1,0,0,0,0
5,2,size9_comp0.2_grid2_base_medium,9,0.2,medium,base,base,7,3,10,4,3,1,1,1,1,0,-1,4,0.0,1.0,1.0,0.0,2,0,0,2,1,1,1,0,0,0,0,0,0.0,DR,-0.0,0,0,0,3,1,0.0,0.0,0.0,1.0,0.25,DR,0.0,0.0,0.0,0.25,1,dr,midline,ur,1,0,0,0,0
6,2,size9_comp0.2_grid2_base_medium,9,0.2,medium,base,base,7,3,10,4,3,1,1,1,1,0,-1,4,0.0,1.0,1.0,0.0,2,0,0,2,1,1,1,0,0,0,0,0,0.0,DR,-0.0,0,0,0,4,0,0.0,0.0,0.0,1.0,0.0,,0.0,0.0,0.0,0.0,0,dr,midline,ur,1,0,0,0,0
7,2,size9_comp0.2_grid2_base_medium,9,0.2,medium,base,base,7,3,10,4,3,1,1,1,1,0,-1,4,0.0,1.0,1.0,0.0,2,0,0,2,2,1,0,0,0,0,0,0,0.0,DR,-0.0,0,0,0,4,0,0.0,0.0,0.0,1.0,0.0,DR,0.0,0.0,0.0,0.5,2,dr,midline,ur,1,0,0,0,0
8,2,size9_comp0.2_grid2_base_medium,9,0.2,medium,base,base,7,3,10,4,3,1,1,1,1,0,-1,4,0.0,1.0,1.0,0.0,2,0,0,2,0,1,2,0,0,0,0,0,0.0,DR,-0.0,0,0,0,3,1,0.0,0.0,0.0,1.0,0.25,,0.0,0.0,0.0,0.0,0,dr,midline,ur,1,0,0,0,0
9,2,size9_comp0.2_grid2_base_medium,9,0.2,medium,base,base,7,3,10,4,3,1,1,1,1,0,-1,8,0.0,0.75,0.75,0.0,4,2,0,2,1,0,3,3,3,3,0,0,0.0,DR,-0.0,0,0,0,6,2,0.0,0.0,0.0,1.0,0.25,DR,0.0,0.0,0.0,0.125,1,dr,midline,ur,1,0,0,0,0
0,3,size9_comp0.2_grid3_base_medium,9,0.2,medium,base,base,5,5,10,6,2,1,1,1,1,0,-1,8,0.0,0.5,0.5,0.0,3,0,4,1,2,2,3,0,0,0,0,0,0.0,UL,0.9182958340544896,4,2,0,0,2,0.6666666666666666,0.3333333333333333,0.0,0.0,0.25,UL,0.25,0.0,0.0,0.0,2,midline,ul,dl,0,0,0,0,0
1,3,size9_comp0.2_grid3_base_medium,9,0.2,medium,base,base,5,5,10,6,2,1,1,1,1,0,-1,6,0.0,0.5,0.5,0.0,3,0,3,0,4,1,0,0,0,0,0,0,0.0,UR,-0.0,0,4,0,0,2,0.0,1.0,0.0,0.0,0.3333333333333333,UR,0.0,0.3333333333333333,0.0,0.0,2,midline,ul,dl,0,0,0,0,0
2,3,size9_comp0.2_grid3_base_medium,9,0.2,medium,base,base,5,5,10,6,2,1,1,1,1,0,-1,6,0.0,0.5,0.5,0.0,3,0,3,0,2,1,2,0,0,0,0,0,0.0,UL,-0.0,1,0,0,0,5,1.0,0.0,0.0,0.0,0.8333333333333334,,0.0,0.0,0.0,0.0,0,midline,ul,dl,0,0,0,0,0
3,3,size9_comp0.2_grid3_base_medium,9,0.2,medium,base,base,5,5,10,6,2,1,1,1,1,0,-1,8,0.0,0.375,0.375,0.0,5,0,3,0,4,2,1,0,2,0,0,2,0.25,UR,-0.0,0,6,0,0,2,0.0,1.0,0.0,0.0,0.25,UR,0.0,0.375,0.0,0.0,3,midline,ul,dl,0,0,0,0,0
4,3,size9_comp0.2_grid3_base_medium,9,0.2,medium,base,base,5,5,10,6,2,1,1,1,1,0,-1,6,0.0,0.5,0.5,0.0,3,0,3,0,2,2,1,0,0,0,0,0,0.0,UR,-0.0,0,4,0,0,2,0.0,1.0,0.0,0.0,0.3333333333333333,UR,0.0,0.16666666666666666,0.0,0.0,1,midline,ul,dl,0,0,0,0,0
5,3,size9_comp0.2_grid3_base_medium,9,0.2,medium,base,base,5,5,10,6,2,1,1,1,1,0,-1,7,0.0,0.42857142857142855,0.42857142857142855,0.0,4,0,3,0,3,2,1,0,1,0,0,1,0.14285714285714285,UR,-0.0,0,5,0,0,2,0.0,1.0,0.0,0.0,0.2857142857142857,,0.0,0.0,0.0,0.0,0,midline,ul,dl,0,0,0,0,0
6,3,size9_comp0.2_grid3_base_medium,9,0.2,medium,base,base,5,5,10,6,2,1,1,1,1,0,-1,10,0.0,0.3,0.3,0.0,7,0,3,0,8,1,0,0,4,0,0,4,0.4,UR,-0.0,0,8,0,0,2,0.0,1.0,0.0,0.0,0.2,UR,0.0,0.6,0.0,0.0,6,midline,ul,dl,0,0,0,0,0
7,3,size9_comp0.2_grid3_base_medium,9,0.2,medium,base,base,5,5,10,6,2,1,1,1,1,0,-1,8,0.0,0.5,0.5,0.0,3,0,4,1,0,3,2,2,2,2,0,0,0.0,UR,-0.0,0,4,0,0,4,0.0,1.0,0.0,0.0,0.5,,0.0,0.0,0.0,0.0,0,midline,ul,dl,0,0,0,0,0
8,3,size9_comp0.2_grid3_base_medium,9,0.2,medium,base,base,5,5,10,6,2,1,1,1,1,0,-1,6,0.0,0.5,0.5,0.0,3,0,3,0,1,2,2,0,0,0,0,0,0.0,UR,0.8112781244591328,1,3,0,0,2,0.25,0.75,0.0,0.0,0.3333333333333333,,0.0,0.0,0.0,0.0,0,midline,ul,dl,0,0,0,0,0
9,3,size9_comp0.2_grid3_base_medium,9,0.2,medium,base,base,5,5,10,6,2,1,1,1,1,0,-1,6,0.0,0.5,0.5,0.0,3,0,3,0,0,2,3,0,0,0,0,0,0.0,UL,1.0,1,1,0,0,4,0.5,0.5,0.0,0.0,0.6666666666666666,,0.0,0.0,0.0,0.0,0,midline,ul,dl,0,0,0,0,0
0,4,size9_comp0.2_grid4_base_medium,9,0.2,medium,base,base,6,8,14,6,4,1,1,1,1,0,-1,6,0.0,0.3333333333333333,0.3333333333333333,0.0,4,0,1,1,3,0,2,0,0,0,0,0,0.0,DL,0.7219280948873623,1,0,4,0,1,0.2,0.0,0.8,0.0,0.16666666666666666,DL,0.0,0.0,0.3333333333333333,0.0,2,dl,ul,dr,1,0,0,0,0
1,4,size9_comp0.2_grid4_base_medium,9,0.2,medium,base,base,6,8,14,6,4,1,1,1,1,0,-1,6,0.0,0.3333333333333333,0.3333333333333333,0.0,4,0,1,1,2,1,2,0,0,0,0,0,0.0,DL,0.7219280948873623,1,0,4,0,1,0.2,0.0,0.8,0.0,0.16666666666666666,DL,0.0,0.0,0.16666666666666666,0.0,1,dl,ul,dr,1,0,0,0,0
2,4,size9_comp0.2_grid4_base_medium,9,0.2,medium,base,base,6,8,14,6,4,1,1,1,1,0,-1,10,0.0,0.4,0.4,0.0,6,2,1,1,3,2,1,3,3,3,0,0,0.0,DL,0.8112781244591328,2,0,6,0,2,0.25,0.0,0.75,0.0,0.2,DL,0.0,0.0,0.1,0.0,1,dl,ul,dr,1,0,0,0,0
3,4,size9_comp0.2_grid4_base_medium,9,0.2,medium,base,base,6,8,14,6,4,1,1,1,1,0,-1,6,0.0,0.3333333333333333,0.3333333333333333,0.0,4,0,1,1,2,1,2,0,0,0,0,0,0.0,DL,0.7219280948873623,1,0,4,0,1,0.2,0.0,0.8,0.0,0.16666666666666666,DL,0.0,0.0,0.16666666666666666,0.0,1,dl,ul,dr,1,0,0,0,0
4,4,size9_comp0.2_grid4_base_medium,9,0.2,medium,base,base,6,8,14,6,4,1,1,1,1,0,-1,12,0.0,0.4166666666666667,0.4166666666666667,0.0,6,2,2,2,4,2,2,3,3,3,0,0,0.0,DL,0.8812908992306927,3,0,7,0,2,0.3,0.0,0.7,0.0,0.16666666666666666,DL,0.0,0.0,0.25,0.0,2,dl,ul,dr,1,0,0,0,0
5,4,size9_comp0.2_grid4_base_medium,9,0.2,medium,base,base,6,8,14,6,4,1,1,1,1,0,-1,13,0.0,0.38461538461538464,0.38461538461538464,0.0,6,2,3,2,2,3,5,2,5,2,0,1,0.07692307692307693,DL,0.5032583347756457,1,0,8,0,4,0.1111111111111111,0.0,0.8888888888888888,0.0,0.3076923076923077,DL,0.0,0.0,0.23076923076923078,0.0,2,dl,ul,dr,1,0,0,0,0
6,4,size9_comp0.2_grid4_base_medium,9,0.2,medium,base,base,6,8,14,6,4,1,1,1,1,0,-1,12,0.0,0.4166666666666667,0.4166666666666667,0.0,5,1,3,3,0,2,7,2,3,2,0,0,0.0,DL,0.9182958340544896,3,0,6,0,3,0.3333333333333333,0.0,0.6666666666666666,0.0,0.25,DL,0.0,0.0,0.08333333333333333,0.0,1,dl,ul,dr,1,0,0,0,0
7,4,size9_comp0.2_grid4_base_medium,9,0.2,medium,base,base,6,8,14,6,4,1,1,1,1,0,-1,6,0.0,0.3333333333333333,0.3333333333333333,0.0,4,0,1,1,2,1,2,0,0,0,0,0,0.0,DL,0.7219280948873623,1,0,4,0,1,0.2,0.0,0.8,0.0,0.16666666666666666,,0.0,0.0,0.0,0.0,0,dl,ul,dr,1,0,0,0,0
8,4,size9_comp0.2_grid4_base_medium,9,0.2,medium,base,base,6,8,14,6,4,1,1,1,1,0,-1,7,0.0,0.2857142857142857,0.2857142857142857,0.0,4,1,1,1,3,1,1,1,1,0,0,1,0.14285714285714285,DL,0.6500224216483541,1,0,5,0,1,0.16666666666666666,0.0,0.8333333333333334,0.0,0.14285714285714285,DL,0.0,0.0,0.42857142857142855,0.0,3,dl,ul,dr,1,0,0,0,0
9,4,size9_comp0.2_grid4_base_medium,9,0.2,medium,base,base,6,8,14,6,4,1,1,1,1,0,-1,6,0.0,0.3333333333333333,0.3333333333333333,0.0,4,0,1,1,3,0,2,0,0,0,0,0,0.0,DL,0.7219280948873623,1,0,4,0,1,0.2,0.0,0.8,0.0,0.16666666666666666,DL,0.0,0.0,0.3333333333333333,0.0,2,dl,ul,dr,1,0,0,0,0
0,5,size9_comp0.2_grid5_base_medium,9,0.2,medium,base,base,7,9,16,6,5,1,1,1,1,0,-1,6,0.0,0.3333333333333333,0.3333333333333333,0.0,4,0,2,0,2,2,1,0,0,0,0,0,0.0,DL,0.9709505944546686,2,0,3,0,1,0.4,0.0,0.6,0.0,0.16666666666666666,UL,0.16666666666666666,0.0,0.0,0.0,1,dl,ul,dr,1,0,0,0,0
1,5,size9_comp0.2_grid5_base_medium,9,0.2,medium,base,base,7,9,16,6,5,1,1,1,1,0,-1,6,0.0,0.3333333333333333,0.3333333333333333,0.0,4,0,2,0,2,2,1,0,0,0,0,0,0.0,DL,0.9709505944546686,2,0,3,0,1,0.4,0.0,0.6,0.0,0.16666666666666666,UL,0.16666666666666666,0.0,0.0,0.0,1,dl,ul,dr,1,0,0,0,0
2,5,size9_comp0.2_grid5_base_medium,9,0.2,medium,base,base,7,9,16,6,5,1,1,1,1,0,-1,6,0.0,0.3333333333333333,0.3333333333333333,0.0,4,0,2,0,2,2,1,0,0,0,0,0,0.0,UL,0.9709505944546686,3,0,2,0,1,0.6,0.0,0.4,0.0,0.16666666666666666,UL,0.16666666666666666,0.0,0.0,0.0,1,dl,ul,dr,0,0,0,0,0
3,5,size9_comp0.2_grid5_base_medium,9,0.2,medium,base,base,7,9,16,6,5,1,1,1,1,0,-1,8,0.0,0.375,0.375,0.0,5,1,2,0,5,2,0,0,0,0,0,0,0.0,UL,0.863120568566631,5,0,2,0,1,0.7142857142857143,0.0,0.2857142857142857,0.0,0.125,UL,0.25,0.0,0.0,0.0,2,dl,ul,dr,0,0,0,0,0
4,5,size9_comp0.2_grid5_base_medium,9,0.2,medium,base,base,7,9,16,6,5,1,1,1,1,0,-1,8,0.0,0.375,0.375,0.0,5,1,2,0,3,3,1,0,0,0,0,0,0.0,UL,0.863120568566631,5,0,2,0,1,0.7142857142857143,0.0,0.2857142857142857,0.0,0.125,UL,0.375,0.0,0.0,0.0,3,dl,ul,dr,0,0,0,0,0
5,5,size9_comp0.2_grid5_base_medium,9,0.2,medium,base,base,7,9,16,6,5,1,1,1,1,0,-1,8,0.0,0.375,0.375,0.0,5,1,2,0,5,0,1,1,1,1,0,0,0.0,UL,0.863120568566631,5,0,2,0,1,0.7142857142857143,0.0,0.2857142857142857,0.0,0.125,UL,0.125,0.0,0.0,0.0,1,dl,ul,dr,0,0,0,0,0
6,5,size9_comp0.2_grid5_base_medium,9,0.2,medium,base,base,7,9,16,6,5,1,1,1,1,0,-1,12,0.0,0.4166666666666667,0.4166666666666667,0.0,7,3,2,0,3,3,1,4,4,4,0,0,0.0,UL,0.6840384356390417,9,0,2,0,1,0.8181818181818182,0.0,0.18181818181818182,0.0,0.08333333333333333,UL,0.5833333333333334,0.0,0.0,0.0,7,dl,ul,dr,0,0,0,0,0
7,5,size9_comp0.2_grid5_base_medium,9,0.2,medium,base,base,7,9,16,6,5,1,1,1,1,0,-1,21,0.0,0.42857142857142855,0.42857142857142855,0.0,6,2,8,5,4,3,4,9,12,9,0,1,0.047619047619047616,UL,0.6098403047164004,17,0,3,0,1,0.85,0.0,0.15,0.0,0.047619047619047616,UL,0.5714285714285714,0.0,0.0,0.0,8,dl,ul,dr,0,0,0,0,0
8,5,size9_comp0.2_grid5_base_medium,9,0.2,medium,base,base,7,9,16,6,5,1,1,1,1,0,-1,8,0.0,0.375,0.375,0.0,5,1,2,0,5,2,0,0,0,0,0,0,0.0,UL,0.863120568566631,5,0,2,0,1,0.7142857142857143,0.0,0.2857142857142857,0.0,0.125,UL,0.25,0.0,0.0,0.0,2,dl,ul,dr,0,0,0,0,0
9,5,size9_comp0.2_grid5_base_medium,9,0.2,medium,base,base,7,9,16,6,5,1,1,1,1,0,-1,6,0.0,0.3333333333333333,0.3333333333333333,0.0,4,0,2,0,3,1,1,0,0,0,0,0,0.0,DL,0.9182958340544896,1,0,2,0,3,0.3333333333333333,0.0,0.6666666666666666,0.0,0.5,,0.0,0.0,0.0,0.0,0,dl,ul,dr,1,0,0,0,0
0,6,size9_comp0.2_grid6_base_medium,9,0.2,medium,base,base,5,9,14,4,5,1,1,1,1,0,-1,5,0.0,0.0,0.0,0.0,0,3,0,2,1,1,2,0,1,0,0,1,0.2,DR,-0.0,0,0,0,3,2,0.0,0.0,0.0,1.0,0.4,DR,0.0,0.0,0.0,0.2,1,midline,dr,ul,0,0,0,0,0
1,6,size9_comp0.2_grid6_base_medium,9,0.2,medium,base,base,5,9,14,4,5,1,1,1,1,0,-1,4,0.0,0.0,0.0,0.0,0,3,0,1,2,1,0,0,0,0,0,0,0.0,DR,-0.0,0,0,0,3,1,0.0,0.0,0.0,1.0,0.25,,0.0,0.0,0.0,0.0,0,midline,dr,ul,0,0,0,0,0
2,6,size9_comp0.2_grid6_base_medium,9,0.2,medium,base,base,5,9,14,4,5,1,1,1,1,0,-1,4,0.0,0.0,0.0,0.0,0,3,0,1,2,1,0,0,0,0,0,0,0.0,DR,-0.0,0,0,0,3,1,0.0,0.0,0.0,1.0,0.25,,0.0,0.0,0.0,0.0,0,midline,dr,ul,0,0,0,0,0
3,6,size9_comp0.2_grid6_base_medium,9,0.2,medium,base,base,5,9,14,4,5,1,1,1,1,0,-1,4,0.0,0.0,0.0,0.0,0,3,0,1,1,1,1,0,0,0,0,0,0.0,DR,-0.0,0,0,0,3,1,0.0,0.0,0.0,1.0,0.25,DR,0.0,0.0,0.0,0.25,1,midline,dr,ul,0,0,0,0,0
4,6,size9_comp0.2_grid6_base_medium,9,0.2,medium,base,base,5,9,14,4,5,1,1,1,1,0,-1,4,0.0,0.0,0.0,0.0,0,3,0,1,2,1,0,0,0,0,0,0,0.0,DR,-0.0,0,0,0,3,1,0.0,0.0,0.0,1.0,0.25,,0.0,0.0,0.0,0.0,0,midline,dr,ul,0,0,0,0,0
5,6,size9_comp0.2_grid6_base_medium,9,0.2,medium,base,base,5,9,14,4,5,1,1,1,1,0,-1,5,0.0,0.0,0.0,0.0,0,3,0,2,1,1,2,0,1,0,0,1,0.2,DR,-0.0,0,0,0,3,2,0.0,0.0,0.0,1.0,0.4,DR,0.0,0.0,0.0,0.2,1,midline,dr,ul,0,0,0,0,0
6,6,size9_comp0.2_grid6_base_medium,9,0.2,medium,base,base,5,9,14,4,5,1,1,1,1,0,-1,4,0.0,0.0,0.0,0.0,0,3,0,1,1,1,1,0,0,0,0,0,0.0,DR,-0.0,0,0,0,3,1,0.0,0.0,0.0,1.0,0.25,DR,0.0,0.0,0.0,0.25,1,midline,dr,ul,0,0,0,0,0
7,6,size9_comp0.2_grid6_base_medium,9,0.2,medium,base,base,5,9,14,4,5,1,1,1,1,0,-1,4,0.0,0.0,0.0,0.0,0,3,0,1,1,1,1,0,0,0,0,0,0.0,DR,-0.0,0,0,0,3,1,0.0,0.0,0.0,1.0,0.25,DR,0.0,0.0,0.0,0.25,1,midline,dr,ul,0,0,0,0,0
8,6,size9_comp0.2_grid6_base_medium,9,0.2,medium,base,base,5,9,14,4,5,1,1,1,1,0,-1,4,0.0,0.0,0.0,0.0,0,3,0,1,1,1,1,0,0,0,0,0,0.0,DR,-0.0,0,0,0,3,1,0.0,0.0,0.0,1.0,0.25,DR,0.0,0.0,0.0,0.25,1,midline,dr,ul,0,0,0,0,0
9,6,size9_comp0.2_grid6_base_medium,9,0.2,medium,base,base,5,9,14,4,5,1,1,1,1,0,-1,8,0.0,0.25,0.25,0.0,1,4,1,2,2,3,1,1,2,1,0,0,0.0,DR,-0.0,0,0,0,7,1,0.0,0.0,0.0,1.0,0.125,DR,0.0,0.0,0.0,0.5,2,midline,dr,ul,0,0,0,0,0
0,7,size9_comp0.2_grid7_base_medium,9,0.2,medium,base,base,3,7,10,10,0,1,1,1,1,0,-1,12,0.0,0.3333333333333333,0.3333333333333333,0.0,0,6,1,5,6,3,1,1,1,1,0,0,0.0,UL,0.9182958340544896,4,0,0,2,6,0.6666666666666666,0.0,0.0,0.3333333333333333,0.5,DR,0.0,0.0,0.0,0.08333333333333333,1,ul,dr,ur,1,0,0,0,0
1,7,size9_comp0.2_grid7_base_medium,9,0.2,medium,base,base,3,7,10,10,0,1,1,1,1,0,-1,13,0.0,0.3076923076923077,0.3076923076923077,0.0,0,6,1,6,2,5,5,0,1,0,0,1,0.07692307692307693,UL,1.0,5,0,0,5,3,0.5,0.0,0.0,0.5,0.23076923076923078,DR,0.07692307692307693,0.0,0.0,0.23076923076923078,3,ul,dr,ur,1,0,0,0,0
2,7,size9_comp0.2_grid7_base_medium,9,0.2,medium,base,base,3,7,10,10,0,1,1,1,1,0,-1,10,0.0,0.3,0.3,0.0,0,6,0,4,4,3,2,0,0,0,0,0,0.0,UL,1.4488156357251847,3,0,1,3,3,0.42857142857142855,0.0,0.14285714285714285,0.42857142857142855,0.3,DR,0.0,0.0,0.0,0.2,2,ul,dr,ur,1,0,0,0,0
3,7,size9_comp0.2_grid7_base_medium,9,0.2,medium,base,base,3,7,10,10,0,1,1,1,1,0,-1,17,0.0,0.35294117647058826,0.35294117647058826,0.0,1,8,2,6,4,4,4,4,5,4,0,1,0.058823529411764705,UL,1.5304930567574826,4,0,2,3,8,0.4444444444444444,0.0,0.2222222222222222,0.3333333333333333,0.47058823529411764,DR,0.0,0.0,0.0,0.11764705882352941,2,ul,dr,ur,1,0,0,0,0
4,7,size9_comp0.2_grid7_base_medium,9,0.2,medium,base,base,3,7,10,10,0,1,1,1,1,0,-1,14,0.0,0.21428571428571427,0.21428571428571427,0.0,0,6,0,8,8,2,3,0,4,0,0,4,0.2857142857142857,UR,1.360964047443681,1,5,0,4,4,0.1,0.5,0.0,0.4,0.2857142857142857,UR,0.0,0.21428571428571427,0.0,0.21428571428571427,3,ul,dr,ur,0,1,0,0,0
5,7,size9_comp0.2_grid7_base_medium,9,0.2,medium,base,base,3,7,10,10,0,1,1,1,1,0,-1,10,0.0,0.3,0.3,0.0,0,6,0,4,6,2,1,0,0,0,0,0,0.0,DR,1.4056390622295665,3,0,1,4,2,0.375,0.0,0.125,0.5,0.2,DR,0.0,0.0,0.0,0.2,2,ul,dr,ur,0,0,0,0,0
6,7,size9_comp0.2_grid7_base_medium,9,0.2,medium,base,base,3,7,10,10,0,1,1,1,1,0,-1,11,0.0,0.2727272727272727,0.2727272727272727,0.0,0,6,0,5,4,3,3,0,1,0,0,1,0.09090909090909091,UL,1.3921472236645345,4,0,1,4,2,0.4444444444444444,0.0,0.1111111111111111,0.4444444444444444,0.18181818181818182,DR,0.0,0.0,0.0,0.18181818181818182,2,ul,dr,ur,1,0,0,0,0
7,7,size9_comp0.2_grid7_base_medium,9,0.2,medium,base,base,3,7,10,10,0,1,1,1,1,0,-1,13,0.0,0.3076923076923077,0.3076923076923077,0.0,1,6,1,5,8,2,1,1,3,1,0,1,0.07692307692307693,UR,1.1567796494470395,1,7,0,2,3,0.1,0.7,0.0,0.2,0.23076923076923078,UR,0.0,0.23076923076923078,0.0,0.07692307692307693,3,ul,dr,ur,0,1,0,0,0
8,7,size9_comp0.2_grid7_base_medium,9,0.2,medium,base,base,3,7,10,10,0,1,1,1,1,1,2,10,1.0,1.0,1.0,1.0,0,6,0,4,6,1,2,0,0,0,0,0,0.0,UR,1.2987949406953985,1,5,0,2,2,0.125,0.625,0.0,0.25,0.2,DR,0.0,0.0,0.0,0.1,1,ul,dr,ur,0,1,0,0,0
9,7,size9_comp0.2_grid7_base_medium,9,0.2,medium,base,base,3,7,10,10,0,1,1,1,1,0,-1,14,0.0,0.2857142857142857,0.2857142857142857,0.0,1,7,0,6,8,1,2,2,4,2,0,2,0.14285714285714285,UR,1.0957952550009336,1,8,0,2,3,0.09090909090909091,0.7272727272727273,0.0,0.18181818181818182,0.21428571428571427,UR,0.0,0.2857142857142857,0.0,0.07142857142857142,4,ul,dr,ur,0,1,0,0,0
0,8,size9_comp0.2_grid8_base_medium,9,0.2,medium,base,base,6,5,11,3,4,1,1,1,1,0,-1,9,0.0,0.5555555555555556,0.5555555555555556,0.0,2,3,1,3,1,2,1,4,4,4,0,0,0.0,DL,0.6500224216483541,1,0,5,0,3,0.16666666666666666,0.0,0.8333333333333334,0.0,0.3333333333333333,,0.0,0.0,0.0,0.0,0,ul,midline,midline,0,0,0,0,0
1,8,size9_comp0.2_grid8_base_medium,9,0.2,medium,base,base,6,5,11,3,4,1,1,1,1,0,-1,3,0.0,0.6666666666666666,0.6666666666666666,0.0,0,1,0,2,1,1,0,0,0,0,0,0,0.0,UL,-0.0,1,0,0,0,2,1.0,0.0,0.0,0.0,0.6666666666666666,,0.0,0.0,0.0,0.0,0,ul,midline,midline,1,0,0,0,0
2,8,size9_comp0.2_grid8_base_medium,9,0.2,medium,base,base,6,5,11,3,4,1,1,1,1,0,-1,3,0.0,0.6666666666666666,0.6666666666666666,0.0,0,1,0,2,0,1,1,0,0,0,0,0,0.0,UL,-0.0,2,0,0,0,1,1.0,0.0,0.0,0.0,0.3333333333333333,,0.0,0.0,0.0,0.0,0,ul,midline,midline,1,0,0,0,0
3,8,size9_comp0.2_grid8_base_medium,9,0.2,medium,base,base,6,5,11,3,4,1,1,1,1,0,-1,3,0.0,0.6666666666666666,0.6666666666666666,0.0,0,1,0,2,1,1,0,0,0,0,0,0,0.0,UL,-0.0,1,0,0,0,2,1.0,0.0,0.0,0.0,0.6666666666666666,,0.0,0.0,0.0,0.0,0,ul,midline,midline,1,0,0,0,0
4,8,size9_comp0.2_grid8_base_medium,9,0.2,medium,base,base,6,5,11,3,4,1,1,1,1,0,-1,6,0.0,0.5,0.5,0.0,1,1,1,3,2,1,1,1,1,0,0,1,0.16666666666666666,UL,1.0,2,2,0,0,2,0.5,0.5,0.0,0.0,0.3333333333333333,,0.0,0.0,0.0,0.0,0,ul,midline,midline,1,0,0,0,0
5,8,size9_comp0.2_grid8_base_medium,9,0.2,medium,base,base,6,5,11,3,4,1,1,1,1,0,-1,3,0.0,0.6666666666666666,0.6666666666666666,0.0,0,1,0,2,0,1,1,0,0,0,0,0,0.0,UL,-0.0,2,0,0,0,1,1.0,0.0,0.0,0.0,0.3333333333333333,,0.0,0.0,0.0,0.0,0,ul,midline,midline,1,0,0,0,0
6,8,size9_comp0.2_grid8_base_medium,9,0.2,medium,base,base,6,5,11,3,4,1,1,1,1,0,-1,3,0.0,0.6666666666666666,0.6666666666666666,0.0,0,1,0,2,0,1,1,0,0,0,0,0,0.0,UL,-0.0,2,0,0,0,1,1.0,0.0,0.0,0.0,0.3333333333333333,,0.0,0.0,0.0,0.0,0,ul,midline,midline,1,0,0,0,0
7,8,size9_comp0.2_grid8_base_medium,9,0.2,medium,base,base,6,5,11,3,4,1,1,1,1,0,-1,3,0.0,0.6666666666666666,0.6666666666666666,0.0,0,1,0,2,1,0,1,0,0,0,0,0,0.0,UL,-0.0,2,0,0,0,1,1.0,0.0,0.0,0.0,0.3333333333333333,,0.0,0.0,0.0,0.0,0,ul,midline,midline,1,0,0,0,0
8,8,size9_comp0.2_grid8_base_medium,9,0.2,medium,base,base,6,5,11,3,4,1,1,1,1,0,-1,5,0.0,0.6,0.6,0.0,1,2,0,2,2,1,0,1,1,1,0,0,0.0,UL,-0.0,2,0,0,0,3,1.0,0.0,0.0,0.0,0.6,,0.0,0.0,0.0,0.0,0,ul,midline,midline,1,0,0,0,0
9,8,size9_comp0.2_grid8_base_medium,9,0.2,medium,base,base,6,5,11,3,4,1,1,1,1,0,-1,3,0.0,0.6666666666666666,0.6666666666666666,0.0,0,1,0,2,1,0,1,0,0,0,0,0,0.0,UL,-0.0,2,0,0,0,1,1.0,0.0,0.0,0.0,0.3333333333333333,,0.0,0.0,0.0,0.0,0,ul,midline,midline,1,0,0,0,0
0,9,size9_comp0.2_grid9_base_medium,9,0.2,medium,base,base,5,6,11,3,4,1,1,1,1,0,-1,3,0.0,0.3333333333333333,0.3333333333333333,0.0,2,0,0,1,1,0,1,0,0,0,0,0,0.0,UL,1.0,1,0,1,0,1,0.5,0.0,0.5,0.0,0.3333333333333333,,0.0,0.0,0.0,0.0,0,dl,ul,dr,0,0,0,0,0
1,9,size9_comp0.2_grid9_base_medium,9,0.2,medium,base,base,5,6,11,3,4,1,1,1,1,0,-1,3,0.0,0.3333333333333333,0.3333333333333333,0.0,2,0,0,1,1,0,1,0,0,0,0,0,0.0,UL,1.0,1,0,1,0,1,0.5,0.0,0.5,0.0,0.3333333333333333,,0.0,0.0,0.0,0.0,0,dl,ul,dr,0,0,0,0,0
2,9,size9_comp0.2_grid9_base_medium,9,0.2,medium,base,base,5,6,11,3,4,1,1,1,1,0,-1,3,0.0,0.3333333333333333,0.3333333333333333,0.0,2,0,0,1,1,0,1,0,0,0,0,0,0.0,UL,1.0,1,0,1,0,1,0.5,0.0,0.5,0.0,0.3333333333333333,,0.0,0.0,0.0,0.0,0,dl,ul,dr,0,0,0,0,0
3,9,size9_comp0.2_grid9_base_medium,9,0.2,medium,base,base,5,6,11,3,4,1,1,1,1,0,-1,5,0.0,0.4,0.4,0.0,3,1,0,1,1,0,1,2,2,2,0,0,0.0,DL,0.9182958340544896,1,0,2,0,2,0.3333333333333333,0.0,0.6666666666666666,0.0,0.4,,0.0,0.0,0.0,0.0,0,dl,ul,dr,1,0,0,0,0
4,9,size9_comp0.2_grid9_base_medium,9,0.2,medium,base,base,5,6,11,3,4,1,1,1,1,0,-1,3,0.0,0.3333333333333333,0.3333333333333333,0.0,2,0,0,1,0,1,1,0,0,0,0,0,0.0,DL,-0.0,0,0,1,0,2,0.0,0.0,1.0,0.0,0.6666666666666666,,0.0,0.0,0.0,0.0,0,dl,ul,dr,1,0,0,0,0
5,9,size9_comp0.2_grid9_base_medium,9,0.2,medium,base,base,5,6,11,3,4,1,1,1,1,0,-1,3,0.0,0.3333333333333333,0.3333333333333333,0.0,2,0,0,1,1,0,1,0,0,0,0,0,0.0,UL,1.0,1,0,1,0,1,0.5,0.0,0.5,0.0,0.3333333333333333,,0.0,0.0,0.0,0.0,0,dl,ul,dr,0,0,0,0,0
6,9,size9_comp0.2_grid9_base_medium,9,0.2,medium,base,base,5,6,11,3,4,1,1,1,1,0,-1,5,0.0,0.4,0.4,0.0,2,0,1,2,2,0,2,0,0,0,0,0,0.0,UL,1.0,2,0,2,0,1,0.5,0.0,0.5,0.0,0.2,,0.0,0.0,0.0,0.0,0,dl,ul,dr,0,0,0,0,0
7,9,size9_comp0.2_grid9_base_medium,9,0.2,medium,base,base,5,6,11,3,4,1,1,1,1,0,-1,3,0.0,0.3333333333333333,0.3333333333333333,0.0,2,0,0,1,1,0,1,0,0,0,0,0,0.0,UL,1.0,1,0,1,0,1,0.5,0.0,0.5,0.0,0.3333333333333333,,0.0,0.0,0.0,0.0,0,dl,ul,dr,0,0,0,0,0
8,9,size9_comp0.2_grid9_base_medium,9,0.2,medium,base,base,5,6,11,3,4,1,1,1,1,0,-1,3,0.0,0.3333333333333333,0.3333333333333333,0.0,2,0,0,1,1,0,1,0,0,0,0,0,0.0,UL,1.0,1,0,1,0,1,0.5,0.0,0.5,0.0,0.3333333333333333,,0.0,0.0,0.0,0.0,0,dl,ul,dr,0,0,0,0,0
9,9,size9_comp0.2_grid9_base_medium,9,0.2,medium,base,base,5,6,11,3,4,1,1,1,1,0,-1,5,0.0,0.4,0.4,0.0,2,0,1,2,2,0,2,0,0,0,0,0,0.0,UL,1.0,2,0,2,0,1,0.5,0.0,0.5,0.0,0.2,,0.0,0.0,0.0,0.0,0,dl,ul,dr,0,0,0,0,0
0,0,size9_comp0.4_grid0_base_medium,9,0.4,medium,base,base,8,4,12,8,3,1,1,1,1,0,-1,11,0.0,0.6363636363636364,0.6363636363636364,0.0,1,4,5,1,2,5,2,1,2,1,0,1,0.09090909090909091,UL,0.9182958340544896,4,2,0,0,5,0.6666666666666666,0.3333333333333333,0.0,0.0,0.45454545454545453,UR,0.0,0.09090909090909091,0.0,0.0,1,ur,dl,midline,0,0,0,0,0
1,0,size9_comp0.4_grid0_base_medium,9,0.4,medium,base,base,8,4,12,8,3,1,1,1,1,0,-1,12,0.0,0.5833333333333334,0.5833333333333334,0.0,3,5,4,0,6,2,1,2,4,2,0,2,0.16666666666666666,UL,1.360964047443681,5,4,1,0,2,0.5,0.4,0.1,0.0,0.16666666666666666,UR,0.0,0.25,0.0,0.0,3,ur,dl,midline,0,0,0,0,0
2,0,size9_comp0.4_grid0_base_medium,9,0.4,medium,base,base,8,4,12,8,3,1,1,1,1,0,-1,14,0.0,0.6428571428571429,0.6428571428571429,0.0,2,6,5,1,4,3,2,4,5,4,0,0,0.0,UL,0.863120568566631,5,2,0,0,7,0.7142857142857143,0.2857142857142857,0.0,0.0,0.5,UR,0.0,0.07142857142857142,0.0,0.0,1,ur,dl,midline,0,0,0,0,0
3,0,size9_comp0.4_grid0_base_medium,9,0.4,medium,base,base,8,4,12,8,3,1,1,1,1,0,-1,14,0.0,0.6428571428571429,0.6428571428571429,0.0,2,6,5,1,4,2,1,6,6,6,0,0,0.0,UL,0.9709505944546686,6,4,0,0,4,0.6,0.4,0.0,0.0,0.2857142857142857,UR,0.0,0.14285714285714285,0.0,0.0,1,ur,dl,midline,0,0,0,0,0
4,0,size9_comp0.4_grid0_base_medium,9,0.4,medium,base,base,8,4,12,8,3,1,1,1,1,0,-1,9,0.0,0.6666666666666666,0.6666666666666666,0.0,1,4,4,0,2,4,2,0,1,0,0,1,0.1111111111111111,UR,0.9182958340544896,2,4,0,0,3,0.3333333333333333,0.6666666666666666,0.0,0.0,0.3333333333333333,UR,0.0,0.2222222222222222,0.0,0.0,2,ur,dl,midline,1,0,0,0,0
5,0,size9_comp0.4_grid0_base_medium,9,0.4,medium,base,base,8,4,12,8,3,1,1,1,1,0,-1,12,0.0,0.5833333333333334,0.5833333333333334,0.0,3,5,4,0,3,2,3,3,4,2,0,2,0.16666666666666666,UR,0.6500224216483541,0,5,1,0,6,0.0,0.8333333333333334,0.16666666666666666,0.0,0.5,UR,0.0,0.3333333333333333,0.0,0.0,4,ur,dl,midline,1,0,0,0,0
6,0,size9_comp0.4_grid0_base_medium,9,0.4,medium,base,base,8,4,12,8,3,1,1,1,1,0,-1,16,0.0,0.5625,0.5625,0.0,4,6,5,1,4,5,2,4,7,3,0,2,0.125,UR,0.9463729359854419,2,11,1,0,2,0.14285714285714285,0.7857142857142857,0.07142857142857142,0.0,0.125,UR,0.0,0.5,0.0,0.0,4,ur,dl,midline,1,0,0,0,0
7,0,size9_comp0.4_grid0_base_medium,9,0.4,medium,base,base,8,4,12,8,3,1,1,1,1,0,-1,10,0.0,0.7,0.7,0.0,1,5,4,0,4,2,1,2,2,2,0,0,0.0,UL,0.9182958340544896,4,2,0,0,4,0.6666666666666666,0.3333333333333333,0.0,0.0,0.4,UR,0.0,0.1,0.0,0.0,1,ur,dl,midline,0,0,0,0,0
8,0,size9_comp0.4_grid0_base_medium,9,0.4,medium,base,base,8,4,12,8,3,1,1,1,1,0,-1,12,0.0,0.5833333333333334,0.5833333333333334,0.0,2,4,5,1,4,5,1,1,3,1,0,2,0.16666666666666666,UL,1.0,4,4,0,0,4,0.5,0.5,0.0,0.0,0.3333333333333333,UR,0.0,0.25,0.0,0.0,3,ur,dl,midline,0,0,0,0,0
9,0,size9_comp0.4_grid0_base_medium,9,0.4,medium,base,base,8,4,12,8,3,1,1,1,1,0,-1,8,0.0,0.75,0.75,0.0,0,4,4,0,4,2,1,0,0,0,0,0,0.0,UL,0.9709505944546686,3,2,0,0,3,0.6,0.4,0.0,0.0,0.375,UR,0.0,0.125,0.0,0.0,1,ur,dl,midline,0,0,0,0,0
0,1,size9_comp0.4_grid1_base_medium,9,0.4,medium,base,base,4,10,14,6,4,1,1,1,1,0,-1,17,0.0,0.29411764705882354,0.29411764705882354,0.0,4,6,4,3,3,3,6,4,8,4,0,1,0.058823529411764705,DR,0.5032583347756457,0,1,0,8,8,0.0,0.1111111111111111,0.0,0.8888888888888888,0.47058823529411764,DR,0.0,0.0,0.0,0.058823529411764705,1,midline,dl,ul,0,0,0,0,0
1,1,size9_comp0.4_grid1_base_medium,9,0.4,medium,base,base,4,10,14,6,4,1,1,1,1,0,-1,10,0.0,0.2,0.2,0.0,1,4,3,2,4,0,3,2,2,2,0,0,0.0,DR,0.9709505944546686,0,2,0,3,5,0.0,0.4,0.0,0.6,0.5,,0.0,0.0,0.0,0.0,0,midline,dl,ul,0,0,0,0,0
2,1,size9_comp0.4_grid1_base_medium,9,0.4,medium,base,base,4,10,14,6,4,1,1,1,1,0,-1,10,0.0,0.2,0.2,0.0,2,5,2,1,4,0,3,2,2,2,0,0,0.0,DR,0.7219280948873623,0,1,0,4,5,0.0,0.2,0.0,0.8,0.5,,0.0,0.0,0.0,0.0,0,midline,dl,ul,0,0,0,0,0
3,1,size9_comp0.4_grid1_base_medium,9,0.4,medium,base,base,4,10,14,6,4,1,1,1,1,0,-1,8,0.0,0.125,0.125,0.0,1,4,2,1,4,0,3,0,0,0,0,0,0.0,DR,0.8112781244591328,0,1,0,3,4,0.0,0.25,0.0,0.75,0.5,,0.0,0.0,0.0,0.0,0,midline,dl,ul,0,0,0,0,0
4,1,size9_comp0.4_grid1_base_medium,9,0.4,medium,base,base,4,10,14,6,4,1,1,1,1,0,-1,17,0.0,0.29411764705882354,0.29411764705882354,0.0,3,5,5,4,4,1,7,4,7,3,0,1,0.058823529411764705,DR,-0.0,0,0,0,14,3,0.0,0.0,0.0,1.0,0.17647058823529413,DR,0.0,0.0,0.0,0.5294117647058824,9,midline,dl,ul,0,0,0,0,0
5,1,size9_comp0.4_grid1_base_medium,9,0.4,medium,base,base,4,10,14,6,4,1,1,1,1,0,-1,10,0.0,0.2,0.2,0.0,2,5,2,1,3,0,2,4,4,4,0,0,0.0,DR,-0.0,0,0,0,6,4,0.0,0.0,0.0,1.0,0.4,,0.0,0.0,0.0,0.0,0,midline,dl,ul,0,0,0,0,0
6,1,size9_comp0.4_grid1_base_medium,9,0.4,medium,base,base,4,10,14,6,4,1,1,1,1,0,-1,19,0.0,0.3157894736842105,0.3157894736842105,0.0,6,9,3,1,6,2,3,7,11,7,0,1,0.05263157894736842,DR,0.39124356362925566,0,1,0,12,6,0.0,0.07692307692307693,0.0,0.9230769230769231,0.3157894736842105,,0.0,0.0,0.0,0.0,0,midline,dl,ul,0,0,0,0,0
7,1,size9_comp0.4_grid1_base_medium,9,0.4,medium,base,base,4,10,14,6,4,1,1,1,1,0,-1,18,0.0,0.3333333333333333,0.3333333333333333,0.0,4,7,4,3,4,2,6,5,7,5,0,0,0.0,DR,0.37123232664087563,0,1,0,13,4,0.0,0.07142857142857142,0.0,0.9285714285714286,0.2222222222222222,DR,0.0,0.0,0.0,0.4444444444444444,8,midline,dl,ul,0,0,0,0,0
8,1,size9_comp0.4_grid1_base_medium,9,0.4,medium,base,base,4,10,14,6,4,1,1,1,1,0,-1,15,0.0,0.26666666666666666,0.26666666666666666,0.0,5,7,2,1,4,1,3,6,9,6,0,1,0.06666666666666667,DR,-0.0,0,0,0,9,6,0.0,0.0,0.0,1.0,0.4,,0.0,0.0,0.0,0.0,0,midline,dl,ul,0,0,0,0,0
9,1,size9_comp0.4_grid1_base_medium,9,0.4,medium,base,base,4,10,14,6,4,1,1,1,1,0,-1,10,0.0,0.2,0.2,0.0,2,5,2,1,5,0,2,2,3,2,0,0,0.0,DR,0.7219280948873623,0,1,0,4,5,0.0,0.2,0.0,0.8,0.5,,0.0,0.0,0.0,0.0,0,midline,dl,ul,0,0,0,0,0
0,2,size9_comp0.4_grid2_base_medium,9,0.4,medium,base,base,5,4,9,3,3,1,1,1,1,0,-1,3,0.0,0.6666666666666666,0.6666666666666666,0.0,0,2,0,1,1,0,1,0,0,0,0,0,0.0,DL,-0.0,0,0,1,0,2,0.0,0.0,1.0,0.0,0.6666666666666666,,0.0,0.0,0.0,0.0,0,midline,dl,dr,0,0,0,0,0
1,2,size9_comp0.4_grid2_base_medium,9,0.4,medium,base,base,5,4,9,3,3,1,1,1,1,0,-1,3,0.0,0.6666666666666666,0.6666666666666666,0.0,0,2,0,1,1,0,1,0,0,0,0,0,0.0,DL,-0.0,0,0,1,0,2,0.0,0.0,1.0,0.0,0.6666666666666666,,0.0,0.0,0.0,0.0,0,midline,dl,dr,0,0,0,0,0
2,2,size9_comp0.4_grid2_base_medium,9,0.4,medium,base,base,5,4,9,3,3,1,1,1,1,0,-1,5,0.0,0.6,0.6,0.0,0,2,1,2,0,2,1,1,1,1,0,0,0.0,DL,-0.0,0,0,2,0,3,0.0,0.0,1.0,0.0,0.6,,0.0,0.0,0.0,0.0,0,midline,dl,dr,0,0,0,0,0
3,2,size9_comp0.4_grid2_base_medium,9,0.4,medium,base,base,5,4,9,3,3,1,1,1,1,0,-1,3,0.0,0.6666666666666666,0.6666666666666666,0.0,0,2,0,1,1,1,0,0,0,0,0,0,0.0,DL,-0.0,0,0,2,0,1,0.0,0.0,1.0,0.0,0.3333333333333333,DL,0.0,0.0,0.3333333333333333,0.0,1,midline,dl,dr,0,0,0,0,0
4,2,size9_comp0.4_grid2_base_medium,9,0.4,medium,base,base,5,4,9,3,3,1,1,1,1,0,-1,3,0.0,0.6666666666666666,0.6666666666666666,0.0,0,2,0,1,1,0,1,0,0,0,0,0,0.0,DL,-0.0,0,0,1,0,2,0.0,0.0,1.0,0.0,0.6666666666666666,,0.0,0.0,0.0,0.0,0,midline,dl,dr,0,0,0,0,0
5,2,size9_comp0.4_grid2_base_medium,9,0.4,medium,base,base,5,4,9,3,3,1,1,1,1,0,-1,3,0.0,0.6666666666666666,0.6666666666666666,0.0,0,2,0,1,0,1,1,0,0,0,0,0,0.0,DL,-0.0,0,0,2,0,1,0.0,0.0,1.0,0.0,0.3333333333333333,,0.0,0.0,0.0,0.0,0,midline,dl,dr,0,0,0,0,0
6,2,size9_comp0.4_grid2_base_medium,9,0.4,medium,base,base,5,4,9,3,3,1,1,1,1,0,-1,3,0.0,0.6666666666666666,0.6666666666666666,0.0,0,2,0,1,1,0,1,0,0,0,0,0,0.0,DL,-0.0,0,0,1,0,2,0.0,0.0,1.0,0.0,0.6666666666666666,,0.0,0.0,0.0,0.0,0,midline,dl,dr,0,0,0,0,0
7,2,size9_comp0.4_grid2_base_medium,9,0.4,medium,base,base,5,4,9,3,3,1,1,1,1,0,-1,3,0.0,0.6666666666666666,0.6666666666666666,0.0,0,2,0,1,1,0,1,0,0,0,0,0,0.0,DL,-0.0,0,0,1,0,2,0.0,0.0,1.0,0.0,0.6666666666666666,,0.0,0.0,0.0,0.0,0,midline,dl,dr,0,0,0,0,0
8,2,size9_comp0.4_grid2_base_medium,9,0.4,medium,base,base,5,4,9,3,3,1,1,1,1,0,-1,3,0.0,0.6666666666666666,0.6666666666666666,0.0,0,2,0,1,0,1,1,0,0,0,0,0,0.0,DL,-0.0,0,0,2,0,1,0.0,0.0,1.0,0.0,0.3333333333333333,,0.0,0.0,0.0,0.0,0,midline,dl,dr,0,0,0,0,0
9,2,size9_comp0.4_grid2_base_medium,9,0.4,medium,base,base,5,4,9,3,3,1,1,1,1,0,-1,5,0.0,0.6,0.6,0.0,0,2,1,2,2,1,0,1,1,1,0,0,0.0,DL,-0.0,0,0,1,0,4,0.0,0.0,1.0,0.0,0.8,,0.0,0.0,0.0,0.0,0,midline,dl,dr,0,0,0,0,0
0,3,size9_comp0.4_grid3_base_medium,9,0.4,medium,base,base,5,8,13,3,5,1,1,1,1,0,-1,3,0.0,0.0,0.0,0.0,0,1,0,2,1,1,0,0,0,0,0,0,0.0,DR,-0.0,0,0,0,3,0,0.0,0.0,0.0,1.0,0.0,DR,0.0,0.0,0.0,0.3333333333333333,1,dr,dr,dl,1,0,0,0,0
1,3,size9_comp0.4_grid3_base_medium,9,0.4,medium,base,base,5,8,13,3,5,1,1,1,1,0,-1,3,0.0,0.0,0.0,0.0,0,1,0,2,1,1,0,0,0,0,0,0,0.0,DR,-0.0,0,0,0,3,0,0.0,0.0,0.0,1.0,0.0,DR,0.0,0.0,0.0,0.3333333333333333,1,dr,dr,dl,1,0,0,0,0
2,3,size9_comp0.4_grid3_base_medium,9,0.4,medium,base,base,5,8,13,3,5,1,1,1,1,0,-1,3,0.0,0.0,0.0,0.0,0,1,0,2,1,1,0,0,0,0,0,0,0.0,DR,-0.0,0,0,0,3,0,0.0,0.0,0.0,1.0,0.0,DR,0.0,0.0,0.0,0.3333333333333333,1,dr,dr,dl,1,0,0,0,0
3,3,size9_comp0.4_grid3_base_medium,9,0.4,medium,base,base,5,8,13,3,5,1,1,1,1,0,-1,3,0.0,0.0,0.0,0.0,0,1,0,2,1,1,0,0,0,0,0,0,0.0,DR,-0.0,0,0,0,3,0,0.0,0.0,0.0,1.0,0.0,DR,0.0,0.0,0.0,0.3333333333333333,1,dr,dr,dl,1,0,0,0,0
4,3,size9_comp0.4_grid3_base_medium,9,0.4,medium,base,base,5,8,13,3,5,1,1,1,1,0,-1,3,0.0,0.0,0.0,0.0,0,1,0,2,1,1,0,0,0,0,0,0,0.0,DR,-0.0,0,0,0,3,0,0.0,0.0,0.0,1.0,0.0,DR,0.0,0.0,0.0,0.3333333333333333,1,dr,dr,dl,1,0,0,0,0
5,3,size9_comp0.4_grid3_base_medium,9,0.4,medium,base,base,5,8,13,3,5,1,1,1,1,0,-1,3,0.0,0.0,0.0,0.0,0,1,0,2,1,1,0,0,0,0,0,0,0.0,DR,-0.0,0,0,0,3,0,0.0,0.0,0.0,1.0,0.0,DR,0.0,0.0,0.0,0.3333333333333333,1,dr,dr,dl,1,0,0,0,0
6,3,size9_comp0.4_grid3_base_medium,9,0.4,medium,base,base,5,8,13,3,5,1,1,1,1,0,-1,7,0.0,0.2857142857142857,0.2857142857142857,0.0,2,3,0,2,1,2,1,2,2,2,0,0,0.0,DR,-0.0,0,0,0,7,0,0.0,0.0,0.0,1.0,0.0,DR,0.0,0.0,0.0,0.5714285714285714,4,dr,dr,dl,1,0,0,0,0
7,3,size9_comp0.4_grid3_base_medium,9,0.4,medium,base,base,5,8,13,3,5,1,1,1,1,0,-1,3,0.0,0.0,0.0,0.0,0,1,0,2,1,1,0,0,0,0,0,0,0.0,DR,-0.0,0,0,0,3,0,0.0,0.0,0.0,1.0,0.0,DR,0.0,0.0,0.0,0.3333333333333333,1,dr,dr,dl,1,0,0,0,0
8,3,size9_comp0.4_grid3_base_medium,9,0.4,medium,base,base,5,8,13,3,5,1,1,1,1,0,-1,3,0.0,0.0,0.0,0.0,0,1,0,2,1,1,0,0,0,0,0,0,0.0,DR,-0.0,0,0,0,3,0,0.0,0.0,0.0,1.0,0.0,DR,0.0,0.0,0.0,0.3333333333333333,1,dr,dr,dl,1,0,0,0,0
9,3,size9_comp0.4_grid3_base_medium,9,0.4,medium,base,base,5,8,13,3,5,1,1,1,1,0,-1,3,0.0,0.0,0.0,0.0,0,1,0,2,1,1,0,0,0,0,0,0,0.0,DR,-0.0,0,0,0,3,0,0.0,0.0,0.0,1.0,0.0,DR,0.0,0.0,0.0,0.3333333333333333,1,dr,dr,dl,1,0,0,0,0
0,4,size9_comp0.4_grid4_base_medium,9,0.4,medium,base,base,4,7,11,3,4,1,1,1,1,0,-1,3,0.0,0.0,0.0,0.0,2,0,1,0,1,1,0,0,0,0,0,0,0.0,UR,-0.0,0,3,0,0,0,0.0,1.0,0.0,0.0,0.0,,0.0,0.0,0.0,0.0,0,ur,midline,dr,1,0,0,0,0
1,4,size9_comp0.4_grid4_base_medium,9,0.4,medium,base,base,4,7,11,3,4,1,1,1,1,0,-1,3,0.0,0.0,0.0,0.0,2,0,1,0,1,1,0,0,0,0,0,0,0.0,UR,-0.0,0,3,0,0,0,0.0,1.0,0.0,0.0,0.0,,0.0,0.0,0.0,0.0,0,ur,midline,dr,1,0,0,0,0
2,4,size9_comp0.4_grid4_base_medium,9,0.4,medium,base,base,4,7,11,3,4,1,1,1,1,0,-1,3,0.0,0.0,0.0,0.0,2,0,1,0,1,1,0,0,0,0,0,0,0.0,UR,-0.0,0,3,0,0,0,0.0,1.0,0.0,0.0,0.0,,0.0,0.0,0.0,0.0,0,ur,midline,dr,1,0,0,0,0
3,4,size9_comp0.4_grid4_base_medium,9,0.4,medium,base,base,4,7,11,3,4,1,1,1,1,0,-1,3,0.0,0.0,0.0,0.0,2,0,1,0,0,1,1,0,0,0,0,0,0.0,UR,-0.0,0,2,0,0,1,0.0,1.0,0.0,0.0,0.3333333333333333,,0.0,0.0,0.0,0.0,0,ur,midline,dr,1,0,0,0,0
4,4,size9_comp0.4_grid4_base_medium,9,0.4,medium,base,base,4,7,11,3,4,1,1,1,1,0,-1,3,0.0,0.0,0.0,0.0,2,0,1,0,1,1,0,0,0,0,0,0,0.0,UR,-0.0,0,3,0,0,0,0.0,1.0,0.0,0.0,0.0,,0.0,0.0,0.0,0.0,0,ur,midline,dr,1,0,0,0,0
5,4,size9_comp0.4_grid4_base_medium,9,0.4,medium,base,base,4,7,11,3,4,1,1,1,1,0,-1,3,0.0,0.0,0.0,0.0,2,0,1,0,1,1,0,0,0,0,0,0,0.0,UR,-0.0,0,3,0,0,0,0.0,1.0,0.0,0.0,0.0,,0.0,0.0,0.0,0.0,0,ur,midline,dr,1,0,0,0,0
6,4,size9_comp0.4_grid4_base_medium,9,0.4,medium,base,base,4,7,11,3,4,1,1,1,1,0,-1,3,0.0,0.0,0.0,0.0,2,0,1,0,1,1,0,0,0,0,0,0,0.0,UR,-0.0,0,3,0,0,0,0.0,1.0,0.0,0.0,0.0,,0.0,0.0,0.0,0.0,0,ur,midline,dr,1,0,0,0,0
7,4,size9_comp0.4_grid4_base_medium,9,0.4,medium,base,base,4,7,11,3,4,1,1,1,1,0,-1,3,0.0,0.0,0.0,0.0,2,0,1,0,0,1,1,0,0,0,0,0,0.0,UR,-0.0,0,2,0,0,1,0.0,1.0,0.0,0.0,0.3333333333333333,,0.0,0.0,0.0,0.0,0,ur,midline,dr,1,0,0,0,0
8,4,size9_comp0.4_grid4_base_medium,9,0.4,medium,base,base,4,7,11,3,4,1,1,1,1,0,-1,3,0.0,0.0,0.0,0.0,2,0,1,0,0,1,1,0,0,0,0,0,0.0,UR,-0.0,0,2,0,0,1,0.0,1.0,0.0,0.0,0.3333333333333333,,0.0,0.0,0.0,0.0,0,ur,midline,dr,1,0,0,0,0
9,4,size9_comp0.4_grid4_base_medium,9,0.4,medium,base,base,4,7,11,3,4,1,1,1,1,0,-1,3,0.0,0.0,0.0,0.0,2,0,1,0,1,1,0,0,0,0,0,0,0.0,UR,-0.0,0,3,0,0,0,0.0,1.0,0.0,0.0,0.0,,0.0,0.0,0.0,0.0,0,ur,midline,dr,1,0,0,0,0
0,5,size9_comp0.4_grid5_base_medium,9,0.4,medium,base,base,3,4,7,5,2,1,1,1,1,0,-1,5,0.0,0.4,0.4,0.0,0,2,3,0,2,1,1,0,0,0,0,0,0.0,DL,-0.0,0,0,4,0,1,0.0,0.0,1.0,0.0,0.2,DL,0.0,0.0,0.2,0.0,1,midline,dl,dr,0,0,0,0,0
1,5,size9_comp0.4_grid5_base_medium,9,0.4,medium,base,base,3,4,7,5,2,1,1,1,1,0,-1,13,0.0,0.38461538461538464,0.38461538461538464,0.0,2,4,4,3,5,3,2,2,4,2,0,2,0.15384615384615385,DL,0.9852281360342515,3,0,4,0,6,0.42857142857142855,0.0,0.5714285714285714,0.0,0.46153846153846156,DL,0.0,0.0,0.07692307692307693,0.0,1,midline,dl,dr,0,0,0,0,0
2,5,size9_comp0.4_grid5_base_medium,9,0.4,medium,base,base,3,4,7,5,2,1,1,1,1,0,-1,13,0.0,0.46153846153846156,0.46153846153846156,0.0,3,5,4,1,6,1,3,2,4,2,0,0,0.0,DL,1.2987949406953985,1,0,5,2,5,0.125,0.0,0.625,0.25,0.38461538461538464,DL,0.0,0.0,0.07692307692307693,0.0,1,midline,dl,dr,0,0,0,0,0
3,5,size9_comp0.4_grid5_base_medium,9,0.4,medium,base,base,3,4,7,5,2,1,1,1,1,0,-1,9,0.0,0.4444444444444444,0.4444444444444444,0.0,2,4,3,0,2,1,1,4,4,4,0,0,0.0,DL,-0.0,0,0,8,0,1,0.0,0.0,1.0,0.0,0.1111111111111111,DL,0.0,0.0,0.1111111111111111,0.0,1,midline,dl,dr,0,0,0,0,0
4,5,size9_comp0.4_grid5_base_medium,9,0.4,medium,base,base,3,4,7,5,2,1,1,1,1,0,-1,5,0.0,0.4,0.4,0.0,0,2,3,0,2,1,1,0,0,0,0,0,0.0,DL,-0.0,0,0,4,0,1,0.0,0.0,1.0,0.0,0.2,DL,0.0,0.0,0.2,0.0,1,midline,dl,dr,0,0,0,0,0
5,5,size9_comp0.4_grid5_base_medium,9,0.4,medium,base,base,3,4,7,5,2,1,1,1,1,0,-1,5,0.0,0.4,0.4,0.0,0,2,3,0,2,1,1,0,0,0,0,0,0.0,DL,-0.0,0,0,4,0,1,0.0,0.0,1.0,0.0,0.2,DL,0.0,0.0,0.2,0.0,1,midline,dl,dr,0,0,0,0,0
6,5,size9_comp0.4_grid5_base_medium,9,0.4,medium,base,base,3,4,7,5,2,1,1,1,1,0,-1,7,0.0,0.42857142857142855,0.42857142857142855,0.0,1,3,3,0,3,0,2,1,1,1,0,0,0.0,DL,-0.0,0,0,5,0,2,0.0,0.0,1.0,0.0,0.2857142857142857,DL,0.0,0.0,0.14285714285714285,0.0,1,midline,dl,dr,0,0,0,0,0
7,5,size9_comp0.4_grid5_base_medium,9,0.4,medium,base,base,3,4,7,5,2,1,1,1,1,0,-1,7,0.0,0.42857142857142855,0.42857142857142855,0.0,1,3,3,0,2,1,1,2,2,2,0,0,0.0,DL,-0.0,0,0,6,0,1,0.0,0.0,1.0,0.0,0.14285714285714285,DL,0.0,0.0,0.14285714285714285,0.0,1,midline,dl,dr,0,0,0,0,0
8,5,size9_comp0.4_grid5_base_medium,9,0.4,medium,base,base,3,4,7,5,2,1,1,1,1,0,-1,9,0.0,0.4444444444444444,0.4444444444444444,0.0,2,4,3,0,2,1,1,4,4,4,0,0,0.0,DL,-0.0,0,0,8,0,1,0.0,0.0,1.0,0.0,0.1111111111111111,DL,0.0,0.0,0.1111111111111111,0.0,1,midline,dl,dr,0,0,0,0,0
9,5,size9_comp0.4_grid5_base_medium,9,0.4,medium,base,base,3,4,7,5,2,1,1,1,1,0,-1,6,0.0,0.3333333333333333,0.3333333333333333,0.0,1,2,3,0,2,2,1,0,1,0,0,1,0.16666666666666666,DL,-0.0,0,0,4,0,2,0.0,0.0,1.0,0.0,0.3333333333333333,DL,0.0,0.0,0.16666666666666666,0.0,1,midline,dl,dr,0,0,0,0,0
0,6,size9_comp0.4_grid6_base_medium,9,0.4,medium,base,base,10,5,15,5,5,1,1,1,1,0,-1,5,0.0,1.0,1.0,0.0,0,3,0,2,1,2,1,0,0,0,0,0,0.0,UL,0.8112781244591328,3,0,1,0,1,0.75,0.0,0.25,0.0,0.2,UL,0.2,0.0,0.0,0.0,1,ul,dl,midline,1,0,0,0,0
1,6,size9_comp0.4_grid6_base_medium,9,0.4,medium,base,base,10,5,15,5,5,1,1,1,1,0,-1,5,0.0,1.0,1.0,0.0,0,3,0,2,2,1,1,0,0,0,0,0,0.0,UL,-0.0,4,0,0,0,1,1.0,0.0,0.0,0.0,0.2,UL,0.2,0.0,0.0,0.0,1,ul,dl,midline,1,0,0,0,0
2,6,size9_comp0.4_grid6_base_medium,9,0.4,medium,base,base,10,5,15,5,5,1,1,1,1,0,-1,5,0.0,1.0,1.0,0.0,0,3,0,2,1,2,1,0,0,0,0,0,0.0,UL,0.9182958340544896,2,0,1,0,2,0.6666666666666666,0.0,0.3333333333333333,0.0,0.4,UL,0.2,0.0,0.0,0.0,1,ul,dl,midline,1,0,0,0,0
3,6,size9_comp0.4_grid6_base_medium,9,0.4,medium,base,base,10,5,15,5,5,1,1,1,1,0,-1,9,0.0,0.7777777777777778,0.7777777777777778,0.0,2,5,0,2,5,0,1,2,2,2,0,0,0.0,UL,1.0,4,0,4,0,1,0.5,0.0,0.5,0.0,0.1111111111111111,UL,0.3333333333333333,0.0,0.1111111111111111,0.0,3,ul,dl,midline,1,0,0,0,0
4,6,size9_comp0.4_grid6_base_medium,9,0.4,medium,base,base,10,5,15,5,5,1,1,1,1,0,-1,7,0.0,0.8571428571428571,0.8571428571428571,0.0,1,4,0,2,3,2,0,1,1,1,0,0,0.0,UL,-0.0,6,0,0,0,1,1.0,0.0,0.0,0.0,0.14285714285714285,UL,0.14285714285714285,0.0,0.0,0.0,1,ul,dl,midline,1,0,0,0,0
5,6,size9_comp0.4_grid6_base_medium,9,0.4,medium,base,base,10,5,15,5,5,1,1,1,1,0,-1,6,0.0,0.8333333333333334,0.8333333333333334,0.0,0,3,0,3,1,2,2,0,1,0,0,1,0.16666666666666666,UL,0.8112781244591328,3,0,1,0,2,0.75,0.0,0.25,0.0,0.3333333333333333,UL,0.3333333333333333,0.0,0.0,0.0,2,ul,dl,midline,1,0,0,0,0
6,6,size9_comp0.4_grid6_base_medium,9,0.4,medium,base,base,10,5,15,5,5,1,1,1,1,0,-1,6,0.0,0.8333333333333334,0.8333333333333334,0.0,0,3,0,3,3,1,1,0,1,0,0,1,0.16666666666666666,UL,0.9709505944546686,3,0,2,0,1,0.6,0.0,0.4,0.0,0.16666666666666666,UL,0.3333333333333333,0.0,0.0,0.0,2,ul,dl,midline,1,0,0,0,0
7,6,size9_comp0.4_grid6_base_medium,9,0.4,medium,base,base,10,5,15,5,5,1,1,1,1,0,-1,6,0.0,0.8333333333333334,0.8333333333333334,0.0,0,3,0,3,0,2,3,0,1,0,0,1,0.16666666666666666,UL,-0.0,4,0,0,0,2,1.0,0.0,0.0,0.0,0.3333333333333333,UL,0.3333333333333333,0.0,0.0,0.0,2,ul,dl,midline,1,0,0,0,0
8,6,size9_comp0.4_grid6_base_medium,9,0.4,medium,base,base,10,5,15,5,5,1,1,1,1,0,-1,5,0.0,1.0,1.0,0.0,0,3,0,2,2,1,1,0,0,0,0,0,0.0,UL,-0.0,4,0,0,0,1,1.0,0.0,0.0,0.0,0.2,UL,0.2,0.0,0.0,0.0,1,ul,dl,midline,1,0,0,0,0
9,6,size9_comp0.4_grid6_base_medium,9,0.4,medium,base,base,10,5,15,5,5,1,1,1,1,0,-1,5,0.0,1.0,1.0,0.0,0,3,0,2,0,2,2,0,0,0,0,0,0.0,UL,-0.0,3,0,0,0,2,1.0,0.0,0.0,0.0,0.4,UL,0.2,0.0,0.0,0.0,1,ul,dl,midline,1,0,0,0,0
0,7,size9_comp0.4_grid7_base_medium,9,0.4,medium,base,base,3,5,8,8,0,1,1,1,1,0,-1,11,0.0,0.36363636363636365,0.36363636363636365,0.0,3,2,0,6,4,1,4,1,2,1,0,1,0.09090909090909091,UL,0.954434002924965,5,3,0,0,3,0.625,0.375,0.0,0.0,0.2727272727272727,UL,0.2727272727272727,0.09090909090909091,0.0,0.0,3,ul,ur,ul,1,1,0,0,0
1,7,size9_comp0.4_grid7_base_medium,9,0.4,medium,base,base,3,5,8,8,0,1,1,1,1,1,4,12,0.6666666666666666,0.8333333333333334,0.8,0.8571428571428571,4,2,0,6,5,0,3,3,3,3,3,0,0.0,UL,0.6840384356390417,9,2,0,0,1,0.8181818181818182,0.18181818181818182,0.0,0.0,0.08333333333333333,UL,0.25,0.08333333333333333,0.0,0.0,3,ul,ur,ul,1,1,0,0,0
2,7,size9_comp0.4_grid7_base_medium,9,0.4,medium,base,base,3,5,8,8,0,1,1,1,1,0,-1,11,0.0,0.36363636363636365,0.36363636363636365,0.0,3,1,1,6,4,1,4,1,2,1,0,1,0.09090909090909091,UL,0.8112781244591328,6,2,0,0,3,0.75,0.25,0.0,0.0,0.2727272727272727,UL,0.36363636363636365,0.09090909090909091,0.0,0.0,4,ul,ur,ul,1,1,0,0,0
3,7,size9_comp0.4_grid7_base_medium,9,0.4,medium,base,base,3,5,8,8,0,1,1,1,1,0,-1,9,0.0,0.3333333333333333,0.3333333333333333,0.0,2,1,0,6,5,1,2,0,1,0,0,1,0.1111111111111111,UL,0.954434002924965,5,3,0,0,1,0.625,0.375,0.0,0.0,0.1111111111111111,UL,0.3333333333333333,0.1111111111111111,0.0,0.0,3,ul,ur,ul,1,1,0,0,0
4,7,size9_comp0.4_grid7_base_medium,9,0.4,medium,base,base,3,5,8,8,0,1,1,1,1,0,-1,12,0.0,0.3333333333333333,0.3333333333333333,0.0,3,2,1,6,4,2,3,2,4,2,0,2,0.16666666666666666,UL,0.8453509366224364,8,3,0,0,1,0.7272727272727273,0.2727272727272727,0.0,0.0,0.08333333333333333,UL,0.5,0.08333333333333333,0.0,0.0,6,ul,ur,ul,1,1,0,0,0
5,7,size9_comp0.4_grid7_base_medium,9,0.4,medium,base,base,3,5,8,8,0,1,1,1,1,0,-1,10,0.0,0.4,0.4,0.0,3,1,0,6,5,0,3,1,1,1,0,0,0.0,UL,0.7642045065086203,7,2,0,0,1,0.7777777777777778,0.2222222222222222,0.0,0.0,0.1,UL,0.5,0.1,0.0,0.0,5,ul,ur,ul,1,1,0,0,0
6,7,size9_comp0.4_grid7_base_medium,9,0.4,medium,base,base,3,5,8,8,0,1,1,1,1,0,-1,12,0.0,0.4166666666666667,0.4166666666666667,0.0,4,2,0,6,5,0,3,3,3,3,0,0,0.0,UL,0.6840384356390417,9,2,0,0,1,0.8181818181818182,0.18181818181818182,0.0,0.0,0.08333333333333333,UL,0.5833333333333334,0.08333333333333333,0.0,0.0,7,ul,ur,ul,1,1,0,0,0
7,7,size9_comp0.4_grid7_base_medium,9,0.4,medium,base,base,3,5,8,8,0,1,1,1,1,0,-1,11,0.0,0.36363636363636365,0.36363636363636365,0.0,3,1,1,6,5,1,2,2,3,2,0,1,0.09090909090909091,UL,0.7219280948873623,8,2,0,0,1,0.8,0.2,0.0,0.0,0.09090909090909091,UL,0.5454545454545454,0.09090909090909091,0.0,0.0,6,ul,ur,ul,1,1,0,0,0
8,7,size9_comp0.4_grid7_base_medium,9,0.4,medium,base,base,3,5,8,8,0,1,1,1,1,0,-1,9,0.0,0.3333333333333333,0.3333333333333333,0.0,3,0,0,6,5,1,2,0,1,0,0,1,0.1111111111111111,UL,0.863120568566631,5,2,0,0,2,0.7142857142857143,0.2857142857142857,0.0,0.0,0.2222222222222222,UL,0.3333333333333333,0.1111111111111111,0.0,0.0,3,ul,ur,ul,1,1,0,0,0
9,7,size9_comp0.4_grid7_base_medium,9,0.4,medium,base,base,3,5,8,8,0,1,1,1,1,0,-1,8,0.0,0.375,0.375,0.0,2,0,0,6,4,1,2,0,0,0,0,0,0.0,UL,0.863120568566631,5,2,0,0,1,0.7142857142857143,0.2857142857142857,0.0,0.0,0.125,UL,0.375,0.125,0.0,0.0,3,ul,ur,ul,1,1,0,0,0
0,8,size9_comp0.4_grid8_base_medium,9,0.4,medium,base,base,7,3,10,4,3,1,1,1,1,0,-1,8,0.0,0.75,0.75,0.0,4,1,1,2,2,1,1,3,3,3,0,0,0.0,DL,-0.0,0,0,7,0,1,0.0,0.0,1.0,0.0,0.125,DL,0.0,0.0,0.5,0.0,3,dl,ul,ur,1,0,0,0,0
1,8,size9_comp0.4_grid8_base_medium,9,0.4,medium,base,base,7,3,10,4,3,1,1,1,1,0,-1,4,0.0,1.0,1.0,0.0,3,0,0,1,1,1,1,0,0,0,0,0,0.0,DL,-0.0,0,0,3,0,1,0.0,0.0,1.0,0.0,0.25,DL,0.0,0.0,0.25,0.0,1,dl,ul,ur,1,0,0,0,0
2,8,size9_comp0.4_grid8_base_medium,9,0.4,medium,base,base,7,3,10,4,3,1,1,1,1,0,-1,4,0.0,1.0,1.0,0.0,3,0,0,1,2,1,0,0,0,0,0,0,0.0,DL,-0.0,0,0,3,0,1,0.0,0.0,1.0,0.0,0.25,DL,0.0,0.0,0.25,0.0,1,dl,ul,ur,1,0,0,0,0
3,8,size9_comp0.4_grid8_base_medium,9,0.4,medium,base,base,7,3,10,4,3,1,1,1,1,0,-1,6,0.0,0.8333333333333334,0.8333333333333334,0.0,3,0,1,2,2,1,0,2,2,2,0,0,0.0,DL,-0.0,0,0,5,0,1,0.0,0.0,1.0,0.0,0.16666666666666666,DL,0.0,0.0,0.3333333333333333,0.0,1,dl,ul,ur,1,0,0,0,0
4,8,size9_comp0.4_grid8_base_medium,9,0.4,medium,base,base,7,3,10,4,3,1,1,1,1,0,-1,4,0.0,1.0,1.0,0.0,3,0,0,1,1,1,1,0,0,0,0,0,0.0,DL,-0.0,0,0,3,0,1,0.0,0.0,1.0,0.0,0.25,DL,0.0,0.0,0.25,0.0,1,dl,ul,ur,1,0,0,0,0
5,8,size9_comp0.4_grid8_base_medium,9,0.4,medium,base,base,7,3,10,4,3,1,1,1,1,0,-1,4,0.0,1.0,1.0,0.0,3,0,0,1,1,1,1,0,0,0,0,0,0.0,DL,-0.0,0,0,3,0,1,0.0,0.0,1.0,0.0,0.25,DL,0.0,0.0,0.25,0.0,1,dl,ul,ur,1,0,0,0,0
6,8,size9_comp0.4_grid8_base_medium,9,0.4,medium,base,base,7,3,10,4,3,1,1,1,1,0,-1,8,0.0,0.75,0.75,0.0,4,1,1,2,3,3,0,1,2,1,0,0,0.0,DL,-0.0,0,0,7,0,1,0.0,0.0,1.0,0.0,0.125,DL,0.0,0.0,0.375,0.0,2,dl,ul,ur,1,0,0,0,0
7,8,size9_comp0.4_grid8_base_medium,9,0.4,medium,base,base,7,3,10,4,3,1,1,1,1,0,-1,8,0.0,0.75,0.75,0.0,3,0,2,3,2,1,0,4,4,4,0,0,0.0,DL,-0.0,0,0,7,0,1,0.0,0.0,1.0,0.0,0.125,DL,0.0,0.0,0.375,0.0,1,dl,ul,ur,1,0,0,0,0
8,8,size9_comp0.4_grid8_base_medium,9,0.4,medium,base,base,7,3,10,4,3,1,1,1,1,0,-1,4,0.0,1.0,1.0,0.0,3,0,0,1,1,1,1,0,0,0,0,0,0.0,DL,-0.0,0,0,3,0,1,0.0,0.0,1.0,0.0,0.25,DL,0.0,0.0,0.25,0.0,1,dl,ul,ur,1,0,0,0,0
9,8,size9_comp0.4_grid8_base_medium,9,0.4,medium,base,base,7,3,10,4,3,1,1,1,1,0,-1,5,0.0,0.8,0.8,0.0,3,0,1,1,1,2,1,0,1,0,0,1,0.2,DL,-0.0,0,0,3,0,2,0.0,0.0,1.0,0.0,0.4,DL,0.0,0.0,0.2,0.0,1,dl,ul,ur,1,0,0,0,0
0,9,size9_comp0.4_grid9_base_medium,9,0.4,medium,base,base,3,6,9,7,2,1,1,1,1,0,-1,9,0.0,0.2222222222222222,0.2222222222222222,0.0,6,0,3,0,3,3,2,0,2,0,0,2,0.2222222222222222,DR,-0.0,0,0,0,4,5,0.0,0.0,0.0,1.0,0.5555555555555556,,0.0,0.0,0.0,0.0,0,dr,ul,dl,1,0,0,0,0
1,9,size9_comp0.4_grid9_base_medium,9,0.4,medium,base,base,3,6,9,7,2,1,1,1,1,1,3,10,0.9,0.9,0.75,1.0,6,0,3,1,2,3,4,0,1,0,0,1,0.1,DL,1.3787834934861753,2,0,4,1,3,0.2857142857142857,0.0,0.5714285714285714,0.14285714285714285,0.3,,0.0,0.0,0.0,0.0,0,dr,ul,dl,0,1,0,0,0
2,9,size9_comp0.4_grid9_base_medium,9,0.4,medium,base,base,3,6,9,7,2,1,1,1,1,0,-1,9,0.0,0.3333333333333333,0.3333333333333333,0.0,5,0,3,1,4,2,2,0,0,0,0,0,0.0,DR,1.5566567074628228,2,0,2,3,2,0.2857142857142857,0.0,0.2857142857142857,0.42857142857142855,0.2222222222222222,,0.0,0.0,0.0,0.0,0,dr,ul,dl,1,0,0,0,0
3,9,size9_comp0.4_grid9_base_medium,9,0.4,medium,base,base,3,6,9,7,2,1,1,1,1,0,-1,10,0.0,0.3,0.3,0.0,5,0,4,1,3,3,3,0,1,0,0,1,0.1,DR,1.5,2,0,2,4,2,0.25,0.0,0.25,0.5,0.2,,0.0,0.0,0.0,0.0,0,dr,ul,dl,1,0,0,0,0
4,9,size9_comp0.4_grid9_base_medium,9,0.4,medium,base,base,3,6,9,7,2,1,1,1,1,0,-1,8,0.0,0.25,0.25,0.0,6,0,2,0,4,2,1,0,1,0,0,1,0.125,DR,-0.0,0,0,0,3,5,0.0,0.0,0.0,1.0,0.625,,0.0,0.0,0.0,0.0,0,dr,ul,dl,1,0,0,0,0
5,9,size9_comp0.4_grid9_base_medium,9,0.4,medium,base,base,3,6,9,7,2,1,1,1,1,0,-1,7,0.0,0.2857142857142857,0.2857142857142857,0.0,5,0,2,0,2,2,2,0,0,0,0,0,0.0,DR,0.8112781244591328,1,0,0,3,3,0.25,0.0,0.0,0.75,0.42857142857142855,,0.0,0.0,0.0,0.0,0,dr,ul,dl,1,0,0,0,0
6,9,size9_comp0.4_grid9_base_medium,9,0.4,medium,base,base,3,6,9,7,2,1,1,1,1,0,-1,7,0.0,0.2857142857142857,0.2857142857142857,0.0,5,0,2,0,3,2,1,0,0,0,0,0,0.0,DR,-0.0,0,0,0,3,4,0.0,0.0,0.0,1.0,0.5714285714285714,,0.0,0.0,0.0,0.0,0,dr,ul,dl,1,0,0,0,0
7,9,size9_comp0.4_grid9_base_medium,9,0.4,medium,base,base,3,6,9,7,2,1,1,1,1,0,-1,9,0.0,0.3333333333333333,0.3333333333333333,0.0,5,0,3,1,3,3,1,1,1,1,0,0,0.0,UL,1.0,3,0,0,3,3,0.5,0.0,0.0,0.5,0.3333333333333333,,0.0,0.0,0.0,0.0,0,dr,ul,dl,0,0,0,0,0
8,9,size9_comp0.4_grid9_base_medium,9,0.4,medium,base,base,3,6,9,7,2,1,1,1,1,0,-1,9,0.0,0.3333333333333333,0.3333333333333333,0.0,5,0,3,1,3,3,1,1,1,1,0,0,0.0,UL,1.0,3,0,0,3,3,0.5,0.0,0.0,0.5,0.3333333333333333,,0.0,0.0,0.0,0.0,0,dr,ul,dl,0,0,0,0,0
9,9,size9_comp0.4_grid9_base_medium,9,0.4,medium,base,base,3,6,9,7,2,1,1,1,1,0,-1,7,0.0,0.2857142857142857,0.2857142857142857,0.0,5,0,2,0,3,2,1,0,0,0,0,0,0.0,DR,-0.0,0,0,0,3,4,0.0,0.0,0.0,1.0,0.5714285714285714,,0.0,0.0,0.0,0.0,0,dr,ul,dl,1,0,0,0,0
0,0,size9_comp0.6_grid0_base_medium,9,0.6,medium,base,base,4,6,10,4,3,1,1,1,1,0,-1,4,0.0,0.25,0.25,0.0,0,2,0,2,2,1,0,0,0,0,0,0,0.0,UR,-0.0,0,2,0,0,2,0.0,1.0,0.0,0.0,0.5,,0.0,0.0,0.0,0.0,0,ur,midline,ul,1,0,0,0,0
1,0,size9_comp0.6_grid0_base_medium,9,0.6,medium,base,base,4,6,10,4,3,1,1,1,1,0,-1,6,0.0,0.3333333333333333,0.3333333333333333,0.0,1,3,0,2,3,2,0,0,0,0,0,0,0.0,DR,0.9709505944546686,0,2,0,3,1,0.0,0.4,0.0,0.6,0.16666666666666666,,0.0,0.0,0.0,0.0,0,ur,midline,ul,0,0,0,0,0
2,0,size9_comp0.6_grid0_base_medium,9,0.6,medium,base,base,4,6,10,4,3,1,1,1,1,0,-1,4,0.0,0.25,0.25,0.0,0,2,0,2,2,1,0,0,0,0,0,0,0.0,UR,-0.0,0,2,0,0,2,0.0,1.0,0.0,0.0,0.5,,0.0,0.0,0.0,0.0,0,ur,midline,ul,1,0,0,0,0
3,0,size9_comp0.6_grid0_base_medium,9,0.6,medium,base,base,4,6,10,4,3,1,1,1,1,0,-1,4,0.0,0.25,0.25,0.0,0,2,0,2,2,1,0,0,0,0,0,0,0.0,UR,-0.0,0,2,0,0,2,0.0,1.0,0.0,0.0,0.5,,0.0,0.0,0.0,0.0,0,ur,midline,ul,1,0,0,0,0
4,0,size9_comp0.6_grid0_base_medium,9,0.6,medium,base,base,4,6,10,4,3,1,1,1,1,0,-1,4,0.0,0.25,0.25,0.0,0,2,0,2,2,1,0,0,0,0,0,0,0.0,UR,-0.0,0,2,0,0,2,0.0,1.0,0.0,0.0,0.5,,0.0,0.0,0.0,0.0,0,ur,midline,ul,1,0,0,0,0
5,0,size9_comp0.6_grid0_base_medium,9,0.6,medium,base,base,4,6,10,4,3,1,1,1,1,0,-1,4,0.0,0.25,0.25,0.0,0,2,0,2,2,1,0,0,0,0,0,0,0.0,UR,-0.0,0,2,0,0,2,0.0,1.0,0.0,0.0,0.5,,0.0,0.0,0.0,0.0,0,ur,midline,ul,1,0,0,0,0
6,0,size9_comp0.6_grid0_base_medium,9,0.6,medium,base,base,4,6,10,4,3,1,1,1,1,0,-1,6,0.0,0.16666666666666666,0.16666666666666666,0.0,0,2,0,4,2,2,1,0,2,0,0,2,0.3333333333333333,UR,-0.0,0,4,0,0,2,0.0,1.0,0.0,0.0,0.3333333333333333,,0.0,0.0,0.0,0.0,0,ur,midline,ul,1,0,0,0,0
7,0,size9_comp0.6_grid0_base_medium,9,0.6,medium,base,base,4,6,10,4,3,1,1,1,1,0,-1,6,0.0,0.16666666666666666,0.16666666666666666,0.0,0,2,0,4,2,2,1,0,2,0,0,2,0.3333333333333333,UR,-0.0,0,4,0,0,2,0.0,1.0,0.0,0.0,0.3333333333333333,,0.0,0.0,0.0,0.0,0,ur,midline,ul,1,0,0,0,0
8,0,size9_comp0.6_grid0_base_medium,9,0.6,medium,base,base,4,6,10,4,3,1,1,1,1,0,-1,4,0.0,0.25,0.25,0.0,0,2,0,2,2,1,0,0,0,0,0,0,0.0,UR,-0.0,0,2,0,0,2,0.0,1.0,0.0,0.0,0.5,,0.0,0.0,0.0,0.0,0,ur,midline,ul,1,0,0,0,0
9,0,size9_comp0.6_grid0_base_medium,9,0.6,medium,base,base,4,6,10,4,3,1,1,1,1,0,-1,4,0.0,0.25,0.25,0.0,0,2,0,2,2,1,0,0,0,0,0,0,0.0,UR,-0.0,0,2,0,0,2,0.0,1.0,0.0,0.0,0.5,,0.0,0.0,0.0,0.0,0,ur,midline,ul,1,0,0,0,0
0,1,size9_comp0.6_grid1_base_medium,9,0.6,medium,base,base,9,6,15,3,6,1,1,1,1,0,-1,5,0.0,0.6,0.6,0.0,0,3,0,2,3,1,0,0,2,0,0,2,0.4,DL,-0.0,0,0,5,0,0,0.0,0.0,1.0,0.0,0.0,DL,0.0,0.0,1.0,0.0,5,dl,dl,dr,1,0,0,0,0
1,1,size9_comp0.6_grid1_base_medium,9,0.6,medium,base,base,9,6,15,3,6,1,1,1,1,0,-1,4,0.0,0.75,0.75,0.0,0,2,0,2,0,2,1,0,1,0,0,1,0.25,DL,-0.0,0,0,4,0,0,0.0,0.0,1.0,0.0,0.0,DL,0.0,0.0,1.0,0.0,4,dl,dl,dr,1,0,0,0,0
2,1,size9_comp0.6_grid1_base_medium,9,0.6,medium,base,base,9,6,15,3,6,1,1,1,1,0,-1,4,0.0,0.75,0.75,0.0,0,2,0,2,0,2,1,0,1,0,0,1,0.25,DL,-0.0,0,0,4,0,0,0.0,0.0,1.0,0.0,0.0,DL,0.0,0.0,1.0,0.0,4,dl,dl,dr,1,0,0,0,0
3,1,size9_comp0.6_grid1_base_medium,9,0.6,medium,base,base,9,6,15,3,6,1,1,1,1,0,-1,3,0.0,1.0,1.0,0.0,0,1,0,2,1,1,0,0,0,0,0,0,0.0,DL,-0.0,0,0,3,0,0,0.0,0.0,1.0,0.0,0.0,DL,0.0,0.0,1.0,0.0,3,dl,dl,dr,1,0,0,0,0
4,1,size9_comp0.6_grid1_base_medium,9,0.6,medium,base,base,9,6,15,3,6,1,1,1,1,0,-1,6,0.0,0.5,0.5,0.0,0,4,0,2,2,2,1,0,3,0,0,3,0.5,DL,-0.0,0,0,6,0,0,0.0,0.0,1.0,0.0,0.0,DL,0.0,0.0,1.0,0.0,6,dl,dl,dr,1,0,0,0,0
5,1,size9_comp0.6_grid1_base_medium,9,0.6,medium,base,base,9,6,15,3,6,1,1,1,1,0,-1,7,0.0,0.42857142857142855,0.42857142857142855,0.0,0,5,0,2,3,2,1,0,4,0,0,4,0.5714285714285714,DL,-0.0,0,0,7,0,0,0.0,0.0,1.0,0.0,0.0,DL,0.0,0.0,1.0,0.0,7,dl,dl,dr,1,0,0,0,0
6,1,size9_comp0.6_grid1_base_medium,9,0.6,medium,base,base,9,6,15,3,6,1,1,1,1,0,-1,3,0.0,1.0,1.0,0.0,0,1,0,2,1,1,0,0,0,0,0,0,0.0,DL,-0.0,0,0,3,0,0,0.0,0.0,1.0,0.0,0.0,DL,0.0,0.0,1.0,0.0,3,dl,dl,dr,1,0,0,0,0
7,1,size9_comp0.6_grid1_base_medium,9,0.6,medium,base,base,9,6,15,3,6,1,1,1,1,0,-1,3,0.0,1.0,1.0,0.0,0,1,0,2,1,1,0,0,0,0,0,0,0.0,DL,-0.0,0,0,3,0,0,0.0,0.0,1.0,0.0,0.0,DL,0.0,0.0,1.0,0.0,3,dl,dl,dr,1,0,0,0,0
8,1,size9_comp0.6_grid1_base_medium,9,0.6,medium,base,base,9,6,15,3,6,1,1,1,1,0,-1,4,0.0,0.75,0.75,0.0,0,2,0,2,2,1,0,0,1,0,0,1,0.25,DL,-0.0,0,0,4,0,0,0.0,0.0,1.0,0.0,0.0,DL,0.0,0.0,1.0,0.0,4,dl,dl,dr,1,0,0,0,0
9,1,size9_comp0.6_grid1_base_medium,9,0.6,medium,base,base,9,6,15,3,6,1,1,1,1,0,-1,4,0.0,0.75,0.75,0.0,0,2,0,2,2,1,0,0,1,0,0,1,0.25,DL,-0.0,0,0,4,0,0,0.0,0.0,1.0,0.0,0.0,DL,0.0,0.0,1.0,0.0,4,dl,dl,dr,1,0,0,0,0
0,2,size9_comp0.6_grid2_base_medium,9,0.6,medium,base,base,8,4,12,4,4,1,1,1,1,0,-1,4,0.0,1.0,1.0,0.0,0,2,2,0,2,0,1,0,0,0,0,0,0.0,DR,-0.0,0,0,0,3,1,0.0,0.0,0.0,1.0,0.25,DR,0.0,0.0,0.0,0.5,2,midline,dr,dl,0,0,0,0,0
1,2,size9_comp0.6_grid2_base_medium,9,0.6,medium,base,base,8,4,12,4,4,1,1,1,1,0,-1,5,0.0,0.8,0.8,0.0,1,2,2,0,1,1,2,0,1,0,0,1,0.2,DR,-0.0,0,0,0,4,1,0.0,0.0,0.0,1.0,0.2,DR,0.0,0.0,0.0,0.6,3,midline,dr,dl,0,0,0,0,0
2,2,size9_comp0.6_grid2_base_medium,9,0.6,medium,base,base,8,4,12,4,4,1,1,1,1,0,-1,4,0.0,1.0,1.0,0.0,0,2,2,0,2,0,1,0,0,0,0,0,0.0,DR,-0.0,0,0,0,3,1,0.0,0.0,0.0,1.0,0.25,DR,0.0,0.0,0.0,0.5,2,midline,dr,dl,0,0,0,0,0
3,2,size9_comp0.6_grid2_base_medium,9,0.6,medium,base,base,8,4,12,4,4,1,1,1,1,0,-1,6,0.0,0.8333333333333334,0.8333333333333334,0.0,1,3,2,0,2,0,1,2,2,2,0,0,0.0,DR,-0.0,0,0,0,5,1,0.0,0.0,0.0,1.0,0.16666666666666666,DR,0.0,0.0,0.0,0.5,2,midline,dr,dl,0,0,0,0,0
4,2,size9_comp0.6_grid2_base_medium,9,0.6,medium,base,base,8,4,12,4,4,1,1,1,1,0,-1,4,0.0,1.0,1.0,0.0,0,2,2,0,2,0,1,0,0,0,0,0,0.0,DR,-0.0,0,0,0,3,1,0.0,0.0,0.0,1.0,0.25,DR,0.0,0.0,0.0,0.5,2,midline,dr,dl,0,0,0,0,0
5,2,size9_comp0.6_grid2_base_medium,9,0.6,medium,base,base,8,4,12,4,4,1,1,1,1,0,-1,6,0.0,0.8333333333333334,0.8333333333333334,0.0,1,3,2,0,2,0,1,2,2,2,0,0,0.0,DR,-0.0,0,0,0,5,1,0.0,0.0,0.0,1.0,0.16666666666666666,DR,0.0,0.0,0.0,0.5,2,midline,dr,dl,0,0,0,0,0
6,2,size9_comp0.6_grid2_base_medium,9,0.6,medium,base,base,8,4,12,4,4,1,1,1,1,0,-1,13,0.0,0.6153846153846154,0.6153846153846154,0.0,4,6,2,1,2,3,1,6,7,6,0,1,0.07692307692307693,UR,0.5916727785823275,0,6,0,1,6,0.0,0.8571428571428571,0.0,0.14285714285714285,0.46153846153846156,,0.0,0.0,0.0,0.0,0,midline,dr,dl,0,0,0,0,0
7,2,size9_comp0.6_grid2_base_medium,9,0.6,medium,base,base,8,4,12,4,4,1,1,1,1,0,-1,8,0.0,0.75,0.75,0.0,1,3,3,1,3,1,2,1,2,1,0,0,0.0,UR,1.0,0,3,0,3,2,0.0,0.5,0.0,0.5,0.25,DR,0.0,0.0,0.0,0.25,2,midline,dr,dl,0,0,0,0,0
8,2,size9_comp0.6_grid2_base_medium,9,0.6,medium,base,base,8,4,12,4,4,1,1,1,1,0,-1,4,0.0,1.0,1.0,0.0,0,2,2,0,2,0,1,0,0,0,0,0,0.0,DR,-0.0,0,0,0,3,1,0.0,0.0,0.0,1.0,0.25,DR,0.0,0.0,0.0,0.5,2,midline,dr,dl,0,0,0,0,0
9,2,size9_comp0.6_grid2_base_medium,9,0.6,medium,base,base,8,4,12,4,4,1,1,1,1,0,-1,17,0.0,0.5882352941176471,0.5882352941176471,0.0,6,8,2,1,6,0,3,7,12,7,0,1,0.058823529411764705,DR,0.41381685030363374,0,1,0,11,5,0.0,0.08333333333333333,0.0,0.9166666666666666,0.29411764705882354,DR,0.0,0.0,0.0,0.29411764705882354,2,midline,dr,dl,0,0,0,0,0
0,3,size9_comp0.6_grid3_base_medium,9,0.6,medium,base,base,5,7,12,8,5,1,1,1,1,0,-1,8,0.0,0.375,0.375,0.0,0,3,0,5,4,1,2,0,0,0,0,0,0.0,DR,1.4591479170272448,2,0,1,3,2,0.3333333333333333,0.0,0.16666666666666666,0.5,0.25,,0.0,0.0,0.0,0.0,0,ul,dr,dl,0,0,0,0,0
1,3,size9_comp0.6_grid3_base_medium,9,0.6,medium,base,base,5,7,12,8,5,1,1,1,1,0,-1,9,0.0,0.3333333333333333,0.3333333333333333,0.0,0,3,1,5,3,2,3,0,1,0,0,1,0.1111111111111111,DR,1.4591479170272448,2,0,1,3,3,0.3333333333333333,0.0,0.16666666666666666,0.5,0.3333333333333333,,0.0,0.0,0.0,0.0,0,ul,dr,dl,0,0,0,0,0
2,3,size9_comp0.6_grid3_base_medium,9,0.6,medium,base,base,5,7,12,8,5,1,1,1,1,0,-1,10,0.0,0.4,0.4,0.0,1,4,0,5,4,1,2,2,2,2,0,0,0.0,DR,1.5566567074628228,2,0,2,3,3,0.2857142857142857,0.0,0.2857142857142857,0.42857142857142855,0.3,,0.0,0.0,0.0,0.0,0,ul,dr,dl,0,0,0,0,0
3,3,size9_comp0.6_grid3_base_medium,9,0.6,medium,base,base,5,7,12,8,5,1,1,1,1,0,-1,13,0.0,0.3076923076923077,0.3076923076923077,0.0,2,5,0,6,3,4,5,0,3,0,0,3,0.23076923076923078,UR,1.224394445405986,2,6,0,1,4,0.2222222222222222,0.6666666666666666,0.0,0.1111111111111111,0.3076923076923077,UR,0.0,0.23076923076923078,0.0,0.0,3,ul,dr,dl,0,0,0,0,0
4,3,size9_comp0.6_grid3_base_medium,9,0.6,medium,base,base,5,7,12,8,5,1,1,1,1,0,-1,9,0.0,0.3333333333333333,0.3333333333333333,0.0,0,3,0,6,5,1,2,0,1,0,0,1,0.1111111111111111,DR,1.3787834934861753,2,0,1,4,2,0.2857142857142857,0.0,0.14285714285714285,0.5714285714285714,0.2222222222222222,,0.0,0.0,0.0,0.0,0,ul,dr,dl,0,0,0,0,0
5,3,size9_comp0.6_grid3_base_medium,9,0.6,medium,base,base,5,7,12,8,5,1,1,1,1,0,-1,8,0.0,0.375,0.375,0.0,0,3,0,5,4,1,2,0,0,0,0,0,0.0,DR,1.4591479170272448,2,1,0,3,2,0.3333333333333333,0.16666666666666666,0.0,0.5,0.25,,0.0,0.0,0.0,0.0,0,ul,dr,dl,0,0,0,0,0
6,3,size9_comp0.6_grid3_base_medium,9,0.6,medium,base,base,5,7,12,8,5,1,1,1,1,0,-1,11,0.0,0.2727272727272727,0.2727272727272727,0.0,0,4,0,7,3,3,4,0,3,0,0,3,0.2727272727272727,DR,1.5566567074628228,2,2,0,3,4,0.2857142857142857,0.2857142857142857,0.0,0.42857142857142855,0.36363636363636365,,0.0,0.0,0.0,0.0,0,ul,dr,dl,0,0,0,0,0
7,3,size9_comp0.6_grid3_base_medium,9,0.6,medium,base,base,5,7,12,8,5,1,1,1,1,0,-1,12,0.0,0.4166666666666667,0.4166666666666667,0.0,1,4,1,6,4,2,3,2,3,2,0,0,0.0,UL,1.1488348542809166,5,1,0,1,5,0.7142857142857143,0.14285714285714285,0.0,0.14285714285714285,0.4166666666666667,,0.0,0.0,0.0,0.0,0,ul,dr,dl,1,0,0,0,0
8,3,size9_comp0.6_grid3_base_medium,9,0.6,medium,base,base,5,7,12,8,5,1,1,1,1,0,-1,11,0.0,0.36363636363636365,0.36363636363636365,0.0,0,4,1,6,2,3,4,1,2,1,0,1,0.09090909090909091,UL,1.3787834934861753,4,1,0,2,4,0.5714285714285714,0.14285714285714285,0.0,0.2857142857142857,0.36363636363636365,,0.0,0.0,0.0,0.0,0,ul,dr,dl,1,0,0,0,0
9,3,size9_comp0.6_grid3_base_medium,9,0.6,medium,base,base,5,7,12,8,5,1,1,1,1,0,-1,13,0.0,0.23076923076923078,0.23076923076923078,0.0,0,6,0,7,7,2,3,0,5,0,0,5,0.38461538461538464,DR,1.2987949406953985,2,1,0,5,5,0.25,0.125,0.0,0.625,0.38461538461538464,,0.0,0.0,0.0,0.0,0,ul,dr,dl,0,0,0,0,0
0,4,size9_comp0.6_grid4_base_medium,9,0.6,medium,base,base,7,6,13,7,4,1,1,1,1,0,-1,7,0.0,0.5714285714285714,0.5714285714285714,0.0,0,3,0,4,3,1,2,0,0,0,0,0,0.0,UL,0.7219280948873623,4,1,0,0,2,0.8,0.2,0.0,0.0,0.2857142857142857,UL,0.2857142857142857,0.0,0.0,0.0,2,ul,dr,ur,1,0,0,0,0
1,4,size9_comp0.6_grid4_base_medium,9,0.6,medium,base,base,7,6,13,7,4,1,1,1,1,0,-1,11,0.0,0.5454545454545454,0.5454545454545454,0.0,1,4,1,5,2,4,3,1,2,1,0,0,0.0,UL,0.9182958340544896,4,2,0,0,5,0.6666666666666666,0.3333333333333333,0.0,0.0,0.45454545454545453,UL,0.18181818181818182,0.0,0.0,0.0,2,ul,dr,ur,1,0,0,0,0
2,4,size9_comp0.6_grid4_base_medium,9,0.6,medium,base,base,7,6,13,7,4,1,1,1,1,0,-1,11,0.0,0.5454545454545454,0.5454545454545454,0.0,2,5,0,4,5,3,1,1,1,1,0,0,0.0,UL,0.9182958340544896,4,2,0,0,5,0.6666666666666666,0.3333333333333333,0.0,0.0,0.45454545454545453,UL,0.09090909090909091,0.0,0.0,0.0,1,ul,dr,ur,1,0,0,0,0
3,4,size9_comp0.6_grid4_base_medium,9,0.6,medium,base,base,7,6,13,7,4,1,1,1,1,0,-1,7,0.0,0.5714285714285714,0.5714285714285714,0.0,0,3,0,4,4,1,1,0,0,0,0,0,0.0,UL,0.7219280948873623,4,1,0,0,2,0.8,0.2,0.0,0.0,0.2857142857142857,UL,0.14285714285714285,0.0,0.0,0.0,1,ul,dr,ur,1,0,0,0,0
4,4,size9_comp0.6_grid4_base_medium,9,0.6,medium,base,base,7,6,13,7,4,1,1,1,1,0,-1,9,0.0,0.5555555555555556,0.5555555555555556,0.0,0,3,1,5,3,2,3,0,0,0,0,0,0.0,UL,1.2516291673878228,4,1,0,1,3,0.6666666666666666,0.16666666666666666,0.0,0.16666666666666666,0.3333333333333333,UL,0.1111111111111111,0.0,0.0,0.0,1,ul,dr,ur,1,0,0,0,0
5,4,size9_comp0.6_grid4_base_medium,9,0.6,medium,base,base,7,6,13,7,4,1,1,1,1,0,-1,7,0.0,0.5714285714285714,0.5714285714285714,0.0,0,3,0,4,4,1,1,0,0,0,0,0,0.0,UL,0.7219280948873623,4,1,0,0,2,0.8,0.2,0.0,0.0,0.2857142857142857,UL,0.14285714285714285,0.0,0.0,0.0,1,ul,dr,ur,1,0,0,0,0
6,4,size9_comp0.6_grid4_base_medium,9,0.6,medium,base,base,7,6,13,7,4,1,1,1,1,0,-1,7,0.0,0.5714285714285714,0.5714285714285714,0.0,0,3,0,4,3,1,2,0,0,0,0,0,0.0,UL,0.7219280948873623,4,1,0,0,2,0.8,0.2,0.0,0.0,0.2857142857142857,UL,0.2857142857142857,0.0,0.0,0.0,2,ul,dr,ur,1,0,0,0,0
7,4,size9_comp0.6_grid4_base_medium,9,0.6,medium,base,base,7,6,13,7,4,1,1,1,1,0,-1,7,0.0,0.5714285714285714,0.5714285714285714,0.0,0,3,0,4,3,1,2,0,0,0,0,0,0.0,UL,0.7219280948873623,4,1,0,0,2,0.8,0.2,0.0,0.0,0.2857142857142857,UL,0.2857142857142857,0.0,0.0,0.0,2,ul,dr,ur,1,0,0,0,0
8,4,size9_comp0.6_grid4_base_medium,9,0.6,medium,base,base,7,6,13,7,4,1,1,1,1,0,-1,11,0.0,0.5454545454545454,0.5454545454545454,0.0,0,3,2,6,3,2,3,2,2,2,0,0,0.0,UL,1.2516291673878228,4,1,0,1,5,0.6666666666666666,0.16666666666666666,0.0,0.16666666666666666,0.45454545454545453,UL,0.09090909090909091,0.0,0.0,0.0,1,ul,dr,ur,1,0,0,0,0
9,4,size9_comp0.6_grid4_base_medium,9,0.6,medium,base,base,7,6,13,7,4,1,1,1,1,0,-1,7,0.0,0.5714285714285714,0.5714285714285714,0.0,0,3,0,4,3,1,2,0,0,0,0,0,0.0,UL,0.7219280948873623,4,1,0,0,2,0.8,0.2,0.0,0.0,0.2857142857142857,UL,0.2857142857142857,0.0,0.0,0.0,2,ul,dr,ur,1,0,0,0,0
0,5,size9_comp0.6_grid5_base_medium,9,0.6,medium,base,base,9,3,12,6,3,1,1,1,1,0,-1,16,0.0,0.625,0.625,0.0,4,5,5,2,5,5,3,2,6,2,0,2,0.125,UR,1.4353713907745331,0,6,3,2,5,0.0,0.5454545454545454,0.2727272727272727,0.18181818181818182,0.3125,UR,0.0,0.125,0.0,0.0,2,ur,dl,dl,1,0,0,0,0
1,5,size9_comp0.6_grid5_base_medium,9,0.6,medium,base,base,9,3,12,6,3,1,1,1,1,0,-1,7,0.0,0.8571428571428571,0.8571428571428571,0.0,1,3,3,0,3,1,2,0,1,0,0,1,0.14285714285714285,UR,1.5,0,2,1,1,3,0.0,0.5,0.25,0.25,0.42857142857142855,,0.0,0.0,0.0,0.0,0,ur,dl,dl,1,0,0,0,0
2,5,size9_comp0.6_grid5_base_medium,9,0.6,medium,base,base,9,3,12,6,3,1,1,1,1,0,-1,10,0.0,0.7,0.7,0.0,2,4,3,1,2,2,3,2,4,2,0,2,0.2,UR,1.4591479170272448,0,3,1,2,4,0.0,0.5,0.16666666666666666,0.3333333333333333,0.4,,0.0,0.0,0.0,0.0,0,ur,dl,dl,1,0,0,0,0
3,5,size9_comp0.6_grid5_base_medium,9,0.6,medium,base,base,9,3,12,6,3,1,1,1,1,0,-1,11,0.0,0.7272727272727273,0.7272727272727273,0.0,2,4,4,1,2,3,2,3,4,3,0,1,0.09090909090909091,UR,1.584962500721156,0,2,2,2,5,0.0,0.3333333333333333,0.3333333333333333,0.3333333333333333,0.45454545454545453,,0.0,0.0,0.0,0.0,0,ur,dl,dl,1,0,0,0,0
4,5,size9_comp0.6_grid5_base_medium,9,0.6,medium,base,base,9,3,12,6,3,1,1,1,1,0,-1,13,0.0,0.6153846153846154,0.6153846153846154,0.0,4,5,4,0,4,2,3,3,6,3,0,3,0.23076923076923078,UR,1.5304930567574826,0,4,3,2,4,0.0,0.4444444444444444,0.3333333333333333,0.2222222222222222,0.3076923076923077,,0.0,0.0,0.0,0.0,0,ur,dl,dl,1,0,0,0,0
5,5,size9_comp0.6_grid5_base_medium,9,0.6,medium,base,base,9,3,12,6,3,1,1,1,1,0,-1,8,0.0,0.75,0.75,0.0,1,3,4,0,2,2,3,0,2,0,0,2,0.25,UR,1.4591479170272448,0,3,2,1,2,0.0,0.5,0.3333333333333333,0.16666666666666666,0.25,,0.0,0.0,0.0,0.0,0,ur,dl,dl,1,0,0,0,0
6,5,size9_comp0.6_grid5_base_medium,9,0.6,medium,base,base,9,3,12,6,3,1,1,1,1,0,-1,12,0.0,0.75,0.75,0.0,3,6,3,0,6,0,1,4,6,4,0,0,0.0,UR,1.4488156357251847,0,3,1,3,5,0.0,0.42857142857142855,0.14285714285714285,0.42857142857142855,0.4166666666666667,,0.0,0.0,0.0,0.0,0,ur,dl,dl,1,0,0,0,0
7,5,size9_comp0.6_grid5_base_medium,9,0.6,medium,base,base,9,3,12,6,3,1,1,1,1,0,-1,10,0.0,0.8,0.8,0.0,2,5,3,0,4,0,1,4,4,4,0,0,0.0,DR,1.4591479170272448,0,2,1,3,4,0.0,0.3333333333333333,0.16666666666666666,0.5,0.4,,0.0,0.0,0.0,0.0,0,ur,dl,dl,0,0,0,0,0
8,5,size9_comp0.6_grid5_base_medium,9,0.6,medium,base,base,9,3,12,6,3,1,1,1,1,0,-1,6,0.0,1.0,1.0,0.0,0,3,3,0,4,0,1,0,0,0,0,0,0.0,UR,1.5,0,2,1,1,2,0.0,0.5,0.25,0.25,0.3333333333333333,,0.0,0.0,0.0,0.0,0,ur,dl,dl,1,0,0,0,0
9,5,size9_comp0.6_grid5_base_medium,9,0.6,medium,base,base,9,3,12,6,3,1,1,1,1,0,-1,12,0.0,0.75,0.75,0.0,2,5,4,1,5,1,4,1,4,1,0,0,0.0,UR,1.4488156357251847,0,3,1,3,5,0.0,0.42857142857142855,0.14285714285714285,0.42857142857142855,0.4166666666666667,,0.0,0.0,0.0,0.0,0,ur,dl,dl,1,0,0,0,0
0,6,size9_comp0.6_grid6_base_medium,9,0.6,medium,base,base,4,5,9,3,4,1,1,1,1,0,-1,3,0.0,0.3333333333333333,0.3333333333333333,0.0,0,1,0,2,0,1,1,0,0,0,0,0,0.0,UR,-0.0,0,2,0,0,1,0.0,1.0,0.0,0.0,0.3333333333333333,,0.0,0.0,0.0,0.0,0,midline,ur,dl,0,0,0,0,0
1,6,size9_comp0.6_grid6_base_medium,9,0.6,medium,base,base,4,5,9,3,4,1,1,1,1,0,-1,3,0.0,0.3333333333333333,0.3333333333333333,0.0,0,1,0,2,0,1,1,0,0,0,0,0,0.0,UR,-0.0,0,2,0,0,1,0.0,1.0,0.0,0.0,0.3333333333333333,,0.0,0.0,0.0,0.0,0,midline,ur,dl,0,0,0,0,0
2,6,size9_comp0.6_grid6_base_medium,9,0.6,medium,base,base,4,5,9,3,4,1,1,1,1,0,-1,7,0.0,0.42857142857142855,0.42857142857142855,0.0,2,3,0,2,1,1,2,2,2,2,0,0,0.0,UR,-0.0,0,3,0,0,4,0.0,1.0,0.0,0.0,0.5714285714285714,,0.0,0.0,0.0,0.0,0,midline,ur,dl,0,0,0,0,0
3,6,size9_comp0.6_grid6_base_medium,9,0.6,medium,base,base,4,5,9,3,4,1,1,1,1,0,-1,5,0.0,0.4,0.4,0.0,1,2,0,2,0,2,1,1,1,1,0,0,0.0,UR,-0.0,0,2,0,0,3,0.0,1.0,0.0,0.0,0.6,,0.0,0.0,0.0,0.0,0,midline,ur,dl,0,0,0,0,0
4,6,size9_comp0.6_grid6_base_medium,9,0.6,medium,base,base,4,5,9,3,4,1,1,1,1,0,-1,3,0.0,0.3333333333333333,0.3333333333333333,0.0,0,1,0,2,0,1,1,0,0,0,0,0,0.0,UR,-0.0,0,2,0,0,1,0.0,1.0,0.0,0.0,0.3333333333333333,,0.0,0.0,0.0,0.0,0,midline,ur,dl,0,0,0,0,0
5,6,size9_comp0.6_grid6_base_medium,9,0.6,medium,base,base,4,5,9,3,4,1,1,1,1,0,-1,3,0.0,0.3333333333333333,0.3333333333333333,0.0,0,1,0,2,0,1,1,0,0,0,0,0,0.0,UR,-0.0,0,2,0,0,1,0.0,1.0,0.0,0.0,0.3333333333333333,,0.0,0.0,0.0,0.0,0,midline,ur,dl,0,0,0,0,0
6,6,size9_comp0.6_grid6_base_medium,9,0.6,medium,base,base,4,5,9,3,4,1,1,1,1,0,-1,9,0.0,0.4444444444444444,0.4444444444444444,0.0,2,3,1,3,1,2,3,2,4,2,0,0,0.0,UR,-0.0,0,6,0,0,3,0.0,1.0,0.0,0.0,0.3333333333333333,,0.0,0.0,0.0,0.0,0,midline,ur,dl,0,0,0,0,0
7,6,size9_comp0.6_grid6_base_medium,9,0.6,medium,base,base,4,5,9,3,4,1,1,1,1,0,-1,3,0.0,0.3333333333333333,0.3333333333333333,0.0,0,1,0,2,0,1,1,0,0,0,0,0,0.0,UR,-0.0,0,2,0,0,1,0.0,1.0,0.0,0.0,0.3333333333333333,,0.0,0.0,0.0,0.0,0,midline,ur,dl,0,0,0,0,0
8,6,size9_comp0.6_grid6_base_medium,9,0.6,medium,base,base,4,5,9,3,4,1,1,1,1,0,-1,3,0.0,0.3333333333333333,0.3333333333333333,0.0,0,1,0,2,0,1,1,0,0,0,0,0,0.0,UR,-0.0,0,2,0,0,1,0.0,1.0,0.0,0.0,0.3333333333333333,,0.0,0.0,0.0,0.0,0,midline,ur,dl,0,0,0,0,0
9,6,size9_comp0.6_grid6_base_medium,9,0.6,medium,base,base,4,5,9,3,4,1,1,1,1,0,-1,5,0.0,0.4,0.4,0.0,1,2,0,2,1,2,0,1,1,1,0,0,0.0,UR,-0.0,0,4,0,0,1,0.0,1.0,0.0,0.0,0.2,,0.0,0.0,0.0,0.0,0,midline,ur,dl,0,0,0,0,0
0,7,size9_comp0.6_grid7_base_medium,9,0.6,medium,base,base,10,5,15,5,5,1,1,1,1,0,-1,5,0.0,1.0,1.0,0.0,0,3,1,1,2,0,2,0,0,0,0,0,0.0,UR,-0.0,0,4,0,0,1,0.0,1.0,0.0,0.0,0.2,UR,0.0,0.6,0.0,0.0,3,ur,midline,midline,1,0,0,0,0
1,7,size9_comp0.6_grid7_base_medium,9,0.6,medium,base,base,10,5,15,5,5,1,1,1,1,0,-1,7,0.0,0.7142857142857143,0.7142857142857143,0.0,2,3,1,1,3,1,1,1,2,0,0,2,0.2857142857142857,UR,-0.0,0,6,0,0,1,0.0,1.0,0.0,0.0,0.14285714285714285,UR,0.0,0.7142857142857143,0.0,0.0,5,ur,midline,midline,1,0,0,0,0
2,7,size9_comp0.6_grid7_base_medium,9,0.6,medium,base,base,10,5,15,5,5,1,1,1,1,0,-1,9,0.0,0.5555555555555556,0.5555555555555556,0.0,4,3,1,1,5,1,1,1,4,0,0,4,0.4444444444444444,UR,-0.0,0,8,0,0,1,0.0,1.0,0.0,0.0,0.1111111111111111,UR,0.0,0.7777777777777778,0.0,0.0,7,ur,midline,midline,1,0,0,0,0
3,7,size9_comp0.6_grid7_base_medium,9,0.6,medium,base,base,10,5,15,5,5,1,1,1,1,0,-1,5,0.0,1.0,1.0,0.0,0,3,1,1,2,0,2,0,0,0,0,0,0.0,UR,-0.0,0,4,0,0,1,0.0,1.0,0.0,0.0,0.2,UR,0.0,0.6,0.0,0.0,3,ur,midline,midline,1,0,0,0,0
4,7,size9_comp0.6_grid7_base_medium,9,0.6,medium,base,base,10,5,15,5,5,1,1,1,1,0,-1,5,0.0,1.0,1.0,0.0,0,3,1,1,2,0,2,0,0,0,0,0,0.0,UR,-0.0,0,4,0,0,1,0.0,1.0,0.0,0.0,0.2,UR,0.0,0.6,0.0,0.0,3,ur,midline,midline,1,0,0,0,0
5,7,size9_comp0.6_grid7_base_medium,9,0.6,medium,base,base,10,5,15,5,5,1,1,1,1,0,-1,7,0.0,0.8571428571428571,0.8571428571428571,0.0,0,3,2,2,2,0,2,2,2,2,0,0,0.0,UR,-0.0,0,6,0,0,1,0.0,1.0,0.0,0.0,0.14285714285714285,UR,0.0,0.7142857142857143,0.0,0.0,5,ur,midline,midline,1,0,0,0,0
6,7,size9_comp0.6_grid7_base_medium,9,0.6,medium,base,base,10,5,15,5,5,1,1,1,1,0,-1,9,0.0,0.7777777777777778,0.7777777777777778,0.0,1,4,2,2,2,1,3,2,4,2,0,0,0.0,UR,-0.0,0,8,0,0,1,0.0,1.0,0.0,0.0,0.1111111111111111,UR,0.0,0.7777777777777778,0.0,0.0,7,ur,midline,midline,1,0,0,0,0
7,7,size9_comp0.6_grid7_base_medium,9,0.6,medium,base,base,10,5,15,5,5,1,1,1,1,0,-1,5,0.0,1.0,1.0,0.0,0,3,1,1,2,0,2,0,0,0,0,0,0.0,UR,-0.0,0,4,0,0,1,0.0,1.0,0.0,0.0,0.2,UR,0.0,0.6,0.0,0.0,3,ur,midline,midline,1,0,0,0,0
8,7,size9_comp0.6_grid7_base_medium,9,0.6,medium,base,base,10,5,15,5,5,1,1,1,1,0,-1,9,0.0,0.5555555555555556,0.5555555555555556,0.0,1,3,2,1,1,1,2,1,4,0,0,2,0.2222222222222222,UR,-0.0,0,8,0,0,1,0.0,1.0,0.0,0.0,0.1111111111111111,UR,0.0,0.6666666666666666,0.0,0.0,6,ur,midline,midline,1,0,0,0,0
9,7,size9_comp0.6_grid7_base_medium,9,0.6,medium,base,base,10,5,15,5,5,1,1,1,1,0,-1,5,0.0,1.0,1.0,0.0,0,3,1,1,2,0,2,0,0,0,0,0,0.0,UR,-0.0,0,4,0,0,1,0.0,1.0,0.0,0.0,0.2,UR,0.0,0.6,0.0,0.0,3,ur,midline,midline,1,0,0,0,0
0,8,size9_comp0.6_grid8_base_medium,9,0.6,medium,base,base,3,8,11,7,3,1,1,1,1,0,-1,10,0.0,0.1,0.1,0.0,6,0,4,0,4,3,2,0,3,0,0,3,0.3,UL,0.5435644431995964,7,1,0,0,2,0.875,0.125,0.0,0.0,0.2,UL,0.2,0.0,0.0,0.0,2,midline,ul,midline,0,0,0,0,0
1,8,size9_comp0.6_grid8_base_medium,9,0.6,medium,base,base,3,8,11,7,3,1,1,1,1,0,-1,11,0.0,0.09090909090909091,0.09090909090909091,0.0,5,0,6,0,6,2,2,0,4,0,0,4,0.36363636363636365,UL,0.5916727785823275,6,1,0,0,4,0.8571428571428571,0.14285714285714285,0.0,0.0,0.36363636363636365,UL,0.09090909090909091,0.0,0.0,0.0,1,midline,ul,midline,0,0,0,0,0
2,8,size9_comp0.6_grid8_base_medium,9,0.6,medium,base,base,3,8,11,7,3,1,1,1,1,0,-1,7,0.0,0.14285714285714285,0.14285714285714285,0.0,3,0,4,0,3,2,1,0,0,0,0,0,0.0,UL,0.9182958340544896,2,1,0,0,4,0.6666666666666666,0.3333333333333333,0.0,0.0,0.5714285714285714,UL,0.14285714285714285,0.0,0.0,0.0,1,midline,ul,midline,0,0,0,0,0
3,8,size9_comp0.6_grid8_base_medium,9,0.6,medium,base,base,3,8,11,7,3,1,1,1,1,0,-1,9,0.0,0.1111111111111111,0.1111111111111111,0.0,4,0,4,1,3,3,2,0,2,0,0,2,0.2222222222222222,UL,1.0,2,2,0,0,5,0.5,0.5,0.0,0.0,0.5555555555555556,UL,0.1111111111111111,0.0,0.0,0.0,1,midline,ul,midline,0,0,0,0,0
4,8,size9_comp0.6_grid8_base_medium,9,0.6,medium,base,base,3,8,11,7,3,1,1,1,1,0,-1,13,0.0,0.07692307692307693,0.07692307692307693,0.0,9,0,4,0,7,3,2,0,6,0,0,6,0.46153846153846156,UL,0.5032583347756457,8,1,0,0,4,0.8888888888888888,0.1111111111111111,0.0,0.0,0.3076923076923077,UL,0.07692307692307693,0.0,0.0,0.0,1,midline,ul,midline,0,0,0,0,0
5,8,size9_comp0.6_grid8_base_medium,9,0.6,medium,base,base,3,8,11,7,3,1,1,1,1,0,-1,11,0.0,0.09090909090909091,0.09090909090909091,0.0,7,0,4,0,5,3,2,0,4,0,0,4,0.36363636363636365,UL,0.6500224216483541,5,1,0,0,5,0.8333333333333334,0.16666666666666666,0.0,0.0,0.45454545454545453,UL,0.09090909090909091,0.0,0.0,0.0,1,midline,ul,midline,0,0,0,0,0
6,8,size9_comp0.6_grid8_base_medium,9,0.6,medium,base,base,3,8,11,7,3,1,1,1,1,0,-1,12,0.0,0.08333333333333333,0.08333333333333333,0.0,8,0,4,0,8,2,1,0,5,0,0,5,0.4166666666666667,UL,0.9709505944546686,6,4,0,0,2,0.6,0.4,0.0,0.0,0.16666666666666666,UL,0.08333333333333333,0.0,0.0,0.0,1,midline,ul,midline,0,0,0,0,0
7,8,size9_comp0.6_grid8_base_medium,9,0.6,medium,base,base,3,8,11,7,3,1,1,1,1,0,-1,11,0.0,0.09090909090909091,0.09090909090909091,0.0,7,0,4,0,5,3,2,0,4,0,0,4,0.36363636363636365,UL,0.6500224216483541,5,1,0,0,5,0.8333333333333334,0.16666666666666666,0.0,0.0,0.45454545454545453,UL,0.09090909090909091,0.0,0.0,0.0,1,midline,ul,midline,0,0,0,0,0
8,8,size9_comp0.6_grid8_base_medium,9,0.6,medium,base,base,3,8,11,7,3,1,1,1,1,0,-1,8,0.0,0.125,0.125,0.0,4,0,4,0,4,2,1,0,1,0,0,1,0.125,UL,0.9182958340544896,2,1,0,0,5,0.6666666666666666,0.3333333333333333,0.0,0.0,0.625,UL,0.125,0.0,0.0,0.0,1,midline,ul,midline,0,0,0,0,0
9,8,size9_comp0.6_grid8_base_medium,9,0.6,medium,base,base,3,8,11,7,3,1,1,1,1,0,-1,11,0.0,0.09090909090909091,0.09090909090909091,0.0,6,0,5,0,6,2,2,0,4,0,0,4,0.36363636363636365,UL,0.8112781244591328,6,2,0,0,3,0.75,0.25,0.0,0.0,0.2727272727272727,UL,0.09090909090909091,0.0,0.0,0.0,1,midline,ul,midline,0,0,0,0,0
0,9,size9_comp0.6_grid9_base_medium,9,0.6,medium,base,base,8,6,14,4,6,1,1,1,1,0,-1,7,0.0,0.5714285714285714,0.5714285714285714,0.0,0,4,1,2,1,3,1,1,2,1,0,1,0.14285714285714285,UR,-0.0,0,6,0,0,1,0.0,1.0,0.0,0.0,0.14285714285714285,UR,0.0,0.14285714285714285,0.0,0.0,1,ur,dr,dl,1,0,0,0,0
1,9,size9_comp0.6_grid9_base_medium,9,0.6,medium,base,base,8,6,14,4,6,1,1,1,1,0,-1,10,0.0,0.6,0.6,0.0,0,4,3,3,4,2,0,3,4,3,0,0,0.0,UR,-0.0,0,3,0,0,7,0.0,1.0,0.0,0.0,0.7,,0.0,0.0,0.0,0.0,0,ur,dr,dl,1,0,0,0,0
2,9,size9_comp0.6_grid9_base_medium,9,0.6,medium,base,base,8,6,14,4,6,1,1,1,1,0,-1,4,0.0,0.75,0.75,0.0,0,4,0,0,3,0,0,0,0,0,0,0,0.0,UR,-0.0,0,3,0,0,1,0.0,1.0,0.0,0.0,0.25,,0.0,0.0,0.0,0.0,0,ur,dr,dl,1,0,0,0,0
3,9,size9_comp0.6_grid9_base_medium,9,0.6,medium,base,base,8,6,14,4,6,1,1,1,1,0,-1,7,0.0,0.5714285714285714,0.5714285714285714,0.0,1,4,1,1,2,2,1,1,1,0,0,1,0.14285714285714285,UR,0.8112781244591328,0,3,0,1,3,0.0,0.75,0.0,0.25,0.42857142857142855,,0.0,0.0,0.0,0.0,0,ur,dr,dl,1,0,0,0,0
4,9,size9_comp0.6_grid9_base_medium,9,0.6,medium,base,base,8,6,14,4,6,1,1,1,1,0,-1,6,0.0,0.6666666666666666,0.6666666666666666,0.0,0,4,1,1,2,1,2,0,0,0,0,0,0.0,UR,0.8112781244591328,0,3,0,1,2,0.0,0.75,0.0,0.25,0.3333333333333333,,0.0,0.0,0.0,0.0,0,ur,dr,dl,1,0,0,0,0
5,9,size9_comp0.6_grid9_base_medium,9,0.6,medium,base,base,8,6,14,4,6,1,1,1,1,0,-1,4,0.0,0.75,0.75,0.0,0,4,0,0,3,0,0,0,0,0,0,0,0.0,UR,-0.0,0,3,0,0,1,0.0,1.0,0.0,0.0,0.25,,0.0,0.0,0.0,0.0,0,ur,dr,dl,1,0,0,0,0
6,9,size9_comp0.6_grid9_base_medium,9,0.6,medium,base,base,8,6,14,4,6,1,1,1,1,0,-1,4,0.0,0.75,0.75,0.0,0,4,0,0,3,0,0,0,0,0,0,0,0.0,UR,-0.0,0,3,0,0,1,0.0,1.0,0.0,0.0,0.25,,0.0,0.0,0.0,0.0,0,ur,dr,dl,1,0,0,0,0
7,9,size9_comp0.6_grid9_base_medium,9,0.6,medium,base,base,8,6,14,4,6,1,1,1,1,0,-1,4,0.0,0.75,0.75,0.0,0,4,0,0,3,0,0,0,0,0,0,0,0.0,UR,-0.0,0,3,0,0,1,0.0,1.0,0.0,0.0,0.25,,0.0,0.0,0.0,0.0,0,ur,dr,dl,1,0,0,0,0
8,9,size9_comp0.6_grid9_base_medium,9,0.6,medium,base,base,8,6,14,4,6,1,1,1,1,0,-1,4,0.0,0.75,0.75,0.0,0,4,0,0,3,0,0,0,0,0,0,0,0.0,UR,-0.0,0,3,0,0,1,0.0,1.0,0.0,0.0,0.25,,0.0,0.0,0.0,0.0,0,ur,dr,dl,1,0,0,0,0
9,9,size9_comp0.6_grid9_base_medium,9,0.6,medium,base,base,8,6,14,4,6,1,1,1,1,0,-1,8,0.0,0.625,0.625,0.0,0,4,2,2,2,2,0,3,3,3,0,0,0.0,UR,-0.0,0,7,0,0,1,0.0,1.0,0.0,0.0,0.125,UR,0.0,0.25,0.0,0.0,1,ur,dr,dl,1,0,0,0,0
