grid_id,grid_size,density,instance_id,reasoning_effort,transform_type,trajectory_category,start_to_coin_distance,coin_to_goal_distance,start_to_goal_via_coin_distance,start_to_goal_distance,coin_detour_distance,coin_reachable_from_start,goal_reachable_from_start,goal_reachable_from_coin,num_trajectories,num_coin_collected,num_goal_after_coin,num_goal_only,coin_collected_rate,goal_after_coin_rate,goal_only_rate,full_success_rate,mean_trajectory_length,mean_action_accuracy,mean_action_accuracy_phase1,mean_action_accuracy_phase2,spl,mean_entropy,mean_optimal_entropy,mean_jsd,mean_entropy_phase1,mean_optimal_entropy_phase1,mean_jsd_phase1,mean_entropy_phase2,mean_optimal_entropy_phase2,mean_jsd_phase2,ece,mean_step_accuracy,total_steps,mean_actions_up,mean_actions_down,mean_actions_left,mean_actions_right,mean_steps_front,mean_steps_left_turn,mean_steps_right_turn,mean_steps_back,mean_cell_revisits,mean_immediate_revisits,mean_coin_oscillations,mean_invalid_actions,mean_quadrant_fraction_ul,mean_quadrant_fraction_ur,mean_quadrant_fraction_dl,mean_quadrant_fraction_dr,preferred_quadrant,mean_quadrant_entropy,mean_corner_fraction_ul,mean_corner_fraction_ur,mean_corner_fraction_dl,mean_corner_fraction_dr,preferred_corner,mean_max_corner_dwell_run,worst_max_corner_dwell_run,mean_preferred_quadrant_contains_start,mean_preferred_quadrant_contains_coin,mean_preferred_corner_contains_start,mean_preferred_corner_contains_goal,mean_preferred_corner_contains_coin
size11_comp0.0_grid0_RandomStart_1_8_low,11,0.0,0,low,RandomStart_1_8,random_starts,14,10,24,4,10,1,1,1,5,1,0,0,0.2,0.0,0.0,0.0,64.0,0.578125,0.5841269841269842,0.2,0.0,0.892711426682736,0.8444444444444444,0.41258402137845984,0.9346123420635388,0.8333333333333334,0.38025818356476515,0.3060986113514965,1.0,0.8651457507701849,0.14854811320239594,0.578125,320,12.0,8.0,18.0,26.0,11.4,13.8,12.0,25.8,38.2,24.8,0.0,2.2,0.0,0.45669738629175216,0.2256282739343345,0.31767433977391335,UR,1.3715708920920222,0.0,0.01875,0.08125,0.009375,DL,4.0,6,0.0,0.8,0.0,0.0,0.0
size11_comp0.0_grid0_RandomStart_4_7_low,11,0.0,0,low,RandomStart_4_7,random_starts,10,10,20,4,8,1,1,1,5,5,0,0,1.0,0.0,0.0,0.0,64.0,0.525,0.6185567010309279,0.38095238095238093,0.0,0.850298679879066,0.8936170212765957,0.4369570011181531,0.8612544705973936,0.8648648648648649,0.37716087417843186,0.8097622542212541,1.0,0.6582026707951216,0.12711923384639282,0.525,320,18.6,5.0,18.8,21.6,15.0,13.4,13.0,21.6,38.6,20.4,0.0,9.2,0.00392156862745098,0.7184118585233137,0.07649347968852613,0.20117309316070925,UR,0.9358022307919477,0.0,0.11875,0.0,0.015625,UR,5.4,11,0.0,0.8,0.0,0.0,0.0
size11_comp0.0_grid0_ReflectEnv_low,11,0.0,0,low,ReflectEnv,reflect,13,10,23,5,9,1,1,1,10,10,1,0,1.0,0.1,0.0,0.1,62.9,0.4483306836248013,0.5391566265060241,0.3468013468013468,0.043396226415094344,0.5459914502685468,0.7837837837837838,0.31715918112196295,0.6013309616629461,0.7924528301886793,0.254338284324611,0.4063250643683962,0.7619047619047619,0.4757071587533752,0.15761877625414078,0.4483306836248013,629,14.2,2.6,18.8,27.2,32.3,11.1,9.9,8.4,38.3,7.0,0.5,25.8,0.40489265682851616,0.43733882710015665,0.09771909475203629,0.060049421319291016,UR,1.310529678184683,0.15005896226415094,0.2609375,0.0050117924528301884,0.0,UR,15.0,27,0.0,0.4,0.0,0.0,0.0
size11_comp0.0_grid0_RotateEnv_low,11,0.0,0,low,RotateEnv,rotate,13,10,23,5,9,1,1,1,10,10,0,0,1.0,0.0,0.0,0.0,64.0,0.3796875,0.7888888888888889,0.21956521739130436,0.0,0.5122505690773055,0.8142857142857143,0.39461312370342044,0.5292449400336067,0.7674418604651163,0.22479085651420708,0.48518545977652955,0.8888888888888888,0.6650708084862418,0.06345282924491315,0.3796875,640,17.8,3.8,12.0,30.4,29.7,15.2,10.8,7.3,43.4,5.6,0.9,28.3,0.13300971037435189,0.8093748103719743,0.0,0.05761547925367376,UR,0.8435151140905608,0.0296875,0.55,0.0,0.0,UR,28.2,40,0.0,0.0,0.0,0.0,0.0
size11_comp0.0_grid0_StartGoalSwap_low,11,0.0,0,low,StartGoalSwap,start_goal_swap,10,13,23,5,9,1,1,1,10,3,0,0,0.3,0.0,0.0,0.0,64.0,0.496875,0.5549645390070922,0.06578947368421052,0.0,0.8873732440379108,0.8421052631578947,0.3926381187934601,0.9353264026362911,0.8269230769230769,0.3529888320208738,0.38866039461475554,1.0,0.8049907012283576,0.20742532324354257,0.496875,640,10.0,8.3,16.0,29.5,19.2,14.4,7.5,21.5,41.6,20.4,1.7,7.5,0.0,0.38386744531935096,0.09421725733431723,0.5219152973463318,DR,0.8369048173189692,0.0,0.1203125,0.009375,0.0109375,UR,7.6,33,0.0,0.4,0.0,0.0,0.0
size11_comp0.0_grid0_TransposeEnv_low,11,0.0,0,low,TransposeEnv,transpose,13,10,23,5,9,1,1,1,10,0,0,0,0.0,0.0,0.0,0.0,64.0,0.2109375,0.2109375,0.0,0.0,1.103100778182234,1.0,0.6415296399024947,1.103100778182234,1.0,0.6415296399024947,0.0,0.0,0.0,0.3646115002481495,0.2109375,640,28.3,5.8,7.7,22.0,20.4,16.2,14.9,11.1,56.0,8.7,0.0,35.1,0.0,1.0,0.0,0.0,UR,0.0,0.0,0.8703125,0.0,0.0,UR,45.0,63,1.0,0.0,0.0,0.0,0.0
size11_comp0.0_grid0_base_low,11,0.0,0,low,base,base,13,10,23,5,9,1,1,1,10,3,0,0,0.3,0.0,0.0,0.0,64.0,0.546875,0.565587734241908,0.33962264150943394,0.0,1.0089317902426171,0.8431372549019608,0.4606969945737137,1.0490943054158262,0.8222222222222222,0.42771300499188364,0.7077129264435497,1.0,0.7080769164374394,0.1105435716678257,0.546875,640,13.9,7.9,18.9,23.3,16.4,11.6,14.1,20.9,41.1,19.8,0.0,4.2,0.0,0.24250159189675316,0.3777561417077546,0.37974226639549225,DR,1.098525669747654,0.0,0.0296875,0.028125,0.021875,UR,3.4,9,0.4,0.2,0.0,0.0,0.0
size11_comp0.0_grid0_walls0_low,11,0.0,0,low,walls0,reshuffled_walls,13,10,23,5,9,1,1,1,4,0,0,0,0.0,0.0,0.0,0.0,64.0,0.5390625,0.5390625,0.0,0.0,1.0307820557194682,0.90625,0.4133397781885575,1.0307820557194682,0.90625,0.4133397781885575,0.0,0.0,0.0,0.1662832630613561,0.5390625,256,10.75,9.75,19.75,23.75,13.5,10.25,14.25,25.0,44.75,23.75,0.0,2.5,0.0,0.14296558704453444,0.4573029853684949,0.39973142758697067,DL,1.0607432264856218,0.0,0.0,0.046875,0.0,DL,1.5,3,0.25,0.25,0.0,0.0,0.0
size11_comp0.0_grid0_walls1_low,11,0.0,0,low,walls1,reshuffled_walls,13,10,23,5,9,1,1,1,1,0,0,0,0.0,0.0,0.0,0.0,64.0,0.546875,0.546875,0.0,0.0,0.4952458664967085,0.8695652173913043,0.5165672179528066,0.4952458664967085,0.8695652173913043,0.5165672179528066,0.0,0.0,0.0,0.15410628019323672,0.546875,64,14.0,10.0,17.0,23.0,15.0,10.0,7.0,31.0,41.0,28.0,0.0,2.0,0.0,0.4166666666666667,0.3055555555555556,0.2777777777777778,UR,1.5622475656642103,0.0,0.0,0.046875,0.0,DL,2.0,2,0.0,1.0,0.0,0.0,0.0
size11_comp0.0_grid1_RandomStart_4_9_low,11,0.0,1,low,RandomStart_4_9,random_starts,6,7,13,9,2,1,1,1,5,4,4,1,0.8,0.8,0.2,0.8,27.6,0.6376811594202898,0.5764705882352941,0.7358490566037735,0.37545088566827695,0.6197972732684983,0.7555555555555555,0.3745114094201182,0.6206826830681665,0.7586206896551724,0.4328536003627618,0.6181924680065998,0.75,0.26876618833657645,0.1487962962962963,0.6376811594202898,138,9.0,1.6,8.6,8.4,8.2,5.0,7.8,5.6,9.2,4.8,1.0,2.6,0.3729038281979459,0.06666666666666667,0.5604295051353875,0.0,DL,1.0270814576217486,0.008333333333333333,0.0,0.07998389694041867,0.0,DL,2.6,7,0.8,0.0,0.0,0.0,0.0
size11_comp0.0_grid1_RandomStart_7_2_low,11,0.0,1,low,RandomStart_7_2,random_starts,8,7,15,1,7,1,1,1,5,0,0,5,0.0,0.0,1.0,0.0,14.2,0.352112676056338,0.352112676056338,0.0,0.0,1.147657702909825,1.0,0.6228257497503674,1.147657702909825,1.0,0.6228257497503674,0.0,0.0,0.0,0.4473051948051948,0.352112676056338,71,6.2,1.0,4.0,3.0,4.8,3.2,2.2,3.0,10.4,3.0,0.0,5.2,0.02,0.9800000000000001,0.0,0.0,UR,0.09379911871785625,0.0,0.10305039787798409,0.0,0.0,UR,2.0,6,1.0,0.0,0.0,0.0,0.0
size11_comp0.0_grid1_ReflectEnv_low,11,0.0,1,low,ReflectEnv,reflect,5,7,12,6,3,1,1,1,10,2,1,0,0.2,0.1,0.0,0.1,60.9,0.2676518883415435,0.25666666666666665,1.0,0.03636363636363636,0.7360151679069111,0.7368421052631579,0.4127014043480761,1.1653573491859426,0.6666666666666666,0.4978048279882208,0.0,0.8571428571428571,0.266809820964971,0.1864233264015023,0.2676518883415435,609,15.6,3.7,12.2,29.4,19.4,16.2,8.5,15.8,53.9,11.5,0.0,30.7,0.0034482758620689655,0.9965517241379309,0.0,0.0,UR,0.021639693245126462,0.0,0.8883522727272727,0.0,0.0,UR,38.3,64,1.0,0.0,0.0,0.0,0.0
size11_comp0.0_grid1_RotateEnv_low,11,0.0,1,low,RotateEnv,rotate,5,7,12,6,3,1,1,1,10,10,8,0,1.0,0.8,0.0,0.8,36.4,0.6043956043956044,0.7102803738317757,0.5603112840466926,0.33870129870129867,0.7240018587658132,0.7111111111111111,0.36415358032321615,0.8717133020505835,0.6666666666666666,0.25324501946824785,0.6501461371234281,0.7333333333333333,0.41960786075070033,0.195814131609887,0.6043956043956044,364,8.9,2.2,12.8,12.5,9.2,8.1,7.1,11.0,19.3,9.8,0.3,3.3,0.16860510679550927,0.015707070707070708,0.81568782249742,0.0,DL,0.41715274330240765,0.0046875,0.0,0.1664272186147186,0.0,DL,5.1,12,0.8,0.0,0.0,0.0,0.0
size11_comp0.0_grid1_StartGoalSwap_low,11,0.0,1,low,StartGoalSwap,start_goal_swap,7,5,12,6,3,1,1,1,10,0,0,0,0.0,0.0,0.0,0.0,64.0,0.2015625,0.2015625,0.0,0.0,0.9881900282233942,1.0,0.5713050210684831,0.9881900282233942,1.0,0.5713050210684831,0.0,0.0,0.0,0.32005396586030455,0.2015625,640,35.9,3.1,9.8,15.2,28.6,13.9,13.2,7.3,54.7,5.8,0.0,35.7,0.016621904947445566,0.9833780950525544,0.0,0.0,UR,0.09561286458011241,0.0,0.6890625,0.0,0.0,UR,31.5,62,1.0,0.0,0.0,0.0,0.0
size11_comp0.0_grid1_TransposeEnv_low,11,0.0,1,low,TransposeEnv,transpose,5,7,12,6,3,1,1,1,10,8,0,0,0.8,0.0,0.0,0.0,64.0,0.39375,0.4421768707482993,0.35260115606936415,0.0,0.9172195860379839,0.7692307692307693,0.47879386671456486,0.6841678748277553,0.5714285714285714,0.34455277313999194,1.189113249116584,1.0,0.6354084758848998,0.11342167994145345,0.39375,640,19.2,4.3,16.9,23.4,17.9,15.8,13.0,15.9,49.4,14.6,2.0,15.5,0.11164692467440944,0.8883530753255906,0.0,0.0,UR,0.48549426919439603,0.0359375,0.2421875,0.0,0.0,UR,6.2,10,0.0,0.0,0.0,0.0,0.0
size11_comp0.0_grid1_base_low,11,0.0,1,low,base,base,5,7,12,6,3,1,1,1,10,0,0,10,0.0,0.0,1.0,0.0,28.1,0.3238434163701068,0.3238434163701068,0.0,0.0,0.9607567940209644,0.8695652173913043,0.5995515215576486,0.9607567940209644,0.8695652173913043,0.5995515215576486,0.0,0.0,0.0,0.3843888164299058,0.3238434163701068,281,10.8,3.9,4.2,9.2,8.8,6.8,5.8,5.7,17.2,5.0,0.0,7.9,0.5923679823906685,0.4076320176093316,0.0,0.0,UL,0.7689646749952723,0.12890921641324166,0.0814259324419423,0.0,0.0,UL,4.6,15,0.7,0.0,0.0,0.0,0.0
size11_comp0.0_grid1_walls0_low,11,0.0,1,low,walls0,reshuffled_walls,5,7,12,6,3,1,1,1,5,1,1,3,0.2,0.2,0.6,0.2,32.8,0.3780487804878049,0.34965034965034963,0.5714285714285714,0.08,0.5194344059435609,0.8064516129032258,0.48490006980234657,0.7108653327023262,0.7777777777777778,0.49433374224519017,0.2543761996621937,0.8461538461538461,0.4718380618045631,0.1923940574650035,0.3780487804878049,164,11.0,3.8,7.0,11.0,10.8,6.4,7.4,7.2,21.2,6.2,0.0,8.8,0.5535142559439234,0.39648574405607656,0.05,0.0,UL,0.7065551013625074,0.14810515873015873,0.00625,0.0,0.0,UL,2.4,3,0.4,0.0,0.0,0.0,0.0
size11_comp0.0_grid1_walls1_low,11,0.0,1,low,walls1,reshuffled_walls,5,7,12,6,3,1,1,1,5,0,0,4,0.0,0.0,0.8,0.0,24.0,0.3416666666666667,0.3416666666666667,0.0,0.0,0.8607910822866505,0.8888888888888888,0.6233236441174176,0.8607910822866505,0.8888888888888888,0.6233236441174176,0.0,0.0,0.0,0.2863749148836868,0.3416666666666667,120,8.6,4.2,3.0,8.2,7.2,5.8,5.6,4.4,13.8,3.6,0.0,5.4,0.698857142857143,0.30114285714285716,0.0,0.0,UL,0.5437142758253524,0.1695886752136752,0.04375,0.0,0.0,UL,4.6,13,0.8,0.0,0.0,0.0,0.0
size11_comp0.0_grid2_RandomStart_6_6_low,11,0.0,2,low,RandomStart_6_6,random_starts,6,12,18,6,6,1,1,1,5,1,1,2,0.2,0.2,0.4,0.2,49.6,0.33064516129032256,0.2948717948717949,0.9285714285714286,0.13846153846153847,0.5604797676666433,0.8775510204081632,0.5325781097832334,0.7350974615462644,0.8888888888888888,0.6106540592996419,0.07692307692307693,0.8461538461538461,0.3163677880454868,0.07979752181171879,0.33064516129032256,248,26.0,5.8,8.2,9.6,19.6,8.6,10.8,9.6,33.0,8.0,0.2,16.0,0.19757320099255582,0.6048412611627483,0.13978494623655913,0.057800591608136706,UR,0.9302483832084487,0.0,0.06409774436090225,0.0,0.0,UR,2.2,5,0.0,0.2,0.0,0.0,0.0
size11_comp0.0_grid2_RandomStart_6_7_low,11,0.0,2,low,RandomStart_6_7,random_starts,5,12,17,7,5,1,1,1,5,2,2,2,0.4,0.4,0.4,0.4,32.8,0.39634146341463417,0.2867647058823529,0.9285714285714286,0.3408521303258145,0.5447217457112837,0.8292682926829268,0.47771922496400254,0.743599675929332,0.8076923076923077,0.6096596434620966,0.2,0.8666666666666667,0.24902249956730627,0.10003475930380712,0.39634146341463417,164,17.2,2.4,5.8,7.4,14.0,6.8,6.0,5.0,18.4,3.8,0.4,9.6,0.1053639846743295,0.5769547458974915,0.25939655172413795,0.058284717704041054,UR,1.1209355050253724,0.0,0.10067567567567567,0.0,0.0,UR,4.4,14,0.0,0.4,0.0,0.0,0.0
size11_comp0.0_grid2_ReflectEnv_low,11,0.0,2,low,ReflectEnv,reflect,5,12,17,7,5,1,1,1,10,2,0,0,0.2,0.0,0.0,0.0,64.0,0.20625,0.17586206896551723,0.5,0.0,0.6333282029017606,0.7027027027027027,0.43559119741823815,0.8081217690621709,0.5789473684210527,0.41057553661433405,0.44882388306577187,0.8333333333333334,0.46199661715569246,0.23935504202330454,0.20625,640,7.3,4.4,6.9,45.3,38.5,8.1,6.4,9.8,55.4,6.2,0.1,40.6,0.04655172413793103,0.874332716046158,0.0,0.07911555981591085,UR,0.369044953793802,0.0171875,0.3640625,0.0,0.0,UR,19.3,52,0.9,0.0,0.0,0.0,0.0
size11_comp0.0_grid2_RotateEnv_low,11,0.0,2,low,RotateEnv,rotate,5,12,17,7,5,1,1,1,10,8,6,0,0.8,0.6,0.0,0.6,42.9,0.5058275058275058,0.4541284403669725,0.5592417061611374,0.362524827024827,0.6703286431870286,0.7714285714285715,0.38862365171744306,0.8732455053555367,0.7352941176470589,0.42876833024252153,0.47868494002788203,0.8055555555555556,0.35070923311042446,0.11845660905489185,0.5058275058275058,429,17.6,4.2,9.4,11.7,19.0,8.8,6.9,7.2,22.4,6.5,0.4,11.7,0.24942942394349038,0.26544388901805777,0.21545222041385723,0.2696744666245945,DR,1.5465550194576405,0.037983643671143666,0.1078125,0.02901785714285714,0.0052662037037037035,UR,7.6,36,0.2,0.2,0.0,0.0,0.0
size11_comp0.0_grid2_StartGoalSwap_low,11,0.0,2,low,StartGoalSwap,start_goal_swap,12,5,17,7,5,1,1,1,10,0,0,0,0.0,0.0,0.0,0.0,64.0,0.221875,0.221875,0.0,0.0,0.9301372051937757,1.0,0.7374004783444198,0.9301372051937757,1.0,0.7374004783444198,0.0,0.0,0.0,0.40356191201806724,0.221875,640,38.8,3.2,11.0,11.0,26.8,15.1,13.9,7.2,56.5,5.0,0.0,35.6,0.0032258064516129032,0.9967741935483871,0.0,0.0,UR,0.0205592508185083,0.0,0.5421875,0.0,0.0,UR,17.6,32,1.0,0.0,0.0,0.0,0.0
size11_comp0.0_grid2_TransposeEnv_low,11,0.0,2,low,TransposeEnv,transpose,5,12,17,7,5,1,1,1,10,9,0,0,0.9,0.0,0.0,0.0,64.0,0.365625,0.6172248803827751,0.24361948955916474,0.0,0.7484074692203012,0.75,0.43049967780558496,0.6669886138186568,0.6857142857142857,0.3530513787349547,1.0650363513378076,1.0,0.7316875075247028,0.07722459710286897,0.365625,640,17.5,4.3,14.2,27.9,18.7,15.4,11.6,17.1,49.5,14.3,4.6,20.6,0.06881696775384853,0.916958894315117,0.0020833333333333333,0.012140804597701149,UR,0.40391869214326104,0.0,0.6,0.0,0.0,UR,28.1,57,0.0,1.0,0.0,0.0,0.0
size11_comp0.0_grid2_base_low,11,0.0,2,low,base,base,5,12,17,7,5,1,1,1,10,1,1,1,0.1,0.1,0.1,0.1,59.3,0.2900505902192243,0.2698412698412698,0.7307692307692307,0.03777777777777778,0.8431200177766262,0.8837209302325582,0.48688170811099324,1.156020234685562,0.9310344827586207,0.5539618809765934,0.19496956846525876,0.7857142857142857,0.3479299214608216,0.24487379133590237,0.2900505902192243,593,29.0,7.2,8.8,14.3,21.9,11.7,12.7,12.0,43.2,10.6,0.1,20.4,0.37094535883626606,0.5940103149225991,0.02566932624113475,0.009375,UR,0.9309026983419137,0.009027777777777777,0.1310763888888889,0.0,0.0,UR,6.3,27,0.3,0.0,0.0,0.0,0.0
size11_comp0.0_grid2_walls0_low,11,0.0,2,low,walls0,reshuffled_walls,5,12,17,7,5,1,1,1,5,0,0,3,0.0,0.0,0.6,0.0,43.2,0.27314814814814814,0.27314814814814814,0.0,0.0,0.9796251432426473,0.9642857142857143,0.6705567135770814,0.9796251432426473,0.9642857142857143,0.6705567135770814,0.0,0.0,0.0,0.22437141523275983,0.27314814814814814,216,19.6,6.0,5.8,11.8,16.0,8.6,9.4,8.2,28.0,6.4,0.0,12.2,0.5204597335032117,0.47954026649678827,0.0,0.0,UL,0.8342777503251885,0.003125,0.1034313725490196,0.0,0.0,UR,5.8,24,0.6,0.0,0.0,0.0,0.0
size11_comp0.0_grid2_walls1_low,11,0.0,2,low,walls1,reshuffled_walls,5,12,17,7,5,1,1,1,5,1,1,2,0.2,0.2,0.4,0.2,47.0,0.3276595744680851,0.2857142857142857,0.8333333333333334,0.08947368421052632,0.6927758579263954,0.813953488372093,0.5009067347218062,0.9582538583046551,0.8275862068965517,0.572928628413352,0.14285714285714285,0.7857142857142857,0.35171852636074724,0.20224238920374346,0.3276595744680851,235,20.8,5.6,7.6,13.0,17.0,11.2,7.4,10.4,30.6,8.4,0.2,14.0,0.3656648239847463,0.5343351760152537,0.06875,0.03125,UR,1.0683993281634705,0.022523584905660376,0.057134433962264156,0.0,0.0,UR,2.2,5,0.4,0.0,0.0,0.0,0.0
size11_comp0.0_grid3_RandomStart_1_8_low,11,0.0,3,low,RandomStart_1_8,random_starts,6,5,11,11,0,1,1,1,4,4,3,0,1.0,0.75,0.0,0.75,40.5,0.6172839506172839,0.5901639344262295,0.7,0.25508941053122086,0.8207189854262643,0.7586206896551724,0.3042423964574896,1.1623745196745838,0.7857142857142857,0.32072919110135034,0.5018404867944994,0.7333333333333333,0.28885472145655294,0.07274796185866968,0.6172839506172839,162,10.75,5.25,10.25,14.25,6.25,10.75,11.0,11.5,23.0,11.25,0.5,0.5,0.3303017570664629,0.0,0.6696982429335371,0.0,DL,0.7822572469904622,0.008620689655172414,0.0,0.06900920316868593,0.0,DL,2.75,7,0.75,0.0,0.0,0.0,0.0
size11_comp0.0_grid3_RandomStart_8_6_low,11,0.0,3,low,RandomStart_8_6,random_starts,5,5,10,6,2,1,1,1,5,1,1,4,0.2,0.2,0.8,0.2,11.8,0.5084745762711864,0.46296296296296297,1.0,0.2,0.4007702541295601,0.7391304347826086,0.4353174294126446,0.5120953247211045,0.7777777777777778,0.5043592501729681,0.0,0.6,0.1867668746754797,0.09803312629399585,0.5084745762711864,59,6.4,0.6,3.4,1.4,4.2,2.2,3.6,0.8,3.0,0.6,0.0,1.8,0.15,0.638288770053476,0.0,0.21171122994652408,UR,0.6484660159013738,0.0,0.10701754385964912,0.0,0.0,UR,1.8,7,0.0,0.0,0.0,0.0,0.0
size11_comp0.0_grid3_ReflectEnv_low,11,0.0,3,low,ReflectEnv,reflect,4,5,9,7,1,1,1,1,10,4,3,0,0.4,0.3,0.0,0.3,58.1,0.5249569707401033,0.5095057034220533,0.6727272727272727,0.06345497891069136,0.8817113669448892,0.7906976744186046,0.40608061104205595,1.0817264607614219,0.8333333333333334,0.417630535633303,0.629060722124006,0.7368421052631579,0.391491232611007,0.1790590800658514,0.5249569707401033,581,13.5,10.6,17.7,16.3,10.7,12.0,14.1,20.3,40.4,20.2,0.1,0.2,0.13634933123524784,0.007516682693708657,0.8561339860710435,0.0,DL,0.17318594431686093,0.00529616724738676,0.0,0.05888091035515619,0.0,DL,1.8,5,0.0,0.0,0.0,0.0,0.0
size11_comp0.0_grid3_RotateEnv_low,11,0.0,3,low,RotateEnv,rotate,4,5,9,7,1,1,1,1,10,0,0,0,0.0,0.0,0.0,0.0,64.0,0.275,0.275,0.0,0.0,0.9653128604572324,0.8636363636363636,0.7395885312754099,0.9653128604572324,0.8636363636363636,0.7395885312754099,0.0,0.0,0.0,0.23334329730554967,0.275,640,25.4,2.4,15.2,21.0,20.0,16.9,10.9,15.2,51.4,13.3,0.0,24.3,0.0,0.9966657404834676,0.0,0.0033342595165323703,UR,0.02446308817245314,0.0,0.7203125,0.0,0.0,UR,24.5,41,0.0,0.0,0.0,0.0,0.0
size11_comp0.0_grid3_StartGoalSwap_low,11,0.0,3,low,StartGoalSwap,start_goal_swap,5,4,9,7,1,1,1,1,10,0,0,0,0.0,0.0,0.0,0.0,64.0,0.29375,0.29375,0.0,0.0,1.158108728291009,0.8947368421052632,0.6640032216754695,1.158108728291009,0.8947368421052632,0.6640032216754695,0.0,0.0,0.0,0.24879638917000924,0.29375,640,25.9,4.6,14.2,19.3,18.7,17.9,12.9,13.5,53.4,10.9,0.0,23.7,0.007272727272727273,0.9927272727272728,0.0,0.0,UR,0.03760198509692728,0.0,0.65,0.0,0.0,UR,17.9,27,1.0,0.0,0.0,0.0,0.0
size11_comp0.0_grid3_TransposeEnv_low,11,0.0,3,low,TransposeEnv,transpose,4,5,9,7,1,1,1,1,10,7,0,0,0.7,0.0,0.0,0.0,64.0,0.34375,0.39090909090909093,0.319047619047619,0.0,0.9205475739187893,0.925,0.5632172297247273,0.866632988009588,0.8235294117647058,0.5010025978704314,0.9603974852429815,1.0,0.6092019576170331,0.15172266474551913,0.34375,640,24.3,2.9,18.1,18.5,16.8,15.2,14.7,15.9,49.4,14.1,1.2,19.3,0.03304885057471264,0.9669511494252874,0.0,0.0,UR,0.13762046651237067,0.0,0.3390625,0.0,0.0,UR,11.1,33,0.0,0.0,0.0,0.0,0.0
size11_comp0.0_grid3_base_low,11,0.0,3,low,base,base,4,5,9,7,1,1,1,1,10,8,8,1,0.8,0.8,0.1,0.8,31.1,0.5884244372990354,0.5404040404040404,0.672566371681416,0.3533348230716652,0.8656672997400136,0.7142857142857143,0.35268870645250694,0.9766872369069219,0.6923076923076923,0.4142602624657031,0.7401665012035082,0.7391304347826086,0.2830860779158504,0.1302960497059876,0.5884244372990354,311,8.5,2.6,10.3,9.7,8.4,6.3,7.5,7.9,16.2,7.5,0.6,1.5,0.4433387357032677,0.10333333333333335,0.45332793096339896,0.0,DL,0.7494836228086234,0.003508771929824561,0.0,0.0038352272727272727,0.0,DL,0.4,2,0.0,0.0,0.0,0.0,0.0
size11_comp0.0_grid3_walls0_low,11,0.0,3,low,walls0,reshuffled_walls,4,5,9,7,1,1,1,1,5,4,4,1,0.8,0.8,0.2,0.8,22.8,0.6403508771929824,0.7058823529411765,0.6125,0.44186289900575615,0.5269421975994795,0.7692307692307693,0.468831869693673,0.2573287593952188,0.631578947368421,0.5108929930314902,0.7830749638935272,0.9,0.42887380252274665,0.11880341880341877,0.6403508771929824,114,7.4,1.2,6.8,7.4,7.4,2.6,6.4,5.4,8.6,5.2,0.8,0.6,0.6079365079365079,0.11111111111111112,0.28095238095238095,0.0,UL,0.8865913668108121,0.0,0.0125,0.0,0.0,UR,0.2,1,0.0,0.0,0.0,0.0,0.0
size11_comp0.0_grid3_walls1_low,11,0.0,3,low,walls1,reshuffled_walls,4,5,9,7,1,1,1,1,5,5,5,0,1.0,1.0,0.0,1.0,25.4,0.6692913385826772,0.65,0.6865671641791045,0.38333680921232965,0.7092921032442984,0.6944444444444444,0.2981363908595939,0.8022991915057963,0.6666666666666666,0.29270166553091626,0.5790821796782012,0.7333333333333333,0.3057450063197428,0.1005952380952381,0.6692913385826772,127,8.2,2.2,7.2,7.8,9.4,4.4,5.8,4.8,9.0,4.8,0.0,0.4,0.691044853513093,0.0,0.3089551464869069,0.0,UL,0.5493674981737658,0.006896551724137931,0.0,0.02702702702702703,0.0,DL,1.0,4,0.0,0.0,0.0,0.0,0.0
size11_comp0.0_grid4_RandomStart_4_3_low,11,0.0,4,low,RandomStart_4_3,random_starts,8,3,11,7,2,1,1,1,5,0,0,0,0.0,0.0,0.0,0.0,64.0,0.296875,0.296875,0.0,0.0,0.8479304661127991,0.88,0.5871316392846989,0.8479304661127991,0.88,0.5871316392846989,0.0,0.0,0.0,0.40953107023695257,0.296875,320,8.6,9.2,7.8,38.4,26.0,14.4,9.2,13.4,50.4,9.2,0.0,26.4,0.032452499191629625,0.7301440347092522,0.0,0.23740346609911828,UR,0.6615401477232086,0.0,0.240625,0.0,0.0,UR,15.4,53,0.0,0.2,0.0,0.0,0.0
size11_comp0.0_grid4_RandomStart_6_5_low,11,0.0,4,low,RandomStart_6_5,random_starts,4,3,7,7,0,1,1,1,5,0,0,0,0.0,0.0,0.0,0.0,64.0,0.24375,0.24375,0.0,0.0,0.9537453301043813,0.9444444444444444,0.7118694894838312,0.9537453301043813,0.9444444444444444,0.7118694894838312,0.0,0.0,0.0,0.5034695578126853,0.24375,320,9.8,7.4,8.2,38.6,25.2,12.8,10.2,14.8,52.4,10.8,0.0,27.8,0.0,0.6919183632883387,0.0,0.30808163671166133,UR,0.40062586896251134,0.0,0.309375,0.0,0.0,UR,18.8,37,0.0,0.2,0.0,0.0,0.0
size11_comp0.0_grid4_ReflectEnv_low,11,0.0,4,low,ReflectEnv,reflect,6,3,9,9,0,1,1,1,10,0,0,0,0.0,0.0,0.0,0.0,64.0,0.2640625,0.2640625,0.0,0.0,1.0618392400056333,0.9142857142857143,0.6184861389695602,1.0618392400056333,0.9142857142857143,0.6184861389695602,0.0,0.0,0.0,0.3154900166232694,0.2640625,640,16.9,8.4,7.5,31.1,20.7,14.9,13.5,13.7,47.0,10.4,0.0,24.3,0.02929733133030012,0.8733062645880176,0.01059576169532187,0.08680064238636043,UR,0.4833558985425813,0.0,0.621875,0.0,0.0,UR,30.6,55,0.0,0.0,0.0,0.0,0.0
size11_comp0.0_grid4_RotateEnv_low,11,0.0,4,low,RotateEnv,rotate,6,3,9,9,0,1,1,1,10,10,5,0,1.0,0.5,0.0,0.5,52.1,0.1765834932821497,0.4482758620689655,0.07180851063829788,0.12019603485064012,0.3423331400905761,0.45,0.32390394496881714,0.3039887462533404,0.4666666666666667,0.24285388368762098,0.45736632160228313,0.4,0.5670541288124058,0.263837798045784,0.1765834932821497,521,0.4,3.5,0.7,47.5,43.0,3.2,3.6,1.3,42.8,0.9,13.5,41.8,0.05488304005136293,0.6606001017067336,0.0,0.2845168582419036,UR,0.8946185972121743,0.0,0.0234375,0.0,0.0,UR,1.5,15,0.0,0.9,0.0,0.0,0.0
size11_comp0.0_grid4_StartGoalSwap_low,11,0.0,4,low,StartGoalSwap,start_goal_swap,3,6,9,9,0,1,1,1,10,10,10,0,1.0,1.0,0.0,1.0,23.8,0.6848739495798319,0.78,0.6595744680851063,0.42329829769635197,0.6969798375532826,0.6333333333333333,0.2544030206814851,0.5123998364349253,0.375,0.20347783162524327,0.7640998379599581,0.7272727272727273,0.2729212712473913,0.1696748672407902,0.6848739495798319,238,6.2,1.4,6.1,10.1,4.3,5.5,5.0,8.0,10.0,8.0,0.3,0.2,0.0,0.03700757575757575,0.2838518426018426,0.6791405816405817,DR,0.9881463181423724,0.0,0.0,0.004166666666666667,0.0,DL,0.1,1,0.1,0.9,0.0,0.0,0.0
size11_comp0.0_grid4_TransposeEnv_low,11,0.0,4,low,TransposeEnv,transpose,6,3,9,9,0,1,1,1,10,10,10,0,1.0,1.0,0.0,1.0,18.9,0.7195767195767195,0.7387387387387387,0.6923076923076923,0.4974203691045796,0.728357500745852,0.6551724137931034,0.20779246674490578,0.7065802150295809,0.6842105263157895,0.21713277809409287,0.7697343436067671,0.6,0.19004587518145039,0.13650737925585799,0.7195767195767195,189,4.9,1.1,3.7,9.1,5.3,4.0,4.4,4.0,5.2,3.7,0.9,0.6,0.0,0.16888154329330804,0.07560530972295679,0.7555131469837353,DR,0.9712004568375712,0.0,0.0,0.0,0.07846662109820005,DR,1.5,5,0.0,1.0,0.0,0.0,0.0
size11_comp0.0_grid4_base_low,11,0.0,4,low,base,base,6,3,9,9,0,1,1,1,10,1,1,0,0.1,0.1,0.0,0.1,62.5,0.304,0.30064308681672025,1.0,0.018367346938775512,0.88716810205913,0.8076923076923077,0.5104128686916852,1.0028856805885817,0.9130434782608695,0.5769884602601659,0.0,0.0,0.0,0.4086744099050115,0.304,625,9.0,8.2,10.8,34.5,21.6,12.5,10.6,16.8,50.5,11.9,0.0,23.1,0.0,0.7352073627440179,0.0030303030303030303,0.261762334225679,UR,0.5857966665603119,0.0,0.2234375,0.0,0.007684948979591837,UR,13.5,44,0.8,0.2,0.0,0.0,0.0
size11_comp0.0_grid4_walls0_low,11,0.0,4,low,walls0,reshuffled_walls,6,3,9,9,0,1,1,1,5,0,0,0,0.0,0.0,0.0,0.0,64.0,0.3375,0.3375,0.0,0.0,0.9516754563902645,0.9523809523809523,0.6498061264544096,0.9516754563902645,0.9523809523809523,0.6498061264544096,0.0,0.0,0.0,0.43000967628430686,0.3375,320,8.2,9.2,12.4,34.2,19.2,14.2,10.0,19.6,52.2,14.6,0.0,20.8,0.0,0.70006006006006,0.0,0.29993993993993995,UR,0.7403849357882422,0.0,0.09375,0.0,0.028125,UR,7.0,30,1.0,0.0,0.0,0.0,0.0
size11_comp0.0_grid4_walls1_low,11,0.0,4,low,walls1,reshuffled_walls,6,3,9,9,0,1,1,1,5,0,0,0,0.0,0.0,0.0,0.0,64.0,0.35,0.35,0.0,0.0,0.9754070939339448,1.0,0.6511651879768692,0.9754070939339448,1.0,0.6511651879768692,0.0,0.0,0.0,0.302761418735769,0.35,320,9.6,9.8,12.6,32.0,17.8,15.4,8.2,21.6,51.8,16.2,0.0,18.4,0.0,0.6669685534591194,0.0,0.3330314465408805,UR,0.5604804262993921,0.0,0.234375,0.0,0.0125,UR,14.2,44,0.6,0.4,0.0,0.0,0.0
size11_comp0.0_grid5_RandomStart_8_7_low,11,0.0,5,low,RandomStart_8_7,random_starts,5,6,11,7,2,1,1,1,5,4,0,0,0.8,0.0,0.0,0.0,64.0,0.396875,0.5657894736842105,0.24404761904761904,0.0,0.7414849190812163,0.8275862068965517,0.5378148636359746,0.8869278166891138,0.75,0.3762825374840734,0.5624782758714961,0.9230769230769231,0.7366238804383146,0.14866903097844905,0.396875,320,27.8,4.6,16.4,15.2,23.0,16.2,8.0,15.8,45.8,15.2,0.0,18.8,0.004166666666666667,0.7807562075677729,0.0,0.21507712576556046,UR,0.7582438954576567,0.0,0.046875,0.0,0.003125,UR,3.0,6,0.0,1.0,0.0,0.0,0.0
size11_comp0.0_grid5_RandomStart_9_4_low,11,0.0,5,low,RandomStart_9_4,random_starts,1,6,7,5,1,1,1,1,5,5,0,0,1.0,0.0,0.0,0.0,64.0,0.3375,0.5555555555555556,0.3018181818181818,0.0,0.7037383746351233,0.8,0.6045640902104481,0.3448789292355505,0.6,0.299865114669881,0.8233581897683143,0.8666666666666667,0.706130415390637,0.22157243670963186,0.3375,320,28.2,2.4,18.2,15.2,23.2,17.4,9.0,13.4,50.0,12.8,0.0,23.4,0.04591800356506239,0.9540819964349376,0.0,0.0,UR,0.23230517368896902,0.0,0.078125,0.0,0.0,UR,4.0,6,1.0,1.0,0.0,0.0,0.0
size11_comp0.0_grid5_ReflectEnv_low,11,0.0,5,low,ReflectEnv,reflect,11,6,17,5,6,1,1,1,10,7,5,1,0.7,0.5,0.1,0.5,48.4,0.5227272727272727,0.5207756232686981,0.5284552845528455,0.22767857142857145,0.6462410266532961,0.7222222222222222,0.388922117512623,0.6907027883957004,0.7352941176470589,0.3521608626017831,0.5706560316912084,0.7,0.45141625086105075,0.12911882100660432,0.5227272727272727,484,18.1,4.2,13.7,12.4,18.0,11.5,8.8,9.1,29.6,7.9,0.7,10.9,0.5630501257855398,0.30577795298496857,0.0,0.1311719212294917,UL,0.9658253721528416,0.07135416666666668,0.096875,0.0,0.0,UR,4.2,13,0.1,0.7,0.0,0.0,0.0
size11_comp0.0_grid5_RotateEnv_low,11,0.0,5,low,RotateEnv,rotate,11,6,17,5,6,1,1,1,10,10,0,0,1.0,0.0,0.0,0.0,64.0,0.48125,0.9083969465648855,0.3713163064833006,0.0,0.6474082160341866,0.8333333333333334,0.3614254094241322,0.5129206647152593,0.8108108108108109,0.22656715835024205,0.9401164159636168,0.8823529411764706,0.6549404264673049,0.08154906789011855,0.48125,640,22.0,4.0,18.8,19.2,17.5,18.0,13.0,14.5,41.7,13.7,0.5,11.3,0.09878299382476788,0.8364029352748921,0.006666666666666666,0.058147404233673414,UR,0.7981819612767882,0.00625,0.2484375,0.0,0.0,UR,6.2,13,0.0,0.0,0.0,0.0,0.0
size11_comp0.0_grid5_StartGoalSwap_low,11,0.0,5,low,StartGoalSwap,start_goal_swap,6,11,17,5,6,1,1,1,10,10,0,0,1.0,0.0,0.0,0.0,64.0,0.446875,0.7543859649122807,0.38022813688212925,0.0,0.9046373195594116,0.825,0.43443988308294584,0.840953593988936,0.5882352941176471,0.19775158320011965,0.9517078993288935,1.0,0.6093834090832956,0.2343353844285829,0.446875,640,16.7,3.0,19.6,24.7,19.2,15.4,9.4,19.0,47.7,17.4,0.6,12.4,0.03744049096225468,0.9625595090377452,0.0,0.0,UR,0.2094491974057538,0.0,0.5125,0.0,0.0,UR,13.8,24,0.0,1.0,0.0,0.0,0.0
size11_comp0.0_grid5_TransposeEnv_low,11,0.0,5,low,TransposeEnv,transpose,11,6,17,5,6,1,1,1,10,0,0,0,0.0,0.0,0.0,0.0,64.0,0.1,0.1,0.0,0.0,1.1887178664322615,1.0,0.6491953813390247,1.1887178664322615,1.0,0.6491953813390247,0.0,0.0,0.0,0.45010130593888115,0.1,640,32.3,2.6,3.8,25.3,27.0,16.6,14.6,4.8,56.8,2.9,0.0,48.2,0.0,1.0,0.0,0.0,UR,0.0,0.0,0.9140625,0.0,0.0,UR,51.2,63,1.0,0.0,0.0,0.0,0.0
size11_comp0.0_grid5_base_low,11,0.0,5,low,base,base,11,6,17,5,6,1,1,1,10,8,0,0,0.8,0.0,0.0,0.0,64.0,0.4921875,0.6084905660377359,0.2638888888888889,0.0,0.9368519031237599,0.8363636363636363,0.3665673629370825,0.9683424187197731,0.8095238095238095,0.26023566094689665,0.8351133142751019,0.9230769230769231,0.7101005539822982,0.12897954224854946,0.4921875,640,21.4,6.2,15.9,20.5,21.8,13.9,11.1,16.2,38.5,15.3,0.0,12.3,0.0019230769230769232,0.5187232343729034,0.18683021467148647,0.29252347403253337,UR,1.1338399756921589,0.0,0.0671875,0.0015625,0.0078125,UR,3.8,9,0.2,0.7,0.0,0.0,0.0
size11_comp0.0_grid5_walls0_low,11,0.0,5,low,walls0,reshuffled_walls,11,6,17,5,6,1,1,1,5,5,0,0,1.0,0.0,0.0,0.0,64.0,0.49375,0.6190476190476191,0.31297709923664124,0.0,0.7503504895193317,0.8823529411764706,0.43060239225676894,0.755341980967749,0.868421052631579,0.3382647264313234,0.7357599760547272,0.9230769230769231,0.7005124923619176,0.07774305879228699,0.49375,320,22.4,7.0,15.4,19.2,18.4,17.8,14.6,12.2,37.6,11.0,0.0,13.4,0.019959022852639875,0.5738273013532205,0.2408824769118159,0.1653311988823238,UR,1.2067036254841528,0.0,0.065625,0.0125,0.003125,UR,3.8,7,0.2,0.8,0.0,0.0,0.0
size11_comp0.0_grid5_walls1_low,11,0.0,5,low,walls1,reshuffled_walls,11,6,17,5,6,1,1,1,5,5,0,0,1.0,0.0,0.0,0.0,64.0,0.478125,0.6480446927374302,0.2624113475177305,0.0,0.6069601414425914,0.82,0.4260151174373614,0.6083478110129438,0.8108108108108109,0.31465506575848806,0.6030106203577426,0.8461538461538461,0.7429629568310777,0.12694195140944367,0.478125,320,24.0,4.2,15.4,20.4,22.8,13.8,9.8,16.6,39.6,15.6,0.0,14.4,0.01336996336996337,0.7550549450549451,0.0643694400837258,0.16720565149136576,UR,0.9872466388282181,0.0,0.046875,0.0,0.01875,UR,3.0,4,0.0,1.0,0.0,0.0,0.0
size11_comp0.0_grid6_RandomStart_4_1_low,11,0.0,6,low,RandomStart_4_1,random_starts,8,9,17,11,3,1,1,1,5,0,0,0,0.0,0.0,0.0,0.0,64.0,0.24375,0.24375,0.0,0.0,1.03814522899984,1.0,0.6108172795802199,1.03814522899984,1.0,0.6108172795802199,0.0,0.0,0.0,0.34262014923836265,0.24375,320,33.4,4.8,10.8,15.0,22.4,17.2,15.6,7.8,53.2,6.4,0.0,30.0,0.10325033481202592,0.8967496651879742,0.0,0.0,UR,0.38764593502073186,0.0,0.365625,0.0,0.0,UR,11.2,17,0.0,0.0,0.0,0.0,0.0
size11_comp0.0_grid6_RandomStart_8_7_low,11,0.0,6,low,RandomStart_8_7,random_starts,8,9,17,1,8,1,1,1,5,1,1,0,0.2,0.2,0.0,0.2,55.0,0.4036363636363636,0.38345864661654133,1.0,0.17894736842105263,0.6801181605268977,0.8085106382978723,0.4767358048797796,0.8411987774937945,0.8157894736842105,0.5323062094246239,0.0,0.7777777777777778,0.24210520791265885,0.11213586163523584,0.4036363636363636,275,23.4,7.4,12.4,11.8,14.0,13.8,14.2,12.0,33.8,10.4,0.2,11.8,0.13608837970540097,0.5931099246062622,0.11702127659574468,0.15378041909259207,UR,0.9756836873309641,0.0,0.11875,0.0,0.0,UR,4.0,10,0.0,0.2,0.0,0.0,0.0
size11_comp0.0_grid6_ReflectEnv_low,11,0.0,6,low,ReflectEnv,reflect,13,9,22,8,7,1,1,1,10,3,0,0,0.3,0.0,0.0,0.0,64.0,0.2125,0.19823008849557522,0.32,0.0,0.4334420477585118,0.868421052631579,0.5040478797807412,0.3081442750999073,0.75,0.3751283180020799,0.5726617951569613,1.0,0.647291837312587,0.17103424283618063,0.2125,640,2.9,3.2,2.4,55.4,50.3,4.3,5.2,3.1,50.8,2.1,0.2,46.3,0.0696943862388211,0.9219665283427148,0.0,0.008339085418464193,UR,0.41618936610634877,0.0328125,0.7328125,0.0,0.0,UR,42.2,57,0.0,0.0,0.0,0.0,0.0
size11_comp0.0_grid6_RotateEnv_low,11,0.0,6,low,RotateEnv,rotate,13,9,22,8,7,1,1,1,10,0,0,8,0.0,0.0,0.8,0.0,19.6,0.4744897959183674,0.4744897959183674,0.0,0.0,0.6159539344004638,0.8787878787878788,0.4854864934583942,0.6159539344004638,0.8787878787878788,0.4854864934583942,0.0,0.0,0.0,0.1438872650509479,0.4744897959183674,196,3.3,2.9,1.4,12.0,7.9,4.2,3.9,2.6,9.1,2.3,0.0,4.6,0.5137241054613936,0.4862758945386064,0.0,0.0,UL,0.8455963824758861,0.2303125,0.1046875,0.0,0.0,UL,6.3,27,0.8,0.0,0.0,0.0,0.0
size11_comp0.0_grid6_StartGoalSwap_low,11,0.0,6,low,StartGoalSwap,start_goal_swap,9,13,22,8,7,1,1,1,10,1,0,1,0.1,0.0,0.1,0.0,61.6,0.3003246753246753,0.2768959435626102,0.5714285714285714,0.0,0.7100558092429767,0.8103448275862069,0.5332507559793304,0.8384872853685025,0.813953488372093,0.5549676057231151,0.3418855776831359,0.8,0.4709957867138142,0.15526759672408239,0.3003246753246753,616,37.1,5.6,10.2,8.7,26.7,11.9,10.8,11.2,43.7,8.7,0.1,25.0,0.05093598860660281,0.7711405963287327,0.014285714285714285,0.1636377007789503,UR,0.6850066303812965,0.0,0.0765625,0.0,0.018125,UR,3.6,10,0.1,0.0,0.0,0.0,0.0
size11_comp0.0_grid6_TransposeEnv_low,11,0.0,6,low,TransposeEnv,transpose,13,9,22,8,7,1,1,1,10,8,0,0,0.8,0.0,0.0,0.0,64.0,0.49375,0.5945945945945946,0.2653061224489796,0.0,0.8634561082277745,0.8,0.3612514179422418,1.018770983275395,0.7954545454545454,0.2983803644222153,0.43634020184681815,0.8125,0.5341468151223147,0.11214571925797565,0.49375,640,14.4,4.5,16.3,28.7,20.9,14.1,10.8,17.0,38.5,14.6,0.5,14.1,0.13127145257722578,0.4893320216462868,0.3793965257764874,0.0,UR,1.1744639633280873,0.0,0.2546875,0.090625,0.0,UR,18.6,37,0.3,0.7,0.0,0.0,0.0
size11_comp0.0_grid6_base_low,11,0.0,6,low,base,base,13,9,22,8,7,1,1,1,10,0,0,0,0.0,0.0,0.0,0.0,64.0,0.2609375,0.2609375,0.0,0.0,1.1510316853463634,1.0,0.5981590580662149,1.1510316853463634,1.0,0.5981590580662149,0.0,0.0,0.0,0.3597890022925658,0.2609375,640,36.7,5.6,11.1,10.6,25.9,13.2,14.0,9.9,54.9,7.4,0.0,33.2,0.01092857142857143,0.9890714285714285,0.0,0.0,UR,0.057552166254615546,0.0,0.484375,0.0,0.0,UR,20.1,51,1.0,0.0,0.0,0.0,0.0
size11_comp0.0_grid7_RandomStart_8_1_low,11,0.0,7,low,RandomStart_8_1,random_starts,13,9,22,4,9,1,1,1,1,0,0,0,0.0,0.0,0.0,0.0,64.0,0.109375,0.109375,0.0,0.0,0.5119903382853582,1.0,0.8749458491609308,0.5119903382853582,1.0,0.8749458491609308,0.0,0.0,0.0,0.5393939393939393,0.109375,64,52.0,1.0,6.0,5.0,42.0,8.0,9.0,4.0,61.0,2.0,0.0,51.0,0.0,1.0,0.0,0.0,UR,0.0,0.0,0.515625,0.0,0.0,UR,12.0,12,1.0,0.0,0.0,0.0,0.0
size11_comp0.0_grid7_RandomStart_9_3_low,11,0.0,7,low,RandomStart_9_3,random_starts,12,9,21,3,9,1,1,1,5,0,0,2,0.0,0.0,0.4,0.0,56.8,0.22183098591549297,0.22183098591549297,0.0,0.0,0.9267047119114237,1.0,0.6881304335510269,0.9267047119114237,1.0,0.6881304335510269,0.0,0.0,0.0,0.2851956945534927,0.22183098591549297,284,37.2,3.8,8.8,7.0,28.0,10.2,9.8,7.8,46.6,5.4,0.0,32.8,0.013559322033898305,0.9864406779661017,0.0,0.0,UR,0.07152934124912665,0.0,0.387734962406015,0.0,0.0,UR,12.4,25,1.0,0.0,0.0,0.0,0.0
size11_comp0.0_grid7_ReflectEnv_low,11,0.0,7,low,ReflectEnv,reflect,7,9,16,6,5,1,1,1,10,10,0,0,1.0,0.0,0.0,0.0,64.0,0.4171875,0.7183098591549296,0.3313253012048193,0.0,0.7139585096055753,0.7291666666666666,0.38840902119400383,0.8598153398042465,0.6,0.25469653980063817,0.6097750594636674,0.8214285714285714,0.4839179364749793,0.07222533813030628,0.4171875,640,31.7,5.3,11.2,15.8,27.9,13.8,11.4,9.9,40.4,8.3,0.0,22.3,0.02003401360544218,0.7259644969407603,0.07553974743551213,0.1784617420182855,UR,1.0922356064969692,0.0,0.09375,0.0,0.0375,UR,4.6,14,0.0,0.0,0.0,0.0,0.0
size11_comp0.0_grid7_RotateEnv_low,11,0.0,7,low,RotateEnv,rotate,7,9,16,6,5,1,1,1,10,1,1,0,0.1,0.1,0.0,0.1,62.2,0.20096463022508038,0.18923327895595432,1.0,0.034782608695652174,0.7107571997030457,0.625,0.4191941474761672,0.988879582195542,0.6521739130434783,0.5155574824757254,0.0,0.5555555555555556,0.17293229136618493,0.24744465160629575,0.20096463022508038,622,13.7,4.9,7.1,36.3,27.2,13.8,11.5,8.4,52.5,6.5,0.0,36.8,0.002631578947368421,0.9297857619613523,0.0,0.06758265909127908,UR,0.2378472749060332,0.0,0.7523777173913044,0.0,0.004347826086956522,UR,40.1,63,1.0,0.0,0.0,0.0,0.0
size11_comp0.0_grid7_StartGoalSwap_low,11,0.0,7,low,StartGoalSwap,start_goal_swap,9,7,16,6,5,1,1,1,10,0,0,0,0.0,0.0,0.0,0.0,64.0,0.3484375,0.3484375,0.0,0.0,1.1193143601104254,0.9459459459459459,0.5937429483635935,1.1193143601104254,0.9459459459459459,0.5937429483635935,0.0,0.0,0.0,0.12231225260072916,0.3484375,640,24.4,7.5,14.8,17.3,18.6,16.0,13.0,15.4,48.5,13.8,0.0,16.5,0.0985226871673968,0.8661831951855443,0.03529411764705882,0.0,UR,0.41160429079239724,0.0,0.3171875,0.0,0.0,UR,10.8,32,1.0,0.0,0.0,0.0,0.0
size11_comp0.0_grid7_TransposeEnv_low,11,0.0,7,low,TransposeEnv,transpose,7,9,16,6,5,1,1,1,10,2,0,6,0.2,0.0,0.6,0.0,31.8,0.4528301886792453,0.47126436781609193,0.3684210526315789,0.0,0.759663715071121,0.8913043478260869,0.48675864100476046,0.782336027447303,0.868421052631579,0.44115751611013204,0.651970231284256,1.0,0.7033639842542457,0.1408212825434992,0.4528301886792453,318,7.2,3.2,12.7,8.7,8.7,7.1,5.1,9.9,19.5,9.3,3.0,2.2,0.0,0.1544448287789692,0.628195428709118,0.21735974251191276,DL,0.711192309886979,0.0,0.040625,0.0553125,0.0,DL,2.0,6,0.0,0.2,0.0,0.0,0.0
size11_comp0.0_grid7_base_low,11,0.0,7,low,base,base,7,9,16,6,5,1,1,1,10,1,1,4,0.1,0.1,0.4,0.1,44.6,0.24663677130044842,0.2222222222222222,0.6956521739130435,0.05333333333333333,0.6940878340379075,0.8135593220338984,0.5900875650078856,0.7471189476622886,0.8085106382978723,0.6369218624500125,0.4863826390090816,0.8333333333333334,0.406653233359555,0.19082219535425132,0.24663677130044842,446,28.6,3.0,7.1,5.9,23.1,7.7,7.2,5.6,30.8,4.7,0.2,20.9,0.05122413793103449,0.6655325348530216,0.09713888888888889,0.18610443832705498,UR,0.7243098961245352,0.0,0.2073856100795756,0.0,0.0,UR,7.3,21,0.1,0.1,0.0,0.0,0.0
size11_comp0.0_grid7_walls0_low,11,0.0,7,low,walls0,reshuffled_walls,7,9,16,6,5,1,1,1,5,1,1,2,0.2,0.2,0.4,0.2,39.0,0.3282051282051282,0.27906976744186046,0.6956521739130435,0.1,0.4145991638816018,0.8518518518518519,0.5675827664732792,0.44796162816388135,0.8292682926829268,0.6294072568451896,0.30937908422210475,0.9230769230769231,0.37259783530033136,0.14494348244348243,0.3282051282051282,195,21.4,3.4,7.6,6.6,16.2,6.8,8.2,6.8,22.2,5.6,0.6,13.4,0.148614845119813,0.5292434573673616,0.16843501326259946,0.15370668425022602,UR,1.0389116421632998,0.016,0.140625,0.0,0.0,UR,7.0,17,0.0,0.2,0.0,0.0,0.0
size11_comp0.0_grid7_walls1_low,11,0.0,7,low,walls1,reshuffled_walls,7,9,16,6,5,1,1,1,5,1,1,1,0.2,0.2,0.2,0.2,44.8,0.23660714285714285,0.1902439024390244,0.7368421052631579,0.12307692307692308,0.4644683118765952,0.7894736842105263,0.5688409207121277,0.5492368191870088,0.7586206896551724,0.6319662609943425,0.1913253438763736,0.8888888888888888,0.36543704646943526,0.23893825472772842,0.23660714285714285,224,29.6,1.8,7.0,6.4,22.8,7.0,8.0,6.0,33.6,4.2,0.6,23.0,0.01111111111111111,0.7125625892688711,0.1,0.17632629962001778,UR,0.6695715791993125,0.0,0.2375,0.0,0.0,UR,10.0,24,0.2,0.2,0.0,0.0,0.0
size11_comp0.0_grid8_RandomStart_2_4_low,11,0.0,8,low,RandomStart_2_4,random_starts,10,10,20,6,7,1,1,1,5,5,5,0,1.0,1.0,0.0,1.0,33.2,0.7771084337349398,0.875,0.7156862745098039,0.6414835164835165,0.3914017866804939,0.746031746031746,0.23935238662002978,0.4626932876832771,0.7142857142857143,0.17503896252630274,0.33436858587826734,0.7714285714285715,0.2908031258950114,0.16481481481481483,0.7771084337349398,166,8.4,4.6,8.6,11.6,12.8,5.8,6.2,7.4,9.2,7.2,0.4,1.6,0.33075264888564115,0.220690537084399,0.07985994397759104,0.3686968700523688,DR,1.5261040373719246,0.0,0.02142857142857143,0.0,0.030631868131868134,DR,1.2,3,0.6,0.2,0.0,0.0,0.0
size11_comp0.0_grid8_RandomStart_5_4_low,11,0.0,8,low,RandomStart_5_4,random_starts,7,10,17,3,7,1,1,1,5,4,4,0,0.8,0.8,0.0,0.8,38.2,0.5602094240837696,0.46153846153846156,0.6781609195402298,0.48076115189158664,0.3162631485922029,0.7361111111111112,0.4001475510005971,0.4417471461524761,0.6785714285714286,0.35623382208853344,0.23640969559930172,0.7727272727272727,0.4280926512173649,0.11859567901234569,0.5602094240837696,191,7.8,4.6,8.6,17.2,18.4,6.8,6.8,5.2,17.4,4.4,0.2,10.2,0.2,0.40300925925925923,0.037037037037037035,0.35995370370370366,UR,1.0517159344375753,0.010060606060606062,0.07991718426501035,0.0,0.04329004329004329,UR,2.8,7,0.0,0.4,0.0,0.0,0.0
size11_comp0.0_grid8_ReflectEnv_low,11,0.0,8,low,ReflectEnv,reflect,6,10,16,4,6,1,1,1,10,0,0,9,0.0,0.0,0.9,0.0,21.8,0.25688073394495414,0.25688073394495414,0.0,0.0,0.9801371872233391,1.0,0.6587358352943038,0.9801371872233391,1.0,0.6587358352943038,0.0,0.0,0.0,0.26712505515026524,0.25688073394495414,218,11.6,3.3,2.3,4.6,7.0,4.7,4.1,5.0,14.2,4.2,0.0,6.3,0.6933959054735436,0.3066040945264565,0.0,0.0,UL,0.30894587339404145,0.0,0.050520833333333334,0.0,0.0,UR,2.0,13,0.6,0.0,0.0,0.0,0.0
size11_comp0.0_grid8_RotateEnv_low,11,0.0,8,low,RotateEnv,rotate,6,10,16,4,6,1,1,1,10,8,0,0,0.8,0.0,0.0,0.0,64.0,0.415625,0.5878378378378378,0.26744186046511625,0.0,0.9401324300785515,0.8085106382978723,0.42498476938379787,0.8943002587722871,0.7333333333333333,0.29866014660725815,1.021012732383724,0.9411764705882353,0.6479105742835739,0.11003915279245442,0.415625,640,24.3,5.6,15.8,18.3,21.3,15.4,10.9,15.4,47.4,14.7,4.5,17.5,0.2897332944832945,0.7102667055167056,0.0,0.0,UR,0.7541565013562457,0.0078125,0.0375,0.0,0.0,UR,2.5,10,0.2,0.8,0.0,0.0,0.0
size11_comp0.0_grid8_StartGoalSwap_low,11,0.0,8,low,StartGoalSwap,start_goal_swap,10,6,16,4,6,1,1,1,10,2,1,2,0.2,0.1,0.2,0.1,48.3,0.19461697722567287,0.17659574468085107,0.8461538461538461,0.059259259259259255,0.38366730157316353,0.6857142857142857,0.3547924431068822,0.3968986110691805,0.6896551724137931,0.36794725454565874,0.31971597234241494,0.6666666666666666,0.291210854486129,0.20539347289560392,0.19461697722567287,483,2.5,3.7,1.6,40.4,36.3,4.0,3.9,2.9,39.5,1.5,0.1,36.1,0.0,0.8523809523809524,0.0,0.14761904761904762,UR,0.162076238534488,0.0,0.5046875,0.0,0.007407407407407407,UR,31.6,61,0.0,0.2,0.0,0.0,0.0
size11_comp0.0_grid8_TransposeEnv_low,11,0.0,8,low,TransposeEnv,transpose,6,10,16,4,6,1,1,1,10,8,6,0,0.8,0.6,0.0,0.6,39.9,0.48370927318295737,0.4751131221719457,0.4943820224719101,0.4247721780135573,0.7013434851006352,0.7530864197530864,0.4170012914380169,0.9560913280879281,0.6388888888888888,0.4204587667517033,0.4975452107108008,0.8444444444444444,0.4142353111870677,0.12391918780807666,0.48370927318295737,399,14.9,5.4,8.0,11.6,17.4,7.8,8.3,5.4,21.9,4.8,0.5,11.3,0.024324324324324326,0.24462761633814267,0.5004452083662609,0.230602850971272,DL,0.9565640268366533,0.0,0.0921875,0.07744252873563219,0.0078125,UR,6.0,27,0.6,0.0,0.0,0.0,0.0
size11_comp0.0_grid8_base_low,11,0.0,8,low,base,base,6,10,16,4,6,1,1,1,10,2,1,0,0.2,0.1,0.0,0.1,63.1,0.1838351822503962,0.1445578231292517,0.7209302325581395,0.02909090909090909,0.36162056609957777,0.6470588235294118,0.4407200482429818,0.5430157541459725,0.5,0.4716125253883501,0.23464393446710155,0.75,0.419095314241224,0.1716173011456369,0.1838351822503962,631,3.8,3.6,5.0,50.7,43.1,6.1,5.2,7.7,54.2,5.2,0.1,44.7,0.044871794871794865,0.845970695970696,0.0,0.10915750915750914,UR,0.37525634575199046,0.0,0.1703125,0.0,0.0,UR,10.8,52,0.8,0.2,0.0,0.0,0.0
size11_comp0.0_grid8_walls0_low,11,0.0,8,low,walls0,reshuffled_walls,6,10,16,4,6,1,1,1,5,4,3,0,0.8,0.6,0.0,0.6,47.0,0.35319148936170214,0.22033898305084745,0.7586206896551724,0.2867132867132867,0.2739059711897477,0.6744186046511628,0.3758126960303861,0.42654803598999097,0.5384615384615384,0.323820225988868,0.2077610764429756,0.7333333333333333,0.39834276638171057,0.06925872093023255,0.35319148936170214,235,5.2,4.8,7.0,30.0,28.4,6.6,7.2,3.8,31.0,3.2,0.6,25.8,0.14836601307189543,0.5848956636918333,0.01111111111111111,0.2556272121251601,UR,0.9256299260815091,0.0,0.0,0.0,0.0,,0.0,0,0.6,0.4,0.0,0.0,0.0
size11_comp0.0_grid8_walls1_low,11,0.0,8,low,walls1,reshuffled_walls,6,10,16,4,6,1,1,1,5,2,1,0,0.4,0.2,0.0,0.2,62.8,0.27070063694267515,0.1728395061728395,0.6056338028169014,0.05517241379310345,0.3771929088154105,0.6944444444444444,0.36412501945688375,0.4453238656086146,0.6,0.40684181592869384,0.32852793967740757,0.7619047619047619,0.3336130219770193,0.14329717755891253,0.27070063694267515,314,4.8,4.6,8.4,45.0,39.2,6.0,5.6,11.0,51.8,8.8,0.2,37.0,0.14090909090909093,0.7505031712473572,0.0,0.1085877378435518,UR,0.5319959324243154,0.003125,0.07349137931034483,0.0,0.0,UR,4.4,11,0.8,0.0,0.0,0.0,0.0
size11_comp0.0_grid9_RandomStart_4_7_low,11,0.0,9,low,RandomStart_4_7,random_starts,2,8,10,6,2,1,1,1,5,5,5,0,1.0,1.0,0.0,1.0,13.2,0.8787878787878788,0.8571428571428571,0.8846153846153846,0.8095238095238095,0.3935529137664351,0.7391304347826086,0.21360422694982797,0.4125056054120885,0.5,0.22502094098464734,0.38956287341998175,0.7894736842105263,0.2112007082056555,0.14606625258799172,0.8787878787878788,66,2.6,0.6,3.0,7.0,4.8,2.4,2.2,2.8,3.6,2.8,0.8,0.0,0.0,0.0,0.6824561403508771,0.3175438596491228,DL,0.7382767004057745,0.0,0.0,0.0,0.0,,0.0,0,0.8,0.8,0.0,0.0,0.0
size11_comp0.0_grid9_RandomStart_6_5_low,11,0.0,9,low,RandomStart_6_5,random_starts,6,8,14,2,6,1,1,1,5,3,3,0,0.6,0.6,0.0,0.6,43.2,0.5509259259259259,0.49390243902439024,0.7307692307692307,0.29712566844919786,0.6630536607131218,0.8653846153846154,0.43364398781413305,0.8080223176000134,0.8709677419354839,0.43947020007884524,0.44905231007056734,0.8571428571428571,0.4250433887567007,0.06320738977621568,0.5509259259259259,216,11.2,7.6,11.4,13.0,11.2,11.2,9.0,10.8,23.0,10.4,0.4,3.8,0.13393035535892678,0.2068574282859997,0.34719090433376143,0.312021312021312,DL,1.1991448974959231,0.0,0.09375,0.0,0.01764705882352941,UR,5.0,23,0.0,0.4,0.0,0.0,0.0
size11_comp0.0_grid9_ReflectEnv_low,11,0.0,9,low,ReflectEnv,reflect,10,8,18,6,6,1,1,1,10,2,1,0,0.2,0.1,0.0,0.1,59.6,0.29194630872483224,0.27787307032590053,0.9230769230769231,0.09,0.5455694992669268,0.7358490566037735,0.37599254434227436,0.6259344990964446,0.7906976744186046,0.42723754018243904,0.2,0.5,0.15563906222956642,0.0958219951569711,0.29194630872483224,596,12.8,5.9,7.5,33.3,23.5,12.3,11.0,11.6,46.2,7.7,0.1,30.3,0.05883307645602729,0.7837310261080753,0.007692307692307693,0.14974358974358976,UR,0.2653816263416033,0.0,0.6578125,0.0,0.0015625,UR,37.6,60,0.0,0.2,0.0,0.0,0.0
size11_comp0.0_grid9_RotateEnv_low,11,0.0,9,low,RotateEnv,rotate,10,8,18,6,6,1,1,1,10,7,6,0,0.7,0.6,0.0,0.6,52.1,0.5335892514395394,0.4859550561797753,0.6363636363636364,0.25583336673909035,0.724949363949325,0.8089887640449438,0.39677122124126674,0.9336539831675736,0.8125,0.3537983962487629,0.4806122487669852,0.8048780487804879,0.4470808700129785,0.13825064417949337,0.5335892514395394,521,13.7,9.3,10.2,18.8,17.9,10.4,11.1,11.5,27.4,10.5,0.2,9.0,0.28746084868781663,0.2208981444454698,0.3217065445124598,0.1699344623542538,DL,1.2664477022385985,0.0017241379310344827,0.18125,0.04180936520376176,0.0,UR,13.2,48,0.4,0.0,0.0,0.0,0.0
size11_comp0.0_grid9_StartGoalSwap_low,11,0.0,9,low,StartGoalSwap,start_goal_swap,8,10,18,6,6,1,1,1,10,0,0,9,0.0,0.0,0.9,0.0,28.4,0.2007042253521127,0.2007042253521127,0.0,0.0,0.8517281313505765,1.0,0.7813720392083493,0.8517281313505765,1.0,0.7813720392083493,0.0,0.0,0.0,0.46722406006778755,0.2007042253521127,284,19.5,1.2,4.5,3.1,13.9,5.6,4.6,3.1,19.8,2.3,0.0,14.6,0.0,1.0,0.0,0.0,UR,0.0,0.0,0.46761111391383314,0.0,0.0,UR,11.3,32,0.0,0.0,0.0,0.0,0.0
size11_comp0.0_grid9_TransposeEnv_low,11,0.0,9,low,TransposeEnv,transpose,10,8,18,6,6,1,1,1,10,7,0,0,0.7,0.0,0.0,0.0,64.0,0.4671875,0.5670995670995671,0.20786516853932585,0.0,1.0465442163689191,0.8771929824561403,0.4349310387383136,1.1091699853312096,0.8333333333333334,0.33673631342729227,0.8711920632745059,1.0,0.7098762696091734,0.17014490633842536,0.4671875,640,13.7,9.0,14.7,26.6,18.7,13.1,15.7,15.5,41.6,14.6,0.5,10.4,0.28305082271209675,0.4479238306164494,0.26117919282530005,0.007846153846153846,UR,1.0558687250944747,0.0,0.1890625,0.0125,0.0,UR,10.0,36,0.2,0.6,0.0,0.0,0.0
size11_comp0.0_grid9_base_low,11,0.0,9,low,base,base,10,8,18,6,6,1,1,1,10,1,1,0,0.1,0.1,0.0,0.1,61.1,0.3993453355155483,0.3910149750415973,0.9,0.05142857142857142,0.8874481271033444,0.9210526315789473,0.4364246241241552,1.1283803044802445,0.9655172413793104,0.4729816196539,0.1111111111111111,0.7777777777777778,0.31862986075053296,0.17378237490803108,0.3993453355155483,611,18.9,7.0,16.6,18.6,17.0,15.1,11.7,16.3,46.8,14.9,0.1,15.2,0.16125953427677567,0.7652578922406508,0.05075530075530075,0.022727272727272728,UR,0.6371774787918144,0.0,0.3578125,0.0,0.0,UR,12.3,22,0.8,0.0,0.0,0.0,0.0
size11_comp0.0_grid9_walls0_low,11,0.0,9,low,walls0,reshuffled_walls,10,8,18,6,6,1,1,1,5,1,1,0,0.2,0.2,0.0,0.2,60.0,0.35333333333333333,0.3356164383561644,1.0,0.08181818181818182,0.6211340387045167,0.9411764705882353,0.4458196338088861,0.8122522044597525,0.9615384615384616,0.49918925685723836,0.0,0.875,0.2723683589017412,0.11854703815860193,0.35333333333333333,300,23.2,6.2,13.4,17.2,21.0,14.4,11.0,12.6,47.6,10.8,0.2,18.8,0.014557377049180328,0.8654426229508196,0.088,0.032,UR,0.37374284452245055,0.0,0.43125,0.0,0.0,UR,10.0,18,0.8,0.2,0.0,0.0,0.0
size11_comp0.0_grid9_walls1_low,11,0.0,9,low,walls1,reshuffled_walls,10,8,18,6,6,1,1,1,4,0,0,0,0.0,0.0,0.0,0.0,64.0,0.2421875,0.2421875,0.0,0.0,1.029484333254475,1.0,0.7178543435015813,1.029484333254475,1.0,0.7178543435015813,0.0,0.0,0.0,0.4454679669195798,0.2421875,256,27.0,2.75,12.75,21.5,22.75,15.5,12.0,12.75,55.5,10.5,0.0,30.25,0.0,1.0,0.0,0.0,UR,0.0,0.0,0.671875,0.0,0.0,UR,16.5,30,1.0,0.0,0.0,0.0,0.0
size11_comp0.2_grid0_RandomStart_3_5_low,11,0.2,0,low,RandomStart_3_5,random_starts,5,9,14,6,4,1,1,1,3,2,1,0,0.6666666666666666,0.3333333333333333,0.0,0.3333333333333333,63.333333333333336,0.41578947368421054,0.3869047619047619,0.6363636363636364,0.07526881720430108,0.541086154930312,0.673288486861083,0.522685257959506,0.6557830842811124,0.7443090517490053,0.6065079997750643,0.17150716035551072,0.4444444444444444,0.25258975655381816,0.14165457944279028,0.41578947368421054,190,13.666666666666666,7.666666666666667,18.0,24.0,17.666666666666668,13.666666666666666,14.0,17.0,48.666666666666664,16.333333333333332,0.3333333333333333,16.666666666666668,0.01725181598062954,0.3220338983050847,0.6607142857142857,0.0,DL,0.11427119672805408,0.0,0.22916666666666666,0.08333333333333333,0.0,UR,9.666666666666666,24,0.0,0.0,0.0,0.0,0.0
size11_comp0.2_grid0_RandomStart_7_1_low,11,0.2,0,low,RandomStart_7_1,random_starts,9,9,18,8,5,1,1,1,3,0,0,0,0.0,0.0,0.0,0.0,64.0,0.15625,0.15625,0.0,0.0,0.9555507744239434,1.0,0.7500657040862788,0.9555507744239434,1.0,0.7500657040862788,0.0,0.0,0.0,0.33680202398518994,0.15625,192,32.666666666666664,2.6666666666666665,7.333333333333333,21.333333333333332,24.666666666666668,17.333333333333332,13.666666666666666,7.333333333333333,58.0,5.0,0.0,42.0,0.0,1.0,0.0,0.0,UR,0.0,0.0,0.90625,0.0,0.0,UR,34.0,51,1.0,0.0,0.0,0.0,0.0
size11_comp0.2_grid0_ReflectEnv_low,11,0.2,0,low,ReflectEnv,reflect,5,9,14,12,1,1,1,1,10,7,5,2,0.7,0.5,0.2,0.5,45.8,0.4781659388646288,0.5235602094240838,0.44569288389513106,0.17576641767818238,1.03636888444806,0.5,0.3725633792862496,1.0655247324239752,0.5,0.4285934423398999,1.0094557940087538,0.5,0.32084332108288,0.10880510584000284,0.4781659388646288,458,11.6,5.3,7.8,21.1,15.7,9.3,9.6,10.2,27.7,9.1,1.2,9.8,0.0,0.11796321070234113,0.27092443351139,0.6111123557862688,DR,1.1369107374001917,0.0,0.0,0.022023809523809522,0.0,DL,1.2,10,0.1,0.0,0.0,0.0,0.0
size11_comp0.2_grid0_RotateEnv_low,11,0.2,0,low,RotateEnv,rotate,5,9,14,12,1,1,1,1,10,7,0,0,0.7,0.0,0.0,0.0,64.0,0.2578125,0.23809523809523808,0.3015075376884422,0.0,1.068440047706421,0.6206896551724138,0.5740749776390712,1.0847860297855667,0.3333333333333333,0.6187452580027353,1.0610843557708054,0.75,0.5539733514754224,0.18383642469349287,0.2578125,640,13.2,9.4,8.1,33.2,23.1,13.4,14.1,12.2,53.3,8.5,2.9,32.9,0.0025,0.9599725274725275,0.0,0.03752747252747253,UR,0.17631730926281045,0.0,0.5734375,0.0,0.0,UR,30.6,61,1.0,0.0,0.0,0.0,0.0
size11_comp0.2_grid0_StartGoalSwap_low,11,0.2,0,low,StartGoalSwap,start_goal_swap,9,5,14,12,1,1,1,1,10,0,0,0,0.0,0.0,0.0,0.0,64.0,0.1875,0.1875,0.0,0.0,0.8843925705492311,0.7083333333333334,0.6396088704352095,0.8843925705492311,0.7083333333333334,0.6396088704352095,0.0,0.0,0.0,0.4431033350646352,0.1875,640,21.4,4.0,4.2,34.4,26.1,15.3,15.0,6.6,49.3,3.9,0.0,38.6,0.07275132275132275,0.9272486772486772,0.0,0.0,UR,0.3745580649986896,0.0,0.79375,0.0,0.0,UR,42.6,54,0.0,0.0,0.0,0.0,0.0
size11_comp0.2_grid0_TransposeEnv_low,11,0.2,0,low,TransposeEnv,transpose,5,9,14,12,1,1,1,1,10,9,9,0,0.9,0.9,0.0,0.9,39.4,0.49238578680203043,0.5306122448979592,0.45454545454545453,0.35145390070921984,0.876842831175682,0.58,0.3831008109871191,1.1290657044679393,0.6538461538461539,0.44418476421208186,0.60360138510907,0.5,0.3169265283267428,0.08768208670519324,0.49238578680203043,394,19.7,2.8,11.2,5.7,15.0,8.2,10.0,5.2,22.2,4.3,0.2,12.9,0.08695181722035941,0.40293909382304516,0.08703703703703704,0.4230720519195583,DR,1.1457917385438336,0.02,0.005,0.04375,0.011061507936507935,DL,2.7,15,0.4,0.0,0.0,0.0,0.0
size11_comp0.2_grid0_base_low,11,0.2,0,low,base,base,5,9,14,12,1,1,1,1,10,2,1,0,0.2,0.1,0.0,0.1,59.5,0.1781512605042017,0.17222222222222222,0.23636363636363636,0.07368421052631578,0.7224189108783802,0.6585365853658537,0.5157830256746551,0.8595427557694634,0.7142857142857143,0.5922418061658054,0.4270752449591239,0.5384615384615384,0.35110257538602363,0.26788661448039075,0.1781512605042017,595,29.6,1.5,12.1,16.3,23.7,15.4,12.4,7.0,48.0,5.1,0.0,36.0,0.026666666666666665,0.7659523809523809,0.09649122807017543,0.11088972431077693,UR,0.4527259483457276,0.0,0.66875,0.0,0.0,UR,38.9,59,0.1,0.0,0.0,0.0,0.0
size11_comp0.2_grid0_walls0_low,11,0.2,0,low,walls0,reshuffled_walls,5,9,14,12,1,1,1,1,2,0,0,0,0.0,0.0,0.0,0.0,64.0,0.2734375,0.2734375,0.0,0.0,0.967544672359635,0.6945220238438645,0.6304837996802038,0.967544672359635,0.6945220238438645,0.6304837996802038,0.0,0.0,0.0,0.11941867656153365,0.2734375,128,24.0,3.5,14.0,22.5,22.0,13.5,11.5,16.0,46.5,11.0,0.0,24.0,0.0,0.7704918032786885,0.0,0.22950819672131145,UR,0.7594176009434458,0.0,0.5234375,0.0,0.0078125,UR,27.5,29,0.0,0.0,0.0,0.0,0.0
size11_comp0.2_grid0_walls1_low,11,0.2,0,low,walls1,reshuffled_walls,5,9,14,12,1,1,1,1,5,0,0,0,0.0,0.0,0.0,0.0,64.0,0.196875,0.196875,0.0,0.0,0.8558047227913503,0.7,0.7465847060320325,0.8558047227913503,0.7,0.7465847060320325,0.0,0.0,0.0,0.18007864199040668,0.196875,320,30.0,3.0,10.4,20.6,22.0,14.4,15.2,11.4,51.2,7.6,0.0,33.2,0.0,0.955952380952381,0.0,0.044047619047619044,UR,0.2586530720729283,0.0,0.7375,0.0,0.0,UR,37.8,52,0.0,0.0,0.0,0.0,0.0
size11_comp0.2_grid1_RandomStart_9_5_low,11,0.2,1,low,RandomStart_9_5,random_starts,5,5,10,8,1,1,1,1,5,3,0,0,0.6,0.0,0.0,0.0,64.0,0.290625,0.3931034482758621,0.2057142857142857,0.0,0.8259880445413947,0.6666666666666666,0.595995578390398,0.8023952471752401,0.5,0.4108553354898296,0.8448622824343186,0.8,0.7441077727108527,0.20091196798093347,0.290625,320,26.2,4.6,15.0,18.2,21.0,13.4,16.0,12.6,48.2,10.0,0.4,25.6,0.042283224400871455,0.9537952069716775,0.00392156862745098,0.0,UR,0.24655344116080355,0.0,0.428125,0.0,0.0,UR,13.0,20,0.0,0.0,0.0,0.0,0.0
size11_comp0.2_grid1_RandomStart_9_8_low,11,0.2,1,low,RandomStart_9_8,random_starts,8,5,13,7,3,1,1,1,2,0,0,1,0.0,0.0,0.5,0.0,38.0,0.39473684210526316,0.39473684210526316,0.0,0.0,0.5626877124833686,0.5909090909090909,0.5702823234562179,0.5626877124833686,0.5909090909090909,0.5702823234562179,0.0,0.0,0.0,0.07300685425685424,0.39473684210526316,76,12.5,2.5,12.5,10.5,9.0,11.5,7.5,9.0,26.0,8.0,0.0,12.0,0.0,0.47580645161290325,0.1,0.4241935483870968,UR,0.5007168202620211,0.0,0.2109375,0.0,0.049479166666666664,UR,5.0,9,0.5,0.0,0.0,0.0,0.0
size11_comp0.2_grid1_ReflectEnv_low,11,0.2,1,low,ReflectEnv,reflect,6,5,11,5,3,1,1,1,10,4,2,0,0.4,0.2,0.0,0.2,63.3,0.4344391785150079,0.4369602763385147,0.4074074074074074,0.03636612021857923,0.8964240469072259,0.5263157894736842,0.4382624915815562,1.0948927174754055,0.5416666666666666,0.39458917944673905,0.556192040218918,0.5,0.5131310266698141,0.14046316826103208,0.4344391785150079,633,13.6,11.4,20.0,18.3,16.7,12.1,15.7,17.8,47.2,15.7,0.0,11.9,0.011681848852901484,0.08281198278715657,0.9015360425737784,0.003970125786163522,DL,0.33051939603245695,0.0,0.025,0.015959699453551912,0.0,UR,1.5,6,0.9,0.0,0.0,0.0,0.0
size11_comp0.2_grid1_RotateEnv_low,11,0.2,1,low,RotateEnv,rotate,6,5,11,5,3,1,1,1,10,0,0,0,0.0,0.0,0.0,0.0,64.0,0.25,0.25,0.0,0.0,0.9722056106232823,0.7333333333333333,0.7375008606147504,0.9722056106232823,0.7333333333333333,0.7375008606147504,0.0,0.0,0.0,0.48919684762856563,0.25,640,32.3,2.7,14.1,14.9,20.9,16.7,13.5,11.9,54.2,10.1,0.0,30.3,0.0,1.0,0.0,0.0,UR,0.0,0.0,0.553125,0.0,0.0,UR,14.1,37,1.0,0.0,0.0,0.0,0.0
size11_comp0.2_grid1_StartGoalSwap_low,11,0.2,1,low,StartGoalSwap,start_goal_swap,5,6,11,5,3,1,1,1,10,7,0,0,0.7,0.0,0.0,0.0,64.0,0.4078125,0.49085365853658536,0.32051282051282054,0.0,1.0125477445895146,0.6146240625180288,0.4229785234019114,1.0457660394217074,0.55,0.3056811010186606,0.9793294497573216,0.6792481250360578,0.5402759457851622,0.19842501558018802,0.4078125,640,11.7,11.1,13.6,27.6,17.4,14.8,13.1,17.7,46.3,14.8,0.0,15.9,0.011169804158013445,0.317560325569252,0.4803190823022999,0.19095078797043452,DL,0.7235587165689887,0.0,0.0203125,0.0,0.0,UR,1.3,4,0.4,0.0,0.0,0.0,0.0
size11_comp0.2_grid1_TransposeEnv_low,11,0.2,1,low,TransposeEnv,transpose,6,5,11,5,3,1,1,1,10,1,1,2,0.1,0.1,0.2,0.1,47.1,0.23142250530785563,0.22317596566523606,1.0,0.1,0.7199948257176559,0.53125,0.5232046194481038,0.8533272008505551,0.48148148148148145,0.5739790860926959,0.0,0.8,0.24902249956730627,0.2478689954997699,0.23142250530785563,471,29.2,2.8,7.7,7.4,21.8,10.4,7.2,6.7,36.0,4.2,0.0,24.9,0.02867003367003367,0.8331659917143789,0.0,0.13816397461558752,UR,0.45585524827293267,0.0,0.428125,0.0,0.0,UR,12.7,28,0.1,0.0,0.0,0.0,0.0
size11_comp0.2_grid1_base_low,11,0.2,1,low,base,base,6,5,11,5,3,1,1,1,10,3,1,7,0.3,0.1,0.7,0.1,20.7,0.46859903381642515,0.512396694214876,0.4069767441860465,0.05238095238095238,0.7044192979415177,0.6274509803921569,0.45246473095785533,0.7719377740058064,0.5384615384615384,0.37512366024168825,0.6342000828346575,0.72,0.5328994445026691,0.16865574512633338,0.46859903381642515,207,6.6,2.2,7.5,4.4,5.9,5.0,5.3,3.5,10.4,3.1,1.3,3.6,0.0728989898989899,0.09792929292929294,0.39801010101010104,0.43116161616161613,DR,0.9792622591986703,0.0,0.015625,0.0140625,0.0,UR,1.0,6,0.5,0.0,0.0,0.0,0.0
size11_comp0.2_grid1_walls0_low,11,0.2,1,low,walls0,reshuffled_walls,6,5,11,5,3,1,1,1,5,0,0,5,0.0,0.0,1.0,0.0,5.4,0.5925925925925926,0.5925925925925926,0.0,0.0,0.3192547888570385,0.6363636363636364,0.5181246532725496,0.3192547888570385,0.6363636363636364,0.5181246532725496,0.0,0.0,0.0,0.11212121212121214,0.5925925925925926,27,2.0,0.0,3.2,0.2,1.8,1.4,1.0,0.2,0.2,0.2,0.0,0.0,0.0,0.0,0.5666666666666667,0.4333333333333333,DL,0.854515734113324,0.0,0.0,0.02857142857142857,0.0,DL,0.2,1,0.2,0.0,0.0,0.0,0.0
size11_comp0.2_grid1_walls1_low,11,0.2,1,low,walls1,reshuffled_walls,6,5,11,5,3,1,1,1,5,0,0,5,0.0,0.0,1.0,0.0,5.2,0.5769230769230769,0.5769230769230769,0.0,0.0,0.5108018533657073,0.6363636363636364,0.507054223043852,0.5108018533657073,0.6363636363636364,0.507054223043852,0.0,0.0,0.0,0.1803030303030303,0.5769230769230769,26,2.0,0.0,3.2,0.0,2.0,1.0,1.2,0.0,0.2,0.0,0.0,0.2,0.0,0.0,0.6,0.4,DL,0.8490224995673064,0.0,0.0,0.0,0.0,,0.0,0,0.2,0.0,0.0,0.0,0.0
size11_comp0.2_grid2_RandomStart_1_2_low,11,0.2,2,low,RandomStart_1_2,random_starts,9,3,12,8,3,1,1,1,5,4,4,0,0.8,0.8,0.0,0.8,41.2,0.45145631067961167,0.4340659340659341,0.5833333333333334,0.3488888888888889,0.553194913616304,0.5925925925925926,0.4496748435067654,0.5607344428160222,0.6086956521739131,0.4810607962698231,0.5098426207179249,0.5,0.2692056151191835,0.09989711934156377,0.45145631067961167,206,7.0,8.2,5.2,20.8,17.4,9.6,7.2,6.0,22.2,4.6,0.4,13.2,0.3179098616386752,0.5801372764084628,0.036498316498316495,0.06545454545454546,UR,1.1576296456489614,0.12935185185185186,0.1585185185185185,0.0,0.0,UR,7.4,20,0.0,1.0,0.0,0.0,0.0
size11_comp0.2_grid2_RandomStart_6_8_low,11,0.2,2,low,RandomStart_6_8,random_starts,8,3,11,9,1,1,1,1,5,2,1,0,0.4,0.2,0.0,0.2,62.8,0.4968152866242038,0.498220640569395,0.48484848484848486,0.03793103448275862,0.9211374321427713,0.7083333333333334,0.3916534306625867,1.0014001463735347,0.7435897435897436,0.3787755301332423,0.5733323371427967,0.5555555555555556,0.44745766628974565,0.10903933858897093,0.4968152866242038,314,14.2,10.8,18.4,19.2,14.4,15.4,11.8,19.8,41.6,19.0,0.0,3.0,0.0,0.1653095001655081,0.1786710418375718,0.6560194579969202,DR,0.7709114948427751,0.0,0.04471982758620689,0.015625,0.07564655172413794,DR,4.0,11,0.8,0.2,0.0,0.0,0.0
size11_comp0.2_grid2_ReflectEnv_low,11,0.2,2,low,ReflectEnv,reflect,8,3,11,7,3,1,1,1,10,3,3,4,0.3,0.3,0.4,0.3,39.5,0.3189873417721519,0.3074866310160428,0.5238095238095238,0.09722222222222222,0.8460262162764715,0.4166666666666667,0.3387513471883037,0.8522947270161444,0.4,0.3478610382175738,0.8146836625781068,0.5,0.2932028920419534,0.25961857895818313,0.3189873417721519,395,21.5,2.1,10.8,5.1,17.8,8.5,7.7,4.5,29.6,3.8,0.9,19.9,0.42137367863568576,0.5786263213643144,0.0,0.0,UR,0.7225066422848917,0.09715488215488215,0.1751809764309764,0.0,0.0,UR,6.3,14,0.5,0.5,0.0,0.0,0.0
size11_comp0.2_grid2_RotateEnv_low,11,0.2,2,low,RotateEnv,rotate,8,3,11,7,3,1,1,1,10,2,1,4,0.2,0.1,0.4,0.1,48.7,0.33880903490759756,0.3361884368308351,0.4,0.02972972972972973,1.05226857407261,0.5714285714285714,0.5608189295067652,1.1729587813832774,0.5333333333333333,0.5233174202165648,0.750543055795941,0.6666666666666666,0.654572702732266,0.22229009203044392,0.33880903490759756,487,14.2,8.1,21.7,4.7,14.1,11.3,13.1,9.2,38.6,7.1,0.1,20.8,0.28975079989260666,0.0,0.7102492001073933,0.0,DL,0.7712041604816778,0.05960516437490122,0.0,0.11608110899801405,0.0,DL,5.5,12,0.9,0.1,0.0,0.0,0.0
size11_comp0.2_grid2_StartGoalSwap_low,11,0.2,2,low,StartGoalSwap,start_goal_swap,3,8,11,7,3,1,1,1,10,6,2,0,0.6,0.2,0.0,0.2,62.7,0.17065390749601275,0.1346153846153846,0.27672955974842767,0.03849665246500304,0.7490359910951431,0.3877443751081734,0.46833482671315557,0.5500914854893771,0.5,0.38965498674347465,0.8342979220690427,0.3396348215831049,0.5020547581287331,0.3182187054249308,0.17065390749601275,627,13.8,2.4,6.8,39.7,41.1,7.3,6.2,7.1,55.7,4.8,0.5,46.4,0.03695081967213115,0.9630491803278687,0.0,0.0,UR,0.13613918059654898,0.006999391357273279,0.8010527617163724,0.0,0.0,UR,44.2,64,1.0,1.0,0.0,0.0,0.0
size11_comp0.2_grid2_TransposeEnv_low,11,0.2,2,low,TransposeEnv,transpose,8,3,11,7,3,1,1,1,10,0,0,0,0.0,0.0,0.0,0.0,64.0,0.259375,0.259375,0.0,0.0,1.1492404199570545,0.6923076923076923,0.6257326746933517,1.1492404199570545,0.6923076923076923,0.6257326746933517,0.0,0.0,0.0,0.3280156686511024,0.259375,640,17.4,9.0,9.5,28.1,20.5,16.3,14.3,11.9,46.1,9.0,0.0,25.8,0.16668583525085331,0.7942816972166791,0.0,0.03903246753246754,UR,0.7555897359156776,0.028125,0.434375,0.0,0.0,UR,23.2,36,0.0,0.0,0.0,0.0,0.0
size11_comp0.2_grid2_base_low,11,0.2,2,low,base,base,8,3,11,7,3,1,1,1,10,6,6,0,0.6,0.6,0.0,0.6,40.9,0.5036674816625917,0.48118279569892475,0.7297297297297297,0.2886336429308566,1.014775062650076,0.6363636363636364,0.39846842319934667,1.076220983333168,0.6458333333333334,0.4057320154947801,0.5934316065374468,0.5714285714285714,0.34866093317351743,0.12907335979528495,0.5036674816625917,409,7.4,9.4,7.9,16.2,13.7,9.3,9.0,7.9,22.9,7.2,0.1,6.2,0.25138591013244016,0.39924370430562384,0.16870814378402568,0.18066224177791035,UR,0.9700869169992272,0.12046874539289398,0.09316349697773847,0.0,0.0046875,UL,4.0,11,0.1,0.5,0.0,0.0,0.0
size11_comp0.2_grid2_walls0_low,11,0.2,2,low,walls0,reshuffled_walls,10,3,13,7,3,1,1,1,5,4,3,1,0.8,0.6,0.2,0.6,30.0,0.6,0.6415094339622641,0.5,0.3188095238095238,0.6176971762817365,0.5293233108303015,0.3090175390785631,0.539273891554773,0.5566058035971841,0.2848016418111248,0.8616807287656231,0.4444444444444444,0.3843558861328158,0.0742844992844993,0.6,150,4.6,4.2,7.6,13.6,10.8,5.6,6.8,5.8,15.2,5.4,0.8,5.6,0.4015065913370998,0.5884934086629001,0.0,0.01,UR,0.8335766862572429,0.0458306277056277,0.08175595238095237,0.0,0.0,UR,3.6,11,0.4,0.6,0.0,0.0,0.0
size11_comp0.2_grid2_walls1_low,11,0.2,2,low,walls1,reshuffled_walls,8,3,11,7,3,1,1,1,5,3,3,0,0.6,0.6,0.0,0.6,44.6,0.515695067264574,0.49504950495049505,0.7142857142857143,0.2479598662207358,0.9229485798476573,0.5555555555555556,0.39412175193922155,1.0024366522946637,0.5555555555555556,0.4147327780919759,0.5255082176126247,0.5555555555555556,0.29106662117544974,0.11144580727914064,0.515695067264574,223,8.6,11.4,9.0,15.6,13.8,9.6,10.2,10.0,24.2,9.0,0.2,6.0,0.20825009008659623,0.43728397395810614,0.11035460992907802,0.24411132602621963,UR,1.168463383246691,0.02879180602006689,0.026387959866220733,0.003125,0.0,UL,1.0,1,0.0,0.6,0.0,0.0,0.0
size11_comp0.2_grid3_RandomStart_1_4_low,11,0.2,3,low,RandomStart_1_4,random_starts,10,8,18,2,8,1,1,1,5,0,0,3,0.0,0.0,0.6,0.0,30.4,0.46710526315789475,0.46710526315789475,0.0,0.0,0.8612793685798539,0.7647058823529411,0.5625913094986322,0.8612793685798539,0.7647058823529411,0.5625913094986322,0.0,0.0,0.0,0.07723363238069118,0.46710526315789475,152,5.2,6.0,8.8,10.4,6.8,8.2,5.4,9.0,17.8,8.0,0.0,3.0,0.5911680911680911,0.02692307692307692,0.3435897435897436,0.03831908831908832,UL,0.6052744733356612,0.0,0.0,0.053125,0.0,DL,3.0,13,0.6,0.0,0.0,0.0,0.0
size11_comp0.2_grid3_RandomStart_7_2_low,11,0.2,3,low,RandomStart_7_2,random_starts,2,8,10,6,2,1,1,1,5,5,1,0,1.0,0.2,0.0,0.2,58.6,0.25597269624573377,0.4878048780487805,0.21825396825396826,0.05405405405405406,0.7212731711134401,0.5789473684210527,0.4350457935896163,0.8483435521490037,0.42857142857142855,0.32910588032025767,0.647148782176028,0.6666666666666666,0.49684407633007543,0.2388149915123599,0.25597269624573377,293,34.2,1.2,12.6,10.6,26.2,14.2,10.4,6.8,50.0,6.2,9.8,33.8,0.05407636738906089,0.945923632610939,0.0,0.0,UR,0.20128477886668888,0.0,0.21765202702702702,0.0,0.0,UR,7.2,14,1.0,1.0,0.0,0.0,0.0
size11_comp0.2_grid3_ReflectEnv_low,11,0.2,3,low,ReflectEnv,reflect,4,8,12,6,3,1,1,1,10,9,4,0,0.9,0.4,0.0,0.4,58.0,0.31896551724137934,0.33969465648854963,0.3018867924528302,0.09855061881639955,0.7279018591093964,0.4838709677419355,0.41366293036854124,1.1579516535475334,0.38461538461538464,0.3836254651395375,0.41731034090407504,0.5555555555555556,0.43535665525615497,0.3271360890520236,0.31896551724137934,580,15.3,3.0,19.1,20.6,28.4,11.4,8.1,9.1,42.3,6.1,0.2,29.8,0.43389028090540915,0.5109440270867938,0.055165692007797265,0.0,UR,0.9493824093641354,0.07280647612354423,0.2646561028257457,0.0,0.0,UR,10.7,32,0.0,0.4,0.0,0.0,0.0
size11_comp0.2_grid3_RotateEnv_low,11,0.2,3,low,RotateEnv,rotate,4,8,12,6,3,1,1,1,10,10,1,0,1.0,0.1,0.0,0.1,62.1,0.3784219001610306,0.5,0.3369330453563715,0.026666666666666665,1.0291509147600286,0.6595744680851063,0.47666438545389267,1.2468245471199306,0.36363636363636365,0.39933614087379793,0.962639527094503,0.75,0.5002924601866994,0.23930110496739807,0.3784219001610306,621,22.3,6.8,14.2,18.8,19.2,17.0,12.2,12.7,40.1,11.4,0.6,18.0,0.37917251088691956,0.6124941557797471,0.008333333333333333,0.0,UR,0.8234333038673576,0.12996527777777778,0.2828125,0.0,0.0,UR,13.7,41,0.0,0.2,0.0,0.0,0.0
size11_comp0.2_grid3_StartGoalSwap_low,11,0.2,3,low,StartGoalSwap,start_goal_swap,8,4,12,6,3,1,1,1,10,8,0,2,0.8,0.0,0.2,0.0,53.8,0.35315985130111527,0.6650485436893204,0.15963855421686746,0.0,0.7619834713623171,0.6585365853658537,0.3882324330249275,0.7358463136582443,0.696969696969697,0.29715271017575146,0.8697992468916179,0.5,0.7639362897777786,0.18564415436238782,0.35315985130111527,538,16.7,3.7,8.1,25.3,14.6,13.2,11.9,13.1,40.4,11.1,5.8,22.2,0.11123907733373625,0.8137609226662637,0.05,0.025,UR,0.4613270079393419,0.0,0.5328125,0.0,0.0,UR,31.5,57,0.1,0.8,0.0,0.0,0.0
size11_comp0.2_grid3_TransposeEnv_low,11,0.2,3,low,TransposeEnv,transpose,4,8,12,6,3,1,1,1,10,2,2,4,0.2,0.2,0.4,0.2,40.0,0.34,0.30612244897959184,0.543859649122807,0.06416666666666666,0.9563853558022325,0.7049180327868853,0.5328529369827941,1.0482396412605446,0.723404255319149,0.5781398993521885,0.6480173974778989,0.6428571428571429,0.3808181347426844,0.19729955940050853,0.34,400,16.5,3.9,9.8,9.8,12.9,9.1,9.2,7.8,23.4,6.9,0.5,9.6,0.19353467137565683,0.30629960866022893,0.41847080470987696,0.08169491525423729,DL,0.7198316119039132,0.0,0.1265625,0.033861111111111106,0.0,UR,6.8,20,0.0,0.4,0.0,0.0,0.0
size11_comp0.2_grid3_base_low,11,0.2,3,low,base,base,4,8,12,6,3,1,1,1,10,7,0,1,0.7,0.0,0.1,0.0,61.9,0.42164781906300486,0.5187793427230047,0.20725388601036268,0.0,0.9606238407958392,0.7,0.4125643430254734,0.9145129419323534,0.6875,0.34409684200471713,1.1450674362497821,0.75,0.6864343471084986,0.18714356423228926,0.42164781906300486,619,21.1,6.3,17.5,17.0,15.7,15.1,13.2,16.9,45.3,16.0,7.6,13.2,0.004135338345864661,0.8895366897164074,0.023809523809523808,0.08251844812820422,UR,0.42791910363592295,0.0,0.2046875,0.0,0.0,UR,9.0,27,0.0,1.0,0.0,0.0,0.0
size11_comp0.2_grid3_walls0_low,11,0.2,3,low,walls0,reshuffled_walls,4,8,12,6,3,1,1,1,5,2,1,1,0.4,0.2,0.2,0.2,53.8,0.40148698884758366,0.44692737430167595,0.3111111111111111,0.03809523809523809,0.9694668219860562,0.7021276595744681,0.4699560919623544,0.9427242221530405,0.6944444444444444,0.45804773451788516,1.0569880578031983,0.7272727272727273,0.5089288981442537,0.21618307815116322,0.40148698884758366,269,15.4,6.8,17.4,14.2,17.0,10.2,13.4,12.2,35.8,10.4,3.2,12.0,0.1525497946453386,0.6224092888243831,0.1635024549918167,0.06153846153846154,UR,0.9841033453661264,0.0,0.06607142857142857,0.0125,0.0,UR,4.2,10,0.0,0.8,0.0,0.0,0.0
size11_comp0.2_grid3_walls1_low,11,0.2,3,low,walls1,reshuffled_walls,4,8,12,6,3,1,1,1,5,5,0,0,1.0,0.0,0.0,0.0,64.0,0.425,0.526829268292683,0.24347826086956523,0.0,0.9029556571818385,0.6578947368421053,0.37548071144873135,1.055964731313848,0.6538461538461539,0.301710610057028,0.571435996562484,0.6666666666666666,0.5353159311307553,0.16297771353987747,0.425,320,22.6,6.2,19.4,15.8,17.4,18.0,10.8,16.8,45.2,15.8,7.6,15.0,0.0866611051200141,0.8607789235230221,0.0,0.052559971356963844,UR,0.49035333192641256,0.0,0.2125,0.0,0.0,UR,6.6,11,0.0,1.0,0.0,0.0,0.0
size11_comp0.2_grid4_RandomStart_1_7_low,11,0.2,4,low,RandomStart_1_7,random_starts,8,6,14,10,3,1,1,1,5,2,1,0,0.4,0.2,0.0,0.2,56.4,0.46099290780141844,0.44981412639405205,0.6923076923076923,0.10769230769230768,0.8889765388126686,0.6538461538461539,0.3714663355196007,1.1211637834036974,0.631578947368421,0.3918997388939151,0.2587540177798761,0.7142857142857143,0.3160042406464615,0.14515822858172434,0.46099290780141844,282,14.6,12.6,15.2,14.0,12.8,13.0,13.8,15.8,42.8,13.4,0.0,9.6,0.33793402018763025,0.09473684210526315,0.5673291377071067,0.0,DL,0.8927388492725907,0.0,0.046153846153846156,0.0,0.0,UR,1.2,6,0.6,0.2,0.0,0.0,0.0
size11_comp0.2_grid4_RandomStart_5_6_low,11,0.2,4,low,RandomStart_5_6,random_starts,5,6,11,5,3,1,1,1,5,4,2,0,0.8,0.4,0.0,0.4,45.4,0.3744493392070485,0.4666666666666667,0.29508196721311475,0.25666666666666665,0.640311335385963,0.5121951219512195,0.36600617594030843,0.6825924997527818,0.48,0.35103499748995814,0.5742470160628086,0.5625,0.3893986422689808,0.10318800440751659,0.3744493392070485,227,18.4,3.0,7.6,16.4,14.8,10.0,11.0,8.6,31.6,6.4,0.4,18.6,0.11438423645320195,0.8787192118226601,0.006896551724137931,0.0,UR,0.49565308335208186,0.003125,0.37875000000000003,0.0,0.0,UR,20.2,49,0.0,0.0,0.0,0.0,0.0
size11_comp0.2_grid4_ReflectEnv_low,11,0.2,4,low,ReflectEnv,reflect,8,6,14,8,3,1,1,1,10,1,0,6,0.1,0.0,0.6,0.0,53.2,0.44548872180451127,0.45703125,0.15,0.0,1.075012250318359,0.6842105263157895,0.44619743497328995,1.1480705378855685,0.6470588235294118,0.41075855382825593,0.4540168059970784,1.0,0.7474279247060791,0.2041497887278368,0.44548872180451127,532,17.5,10.4,16.3,9.0,12.1,11.9,12.1,16.1,35.9,14.4,0.4,7.5,0.06657628920786815,0.03636363636363636,0.8908100744284955,0.00625,DL,0.4041434696045926,0.0,0.0015625,0.14388058696555794,0.0,DL,5.7,9,0.0,0.0,0.0,0.0,0.0
size11_comp0.2_grid4_RotateEnv_low,11,0.2,4,low,RotateEnv,rotate,8,6,14,8,3,1,1,1,10,0,0,1,0.0,0.0,0.1,0.0,60.7,0.2355848434925865,0.2355848434925865,0.0,0.0,0.9318863281586607,0.6842105263157895,0.6947175798270033,0.9318863281586607,0.6842105263157895,0.6947175798270033,0.0,0.0,0.0,0.5687320311762774,0.2355848434925865,607,34.9,3.3,11.5,11.0,22.1,15.8,13.4,8.4,49.2,7.0,0.0,29.8,0.0,1.0,0.0,0.0,UR,0.0,0.0,0.5013104838709678,0.0,0.0,UR,12.8,29,0.0,0.0,0.0,0.0,0.0
size11_comp0.2_grid4_StartGoalSwap_low,11,0.2,4,low,StartGoalSwap,start_goal_swap,6,8,14,8,3,1,1,1,10,1,0,0,0.1,0.0,0.0,0.0,64.0,0.2734375,0.2743801652892562,0.2571428571428571,0.0,0.8320206162058584,0.75,0.5981348940808674,1.0836911565077882,0.625,0.4965067461392897,0.49645989580328515,0.9166666666666666,0.7336390913363044,0.21007891590320674,0.2734375,640,32.1,4.4,11.8,15.7,23.8,13.6,13.8,11.8,53.1,9.1,0.1,30.9,0.002857142857142857,0.9885714285714287,0.0,0.008571428571428572,UR,0.06054266419690637,0.0,0.628125,0.0,0.0,UR,17.6,25,1.0,0.0,0.0,0.0,0.0
size11_comp0.2_grid4_TransposeEnv_low,11,0.2,4,low,TransposeEnv,transpose,8,6,14,8,3,1,1,1,10,2,0,0,0.2,0.0,0.0,0.0,64.0,0.303125,0.31464737793851716,0.22988505747126436,0.0,0.7648783130981125,0.6226415094339622,0.6015337628277739,1.034288016668211,0.5555555555555556,0.48855757272794514,0.4851066978522412,0.6923076923076923,0.7188551910083653,0.22490680591817985,0.303125,640,29.1,4.1,14.6,16.2,22.3,15.8,13.2,11.7,47.9,10.2,0.1,25.2,0.19860430116812902,0.7853956988318711,0.0,0.016,UR,0.5843759583656991,0.0,0.2921875,0.0,0.0,UR,10.9,21,0.0,0.1,0.0,0.0,0.0
size11_comp0.2_grid4_base_low,11,0.2,4,low,base,base,8,6,14,8,3,1,1,1,10,5,0,0,0.5,0.0,0.0,0.0,64.0,0.4328125,0.4372549019607843,0.4153846153846154,0.0,0.8818636718177335,0.5652173913043478,0.4013386905373513,0.9650424097871234,0.48484848484848486,0.39073776298017704,0.6707176446646665,0.7692307692307693,0.4282487374132551,0.15400673170449086,0.4328125,640,19.4,9.5,17.1,18.0,18.5,16.7,12.0,15.8,44.0,12.9,0.0,15.1,0.23684246899897232,0.23664640777941268,0.523653980364472,0.002857142857142857,DL,0.9792891989390679,0.0015625,0.1359375,0.046875,0.0,UR,10.8,37,0.0,0.1,0.0,0.0,0.0
size11_comp0.2_grid4_walls0_low,11,0.2,4,low,walls0,reshuffled_walls,8,6,14,8,4,1,1,1,2,1,0,0,0.5,0.0,0.0,0.0,64.0,0.4453125,0.4803921568627451,0.3076923076923077,0.0,0.6666386656195402,0.5161290322580645,0.4872201668910511,0.7575588087825957,0.5217391304347826,0.5067317241169704,0.40524325402575573,0.5,0.43112443986653315,0.1682833295736521,0.4453125,128,12.0,8.0,19.0,25.0,21.0,13.0,12.0,17.0,43.0,14.5,0.0,15.0,0.23773584905660378,0.22641509433962265,0.5358490566037736,0.0,DL,1.1406100078893502,0.0,0.03125,0.046875,0.0,DL,3.0,5,0.0,0.0,0.0,0.0,0.0
size11_comp0.2_grid4_walls1_low,11,0.2,4,low,walls1,reshuffled_walls,8,6,14,8,3,1,1,1,5,3,1,0,0.6,0.2,0.0,0.2,63.4,0.4668769716088328,0.5212355212355212,0.22413793103448276,0.04590163934426229,0.7643075590442941,0.5609429054638776,0.44105178868499884,0.9996981221086061,0.6828802885447488,0.45567004223076574,0.2079298645286479,0.2727272727272727,0.4064995530313679,0.13453143686247565,0.4668769716088328,317,11.8,6.0,20.2,25.4,19.4,11.6,14.2,17.2,42.2,14.6,0.0,13.0,0.28305681246857717,0.03418803418803419,0.6827551533433887,0.0,DL,0.8784557478354446,0.0,0.0125,0.01875,0.0,DL,2.0,4,0.0,0.0,0.0,0.0,0.0
size11_comp0.2_grid5_RandomStart_3_3_low,11,0.2,5,low,RandomStart_3_3,random_starts,6,5,11,5,4,1,1,1,5,0,0,0,0.0,0.0,0.0,0.0,64.0,0.19375,0.19375,0.0,0.0,0.8371062128528979,0.7419354838709677,0.7411608941343352,0.8371062128528979,0.7419354838709677,0.7411608941343352,0.0,0.0,0.0,0.3416414539265964,0.19375,320,19.2,6.2,7.8,30.8,23.8,12.2,16.0,11.0,49.4,7.8,0.0,32.0,0.08712388181078883,0.8893467064245053,0.0,0.023529411764705882,UR,0.5032132998597227,0.0,0.671875,0.0,0.0,UR,39.0,47,0.0,0.0,0.0,0.0,0.0
size11_comp0.2_grid5_ReflectEnv_low,11,0.2,5,low,ReflectEnv,reflect,7,5,12,4,5,1,1,1,10,0,0,3,0.0,0.0,0.3,0.0,51.3,0.3664717348927875,0.3664717348927875,0.0,0.0,0.9717833716236352,0.5263157894736842,0.5135024761772362,0.9717833716236352,0.5263157894736842,0.5135024761772362,0.0,0.0,0.0,0.2755548640647577,0.3664717348927875,513,10.3,11.8,7.1,22.1,13.8,12.7,10.5,13.3,41.5,11.0,0.0,14.9,0.0,0.989090909090909,0.0,0.010909090909090908,UR,0.049716776141607535,0.0,0.165625,0.0,0.0046875,UR,7.9,30,1.0,0.0,0.0,0.0,0.0
size11_comp0.2_grid5_RotateEnv_low,11,0.2,5,low,RotateEnv,rotate,7,5,12,4,5,1,1,1,10,3,1,7,0.3,0.1,0.7,0.1,20.1,0.47761194029850745,0.5688073394495413,0.3695652173913043,0.07058823529411765,0.8288090473438852,0.47058823529411764,0.3904011191905671,0.6303521673558958,0.5454545454545454,0.3378789084192144,1.1926466606551989,0.3333333333333333,0.486691838938047,0.06198015460126186,0.47761194029850745,201,3.4,3.8,2.9,10.0,6.6,2.6,6.2,3.7,11.6,3.3,1.9,4.3,0.0,0.047316821465428274,0.7384610423116615,0.2142221362229102,DL,0.27957865247512803,0.0,0.0,0.025,0.028584558823529414,DR,0.7,3,0.7,0.3,0.0,0.0,0.0
size11_comp0.2_grid5_StartGoalSwap_low,11,0.2,5,low,StartGoalSwap,start_goal_swap,5,7,12,4,5,1,1,1,10,7,3,0,0.7,0.3,0.0,0.3,56.2,0.3416370106761566,0.3333333333333333,0.36619718309859156,0.09879210220673636,0.9815336068914665,0.5264160416786859,0.5297710079146654,1.0236707505814837,0.574468085106383,0.551532011295341,0.8291916258583273,0.3526894231323966,0.4510966110768378,0.14276519743804203,0.3416370106761566,562,13.1,8.6,14.5,20.0,20.2,11.1,13.1,10.8,39.5,7.7,0.6,21.8,0.03578286664182741,0.17209133042165858,0.6659975289719617,0.12612827396455234,DL,0.7735190741404233,0.0,0.0640625,0.17264566395663955,0.0171875,DL,7.7,26,0.8,0.8,0.0,0.0,0.0
size11_comp0.2_grid5_TransposeEnv_low,11,0.2,5,low,TransposeEnv,transpose,7,5,12,4,5,1,1,1,10,4,4,0,0.4,0.4,0.0,0.4,53.2,0.4323308270676692,0.44,0.3684210526315789,0.14387301587301587,1.1858101405427184,0.5833333333333334,0.40232313383759427,1.2506818608257884,0.6226415094339622,0.4165902305170615,0.6946385441137586,0.2857142857142857,0.2943008304073423,0.10696691666892907,0.4323308270676692,532,13.8,13.8,10.4,15.2,16.2,11.6,12.7,11.7,31.8,10.2,0.2,10.8,0.1071216954153521,0.3374256279862805,0.2724636643566192,0.2829890122417482,UR,0.9167605380679763,0.0,0.12538359788359787,0.046875,0.018973214285714284,UR,7.4,18,0.0,0.4,0.0,0.0,0.0
size11_comp0.2_grid5_base_low,11,0.2,5,low,base,base,7,5,12,4,5,1,1,1,10,0,0,0,0.0,0.0,0.0,0.0,64.0,0.2546875,0.2546875,0.0,0.0,1.1316754267981133,0.7,0.6509761468022502,1.1316754267981133,0.7,0.6509761468022502,0.0,0.0,0.0,0.33756881315725884,0.2546875,640,16.2,9.0,8.3,30.5,22.0,14.6,13.9,12.5,46.6,9.5,0.0,24.7,0.09506444359956219,0.7868653809618413,0.0038377192982456134,0.11423245614035087,UR,0.7279163854268198,0.0,0.4203125,0.0,0.0,UR,19.3,52,0.0,0.0,0.0,0.0,0.0
size11_comp0.2_grid5_walls0_low,11,0.2,5,low,walls0,reshuffled_walls,7,5,12,4,4,1,1,1,5,0,0,0,0.0,0.0,0.0,0.0,64.0,0.26875,0.26875,0.0,0.0,0.7962204834330994,0.6747583334020149,0.6541908159323613,0.7962204834330994,0.6747583334020149,0.6541908159323613,0.0,0.0,0.0,0.22238127655754383,0.26875,320,19.2,9.4,8.8,26.6,21.4,13.2,15.0,13.4,47.4,10.2,0.0,24.2,0.07433892566097748,0.7514675259519257,0.012903225806451613,0.16129032258064516,UR,0.4832216780839076,0.0,0.484375,0.0,0.0,UR,20.2,33,0.0,0.0,0.0,0.0,0.0
size11_comp0.2_grid5_walls1_low,11,0.2,5,low,walls1,reshuffled_walls,7,5,12,4,4,1,1,1,5,0,0,0,0.0,0.0,0.0,0.0,64.0,0.253125,0.253125,0.0,0.0,0.7834919817567076,0.7435897435897436,0.6694281874282864,0.7834919817567076,0.7435897435897436,0.6694281874282864,0.0,0.0,0.0,0.20950433427808993,0.253125,320,21.0,6.8,9.0,27.2,19.6,14.0,17.0,12.4,46.6,8.8,0.0,25.2,0.06455026455026455,0.8576719576719578,0.007407407407407407,0.07037037037037037,UR,0.5560580967547174,0.0,0.615625,0.0,0.0,UR,29.2,44,0.0,0.0,0.0,0.0,0.0
size11_comp0.2_grid6_RandomStart_6_2_low,11,0.2,6,low,RandomStart_6_2,random_starts,4,8,12,10,1,1,1,1,5,3,0,0,0.6,0.0,0.0,0.0,64.0,0.36875,0.3564356435643564,0.3898305084745763,0.0,0.9586401939762682,0.675,0.4814503204923112,1.2181337412359667,0.5714285714285714,0.3884563946490832,0.8189128992979688,0.7307692307692307,0.531523972869434,0.18738053953843425,0.36875,320,21.2,7.6,16.0,19.2,18.2,17.0,15.0,12.8,46.4,11.2,0.6,20.2,0.16485251208655466,0.7132596426213447,0.014814814814814814,0.10707303047728581,UR,0.9557163991353029,0.0,0.20625,0.0,0.0,UR,9.0,23,1.0,0.0,0.0,0.0,0.0
size11_comp0.2_grid6_RandomStart_6_4_low,11,0.2,6,low,RandomStart_6_4,random_starts,4,8,12,8,2,1,1,1,5,3,0,0,0.6,0.0,0.0,0.0,64.0,0.3125,0.27860696517412936,0.3697478991596639,0.0,0.9842372548379594,0.6842105263157895,0.5318860835988173,1.0728624767759871,0.5882352941176471,0.4303534542014599,0.912493027554794,0.7619047619047619,0.6140791645395351,0.21615967000835415,0.3125,320,24.6,6.4,12.2,20.8,24.0,15.6,13.0,10.4,48.8,9.4,0.4,24.6,0.09950980392156863,0.8708823529411764,0.0,0.029607843137254904,UR,0.524974492292882,0.0,0.265625,0.0,0.0,UR,10.8,21,1.0,0.0,0.0,0.0,0.0
size11_comp0.2_grid6_ReflectEnv_low,11,0.2,6,low,ReflectEnv,reflect,9,8,17,7,5,1,1,1,10,9,0,0,0.9,0.0,0.0,0.0,64.0,0.44375,0.5769230769230769,0.19642857142857142,0.0,0.9588778077599672,0.7777777777777778,0.4585346500089934,0.9748010462840153,0.75,0.3432739084861155,0.9196821437007715,0.8461538461538461,0.7422533983730006,0.17342864948809034,0.44375,640,11.2,8.1,13.2,31.4,18.8,12.0,13.0,19.0,43.5,17.3,0.1,13.6,0.015890658589017,0.45213719428972504,0.5125647397138506,0.019407407407407408,DL,0.9660721302789618,0.0,0.0671875,0.03125,0.0,UR,4.4,16,0.6,0.4,0.0,0.0,0.0
size11_comp0.2_grid6_RotateEnv_low,11,0.2,6,low,RotateEnv,rotate,9,8,17,7,5,1,1,1,10,0,0,0,0.0,0.0,0.0,0.0,64.0,0.35,0.35,0.0,0.0,1.3483738182311589,0.8888888888888888,0.6030914772872167,1.3483738182311589,0.8888888888888888,0.6030914772872167,0.0,0.0,0.0,0.32879039822380063,0.35,640,21.5,7.5,15.0,20.0,17.4,15.3,14.3,16.0,53.1,13.7,0.0,18.3,0.0017241379310344827,0.9982758620689655,0.0,0.0,UR,0.012565805017256742,0.0,0.5859375,0.0,0.0,UR,16.6,35,1.0,0.0,0.0,0.0,0.0
size11_comp0.2_grid6_StartGoalSwap_low,11,0.2,6,low,StartGoalSwap,start_goal_swap,8,9,17,7,5,1,1,1,10,8,2,0,0.8,0.2,0.0,0.2,61.0,0.4557377049180328,0.4457831325301205,0.5,0.07381479840496234,0.7171452420580394,0.5869565217391305,0.32083993314448195,0.9850556650409605,0.48,0.3166198003395308,0.3982042623164665,0.7142857142857143,0.32586390076942384,0.14464126151561746,0.4557377049180328,610,14.5,3.9,20.6,22.0,19.0,12.1,12.1,16.8,41.3,14.3,0.1,17.4,0.21629581864033734,0.11882628931152876,0.6542718314420732,0.010606060606060605,DL,1.0579670470529206,0.0015625,0.0,0.07610212671688081,0.0,DL,3.5,6,0.9,0.1,0.0,0.0,0.0
size11_comp0.2_grid6_TransposeEnv_low,11,0.2,6,low,TransposeEnv,transpose,9,8,17,7,5,1,1,1,10,8,7,0,0.8,0.7,0.0,0.7,50.4,0.4642857142857143,0.4349112426035503,0.5240963855421686,0.2927079293594271,0.722152599310242,0.5671641791044776,0.343102671588044,0.7494415882025416,0.6382978723404256,0.38359474840126284,0.6580234754133378,0.4,0.2479462910769797,0.10545555523130928,0.4642857142857143,504,16.0,3.4,11.1,19.9,21.3,10.8,9.0,8.3,30.4,7.0,0.2,18.0,0.28902570790282284,0.5089561420712992,0.09946855722717791,0.10254959279869999,UR,1.3246814631171944,0.0,0.10623625366568916,0.0,0.0,UR,4.6,20,0.0,0.3,0.0,0.0,0.0
size11_comp0.2_grid6_base_low,11,0.2,6,low,base,base,9,8,17,7,5,1,1,1,10,3,0,0,0.3,0.0,0.0,0.0,64.0,0.334375,0.3567467652495379,0.21212121212121213,0.0,0.8174470143409307,0.660377358490566,0.4654384727213238,0.8719645403138188,0.6666666666666666,0.3500989451758846,0.7274930964856654,0.65,0.6557486931712985,0.22482564460228643,0.334375,640,27.7,3.9,14.0,18.4,20.4,15.4,16.3,10.9,45.8,9.5,0.3,23.8,0.11578312370177528,0.8234322495894458,0.0,0.06078462670877889,UR,0.7149134555884006,0.003125,0.3625,0.0,0.0,UR,15.5,44,0.0,0.0,0.0,0.0,0.0
size11_comp0.2_grid6_walls0_low,11,0.2,6,low,walls0,reshuffled_walls,9,8,17,7,5,1,1,1,5,1,0,0,0.2,0.0,0.0,0.0,64.0,0.315625,0.3159722222222222,0.3125,0.0,1.0006109778290027,0.5440267361311432,0.4823808292409355,1.0897890317713947,0.5566058035971841,0.4680783713310673,0.6884877890306292,0.5,0.5324394319254745,0.20566220940317945,0.315625,320,26.2,4.2,19.4,14.2,24.0,15.2,12.0,11.8,49.4,9.2,0.4,27.8,0.0984984984984985,0.8035709178566321,0.0,0.09793058364486937,UR,0.7157381808220963,0.0,0.24375,0.0,0.0,UR,9.6,22,0.0,0.0,0.0,0.0,0.0
size11_comp0.2_grid6_walls1_low,11,0.2,6,low,walls1,reshuffled_walls,9,6,15,7,4,1,1,1,5,3,0,0,0.6,0.0,0.0,0.0,64.0,0.3375,0.40384615384615385,0.21428571428571427,0.0,0.7347481428613056,0.6065573770491803,0.5141815470230614,0.6838032899832307,0.5128205128205128,0.39777173059845,0.8250594729633473,0.7727272727272727,0.7205444034121452,0.1251209253620054,0.3375,320,22.4,4.6,17.6,19.4,22.0,15.4,15.4,10.2,44.2,7.2,0.2,24.0,0.13377950310559006,0.7305306146692462,0.0687888198757764,0.06690106234938738,UR,0.9358502104720934,0.0,0.21875,0.0,0.0,UR,11.8,28,0.0,0.2,0.0,0.0,0.0
size11_comp0.2_grid7_RandomStart_3_7_low,11,0.2,7,low,RandomStart_3_7,random_starts,6,4,10,8,3,1,1,1,5,4,1,0,0.8,0.2,0.0,0.2,57.6,0.34375,0.390625,0.25,0.0625,0.7814771435789564,0.46875,0.4131688712360193,0.8401104804618026,0.5416666666666666,0.42011015304900473,0.6055771329304177,0.25,0.3923450257970631,0.18764066108749694,0.34375,288,18.8,4.4,13.6,20.8,20.6,11.8,12.6,11.6,39.4,9.0,0.2,23.8,0.35956875818944783,0.3324678641920021,0.3079633776185501,0.0,UL,1.0496566804736702,0.021875,0.228125,0.0,0.0,UR,13.2,29,0.2,0.4,0.0,0.0,0.0
size11_comp0.2_grid7_RandomStart_4_9_low,11,0.2,7,low,RandomStart_4_9,random_starts,9,4,13,9,4,1,1,1,1,1,1,0,1.0,1.0,0.0,1.0,52.0,0.40384615384615385,0.5652173913043478,0.27586206896551724,0.25,0.35925353411456284,0.3181818181818182,0.3976373398359037,0.3158252977735811,0.42857142857142855,0.34174296771457896,0.435252947711281,0.125,0.49545249104822214,0.1518939393939394,0.40384615384615385,52,16.0,5.0,11.0,20.0,22.0,14.0,7.0,8.0,30.0,5.0,0.0,23.0,0.36363636363636365,0.18181818181818182,0.45454545454545453,0.0,DL,1.4949188482339508,0.038461538461538464,0.0,0.0,0.0,UL,2.0,2,1.0,0.0,0.0,0.0,0.0
size11_comp0.2_grid7_ReflectEnv_low,11,0.2,7,low,ReflectEnv,reflect,7,4,11,5,4,1,1,1,10,1,0,0,0.1,0.0,0.0,0.0,64.0,0.4109375,0.42786069651741293,0.13513513513513514,0.0,0.9946331157368586,0.717948717948718,0.5713191208872779,1.0791834686367456,0.75,0.5111417280928247,0.6081172167659463,0.5714285714285714,0.8464157736619214,0.1882725338506802,0.4109375,640,18.3,15.2,18.7,11.8,13.7,14.5,17.3,17.5,49.1,15.3,0.0,10.4,0.07545436164052388,0.08095238095238096,0.843593257407095,0.0,DL,0.35867501080298303,0.0,0.0,0.0390625,0.0,DL,1.7,5,0.9,0.1,0.0,0.0,0.0
size11_comp0.2_grid7_RotateEnv_low,11,0.2,7,low,RotateEnv,rotate,7,4,11,5,4,1,1,1,10,2,1,0,0.2,0.1,0.0,0.1,63.1,0.347068145800317,0.3447098976109215,0.37777777777777777,0.02,1.011453153154749,0.6585365853658537,0.4949278986142632,1.0269089984481354,0.696969696969697,0.49592080150388484,0.947697791319531,0.5,0.49083217419457376,0.12485975709983888,0.347068145800317,631,22.5,4.7,18.5,17.4,15.1,18.0,16.2,12.8,49.1,11.8,0.6,18.4,0.04640198511166253,0.8276625310173698,0.10825806451612903,0.017677419354838707,UR,0.3247855235379605,0.0,0.2265625,0.0,0.0,UR,6.3,19,0.8,0.1,0.0,0.0,0.0
size11_comp0.2_grid7_StartGoalSwap_low,11,0.2,7,low,StartGoalSwap,start_goal_swap,4,7,11,5,4,1,1,1,10,6,0,0,0.6,0.0,0.0,0.0,64.0,0.228125,0.29651162790697677,0.14864864864864866,0.0,1.023055591110717,0.5031467592859687,0.5716920880122425,1.3496785660904147,0.3333333333333333,0.4721948039568211,0.7617572111269588,0.6389975000480771,0.6512899152565795,0.2997569038490378,0.228125,640,26.6,4.2,12.7,20.4,22.9,15.6,14.3,10.0,53.7,6.5,0.4,35.7,0.018000096149223592,0.9819999038507763,0.0,0.0,UR,0.11608688967070627,0.0,0.5140625,0.0,0.0,UR,28.4,50,1.0,0.0,0.0,0.0,0.0
size11_comp0.2_grid7_TransposeEnv_low,11,0.2,7,low,TransposeEnv,transpose,7,4,11,5,4,1,1,1,10,3,1,0,0.3,0.1,0.0,0.1,59.1,0.3401015228426396,0.34285714285714286,0.32673267326732675,0.07333333333333333,0.9387092054268399,0.6433985000288461,0.4919724566344507,1.0149806460235686,0.6538461538461539,0.4304046029902928,0.8560818114470504,0.6320802083934297,0.5586709647489553,0.17989421489925972,0.3401015228426396,591,24.3,4.2,14.9,15.7,19.6,16.0,12.2,10.3,42.5,9.0,0.2,18.9,0.2296571443828575,0.6840277786282478,0.05,0.036315076988894746,UR,0.8710483268429284,0.0,0.1984375,0.0,0.0,UR,7.8,22,0.0,0.1,0.0,0.0,0.0
size11_comp0.2_grid7_base_low,11,0.2,7,low,base,base,7,4,11,5,4,1,1,1,10,9,3,0,0.9,0.3,0.0,0.3,54.7,0.28884826325411334,0.5609756097560976,0.12573099415204678,0.10125340290381124,0.9186321115610129,0.525,0.33578401503039484,1.0092309825372858,0.5862068965517241,0.3061941380568117,0.6797805426235664,0.36363636363636365,0.4137936906880231,0.21592547158723627,0.28884826325411334,547,29.0,2.5,11.9,11.3,26.8,11.2,10.8,4.9,37.5,3.4,0.2,31.1,0.29661343967925313,0.5737843893414162,0.0865284885930301,0.04307368238630067,UR,0.9583189445128504,0.0,0.4460412885662432,0.0,0.0,UR,27.6,51,0.0,0.4,0.0,0.0,0.0
size11_comp0.2_grid7_walls0_low,11,0.2,7,low,walls0,reshuffled_walls,7,6,13,5,5,1,1,1,1,1,0,0,1.0,0.0,0.0,0.0,64.0,0.359375,0.65,0.22727272727272727,0.0,0.38830170908109757,0.47619047619047616,0.44033535399256507,0.16509129460422378,0.5714285714285714,0.4003703973565044,0.8347225380348452,0.2857142857142857,0.5202652672646861,0.10418167266906764,0.359375,64,14.0,8.0,10.0,32.0,28.0,12.0,17.0,6.0,43.0,6.0,0.0,27.0,0.45454545454545453,0.09090909090909091,0.4090909090909091,0.045454545454545456,UL,1.5617677112802775,0.0,0.0,0.0,0.0,,0.0,0,0.0,1.0,0.0,0.0,0.0
size11_comp0.2_grid7_walls1_low,11,0.2,7,low,walls1,reshuffled_walls,7,4,11,5,3,1,1,1,5,4,4,0,0.8,0.8,0.0,0.8,38.2,0.5130890052356021,0.5294117647058824,0.4473684210526316,0.3587061403508772,0.7949058929405239,0.5294117647058824,0.30108924985268004,0.8527648056734363,0.6,0.3173005467278178,0.36096404744368116,0.0,0.1795045232891469,0.14766788294265074,0.5130890052356021,191,8.4,4.0,12.2,13.6,14.2,5.6,8.6,8.8,22.8,7.4,5.0,8.2,0.5056392388099705,0.06279013669257572,0.33925667828106854,0.09231394621638525,UL,1.02192334534905,0.01583333333333333,0.0,0.003125,0.0,UL,0.8,2,0.0,0.6,0.0,0.0,0.0
size11_comp0.2_grid8_RandomStart_3_5_low,11,0.2,8,low,RandomStart_3_5,random_starts,7,3,10,8,1,1,1,1,5,0,0,2,0.0,0.0,0.4,0.0,53.0,0.4490566037735849,0.4490566037735849,0.0,0.0,1.119010287970347,0.75,0.4342171502387054,1.119010287970347,0.75,0.4342171502387054,0.0,0.0,0.0,0.1143865939285194,0.4490566037735849,265,13.6,11.0,12.4,15.8,16.6,10.4,10.6,14.0,35.6,12.8,0.0,8.0,0.0,0.0,0.42653061224489797,0.573469387755102,DR,0.8055848284824645,0.0,0.0,0.0,0.003125,DR,0.2,1,0.0,0.0,0.0,0.0,0.0
size11_comp0.2_grid8_RandomStart_5_6_low,11,0.2,8,low,RandomStart_5_6,random_starts,6,3,9,5,3,1,1,1,5,2,1,1,0.4,0.2,0.2,0.2,52.6,0.3688212927756654,0.4702702702702703,0.1282051282051282,0.033962264150943396,0.8952042576705641,0.6388888888888888,0.3901219901836646,0.9184607050259291,0.7241379310344828,0.3456196416473219,0.7988561186269091,0.2857142857142857,0.5744888626913701,0.15513714636500844,0.3688212927756654,263,10.6,7.2,10.0,24.8,23.4,9.2,9.2,9.8,37.8,9.6,3.0,16.8,0.0,0.21926289926289927,0.19907559494768795,0.5816615057894128,DR,0.8992252822519455,0.0,0.00625,0.0,0.02222222222222222,DR,0.8,2,0.0,0.2,0.0,0.0,0.0
size11_comp0.2_grid8_ReflectEnv_low,11,0.2,8,low,ReflectEnv,reflect,4,3,7,5,1,1,1,1,10,9,5,0,0.9,0.5,0.0,0.5,44.4,0.36261261261261263,0.39263803680981596,0.34519572953736655,0.20387922705314013,1.1332636355650794,0.5531914893617021,0.5146070274544713,1.0208442523183006,0.47368421052631576,0.4904307994898713,1.2095482170539646,0.6071428571428571,0.5310123250018783,0.20042223951238503,0.36261261261261263,444,10.6,5.6,14.5,13.7,13.6,10.0,9.3,10.5,31.0,8.6,1.6,13.2,0.7116893794087622,0.10934236662298377,0.17896825396825394,0.0,UL,0.6402312359285655,0.034375,0.01875,0.0,0.0,UL,1.9,7,0.0,0.9,0.0,0.0,0.0
size11_comp0.2_grid8_RotateEnv_low,11,0.2,8,low,RotateEnv,rotate,4,3,7,5,1,1,1,1,10,10,10,0,1.0,1.0,0.0,1.0,20.8,0.5865384615384616,0.5510204081632653,0.6721311475409836,0.4382521160697205,0.8377898144516353,0.47058823529411764,0.3181659798724335,0.9735139294429769,0.4782608695652174,0.33216110441593516,0.5540030285606482,0.45454545454545453,0.28890344673602103,0.11751149177619764,0.5865384615384616,208,6.0,1.7,5.3,7.8,6.9,3.8,5.3,3.8,10.0,3.5,0.6,3.4,0.6687589100089101,0.2934032521532522,0.03783783783783784,0.0,UL,0.5780530510363644,0.004166666666666667,0.0,0.0,0.0,UL,0.1,1,0.0,0.8,0.0,0.0,0.0
size11_comp0.2_grid8_StartGoalSwap_low,11,0.2,8,low,StartGoalSwap,start_goal_swap,3,4,7,5,1,1,1,1,10,4,0,0,0.4,0.0,0.0,0.0,64.0,0.325,0.41814159292035397,0.10106382978723404,0.0,1.1299295440886155,0.6888888888888889,0.5188115891926087,1.2511699169064519,0.7096774193548387,0.4568614085927286,0.8614687185634065,0.6428571428571429,0.6559869890923432,0.19508241185388683,0.325,640,21.0,10.7,18.4,13.8,18.5,15.3,15.3,13.7,47.7,10.7,0.4,19.2,0.0,0.3202448210922787,0.31902382053654027,0.36073135837118103,DR,0.8435666248529042,0.0,0.196875,0.0,0.003125,UR,12.8,53,0.3,0.4,0.0,0.0,0.0
size11_comp0.2_grid8_TransposeEnv_low,11,0.2,8,low,TransposeEnv,transpose,4,3,7,5,1,1,1,1,10,3,3,1,0.3,0.3,0.1,0.3,49.4,0.4190283400809717,0.40824742268041236,1.0,0.13094405594405595,1.066509824497186,0.6666666666666666,0.4309573258893821,1.1485490417662003,0.717948717948718,0.4641078894193346,0.0,0.0,0.0,0.2373292990931129,0.4190283400809717,494,13.1,11.6,9.7,15.0,10.9,10.4,13.8,13.3,33.0,11.8,0.1,6.6,0.0,0.4685633764968177,0.14343617664851785,0.38800044685466445,UR,0.8601473058010086,0.0,0.0796875,0.0,0.0069711538461538465,UR,4.9,18,0.0,0.2,0.0,0.0,0.0
size11_comp0.2_grid8_base_low,11,0.2,8,low,base,base,4,3,7,5,1,1,1,1,10,6,1,2,0.6,0.1,0.2,0.1,52.2,0.3563218390804598,0.45930232558139533,0.15730337078651685,0.02413793103448276,1.0226668493218953,0.6176470588235294,0.42294375935955,1.0792648511998866,0.7037037037037037,0.38354079667819085,0.8043602706496432,0.2857142857142857,0.5749266154162209,0.21485389753442785,0.3563218390804598,522,8.6,7.5,10.1,26.0,18.1,11.3,9.5,12.3,39.8,10.9,6.6,17.6,0.0,0.3687666683854999,0.05863563962170233,0.5725976919927978,DR,0.5737783181596441,0.0,0.0234375,0.0,0.0,UR,1.4,9,0.0,0.4,0.0,0.0,0.0
size11_comp0.2_grid8_walls0_low,11,0.2,8,low,walls0,reshuffled_walls,4,5,9,5,2,1,1,1,5,4,1,0,0.8,0.2,0.0,0.2,62.8,0.27388535031847133,0.43790849673202614,0.11801242236024845,0.03103448275862069,0.9874119784167585,0.5,0.4141484863962899,1.0487097875618792,0.6296296296296297,0.38952560847834594,0.7509775717141505,0.0,0.5091224440797882,0.15614146683461605,0.27388535031847133,314,7.6,7.4,8.2,39.6,30.4,12.0,10.8,8.6,51.8,6.2,15.2,32.2,0.0,0.5585964912280701,0.033962264150943396,0.4074412446209864,UR,0.4983829208563827,0.0,0.0,0.0,0.01875,DR,0.4,2,0.0,0.6,0.0,0.0,0.0
size11_comp0.2_grid8_walls1_low,11,0.2,8,low,walls1,reshuffled_walls,4,3,7,5,1,1,1,1,5,5,3,0,1.0,0.6,0.0,0.6,43.4,0.2119815668202765,0.7647058823529411,0.1092896174863388,0.184,0.6522948451742577,0.4375,0.3646112067974394,0.7223280101002385,0.5,0.183227940476405,0.5822616802482771,0.375,0.5459944731184738,0.3345063025210084,0.2119815668202765,217,2.6,3.4,2.2,35.2,29.2,4.4,4.8,4.0,35.2,2.6,6.8,30.4,0.0,0.6552564102564102,0.0,0.3447435897435897,UR,0.5297450535580758,0.0,0.053125,0.0,0.0,UR,2.0,8,0.0,0.6,0.0,0.0,0.0
size11_comp0.2_grid9_RandomStart_8_3_low,11,0.2,9,low,RandomStart_8_3,random_starts,3,9,12,6,3,1,1,1,5,3,0,1,0.6,0.0,0.2,0.0,57.6,0.375,0.48554913294797686,0.20869565217391303,0.0,0.8633573858932754,0.7419354838709677,0.5555628292478992,0.821326669913555,0.6818181818181818,0.4874214847337294,0.9660991360659253,0.8888888888888888,0.7221305602825364,0.1847305919886565,0.375,288,16.6,7.2,14.2,19.6,14.2,15.2,9.4,17.8,45.6,14.6,17.6,15.2,0.0,0.9596560846560847,0.0,0.04034391534391534,UR,0.1813130440453013,0.0,0.55,0.0,0.0,UR,21.4,48,1.0,1.0,0.0,0.0,0.0
size11_comp0.2_grid9_RandomStart_8_7_low,11,0.2,9,low,RandomStart_8_7,random_starts,7,9,16,2,7,1,1,1,5,2,0,0,0.4,0.0,0.0,0.0,64.0,0.45625,0.531496062992126,0.16666666666666666,0.0,0.9332944673573281,0.65625,0.3830024340322487,0.9866222133692629,0.6071428571428571,0.3177510642957273,0.5600002452737847,1.0,0.8397620221878985,0.19219554754384474,0.45625,320,19.4,9.4,15.6,19.6,16.0,17.0,13.4,16.6,46.6,15.6,12.4,10.4,0.0,0.7273081676420341,0.0,0.2726918323579659,UR,0.7723848172765866,0.0,0.275,0.0,0.0,UR,16.4,46,0.0,1.0,0.0,0.0,0.0
size11_comp0.2_grid9_ReflectEnv_low,11,0.2,9,low,ReflectEnv,reflect,11,9,20,6,8,1,1,1,10,10,0,0,1.0,0.0,0.0,0.0,64.0,0.3359375,0.4621212121212121,0.2473404255319149,0.0,0.6926626151544358,0.5384615384615384,0.5214064222443187,0.8051597183717931,0.42857142857142855,0.2756694409846832,0.6075296721791384,0.6216216216216216,0.7073695431975562,0.21424330617650456,0.3359375,640,27.9,4.4,16.0,15.6,28.3,14.3,12.3,7.9,43.3,6.4,0.8,28.8,0.3480378645137573,0.595259486661697,0.005,0.05170264882454563,UR,0.999616599566201,0.10625,0.3375,0.0,0.0,UR,20.9,29,0.0,0.2,0.0,0.0,0.0
size11_comp0.2_grid9_RotateEnv_low,11,0.2,9,low,RotateEnv,rotate,11,9,20,6,8,1,1,1,10,10,1,0,1.0,0.1,0.0,0.1,63.6,0.3694968553459119,0.5598086124401914,0.27634660421545665,0.03333333333333333,0.56220097403213,0.6,0.293085770814003,0.6648622391392305,0.5,0.25636005704901765,0.34404578567954147,0.8125,0.37112791256459693,0.10921393471424895,0.3694968553459119,636,33.7,1.5,12.5,15.9,34.6,13.9,8.7,5.4,43.0,4.6,0.8,34.1,0.2244202477224882,0.6900097261343678,0.014545454545454545,0.0710245715976895,UR,1.1072785909652905,0.08645833333333333,0.5540625,0.0,0.0,UR,35.2,44,0.0,0.0,0.0,0.0,0.0
size11_comp0.2_grid9_StartGoalSwap_low,11,0.2,9,low,StartGoalSwap,start_goal_swap,9,11,20,6,8,1,1,1,10,3,0,1,0.3,0.0,0.1,0.0,59.6,0.46140939597315433,0.5077821011673151,0.17073170731707318,0.0,1.14900230253992,0.6730769230769231,0.43882776880440466,1.2139092127315867,0.6666666666666666,0.3961752907073138,0.7317435941649199,0.7142857142857143,0.7130222708571318,0.17687444704728217,0.46140939597315433,596,19.3,9.3,15.4,15.6,14.6,13.4,14.2,16.4,41.9,15.3,3.6,9.2,0.010256410256410256,0.4014362487482323,0.14133771929824562,0.44696962169711185,DR,0.8092561459649421,0.0,0.1125,0.0,0.014374999999999999,UR,5.9,34,0.4,0.4,0.0,0.0,0.0
size11_comp0.2_grid9_TransposeEnv_low,11,0.2,9,low,TransposeEnv,transpose,11,9,20,6,8,1,1,1,10,0,0,0,0.0,0.0,0.0,0.0,64.0,0.3203125,0.3203125,0.0,0.0,1.2084191630205654,0.7142857142857143,0.6377919245726665,1.2084191630205654,0.7142857142857143,0.6377919245726665,0.0,0.0,0.0,0.2937051771228902,0.3203125,640,21.9,11.1,12.9,18.1,16.4,16.0,13.2,17.4,51.5,12.5,0.0,20.4,0.0061358313817330215,0.9852927400468385,0.0,0.008571428571428572,UR,0.08136075875262347,0.0,0.4703125,0.0,0.0,UR,14.2,19,1.0,0.0,0.0,0.0,0.0
size11_comp0.2_grid9_base_low,11,0.2,9,low,base,base,11,9,20,6,8,1,1,1,10,4,0,0,0.4,0.0,0.0,0.0,64.0,0.45,0.49012567324955114,0.18072289156626506,0.0,1.0939415433426993,0.6964285714285714,0.4255825492832281,1.1070734740233437,0.68,0.3865697465551133,0.9845087876706623,0.8333333333333334,0.7506892386841847,0.10327644291654536,0.45,640,14.2,7.3,16.5,26.0,16.4,14.3,13.7,18.6,44.3,16.4,6.1,14.1,0.07904112554112555,0.43885713397409704,0.42473887138773014,0.05736286909704722,UR,0.8225423874094513,0.0,0.2078125,0.034375,0.0,UR,10.0,22,0.5,0.4,0.0,0.0,0.0
size11_comp0.2_grid9_walls0_low,11,0.2,9,low,walls0,reshuffled_walls,11,9,20,6,8,1,1,1,1,0,0,1,0.0,0.0,1.0,0.0,24.0,0.5416666666666666,0.5416666666666666,0.0,0.0,0.19442343534909728,0.7142857142857143,0.5530617824060663,0.19442343534909728,0.7142857142857143,0.5530617824060663,0.0,0.0,0.0,0.014285714285714282,0.5416666666666666,24,2.0,4.0,7.0,11.0,8.0,1.0,4.0,10.0,10.0,10.0,0.0,0.0,0.0,0.0,0.2857142857142857,0.7142857142857143,DR,0.863120568566631,0.0,0.0,0.0,0.0,,0.0,0,0.0,0.0,0.0,0.0,0.0
size11_comp0.2_grid9_walls1_low,11,0.2,9,low,walls1,reshuffled_walls,11,9,20,6,8,1,1,1,1,0,0,1,0.0,0.0,1.0,0.0,49.0,0.3877551020408163,0.3877551020408163,0.0,0.0,0.4093405612166491,0.6111111111111112,0.49013833983820226,0.4093405612166491,0.6111111111111112,0.49013833983820226,0.0,0.0,0.0,0.11263736263736264,0.3877551020408163,49,6.0,13.0,11.0,19.0,13.0,11.0,12.0,12.0,31.0,10.0,0.0,13.0,0.06060606060606061,0.030303030303030304,0.030303030303030304,0.8787878787878788,DR,0.7146532448524052,0.0,0.0,0.0,0.0,,0.0,0,0.0,0.0,0.0,0.0,0.0
size11_comp0.4_grid0_RandomStart_8_1_low,11,0.4,0,low,RandomStart_8_1,random_starts,10,6,16,4,6,1,1,1,2,0,0,0,0.0,0.0,0.0,0.0,64.0,0.265625,0.265625,0.0,0.0,1.1572698476163943,0.6363636363636364,0.691038223150797,1.1572698476163943,0.6363636363636364,0.691038223150797,0.0,0.0,0.0,0.43297510171642767,0.265625,128,35.0,5.0,12.5,11.5,20.5,16.5,16.5,9.5,55.0,7.0,0.0,32.5,0.45465686274509803,0.545343137254902,0.0,0.0,UR,0.6478883082668718,0.015625,0.1171875,0.0,0.0,UR,5.5,9,0.5,0.5,0.0,0.0,0.0
size11_comp0.4_grid0_RandomStart_9_5_low,11,0.4,0,low,RandomStart_9_5,random_starts,11,6,17,7,5,1,1,1,3,0,0,1,0.0,0.0,0.3333333333333333,0.0,61.666666666666664,0.2972972972972973,0.2972972972972973,0.0,0.0,0.9204873014391848,0.6111111111111112,0.6579682418001238,0.9204873014391848,0.6111111111111112,0.6579682418001238,0.0,0.0,0.0,0.31565036476363706,0.2972972972972973,185,32.666666666666664,2.3333333333333335,15.0,11.666666666666666,25.333333333333332,13.666666666666666,12.333333333333334,9.333333333333334,48.333333333333336,7.0,0.0,30.0,0.16000417710944026,0.8399958228905597,0.0,0.0,UR,0.590042869533224,0.0,0.4157529239766082,0.0,0.0,UR,17.0,23,0.0,0.0,0.0,0.0,0.0
size11_comp0.4_grid0_ReflectEnv_low,11,0.4,0,low,ReflectEnv,reflect,3,6,9,5,2,1,1,1,10,6,3,0,0.6,0.3,0.0,0.3,48.7,0.28336755646817247,0.2955223880597015,0.2565789473684211,0.22000000000000003,0.9960844712716279,0.4666666666666667,0.4201036689451703,1.1994617146027748,0.42857142857142855,0.44006618847522505,0.6611101881379738,0.5294117647058824,0.3872242250133154,0.183229988420893,0.28336755646817247,487,18.1,5.4,10.8,14.4,18.9,11.2,8.2,9.4,36.6,6.7,0.3,23.5,0.01818181818181818,0.5727565650855645,0.0,0.4090616167326173,UR,0.2687709396557107,0.0,0.2265625,0.0,0.05625,UR,15.6,48,0.0,0.6,0.0,0.0,0.0
size11_comp0.4_grid0_RotateEnv_low,11,0.4,0,low,RotateEnv,rotate,3,6,9,5,2,1,1,1,10,2,2,0,0.2,0.2,0.0,0.2,60.1,0.3627287853577371,0.3494809688581315,0.6956521739130435,0.04525423728813559,0.8971908595702351,0.47058823529411764,0.4391762894558954,1.0719685721893324,0.47368421052631576,0.48534798497662546,0.3863021611451817,0.46153846153846156,0.3042128717799152,0.14065303973615792,0.3627287853577371,601,17.8,11.3,14.5,16.5,15.9,12.7,13.1,17.4,44.1,13.9,0.2,14.1,0.0022727272727272726,0.19349970291146762,0.14781036573489403,0.656417204080911,DR,0.7349961844113715,0.0,0.0625,0.00847457627118644,0.009639830508474575,UR,3.9,21,0.0,0.1,0.0,0.0,0.0
size11_comp0.4_grid0_StartGoalSwap_low,11,0.4,0,low,StartGoalSwap,start_goal_swap,6,3,9,5,2,1,1,1,10,1,0,0,0.1,0.0,0.0,0.0,64.0,0.3328125,0.33171521035598706,0.36363636363636365,0.0,0.8304152325888293,0.7333333333333333,0.6105324819816667,1.0786400601900206,0.6842105263157895,0.5759127313679796,0.4016632576413173,0.8181818181818182,0.6703302330416716,0.1975823143942021,0.3328125,640,27.1,6.3,15.5,15.1,18.7,14.6,15.5,14.2,53.4,11.0,0.1,21.6,0.6641371552541766,0.33586284474582345,0.0,0.0,UL,0.7601153829475964,0.0109375,0.0484375,0.0,0.0,UR,2.9,14,0.0,0.9,0.0,0.0,0.0
size11_comp0.4_grid0_TransposeEnv_low,11,0.4,0,low,TransposeEnv,transpose,3,6,9,5,2,1,1,1,10,7,0,2,0.7,0.0,0.2,0.0,56.3,0.31793960923623443,0.4233128834355828,0.275,0.0,1.0191965794696993,0.6571428571428571,0.5985579657958013,1.1773933902841065,0.6111111111111112,0.49859398803072136,0.8516940739015035,0.7058823529411765,0.7044021775470624,0.20315098733435624,0.31793960923623443,563,20.4,9.0,10.9,15.9,17.9,10.1,15.4,11.7,46.7,9.5,3.5,21.4,0.6696588669950739,0.2718189655172414,0.058522167487684726,0.0,UL,0.6925955709074951,0.0015625,0.0,0.0,0.0,UL,0.1,1,0.0,0.7,0.0,0.0,0.0
size11_comp0.4_grid0_base_low,11,0.4,0,low,base,base,3,6,9,5,2,1,1,1,10,7,7,2,0.7,0.7,0.2,0.7,32.3,0.4891640866873065,0.38961038961038963,0.5798816568047337,0.2544633861449718,1.1385718415911108,0.6388888888888888,0.40759438647374957,1.185111654407065,0.5555555555555556,0.4693765349555611,1.0920320287751566,0.7222222222222222,0.345812237991938,0.08783801745758268,0.4891640866873065,323,9.8,4.3,9.0,9.2,7.7,7.3,7.9,8.4,20.5,8.0,1.9,5.9,0.8583829365079364,0.048214285714285716,0.09340277777777777,0.0,UL,0.4018484700986362,0.005982142857142857,0.0,0.0,0.0,UL,0.2,1,0.0,1.0,0.0,0.0,0.0
size11_comp0.4_grid0_walls0_low,11,0.4,0,low,walls0,reshuffled_walls,3,6,9,5,2,1,1,1,2,0,0,2,0.0,0.0,1.0,0.0,54.5,0.24770642201834864,0.24770642201834864,0.0,0.0,0.5029006833969836,0.7692307692307693,0.7489313138190368,0.5029006833969836,0.7692307692307693,0.7489313138190368,0.0,0.0,0.0,0.1475995778415133,0.24770642201834864,109,31.5,4.0,8.5,10.5,17.5,15.0,11.0,10.0,44.5,7.5,0.0,24.5,0.7681159420289855,0.23188405797101447,0.0,0.0,UL,0.7384626037533444,0.016666666666666666,0.0,0.0,0.0,UL,1.0,2,0.0,1.0,0.0,0.0,0.0
size11_comp0.4_grid0_walls1_low,11,0.4,0,low,walls1,reshuffled_walls,3,6,9,5,2,1,1,1,2,2,1,0,1.0,0.5,0.0,0.5,38.0,0.47368421052631576,0.8,0.42424242424242425,0.375,0.9486562522484246,0.5714285714285714,0.4166490247849067,0.5,0.3333333333333333,0.15563906222956642,1.1281187531477945,0.6666666666666666,0.5210530098070427,0.09425547996976566,0.47368421052631576,76,11.0,10.0,8.5,8.5,8.0,9.5,10.0,9.5,26.0,8.0,1.5,8.5,0.7777777777777778,0.0,0.2222222222222222,0.0,UL,0.4955380299191111,0.0,0.0,0.0546875,0.0,DL,2.5,5,0.0,1.0,0.0,0.0,0.0
size11_comp0.4_grid1_RandomStart_4_2_low,11,0.4,1,low,RandomStart_4_2,random_starts,7,8,15,3,6,1,1,1,3,0,0,3,0.0,0.0,1.0,0.0,8.333333333333334,0.24,0.24,0.0,0.0,0.5601723530861078,0.4,0.654633933077402,0.5601723530861078,0.4,0.654633933077402,0.0,0.0,0.0,0.2085714285714286,0.24,25,2.0,0.6666666666666666,0.3333333333333333,5.333333333333333,3.0,1.3333333333333333,2.3333333333333335,0.6666666666666666,4.333333333333333,0.3333333333333333,0.0,3.3333333333333335,1.0,0.0,0.0,0.0,UL,0.0,0.0,0.0,0.0,0.0,,0.0,0,1.0,0.0,0.0,0.0,0.0
size11_comp0.4_grid1_RandomStart_8_3_low,11,0.4,1,low,RandomStart_8_3,random_starts,8,8,16,4,7,1,1,1,2,0,0,1,0.0,0.0,0.5,0.0,51.5,0.24271844660194175,0.24271844660194175,0.0,0.0,1.2520495397840794,0.5,0.6285352503760546,1.2520495397840794,0.5,0.6285352503760546,0.0,0.0,0.0,0.494047619047619,0.24271844660194175,103,26.5,7.0,9.0,9.0,17.5,11.5,13.0,8.5,43.0,4.0,0.0,25.0,0.0,1.0,0.0,0.0,UR,0.0,0.0,0.602363782051282,0.0,0.0,UR,15.0,17,1.0,0.0,0.0,0.0,0.0
size11_comp0.4_grid1_ReflectEnv_low,11,0.4,1,low,ReflectEnv,reflect,5,8,13,5,4,1,1,1,10,2,1,0,0.2,0.1,0.0,0.1,63.7,0.20408163265306123,0.18588640275387264,0.39285714285714285,0.021311475409836064,0.922285079269522,0.32727272727272727,0.48136599549406095,1.0721810373589755,0.3783783783783784,0.5283483965497167,0.6141656098634228,0.2222222222222222,0.38479105999076857,0.2401000909386567,0.20408163265306123,637,32.5,4.4,9.3,17.4,30.3,12.7,11.8,7.7,49.9,6.2,0.5,36.6,0.0669095864694242,0.7670189849591472,0.15035714285714286,0.015714285714285715,UR,0.3707842489391614,0.0,0.571875,0.017725409836065575,0.0,UR,28.9,56,0.0,0.0,0.0,0.0,0.0
size11_comp0.4_grid1_RotateEnv_low,11,0.4,1,low,RotateEnv,rotate,5,8,13,5,4,1,1,1,10,9,2,0,0.9,0.2,0.0,0.2,61.0,0.3950819672131147,0.4818181818181818,0.34615384615384615,0.05491379310344828,1.0444997939072802,0.4090909090909091,0.418363469136879,1.026617162876977,0.45454545454545453,0.3681642088979744,1.0623824249375835,0.36363636363636365,0.46856272937578364,0.10479518396689552,0.3950819672131147,610,19.5,6.6,19.0,15.9,18.5,14.7,13.5,13.3,42.1,10.6,4.1,21.0,0.5380132810345695,0.3119717902695555,0.008,0.14201492869587498,UL,0.9972916882443321,0.0125,0.0796875,0.0,0.0,UR,3.9,24,0.7,0.0,0.0,0.0,0.0
size11_comp0.4_grid1_StartGoalSwap_low,11,0.4,1,low,StartGoalSwap,start_goal_swap,8,5,13,5,4,1,1,1,10,0,0,0,0.0,0.0,0.0,0.0,64.0,0.1890625,0.1890625,0.0,0.0,1.2065161669938358,0.25,0.7885143629430301,1.2065161669938358,0.25,0.7885143629430301,0.0,0.0,0.0,0.5168857055688417,0.1890625,640,35.1,2.9,11.0,15.0,24.7,16.4,11.8,10.1,58.6,7.3,0.0,38.1,0.0,1.0,0.0,0.0,UR,0.0,0.0,0.7234375,0.0,0.0,UR,23.0,30,1.0,0.0,0.0,0.0,0.0
size11_comp0.4_grid1_TransposeEnv_low,11,0.4,1,low,TransposeEnv,transpose,5,8,13,5,4,1,1,1,10,2,0,0,0.2,0.0,0.0,0.0,64.0,0.3625,0.37623762376237624,0.11764705882352941,0.0,0.9178248050937527,0.46875,0.5953955599467544,1.1276616908626096,0.391304347826087,0.49231387980732577,0.38157498590667416,0.6666666666666666,0.858826520303072,0.24833420426174635,0.3625,640,11.0,10.5,23.1,19.4,18.0,10.3,16.3,18.4,51.8,13.9,0.0,17.5,0.0,0.09990224828934506,0.8871945259042032,0.012903225806451613,DL,0.2631357764038379,0.0,0.0,0.0109375,0.0,DL,0.7,7,0.8,0.2,0.0,0.0,0.0
size11_comp0.4_grid1_base_low,11,0.4,1,low,base,base,5,8,13,5,4,1,1,1,10,1,0,8,0.1,0.0,0.8,0.0,37.4,0.2994652406417112,0.29838709677419356,0.5,0.0,1.1241162817666341,0.45161290322580644,0.5056365355598237,1.2016415425781262,0.4482758620689655,0.49529153372053103,0.0,0.5,0.6556390622295665,0.276855242948069,0.2994652406417112,374,13.1,5.6,10.2,8.4,10.3,7.9,9.8,8.2,27.5,7.0,0.1,12.4,0.09388528138528138,0.8157921379695573,0.09032258064516129,0.0,UR,0.2800923619264001,0.0,0.13848039215686275,0.0,0.0,UR,6.1,26,0.9,0.1,0.0,0.0,0.0
size11_comp0.4_grid1_walls0_low,11,0.4,1,low,walls0,reshuffled_walls,5,10,15,5,5,1,1,1,5,1,0,2,0.2,0.0,0.4,0.0,48.4,0.1859504132231405,0.17903930131004367,0.3076923076923077,0.0,0.8443254270148186,0.4596946970134034,0.5965000760008803,0.9369031060274373,0.4230769230769231,0.5559587903659778,0.5004654763965208,0.5957035716346161,0.7470819940733746,0.19956979047888138,0.1859504132231405,242,25.2,4.4,9.4,9.4,23.8,9.2,8.4,6.0,38.0,4.4,0.2,26.6,0.11085651936715765,0.7699945444626295,0.11914893617021276,0.0,UR,0.4261588642127963,0.0,0.346875,0.034375,0.0,UR,22.8,58,0.8,0.2,0.0,0.0,0.0
size11_comp0.4_grid1_walls1_low,11,0.4,1,low,walls1,reshuffled_walls,5,8,13,5,4,1,1,1,5,1,0,4,0.2,0.0,0.8,0.0,35.4,0.327683615819209,0.32857142857142857,0.32432432432432434,0.0,1.0809769901072062,0.38297094598492737,0.5186791852895308,1.085733115976703,0.468074038517012,0.5263254641354151,1.0697352380520313,0.18181818181818182,0.5006061625628956,0.3037935037935037,0.327683615819209,177,13.6,4.6,9.0,8.2,11.2,8.6,8.0,6.6,23.6,5.2,1.0,11.0,0.29678805237315875,0.6010842880523732,0.10212765957446808,0.0,UR,0.6707504168029518,0.0,0.1588235294117647,0.0,0.0,UR,3.2,16,0.4,0.2,0.0,0.0,0.0
size11_comp0.4_grid2_RandomStart_5_1_low,11,0.4,2,low,RandomStart_5_1,random_starts,6,4,10,8,1,1,1,1,5,0,0,0,0.0,0.0,0.0,0.0,64.0,0.2625,0.2625,0.0,0.0,0.8905296821225939,0.4166666666666667,0.6320607461229771,0.8905296821225939,0.4166666666666667,0.6320607461229771,0.0,0.0,0.0,0.280413708627152,0.2625,320,28.4,4.4,13.8,17.4,19.2,16.4,14.8,12.6,56.0,9.6,0.0,27.6,0.0,1.0,0.0,0.0,UR,0.0,0.0,0.5125,0.0,0.0,UR,14.6,25,0.0,0.0,0.0,0.0,0.0
size11_comp0.4_grid2_RandomStart_8_2_low,11,0.4,2,low,RandomStart_8_2,random_starts,8,4,12,6,3,1,1,1,5,0,0,0,0.0,0.0,0.0,0.0,64.0,0.284375,0.284375,0.0,0.0,1.058750423585648,0.5555555555555556,0.6862077427705676,1.058750423585648,0.5555555555555556,0.6862077427705676,0.0,0.0,0.0,0.2998212798504556,0.284375,320,29.6,3.4,15.2,15.8,17.2,18.4,12.8,14.6,57.0,12.6,0.0,26.4,0.0,1.0,0.0,0.0,UR,0.0,0.0,0.63125,0.0,0.0,UR,14.4,17,1.0,0.0,0.0,0.0,0.0
size11_comp0.4_grid2_ReflectEnv_low,11,0.4,2,low,ReflectEnv,reflect,3,4,7,7,0,1,1,1,10,0,0,0,0.0,0.0,0.0,0.0,64.0,0.1265625,0.1265625,0.0,0.0,1.0306303982579366,0.3465769737221661,0.6834637946180325,1.0306303982579366,0.3465769737221661,0.6834637946180325,0.0,0.0,0.0,0.35332754776789127,0.1265625,640,25.4,2.0,22.6,14.0,22.0,17.3,11.4,12.3,56.3,6.0,0.0,44.9,0.0,0.9742683160704292,0.0,0.025731683929570648,UR,0.16661286320087296,0.0,0.096875,0.0,0.0,UR,2.7,15,0.0,0.0,0.0,0.0,0.0
size11_comp0.4_grid2_RotateEnv_low,11,0.4,2,low,RotateEnv,rotate,3,4,7,7,0,1,1,1,10,2,1,1,0.2,0.1,0.1,0.1,54.9,0.4134790528233151,0.40601503759398494,0.6470588235294118,0.04666666666666667,0.8249542772245562,0.4382245967974566,0.4029045186618132,0.9415342069524675,0.4167375000313546,0.407188313065987,0.4897869792568112,0.5,0.3905886097498135,0.12217409160112297,0.4134790528233151,549,14.5,10.1,17.1,13.1,12.1,12.0,13.2,16.4,41.7,14.2,0.1,10.2,0.0,0.058893280632411074,0.7400441034783799,0.20106261588920904,DL,0.621252276988575,0.0,0.0,0.0,0.0,,0.0,0,0.2,0.2,0.0,0.0,0.0
size11_comp0.4_grid2_StartGoalSwap_low,11,0.4,2,low,StartGoalSwap,start_goal_swap,4,3,7,7,0,1,1,1,10,8,4,0,0.8,0.4,0.0,0.4,45.4,0.3700440528634361,0.3968253968253968,0.35094339622641507,0.2039445017773191,1.0173476834242268,0.4222222222222222,0.5110423585378732,0.8282048465399573,0.4,0.5288862166378483,1.1686619529316422,0.44,0.49676727205789306,0.1746682554198637,0.3700440528634361,454,16.3,3.5,13.5,12.1,14.0,11.5,9.4,9.5,30.3,8.8,1.2,12.4,0.27502322437412013,0.2874705059118027,0.2820813752302283,0.15542489448384886,UR,0.9986660219816887,0.0,0.109375,0.0,0.0,UR,2.7,10,0.0,0.4,0.0,0.0,0.0
size11_comp0.4_grid2_TransposeEnv_low,11,0.4,2,low,TransposeEnv,transpose,3,4,7,7,0,1,1,1,10,0,0,0,0.0,0.0,0.0,0.0,64.0,0.175,0.175,0.0,0.0,1.1755533730978314,0.5,0.5410890937200802,1.1755533730978314,0.5,0.5410890937200802,0.0,0.0,0.0,0.4024737042429777,0.175,640,25.2,4.9,15.3,18.6,21.8,15.4,14.3,11.5,55.2,6.7,0.0,39.2,0.0,1.0,0.0,0.0,UR,0.0,0.0,0.6921875,0.0,0.0,UR,38.2,57,1.0,1.0,0.0,0.0,0.0
size11_comp0.4_grid2_base_low,11,0.4,2,low,base,base,3,4,7,7,0,1,1,1,10,7,3,0,0.7,0.3,0.0,0.3,52.3,0.4340344168260038,0.4628099173553719,0.36875,0.13066666666666665,0.9119461535763929,0.4166666666666667,0.44532234185837616,0.943587448654211,0.4117647058823529,0.3116639526627777,0.8836355211383451,0.42105263157894735,0.5649114269281221,0.14821660703245954,0.4340344168260038,523,13.5,10.6,11.0,17.1,14.3,10.9,12.5,13.4,37.5,11.7,0.5,9.6,0.0,0.17903508771929827,0.7545871337273334,0.06637777855336839,DL,0.5397635672495815,0.0,0.0984375,0.17258333333333334,0.0,DL,7.5,21,0.7,0.7,0.0,0.0,0.0
size11_comp0.4_grid2_walls0_low,11,0.4,2,low,walls0,reshuffled_walls,3,4,7,7,0,1,1,1,5,5,4,0,1.0,0.8,0.0,0.8,40.2,0.527363184079602,0.5436241610738255,0.4807692307692308,0.22803284807764088,0.7220058693791223,0.48148148148148145,0.49742288820308395,1.11569036791038,0.6363636363636364,0.3704412844945395,0.4513477766388824,0.375,0.5847227407527082,0.12706791251122024,0.527363184079602,201,7.8,7.4,8.8,16.2,9.4,8.4,8.8,12.6,26.2,12.0,0.6,3.2,0.0,0.05517241379310345,0.8847684583428906,0.06005912786400591,DL,0.45951131268197437,0.0,0.040625,0.06197958326667733,0.0,DL,3.4,9,1.0,1.0,0.0,0.0,0.0
size11_comp0.4_grid2_walls1_low,11,0.4,2,low,walls1,reshuffled_walls,5,6,11,9,1,1,1,1,4,2,1,0,0.5,0.25,0.0,0.25,60.75,0.32510288065843623,0.32323232323232326,0.3333333333333333,0.05392156862745098,0.8538038305287224,0.30434782608695654,0.43522123545042396,1.0257305144911877,0.25,0.47916681392151866,0.6662474480242152,0.36363636363636365,0.387280604391048,0.15211062489014698,0.32510288065843623,243,8.0,14.5,10.5,27.75,13.0,17.0,15.0,14.75,50.75,10.75,1.0,25.0,0.06,0.0,0.85,0.09,DL,0.3883802377818674,0.0,0.0,0.01953125,0.0,DL,1.0,3,1.0,1.0,0.0,0.0,0.0
size11_comp0.4_grid3_RandomStart_4_4_low,11,0.4,3,low,RandomStart_4_4,random_starts,8,12,20,4,8,1,1,1,5,0,0,0,0.0,0.0,0.0,0.0,64.0,0.403125,0.403125,0.0,0.0,0.8955516522131225,0.5191407143269232,0.5500817575550924,0.8955516522131225,0.5191407143269232,0.5500817575550924,0.0,0.0,0.0,0.2449814005869906,0.403125,320,18.6,11.2,14.2,20.0,16.4,12.2,15.2,19.2,44.6,17.4,0.0,10.8,0.04573045729567071,0.8851088354572996,0.027906976744186046,0.04125373050284363,UR,0.5414299003969877,0.0,0.4125,0.0,0.0,UR,13.4,21,0.0,0.0,0.0,0.0,0.0
size11_comp0.4_grid3_ReflectEnv_low,11,0.4,3,low,ReflectEnv,reflect,4,12,16,8,4,1,1,1,10,9,9,0,0.9,0.9,0.0,0.9,42.8,0.5257009345794392,0.504,0.5346534653465347,0.38475029947732897,0.8914972141654925,0.4444444444444444,0.35414223564451985,0.743070224203946,0.45454545454545453,0.49286631177931145,0.9711409648765663,0.43902439024390244,0.27970492649902184,0.09587086473788525,0.5257009345794392,428,14.4,2.9,11.5,14.0,14.1,11.0,8.7,8.0,24.1,6.5,2.7,11.7,0.0,0.17632252175609525,0.43375948781154616,0.3899179904323586,DL,1.3171760811781987,0.0,0.0,0.0333664546899841,0.01764490095377843,DL,2.2,9,0.3,0.6,0.0,0.0,0.0
size11_comp0.4_grid3_RotateEnv_low,11,0.4,3,low,RotateEnv,rotate,4,12,16,8,4,1,1,1,10,10,0,0,1.0,0.0,0.0,0.0,64.0,0.2703125,0.39097744360902253,0.23865877712031558,0.0,1.3098772188902126,0.375,0.5755622307288472,1.300464834979429,0.0,0.3354959910027909,1.3137529063828879,0.5294117647058824,0.6744130353219291,0.22719752719996364,0.2703125,640,22.4,10.7,12.8,18.0,21.1,14.1,16.9,10.7,53.7,7.7,13.4,33.5,0.0,0.8362663514306894,0.0,0.1637336485693108,UR,0.5906940898748505,0.0,0.4984375,0.0,0.0,UR,18.6,43,0.0,1.0,0.0,0.0,0.0
size11_comp0.4_grid3_StartGoalSwap_low,11,0.4,3,low,StartGoalSwap,start_goal_swap,12,4,16,8,4,1,1,1,10,1,1,0,0.1,0.1,0.0,0.1,61.5,0.44390243902439025,0.44170771756978655,0.6666666666666666,0.041025641025641026,0.8224657190069323,0.44050943879022764,0.3553901782787806,0.8511293384742152,0.47966583334935897,0.37314583303871074,0.5,0.0,0.15563906222956642,0.11650034106579574,0.44390243902439025,615,7.9,9.6,16.4,27.6,17.3,10.5,12.4,20.3,42.9,17.4,0.2,14.0,0.13183604145771471,0.3139373925876613,0.027967479674796746,0.5262590862798272,DR,1.0788295642336476,0.0,0.003125,0.0,0.003125,UR,0.4,2,0.0,0.7,0.0,0.0,0.0
size11_comp0.4_grid3_TransposeEnv_low,11,0.4,3,low,TransposeEnv,transpose,4,12,16,8,4,1,1,1,10,0,0,0,0.0,0.0,0.0,0.0,64.0,0.140625,0.140625,0.0,0.0,1.2602626909396273,0.1,0.5535729956088513,1.2602626909396273,0.1,0.5535729956088513,0.0,0.0,0.0,0.3257237397074359,0.140625,640,6.6,5.0,8.8,43.6,32.8,9.7,8.6,11.9,58.3,5.0,0.0,44.7,0.0,0.9876463700234192,0.0,0.012353629976580797,UR,0.06119183558378569,0.0,0.5234375,0.0,0.0,UR,24.3,55,1.0,0.0,0.0,0.0,0.0
size11_comp0.4_grid3_base_low,11,0.4,3,low,base,base,4,12,16,8,4,1,1,1,10,4,2,0,0.4,0.2,0.0,0.2,59.3,0.3372681281618887,0.3310344827586207,0.35443037974683544,0.11428571428571428,0.787970959198199,0.42105263157894735,0.47822815196038454,1.013365751498063,0.2962962962962963,0.5497422793872003,0.5851156461283217,0.5333333333333333,0.4138654372762503,0.1815210048055691,0.3372681281618887,593,19.1,10.5,15.6,14.1,20.0,14.2,12.3,11.8,45.6,8.4,0.6,22.6,0.09579831932773109,0.1913628785773826,0.6277079067247906,0.0851308953700958,DL,0.6106719779703121,0.01111111111111111,0.025,0.3813740079365079,0.0,DL,14.0,38,0.6,0.0,0.0,0.0,0.0
size11_comp0.4_grid3_walls0_low,11,0.4,3,low,walls0,reshuffled_walls,4,12,16,10,4,1,1,1,4,0,0,0,0.0,0.0,0.0,0.0,64.0,0.41796875,0.41796875,0.0,0.0,1.1643410783978176,0.5517241379310345,0.45819799571575737,1.1643410783978176,0.5517241379310345,0.45819799571575737,0.0,0.0,0.0,0.12014711813339979,0.41796875,256,14.75,12.75,17.0,19.5,12.5,15.75,15.5,19.25,46.0,18.0,0.0,9.25,0.02403846153846154,0.0,0.9711538461538461,0.004807692307692308,DL,0.14844577760981512,0.0,0.0,0.18359375,0.0,DL,7.75,13,1.0,0.0,0.0,0.0,0.0
size11_comp0.4_grid3_walls1_low,11,0.4,3,low,walls1,reshuffled_walls,4,12,16,8,4,1,1,1,5,2,0,0,0.4,0.0,0.0,0.0,64.0,0.365625,0.38132295719844356,0.30158730158730157,0.0,1.0294208136032734,0.3673469387755102,0.45991201519158675,1.3341472771633807,0.3225806451612903,0.46138409477522574,0.5046141263608671,0.4444444444444444,0.45737676701976404,0.12325875222150437,0.365625,320,21.4,13.2,14.8,14.6,17.2,13.2,17.0,15.6,48.2,12.4,0.4,20.6,0.058333333333333334,0.01818181818181818,0.695247105654136,0.2282377428307123,DL,0.6656327679572632,0.003125,0.0,0.234375,0.0,DL,9.0,14,0.8,0.2,0.0,0.0,0.0
size11_comp0.4_grid4_RandomStart_7_4_low,11,0.4,4,low,RandomStart_7_4,random_starts,5,9,14,8,3,1,1,1,5,3,0,1,0.6,0.0,0.2,0.0,58.8,0.3707482993197279,0.4588235294117647,0.25,0.0,1.1079879836657696,0.4666666666666667,0.4617863929979329,1.1053517493677771,0.45454545454545453,0.3824080323113638,1.115237627985249,0.5,0.6800768848859979,0.1757229307229307,0.3707482993197279,294,11.6,9.2,18.0,20.0,18.6,11.0,13.0,15.2,41.6,12.2,1.4,14.4,0.2365565373455747,0.5813782452631209,0.18206521739130435,0.0,UR,0.8192404935134627,0.0,0.26875,0.005263157894736842,0.0,UR,12.4,29,0.6,0.0,0.0,0.0,0.0
size11_comp0.4_grid4_RandomStart_8_1_low,11,0.4,4,low,RandomStart_8_1,random_starts,3,9,12,12,0,1,1,1,3,3,0,0,1.0,0.0,0.0,0.0,64.0,0.2864583333333333,0.30434782608695654,0.27,0.0,1.1492944489740196,0.47058823529411764,0.633447355669222,1.286991009437495,0.2,0.4655078680183694,1.0919208821142379,0.5833333333333334,0.7034221421904107,0.3055937892398339,0.2864583333333333,192,20.0,6.333333333333333,14.333333333333334,23.333333333333332,20.0,18.0,12.0,13.0,55.0,9.666666666666666,1.0,28.666666666666668,0.0,1.0,0.0,0.0,UR,0.0,0.0,0.5833333333333334,0.0,0.0,UR,19.0,19,1.0,0.0,0.0,0.0,0.0
size11_comp0.4_grid4_ReflectEnv_low,11,0.4,4,low,ReflectEnv,reflect,11,9,20,6,7,1,1,1,10,0,0,0,0.0,0.0,0.0,0.0,64.0,0.3921875,0.3921875,0.0,0.0,1.2288410156264034,0.7,0.541173546926091,1.2288410156264034,0.7,0.541173546926091,0.0,0.0,0.0,0.15558203755956848,0.3921875,640,12.4,8.5,28.5,14.6,17.5,14.9,13.8,16.8,48.3,13.3,0.0,18.2,0.30261905508390774,0.0,0.6973809449160923,0.0,DL,0.7230002410236649,0.0,0.0,0.1796875,0.0,DL,5.4,12,0.8,0.0,0.0,0.0,0.0
size11_comp0.4_grid4_RotateEnv_low,11,0.4,4,low,RotateEnv,rotate,11,9,20,6,7,1,1,1,10,0,0,0,0.0,0.0,0.0,0.0,64.0,0.259375,0.259375,0.0,0.0,1.1993531380115618,0.7272727272727273,0.6215317101250166,1.1993531380115618,0.7272727272727273,0.6215317101250166,0.0,0.0,0.0,0.2700620965787357,0.259375,640,27.8,3.3,13.8,19.1,21.1,19.0,11.1,11.8,56.3,9.1,0.0,32.4,0.12478243434125788,0.8752175656587422,0.0,0.0,UR,0.27585349414501203,0.0,0.55,0.0,0.0,UR,19.3,39,0.9,0.0,0.0,0.0,0.0
size11_comp0.4_grid4_StartGoalSwap_low,11,0.4,4,low,StartGoalSwap,start_goal_swap,9,11,20,6,7,1,1,1,10,1,0,0,0.1,0.0,0.0,0.0,64.0,0.428125,0.42857142857142855,0.4117647058823529,0.0,1.0546784193738064,0.4186046511627907,0.4287659974878358,1.2257048565620767,0.37142857142857144,0.4249315546273894,0.3064377566751231,0.625,0.4455416850022884,0.23993773160727896,0.428125,640,13.8,8.1,24.7,17.4,17.6,14.8,13.0,17.6,45.8,15.4,0.1,13.5,0.28507962700627887,0.03227201257861635,0.6638983604151047,0.01875,DL,0.7581997647743842,0.0109375,0.00625,0.0390625,0.0,DL,2.6,6,0.7,0.0,0.0,0.0,0.0
size11_comp0.4_grid4_TransposeEnv_low,11,0.4,4,low,TransposeEnv,transpose,11,9,20,6,7,1,1,1,10,2,2,0,0.2,0.2,0.0,0.2,60.9,0.41050903119868637,0.3858695652173913,0.6491228070175439,0.08834244080145719,0.7920676603760101,0.5,0.37696483839509004,0.9236951269161756,0.5217391304347826,0.4211377601336631,0.539781682840693,0.4583333333333333,0.2923000717294917,0.1510711161439125,0.41050903119868637,609,23.3,5.0,17.0,15.6,18.5,13.6,14.6,13.2,38.1,11.6,0.4,15.7,0.2878937728937728,0.4396125595537361,0.05684967320261438,0.2156439943498767,UR,1.395724150378465,0.0,0.0265625,0.0,0.03227174408014572,DR,2.5,6,0.2,0.0,0.0,0.0,0.0
size11_comp0.4_grid4_base_low,11,0.4,4,low,base,base,11,9,20,6,7,1,1,1,10,1,0,0,0.1,0.0,0.0,0.0,64.0,0.41875,0.42338072669826227,0.0,0.0,1.0092039554003358,0.46296296296296297,0.4052606520020247,1.0713676243187376,0.46938775510204084,0.34457296343080274,0.4,0.4,1.0,0.24790702733436934,0.41875,640,12.4,7.4,30.5,13.7,19.8,13.3,12.7,17.2,42.0,14.6,0.0,15.6,0.3905810175485416,0.09022598404713514,0.28291427380645706,0.23627872459786614,UL,1.2808616454638366,0.0,0.0078125,0.003125,0.025,DR,1.9,4,0.1,0.0,0.0,0.0,0.0
size11_comp0.4_grid4_walls0_low,11,0.4,4,low,walls0,reshuffled_walls,11,9,20,6,9,1,1,1,5,4,0,0,0.8,0.0,0.0,0.0,64.0,0.35,0.3865546218487395,0.24390243902439024,0.0,0.9475878417881484,0.38461538461538464,0.4905288991793522,0.9180966119646814,0.3333333333333333,0.4265405119150654,1.0139431088909492,0.5,0.6345027705239974,0.21267768718646646,0.35,320,20.8,6.2,19.4,17.6,25.2,12.4,13.8,11.6,46.6,9.2,1.0,27.2,0.2907692307692308,0.5352556644835862,0.02692307692307692,0.1470520278241061,UR,0.8303799393593293,0.015625,0.203125,0.0,0.015625,UR,7.4,21,0.0,0.0,0.0,0.0,0.0
size11_comp0.4_grid4_walls1_low,11,0.4,4,low,walls1,reshuffled_walls,11,11,22,6,10,1,1,1,5,1,0,0,0.2,0.0,0.0,0.0,64.0,0.415625,0.41333333333333333,0.45,0.0,0.7875291413691,0.4313151315915992,0.44453763339240876,0.8619514320629142,0.41670132980257774,0.4181811900394121,0.43774437510817343,0.5,0.5684129171514929,0.15832954715481898,0.415625,320,15.8,7.2,26.6,14.4,18.2,14.8,10.4,19.6,43.6,14.8,0.2,16.4,0.11406060606060606,0.200327868852459,0.5328484848484848,0.15276304023845008,DL,1.0357493961521613,0.0,0.09375,0.009375,0.015625,UR,4.2,15,0.0,0.0,0.0,0.0,0.0
size11_comp0.4_grid5_RandomStart_4_8_low,11,0.4,5,low,RandomStart_4_8,random_starts,3,4,7,1,3,1,1,1,5,5,4,0,1.0,0.8,0.0,0.8,47.0,0.4851063829787234,0.6511627906976745,0.4479166666666667,0.16529000095868085,0.7548202563024737,0.5151515151515151,0.3722862703186789,0.9221776785800347,0.45454545454545453,0.19800852228711385,0.6711415451636933,0.5454545454545454,0.4594251443344614,0.14735178202920135,0.4851063829787234,235,12.2,8.6,11.6,14.6,11.8,9.8,10.6,13.8,29.6,12.6,1.6,6.6,0.0,0.0,0.4333738331004596,0.5666261668995404,DR,0.6595410958266955,0.0,0.0,0.02222222222222222,0.15785912013640657,DR,5.6,11,0.2,0.2,0.0,0.0,0.0
size11_comp0.4_grid5_RandomStart_9_1_low,11,0.4,5,low,RandomStart_9_1,random_starts,11,4,15,13,2,1,1,1,2,0,0,0,0.0,0.0,0.0,0.0,64.0,0.2265625,0.2265625,0.0,0.0,0.7847764087715225,0.5714285714285714,0.7767506540828591,0.7847764087715225,0.5714285714285714,0.7767506540828591,0.0,0.0,0.0,0.34094663506428213,0.2265625,128,31.5,4.0,11.0,17.5,22.0,17.5,10.5,13.0,58.5,10.0,0.0,36.0,0.0,1.0,0.0,0.0,UR,0.0,0.0,0.875,0.0,0.0,UR,31.5,34,1.0,0.0,0.0,0.0,0.0
size11_comp0.4_grid5_ReflectEnv_low,11,0.4,5,low,ReflectEnv,reflect,4,4,8,8,0,1,1,1,10,0,0,0,0.0,0.0,0.0,0.0,64.0,0.209375,0.209375,0.0,0.0,1.1715105595348472,0.1584962500721156,0.5372713762054253,1.1715105595348472,0.1584962500721156,0.5372713762054253,0.0,0.0,0.0,0.16743739710668445,0.209375,640,19.0,9.4,8.5,27.1,22.1,13.4,12.5,15.0,57.2,10.0,0.0,34.7,0.0,0.9983870967741936,0.0,0.0016129032258064516,UR,0.011911602665564836,0.0,0.675,0.0,0.0,UR,21.9,42,1.0,0.0,0.0,0.0,0.0
size11_comp0.4_grid5_RotateEnv_low,11,0.4,5,low,RotateEnv,rotate,4,4,8,8,0,1,1,1,10,8,8,0,0.8,0.8,0.0,0.8,37.3,0.4101876675603217,0.34967320261437906,0.6865671641791045,0.25061123983462813,1.0232262697569878,0.375,0.33131621363253844,1.131172056523263,0.23076923076923078,0.3632840712986528,0.8956539763059354,0.5454545454545454,0.2935360182089487,0.17145966241360974,0.4101876675603217,373,11.1,3.7,8.3,14.2,9.4,7.5,9.7,9.7,27.7,7.6,0.4,12.7,0.0,0.0,0.49945836814257866,0.5005416318574214,DR,0.7310161958837357,0.0,0.0,0.007886904761904762,0.021109730848861284,DR,0.7,3,0.4,0.6,0.0,0.0,0.0
size11_comp0.4_grid5_StartGoalSwap_low,11,0.4,5,low,StartGoalSwap,start_goal_swap,4,4,8,8,0,1,1,1,10,10,9,0,1.0,0.9,0.0,0.9,33.5,0.40298507462686567,0.56,0.2756756756756757,0.2790841742625665,0.8919357878583274,0.36499870692141917,0.4353380578902454,0.9776965595918654,0.5,0.39443921680918276,0.8118924009070252,0.23899750004807707,0.4735103095659039,0.1331980266733622,0.40298507462686567,335,10.5,1.4,17.1,4.5,14.9,4.8,6.6,6.2,22.7,5.1,0.5,14.0,0.06410256410256411,0.0,0.9358974358974358,0.0,DL,0.09418285354475156,0.0,0.0,0.10354882833351127,0.0,DL,3.3,21,0.9,0.9,0.0,0.0,0.0
size11_comp0.4_grid5_TransposeEnv_low,11,0.4,5,low,TransposeEnv,transpose,4,4,8,8,0,1,1,1,10,9,8,0,0.9,0.8,0.0,0.8,35.9,0.3286908077994429,0.3882978723404255,0.2631578947368421,0.3437202729044834,0.7731547394794841,0.36363636363636365,0.40201902934155936,0.9844098726132512,0.3333333333333333,0.4552314843082932,0.5196485797189637,0.4,0.3381640833814787,0.27487735453069806,0.3286908077994429,359,5.8,4.5,3.5,22.1,16.5,5.9,7.1,5.4,25.7,3.9,0.6,19.2,0.049997239475500346,0.9500027605244996,0.0,0.0,UR,0.2658402402850643,0.0,0.22132980019493176,0.0,0.0,UR,10.2,43,0.0,1.0,0.0,0.0,0.0
size11_comp0.4_grid5_base_low,11,0.4,5,low,base,base,4,4,8,8,0,1,1,1,10,6,4,0,0.6,0.4,0.0,0.4,56.2,0.34341637010676157,0.29110512129380056,0.44502617801047123,0.08096149464570516,0.889281697615902,0.45161290322580644,0.4940662210071998,1.0030346614097572,0.3870967741935484,0.49328555940857005,0.7755287338220469,0.5161290322580645,0.49484688260582954,0.15213003509307443,0.34341637010676157,562,9.6,10.2,10.7,25.7,20.8,9.7,10.5,14.2,40.4,9.9,0.7,21.0,0.3336198267667606,0.13545839753466873,0.22868938471672823,0.3022323909818425,UL,0.8666419278828428,0.0,0.0453125,0.008004385964912281,0.030590111642743223,UR,4.0,28,0.2,0.1,0.0,0.0,0.0
size11_comp0.4_grid5_walls0_low,11,0.4,5,low,walls0,reshuffled_walls,4,4,8,8,0,1,1,1,2,0,0,0,0.0,0.0,0.0,0.0,64.0,0.25,0.25,0.0,0.0,0.6792805427686189,0.5909090909090909,0.701708029422275,0.6792805427686189,0.5909090909090909,0.701708029422275,0.0,0.0,0.0,0.1309081070444707,0.25,128,23.5,7.5,8.0,25.0,22.0,11.0,16.5,13.5,46.5,10.5,0.0,25.0,0.18908382066276802,0.8109161793372319,0.0,0.0,UR,0.6994794349112929,0.0,0.4765625,0.0,0.0,UR,25.5,40,0.0,0.0,0.0,0.0,0.0
size11_comp0.4_grid6_RandomStart_2_3_low,11,0.4,6,low,RandomStart_2_3,random_starts,7,6,13,9,4,1,1,1,4,0,0,0,0.0,0.0,0.0,0.0,64.0,0.359375,0.359375,0.0,0.0,1.0920814669172878,0.59375,0.5435198952460754,1.0920814669172878,0.59375,0.5435198952460754,0.0,0.0,0.0,0.14109453914141412,0.359375,256,14.25,10.5,14.0,25.0,18.0,15.75,12.25,16.5,43.0,12.75,0.0,14.0,0.12211025128249717,0.8613129293104949,0.0,0.016576819407008087,UR,0.5800591906698854,0.0,0.1796875,0.0,0.0,UR,7.25,14,0.0,0.0,0.0,0.0,0.0
size11_comp0.4_grid6_RandomStart_3_4_low,11,0.4,6,low,RandomStart_3_4,random_starts,5,6,11,7,4,1,1,1,5,0,0,1,0.0,0.0,0.2,0.0,55.6,0.3273381294964029,0.3273381294964029,0.0,0.0,0.9716965641778315,0.625,0.5863121416730994,0.9716965641778315,0.625,0.5863121416730994,0.0,0.0,0.0,0.23553444104914695,0.3273381294964029,278,10.2,8.2,11.6,25.6,14.6,11.8,12.4,15.8,40.0,13.4,0.0,14.0,0.07494309673554957,0.7464854746930218,0.0,0.17857142857142858,UR,0.3931070754424469,0.0,0.09375,0.0,0.0,UR,3.8,8,0.0,0.0,0.0,0.0,0.0
size11_comp0.4_grid6_ReflectEnv_low,11,0.4,6,low,ReflectEnv,reflect,10,6,16,4,6,1,1,1,10,4,3,2,0.4,0.3,0.2,0.3,47.1,0.4543524416135881,0.4491315136476427,0.4852941176470588,0.13393665158371043,0.8406577724504783,0.4647887323943662,0.4135807594608361,0.9964999594909615,0.4583333333333333,0.3339663384059175,0.5154219038442526,0.4782608695652174,0.5797325947058837,0.09043705614869438,0.4543524416135881,471,7.6,8.4,11.0,20.1,16.0,10.2,9.3,10.6,31.3,8.8,0.4,12.2,0.12639595037646012,0.27555997642204544,0.3362716993151776,0.26177237388631686,DL,0.8396915493464355,0.0,0.121875,0.05346907993966817,0.003125,UR,5.3,23,0.1,0.3,0.0,0.0,0.0
size11_comp0.4_grid6_RotateEnv_low,11,0.4,6,low,RotateEnv,rotate,10,6,16,4,6,1,1,1,10,1,0,8,0.1,0.0,0.8,0.0,18.2,0.4835164835164835,0.4748603351955307,1.0,0.0,0.7119358391583888,0.425,0.35541068258390396,0.7696603666577176,0.4594594594594595,0.38422776495557187,0.0,0.0,0.0,0.09736607142857143,0.4835164835164835,182,1.7,3.1,3.0,10.4,6.7,2.8,3.7,4.0,10.6,3.0,0.0,5.6,0.2682539682539683,0.6384126984126983,0.04,0.05333333333333333,UR,0.8460822701402686,0.0,0.0890625,0.0046875,0.0,UR,4.1,40,0.1,0.1,0.0,0.0,0.0
size11_comp0.4_grid6_StartGoalSwap_low,11,0.4,6,low,StartGoalSwap,start_goal_swap,6,10,16,4,6,1,1,1,10,0,0,9,0.0,0.0,0.9,0.0,22.1,0.3393665158371041,0.3393665158371041,0.0,0.0,1.1207831847942782,0.6451612903225806,0.6053304638598895,1.1207831847942782,0.6451612903225806,0.6053304638598895,0.0,0.0,0.0,0.22260845724928627,0.3393665158371041,221,7.1,3.9,5.5,5.6,5.6,6.0,4.0,5.5,13.2,4.5,0.0,3.5,0.0,0.1954004329004329,0.0,0.8045995670995671,DR,0.30816256771711203,0.0,0.03125,0.0,0.0015625,UR,1.5,14,0.8,0.0,0.0,0.0,0.0
size11_comp0.4_grid6_TransposeEnv_low,11,0.4,6,low,TransposeEnv,transpose,10,6,16,4,6,1,1,1,10,0,0,3,0.0,0.0,0.3,0.0,57.3,0.4869109947643979,0.4869109947643979,0.0,0.0,1.1431012813028179,0.6875,0.4648594997086816,1.1431012813028179,0.6875,0.4648594997086816,0.0,0.0,0.0,0.10482692732246408,0.4869109947643979,573,14.2,12.8,13.8,16.5,11.3,12.6,14.3,18.1,42.6,16.5,0.0,4.8,0.0019230769230769232,0.0,0.9289818216251657,0.06909510145175743,DL,0.27854218038038275,0.0,0.0,0.0234375,0.0,DL,1.2,7,1.0,0.0,0.0,0.0,0.0
size11_comp0.4_grid6_base_low,11,0.4,6,low,base,base,10,6,16,4,6,1,1,1,10,0,0,2,0.0,0.0,0.2,0.0,55.4,0.3971119133574007,0.3971119133574007,0.0,0.0,1.2513510004814103,0.7692307692307693,0.5431889438922087,1.2513510004814103,0.7692307692307693,0.5431889438922087,0.0,0.0,0.0,0.14430034474681014,0.3971119133574007,554,15.2,11.5,13.1,15.6,14.5,10.0,14.0,15.9,43.6,13.7,0.0,12.1,0.0034785238959467633,0.8581068030578013,0.0,0.138414673046252,UR,0.23305232981101165,0.0,0.19944852941176472,0.0,0.014705882352941176,UR,4.8,18,0.9,0.0,0.0,0.0,0.0
size11_comp0.4_grid6_walls0_low,11,0.4,6,low,walls0,reshuffled_walls,10,6,16,4,6,1,1,1,5,1,1,0,0.2,0.2,0.0,0.2,58.8,0.3299319727891156,0.3192982456140351,0.6666666666666666,0.08421052631578947,0.8326785498197521,0.46875,0.357495955932713,0.9510545292375991,0.5769230769230769,0.4103632518600169,0.31971597234241494,0.0,0.1284043402477296,0.1740767817856366,0.3299319727891156,294,24.8,7.8,11.6,14.6,19.4,13.0,12.6,12.8,46.2,11.2,0.6,21.4,0.00909090909090909,0.8421758569299552,0.1,0.048733233979135614,UR,0.358994992403947,0.0,0.515625,0.0,0.0,UR,20.0,32,0.8,0.2,0.0,0.0,0.0
size11_comp0.4_grid6_walls1_low,11,0.4,6,low,walls1,reshuffled_walls,10,6,16,4,6,1,1,1,4,0,0,1,0.0,0.0,0.25,0.0,52.0,0.36538461538461536,0.36538461538461536,0.0,0.0,1.4253642360953522,0.5333333333333333,0.5821045946340327,1.4253642360953522,0.5333333333333333,0.5821045946340327,0.0,0.0,0.0,0.27610291755028593,0.36538461538461536,208,14.5,9.5,14.5,13.5,12.5,11.5,11.75,15.25,43.0,12.0,0.0,14.25,0.0,0.8418186423505571,0.0,0.15818135764944274,UR,0.4829415747453494,0.0,0.19140625,0.0,0.0,UR,12.0,45,1.0,0.0,0.0,0.0,0.0
size11_comp0.4_grid7_RandomStart_4_4_low,11,0.4,7,low,RandomStart_4_4,random_starts,8,5,13,5,4,1,1,1,5,4,3,0,0.8,0.6,0.0,0.6,47.2,0.4449152542372881,0.44329896907216493,0.4523809523809524,0.2235925294064829,0.918265120666131,0.4444444444444444,0.4080570422498994,1.0100642650111853,0.42857142857142855,0.41319107313399905,0.5969681154584413,0.5,0.3900879341555507,0.1787818753505028,0.4449152542372881,236,12.8,9.4,6.6,18.4,19.0,10.4,9.8,7.0,27.6,6.0,0.2,15.4,0.09537346711259755,0.2408881456707544,0.09487922705314009,0.568859160163508,DR,1.3520657179775633,0.0,0.08524344527251503,0.0,0.00625,UR,5.0,18,0.0,0.0,0.0,0.0,0.0
size11_comp0.4_grid7_RandomStart_6_8_low,11,0.4,7,low,RandomStart_6_8,random_starts,6,5,11,7,3,1,1,1,5,3,1,0,0.6,0.2,0.0,0.2,63.0,0.3333333333333333,0.3744292237442922,0.23958333333333334,0.03728813559322034,1.1155136010580675,0.4,0.4029975897613151,1.318558196361191,0.38095238095238093,0.39963819023022995,0.6417428786841125,0.4444444444444444,0.4108361886671805,0.1900383501447331,0.3333333333333333,315,24.8,7.4,12.4,18.4,23.8,13.6,11.2,13.4,47.4,9.2,0.2,27.0,0.0,0.30265480163144237,0.0755104800540906,0.621834718314467,DR,0.7833546196018564,0.0,0.25471398305084747,0.0,0.17510593220338982,UR,18.8,32,0.6,0.0,0.0,0.0,0.0
size11_comp0.4_grid7_ReflectEnv_low,11,0.4,7,low,ReflectEnv,reflect,7,5,12,4,4,1,1,1,10,0,0,8,0.0,0.0,0.8,0.0,39.3,0.2544529262086514,0.2544529262086514,0.0,0.0,1.149839107393902,0.5,0.5682050554881404,1.149839107393902,0.5,0.5682050554881404,0.0,0.0,0.0,0.4547489660343831,0.2544529262086514,393,22.4,2.2,8.4,6.3,16.1,9.5,7.2,5.5,31.0,3.9,0.0,20.5,0.27228507411878067,0.7277149258812192,0.0,0.0,UR,0.6599089436276638,0.0,0.08832386363636363,0.0,0.0,UR,2.6,14,0.8,0.0,0.0,0.0,0.0
size11_comp0.4_grid7_RotateEnv_low,11,0.4,7,low,RotateEnv,rotate,7,5,12,4,4,1,1,1,10,0,0,8,0.0,0.0,0.8,0.0,45.4,0.3568281938325991,0.3568281938325991,0.0,0.0,1.2495884413123177,0.48,0.5135385699629874,1.2495884413123177,0.48,0.5135385699629874,0.0,0.0,0.0,0.24620633162382802,0.3568281938325991,454,11.0,8.7,17.4,8.3,10.6,9.6,13.2,11.0,33.2,8.2,0.0,14.4,0.40376610100862587,0.0,0.596233898991374,0.0,DL,0.7943670346951076,0.01201052016364699,0.0,0.08139672905598302,0.0,DL,3.7,12,0.5,0.0,0.0,0.0,0.0
size11_comp0.4_grid7_StartGoalSwap_low,11,0.4,7,low,StartGoalSwap,start_goal_swap,5,7,12,4,4,1,1,1,10,1,0,0,0.1,0.0,0.0,0.0,64.0,0.196875,0.19732441471571907,0.19047619047619047,0.0,0.8652321261789677,0.5263157894736842,0.5470642982700047,1.25222224212126,0.4,0.45513396832172315,0.4352431084653094,0.6666666666666666,0.649209109323651,0.27902209361318697,0.196875,640,10.4,6.0,5.3,42.3,32.7,10.0,10.8,9.5,55.7,5.1,0.1,41.4,0.0,1.0,0.0,0.0,UR,0.0,0.0,0.6765625,0.0,0.0,UR,24.8,48,1.0,0.0,0.0,0.0,0.0
size11_comp0.4_grid7_TransposeEnv_low,11,0.4,7,low,TransposeEnv,transpose,7,5,12,4,4,1,1,1,10,0,0,0,0.0,0.0,0.0,0.0,64.0,0.3265625,0.3265625,0.0,0.0,1.1420062423380493,0.5357142857142857,0.5795598521455181,1.1420062423380493,0.5357142857142857,0.5795598521455181,0.0,0.0,0.0,0.28749667119377187,0.3265625,640,14.2,9.9,13.0,26.9,17.2,12.6,14.5,18.7,47.5,15.1,0.0,19.3,0.11661210075582493,0.8441841689715781,0.0,0.03920373027259684,UR,0.6505310216912068,0.0,0.3609375,0.0,0.0,UR,17.4,35,0.0,0.0,0.0,0.0,0.0
size11_comp0.4_grid7_base_low,11,0.4,7,low,base,base,7,5,12,4,4,1,1,1,10,3,2,3,0.3,0.2,0.3,0.2,45.0,0.38222222222222224,0.3783783783783784,0.4186046511627907,0.07521367521367521,1.0780445471250302,0.4696025793765263,0.4080716096717909,1.1390795744265219,0.48273514152304065,0.415371064037438,0.7545589024271234,0.4,0.3693845015338614,0.1711588763969716,0.38222222222222224,450,8.7,8.6,7.2,20.5,18.1,9.8,8.0,8.1,28.4,6.3,0.1,15.5,0.08134057681043431,0.4858929078877928,0.1195259538598048,0.3132405614419681,UR,0.8207713051892773,0.0,0.13758204514783462,0.009375,0.0171875,UR,5.4,14,0.0,0.0,0.0,0.0,0.0
size11_comp0.4_grid7_walls0_low,11,0.4,7,low,walls0,reshuffled_walls,7,5,12,4,5,1,1,1,5,0,0,5,0.0,0.0,1.0,0.0,9.6,0.4583333333333333,0.4583333333333333,0.0,0.0,0.9921257935847976,0.5094402778579062,0.40516556725336683,0.9921257935847976,0.5094402778579062,0.40516556725336683,0.0,0.0,0.0,0.29924704924704926,0.4583333333333333,48,1.6,1.8,0.8,5.4,3.4,2.0,1.6,1.6,4.4,1.2,0.0,2.8,0.40811688311688316,0.5918831168831169,0.0,0.0,UR,0.7206288814645252,0.0,0.0,0.0,0.0,,0.0,0,0.4,0.0,0.0,0.0,0.0
size11_comp0.4_grid7_walls1_low,11,0.4,7,low,walls1,reshuffled_walls,7,5,12,4,4,1,1,1,3,1,0,1,0.3333333333333333,0.0,0.3333333333333333,0.0,44.666666666666664,0.2462686567164179,0.3023255813953488,0.14583333333333334,0.0,0.676825634347444,0.23809523809523808,0.43777076338803245,0.8910626632734353,0.14285714285714285,0.33994711105640496,0.24835157649546152,0.42857142857142855,0.6334180680512872,0.15194715567386374,0.2462686567164179,134,17.333333333333332,4.333333333333333,3.3333333333333335,19.666666666666668,21.0,11.0,6.666666666666667,5.0,35.333333333333336,4.333333333333333,0.0,27.333333333333332,0.09503459503459503,0.8985551485551486,0.0,0.006410256410256411,UR,0.40084257013292585,0.0,0.4166666666666667,0.0,0.0,UR,16.0,25,0.0,0.0,0.0,0.0,0.0
size11_comp0.4_grid8_RandomStart_4_2_low,11,0.4,8,low,RandomStart_4_2,random_starts,5,12,17,11,4,1,1,1,5,1,0,0,0.2,0.0,0.0,0.0,64.0,0.290625,0.27956989247311825,0.36585365853658536,0.0,0.7117911157829618,0.45714285714285713,0.5479518626540757,1.154587104685658,0.35294117647058826,0.5697209932718161,0.29359490404152666,0.5555555555555556,0.5273921281817654,0.12709274694545322,0.290625,320,23.4,5.8,15.6,19.2,22.4,13.2,14.8,12.6,50.6,10.0,0.0,25.8,0.45769531355269893,0.4348972790398936,0.007407407407407407,0.1,UL,0.9110452879321251,0.0,0.203125,0.0,0.0,UR,7.4,20,0.4,0.4,0.0,0.0,0.0
size11_comp0.4_grid8_RandomStart_8_8_low,11,0.4,8,low,RandomStart_8_8,random_starts,11,12,23,1,11,1,1,1,4,1,0,2,0.25,0.0,0.5,0.0,32.5,0.3,0.3176470588235294,0.26666666666666666,0.0,0.5861100974876806,0.5,0.40705905911737106,0.6748256638142255,0.5,0.32610956773236677,0.4973945311611358,0.5,0.48800855050237535,0.1474725008518613,0.3,130,8.5,2.0,13.25,8.75,16.25,5.75,6.75,2.75,23.0,2.5,0.5,17.5,0.0125,0.16875,0.2346398305084746,0.5841101694915254,DR,0.5195899028230533,0.0,0.078125,0.0,0.51953125,DR,5.0,15,0.5,0.0,0.0,0.0,0.0
size11_comp0.4_grid8_ReflectEnv_low,11,0.4,8,low,ReflectEnv,reflect,5,12,17,13,3,1,1,1,10,9,0,0,0.9,0.0,0.0,0.0,64.0,0.2796875,0.29927007299270075,0.2650273224043716,0.0,1.1351738614480618,0.35714285714285715,0.568957639155775,1.0121289962178222,0.2,0.4153959122870913,1.203532119909306,0.4444444444444444,0.6542697096383772,0.2746361636175638,0.2796875,640,14.5,11.2,8.8,29.5,23.1,12.2,13.9,13.8,53.9,9.5,4.7,31.0,0.0,0.9962962962962963,0.0,0.0037037037037037034,UR,0.0228538143953528,0.0,0.28125,0.0,0.0,UR,12.2,27,1.0,1.0,0.0,0.0,0.0
size11_comp0.4_grid8_RotateEnv_low,11,0.4,8,low,RotateEnv,rotate,5,12,17,13,3,1,1,1,10,5,3,1,0.5,0.3,0.1,0.3,57.4,0.41114982578397213,0.3492063492063492,0.5306122448979592,0.10635475097739248,0.9621471608562131,0.39655172413793105,0.4205234077909571,0.8831074790051537,0.3870967741935484,0.48460062052749275,1.0528964252037258,0.4074074074074074,0.34695327464900877,0.10922974418989567,0.41114982578397213,574,13.4,9.5,11.4,23.1,18.1,11.3,13.5,13.5,38.7,10.8,1.7,15.6,0.0,0.11898762127228513,0.3764212858803195,0.5045910928473953,DR,0.9645543093169252,0.0,0.01,0.018160377358490565,0.003125,DL,1.5,7,0.3,0.3,0.0,0.0,0.0
size11_comp0.4_grid8_StartGoalSwap_low,11,0.4,8,low,StartGoalSwap,start_goal_swap,12,5,17,13,3,1,1,1,10,5,1,3,0.5,0.1,0.3,0.1,51.5,0.4174757281553398,0.4742547425474255,0.273972602739726,0.04722222222222222,0.9002576892222274,0.36427358872130894,0.3830946118471704,0.8675035045188537,0.40402092392872074,0.32498917871375044,0.994425970244427,0.25,0.5501477321057529,0.12342204427748468,0.4174757281553398,515,19.0,5.6,19.8,7.1,18.2,11.2,10.8,10.3,32.6,7.1,3.2,18.2,0.48734134392510464,0.2520216365555349,0.07120957529709722,0.1894274442222632,UL,1.1481912023762215,0.014930555555555555,0.0078125,0.0,0.04630145074224022,DR,2.2,3,0.1,0.5,0.0,0.0,0.0
size11_comp0.4_grid8_TransposeEnv_low,11,0.4,8,low,TransposeEnv,transpose,5,12,17,13,3,1,1,1,10,3,0,0,0.3,0.0,0.0,0.0,64.0,0.3890625,0.4010416666666667,0.28125,0.0,1.072726845287099,0.34210526315789475,0.515923271598848,1.3468611950475464,0.34615384615384615,0.47821989371631207,0.47876908747279606,0.3333333333333333,0.5976139236776759,0.20993920632324115,0.3890625,640,9.2,9.2,22.3,23.3,19.0,11.5,12.3,20.2,49.8,16.4,0.1,16.2,0.692287802868055,0.1181915118758852,0.18952068525605978,0.0,UL,0.6550915267377908,0.0,0.0609375,0.0140625,0.0,UR,4.8,25,0.8,0.8,0.0,0.0,0.0
size11_comp0.4_grid8_base_low,11,0.4,8,low,base,base,5,12,17,13,3,1,1,1,10,2,1,0,0.2,0.1,0.0,0.1,62.9,0.3163751987281399,0.30564784053156147,0.5555555555555556,0.03207547169811321,0.9341267971221263,0.36666666666666664,0.39044750623715185,1.3861562350962675,0.35294117647058826,0.4929086577654389,0.343011378232865,0.38461538461538464,0.25645984654631493,0.18950045848759067,0.3163751987281399,629,21.9,6.3,16.5,18.2,18.2,15.7,13.7,14.3,51.6,11.3,0.4,24.0,0.644416997723673,0.33613107056024416,0.009928122192273136,0.009523809523809523,UL,0.7304123492542336,0.0,0.096875,0.0,0.0018867924528301887,UR,4.3,14,0.8,0.8,0.0,0.0,0.0
size11_comp0.4_grid8_walls0_low,11,0.4,8,low,walls0,reshuffled_walls,5,12,17,13,2,1,1,1,3,0,0,0,0.0,0.0,0.0,0.0,64.0,0.2760416666666667,0.2760416666666667,0.0,0.0,0.9033128645898003,0.5,0.6742534785308062,0.9033128645898003,0.5,0.6742534785308062,0.0,0.0,0.0,0.21605669144395476,0.2760416666666667,192,30.333333333333332,4.333333333333333,13.333333333333334,16.0,21.333333333333332,14.666666666666666,13.333333333333334,13.666666666666666,55.666666666666664,12.333333333333334,0.0,26.333333333333332,0.8628571428571429,0.13714285714285715,0.0,0.0,UL,0.4320170105379686,0.015625,0.0625,0.0,0.0,UR,2.3333333333333335,6,1.0,1.0,0.0,0.0,0.0
size11_comp0.4_grid8_walls1_low,11,0.4,8,low,walls1,reshuffled_walls,5,12,17,13,3,1,1,1,4,1,1,0,0.25,0.25,0.0,0.25,55.0,0.35454545454545455,0.31840796019900497,0.7368421052631579,0.15178571428571427,0.7667105679361205,0.46153846153846156,0.37857744741884414,1.3346815776903869,0.3333333333333333,0.4966505289010201,0.279878273861035,0.5714285714285714,0.27737194900555046,0.1897885734556573,0.35454545454545455,220,19.0,8.5,12.75,14.75,16.5,13.25,11.0,13.25,44.0,9.0,0.25,19.0,0.7410399529964747,0.13396004700352526,0.07954545454545454,0.045454545454545456,UL,0.7513710975470679,0.00390625,0.0,0.0,0.0,UL,0.25,1,1.0,1.0,0.0,0.0,0.0
size11_comp0.4_grid9_RandomStart_1_6_low,11,0.4,9,low,RandomStart_1_6,random_starts,4,3,7,3,2,1,1,1,3,2,1,0,0.6666666666666666,0.3333333333333333,0.0,0.3333333333333333,49.0,0.3197278911564626,0.296,0.45454545454545453,0.12280701754385964,0.9439060925297076,0.42857142857142855,0.5153533817304746,1.4592562297314435,0.16666666666666666,0.49949230716630383,0.5573934896284056,0.625,0.5272491876536025,0.2149891774891775,0.3197278911564626,147,12.0,8.666666666666666,17.666666666666668,10.666666666666666,12.666666666666666,11.333333333333334,10.666666666666666,13.333333333333334,41.333333333333336,9.333333333333334,0.0,20.666666666666668,0.43482905982905984,0.0,0.56517094017094,0.0,DL,0.5381223409549113,0.046875,0.0,0.0,0.0,UL,1.6666666666666667,5,0.6666666666666666,0.3333333333333333,0.0,0.0,0.0
size11_comp0.4_grid9_RandomStart_8_9_low,11,0.4,9,low,RandomStart_8_9,random_starts,10,3,13,13,0,1,1,1,5,4,3,0,0.8,0.6,0.0,0.6,48.2,0.4190871369294606,0.391304347826087,1.0,0.22555724417426543,0.8057203934535279,0.33687343753004817,0.39128155541445664,0.8396592028921752,0.3220437500327798,0.4252727018085139,0.4323934896284056,0.5,0.01737894507982668,0.12343005952380952,0.4190871369294606,241,17.6,4.4,19.4,6.8,14.2,11.4,11.0,10.6,31.2,7.8,0.4,19.0,0.17261682829614283,0.2435500515995872,0.37707811568276683,0.20675500442150305,DL,1.1212814383593597,0.0,0.00625,0.019047619047619046,0.026725557244174265,DR,1.8,4,0.2,0.2,0.0,0.0,0.0
size11_comp0.4_grid9_ReflectEnv_low,11,0.4,9,low,ReflectEnv,reflect,8,3,11,11,0,1,1,1,10,7,7,0,0.7,0.7,0.0,0.7,38.1,0.4251968503937008,0.391812865497076,0.717948717948718,0.3371271828946248,0.7356930807912666,0.37693096592548075,0.3500818376100738,0.7532073772879146,0.3495822916866988,0.37349130062502817,0.6568787465563508,0.5,0.24473925404277888,0.10306133260678715,0.4251968503937008,381,7.8,5.2,4.8,20.3,14.0,8.9,8.3,5.9,24.3,4.4,0.8,14.1,0.4112540033646591,0.4455027533920976,0.13243243243243244,0.010810810810810811,UR,0.8889057070780433,0.0707253386148735,0.14375,0.0,0.0,UR,8.9,39,0.5,0.3,0.0,0.0,0.0
size11_comp0.4_grid9_RotateEnv_low,11,0.4,9,low,RotateEnv,rotate,8,3,11,11,0,1,1,1,10,0,0,0,0.0,0.0,0.0,0.0,64.0,0.3046875,0.3046875,0.0,0.0,1.2630033549032869,0.5070802083934297,0.5814701459780828,1.2630033549032869,0.5070802083934297,0.5814701459780828,0.0,0.0,0.0,0.4158616979731335,0.3046875,640,19.7,7.4,10.4,26.5,20.3,14.3,13.9,14.5,49.3,11.7,0.0,22.9,0.10517341276894568,0.8948265872310545,0.0,0.0,UR,0.44410730205134064,0.015625,0.5859375,0.0,0.0,UR,22.1,40,0.0,0.0,0.0,0.0,0.0
size11_comp0.4_grid9_StartGoalSwap_low,11,0.4,9,low,StartGoalSwap,start_goal_swap,3,8,11,11,0,1,1,1,10,10,9,0,1.0,0.9,0.0,0.9,41.8,0.5095693779904307,0.6440677966101694,0.48746518105849584,0.3259155009173013,0.8688952909799839,0.3996931122596154,0.29572180489206445,0.770528863565651,0.3333333333333333,0.22201754135597743,0.8826208389912861,0.4089526162958408,0.30600612073430916,0.13305692335860925,0.5095693779904307,418,7.1,5.3,6.9,22.5,14.3,8.0,8.1,10.4,26.1,9.0,2.6,10.0,0.5093881047885498,0.37743729203684706,0.007142857142857143,0.10603174603174603,UL,1.0433998203686372,0.0029411764705882353,0.07254901960784313,0.0,0.0017543859649122805,UR,3.4,25,0.6,0.6,0.0,0.0,0.0
size11_comp0.4_grid9_TransposeEnv_low,11,0.4,9,low,TransposeEnv,transpose,8,3,11,11,0,1,1,1,10,2,2,0,0.2,0.2,0.0,0.2,62.3,0.33547351524879615,0.32901134521880065,1.0,0.0401909150757077,1.0487655164969192,0.32,0.38315579689266754,1.1917789960192264,0.2727272727272727,0.407106303336292,0.0,0.6666666666666666,0.20751874963942188,0.20653142939999747,0.33547351524879615,623,12.4,10.3,27.4,12.2,21.8,10.7,14.0,14.8,49.2,11.0,0.0,25.4,0.19880095887355415,0.0,0.8011990411264458,0.0,DL,0.4897623999543755,0.0,0.0,0.08137446510862409,0.0,DL,4.6,8,0.9,0.1,0.0,0.0,0.0
size11_comp0.4_grid9_base_low,11,0.4,9,low,base,base,8,3,11,11,0,1,1,1,10,2,1,0,0.2,0.1,0.0,0.1,61.8,0.2686084142394822,0.25862068965517243,0.42105263157894735,0.02619047619047619,1.0437402099044497,0.4583333333333333,0.5628855936772456,1.2300222034975117,0.3333333333333333,0.6165210809093157,0.7332702205826797,0.6666666666666666,0.47349311495712854,0.32760039183416195,0.2686084142394822,618,32.7,3.7,14.7,10.7,23.7,15.4,13.0,8.7,51.3,6.9,0.2,32.7,0.24169043404777302,0.758309565952227,0.0,0.0,UR,0.5927049112664136,0.030877976190476192,0.19553571428571428,0.0,0.0,UR,8.2,15,0.9,0.1,0.0,0.0,0.0
size11_comp0.4_grid9_walls0_low,11,0.4,9,low,walls0,reshuffled_walls,8,3,11,9,1,1,1,1,4,2,1,0,0.5,0.25,0.0,0.25,58.75,0.2936170212765957,0.29381443298969073,0.2926829268292683,0.06395348837209303,0.9236122737355761,0.4,0.480483747555774,0.9291983252357382,0.5294117647058824,0.45011386978292595,0.9117419142977315,0.125,0.5450197378230761,0.23743410462375983,0.2936170212765957,235,31.0,3.5,14.5,9.75,28.0,13.5,10.0,6.25,45.5,5.5,1.25,29.0,0.3183042805220349,0.6816957194779651,0.0,0.0,UR,0.5783035202568045,0.02734375,0.12881540697674418,0.0,0.0,UR,4.25,7,0.75,0.25,0.0,0.0,0.0
size11_comp0.4_grid9_walls1_low,11,0.4,9,low,walls1,reshuffled_walls,10,3,13,13,0,1,1,1,3,0,0,0,0.0,0.0,0.0,0.0,64.0,0.15104166666666666,0.15104166666666666,0.0,0.0,0.8140693853485045,0.5,0.7919276199308299,0.8140693853485045,0.5,0.7919276199308299,0.0,0.0,0.0,0.44358716475095783,0.15104166666666666,192,41.333333333333336,2.0,12.0,8.666666666666666,28.666666666666668,12.0,14.0,8.333333333333334,59.333333333333336,5.333333333333333,0.0,44.666666666666664,0.0,1.0,0.0,0.0,UR,0.0,0.0,0.5572916666666666,0.0,0.0,UR,14.333333333333334,20,1.0,0.0,0.0,0.0,0.0
size11_comp0.6_grid0_RandomStart_7_1_low,11,0.6,0,low,RandomStart_7_1,random_starts,3,6,9,9,0,1,1,1,5,5,0,0,1.0,0.0,0.0,0.0,64.0,0.16875,0.3333333333333333,0.13076923076923078,0.0,0.9035117227736995,0.375,0.44486070610319345,0.8192771209459833,0.4,0.23964131335878397,0.9418001781499341,0.36363636363636365,0.5381422482597432,0.12110315279958137,0.16875,320,40.8,2.6,7.4,13.2,35.6,14.0,6.8,6.6,57.4,5.4,3.6,43.6,0.0,1.0,0.0,0.0,UR,0.0,0.0,0.89375,0.0,0.0,UR,34.8,47,1.0,1.0,0.0,0.0,0.0
size11_comp0.6_grid0_RandomStart_7_9_low,11,0.6,0,low,RandomStart_7_9,random_starts,9,6,15,5,6,1,1,1,3,0,0,2,0.0,0.0,0.6666666666666666,0.0,42.333333333333336,0.4015748031496063,0.4015748031496063,0.0,0.0,1.105161558830174,0.42105263157894735,0.5063167931305194,1.105161558830174,0.42105263157894735,0.5063167931305194,0.0,0.0,0.0,0.09094896331738435,0.4015748031496063,127,11.333333333333334,9.666666666666666,10.333333333333334,11.0,11.333333333333334,8.666666666666666,13.0,8.333333333333334,29.666666666666668,5.666666666666667,0.0,10.333333333333334,0.0,0.0,0.5408931934355663,0.4591068065644337,DL,0.4167565732102439,0.0,0.0,0.0,0.0,,0.0,0,0.3333333333333333,0.0,0.0,0.0,0.0
size11_comp0.6_grid0_ReflectEnv_low,11,0.6,0,low,ReflectEnv,reflect,5,6,11,5,3,1,1,1,10,9,1,0,0.9,0.1,0.0,0.1,61.9,0.22294022617124395,0.2526690391459075,0.19822485207100593,0.02558139534883721,0.937946539308209,0.34145040324906956,0.5761836666009827,1.0866112789505036,0.125,0.4205966143441384,0.8862370646500196,0.4167375000313546,0.6303009021685808,0.4228400904745836,0.22294022617124395,619,23.1,3.2,23.7,11.9,29.2,12.5,12.9,6.3,46.8,4.2,0.8,35.6,0.36584616099846423,0.42700291308055,0.20715092592098583,0.0,UR,1.226733489534502,0.05385174418604651,0.06875,0.0,0.0,UR,5.4,16,0.1,0.2,0.0,0.0,0.0
size11_comp0.6_grid0_RotateEnv_low,11,0.6,0,low,RotateEnv,rotate,5,6,11,5,3,1,1,1,10,10,4,0,1.0,0.4,0.0,0.4,51.6,0.3333333333333333,0.5086206896551724,0.2825,0.1662986111111111,0.9407826558271949,0.2692307692307692,0.39136715014072904,1.0080418382646958,0.14285714285714285,0.28816387121576054,0.9160029570344314,0.3157894736842105,0.4293894107972964,0.2133051480994099,0.3333333333333333,516,22.3,3.1,11.6,14.6,21.4,12.2,9.0,8.0,41.1,6.3,1.1,24.6,0.24296691432135642,0.7570330856786436,0.0,0.0,UR,0.675154865548535,0.06355555555555556,0.2703125,0.0,0.0,UR,12.6,26,0.9,0.1,0.0,0.0,0.0
size11_comp0.6_grid0_StartGoalSwap_low,11,0.6,0,low,StartGoalSwap,start_goal_swap,6,5,11,5,3,1,1,1,10,6,0,1,0.6,0.0,0.1,0.0,60.4,0.3526490066225166,0.45224719101123595,0.20967741935483872,0.0,1.1807876181254469,0.30303030303030304,0.3987270959121863,1.2677571204646514,0.34782608695652173,0.4052288467823928,0.9807577627452766,0.2,0.3837730689107114,0.14167098912468834,0.3526490066225166,604,10.7,7.7,13.5,28.5,19.7,12.4,12.1,15.2,49.9,12.4,11.9,21.6,0.0,0.6473266499582289,0.08421052631578947,0.2684628237259816,UR,0.2218321260149076,0.0,0.2015625,0.0,0.0,UR,8.9,28,0.0,0.6,0.0,0.0,0.0
size11_comp0.6_grid0_TransposeEnv_low,11,0.6,0,low,TransposeEnv,transpose,5,6,11,5,3,1,1,1,10,5,0,3,0.5,0.0,0.3,0.0,48.0,0.3104166666666667,0.43386243386243384,0.23024054982817868,0.0,1.216696023306005,0.3333333333333333,0.4959679656268335,1.1908741517260595,0.34782608695652173,0.47527878826477654,1.2760863279398793,0.3,0.5435530735595643,0.17751843887461394,0.3104166666666667,480,11.6,8.0,11.9,16.5,14.3,10.0,10.7,12.0,37.3,8.4,2.0,18.0,0.0,0.09310344827586206,0.5275132275132275,0.37938332421091037,DL,0.3164116051786124,0.0,0.0,0.0984375,0.0,DL,2.5,7,0.4,0.5,0.0,0.0,0.0
size11_comp0.6_grid0_base_low,11,0.6,0,low,base,base,5,6,11,5,3,1,1,1,10,3,0,7,0.3,0.0,0.7,0.0,29.4,0.2585034013605442,0.40625,0.08208955223880597,0.0,1.0424746450873057,0.29411764705882354,0.5116185662134201,1.1599493579476257,0.25,0.43967743867581843,0.7605353342225386,0.4,0.6842772723036639,0.25098078250252165,0.2585034013605442,294,16.4,2.1,6.5,4.4,12.1,6.2,4.5,5.6,21.6,4.3,0.8,14.6,0.0,0.3605787902501232,0.0,0.6394212097498768,DR,0.24215016159511155,0.0,0.203125,0.0,0.0,UR,11.4,51,0.6,0.4,0.0,0.0,0.0
size11_comp0.6_grid0_walls0_low,11,0.6,0,low,walls0,reshuffled_walls,7,6,13,5,4,1,1,1,5,1,0,4,0.2,0.0,0.8,0.0,26.4,0.32575757575757575,0.3904761904761905,0.07407407407407407,0.0,1.27052173532671,0.13333333333333333,0.492981420745075,1.3155708691514045,0.18181818181818182,0.3797542488141557,1.1466366173088,0.0,0.8043561435551031,0.3071816201227966,0.32575757575757575,132,9.4,3.0,7.8,6.2,8.2,6.6,5.0,5.6,18.2,3.6,1.6,11.0,0.0,0.42807668521954234,0.0,0.5719233147804575,DR,0.36664489344894474,0.0,0.075,0.0,0.0,UR,4.4,22,0.6,0.4,0.0,0.0,0.0
size11_comp0.6_grid0_walls1_low,11,0.6,0,low,walls1,reshuffled_walls,5,6,11,5,3,1,1,1,5,3,0,2,0.6,0.0,0.4,0.0,48.2,0.23236514522821577,0.29914529914529914,0.1693548387096774,0.0,1.0308360299801709,0.2857142857142857,0.5252706238413873,1.0364337660668617,0.26666666666666666,0.402246371772311,1.0168416897634438,0.3333333333333333,0.8328312540140779,0.11603326909960203,0.23236514522821577,241,18.8,2.0,15.6,11.8,16.8,11.0,9.0,10.4,38.8,5.0,1.6,27.6,0.0,0.5105173709840833,0.0,0.4894826290159166,UR,0.3168194738682422,0.0,0.3375,0.0,0.0,UR,13.8,27,0.4,0.6,0.0,0.0,0.0
size11_comp0.6_grid1_RandomStart_9_3_low,11,0.6,1,low,RandomStart_9_3,random_starts,3,8,11,5,3,1,1,1,1,0,0,0,0.0,0.0,0.0,0.0,64.0,0.078125,0.078125,0.0,0.0,0.9556529963321909,0.0,0.6314964032503224,0.9556529963321909,0.0,0.6314964032503224,0.0,0.0,0.0,0.2501801801801802,0.078125,64,16.0,2.0,4.0,42.0,30.0,16.0,12.0,5.0,59.0,2.0,0.0,53.0,0.0,1.0,0.0,0.0,UR,0.0,0.0,0.921875,0.0,0.0,UR,59.0,59,1.0,0.0,0.0,0.0,0.0
size11_comp0.6_grid1_RandomStart_9_9_low,11,0.6,1,low,RandomStart_9_9,random_starts,3,8,11,11,0,1,1,1,4,4,3,0,1.0,0.75,0.0,0.75,33.0,0.3484848484848485,0.38235294117647056,0.336734693877551,0.3770644283121597,0.77165809691567,0.3076923076923077,0.4215719178775557,0.9385450065760702,0.0,0.41413738846950127,0.7413150224319609,0.36363636363636365,0.4229236504972019,0.23062386331617096,0.3484848484848485,132,18.5,0.5,8.0,6.0,15.5,8.0,7.5,1.0,21.25,0.25,0.0,18.75,0.0,0.32332650273224045,0.0,0.6766734972677596,DR,0.4509093531780993,0.0,0.05859375,0.0,0.21696347549909256,DR,8.0,13,0.75,0.75,0.0,0.0,0.0
size11_comp0.6_grid1_ReflectEnv_low,11,0.6,1,low,ReflectEnv,reflect,4,8,12,8,2,1,1,1,10,6,4,2,0.6,0.4,0.2,0.4,49.1,0.40122199592668023,0.4,0.40239043824701193,0.11806246385193753,1.1830126514958077,0.4,0.4264653995033602,1.2340555428474063,0.4375,0.5017453390452269,1.1489840572614087,0.375,0.3762787731421157,0.1776165504907317,0.40122199592668023,491,14.9,7.3,13.1,13.8,13.6,9.1,13.7,11.7,35.6,8.6,3.0,14.1,0.4458908025472065,0.0,0.5541091974527935,0.0,DL,0.6422763042911768,0.0,0.0,0.012229793233082705,0.0,DL,0.7,5,0.5,0.5,0.0,0.0,0.0
size11_comp0.6_grid1_RotateEnv_low,11,0.6,1,low,RotateEnv,rotate,4,8,12,8,2,1,1,1,10,10,0,0,1.0,0.0,0.0,0.0,64.0,0.2703125,0.5511811023622047,0.20077972709551656,0.0,1.0681431555209342,0.36666666666666664,0.4277370836531211,0.9531370318739029,0.3,0.275737659208814,1.2981554028149964,0.5,0.7317359325417352,0.2564168074222563,0.2703125,640,31.5,3.0,14.5,15.0,24.2,15.6,14.7,8.5,52.6,6.0,7.5,32.7,0.06665673124689517,0.9333432687531049,0.0,0.0,UR,0.2238570509754207,0.0,0.378125,0.0,0.0,UR,16.8,25,1.0,1.0,0.0,0.0,0.0
size11_comp0.6_grid1_StartGoalSwap_low,11,0.6,1,low,StartGoalSwap,start_goal_swap,8,4,12,8,2,1,1,1,10,6,0,0,0.6,0.0,0.0,0.0,64.0,0.24375,0.2776280323450135,0.1970260223048327,0.0,0.8394229282388289,0.36666666666666664,0.44250022441879727,0.6843740822774065,0.4375,0.29825814735692413,1.0166216093375973,0.2857142857142857,0.6073483124895095,0.1937132543737403,0.24375,640,12.1,6.9,6.1,38.9,28.9,11.5,12.4,10.2,51.4,6.8,2.1,37.0,0.020867296549967218,0.9010565655483133,0.0,0.0780761379017193,UR,0.40907479136793895,0.0,0.3265625,0.0,0.0,UR,14.2,24,0.0,0.0,0.0,0.0,0.0
size11_comp0.6_grid1_TransposeEnv_low,11,0.6,1,low,TransposeEnv,transpose,4,8,12,8,2,1,1,1,10,2,0,0,0.2,0.0,0.0,0.0,64.0,0.31875,0.32,0.3076923076923077,0.0,0.9355189519192395,0.3,0.5056654624723015,1.2430480876495462,0.2608695652173913,0.5113015081904111,0.519450121225295,0.35294117647058826,0.49804022414780036,0.1857078418801713,0.31875,640,17.0,10.7,20.6,15.7,17.5,12.2,16.0,17.3,53.4,14.2,0.0,23.0,0.0,0.21762016275393709,0.08267543859649122,0.6997043986495715,DR,0.44843203039410284,0.0,0.06875,0.0140625,0.0703125,DR,7.5,33,0.6,0.6,0.0,0.0,0.0
size11_comp0.6_grid1_base_low,11,0.6,1,low,base,base,4,8,12,8,2,1,1,1,10,9,5,0,0.9,0.5,0.0,0.5,44.9,0.2828507795100223,0.3716216216216216,0.23920265780730898,0.24668414918414916,0.9460429552086607,0.2564102564102564,0.44510983339566035,0.9492125238022093,0.1111111111111111,0.4608413850707422,0.9433261821284761,0.38095238095238093,0.43162564624559013,0.20299197965984822,0.2828507795100223,449,25.7,1.5,7.1,10.6,21.7,10.6,8.5,3.1,32.1,2.3,0.3,26.9,0.0,0.6373686437827732,0.0,0.3626313562172267,UR,0.7488315209934335,0.0,0.278125,0.0,0.02727272727272727,UR,14.8,49,0.4,0.4,0.0,0.0,0.0
size11_comp0.6_grid1_walls0_low,11,0.6,1,low,walls0,reshuffled_walls,4,8,12,8,2,1,1,1,4,4,2,0,1.0,0.5,0.0,0.5,45.0,0.4222222222222222,0.5,0.37272727272727274,0.23963133640552994,0.9116993328809817,0.3125,0.3279508184989664,1.1944565265776943,0.36363636363636365,0.3152279052873724,0.7635884218969894,0.2857142857142857,0.33461520160980135,0.14731466450216452,0.4222222222222222,180,19.0,5.0,12.0,9.0,14.75,11.75,9.0,8.5,29.5,5.75,0.25,16.0,0.0,0.4457531239446133,0.0,0.5542468760553867,DR,0.6835299015644146,0.0,0.109375,0.0,0.0,UR,2.5,8,0.5,0.5,0.0,0.0,0.0
size11_comp0.6_grid1_walls1_low,11,0.6,1,low,walls1,reshuffled_walls,4,10,14,10,3,1,1,1,4,3,0,0,0.75,0.0,0.0,0.0,64.0,0.33984375,0.4186046511627907,0.17857142857142858,0.0,1.0457784574418798,0.25,0.4004697804519708,1.2022568085577974,0.35714285714285715,0.3563437229641533,0.6806623048380726,0.0,0.5034305812568785,0.17405529913269854,0.33984375,256,25.0,7.5,17.5,14.0,24.75,9.5,14.25,14.5,48.75,11.75,0.75,23.5,0.0,0.34407288858939805,0.005434782608695652,0.6504923288019062,DR,0.7394111216608557,0.0,0.26171875,0.0,0.0,UR,16.5,29,0.75,0.75,0.0,0.0,0.0
size11_comp0.6_grid2_RandomStart_4_7_low,11,0.6,2,low,RandomStart_4_7,random_starts,7,9,16,2,7,1,1,1,2,2,0,0,1.0,0.0,0.0,0.0,64.0,0.3828125,0.5,0.3333333333333333,0.0,0.7586689166502617,0.26666666666666666,0.4074654817273878,0.8757547463636273,0.2,0.34204774945625954,0.7001260017935789,0.3,0.4401743478629519,0.18080447330447327,0.3828125,128,19.5,13.5,17.5,13.5,20.5,16.5,13.5,12.5,46.5,8.5,1.0,28.0,0.020833333333333332,0.05263157894736842,0.2883771929824561,0.638157894736842,DR,1.1668881110448548,0.0,0.0,0.0,0.0703125,DR,3.5,4,0.0,1.0,0.0,0.0,0.0
size11_comp0.6_grid2_RandomStart_9_8_low,11,0.6,2,low,RandomStart_9_8,random_starts,1,9,10,8,1,1,1,1,4,4,1,0,1.0,0.25,0.0,0.25,58.25,0.3261802575107296,0.32857142857142857,0.32515337423312884,0.06097560975609756,0.8001762042338341,0.23404255319148937,0.4618067942382481,1.371956497217263,0.08333333333333333,0.4359473007699514,0.6041372466395155,0.2857142857142857,0.4706729062845213,0.2429976052316478,0.3261802575107296,233,24.75,8.0,15.25,10.25,21.5,13.0,10.5,12.25,44.75,8.5,0.75,25.75,0.0,0.2586538461538462,0.2,0.5413461538461539,DR,0.4402212661292484,0.0,0.0625,0.07317073170731707,0.07688643292682927,DR,5.75,9,0.5,0.5,0.0,0.0,0.0
size11_comp0.6_grid2_ReflectEnv_low,11,0.6,2,low,ReflectEnv,reflect,5,9,14,4,5,1,1,1,10,6,6,3,0.6,0.6,0.3,0.6,45.1,0.4146341463414634,0.4034334763948498,0.42660550458715596,0.1700665512184221,1.1825857202223373,0.2682926829268293,0.4258629759622447,1.1703498359401554,0.2631578947368421,0.4814280473419031,1.1931530748296761,0.2727272727272727,0.3778749597707215,0.10520218132947909,0.4146341463414634,451,12.4,5.6,13.1,14.0,14.9,9.9,10.3,9.0,31.6,7.2,0.8,14.7,0.03611111111111111,0.0,0.4587165079520502,0.5051723809368387,DR,0.8890324519924457,0.0,0.0,0.09217199781396407,0.0,DL,3.6,10,0.4,0.6,0.0,0.0,0.0
size11_comp0.6_grid2_RotateEnv_low,11,0.6,2,low,RotateEnv,rotate,5,9,14,4,5,1,1,1,10,0,0,8,0.0,0.0,0.8,0.0,25.8,0.32945736434108525,0.32945736434108525,0.0,0.0,0.8574817283539171,0.43478260869565216,0.6107797609890617,0.8574817283539171,0.43478260869565216,0.6107797609890617,0.0,0.0,0.0,0.16280933274521733,0.32945736434108525,258,5.1,6.2,9.8,4.7,5.0,6.1,5.3,8.4,18.3,7.7,0.0,3.9,0.0,0.0034482758620689655,0.03125,0.9653017241379309,DR,0.11124351649858219,0.0,0.0,0.0,0.03558396464646465,DR,0.6,2,1.0,0.0,0.0,0.0,0.0
size11_comp0.6_grid2_StartGoalSwap_low,11,0.6,2,low,StartGoalSwap,start_goal_swap,9,5,14,4,5,1,1,1,10,4,2,6,0.4,0.2,0.6,0.2,26.9,0.43866171003717475,0.44711538461538464,0.4098360655737705,0.08016129032258064,1.0268265067291753,0.24324324324324326,0.38439103040924605,1.094677073116202,0.30434782608695654,0.322309748630839,0.9153577190933456,0.14285714285714285,0.486381707616629,0.040262777762777785,0.43866171003717475,269,3.6,7.9,5.8,9.6,8.9,5.7,5.6,5.7,17.8,3.7,0.5,9.9,0.0,0.0034482758620689655,0.6959961685823755,0.3005555555555556,DL,0.2979391710176971,0.0,0.0,0.03455357142857143,0.05258064516129033,DR,2.6,7,0.6,0.4,0.0,0.0,0.0
size11_comp0.6_grid2_TransposeEnv_low,11,0.6,2,low,TransposeEnv,transpose,5,9,14,4,5,1,1,1,10,5,3,3,0.5,0.3,0.3,0.3,49.9,0.33867735470941884,0.3162393162393162,0.3918918918918919,0.08527272727272728,0.864828781746989,0.24615384615384617,0.3977579242372334,1.3124114547898869,0.2857142857142857,0.46606288364520915,0.5261175697145254,0.21621621621621623,0.34606768468525173,0.09430238792535117,0.33867735470941884,499,11.4,12.1,17.5,8.9,16.7,11.3,11.5,9.4,34.5,5.5,0.1,21.0,0.026009791921664627,0.4067670430448155,0.03953488372093023,0.5276882813125896,DR,0.7692990084019191,0.00625,0.025,0.0,0.0698125,DR,4.2,8,0.4,0.6,0.0,0.0,0.0
size11_comp0.6_grid2_base_low,11,0.6,2,low,base,base,5,9,14,4,5,1,1,1,10,9,1,0,0.9,0.1,0.0,0.1,63.0,0.373015873015873,0.3754152823920266,0.3708206686930091,0.025925925925925925,0.9759398420373602,0.27586206896551724,0.43567633599470357,1.231147245705751,0.3125,0.35384001985482916,0.8787179739732112,0.2619047619047619,0.46685207547656044,0.1613621027435611,0.373015873015873,630,20.2,12.7,14.9,15.2,20.4,14.5,13.6,13.5,44.2,8.8,0.2,25.1,0.0023809523809523807,0.15401313628899838,0.4573998569253931,0.3862060544046562,DL,1.0076118469187685,0.0,0.0171875,0.05028935185185185,0.06550925925925925,DR,4.5,9,0.6,0.2,0.0,0.0,0.0
size11_comp0.6_grid2_walls0_low,11,0.6,2,low,walls0,reshuffled_walls,9,11,20,4,9,1,1,1,4,0,0,0,0.0,0.0,0.0,0.0,64.0,0.35546875,0.35546875,0.0,0.0,1.4141551008493944,0.47035446433722544,0.5330405468716732,1.4141551008493944,0.47035446433722544,0.5330405468716732,0.0,0.0,0.0,0.15765005189067494,0.35546875,256,12.0,14.5,19.25,18.25,14.75,14.0,15.0,19.25,54.25,14.75,0.0,17.25,0.0,0.0,0.9387451680047576,0.06125483199524234,DL,0.22464546364492294,0.0,0.0,0.25390625,0.0,DL,4.75,7,1.0,0.0,0.0,0.0,0.0
size11_comp0.6_grid2_walls1_low,11,0.6,2,low,walls1,reshuffled_walls,13,13,26,4,11,1,1,1,3,0,0,0,0.0,0.0,0.0,0.0,64.0,0.3802083333333333,0.3802083333333333,0.0,0.0,1.3571425979013343,0.28,0.550918691935845,1.3571425979013343,0.28,0.550918691935845,0.0,0.0,0.0,0.20278216228216228,0.3802083333333333,192,14.666666666666666,16.333333333333332,12.666666666666666,20.333333333333332,16.333333333333332,15.666666666666666,13.333333333333334,17.666666666666668,48.666666666666664,13.0,0.0,18.0,0.0,0.25641025641025644,0.46713286713286717,0.27645687645687644,DL,0.8356527240982379,0.0,0.0,0.09375,0.0,DL,3.6666666666666665,6,0.6666666666666666,0.0,0.0,0.0,0.0
size11_comp0.6_grid3_RandomStart_4_9_low,11,0.6,3,low,RandomStart_4_9,random_starts,10,4,14,12,3,1,1,1,3,2,0,0,0.6666666666666666,0.0,0.0,0.0,64.0,0.5052083333333334,0.5093167701863354,0.4838709677419355,0.0,0.7712779824122642,0.34615384615384615,0.32981100996582663,1.0471528456077084,0.35294117647058826,0.3095091473865951,0.250181018598647,0.3333333333333333,0.36815897261548614,0.06144042922889078,0.5052083333333334,192,16.0,9.0,20.333333333333332,18.666666666666668,16.666666666666668,14.333333333333334,13.0,19.0,46.0,18.333333333333332,0.0,8.0,0.005649717514124294,0.14689265536723164,0.847457627118644,0.0,DL,0.3664661426027132,0.0,0.010416666666666666,0.109375,0.0,DL,5.666666666666667,11,1.0,0.0,0.0,0.0,0.0
size11_comp0.6_grid3_RandomStart_8_7_low,11,0.6,3,low,RandomStart_8_7,random_starts,6,4,10,4,3,1,1,1,1,1,0,0,1.0,0.0,0.0,0.0,64.0,0.390625,0.5384615384615384,0.35294117647058826,0.0,0.45633106963790865,0.23809523809523808,0.403452394984365,0.1914724757134861,0.0,0.11489862445718128,0.5622745072076776,0.3333333333333333,0.5188739031952384,0.16252398395255535,0.390625,64,21.0,2.0,23.0,18.0,21.0,19.0,9.0,14.0,46.0,13.0,5.0,20.0,0.021739130434782608,0.7608695652173914,0.0,0.21739130434782608,UR,0.8986883355798942,0.0,0.40625,0.0,0.0,UR,14.0,14,0.0,0.0,0.0,0.0,0.0
size11_comp0.6_grid3_ReflectEnv_low,11,0.6,3,low,ReflectEnv,reflect,9,4,13,13,0,1,1,1,10,3,0,0,0.3,0.0,0.0,0.0,64.0,0.3046875,0.3242753623188406,0.18181818181818182,0.0,0.7859650170747264,0.21951219512195122,0.48355720762354404,0.8085207256503838,0.17857142857142858,0.3939017737997624,0.7373834909117722,0.3076923076923077,0.6766612189363046,0.2151123216227532,0.3046875,640,17.9,5.2,22.2,18.7,23.8,12.6,12.2,14.4,47.4,9.4,0.0,29.0,0.04178571428571428,0.059372294372294375,0.8347849386056684,0.06405705273632296,DL,0.691990850790679,0.0,0.0,0.13125,0.0,DL,6.4,10,0.0,0.0,0.0,0.0,0.0
size11_comp0.6_grid3_RotateEnv_low,11,0.6,3,low,RotateEnv,rotate,9,4,13,13,0,1,1,1,10,1,0,0,0.1,0.0,0.0,0.0,64.0,0.1796875,0.17996870109546165,0.0,0.0,1.014182426438967,0.10526315789473684,0.5591481674605985,1.0705258945744651,0.1111111111111111,0.5346563989861873,0.0,0.0,1.0,0.34387875281552177,0.1796875,640,40.2,1.9,10.4,11.5,29.2,15.2,14.0,4.6,52.9,2.8,0.0,42.4,0.0,0.9367252522280495,0.0,0.06327474777195059,UR,0.3356452739846623,0.0,0.590625,0.0,0.0,UR,20.8,45,0.0,0.0,0.0,0.0,0.0
size11_comp0.6_grid3_StartGoalSwap_low,11,0.6,3,low,StartGoalSwap,start_goal_swap,4,9,13,13,0,1,1,1,10,3,0,0,0.3,0.0,0.0,0.0,64.0,0.2890625,0.2897727272727273,0.2857142857142857,0.0,1.20266015472412,0.4452846428777473,0.5173301221824946,1.2495558593638387,0.36363636363636365,0.4505353343660819,1.1232981930261345,0.5834586539016274,0.6303674554102702,0.18187781294745406,0.2890625,640,23.7,7.2,13.7,19.4,19.0,12.6,16.8,14.6,52.7,11.3,1.3,24.9,0.04044093319710018,0.8756880990609645,0.08387096774193549,0.0,UR,0.18410712823704584,0.0,0.453125,0.0,0.0,UR,18.3,43,0.9,0.0,0.0,0.0,0.0
size11_comp0.6_grid3_TransposeEnv_low,11,0.6,3,low,TransposeEnv,transpose,9,4,13,13,0,1,1,1,10,1,0,0,0.1,0.0,0.0,0.0,64.0,0.3140625,0.3157051282051282,0.25,0.0,0.8887393583616622,0.5,0.6050446261450445,1.2436749119018145,0.42857142857142855,0.5249799884191003,0.39182958340544893,0.6,0.7171351189613664,0.2466783271468118,0.3140625,640,22.2,2.5,17.2,22.1,17.9,19.0,10.0,16.1,55.9,13.6,0.4,27.0,0.0018518518518518517,0.9981481481481481,0.0,0.0,UR,0.013303964861069894,0.0,0.6984375,0.0,0.0,UR,17.0,27,1.0,0.0,0.0,0.0,0.0
size11_comp0.6_grid3_base_low,11,0.6,3,low,base,base,9,4,13,13,0,1,1,1,10,8,3,0,0.8,0.3,0.0,0.3,55.1,0.5027223230490018,0.5295629820051414,0.4382716049382716,0.11374034462269755,1.0272736216826095,0.38636363636363635,0.3703385876791984,1.2177154912398889,0.3684210526315789,0.28266634203319657,0.8825378008190772,0.4,0.43696949437015986,0.13846682086637757,0.5027223230490018,551,14.0,6.6,15.4,19.1,15.7,12.2,12.2,14.0,35.9,12.8,1.5,9.0,0.024246524224326667,0.15258924082453493,0.8231642349511384,0.0,DL,0.4868685069566733,0.0,0.040625,0.12559603386809268,0.0,DL,6.6,12,0.8,0.0,0.0,0.0,0.0
size11_comp0.6_grid3_walls0_low,11,0.6,3,low,walls0,reshuffled_walls,5,4,9,9,0,1,1,1,5,5,5,0,1.0,1.0,0.0,1.0,40.4,0.4801980198019802,0.4122137404580153,0.6056338028169014,0.23472864064010374,1.0005932964373954,0.25,0.29137001780008415,1.0769424795998686,0.3125,0.3387016225464835,0.8478949301124492,0.125,0.1967068083072854,0.14334380896880897,0.4801980198019802,202,11.0,5.0,12.4,12.0,9.6,11.4,8.8,9.6,26.4,7.2,6.6,10.6,0.0,0.04405202194675879,0.9559479780532412,0.0,DL,0.25636962087489484,0.0,0.0,0.08081926604100005,0.0,DL,2.8,4,1.0,0.0,0.0,0.0,0.0
size11_comp0.6_grid3_walls1_low,11,0.6,3,low,walls1,reshuffled_walls,7,4,11,9,1,1,1,1,5,0,0,0,0.0,0.0,0.0,0.0,64.0,0.384375,0.384375,0.0,0.0,1.1268069415295927,0.15205661768947976,0.4608223450643423,1.1268069415295927,0.15205661768947976,0.4608223450643423,0.0,0.0,0.0,0.08235435877980544,0.384375,320,17.8,9.0,19.0,18.2,14.0,16.0,12.8,20.2,53.4,17.6,0.0,14.0,0.031746031746031744,0.0,0.9682539682539681,0.0,DL,0.1599752189756111,0.0,0.0,0.096875,0.0,DL,5.0,16,1.0,0.0,0.0,0.0,0.0
size11_comp0.6_grid4_RandomStart_3_8_low,11,0.6,4,low,RandomStart_3_8,random_starts,10,22,32,12,10,1,1,1,2,1,0,0,0.5,0.0,0.0,0.0,64.0,0.25,0.25196850393700787,0.0,0.0,0.9670813018967793,0.21428571428571427,0.6576033588082945,1.0028991278929564,0.2222222222222222,0.6449220017271202,0.0,0.0,1.0,0.20452681072428971,0.25,128,20.5,8.5,17.5,17.5,16.5,19.0,13.0,14.5,49.0,8.5,0.0,30.0,0.09166666666666666,0.21794871794871795,0.6903846153846154,0.0,DL,0.8377129646763787,0.0,0.0703125,0.0703125,0.0,UR,8.5,9,1.0,0.0,0.0,0.0,0.0
size11_comp0.6_grid4_RandomStart_9_3_low,11,0.6,4,low,RandomStart_9_3,random_starts,21,22,43,1,21,1,1,1,5,0,0,2,0.0,0.0,0.4,0.0,45.2,0.30973451327433627,0.30973451327433627,0.0,0.0,1.1936034471992296,0.5,0.5308018622612,1.1936034471992296,0.5,0.5308018622612,0.0,0.0,0.0,0.3501127673002673,0.30973451327433627,226,13.0,3.8,16.6,11.8,15.8,10.4,8.4,9.6,36.4,6.8,0.0,16.8,0.0,1.0,0.0,0.0,UR,0.0,0.0,0.14753787878787877,0.0,0.0,UR,3.0,9,1.0,0.0,0.0,0.0,0.0
size11_comp0.6_grid4_ReflectEnv_low,11,0.6,4,low,ReflectEnv,reflect,12,22,34,10,12,1,1,1,10,0,0,0,0.0,0.0,0.0,0.0,64.0,0.3,0.3,0.0,0.0,1.3817091118985136,0.35294117647058826,0.478403693215149,1.3817091118985136,0.35294117647058826,0.478403693215149,0.0,0.0,0.0,0.239910165038437,0.3,640,12.8,10.3,19.6,21.3,15.8,14.5,16.6,16.1,51.4,11.3,0.0,22.4,0.06069468475005115,0.0,0.6058194266153187,0.33348588863463,DL,0.42156662634725706,0.0,0.0,0.0015625,0.0,DL,0.1,1,0.0,0.0,0.0,0.0,0.0
size11_comp0.6_grid4_RotateEnv_low,11,0.6,4,low,RotateEnv,rotate,12,22,34,10,12,1,1,1,10,0,0,0,0.0,0.0,0.0,0.0,64.0,0.2015625,0.2015625,0.0,0.0,1.1259447564327865,0.391304347826087,0.6641019907448572,1.1259447564327865,0.391304347826087,0.6641019907448572,0.0,0.0,0.0,0.3389280600723551,0.2015625,640,30.2,4.2,12.6,17.0,21.9,17.0,13.2,10.9,52.7,7.9,0.0,32.8,0.0,0.9734693877551021,0.0,0.02653061224489796,UR,0.08346482851813827,0.0,0.3359375,0.0,0.0,UR,13.2,35,0.0,0.0,0.0,0.0,0.0
size11_comp0.6_grid4_StartGoalSwap_low,11,0.6,4,low,StartGoalSwap,start_goal_swap,22,12,34,10,12,1,1,1,10,0,0,0,0.0,0.0,0.0,0.0,64.0,0.25625,0.25625,0.0,0.0,1.4505129435202238,0.4666666666666667,0.6248077149840018,1.4505129435202238,0.4666666666666667,0.6248077149840018,0.0,0.0,0.0,0.40309545540213165,0.25625,640,28.8,4.8,15.5,14.9,23.8,12.7,13.0,13.5,54.1,7.0,0.0,32.9,0.0,1.0,0.0,0.0,UR,0.0,0.0,0.375,0.0,0.0,UR,13.0,35,1.0,0.0,0.0,0.0,0.0
size11_comp0.6_grid4_TransposeEnv_low,11,0.6,4,low,TransposeEnv,transpose,12,22,34,10,12,1,1,1,10,0,0,0,0.0,0.0,0.0,0.0,64.0,0.2953125,0.2953125,0.0,0.0,1.2494843640578253,0.17647058823529413,0.46581136830891545,1.2494843640578253,0.17647058823529413,0.46581136830891545,0.0,0.0,0.0,0.3524526428872725,0.2953125,640,17.4,3.0,29.2,14.4,22.7,13.1,11.9,15.3,54.3,11.3,0.0,26.4,0.0,1.0,0.0,0.0,UR,0.0,0.0,0.03125,0.0,0.0,UR,1.1,11,0.0,0.0,0.0,0.0,0.0
size11_comp0.6_grid4_base_low,11,0.6,4,low,base,base,12,22,34,10,12,1,1,1,10,0,0,1,0.0,0.0,0.1,0.0,63.8,0.2774294670846395,0.2774294670846395,0.0,0.0,1.3066499118720984,0.35,0.5922165093384228,1.3066499118720984,0.35,0.5922165093384228,0.0,0.0,0.0,0.13628229670491726,0.2774294670846395,638,15.4,6.4,29.7,12.3,20.1,14.9,12.0,15.8,52.5,10.6,0.0,25.1,0.0,0.07484472049689442,0.8859998572142501,0.039155422288855574,DL,0.3669814030333903,0.0,0.0,0.0,0.0,,0.0,0,0.0,0.0,0.0,0.0,0.0
size11_comp0.6_grid4_walls0_low,11,0.6,4,low,walls0,reshuffled_walls,8,8,16,12,5,1,1,1,5,4,0,0,0.8,0.0,0.0,0.0,64.0,0.415625,0.40816326530612246,0.44,0.0,0.89265410390995,0.31592936048188736,0.45171167551483316,1.037590347654784,0.21052631578947367,0.39536444469169507,0.7779129109452899,0.39937343753004817,0.4963198999164841,0.1495095038240693,0.415625,320,15.2,6.2,24.0,18.6,17.8,13.4,17.0,14.8,45.4,12.4,0.4,20.0,0.23219456122611887,0.0983157894736842,0.6607939971262838,0.008695652173913044,DL,0.97480542479239,0.0,0.0,0.021875,0.0,DL,1.4,5,0.0,0.0,0.0,0.0,0.0
size11_comp0.6_grid4_walls1_low,11,0.6,4,low,walls1,reshuffled_walls,10,10,20,10,9,1,1,1,5,2,1,0,0.4,0.2,0.0,0.2,61.2,0.3660130718954248,0.34317343173431736,0.5428571428571428,0.08,1.0211052168012356,0.19965029071444548,0.379733581303577,1.1658055825398523,0.2861654166907052,0.45283678150449724,0.6871812958659661,0.0,0.21103388853222244,0.15997395692163133,0.3660130718954248,306,20.6,5.8,19.4,15.4,21.6,13.8,12.8,12.0,44.0,7.6,1.2,26.2,0.5245384537284957,0.21529271206690562,0.21520915678524374,0.04495967741935484,UL,1.0046447351370849,0.0,0.08299999999999999,0.0,0.0,UR,2.8,12,0.0,0.6,0.0,0.0,0.0
size11_comp0.6_grid5_RandomStart_3_8_low,11,0.6,5,low,RandomStart_3_8,random_starts,3,11,14,12,1,1,1,1,5,4,0,0,0.8,0.0,0.0,0.0,64.0,0.34375,0.37662337662337664,0.3132530120481928,0.0,1.0184638939912245,0.3333333333333333,0.45813004323850764,1.0953017624526096,0.3157894736842105,0.48500168978507796,0.9681218422406619,0.3448275862068966,0.440524481707996,0.2093416368740479,0.34375,320,18.2,9.6,13.6,22.6,16.2,16.2,14.2,16.4,49.0,12.8,0.4,21.6,0.053120464441219165,0.02623376623376623,0.6494769381561835,0.27116883116883117,DL,0.6707618335038159,0.0,0.0,0.153125,0.0,DL,6.8,24,0.6,0.0,0.0,0.0,0.0
size11_comp0.6_grid5_RandomStart_6_7_low,11,0.6,5,low,RandomStart_6_7,random_starts,3,11,14,8,3,1,1,1,3,1,0,0,0.3333333333333333,0.0,0.0,0.0,64.0,0.28125,0.2937062937062937,0.24489795918367346,0.0,1.0948723611910065,0.34782608695652173,0.5154345400308408,1.234086245444106,0.2857142857142857,0.43995480997083075,0.8783174301306294,0.4444444444444444,0.6328474534575229,0.1884998097790598,0.28125,192,20.333333333333332,10.0,16.666666666666668,17.0,17.0,12.0,18.0,16.0,51.333333333333336,10.666666666666666,0.0,25.333333333333332,0.0,0.09027777777777778,0.26666666666666666,0.6430555555555556,DR,0.6180055548729365,0.0,0.0,0.15625,0.0,DL,4.666666666666667,14,0.6666666666666666,0.0,0.0,0.0,0.0
size11_comp0.6_grid5_ReflectEnv_low,11,0.6,5,low,ReflectEnv,reflect,4,11,15,15,0,1,1,1,10,4,2,0,0.4,0.2,0.0,0.2,61.9,0.3376413570274637,0.33867276887871856,0.33516483516483514,0.0575268817204301,1.0671740256851125,0.30357142857142855,0.4217025661293648,1.2697413626494882,0.3333333333333333,0.4665806566388587,0.8334424830339097,0.2692307692307692,0.36992015400302564,0.194093397946013,0.3376413570274637,619,16.2,7.7,23.2,14.7,18.9,13.2,13.1,15.5,43.8,9.7,0.1,21.1,0.041375872382851446,0.3295926059522769,0.2967471491689161,0.3322843724959555,DR,0.8976966153768136,0.00967741935483871,0.096875,0.07268145161290322,0.05454525089605735,UR,8.7,20,0.2,0.0,0.0,0.0,0.0
size11_comp0.6_grid5_RotateEnv_low,11,0.6,5,low,RotateEnv,rotate,4,11,15,15,0,1,1,1,10,10,2,0,1.0,0.2,0.0,0.2,59.2,0.3310810810810811,0.6547619047619048,0.27755905511811024,0.08727272727272727,1.0756675434550875,0.2777777777777778,0.34581674859619466,1.0665734306883758,0.2727272727272727,0.19079252633447272,1.0796689530724408,0.28,0.4140274063913523,0.14189188237223296,0.3310810810810811,592,32.0,2.8,15.3,9.1,25.0,14.2,11.9,7.1,41.9,4.6,0.4,30.2,0.20575982500553006,0.6414688829676356,0.0,0.15277129202683437,UR,0.8780854722911615,0.012,0.203125,0.0,0.05713636363636364,UR,10.6,38,0.0,0.0,0.0,0.0,0.0
size11_comp0.6_grid5_StartGoalSwap_low,11,0.6,5,low,StartGoalSwap,start_goal_swap,11,4,15,15,0,1,1,1,10,0,0,0,0.0,0.0,0.0,0.0,64.0,0.3390625,0.3390625,0.0,0.0,1.357480722733081,0.2857142857142857,0.5701770204995313,1.357480722733081,0.2857142857142857,0.5701770204995313,0.0,0.0,0.0,0.3642292964565562,0.3390625,640,11.1,8.6,17.6,26.7,13.7,13.7,13.9,21.7,54.7,17.4,0.0,23.2,0.0,0.8966039707419018,0.0,0.10339602925809821,UR,0.2841759502494433,0.0,0.60625,0.0,0.003125,UR,29.1,64,0.9,0.0,0.0,0.0,0.0
size11_comp0.6_grid5_TransposeEnv_low,11,0.6,5,low,TransposeEnv,transpose,4,11,15,15,0,1,1,1,10,0,0,0,0.0,0.0,0.0,0.0,64.0,0.06875,0.06875,0.0,0.0,1.113432383463614,0.375,0.6218432783406319,1.113432383463614,0.375,0.6218432783406319,0.0,0.0,0.0,0.3405509151919888,0.06875,640,27.7,3.0,6.4,26.9,27.3,14.3,13.9,7.5,60.4,1.6,0.0,55.7,0.0,1.0,0.0,0.0,UR,0.0,0.0,0.9203125,0.0,0.0,UR,52.9,64,1.0,0.0,0.0,0.0,0.0
size11_comp0.6_grid5_base_low,11,0.6,5,low,base,base,4,11,15,15,0,1,1,1,10,8,1,0,0.8,0.1,0.0,0.1,60.8,0.37006578947368424,0.4352517985611511,0.3151515151515151,0.046875,1.1104436120889862,0.3,0.44602201082425724,1.219995071696961,0.3,0.45139568445433564,1.055667882284999,0.3,0.44333517400921796,0.20535945561216057,0.37006578947368424,608,16.6,5.9,15.2,23.1,19.4,11.0,15.1,14.3,46.3,12.2,0.7,20.0,0.06051990493166963,0.05714285714285714,0.7527340633222986,0.12960317460317458,DL,0.5920464891027388,0.0,0.003125,0.3234375,0.0,DL,10.5,39,0.8,0.0,0.0,0.0,0.0
size11_comp0.6_grid5_walls0_low,11,0.6,5,low,walls0,reshuffled_walls,4,11,15,15,0,1,1,1,5,5,1,0,1.0,0.2,0.0,0.2,60.2,0.4219269102990033,0.5454545454545454,0.3794642857142857,0.06666666666666667,0.9843066052913895,0.374148138313216,0.4351204363972878,1.0383878416323293,0.38461538461538464,0.2827239795395192,0.9636284855139714,0.3701459559035634,0.4933896699017288,0.11258896853389971,0.4219269102990033,301,13.0,7.0,17.2,23.0,16.8,12.4,12.8,17.2,41.6,13.4,0.6,14.6,0.05380769230769231,0.128,0.8181923076923077,0.0,DL,0.3943718107920712,0.0,0.0,0.1334027777777778,0.0,DL,3.8,7,0.8,0.0,0.0,0.0,0.0
size11_comp0.6_grid5_walls1_low,11,0.6,5,low,walls1,reshuffled_walls,4,11,15,15,0,1,1,1,5,1,0,0,0.2,0.0,0.0,0.0,64.0,0.359375,0.32575757575757575,0.5178571428571429,0.0,0.815292589322624,0.43636363636363634,0.47940559873905214,1.0671299727228207,0.43333333333333335,0.5146875848772815,0.5130877292423881,0.44,0.4370672153731769,0.10662102119039915,0.359375,320,19.8,5.6,18.0,20.6,20.0,12.4,14.6,16.0,45.2,13.0,0.2,18.4,0.0,0.23338509316770187,0.2874140786749483,0.47920082815735,DR,1.1799505940672539,0.0,0.0,0.065625,0.0,DL,3.2,5,0.2,0.0,0.0,0.0,0.0
size11_comp0.6_grid6_RandomStart_5_8_low,11,0.6,6,low,RandomStart_5_8,random_starts,7,10,17,5,6,1,1,1,3,2,0,0,0.6666666666666666,0.0,0.0,0.0,64.0,0.3958333333333333,0.4144144144144144,0.37037037037037035,0.0,0.8088344259556078,0.3617021276595745,0.45714558226765,0.9162306557133549,0.3333333333333333,0.47791521656771285,0.7220913173051198,0.38461538461538464,0.4403701084099069,0.08850894967916242,0.3958333333333333,192,14.333333333333334,10.333333333333334,15.333333333333334,24.0,18.0,15.0,15.333333333333334,14.666666666666666,42.666666666666664,12.333333333333334,1.6666666666666667,19.666666666666668,0.1711030449687437,0.2999452654625068,0.26860254083484575,0.26034914873390375,UR,1.239098894536001,0.0,0.06770833333333333,0.0,0.020833333333333332,UR,4.333333333333333,9,0.0,0.0,0.0,0.0,0.0
size11_comp0.6_grid6_RandomStart_9_9_low,11,0.6,6,low,RandomStart_9_9,random_starts,12,10,22,2,10,1,1,1,5,0,0,4,0.0,0.0,0.8,0.0,14.4,0.4444444444444444,0.4444444444444444,0.0,0.0,0.5397962653211276,0.5714285714285714,0.48627186439981,0.5397962653211276,0.5714285714285714,0.48627186439981,0.0,0.0,0.0,0.2577721088435374,0.4444444444444444,72,2.6,1.2,5.8,4.8,4.8,1.4,3.0,4.2,10.2,3.0,0.0,4.6,0.0,0.16923076923076924,0.0,0.8307692307692307,DR,0.12387643893575276,0.0,0.0,0.0,0.80625,DR,2.0,2,0.8,0.0,0.0,0.0,0.0
size11_comp0.6_grid6_ReflectEnv_low,11,0.6,6,low,ReflectEnv,reflect,7,10,17,3,7,1,1,1,10,10,0,0,1.0,0.0,0.0,0.0,64.0,0.35625,0.49814126394052044,0.25336927223719674,0.0,1.0900525067569782,0.24324324324324326,0.4833572131177231,1.1208396383364845,0.23076923076923078,0.24187754332067676,1.073376143818079,0.25,0.6141587009244566,0.17719911003605038,0.35625,640,12.9,9.4,12.8,28.9,19.1,12.2,15.8,15.9,50.2,10.9,9.2,25.7,0.012,0.6987584648841753,0.23284438140536526,0.0563971537104595,UR,0.8970021871808228,0.0,0.0265625,0.0,0.0,UR,1.7,17,0.2,0.0,0.0,0.0,0.0
size11_comp0.6_grid6_RotateEnv_low,11,0.6,6,low,RotateEnv,rotate,7,10,17,3,7,1,1,1,10,0,0,3,0.0,0.0,0.3,0.0,46.5,0.27956989247311825,0.27956989247311825,0.0,0.0,1.2503830914288034,0.3888888888888889,0.5493118927343938,1.2503830914288034,0.3888888888888889,0.5493118927343938,0.0,0.0,0.0,0.3425814651393094,0.27956989247311825,465,16.9,3.4,10.6,15.6,13.0,12.1,8.6,11.8,39.0,9.3,0.0,17.5,0.0,0.9833333333333334,0.016666666666666666,0.0,UR,0.06500224216483541,0.0,0.46267361111111105,0.0,0.0,UR,16.7,47,1.0,0.0,0.0,0.0,0.0
size11_comp0.6_grid6_StartGoalSwap_low,11,0.6,6,low,StartGoalSwap,start_goal_swap,10,7,17,3,7,1,1,1,10,0,0,10,0.0,0.0,1.0,0.0,4.7,0.6595744680851063,0.6595744680851063,0.0,0.0,0.9371352271920393,0.0,0.2159770107364583,0.9371352271920393,0.0,0.2159770107364583,0.0,0.0,0.0,0.36335784313725483,0.6595744680851063,47,2.2,0.0,2.4,0.1,1.1,1.7,0.9,0.0,1.6,0.0,0.0,1.5,0.0,0.0,0.0,1.0,DR,0.0,0.0,0.0,0.0,0.0,,0.0,0,1.0,0.0,0.0,0.0,0.0
size11_comp0.6_grid6_TransposeEnv_low,11,0.6,6,low,TransposeEnv,transpose,7,10,17,3,7,1,1,1,10,6,0,0,0.6,0.0,0.0,0.0,64.0,0.34375,0.41586538461538464,0.20982142857142858,0.0,0.9587227434919967,0.25806451612903225,0.4025572492516828,1.00155928644142,0.3181818181818182,0.339579336577634,0.854011194060073,0.1111111111111111,0.5565032580104687,0.11839103790495242,0.34375,640,11.8,9.0,16.7,26.5,24.8,11.8,13.1,13.3,47.7,9.7,0.0,25.7,0.13096403962101638,0.4221579303556047,0.41454515942393233,0.032332870599446555,UR,0.9056868789453489,0.0,0.0828125,0.0015625,0.0,UR,4.2,17,0.0,0.0,0.0,0.0,0.0
size11_comp0.6_grid6_base_low,11,0.6,6,low,base,base,7,10,17,3,7,1,1,1,9,7,3,0,0.7777777777777778,0.3333333333333333,0.0,0.3333333333333333,62.55555555555556,0.3872113676731794,0.382089552238806,0.39473684210526316,0.09533880471380471,0.9358228297654848,0.3013071153957101,0.4369142900157256,1.1845261677115089,0.2857142857142857,0.47554596967612556,0.747614898346872,0.3131070946140853,0.40767950540785536,0.19341105649733906,0.3872113676731794,563,13.666666666666666,9.0,15.88888888888889,24.0,21.0,14.555555555555555,14.0,12.0,43.44444444444444,9.777777777777779,3.888888888888889,23.11111111111111,0.2162571448495437,0.444435203548504,0.17812668927220013,0.16118096232975215,UR,1.0975229706304193,0.0,0.10416666666666667,0.0,0.019013047138047138,UR,4.222222222222222,21,0.1111111111111111,0.0,0.0,0.0,0.0
size11_comp0.6_grid6_walls0_low,11,0.6,6,low,walls0,reshuffled_walls,9,12,21,3,9,1,1,1,3,0,0,0,0.0,0.0,0.0,0.0,64.0,0.16145833333333334,0.16145833333333334,0.0,0.0,1.2542606356145436,0.1761069445245729,0.6087394293418993,1.2542606356145436,0.1761069445245729,0.6087394293418993,0.0,0.0,0.0,0.24532619499412664,0.16145833333333334,192,9.666666666666666,5.666666666666667,30.666666666666668,18.0,23.333333333333332,12.333333333333334,9.666666666666666,17.666666666666668,56.666666666666664,5.333333333333333,0.0,42.666666666666664,0.0,0.0,0.18000000000000002,0.82,DR,0.41409739636080495,0.0,0.0,0.0,0.0,,0.0,0,0.6666666666666666,0.0,0.0,0.0,0.0
size11_comp0.6_grid6_walls1_low,11,0.6,6,low,walls1,reshuffled_walls,7,12,19,5,7,1,1,1,4,1,0,1,0.25,0.0,0.25,0.0,57.25,0.1572052401746725,0.16759776536312848,0.12,0.0,0.5145826722891345,0.1558679348139633,0.5701360116263529,0.554863208117867,0.09090909090909091,0.44377065735709614,0.47765884777946294,0.215413541726763,0.6859709197065048,0.20827261798510047,0.1572052401746725,229,14.75,2.25,27.25,13.0,26.5,10.75,10.75,8.25,49.25,3.75,0.25,39.0,0.011111111111111112,0.20555555555555555,0.0,0.7833333333333333,DR,0.20485466556798493,0.0,0.13671875,0.0,0.0,UR,8.75,35,0.75,0.0,0.0,0.0,0.0
size11_comp0.6_grid7_RandomStart_5_1_low,11,0.6,7,low,RandomStart_5_1,random_starts,12,3,15,11,2,1,1,1,5,0,0,0,0.0,0.0,0.0,0.0,64.0,0.321875,0.321875,0.0,0.0,1.040820317637102,0.19047619047619047,0.5880035197642018,1.040820317637102,0.19047619047619047,0.5880035197642018,0.0,0.0,0.0,0.23030805899390405,0.321875,320,13.2,15.8,18.0,17.0,20.4,11.4,17.2,14.0,51.0,10.4,0.0,27.4,0.004,0.7034901960784313,0.0,0.29250980392156867,UR,0.7689607913981643,0.0,0.115625,0.0,0.009375,UR,6.8,9,0.0,0.0,0.0,0.0,0.0
size11_comp0.6_grid7_RandomStart_7_8_low,11,0.6,7,low,RandomStart_7_8,random_starts,3,3,6,2,2,1,1,1,2,0,0,0,0.0,0.0,0.0,0.0,64.0,0.3203125,0.3203125,0.0,0.0,1.2006590797233392,0.21428571428571427,0.5470199867004144,1.2006590797233392,0.21428571428571427,0.5470199867004144,0.0,0.0,0.0,0.2838168545009977,0.3203125,128,12.0,9.0,17.5,25.5,16.5,12.5,17.0,17.0,53.0,14.0,0.0,20.0,0.0,0.07142857142857142,0.06571428571428571,0.8628571428571428,DR,0.6369089275699591,0.0,0.0,0.0,0.0390625,DR,2.5,5,1.0,0.0,0.0,0.0,0.0
size11_comp0.6_grid7_ReflectEnv_low,11,0.6,7,low,ReflectEnv,reflect,10,3,13,9,2,1,1,1,10,0,0,0,0.0,0.0,0.0,0.0,64.0,0.378125,0.378125,0.0,0.0,1.2844221104482703,0.35068706901525215,0.5251105988722881,1.2844221104482703,0.35068706901525215,0.5251105988722881,0.0,0.0,0.0,0.18951382225690136,0.378125,640,12.9,12.8,16.8,21.5,14.9,14.0,17.8,16.3,49.8,13.5,0.0,17.2,0.0,0.7835184019391198,0.01818181818181818,0.19829977987906194,UR,0.5434713756807882,0.0,0.1171875,0.0,0.015625,UR,5.8,16,0.0,0.0,0.0,0.0,0.0
size11_comp0.6_grid7_RotateEnv_low,11,0.6,7,low,RotateEnv,rotate,10,3,13,9,2,1,1,1,10,3,1,3,0.3,0.1,0.3,0.1,51.7,0.3404255319148936,0.3422131147540984,0.3103448275862069,0.02708333333333333,1.012325010362483,0.2939453947747977,0.4403614623596632,1.0333097378075753,0.31781015629507225,0.4218647926585836,0.9004064639886581,0.16666666666666666,0.5390103674320883,0.14406379683045603,0.3404255319148936,517,7.4,7.8,11.4,25.1,18.4,9.5,10.4,12.4,38.7,8.0,0.5,22.8,0.0,0.4876544738654208,0.31288042093147533,0.19946510520310395,UR,0.5782974898572834,0.0,0.0,0.0,0.021875,DR,0.9,9,0.0,0.0,0.0,0.0,0.0
size11_comp0.6_grid7_StartGoalSwap_low,11,0.6,7,low,StartGoalSwap,start_goal_swap,3,10,13,9,2,1,1,1,10,1,1,1,0.1,0.1,0.1,0.1,60.1,0.27287853577371046,0.2605633802816901,0.48484848484848486,0.0325,1.0595094711921413,0.25,0.483007711528737,1.40528538182028,0.14285714285714285,0.5242941627708809,0.4544016275928986,0.4375,0.4107564218549851,0.20531676345003114,0.27287853577371046,601,18.4,8.9,13.7,19.1,16.5,14.4,14.9,13.3,46.9,8.7,0.0,24.1,0.023333333333333334,0.3734478712963693,0.05333333333333333,0.5498854620369641,DR,0.7716805427522448,0.0,0.0671875,0.01,0.04391581632653062,UR,4.5,16,0.5,0.0,0.0,0.0,0.0
size11_comp0.6_grid7_TransposeEnv_low,11,0.6,7,low,TransposeEnv,transpose,10,3,13,9,2,1,1,1,10,1,0,0,0.1,0.0,0.0,0.0,64.0,0.3171875,0.33610648918469216,0.02564102564102564,0.0,1.190366798583171,0.23529411764705882,0.4905073790983624,1.251499641028699,0.26666666666666666,0.42594222023795075,0.7318704802417089,0.0,0.9747460705514494,0.19404580384258335,0.3171875,640,9.0,8.5,13.0,33.5,22.8,12.4,12.1,15.7,50.8,10.2,3.2,28.6,0.009615384615384616,0.0766923076923077,0.15553935582237471,0.758152951869933,DR,0.6241274721721155,0.0,0.0,0.00625,0.0,DL,0.4,2,0.0,0.0,0.0,0.0,0.0
size11_comp0.6_grid7_base_low,11,0.6,7,low,base,base,10,3,13,9,2,1,1,1,10,0,0,0,0.0,0.0,0.0,0.0,64.0,0.328125,0.328125,0.0,0.0,1.202383093451575,0.23076923076923078,0.47933468873499563,1.202383093451575,0.23076923076923078,0.47933468873499563,0.0,0.0,0.0,0.22732661856782996,0.328125,640,13.6,14.0,16.9,19.5,20.0,10.7,17.5,14.8,51.3,12.1,0.0,25.4,0.004661246612466125,0.6222610074901421,0.006666666666666666,0.36641107923072497,UR,0.8978935561923345,0.0,0.009375,0.0,0.0421875,DR,2.9,22,0.0,0.0,0.0,0.0,0.0
size11_comp0.6_grid7_walls0_low,11,0.6,7,low,walls0,reshuffled_walls,8,3,11,9,1,1,1,1,5,0,0,0,0.0,0.0,0.0,0.0,64.0,0.375,0.375,0.0,0.0,1.3000248527834708,0.2606203125901445,0.6231540716558555,1.3000248527834708,0.2606203125901445,0.6231540716558555,0.0,0.0,0.0,0.25716276341276334,0.375,320,13.2,13.4,15.2,22.2,16.2,12.2,16.8,17.8,51.8,13.8,0.0,14.8,0.0,0.8383872156212583,0.0,0.16161278437874183,UR,0.4549572293950332,0.0,0.01875,0.0,0.009375,UR,1.4,3,0.0,0.0,0.0,0.0,0.0
size11_comp0.6_grid7_walls1_low,11,0.6,7,low,walls1,reshuffled_walls,8,3,11,9,1,1,1,1,4,2,2,0,0.5,0.5,0.0,0.5,58.25,0.34763948497854075,0.3303964757709251,1.0,0.10477140783744557,0.9501233194603944,0.3157894736842105,0.40586618968627375,1.1282714418592183,0.375,0.48196610025245007,0.0,0.0,0.0,0.2747884835877582,0.34763948497854075,233,7.0,14.5,10.5,26.25,20.0,10.5,13.75,13.0,44.5,10.25,0.5,24.25,0.0,0.7632922936616507,0.04783401732786138,0.1888736890104879,UR,0.7934785425872566,0.0,0.0,0.0,0.0,,0.0,0,0.0,0.0,0.0,0.0,0.0
size11_comp0.6_grid8_RandomStart_2_1_low,11,0.6,8,low,RandomStart_2_1,random_starts,10,7,17,3,7,1,1,1,3,0,0,0,0.0,0.0,0.0,0.0,64.0,0.2916666666666667,0.2916666666666667,0.0,0.0,0.809987178461929,0.2222222222222222,0.4983212734663542,0.809987178461929,0.2222222222222222,0.4983212734663542,0.0,0.0,0.0,0.1848666765333432,0.2916666666666667,192,15.0,7.666666666666667,9.666666666666666,31.666666666666668,28.666666666666668,10.666666666666666,11.333333333333334,12.333333333333334,48.0,10.0,0.0,30.666666666666668,0.06821236559139786,0.7963709677419355,0.13541666666666666,0.0,UR,0.6549672474387557,0.015625,0.18229166666666666,0.0,0.0,UR,12.333333333333334,35,0.0,0.0,0.0,0.0,0.0
size11_comp0.6_grid8_RandomStart_3_9_low,11,0.6,8,low,RandomStart_3_9,random_starts,3,7,10,10,0,1,1,1,1,0,0,0,0.0,0.0,0.0,0.0,64.0,0.1875,0.1875,0.0,0.0,0.8065276437427542,0.18181818181818182,0.6059692390100895,0.8065276437427542,0.18181818181818182,0.6059692390100895,0.0,0.0,0.0,0.3814935064935065,0.1875,64,13.0,9.0,9.0,33.0,22.0,10.0,18.0,13.0,53.0,6.0,0.0,37.0,0.19298245614035087,0.0,0.8070175438596491,0.0,DL,0.7076690004167968,0.0,0.0,0.109375,0.0,DL,4.0,4,1.0,0.0,0.0,0.0,0.0
size11_comp0.6_grid8_ReflectEnv_low,11,0.6,8,low,ReflectEnv,reflect,5,7,12,6,3,1,1,1,10,5,2,3,0.5,0.2,0.3,0.2,51.9,0.371868978805395,0.34017595307917886,0.43258426966292135,0.04622222222222222,1.2304555653631613,0.32653061224489793,0.4468826620590316,1.3575494134607675,0.2962962962962963,0.5039306834616567,1.0744767517888263,0.36363636363636365,0.37686918124671903,0.12922244051233578,0.371868978805395,519,11.6,7.2,16.4,16.6,16.5,10.1,11.9,12.2,38.7,9.3,0.5,17.1,0.08064795827953722,0.47975962633857366,0.33261664261664264,0.10697577276524643,UR,0.6557455426253307,0.0,0.04375,0.0,0.0,UR,1.1,11,0.0,0.0,0.0,0.0,0.0
size11_comp0.6_grid8_RotateEnv_low,11,0.6,8,low,RotateEnv,rotate,5,7,12,6,3,1,1,1,10,8,0,0,0.8,0.0,0.0,0.0,64.0,0.246875,0.30434782608695654,0.2146341463414634,0.0,0.9481467155855694,0.3333333333333333,0.545116460476148,0.8044162356088286,0.2727272727272727,0.31288693329884754,1.0313590987299985,0.3684210526315789,0.6795651341051115,0.3668002988814948,0.246875,640,25.6,4.9,9.9,23.6,26.5,14.3,12.9,9.3,54.5,6.4,1.9,36.0,0.057510127100719434,0.9313787617881694,0.0,0.01111111111111111,UR,0.28690421685532297,0.0,0.0515625,0.0,0.0,UR,2.8,18,0.0,0.0,0.0,0.0,0.0
size11_comp0.6_grid8_StartGoalSwap_low,11,0.6,8,low,StartGoalSwap,start_goal_swap,7,5,12,6,3,1,1,1,10,2,2,4,0.2,0.2,0.4,0.2,40.4,0.27970297029702973,0.24929971988795518,0.5106382978723404,0.0649122807017544,1.0633238524514064,0.325,0.4484007658903435,1.2273881453627138,0.2962962962962963,0.5316815251708162,0.7225749364048452,0.38461538461538464,0.2754330350770541,0.1984326396296735,0.27970297029702973,404,9.3,6.2,6.3,18.6,15.5,7.8,8.2,7.9,29.4,5.2,1.8,19.4,0.15294243241823885,0.6406793624535561,0.13868589743589743,0.06769230769230769,UR,0.7142178405150393,0.0,0.121875,0.0,0.0,UR,7.8,26,0.1,0.0,0.0,0.0,0.0
size11_comp0.6_grid8_TransposeEnv_low,11,0.6,8,low,TransposeEnv,transpose,5,7,12,6,3,1,1,1,10,9,3,0,0.9,0.3,0.0,0.3,59.1,0.3164128595600677,0.4675925925925926,0.22933333333333333,0.08117213114754099,1.0340251780139391,0.15384615384615385,0.4163835251468782,0.9810255961080052,0.17391304347826086,0.34103463394709016,1.110212077003719,0.125,0.5246975562465734,0.17756240463631112,0.3164128595600677,591,29.0,4.8,15.1,10.2,26.3,11.3,10.6,9.9,43.6,6.9,0.9,29.9,0.14424674054474163,0.5298009443109388,0.1951468068208988,0.13080550832342075,UR,1.1372037738543972,0.0,0.0,0.046875,0.0,DL,1.5,15,0.0,0.0,0.0,0.0,0.0
size11_comp0.6_grid8_base_low,11,0.6,8,low,base,base,5,7,12,6,3,1,1,1,10,3,0,0,0.3,0.0,0.0,0.0,64.0,0.209375,0.19333333333333333,0.45,0.0,1.012189695885073,0.28205128205128205,0.5258154374565154,1.1241779061547532,0.2857142857142857,0.5538877295553933,0.7271287970167961,0.2727272727272727,0.45435869393209855,0.32634898149010805,0.209375,640,22.1,5.7,15.4,20.8,22.4,13.5,14.2,12.9,53.0,7.5,0.0,36.6,0.029166666666666667,0.737972599180879,0.07767857142857143,0.1551821627238829,UR,0.5454009755159938,0.0,0.2265625,0.0,0.0,UR,14.5,48,0.0,0.0,0.0,0.0,0.0
size11_comp0.6_grid8_walls1_low,11,0.6,8,low,walls1,reshuffled_walls,5,7,12,6,3,1,1,1,5,1,1,0,0.2,0.2,0.0,0.2,60.0,0.2966666666666667,0.28027681660899656,0.7272727272727273,0.05454545454545454,0.7337588758949171,0.25,0.4346161928459285,1.0329975100527993,0.3157894736842105,0.5473067030631379,0.10203287045049884,0.1111111111111111,0.1967140046095975,0.20454174584813684,0.2966666666666667,300,22.0,3.4,14.4,20.2,17.4,14.0,14.2,13.4,47.2,10.6,0.2,22.8,0.03636363636363636,0.9068610634648371,0.0,0.056775300171526585,UR,0.33905476374058696,0.0,0.51875,0.0,0.0,UR,21.4,48,0.0,0.0,0.0,0.0,0.0
size11_comp0.6_grid9_RandomStart_3_1_low,11,0.6,9,low,RandomStart_3_1,random_starts,14,6,20,8,6,1,1,1,3,0,0,2,0.0,0.0,0.6666666666666666,0.0,28.0,0.32142857142857145,0.32142857142857145,0.0,0.0,0.584952229465602,0.38208020839342965,0.35374662188917894,0.584952229465602,0.38208020839342965,0.35374662188917894,0.0,0.0,0.0,0.06378968253968255,0.32142857142857145,84,1.6666666666666667,16.333333333333332,0.6666666666666666,9.333333333333334,12.666666666666666,7.333333333333333,5.666666666666667,1.3333333333333333,19.666666666666668,1.0,0.0,16.0,0.4878306878306878,0.5121693121693122,0.0,0.0,UR,0.43736816253328153,0.0,0.0,0.0,0.0,,0.0,0,0.3333333333333333,0.0,0.0,0.0,0.0
size11_comp0.6_grid9_RandomStart_7_5_low,11,0.6,9,low,RandomStart_7_5,random_starts,6,6,12,-1,-1,1,1,1,3,0,0,0,0.0,0.0,0.0,0.0,64.0,0.3385416666666667,0.3385416666666667,0.0,0.0,1.0525054964233813,0.23529411764705882,0.47717460120782684,1.0525054964233813,0.23529411764705882,0.47717460120782684,0.0,0.0,0.0,0.21198340318039358,0.3385416666666667,192,7.333333333333333,14.666666666666666,14.333333333333334,27.666666666666668,22.0,11.666666666666666,10.0,19.333333333333332,53.0,11.666666666666666,0.0,23.666666666666668,0.0,0.10547504025764894,0.0,0.894524959742351,DR,0.37919971817660975,0.0,0.0,0.0,0.005208333333333333,DR,0.3333333333333333,1,0.0,1.0,0.0,0.0,0.0
size11_comp0.6_grid9_ReflectEnv_low,11,0.6,9,low,ReflectEnv,reflect,13,6,19,7,6,1,1,1,10,0,0,0,0.0,0.0,0.0,0.0,64.0,0.1375,0.1375,0.0,0.0,1.3424599584282144,0.1,0.6060326950809009,1.3424599584282144,0.1,0.6060326950809009,0.0,0.0,0.0,0.3564806301220555,0.1375,640,36.7,7.6,7.7,12.0,27.4,14.4,11.5,9.7,58.1,4.9,0.0,43.8,0.0,1.0,0.0,0.0,UR,0.0,0.0,0.853125,0.0,0.0,UR,36.8,61,1.0,0.0,0.0,0.0,0.0
size11_comp0.6_grid9_RotateEnv_low,11,0.6,9,low,RotateEnv,rotate,13,6,19,7,6,1,1,1,10,3,0,1,0.3,0.0,0.1,0.0,59.4,0.32154882154882153,0.3408662900188324,0.15873015873015872,0.0,1.1728062966626134,0.2682800781475361,0.4644907621989127,1.2484345047452703,0.28092453706374654,0.3980955136667016,0.7644139730162658,0.2,0.8230251042728527,0.11848127098406387,0.32154882154882153,594,14.2,9.3,10.0,25.9,21.0,9.9,13.9,13.6,47.5,9.3,4.5,27.5,0.17694757727652463,0.268344298245614,0.5547081244778613,0.0,DL,0.5241719377345855,0.0,0.103125,0.1703125,0.0,DL,9.8,18,0.6,0.3,0.0,0.0,0.0
size11_comp0.6_grid9_StartGoalSwap_low,11,0.6,9,low,StartGoalSwap,start_goal_swap,6,13,19,7,6,1,1,1,10,5,1,0,0.5,0.1,0.0,0.1,61.4,0.3713355048859935,0.3674832962138085,0.38181818181818183,0.05,1.0611755205289575,0.2711864406779661,0.4188939703251888,1.4943393979257198,0.20833333333333334,0.4554230831251394,0.7641488617426061,0.3142857142857143,0.39384543583379417,0.13795887954200184,0.3713355048859935,614,14.3,13.8,18.7,14.6,18.6,14.3,14.7,12.8,46.9,10.1,0.2,20.9,0.09010494752623688,0.02391304347826087,0.5388597776275261,0.34712223136797615,DL,0.43227066041812384,0.0,0.0,0.1546875,0.07623355263157895,DL,8.1,18,0.0,0.4,0.0,0.0,0.0
size11_comp0.6_grid9_TransposeEnv_low,11,0.6,9,low,TransposeEnv,transpose,13,6,19,7,6,1,1,1,10,1,1,0,0.1,0.1,0.0,0.1,61.8,0.1423948220064725,0.1342062193126023,0.8571428571428571,0.04523809523809524,0.7485261657464982,0.27089151788289845,0.3677979997285343,0.9072151200409977,0.2538619318509616,0.42565952813734376,0.16666666666666666,0.3333333333333333,0.15563906222956642,0.2281441166330414,0.1423948220064725,618,3.5,19.0,4.2,35.1,26.5,14.4,14.8,5.1,53.2,2.3,0.0,47.2,0.040488109927559954,0.0,0.8995118900724401,0.06,DL,0.31244186160950177,0.0,0.0,0.01875,0.009523809523809523,DL,1.6,7,0.0,0.1,0.0,0.0,0.0
size11_comp0.6_grid9_base_low,11,0.6,9,low,base,base,13,6,19,7,6,1,1,1,10,0,0,1,0.0,0.0,0.1,0.0,61.1,0.1783960720130933,0.1783960720130933,0.0,0.0,0.8141376329376206,0.31356964289148365,0.5064685586998282,0.8141376329376206,0.31356964289148365,0.5064685586998282,0.0,0.0,0.0,0.21089690342947515,0.1783960720130933,611,5.9,25.5,3.8,25.8,20.5,16.0,14.4,9.0,53.2,5.1,0.0,40.9,0.024686726987097164,0.9330055807052104,0.0,0.04230769230769231,UR,0.25863214966474063,0.0,0.011428571428571429,0.0,0.0,UR,0.4,4,0.0,0.0,0.0,0.0,0.0
size11_comp0.6_grid9_walls0_low,11,0.6,9,low,walls0,reshuffled_walls,13,6,19,11,6,1,1,1,2,0,0,1,0.0,0.0,0.5,0.0,63.0,0.3968253968253968,0.3968253968253968,0.0,0.0,0.8485388166126372,0.3333333333333333,0.36235773015407785,0.8485388166126372,0.3333333333333333,0.36235773015407785,0.0,0.0,0.0,0.12103174603174599,0.3968253968253968,126,8.5,18.0,13.5,23.0,13.5,16.0,13.0,19.5,45.0,13.5,0.0,21.0,0.018874643874643875,0.5398860398860399,0.0,0.4412393162393162,UR,1.0699353171684998,0.0,0.0078125,0.0,0.0,UR,0.5,1,0.0,0.5,0.0,0.0,0.0
size11_comp0.6_grid9_walls1_low,11,0.6,9,low,walls1,reshuffled_walls,13,6,19,9,6,1,1,1,1,0,0,1,0.0,0.0,1.0,0.0,36.0,0.3888888888888889,0.3888888888888889,0.0,0.0,0.45481763957007787,0.13333333333333333,0.47705724738809313,0.45481763957007787,0.13333333333333333,0.47705724738809313,0.0,0.0,0.0,0.20555555555555555,0.3888888888888889,36,0.0,9.0,8.0,19.0,12.0,8.0,8.0,7.0,21.0,5.0,0.0,15.0,0.03125,0.6875,0.0,0.28125,UR,1.0425993555312076,0.0,0.1388888888888889,0.0,0.0,UR,5.0,5,0.0,0.0,0.0,0.0,0.0
size7_comp0.0_grid0_RandomStart_4_2_low,7,0.0,0,low,RandomStart_4_2,random_starts,4,5,9,1,4,1,1,1,5,5,3,0,1.0,0.6,0.0,0.6,26.4,0.38636363636363635,0.39622641509433965,0.379746835443038,0.25589743589743585,0.5617583795700197,0.47368421052631576,0.29278572361192284,0.7993153110228652,0.42857142857142855,0.3373758311401742,0.4231835028891931,0.5,0.26677482755377624,0.2644051533729963,0.38636363636363635,132,14.8,2.0,4.2,5.4,13.8,6.0,3.0,2.6,18.6,1.8,0.8,14.0,0.2935928526964588,0.7064071473035411,0.0,0.0,UR,0.6594898394879761,0.04093304843304843,0.3492521367521368,0.0,0.0,UR,5.8,9,0.8,0.2,0.0,0.0,0.0
size7_comp0.0_grid0_RandomStart_5_1_low,7,0.0,0,low,RandomStart_5_1,random_starts,4,5,9,3,3,1,1,1,2,2,0,0,1.0,0.0,0.0,0.0,32.0,0.3125,0.375,0.275,0.0,0.5508102612025386,0.5,0.4565385598354139,0.5813789571938192,0.2,0.33322113043761603,0.528975478351624,0.7142857142857143,0.5446224379766982,0.25023148148148144,0.3125,64,16.5,2.0,5.0,8.5,15.0,5.5,5.5,5.0,25.0,4.0,1.0,18.0,0.13695652173913042,0.8630434782608696,0.0,0.0,UR,0.5677869757921008,0.03125,0.40625,0.0,0.0,UR,7.0,8,1.0,0.0,0.0,0.0,0.0
size7_comp0.0_grid0_ReflectEnv_low,7,0.0,0,low,ReflectEnv,reflect,6,5,11,3,4,1,1,1,10,2,0,8,0.2,0.0,0.8,0.0,15.1,0.47019867549668876,0.5486725663716814,0.23684210526315788,0.0,0.9732736326875575,0.9130434782608695,0.4565210195730485,1.0812207779866314,0.8823529411764706,0.3819275621370273,0.6674233876735153,1.0,0.6678691489751087,0.18188405797101448,0.47019867549668876,151,6.8,2.7,3.3,2.3,3.9,2.3,4.3,3.6,9.3,3.3,0.7,3.2,0.10714285714285714,0.18644444444444447,0.5928571428571429,0.013555555555555553,DL,0.10829549459934736,0.0,0.025,0.08514423076923076,0.0,DL,1.6,7,0.0,0.2,0.0,0.0,0.0
size7_comp0.0_grid0_RotateEnv_low,7,0.0,0,low,RotateEnv,rotate,6,5,11,3,4,1,1,1,10,1,0,8,0.1,0.0,0.8,0.0,12.9,0.49612403100775193,0.4956521739130435,0.5,0.0,0.9126415848948767,0.7727272727272727,0.4021132437311854,0.8804410936708653,0.7368421052631579,0.38560374242875256,1.1165780293136145,1.0,0.5066734186465934,0.17173241197305367,0.49612403100775193,129,5.4,3.1,3.3,1.1,3.9,1.7,2.9,3.4,6.1,3.2,0.9,1.6,0.082,0.6963333333333332,0.052000000000000005,0.1696666666666667,UR,0.5103137955425872,0.0,0.003125,0.021875,0.003125,DL,0.4,3,0.0,0.1,0.0,0.0,0.0
size7_comp0.0_grid0_StartGoalSwap_low,7,0.0,0,low,StartGoalSwap,start_goal_swap,5,6,11,3,4,1,1,1,10,10,3,0,1.0,0.3,0.0,0.3,26.8,0.48880597014925375,0.5806451612903226,0.44,0.23961538461538462,0.7949225670347861,0.6896551724137931,0.38027021434266045,0.5271488389723878,0.6363636363636364,0.32457467102033905,0.9585620675173627,0.7222222222222222,0.4143063797063013,0.15398018141425848,0.48880597014925375,268,10.0,5.3,3.8,7.7,8.7,6.7,5.9,4.5,15.4,3.7,0.8,8.2,0.3406174373130895,0.5255546353807222,0.0,0.13382792730618817,UR,0.9449801315002985,0.04365821678321678,0.11875,0.0,0.0,UR,3.3,8,0.0,0.2,0.0,0.0,0.0
size7_comp0.0_grid0_TransposeEnv_low,7,0.0,0,low,TransposeEnv,transpose,6,5,11,3,4,1,1,1,10,10,3,0,1.0,0.3,0.0,0.3,28.0,0.4142857142857143,0.5769230769230769,0.3181818181818182,0.18744147157190635,0.6696156645356152,0.6666666666666666,0.37862054423576,0.6100353378366962,0.5555555555555556,0.23730440237810038,0.7053638605549665,0.7333333333333333,0.46341022935035586,0.17731587020150846,0.4142857142857143,280,15.8,2.7,4.9,4.6,15.4,6.3,3.1,2.2,18.3,1.9,0.8,12.7,0.2294183823838996,0.7539149509494336,0.0,0.016666666666666666,UR,0.6884793206808076,0.03891513377926421,0.41097826086956524,0.0,0.0,UR,8.1,15,0.0,0.1,0.0,0.0,0.0
size7_comp0.0_grid0_base_low,7,0.0,0,low,base,base,6,5,11,3,4,1,1,1,10,9,4,1,0.9,0.4,0.1,0.4,22.5,0.48,0.9032258064516129,0.31901840490797545,0.31027568922305765,0.5267358838962681,0.6,0.24506401491603447,0.48698269194791816,0.5714285714285714,0.15258434799737067,0.5773308554668953,0.6363636363636364,0.3627654091761521,0.08762539682539683,0.48,225,12.6,1.9,2.8,5.2,12.3,3.9,2.9,2.4,12.3,2.0,0.6,9.5,0.2822011143390454,0.5458047240116206,0.07199416164933406,0.0,UR,0.7973485991367133,0.043831880838459784,0.3335134711779449,0.009523809523809523,0.0,UR,8.1,20,0.0,0.3,0.0,0.0,0.0
size7_comp0.0_grid0_walls0_low,7,0.0,0,low,walls0,reshuffled_walls,6,5,11,3,4,1,1,1,5,5,2,0,1.0,0.4,0.0,0.4,23.8,0.5042016806722689,0.6346153846153846,0.40298507462686567,0.3833333333333333,0.5992719912053025,0.6363636363636364,0.2597721312320903,0.5461349240430713,0.5833333333333334,0.22562406530978543,0.6630364717999802,0.7,0.30074981033885606,0.19695985832349475,0.5042016806722689,119,11.2,2.2,5.2,5.2,11.0,6.2,3.2,2.4,13.4,1.8,0.8,9.4,0.5673297073297073,0.41785547785547783,0.014814814814814814,0.0,UL,0.6881713647032239,0.053598484848484854,0.20625,0.0,0.0,UR,5.4,12,0.0,0.6,0.0,0.0,0.0
size7_comp0.0_grid0_walls1_low,7,0.0,0,low,walls1,reshuffled_walls,6,5,11,3,4,1,1,1,5,5,3,0,1.0,0.6,0.0,0.6,22.0,0.4909090909090909,0.5454545454545454,0.43636363636363634,0.4916666666666667,0.5855995824324688,0.6521739130434783,0.27688398373762907,0.5985207876515599,0.6666666666666666,0.26744641670128805,0.5715037221934604,0.6363636363636364,0.2871795114136375,0.13463429104161367,0.4909090909090909,110,10.2,1.8,6.0,4.0,12.6,3.6,4.0,0.8,12.0,0.8,0.6,10.2,0.6547619047619049,0.30428571428571427,0.04095238095238095,0.0,UL,0.6727049799565894,0.057196969696969704,0.16875,0.0,0.0,UR,5.6,15,0.0,0.6,0.0,0.0,0.0
size7_comp0.0_grid1_RandomStart_3_3_low,7,0.0,1,low,RandomStart_3_3,random_starts,3,5,8,2,3,1,1,1,5,5,0,0,1.0,0.0,0.0,0.0,32.0,0.425,0.6041666666666666,0.3482142857142857,0.0,0.7071463182016887,0.6521739130434783,0.45363017417416246,0.777966509677783,0.5384615384615384,0.31757556761253586,0.615080069282766,0.8,0.630501162704277,0.07812347073216638,0.425,160,16.2,7.0,4.6,4.2,11.4,6.4,6.6,6.6,20.0,5.2,0.4,9.6,0.1592857142857143,0.35128851540616246,0.2647058823529412,0.22471988795518208,UR,1.3414025073185996,0.0,0.0,0.0125,0.00625,DL,0.4,1,0.0,0.2,0.0,0.0,0.0
size7_comp0.0_grid1_RandomStart_3_5_low,7,0.0,1,low,RandomStart_3_5,random_starts,1,5,6,4,1,1,1,1,2,2,2,0,1.0,1.0,0.0,1.0,20.0,0.525,0.75,0.5,0.46875,0.5309547941340458,0.6666666666666666,0.4264902194464597,0.4591479170272448,0.5,0.25107631454012125,0.5420020059966306,0.6923076923076923,0.45347697404743487,0.04222222222222221,0.525,40,9.5,2.5,5.0,3.0,7.0,4.5,4.0,3.5,10.5,3.0,0.0,5.0,0.17857142857142858,0.25,0.0,0.5714285714285714,DR,0.7157801421416577,0.015625,0.0,0.0,0.0,UL,0.5,1,0.0,0.5,0.0,0.0,0.0
size7_comp0.0_grid1_ReflectEnv_low,7,0.0,1,low,ReflectEnv,reflect,4,5,9,5,2,1,1,1,10,9,8,1,0.9,0.8,0.1,0.8,20.0,0.635,0.5833333333333334,0.7125,0.40654584831644325,0.9211862217013839,0.6296296296296297,0.2590304755653954,1.0999818497690026,0.625,0.31825530125501217,0.6611198536030294,0.6363636363636364,0.17288527456231634,0.10698737234684946,0.635,200,5.1,6.7,2.6,5.6,5.2,3.6,5.7,4.5,9.4,3.9,2.5,2.0,0.23990338164251207,0.21855072463768116,0.47719806763285016,0.06434782608695652,DL,1.054175549899171,0.0,0.07023026315789474,0.03035714285714286,0.0,UR,1.6,8,0.2,0.5,0.0,0.0,0.0
size7_comp0.0_grid1_RotateEnv_low,7,0.0,1,low,RotateEnv,rotate,4,5,9,5,2,1,1,1,10,6,0,1,0.6,0.0,0.1,0.0,29.5,0.4271186440677966,0.5221674876847291,0.21739130434782608,0.0,1.0277020965808514,0.7619047619047619,0.4950939603770069,1.053422333261143,0.6875,0.4145593043089787,0.9453973392039179,1.0,0.7528048597946972,0.23114987174785,0.4271186440677966,295,9.1,9.1,2.6,8.7,6.5,5.9,6.9,9.2,19.3,8.0,4.3,6.1,0.14057638657638655,0.4421459836459837,0.36816146816146816,0.04911616161616161,UR,0.8961008587666823,0.0,0.13125,0.071875,0.0,UR,2.6,5,0.1,0.6,0.0,0.0,0.0
size7_comp0.0_grid1_StartGoalSwap_low,7,0.0,1,low,StartGoalSwap,start_goal_swap,5,4,9,5,2,1,1,1,10,10,10,0,1.0,1.0,0.0,1.0,17.8,0.6910112359550562,0.6629213483146067,0.7191011235955056,0.5412070410408006,0.7616352848678134,0.5925925925925926,0.21873957145523307,0.9398383500668179,0.6,0.18618567032087088,0.6568099523978108,0.5882352941176471,0.23788892506368142,0.16284255565301314,0.6910112359550562,178,4.4,4.4,3.1,5.9,4.5,4.8,5.4,2.1,6.4,2.1,0.2,2.2,0.08245614035087719,0.1265079365079365,0.4451127819548872,0.3459231411862991,DL,1.2844034300666691,0.005,0.0,0.050479375696767005,0.0,DL,1.0,6,0.0,0.3,0.0,0.0,0.0
size7_comp0.0_grid1_TransposeEnv_low,7,0.0,1,low,TransposeEnv,transpose,4,5,9,5,2,1,1,1,10,10,9,0,1.0,0.9,0.0,0.9,21.1,0.5639810426540285,0.56,0.5697674418604651,0.43856064634290437,0.9466973941252464,0.5333333333333333,0.2875128777317824,1.3236080305604998,0.4444444444444444,0.25884370544188706,0.3813314394723663,0.6666666666666666,0.33051663616662535,0.21031276944589639,0.5639810426540285,211,9.1,4.8,2.6,4.6,9.2,4.5,3.3,3.1,9.6,2.3,0.0,6.2,0.0,0.40225296854350756,0.3635769523444107,0.2341700791120817,UR,1.360678810548166,0.0,0.15711029711029711,0.061150153609831025,0.014374999999999999,UR,3.9,10,0.5,0.1,0.0,0.0,0.0
size7_comp0.0_grid1_base_low,7,0.0,1,low,base,base,4,5,9,5,2,1,1,1,10,7,1,0,0.7,0.1,0.0,0.1,31.3,0.35782747603833864,0.3564356435643564,0.36036036036036034,0.036,0.87501037830918,0.6296296296296297,0.43904901954070036,0.9587441112533923,0.5625,0.40258953004782977,0.7532158576630529,0.7272727272727273,0.492081004257603,0.20107548192470376,0.35782747603833864,313,11.8,7.1,3.4,9.0,11.5,8.1,6.0,4.7,22.5,2.8,0.5,13.0,0.026691729323308266,0.7824120646443695,0.07333333333333333,0.11756287269898884,UR,0.6436841566967917,0.0,0.259375,0.008,0.0,UR,4.5,13,0.9,0.0,0.0,0.0,0.0
size7_comp0.0_grid1_walls0_low,7,0.0,1,low,walls0,reshuffled_walls,4,5,9,5,2,1,1,1,4,3,3,0,0.75,0.75,0.0,0.75,25.0,0.46,0.38181818181818183,0.5555555555555556,0.31789772727272725,0.694185785988963,0.6818181818181818,0.37742051569479107,0.7356287456618511,0.6363636363636364,0.410953258451638,0.6527428263160747,0.7272727272727273,0.34388777293794415,0.1418290043290043,0.46,100,9.25,6.75,3.25,5.75,8.5,5.5,6.0,4.0,15.75,3.0,0.75,8.5,0.07118055555555555,0.6329861111111111,0.0,0.29583333333333334,UR,0.9057711033497523,0.0,0.1875,0.0,0.0,UR,2.25,9,0.75,0.25,0.0,0.0,0.0
size7_comp0.0_grid1_walls1_low,7,0.0,1,low,walls1,reshuffled_walls,4,5,9,5,2,1,1,1,4,2,0,0,0.5,0.0,0.0,0.0,32.0,0.3046875,0.25675675675675674,0.37037037037037035,0.0,0.5932732934761369,0.6363636363636364,0.4971099165494314,0.5910780455458421,0.5454545454545454,0.4105140150131087,0.5954685414064318,0.7272727272727273,0.583705818085754,0.16861218015394216,0.3046875,128,12.75,5.75,3.0,10.5,12.0,5.75,7.75,5.5,23.75,3.75,0.25,15.25,0.225,0.6708333333333334,0.0,0.10416666666666666,UR,0.7850788996695932,0.0078125,0.296875,0.0,0.0,UR,7.5,16,0.75,0.0,0.0,0.0,0.0
size7_comp0.0_grid2_RandomStart_1_5_low,7,0.0,2,low,RandomStart_1_5,random_starts,1,5,6,6,0,1,1,1,3,3,3,0,1.0,1.0,0.0,1.0,13.0,0.717948717948718,0.6666666666666666,0.7333333333333333,0.5318181818181819,0.45261642856727724,0.6,0.3598970874404085,0.5836591668108979,0.4,0.362686150707875,0.38709505944546685,0.7,0.3585025558066751,0.11555555555555556,0.717948717948718,39,4.666666666666667,1.0,2.6666666666666665,4.666666666666667,3.6666666666666665,1.3333333333333333,4.333333333333333,2.6666666666666665,3.6666666666666665,2.3333333333333335,1.0,0.3333333333333333,0.4576719576719577,0.0,0.5423280423280423,0.0,DL,0.9921013986241579,0.05833333333333333,0.0,0.1303030303030303,0.0,DL,1.0,1,0.6666666666666666,0.6666666666666666,0.0,0.0,0.0
size7_comp0.0_grid2_RandomStart_4_1_low,7,0.0,2,low,RandomStart_4_1,random_starts,6,5,11,1,5,1,1,1,5,1,1,3,0.2,0.2,0.6,0.2,13.6,0.38235294117647056,0.3333333333333333,1.0,0.12222222222222223,0.45768297650844125,0.7142857142857143,0.3394214515878265,0.7119512967909086,0.6666666666666666,0.3896430915992266,0.0,0.8,0.24902249956730627,0.03273078273078274,0.38235294117647056,68,3.8,2.4,1.8,5.6,4.2,2.4,3.2,2.8,9.2,1.8,0.2,6.0,0.046153846153846156,0.9076923076923077,0.046153846153846156,0.0,UR,0.29145318272467746,0.0,0.32377136752136754,0.0,0.0,UR,4.6,14,1.0,0.0,0.0,0.0,0.0
size7_comp0.0_grid2_ReflectEnv_low,7,0.0,2,low,ReflectEnv,reflect,3,5,8,4,2,1,1,1,10,6,6,2,0.6,0.6,0.2,0.6,21.5,0.39069767441860465,0.29213483146067415,0.8648648648648649,0.2974139895192527,0.7283094499603924,0.5454545454545454,0.31666535561909953,0.9721357705465553,0.5,0.35817962544826515,0.4357178652569968,0.6,0.2668482318241008,0.10451860023288598,0.39069767441860465,215,6.5,3.6,2.6,8.8,8.5,4.7,4.3,3.0,14.7,2.1,0.4,8.8,0.04285714285714286,0.7060714285714286,0.0,0.25107142857142856,UR,0.6576530599851562,0.0,0.18283364661654136,0.0,0.008333333333333333,UR,2.9,10,0.0,0.2,0.0,0.0,0.0
size7_comp0.0_grid2_RotateEnv_low,7,0.0,2,low,RotateEnv,rotate,3,5,8,4,2,1,1,1,10,9,0,0,0.9,0.0,0.0,0.0,32.0,0.334375,0.484375,0.234375,0.0,0.7173237770258424,0.65,0.5256105402531022,0.9827845086891689,0.5,0.349792800428701,0.540349955916958,0.75,0.642822366802703,0.3149707006622553,0.334375,320,18.4,6.9,3.3,3.4,14.6,5.0,3.5,7.9,21.7,6.1,0.1,14.4,0.056313131313131315,0.5465184719495064,0.13125,0.2659183967373623,UR,0.9544652797111818,0.00625,0.115625,0.003125,0.025,UR,3.5,14,0.0,0.1,0.0,0.0,0.0
size7_comp0.0_grid2_StartGoalSwap_low,7,0.0,2,low,StartGoalSwap,start_goal_swap,5,3,8,4,2,1,1,1,10,3,1,0,0.3,0.1,0.0,0.1,29.6,0.33783783783783783,0.32098765432098764,0.41509433962264153,0.1,0.8048149568085715,0.7142857142857143,0.524206585489133,0.9688166050446289,0.75,0.537644950808368,0.5861460924938285,0.6666666666666666,0.5062887650634864,0.14417718003013028,0.33783783783783783,296,13.8,6.9,2.5,6.4,9.5,5.5,6.1,7.5,21.2,5.8,0.2,10.3,0.13416666666666668,0.7121260683760683,0.13874999999999998,0.014957264957264956,UR,0.3187479105777917,0.003125,0.303125,0.0,0.0,UR,4.6,14,0.0,0.1,0.0,0.0,0.0
size7_comp0.0_grid2_TransposeEnv_low,7,0.0,2,low,TransposeEnv,transpose,3,5,8,4,2,1,1,1,10,8,0,1,0.8,0.0,0.1,0.0,30.2,0.32450331125827814,0.5478260869565217,0.18716577540106952,0.0,0.8378098372055724,0.76,0.4695009252631826,0.9867042278258988,0.7333333333333333,0.3187673904616098,0.614468251275083,0.8,0.6956012274655416,0.44615939615939615,0.32450331125827814,302,17.1,5.2,3.6,4.3,13.0,4.6,5.8,5.8,22.3,4.8,0.3,13.2,0.029970760233918127,0.7949802201582388,0.15,0.025049019607843136,UR,0.34842913019735783,0.0,0.13125,0.007142857142857143,0.0,UR,3.8,12,0.0,0.8,0.0,0.0,0.0
size7_comp0.0_grid2_base_low,7,0.0,2,low,base,base,3,5,8,4,2,1,1,1,10,10,10,0,1.0,1.0,0.0,1.0,15.7,0.7006369426751592,0.7142857142857143,0.6944444444444444,0.5812842712842713,0.8604745689920268,0.6,0.27350613570575144,0.7250319404698244,0.5,0.20765589666974638,0.9507696546734952,0.6666666666666666,0.31740629506308815,0.27058469308469313,0.7006369426751592,157,4.7,3.4,3.3,4.3,4.2,3.3,4.3,2.9,6.7,2.5,0.4,1.7,0.357396214896215,0.0,0.6426037851037851,0.0,DL,0.9146578797402605,0.02214285714285714,0.0,0.1220851370851371,0.0,DL,1.6,5,0.0,0.8,0.0,0.0,0.0
size7_comp0.0_grid2_walls0_low,7,0.0,2,low,walls0,reshuffled_walls,3,5,8,4,2,1,1,1,5,5,5,0,1.0,1.0,0.0,1.0,12.6,0.746031746031746,0.8421052631578947,0.7045454545454546,0.6516083916083917,0.546665636523905,0.6111111111111112,0.2538234295720069,0.543934608937664,0.42857142857142855,0.12020724998910821,0.5484035631696945,0.7272727272727273,0.338851907488397,0.10833333333333334,0.746031746031746,63,4.2,2.6,2.6,3.2,4.4,2.0,4.2,1.0,4.2,1.0,0.6,1.8,0.3146464646464646,0.0,0.6853535353535354,0.0,DL,0.8822703783193434,0.027884615384615386,0.0,0.14365384615384616,0.0,DL,1.4,3,0.0,1.0,0.0,0.0,0.0
size7_comp0.0_grid2_walls1_low,7,0.0,2,low,walls1,reshuffled_walls,3,5,8,4,2,1,1,1,5,5,5,0,1.0,1.0,0.0,1.0,11.6,0.8275862068965517,0.7916666666666666,0.8529411764705882,0.7084737484737484,0.5962603054990905,0.631578947368421,0.19801828546156036,0.705983724071014,0.5,0.17207996522784483,0.5164614556286007,0.7272727272727273,0.21688251835880806,0.17280701754385966,0.8275862068965517,58,4.4,2.6,1.4,3.2,4.0,2.0,3.2,1.4,2.8,1.4,0.4,0.4,0.3388095238095238,0.0,0.6611904761904762,0.0,DL,0.8915557000866897,0.03666666666666667,0.0,0.0811111111111111,0.0,DL,0.8,2,0.0,0.8,0.0,0.0,0.0
size7_comp0.0_grid3_RandomStart_4_1_low,7,0.0,3,low,RandomStart_4_1,random_starts,2,3,5,3,1,1,1,1,5,5,5,0,1.0,1.0,0.0,1.0,20.2,0.4158415841584158,0.631578947368421,0.36585365853658536,0.26364942528735635,0.740458389379639,0.5294117647058824,0.3887502012511174,0.7964154761697193,0.5,0.3107358841452199,0.7099363420395952,0.5454545454545454,0.43130346512706147,0.17941176470588233,0.4158415841584158,101,10.0,3.6,3.8,2.8,9.8,4.6,2.2,2.6,12.4,2.4,0.4,8.4,0.12164673046251995,0.8553269537480064,0.010526315789473684,0.0125,UR,0.5823935949260767,0.008333333333333333,0.3551724137931035,0.0,0.0,UR,6.6,9,1.0,1.0,0.0,0.0,0.0
size7_comp0.0_grid3_RandomStart_4_2_low,7,0.0,3,low,RandomStart_4_2,random_starts,1,3,4,2,1,1,1,1,5,5,4,0,1.0,0.8,0.0,0.8,20.6,0.46601941747572817,0.5555555555555556,0.417910447761194,0.1850097614803497,0.8277699759421018,0.5,0.4811112378824763,0.7356375723193138,0.5555555555555556,0.4569488563690437,0.946225923457115,0.42857142857142855,0.5121771569711753,0.14510281385281382,0.46601941747572817,103,9.6,4.8,4.0,2.2,5.4,5.4,3.4,5.4,12.4,4.6,1.2,5.0,0.1253968253968254,0.7912698412698412,0.0,0.08333333333333333,UR,0.6771690703124218,0.0,0.20787125456243105,0.0,0.0,UR,3.0,8,1.0,1.0,0.0,0.0,0.0
size7_comp0.0_grid3_ReflectEnv_low,7,0.0,3,low,ReflectEnv,reflect,3,3,6,4,1,1,1,1,10,10,10,0,1.0,1.0,0.0,1.0,13.3,0.5939849624060151,0.4691358024691358,0.7884615384615384,0.5552694235588972,0.656465768530015,0.5555555555555556,0.3536857265756241,0.8721412921286948,0.5,0.38424000988963175,0.4839253496510712,0.6,0.32924229992441795,0.15496232162898835,0.5939849624060151,133,4.5,1.1,3.9,3.8,6.2,3.1,1.4,1.6,6.8,1.6,1.0,3.5,0.7093722943722944,0.0,0.2906277056277056,0.0,UL,0.7204256026834148,0.04414682539682539,0.0,0.004166666666666667,0.0,UL,0.4,1,0.2,0.8,0.0,0.0,0.0
size7_comp0.0_grid3_RotateEnv_low,7,0.0,3,low,RotateEnv,rotate,3,3,6,4,1,1,1,1,10,10,4,0,1.0,0.4,0.0,0.4,23.3,0.36909871244635195,0.6595744680851063,0.2956989247311828,0.23666666666666666,0.8800108536835222,0.5789473684210527,0.3690137628183374,0.8427643986596687,0.4,0.1446699480041604,0.8933131590491842,0.6428571428571429,0.4491365538234007,0.2654480607112186,0.36909871244635195,233,12.4,4.0,3.6,3.3,10.4,5.0,3.3,3.6,15.6,2.5,0.6,9.3,0.16045909645909645,0.8252551892551893,0.0,0.014285714285714285,UR,0.6366789226193442,0.0,0.24375,0.0,0.0,UR,5.7,19,1.0,0.0,0.0,0.0,0.0
size7_comp0.0_grid3_StartGoalSwap_low,7,0.0,3,low,StartGoalSwap,start_goal_swap,3,3,6,4,1,1,1,1,10,9,6,1,0.9,0.6,0.1,0.6,19.5,0.4,0.7454545454545455,0.2642857142857143,0.29273809523809524,0.7389682225836384,0.5,0.2494548096496253,0.6558623751291108,0.5555555555555556,0.24110997330149475,0.8458185978823166,0.42857142857142855,0.26018388495436456,0.3041225776789635,0.4,195,9.8,4.0,1.1,4.6,7.8,4.8,3.3,2.6,12.0,2.1,2.6,8.1,0.15760612440951705,0.7840605422571497,0.05,0.008333333333333333,UR,0.5439686509691015,0.0,0.36656746031746035,0.0,0.0,UR,5.9,17,0.1,0.9,0.0,0.0,0.0
size7_comp0.0_grid3_TransposeEnv_low,7,0.0,3,low,TransposeEnv,transpose,3,3,6,4,1,1,1,1,10,10,10,0,1.0,1.0,0.0,1.0,13.8,0.644927536231884,0.875,0.5510204081632653,0.4947302078726227,0.7459565237578601,0.6,0.3251640389506975,0.451763250996358,0.75,0.2760571477134424,1.0821774069138628,0.42857142857142855,0.3812862003647033,0.16066373508402493,0.644927536231884,138,4.7,2.7,5.2,1.2,3.6,2.0,4.5,2.7,5.3,2.5,0.0,2.0,0.24254273504273502,0.0,0.45463675213675214,0.3028205128205128,DL,1.4041781779710725,0.0,0.0,0.07254901960784313,0.0,DL,1.2,5,0.1,0.6,0.0,0.0,0.0
size7_comp0.0_grid3_base_low,7,0.0,3,low,base,base,3,3,6,4,1,1,1,1,10,8,4,0,0.8,0.4,0.0,0.4,26.4,0.45075757575757575,0.5121951219512195,0.35,0.14994998809240295,1.0355981466964046,0.6111111111111112,0.4479188841713601,1.1200320180041237,0.7272727272727273,0.393583585429502,0.9029163489271321,0.42857142857142855,0.5333029250514227,0.37703576239937303,0.45075757575757575,264,12.0,7.0,4.2,3.2,7.6,6.2,3.5,8.1,17.5,6.7,0.2,6.4,0.03809523809523809,0.5229084967320261,0.15630434782608696,0.2826919173466488,UR,0.9679852351198036,0.0,0.10669192069540367,0.0,0.0,UR,2.1,8,0.2,0.7,0.0,0.0,0.0
size7_comp0.0_grid3_walls0_low,7,0.0,3,low,walls0,reshuffled_walls,3,3,6,4,1,1,1,1,5,4,2,0,0.8,0.4,0.0,0.4,25.6,0.46875,0.576271186440678,0.37681159420289856,0.18550724637681157,0.7829069959056576,0.6666666666666666,0.4800341344561677,0.7559190117583805,0.7857142857142857,0.423966729285019,0.8368829642002115,0.42857142857142855,0.5921689447984652,0.23611111111111108,0.46875,128,12.6,5.8,4.2,3.0,7.8,5.2,4.2,7.4,16.0,6.6,1.0,6.2,0.07916666666666666,0.567924126172208,0.08235294117647059,0.2705562659846547,UR,1.0921389662914422,0.0,0.10244565217391303,0.0,0.0,UR,2.0,6,0.2,0.8,0.0,0.0,0.0
size7_comp0.0_grid3_walls1_low,7,0.0,3,low,walls1,reshuffled_walls,3,3,6,4,1,1,1,1,5,5,4,0,1.0,0.8,0.0,0.8,23.2,0.5,0.6666666666666666,0.40540540540540543,0.2506993006993007,0.8778236129474094,0.5882352941176471,0.38424202154094983,0.8835637745000923,0.6666666666666666,0.2523974650387737,0.8713659312006412,0.5,0.532567147605898,0.2477144029001614,0.5,116,11.8,4.8,4.0,2.6,6.6,5.0,4.4,6.2,13.4,5.2,1.4,5.2,0.1327941176470588,0.6577941176470589,0.0,0.20941176470588235,UR,1.108306170481391,0.00909090909090909,0.1470716783216783,0.0,0.0,UR,2.8,7,0.0,1.0,0.0,0.0,0.0
size7_comp0.0_grid4_RandomStart_2_4_low,7,0.0,4,low,RandomStart_2_4,random_starts,4,6,10,2,4,1,1,1,5,5,5,0,1.0,1.0,0.0,1.0,19.0,0.6421052631578947,0.6216216216216216,0.6551724137931034,0.5764652014652014,0.6150009879721174,0.5555555555555556,0.3330739280733082,0.7026402997397058,0.5,0.27673676932343355,0.5448895385580468,0.6,0.3781436550732079,0.10943732193732193,0.6421052631578947,95,7.0,4.8,3.6,3.6,8.2,5.4,3.0,1.4,6.0,1.0,0.0,4.6,0.05650793650793651,0.39168831168831164,0.28773448773448773,0.26406926406926406,UR,1.661476340637901,0.0,0.06538461538461539,0.016666666666666666,0.05764652014652014,UR,2.4,7,0.4,0.0,0.0,0.0,0.0
size7_comp0.0_grid4_RandomStart_3_2_low,7,0.0,4,low,RandomStart_3_2,random_starts,5,6,11,1,5,1,1,1,5,5,3,0,1.0,0.6,0.0,0.6,26.6,0.5037593984962406,0.75,0.41237113402061853,0.2902675585284281,0.4367403246479336,0.6470588235294118,0.4549843695862897,0.3242933703643944,0.6666666666666666,0.29063191252900683,0.4980750269844096,0.6363636363636364,0.5446311643448076,0.12460350107408932,0.5037593984962406,133,13.8,6.2,3.6,3.0,15.6,6.4,1.0,2.6,13.6,2.0,0.0,10.0,0.08476190476190475,0.6978571428571428,0.0,0.2173809523809524,UR,1.0204740477627157,0.007692307692307693,0.22986622073578594,0.0,0.038887959866220734,UR,5.2,13,0.0,0.0,0.0,0.0,0.0
size7_comp0.0_grid4_ReflectEnv_low,7,0.0,4,low,ReflectEnv,reflect,3,6,9,3,3,1,1,1,10,4,4,6,0.4,0.4,0.6,0.4,17.1,0.5321637426900585,0.44881889763779526,0.7727272727272727,0.17753333859386095,0.8105446598604605,0.68,0.4171417722942974,0.8995034196442805,0.6875,0.4914945391746652,0.6523957535781143,0.6666666666666666,0.284959075618088,0.08148340548340549,0.5321637426900585,171,6.7,5.0,1.7,3.7,3.9,2.3,4.3,5.6,9.0,5.1,1.0,0.7,0.3596699134199134,0.16722222222222222,0.3445364357864358,0.02857142857142857,UL,0.6913503661568774,0.005555555555555555,0.0,0.04521896946263711,0.0,DL,0.5,1,0.0,0.4,0.0,0.0,0.0
size7_comp0.0_grid4_RotateEnv_low,7,0.0,4,low,RotateEnv,rotate,3,6,9,3,3,1,1,1,10,9,0,1,0.9,0.0,0.1,0.0,29.7,0.31986531986531985,0.6224489795918368,0.1708542713567839,0.0,0.7815757155298109,0.8421052631578947,0.4809480531706141,0.8338458818675475,0.7,0.2989291274590876,0.7234977529323257,1.0,0.6831913039611991,0.21344055685277868,0.31986531986531985,297,18.2,5.0,2.1,4.4,13.2,4.1,4.2,7.2,22.8,5.9,15.6,13.8,0.005263157894736842,0.8910331384015595,0.0,0.0037037037037037034,UR,0.052601039287281756,0.0,0.465625,0.0,0.0,UR,8.7,15,0.0,0.9,0.0,0.0,0.0
size7_comp0.0_grid4_StartGoalSwap_low,7,0.0,4,low,StartGoalSwap,start_goal_swap,6,3,9,3,3,1,1,1,10,10,5,0,1.0,0.5,0.0,0.5,25.9,0.416988416988417,0.6914893617021277,0.2606060606060606,0.3025,0.5662872294319066,0.625,0.35701491063631496,0.506842855857763,0.6666666666666666,0.25501977232297574,0.6427157097415197,0.5714285714285714,0.48815151703917975,0.26894217914438506,0.416988416988417,259,12.9,7.1,1.1,4.8,14.6,4.8,2.6,2.9,14.7,2.2,0.0,12.0,0.07757602764274428,0.5115856516186351,0.17466196194831873,0.23617635879030185,UR,1.1315306755850696,0.0,0.34375,0.0,0.04923611111111111,UR,8.8,16,0.0,0.2,0.0,0.0,0.0
size7_comp0.0_grid4_TransposeEnv_low,7,0.0,4,low,TransposeEnv,transpose,3,6,9,3,3,1,1,1,10,10,6,0,1.0,0.6,0.0,0.6,24.0,0.45416666666666666,0.6521739130434783,0.4072164948453608,0.3008714969241285,0.5196442730884968,0.6,0.44250357870718915,0.4701491937920606,0.3333333333333333,0.25137007360158686,0.5320180429126059,0.6666666666666666,0.49028695498358976,0.20530856215066742,0.45416666666666666,240,13.5,4.1,3.4,3.0,12.6,5.8,2.2,2.4,12.8,1.7,0.0,10.2,0.11075757575757576,0.6488888888888888,0.0,0.24035353535353532,UR,1.116707741888308,0.010526315789473684,0.1768013784461153,0.0,0.04593016632490317,UR,4.5,15,0.0,0.0,0.0,0.0,0.0
size7_comp0.0_grid4_base_low,7,0.0,4,low,base,base,3,6,9,3,3,1,1,1,10,10,8,0,1.0,0.8,0.0,0.8,21.1,0.5071090047393365,0.660377358490566,0.45569620253164556,0.4141416040100251,0.6318898115120719,0.5294117647058824,0.3743973464108088,0.7901697553534648,0.3333333333333333,0.19150284738505655,0.5455552966894941,0.6363636363636364,0.47415798224303723,0.3070544106756969,0.5071090047393365,211,11.6,3.6,3.1,2.8,10.9,4.8,2.0,2.4,10.7,1.9,0.4,8.1,0.10393740031897927,0.5417896065922381,0.0,0.3542729930887826,UR,1.2610923596231207,0.007142857142857143,0.1421794068504595,0.0,0.05226573377889167,UR,3.6,11,0.0,0.2,0.0,0.0,0.0
size7_comp0.0_grid4_walls0_low,7,0.0,4,low,walls0,reshuffled_walls,3,6,9,3,3,1,1,1,5,5,3,0,1.0,0.6,0.0,0.6,22.2,0.5315315315315315,0.76,0.46511627906976744,0.3485714285714286,0.5840767638744429,0.6,0.4232578550523681,0.799376127280935,0.4,0.21283135887592675,0.47642708217119695,0.7,0.5284711031405889,0.14045855379188713,0.5315315315315315,111,11.6,3.6,4.2,2.8,9.6,6.6,2.0,3.0,11.2,2.8,0.4,7.0,0.12367201426024957,0.4999286987522281,0.0,0.37639928698752223,UR,1.344167251161391,0.00625,0.1500793650793651,0.0,0.05123015873015872,UR,2.8,5,0.0,0.0,0.0,0.0,0.0
size7_comp0.0_grid4_walls1_low,7,0.0,4,low,walls1,reshuffled_walls,3,6,9,3,3,1,1,1,5,5,5,0,1.0,1.0,0.0,1.0,19.8,0.5757575757575758,0.6818181818181818,0.5454545454545454,0.5119780219780219,0.6386447299539063,0.5555555555555556,0.3049706915577641,0.6452169817377051,0.4,0.22554021952831085,0.6361169408062914,0.6153846153846154,0.3355208731075538,0.16302910052910052,0.5757575757575758,99,9.4,3.8,3.6,3.0,8.8,5.8,2.4,1.8,8.6,1.6,0.4,6.0,0.1301010101010101,0.4234343434343435,0.0,0.44646464646464645,DR,1.3503487890133923,0.01,0.07051282051282051,0.0,0.05688644688644688,UR,1.6,3,0.0,0.4,0.0,0.0,0.0
size7_comp0.0_grid5_RandomStart_1_4_low,7,0.0,5,low,RandomStart_1_4,random_starts,5,3,8,6,1,1,1,1,5,5,5,0,1.0,1.0,0.0,1.0,18.2,0.6373626373626373,0.6363636363636364,0.6382978723404256,0.47308377896613185,0.6404835735551236,0.6153846153846154,0.2858644813327725,0.7635694505055013,0.5555555555555556,0.24189172867620926,0.5753204622284532,0.6470588235294118,0.30914417391565896,0.14560439560439564,0.6373626373626373,91,3.4,4.4,3.2,7.2,5.6,3.6,4.6,3.4,7.2,3.2,0.8,3.0,0.014285714285714285,0.07539682539682538,0.4753968253968254,0.434920634920635,DL,1.3009806094495526,0.0,0.0,0.05196078431372549,0.05913547237076648,DR,1.4,2,0.8,0.2,0.0,0.0,0.0
size7_comp0.0_grid5_RandomStart_5_3_low,7,0.0,5,low,RandomStart_5_3,random_starts,2,3,5,1,2,1,1,1,3,3,3,0,1.0,1.0,0.0,1.0,14.666666666666666,0.5681818181818182,0.4,0.6551724137931034,0.46649029982363316,0.44863826390090816,0.6,0.3864040045074782,0.4056390622295664,0.0,0.2743974703476993,0.45525352569649924,0.6923076923076923,0.403635778993598,0.07222222222222223,0.5681818181818182,44,4.333333333333333,3.3333333333333335,2.0,5.0,5.0,2.3333333333333335,2.3333333333333335,4.0,7.666666666666667,4.0,0.6666666666666666,3.0,0.0,0.10416666666666667,0.125,0.7708333333333334,DR,0.6862781244591329,0.0,0.0,0.0,0.09329805996472662,DR,1.0,1,0.0,1.0,0.0,0.0,0.0
size7_comp0.0_grid5_ReflectEnv_low,7,0.0,5,low,ReflectEnv,reflect,7,3,10,4,3,1,1,1,10,1,0,0,0.1,0.0,0.0,0.0,32.0,0.409375,0.4088050314465409,0.5,0.0,1.1487223462269802,0.75,0.5418708513469972,1.1565498381336634,0.7894736842105263,0.5540073106568848,1.0,0.0,0.31127812445913283,0.21637820474400218,0.409375,320,13.1,8.4,4.7,5.8,10.3,6.5,5.1,9.1,22.6,6.7,0.1,7.8,0.03622247317899492,0.8440722892667972,0.05040611562350692,0.06929912193070088,UR,0.5577686450137265,0.003125,0.165625,0.00625,0.0,UR,3.2,7,1.0,0.0,0.0,0.0,0.0
size7_comp0.0_grid5_RotateEnv_low,7,0.0,5,low,RotateEnv,rotate,7,3,10,4,3,1,1,1,10,1,0,0,0.1,0.0,0.0,0.0,32.0,0.459375,0.47572815533980584,0.0,0.0,1.234303471664433,0.8,0.48620333067857935,1.2992668122783506,0.8421052631578947,0.45916140071429407,0.0,0.0,1.0,0.22237512644896948,0.459375,320,10.4,11.0,5.0,5.6,6.2,5.3,9.4,10.1,22.5,8.9,1.0,4.8,0.03292483660130719,0.07122326203208557,0.8104107248960191,0.08544117647058824,DL,0.4978461851867376,0.0,0.034375,0.203125,0.0,DL,2.9,11,0.8,0.1,0.0,0.0,0.0
size7_comp0.0_grid5_StartGoalSwap_low,7,0.0,5,low,StartGoalSwap,start_goal_swap,3,7,10,4,3,1,1,1,10,10,5,0,1.0,0.5,0.0,0.5,28.5,0.37894736842105264,0.30246913580246915,0.4796747967479675,0.21907349896480333,0.6926379806916114,0.5,0.3646333574552166,0.9487802737872268,0.4444444444444444,0.3556224042673382,0.36331217528296317,0.5714285714285714,0.3762188686967745,0.17108660170650533,0.37894736842105264,285,11.6,4.4,2.7,9.8,17.1,5.4,3.5,1.5,20.4,1.1,0.8,15.8,0.0,0.7825215895215896,0.0,0.2174784104784105,UR,0.7264449352103011,0.0,0.23919513457556935,0.0,0.037532349896480334,UR,6.1,12,1.0,0.0,0.0,0.0,0.0
size7_comp0.0_grid5_TransposeEnv_low,7,0.0,5,low,TransposeEnv,transpose,7,3,10,4,3,1,1,1,10,5,2,5,0.5,0.2,0.5,0.2,14.5,0.5586206896551724,0.7837837837837838,0.323943661971831,0.1625,0.8236563538953784,0.6785714285714286,0.301917933931006,0.7113492561597695,0.6470588235294118,0.18277870432814014,0.997221868577683,0.7272727272727273,0.4860421978627079,0.12191944959802102,0.5586206896551724,145,2.9,4.4,1.3,5.9,5.0,3.5,3.4,1.6,6.2,1.3,0.3,3.7,0.3158623188405797,0.18821739130434784,0.25434782608695655,0.24157246376811595,UL,1.0061150206053802,0.0,0.06875,0.04,0.025625,UR,2.6,11,0.3,0.2,0.0,0.0,0.0
size7_comp0.0_grid5_base_low,7,0.0,5,low,base,base,7,3,10,4,3,1,1,1,10,9,8,1,0.9,0.8,0.1,0.8,18.2,0.7197802197802198,0.881578947368421,0.6037735849056604,0.4833774071931967,0.7655480026789762,0.6764705882352942,0.29492262005579395,0.5792357695526598,0.7333333333333333,0.15884148701517758,0.9126366077786997,0.631578947368421,0.4023550935089122,0.19568478906714207,0.7197802197802198,182,4.1,6.2,2.5,5.4,6.0,3.6,4.4,3.2,6.2,3.1,0.8,1.0,0.23204146730462522,0.15075757575757576,0.17399122807017545,0.44320972886762366,DR,1.3769046546551797,0.0,0.04,0.013657407407407406,0.051462740719319666,DR,1.2,2,0.1,0.6,0.0,0.0,0.0
size7_comp0.0_grid5_walls0_low,7,0.0,5,low,walls0,reshuffled_walls,7,3,10,4,3,1,1,1,5,5,4,0,1.0,0.8,0.0,0.8,20.8,0.7019230769230769,0.8372093023255814,0.6065573770491803,0.4557422969187675,0.5734165875640227,0.6896551724137931,0.2982830029612064,0.3989481350807556,0.7692307692307693,0.22485353645137776,0.7151722052066772,0.625,0.3579444445004421,0.1616174055829228,0.7019230769230769,104,4.6,7.0,3.2,6.0,7.0,5.8,4.0,3.0,8.6,3.0,0.6,1.2,0.23215811965811967,0.10705128205128205,0.2549145299145299,0.4058760683760684,DR,1.6101877387151802,0.0,0.0,0.0,0.05182422969187674,DR,1.0,1,0.2,0.4,0.0,0.0,0.0
size7_comp0.0_grid5_walls1_low,7,0.0,5,low,walls1,reshuffled_walls,7,3,10,4,3,1,1,1,5,5,5,0,1.0,1.0,0.0,1.0,16.6,0.6987951807228916,0.6666666666666666,0.7586206896551724,0.6102118040198535,0.473544548134548,0.64,0.22703655105901738,0.4345359794095715,0.7058823529411765,0.22636780490672315,0.5564377566751231,0.5,0.22845763663264257,0.08419047619047618,0.6987951807228916,83,3.2,6.2,1.4,5.8,7.0,3.8,3.6,1.2,5.2,1.0,0.4,3.4,0.21538461538461537,0.1141025641025641,0.08333333333333333,0.5871794871794871,DR,1.3812950695750925,0.0,0.0,0.0,0.061021180401985356,DR,1.0,1,0.0,1.0,0.0,0.0,0.0
size7_comp0.0_grid6_RandomStart_4_1_low,7,0.0,6,low,RandomStart_4_1,random_starts,4,3,7,5,1,1,1,1,3,2,1,0,0.6666666666666666,0.3333333333333333,0.0,0.3333333333333333,25.0,0.29333333333333333,0.2463768115942029,0.8333333333333334,0.21212121212121213,0.3567199363110866,0.7272727272727273,0.3612940923875779,0.3654899124277441,0.75,0.38005008036074484,0.3333333333333333,0.6666666666666666,0.31127812445913283,0.24331550802139038,0.29333333333333333,75,7.0,4.0,2.0,12.0,10.333333333333334,3.3333333333333335,5.333333333333333,5.0,19.333333333333332,3.0,0.6666666666666666,14.333333333333334,0.0,0.8185185185185185,0.0,0.18148148148148147,UR,0.4866905511425011,0.0,0.5710227272727273,0.0,0.0,UR,7.0,15,1.0,0.0,0.0,0.0,0.0
size7_comp0.0_grid6_RandomStart_5_4_low,7,0.0,6,low,RandomStart_5_4,random_starts,2,3,5,1,2,1,1,1,5,4,4,0,0.8,0.8,0.0,0.8,11.8,0.5254237288135594,0.41304347826086957,0.9230769230769231,0.6361111111111111,0.7067399400869574,0.5,0.25649616665844405,0.772414628812017,0.5454545454545454,0.36054666232409766,0.5622556248918266,0.4,0.02758507619400598,0.17604166666666665,0.5254237288135594,59,3.6,2.6,2.2,3.4,3.6,4.6,1.6,1.0,5.4,1.0,0.4,2.8,0.0,0.258974358974359,0.0,0.741025641025641,DR,0.23069784317474618,0.0,0.09375,0.0,0.0,UR,1.2,6,0.8,0.0,0.0,0.0,0.0
size7_comp0.0_grid6_ReflectEnv_low,7,0.0,6,low,ReflectEnv,reflect,3,3,6,4,1,1,1,1,10,8,6,1,0.8,0.6,0.1,0.6,18.1,0.5082872928176796,0.5657894736842105,0.4666666666666667,0.3825155279503106,0.9002023439185273,0.7666666666666667,0.42369202233625,0.634620086671915,0.6923076923076923,0.435781685679266,1.1032946582835839,0.8235294117647058,0.41444698566217886,0.12447026657552976,0.5082872928176796,181,7.8,4.2,4.3,1.8,6.1,3.3,2.9,4.8,9.6,3.9,1.9,2.7,0.03977272727272727,0.27176623376623377,0.2532575757575758,0.43520346320346326,DR,0.9119436527878175,0.0,0.0875,0.0,0.09812758799171842,DR,2.0,7,0.5,0.0,0.0,0.0,0.0
size7_comp0.0_grid6_RotateEnv_low,7,0.0,6,low,RotateEnv,rotate,3,3,6,4,1,1,1,1,10,6,6,4,0.6,0.6,0.4,0.6,7.8,0.7307692307692307,0.725,0.7368421052631579,0.4225,0.45233322282170385,0.46153846153846156,0.3462188849673314,0.5390310547045505,0.42857142857142855,0.30043921010656,0.3511857522917161,0.5,0.3996285056382312,0.1338827838827839,0.7307692307692307,78,4.1,0.1,1.8,1.8,2.3,0.5,2.2,1.8,1.9,1.8,0.2,0.0,0.0,0.5034249084249084,0.0,0.4965750915750916,UR,0.9001923574754113,0.0,0.0,0.0,0.15541666666666668,DR,1.0,1,0.6,0.0,0.0,0.0,0.0
size7_comp0.0_grid6_StartGoalSwap_low,7,0.0,6,low,StartGoalSwap,start_goal_swap,3,3,6,4,1,1,1,1,10,7,6,0,0.7,0.6,0.0,0.6,19.6,0.4387755102040816,0.3953488372093023,0.5223880597014925,0.355,0.7500436028111954,0.6785714285714286,0.49844704267333173,0.8833206851169438,0.6153846153846154,0.42040692008858105,0.6345367981462134,0.7333333333333333,0.5660818155801157,0.13700198610912895,0.4387755102040816,196,10.0,3.7,3.9,2.0,6.8,3.9,3.5,4.4,11.2,3.6,1.6,5.7,0.008333333333333333,0.3948251748251749,0.20964285714285716,0.3871986346986347,UR,0.7810777557941531,0.0,0.2125,0.0,0.07166666666666667,UR,4.5,22,0.4,0.0,0.0,0.0,0.0
size7_comp0.0_grid6_TransposeEnv_low,7,0.0,6,low,TransposeEnv,transpose,3,3,6,4,1,1,1,1,10,7,2,0,0.7,0.2,0.0,0.2,30.1,0.23920265780730898,0.21839080459770116,0.375,0.05555555555555556,0.9039973737711647,0.4444444444444444,0.4011245188790217,1.177435170454056,0.4,0.4052690837021823,0.5622001279175507,0.5,0.39594381285007096,0.262037037037037,0.23920265780730898,301,6.8,5.2,1.3,16.8,12.7,5.8,6.8,3.8,24.9,2.5,0.2,19.7,0.0,0.9239310414722711,0.0,0.07606895852772913,UR,0.3066955637816447,0.0,0.6206018518518519,0.0,0.0,UR,10.5,24,1.0,0.0,0.0,0.0,0.0
size7_comp0.0_grid6_base_low,7,0.0,6,low,base,base,3,3,6,4,1,1,1,1,10,10,10,0,1.0,1.0,0.0,1.0,13.8,0.6159420289855072,0.5612244897959183,0.75,0.5576257076257076,0.8835612387964507,0.4,0.2903951114776205,1.0662911148326684,0.4,0.44796509423494635,0.7008313627602327,0.4,0.13282512872029453,0.3251633986928105,0.6159420289855072,138,2.8,4.2,1.2,5.6,4.0,1.9,3.5,3.4,7.5,2.4,0.1,2.8,0.0,0.0,0.7428599033816424,0.25714009661835746,DL,0.6886308406475741,0.0,0.0,0.28114801864801864,0.0,DL,2.1,4,0.9,0.0,0.0,0.0,0.0
size7_comp0.0_grid6_walls0_low,7,0.0,6,low,walls0,reshuffled_walls,3,3,6,4,1,1,1,1,3,3,3,0,1.0,1.0,0.0,1.0,9.0,0.8148148148148148,0.7222222222222222,1.0,0.7023809523809524,0.5235051711505696,0.5,0.18106619919690392,0.8174363837875167,0.5,0.2791326573730476,0.2295739585136224,0.5,0.08299974102076026,0.2260416666666667,0.8148148148148148,27,2.0,2.3333333333333335,0.3333333333333333,4.333333333333333,0.6666666666666666,2.6666666666666665,2.6666666666666665,2.0,3.0,2.0,0.3333333333333333,0.3333333333333333,0.0,0.0,0.774074074074074,0.22592592592592595,DL,0.7080771169595561,0.0,0.0,0.11706349206349205,0.0,DL,1.0,1,1.0,0.0,0.0,0.0,0.0
size7_comp0.0_grid6_walls1_low,7,0.0,6,low,walls1,reshuffled_walls,3,3,6,4,1,1,1,1,3,3,3,0,1.0,1.0,0.0,1.0,14.0,0.6428571428571429,0.5806451612903226,0.8181818181818182,0.4760683760683761,0.5900502351739467,0.5714285714285714,0.3675612188562125,0.7898502629407396,0.5,0.42847987135379845,0.3236501981515562,0.6666666666666666,0.2863363488594312,0.19591836734693877,0.6428571428571429,42,3.6666666666666665,4.666666666666667,0.6666666666666666,5.0,3.3333333333333335,3.3333333333333335,2.3333333333333335,4.0,7.333333333333333,3.3333333333333335,0.0,2.0,0.0,0.0,0.7668128654970761,0.23318713450292397,DL,0.7445685494764511,0.0,0.0,0.29857549857549853,0.0,DL,2.0,3,1.0,0.0,0.0,0.0,0.0
size7_comp0.0_grid7_RandomStart_2_2_low,7,0.0,7,low,RandomStart_2_2,random_starts,1,4,5,3,1,1,1,1,5,5,3,0,1.0,0.6,0.0,0.6,18.4,0.40217391304347827,0.6666666666666666,0.3625,0.3769230769230769,0.7915102946922804,0.5789473684210527,0.31136472440599094,0.6503258334775646,0.4,0.3004305258160485,0.8419333165546788,0.6428571428571429,0.3152697953309703,0.19496768236380424,0.40217391304347827,92,9.8,3.6,1.8,3.2,8.6,3.2,3.6,2.0,10.2,1.6,0.4,7.4,0.5021571021571021,0.433007733007733,0.0,0.06483516483516483,UL,0.5567494851450725,0.00625,0.2375,0.0,0.0,UR,5.6,18,0.4,0.4,0.0,0.0,0.0
size7_comp0.0_grid7_RandomStart_4_3_low,7,0.0,7,low,RandomStart_4_3,random_starts,4,4,8,2,3,1,1,1,5,5,0,0,1.0,0.0,0.0,0.0,32.0,0.275,0.7333333333333333,0.16923076923076924,0.0,0.5460095093473668,0.625,0.4914947525372506,0.6307328738964273,0.5,0.2948564676625895,0.46128614479830643,0.75,0.6881330374119117,0.22068193902871325,0.275,160,21.8,2.8,3.2,4.2,19.8,5.0,1.6,4.6,23.6,2.6,0.4,17.4,0.07660098522167488,0.9233990147783251,0.0,0.0,UR,0.367032436350331,0.00625,0.58125,0.0,0.0,UR,10.4,14,0.0,0.0,0.0,0.0,0.0
size7_comp0.0_grid7_ReflectEnv_low,7,0.0,7,low,ReflectEnv,reflect,3,4,7,3,2,1,1,1,10,10,1,0,1.0,0.1,0.0,0.1,31.0,0.25161290322580643,0.8409090909090909,0.15413533834586465,0.031818181818181815,0.7670394123925288,0.7142857142857143,0.471504978114273,0.5474436688742691,0.6666666666666666,0.22285919893445874,0.9317362200312238,0.75,0.6579893124991337,0.2115478306286588,0.25161290322580643,310,21.2,3.3,1.5,5.0,17.7,5.4,3.6,3.3,23.6,2.7,2.6,18.0,0.09000685527911857,0.8982284388385284,0.0,0.011764705882352941,UR,0.4737295201085544,0.0,0.6147727272727272,0.0,0.0,UR,15.2,26,0.0,1.0,0.0,0.0,0.0
size7_comp0.0_grid7_RotateEnv_low,7,0.0,7,low,RotateEnv,rotate,3,4,7,3,2,1,1,1,10,1,1,2,0.1,0.1,0.2,0.1,26.4,0.3106060606060606,0.2952755905511811,0.7,0.05384615384615384,0.9017301423787707,0.7222222222222222,0.45043522532826685,1.2275952135681563,0.8333333333333334,0.5404398172492115,0.25,0.5,0.2704260414863776,0.2551001728916343,0.3106060606060606,264,13.2,4.3,3.6,5.3,8.3,4.9,4.0,8.2,18.8,6.1,0.5,8.7,0.2797278084234606,0.6327721915765394,0.0875,0.0,UR,0.7838032366816508,0.0,0.18125,0.015384615384615385,0.0,UR,4.0,12,0.1,0.1,0.0,0.0,0.0
size7_comp0.0_grid7_StartGoalSwap_low,7,0.0,7,low,StartGoalSwap,start_goal_swap,4,3,7,3,2,1,1,1,10,10,10,0,1.0,1.0,0.0,1.0,16.3,0.5521472392638037,0.7894736842105263,0.42452830188679247,0.5526299476667124,0.6731119203114871,0.5,0.2324579250632795,0.7339494566599563,0.5454545454545454,0.23524186429191604,0.5775100774781785,0.42857142857142855,0.22808316341827925,0.0660939846491116,0.5521472392638037,163,7.9,1.2,3.0,4.2,6.4,3.7,2.9,2.3,8.2,1.7,0.4,5.3,0.36441639299397915,0.5740400930487137,0.06154351395730706,0.0,UR,0.7712479386237937,0.0,0.2514379615482557,0.0,0.0,UR,3.5,13,0.0,0.5,0.0,0.0,0.0
size7_comp0.0_grid7_TransposeEnv_low,7,0.0,7,low,TransposeEnv,transpose,3,4,7,3,2,1,1,1,10,10,9,0,1.0,0.9,0.0,0.9,15.1,0.5827814569536424,0.55,0.6197183098591549,0.5594670688788336,0.6691350436632437,0.6,0.33946718858108915,0.7676975663135738,0.5555555555555556,0.3073363727451504,0.5884929796766101,0.6363636363636364,0.3657560379014026,0.15882034632034633,0.5827814569536424,151,6.5,2.5,2.4,3.7,6.9,2.8,2.2,2.2,7.6,1.3,0.4,4.2,0.6593009037745879,0.08518518518518518,0.2555139110402268,0.0,UL,0.7833040432160046,0.016299019607843135,0.0625,0.015931372549019607,0.0,UR,2.2,18,0.0,0.9,0.0,0.0,0.0
size7_comp0.0_grid7_base_low,7,0.0,7,low,base,base,3,4,7,3,2,1,1,1,10,10,4,0,1.0,0.4,0.0,0.4,25.8,0.3178294573643411,0.5769230769230769,0.2524271844660194,0.25392592592592594,0.7929983899622591,0.5789473684210527,0.30060296590485897,0.700582275065269,0.4,0.14651613830461502,0.8260041452826128,0.6428571428571429,0.35563397576208894,0.22807033881966973,0.3178294573643411,258,16.1,3.1,3.1,3.5,14.9,5.4,2.2,2.3,17.6,1.8,0.6,13.4,0.1318774928774929,0.8433606023606023,0.02,0.0047619047619047615,UR,0.5100893533518557,0.0,0.37600462962962966,0.0,0.0,UR,9.5,23,0.8,0.2,0.0,0.0,0.0
size7_comp0.0_grid7_walls0_low,7,0.0,7,low,walls0,reshuffled_walls,3,4,7,3,2,1,1,1,5,5,1,0,1.0,0.2,0.0,0.2,28.0,0.29285714285714287,0.3953488372093023,0.24742268041237114,0.11666666666666667,0.4288757089809018,0.6111111111111112,0.5092868404584735,0.45076027811431735,0.4,0.33273613549988584,0.4204585670065112,0.6923076923076923,0.577190957750238,0.13441558441558438,0.29285714285714287,140,18.4,3.4,2.8,3.4,15.6,6.4,1.8,3.2,19.8,2.6,0.6,14.6,0.133016983016983,0.8384115884115884,0.02857142857142857,0.0,UR,0.5434046323585007,0.0,0.34375,0.0,0.0,UR,9.2,21,0.8,0.2,0.0,0.0,0.0
size7_comp0.0_grid7_walls1_low,7,0.0,7,low,walls1,reshuffled_walls,3,4,7,3,2,1,1,1,5,5,1,0,1.0,0.2,0.0,0.2,29.2,0.2602739726027397,0.6153846153846154,0.18333333333333332,0.07777777777777778,0.5811047348141531,0.6,0.4137682773756376,0.6751517632165107,0.4,0.21188370723467967,0.5340812206129744,0.7,0.5147105624461166,0.13358890105878057,0.2602739726027397,146,19.4,2.2,3.4,4.2,16.6,5.6,3.2,2.8,21.8,1.8,0.4,17.2,0.06298724264241505,0.9216281419729695,0.0,0.015384615384615385,UR,0.4128566201974893,0.0,0.51875,0.0,0.0,UR,10.8,21,1.0,0.0,0.0,0.0,0.0
size7_comp0.0_grid8_RandomStart_3_3_low,7,0.0,8,low,RandomStart_3_3,random_starts,4,4,8,2,3,1,1,1,5,4,4,0,0.8,0.8,0.0,0.8,24.8,0.5483870967741935,0.5675675675675675,0.52,0.3070019877279405,1.0132223497691282,0.7619047619047619,0.3693559719370378,0.9426580252742947,0.7647058823529411,0.35408545220462134,1.3131207288721707,0.75,0.4342556807998078,0.23521498342926916,0.5483870967741935,124,9.0,7.6,5.6,2.6,7.2,4.4,6.0,6.2,14.0,5.6,3.2,3.4,0.09619269619269619,0.23333333333333334,0.561926961926962,0.10854700854700854,DL,0.9439289129342245,0.0,0.03125,0.11322098349321578,0.0,DL,2.2,3,0.0,0.6,0.0,0.0,0.0
size7_comp0.0_grid8_RandomStart_4_1_low,7,0.0,8,low,RandomStart_4_1,random_starts,7,4,11,3,4,1,1,1,5,3,0,0,0.6,0.0,0.0,0.0,32.0,0.55,0.5703703703703704,0.44,0.0,1.1481746518291585,0.8,0.42217991234849955,1.1493434396467768,0.8125,0.3717065217934038,1.1434995005586859,0.75,0.6240734745688826,0.20750929625929623,0.55,160,9.8,10.6,7.6,4.0,5.8,5.2,9.8,10.2,19.6,9.0,1.2,3.0,0.049760765550239235,0.5141547049441787,0.2849681020733652,0.1511164274322169,UR,1.2712388541396347,0.0,0.0625,0.05,0.0,UR,1.4,2,0.6,0.4,0.0,0.0,0.0
size7_comp0.0_grid8_ReflectEnv_low,7,0.0,8,low,ReflectEnv,reflect,4,4,8,6,1,1,1,1,10,10,8,0,1.0,0.8,0.0,0.8,18.8,0.4946808510638298,0.4230769230769231,0.5833333333333334,0.4332293196999079,0.5212004493231802,0.5,0.36493701028057596,0.7411485311616351,0.3333333333333333,0.33349915289673193,0.38923160022010717,0.6,0.38379972471088236,0.2228933907223381,0.4946808510638298,188,5.7,6.2,1.7,5.2,9.4,4.5,1.9,2.0,9.7,1.5,0.0,7.9,0.0,0.27974747474747474,0.42646464646464644,0.2937878787878788,DL,1.3170064774522927,0.0,0.13154761904761905,0.16088838857221213,0.06040366496248849,DL,3.4,7,0.5,0.1,0.0,0.0,0.0
size7_comp0.0_grid8_RotateEnv_low,7,0.0,8,low,RotateEnv,rotate,4,4,8,6,1,1,1,1,10,8,0,0,0.8,0.0,0.0,0.0,32.0,0.221875,0.23076923076923078,0.208,0.0,0.6033877265618957,0.6190476190476191,0.5394539335272642,0.7530311867462779,0.4444444444444444,0.3146942268374803,0.49115513142360895,0.75,0.7080237135446023,0.30762536683589314,0.221875,320,9.8,4.6,1.7,15.9,19.3,5.1,4.1,2.5,24.8,1.5,0.6,20.5,0.0,0.834314695521592,0.0,0.16568530447840793,UR,0.5914930417596775,0.0,0.440625,0.0,0.025,UR,10.1,15,1.0,0.0,0.0,0.0,0.0
size7_comp0.0_grid8_StartGoalSwap_low,7,0.0,8,low,StartGoalSwap,start_goal_swap,4,4,8,6,1,1,1,1,10,3,2,0,0.3,0.2,0.0,0.2,28.9,0.4359861591695502,0.4218181818181818,0.7142857142857143,0.09924812030075188,1.0402138262637537,0.625,0.3597748875311097,1.1576926852935479,0.75,0.4092696897658734,0.45281953111478324,0.0,0.11230087635729069,0.21287918585034277,0.4359861591695502,289,9.8,7.6,4.4,7.1,6.7,6.5,6.8,7.9,18.2,6.7,0.3,4.8,0.1625169214843128,0.660060320114668,0.1313644688644689,0.04605828953655041,UR,0.7873750009558788,0.0,0.128125,0.018656015037593985,0.0,UR,2.2,4,0.2,0.1,0.0,0.0,0.0
size7_comp0.0_grid8_TransposeEnv_low,7,0.0,8,low,TransposeEnv,transpose,4,4,8,6,1,1,1,1,10,9,8,1,0.9,0.8,0.1,0.8,23.2,0.5129310344827587,0.6509433962264151,0.3968253968253968,0.2974979216673497,0.9188645644490903,0.5652173913043478,0.3327303339047015,0.9309837649370769,0.6,0.2555897561767813,0.8961410635341154,0.5,0.4773689171445518,0.25405871547175896,0.5129310344827587,232,12.3,3.1,5.2,2.6,7.4,5.9,4.5,4.4,12.4,3.7,2.8,6.5,0.08520830476712829,0.601354152383564,0.025,0.28843754284930756,UR,1.0884212408791498,0.007333333333333333,0.1391912017251137,0.0,0.0528122402084187,UR,3.0,8,0.1,0.9,0.0,0.0,0.0
size7_comp0.0_grid8_base_low,7,0.0,8,low,base,base,4,4,8,6,1,1,1,1,10,4,3,1,0.4,0.3,0.1,0.3,26.0,0.4846153846153846,0.4772727272727273,0.525,0.13963369963369962,1.227662363575948,0.68,0.39262451571691903,1.2614276409141212,0.7,0.355075908674901,1.0926012542232553,0.6,0.5428189438849914,0.12866581454919046,0.4846153846153846,260,10.6,6.3,6.1,3.0,6.9,4.2,6.8,7.1,14.3,6.2,0.8,3.1,0.07423436041083101,0.35599439775910363,0.1913445378151261,0.3784267040149393,DR,1.0587253276680697,0.0,0.034375,0.04298992673992674,0.0464720695970696,DR,1.9,5,0.3,0.2,0.0,0.0,0.0
size7_comp0.0_grid8_walls0_low,7,0.0,8,low,walls0,reshuffled_walls,4,4,8,6,1,1,1,1,5,2,0,0,0.4,0.0,0.0,0.0,32.0,0.4625,0.49193548387096775,0.3611111111111111,0.0,0.8877107305043261,0.6666666666666666,0.4762288286508265,0.9421783178178492,0.75,0.42984499599464154,0.7320890524656889,0.42857142857142855,0.608754064811355,0.14726302504080283,0.4625,160,12.8,9.4,7.4,2.4,8.0,6.2,6.2,10.6,19.4,9.6,1.2,4.4,0.03666666666666667,0.3014492753623188,0.22999999999999998,0.4318840579710145,DR,0.9885147176539784,0.0,0.0375,0.03125,0.03125,UR,1.8,4,0.4,0.4,0.0,0.0,0.0
size7_comp0.0_grid8_walls1_low,7,0.0,8,low,walls1,reshuffled_walls,4,4,8,6,1,1,1,1,5,5,5,0,1.0,1.0,0.0,1.0,16.4,0.6341463414634146,0.7380952380952381,0.525,0.535997965929316,0.4733813373216856,0.6470588235294118,0.39798493053864403,0.34573623785674307,0.6666666666666666,0.4402905699796278,0.7797295760375478,0.6,0.29645139588028285,0.07593191122602887,0.6341463414634146,82,5.0,2.2,7.8,1.4,6.6,1.8,4.8,2.2,6.4,2.0,1.6,3.6,0.09440476190476191,0.05333333333333333,0.4608333333333333,0.3914285714285714,DL,1.3625966748456566,0.0,0.0,0.15113399440630562,0.06699974574116452,DL,2.6,5,0.6,0.4,0.0,0.0,0.0
size7_comp0.0_grid9_RandomStart_2_5_low,7,0.0,9,low,RandomStart_2_5,random_starts,7,4,11,3,4,1,1,1,5,5,2,0,1.0,0.4,0.0,0.4,30.8,0.474025974025974,0.651685393258427,0.23076923076923078,0.1519047619047619,0.910811895511324,0.6363636363636364,0.30955403924703523,0.9376712073440301,0.7777777777777778,0.2562161087670731,0.7899449922641467,0.0,0.5495747264068646,0.2908327783327783,0.474025974025974,154,5.8,4.8,4.4,15.8,13.8,4.6,6.8,4.6,17.6,4.4,2.0,11.6,0.06340947173472086,0.4457665285004556,0.41154011229679277,0.0792838874680307,UR,1.2995064949825463,0.0,0.08648809523809524,0.07041666666666666,0.0,UR,2.6,4,0.4,0.6,0.0,0.0,0.0
size7_comp0.0_grid9_RandomStart_3_3_low,7,0.0,9,low,RandomStart_3_3,random_starts,4,4,8,4,2,1,1,1,5,5,3,0,1.0,0.6,0.0,0.6,24.8,0.3387096774193548,0.8125,0.17391304347826086,0.24161616161616162,0.6530246181934846,0.4,0.36649073141738553,0.6117414105224553,0.6666666666666666,0.224881211561292,0.7149494297000285,0.0,0.5789050112015258,0.2970712478539803,0.3387096774193548,124,3.0,4.2,0.2,17.4,16.6,1.6,3.8,1.8,17.2,1.8,5.2,15.2,0.0,0.9005128205128206,0.0,0.09948717948717949,UR,0.37092745344017375,0.0,0.256489898989899,0.0,0.0,UR,6.2,13,0.0,1.0,0.0,0.0,0.0
size7_comp0.0_grid9_ReflectEnv_low,7,0.0,9,low,ReflectEnv,reflect,6,4,10,4,3,1,1,1,10,10,3,0,1.0,0.3,0.0,0.3,29.5,0.44745762711864406,0.5213675213675214,0.398876404494382,0.12774725274725274,0.7812982335869408,0.7096774193548387,0.4226337032507467,0.4926677409412674,0.6363636363636364,0.3193806263592725,0.9400450045420612,0.75,0.4794228955410575,0.14979923322887145,0.44745762711864406,295,13.3,5.2,6.7,4.3,12.9,4.8,5.5,5.3,18.8,4.2,0.9,9.0,0.3436612276612277,0.5249410126910127,0.044551282051282046,0.0868464775964776,UR,1.1604217724610428,0.034649725274725277,0.096875,0.0,0.0,UR,2.4,7,0.0,0.4,0.0,0.0,0.0
size7_comp0.0_grid9_RotateEnv_low,7,0.0,9,low,RotateEnv,rotate,6,4,10,4,3,1,1,1,10,10,10,0,1.0,1.0,0.0,1.0,13.2,0.7651515151515151,0.6666666666666666,0.9761904761904762,0.7769012849895203,0.3024842771324227,0.5333333333333333,0.20420096699927187,0.5085335704246324,0.625,0.2596601214112955,0.06699937051275447,0.42857142857142855,0.14081907624267342,0.12685626102292769,0.7651515151515151,132,6.1,0.1,3.0,4.0,7.4,2.4,1.4,1.0,5.7,1.0,1.0,3.0,0.4498809523809523,0.4209920634920635,0.0,0.12912698412698412,UL,1.358664872936059,0.07769012849895203,0.0,0.0,0.0,UL,1.0,1,0.0,0.6,0.0,0.0,0.0
size7_comp0.0_grid9_StartGoalSwap_low,7,0.0,9,low,StartGoalSwap,start_goal_swap,4,6,10,4,3,1,1,1,10,8,0,2,0.8,0.0,0.2,0.0,30.1,0.3687707641196013,0.5815602836879432,0.18125,0.0,0.9054226747941417,0.7391304347826086,0.483574823509311,0.9337360190447227,0.625,0.37443253256440207,0.8407064593642427,1.0,0.7330429170976744,0.21601688825008983,0.3687707641196013,301,18.1,4.6,3.7,3.7,13.2,5.4,3.8,6.7,21.2,5.7,12.8,11.4,0.0,0.7898991556717533,0.023076923076923078,0.18702392125132367,UR,0.6753796506931634,0.0,0.378125,0.004347826086956522,0.03389328063241107,UR,8.4,21,0.1,0.9,0.0,0.0,0.0
size7_comp0.0_grid9_TransposeEnv_low,7,0.0,9,low,TransposeEnv,transpose,6,4,10,4,3,1,1,1,10,0,0,0,0.0,0.0,0.0,0.0,32.0,0.3625,0.3625,0.0,0.0,0.8887296913128009,0.7777777777777778,0.5595971137072608,0.8887296913128009,0.7777777777777778,0.5595971137072608,0.0,0.0,0.0,0.285846189270567,0.3625,320,15.0,7.1,4.5,5.4,8.0,6.1,7.0,9.9,24.0,7.4,0.0,7.8,0.017045454545454548,0.9412878787878789,0.025,0.016666666666666666,UR,0.2584500302948215,0.0,0.2,0.0,0.0,UR,3.8,6,1.0,0.0,0.0,0.0,0.0
size7_comp0.0_grid9_base_low,7,0.0,9,low,base,base,6,4,10,4,3,1,1,1,10,9,5,0,0.9,0.5,0.0,0.5,30.0,0.48,0.6464088397790055,0.226890756302521,0.18176554628167532,1.0175843630972,0.6,0.32063646575027016,1.065002706119757,0.7142857142857143,0.2719531904905533,0.768638062228776,0.0,0.5762236608637838,0.2209799443712487,0.48,300,6.4,6.2,2.8,14.6,11.1,6.4,6.6,4.9,17.4,4.6,2.8,9.8,0.1045860305844826,0.465980995268921,0.27509063433986036,0.15434233980673612,UR,1.362646994231577,0.0,0.11518840702308444,0.01592741935483871,0.0,UR,3.6,8,0.2,0.8,0.0,0.0,0.0
size7_comp0.0_grid9_walls0_low,7,0.0,9,low,walls0,reshuffled_walls,6,4,10,4,3,1,1,1,5,3,1,0,0.6,0.2,0.0,0.2,31.8,0.4716981132075472,0.5619834710743802,0.18421052631578946,0.06451612903225806,0.9190285394444689,0.5652173913043478,0.43012120851313185,0.9564681288124742,0.6842105263157895,0.39716477425796304,0.7411904899464439,0.0,0.5866642712251839,0.22291936051863365,0.4716981132075472,159,7.4,6.8,5.2,12.4,9.6,5.8,8.6,6.8,19.8,6.0,2.4,8.0,0.11400616926932713,0.40799595141700407,0.44027858106805473,0.03771929824561403,DL,1.1987121022472313,0.00625,0.0877016129032258,0.06875,0.0,UR,4.4,11,0.4,0.6,0.0,0.0,0.0
size7_comp0.0_grid9_walls1_low,7,0.0,9,low,walls1,reshuffled_walls,6,4,10,4,3,1,1,1,5,5,4,0,1.0,0.8,0.0,0.8,28.4,0.4225352112676056,0.7777777777777778,0.20454545454545456,0.2921693121693122,0.6255704790750948,0.5555555555555556,0.29453653632681664,0.5905740441362115,0.7142857142857143,0.21106992647774817,0.7480580013611864,0.0,0.5866696707985564,0.2807724583262218,0.4225352112676056,142,4.4,5.0,1.0,18.0,14.2,4.2,6.4,2.6,17.2,2.6,3.0,14.0,0.07799707602339181,0.6497076023391812,0.09904970760233918,0.1732456140350877,UR,1.3249549983324813,0.0,0.12713359788359788,0.0,0.0,UR,3.6,6,0.0,1.0,0.0,0.0,0.0
size7_comp0.2_grid0_RandomStart_2_5_low,7,0.2,0,low,RandomStart_2_5,random_starts,1,8,9,7,1,1,1,1,5,5,4,0,1.0,0.8,0.0,0.8,23.6,0.6101694915254238,0.6,0.6129032258064516,0.36345238095238097,0.5985289224479632,0.5833333333333334,0.36684378417399327,0.3987540552878328,0.5833333333333334,0.42602655988316956,0.7983037896080935,0.5833333333333334,0.3076610084648169,0.1525064192343604,0.6101694915254238,118,7.0,3.4,5.6,7.6,7.0,3.2,8.4,4.0,12.0,3.8,0.6,2.8,0.3871345029239766,0.057777777777777775,0.5340350877192983,0.021052631578947368,DL,1.2235608680111785,0.0,0.0,0.06710978835978836,0.0,DL,1.4,2,0.6,0.6,0.0,0.0,0.0
size7_comp0.2_grid0_RandomStart_4_5_low,7,0.2,0,low,RandomStart_4_5,random_starts,3,8,11,5,3,1,1,1,5,5,5,0,1.0,1.0,0.0,1.0,20.2,0.7128712871287128,0.8947368421052632,0.6707317073170732,0.5635042735042736,0.6035068016654851,0.5416666666666666,0.31159683554415846,0.24598972784105175,0.5714285714285714,0.22026655993185695,0.7507197144167224,0.5294117647058824,0.3492034196198121,0.07636483886483886,0.7128712871287128,101,6.0,2.0,5.8,6.4,6.4,2.8,6.8,3.2,7.2,2.8,1.2,2.4,0.21202686202686208,0.11439255189255189,0.5449023199023199,0.12867826617826617,DL,1.5750558333574596,0.0,0.0,0.09142968142968143,0.0,DL,1.4,2,0.0,1.0,0.0,0.0,0.0
size7_comp0.2_grid0_ReflectEnv_low,7,0.2,0,low,ReflectEnv,reflect,3,8,11,5,3,1,1,1,10,7,1,0,0.7,0.1,0.0,0.1,31.6,0.28164556962025317,0.19911504424778761,0.4888888888888889,0.039285714285714285,0.6181433948942231,0.4444444444444444,0.3353181411648819,0.748551955306127,0.45454545454545453,0.35511939006029947,0.5284875096110393,0.4375,0.32170478254928225,0.23881286602703666,0.28164556962025317,316,8.5,3.8,3.1,16.2,17.6,5.7,5.4,1.9,24.2,1.4,0.6,20.1,0.02002164502164502,0.7191743039569126,0.0,0.26080405102144233,UR,0.6492785098904752,0.0,0.128125,0.0,0.02232142857142857,UR,3.7,12,0.8,0.2,0.0,0.0,0.0
size7_comp0.2_grid0_RotateEnv_low,7,0.2,0,low,RotateEnv,rotate,3,8,11,5,3,1,1,1,10,10,5,0,1.0,0.5,0.0,0.5,27.0,0.3962962962962963,0.5614035087719298,0.352112676056338,0.2646831712348954,0.6389121520030667,0.4375,0.38203340355786847,0.6445402892073532,0.3333333333333333,0.32335816920278626,0.635535269680495,0.5,0.41723854417091777,0.28544184134791345,0.3962962962962963,270,15.5,2.5,5.5,3.5,17.5,5.2,3.0,0.3,15.8,0.0,0.0,15.6,0.12640692640692638,0.4608411593477516,0.1602740970996549,0.252477817145667,UR,1.5518436654967371,0.0,0.10625,0.015625,0.03968710647589958,UR,4.1,15,0.0,0.2,0.0,0.0,0.0
size7_comp0.2_grid0_StartGoalSwap_low,7,0.2,0,low,StartGoalSwap,start_goal_swap,8,3,11,5,3,1,1,1,10,2,2,1,0.2,0.2,0.1,0.2,29.5,0.27796610169491526,0.26480836236933797,0.75,0.07333333333333333,0.8335077466532187,0.47368421052631576,0.44573505332289176,0.9272904491506971,0.5625,0.5098554930422382,0.3333333333333333,0.0,0.10375937481971094,0.18760500910890665,0.27796610169491526,295,13.8,6.2,4.4,5.1,8.7,6.1,7.8,5.9,23.5,3.2,0.1,16.0,0.05277777777777778,0.8916666666666668,0.05555555555555556,0.0,UR,0.3494820486892364,0.0,0.41422348484848487,0.006666666666666666,0.0,UR,5.2,14,1.0,0.0,0.0,0.0,0.0
size7_comp0.2_grid0_TransposeEnv_low,7,0.2,0,low,TransposeEnv,transpose,3,8,11,5,3,1,1,1,10,10,0,0,1.0,0.0,0.0,0.0,32.0,0.45625,0.631578947368421,0.38222222222222224,0.0,1.0020516283410186,0.6296296296296297,0.38968432169922135,0.9413544760007215,0.5384615384615384,0.1886866520471872,1.0584132697998658,0.7142857142857143,0.5763250149475388,0.13846301715866421,0.45625,320,11.2,7.0,4.9,8.9,8.2,7.9,7.4,7.5,21.2,5.3,6.9,7.5,0.19081093538443814,0.7717475441477257,0.0,0.03744152046783626,UR,0.7814055094646668,0.003125,0.2,0.0,0.0,UR,3.5,7,0.0,1.0,0.0,0.0,0.0
size7_comp0.2_grid0_base_low,7,0.2,0,low,base,base,3,8,11,5,3,1,1,1,10,6,2,3,0.6,0.2,0.3,0.2,26.2,0.46564885496183206,0.3785310734463277,0.6470588235294118,0.10238095238095238,0.9905872665600234,0.5357142857142857,0.35062116671181515,1.2593809612060414,0.5,0.4524035574234809,0.7889919955755099,0.5625,0.27428437367806574,0.15764126746269605,0.46564885496183206,262,7.9,5.8,4.3,8.2,5.3,6.1,7.6,6.2,17.0,5.3,0.4,5.1,0.5263781724811135,0.16467564298446652,0.30339062897886426,0.005555555555555555,UL,1.032762458920828,0.0047619047619047615,0.0,0.02180735930735931,0.0,DL,0.6,1,0.7,0.3,0.0,0.0,0.0
size7_comp0.2_grid0_walls0_low,7,0.2,0,low,walls0,reshuffled_walls,3,8,11,5,3,1,1,1,2,2,1,0,1.0,0.5,0.0,0.5,30.5,0.6065573770491803,0.5116279069767442,0.8333333333333334,0.1896551724137931,0.44465489930572055,0.5652173913043478,0.31836696501969064,0.6642100183310417,0.5,0.3952618819617845,0.2757663462093197,0.6153846153846154,0.25921702891038767,0.13250517598343686,0.6065573770491803,61,11.0,7.5,4.5,7.5,8.5,5.5,6.5,9.0,17.0,8.0,0.5,3.5,0.26573426573426573,0.15384615384615385,0.5419580419580419,0.038461538461538464,DL,1.2837163319473617,0.015625,0.0,0.03286637931034483,0.0,DL,1.0,1,0.0,1.0,0.0,0.0,0.0
size7_comp0.2_grid0_walls1_low,7,0.2,0,low,walls1,reshuffled_walls,3,8,11,5,3,1,1,1,5,4,1,0,0.8,0.2,0.0,0.2,31.6,0.5,0.45535714285714285,0.6086956521739131,0.07333333333333333,0.8307649496913891,0.45161290322580644,0.33048352209414245,0.8823406498021195,0.4444444444444444,0.4000796866236398,0.7593524418457626,0.46153846153846156,0.23411960197637688,0.11762767753197587,0.5,158,8.0,8.8,5.8,9.0,7.2,7.4,8.0,8.0,19.2,6.6,2.4,6.0,0.4096703296703296,0.05428571428571429,0.4151648351648352,0.1208791208791209,DL,1.2180567827347581,0.006666666666666666,0.0,0.06375,0.0,DL,1.0,2,0.6,0.4,0.0,0.0,0.0
size7_comp0.2_grid1_RandomStart_1_3_low,7,0.2,1,low,RandomStart_1_3,random_starts,3,4,7,1,3,1,1,1,2,2,1,0,1.0,0.5,0.0,0.5,22.5,0.4666666666666667,0.875,0.3783783783783784,0.2692307692307692,0.6260268174302253,0.5714285714285714,0.4195017173488011,0.3836591668108979,0.4,0.20414416792478166,0.7606755122187405,0.6666666666666666,0.5391448003621453,0.1717687074829932,0.4666666666666667,45,10.0,5.5,2.5,4.5,6.0,4.5,5.0,6.0,13.5,3.5,2.0,6.5,0.75,0.25,0.0,0.0,UL,0.5,0.054086538461538464,0.0,0.0,0.0,UL,1.0,1,0.0,1.0,0.0,0.0,0.0
size7_comp0.2_grid1_RandomStart_5_3_low,7,0.2,1,low,RandomStart_5_3,random_starts,5,4,9,5,3,1,1,1,3,3,0,0,1.0,0.0,0.0,0.0,32.0,0.3020833333333333,0.5,0.21212121212121213,0.0,0.6990266293380343,0.42857142857142855,0.5386719015282093,0.7368015922877176,0.0,0.2654345307056965,0.6780405388104326,0.6666666666666666,0.6904704408740499,0.270609559613319,0.3020833333333333,96,20.333333333333332,4.333333333333333,4.333333333333333,3.0,13.333333333333334,8.0,3.3333333333333335,6.333333333333333,23.0,3.0,3.3333333333333335,16.0,0.2903831485067183,0.7096168514932817,0.0,0.0,UR,0.7892430352176429,0.010416666666666666,0.09375,0.0,0.0,UR,3.0,4,0.0,0.0,0.0,0.0,0.0
size7_comp0.2_grid1_ReflectEnv_low,7,0.2,1,low,ReflectEnv,reflect,3,4,7,3,2,1,1,1,10,10,10,0,1.0,1.0,0.0,1.0,16.9,0.5325443786982249,0.6666666666666666,0.44660194174757284,0.4404891526602053,0.747543470451861,0.46153846153846156,0.3026486178557231,0.709672399450677,0.5,0.37761305298878045,0.7800043884528759,0.42857142857142855,0.23839338774167393,0.1654365904365904,0.5325443786982249,169,3.6,4.5,1.3,7.5,6.2,2.9,3.7,3.1,9.9,2.8,0.3,5.9,0.0,0.9875,0.0,0.0125,UR,0.05435644431995964,0.0,0.07811844588160377,0.0,0.0,UR,1.1,5,0.0,1.0,0.0,0.0,0.0
size7_comp0.2_grid1_RotateEnv_low,7,0.2,1,low,RotateEnv,rotate,3,4,7,3,2,1,1,1,10,6,6,0,0.6,0.6,0.0,0.6,22.7,0.43612334801762115,0.37373737373737376,0.8620689655172413,0.2815782828282828,0.7824500675600157,0.4166666666666667,0.3250897690669818,0.8486154126839087,0.4117647058823529,0.4357190979936654,0.6217628008305608,0.42857142857142855,0.0564185416736071,0.2100249479730612,0.43612334801762115,227,8.6,4.6,4.3,5.2,6.7,5.5,3.8,5.7,14.3,4.5,0.5,6.6,0.014285714285714285,0.3888888888888889,0.5575396825396826,0.039285714285714285,DL,0.31474741309256743,0.003125,0.165625,0.03501984126984127,0.0,UR,4.8,25,0.0,0.6,0.0,0.0,0.0
size7_comp0.2_grid1_StartGoalSwap_low,7,0.2,1,low,StartGoalSwap,start_goal_swap,4,3,7,3,2,1,1,1,10,10,10,0,1.0,1.0,0.0,1.0,12.4,0.6612903225806451,0.7301587301587301,0.5901639344262295,0.6615821678321678,0.7195645343383428,0.46153846153846156,0.24517258248212134,0.6200167647589249,0.5714285714285714,0.31497292220343237,0.8357035988476639,0.3333333333333333,0.16373885280725844,0.1791824841824842,0.6612903225806451,124,3.8,2.5,1.8,4.3,4.0,2.6,3.2,1.6,4.9,1.5,0.1,3.0,0.6161904761904762,0.09,0.29380952380952385,0.0,UL,1.0223640275118493,0.062987012987013,0.0,0.016233766233766232,0.0,UL,0.6,1,0.1,0.8,0.0,0.0,0.0
size7_comp0.2_grid1_TransposeEnv_low,7,0.2,1,low,TransposeEnv,transpose,3,4,7,3,2,1,1,1,10,5,5,5,0.5,0.5,0.5,0.5,12.0,0.5,0.3979591836734694,0.9545454545454546,0.2767764493570945,0.4671451064416753,0.6,0.3251431323435485,0.6642872384103873,0.5,0.4451021560106531,0.24183981276314728,0.7142857142857143,0.18804710529542903,0.1436711947056775,0.5,120,6.1,1.1,1.9,2.9,4.3,2.0,2.3,2.4,6.7,1.9,0.3,3.0,0.7,0.0,0.0,0.0,UL,0.0,0.01925144747725393,0.0,0.0,0.0,UL,0.3,1,0.0,1.0,0.0,0.0,0.0
size7_comp0.2_grid1_base_low,7,0.2,1,low,base,base,3,4,7,3,2,1,1,1,10,10,0,0,1.0,0.0,0.0,0.0,32.0,0.3,0.9375,0.22916666666666666,0.0,0.9043836366637623,0.5,0.5427306382805652,0.41137385143482824,0.5,0.1156848377049477,1.0452435753006006,0.5,0.6647437241593129,0.3328310397192585,0.3,320,17.4,5.3,4.1,5.2,10.8,6.8,5.0,8.4,25.1,4.9,4.3,13.9,0.3439738580992451,0.6560261419007549,0.0,0.0,UR,0.7505766900844818,0.0125,0.028125,0.0,0.0,UR,0.5,3,0.0,0.2,0.0,0.0,0.0
size7_comp0.2_grid1_walls0_low,7,0.2,1,low,walls0,reshuffled_walls,3,4,7,3,3,1,1,1,4,4,1,0,1.0,0.25,0.0,0.25,28.0,0.36607142857142855,0.7222222222222222,0.2978723404255319,0.109375,0.785495647138985,0.38461538461538464,0.457645163460581,0.36096404744368116,0.25,0.25732405440393014,0.9741763581146756,0.4444444444444444,0.5466767674857592,0.34150190894376947,0.36607142857142855,112,14.25,4.25,4.25,5.25,8.25,8.0,4.75,6.0,21.0,4.5,3.25,10.75,0.5993464052287582,0.40065359477124185,0.0,0.0,UL,0.7246735090426133,0.0234375,0.015625,0.0,0.0,UL,0.75,2,0.0,0.5,0.0,0.0,0.0
size7_comp0.2_grid1_walls1_low,7,0.2,1,low,walls1,reshuffled_walls,3,4,7,3,2,1,1,1,5,5,1,0,1.0,0.2,0.0,0.2,28.4,0.4154929577464789,0.7619047619047619,0.35537190082644626,0.1,0.7092259335687562,0.5789473684210527,0.4172874455588032,0.24598972784105175,0.5714285714285714,0.33117378653833446,0.9794470535765839,0.5833333333333334,0.4675204133207433,0.20196336171568371,0.4154929577464789,142,13.0,5.0,5.2,5.2,8.2,7.2,5.0,7.0,19.8,4.8,3.8,8.2,0.5027564102564103,0.4639102564102564,0.03333333333333333,0.0,UL,0.7743227207471277,0.0125,0.08125,0.0,0.0,UR,2.2,4,0.0,0.6,0.0,0.0,0.0
size7_comp0.2_grid2_RandomStart_1_1_low,7,0.2,2,low,RandomStart_1_1,random_starts,7,3,10,8,1,1,1,1,2,1,0,0,0.5,0.0,0.0,0.0,32.0,0.4375,0.5,0.1,0.0,0.6840004331726903,0.5555555555555556,0.3829861652223797,0.7380468413957988,0.625,0.36835943587517717,0.25162916738782287,0.0,0.5,0.18898709315375983,0.4375,64,7.0,7.5,6.0,11.5,9.0,8.5,7.0,6.5,22.0,6.0,4.0,7.5,0.14375,0.3125,0.45,0.09375,DL,0.8992147982571232,0.03125,0.015625,0.015625,0.0,UL,1.0,1,0.0,0.5,0.0,0.0,0.0
size7_comp0.2_grid2_RandomStart_4_5_low,7,0.2,2,low,RandomStart_4_5,random_starts,4,3,7,1,3,1,1,1,5,3,2,0,0.6,0.4,0.0,0.4,26.4,0.42424242424242425,0.48484848484848486,0.24242424242424243,0.15555555555555556,0.9304145859531588,0.5625,0.4547582958813564,0.9400339291815237,0.6923076923076923,0.4397447725234504,0.8887307652969111,0.0,0.5198168970989493,0.27135656682027653,0.42424242424242425,132,8.0,6.0,4.2,8.2,7.4,5.0,5.4,7.6,19.0,6.8,1.8,7.8,0.0,0.19206349206349205,0.16521739130434782,0.6427191166321601,DR,0.6132066844372293,0.0,0.0,0.0625,0.0,DL,1.2,6,0.6,0.2,0.0,0.0,0.0
size7_comp0.2_grid2_ReflectEnv_low,7,0.2,2,low,ReflectEnv,reflect,5,3,8,6,1,1,1,1,10,4,2,0,0.4,0.2,0.0,0.2,30.2,0.2947019867549669,0.28027681660899656,0.6153846153846154,0.07076923076923078,0.7933636089447321,0.25,0.5481150475332977,1.0404571314606554,0.3,0.6031235333792493,0.38154107141819305,0.16666666666666666,0.45643423779004505,0.21545772753094472,0.2947019867549669,302,15.1,3.7,8.2,3.2,12.1,6.8,5.3,5.0,22.1,3.3,0.2,15.8,0.48629551820728284,0.4935364145658264,0.020168067226890758,0.0,UR,0.6700688901492868,0.05572115384615385,0.18725961538461539,0.0,0.0,UR,5.4,30,0.0,0.5,0.0,0.0,0.0
size7_comp0.2_grid2_RotateEnv_low,7,0.2,2,low,RotateEnv,rotate,5,3,8,6,1,1,1,1,10,9,9,0,0.9,0.9,0.0,0.9,19.8,0.5353535353535354,0.4652777777777778,0.7222222222222222,0.4803856655024619,0.9540844547097144,0.2777777777777778,0.2726795743779161,1.0413689562158082,0.25,0.28240642389134446,0.7795154516975268,0.3333333333333333,0.25322587535105945,0.17916157916157913,0.5353535353535354,198,6.6,1.4,6.4,5.4,6.2,3.8,5.9,2.9,10.0,2.3,0.6,6.3,0.37081349206349207,0.31560185185185186,0.3135846560846561,0.0,UL,0.9884301089795129,0.026582299096898653,0.0,0.1400293255131965,0.0,DL,3.4,15,0.0,0.4,0.0,0.0,0.0
size7_comp0.2_grid2_StartGoalSwap_low,7,0.2,2,low,StartGoalSwap,start_goal_swap,3,5,8,6,1,1,1,1,10,4,0,1,0.4,0.0,0.1,0.0,30.4,0.3815789473684211,0.5,0.16037735849056603,0.0,1.0787595954090878,0.55,0.43326473577873126,1.2137323045949777,0.6,0.30970377962373896,0.6738414678514182,0.4,0.803947604243708,0.33947780776728154,0.3815789473684211,304,15.7,5.1,5.5,4.1,10.1,6.3,5.7,7.3,21.0,6.4,0.2,8.9,0.0,0.34016689078608586,0.2393162393162393,0.4205168698976749,DR,0.629872873148603,0.0,0.084375,0.01875,0.034375,UR,2.9,10,0.3,0.4,0.0,0.0,0.0
size7_comp0.2_grid2_TransposeEnv_low,7,0.2,2,low,TransposeEnv,transpose,5,3,8,6,1,1,1,1,10,1,1,0,0.1,0.1,0.0,0.1,31.0,0.3903225806451613,0.3853820598006645,0.5555555555555556,0.03636363636363636,1.1788933416516745,0.47368421052631576,0.3973968551855629,1.3735034635671073,0.6428571428571429,0.47373174389080036,0.6339850002884624,0.0,0.18365916681089792,0.24464320960165836,0.3903225806451613,310,8.6,7.0,5.3,10.1,6.3,7.9,7.9,7.9,22.0,6.6,0.3,7.3,0.004166666666666667,0.8998324033170579,0.06363636363636363,0.032364566379911655,UR,0.24798881414021928,0.0,0.23125,0.013636363636363636,0.0,UR,4.7,10,0.0,0.1,0.0,0.0,0.0
size7_comp0.2_grid2_base_low,7,0.2,2,low,base,base,5,3,8,6,1,1,1,1,10,2,1,0,0.2,0.1,0.0,0.1,30.6,0.37254901960784315,0.3745704467353952,0.3333333333333333,0.04444444444444444,1.2056619235649269,0.5263157894736842,0.3681597119249175,1.3241030283028905,0.625,0.379610615943957,0.5739760316291208,0.0,0.3070882238233735,0.3131706678283719,0.37254901960784315,306,6.1,10.7,7.5,6.3,7.3,7.6,7.2,7.5,22.0,6.0,1.0,8.7,0.04033683707596751,0.07794117647058824,0.7850749276299148,0.09664705882352942,DL,0.42342629226196926,0.0,0.0,0.253125,0.0,DL,3.6,7,0.0,0.1,0.0,0.0,0.0
size7_comp0.2_grid2_walls0_low,7,0.2,2,low,walls0,reshuffled_walls,5,3,8,6,2,1,1,1,3,3,1,0,1.0,0.3333333333333333,0.0,0.3333333333333333,31.0,0.41935483870967744,0.6590909090909091,0.20408163265306123,0.09195402298850575,0.8518807555628396,0.375,0.36207424378932507,0.734795047169729,0.5,0.2756686384620803,1.2031378807421715,0.0,0.6212910597710595,0.21181006493506493,0.41935483870967744,93,8.0,7.0,1.3333333333333333,14.666666666666666,8.666666666666666,7.666666666666667,8.0,5.666666666666667,19.666666666666668,5.333333333333333,6.333333333333333,10.666666666666666,0.07326007326007326,0.5220543345543346,0.2251984126984127,0.1794871794871795,UR,1.0719973840274089,0.0,0.22916666666666666,0.0,0.0,UR,4.666666666666667,8,0.0,0.6666666666666666,0.0,0.0,0.0
size7_comp0.2_grid2_walls1_low,7,0.2,2,low,walls1,reshuffled_walls,5,3,8,6,1,1,1,1,5,5,3,0,1.0,0.6,0.0,0.6,29.6,0.44594594594594594,0.6071428571428571,0.234375,0.1747376311844078,0.9241068455530174,0.47058823529411764,0.3700364884829086,0.9878639493153648,0.6153846153846154,0.3474628249629844,0.7168962583253883,0.0,0.4434008949226624,0.2830988455988456,0.44594594594594594,148,5.8,8.2,1.4,14.2,10.6,5.8,6.2,6.0,17.6,5.4,4.8,10.6,0.04857142857142857,0.41115095430884907,0.3350761519182572,0.20520146520146523,UR,1.411193173454429,0.0,0.0125,0.05387931034482758,0.0,DL,0.8,2,0.0,0.6,0.0,0.0,0.0
size7_comp0.2_grid3_RandomStart_2_4_low,7,0.2,3,low,RandomStart_2_4,random_starts,2,4,6,2,2,1,1,1,5,5,5,0,1.0,1.0,0.0,1.0,16.2,0.5555555555555556,0.6666666666666666,0.49019607843137253,0.4252014652014652,0.8970432077791411,0.5,0.3046476578700672,0.8413209183584511,0.42857142857142855,0.27991589833912384,0.9750544129681072,0.6,0.3392721212133879,0.16289682539682537,0.5555555555555556,81,4.8,3.0,6.2,2.2,3.4,3.2,5.8,2.8,9.2,2.6,1.4,4.2,0.1748168498168498,0.0,0.8251831501831501,0.0,DL,0.5596394391121932,0.0,0.0,0.11855921855921855,0.0,DL,2.0,5,1.0,1.0,0.0,0.0,0.0
size7_comp0.2_grid3_RandomStart_5_2_low,7,0.2,3,low,RandomStart_5_2,random_starts,7,4,11,5,3,1,1,1,2,0,0,0,0.0,0.0,0.0,0.0,32.0,0.34375,0.34375,0.0,0.0,0.9694129152439227,0.6363636363636364,0.6333685781225342,0.9694129152439227,0.6363636363636364,0.6333685781225342,0.0,0.0,0.0,0.3894628099173553,0.34375,64,12.5,5.5,6.5,7.5,9.0,10.0,7.0,5.0,24.0,3.5,0.0,9.5,0.0,0.8928571428571428,0.10714285714285714,0.0,UR,0.37479762862974,0.0,0.34375,0.0,0.0,UR,3.5,4,1.0,0.0,0.0,0.0,0.0
size7_comp0.2_grid3_ReflectEnv_low,7,0.2,3,low,ReflectEnv,reflect,5,4,9,3,3,1,1,1,10,10,10,0,1.0,1.0,0.0,1.0,19.5,0.5384615384615384,0.5,0.5824175824175825,0.4764293848566294,0.6475853431027546,0.5882352941176471,0.27448233782666986,0.4997294307010647,0.6666666666666666,0.25120918532307956,0.8139232445546558,0.5,0.3006646343932089,0.12923822355630946,0.5384615384615384,195,6.1,7.8,1.7,3.9,10.6,4.8,1.8,1.3,9.4,1.0,0.0,7.5,0.0,0.339456376956377,0.2614439726939727,0.39909965034965034,DR,1.0305596973236302,0.0,0.16087857859374885,0.0,0.05293659831740326,UR,2.8,5,0.0,0.2,0.0,0.0,0.0
size7_comp0.2_grid3_RotateEnv_low,7,0.2,3,low,RotateEnv,rotate,5,4,9,3,3,1,1,1,10,9,2,1,0.9,0.2,0.1,0.2,26.9,0.3643122676579926,0.6923076923076923,0.23036649214659685,0.09285714285714286,0.8360737573334995,0.5,0.3773130222667024,0.8505438371885707,0.46153846153846156,0.3274320982901343,0.8216036774784281,0.5384615384615384,0.42719394624327045,0.24652513003943766,0.3643122676579926,269,13.8,5.5,2.3,5.1,14.2,5.8,3.4,2.2,15.9,1.4,0.2,11.7,0.0,0.6808468351294439,0.1,0.21915316487055617,UR,0.6736366382942951,0.0,0.3378968253968254,0.0,0.032192460317460314,UR,8.6,19,0.0,0.0,0.0,0.0,0.0
size7_comp0.2_grid3_StartGoalSwap_low,7,0.2,3,low,StartGoalSwap,start_goal_swap,4,5,9,3,3,1,1,1,10,4,4,2,0.4,0.4,0.2,0.4,24.6,0.4878048780487805,0.4434389140271493,0.88,0.20537474290415467,0.83293626243998,0.5833333333333334,0.3777466228317396,1.0579150634226762,0.5,0.4659066248922196,0.38297866047458745,0.75,0.2014266187107794,0.06968243733493179,0.4878048780487805,246,8.4,7.7,3.1,5.3,6.8,4.4,4.9,7.3,17.0,6.5,0.3,3.7,0.5016554621848739,0.16304761904761905,0.33529691876750706,0.0,UL,0.8219262650095727,0.003125,0.046875,0.02681941587823941,0.0,UR,1.6,5,0.5,0.4,0.0,0.0,0.0
size7_comp0.2_grid3_TransposeEnv_low,7,0.2,3,low,TransposeEnv,transpose,5,4,9,3,3,1,1,1,10,5,4,5,0.5,0.4,0.5,0.4,17.6,0.5113636363636364,0.5849056603773585,0.4,0.1599233193277311,1.141753073320216,0.5652173913043478,0.41823570021295375,1.2093867830752385,0.5882352941176471,0.3767756277211321,0.9501242290143189,0.5,0.5357059056064484,0.10616722141321686,0.5113636363636364,176,8.5,3.3,3.5,2.3,4.7,4.1,3.5,4.3,10.6,3.7,1.8,4.5,0.08360536522301229,0.4753278584160937,0.06923076923076923,0.07183600713012477,UR,0.4987789877546741,0.0,0.08956337535014006,0.013043478260869565,0.0,UR,2.2,7,0.0,0.6,0.0,0.0,0.0
size7_comp0.2_grid3_base_low,7,0.2,3,low,base,base,5,4,9,3,3,1,1,1,10,8,7,0,0.8,0.7,0.0,0.7,22.9,0.5458515283842795,0.5380116959064327,0.5689655172413793,0.3826886180969665,1.0757201903220135,0.52,0.4143936118401503,1.1956990677088604,0.5263157894736842,0.4133200949111777,0.6957870785969985,0.5,0.41779308211522986,0.2295547149639221,0.5458515283842795,229,7.7,5.5,6.7,3.0,6.4,3.6,6.2,5.7,12.2,4.4,0.3,4.7,0.14604728604728606,0.1606719367588933,0.501126654675248,0.1921541225185726,DL,1.0058600266797613,0.0,0.05625,0.055169767090139134,0.003125,UR,1.9,6,0.0,0.7,0.0,0.0,0.0
size7_comp0.2_grid3_walls0_low,7,0.2,3,low,walls0,reshuffled_walls,5,4,9,3,3,1,1,1,3,2,2,0,0.6666666666666666,0.6666666666666666,0.0,0.6666666666666666,24.333333333333332,0.4246575342465753,0.3492063492063492,0.9,0.3379120879120879,0.856269682387327,0.5882352941176471,0.408928733032646,1.0531907305441723,0.5833333333333334,0.49976943737947294,0.3836591668108979,0.6,0.19091104260026134,0.05129233511586454,0.4246575342465753,73,9.666666666666666,5.0,4.333333333333333,5.333333333333333,8.666666666666666,3.6666666666666665,5.333333333333333,5.666666666666667,14.666666666666666,3.3333333333333335,0.0,9.0,0.13333333333333333,0.5333333333333333,0.3,0.03333333333333333,UR,0.7554708128976634,0.0,0.10416666666666667,0.037545787545787544,0.0,UR,2.6666666666666665,6,0.0,0.3333333333333333,0.0,0.0,0.0
size7_comp0.2_grid3_walls1_low,7,0.2,3,low,walls1,reshuffled_walls,5,4,9,3,3,1,1,1,5,0,0,3,0.0,0.0,0.6,0.0,21.2,0.33962264150943394,0.33962264150943394,0.0,0.0,1.3398886650080364,0.8181818181818182,0.5075097726987436,1.3398886650080364,0.8181818181818182,0.5075097726987436,0.0,0.0,0.0,0.3126984126984127,0.33962264150943394,106,8.6,3.4,4.2,5.0,5.4,5.2,4.4,5.2,14.4,3.8,0.0,6.6,0.032467532467532464,0.9675324675324675,0.0,0.0,UR,0.1621458627124778,0.0,0.21722285067873304,0.0,0.0,UR,2.8,6,0.0,0.0,0.0,0.0,0.0
size7_comp0.2_grid4_RandomStart_2_3_low,7,0.2,4,low,RandomStart_2_3,random_starts,3,4,7,3,2,1,1,1,5,5,2,0,1.0,0.4,0.0,0.4,30.6,0.35294117647058826,0.5333333333333333,0.3089430894308943,0.09975,0.9329253860564648,0.6,0.48145761272382065,0.3683379990378441,0.3333333333333333,0.28166431528073893,1.07407223281112,0.6666666666666666,0.531405937084591,0.2576038134552066,0.35294117647058826,153,12.4,6.0,1.8,10.4,11.0,5.8,7.8,5.0,19.8,3.0,0.0,13.0,0.15458675424192664,0.7383021346469623,0.0,0.10711111111111112,UR,0.8573785521327377,0.0,0.21950000000000003,0.0,0.0,UR,4.4,6,0.0,0.0,0.0,0.0,0.0
size7_comp0.2_grid4_RandomStart_5_5_low,7,0.2,4,low,RandomStart_5_5,random_starts,6,4,10,2,4,1,1,1,5,4,0,1,0.8,0.0,0.2,0.0,26.0,0.4307692307692308,0.6923076923076923,0.31868131868131866,0.0,0.8607411487013577,0.7368421052631579,0.46359449541844383,0.6102548563646811,0.75,0.27929184800237206,1.042912997673486,0.7272727272727273,0.5976327844483142,0.1610823387139177,0.4307692307692308,130,11.4,4.8,3.2,6.6,9.6,5.2,4.6,5.6,17.4,4.2,0.4,7.6,0.0,0.6511868131868133,0.0,0.3488131868131868,UR,0.4975482109097647,0.0,0.19375,0.0,0.125,UR,3.2,5,0.2,0.0,0.0,0.0,0.0
size7_comp0.2_grid4_ReflectEnv_low,7,0.2,4,low,ReflectEnv,reflect,5,4,9,3,3,1,1,1,10,10,4,0,1.0,0.4,0.0,0.4,26.6,0.44360902255639095,0.7108433734939759,0.3224043715846995,0.23555900621118014,1.0502686936070396,0.5,0.3426108896837409,0.8812666366299355,0.7,0.22160441060070507,1.2192707505841436,0.3,0.4636173687667767,0.1587739380502538,0.44360902255639095,266,9.5,5.6,3.6,7.9,8.3,5.3,6.6,5.4,15.3,4.1,0.6,8.5,0.28655850279988215,0.49241084585912176,0.18979988211022691,0.03123076923076923,UR,1.1725335621947406,0.02093253968253968,0.1875,0.013722826086956522,0.0,UR,3.3,7,0.0,0.0,0.0,0.0,0.0
size7_comp0.2_grid4_RotateEnv_low,7,0.2,4,low,RotateEnv,rotate,5,4,9,3,3,1,1,1,10,4,4,0,0.4,0.4,0.0,0.4,29.9,0.38461538461538464,0.35555555555555557,0.6551724137931034,0.1376488095238095,0.9225113561582378,0.5,0.387215063384579,1.040063472974701,0.6363636363636364,0.47789662635005287,0.7377866011609385,0.2857142857142857,0.2447154644388343,0.23567788416451937,0.38461538461538464,299,14.9,6.0,4.5,4.5,10.5,5.4,5.0,8.0,22.2,5.8,0.8,11.5,0.34508500271658166,0.6249149972834183,0.03,0.0,UR,0.7406014658296873,0.003125,0.05357142857142857,0.0,0.0,UR,1.5,6,0.7,0.0,0.0,0.0,0.0
size7_comp0.2_grid4_StartGoalSwap_low,7,0.2,4,low,StartGoalSwap,start_goal_swap,4,5,9,3,3,1,1,1,10,10,8,0,1.0,0.8,0.0,0.8,21.6,0.5046296296296297,0.46153846153846156,0.5555555555555556,0.4366837732160313,0.9189567716948794,0.42857142857142855,0.3209982735532771,0.91828419821452,0.35714285714285715,0.39787754872875125,0.919629345175239,0.5,0.24411899837780288,0.12934651501380826,0.5046296296296297,216,8.1,4.1,2.7,6.7,10.0,3.9,4.7,2.0,11.9,1.7,0.5,8.4,0.09733534439416792,0.5692496229260935,0.20008169934640524,0.13333333333333333,UR,0.45459923656308127,0.0,0.07931526284348864,0.04155092592592592,0.0,UR,2.6,6,0.0,0.0,0.0,0.0,0.0
size7_comp0.2_grid4_TransposeEnv_low,7,0.2,4,low,TransposeEnv,transpose,5,4,9,3,3,1,1,1,10,2,2,0,0.2,0.2,0.0,0.2,29.5,0.4033898305084746,0.38345864661654133,0.5862068965517241,0.09538043478260869,0.7364590565835843,0.52,0.4280485136279252,0.9277069093332907,0.42857142857142855,0.44298444549736643,0.4930526985385036,0.6363636363636364,0.4090391457940909,0.13395909761754163,0.4033898305084746,295,12.9,3.5,6.2,6.9,7.7,6.9,6.8,7.1,19.5,5.7,0.0,7.6,0.1986839257233994,0.5145321827295511,0.1125,0.17428389154704943,UR,0.8990820547109681,0.00625,0.109375,0.00625,0.0,UR,2.8,11,0.1,0.0,0.0,0.0,0.0
size7_comp0.2_grid4_base_low,7,0.2,4,low,base,base,5,4,9,3,3,1,1,1,10,10,4,0,1.0,0.4,0.0,0.4,25.0,0.484,0.8095238095238095,0.37433155080213903,0.2838502673796791,0.9821374040518536,0.5833333333333334,0.2800687381938643,0.6739798793861518,0.5454545454545454,0.11248074374371528,1.242886078768986,0.6153846153846154,0.4218739642670673,0.14083945442641094,0.484,250,9.3,5.5,3.6,6.6,8.6,5.2,5.0,5.2,15.4,4.2,0.7,6.9,0.0,0.7526470021206862,0.0,0.2473529978793137,UR,0.466455515083926,0.0,0.10579545454545454,0.0,0.0,UR,2.1,6,0.2,0.0,0.0,0.0,0.0
size7_comp0.2_grid4_walls0_low,7,0.2,4,low,walls0,reshuffled_walls,5,6,11,3,5,1,1,1,3,3,0,0,1.0,0.0,0.0,0.0,32.0,0.4583333333333333,0.75,0.3611111111111111,0.0,0.7706276864451066,0.35,0.47351106753779393,0.37548875021634687,0.3,0.26045776346496613,1.1657666226738663,0.4,0.6865643716106217,0.08880952380952377,0.4583333333333333,96,12.0,8.333333333333334,4.666666666666667,7.0,9.333333333333334,6.0,6.333333333333333,9.333333333333334,21.666666666666668,7.666666666666667,2.6666666666666665,9.0,0.11437908496732026,0.7225723622782446,0.0,0.1630485527544351,UR,0.8689318707014496,0.0,0.25,0.0,0.010416666666666666,UR,3.3333333333333335,5,0.0,0.0,0.0,0.0,0.0
size7_comp0.2_grid4_walls1_low,7,0.2,4,low,walls1,reshuffled_walls,5,6,11,3,5,1,1,1,5,5,0,0,1.0,0.0,0.0,0.0,32.0,0.41875,0.8055555555555556,0.3064516129032258,0.0,0.6129844758341287,0.4071139423354291,0.3529987144882774,0.2509830906046244,0.2757663462093197,0.17535048644772716,0.9749858610636332,0.5384615384615384,0.5306469425288276,0.13135423848947775,0.41875,160,10.6,5.0,6.4,10.0,10.4,6.8,7.4,6.4,21.0,4.4,4.6,11.2,0.13796546702725193,0.7351889605436516,0.019617224880382776,0.10722834754871369,UR,1.0414257488793308,0.0,0.25,0.0,0.0,UR,4.8,8,0.0,0.0,0.0,0.0,0.0
size7_comp0.2_grid5_RandomStart_1_1_low,7,0.2,5,low,RandomStart_1_1,random_starts,2,4,6,6,0,1,1,1,5,5,5,0,1.0,1.0,0.0,1.0,12.2,0.5901639344262295,0.5161290322580645,0.6666666666666666,0.6294871794871795,0.7186060146112964,0.18181818181818182,0.26969648024846316,0.8686155696335361,0.2857142857142857,0.342382207225147,0.4560892933223767,0.0,0.14249645803926628,0.0697968697968698,0.5901639344262295,61,2.0,3.0,0.8,6.4,4.8,2.8,2.4,1.2,5.4,0.8,0.6,3.8,0.9,0.1,0.0,0.0,UL,0.2,0.10491452991452992,0.0,0.0,0.0,UL,1.0,1,1.0,1.0,0.0,0.0,0.0
size7_comp0.2_grid5_RandomStart_1_5_low,7,0.2,5,low,RandomStart_1_5,random_starts,4,4,8,6,2,1,1,1,3,2,2,0,0.6666666666666666,0.6666666666666666,0.0,0.6666666666666666,25.333333333333332,0.4868421052631579,0.4461538461538462,0.7272727272727273,0.2793650793650793,0.7506522781709146,0.25849625007211563,0.2719269372638224,1.0892620312090797,0.430827083453526,0.387242295105811,0.24273764861366715,0.0,0.09895390050083958,0.30355072463768124,0.4868421052631579,76,8.0,5.333333333333333,5.666666666666667,6.333333333333333,5.666666666666667,5.333333333333333,6.333333333333333,7.0,17.666666666666668,6.333333333333333,0.0,7.0,0.3022222222222222,0.0,0.6977777777777777,0.0,DL,0.6275053726747556,0.0,0.0,0.12033730158730159,0.0,DL,1.3333333333333333,2,0.6666666666666666,0.3333333333333333,0.0,0.0,0.0
size7_comp0.2_grid5_ReflectEnv_low,7,0.2,5,low,ReflectEnv,reflect,3,4,7,3,2,1,1,1,10,10,2,0,1.0,0.2,0.0,0.2,28.7,0.31010452961672474,0.7954545454545454,0.2222222222222222,0.09273504273504274,0.8968890643497344,0.26666666666666666,0.36202086438809794,0.6231572052718166,0.2,0.1674429090495408,1.0337549938886932,0.3,0.45930984205737657,0.204403916307131,0.31010452961672474,287,17.4,2.7,5.3,3.3,13.0,5.0,5.6,4.1,21.7,2.4,1.5,14.9,0.18055555555555555,0.8069444444444445,0.0125,0.0,UR,0.34769343175313827,0.008680555555555556,0.00625,0.0,0.0,UL,0.4,2,0.0,0.7,0.0,0.0,0.0
size7_comp0.2_grid5_RotateEnv_low,7,0.2,5,low,RotateEnv,rotate,3,4,7,3,2,1,1,1,10,3,2,2,0.3,0.2,0.2,0.2,25.2,0.3412698412698413,0.3194444444444444,0.4722222222222222,0.06133333333333333,0.9988231557036884,0.3684210526315789,0.4016075267796893,1.516594444865427,0.4444444444444444,0.4385039666912597,0.5328289954581236,0.3,0.36840073085927594,0.2515388736360292,0.3412698412698413,252,9.1,3.7,5.0,7.2,6.6,5.7,5.3,6.4,18.2,5.1,0.7,8.5,0.11000000000000001,0.7933333333333333,0.09666666666666665,0.0,UR,0.19565783291394764,0.008761904761904762,0.27414772727272724,0.0047619047619047615,0.0,UR,5.8,12,0.0,0.1,0.0,0.0,0.0
size7_comp0.2_grid5_StartGoalSwap_low,7,0.2,5,low,StartGoalSwap,start_goal_swap,4,3,7,3,2,1,1,1,10,4,1,0,0.4,0.1,0.0,0.1,29.9,0.22742474916387959,0.2099644128113879,0.5,0.06363636363636363,0.9398019555412608,0.21428571428571427,0.4997381162012986,1.0878720526928194,0.2222222222222222,0.537509503420279,0.6732757806684553,0.2,0.43174961920713406,0.49244759771145685,0.22742474916387959,299,20.1,1.9,4.8,3.1,15.4,5.9,4.4,3.2,23.6,1.8,0.2,19.1,0.13681318681318683,0.8584249084249084,0.0,0.0047619047619047615,UR,0.19209475739041743,0.0,0.40625,0.0,0.0,UR,8.2,15,0.0,0.1,0.0,0.0,0.0
size7_comp0.2_grid5_TransposeEnv_low,7,0.2,5,low,TransposeEnv,transpose,3,4,7,3,2,1,1,1,10,9,2,0,0.9,0.2,0.0,0.2,30.9,0.39158576051779936,0.38926174496644295,0.39375,0.053304597701149425,1.052412227675549,0.3793103448275862,0.40557937312282033,0.947968076062106,0.16666666666666666,0.3603597460570167,1.126137511167391,0.5294117647058824,0.4374991098751523,0.19885794963728132,0.39158576051779936,309,10.8,6.4,5.8,7.9,10.4,7.7,5.8,6.0,20.1,5.0,2.5,10.0,0.30177315116943604,0.4833413507716914,0.02857142857142857,0.18631406948744408,UR,1.025802413544992,0.003125,0.09127155172413794,0.0,0.0,UR,3.0,17,0.0,0.3,0.0,0.0,0.0
size7_comp0.2_grid5_base_low,7,0.2,5,low,base,base,3,4,7,3,2,1,1,1,10,9,6,0,0.9,0.6,0.0,0.6,23.1,0.4458874458874459,0.4305555555555556,0.47126436781609193,0.30525884606716247,0.7611373114684287,0.3548387096774194,0.41851182343900944,1.1348076062572316,0.16666666666666666,0.3581259712361735,0.5251350200228689,0.47368421052631576,0.4566502564092216,0.154857910906298,0.4458874458874459,231,7.9,4.5,4.1,6.6,9.1,4.3,4.4,4.3,14.9,3.8,0.5,7.8,0.4545266955266955,0.16872727272727273,0.3150396825396825,0.06170634920634921,UL,0.7336793521633378,0.0,0.07426470588235294,0.016458333333333332,0.0,UR,1.7,12,0.0,0.4,0.0,0.0,0.0
size7_comp0.2_grid5_walls0_low,7,0.2,5,low,walls0,reshuffled_walls,3,4,7,3,2,1,1,1,2,2,2,0,1.0,1.0,0.0,1.0,19.5,0.5641025641025641,0.52,0.6428571428571429,0.4212962962962963,0.4924383056793274,0.2,0.23711583483539944,0.6175582777368589,0.2,0.2819715604493015,0.36731833362179583,0.2,0.19226010922149744,0.23000000000000004,0.5641025641025641,39,4.0,3.0,5.5,7.0,5.5,3.0,6.0,4.0,13.5,4.0,3.0,4.5,1.0,0.0,0.0,0.0,UL,0.0,0.0,0.0,0.0,0.0,,0.0,0,0.0,1.0,0.0,0.0,0.0
size7_comp0.2_grid5_walls1_low,7,0.2,5,low,walls1,reshuffled_walls,3,4,7,3,2,1,1,1,4,4,4,0,1.0,1.0,0.0,1.0,9.75,0.7948717948717948,0.8235294117647058,0.7727272727272727,0.7638888888888888,0.5177625923783126,0.46153846153846156,0.16913816536534224,0.603759374819711,0.5,0.21821276176394902,0.4440510645713997,0.42857142857142855,0.1270742255951079,0.2042124542124542,0.7948717948717948,39,2.5,1.25,1.5,4.5,4.25,1.75,1.25,1.5,3.25,1.0,0.5,1.25,0.5857142857142856,0.41428571428571426,0.0,0.0,UL,0.32840021836742245,0.0,0.0,0.0,0.0,,0.0,0,0.0,0.5,0.0,0.0,0.0
size7_comp0.2_grid6_RandomStart_1_3_low,7,0.2,6,low,RandomStart_1_3,random_starts,5,3,8,6,1,1,1,1,3,3,3,0,1.0,1.0,0.0,1.0,11.333333333333334,0.8529411764705882,0.9411764705882353,0.7647058823529411,0.746031746031746,0.4323934896284056,0.5,0.1580794766054971,0.2857142857142857,0.42857142857142855,0.11589687492273326,0.5464773148949433,0.5555555555555556,0.19088816680320228,0.10416666666666666,0.8529411764705882,34,2.3333333333333335,2.3333333333333335,1.3333333333333333,5.333333333333333,3.0,3.0,3.0,1.3333333333333333,2.6666666666666665,1.3333333333333333,0.3333333333333333,0.0,0.0,0.0,0.6555555555555556,0.3444444444444444,DL,0.8800746429806173,0.0,0.0,0.0,0.0,,0.0,0,0.0,0.0,0.0,0.0,0.0
size7_comp0.2_grid6_RandomStart_5_1_low,7,0.2,6,low,RandomStart_5_1,random_starts,5,3,8,2,3,1,1,1,2,0,0,2,0.0,0.0,1.0,0.0,18.5,0.3783783783783784,0.3783783783783784,0.0,0.0,1.186714180901163,0.25,0.5489954936020348,1.186714180901163,0.25,0.5489954936020348,0.0,0.0,0.0,0.31746031746031744,0.3783783783783784,37,3.5,5.0,3.0,7.0,4.0,3.0,4.5,6.0,15.5,4.5,0.0,6.5,0.0,1.0,0.0,0.0,UR,0.0,0.0,0.5403225806451613,0.0,0.0,UR,4.5,7,1.0,0.0,0.0,0.0,0.0
size7_comp0.2_grid6_ReflectEnv_low,7,0.2,6,low,ReflectEnv,reflect,5,3,8,4,2,1,1,1,10,2,2,0,0.2,0.2,0.0,0.2,31.5,0.29523809523809524,0.28431372549019607,0.6666666666666666,0.054252873563218396,1.0072557684060315,0.5625,0.47720104885099274,1.165010900003218,0.5384615384615384,0.5089880715918661,0.3236501981515562,0.6666666666666666,0.33945728364054134,0.25133928571428565,0.29523809523809524,315,12.3,6.3,3.9,9.0,8.9,7.2,8.2,6.2,24.6,4.1,0.0,13.6,0.0,0.881925925925926,0.04666666666666667,0.0714074074074074,UR,0.2683435797751632,0.0,0.34562499999999996,0.0,0.0,UR,6.3,14,0.9,0.0,0.0,0.0,0.0
size7_comp0.2_grid6_RotateEnv_low,7,0.2,6,low,RotateEnv,rotate,5,3,8,4,2,1,1,1,10,3,0,0,0.3,0.0,0.0,0.0,32.0,0.3875,0.39473684210526316,0.25,0.0,1.1136659176314418,0.47058823529411764,0.4467330340266433,1.1664275950029273,0.5,0.3953697543373207,0.8674447565645105,0.3333333333333333,0.6864283392434825,0.20366753870403068,0.3875,320,9.9,11.0,4.5,6.6,6.3,6.6,7.5,10.6,24.1,8.2,0.0,8.5,0.0,0.08497826086956521,0.8111847826086956,0.10383695652173915,DL,0.5101577567509825,0.0,0.034375,0.10625,0.0,DL,2.6,4,0.9,0.1,0.0,0.0,0.0
size7_comp0.2_grid6_StartGoalSwap_low,7,0.2,6,low,StartGoalSwap,start_goal_swap,3,5,8,4,2,1,1,1,10,9,7,0,0.9,0.7,0.0,0.7,25.9,0.3783783783783784,0.3464566929133858,0.4090909090909091,0.26210727893203717,0.6437409921126935,0.37037037037037035,0.3173472373367987,0.6062008033047624,0.38461538461538464,0.2521884118340256,0.6785997388629151,0.35714285714285715,0.3778518610179451,0.15397373083963847,0.3783783783783784,259,11.9,4.0,3.6,6.3,11.4,5.3,5.9,2.1,16.8,1.8,0.8,12.8,0.13666666666666666,0.4218223589276221,0.015,0.42651097440571134,DR,0.7886046826437234,0.0069711538461538465,0.12747194950911642,0.0,0.003125,UR,3.1,7,0.0,0.5,0.0,0.0,0.0
size7_comp0.2_grid6_TransposeEnv_low,7,0.2,6,low,TransposeEnv,transpose,5,3,8,4,2,1,1,1,10,8,3,2,0.8,0.3,0.2,0.3,22.4,0.42857142857142855,0.631578947368421,0.32432432432432434,0.143030303030303,0.9907090101013158,0.5,0.32246073596177205,0.6978916248033092,0.4444444444444444,0.23017627101872667,1.2302868707996848,0.5454545454545454,0.39796620727880916,0.2318330938697318,0.42857142857142855,224,5.5,5.8,1.6,9.5,9.0,4.1,5.1,3.2,14.1,2.4,1.5,8.0,0.3704181822076559,0.35860421352526617,0.0,0.27097760426707795,UL,0.6931723382528687,0.0,0.1375,0.0,0.0,UR,4.1,21,0.3,0.2,0.0,0.0,0.0
size7_comp0.2_grid6_base_low,7,0.2,6,low,base,base,5,3,8,4,2,1,1,1,10,7,7,3,0.7,0.7,0.3,0.7,12.7,0.6692913385826772,0.6455696202531646,0.7083333333333334,0.39416727063785884,0.7262855389554512,0.4444444444444444,0.38007784098976066,0.7414070339540855,0.3,0.3435780251563837,0.7073836702071583,0.625,0.4257026107814819,0.18233891199577473,0.6692913385826772,127,2.3,4.5,1.1,4.8,3.7,2.2,4.0,1.8,5.2,1.6,0.9,1.9,0.40166666666666667,0.0,0.09944444444444445,0.498888888888889,DR,0.8435125239671404,0.0,0.0,0.004545454545454545,0.0,DL,0.1,1,0.2,0.7,0.0,0.0,0.0
size7_comp0.2_grid6_walls0_low,7,0.2,6,low,walls0,reshuffled_walls,5,3,8,4,3,1,1,1,5,4,2,1,0.8,0.4,0.2,0.4,27.4,0.5109489051094891,0.5961538461538461,0.4588235294117647,0.1211781206171108,0.7920115408035439,0.5251629167387822,0.37462486802739164,0.7000909775523998,0.5056641667147438,0.3442090525346252,0.8839321040546878,0.5446616667628208,0.40504068352015804,0.1315921115921116,0.5109489051094891,137,5.4,7.0,6.2,8.8,7.2,6.4,7.0,5.8,17.8,5.4,1.2,4.6,0.05771744595274007,0.2811965811965812,0.36063348416289587,0.30045248868778285,DL,1.0287884535230145,0.0,0.11578947368421053,0.025,0.0,UR,1.4,5,0.0,0.4,0.0,0.0,0.0
size7_comp0.2_grid6_walls1_low,7,0.2,6,low,walls1,reshuffled_walls,5,3,8,4,3,1,1,1,5,4,4,1,0.8,0.8,0.2,0.8,14.6,0.6712328767123288,0.8620689655172413,0.5454545454545454,0.4390572390572391,0.6950580978165766,0.4792481250360578,0.26458711983001665,0.5229573958513623,0.5584962500721156,0.1520871914828712,0.8671587997817909,0.4,0.3770870481771621,0.11392857142857145,0.6712328767123288,73,3.2,4.0,2.2,5.2,4.2,3.4,3.4,2.6,6.2,2.2,1.4,1.8,0.25297619047619047,0.14583333333333331,0.33630952380952384,0.2648809523809524,DL,1.3106615542497662,0.0,0.0,0.029629629629629627,0.0,DL,0.6,3,0.2,0.4,0.0,0.0,0.0
size7_comp0.2_grid7_RandomStart_2_3_low,7,0.2,7,low,RandomStart_2_3,random_starts,5,4,9,3,3,1,1,1,5,0,0,0,0.0,0.0,0.0,0.0,32.0,0.0875,0.0875,0.0,0.0,0.41881562645678033,0.4,0.6548378755031219,0.41881562645678033,0.4,0.6548378755031219,0.0,0.0,0.0,0.3069119286510591,0.0875,160,26.4,1.8,1.2,2.6,21.8,3.8,1.6,3.8,28.6,2.8,0.0,25.2,0.9856410256410257,0.0,0.014358974358974357,0.0,UL,0.0892071364275547,0.0,0.0,0.0,0.0,,0.0,0,0.0,0.0,0.0,0.0,0.0
size7_comp0.2_grid7_ReflectEnv_low,7,0.2,7,low,ReflectEnv,reflect,6,4,10,4,3,1,1,1,10,4,0,0,0.4,0.0,0.0,0.0,32.0,0.165625,0.184,0.1,0.0,0.821042658022619,0.09090909090909091,0.465063993521615,0.8081391590023063,0.1111111111111111,0.3748182846431103,0.8791084036140263,0.0,0.871169683474886,0.3487878063965021,0.165625,320,17.7,2.8,6.3,5.2,14.5,6.1,6.1,4.3,26.3,2.5,6.6,22.9,0.2555555555555556,0.7444444444444445,0.0,0.0,UR,0.24349322496129472,0.0,0.2875,0.0,0.0,UR,6.8,18,0.0,0.0,0.0,0.0,0.0
size7_comp0.2_grid7_RotateEnv_low,7,0.2,7,low,RotateEnv,rotate,6,4,10,4,3,1,1,1,10,1,1,1,0.1,0.1,0.1,0.1,29.6,0.30067567567567566,0.2982456140350877,0.36363636363636365,0.03125,0.9004788200799703,0.2777777777777778,0.4422434247093603,1.081952902641452,0.35714285714285715,0.5173903184342704,0.26531953111478324,0.0,0.1792292966721748,0.21248909118129272,0.30067567567567566,296,13.2,3.3,9.0,4.0,10.0,7.2,5.3,5.9,22.2,4.8,0.8,14.0,0.3019117647058823,0.058333333333333334,0.5397549019607844,0.0,DL,0.5195575235347246,0.00625,0.0125,0.13125,0.0,DL,4.8,27,0.0,0.0,0.0,0.0,0.0
size7_comp0.2_grid7_StartGoalSwap_low,7,0.2,7,low,StartGoalSwap,start_goal_swap,4,6,10,4,3,1,1,1,10,5,0,4,0.5,0.0,0.4,0.0,23.6,0.23728813559322035,0.36036036036036034,0.128,0.0,0.8366008822611215,0.23529411764705882,0.5432014992826917,0.8125809320106342,0.25,0.5053608280995128,0.894248762862291,0.2,0.6340191101223212,0.332402809608692,0.23728813559322035,236,14.9,2.3,4.3,2.1,10.9,4.1,4.4,3.2,18.1,1.9,8.8,13.8,0.32296296296296295,0.45467320261437916,0.05,0.17236383442265796,UR,0.5409743231778543,0.01875,0.0125,0.0,0.0,UL,0.8,4,0.0,0.0,0.0,0.0,0.0
size7_comp0.2_grid7_TransposeEnv_low,7,0.2,7,low,TransposeEnv,transpose,6,4,10,4,3,1,1,1,10,1,0,0,0.1,0.0,0.0,0.0,32.0,0.40625,0.40384615384615385,0.5,0.0,0.9350317190497869,0.3684210526315789,0.3561919610323261,1.1319504877065332,0.42857142857142855,0.3472094202031792,0.3836591668108979,0.2,0.3813430753539375,0.2772560207055929,0.40625,320,12.5,8.4,5.5,5.6,5.8,6.3,9.0,9.9,24.1,7.2,0.1,6.6,0.3865837671100829,0.5467495662232504,0.06666666666666667,0.0,UR,0.7135009610200252,0.0125,0.034375,0.009375,0.0,UR,1.7,6,0.0,0.0,0.0,0.0,0.0
size7_comp0.2_grid7_base_low,7,0.2,7,low,base,base,6,4,10,4,3,1,1,1,10,0,0,0,0.0,0.0,0.0,0.0,32.0,0.184375,0.184375,0.0,0.0,1.0989557570759914,0.4444444444444444,0.5277789823764198,1.0989557570759914,0.4444444444444444,0.5277789823764198,0.0,0.0,0.0,0.293681899862633,0.184375,320,21.2,3.4,3.4,4.0,16.5,5.2,4.1,5.2,27.0,3.7,0.0,20.3,0.9158119658119658,0.0,0.0841880341880342,0.0,UL,0.25901799615372545,0.015625,0.0,0.0125,0.0,UL,0.5,2,0.0,0.0,0.0,0.0,0.0
size7_comp0.2_grid7_walls0_low,7,0.2,7,low,walls0,reshuffled_walls,4,4,8,6,1,1,1,1,4,4,1,0,1.0,0.25,0.0,0.25,27.75,0.38738738738738737,0.8947368421052632,0.2826086956521739,0.13333333333333333,0.6519200475996766,0.4666666666666667,0.3101945061262036,0.41857573786840624,0.4,0.1141001710588172,0.7685922024653118,0.5,0.4082416736598968,0.08893427327389591,0.38738738738738737,111,14.5,5.0,1.25,7.0,11.75,5.5,5.75,3.75,17.25,2.25,0.0,12.75,0.266529304029304,0.6918040293040293,0.0,0.041666666666666664,UR,0.7295340479972595,0.03229166666666666,0.4140625,0.0,0.0,UR,9.0,20,0.0,0.0,0.0,0.0,0.0
size7_comp0.2_grid7_walls1_low,7,0.2,7,low,walls1,reshuffled_walls,4,4,8,4,2,1,1,1,2,2,2,0,1.0,1.0,0.0,1.0,14.5,0.7241379310344828,1.0,0.6190476190476191,0.6904761904761905,0.47745586312091753,0.4166666666666667,0.20154105925712226,0.2,0.6,0.12451124978365313,0.6756386224930014,0.2857142857142857,0.25656235173817166,0.1138888888888889,0.7241379310344828,29,3.0,4.5,1.5,5.5,2.5,5.0,3.0,3.0,5.5,2.5,1.5,1.5,0.5714285714285714,0.42857142857142855,0.0,0.0,UL,0.29583638929116374,0.0,0.0,0.0,0.0,,0.0,0,0.0,0.0,0.0,0.0,0.0
size7_comp0.2_grid8_RandomStart_2_1_low,7,0.2,8,low,RandomStart_2_1,random_starts,3,5,8,6,2,1,1,1,4,3,2,0,0.75,0.5,0.0,0.5,30.25,0.39669421487603307,0.32673267326732675,0.75,0.14250000000000002,0.6500327536970644,0.38095238095238093,0.3139690523457258,0.8424863120554664,0.4166666666666667,0.42288590112598107,0.393428009219195,0.3333333333333333,0.1687465873053855,0.16403748368034082,0.39669421487603307,121,12.5,4.75,4.5,8.5,13.25,6.0,4.5,5.5,20.5,4.0,0.5,11.25,0.3604895104895105,0.6167832167832168,0.0,0.022727272727272728,UR,0.8250488712107547,0.03125,0.125,0.0,0.0,UR,2.75,10,0.25,0.0,0.0,0.0,0.0
size7_comp0.2_grid8_RandomStart_4_5_low,7,0.2,8,low,RandomStart_4_5,random_starts,5,5,10,2,4,1,1,1,5,2,2,0,0.4,0.4,0.0,0.4,24.2,0.47107438016528924,0.42342342342342343,1.0,0.3333333333333333,0.6740434926517944,0.42857142857142855,0.3393357205414345,0.8769942230458454,0.4666666666666667,0.4543181337940661,0.16666666666666666,0.3333333333333333,0.05187968740985547,0.22080498866213152,0.47107438016528924,121,11.4,3.4,5.0,4.4,8.6,5.8,3.6,5.2,15.6,4.0,0.4,7.2,0.10793650793650793,0.4016563146997929,0.0,0.4904071773636991,DR,0.6198877476258631,0.00625,0.0375,0.0,0.0,UR,1.4,6,0.4,0.0,0.0,0.0,0.0
size7_comp0.2_grid8_ReflectEnv_low,7,0.2,8,low,ReflectEnv,reflect,4,5,9,5,2,1,1,1,10,10,2,0,1.0,0.2,0.0,0.2,30.4,0.3256578947368421,0.4787234042553192,0.2571428571428571,0.084375,0.8405255680615701,0.3333333333333333,0.40223435578000943,0.9472307872866638,0.125,0.2197284968370478,0.787172958449023,0.4375,0.4934872852514903,0.3148963495264225,0.3256578947368421,304,14.3,5.0,3.9,7.2,14.0,5.5,5.3,4.6,22.1,3.0,0.6,15.0,0.16276455026455025,0.8192460317460316,0.01798941798941799,0.0,UR,0.272575656304232,0.00625,0.2875,0.0,0.0,UR,6.1,14,0.0,0.0,0.0,0.0,0.0
size7_comp0.2_grid8_RotateEnv_low,7,0.2,8,low,RotateEnv,rotate,4,5,9,5,2,1,1,1,10,9,9,1,0.9,0.9,0.1,0.9,18.3,0.6229508196721312,0.5288461538461539,0.7468354430379747,0.4976191950464396,0.8747115731154871,0.4583333333333333,0.2780396570995508,1.1492677797781117,0.38461538461538464,0.32242526571386276,0.5502360561505673,0.5454545454545454,0.22558393782809116,0.13891413257222082,0.6229508196721312,183,5.0,4.3,2.6,6.3,5.4,4.2,4.6,2.9,8.2,2.3,0.4,3.4,0.3080952380952381,0.3086580086580087,0.3832467532467533,0.0,DL,0.6467785915845481,0.0,0.024,0.08769969040247677,0.0,DL,1.7,5,0.0,0.0,0.0,0.0,0.0
size7_comp0.2_grid8_StartGoalSwap_low,7,0.2,8,low,StartGoalSwap,start_goal_swap,5,4,9,5,2,1,1,1,10,4,4,6,0.4,0.4,0.6,0.4,12.1,0.5289256198347108,0.4948453608247423,0.6666666666666666,0.2835164835164835,0.901120739206164,0.4666666666666667,0.3130935914475133,1.096151197369565,0.5454545454545454,0.3569070754751202,0.3647869792568112,0.25,0.1926065103715944,0.15015669515669516,0.5289256198347108,121,5.8,0.5,3.7,2.1,4.5,2.4,3.0,1.2,4.8,0.8,0.0,3.5,0.27563492063492057,0.5527976190476191,0.0,0.1715674603174603,UR,0.7196323018994091,0.0315018315018315,0.113298139768728,0.0,0.0,UR,1.9,5,0.0,0.0,0.0,0.0,0.0
size7_comp0.2_grid8_TransposeEnv_low,7,0.2,8,low,TransposeEnv,transpose,4,5,9,5,2,1,1,1,10,9,6,0,0.9,0.6,0.0,0.6,25.2,0.4523809523809524,0.4649122807017544,0.4420289855072464,0.2889214281030138,0.9409498610838957,0.38095238095238093,0.30681701563928876,0.9405257371018523,0.3333333333333333,0.2987456030924526,0.941267954070428,0.4166666666666667,0.3128705750494159,0.1761422848709376,0.4523809523809524,252,6.3,5.9,3.2,9.8,9.3,4.6,6.0,4.3,15.2,3.1,0.3,9.6,0.3098953823953824,0.36572871572871574,0.19214285714285712,0.13223304473304476,UR,1.0381135425273293,0.03400455481337834,0.12018790849673203,0.034239130434782605,0.009586056644880174,UR,3.4,9,0.0,0.0,0.0,0.0,0.0
size7_comp0.2_grid8_base_low,7,0.2,8,low,base,base,4,5,9,5,2,1,1,1,10,5,3,0,0.5,0.3,0.0,0.3,26.2,0.41603053435114506,0.38009049773755654,0.6097560975609756,0.22125,0.9844766605639049,0.4166666666666667,0.32431522498757753,1.3127242264377956,0.38461538461538464,0.3790628673314569,0.5965477190765797,0.45454545454545453,0.25961346585390194,0.27237621009942437,0.41603053435114506,262,9.1,5.7,5.0,6.4,7.7,5.1,5.5,6.9,17.8,4.6,0.2,8.7,0.3043886157701947,0.5492011278195489,0.06923076923076923,0.07717948717948717,UR,0.5457607480534037,0.027708333333333335,0.021875,0.00625,0.0,UL,0.9,4,0.0,0.0,0.0,0.0,0.0
size7_comp0.2_grid8_walls0_low,7,0.2,8,low,walls0,reshuffled_walls,4,5,9,5,2,1,1,1,3,2,1,0,0.6666666666666666,0.3333333333333333,0.0,0.3333333333333333,28.333333333333332,0.4235294117647059,0.45098039215686275,0.38235294117647056,0.14285714285714285,1.0526625427729577,0.35294117647058826,0.39912900258218365,1.2980032989808294,0.625,0.37714045422571535,0.8345818705881827,0.1111111111111111,0.41867437889904435,0.12866479925303453,0.4235294117647059,85,7.333333333333333,7.666666666666667,6.0,7.333333333333333,6.333333333333333,9.0,6.0,6.0,20.333333333333332,4.666666666666667,0.3333333333333333,9.333333333333334,0.40740740740740744,0.3333333333333333,0.0,0.25925925925925924,UL,0.2547348355028734,0.0,0.07291666666666667,0.0,0.010416666666666666,UR,1.3333333333333333,3,0.0,0.0,0.0,0.0,0.0
size7_comp0.2_grid8_walls1_low,7,0.2,8,low,walls1,reshuffled_walls,4,5,9,5,2,1,1,1,3,1,1,0,0.3333333333333333,0.3333333333333333,0.0,0.3333333333333333,26.666666666666668,0.425,0.3918918918918919,0.8333333333333334,0.1875,0.6260253347119094,0.42857142857142855,0.3606712182799922,0.8627060762185257,0.4444444444444444,0.4572847425047213,0.2,0.4,0.1867668746754797,0.18832046332046332,0.425,80,11.0,6.0,4.333333333333333,5.333333333333333,7.0,5.0,5.333333333333333,8.333333333333334,18.666666666666668,6.333333333333333,0.3333333333333333,7.333333333333333,0.5511904761904761,0.3238095238095238,0.08333333333333333,0.041666666666666664,UL,1.084991223728106,0.020833333333333332,0.0,0.0,0.0,UL,0.3333333333333333,1,0.0,0.0,0.0,0.0,0.0
size7_comp0.2_grid9_RandomStart_3_5_low,7,0.2,9,low,RandomStart_3_5,random_starts,2,3,5,1,2,1,1,1,5,2,1,3,0.4,0.2,0.6,0.2,8.4,0.4523809523809524,0.5555555555555556,0.42424242424242425,0.14285714285714285,0.8116753826956765,0.5714285714285714,0.5218495574303981,0.9591479170272448,0.5,0.3454372523105548,0.7870966269737485,0.5833333333333334,0.5512516082837053,0.19285714285714287,0.4523809523809524,42,3.2,1.6,2.0,1.6,1.8,1.8,1.8,2.0,4.8,1.6,0.2,1.2,0.0,0.18888888888888888,0.1,0.11111111111111112,UR,0.26190868583006505,0.0,0.025,0.0,0.0,UR,0.8,4,0.0,0.0,0.0,0.0,0.0
size7_comp0.2_grid9_RandomStart_4_2_low,7,0.2,9,low,RandomStart_4_2,random_starts,2,3,5,5,0,1,1,1,5,5,3,0,1.0,0.6,0.0,0.6,21.8,0.46788990825688076,0.5178571428571429,0.41509433962264153,0.22361111111111112,0.8994549803099108,0.631578947368421,0.3736368812659536,1.3025745469855217,0.42857142857142855,0.2939073484578662,0.6643018997491376,0.75,0.4201457754040046,0.22669508853719378,0.46788990825688076,109,6.0,6.2,4.0,5.6,5.0,7.0,4.4,4.4,14.0,3.8,0.6,4.6,0.0,0.7895482295482296,0.0,0.2104517704517704,UR,0.6372203560176487,0.0,0.1875,0.0,0.0,UR,2.8,6,1.0,0.0,0.0,0.0,0.0
size7_comp0.2_grid9_ReflectEnv_low,7,0.2,9,low,ReflectEnv,reflect,4,3,7,3,2,1,1,1,10,6,6,0,0.6,0.6,0.0,0.6,23.3,0.3948497854077253,0.3427230046948357,0.95,0.3099071618037135,0.772565860937628,0.4117647058823529,0.27322186244119295,1.0238960624337634,0.36363636363636365,0.3726780852974608,0.3117938248613798,0.5,0.09088545387136843,0.20785674883764246,0.3948497854077253,233,8.2,5.4,3.4,6.3,7.0,3.9,5.7,5.7,16.0,4.1,0.5,8.9,0.0,0.7678571428571429,0.15297619047619046,0.07916666666666666,UR,0.4946391535428014,0.0,0.22133620689655173,0.0,0.0,UR,2.5,7,0.0,0.0,0.0,0.0,0.0
size7_comp0.2_grid9_RotateEnv_low,7,0.2,9,low,RotateEnv,rotate,4,3,7,3,2,1,1,1,10,6,5,0,0.6,0.5,0.0,0.5,24.7,0.3441295546558704,0.3317307692307692,0.41025641025641024,0.20910087719298245,0.8662011038380949,0.3333333333333333,0.2632881722207314,1.0299224660570998,0.3076923076923077,0.26765005614994153,0.440525562068682,0.4,0.2519472740047851,0.16364391469124567,0.3441295546558704,247,9.4,4.9,4.5,5.9,8.3,4.4,5.3,5.7,17.3,3.1,0.0,11.8,0.04931535855448899,0.18819805194805195,0.6543047713156408,0.1081818181818182,DL,0.6953921431895425,0.0,0.0,0.26151315789473684,0.0,DL,6.0,17,0.0,0.3,0.0,0.0,0.0
size7_comp0.2_grid9_StartGoalSwap_low,7,0.2,9,low,StartGoalSwap,start_goal_swap,3,4,7,3,2,1,1,1,10,10,1,0,1.0,0.1,0.0,0.1,31.0,0.3064516129032258,0.6666666666666666,0.2033195020746888,0.031818181818181815,0.866255814816863,0.4461742647483033,0.44505707048110077,0.8932922274964653,0.5,0.21258001768672252,0.851508680627989,0.41681477279283236,0.5718627356416707,0.3432933488092091,0.3064516129032258,310,20.4,3.9,3.1,3.6,14.9,4.4,5.2,5.5,21.0,3.5,0.1,15.2,0.10873015873015875,0.46323914292584367,0.3219300009453462,0.10610069739865138,UR,1.3126315849096322,0.0,0.0125,0.0,0.0,UR,0.4,4,0.1,0.0,0.0,0.0,0.0
size7_comp0.2_grid9_TransposeEnv_low,7,0.2,9,low,TransposeEnv,transpose,4,3,7,3,2,1,1,1,10,4,4,6,0.4,0.4,0.6,0.4,10.7,0.5607476635514018,0.5063291139240507,0.7142857142857143,0.19814616755793227,0.7980000788777166,0.38461538461538464,0.26109958595819127,0.9961658450132298,0.2857142857142857,0.27784849233343084,0.5668066850529512,0.5,0.24155919518707847,0.2988918773534158,0.5607476635514018,107,2.3,2.4,1.7,4.3,2.3,3.1,2.6,1.7,5.0,1.7,0.5,2.1,0.0,0.8625,0.0,0.1375,UR,0.3576990251843231,0.0,0.2203520499108734,0.0,0.0,UR,2.4,14,0.0,0.0,0.0,0.0,0.0
size7_comp0.2_grid9_base_low,7,0.2,9,low,base,base,4,3,7,3,2,1,1,1,10,7,3,3,0.7,0.3,0.3,0.3,19.9,0.4723618090452261,0.6086956521739131,0.4,0.11617647058823528,1.1256441744246324,0.5263157894736842,0.40922221204162196,0.9076459681196635,0.2,0.23239469844200955,1.2035006766764071,0.6428571428571429,0.47237489547005496,0.1993763484899219,0.4723618090452261,199,4.4,5.1,3.4,7.0,5.6,3.8,4.5,5.0,11.8,4.1,2.1,4.2,0.0,0.267526455026455,0.537170749942489,0.19530279503105588,DL,0.5851642338318878,0.0,0.05625,0.08363095238095238,0.0,DL,1.9,7,0.0,0.1,0.0,0.0,0.0
size7_comp0.2_grid9_walls0_low,7,0.2,9,low,walls0,reshuffled_walls,4,3,7,3,2,1,1,1,4,3,2,1,0.75,0.5,0.25,0.5,18.5,0.581081081081081,0.8421052631578947,0.4909090909090909,0.2215909090909091,0.5408584596981112,0.45454545454545453,0.38513402713792905,0.42442151349352414,0.5714285714285714,0.21165218507093703,0.5951957012602519,0.4,0.4660922201025252,0.17979797979797982,0.581081081081081,74,4.5,6.0,3.0,5.0,3.75,4.0,4.5,5.25,10.25,5.0,2.75,1.5,0.03333333333333333,0.18333333333333332,0.48194444444444445,0.3013888888888889,DL,0.6377943002939864,0.0,0.03571428571428571,0.0,0.0,UR,1.0,4,0.0,0.25,0.0,0.0,0.0
size7_comp0.2_grid9_walls1_low,7,0.2,9,low,walls1,reshuffled_walls,4,3,7,3,2,1,1,1,5,4,1,1,0.8,0.2,0.2,0.2,23.0,0.46956521739130436,0.6857142857142857,0.375,0.15555555555555556,1.1905167025232872,0.6818181818181818,0.39800984454214827,1.0058392649009504,0.6,0.26787482920031913,1.3444145672085683,0.75,0.5064556906603392,0.22049062049062051,0.46956521739130436,115,6.2,4.8,4.2,7.8,6.4,4.4,7.0,4.2,13.0,3.4,2.0,4.0,0.0,0.4448717948717949,0.33538461538461534,0.21974358974358976,UR,0.6919710165176799,0.0,0.1125,0.1,0.0,UR,2.8,6,0.0,0.0,0.0,0.0,0.0
size7_comp0.4_grid0_RandomStart_1_4_low,7,0.4,0,low,RandomStart_1_4,random_starts,7,5,12,2,5,1,1,1,2,1,0,1,0.5,0.0,0.5,0.0,21.0,0.42857142857142855,0.6,0.17647058823529413,0.0,0.6467112924507454,0.42857142857142855,0.410483607471824,0.6084962500721156,0.4,0.308170416594551,0.7422488983973203,0.5,0.6662665846650062,0.18333333333333332,0.42857142857142855,42,12.0,3.5,3.0,2.5,6.5,4.0,5.5,4.0,13.0,3.0,1.0,9.0,0.24553571428571427,0.28125,0.4732142857142857,0.0,DL,1.1163921924762588,0.0,0.03125,0.065625,0.0,DL,1.5,2,0.5,0.5,0.0,0.0,0.0
size7_comp0.4_grid0_RandomStart_2_3_low,7,0.4,0,low,RandomStart_2_3,random_starts,5,5,10,2,4,1,1,1,3,1,0,2,0.3333333333333333,0.0,0.6666666666666666,0.0,16.0,0.3958333333333333,0.5714285714285714,0.25925925925925924,0.0,0.8256348838428326,0.3076923076923077,0.3750971693466153,0.9236300512292657,0.2857142857142857,0.21895048319396132,0.7113071885586605,0.3333333333333333,0.5572683031913782,0.24041514041514042,0.3958333333333333,48,8.0,1.6666666666666667,3.0,3.3333333333333335,6.333333333333333,3.0,2.6666666666666665,3.0,10.666666666666666,2.0,2.6666666666666665,5.666666666666667,0.782051282051282,0.21794871794871795,0.0,0.0,UL,0.3101953763773309,0.0,0.07291666666666667,0.0,0.0,UR,2.0,6,0.0,0.3333333333333333,0.0,0.0,0.0
size7_comp0.4_grid0_ReflectEnv_low,7,0.4,0,low,ReflectEnv,reflect,6,5,11,5,3,1,1,1,10,10,7,0,1.0,0.7,0.0,0.7,22.3,0.5381165919282511,0.5865384615384616,0.4957983193277311,0.4345053810998084,0.9921241810308912,0.20833333333333334,0.2954290152481385,0.8869736861325241,0.1,0.23846864171217166,1.0672316773868675,0.2857142857142857,0.33611499634525766,0.12043081509993273,0.5381165919282511,223,7.9,4.0,5.4,5.0,9.0,4.8,4.6,2.9,12.2,2.2,0.7,7.4,0.48099128941234204,0.24144522144522146,0.27756348914243645,0.0,UL,1.079857056471583,0.05387548919089167,0.05456200662083015,0.046875,0.0,UR,2.4,5,0.0,0.5,0.0,0.0,0.0
size7_comp0.4_grid0_RotateEnv_low,7,0.4,0,low,RotateEnv,rotate,6,5,11,5,3,1,1,1,10,10,3,0,1.0,0.3,0.0,0.3,28.7,0.43902439024390244,0.48148148148148145,0.40131578947368424,0.15789473684210525,0.914730507729155,0.25925925925925924,0.3276735989193855,0.9577275535701092,0.16666666666666666,0.2994085377857939,0.8803328710563917,0.3333333333333333,0.3502856478262588,0.13844224842160857,0.43902439024390244,287,10.2,4.0,9.1,5.4,11.2,6.1,5.7,4.7,18.3,3.6,0.5,10.7,0.32929199893673583,0.5683847687400319,0.10232323232323233,0.0,UR,0.9642286141675394,0.03622906698564594,0.10625,0.0,0.0,UR,2.5,7,0.0,0.2,0.0,0.0,0.0
size7_comp0.4_grid0_StartGoalSwap_low,7,0.4,0,low,StartGoalSwap,start_goal_swap,5,6,11,5,3,1,1,1,10,9,2,0,0.9,0.2,0.0,0.2,30.7,0.43322475570032576,0.5766871165644172,0.2708333333333333,0.08904761904761904,1.0178197028516105,0.2916666666666667,0.3336334666886001,1.2024245422936202,0.4166666666666667,0.26962249674271305,0.8332148634096007,0.16666666666666666,0.3976444366344871,0.0755279199358147,0.43322475570032576,307,8.9,5.9,3.6,12.3,8.2,7.6,6.7,7.2,20.9,5.9,7.6,10.4,0.31465046878539615,0.5808517482957682,0.08065162907268171,0.023846153846153847,UR,1.0416545098634915,0.00625,0.24157738095238096,0.00625,0.0,UR,6.0,12,0.1,0.9,0.0,0.0,0.0
size7_comp0.4_grid0_TransposeEnv_low,7,0.4,0,low,TransposeEnv,transpose,6,5,11,5,3,1,1,1,10,3,2,1,0.3,0.2,0.1,0.2,29.6,0.3885135135135135,0.37037037037037035,0.5769230769230769,0.08330995792426368,1.2722453029148753,0.3181818181818182,0.38262538548168656,1.404750909869747,0.3125,0.46794771221442455,0.9188970177018838,0.3333333333333333,0.15509918086105198,0.2397815175385965,0.3885135135135135,296,11.5,5.9,6.6,5.6,8.4,6.2,7.4,6.6,19.8,4.5,0.4,10.2,0.10608187134502925,0.5010970608339029,0.13999999999999999,0.2528210678210678,UR,0.7761372617410397,0.0032258064516129032,0.14080615942028984,0.021296458625525948,0.0,UR,2.8,11,0.0,0.2,0.0,0.0,0.0
size7_comp0.4_grid0_base_low,7,0.4,0,low,base,base,6,5,11,5,3,1,1,1,10,4,0,5,0.4,0.0,0.5,0.0,23.2,0.40086206896551724,0.48366013071895425,0.24050632911392406,0.0,1.0760590443000029,0.3684210526315789,0.45988378614130865,1.246858869882016,0.38461538461538464,0.3445202093832661,0.7059927555389743,0.3333333333333333,0.7098382024504007,0.18891205285942125,0.40086206896551724,232,11.3,3.2,5.1,3.6,9.1,5.1,3.8,4.2,15.6,3.1,2.1,8.9,0.20621848739495796,0.2672268907563025,0.5265546218487395,0.0,DL,0.5715343880788067,0.003125,0.065625,0.13720238095238094,0.0,DL,3.4,12,0.0,0.3,0.0,0.0,0.0
size7_comp0.4_grid0_walls0_low,7,0.4,0,low,walls0,reshuffled_walls,6,5,11,5,4,1,1,1,4,2,1,0,0.5,0.25,0.0,0.25,29.5,0.4491525423728814,0.4945054945054945,0.2962962962962963,0.125,1.0704375043236574,0.29411764705882354,0.3733374616453822,1.1357346590319213,0.4166666666666667,0.39146029843820834,0.9137243330238238,0.0,0.3298426533425992,0.2008959466139397,0.4491525423728814,118,11.0,5.25,6.75,6.5,9.25,5.75,5.5,8.0,20.5,6.0,4.5,9.5,0.08928571428571429,0.6730859010270775,0.2376283846872082,0.0,UR,0.5614118550273773,0.03409090909090909,0.15056818181818182,0.0703125,0.0,UR,4.5,7,0.0,0.75,0.0,0.0,0.0
size7_comp0.4_grid0_walls1_low,7,0.4,0,low,walls1,reshuffled_walls,6,5,11,5,4,1,1,1,3,2,0,1,0.6666666666666666,0.0,0.3333333333333333,0.0,23.666666666666668,0.3380281690140845,0.625,0.10256410256410256,0.0,0.6063594063960686,0.23529411764705882,0.3356827798957867,0.6190492985422066,0.2857142857142857,0.23969204579447,0.5471399097140907,0.0,0.7836395390352644,0.19861853832442072,0.3380281690140845,71,15.666666666666666,1.0,4.0,3.0,11.333333333333334,4.666666666666667,4.0,2.6666666666666665,14.333333333333334,1.0,5.0,13.333333333333334,0.3333333333333333,0.5497737556561085,0.0,0.11689291101055806,UR,0.43435783873623884,0.0,0.16666666666666666,0.0,0.010416666666666666,UR,5.333333333333333,12,0.0,0.6666666666666666,0.0,0.0,0.0
size7_comp0.4_grid1_RandomStart_3_3_low,7,0.4,1,low,RandomStart_3_3,random_starts,4,4,8,4,2,1,1,1,5,5,4,0,1.0,0.8,0.0,0.8,27.2,0.40441176470588236,0.66,0.2558139534883721,0.24706878306878305,1.0353530274122165,0.26666666666666666,0.3769768417540976,1.0143533184281008,0.4,0.33308019391600985,1.077352445380448,0.0,0.46477013743027323,0.291381357433989,0.40441176470588236,136,4.2,5.8,1.6,15.6,10.6,6.0,6.2,3.4,18.4,3.0,2.4,13.0,0.0,0.8120592451027233,0.046153846153846156,0.14178690874343047,UR,0.6775148607679788,0.0,0.10197883597883597,0.0,0.0,UR,2.6,4,0.0,1.0,0.0,0.0,0.0
size7_comp0.4_grid1_RandomStart_4_3_low,7,0.4,1,low,RandomStart_4_3,random_starts,3,4,7,3,2,1,1,1,4,4,4,0,1.0,1.0,0.0,1.0,16.25,0.5076923076923077,0.8,0.37777777777777777,0.43671310629514964,0.5652062093331046,0.3076923076923077,0.35920069923102893,0.3977785898642252,0.5,0.37640803123048555,0.8330904004833115,0.0,0.3316689680318984,0.09230769230769231,0.5076923076923077,65,2.25,4.25,1.0,8.75,5.75,2.5,5.5,1.5,8.75,1.25,1.75,6.75,0.0,0.6498931623931623,0.0,0.35010683760683764,UR,0.9052729036188478,0.0,0.15733819843726965,0.0,0.0,UR,2.5,3,0.0,1.0,0.0,0.0,0.0
size7_comp0.4_grid1_ReflectEnv_low,7,0.4,1,low,ReflectEnv,reflect,4,4,8,8,0,1,1,1,10,10,1,0,1.0,0.1,0.0,0.1,30.8,0.3181818181818182,0.33064516129032256,0.30978260869565216,0.04,1.0930948549202861,0.3125,0.43536314759023553,0.7217600219284735,0.2,0.4019355435613365,1.26188341537111,0.36363636363636365,0.4505575130579169,0.3978916253164299,0.3181818181818182,308,14.2,3.0,7.4,6.2,12.1,6.4,4.8,6.5,23.0,5.0,1.1,13.5,0.32260395063026637,0.669703741677426,0.007692307692307693,0.0,UR,0.8613408622936533,0.039375,0.231875,0.0,0.0,UR,5.3,9,0.7,0.3,0.0,0.0,0.0
size7_comp0.4_grid1_RotateEnv_low,7,0.4,1,low,RotateEnv,rotate,4,4,8,8,0,1,1,1,10,10,10,0,1.0,1.0,0.0,1.0,15.3,0.5620915032679739,0.4117647058823529,0.8627450980392157,0.565054945054945,0.6177898081355099,0.16666666666666666,0.2103864353841692,0.8201260923399046,0.16666666666666666,0.3062571200362481,0.4154535239311154,0.16666666666666666,0.11451575073209029,0.20467543077837194,0.5620915032679739,153,4.7,0.5,5.8,4.3,8.0,2.3,3.2,0.8,6.8,0.6,0.4,6.1,0.6252600177600176,0.09656315906315904,0.27817682317682313,0.0,UL,1.2138826476131925,0.07688186813186812,0.0,0.09931318681318682,0.0,DL,1.5,4,0.1,0.9,0.0,0.0,0.0
size7_comp0.4_grid1_StartGoalSwap_low,7,0.4,1,low,StartGoalSwap,start_goal_swap,4,4,8,8,0,1,1,1,10,10,1,0,1.0,0.1,0.0,0.1,31.7,0.30914826498422715,0.4557823129251701,0.18235294117647058,0.027586206896551724,1.0012651217576158,0.375,0.4457443538368148,1.0507422563888238,0.4117647058823529,0.3902540933220772,0.8811063662246823,0.2857142857142857,0.5805064150868917,0.1696417961123843,0.30914826498422715,317,15.7,1.9,6.0,8.1,11.5,8.5,6.0,4.7,22.8,3.8,9.7,17.2,0.015384615384615385,0.7410963851635358,0.07649122807017543,0.16702777138167338,UR,0.8052109450481952,0.0,0.30387931034482757,0.0125,0.034698275862068965,UR,6.7,13,0.0,0.9,0.0,0.0,0.0
size7_comp0.4_grid1_TransposeEnv_low,7,0.4,1,low,TransposeEnv,transpose,4,4,8,8,0,1,1,1,10,5,5,0,0.5,0.5,0.0,0.5,25.1,0.4820717131474104,0.47572815533980584,0.5111111111111111,0.26636363636363636,1.1784951943922704,0.3333333333333333,0.3080790550976577,1.2857669555349107,0.4375,0.33571616988648234,0.8352255587358212,0.0,0.21964028777341885,0.19833768977231853,0.4820717131474104,251,5.1,9.0,4.1,6.9,6.2,7.0,5.7,5.2,14.8,3.9,1.2,5.3,0.2965700308463467,0.1960805860805861,0.46250289184499704,0.04484649122807017,DL,1.1969807529800722,0.05204545454545455,0.025,0.07356060606060606,0.0,DL,2.0,5,0.3,0.4,0.0,0.0,0.0
size7_comp0.4_grid1_base_low,7,0.4,1,low,base,base,4,4,8,8,0,1,1,1,10,10,9,0,1.0,0.9,0.0,0.9,21.8,0.44036697247706424,0.7323943661971831,0.29931972789115646,0.3690794848604179,0.8027512923856723,0.35294117647058826,0.3341654155252054,0.8096262815867376,0.36363636363636365,0.28550953417895153,0.7901471455170528,0.3333333333333333,0.4233678646600043,0.24466788399006303,0.44036697247706424,218,1.7,5.2,0.8,14.1,11.0,3.5,4.6,1.7,13.0,1.1,3.3,10.5,0.1373645704589304,0.5578248958830463,0.013333333333333332,0.2914772003246899,UR,1.2461444180824466,0.04925993560755224,0.17228672935696263,0.0,0.0,UR,3.3,7,0.0,0.8,0.0,0.0,0.0
size7_comp0.4_grid1_walls0_low,7,0.4,1,low,walls0,reshuffled_walls,8,4,12,8,2,1,1,1,5,1,0,0,0.2,0.0,0.0,0.0,32.0,0.40625,0.41333333333333333,0.3,0.0,1.0149056265545895,0.2631578947368421,0.46103299123877595,1.1707519206433226,0.3333333333333333,0.4558908108044415,0.4304820237218406,0.0,0.48031616786753006,0.27788948237864647,0.40625,160,5.6,8.2,9.8,8.4,8.0,5.6,8.6,8.8,23.0,6.2,1.0,9.4,0.4445091575091575,0.072,0.44249084249084253,0.041,UL,1.0612003108818286,0.08125,0.03125,0.05,0.0,UL,2.6,5,0.4,0.0,0.0,0.0,0.0
size7_comp0.4_grid1_walls1_low,7,0.4,1,low,walls1,reshuffled_walls,4,4,8,8,0,1,1,1,5,5,1,0,1.0,0.2,0.0,0.2,29.6,0.3918918918918919,0.6818181818181818,0.2692307692307692,0.08,0.7956973968302498,0.4,0.3167443672902654,0.49222126471145006,0.42857142857142855,0.24065884464227688,1.0612390124341995,0.375,0.3833191996072553,0.12976112895467729,0.3918918918918919,148,4.2,7.0,1.8,16.6,11.8,6.4,5.2,5.2,19.4,4.4,4.0,12.6,0.15945383821544812,0.5462877404673071,0.0,0.2942584213172449,UR,1.1320254585613037,0.034999999999999996,0.135,0.0,0.0,UR,3.4,6,0.0,0.6,0.0,0.0,0.0
size7_comp0.4_grid2_RandomStart_4_4_low,7,0.4,2,low,RandomStart_4_4,random_starts,4,5,9,1,4,1,1,1,4,2,2,1,0.5,0.5,0.25,0.5,18.0,0.4444444444444444,0.36065573770491804,0.9090909090909091,0.2507142857142857,0.6224421483145578,0.46153846153846156,0.31580593932160966,0.8966815117543453,0.375,0.3725960416478022,0.18365916681089792,0.6,0.22494177559970163,0.1893162393162393,0.4444444444444444,72,8.75,2.0,3.0,4.25,6.75,4.25,3.5,2.5,12.25,1.75,0.5,6.5,0.078125,0.5691964285714286,0.0,0.3526785714285714,UR,0.6476693899240127,0.0,0.0959375,0.0,0.0,UR,1.75,6,0.25,0.0,0.0,0.0,0.0
size7_comp0.4_grid2_RandomStart_5_3_low,7,0.4,2,low,RandomStart_5_3,random_starts,4,5,9,1,4,1,1,1,3,3,3,0,1.0,1.0,0.0,1.0,17.666666666666668,0.660377358490566,0.5405405405405406,0.9375,0.6476190476190476,0.5875514390676211,0.4,0.20299203646979455,0.7661084168844252,0.4444444444444444,0.2668448287227494,0.31971597234241494,0.3333333333333333,0.10721284809036231,0.20037037037037037,0.660377358490566,53,4.666666666666667,3.0,4.666666666666667,5.333333333333333,6.333333333333333,5.333333333333333,3.6666666666666665,1.3333333333333333,8.0,1.0,0.0,3.3333333333333335,0.39999999999999997,0.4666666666666666,0.0,0.13333333333333333,UR,1.1854133033019718,0.0,0.022222222222222223,0.0,0.0,UR,0.6666666666666666,2,0.0,0.6666666666666666,0.0,0.0,0.0
size7_comp0.4_grid2_ReflectEnv_low,7,0.4,2,low,ReflectEnv,reflect,6,5,11,3,4,1,1,1,10,4,0,6,0.4,0.0,0.6,0.0,15.8,0.3860759493670886,0.6153846153846154,0.22580645161290322,0.0,0.6614018309613775,0.38095238095238093,0.315335705173582,0.4774721028480133,0.2857142857142857,0.1548681039140188,1.029261287188106,0.5714285714285714,0.6362709076927084,0.1405473421590363,0.3860759493670886,158,8.8,1.0,3.2,2.8,5.3,3.4,3.9,2.2,9.7,1.7,1.0,6.2,0.016142857142857143,0.34046031746031746,0.6322857142857143,0.01111111111111111,DL,0.2836772315959565,0.0,0.090625,0.11190476190476191,0.003125,DL,2.5,12,0.0,0.4,0.0,0.0,0.0
size7_comp0.4_grid2_RotateEnv_low,7,0.4,2,low,RotateEnv,rotate,6,5,11,3,4,1,1,1,10,1,1,9,0.1,0.1,0.9,0.1,10.4,0.46153846153846156,0.43434343434343436,1.0,0.03793103448275862,0.6660411644547835,0.4666666666666667,0.37844036425628524,0.9990617466821752,0.4,0.47427710904668796,0.0,0.6,0.1867668746754797,0.10977443609022557,0.46153846153846156,104,4.6,1.9,3.3,0.6,3.7,1.6,1.9,2.2,5.8,1.9,0.0,2.8,0.0,0.8275,0.006666666666666666,0.16583333333333333,UR,0.23184741132172276,0.0,0.28345238095238096,0.0,0.008333333333333333,UR,1.7,4,0.0,0.0,0.0,0.0,0.0
size7_comp0.4_grid2_StartGoalSwap_low,7,0.4,2,low,StartGoalSwap,start_goal_swap,5,6,11,3,4,1,1,1,10,9,3,0,0.9,0.3,0.0,0.3,31.2,0.44871794871794873,0.42780748663101603,0.48,0.11270061973621484,0.9249576089390784,0.42857142857142855,0.3072941475998718,0.9335423020822862,0.5,0.35889618231819104,0.9201883349706296,0.3888888888888889,0.27862635053413887,0.2457758768722777,0.44871794871794873,312,13.8,4.7,5.9,6.8,11.4,6.8,6.9,5.1,20.6,4.0,0.6,10.9,0.07690871220282985,0.7446069453422395,0.05,0.12848434245493068,UR,0.9407832361971049,0.0,0.1461405529953917,0.0034482758620689655,0.0,UR,4.1,16,0.0,0.0,0.0,0.0,0.0
size7_comp0.4_grid2_TransposeEnv_low,7,0.4,2,low,TransposeEnv,transpose,6,5,11,3,4,1,1,1,10,6,5,0,0.6,0.5,0.0,0.5,28.1,0.37722419928825623,0.30638297872340425,0.7391304347826086,0.23044576612792506,0.9741549594953292,0.3125,0.27613273934590243,1.2671674326279119,0.16666666666666666,0.4243179965829033,0.7983474756157796,0.4,0.1872215850037019,0.07704292691957165,0.37722419928825623,281,14.4,4.8,5.4,3.5,11.6,6.0,5.3,4.2,19.2,2.0,0.5,14.5,0.05794413919413919,0.8786630036630036,0.02589285714285714,0.0375,UR,0.5352965129679867,0.0,0.2674704075285035,0.0,0.0047619047619047615,UR,4.7,16,0.0,0.0,0.0,0.0,0.0
size7_comp0.4_grid2_base_low,7,0.4,2,low,base,base,6,5,11,3,4,1,1,1,10,9,8,0,0.9,0.8,0.0,0.8,24.7,0.5101214574898786,0.44680851063829785,0.711864406779661,0.4201415648394404,0.7581180780908244,0.2916666666666667,0.26961560489681774,0.8947504644428822,0.26666666666666666,0.3584740951654953,0.5303974341707282,0.3333333333333333,0.12151812111568848,0.12616683014254834,0.5101214574898786,247,8.1,3.4,6.7,6.5,8.3,5.6,6.4,3.4,14.7,2.5,0.3,9.4,0.07905445861328213,0.2168589743589744,0.6355609260021025,0.06852564102564103,DL,0.8392737247024419,0.0,0.02413793103448276,0.11820391357483011,0.0,DL,2.5,7,0.0,0.0,0.0,0.0,0.0
size7_comp0.4_grid2_walls0_low,7,0.4,2,low,walls0,reshuffled_walls,6,5,11,3,4,1,1,1,1,1,0,0,1.0,0.0,0.0,0.0,32.0,0.40625,0.47368421052631576,0.3076923076923077,0.0,0.521499016481106,0.23076923076923078,0.3570290315468052,0.44649311896134136,0.125,0.22849333207113648,0.6415084525127296,0.4,0.5626861507078751,0.21373626373626375,0.40625,32,16.0,2.0,5.0,9.0,11.0,5.0,9.0,6.0,22.0,5.0,1.0,14.0,0.08333333333333333,0.75,0.0,0.16666666666666666,UR,1.0408520829727552,0.0,0.15625,0.0,0.0,UR,4.0,4,0.0,0.0,0.0,0.0,0.0
size7_comp0.4_grid2_walls1_low,7,0.4,2,low,walls1,reshuffled_walls,4,5,9,3,3,1,1,1,5,2,0,0,0.4,0.0,0.0,0.0,32.0,0.28125,0.26973684210526316,0.5,0.0,0.7712353012230838,0.23076923076923078,0.5012952891069404,1.1384703852306999,0.125,0.5543918240555894,0.18365916681089792,0.4,0.4163408331891021,0.4362419254424864,0.28125,160,13.6,3.0,10.0,5.4,11.8,6.2,7.4,5.6,25.6,4.2,0.4,17.0,0.3173913043478261,0.0,0.682608695652174,0.0,DL,0.28524573139962894,0.0,0.0,0.2875,0.0,DL,5.2,13,0.0,0.4,0.0,0.0,0.0
size7_comp0.4_grid3_RandomStart_2_2_low,7,0.4,3,low,RandomStart_2_2,random_starts,2,7,9,5,2,1,1,1,5,4,0,0,0.8,0.0,0.0,0.0,32.0,0.4375,0.44660194174757284,0.42105263157894735,0.0,0.913820651177826,0.3658312500400642,0.42075254228087317,1.2339934262836534,0.2857142857142857,0.39042115493816926,0.7100743397468448,0.41681477279283236,0.44005433422623025,0.23490882752296938,0.4375,160,10.2,8.4,5.4,8.0,6.2,8.2,5.4,11.2,23.6,9.6,3.4,7.2,0.8652747252747254,0.04395604395604395,0.09076923076923077,0.0,UL,0.5598937934638031,0.05,0.0,0.0,0.0,UL,1.0,1,1.0,0.0,0.0,0.0,0.0
size7_comp0.4_grid3_RandomStart_5_1_low,7,0.4,3,low,RandomStart_5_1,random_starts,6,7,13,1,6,1,1,1,1,0,0,0,0.0,0.0,0.0,0.0,32.0,0.34375,0.34375,0.0,0.0,0.7212394381769318,0.2222222222222222,0.38574737274959314,0.7212394381769318,0.2222222222222222,0.38574737274959314,0.0,0.0,0.0,0.3664021164021164,0.34375,32,15.0,4.0,9.0,4.0,10.0,11.0,6.0,4.0,23.0,3.0,0.0,16.0,0.6666666666666666,0.3333333333333333,0.0,0.0,UL,0.9182958340544896,0.0,0.03125,0.0,0.0,UR,1.0,1,0.0,0.0,0.0,0.0,0.0
size7_comp0.4_grid3_ReflectEnv_low,7,0.4,3,low,ReflectEnv,reflect,3,7,10,6,3,1,1,1,10,9,4,0,0.9,0.4,0.0,0.4,29.4,0.37755102040816324,0.4936708860759494,0.33488372093023255,0.15839884253677358,1.0743753538807914,0.2631578947368421,0.4034016640429987,1.1034689755389449,0.2222222222222222,0.3912030104735261,1.0481910943884536,0.3,0.414380452255524,0.21085352269562796,0.37755102040816324,294,15.5,2.1,7.9,3.9,10.5,8.3,5.6,4.0,19.6,2.7,1.8,14.8,0.36315126050420166,0.30445717681011797,0.1003030303030303,0.23208853238264998,UL,1.2533128350137166,0.05541316011574632,0.029094827586206896,0.0125,0.007125000000000001,UL,1.6,3,0.0,0.0,0.0,0.0,0.0
size7_comp0.4_grid3_RotateEnv_low,7,0.4,3,low,RotateEnv,rotate,3,7,10,6,3,1,1,1,10,8,8,0,0.8,0.8,0.0,0.8,24.5,0.46938775510204084,0.39855072463768115,0.5607476635514018,0.3729990901407191,0.8880213294077893,0.23809523809523808,0.3311068392274161,1.2310197932900973,0.2222222222222222,0.4238697773361555,0.6307724814960586,0.25,0.2615346356458617,0.12456838796124511,0.46938775510204084,245,9.7,3.6,7.3,3.9,7.3,4.7,7.7,3.8,14.3,2.5,1.4,9.2,0.1313594276094276,0.20564102564102563,0.25262626262626264,0.41037328412328417,DR,1.2510498851049168,0.03372848044264334,0.103125,0.033363583862717594,0.011145510835913312,UR,3.0,12,0.4,0.0,0.0,0.0,0.0
size7_comp0.4_grid3_StartGoalSwap_low,7,0.4,3,low,StartGoalSwap,start_goal_swap,7,3,10,6,3,1,1,1,10,1,1,0,0.1,0.1,0.0,0.1,30.0,0.31,0.30303030303030304,1.0,0.08333333333333334,0.8589170202999388,0.2857142857142857,0.37159029417236505,1.0931671167453767,0.2727272727272727,0.4446350903594526,0.0,0.3333333333333333,0.10375937481971094,0.296046626984127,0.31,300,16.8,2.1,7.0,4.1,12.9,6.6,4.2,5.3,22.7,4.3,0.0,15.4,0.24856568119047168,0.7314343188095282,0.02,0.0,UR,0.7524208456463718,0.020833333333333332,0.2052083333333333,0.008333333333333333,0.0,UR,5.8,14,0.9,0.0,0.0,0.0,0.0
size7_comp0.4_grid3_TransposeEnv_low,7,0.4,3,low,TransposeEnv,transpose,3,7,10,6,3,1,1,1,10,10,0,0,1.0,0.0,0.0,0.0,32.0,0.3875,0.5172413793103449,0.35877862595419846,0.0,1.1215574641133408,0.26595059527243603,0.45464778422237695,0.9512292590392497,0.25,0.25671705757792795,1.1616346888366562,0.2697036765130092,0.5012197199034238,0.10358874318958351,0.3875,320,11.2,5.1,7.3,8.4,9.8,7.6,7.0,6.6,24.2,4.9,2.6,12.4,0.11677845143362386,0.8128104781553057,0.0,0.0704110704110704,UR,0.5212457184095485,0.0,0.2,0.0,0.003125,UR,2.9,8,1.0,0.0,0.0,0.0,0.0
size7_comp0.4_grid3_base_low,7,0.4,3,low,base,base,3,7,10,6,3,1,1,1,10,10,6,0,1.0,0.6,0.0,0.6,29.3,0.44368600682593856,0.515625,0.42358078602620086,0.23127763041556143,1.1852420287201169,0.26595059527243603,0.3771818588397472,1.1142665210480933,0.25,0.27593053117179406,1.2019421481723578,0.2697036765130092,0.4010057006439714,0.17642573574187603,0.44368600682593856,293,8.2,5.6,6.9,8.6,9.8,4.1,9.3,5.1,19.8,3.5,5.5,11.3,0.21866114561766734,0.04666666666666667,0.734672187715666,0.0,DL,0.8025276532405663,0.0069711538461538465,0.019791666666666666,0.065625,0.0,DL,1.9,5,1.0,0.0,0.0,0.0,0.0
size7_comp0.4_grid3_walls0_low,7,0.4,3,low,walls0,reshuffled_walls,3,7,10,6,3,1,1,1,5,4,0,0,0.8,0.0,0.0,0.0,32.0,0.4125,0.42857142857142855,0.39759036144578314,0.0,0.9151738412945951,0.4842821429258244,0.4110603329385374,1.0250264863958711,0.4,0.32218470955821776,0.8153078002934353,0.560902272858392,0.49185635419337337,0.21524919865933687,0.4125,160,10.0,6.6,10.2,5.2,8.6,4.8,8.8,8.8,23.2,6.6,3.2,8.6,0.2655334861217214,0.03335561497326203,0.7011108989050165,0.0,DL,0.7004898292156795,0.0,0.0,0.075,0.0,DL,1.6,4,0.8,0.0,0.0,0.0,0.0
size7_comp0.4_grid3_walls1_low,7,0.4,3,low,walls1,reshuffled_walls,3,5,8,6,3,1,1,1,5,5,2,0,1.0,0.4,0.0,0.4,29.4,0.4489795918367347,0.625,0.4146341463414634,0.12553846153846154,0.8085847773760685,0.2777777777777778,0.37620650288901497,0.47718676142777183,0.0,0.14526174556922788,0.8748643805657278,0.3333333333333333,0.4223954543529725,0.21654511654511652,0.4489795918367347,147,9.6,7.6,5.4,6.8,7.2,4.6,8.2,8.4,22.0,7.2,9.8,7.8,0.10504456327985741,0.056862745098039215,0.8145632798573974,0.023529411764705882,DL,0.7594064741139179,0.0,0.0,0.15044230769230768,0.0,DL,1.6,3,1.0,0.0,0.0,0.0,0.0
size7_comp0.4_grid4_RandomStart_1_1_low,7,0.4,4,low,RandomStart_1_1,random_starts,5,3,8,6,2,1,1,1,5,4,2,0,0.8,0.4,0.0,0.4,27.6,0.4420289855072464,0.4563106796116505,0.4,0.16153846153846155,0.7558616830061281,0.3076923076923077,0.32853782891073846,0.8856677186823737,0.35294117647058826,0.3985698865433192,0.510672504506553,0.2222222222222222,0.1962550533825305,0.1793130072541837,0.4420289855072464,138,5.6,6.4,5.8,9.8,9.8,5.4,7.0,4.4,16.8,3.4,2.6,8.4,0.16216577540106952,0.4526069518716578,0.38522727272727275,0.0,UR,0.8431468281697159,0.03894230769230769,0.11201923076923077,0.10913461538461537,0.0,UR,3.0,4,0.0,0.4,0.0,0.0,0.0
size7_comp0.4_grid4_ReflectEnv_low,7,0.4,4,low,ReflectEnv,reflect,6,3,9,3,3,1,1,1,10,3,2,7,0.3,0.2,0.7,0.2,9.4,0.5638297872340425,0.7222222222222222,0.35,0.13285714285714284,0.6697924332595936,0.25,0.3908407232262276,0.640263893338689,0.2857142857142857,0.11221688315694665,0.6927590754202971,0.2222222222222222,0.6075481543912239,0.27574404761904764,0.5638297872340425,94,2.1,2.9,1.3,3.1,3.0,2.0,2.0,1.4,4.7,0.9,0.5,3.0,0.7433333333333334,0.08,0.045,0.13166666666666665,UL,0.4250071605503888,0.0,0.03125,0.0,0.0,UR,1.0,10,0.8,0.1,0.0,0.0,0.0
size7_comp0.4_grid4_RotateEnv_low,7,0.4,4,low,RotateEnv,rotate,6,3,9,3,3,1,1,1,10,2,1,8,0.2,0.1,0.8,0.1,10.9,0.5412844036697247,0.5612244897959183,0.36363636363636365,0.03,0.8930053726088156,0.2777777777777778,0.30388842599541244,0.9587478678411099,0.3333333333333333,0.29761263459353854,0.5642928964473436,0.0,0.3352673830047819,0.20274771524771526,0.5412844036697247,109,1.4,2.4,1.8,5.3,4.0,1.5,2.0,2.4,6.0,1.8,0.4,3.1,0.5115018315018315,0.3819047619047619,0.03076923076923077,0.07582417582417582,UL,0.6201245108217652,0.0,0.10666666666666666,0.0,0.00625,UR,1.0,5,0.6,0.1,0.0,0.0,0.0
size7_comp0.4_grid4_StartGoalSwap_low,7,0.4,4,low,StartGoalSwap,start_goal_swap,3,6,9,3,3,1,1,1,10,7,1,1,0.7,0.1,0.1,0.1,29.1,0.47766323024054985,0.48,0.475177304964539,0.02903225806451613,1.1349983669562618,0.38339850002884623,0.36147441236243966,0.9799042852748902,0.36363636363636365,0.3619488216406959,1.2568580025630538,0.398925892908654,0.3611016622152383,0.08544613951579894,0.47766323024054985,291,6.9,7.4,8.0,6.8,4.5,7.7,6.8,9.1,20.5,7.3,2.0,5.1,0.035411605937921725,0.0,0.30145810330020856,0.6631302907618697,DR,0.6464739533180097,0.0,0.0,0.0469758064516129,0.00625,DL,1.1,3,0.7,0.3,0.0,0.0,0.0
size7_comp0.4_grid4_TransposeEnv_low,7,0.4,4,low,TransposeEnv,transpose,6,3,9,3,3,1,1,1,10,2,0,8,0.2,0.0,0.8,0.0,16.8,0.4107142857142857,0.484375,0.175,0.0,1.083909998699465,0.35,0.45742827047591667,1.179976829139938,0.375,0.4020595325721417,0.6996426769375729,0.25,0.6789032220910163,0.12081890331890334,0.4107142857142857,168,6.6,3.1,1.9,5.2,4.4,3.8,4.2,3.4,9.6,2.2,1.9,6.5,0.05584415584415584,0.16346153846153846,0.7681943056943057,0.0125,DL,0.3681515833689751,0.0,0.078125,0.03581730769230769,0.0,UR,1.3,5,0.8,0.2,0.0,0.0,0.0
size7_comp0.4_grid4_base_low,7,0.4,4,low,base,base,6,3,9,3,3,1,1,1,10,4,1,4,0.4,0.1,0.4,0.1,23.5,0.3617021276595745,0.4057142857142857,0.23333333333333334,0.0375,1.1218805202851103,0.3181818181818182,0.46474166428448493,1.103615266118676,0.4,0.4278994138061117,1.1610203506417551,0.14285714285714285,0.5436893438809991,0.1744446429434468,0.3617021276595745,235,6.9,5.2,5.4,6.0,7.5,4.2,7.2,3.6,16.4,2.6,2.1,10.1,0.0374074074074074,0.577516835016835,0.26840909090909093,0.11666666666666665,UR,0.5438008746429384,0.0,0.20694444444444446,0.0375,0.04375,UR,4.3,13,0.6,0.3,0.0,0.0,0.0
size7_comp0.4_grid4_walls0_low,7,0.4,4,low,walls0,reshuffled_walls,6,3,9,3,3,1,1,1,4,1,0,3,0.25,0.0,0.75,0.0,16.0,0.5,0.5952380952380952,0.3181818181818182,0.0,0.7520460574306982,0.4117647058823529,0.4291532854969389,0.6759291521365317,0.46153846153846156,0.34348092202894887,0.9994259996367391,0.25,0.7075884667679064,0.1387955182072829,0.5,64,2.5,6.25,4.25,3.0,5.0,3.75,3.0,3.25,9.75,2.75,1.0,3.5,0.0625,0.4732142857142857,0.1875,0.2767857142857143,UR,0.9672158207317072,0.0,0.0,0.078125,0.0078125,DL,0.75,3,0.75,0.25,0.0,0.0,0.0
size7_comp0.4_grid4_walls1_low,7,0.4,4,low,walls1,reshuffled_walls,6,3,9,3,3,1,1,1,4,0,0,3,0.0,0.0,0.75,0.0,18.75,0.36,0.36,0.0,0.0,1.4584031291158834,0.25,0.4282234042356507,1.4584031291158834,0.25,0.4282234042356507,0.0,0.0,0.0,0.38789682539682546,0.36,75,5.75,5.0,3.25,4.75,3.25,3.0,6.75,4.75,15.0,2.5,0.0,7.75,0.0,1.0,0.0,0.0,UR,0.0,0.0,0.38303228900255754,0.0,0.0,UR,4.5,9,1.0,0.0,0.0,0.0,0.0
size7_comp0.4_grid5_RandomStart_1_3_low,7,0.4,5,low,RandomStart_1_3,random_starts,5,6,11,1,5,1,1,1,5,2,0,3,0.4,0.0,0.6,0.0,13.4,0.34328358208955223,0.3333333333333333,0.3684210526315789,0.0,0.7926124278758968,0.15384615384615385,0.4279348143759337,1.1845723056484445,0.14285714285714285,0.4714377250437379,0.3353259038079246,0.16666666666666666,0.37718141859682897,0.3373626373626374,0.34328358208955223,67,4.4,2.2,3.8,3.0,4.2,2.8,2.6,2.8,9.8,1.0,1.4,6.6,0.15428571428571428,0.24571428571428572,0.0,0.0,UR,0.34143124618432275,0.00625,0.0,0.0,0.0,UL,0.2,1,0.0,0.2,0.0,0.0,0.0
size7_comp0.4_grid5_RandomStart_2_3_low,7,0.4,5,low,RandomStart_2_3,random_starts,4,6,10,2,4,1,1,1,3,2,0,1,0.6666666666666666,0.0,0.3333333333333333,0.0,23.0,0.2753623188405797,0.45454545454545453,0.19148936170212766,0.0,1.0096910960938748,0.3,0.5364534712522349,1.0662570082029008,0.2,0.3337333236356773,0.9531251839848485,0.4,0.7391736188687924,0.2420833333333333,0.2753623188405797,69,10.666666666666666,2.3333333333333335,5.333333333333333,4.666666666666667,8.0,5.666666666666667,4.333333333333333,4.0,18.333333333333332,2.0,5.666666666666667,13.333333333333334,0.0,0.6666666666666666,0.0,0.0,UR,0.0,0.0,0.09375,0.0,0.0,UR,2.6666666666666665,5,0.0,0.6666666666666666,0.0,0.0,0.0
size7_comp0.4_grid5_ReflectEnv_low,7,0.4,5,low,ReflectEnv,reflect,3,6,9,3,3,1,1,1,10,10,9,0,1.0,0.9,0.0,0.9,19.5,0.5487179487179488,0.546875,0.549618320610687,0.4891496976404938,0.945006059123669,0.14285714285714285,0.25426076105995726,0.8355115159778873,0.125,0.22494467924697054,1.01238731644415,0.15384615384615385,0.27230142679102604,0.17026271904091453,0.5487179487179488,195,4.3,4.5,3.2,7.5,7.9,4.4,4.2,2.0,11.1,1.6,1.3,7.0,0.38484848484848483,0.5401515151515152,0.0125,0.0625,UR,0.6677719848824734,0.005555555555555555,0.10763680525551236,0.0,0.0,UR,1.6,4,0.0,0.3,0.0,0.0,0.0
size7_comp0.4_grid5_RotateEnv_low,7,0.4,5,low,RotateEnv,rotate,3,6,9,3,3,1,1,1,10,7,5,0,0.7,0.5,0.0,0.5,27.4,0.3613138686131387,0.29775280898876405,0.4791666666666667,0.21573738761238764,1.107724450353961,0.15,0.42456799765031106,1.0980682747073667,0.1111111111111111,0.5066854271859174,1.115624957701174,0.18181818181818182,0.35738100984845134,0.21372287011531407,0.3613138686131387,274,7.7,4.7,8.5,6.5,11.5,5.9,5.0,4.0,19.6,2.9,2.3,13.7,0.6448412698412698,0.09305555555555556,0.2621031746031746,0.0,UL,0.5395091204521079,0.03892045454545455,0.0,0.02618006993006993,0.0,UL,0.9,2,0.0,0.7,0.0,0.0,0.0
size7_comp0.4_grid5_StartGoalSwap_low,7,0.4,5,low,StartGoalSwap,start_goal_swap,6,3,9,3,3,1,1,1,10,5,2,4,0.5,0.2,0.4,0.2,24.8,0.3346774193548387,0.41420118343195267,0.16455696202531644,0.06933333333333333,0.9853688829155834,0.18181818181818182,0.41098732410318983,1.0977030140275652,0.14285714285714285,0.3024272228971567,0.7887841534696154,0.25,0.6009675012137478,0.3413480229298916,0.3346774193548387,248,11.0,2.3,5.0,6.5,10.2,6.0,4.4,3.2,18.7,2.2,3.8,13.1,0.34534072249589487,0.2700602079912425,0.3845990695128626,0.0,DL,0.9390072875771212,0.02124537037037037,0.078875,0.0,0.0,UR,2.1,9,0.3,0.4,0.0,0.0,0.0
size7_comp0.4_grid5_TransposeEnv_low,7,0.4,5,low,TransposeEnv,transpose,3,6,9,3,3,1,1,1,10,3,2,5,0.3,0.2,0.5,0.2,23.3,0.27896995708154504,0.2122905027932961,0.5,0.09086538461538461,0.9279960809622353,0.23529411764705882,0.43618380535901496,1.1015285758350657,0.2222222222222222,0.57124150580344,0.7327720242303012,0.25,0.2842438923590368,0.16379333047690045,0.27896995708154504,233,7.3,3.3,8.2,4.5,8.6,4.1,3.8,5.8,17.9,3.8,2.7,10.9,0.2129120879120879,0.0,0.1870879120879121,0.0,UL,0.20730020913194996,0.010096153846153847,0.0,0.00625,0.0,UL,0.3,1,0.0,0.2,0.0,0.0,0.0
size7_comp0.4_grid5_base_low,7,0.4,5,low,base,base,3,6,9,3,3,1,1,1,10,9,1,0,0.9,0.1,0.0,0.1,31.5,0.25396825396825395,0.392,0.1631578947368421,0.03333333333333333,0.7537134341201652,0.2,0.44105688695154543,0.611644751451576,0.16666666666666666,0.21910350126681175,0.848425889232558,0.2222222222222222,0.589025810741368,0.3866036650758396,0.25396825396825395,315,16.5,3.5,7.5,4.0,13.2,6.1,5.9,5.3,26.3,3.0,6.9,19.5,0.050376984126984124,0.8496230158730158,0.0,0.0,UR,0.19789496579232516,0.0,0.15625,0.0,0.0,UR,4.7,17,0.0,0.9,0.0,0.0,0.0
size7_comp0.4_grid5_walls0_low,7,0.4,5,low,walls0,reshuffled_walls,3,6,9,3,3,1,1,1,5,5,0,0,1.0,0.0,0.0,0.0,32.0,0.33125,0.8571428571428571,0.2517985611510791,0.0,0.639668338107997,0.6666666666666666,0.4691666573688291,0.43199820685703416,0.4,0.12797762348191993,0.788004146144399,0.8571428571428571,0.7128731101451928,0.2839575275116225,0.33125,160,19.6,3.8,3.8,4.8,13.0,5.2,5.6,7.2,25.2,6.0,10.2,13.8,0.13362041467304625,0.8663795853269537,0.0,0.0,UR,0.4975241783988171,0.0,0.14375,0.0,0.0,UR,4.6,12,0.0,1.0,0.0,0.0,0.0
size7_comp0.4_grid5_walls1_low,7,0.4,5,low,walls1,reshuffled_walls,5,6,11,3,5,1,1,1,5,2,0,3,0.4,0.0,0.6,0.0,17.8,0.39325842696629215,0.453125,0.24,0.0,1.0361497259364458,0.27799500009615413,0.48132764241928394,1.0688251413652838,0.3790840910402102,0.4138552249268688,0.9462923335071411,0.0,0.6668767905234254,0.27259892154629,0.39325842696629215,89,5.6,1.8,5.8,4.6,5.2,4.2,3.2,4.2,11.8,3.6,1.4,5.4,0.2966666666666667,0.10333333333333332,0.4,0.0,DL,0.32958377328006006,0.025,0.0,0.0,0.0,UL,0.4,1,0.0,0.0,0.0,0.0,0.0
size7_comp0.4_grid6_RandomStart_2_1_low,7,0.4,6,low,RandomStart_2_1,random_starts,8,4,12,4,4,1,1,1,5,1,1,1,0.2,0.2,0.2,0.2,24.6,0.44715447154471544,0.4396551724137931,0.5714285714285714,0.12631578947368421,0.9256829367071319,0.3157894736842105,0.3011376632004198,1.0446453308920676,0.3333333333333333,0.309327428990831,0.4795739585136224,0.25,0.2704260414863776,0.14088448353421126,0.44715447154471544,123,6.2,5.8,3.6,9.0,6.0,5.2,6.4,6.0,15.8,4.4,0.0,7.4,0.2380870279146141,0.640008210180624,0.05333333333333333,0.06857142857142857,UR,0.6139481483285113,0.025,0.18552631578947368,0.031578947368421054,0.010526315789473684,UR,3.4,5,0.2,0.0,0.0,0.0,0.0
size7_comp0.4_grid6_RandomStart_5_1_low,7,0.4,6,low,RandomStart_5_1,random_starts,5,4,9,7,4,1,1,1,1,0,0,0,0.0,0.0,0.0,0.0,32.0,0.375,0.375,0.0,0.0,1.32078415215917,0.2857142857142857,0.40843664012447645,1.32078415215917,0.2857142857142857,0.40843664012447645,0.0,0.0,0.0,0.38690476190476186,0.375,32,7.0,13.0,6.0,6.0,6.0,10.0,10.0,5.0,25.0,1.0,0.0,9.0,0.0,1.0,0.0,0.0,UR,0.0,0.0,0.09375,0.0,0.0,UR,2.0,2,1.0,0.0,0.0,0.0,0.0
size7_comp0.4_grid6_ReflectEnv_low,7,0.4,6,low,ReflectEnv,reflect,6,4,10,6,4,1,1,1,10,2,1,0,0.2,0.1,0.0,0.1,31.6,0.29430379746835444,0.28,0.5625,0.03571428571428571,1.0495136461331587,0.3157894736842105,0.45971682571286654,1.1637778202829931,0.35714285714285715,0.5083446822088058,0.7295739585136224,0.2,0.3235588275242366,0.20703757484272606,0.29430379746835444,316,8.5,5.5,5.0,12.6,8.4,8.0,7.5,6.7,24.3,5.6,0.3,14.0,0.12371759627098891,0.739139546586154,0.09714285714285714,0.04,UR,0.5324626064360928,0.003125,0.375,0.009821428571428571,0.007142857142857143,UR,6.1,12,0.0,0.2,0.0,0.0,0.0
size7_comp0.4_grid6_RotateEnv_low,7,0.4,6,low,RotateEnv,rotate,6,4,10,6,4,1,1,1,10,8,6,0,0.8,0.6,0.0,0.6,27.9,0.45161290322580644,0.4797979797979798,0.38271604938271603,0.24236869462675914,1.0872088002829265,0.3333333333333333,0.2932960352919404,1.171270891474329,0.4166666666666667,0.2907973488914744,0.9190846179001219,0.16666666666666666,0.2982934080928724,0.30300141040205325,0.45161290322580644,279,5.0,5.5,2.6,14.8,9.1,6.6,6.7,4.5,17.6,3.5,2.6,10.8,0.26723866825182613,0.5968473159394212,0.028000000000000004,0.10791401580875266,UR,1.1456803707187162,0.004,0.27646607976849913,0.0,0.0047619047619047615,UR,5.9,12,0.1,0.9,0.0,0.0,0.0
size7_comp0.4_grid6_StartGoalSwap_low,7,0.4,6,low,StartGoalSwap,start_goal_swap,4,6,10,6,4,1,1,1,10,8,5,0,0.8,0.5,0.0,0.5,29.2,0.4452054794520548,0.4303030303030303,0.4645669291338583,0.19114748181464822,1.0283684795248618,0.15205661768947976,0.3139182852954066,1.2804898672756255,0.16666666666666666,0.28978810474923367,0.8908477225698997,0.14408750006555965,0.3270802019569555,0.08751836772008376,0.4452054794520548,292,6.7,7.7,6.2,8.6,8.9,6.7,7.5,5.1,20.5,3.9,1.0,10.5,0.11300002457123201,0.0,0.8410841423225325,0.04591583310623558,DL,0.6319100895238845,0.022239748181464822,0.0,0.15036474818146484,0.0,DL,2.3,6,1.0,0.0,0.0,0.0,0.0
size7_comp0.4_grid6_TransposeEnv_low,7,0.4,6,low,TransposeEnv,transpose,6,4,10,6,4,1,1,1,10,8,6,0,0.8,0.6,0.0,0.6,24.4,0.5163934426229508,0.5,0.5909090909090909,0.3299714804252009,1.1876659408002257,0.3333333333333333,0.2914222028984412,1.4004808363414047,0.36363636363636365,0.3022109227467881,0.6024249780619833,0.25,0.26175322331548717,0.2039577584609646,0.5163934426229508,244,7.7,4.9,3.9,7.9,7.6,7.1,3.8,4.9,13.7,3.4,0.1,7.3,0.0,0.1911278195488722,0.47266081871345034,0.3362113617376775,DL,1.2017576967669026,0.0,0.10621597096188748,0.028749999999999998,0.04862214804252009,UR,2.6,6,0.7,0.1,0.0,0.0,0.0
size7_comp0.4_grid6_base_low,7,0.4,6,low,base,base,6,4,10,6,4,1,1,1,10,3,3,0,0.3,0.3,0.0,0.3,29.5,0.31864406779661014,0.2939068100358423,0.75,0.13105413105413105,1.1574179780263738,0.26666666666666666,0.2845988108961502,1.4472023241886451,0.3,0.3700530401699184,0.5778492857018316,0.2,0.1136903523486138,0.10059423008814489,0.31864406779661014,295,5.9,6.8,3.5,13.3,10.9,6.4,6.8,4.4,21.8,2.9,0.0,15.0,0.0,0.877534965034965,0.04393939393939394,0.07852564102564101,UR,0.4329725034379721,0.0,0.34502314814814816,0.014957264957264956,0.013105413105413105,UR,7.4,14,1.0,0.0,0.0,0.0,0.0
size7_comp0.4_grid6_walls1_low,7,0.4,6,low,walls1,reshuffled_walls,6,4,10,6,3,1,1,1,2,1,0,0,0.5,0.0,0.0,0.0,32.0,0.328125,0.3157894736842105,0.42857142857142855,0.0,0.693265491877741,0.07692307692307693,0.31180301700907864,0.8902723771567369,0.1111111111111111,0.30468456629543217,0.25,0.0,0.32781953111478324,0.09422387648194099,0.328125,64,6.0,6.5,8.0,11.5,9.0,9.0,7.5,5.5,23.0,2.5,0.0,17.0,0.0,0.8541666666666667,0.10416666666666667,0.041666666666666664,UR,0.561303984200316,0.0,0.484375,0.046875,0.0,UR,10.0,11,1.0,0.0,0.0,0.0,0.0
size7_comp0.4_grid7_RandomStart_3_2_low,7,0.4,7,low,RandomStart_3_2,random_starts,2,4,6,2,2,1,1,1,5,3,2,0,0.6,0.4,0.0,0.4,26.0,0.25384615384615383,0.15492957746478872,0.3728813559322034,0.1457142857142857,0.6982177941376643,0.5294117647058824,0.6123681388204113,0.6055281446935851,0.5714285714285714,0.6350782605467123,0.7631005487485196,0.5,0.5964710536120006,0.14949195364420276,0.25384615384615383,130,13.8,2.0,3.2,7.0,9.4,7.4,5.6,2.6,19.2,2.0,0.0,15.6,0.3988095238095238,0.6011904761904762,0.0,0.0,UR,0.44229110690271317,0.05428571428571429,0.35,0.0,0.0,UR,8.6,26,0.0,0.0,0.0,0.0,0.0
size7_comp0.4_grid7_RandomStart_5_5_low,7,0.4,7,low,RandomStart_5_5,random_starts,3,4,7,7,0,1,1,1,5,4,2,0,0.8,0.4,0.0,0.4,28.6,0.35664335664335667,0.358974358974359,0.35384615384615387,0.12901960784313724,0.7891846309815074,0.34782608695652173,0.48164189882152436,0.8618339210303231,0.23076923076923078,0.4170955766434497,0.6947405539180469,0.5,0.5655521176530215,0.14408587631650013,0.35664335664335667,143,15.0,2.6,6.4,4.6,11.2,6.6,5.8,4.0,18.4,2.4,0.4,12.4,0.2657777777777778,0.42444444444444446,0.13999999999999999,0.16977777777777775,UR,1.2018374823393598,0.025098039215686273,0.17144607843137255,0.0125,0.03718137254901961,UR,4.8,12,0.0,0.0,0.0,0.0,0.0
size7_comp0.4_grid7_ReflectEnv_low,7,0.4,7,low,ReflectEnv,reflect,7,4,11,11,0,1,1,1,10,10,6,0,1.0,0.6,0.0,0.6,27.1,0.5202952029520295,0.48223350253807107,0.6216216216216216,0.2832457757296467,0.9419505103031985,0.2222222222222222,0.23771104193787312,1.1552754838539794,0.0,0.27682857130578836,0.806198254407247,0.36363636363636365,0.21281806870374528,0.16789119068812552,0.5202952029520295,271,10.8,4.5,6.4,5.4,8.7,3.9,6.1,7.4,15.8,4.9,2.0,8.3,0.053274384714013204,0.07305109922756982,0.4109235052813573,0.4627510107770597,DR,1.275033251770814,0.0,0.01367741935483871,0.08724923195084486,0.0,DL,1.8,3,0.5,0.0,0.0,0.0,0.0
size7_comp0.4_grid7_RotateEnv_low,7,0.4,7,low,RotateEnv,rotate,7,4,11,11,0,1,1,1,10,1,1,0,0.1,0.1,0.0,0.1,31.0,0.2838709677419355,0.27181208053691275,0.5833333333333334,0.05,0.8971682851860651,0.08333333333333333,0.3384085459938579,0.9665742031761114,0.0,0.435027203506028,0.8,0.2,0.20314242547681957,0.2752927548903516,0.2838709677419355,310,18.0,1.2,6.1,5.7,13.4,5.5,6.0,5.1,24.5,3.6,0.4,18.3,0.01,0.5726113671274962,0.01,0.4073886328725038,UR,0.814085828517673,0.0,0.39005681818181814,0.0,0.0,UR,7.8,21,0.3,0.0,0.0,0.0,0.0
size7_comp0.4_grid7_StartGoalSwap_low,7,0.4,7,low,StartGoalSwap,start_goal_swap,4,7,11,11,0,1,1,1,10,7,0,0,0.7,0.0,0.0,0.0,32.0,0.253125,0.2754491017964072,0.22875816993464052,0.0,0.8356641834996796,0.21739130434782608,0.4404937202869976,1.0222020392296491,0.3,0.436485716651202,0.6921735252458571,0.15384615384615385,0.4435768000068404,0.21405114300102274,0.253125,320,11.7,8.3,2.1,9.9,13.6,6.3,7.1,4.0,23.4,3.1,2.1,18.6,0.22928979420859288,0.7434374785186799,0.00909090909090909,0.01818181818181818,UR,0.6054441901877842,0.0,0.321875,0.003125,0.003125,UR,9.0,24,0.1,0.0,0.0,0.0,0.0
size7_comp0.4_grid7_TransposeEnv_low,7,0.4,7,low,TransposeEnv,transpose,7,4,11,11,0,1,1,1,10,0,0,0,0.0,0.0,0.0,0.0,32.0,0.121875,0.121875,0.0,0.0,0.8766638076781802,0.0,0.7710269188330988,0.8766638076781802,0.0,0.7710269188330988,0.0,0.0,0.0,0.5321244000041468,0.121875,320,23.8,2.7,2.5,3.0,17.9,4.0,4.2,4.9,28.9,2.2,0.0,24.4,0.0,1.0,0.0,0.0,UR,0.0,0.0,0.740625,0.0,0.0,UR,15.0,28,1.0,0.0,0.0,0.0,0.0
size7_comp0.4_grid7_base_low,7,0.4,7,low,base,base,7,4,11,11,0,1,1,1,10,1,0,0,0.1,0.0,0.0,0.0,32.0,0.321875,0.31962025316455694,0.5,0.0,0.8230270657422165,0.26666666666666666,0.5070685756663804,0.9454504988444373,0.16666666666666666,0.4828958758780479,0.3333333333333333,0.6666666666666666,0.603759374819711,0.12916147506940345,0.321875,320,10.4,9.6,6.2,5.8,7.7,8.3,5.2,9.8,26.6,6.6,0.0,13.0,0.0,0.09347290640394088,0.8816218264494127,0.024905267146646454,DL,0.20296764685102414,0.0,0.053125,0.2875,0.00625,DL,6.6,12,0.9,0.0,0.0,0.0,0.0
size7_comp0.4_grid7_walls0_low,7,0.4,7,low,walls0,reshuffled_walls,3,4,7,3,2,1,1,1,5,4,3,0,0.8,0.6,0.0,0.6,25.6,0.4296875,0.37755102040816324,0.6,0.225,0.9776297918484201,0.3076923076923077,0.37830474771151396,1.2897885036601597,0.3333333333333333,0.4167877189023676,0.7100651817240718,0.2857142857142857,0.3453193438336394,0.06348443223443222,0.4296875,128,9.8,7.8,5.2,2.8,7.4,4.0,5.0,8.2,18.6,5.6,1.4,8.6,0.12083333333333332,0.0,0.8791666666666668,0.0,DL,0.32774436598737033,0.013392857142857142,0.0,0.20416666666666666,0.0,DL,5.2,18,1.0,0.0,0.0,0.0,0.0
size7_comp0.4_grid7_walls1_low,7,0.4,7,low,walls1,reshuffled_walls,3,4,7,3,2,1,1,1,4,1,0,0,0.25,0.0,0.0,0.0,32.0,0.3984375,0.411214953271028,0.3333333333333333,0.0,0.790249794217472,0.41156015629507225,0.5169609523922527,1.0437933537166764,0.5,0.4738548544349748,0.3676771950521313,0.26416041678685936,0.5888044489877159,0.22925330388565685,0.3984375,128,12.5,9.75,5.75,4.0,8.75,4.5,7.75,10.0,24.5,8.0,0.0,7.5,0.11956521739130435,0.08695652173913043,0.7934782608695652,0.0,DL,0.36943670852501115,0.0234375,0.0,0.1328125,0.0,DL,2.25,5,0.75,0.0,0.0,0.0,0.0
size7_comp0.4_grid8_RandomStart_4_2_low,7,0.4,8,low,RandomStart_4_2,random_starts,4,5,9,3,3,1,1,1,4,2,1,1,0.5,0.25,0.25,0.25,26.5,0.3490566037735849,0.3424657534246575,0.36363636363636365,0.09782608695652174,0.6210720429776792,0.3684210526315789,0.45544947224652094,0.7748403541265684,0.2727272727272727,0.4097830558775666,0.4096406151479566,0.5,0.5182407947538331,0.2121718035333596,0.3490566037735849,106,10.0,5.25,6.0,5.25,12.0,3.75,5.25,4.5,18.25,3.25,0.5,11.25,0.24479166666666666,0.6590544871794872,0.0,0.09615384615384616,UR,0.7570251574633781,0.0078125,0.010869565217391304,0.0,0.0,UR,0.5,1,0.75,0.0,0.0,0.0,0.0
size7_comp0.4_grid8_RandomStart_5_5_low,7,0.4,8,low,RandomStart_5_5,random_starts,8,5,13,7,3,1,1,1,4,2,1,0,0.5,0.25,0.0,0.25,30.25,0.4132231404958678,0.3805309734513274,0.875,0.13,0.7556962685519125,0.3157894736842105,0.32807318019062787,1.1965190918738615,0.16666666666666666,0.3323564938154499,0.0,0.5714285714285714,0.3207303568337902,0.10231866215245719,0.4132231404958678,121,9.0,5.25,7.0,9.0,10.0,7.0,6.0,6.25,20.0,4.5,0.25,11.75,0.07142857142857142,0.6888957816377171,0.0,0.23967564693371143,UR,0.8726255923445437,0.01,0.2109375,0.0,0.0334375,UR,4.5,12,0.25,0.0,0.0,0.0,0.0
size7_comp0.4_grid8_ReflectEnv_low,7,0.4,8,low,ReflectEnv,reflect,5,5,10,4,3,1,1,1,10,5,4,4,0.5,0.4,0.4,0.4,17.5,0.5028571428571429,0.4462809917355372,0.6296296296296297,0.23990683229813664,0.9269063848959115,0.3793103448275862,0.34999276493498027,0.8836841701461283,0.3157894736842105,0.3640910272081152,1.0090285929204996,0.5,0.323206066616024,0.1437975817286162,0.5028571428571429,175,3.9,5.2,2.0,6.4,5.8,3.2,4.5,3.0,9.5,2.6,0.9,4.5,0.5485714285714286,0.2652380952380952,0.14333333333333334,0.04285714285714286,UL,0.8732470025016884,0.0038461538461538464,0.022916666666666665,0.07716346153846154,0.003125,DL,1.7,11,0.7,0.0,0.0,0.0,0.0
size7_comp0.4_grid8_RotateEnv_low,7,0.4,8,low,RotateEnv,rotate,5,5,10,4,3,1,1,1,10,5,5,1,0.5,0.5,0.1,0.5,24.4,0.4180327868852459,0.37222222222222223,0.546875,0.23860727086533537,0.8965453660029179,0.3181818181818182,0.33648964262033076,0.8965376871134793,0.2857142857142857,0.35888669905374393,0.8965588040594352,0.375,0.29729479386185775,0.1711347982584943,0.4180327868852459,244,3.3,5.1,5.3,10.7,8.4,5.9,4.1,5.0,16.8,3.8,2.4,8.7,0.43939586244925516,0.3691511460977534,0.14700854700854699,0.04444444444444444,UL,0.8334408424633732,0.0,0.190625,0.003125,0.0,UR,2.5,11,0.6,0.0,0.0,0.0,0.0
size7_comp0.4_grid8_StartGoalSwap_low,7,0.4,8,low,StartGoalSwap,start_goal_swap,5,5,10,4,3,1,1,1,10,9,8,1,0.9,0.8,0.1,0.8,19.2,0.6458333333333334,0.6823529411764706,0.616822429906542,0.47119087084023975,0.8661530859626505,0.3870967741935484,0.24846484121185977,0.8809340279520292,0.4,0.23667016060683504,0.8522959528476081,0.375,0.2595223542790705,0.13103350599844288,0.6458333333333334,192,5.0,5.1,2.8,6.3,6.0,3.9,4.1,4.2,9.9,3.5,1.3,3.1,0.3688376068376068,0.355482905982906,0.2756794871794872,0.0,UL,1.1392763313987124,0.0,0.058951612903225814,0.0653015427769986,0.0,DL,1.5,4,0.4,0.0,0.0,0.0,0.0
size7_comp0.4_grid8_TransposeEnv_low,7,0.4,8,low,TransposeEnv,transpose,5,5,10,4,3,1,1,1,10,5,3,0,0.5,0.3,0.0,0.3,30.5,0.47540983606557374,0.47843137254901963,0.46,0.11458333333333333,1.0199962981390513,0.3333333333333333,0.31820965777561205,1.3572406136956652,0.3,0.32380595411127383,0.5984409036932844,0.375,0.3112142873560349,0.24614580105594328,0.47540983606557374,305,11.2,7.9,5.7,5.7,7.4,6.5,7.4,8.2,21.6,7.3,0.4,6.7,0.0047619047619047615,0.11499999999999999,0.8802380952380953,0.0,DL,0.1556469145696353,0.0,0.05833333333333333,0.084375,0.0,DL,3.5,15,0.9,0.0,0.0,0.0,0.0
size7_comp0.4_grid8_base_low,7,0.4,8,low,base,base,5,5,10,4,3,1,1,1,10,1,1,0,0.1,0.1,0.0,0.1,31.8,0.25471698113207547,0.24281150159744408,1.0,0.03333333333333333,1.0051345173888706,0.3125,0.3277463866902615,1.462013843474721,0.2727272727272727,0.4201259943750836,0.0,0.4,0.12451124978365313,0.20966337128140944,0.25471698113207547,318,12.1,5.1,4.2,10.4,10.1,7.7,7.7,5.3,25.4,2.9,0.1,17.1,0.026666666666666665,0.9733333333333333,0.0,0.0,UR,0.12817973575152522,0.0,0.441875,0.0,0.0,UR,7.7,15,1.0,0.0,0.0,0.0,0.0
size7_comp0.4_grid8_walls0_low,7,0.4,8,low,walls0,reshuffled_walls,5,5,10,6,4,1,1,1,2,0,0,0,0.0,0.0,0.0,0.0,32.0,0.3125,0.3125,0.0,0.0,1.24188358879284,0.5714285714285714,0.4740072234285912,1.24188358879284,0.5714285714285714,0.4740072234285912,0.0,0.0,0.0,0.356547619047619,0.3125,64,5.5,6.5,5.0,15.0,13.0,1.5,10.0,6.5,26.0,3.5,0.0,15.0,0.0,0.9827586206896552,0.0,0.017241379310344827,UR,0.10819846622563231,0.0,0.25,0.0,0.0,UR,6.0,9,1.0,0.0,0.0,0.0,0.0
size7_comp0.4_grid8_walls1_low,7,0.4,8,low,walls1,reshuffled_walls,5,5,10,6,3,1,1,1,3,1,0,0,0.3333333333333333,0.0,0.0,0.0,32.0,0.46875,0.45555555555555555,0.6666666666666666,0.0,1.0134000308788451,0.3333333333333333,0.3493564702549448,1.2000909511984252,0.45454545454545453,0.41979916408235524,0.5,0.0,0.15563906222956642,0.21759259259259256,0.46875,96,11.0,11.0,5.0,5.0,9.666666666666666,3.6666666666666665,6.666666666666667,11.0,22.666666666666668,9.333333333333334,0.0,5.0,0.0,0.5600036310820624,0.06172839506172839,0.37826797385620914,UR,1.037764924384915,0.0,0.08333333333333333,0.020833333333333332,0.0,UR,2.0,3,0.6666666666666666,0.0,0.0,0.0,0.0
size7_comp0.4_grid9_RandomStart_1_2_low,7,0.4,9,low,RandomStart_1_2,random_starts,4,5,9,1,4,1,1,1,3,2,2,1,0.6666666666666666,0.6666666666666666,0.3333333333333333,0.6666666666666666,10.666666666666666,0.65625,0.6111111111111112,0.7142857142857143,0.4227272727272728,0.4246542516917845,0.42857142857142855,0.2664122025389,0.45065701057509167,0.4444444444444444,0.2800582755557629,0.3778492857018316,0.4,0.2418492711085467,0.12142857142857146,0.65625,32,3.3333333333333335,2.0,2.6666666666666665,2.6666666666666665,3.6666666666666665,2.0,3.6666666666666665,0.3333333333333333,5.0,0.3333333333333333,1.6666666666666667,2.3333333333333335,1.0,0.0,0.0,0.0,UL,0.0,0.0,0.0,0.0,0.0,,0.0,0,1.0,0.0,0.0,0.0,0.0
size7_comp0.4_grid9_RandomStart_3_2_low,7,0.4,9,low,RandomStart_3_2,random_starts,2,5,7,3,2,1,1,1,5,5,5,0,1.0,1.0,0.0,1.0,13.6,0.5882352941176471,0.7647058823529411,0.5294117647058824,0.5955917874396135,0.49988223745948,0.36363636363636365,0.21649356177831072,0.5029888557118869,0.25,0.15787577826428909,0.49810702702953324,0.42857142857142855,0.24998943807203736,0.08992522628886265,0.5882352941176471,68,7.6,2.4,2.8,0.8,6.6,2.8,1.4,1.8,8.0,1.8,1.2,4.6,0.9,0.1,0.0,0.0,UL,0.2,0.0,0.0,0.0,0.0,,0.0,0,0.0,0.0,0.0,0.0,0.0
size7_comp0.4_grid9_ReflectEnv_low,7,0.4,9,low,ReflectEnv,reflect,4,5,9,3,3,1,1,1,10,4,4,6,0.4,0.4,0.6,0.4,12.7,0.5275590551181102,0.4375,0.8064516129032258,0.22094861660079052,0.8176604191393553,0.4117647058823529,0.359004855531335,1.0743675464752838,0.3333333333333333,0.391157731727953,0.5288649008864357,0.5,0.3228328698101398,0.09433356676003735,0.5275590551181102,127,4.3,3.0,1.2,4.2,3.7,3.1,2.3,2.6,6.8,2.1,0.4,2.3,0.2164224664224664,0.7835775335775336,0.0,0.0,UR,0.7069376148031519,0.0,0.0,0.0,0.0,,0.0,0,0.0,0.0,0.0,0.0,0.0
size7_comp0.4_grid9_RotateEnv_low,7,0.4,9,low,RotateEnv,rotate,4,5,9,3,3,1,1,1,10,5,0,4,0.5,0.0,0.4,0.0,22.3,0.4260089686098655,0.5333333333333333,0.30097087378640774,0.0,0.9309672774833572,0.4444444444444444,0.4423620052284593,0.9448671663475382,0.3333333333333333,0.25703491118850397,0.9170673886191764,0.5555555555555556,0.6276890992684145,0.15839219050425946,0.4260089686098655,223,7.2,6.4,2.7,6.0,5.0,4.3,5.7,6.3,13.5,5.0,1.8,4.0,0.21217171717171718,0.3296212121212121,0.4540404040404041,0.004166666666666667,DL,0.907893987181773,0.0,0.0875,0.0,0.0,UR,1.8,7,0.1,0.0,0.0,0.0,0.0
size7_comp0.4_grid9_StartGoalSwap_low,7,0.4,9,low,StartGoalSwap,start_goal_swap,5,4,9,3,3,1,1,1,10,7,7,3,0.7,0.7,0.3,0.7,13.3,0.6466165413533834,0.6811594202898551,0.609375,0.3787458193979933,0.6971243061137065,0.43478260869565216,0.2246579525888738,0.8419707654163406,0.5,0.23782741590867346,0.5857039528039879,0.38461538461538464,0.21452759618902786,0.10918501788067005,0.6466165413533834,133,2.8,2.7,2.5,5.3,5.4,2.3,3.0,1.6,6.7,1.4,2.0,2.7,0.9466666666666667,0.0,0.02,0.03333333333333333,UL,0.1640223928941852,0.14208286882199925,0.0,0.0,0.0,UL,1.0,1,1.0,0.0,0.0,0.0,0.0
size7_comp0.4_grid9_TransposeEnv_low,7,0.4,9,low,TransposeEnv,transpose,4,5,9,3,3,1,1,1,10,8,4,0,0.8,0.4,0.0,0.4,28.9,0.3771626297577855,0.39444444444444443,0.3486238532110092,0.16368400621118012,0.8986842359279223,0.3684210526315789,0.42428566648513855,0.9845142439974932,0.38461538461538464,0.4116035305172926,0.7127192184438521,0.3333333333333333,0.45176362774880463,0.2699012704888328,0.3771626297577855,289,12.4,8.2,3.9,4.4,12.1,4.9,5.7,5.2,20.1,3.9,2.3,13.8,0.23351449275362318,0.11805555555555555,0.5841442374051069,0.06428571428571428,DL,0.8664702403369422,0.0,0.0,0.06739130434782609,0.0,DL,1.4,5,0.5,0.0,0.0,0.0,0.0
size7_comp0.4_grid9_base_low,7,0.4,9,low,base,base,4,5,9,3,3,1,1,1,10,4,1,0,0.4,0.1,0.0,0.1,32.0,0.15625,0.12403100775193798,0.2903225806451613,0.028125,0.7052133186679783,0.25,0.44942860769104725,0.8564932094522874,0.16666666666666666,0.4372505151897086,0.5539334278836694,0.3333333333333333,0.461606700192386,0.3686966260810933,0.15625,320,23.3,2.1,2.6,4.0,18.9,6.0,4.0,2.1,28.2,1.1,0.5,24.6,0.023202614379084968,0.9767973856209149,0.0,0.0,UR,0.09818382462259631,0.0,0.475,0.0,0.0,UR,13.1,27,1.0,0.0,0.0,0.0,0.0
size7_comp0.4_grid9_walls1_low,7,0.4,9,low,walls1,reshuffled_walls,4,5,9,7,1,1,1,1,1,0,0,0,0.0,0.0,0.0,0.0,32.0,0.1875,0.1875,0.0,0.0,0.6644104857709785,0.2,0.369799471187477,0.6644104857709785,0.2,0.369799471187477,0.0,0.0,0.0,0.3678362573099415,0.1875,32,21.0,5.0,3.0,3.0,19.0,7.0,2.0,3.0,27.0,1.0,0.0,24.0,0.0,1.0,0.0,0.0,UR,0.0,0.0,0.59375,0.0,0.0,UR,16.0,16,1.0,0.0,0.0,0.0,0.0
size7_comp0.6_grid0_RandomStart_4_2_low,7,0.6,0,low,RandomStart_4_2,random_starts,2,3,5,3,1,1,1,1,5,2,2,0,0.4,0.4,0.0,0.4,24.4,0.22131147540983606,0.1941747572815534,0.3684210526315789,0.15476190476190477,1.0127538812533077,0.4166666666666667,0.47301685810517863,1.3575748790559055,0.5714285714285714,0.5839300540082528,0.5300044843296708,0.2,0.3177383838408748,0.31327160493827166,0.22131147540983606,122,12.4,1.8,3.2,7.0,8.8,6.6,6.4,1.6,19.2,0.6,0.0,14.4,0.0,1.0,0.0,0.0,UR,0.0,0.0,0.3375,0.0,0.0,UR,8.0,30,1.0,0.0,0.0,0.0,0.0
size7_comp0.6_grid0_RandomStart_4_3_low,7,0.6,0,low,RandomStart_4_3,random_starts,1,3,4,4,0,1,1,1,5,4,4,0,0.8,0.8,0.0,0.8,14.0,0.4,0.39473684210526316,0.40625,0.3377777777777778,0.7629750227433986,0.4166666666666667,0.5215088095421648,0.8870381496426228,0.5714285714285714,0.6542290485910713,0.5892866450844844,0.2,0.33570047487369564,0.3025132275132275,0.4,70,7.8,1.0,3.2,2.0,5.6,3.2,2.0,2.2,8.8,1.4,0.0,5.6,0.0,0.6,0.0,0.0,UR,0.0,0.0,0.04375,0.0,0.0,UR,0.8,4,0.0,0.0,0.0,0.0,0.0
size7_comp0.6_grid0_ReflectEnv_low,7,0.6,0,low,ReflectEnv,reflect,5,3,8,8,0,1,1,1,10,9,8,0,0.9,0.8,0.0,0.8,22.7,0.4889867841409692,0.4293193717277487,0.8055555555555556,0.3345020469726352,0.8241651117084202,0.3076923076923077,0.3207547019404494,1.0645391711847494,0.14285714285714285,0.39962634328981067,0.5437287089860361,0.5,0.2287377870328613,0.17056037060208357,0.4889867841409692,227,8.3,5.2,4.5,4.7,5.1,4.3,6.8,5.5,15.0,4.5,0.3,7.9,0.032692307692307694,0.0,0.9673076923076923,0.0,DL,0.12025216880883885,0.0,0.0,0.1268722796811032,0.0,DL,1.8,5,1.0,0.0,0.0,0.0,0.0
size7_comp0.6_grid0_RotateEnv_low,7,0.6,0,low,RotateEnv,rotate,5,3,8,8,0,1,1,1,10,6,0,0,0.6,0.0,0.0,0.0,32.0,0.290625,0.2777777777777778,0.3382352941176471,0.0,0.9827262574301083,0.35294117647058826,0.4337788226148709,0.9069839864203593,0.2222222222222222,0.35538181827361986,1.067936312316076,0.5,0.5219754524987782,0.32423605805958744,0.290625,320,15.5,2.9,6.5,7.1,13.3,7.1,4.4,6.2,25.4,4.6,0.3,16.6,0.07652661064425771,0.9234733893557424,0.0,0.0,UR,0.26594460594401914,0.0,0.240625,0.0,0.0,UR,4.8,13,1.0,0.0,0.0,0.0,0.0
size7_comp0.6_grid0_StartGoalSwap_low,7,0.6,0,low,StartGoalSwap,start_goal_swap,3,5,8,8,0,1,1,1,10,7,3,0,0.7,0.3,0.0,0.3,28.6,0.3881118881118881,0.3623853211009174,0.47058823529411764,0.1253639846743295,1.1323236479826788,0.3157894736842105,0.31283608424272297,1.2589347897080754,0.4,0.3706092201272738,0.9916446016211271,0.2222222222222222,0.24864371103766642,0.10548437182237161,0.3881118881118881,286,6.1,5.5,3.8,13.2,9.9,4.9,7.9,4.9,19.1,3.6,0.7,10.7,0.09765453007061148,0.8295969319176925,0.0,0.07274853801169591,UR,0.6104115502505527,0.003125,0.28286637931034486,0.0,0.015670498084291187,UR,5.9,13,0.0,0.0,0.0,0.0,0.0
size7_comp0.6_grid0_TransposeEnv_low,7,0.6,0,low,TransposeEnv,transpose,5,3,8,8,0,1,1,1,10,2,2,0,0.2,0.2,0.0,0.2,28.3,0.1519434628975265,0.13138686131386862,0.7777777777777778,0.12272727272727273,0.5987200827310994,0.14285714285714285,0.3465656842443832,0.7181983693534336,0.0,0.41413452238031745,0.3836591668108979,0.4,0.22494177559970163,0.24086256218742605,0.1519434628975265,283,18.7,2.7,5.8,1.1,15.1,3.1,5.4,3.7,23.0,1.7,0.1,19.1,0.0,0.6918572825024438,0.01111111111111111,0.29703160638644505,UR,0.43709306642198414,0.0,0.46875,0.0,0.01534090909090909,UR,9.9,20,0.2,0.0,0.0,0.0,0.0
size7_comp0.6_grid0_base_low,7,0.6,0,low,base,base,5,3,8,8,0,1,1,1,10,2,2,0,0.2,0.2,0.0,0.2,30.3,0.2871287128712871,0.28832116788321166,0.27586206896551724,0.06836363636363636,1.0105875449386,0.2631578947368421,0.45081309506601985,1.2636134470698948,0.3076923076923077,0.5045632236323144,0.46236475698746055,0.16666666666666666,0.33435448317238164,0.272101977829532,0.2871287128712871,303,14.6,5.1,5.9,4.7,9.6,6.0,5.6,8.1,23.5,5.1,0.0,13.8,0.0,0.2740937223695844,0.4690566237618518,0.2568496538685638,DL,0.4772795718311952,0.0,0.113375,0.13125,0.021045454545454544,DL,5.9,22,0.2,0.0,0.0,0.0,0.0
size7_comp0.6_grid0_walls0_low,7,0.6,0,low,walls0,reshuffled_walls,3,3,6,6,0,1,1,1,2,1,1,0,0.5,0.5,0.0,0.5,27.5,0.34545454545454546,0.3137254901960784,0.75,0.13043478260869565,0.7399673477413817,0.0,0.32198904228834446,0.9839477563862108,0.0,0.45292684276952466,0.3333333333333333,0.0,0.10375937481971094,0.39824561403508774,0.34545454545454546,55,6.0,2.5,13.0,6.0,4.0,9.5,6.0,7.0,21.5,6.5,0.0,11.0,0.0,0.0,0.9333333333333333,0.06666666666666667,DL,0.3399189469539067,0.0,0.0,0.31521739130434784,0.0,DL,3.5,4,0.0,0.0,0.0,0.0,0.0
size7_comp0.6_grid1_RandomStart_1_5_low,7,0.6,1,low,RandomStart_1_5,random_starts,3,8,11,7,3,1,1,1,3,3,0,0,1.0,0.0,0.0,0.0,32.0,0.40625,0.7692307692307693,0.3493975903614458,0.0,1.0640692169569816,0.18464017862293972,0.47537638355333894,0.6976262297806771,0.0,0.11482811460187603,1.1640082134596101,0.23499659097465056,0.5737077296310106,0.45558608058608063,0.40625,96,10.666666666666666,8.666666666666666,5.666666666666667,7.0,8.333333333333334,5.0,8.333333333333334,9.333333333333334,23.666666666666668,7.0,8.666666666666666,10.333333333333334,0.4598506069094304,0.0,0.5401493930905695,0.0,DL,0.7714725757014748,0.052083333333333336,0.0,0.041666666666666664,0.0,UL,1.6666666666666667,2,0.3333333333333333,0.6666666666666666,0.0,0.0,0.0
size7_comp0.6_grid1_RandomStart_3_1_low,7,0.6,1,low,RandomStart_3_1,random_starts,5,8,13,3,5,1,1,1,1,0,0,0,0.0,0.0,0.0,0.0,32.0,0.1875,0.1875,0.0,0.0,0.9690021857090739,0.0,0.6459605031171527,0.9690021857090739,0.0,0.6459605031171527,0.0,0.0,0.0,0.39646464646464646,0.1875,32,10.0,5.0,16.0,1.0,13.0,8.0,6.0,4.0,28.0,4.0,0.0,20.0,0.0,1.0,0.0,0.0,UR,0.0,0.0,0.0,0.0,0.0,,0.0,0,0.0,0.0,0.0,0.0,0.0
size7_comp0.6_grid1_ReflectEnv_low,7,0.6,1,low,ReflectEnv,reflect,3,8,11,5,3,1,1,1,10,10,0,0,1.0,0.0,0.0,0.0,32.0,0.2875,0.5851063829787234,0.16371681415929204,0.0,1.0308810288608203,0.125,0.4271454381661133,1.1219170646020853,0.2857142857142857,0.2672286380258225,0.9600752232842811,0.0,0.5515251716085617,0.2802740931083177,0.2875,320,17.3,4.2,6.5,4.0,14.4,6.9,5.4,4.3,24.6,2.6,4.4,18.0,0.03125,0.7725133104443449,0.0,0.19623668955565507,UR,0.5543320153622375,0.003125,0.378125,0.0,0.0,UR,9.6,18,0.0,0.9,0.0,0.0,0.0
size7_comp0.6_grid1_RotateEnv_low,7,0.6,1,low,RotateEnv,rotate,3,8,11,5,3,1,1,1,10,10,8,0,1.0,0.8,0.0,0.8,24.1,0.5726141078838174,0.6375,0.5403726708074534,0.419312302340291,0.9464576363839259,0.11764705882352941,0.1862801296754085,0.8861103185533368,0.25,0.14693094593956954,1.0000996966777829,0.0,0.22125718188504317,0.23520376682141386,0.5726141078838174,241,8.6,3.1,8.1,4.3,8.4,4.9,5.7,4.1,14.7,3.3,2.7,7.0,0.27133699633699637,0.0,0.5102106227106227,0.21845238095238093,DL,0.9275062226131003,0.038119300212753726,0.0,0.16352445538332636,0.0035714285714285713,DL,4.1,10,0.0,0.6,0.0,0.0,0.0
size7_comp0.6_grid1_StartGoalSwap_low,7,0.6,1,low,StartGoalSwap,start_goal_swap,8,3,11,5,3,1,1,1,10,1,0,3,0.1,0.0,0.3,0.0,27.0,0.27037037037037037,0.27450980392156865,0.2,0.0,0.6331793439917976,0.29411764705882354,0.3885493580722625,0.7224304590151576,0.2857142857142857,0.34826893776534573,0.21667414054945136,0.3333333333333333,0.5765246528378741,0.14074947512265573,0.27037037037037037,270,13.5,3.5,8.6,1.4,11.2,5.5,5.2,4.1,21.4,1.9,0.1,16.5,0.004,0.908,0.06,0.028000000000000004,UR,0.14336624542334844,0.0,0.15378059440559438,0.0,0.0,UR,3.6,7,0.9,0.0,0.0,0.0,0.0
size7_comp0.6_grid1_TransposeEnv_low,7,0.6,1,low,TransposeEnv,transpose,3,8,11,5,3,1,1,1,10,10,4,0,1.0,0.4,0.0,0.4,29.1,0.4570446735395189,0.5,0.4423963133640553,0.18836659663865546,1.185420847351662,0.21833154765338839,0.3482546400125154,1.0152084706708948,0.125,0.28637807971217716,1.2901669253090575,0.2757663462093197,0.386332523274262,0.2351529817277977,0.4570446735395189,291,9.1,5.3,6.8,7.8,7.4,7.5,6.5,6.5,18.4,4.7,1.1,9.9,0.07564651707604998,0.6722176028081936,0.00909090909090909,0.24304497102484718,UR,0.9034920021607851,0.0,0.1390016233766234,0.0,0.009375,UR,3.3,13,0.0,0.0,0.0,0.0,0.0
size7_comp0.6_grid1_base_low,7,0.6,1,low,base,base,3,8,11,5,3,1,1,1,10,7,0,0,0.7,0.0,0.0,0.0,32.0,0.340625,0.3333333333333333,0.3475609756097561,0.0,1.281494553617005,0.19916458337339757,0.4363567595115693,1.2262798343238626,0.125,0.3163925816605469,1.3256663290515192,0.25849625007211563,0.5323281017923872,0.18611743041790274,0.340625,320,7.4,7.0,12.3,5.3,8.6,5.8,8.2,8.4,25.5,5.4,3.6,12.4,0.18924288130170486,0.2,0.5107571186982952,0.0,DL,0.47726171721651267,0.003125,0.0,0.03125,0.0,DL,0.7,2,0.0,0.2,0.0,0.0,0.0
size7_comp0.6_grid1_walls0_low,7,0.6,1,low,walls0,reshuffled_walls,3,6,9,7,3,1,1,1,4,4,1,0,1.0,0.25,0.0,0.25,27.5,0.4818181818181818,0.7647058823529411,0.43010752688172044,0.16071428571428573,0.8059523132694094,0.21088014710124448,0.34086745193507567,0.7049165786514845,0.0,0.11699566630670712,0.8276028278303933,0.25606875005151114,0.3888399774268689,0.09857299563181918,0.4818181818181818,110,7.5,6.5,6.75,6.75,4.75,8.75,5.25,7.75,19.25,6.5,3.75,4.75,0.45654761904761904,0.07142857142857142,0.4720238095238095,0.0,DL,0.8082790373397962,0.033482142857142856,0.0,0.0078125,0.0,UL,1.0,1,0.0,0.5,0.0,0.0,0.0
size7_comp0.6_grid1_walls1_low,7,0.6,1,low,walls1,reshuffled_walls,3,6,9,3,3,1,1,1,5,5,3,0,1.0,0.6,0.0,0.6,27.6,0.5217391304347826,0.575,0.5,0.22767857142857145,1.0555816558119906,0.2697036765130092,0.32501411778272743,1.0469887127652533,0.25,0.29609759243577716,1.0632198274090907,0.28721805563568403,0.3507176958689054,0.1260288305045338,0.5217391304347826,138,6.4,5.6,6.0,9.6,7.2,6.6,7.0,5.8,19.0,4.2,2.6,7.0,0.7563852813852814,0.24361471861471862,0.0,0.0,UL,0.6360694329275148,0.028273809523809524,0.09166666666666666,0.0,0.0,UR,2.2,5,0.0,0.8,0.0,0.0,0.0
size7_comp0.6_grid2_RandomStart_1_1_low,7,0.6,2,low,RandomStart_1_1,random_starts,2,5,7,7,0,1,1,1,5,5,2,0,1.0,0.4,0.0,0.4,23.0,0.3391304347826087,0.8571428571428571,0.26732673267326734,0.3166666666666667,0.5801597739546831,0.1,0.2074501529432485,0.34438561897747244,0.2,0.12160630922912001,0.8159339289318938,0.0,0.29329399665737704,0.08043533930857874,0.3391304347826087,115,7.2,3.0,1.4,11.4,9.6,4.4,5.4,2.6,16.0,1.4,0.0,12.8,0.17913978494623656,0.8208602150537635,0.0,0.0,UR,0.6066271481760582,0.06398809523809523,0.5181547619047618,0.0,0.0,UR,10.0,20,0.0,0.0,0.0,0.0,0.0
size7_comp0.6_grid2_RandomStart_5_3_low,7,0.6,2,low,RandomStart_5_3,random_starts,4,5,9,1,4,1,1,1,5,4,1,1,0.8,0.2,0.2,0.2,24.0,0.30833333333333335,0.46153846153846156,0.2345679012345679,0.0782608695652174,0.9899525397418623,0.0,0.31860931184685526,0.9891648986440353,0.0,0.2716469749511847,0.9907401808396893,0.0,0.36557164874252573,0.21738070358760014,0.30833333333333335,120,11.6,2.2,3.4,6.8,9.0,5.0,5.8,3.2,19.6,2.6,2.0,14.8,0.0,0.7928571428571429,0.0,0.007142857142857143,UR,0.0444569661371376,0.0,0.4668478260869565,0.0,0.0,UR,9.4,20,0.0,0.0,0.0,0.0,0.0
size7_comp0.6_grid2_ReflectEnv_low,7,0.6,2,low,ReflectEnv,reflect,4,5,9,7,4,1,1,1,10,10,0,0,1.0,0.0,0.0,0.0,32.0,0.23125,0.4731182795698925,0.13215859030837004,0.0,0.945071856826625,0.18464017862293972,0.5136022947636699,0.9666471763749166,0.16666666666666666,0.2782832850809286,0.9288903671654061,0.1981203125901445,0.6900915520257259,0.3068067281960711,0.23125,320,20.8,2.6,5.5,3.1,16.9,6.2,4.2,3.7,25.7,2.4,4.6,19.9,0.03417508417508418,0.9379585712194407,0.0,0.02786634460547504,UR,0.2665021710884449,0.003125,0.203125,0.0,0.0,UR,5.3,21,0.0,0.0,0.0,0.0,0.0
size7_comp0.6_grid2_RotateEnv_low,7,0.6,2,low,RotateEnv,rotate,4,5,9,7,4,1,1,1,10,10,2,0,1.0,0.2,0.0,0.2,30.7,0.3745928338762215,0.5443037974683544,0.3157894736842105,0.07403225806451613,1.2105980302169503,0.15205661768947976,0.3775229091473462,1.1759055382926435,0.2,0.26079084345137193,1.2250532351854113,0.13208020839342968,0.4261612698540022,0.1980407208132122,0.3745928338762215,307,10.0,5.9,9.6,5.2,9.5,5.0,8.6,6.6,23.0,5.3,9.5,12.6,0.23530505394955523,0.043478260869565216,0.7212166851808794,0.0,DL,0.740839466502947,0.014475806451612904,0.01875,0.1190524193548387,0.0,DL,3.5,7,0.0,0.0,0.0,0.0,0.0
size7_comp0.6_grid2_StartGoalSwap_low,7,0.6,2,low,StartGoalSwap,start_goal_swap,5,4,9,7,4,1,1,1,10,6,0,1,0.6,0.0,0.1,0.0,31.0,0.3161290322580645,0.3698630136986301,0.18681318681318682,0.0,0.8928536548817894,0.16156015629507225,0.4218799850175328,0.9124501490710647,0.14408750006555965,0.2977279408454309,0.8497413676653837,0.2,0.6950144821961569,0.18335163926681786,0.3161290322580645,310,12.8,2.6,9.7,5.9,9.7,6.8,5.5,8.0,23.9,4.8,6.1,15.3,0.09846153846153846,0.7015384615384616,0.1,0.0,UR,0.27065827845574997,0.00625,0.028125,0.004545454545454545,0.0,UR,1.0,2,0.0,0.0,0.0,0.0,0.0
size7_comp0.6_grid2_TransposeEnv_low,7,0.6,2,low,TransposeEnv,transpose,4,5,9,7,4,1,1,1,10,5,1,0,0.5,0.1,0.0,0.1,31.6,0.4208860759493671,0.47413793103448276,0.27380952380952384,0.03214285714285715,0.9770223461669492,0.12924812503605781,0.4946523297532113,1.1547103711600948,0.14285714285714285,0.3305773934122018,0.8813441788629477,0.12192019236316586,0.5830003723983702,0.2806832765928875,0.4208860759493671,316,7.7,5.3,8.8,9.8,6.5,8.6,5.3,10.2,24.1,9.0,0.8,8.1,0.6353438228438228,0.23493589743589743,0.12972027972027972,0.0,UL,0.6667136843749463,0.071875,0.0625,0.03616071428571428,0.0,UL,2.9,11,0.0,0.0,0.0,0.0,0.0
size7_comp0.6_grid2_base_low,7,0.6,2,low,base,base,4,5,9,7,4,1,1,1,10,10,6,0,1.0,0.6,0.0,0.6,22.8,0.43859649122807015,0.7377049180327869,0.32934131736526945,0.3350840336134454,0.7757439048093877,0.08333333333333333,0.1673142315123047,0.861991274895144,0.16666666666666666,0.12030477225527351,0.6894965347236314,0.0,0.21432369076933588,0.2240069307174571,0.43859649122807015,228,7.7,3.0,1.8,10.3,8.7,3.6,6.2,3.3,13.9,2.3,0.2,10.7,0.274017094017094,0.7222792022792024,0.0037037037037037034,0.0,UR,0.7979360453952318,0.019324813258636785,0.4150472689075631,0.0,0.0,UR,6.4,17,0.0,0.0,0.0,0.0,0.0
size7_comp0.6_grid2_walls0_low,7,0.6,2,low,walls0,reshuffled_walls,4,3,7,3,2,1,1,1,2,2,1,0,1.0,0.5,0.0,0.5,23.0,0.3695652173913043,0.75,0.23529411764705882,0.25,0.5285967686208652,0.2,0.32796649607237155,0.38048202372184053,0.25,0.17677343161562278,0.6273399318868819,0.16666666666666666,0.42876187237687075,0.20594202898550726,0.3695652173913043,46,13.0,2.5,1.0,6.5,12.5,3.0,3.0,3.5,15.0,2.0,0.5,11.5,0.47857142857142854,0.5214285714285715,0.0,0.0,UR,0.5303341860858044,0.05133928571428571,0.359375,0.0,0.0,UR,6.0,11,0.0,0.0,0.0,0.0,0.0
size7_comp0.6_grid2_walls1_low,7,0.6,2,low,walls1,reshuffled_walls,4,3,7,3,2,1,1,1,5,2,2,0,0.4,0.4,0.0,0.4,26.2,0.3282442748091603,0.29838709677419356,0.8571428571428571,0.2094017094017094,0.8138928656128277,0.14285714285714285,0.37835397524523867,0.9523822076840998,0.09090909090909091,0.4358911840321,0.3060986113514965,0.3333333333333333,0.16738420969341417,0.2365847654851414,0.3282442748091603,131,11.0,7.8,3.8,3.6,9.8,4.6,4.6,6.2,20.6,5.2,0.6,11.0,0.11388888888888889,0.2,0.48611111111111105,0.0,DL,0.39302372240594635,0.0,0.023076923076923078,0.1,0.0,DL,3.4,10,0.0,0.0,0.0,0.0,0.0
size7_comp0.6_grid3_RandomStart_2_5_low,7,0.6,3,low,RandomStart_2_5,random_starts,2,7,9,7,2,1,1,1,2,1,1,0,0.5,0.5,0.0,0.5,28.0,0.32142857142857145,0.23529411764705882,0.45454545454545453,0.1875,0.8894532264756364,0.07142857142857142,0.3541434486425626,1.2485074374252374,0.0,0.4386332575925393,0.6201625682634359,0.125,0.29077609193007997,0.3270408163265306,0.32142857142857145,56,7.5,5.0,8.0,7.5,10.0,6.0,4.5,6.5,20.0,3.0,0.5,14.5,0.029411764705882353,0.4230769230769231,0.5090497737556561,0.038461538461538464,DL,0.5479926537111579,0.0,0.125,0.09375,0.0,UR,4.5,6,0.5,0.0,0.0,0.0,0.0
size7_comp0.6_grid3_RandomStart_4_4_low,7,0.6,3,low,RandomStart_4_4,random_starts,1,7,8,6,1,1,1,1,5,4,3,1,0.8,0.6,0.2,0.6,22.8,0.3684210526315789,0.3076923076923077,0.37623762376237624,0.2175388291517324,0.7185875387244127,0.21833154765338839,0.4733960075414328,0.37032134914789366,0.16666666666666666,0.8513385910242667,0.8578940145550203,0.23899750004807707,0.32221897414829925,0.14138837353123065,0.3684210526315789,114,13.0,1.2,5.4,3.2,9.6,5.0,3.8,3.4,14.6,2.2,2.2,11.0,0.08888888888888888,0.6995822890559733,0.07777777777777778,0.13375104427736004,UR,0.7305493535305198,0.0,0.1470489844683393,0.0125,0.0,UR,3.8,12,0.0,0.0,0.0,0.0,0.0
size7_comp0.6_grid3_ReflectEnv_low,7,0.6,3,low,ReflectEnv,reflect,3,7,10,6,3,1,1,1,10,3,1,5,0.3,0.1,0.5,0.1,23.5,0.2553191489361702,0.18556701030927836,0.5853658536585366,0.0625,1.0705776428304274,0.20840738639641618,0.415388227180148,1.242589320269563,0.25606875005151114,0.5518059236334183,0.76955720731194,0.125,0.17665725838692511,0.2885666101575193,0.2553191489361702,235,9.8,2.5,5.7,5.5,7.6,5.5,5.1,4.3,15.9,2.6,0.8,10.9,0.03,0.5537538650516127,0.16714285714285715,0.24910327780553007,UR,0.7562283228258535,0.00625,0.30289087301587303,0.025,0.05500198412698413,UR,6.3,19,0.1,0.0,0.0,0.0,0.0
size7_comp0.6_grid3_RotateEnv_low,7,0.6,3,low,RotateEnv,rotate,3,7,10,6,3,1,1,1,10,9,0,1,0.9,0.0,0.1,0.0,30.0,0.37,0.4742268041237113,0.32019704433497537,0.0,0.8738502984907622,0.24679700005769248,0.45547629955572894,0.868001026182743,0.23899750004807707,0.4299319634177261,0.8826242069527911,0.25849625007211563,0.49379280376273316,0.19773766646649402,0.37,300,14.4,2.5,7.4,5.7,10.8,7.2,5.9,5.1,20.7,3.7,0.7,12.3,0.2547008547008547,0.4077564102564102,0.08181818181818182,0.25572455322455323,UR,1.1983652450275968,0.0125,0.04375,0.025,0.03958333333333333,UR,1.8,4,0.2,0.0,0.0,0.0,0.0
size7_comp0.6_grid3_StartGoalSwap_low,7,0.6,3,low,StartGoalSwap,start_goal_swap,7,3,10,6,3,1,1,1,10,6,4,0,0.6,0.4,0.0,0.4,28.2,0.3971631205673759,0.3724696356275304,0.5714285714285714,0.18163614163614164,1.0685952120564275,0.2547201389289531,0.3625386001457269,1.0560662269757293,0.23499659097465056,0.41764780142239233,1.0882836171832388,0.2857142857142857,0.27593842671096697,0.16589414143126324,0.3971631205673759,282,9.6,5.6,5.5,7.5,7.6,6.0,7.4,6.2,19.6,3.6,0.6,11.7,0.05978835978835979,0.8047235449735449,0.056091269841269845,0.0793968253968254,UR,0.7350199545981505,0.00625,0.2918865995115995,0.0,0.0,UR,5.8,12,0.0,0.0,0.0,0.0,0.0
size7_comp0.6_grid3_TransposeEnv_low,7,0.6,3,low,TransposeEnv,transpose,3,7,10,6,3,1,1,1,10,3,0,1,0.3,0.0,0.1,0.0,31.4,0.2229299363057325,0.2109090909090909,0.3076923076923077,0.0,0.8584325583628512,0.2606203125901445,0.5412412181507323,1.183789779067999,0.1981203125901445,0.5282491736307221,0.5330753376577033,0.3231203125901445,0.5542332626707425,0.2159247168817709,0.2229299363057325,314,11.7,4.1,4.8,10.7,8.7,7.9,7.6,6.0,26.8,3.7,1.1,18.5,0.020833333333333336,0.974404761904762,0.0,0.0047619047619047615,UR,0.10144802937913897,0.0,0.5802884615384615,0.0,0.0,UR,7.6,12,1.0,0.0,0.0,0.0,0.0
size7_comp0.6_grid3_base_low,7,0.6,3,low,base,base,3,7,10,6,3,1,1,1,10,7,2,1,0.7,0.2,0.1,0.2,29.2,0.386986301369863,0.3680555555555556,0.40540540540540543,0.0754985754985755,1.0380065627223973,0.19147870375712267,0.40380548767653257,1.3794941878972886,0.1761069445245729,0.4704684641325877,0.8672627501349516,0.19916458337339757,0.37047399944850506,0.14805927787598716,0.386986301369863,292,10.7,5.3,5.8,7.4,7.6,6.5,6.8,7.3,20.5,5.2,2.7,11.4,0.19509700825490298,0.1492272727272727,0.5495240373661426,0.10615168165168165,DL,0.8846952552442863,0.010512820512820513,0.04375,0.1545940170940171,0.0,DL,3.1,11,0.6,0.0,0.0,0.0,0.0
size7_comp0.6_grid3_walls0_low,7,0.6,3,low,walls0,reshuffled_walls,3,3,6,6,0,1,1,1,4,4,4,0,1.0,1.0,0.0,1.0,22.0,0.4431818181818182,0.46153846153846156,0.42857142857142855,0.27685706741770816,0.7679613351091098,0.14285714285714285,0.3982806450979551,0.7743442364356314,0.2,0.42334086876729843,0.7644152788165977,0.1111111111111111,0.3843582986149865,0.15609410430839,0.4431818181818182,88,7.0,3.75,5.75,5.5,6.75,3.25,8.0,3.0,13.5,1.75,3.0,8.5,0.33269230769230773,0.0,0.6673076923076924,0.0,DL,0.6875751079366884,0.04260033444816053,0.0,0.04614284456961802,0.0,DL,1.0,1,0.5,0.0,0.0,0.0,0.0
size7_comp0.6_grid3_walls1_low,7,0.6,3,low,walls1,reshuffled_walls,3,3,6,6,0,1,1,1,1,1,1,0,1.0,1.0,0.0,1.0,22.0,0.5454545454545454,0.47368421052631576,1.0,0.2727272727272727,0.5771452880332352,0.2857142857142857,0.25045311881345816,1.0100042540581615,0.5,0.43829295792355183,0.0,0.0,0.0,0.23412698412698413,0.5454545454545454,22,9.0,9.0,1.0,3.0,5.0,3.0,3.0,10.0,15.0,8.0,0.0,4.0,0.0,0.0,1.0,0.0,DL,0.0,0.0,0.0,0.4090909090909091,0.0,DL,3.0,3,1.0,0.0,0.0,0.0,0.0
size7_comp0.6_grid4_RandomStart_1_4_low,7,0.6,4,low,RandomStart_1_4,random_starts,5,6,11,1,5,1,1,1,4,4,0,0,1.0,0.0,0.0,0.0,32.0,0.4765625,0.7428571428571429,0.3763440860215054,0.0,0.9825063827918342,0.3333333333333333,0.365288619799315,0.8196270598879076,0.2857142857142857,0.18008676414519573,1.1250257903327698,0.375,0.5273402434966694,0.19803361344537815,0.4765625,128,11.0,4.75,6.5,9.75,7.25,9.25,4.75,9.75,22.0,9.0,6.0,5.75,0.0,0.8377639517345399,0.16223604826546004,0.0,UR,0.6231551120648261,0.0,0.1171875,0.0,0.0,UR,1.75,3,0.0,1.0,0.0,0.0,0.0
size7_comp0.6_grid4_RandomStart_3_3_low,7,0.6,4,low,RandomStart_3_3,random_starts,2,6,8,4,2,1,1,1,4,4,1,0,1.0,0.25,0.0,0.25,32.0,0.375,0.75,0.32142857142857145,0.0625,0.7499208031839417,0.2857142857142857,0.3321431718758494,0.5095975264112826,0.0,0.10749634475318996,0.8154635150310305,0.36363636363636365,0.39341048836384745,0.22277373247870141,0.375,128,15.0,4.5,5.5,7.0,10.25,7.75,4.5,8.5,24.0,6.5,4.0,10.5,0.0,0.9456521739130435,0.05434782608695652,0.0,UR,0.18884385314035718,0.0,0.359375,0.0,0.0,UR,5.5,9,0.0,1.0,0.0,0.0,0.0
size7_comp0.6_grid4_ReflectEnv_low,7,0.6,4,low,ReflectEnv,reflect,5,6,11,3,4,1,1,1,10,5,2,0,0.5,0.2,0.0,0.2,29.7,0.2558922558922559,0.20353982300884957,0.4225352112676056,0.10789473684210527,0.8260785897371581,0.21739130434782608,0.309905781267422,0.8113772885232944,0.2727272727272727,0.32485721471618434,0.8395547825165331,0.16666666666666666,0.2962003006060565,0.12366283191091376,0.2558922558922559,297,13.0,4.3,6.1,6.3,12.3,5.4,6.5,4.5,24.3,2.1,0.7,18.5,0.06894230769230769,0.7960576923076923,0.0,0.135,UR,0.4525114015645649,0.0,0.3875,0.0,0.0,UR,7.5,18,0.9,0.0,0.0,0.0,0.0
size7_comp0.6_grid4_RotateEnv_low,7,0.6,4,low,RotateEnv,rotate,5,6,11,3,4,1,1,1,10,2,2,0,0.2,0.2,0.0,0.2,31.5,0.2761904761904762,0.24915824915824916,0.7222222222222222,0.07511574074074075,0.7502981059565026,0.2777777777777778,0.34307372987879525,1.0005962119130052,0.2222222222222222,0.5004417720227389,0.5,0.3333333333333333,0.1857056877348516,0.2784796128292063,0.2761904761904762,315,8.8,4.1,13.3,5.2,10.0,6.1,7.4,6.8,25.4,3.8,0.4,17.3,0.17212121212121212,0.0,0.7910971786833856,0.0367816091954023,DL,0.4994452051441596,0.0,0.0,0.4125,0.0,DL,7.6,27,0.8,0.2,0.0,0.0,0.0
size7_comp0.6_grid4_StartGoalSwap_low,7,0.6,4,low,StartGoalSwap,start_goal_swap,6,5,11,3,4,1,1,1,10,9,1,1,0.9,0.1,0.1,0.1,30.1,0.4219269102990033,0.5439560439560439,0.23529411764705882,0.039285714285714285,1.1855580542229913,0.2,0.30597081171127916,1.5259067595992064,0.25,0.257880448490361,0.7965881052216028,0.14285714285714285,0.3609312268208999,0.2003127468997475,0.4219269102990033,301,10.7,5.5,8.9,5.0,8.8,5.8,7.0,7.5,21.3,5.0,1.2,10.9,0.0,0.2349456975772765,0.7650543024227234,0.0,DL,0.5878202473221072,0.0,0.0,0.18279936974789918,0.0,DL,3.1,10,0.9,0.1,0.0,0.0,0.0
size7_comp0.6_grid4_TransposeEnv_low,7,0.6,4,low,TransposeEnv,transpose,5,6,11,3,4,1,1,1,10,0,0,10,0.0,0.0,1.0,0.0,12.4,0.3790322580645161,0.3790322580645161,0.0,0.0,0.7841516350195451,0.25,0.5349611261934846,0.7841516350195451,0.25,0.5349611261934846,0.0,0.0,0.0,0.3523462063031564,0.3790322580645161,124,3.5,1.9,1.8,5.2,2.2,3.0,2.4,3.8,7.7,3.5,0.0,2.0,0.228015873015873,0.771984126984127,0.0,0.0,UR,0.6622394281091206,0.0125,0.0,0.0,0.0,UL,0.1,1,0.2,0.0,0.0,0.0,0.0
size7_comp0.6_grid4_base_low,7,0.6,4,low,base,base,5,6,11,3,4,1,1,1,10,7,0,3,0.7,0.0,0.3,0.0,24.7,0.42105263157894735,0.4745762711864407,0.37209302325581395,0.0,1.1751296252698336,0.35,0.40457855385975006,1.172716128927937,0.2222222222222222,0.2799790735787321,1.1771043040950215,0.45454545454545453,0.506523583180583,0.15198276625908202,0.42105263157894735,247,7.7,6.1,3.5,7.4,5.6,6.6,5.7,5.8,16.3,3.8,3.5,6.8,0.33175824175824176,0.4647802197802198,0.20346153846153844,0.0,UR,0.9301489070888402,0.00625,0.0625,0.0,0.0,UR,1.3,5,0.2,0.6,0.0,0.0,0.0
size7_comp0.6_grid4_walls0_low,7,0.6,4,low,walls0,reshuffled_walls,5,6,11,3,5,1,1,1,2,2,0,0,1.0,0.0,0.0,0.0,32.0,0.3125,0.5555555555555556,0.13513513513513514,0.0,0.678711604099587,0.3333333333333333,0.5298863136003769,0.7125144698520397,0.3333333333333333,0.3258750005922081,0.6280073054709079,0.3333333333333333,0.83590328311263,0.13417508417508417,0.3125,64,15.5,4.5,4.5,7.5,17.0,4.5,4.0,5.5,22.0,3.0,2.0,15.0,0.1514726507713885,0.8267882187938289,0.021739130434782608,0.0,UR,0.7335472330478037,0.03125,0.484375,0.0,0.0,UR,6.5,8,0.0,1.0,0.0,0.0,0.0
size7_comp0.6_grid4_walls1_low,7,0.6,4,low,walls1,reshuffled_walls,5,6,11,3,5,1,1,1,4,3,0,0,0.75,0.0,0.0,0.0,32.0,0.3828125,0.4461538461538462,0.31746031746031744,0.0,0.8555030430808167,0.3333333333333333,0.3803628673853398,0.6139007334714328,0.26666666666666666,0.28518674165127084,1.2581735590964562,0.4444444444444444,0.538989743608788,0.20405844155844155,0.3828125,128,12.5,5.25,4.75,9.5,9.25,8.0,6.75,7.0,22.5,5.25,4.0,11.75,0.1759431146103472,0.6894415007742681,0.1346153846153846,0.0,UR,0.8509406581740737,0.0234375,0.28125,0.0,0.0,UR,5.25,11,0.0,0.75,0.0,0.0,0.0
size7_comp0.6_grid5_RandomStart_3_5_low,7,0.6,5,low,RandomStart_3_5,random_starts,2,7,9,9,0,1,1,1,3,3,0,0,1.0,0.0,0.0,0.0,32.0,0.3541666666666667,0.8,0.3023255813953488,0.0,0.9552561689093266,0.2727272727272727,0.4161059176597128,0.4056390622295664,0.25,0.14678222159979815,1.2693230870120469,0.2857142857142857,0.5700051725510925,0.25468798196070924,0.3541666666666667,96,10.0,2.6666666666666665,13.333333333333334,6.0,8.0,6.333333333333333,8.333333333333334,8.333333333333334,24.333333333333332,6.0,1.6666666666666667,11.333333333333334,0.0,0.0,0.9523809523809524,0.047619047619047616,DL,0.1972242595274425,0.0,0.0,0.052083333333333336,0.0,DL,1.3333333333333333,4,0.0,1.0,0.0,0.0,0.0
size7_comp0.6_grid5_RandomStart_5_2_low,7,0.6,5,low,RandomStart_5_2,random_starts,5,7,12,4,4,1,1,1,5,0,0,0,0.0,0.0,0.0,0.0,32.0,0.1,0.1,0.0,0.0,0.9353121225930657,0.3333333333333333,0.7547665265155552,0.9353121225930657,0.3333333333333333,0.7547665265155552,0.0,0.0,0.0,0.5463178294573643,0.1,160,19.6,2.0,1.4,9.0,12.4,7.0,8.2,3.4,28.6,1.8,0.0,24.6,0.0,1.0,0.0,0.0,UR,0.0,0.0,0.80625,0.0,0.0,UR,14.8,31,1.0,0.0,0.0,0.0,0.0
size7_comp0.6_grid5_ReflectEnv_low,7,0.6,5,low,ReflectEnv,reflect,4,7,11,3,4,1,1,1,10,7,4,0,0.7,0.4,0.0,0.4,28.6,0.4160839160839161,0.31718061674008813,0.7966101694915254,0.18895502645502646,0.9235586510099164,0.21052631578947367,0.2806456485564843,1.2019929957072126,0.2727272727272727,0.38694219158388904,0.540711427051134,0.125,0.13448790189380264,0.1460942460370378,0.4160839160839161,286,8.9,5.3,5.3,9.1,9.8,8.1,4.5,5.2,20.7,3.9,0.9,12.2,0.6822619047619046,0.0,0.06666666666666667,0.25107142857142856,UL,0.696501717577734,0.0,0.0,0.0,0.0,,0.0,0,0.8,0.1,0.0,0.0,0.0
size7_comp0.6_grid5_RotateEnv_low,7,0.6,5,low,RotateEnv,rotate,4,7,11,3,4,1,1,1,10,7,0,1,0.7,0.0,0.1,0.0,29.4,0.38095238095238093,0.40993788819875776,0.3458646616541353,0.0,0.8905609212065907,0.20689655172413793,0.4134113462355714,0.9977933469102266,0.2,0.3220016855287516,0.7756690365241238,0.21428571428571427,0.5113502684214498,0.13938489535104343,0.38095238095238093,294,13.8,5.3,4.3,6.0,12.9,6.1,4.5,4.9,20.5,3.5,0.8,11.5,0.45957744010375584,0.44849282296650717,0.0,0.09192973692973691,UL,0.6727672219252707,0.009375,0.178125,0.0,0.0,UR,4.4,14,0.5,0.0,0.0,0.0,0.0
size7_comp0.6_grid5_StartGoalSwap_low,7,0.6,5,low,StartGoalSwap,start_goal_swap,7,4,11,3,4,1,1,1,10,0,0,6,0.0,0.0,0.6,0.0,19.8,0.25757575757575757,0.25757575757575757,0.0,0.0,0.9655024210988246,0.2222222222222222,0.4449378290754733,0.9655024210988246,0.2222222222222222,0.4449378290754733,0.0,0.0,0.0,0.1841750841750842,0.25757575757575757,198,11.1,2.2,1.8,4.7,11.1,3.3,2.1,2.3,14.6,1.5,0.0,12.1,0.11645902855024101,0.8835409714497591,0.0,0.0,UR,0.46751821872578825,0.0,0.47417784421460885,0.0,0.0,UR,8.7,24,0.0,0.0,0.0,0.0,0.0
size7_comp0.6_grid5_TransposeEnv_low,7,0.6,5,low,TransposeEnv,transpose,4,7,11,3,4,1,1,1,10,10,0,0,1.0,0.0,0.0,0.0,32.0,0.34375,0.6052631578947368,0.19902912621359223,0.0,0.9978288047803099,0.25,0.41641505956527336,1.1411167154591262,0.2222222222222222,0.22663634813905928,0.813601491050403,0.2857142857142857,0.6604162599704058,0.2710059090840637,0.34375,320,16.3,4.8,7.0,3.9,13.8,4.2,6.0,7.0,23.9,5.0,1.5,14.4,0.0,0.4345726495726495,0.5654273504273505,0.0,DL,0.6658880642424103,0.0,0.021875,0.021875,0.0,UR,1.3,7,0.6,0.4,0.0,0.0,0.0
size7_comp0.6_grid5_base_low,7,0.6,5,low,base,base,4,7,11,3,4,1,1,1,10,1,0,1,0.1,0.0,0.1,0.0,31.1,0.2315112540192926,0.2179930795847751,0.4090909090909091,0.0,1.1439849792689054,0.23076923076923078,0.541407191133263,1.3279824844043928,0.2222222222222222,0.4827048245366173,0.7299905927140591,0.25,0.6734875159757157,0.2494816014984082,0.2315112540192926,311,13.7,3.5,5.5,8.4,9.1,7.4,6.7,6.9,25.4,5.0,0.0,15.5,0.0,0.9125,0.0875,0.0,UR,0.05435644431995964,0.0,0.48464673913043477,0.0,0.0,UR,7.9,16,0.9,0.1,0.0,0.0,0.0
size7_comp0.6_grid5_walls0_low,7,0.6,5,low,walls0,reshuffled_walls,4,5,9,3,3,1,1,1,4,1,0,0,0.25,0.0,0.0,0.0,32.0,0.328125,0.3225806451612903,0.5,0.0,0.8412358923163268,0.4166666666666667,0.4277907239934931,1.010536745310658,0.4444444444444444,0.4037209653246575,0.3333333333333333,0.3333333333333333,0.5,0.27241379310344827,0.328125,128,9.0,3.75,7.0,12.25,8.0,6.75,8.25,8.0,24.5,6.0,0.5,12.0,0.0,0.9807692307692308,0.019230769230769232,0.0,UR,0.09781089090731392,0.0,0.453125,0.0,0.0,UR,6.0,9,1.0,0.0,0.0,0.0,0.0
size7_comp0.6_grid5_walls1_low,7,0.6,5,low,walls1,reshuffled_walls,4,7,11,3,4,1,1,1,5,2,1,0,0.4,0.2,0.0,0.2,31.4,0.2929936305732484,0.25663716814159293,0.38636363636363635,0.07586206896551724,0.9031614971002598,0.19047619047619047,0.43079500649795643,1.1325378466936156,0.2222222222222222,0.4757422535678897,0.7311292349052431,0.16666666666666666,0.3970845711955065,0.23127325445826616,0.2929936305732484,157,11.2,4.0,6.0,10.2,8.6,8.2,7.8,5.8,25.0,4.2,2.2,15.4,0.0,0.7644444444444444,0.23555555555555552,0.0,UR,0.36554336035587787,0.0,0.40883620689655176,0.03125,0.0,UR,6.4,11,0.8,0.2,0.0,0.0,0.0
size7_comp0.6_grid6_RandomStart_2_3_low,7,0.6,6,low,RandomStart_2_3,random_starts,7,3,10,4,3,1,1,1,3,0,0,0,0.0,0.0,0.0,0.0,32.0,0.3125,0.3125,0.0,0.0,1.3822573402726797,0.2,0.5257627579706574,1.3822573402726797,0.2,0.5257627579706574,0.0,0.0,0.0,0.20696584456309858,0.3125,96,6.666666666666667,10.333333333333334,7.666666666666667,7.333333333333333,6.333333333333333,9.0,6.666666666666667,9.0,25.666666666666668,6.333333333333333,0.0,12.333333333333334,0.6666666666666666,0.0,0.3333333333333333,0.0,UL,0.0,0.0,0.0,0.041666666666666664,0.0,DL,0.6666666666666666,2,0.0,0.0,0.0,0.0,0.0
size7_comp0.6_grid6_RandomStart_5_2_low,7,0.6,6,low,RandomStart_5_2,random_starts,1,3,4,2,1,1,1,1,2,2,2,0,1.0,1.0,0.0,1.0,5.0,0.8,1.0,0.75,0.8333333333333333,0.4,0.2,0.062255624891826566,0.0,0.0,0.0,0.5,0.25,0.07781953111478321,0.0,0.8,10,2.0,1.0,2.0,0.0,1.0,1.0,1.5,0.5,2.0,0.5,2.0,1.0,0.0,1.0,0.0,0.0,UR,0.0,0.0,0.125,0.0,0.0,UR,0.5,1,1.0,0.0,0.0,0.0,0.0
size7_comp0.6_grid6_ReflectEnv_low,7,0.6,6,low,ReflectEnv,reflect,9,3,12,6,3,1,1,1,10,0,0,7,0.0,0.0,0.7,0.0,23.8,0.40756302521008403,0.40756302521008403,0.0,0.0,1.3596444813036723,0.2222222222222222,0.35585955765267335,1.3596444813036723,0.2222222222222222,0.35585955765267335,0.0,0.0,0.0,0.270201049578739,0.40756302521008403,238,10.9,1.4,7.9,3.6,8.7,6.0,3.7,4.4,16.6,2.8,0.0,9.8,0.0,0.9317039088362618,0.0,0.06829609116373822,UR,0.35006740233608824,0.0,0.22609267909182096,0.0,0.0,UR,3.9,10,0.0,0.0,0.0,0.0,0.0
size7_comp0.6_grid6_RotateEnv_low,7,0.6,6,low,RotateEnv,rotate,9,3,12,6,3,1,1,1,10,0,0,10,0.0,0.0,1.0,0.0,15.7,0.4968152866242038,0.4968152866242038,0.0,0.0,1.272333415033218,0.25,0.2507989025200723,1.272333415033218,0.25,0.2507989025200723,0.0,0.0,0.0,0.40033626283626284,0.4968152866242038,157,7.9,1.0,5.4,1.4,5.1,3.8,3.7,2.1,9.2,1.5,0.0,6.1,0.0,0.0,0.6657420847126729,0.334257915287327,DL,0.8412339005911337,0.0,0.0,0.052361111111111115,0.0,DL,0.6,2,0.1,0.0,0.0,0.0,0.0
size7_comp0.6_grid6_StartGoalSwap_low,7,0.6,6,low,StartGoalSwap,start_goal_swap,3,9,12,6,3,1,1,1,10,10,0,0,1.0,0.0,0.0,0.0,32.0,0.296875,0.4,0.2625,0.0,1.0154793583842718,0.2857142857142857,0.4460271787852407,1.1085964608936127,0.25,0.3481529491663793,0.9782325173805356,0.3,0.4851768706327853,0.3313306743851974,0.296875,320,16.1,3.8,4.2,7.8,16.0,6.2,5.3,3.3,25.3,2.5,1.2,18.9,0.09027777777777776,0.9097222222222223,0.0,0.0,UR,0.287159992144844,0.00625,0.21875,0.0,0.0,UR,4.7,9,1.0,0.0,0.0,0.0,0.0
size7_comp0.6_grid6_TransposeEnv_low,7,0.6,6,low,TransposeEnv,transpose,9,3,12,6,3,1,1,1,10,0,0,1,0.0,0.0,0.1,0.0,30.1,0.25249169435215946,0.25249169435215946,0.0,0.0,1.4637153939577066,0.23076923076923078,0.43990468652619164,1.4637153939577066,0.23076923076923078,0.43990468652619164,0.0,0.0,0.0,0.23982967761248303,0.25249169435215946,301,10.8,4.5,6.1,8.7,8.5,8.6,6.8,5.2,24.5,3.4,0.0,15.5,0.1630718954248366,0.8369281045751634,0.0,0.0,UR,0.25777658633641387,0.007692307692307693,0.31875,0.0,0.0,UR,5.2,10,0.9,0.0,0.0,0.0,0.0
size7_comp0.6_grid6_base_low,7,0.6,6,low,base,base,9,3,12,6,3,1,1,1,10,0,0,0,0.0,0.0,0.0,0.0,32.0,0.31875,0.31875,0.0,0.0,1.416277420410936,0.2727272727272727,0.5150534191381554,1.416277420410936,0.2727272727272727,0.5150534191381554,0.0,0.0,0.0,0.3381807427261972,0.31875,320,5.7,12.8,6.3,7.2,8.5,6.8,7.5,8.2,24.9,5.9,0.0,12.7,0.3457142857142857,0.0,0.6542857142857142,0.0,DL,0.6776593971659864,0.0,0.0,0.034375,0.0,DL,0.6,2,0.7,0.0,0.0,0.0,0.0
size7_comp0.6_grid6_walls0_low,7,0.6,6,low,walls0,reshuffled_walls,7,3,10,6,3,1,1,1,5,0,0,0,0.0,0.0,0.0,0.0,32.0,0.30625,0.30625,0.0,0.0,1.5039756244215743,0.1761069445245729,0.517592581813678,1.5039756244215743,0.1761069445245729,0.517592581813678,0.0,0.0,0.0,0.20744107744107745,0.30625,160,6.4,12.6,6.4,6.6,8.0,9.0,6.8,7.2,25.0,4.6,0.0,13.4,0.0,0.0,0.8780219780219781,0.12197802197802196,DL,0.27339195574516023,0.0,0.0,0.06875,0.0,DL,1.8,3,0.8,0.0,0.0,0.0,0.0
size7_comp0.6_grid6_walls1_low,7,0.6,6,low,walls1,reshuffled_walls,7,11,18,6,6,1,1,1,1,0,0,0,0.0,0.0,0.0,0.0,32.0,0.40625,0.40625,0.0,0.0,1.2479590626275068,0.2857142857142857,0.4131956657833742,1.2479590626275068,0.2857142857142857,0.4131956657833742,0.0,0.0,0.0,0.44372294372294374,0.40625,32,9.0,9.0,9.0,5.0,7.0,10.0,8.0,6.0,25.0,4.0,0.0,6.0,0.07142857142857142,0.0,0.9285714285714286,0.0,DL,0.37123232664087563,0.0,0.0,0.1875,0.0,DL,2.0,2,1.0,0.0,0.0,0.0,0.0
size7_comp0.6_grid7_RandomStart_2_1_low,7,0.6,7,low,RandomStart_2_1,random_starts,3,7,10,6,3,1,1,1,3,0,0,0,0.0,0.0,0.0,0.0,32.0,0.3229166666666667,0.3229166666666667,0.0,0.0,1.1124779565411094,0.14285714285714285,0.5604400211166201,1.1124779565411094,0.14285714285714285,0.5604400211166201,0.0,0.0,0.0,0.23833144368858655,0.3229166666666667,96,7.666666666666667,2.6666666666666665,10.666666666666666,11.0,9.333333333333334,10.0,3.3333333333333335,8.333333333333334,27.0,8.333333333333334,0.0,10.0,0.5516746411483253,0.4483253588516747,0.0,0.0,UL,0.9016060884197922,0.0625,0.052083333333333336,0.0,0.0,UL,1.6666666666666667,4,0.6666666666666666,0.0,0.0,0.0,0.0
size7_comp0.6_grid7_RandomStart_5_3_low,7,0.6,7,low,RandomStart_5_3,random_starts,8,7,15,1,7,1,1,1,4,2,0,0,0.5,0.0,0.0,0.0,32.0,0.421875,0.4065040650406504,0.8,0.0,0.9619677104016241,0.23076923076923078,0.34653618864853836,1.2783978039134571,0.2222222222222222,0.3894411613812221,0.25,0.25,0.25,0.2711090191859423,0.421875,128,11.5,3.5,10.0,6.75,9.5,7.5,5.5,8.0,23.25,7.0,0.0,12.0,0.49759615384615385,0.4774038461538461,0.025,0.0,UL,0.8810991765013032,0.0625,0.0859375,0.0078125,0.0,UR,2.25,5,0.0,0.0,0.0,0.0,0.0
size7_comp0.6_grid7_ReflectEnv_low,7,0.6,7,low,ReflectEnv,reflect,3,7,10,4,3,1,1,1,10,8,1,0,0.8,0.1,0.0,0.1,31.7,0.33753943217665616,0.4036144578313253,0.26490066225165565,0.034482758620689655,1.0784812310131808,0.19047619047619047,0.415409503896057,1.1594673724069402,0.1111111111111111,0.3769395080010778,1.0177416249678612,0.25,0.4442620008172915,0.3771269847055379,0.33753943217665616,317,13.0,4.0,7.7,7.0,11.8,6.3,5.4,7.2,22.7,4.9,1.6,14.6,0.03405797101449275,0.4908432147562582,0.193944099378882,0.281154714850367,UR,0.8491571531008093,0.0,0.09256465517241379,0.01875,0.009698275862068966,UR,3.0,13,0.1,0.0,0.0,0.0,0.0
size7_comp0.6_grid7_RotateEnv_low,7,0.6,7,low,RotateEnv,rotate,3,7,10,4,3,1,1,1,10,2,2,4,0.2,0.2,0.4,0.2,22.3,0.3273542600896861,0.28717948717948716,0.6071428571428571,0.10263157894736841,0.7468430906123449,0.17391304347826086,0.3238945207504717,1.146766593663536,0.125,0.5060811036416953,0.5335505556517097,0.2,0.22672834320848576,0.13281389294614848,0.3273542600896861,223,7.3,4.5,5.4,5.0,5.8,4.4,6.6,4.3,16.2,3.4,0.0,7.9,0.01764705882352941,0.5869440532770052,0.03529411764705882,0.36011477025240657,UR,0.8763747598234432,0.0,0.1617103333847816,0.005,0.01651315789473684,UR,2.2,6,0.3,0.0,0.0,0.0,0.0
size7_comp0.6_grid7_StartGoalSwap_low,7,0.6,7,low,StartGoalSwap,start_goal_swap,7,3,10,4,3,1,1,1,10,4,3,0,0.4,0.3,0.0,0.3,29.7,0.36363636363636365,0.34285714285714286,0.7058823529411765,0.12391608391608391,0.9800398039660595,0.17647058823529413,0.33827434650034605,1.2742380833368523,0.2,0.43915459298151305,0.55975654772207,0.14285714285714285,0.1941597086701074,0.1949810430203895,0.36363636363636365,297,14.1,3.8,7.5,4.2,11.8,6.0,6.4,4.3,19.8,2.9,0.0,13.5,0.18607918191199926,0.7154375427782067,0.020050125313283207,0.07843314999651074,UR,1.0486937183494827,0.030312062937062935,0.12545891608391607,0.008391608391608392,0.0,UR,3.5,9,0.0,0.0,0.0,0.0,0.0
size7_comp0.6_grid7_TransposeEnv_low,7,0.6,7,low,TransposeEnv,transpose,3,7,10,4,3,1,1,1,10,10,5,0,1.0,0.5,0.0,0.5,27.5,0.4,0.4166666666666667,0.39408866995073893,0.22997048281678262,1.138978716866233,0.14285714285714285,0.33259530006987864,1.036587571427569,0.0,0.3384460459101888,1.1669035747131415,0.18181818181818182,0.3309996421134304,0.15975594245742125,0.4,275,6.4,5.0,4.9,11.1,10.7,5.5,5.8,4.3,19.2,2.8,1.5,13.5,0.007692307692307693,0.8237845487845487,0.0,0.1685231435231435,UR,0.4778874537724196,0.0,0.286915115508569,0.0,0.022997048281678263,UR,5.1,12,0.9,0.0,0.0,0.0,0.0
size7_comp0.6_grid7_base_low,7,0.6,7,low,base,base,3,7,10,4,3,1,1,1,10,10,6,0,1.0,0.6,0.0,0.6,27.3,0.46153846153846156,0.4918032786885246,0.4528301886792453,0.2547313797313797,1.1732406190014422,0.07692307692307693,0.2827903676632855,0.8897504180894377,0.0,0.26600889753986007,1.2582876792750437,0.1,0.2878248087003132,0.1101297038544002,0.46153846153846156,273,6.0,7.5,6.3,7.5,7.4,5.6,8.0,5.3,18.3,4.2,0.9,10.7,0.0,0.0,0.733957219251337,0.2660427807486631,DL,0.6067682669728627,0.0,0.0,0.07234813797313797,0.03886599511599511,DL,1.2,2,0.8,0.0,0.0,0.0,0.0
size7_comp0.6_grid7_walls0_low,7,0.6,7,low,walls0,reshuffled_walls,3,7,10,4,3,1,1,1,5,5,3,0,1.0,0.6,0.0,0.6,23.2,0.5344827586206896,0.6129032258064516,0.5058823529411764,0.3712702472293265,0.8030192490803615,0.2777777777777778,0.26165304620850627,0.9042461344084906,0.25,0.3835160539757909,0.7740972818437533,0.2857142857142857,0.2268350439892821,0.09881985298651964,0.5344827586206896,116,5.0,6.4,5.2,6.6,6.4,5.6,5.0,5.2,15.0,3.6,0.8,6.8,0.04444444444444444,0.04444444444444444,0.7985966103613162,0.11251450074979485,DL,0.7331459986575805,0.0,0.0,0.11138107416879797,0.02671035805626598,DL,1.6,3,1.0,0.0,0.0,0.0,0.0
size7_comp0.6_grid7_walls1_low,7,0.6,7,low,walls1,reshuffled_walls,3,7,10,4,3,1,1,1,3,3,2,0,1.0,0.6666666666666666,0.0,0.6666666666666666,27.333333333333332,0.5121951219512195,0.625,0.48484848484848486,0.28935185185185186,0.9315871728249352,0.25,0.24086187872970166,0.7503349356011102,0.25,0.173861499013186,0.9920045852328768,0.25,0.2631953386352069,0.14104662698412695,0.5121951219512195,82,7.333333333333333,9.0,4.666666666666667,6.333333333333333,7.0,6.333333333333333,5.333333333333333,7.666666666666667,18.666666666666668,5.333333333333333,1.6666666666666667,8.0,0.0,0.0,0.8822843822843822,0.11771561771561773,DL,0.38575220934083915,0.0,0.0,0.1886574074074074,0.010416666666666666,DL,3.3333333333333335,4,1.0,0.0,0.0,0.0,0.0
size7_comp0.6_grid8_RandomStart_1_3_low,7,0.6,8,low,RandomStart_1_3,random_starts,3,5,8,4,2,1,1,1,4,3,2,0,0.75,0.5,0.0,0.5,24.25,0.36082474226804123,0.32857142857142857,0.4444444444444444,0.25384615384615383,0.7242586182201143,0.2,0.3024652769339748,0.9458503654849528,0.25,0.35549400253853375,0.4710109070602987,0.14285714285714285,0.24186101910019314,0.29280148969804143,0.36082474226804123,97,6.0,9.5,4.25,4.5,9.0,4.75,5.75,3.75,17.5,3.0,0.5,11.5,0.375,0.25,0.375,0.0,UL,0.25,0.0,0.0,0.03125,0.0,DL,0.5,2,0.0,0.0,0.0,0.0,0.0
size7_comp0.6_grid8_RandomStart_2_3_low,7,0.6,8,low,RandomStart_2_3,random_starts,2,5,7,3,2,1,1,1,1,1,0,0,1.0,0.0,0.0,0.0,32.0,0.125,1.0,0.06666666666666667,0.0,0.45742631229625524,0.16666666666666666,0.518331091168498,0.0,0.0,0.0,0.6861394684443829,0.25,0.7774966367527469,0.3378787878787879,0.125,32,22.0,1.0,6.0,3.0,17.0,6.0,7.0,1.0,26.0,0.0,0.0,25.0,0.0,1.0,0.0,0.0,UR,0.0,0.0,0.15625,0.0,0.0,UR,5.0,5,0.0,0.0,0.0,0.0,0.0
size7_comp0.6_grid8_ReflectEnv_low,7,0.6,8,low,ReflectEnv,reflect,4,5,9,5,2,1,1,1,10,5,0,4,0.5,0.0,0.4,0.0,27.4,0.3284671532846715,0.358974358974359,0.288135593220339,0.0,1.370559982328828,0.23076923076923078,0.4695489572306724,1.3689371356434925,0.25,0.39779690158135,1.3731565370253644,0.2,0.5843522462695883,0.23395653491807336,0.3284671532846715,274,10.2,4.1,5.6,7.5,7.9,6.4,6.7,5.4,19.5,4.7,1.1,10.2,0.40126406926406927,0.5313135616819827,0.0,0.067422369053948,UR,0.42882525626096035,0.034375,0.2225389194139194,0.0,0.0,UR,4.0,8,0.0,0.0,0.0,0.0,0.0
size7_comp0.6_grid8_RotateEnv_low,7,0.6,8,low,RotateEnv,rotate,4,5,9,5,2,1,1,1,10,2,1,7,0.2,0.1,0.7,0.1,20.3,0.3842364532019704,0.36075949367088606,0.4666666666666667,0.03461538461538462,0.9555290081988344,0.23529411764705882,0.36569226622093826,1.2255247386145824,0.25,0.4178122143919553,0.715532803384836,0.2222222222222222,0.3193634234022564,0.21023884902639076,0.3842364532019704,203,6.8,4.7,6.0,2.8,6.1,4.5,4.4,4.3,13.5,3.4,1.9,5.2,0.09692307692307693,0.0,0.7318210050818745,0.1712559179950484,DL,0.642621984339884,0.0,0.0,0.14134689745463402,0.0,DL,1.9,8,0.0,0.0,0.0,0.0,0.0
size7_comp0.6_grid8_StartGoalSwap_low,7,0.6,8,low,StartGoalSwap,start_goal_swap,5,4,9,5,2,1,1,1,10,9,3,0,0.9,0.3,0.0,0.3,29.5,0.39322033898305087,0.4088050314465409,0.375,0.11814285714285715,1.0170409173701052,0.3157894736842105,0.3550162615161601,0.7629368221155168,0.2857142857142857,0.2772495183296196,1.165268306268615,0.3333333333333333,0.40038019504164213,0.14735493152844073,0.39322033898305087,295,6.1,8.0,6.1,9.2,11.3,5.6,4.7,6.7,21.6,4.4,2.1,12.1,0.7249999999999999,0.27499999999999997,0.0,0.0,UL,0.42239083531274896,0.01294642857142857,0.003125,0.0,0.0,UL,0.5,1,0.0,0.0,0.0,0.0,0.0
size7_comp0.6_grid8_TransposeEnv_low,7,0.6,8,low,TransposeEnv,transpose,4,5,9,5,2,1,1,1,10,3,0,0,0.3,0.0,0.0,0.0,32.0,0.209375,0.2,0.3,0.0,0.7998805262931484,0.17647058823529413,0.5616723278701911,1.0739315346790288,0.125,0.532764727107698,0.5562796299501435,0.2222222222222222,0.5873679729924072,0.2999911455874967,0.209375,320,15.4,3.0,4.4,9.2,11.1,8.2,6.8,4.9,27.1,2.6,0.3,19.3,0.06,0.9400000000000001,0.0,0.0,UR,0.09709505944546686,0.003125,0.471875,0.0,0.0,UR,7.5,15,0.9,0.0,0.0,0.0,0.0
size7_comp0.6_grid8_base_low,7,0.6,8,low,base,base,4,5,9,5,2,1,1,1,10,8,2,0,0.8,0.2,0.0,0.2,29.2,0.3013698630136986,0.36585365853658536,0.21875,0.10030959752321982,0.9558456291782751,0.25,0.36456957771740567,1.2961934006531137,0.14285714285714285,0.4482470768789724,0.691130695808956,0.3333333333333333,0.2994870783695205,0.17380481424584499,0.3013698630136986,292,10.3,9.1,5.8,4.0,11.9,5.7,6.0,4.6,22.1,2.9,1.7,16.4,0.1,0.5170133667502089,0.3829866332497912,0.0,UR,0.5720479541612136,0.0,0.0,0.07615131578947368,0.0,DL,1.2,3,0.3,0.0,0.0,0.0,0.0
size7_comp0.6_grid8_walls0_low,7,0.6,8,low,walls0,reshuffled_walls,4,3,7,5,1,1,1,1,4,3,2,0,0.75,0.5,0.0,0.5,28.25,0.40707964601769914,0.43529411764705883,0.32142857142857145,0.15367383512544802,1.2307729826566551,0.16666666666666666,0.46687424579179465,1.192531660435675,0.2857142857142857,0.4655587897333847,1.284310833766027,0.0,0.4687158842735686,0.3126021241830065,0.40707964601769914,113,9.75,9.25,4.75,4.5,9.0,5.0,5.25,8.0,21.75,6.75,2.25,9.25,0.0,0.0,1.0,0.0,DL,0.0,0.0,0.0,0.12351590501792115,0.0,DL,1.75,3,1.0,0.0,0.0,0.0,0.0
size7_comp0.6_grid8_walls1_low,7,0.6,8,low,walls1,reshuffled_walls,4,3,7,5,1,1,1,1,5,3,2,0,0.6,0.4,0.0,0.4,30.4,0.48026315789473684,0.4676258992805755,0.6153846153846154,0.10051282051282051,1.1485070915401148,0.3,0.34201210990404557,1.368792420758915,0.42857142857142855,0.4083914419814059,0.6345079900295804,0.0,0.18712700172353824,0.3493479853479854,0.48026315789473684,152,10.2,11.8,3.4,5.0,7.8,4.2,6.6,10.8,22.8,9.2,1.4,5.4,0.0,0.0,1.0,0.0,DL,0.0,0.0,0.0,0.16705128205128203,0.0,DL,2.0,4,1.0,0.0,0.0,0.0,0.0
size7_comp0.6_grid9_RandomStart_1_2_low,7,0.6,9,low,RandomStart_1_2,random_starts,4,5,9,1,4,1,1,1,3,3,2,0,1.0,0.6666666666666666,0.0,0.6666666666666666,27.333333333333332,0.4146341463414634,0.6896551724137931,0.2641509433962264,0.2403846153846154,0.289858918350593,0.2777777777777778,0.22908044768532346,0.3169065729796604,0.38461538461538464,0.2408096366831508,0.21953501631501782,0.0,0.19858455629097238,0.1119047619047619,0.4146341463414634,82,4.0,3.3333333333333335,16.666666666666668,3.3333333333333335,17.0,3.6666666666666665,3.3333333333333335,2.3333333333333335,18.333333333333332,2.0,0.3333333333333333,13.333333333333334,0.7426118772867998,0.0,0.18721268411670888,0.07017543859649122,UL,0.9193174312370695,0.0,0.0,0.05101495726495727,0.0,DL,1.0,1,1.0,0.0,0.0,0.0,0.0
size7_comp0.6_grid9_ReflectEnv_low,7,0.6,9,low,ReflectEnv,reflect,4,5,9,5,3,1,1,1,10,10,3,0,1.0,0.3,0.0,0.3,29.4,0.5034013605442177,0.5816326530612245,0.4642857142857143,0.12441269284712483,1.18940649658484,0.35714285714285715,0.2915490703299005,0.9963313206888478,0.38461538461538464,0.2692825681481633,1.3567383156947,0.3333333333333333,0.31084670555407284,0.20982915893630177,0.5034013605442177,294,5.6,6.7,7.8,9.3,7.4,5.6,7.9,7.5,18.7,5.9,1.0,5.3,0.0,0.04666666666666667,0.7218995405179616,0.23143379281537174,DL,0.8643997577339428,0.0,0.0,0.0625,0.015625,DL,1.6,4,0.0,0.0,0.0,0.0,0.0
size7_comp0.6_grid9_RotateEnv_low,7,0.6,9,low,RotateEnv,rotate,4,5,9,5,3,1,1,1,10,8,1,1,0.8,0.1,0.1,0.1,28.6,0.34965034965034963,0.38461538461538464,0.3076923076923077,0.0391304347826087,1.009820802394475,0.3333333333333333,0.3859405117470502,1.1145937805632031,0.3076923076923077,0.3500735355195612,0.9125316083806563,0.35714285714285715,0.4192455611011471,0.24458279238876962,0.34965034965034963,286,5.6,6.6,5.3,11.0,9.9,4.7,7.1,5.7,20.8,3.9,3.5,11.2,0.0,0.6902907837776259,0.08333333333333333,0.2263758828890408,UR,0.6819963160268819,0.0,0.05625,0.0,0.008695652173913044,UR,1.6,6,0.0,0.1,0.0,0.0,0.0
size7_comp0.6_grid9_StartGoalSwap_low,7,0.6,9,low,StartGoalSwap,start_goal_swap,5,4,9,5,3,1,1,1,10,7,6,0,0.7,0.6,0.0,0.6,28.4,0.40492957746478875,0.3696682464454976,0.5068493150684932,0.21490768934829588,1.086952818965231,0.20833333333333334,0.3782203451374871,1.1700782233518872,0.13333333333333333,0.3721927148174874,0.9484104783208043,0.3333333333333333,0.38826639567081983,0.16013778600560405,0.40492957746478875,284,4.8,6.4,6.6,10.5,8.9,6.3,6.8,5.2,20.0,4.1,1.1,10.4,0.2973096348096348,0.2623931623931624,0.42325174825174827,0.017045454545454548,DL,0.8269347631521985,0.05385588607867749,0.134375,0.08096459690661581,0.0,UR,4.2,10,0.1,0.6,0.0,0.0,0.0
size7_comp0.6_grid9_TransposeEnv_low,7,0.6,9,low,TransposeEnv,transpose,4,5,9,5,3,1,1,1,10,9,5,0,0.9,0.5,0.0,0.5,30.2,0.39403973509933776,0.5540540540540541,0.24025974025974026,0.15925105785019578,1.0678913092610223,0.3333333333333333,0.3184492973843057,1.2193228457879874,0.5,0.2514050453674403,0.7650282362070924,0.0,0.45253780141803646,0.2338903700094092,0.39403973509933776,302,18.0,4.0,5.1,3.1,13.4,6.0,4.8,5.0,20.0,4.2,1.1,13.6,0.038970057720057724,0.687629015721121,0.0,0.2734009265588213,UR,0.7657166488101476,0.0,0.22181272192048054,0.0,0.00625,UR,6.8,17,0.0,0.9,0.0,0.0,0.0
size7_comp0.6_grid9_base_low,7,0.6,9,low,base,base,4,5,9,5,3,1,1,1,10,10,8,0,1.0,0.8,0.0,0.8,23.5,0.4595744680851064,0.6875,0.3419354838709677,0.36677857096015665,0.7716373618077269,0.3157894736842105,0.2700437211230076,0.9760144845745297,0.5,0.24180287948088344,0.6229994543409613,0.18181818181818182,0.2905825150445525,0.2680721782155708,0.4595744680851064,235,5.7,2.6,13.6,1.6,10.4,4.2,6.3,1.6,13.4,1.4,0.9,10.6,0.43634680134680137,0.0,0.3913540163540164,0.17229918229918229,UL,1.3680990899456664,0.0,0.0,0.07128686749690585,0.0,DL,1.5,3,0.0,0.3,0.0,0.0,0.0
size7_comp0.6_grid9_walls0_low,7,0.6,9,low,walls0,reshuffled_walls,4,5,9,5,4,1,1,1,4,3,3,0,0.75,0.75,0.0,0.75,25.75,0.4368932038834951,0.4166666666666667,0.4838709677419355,0.291871921182266,1.000021864027563,0.25,0.39324538092454686,1.0519198253556743,0.36363636363636365,0.44248897257822206,0.8858463491057185,0.0,0.2849094792864615,0.2152796855921856,0.4368932038834951,103,6.75,4.0,10.25,4.75,6.5,4.75,8.25,5.25,15.75,3.75,0.5,9.75,0.1791208791208791,0.22142857142857142,0.30091575091575096,0.29853479853479853,DL,1.481577007005806,0.0,0.0078125,0.04433497536945813,0.0,DL,1.25,2,0.0,0.5,0.0,0.0,0.0
size7_comp0.6_grid9_walls1_low,7,0.6,9,low,walls1,reshuffled_walls,4,9,13,5,4,1,1,1,5,3,1,0,0.6,0.2,0.0,0.2,32.0,0.34375,0.3883495145631068,0.2631578947368421,0.08125,0.8483911777575173,0.32,0.39557709708003475,1.0943488099729972,0.4166666666666667,0.38381398184693305,0.6213533634047667,0.23076923076923078,0.40643535729520547,0.12284591008120416,0.34375,160,11.2,5.8,7.4,7.6,9.0,7.6,6.4,8.0,23.2,6.0,1.2,13.2,0.008695652173913044,0.5261612783351914,0.30628019323671496,0.1588628762541806,UR,0.791125074326555,0.0,0.2375,0.0625,0.0,UR,6.4,11,0.0,0.4,0.0,0.0,0.0
size9_comp0.0_grid0_RandomStart_1_1_low,9,0.0,0,low,RandomStart_1_1,random_starts,7,3,10,8,1,1,1,1,5,2,2,3,0.4,0.4,0.6,0.4,20.6,0.5145631067961165,0.4819277108433735,0.65,0.19090909090909092,0.38694768587238376,0.696969696969697,0.37305298396454045,0.4028645450341822,0.7083333333333334,0.3699374959091029,0.3445027281075879,0.6666666666666666,0.3813609521123738,0.07679738562091502,0.5145631067961165,103,6.2,4.0,1.4,9.0,8.8,3.6,3.4,3.8,10.2,3.2,1.2,5.8,0.37910745081476793,0.48553901383169673,0.0,0.13535353535353534,UR,1.0294939388324917,0.13406926406926406,0.2805194805194805,0.0,0.0,UR,9.4,35,0.4,0.0,0.0,0.0,0.0
size9_comp0.0_grid0_RandomStart_3_3_low,9,0.0,0,low,RandomStart_3_3,random_starts,3,3,6,4,1,1,1,1,5,3,3,1,0.6,0.6,0.2,0.6,21.6,0.5462962962962963,0.5058823529411764,0.6956521739130435,0.24642857142857144,0.6018508836805819,0.7419354838709677,0.4150433489002649,0.6578688697049018,0.75,0.4482796127921057,0.5,0.7272727272727273,0.3546137781878271,0.10834210592275108,0.5462962962962963,108,5.6,7.4,2.8,5.8,6.0,4.6,5.0,5.0,10.8,4.8,0.6,1.2,0.13634920634920633,0.18190476190476187,0.3526984126984127,0.32904761904761903,DL,1.2866435276242056,0.0,0.0,0.09166666666666666,0.0125,DL,2.2,10,0.0,0.0,0.0,0.0,0.0
size9_comp0.0_grid0_ReflectEnv_low,9,0.0,0,low,ReflectEnv,reflect,6,3,9,7,1,1,1,1,10,1,0,0,0.1,0.0,0.0,0.0,48.0,0.16666666666666666,0.15598290598290598,0.5833333333333334,0.0,0.5055637116560238,0.8333333333333334,0.6166011215952838,0.6333455674840356,0.9166666666666666,0.6544756409065481,0.25,0.6666666666666666,0.5408520829727552,0.2340390003470274,0.16666666666666666,480,35.9,3.3,4.6,4.2,28.0,6.1,7.4,5.5,42.2,3.5,0.0,32.9,0.035483870967741936,0.964516129032258,0.0,0.0,UR,0.09383153522334069,0.00625,0.6583333333333334,0.0,0.0,UR,22.5,47,1.0,0.0,0.0,0.0,0.0
size9_comp0.0_grid0_RotateEnv_low,9,0.0,0,low,RotateEnv,rotate,6,3,9,7,1,1,1,1,10,4,3,0,0.4,0.3,0.0,0.3,43.1,0.48259860788863107,0.4681372549019608,0.7391304347826086,0.10571428571428572,0.9951212929327292,0.7,0.3848949989942077,1.1687969291783624,0.7857142857142857,0.4764199988214123,0.5898781416929187,0.5,0.1713366660640637,0.21233467404988032,0.48259860788863107,431,15.1,12.4,10.2,5.4,8.7,7.8,11.1,14.5,31.8,13.8,0.2,6.1,0.1691594505555644,0.0,0.8308405494444356,0.0,DL,0.4829875757812642,0.03301587301587302,0.0,0.3540079365079365,0.0,DL,7.7,19,0.9,0.0,0.0,0.0,0.0
size9_comp0.0_grid0_StartGoalSwap_low,9,0.0,0,low,StartGoalSwap,start_goal_swap,3,6,9,7,1,1,1,1,10,0,0,0,0.0,0.0,0.0,0.0,48.0,0.10208333333333333,0.10208333333333333,0.0,0.0,0.6466807544837865,0.75,0.8492273440018315,0.6466807544837865,0.75,0.8492273440018315,0.0,0.0,0.0,0.3318277824326211,0.10208333333333333,480,35.1,2.1,2.8,8.0,26.5,8.7,7.3,4.5,42.9,3.3,0.0,36.5,0.0,1.0,0.0,0.0,UR,0.0,0.0,0.9625,0.0,0.0,UR,41.8,47,1.0,0.0,0.0,0.0,0.0
size9_comp0.0_grid0_TransposeEnv_low,9,0.0,0,low,TransposeEnv,transpose,6,3,9,7,1,1,1,1,10,9,5,0,0.9,0.5,0.0,0.5,31.7,0.3722397476340694,0.6057692307692307,0.25821596244131456,0.3433684210526316,0.6430278156838721,0.782608695652174,0.5333274958421286,0.5031455151099932,0.7727272727272727,0.4081771018493244,0.7712532578765944,0.7916666666666666,0.6480486903355325,0.11147739924311477,0.3722397476340694,317,8.3,6.5,2.3,14.6,12.8,7.2,7.1,3.6,18.2,2.9,0.7,12.1,0.276401724890097,0.44490435920668486,0.27414611228564717,0.00454780361757106,UR,0.7287834958931718,0.06756871345029239,0.3458333333333333,0.03178947368421052,0.0,UR,13.2,36,0.2,0.0,0.0,0.0,0.0
size9_comp0.0_grid0_base_low,9,0.0,0,low,base,base,6,3,9,7,1,1,1,1,10,3,3,3,0.3,0.3,0.3,0.3,29.2,0.3732876712328767,0.35335689045936397,1.0,0.2418181818181818,0.7314322611609283,0.7142857142857143,0.363458224593817,0.7961881711799355,0.7419354838709677,0.3996464160225985,0.2295739585136224,0.5,0.08299974102076026,0.15906084656084654,0.3732876712328767,292,11.1,5.2,2.2,10.7,10.7,7.3,6.4,3.8,19.3,2.8,0.0,12.3,0.2231513177620426,0.629824872714148,0.14464285714285713,0.0023809523809523807,UR,0.667252456882401,0.06269570707070707,0.45555555555555555,0.04791666666666667,0.0,UR,17.2,44,0.3,0.0,0.0,0.0,0.0
size9_comp0.0_grid0_walls0_low,9,0.0,0,low,walls0,reshuffled_walls,6,3,9,7,1,1,1,1,5,2,2,2,0.4,0.4,0.4,0.4,23.6,0.3983050847457627,0.36607142857142855,1.0,0.2583732057416268,0.3884087825360796,0.6785714285714286,0.38594495860167666,0.4114769129587595,0.7083333333333334,0.43729919651615895,0.25,0.5,0.07781953111478321,0.12170566502463054,0.3983050847457627,118,8.6,4.6,0.6,9.8,10.0,4.4,5.4,2.8,14.6,2.4,0.2,10.2,0.27297492401215806,0.5936917426545085,0.12,0.013333333333333332,UR,0.8427062841551356,0.07803315105946684,0.3712121212121212,0.0,0.0,UR,15.2,44,0.2,0.0,0.0,0.0,0.0
size9_comp0.0_grid0_walls1_low,9,0.0,0,low,walls1,reshuffled_walls,6,3,9,7,1,1,1,1,5,3,3,1,0.6,0.6,0.2,0.6,31.0,0.4645161290322581,0.4315068493150685,1.0,0.34209790209790214,0.6851237159793835,0.7352941176470589,0.34422168832240124,0.7458636836414849,0.7666666666666667,0.37905128129595334,0.2295739585136224,0.5,0.08299974102076026,0.17793450713618786,0.4645161290322581,155,9.6,7.2,2.8,11.4,10.2,6.8,7.6,5.4,19.6,4.8,0.2,8.4,0.2088343335151846,0.616806692125841,0.17435897435897435,0.0,UR,0.6064424601760878,0.056051813683392626,0.34035087719298246,0.11111111111111112,0.0,UR,14.8,33,0.2,0.0,0.0,0.0,0.0
size9_comp0.0_grid1_RandomStart_4_1_low,9,0.0,1,low,RandomStart_4_1,random_starts,1,5,6,6,0,1,1,1,5,5,0,0,1.0,0.0,0.0,0.0,48.0,0.25,0.5245901639344263,0.1564245810055866,0.0,0.8005473441175094,0.7368421052631579,0.48459617021304,0.9169803563421581,0.75,0.38664888206031384,0.6009478945895402,0.7142857142857143,0.6525058070462849,0.19426197187825092,0.25,240,20.4,6.0,4.4,17.2,18.0,10.6,9.2,9.2,38.4,7.2,0.2,25.4,0.09836829836829837,0.9016317016317016,0.0,0.0,UR,0.3257444249657563,0.03333333333333333,0.7291666666666667,0.0,0.0,UR,33.2,46,0.0,1.0,0.0,0.0,0.0
size9_comp0.0_grid1_RandomStart_4_2_low,9,0.0,1,low,RandomStart_4_2,random_starts,2,5,7,5,1,1,1,1,5,5,0,0,1.0,0.0,0.0,0.0,48.0,0.2708333333333333,0.6136363636363636,0.19387755102040816,0.0,0.7523616866868544,0.6,0.43926009488553214,0.7892703726972324,0.5555555555555556,0.27838275333885465,0.6969986576712878,0.6666666666666666,0.6805761072055484,0.224464041705421,0.2708333333333333,240,25.6,7.4,2.6,12.4,17.2,10.6,9.0,10.2,38.8,8.0,0.6,25.0,0.0687960687960688,0.9312039312039312,0.0,0.0,UR,0.26469911362484116,0.0,0.7916666666666667,0.0,0.0,UR,32.4,43,0.0,1.0,0.0,0.0,0.0
size9_comp0.0_grid1_ReflectEnv_low,9,0.0,1,low,ReflectEnv,reflect,4,5,9,5,2,1,1,1,10,10,1,0,1.0,0.1,0.0,0.1,45.3,0.32671081677704195,0.56,0.2804232804232804,0.04285714285714286,1.1368785702905735,0.8,0.49946800155554255,0.6859361272154737,0.6666666666666666,0.29229374674809055,1.2792814470511313,0.8421052631578947,0.5648914504421064,0.3039800155533688,0.32671081677704195,453,23.2,5.4,7.4,9.3,17.7,9.4,7.2,10.0,34.5,8.6,1.7,17.1,0.09339422357104017,0.8906408641482579,0.015964912280701755,0.0,UR,0.46824226707976,0.0,0.4666666666666666,0.0,0.0,UR,15.8,27,1.0,0.0,0.0,0.0,0.0
size9_comp0.0_grid1_RotateEnv_low,9,0.0,1,low,RotateEnv,rotate,4,5,9,-1,-1,1,1,1,9,6,5,0,0.6666666666666666,0.5555555555555556,0.0,0.5555555555555556,34.666666666666664,0.4967948717948718,0.45089285714285715,0.6136363636363636,0.2710485629079524,0.9684786561398918,0.7297297297297297,0.3508829260674472,1.0313424672882656,0.7142857142857143,0.4078530632642415,0.8859699040076513,0.75,0.2761096209966547,0.16722126506609264,0.4967948717948718,312,15.11111111111111,7.222222222222222,5.777777777777778,6.555555555555555,9.222222222222221,7.222222222222222,7.555555555555555,9.666666666666666,21.444444444444443,8.555555555555555,1.2222222222222223,5.444444444444445,0.7132961616358201,0.0595959595959596,0.22710787876822028,0.0,UL,0.7333059333628562,0.14376546424418765,0.03009259259259259,0.028480145270154522,0.0,UL,3.7777777777777777,8,0.1111111111111111,0.8888888888888888,0.0,0.0,0.0
size9_comp0.0_grid1_StartGoalSwap_low,9,0.0,1,low,StartGoalSwap,start_goal_swap,5,4,9,5,2,1,1,1,10,5,4,5,0.5,0.4,0.5,0.4,19.0,0.4473684210526316,0.6710526315789473,0.2982456140350877,0.14607371794871796,0.9036393334958471,0.6785714285714286,0.35943749463248525,0.852895738372935,0.6842105263157895,0.31355332475574843,1.0107647009775504,0.6666666666666666,0.45630407548337387,0.18274969078540507,0.4473684210526316,190,10.9,2.1,4.4,1.6,8.2,4.4,2.8,2.6,10.3,2.0,6.7,6.6,0.08096695226438189,0.5365978172174622,0.05833333333333333,0.3241018971848225,UR,0.7511300416995906,0.005555555555555555,0.055982905982905985,0.0,0.0,UR,1.4,9,0.4,0.6,0.0,0.0,0.0
size9_comp0.0_grid1_TransposeEnv_low,9,0.0,1,low,TransposeEnv,transpose,4,5,9,5,2,1,1,1,10,6,5,0,0.6,0.5,0.0,0.5,40.6,0.5221674876847291,0.4864864864864865,0.8888888888888888,0.15478193769841203,0.912508639152307,0.6944444444444444,0.36191507143875434,1.194804918349025,0.7391304347826086,0.45518749873858555,0.41306137595811343,0.6153846153846154,0.19689462313905298,0.2088048596398098,0.5221674876847291,406,13.4,12.4,6.6,8.2,8.8,7.3,9.0,14.5,26.0,13.4,0.3,2.3,0.5382722881709716,0.25772268082144556,0.1892431262456781,0.014761904761904763,UL,0.9793078557015177,0.04109667727112054,0.037590579710144935,0.027504330151997176,0.0,UL,2.4,7,0.7,0.0,0.0,0.0,0.0
size9_comp0.0_grid1_base_low,9,0.0,1,low,base,base,4,5,9,5,2,1,1,1,10,10,0,0,1.0,0.0,0.0,0.0,48.0,0.30416666666666664,0.6267605633802817,0.16863905325443787,0.0,0.8921756692387433,0.6785714285714286,0.4086285213419881,1.0005021264227227,0.6842105263157895,0.2964625766025815,0.6634864818503419,0.6666666666666666,0.6454232935696244,0.15707156135591124,0.30416666666666664,480,26.6,6.8,3.2,11.4,19.9,10.2,7.9,9.0,35.5,6.8,0.5,23.0,0.21145981033144082,0.7815634454825127,0.0069767441860465115,0.0,UR,0.7249564611810858,0.03125,0.6645833333333333,0.0,0.0,UR,27.9,41,0.0,1.0,0.0,0.0,0.0
size9_comp0.0_grid1_walls0_low,9,0.0,1,low,walls0,reshuffled_walls,4,5,9,5,2,1,1,1,5,5,0,0,1.0,0.0,0.0,0.0,48.0,0.22916666666666666,0.9166666666666666,0.1527777777777778,0.0,0.5347625368423394,0.6666666666666666,0.45045179238185895,0.38033031780723536,0.6,0.17324388684493958,0.6450712647245567,0.7142857142857143,0.6484574391939442,0.2337663067926226,0.22916666666666666,240,30.6,4.2,1.8,11.4,23.4,9.4,7.2,7.0,39.0,4.2,0.0,30.2,0.06924564796905222,0.9307543520309478,0.0,0.0,UR,0.36187041536973935,0.0,0.8666666666666666,0.0,0.0,UR,37.6,43,0.0,1.0,0.0,0.0,0.0
size9_comp0.0_grid1_walls1_low,9,0.0,1,low,walls1,reshuffled_walls,4,5,9,5,2,1,1,1,5,5,1,0,1.0,0.2,0.0,0.2,41.4,0.2995169082125604,0.7272727272727273,0.18404907975460122,0.12,0.5065489436865646,0.5555555555555556,0.3122904008704516,0.4727148259007074,0.5555555555555556,0.19260062011843201,0.5403830614724219,0.5555555555555556,0.43198018162247126,0.1920084324218323,0.2995169082125604,207,23.6,6.6,0.8,10.4,18.0,6.8,6.6,9.0,31.6,6.0,0.0,21.8,0.23957535937184407,0.7604246406281558,0.0,0.0,UR,0.615599897917346,0.008333333333333333,0.6466666666666667,0.0,0.0,UR,26.4,39,0.2,0.8,0.0,0.0,0.0
size9_comp0.0_grid2_RandomStart_2_7_low,9,0.0,2,low,RandomStart_2_7,random_starts,7,4,11,7,2,1,1,1,3,2,1,0,0.6666666666666666,0.3333333333333333,0.0,0.3333333333333333,48.0,0.4930555555555556,0.5446428571428571,0.3125,0.07638888888888888,0.8370816618007292,0.75,0.4075401675256171,0.9449030954039992,0.7777777777777778,0.36447516429425997,0.5136173609909184,0.6666666666666666,0.5367351772196886,0.2523109991859992,0.4930555555555556,144,21.666666666666668,14.0,5.0,7.333333333333333,14.333333333333334,7.666666666666667,10.333333333333334,14.666666666666666,31.0,12.333333333333334,0.0,8.666666666666666,0.008547008547008546,0.23170731707317072,0.7028303674645139,0.05691530691530691,DL,0.881477300698139,0.0,0.09722222222222221,0.40972222222222227,0.0,DL,8.0,9,0.6666666666666666,0.0,0.0,0.0,0.0
size9_comp0.0_grid2_RandomStart_7_5_low,9,0.0,2,low,RandomStart_7_5,random_starts,2,4,6,6,0,1,1,1,5,2,0,0,0.4,0.0,0.0,0.0,48.0,0.19166666666666668,0.1792452830188679,0.2857142857142857,0.0,0.6126741371599973,0.5294117647058824,0.6512726922769575,0.764057028114748,0.5,0.5892129265327556,0.47811156742244104,0.5555555555555556,0.7064369284940261,0.2121067851601072,0.19166666666666668,240,28.4,4.0,3.6,12.0,23.0,11.8,6.4,5.8,39.6,3.4,0.2,29.4,0.0,0.9784417720217904,0.0,0.021558227978209478,UR,0.15009752442738405,0.0,0.8708333333333332,0.0,0.0,UR,37.4,45,0.0,0.0,0.0,0.0,0.0
size9_comp0.0_grid2_ReflectEnv_low,9,0.0,2,low,ReflectEnv,reflect,6,4,10,4,3,1,1,1,10,0,0,6,0.0,0.0,0.6,0.0,36.5,0.1863013698630137,0.1863013698630137,0.0,0.0,0.6965623570212938,0.9285714285714286,0.6536189308001816,0.6965623570212938,0.9285714285714286,0.6536189308001816,0.0,0.0,0.0,0.4578611319614591,0.1863013698630137,365,27.7,2.6,4.2,2.0,22.1,4.8,4.4,4.2,29.5,2.6,0.0,23.9,0.0047619047619047615,0.9952380952380953,0.0,0.0,UR,0.02761954276479391,0.0,0.6622844296624785,0.0,0.0,UR,18.4,46,1.0,0.0,0.0,0.0,0.0
size9_comp0.0_grid2_RotateEnv_low,9,0.0,2,low,RotateEnv,rotate,6,4,10,4,3,1,1,1,10,2,0,8,0.2,0.0,0.8,0.0,16.1,0.4720496894409938,0.5038167938931297,0.3333333333333333,0.0,0.7122666795080285,0.8571428571428571,0.5089840293225223,0.7982049088131759,0.7894736842105263,0.42674316198617324,0.5308415287527173,1.0,0.6826036381437037,0.08566430490691575,0.4720496894409938,161,6.7,2.5,5.0,1.9,4.8,3.6,3.7,3.0,8.3,2.9,0.4,3.4,0.06466710613052076,0.03032300593276203,0.9050098879367171,0.0,DL,0.2822428399522078,0.00625,0.004166666666666667,0.3811928104575163,0.0,DL,4.5,13,1.0,0.0,0.0,0.0,0.0
size9_comp0.0_grid2_StartGoalSwap_low,9,0.0,2,low,StartGoalSwap,start_goal_swap,4,6,10,4,3,1,1,1,10,5,1,0,0.5,0.1,0.0,0.1,46.9,0.2601279317697228,0.2717391304347826,0.24352331606217617,0.02702702702702703,0.7943504896876941,0.7058823529411765,0.5022750630083865,0.8932389940320965,0.6470588235294118,0.4104865964649299,0.6954619853432918,0.7647058823529411,0.5940635295518432,0.28995460939116036,0.2601279317697228,469,28.8,4.4,5.3,8.4,23.1,10.3,6.7,5.8,36.1,4.8,0.3,25.6,0.21570926657883177,0.7749157334211683,0.0,0.009375,UR,0.40886962369825086,0.028716216216216218,0.49831081081081086,0.0,0.0,UR,20.6,46,0.0,0.0,0.0,0.0,0.0
size9_comp0.0_grid2_TransposeEnv_low,9,0.0,2,low,TransposeEnv,transpose,6,4,10,4,3,1,1,1,10,7,4,0,0.7,0.4,0.0,0.4,34.6,0.3930635838150289,0.49746192893401014,0.2550335570469799,0.28948412698412695,0.685943073367442,0.7169811320754716,0.46754991606698454,0.7144017836372605,0.6896551724137931,0.36925394083086294,0.6515554651247445,0.75,0.5863242194772982,0.16752016327488026,0.3930635838150289,346,16.0,8.6,4.8,5.2,15.1,5.3,7.2,6.0,22.3,4.8,0.5,12.4,0.16119575949988965,0.3580781344548553,0.4612816616008105,0.01944444444444444,DL,0.6208784635788651,0.0,0.18541666666666665,0.2130952380952381,0.0,DL,12.4,37,0.1,0.0,0.0,0.0,0.0
size9_comp0.0_grid2_base_low,9,0.0,2,low,base,base,6,4,10,4,3,1,1,1,10,2,2,1,0.2,0.2,0.1,0.2,38.9,0.480719794344473,0.4732620320855615,0.6666666666666666,0.09475806451612903,0.9736872623384927,0.75,0.42312536840952797,1.0721165005225524,0.7666666666666667,0.4414170162404189,0.48154107141819297,0.6666666666666666,0.3316671292550735,0.15211445617501335,0.480719794344473,389,12.5,14.0,4.9,7.5,8.2,6.9,9.8,13.0,25.7,11.5,0.0,4.1,0.15632956877637727,0.1542857142857143,0.6336704312236227,0.055714285714285716,DL,0.6521469616874711,0.0020833333333333333,0.06061827956989248,0.33125,0.0,DL,11.2,27,0.1,0.0,0.0,0.0,0.0
size9_comp0.0_grid2_walls0_low,9,0.0,2,low,walls0,reshuffled_walls,6,4,10,4,3,1,1,1,5,2,2,0,0.4,0.4,0.0,0.4,43.0,0.48372093023255813,0.5176470588235295,0.35555555555555557,0.12588652482269505,0.8955630214155559,0.7307692307692307,0.42529942252850395,0.933541011844055,0.7368421052631579,0.40786181950527434,0.792479904538201,0.7142857142857143,0.4726300593058413,0.19030228350081285,0.48372093023255813,215,16.2,14.8,5.0,7.0,11.4,6.4,9.4,14.8,30.2,13.8,0.0,5.8,0.0569604251957193,0.28024132730015083,0.6157394239747181,0.047058823529411764,DL,0.6118155092753417,0.0,0.1104609929078014,0.37916666666666665,0.0,DL,12.8,19,0.0,0.0,0.0,0.0,0.0
size9_comp0.0_grid2_walls1_low,9,0.0,2,low,walls1,reshuffled_walls,6,4,10,4,3,1,1,1,5,2,1,0,0.4,0.2,0.0,0.2,47.4,0.42616033755274263,0.5180722891566265,0.2112676056338028,0.04444444444444444,0.9027565377418487,0.7241379310344828,0.46261327287993526,1.0340230305151739,0.7619047619047619,0.40642327031036113,0.5581819942118704,0.625,0.6101120296250673,0.17626751468903668,0.42616033755274263,237,19.6,13.2,6.0,8.6,14.8,9.6,10.6,11.4,34.6,10.6,0.0,10.8,0.03335577507860005,0.37812269031781226,0.5535215346035877,0.034999999999999996,DL,0.4105762467489679,0.0,0.19833333333333333,0.3291666666666667,0.0,DL,14.8,38,0.0,0.0,0.0,0.0,0.0
size9_comp0.0_grid3_RandomStart_4_5_low,9,0.0,3,low,RandomStart_4_5,random_starts,4,5,9,1,4,1,1,1,5,4,4,1,0.8,0.8,0.2,0.8,12.6,0.7777777777777778,0.7142857142857143,0.8571428571428571,0.4954010695187166,0.479950862985842,0.631578947368421,0.2184227777678005,0.6204129910582796,0.5,0.20217763727607269,0.3777965880240691,0.7272727272727273,0.23023742539814798,0.17704678362573098,0.7777777777777778,63,4.2,3.2,2.6,2.6,3.6,1.6,4.4,2.0,2.8,2.0,0.2,0.0,0.0,0.0,0.6984126984126984,0.10158730158730159,DL,0.32546501501505026,0.0,0.0,0.16028520499108737,0.0,DL,2.4,4,0.0,0.8,0.0,0.0,0.0
size9_comp0.0_grid3_RandomStart_5_7_low,9,0.0,3,low,RandomStart_5_7,random_starts,3,5,8,4,2,1,1,1,5,5,5,0,1.0,1.0,0.0,1.0,14.2,0.7746478873239436,0.7142857142857143,0.8333333333333334,0.6105175983436852,0.5671799574665725,0.7222222222222222,0.2834582533888586,0.7620043404409917,0.5714285714285714,0.230777346148442,0.4432008046646692,0.8181818181818182,0.31698246708730554,0.21250000000000002,0.7746478873239436,71,5.2,2.4,3.8,2.8,4.2,1.0,5.6,2.4,3.0,2.2,0.4,0.2,0.0,0.0,0.7282539682539683,0.27174603174603174,DL,0.7983661936636761,0.0,0.0,0.1961076604554865,0.0,DL,2.8,6,0.0,1.0,0.0,0.0,0.0
size9_comp0.0_grid3_ReflectEnv_low,9,0.0,3,low,ReflectEnv,reflect,8,5,13,3,5,1,1,1,10,3,2,5,0.3,0.2,0.5,0.2,18.7,0.4117647058823529,0.4097222222222222,0.4186046511627907,0.18666666666666668,0.5688455562297782,0.7567567567567568,0.404516915757973,0.7501115114236878,0.6818181818181818,0.36651009024059195,0.30298882194537746,0.8666666666666667,0.4602602598501319,0.11812862890449098,0.4117647058823529,187,4.7,4.9,0.9,8.2,9.8,2.9,3.9,1.1,11.5,0.8,0.2,8.7,0.0,0.3141666666666667,0.0,0.18583333333333335,UR,0.3235942553281965,0.0,0.18125,0.0,0.04996794871794872,UR,6.6,24,0.0,0.2,0.0,0.0,0.0
size9_comp0.0_grid3_RotateEnv_low,9,0.0,3,low,RotateEnv,rotate,8,5,13,3,5,1,1,1,10,8,0,1,0.8,0.0,0.1,0.0,45.9,0.35294117647058826,0.5707317073170731,0.17716535433070865,0.0,0.7845834560827301,0.625,0.4674335494926993,0.9836046299218778,0.5384615384615384,0.3275187770970739,0.41497270466717,0.7857142857142857,0.7272752696560036,0.18550642499504205,0.35294117647058826,459,25.6,9.1,1.8,9.4,23.3,7.4,6.8,7.4,28.6,5.4,0.0,20.1,0.0,0.5895148624615443,0.2943480333242103,0.11613710421424546,UR,0.9726014151317891,0.0,0.4895833333333333,0.09351851851851851,0.05,UR,22.8,36,0.0,0.0,0.0,0.0,0.0
size9_comp0.0_grid3_StartGoalSwap_low,9,0.0,3,low,StartGoalSwap,start_goal_swap,5,8,13,3,5,1,1,1,10,6,5,0,0.6,0.5,0.0,0.5,38.4,0.4661458333333333,0.3881118881118881,0.6938775510204082,0.2442712209817473,0.8333613758432881,0.8113207547169812,0.4227141457951192,0.9125825401183824,0.8064516129032258,0.4934512372967544,0.7217315534556552,0.8181818181818182,0.32303915322463334,0.10185691846219061,0.4661458333333333,384,17.0,8.0,6.1,7.3,12.2,7.3,9.0,8.9,22.4,7.9,0.0,7.9,0.2624991314015704,0.384838497033619,0.3249105343617539,0.02775183720305672,UR,0.7122114357974939,0.054309985823143725,0.27499999999999997,0.0504968545100124,0.0,UR,11.0,32,0.0,0.3,0.0,0.0,0.0
size9_comp0.0_grid3_TransposeEnv_low,9,0.0,3,low,TransposeEnv,transpose,8,5,13,3,5,1,1,1,10,3,0,7,0.3,0.0,0.7,0.0,18.7,0.43315508021390375,0.7710843373493976,0.16346153846153846,0.0,0.638437523269739,0.8,0.4274562988802751,0.5883201993933407,0.7894736842105263,0.31974032436299343,0.7971423822116669,0.8333333333333334,0.7685568848516672,0.12415303303522096,0.43315508021390375,187,10.3,2.6,1.0,4.8,8.6,3.0,3.0,3.1,10.8,2.5,0.9,7.0,0.27779361559849364,0.33087847112237356,0.1913279132791328,0.0,UR,0.2555333213422801,0.0,0.21041666666666664,0.046153846153846156,0.0,UR,9.7,35,0.0,0.3,0.0,0.0,0.0
size9_comp0.0_grid3_base_low,9,0.0,3,low,base,base,8,5,13,3,5,1,1,1,10,6,6,4,0.6,0.6,0.4,0.6,20.6,0.6796116504854369,0.6466666666666666,0.7678571428571429,0.284583622664118,0.7613440814379296,0.8,0.28265145564799865,0.7707096440645517,0.8235294117647058,0.3112885996134954,0.7323959787738253,0.7272727272727273,0.19413664702737243,0.15773276106609438,0.6796116504854369,206,5.4,7.6,3.5,4.1,6.4,3.3,5.7,4.2,7.4,3.9,1.3,1.6,0.026302729528535983,0.3833651414296576,0.296374697584375,0.09395743145743145,UR,0.8333743337680779,0.0,0.093428596060175,0.12032761119448428,0.002631578947368421,DL,4.9,13,0.0,0.3,0.0,0.0,0.0
size9_comp0.0_grid3_walls0_low,9,0.0,3,low,walls0,reshuffled_walls,8,5,13,3,5,1,1,1,5,3,3,2,0.6,0.6,0.4,0.6,21.4,0.7102803738317757,0.6704545454545454,0.8947368421052632,0.24833608402100524,0.5330043586216421,0.7804878048780488,0.37907404131555456,0.6098062043931426,0.7878787878787878,0.40674048798056633,0.2161967448142028,0.75,0.26494994882238093,0.114808362369338,0.7102803738317757,107,5.2,8.2,4.0,4.0,6.4,3.6,5.8,4.6,7.8,4.6,0.0,0.0,0.23529411764705882,0.16318785578747627,0.2557874762808349,0.14573055028462997,DL,0.7157472289553544,0.0,0.04186046511627907,0.051108777194298585,0.032,DL,2.4,6,0.0,0.2,0.0,0.0,0.0
size9_comp0.0_grid3_walls1_low,9,0.0,3,low,walls1,reshuffled_walls,8,5,13,3,5,1,1,1,5,4,4,1,0.8,0.8,0.2,0.8,24.2,0.7107438016528925,0.6666666666666666,0.8571428571428571,0.3774805764411028,0.6985744737954767,0.8387096774193549,0.3109973926922608,0.8665076557444061,0.8571428571428571,0.3456913019209639,0.3459147917027245,0.8,0.23814018331198414,0.15906298003072192,0.7107438016528925,121,7.0,9.2,4.0,4.0,8.6,3.0,4.8,6.8,9.0,6.2,0.8,0.8,0.0,0.2469458592718355,0.2978532352386342,0.2552009054895302,DL,1.0782609389945328,0.0,0.04703947368421053,0.1186453634085213,0.023026315789473683,DL,3.6,6,0.0,0.2,0.0,0.0,0.0
size9_comp0.0_grid4_RandomStart_5_4_low,9,0.0,4,low,RandomStart_5_4,random_starts,4,8,12,4,4,1,1,1,5,5,1,0,1.0,0.2,0.0,0.2,41.6,0.38461538461538464,0.9545454545454546,0.3172043010752688,0.15,0.4709597285262209,0.8,0.4047730599348265,0.3459147917027245,0.6,0.15624049390244074,0.4959687158909202,0.84,0.4544795731413036,0.11179821239206178,0.38461538461538464,208,26.8,6.0,5.0,3.8,21.2,8.6,5.6,5.2,27.0,3.4,0.4,18.2,0.1858695652173913,0.4739565217391304,0.0,0.34017391304347827,UR,1.193763952094102,0.0,0.0375,0.0,0.07916666666666666,DR,2.6,3,0.0,0.2,0.0,0.0,0.0
size9_comp0.0_grid4_RandomStart_7_2_low,9,0.0,4,low,RandomStart_7_2,random_starts,6,8,14,6,4,1,1,1,2,0,0,0,0.0,0.0,0.0,0.0,48.0,0.17708333333333334,0.17708333333333334,0.0,0.0,0.8524910040873507,0.5714285714285714,0.6776225851262329,0.8524910040873507,0.5714285714285714,0.6776225851262329,0.0,0.0,0.0,0.29365079365079366,0.17708333333333334,96,14.0,7.0,1.5,25.5,18.5,13.5,9.5,5.5,42.0,4.0,0.0,30.0,0.0,1.0,0.0,0.0,UR,0.0,0.0,0.8125,0.0,0.0,UR,22.5,24,1.0,0.0,0.0,0.0,0.0
size9_comp0.0_grid4_ReflectEnv_low,9,0.0,4,low,ReflectEnv,reflect,4,8,12,4,4,1,1,1,10,10,5,0,1.0,0.5,0.0,0.5,37.4,0.6256684491978609,0.6219512195121951,0.6285714285714286,0.2763203463203463,0.9794441797788837,0.7441860465116279,0.3551907352029172,0.8928846626259663,0.75,0.40307453158420137,1.0547133251292464,0.7391304347826086,0.31355265139310495,0.11331087424951089,0.6256684491978609,374,12.4,11.5,6.5,7.0,9.7,5.7,9.6,11.4,21.6,11.2,3.5,0.1,0.11988418759316592,0.04910383597883598,0.8145972160794143,0.016414760348583878,DL,0.7376418950209811,0.0,0.0,0.24139430014430013,0.0,DL,5.4,17,0.0,1.0,0.0,0.0,0.0
size9_comp0.0_grid4_RotateEnv_low,9,0.0,4,low,RotateEnv,rotate,4,8,12,4,4,1,1,1,10,10,0,0,1.0,0.0,0.0,0.0,48.0,0.25833333333333336,0.7011494252873564,0.16030534351145037,0.0,0.8293860907825331,0.7692307692307693,0.45227666702898617,0.7039925277857481,0.6470588235294118,0.3210330935468581,1.0662405986653494,1.0,0.7001811947174503,0.10754533706788347,0.25833333333333336,480,29.7,6.0,2.4,9.9,21.3,8.7,8.2,8.8,39.3,6.2,7.4,26.8,0.0,0.9972222222222221,0.0,0.0027777777777777775,UR,0.018312206830137276,0.0,0.8333333333333333,0.0,0.0,UR,35.2,45,0.0,1.0,0.0,0.0,0.0
size9_comp0.0_grid4_StartGoalSwap_low,9,0.0,4,low,StartGoalSwap,start_goal_swap,8,4,12,4,4,1,1,1,10,9,7,1,0.9,0.7,0.1,0.7,24.3,0.551440329218107,0.6071428571428571,0.47572815533980584,0.42899600399600396,0.5444254901458183,0.6923076923076923,0.36546498079625794,0.7650093988192419,0.7142857142857143,0.21507313118262542,0.4208985012887011,0.68,0.44968441657989217,0.07597693905814042,0.551440329218107,243,6.4,9.6,2.8,5.5,11.0,6.1,3.5,2.7,11.2,2.3,0.0,7.3,0.12159163935479725,0.11488095238095238,0.431257952573742,0.3322694556905083,DL,1.2942264326580548,0.0,0.09375,0.03349358974358974,0.08191600066600066,UR,5.9,24,0.1,0.3,0.0,0.0,0.0
size9_comp0.0_grid4_TransposeEnv_low,9,0.0,4,low,TransposeEnv,transpose,4,8,12,4,4,1,1,1,10,9,3,0,0.9,0.3,0.0,0.3,44.3,0.309255079006772,0.5050505050505051,0.25290697674418605,0.10151137980085348,0.6249010889380987,0.5862068965517241,0.42128152827984855,0.6795922424757725,0.5625,0.3157090186542872,0.5575888999686538,0.6153846153846154,0.5512169247420778,0.19371058449717019,0.309255079006772,443,29.8,4.8,3.4,6.3,26.5,7.1,5.2,4.5,31.2,3.2,0.4,25.4,0.01386904761904762,0.8496058640847644,0.0,0.13652508829618806,UR,0.6348929185584895,0.0,0.5290436818397345,0.0,0.037187351825509724,UR,20.1,41,0.0,0.0,0.0,0.0,0.0
size9_comp0.0_grid4_base_low,9,0.0,4,low,base,base,4,8,12,4,4,1,1,1,10,10,0,0,1.0,0.0,0.0,0.0,48.0,0.32916666666666666,0.6022727272727273,0.26785714285714285,0.0,0.7442665539496578,0.696969696969697,0.526251867154975,0.9542566958448849,0.6428571428571429,0.40595208869281973,0.5895369757110693,0.7368421052631579,0.614893809179721,0.2631188595175795,0.32916666666666666,480,31.5,7.2,4.1,5.2,27.9,7.1,5.3,6.7,31.9,4.4,0.3,24.2,0.1345785495690619,0.6578920932445333,0.0,0.2075293571864047,UR,1.056798311020276,0.004166666666666667,0.2375,0.0,0.0625,UR,11.4,32,0.0,0.0,0.0,0.0,0.0
size9_comp0.0_grid4_walls0_low,9,0.0,4,low,walls0,reshuffled_walls,4,8,12,4,4,1,1,1,5,4,0,0,0.8,0.0,0.0,0.0,48.0,0.3416666666666667,0.4634146341463415,0.27848101265822783,0.0,0.7316337572578546,0.7317073170731707,0.4740623584399716,0.9529644781559163,0.65,0.4449052780950053,0.520842594497796,0.8095238095238095,0.5018310063875586,0.1795372625692222,0.3416666666666667,240,25.8,8.0,5.6,8.4,23.6,8.8,8.4,5.8,31.2,3.8,0.4,20.6,0.06762820512820514,0.6396982626202781,0.13216374269005848,0.16050978956145837,UR,1.0446698204434592,0.008333333333333333,0.20833333333333331,0.05,0.041666666666666664,UR,8.8,24,0.0,0.0,0.0,0.0,0.0
size9_comp0.0_grid4_walls1_low,9,0.0,4,low,walls1,reshuffled_walls,4,8,12,4,4,1,1,1,5,5,0,0,1.0,0.0,0.0,0.0,48.0,0.2875,0.7333333333333333,0.22380952380952382,0.0,0.5694806224439299,0.8095238095238095,0.4860162369696935,0.7352249399349937,0.5714285714285714,0.16485848575158427,0.486608463698398,0.9285714285714286,0.646595112578748,0.21440074128044054,0.2875,240,34.0,5.2,3.8,5.0,30.8,7.6,5.0,3.6,33.2,2.6,0.2,27.2,0.031355311355311354,0.830602584378328,0.0,0.13804210426636057,UR,0.713771322982667,0.0,0.3291666666666667,0.0,0.04583333333333332,UR,14.2,39,0.0,0.0,0.0,0.0,0.0
size9_comp0.0_grid5_RandomStart_2_5_low,9,0.0,5,low,RandomStart_2_5,random_starts,2,5,7,5,1,1,1,1,5,5,5,0,1.0,1.0,0.0,1.0,11.0,0.8,0.7272727272727273,0.8484848484848485,0.6471872571872572,0.4554647712347285,0.5294117647058824,0.22236463568032178,0.3226840904223515,0.5555555555555556,0.3000719341365983,0.6048430371486526,0.5,0.13494392491701074,0.09411764705882353,0.8,55,1.6,3.0,1.2,5.2,2.6,1.6,4.4,1.4,2.8,1.0,1.2,0.4,0.0,0.0,0.8677777777777778,0.13222222222222224,DL,0.5562621819302964,0.0,0.0,0.2881740481740481,0.0,DL,2.6,5,1.0,1.0,0.0,0.0,0.0
size9_comp0.0_grid5_RandomStart_5_3_low,9,0.0,5,low,RandomStart_5_3,random_starts,7,5,12,4,4,1,1,1,5,4,3,1,0.8,0.6,0.2,0.6,27.0,0.6444444444444445,0.6262626262626263,0.6944444444444444,0.28009090909090906,0.7907892214987033,0.7419354838709677,0.3333231836105909,0.7963337815499058,0.8260869565217391,0.36831656872006235,0.7748486113514965,0.5,0.23271720142086036,0.1789426523297491,0.6444444444444445,135,6.4,9.4,5.2,6.0,6.8,5.6,5.8,7.8,13.6,7.4,1.6,1.6,0.0,0.36111138861138864,0.3532167832167833,0.2856718281718281,UR,1.2783339830677423,0.0,0.07083333333333333,0.1016969696969697,0.0,DL,3.6,6,0.2,0.6,0.0,0.0,0.0
size9_comp0.0_grid5_ReflectEnv_low,9,0.0,5,low,ReflectEnv,reflect,3,5,8,6,1,1,1,1,10,3,0,0,0.3,0.0,0.0,0.0,48.0,0.22083333333333333,0.20679886685552407,0.25984251968503935,0.0,0.9424296293796425,0.696969696969697,0.582328124106676,1.1470700090162893,0.5,0.5066204781749777,0.7916419812263239,0.8421052631578947,0.6381127053195065,0.3260476003858714,0.22083333333333333,480,19.0,7.6,2.7,18.7,17.8,11.6,11.8,5.8,37.3,4.4,0.1,24.0,0.0,0.8942273198617373,0.0,0.1057726801382625,UR,0.41771981356523025,0.0,0.6541666666666666,0.0,0.03333333333333333,UR,24.1,41,0.0,0.0,0.0,0.0,0.0
size9_comp0.0_grid5_RotateEnv_low,9,0.0,5,low,RotateEnv,rotate,3,5,8,6,1,1,1,1,10,10,6,0,1.0,0.6,0.0,0.6,40.6,0.31773399014778325,0.6428571428571429,0.25,0.17223978919631094,0.5457226854020526,0.5625,0.3866412227935126,1.0075980550948365,0.5,0.2737254612277809,0.26859746358638226,0.6,0.45439067973295166,0.2717976711397764,0.31773399014778325,406,26.3,4.4,2.5,7.4,21.3,7.3,4.3,6.7,28.9,4.5,0.0,22.0,0.0,0.7867078745374141,0.0,0.21329212546258586,UR,0.6700990745915929,0.0,0.6622068511198946,0.0,0.06824934123847168,UR,29.5,41,0.0,0.1,0.0,0.0,0.0
size9_comp0.0_grid5_StartGoalSwap_low,9,0.0,5,low,StartGoalSwap,start_goal_swap,5,3,8,6,1,1,1,1,10,10,10,0,1.0,1.0,0.0,1.0,19.0,0.6578947368421053,0.7307692307692307,0.5697674418604651,0.4987775886142492,0.8329582944361938,0.6521739130434783,0.2642117620838748,0.7348940622796198,0.7333333333333333,0.24759860135223344,1.01682872972977,0.5,0.29536143845570245,0.10191363456958923,0.6578947368421053,190,5.8,4.0,7.5,1.7,5.5,3.0,6.1,3.4,6.6,3.2,0.2,2.0,0.004347826086956522,0.0,0.6528392199587852,0.34281295395425826,DL,0.920265231513779,0.0,0.0,0.27681415932323367,0.11092866097403302,DL,5.1,10,0.0,1.0,0.0,0.0,0.0
size9_comp0.0_grid5_TransposeEnv_low,9,0.0,5,low,TransposeEnv,transpose,3,5,8,6,1,1,1,1,10,10,1,0,1.0,0.1,0.0,0.1,46.6,0.24892703862660945,0.6705882352941176,0.15485564304461943,0.023529411764705882,0.7436580172867937,0.5714285714285714,0.3538130731531127,0.7960027814766287,0.5833333333333334,0.21018303474235,0.6738649983670139,0.5555555555555556,0.5453197910341296,0.21382162115244818,0.24892703862660945,466,27.7,7.5,1.1,10.3,21.1,8.7,6.5,9.3,37.7,7.1,9.4,26.1,0.0,0.9866666666666667,0.0,0.013333333333333332,UR,0.056650950655290536,0.0,0.8074754901960783,0.0,0.0058823529411764705,UR,33.3,46,0.0,1.0,0.0,0.0,0.0
size9_comp0.0_grid5_base_low,9,0.0,5,low,base,base,3,5,8,6,1,1,1,1,10,9,8,0,0.9,0.8,0.0,0.8,24.9,0.5863453815261044,0.5269461077844312,0.7073170731707317,0.38650243255196814,0.7390362321875767,0.7428571428571429,0.3877412572281006,0.711038513940193,0.8148148148148148,0.4363314846033949,0.8335285312724969,0.5,0.22374923983648248,0.14145488032042652,0.5863453815261044,249,5.9,7.7,3.5,7.8,6.1,4.9,7.2,5.7,12.6,5.3,1.1,2.1,0.011958874458874457,0.08181818181818182,0.8025252525252526,0.10369769119769119,DL,0.5611864733338647,0.0,0.03958333333333333,0.1533813946631284,0.0,DL,4.3,19,0.0,0.9,0.0,0.0,0.0
size9_comp0.0_grid5_walls0_low,9,0.0,5,low,walls0,reshuffled_walls,3,5,8,6,1,1,1,1,5,5,5,0,1.0,1.0,0.0,1.0,15.0,0.76,0.7142857142857143,0.8,0.6184541062801931,0.5475428721687086,0.5,0.28254794308775993,0.44140679135821553,0.5454545454545454,0.3555791149964378,0.714328142013769,0.42857142857142855,0.1677846729455519,0.14689153439153438,0.76,75,3.6,5.8,0.8,4.8,5.2,2.2,2.2,4.4,6.2,4.2,1.6,0.2,0.0,0.0,0.8661111111111112,0.1338888888888889,DL,0.5631726429722462,0.0,0.0,0.2458937198067633,0.0,DL,3.0,5,0.0,1.0,0.0,0.0,0.0
size9_comp0.0_grid5_walls1_low,9,0.0,5,low,walls1,reshuffled_walls,3,5,8,6,1,1,1,1,5,4,4,0,0.8,0.8,0.0,0.8,23.2,0.5517241379310345,0.4861111111111111,0.6590909090909091,0.44368286445012795,0.7256398089619552,0.7096774193548387,0.4025382708172045,0.7221672013987877,0.7727272727272727,0.47348437626532414,0.7341284052274765,0.5555555555555556,0.2291144574995787,0.1889051808406647,0.5517241379310345,116,6.8,8.0,2.0,6.4,6.2,3.4,6.4,6.2,11.6,5.2,0.4,3.4,0.0,0.1736842105263158,0.7018713450292398,0.12444444444444444,DL,0.5585947255411836,0.0,0.12083333333333332,0.1426854219948849,0.0,DL,7.2,26,0.0,0.8,0.0,0.0,0.0
size9_comp0.0_grid6_RandomStart_2_1_low,9,0.0,6,low,RandomStart_2_1,random_starts,2,7,9,9,0,1,1,1,5,3,2,0,0.6,0.4,0.0,0.4,41.4,0.2318840579710145,0.23076923076923078,0.23300970873786409,0.11936842105263157,0.6400566296866682,0.5555555555555556,0.5144547591569366,0.7907521389461114,0.5555555555555556,0.583159175247163,0.489361120427225,0.5555555555555556,0.44575034306671046,0.3385280812793941,0.2318840579710145,207,13.2,4.0,2.2,22.0,24.8,6.2,6.2,3.2,32.6,2.4,0.0,26.4,0.09802804107211412,0.9019719589278857,0.0,0.0,UR,0.44846433515681017,0.02992982456140351,0.46699122807017546,0.0,0.0,UR,15.4,25,0.0,0.0,0.0,0.0,0.0
size9_comp0.0_grid6_RandomStart_7_4_low,9,0.0,6,low,RandomStart_7_4,random_starts,6,7,13,1,6,1,1,1,5,3,1,0,0.6,0.2,0.0,0.2,45.0,0.28,0.2874251497005988,0.25862068965517243,0.07878787878787878,0.5316727049134293,0.6842105263157895,0.4319233971340316,0.751380884113289,0.6363636363636364,0.470025924236344,0.2295739585136224,0.75,0.37953242236835216,0.10513182899411629,0.28,225,22.2,2.8,5.4,14.6,26.6,7.4,5.4,4.6,34.6,3.4,0.6,27.0,0.02629222457129434,0.9737077754287057,0.0,0.0,UR,0.16478300396499787,0.0,0.7424242424242424,0.0,0.0,UR,22.0,30,0.0,0.0,0.0,0.0,0.0
size9_comp0.0_grid6_ReflectEnv_low,9,0.0,6,low,ReflectEnv,reflect,4,7,11,3,4,1,1,1,10,10,1,0,1.0,0.1,0.0,0.1,47.3,0.3276955602536998,0.7380952380952381,0.2390745501285347,0.02682926829268293,0.7390501380683672,0.7567567567567568,0.4086686172879773,0.5638691010998275,0.6470588235294118,0.24925329309001462,0.887954019491626,0.85,0.5441716428562456,0.1408551610509388,0.3276955602536998,473,26.0,6.4,5.1,9.8,18.7,9.0,9.5,9.1,34.7,6.7,5.1,19.3,0.21009328802194882,0.7799067119780513,0.01,0.0,UR,0.651357422984201,0.05904471544715447,0.22469512195121952,0.0,0.0,UR,7.7,26,0.1,0.9,0.0,0.0,0.0
size9_comp0.0_grid6_RotateEnv_low,9,0.0,6,low,RotateEnv,rotate,4,7,11,3,4,1,1,1,10,6,6,4,0.6,0.6,0.4,0.6,20.3,0.6108374384236454,0.5315315315315315,0.7065217391304348,0.25687327700371176,0.9773777945906021,0.75,0.34628903196118627,1.1377724648400354,0.625,0.38173650135418513,0.8490620583910555,0.85,0.3179310564467871,0.11264931056597724,0.6108374384236454,203,6.0,5.5,3.1,5.7,6.0,5.1,3.8,4.4,8.4,4.1,0.2,0.9,0.8307326316614242,0.054761904761904755,0.11450546357667099,0.0,UL,0.5588626140104701,0.16047488143140315,0.0,0.024324324324324326,0.0,UL,2.7,7,1.0,0.0,0.0,0.0,0.0
size9_comp0.0_grid6_StartGoalSwap_low,9,0.0,6,low,StartGoalSwap,start_goal_swap,7,4,11,3,4,1,1,1,10,2,1,5,0.2,0.1,0.5,0.1,24.1,0.3941908713692946,0.36936936936936937,0.6842105263157895,0.05789473684210526,0.7631529254663841,0.6666666666666666,0.3570013039218605,0.8542375261640691,0.75,0.38656779751662323,0.580983724071014,0.5,0.29786831673233527,0.12504859627255463,0.3941908713692946,241,14.9,2.2,3.6,3.4,9.2,4.9,5.1,3.9,16.1,2.7,0.2,9.7,0.04392566782810685,0.7205613627564847,0.0,0.23551296941540842,UR,0.7179480217203393,0.0,0.22759502923976607,0.0,0.0,UR,6.7,38,0.0,0.0,0.0,0.0,0.0
size9_comp0.0_grid6_TransposeEnv_low,9,0.0,6,low,TransposeEnv,transpose,4,7,11,3,4,1,1,1,10,10,8,0,1.0,0.8,0.0,0.8,25.8,0.6007751937984496,0.5737704918032787,0.625,0.470118843051002,0.8483103315432998,0.6666666666666666,0.3008461077267392,1.00977818513281,0.5,0.2798883249147518,0.7765468410590729,0.7407407407407407,0.3101606778654003,0.1053518558420519,0.6007751937984496,258,6.7,5.8,4.9,8.4,8.2,5.1,7.4,4.1,10.8,3.7,0.3,4.6,0.17925659330183447,0.09007680491551459,0.5418163377286518,0.18885026405399916,DL,1.2916528192083654,0.004166666666666667,0.008333333333333333,0.22011067455782599,0.03771864067966017,DL,5.1,12,0.7,0.0,0.0,0.0,0.0
size9_comp0.0_grid6_base_low,9,0.0,6,low,base,base,4,7,11,3,4,1,1,1,10,1,0,0,0.1,0.0,0.0,0.0,48.0,0.13958333333333334,0.136986301369863,0.16666666666666666,0.0,0.5848588336097916,0.5,0.544761691532538,0.8657825406206128,0.5,0.6038777369214419,0.3039351265989706,0.5,0.48564564614363415,0.37403514690816453,0.13958333333333334,480,33.2,2.4,3.9,8.5,29.4,6.7,6.0,4.9,42.8,3.6,0.1,35.1,0.0029411764705882353,0.9970588235294118,0.0,0.0,UR,0.019143325481419345,0.0,0.875,0.0,0.0,UR,32.4,48,1.0,0.0,0.0,0.0,0.0
size9_comp0.0_grid6_walls0_low,9,0.0,6,low,walls0,reshuffled_walls,4,7,11,3,4,1,1,1,4,0,0,0,0.0,0.0,0.0,0.0,48.0,0.14583333333333334,0.14583333333333334,0.0,0.0,0.6333590193725643,0.4444444444444444,0.725205889253242,0.6333590193725643,0.4444444444444444,0.725205889253242,0.0,0.0,0.0,0.14806763285024155,0.14583333333333334,192,32.5,1.75,5.25,8.5,25.75,8.75,7.25,5.25,42.75,4.0,0.0,33.25,0.01744186046511628,0.9825581395348837,0.0,0.0,UR,0.0912637974100712,0.0,0.859375,0.0,0.0,UR,28.25,48,1.0,0.0,0.0,0.0,0.0
size9_comp0.0_grid6_walls1_low,9,0.0,6,low,walls1,reshuffled_walls,4,7,11,3,4,1,1,1,4,0,0,0,0.0,0.0,0.0,0.0,48.0,0.15104166666666666,0.15104166666666666,0.0,0.0,0.6961956040028251,0.5,0.776195945525881,0.6961956040028251,0.5,0.776195945525881,0.0,0.0,0.0,0.42219470344470345,0.15104166666666666,192,33.25,2.0,5.25,7.5,22.75,9.75,9.25,5.25,42.0,4.0,0.0,32.5,0.0,1.0,0.0,0.0,UR,0.0,0.0,0.8333333333333333,0.0,0.0,UR,26.5,31,1.0,0.0,0.0,0.0,0.0
size9_comp0.0_grid7_RandomStart_3_7_low,9,0.0,7,low,RandomStart_3_7,random_starts,7,3,10,6,2,1,1,1,5,1,0,0,0.2,0.0,0.0,0.0,48.0,0.475,0.4870689655172414,0.125,0.0,0.9284449360856609,0.8,0.4925197240292196,1.0550510637337056,0.8181818181818182,0.4546234080123345,0.0,0.6666666666666666,0.7704260414863776,0.13387297147297147,0.475,240,16.4,14.6,9.0,7.8,10.8,7.0,14.4,14.4,35.0,13.2,0.0,3.6,0.025757575757575757,0.05,0.9144863266814486,0.00975609756097561,DL,0.3473361319551872,0.0,0.029166666666666667,0.4958333333333333,0.0,DL,10.0,13,1.0,0.0,0.0,0.0,0.0
size9_comp0.0_grid7_RandomStart_5_4_low,9,0.0,7,low,RandomStart_5_4,random_starts,2,3,5,3,1,1,1,1,5,2,1,0,0.4,0.2,0.0,0.2,41.0,0.25853658536585367,0.25949367088607594,0.2553191489361702,0.07692307692307693,0.574329766689572,0.5454545454545454,0.6007245322220853,0.5779604322582403,0.5384615384615384,0.5825848278522785,0.5690854719792733,0.5555555555555556,0.6269263274229174,0.1968450028232637,0.25853658536585367,205,24.0,4.4,3.8,8.8,15.6,10.8,6.0,7.6,31.6,5.8,0.0,21.0,0.0,0.9771428571428572,0.0,0.022857142857142857,UR,0.1259109525338721,0.0,0.6516025641025641,0.0,0.0,UR,24.2,44,0.0,1.0,0.0,0.0,0.0
size9_comp0.0_grid7_ReflectEnv_low,9,0.0,7,low,ReflectEnv,reflect,7,3,10,4,3,1,1,1,10,2,2,4,0.2,0.2,0.4,0.2,35.8,0.22905027932960895,0.2159090909090909,1.0,0.07965860597439545,0.7923866166632796,0.6875,0.37914081745648787,0.9731821555510395,0.75,0.4795812462370561,0.25,0.5,0.07781953111478321,0.29131226153959744,0.22905027932960895,358,25.0,2.0,5.6,3.2,19.7,6.5,5.6,3.0,29.3,2.3,0.2,24.0,0.0919008848105703,0.9080991151894298,0.0,0.0,UR,0.2976729179935059,0.015931721194879088,0.5202359207293418,0.0,0.0,UR,14.4,30,1.0,0.0,0.0,0.0,0.0
size9_comp0.0_grid7_RotateEnv_low,9,0.0,7,low,RotateEnv,rotate,7,3,10,4,3,1,1,1,10,4,1,6,0.4,0.1,0.6,0.1,30.3,0.4158415841584158,0.5,0.2616822429906542,0.024390243902439025,0.9463254746013495,0.7391304347826086,0.490156012562563,0.8851859123089268,0.6923076923076923,0.4671776638770614,1.025806905581499,0.8,0.5200278658537151,0.22459342873665122,0.4158415841584158,303,13.2,4.8,7.8,4.5,9.5,6.0,7.7,6.1,20.4,5.2,1.2,9.7,0.38493343573988736,0.16867511520737327,0.44639144905273936,0.0,DL,0.9841773195103836,0.03651082110400346,0.016666666666666666,0.14971792247726123,0.0,DL,3.2,5,0.5,0.4,0.0,0.0,0.0
size9_comp0.0_grid7_StartGoalSwap_low,9,0.0,7,low,StartGoalSwap,start_goal_swap,3,7,10,4,3,1,1,1,10,5,4,0,0.5,0.4,0.0,0.4,41.9,0.315035799522673,0.2947976878612717,0.410958904109589,0.13098286153206062,0.80448714404119,0.7027027027027027,0.42962382001104454,0.8877264558539439,0.7931034482758621,0.4535800679304204,0.502744638719957,0.375,0.3427824213033072,0.16959159459159462,0.315035799522673,419,23.6,6.2,4.7,7.4,19.0,9.4,5.9,6.6,30.1,5.7,0.2,20.0,0.13686946123478633,0.7247289793110228,0.1309941520467836,0.007407407407407407,UR,0.5116570587424073,0.01726495281987273,0.530600173091592,0.020833333333333336,0.0,UR,24.1,46,0.0,0.8,0.0,0.0,0.0
size9_comp0.0_grid7_TransposeEnv_low,9,0.0,7,low,TransposeEnv,transpose,7,3,10,4,3,1,1,1,10,8,5,2,0.8,0.5,0.2,0.5,21.8,0.5596330275229358,0.7636363636363637,0.35185185185185186,0.40476190476190477,0.707018292367928,0.7,0.3328021488339094,0.6971605563406698,0.6521739130434783,0.21542098594484713,0.7203552293459835,0.7647058823529411,0.49161195744852304,0.12161172161172161,0.5596330275229358,218,8.1,6.5,2.9,4.3,8.2,3.6,5.0,4.0,11.0,3.7,0.4,4.4,0.5275172780435937,0.1276182881446039,0.3448644338118022,0.0,UL,0.8372048221014501,0.2538690476190476,0.008333333333333333,0.09470238095238094,0.0,UL,5.1,29,0.5,0.4,0.0,0.0,0.0
size9_comp0.0_grid7_base_low,9,0.0,7,low,base,base,7,3,10,4,3,1,1,1,10,2,1,4,0.2,0.1,0.4,0.1,29.4,0.4523809523809524,0.4555160142348754,0.38461538461538464,0.02631578947368421,0.7654477519281593,0.7948717948717948,0.4448457230404529,0.8221374009185105,0.8484848484848485,0.42510664086841565,0.45365468248122703,0.5,0.5534106749866575,0.1256493260983246,0.4523809523809524,294,10.7,8.1,3.5,7.1,9.3,5.9,6.3,6.9,19.4,6.5,0.1,6.3,0.4592311411992263,0.1966090425531915,0.3285348162475822,0.015625,UL,0.3741596653353078,0.2599780701754386,0.17971491228070174,0.17171052631578948,0.0,UL,13.0,43,0.4,0.2,0.0,0.0,0.0
size9_comp0.0_grid7_walls0_low,9,0.0,7,low,walls0,reshuffled_walls,7,3,10,4,3,1,1,1,5,1,1,1,0.2,0.2,0.2,0.2,34.0,0.4411764705882353,0.44025157232704404,0.45454545454545453,0.09090909090909091,0.6991533341613594,0.7435897435897436,0.44025914667000576,0.7219132922766368,0.7647058823529411,0.45146007853559644,0.5443856189774724,0.6,0.36409280998398896,0.1405675173967857,0.4411764705882353,170,13.0,8.2,3.4,9.4,12.4,7.4,5.4,7.8,21.8,7.4,0.0,8.6,0.32220913059707545,0.43025463751886656,0.2301449275362319,0.017391304347826087,UR,0.6599716402802189,0.15643939393939393,0.2859848484848485,0.09583333333333334,0.0,UR,14.2,43,0.2,0.6,0.0,0.0,0.0
size9_comp0.0_grid7_walls1_low,9,0.0,7,low,walls1,reshuffled_walls,7,3,10,4,3,1,1,1,5,2,2,0,0.4,0.4,0.0,0.4,43.2,0.44907407407407407,0.43333333333333335,1.0,0.12040133779264214,0.8698161674962164,0.7567567567567568,0.3660235464049739,0.9465646528635296,0.7941176470588235,0.38916450272132064,0.0,0.3333333333333333,0.10375937481971094,0.2063155313155313,0.44907407407407407,216,14.2,13.2,5.6,10.2,13.2,6.8,11.2,11.0,27.2,10.0,0.0,8.6,0.2619635078638711,0.3039007092198581,0.4055643543448422,0.02857142857142857,DL,1.0123412529277636,0.053246934225195094,0.19120680044593089,0.15,0.0,UR,14.0,43,0.2,0.4,0.0,0.0,0.0
size9_comp0.0_grid8_RandomStart_2_6_low,9,0.0,8,low,RandomStart_2_6,random_starts,6,8,14,2,6,1,1,1,5,5,0,0,1.0,0.0,0.0,0.0,48.0,0.2708333333333333,0.2755905511811024,0.26548672566371684,0.0,0.7136309896388653,0.7142857142857143,0.5628905434088342,0.650830412815153,0.4,0.34676419785084667,0.7485201989853721,0.8888888888888888,0.6829607353854938,0.257455239620932,0.2708333333333333,240,10.0,3.2,20.2,14.6,27.2,7.6,7.8,4.4,31.8,3.2,0.4,26.6,0.377800553563951,0.3762572131834013,0.2459422332526478,0.0,UL,1.3637205481521946,0.25833333333333336,0.2541666666666667,0.09166666666666667,0.0,UL,17.4,32,0.2,0.6,0.0,0.0,0.0
size9_comp0.0_grid8_RandomStart_4_6_low,9,0.0,8,low,RandomStart_4_6,random_starts,8,8,16,2,7,1,1,1,5,5,1,0,1.0,0.2,0.0,0.2,43.2,0.35185185185185186,0.5256410256410257,0.2536231884057971,0.13333333333333333,0.40955654947149,0.7391304347826086,0.43424138318617583,0.4442701753316525,0.6086956521739131,0.2750461983686145,0.37484292361132754,0.8695652173913043,0.5934365680037372,0.1137167511684524,0.35185185185185186,216,9.8,3.8,11.0,18.6,23.4,7.4,8.0,3.4,26.2,3.0,0.6,21.2,0.3157266797297994,0.5393208889805601,0.11995243128964059,0.025,UR,1.2325447282446371,0.17083333333333334,0.4083333333333334,0.04166666666666667,0.0,UR,19.8,33,0.0,0.4,0.0,0.0,0.0
size9_comp0.0_grid8_ReflectEnv_low,9,0.0,8,low,ReflectEnv,reflect,5,8,13,3,5,1,1,1,10,6,1,0,0.6,0.1,0.0,0.1,47.6,0.41386554621848737,0.5629370629370629,0.18947368421052632,0.02954545454545455,0.9164085792517479,0.7727272727272727,0.4244259358780727,0.8940390373179574,0.7647058823529411,0.3978752650741719,0.9924650218266351,0.8,0.5146982166113352,0.1300202245102414,0.41386554621848737,476,12.1,10.8,5.1,19.6,16.4,9.2,10.7,10.3,33.9,9.6,4.9,13.8,0.021589205397301352,0.8180817778679026,0.041379310344827586,0.11894970638996845,UR,0.6188709647338871,0.0,0.40814393939393934,0.008333333333333333,0.019696969696969695,UR,15.2,35,0.0,0.9,0.0,0.0,0.0
size9_comp0.0_grid8_RotateEnv_low,9,0.0,8,low,RotateEnv,rotate,5,8,13,3,5,1,1,1,10,3,2,0,0.3,0.2,0.0,0.2,45.4,0.3524229074889868,0.32242990654205606,0.8461538461538461,0.07526881720430108,0.7870197845292745,0.7647058823529411,0.45888342642616403,1.0504839659459666,0.8529411764705882,0.549426869652717,0.2600914216958903,0.5882352941176471,0.2777965399730582,0.22564172917630088,0.3524229074889868,454,23.1,10.2,4.0,8.1,14.6,7.6,9.3,12.9,30.7,10.1,0.1,12.6,0.04809139784946237,0.6943663594470045,0.1850029540352121,0.0725392886683209,UR,0.5062738594234533,0.0,0.5125,0.040787841191067,0.010918114143920596,UR,17.9,40,0.0,0.2,0.0,0.0,0.0
size9_comp0.0_grid8_StartGoalSwap_low,9,0.0,8,low,StartGoalSwap,start_goal_swap,8,5,13,3,5,1,1,1,10,9,2,1,0.9,0.2,0.1,0.2,40.4,0.3564356435643564,0.43315508021390375,0.2903225806451613,0.08902173913043479,0.6096597057365831,0.6666666666666666,0.42286132840912277,0.6903843845971821,0.6470588235294118,0.289404374775587,0.5472815447988476,0.6818181818181818,0.525987156216855,0.21667214300698467,0.3564356435643564,404,18.4,3.2,13.0,5.8,22.8,8.0,5.9,2.7,23.1,1.7,0.5,19.6,0.376105415437613,0.34537075261926337,0.27852383194312375,0.0,UL,1.2278257157131622,0.2081702898550725,0.1125,0.04226449275362319,0.0,UL,9.7,26,0.1,0.4,0.0,0.0,0.0
size9_comp0.0_grid8_TransposeEnv_low,9,0.0,8,low,TransposeEnv,transpose,5,8,13,3,5,1,1,1,10,10,7,0,1.0,0.7,0.0,0.7,35.5,0.36056338028169016,0.425,0.3276595744680851,0.31817889927216847,0.3016612626718837,0.7272727272727273,0.3346109659164605,0.460906196205437,0.5555555555555556,0.3103113793012249,0.19141477022557754,0.8461538461538461,0.35143375665008514,0.21839744851108486,0.36056338028169016,355,8.7,1.7,3.7,21.4,26.8,3.3,3.5,0.9,24.9,0.9,0.9,22.6,0.30972836727100733,0.6902716327289926,0.0,0.0,UR,0.859932400683063,0.12152372591899538,0.51005202286075,0.0,0.0,UR,18.4,32,0.0,0.1,0.0,0.0,0.0
size9_comp0.0_grid8_base_low,9,0.0,8,low,base,base,5,8,13,3,5,1,1,1,10,10,1,0,1.0,0.1,0.0,0.1,46.0,0.2826086956521739,0.75,0.20153061224489796,0.04642857142857143,0.6595190345457325,0.7105263157894737,0.49895168851956195,0.5162721724602165,0.45454545454545453,0.27719537693223684,0.7178788672472388,0.8148148148148148,0.5892968524995832,0.16800167194904034,0.2826086956521739,460,11.3,4.4,4.1,26.2,22.9,9.0,8.7,4.4,32.0,3.3,0.9,24.5,0.24215572451647124,0.7367916439045813,0.021052631578947368,0.0,UR,0.6861263705695041,0.08452380952380953,0.6083333333333334,0.010714285714285714,0.0,UR,26.9,37,0.0,0.1,0.0,0.0,0.0
size9_comp0.0_grid8_walls0_low,9,0.0,8,low,walls0,reshuffled_walls,5,8,13,3,5,1,1,1,5,5,0,0,1.0,0.0,0.0,0.0,48.0,0.2375,0.8928571428571429,0.1509433962264151,0.0,0.4861624414800783,0.8260869565217391,0.5815626374521158,0.38170772509836765,0.6666666666666666,0.21443642090162907,0.5230288119677408,0.8823529411764706,0.7111365962346405,0.1963065459751327,0.2375,240,10.8,3.2,3.2,30.6,27.0,7.6,7.6,4.4,34.6,3.2,0.8,28.0,0.18041721563460694,0.819582784365393,0.0,0.0,UR,0.6791707693638225,0.07916666666666666,0.7375,0.0,0.0,UR,33.6,37,0.0,0.0,0.0,0.0,0.0
size9_comp0.0_grid8_walls1_low,9,0.0,8,low,walls1,reshuffled_walls,5,8,13,3,5,1,1,1,5,5,0,0,1.0,0.0,0.0,0.0,48.0,0.2791666666666667,0.45,0.2222222222222222,0.0,0.6233245990489096,0.7142857142857143,0.539400026279642,0.4855363120327324,0.5384615384615384,0.32933618188106717,0.7427411144629299,0.8666666666666667,0.7214553580917401,0.22791686982863452,0.2791666666666667,240,11.0,4.0,8.6,24.4,27.0,8.4,7.4,4.2,33.4,3.0,0.6,24.8,0.2637177550221028,0.7362822449778972,0.0,0.0,UR,0.7382813124364478,0.15416666666666667,0.5333333333333334,0.0,0.0,UR,22.2,30,0.0,0.2,0.0,0.0,0.0
size9_comp0.0_grid9_RandomStart_2_6_low,9,0.0,9,low,RandomStart_2_6,random_starts,6,8,14,2,6,1,1,1,5,4,0,1,0.8,0.0,0.2,0.0,39.6,0.37373737373737376,0.7333333333333333,0.2679738562091503,0.0,0.8997517538738237,0.9393939393939394,0.5214056952967234,0.7174148792132994,0.8181818181818182,0.37841367812450194,0.9909201912040857,1.0,0.5929017038828343,0.07867716574613125,0.37373737373737376,198,16.4,5.8,4.8,12.6,13.0,6.8,11.4,7.4,24.4,6.2,0.8,11.2,0.0941830594004507,0.5851704895183156,0.2983696288044114,0.02227682227682228,UR,0.9151701932265788,0.016666666666666666,0.3875,0.13333333333333336,0.0,UR,16.0,28,0.2,0.0,0.0,0.0,0.0
size9_comp0.0_grid9_RandomStart_3_6_low,9,0.0,9,low,RandomStart_3_6,random_starts,5,8,13,3,5,1,1,1,5,2,0,2,0.4,0.0,0.4,0.0,30.8,0.35064935064935066,0.4444444444444444,0.2465753424657534,0.0,1.005946250289884,0.78125,0.5341604267607524,0.8955413333755263,0.6956521739130435,0.48065123396159043,1.2880921490710202,1.0,0.670906141691944,0.23935391865079364,0.35064935064935066,154,12.4,4.0,5.8,8.6,10.4,7.8,6.0,5.6,18.6,4.4,0.4,9.4,0.05687361419068737,0.4694013303769401,0.47372505543237253,0.0,DL,0.5298072039847734,0.004166666666666667,0.3041666666666667,0.25250000000000006,0.0,UR,12.4,22,0.4,0.0,0.0,0.0,0.0
size9_comp0.0_grid9_ReflectEnv_low,9,0.0,9,low,ReflectEnv,reflect,3,8,11,7,2,1,1,1,10,2,2,0,0.2,0.2,0.0,0.2,42.5,0.24235294117647058,0.21772151898734177,0.5666666666666667,0.10893719806763284,0.6654972140786942,0.4666666666666667,0.47863028387890677,1.0186182862497895,0.42857142857142855,0.6900401012987045,0.356516275928986,0.5,0.2936466936365837,0.2612402673927647,0.24235294117647058,425,24.2,4.6,5.1,8.6,18.1,9.1,6.7,7.6,36.2,5.4,0.2,23.8,0.0,0.9554945054945054,0.0,0.0445054945054945,UR,0.1528945094551565,0.0,0.7592089371980678,0.0,0.009903381642512078,UR,22.9,40,1.0,0.0,0.0,0.0,0.0
size9_comp0.0_grid9_RotateEnv_low,9,0.0,9,low,RotateEnv,rotate,3,8,11,7,2,1,1,1,10,10,10,0,1.0,1.0,0.0,1.0,19.4,0.7061855670103093,0.6153846153846154,0.7864077669902912,0.6173030430810317,0.6569916481859296,0.6296296296296297,0.14658326500499072,1.0510657964294376,0.42857142857142855,0.199672072950649,0.5190656963007019,0.7,0.1280021822240103,0.10698594252515822,0.7061855670103093,194,3.5,4.5,2.1,9.3,6.4,4.3,4.4,3.3,7.6,3.1,0.2,3.0,0.0,0.0,0.5790241702741703,0.4209758297258297,DL,0.778262926496423,0.0,0.0,0.20604015327212669,0.13530740676850733,DL,4.1,7,0.7,0.0,0.0,0.0,0.0
size9_comp0.0_grid9_StartGoalSwap_low,9,0.0,9,low,StartGoalSwap,start_goal_swap,8,3,11,7,2,1,1,1,10,7,6,0,0.7,0.6,0.0,0.6,39.4,0.4746192893401015,0.4868804664723032,0.39215686274509803,0.21348758865248224,1.0565425576045813,0.7,0.34663774486414106,1.1802618339634743,0.75,0.3525581698746707,0.5616654521690094,0.5,0.32295604482202267,0.16655817805813564,0.4746192893401015,394,16.2,8.8,10.1,4.3,11.2,9.6,9.3,8.3,26.9,7.5,0.1,10.5,0.31664983458103035,0.0,0.6833501654189695,0.0,DL,0.813668262130707,0.029779174725983237,0.0,0.3503417150225661,0.0,DL,7.8,16,0.8,0.0,0.0,0.0,0.0
size9_comp0.0_grid9_TransposeEnv_low,9,0.0,9,low,TransposeEnv,transpose,3,8,11,7,2,1,1,1,10,7,6,1,0.7,0.6,0.1,0.6,31.0,0.5290322580645161,0.4326923076923077,0.7254901960784313,0.3164975346863892,0.869745692471169,0.723404255319149,0.36225259773862833,1.0510628859253695,0.7222222222222222,0.49614796032069264,0.7572039861892514,0.7241379310344828,0.2791451313083815,0.11640557259455886,0.5290322580645161,310,10.9,5.9,4.8,9.4,9.4,7.3,5.7,7.6,17.5,7.2,1.2,4.5,0.4910419186521461,0.47529795062889973,0.033660130718954254,0.0,UL,0.9194438776138532,0.11259614815554594,0.14809615555333622,0.0,0.0,UR,3.8,7,0.6,0.0,0.0,0.0,0.0
size9_comp0.0_grid9_base_low,9,0.0,9,low,base,base,3,8,11,7,2,1,1,1,10,7,0,0,0.7,0.0,0.0,0.0,48.0,0.25625,0.315,0.21428571428571427,0.0,0.7575756450883371,0.8055555555555556,0.598589939487925,0.5648088127999037,0.65,0.4728840457867779,0.9985341854488786,1.0,0.7557223066143591,0.25713744106619146,0.25625,480,24.5,6.1,4.2,13.2,18.0,11.4,10.0,7.6,35.9,5.4,1.0,23.3,0.08853609672005644,0.9044871590938971,0.0069767441860465115,0.0,UR,0.44132933200142704,0.031249999999999993,0.6916666666666667,0.0,0.0,UR,28.2,43,0.0,0.0,0.0,0.0,0.0
size9_comp0.0_grid9_walls0_low,9,0.0,9,low,walls0,reshuffled_walls,3,8,11,7,2,1,1,1,5,5,0,0,1.0,0.0,0.0,0.0,48.0,0.325,0.7777777777777778,0.2676056338028169,0.0,0.8980111029732294,0.9032258064516129,0.5353458846020357,0.4586797344834303,0.75,0.3489242047711252,1.1754835462299447,1.0,0.6530858929162949,0.131798048218569,0.325,240,21.6,9.6,4.0,12.8,17.0,8.2,11.0,10.8,31.8,8.2,3.4,16.0,0.1679375433289217,0.8133124566710783,0.01875,0.0,UR,0.6742599027071575,0.0375,0.5666666666666667,0.0,0.0,UR,16.4,22,0.0,0.0,0.0,0.0,0.0
size9_comp0.0_grid9_walls1_low,9,0.0,9,low,walls1,reshuffled_walls,3,8,11,7,2,1,1,1,5,3,0,0,0.6,0.0,0.0,0.0,48.0,0.2625,0.3142857142857143,0.2222222222222222,0.0,0.7209798224344687,0.7727272727272727,0.6212122404954052,0.6868771295525071,0.5,0.4796920677374472,0.7493987331694366,1.0,0.7391457177937036,0.23425960252050482,0.2625,240,23.0,5.6,5.0,14.4,17.2,10.4,8.0,11.4,38.8,8.2,1.0,22.8,0.06678570660241379,0.9332142933975863,0.0,0.0,UR,0.34658110658496477,0.029166666666666664,0.7625,0.0,0.0,UR,29.4,41,0.0,0.0,0.0,0.0,0.0
size9_comp0.2_grid0_RandomStart_2_3_low,9,0.2,0,low,RandomStart_2_3,random_starts,2,7,9,9,0,1,1,1,5,4,4,0,0.8,0.8,0.0,0.8,31.4,0.5477707006369427,0.5,0.631578947368421,0.3125,0.9296660079265319,0.5483870967741935,0.32089486984685034,1.120212224519348,0.7857142857142857,0.4813783998150707,0.7727455942618596,0.35294117647058826,0.18873196281419835,0.09005080940564812,0.5477707006369427,157,5.8,9.8,5.8,10.0,8.0,5.6,7.6,9.2,17.6,7.8,0.0,4.6,0.19506383017671997,0.06432748538011696,0.3404742127916635,0.4001344716514995,DR,1.1292284408896103,0.0,0.0,0.1486111111111111,0.04583333333333333,DL,6.0,16,0.0,0.0,0.0,0.0,0.0
size9_comp0.2_grid0_RandomStart_3_4_low,9,0.2,0,low,RandomStart_3_4,random_starts,2,7,9,7,1,1,1,1,5,4,4,0,0.8,0.8,0.0,0.8,38.6,0.44559585492227977,0.5443037974683544,0.37719298245614036,0.20681318681318678,0.9728218810216684,0.5517241379310345,0.36965320587177375,0.9396317744424943,0.7333333333333333,0.3934063539777315,1.008382709499355,0.35714285714285715,0.3442034043296762,0.0897661342488929,0.44559585492227977,193,7.8,10.2,4.6,15.8,11.2,7.6,10.0,8.4,25.4,7.2,0.0,11.6,0.06778228532792427,0.23638838475499094,0.23238191828455518,0.4634474116325296,DR,0.9352891655316737,0.0,0.008888888888888889,0.041944444444444444,0.1476923076923077,DR,5.6,11,0.0,0.0,0.0,0.0,0.0
size9_comp0.2_grid0_ReflectEnv_low,9,0.2,0,low,ReflectEnv,reflect,5,7,12,6,3,1,1,1,10,7,0,0,0.7,0.0,0.0,0.0,48.0,0.31875,0.363265306122449,0.2723404255319149,0.0,0.8575875007118798,0.7380952380952381,0.4561727951884009,0.824369932954259,0.55,0.2863567773564116,0.887785289582444,0.9090909090909091,0.6105509932174822,0.23117753694139734,0.31875,480,22.3,6.6,6.5,12.6,18.0,8.7,9.8,10.5,34.7,7.7,1.2,17.9,0.01864171864171864,0.9129421861129782,0.0,0.0684160952453032,UR,0.43389335107347476,0.0,0.5604166666666667,0.0,0.020833333333333336,UR,18.7,40,0.0,0.0,0.0,0.0,0.0
size9_comp0.2_grid0_RotateEnv_low,9,0.2,0,low,RotateEnv,rotate,5,7,12,6,3,1,1,1,10,7,4,2,0.7,0.4,0.2,0.4,33.4,0.4341317365269461,0.3656716417910448,0.7121212121212122,0.24404204491161013,0.9558976832743565,0.5,0.380065940892664,1.0207315065604994,0.4375,0.4432656339462022,0.8818018852330505,0.5714285714285714,0.3078377202600488,0.1136856266668473,0.4341317365269461,334,16.9,4.6,5.7,6.2,12.0,7.9,5.3,7.2,21.2,5.1,0.8,10.6,0.10756140350877193,0.7628667502088555,0.004,0.12557184628237258,UR,0.8812436483159196,0.0,0.053365292360520365,0.0,0.03666475035510029,UR,1.6,5,0.0,0.0,0.0,0.0,0.0
size9_comp0.2_grid0_StartGoalSwap_low,9,0.2,0,low,StartGoalSwap,start_goal_swap,7,5,12,6,3,1,1,1,10,6,0,0,0.6,0.0,0.0,0.0,48.0,0.3541666666666667,0.3859060402684564,0.3021978021978022,0.0,0.9107792157556185,0.5476190476190477,0.43750762547145455,0.7787321385307068,0.4090909090909091,0.34598706774640264,1.0560310007030211,0.7,0.5381802389690116,0.2040217754985216,0.3541666666666667,480,24.3,4.7,10.9,8.1,17.8,11.3,9.0,8.9,33.9,6.8,1.6,18.2,0.03449735449735449,0.7362766121866224,0.01111111111111111,0.21811492220491208,UR,0.8646214007439508,0.0,0.28541666666666665,0.0,0.10416666666666667,UR,8.9,14,0.0,0.0,0.0,0.0,0.0
size9_comp0.2_grid0_TransposeEnv_low,9,0.2,0,low,TransposeEnv,transpose,5,7,12,6,3,1,1,1,10,2,1,0,0.2,0.1,0.0,0.1,47.7,0.24947589098532494,0.22717149220489977,0.6071428571428571,0.026666666666666665,0.7511962697900393,0.5925925925925926,0.4054179372606078,1.0015787329548025,0.7857142857142857,0.4902407639358924,0.4815536171510636,0.38461538461538464,0.31407027776414753,0.20539237403272487,0.24947589098532494,477,25.7,5.3,6.3,10.4,18.3,8.5,11.7,8.2,39.6,5.1,0.1,25.5,0.005079365079365079,0.9573015873015873,0.02619047619047619,0.011428571428571429,UR,0.16781546469832015,0.0,0.7765277777777777,0.0,0.0022222222222222222,UR,20.4,29,1.0,0.0,0.0,0.0,0.0
size9_comp0.2_grid0_base_low,9,0.2,0,low,base,base,5,7,12,6,3,1,1,1,10,7,3,0,0.7,0.3,0.0,0.3,44.9,0.4922048997772829,0.4971590909090909,0.4742268041237113,0.09928571428571428,0.9953770229518936,0.5142857142857142,0.3797190743863297,1.0887226549198008,0.631578947368421,0.38286014533227947,0.8845290849900038,0.375,0.37598905263801424,0.141188782812843,0.4922048997772829,449,11.7,12.4,8.9,11.9,11.6,11.0,10.3,11.0,30.0,9.1,0.1,7.9,0.04509448657511785,0.08315266106442577,0.72830887476942,0.14344397759103641,DL,0.7691029633001444,0.0,0.016666666666666666,0.3363690476190477,0.05184523809523809,DL,7.7,20,0.8,0.0,0.0,0.0,0.0
size9_comp0.2_grid0_walls0_low,9,0.2,0,low,walls0,reshuffled_walls,5,7,12,8,2,1,1,1,5,3,2,0,0.6,0.4,0.0,0.4,45.8,0.4978165938864629,0.5089820359281437,0.46774193548387094,0.11295681063122923,0.9175577721120328,0.5769230769230769,0.38134198967073957,1.1160440603925126,0.5833333333333334,0.34851814480167115,0.7474266678716214,0.5714285714285714,0.40947671384422685,0.1263216230162383,0.4978165938864629,229,13.2,13.6,5.4,13.6,12.0,10.6,9.0,13.2,30.8,13.0,0.2,7.6,0.06848820037277482,0.20976367086424014,0.6515624005127407,0.07018572825024438,DL,0.9933578863198577,0.0,0.03381782945736435,0.30387596899224806,0.014174972314507197,DL,10.4,18,0.8,0.0,0.0,0.0,0.0
size9_comp0.2_grid0_walls1_low,9,0.2,0,low,walls1,reshuffled_walls,5,7,12,6,3,1,1,1,4,3,3,0,0.75,0.75,0.0,0.75,38.5,0.5064935064935064,0.5247524752475248,0.4716981132075472,0.2709316770186335,0.892362207000921,0.6,0.3543852883238158,1.0958969722453813,0.6153846153846154,0.36279485187728105,0.6718662113194221,0.5833333333333334,0.3452749278075617,0.2132283402871638,0.5064935064935064,154,9.5,11.25,5.0,12.75,10.25,10.25,9.0,8.0,24.75,7.0,0.5,9.0,0.0125,0.13194444444444445,0.641540404040404,0.2140151515151515,DL,0.9026792474052225,0.0,0.0,0.2064544513457557,0.06031055900621118,DL,7.0,16,0.75,0.0,0.0,0.0,0.0
size9_comp0.2_grid1_RandomStart_2_4_low,9,0.2,1,low,RandomStart_2_4,random_starts,5,5,10,2,4,1,1,1,5,4,2,1,0.8,0.4,0.2,0.4,30.6,0.3790849673202614,0.5789473684210527,0.2604166666666667,0.15476190476190477,0.6876302830599641,0.5238095238095238,0.4301001471894722,0.7877391325818175,0.5,0.2951274606846469,0.5966222380400974,0.5454545454545454,0.552802589466586,0.24503988075416644,0.3790849673202614,153,17.2,6.4,2.4,4.6,16.2,5.0,3.8,4.6,18.2,3.2,0.0,13.2,0.05833333333333333,0.41840909090909084,0.4458333333333333,0.07742424242424242,DL,1.1763642832434418,0.0,0.07916666666666668,0.0,0.0,UR,2.4,7,0.0,0.0,0.0,0.0,0.0
size9_comp0.2_grid1_RandomStart_2_5_low,9,0.2,1,low,RandomStart_2_5,random_starts,4,5,9,3,3,1,1,1,4,4,3,0,1.0,0.75,0.0,0.75,25.25,0.4752475247524752,0.6428571428571429,0.3559322033898305,0.39864083285135915,0.5935626007674868,0.3684210526315789,0.2964516934634091,0.7329420761912955,0.5,0.2749010243674146,0.4921957095501714,0.2727272727272727,0.3121249073514051,0.14234196602617658,0.4752475247524752,101,13.75,5.5,3.0,3.0,13.25,3.0,3.75,4.25,14.75,3.75,0.25,9.25,0.0,0.2527056277056277,0.5918958492487904,0.15539852304558188,DL,0.9212960526085933,0.0,0.0,0.0,0.0,,0.0,0,0.75,0.0,0.0,0.0,0.0
size9_comp0.2_grid1_ReflectEnv_low,9,0.2,1,low,ReflectEnv,reflect,7,5,12,6,4,1,1,1,10,5,2,3,0.5,0.2,0.3,0.2,38.3,0.4360313315926893,0.3915094339622642,0.49122807017543857,0.07770582793709528,0.8593948356547203,0.6482205555876069,0.3734192291647587,0.6696893694066622,0.68,0.36649878154197724,1.096526668464793,0.6084962500721156,0.3820697886932356,0.17891062746511907,0.4360313315926893,383,14.8,9.2,5.4,8.9,14.3,7.0,8.0,8.0,25.4,7.0,1.0,9.3,0.25394300144525783,0.43438046308510325,0.31167653546963897,0.0,UR,0.6931868017559301,0.08388213074313906,0.36741666666666667,0.10758364168979342,0.0,UR,16.0,43,0.2,0.3,0.0,0.0,0.0
size9_comp0.2_grid1_RotateEnv_low,9,0.2,1,low,RotateEnv,rotate,7,5,12,6,4,1,1,1,10,6,0,1,0.6,0.0,0.1,0.0,44.8,0.36160714285714285,0.42213114754098363,0.28921568627450983,0.0,0.8672912501222975,0.631578947368421,0.3834107611189217,0.7968995645393195,0.64,0.28860776911481667,1.002659876243409,0.6153846153846154,0.5657242072806621,0.18392214275759633,0.36160714285714285,448,19.9,6.9,5.3,12.7,17.1,11.3,6.5,8.9,32.3,7.6,0.7,17.1,0.1189260338797804,0.817437602483856,0.06363636363636363,0.0,UR,0.48929511200278564,0.05624999999999999,0.6333333333333332,0.01875,0.0,UR,25.8,43,0.0,0.9,0.0,0.0,0.0
size9_comp0.2_grid1_StartGoalSwap_low,9,0.2,1,low,StartGoalSwap,start_goal_swap,5,7,12,6,4,1,1,1,10,5,5,4,0.5,0.5,0.4,0.5,23.7,0.5316455696202531,0.45614035087719296,0.7272727272727273,0.31945664287220266,0.8946071237904807,0.6060606060606061,0.3718839557796423,0.9591146982725666,0.5714285714285714,0.4085138321094955,0.7817188684468306,0.6666666666666666,0.30778167220239916,0.1553219112042641,0.5316455696202531,237,7.0,5.7,3.0,8.0,7.4,5.4,3.9,6.0,12.2,4.8,0.3,3.9,0.11360673605354457,0.5963997113997114,0.1360541586073501,0.15393939393939393,UR,1.0479061746865317,0.0,0.17530015893867884,0.04583333333333333,0.0,UR,5.1,19,0.1,0.0,0.0,0.0,0.0
size9_comp0.2_grid1_TransposeEnv_low,9,0.2,1,low,TransposeEnv,transpose,7,5,12,6,4,1,1,1,10,9,1,0,0.9,0.1,0.0,0.1,45.6,0.4232456140350877,0.5650557620817844,0.2192513368983957,0.05,0.9175551904668118,0.46875,0.419655376188959,1.3834588007559505,0.625,0.29699967036525693,0.45165158017767304,0.3125,0.5423110820126611,0.21286555428527415,0.4232456140350877,456,23.5,10.0,4.3,7.8,19.5,6.9,7.4,10.8,29.5,8.5,0.1,14.8,0.006478578892371996,0.3340777849800878,0.5500151601163823,0.10942847601115772,DL,1.0180303067056886,0.0,0.03958333333333333,0.26666666666666666,0.00625,DL,7.7,19,0.5,0.0,0.0,0.0,0.0
size9_comp0.2_grid1_base_low,9,0.2,1,low,base,base,7,5,12,6,4,1,1,1,10,0,0,0,0.0,0.0,0.0,0.0,48.0,0.14166666666666666,0.14166666666666666,0.0,0.0,1.0120226271097037,0.8,0.7290179901770258,1.0120226271097037,0.8,0.7290179901770258,0.0,0.0,0.0,0.4484794200966506,0.14166666666666666,480,29.3,4.3,2.5,11.9,22.0,10.4,8.9,5.7,43.1,3.3,0.0,34.8,0.0,1.0,0.0,0.0,UR,0.0,0.0,0.9541666666666666,0.0,0.0,UR,36.2,48,1.0,0.0,0.0,0.0,0.0
size9_comp0.2_grid1_walls0_low,9,0.2,1,low,walls0,reshuffled_walls,7,5,12,8,2,1,1,1,1,0,0,0,0.0,0.0,0.0,0.0,48.0,0.16666666666666666,0.16666666666666666,0.0,0.0,0.5233008232406288,1.0,0.8752832104922188,0.5233008232406288,1.0,0.8752832104922188,0.0,0.0,0.0,0.19166666666666665,0.16666666666666666,48,29.0,6.0,2.0,11.0,19.0,8.0,6.0,14.0,45.0,9.0,0.0,32.0,0.0,1.0,0.0,0.0,UR,0.0,0.0,1.0,0.0,0.0,UR,48.0,48,1.0,0.0,0.0,0.0,0.0
size9_comp0.2_grid2_RandomStart_2_2_low,9,0.2,2,low,RandomStart_2_2,random_starts,4,4,8,8,0,1,1,1,5,4,3,0,0.8,0.6,0.0,0.6,31.2,0.4230769230769231,0.40594059405940597,0.45454545454545453,0.31873015873015875,0.803596532076803,0.42105263157894735,0.41237504155619775,0.8056639831377302,0.36363636363636365,0.38944588375574474,0.8007537868680282,0.5,0.44390263353182063,0.12926065162907266,0.4230769230769231,156,9.0,8.4,3.8,10.0,11.8,6.6,6.0,5.8,18.0,4.4,0.2,9.2,0.211177304964539,0.3781560283687943,0.15866666666666668,0.252,UR,1.0295931968478245,0.04817460317460318,0.1625,0.005555555555555555,0.0369047619047619,UR,4.6,17,0.2,0.0,0.0,0.0,0.0
size9_comp0.2_grid2_RandomStart_3_6_low,9,0.2,2,low,RandomStart_3_6,random_starts,3,4,7,3,2,1,1,1,4,4,2,0,1.0,0.5,0.0,0.5,37.25,0.47651006711409394,0.47619047619047616,0.4772727272727273,0.15155228758169934,0.9217294706795164,0.5,0.43231214715882377,1.2118610132749534,0.42857142857142855,0.38635365207585626,0.6315979280840792,0.5714285714285714,0.4782706422417912,0.2061727554117804,0.47651006711409394,149,10.5,10.75,7.25,8.75,9.75,8.0,8.25,10.25,22.5,9.25,1.0,6.5,0.0,0.08333333333333333,0.6554065452091768,0.2612601214574899,DL,0.730550508782566,0.0,0.020833333333333332,0.06249999999999999,0.11764705882352941,DR,4.5,8,0.75,0.0,0.0,0.0,0.0
size9_comp0.2_grid2_ReflectEnv_low,9,0.2,2,low,ReflectEnv,reflect,5,4,9,5,3,1,1,1,10,2,0,0,0.2,0.0,0.0,0.0,48.0,0.22291666666666668,0.20952380952380953,0.31666666666666665,0.0,0.7347339612031497,0.6285714285714286,0.5448156046750232,1.0001030551475438,0.5625,0.47586193439178953,0.5112652505131337,0.6842105263157895,0.6028818533345882,0.29255866038247347,0.22291666666666668,480,27.5,5.2,3.9,11.4,18.9,10.0,10.6,7.5,37.4,5.3,0.2,25.8,0.0,0.9096867649177888,0.0,0.09031323508221116,UR,0.3548588781455329,0.0,0.7583333333333332,0.0,0.03958333333333333,UR,31.1,44,0.0,0.0,0.0,0.0,0.0
size9_comp0.2_grid2_RotateEnv_low,9,0.2,2,low,RotateEnv,rotate,5,4,9,5,3,1,1,1,10,9,9,0,0.9,0.9,0.0,0.9,18.8,0.6382978723404256,0.5671641791044776,0.8148148148148148,0.5788916256157636,0.6313431376905024,0.5714285714285714,0.3055611021122525,0.6293521220521432,0.5652173913043478,0.35608808306866374,0.6351592509973578,0.5833333333333334,0.2087177219457977,0.11729350015064302,0.6382978723404256,188,7.9,2.0,4.2,4.7,6.0,4.0,3.8,4.0,8.6,3.7,0.5,3.0,0.0,0.2193795093795094,0.15723404255319148,0.6233864480672991,DR,0.7409271734520047,0.0,0.02857142857142857,0.0798132183908046,0.21883689107827037,DR,5.6,22,0.7,0.0,0.0,0.0,0.0
size9_comp0.2_grid2_StartGoalSwap_low,9,0.2,2,low,StartGoalSwap,start_goal_swap,4,5,9,5,3,1,1,1,10,9,1,1,0.9,0.1,0.1,0.1,41.6,0.34615384615384615,0.6176470588235294,0.25796178343949044,0.052941176470588235,1.1805371981128516,0.55,0.4262768234210637,1.0854774834150223,0.5333333333333333,0.23104225442771947,1.237573026931549,0.56,0.5434175648170703,0.09609259623687207,0.34615384615384615,416,19.2,6.0,8.5,7.9,13.5,9.3,9.5,8.3,26.9,6.0,1.9,13.7,0.17766684266684268,0.4435722235722236,0.2841509366509366,0.09460999710999711,UR,0.97811866203565,0.022916666666666665,0.27291666666666664,0.0,0.0,UR,10.2,22,0.0,0.0,0.0,0.0,0.0
size9_comp0.2_grid2_TransposeEnv_low,9,0.2,2,low,TransposeEnv,transpose,5,4,9,5,3,1,1,1,10,0,0,0,0.0,0.0,0.0,0.0,48.0,0.12916666666666668,0.12916666666666668,0.0,0.0,1.1880966898004244,0.7142857142857143,0.8107572231261406,1.1880966898004244,0.7142857142857143,0.8107572231261406,0.0,0.0,0.0,0.46471094897907483,0.12916666666666668,480,28.8,4.5,4.3,10.4,22.2,9.8,8.4,6.6,43.6,3.0,0.0,34.9,0.0,1.0,0.0,0.0,UR,0.0,0.0,0.9291666666666668,0.0,0.0,UR,36.4,48,1.0,0.0,0.0,0.0,0.0
size9_comp0.2_grid2_base_low,9,0.2,2,low,base,base,5,4,9,5,3,1,1,1,10,9,7,0,0.9,0.7,0.0,0.7,36.3,0.465564738292011,0.45703125,0.48598130841121495,0.21463775459134307,1.1679100802628755,0.4838709677419355,0.3581076145587174,1.2939445193239931,0.46153846153846156,0.3266378489938212,1.0768852076076236,0.5,0.3808357785778092,0.158454535660418,0.465564738292011,363,8.5,11.2,6.5,10.1,9.0,7.6,9.7,9.0,22.1,7.1,0.2,9.2,0.0,0.08266233766233766,0.74208390927061,0.17525375306705232,DL,0.6702865299202828,0.0,0.035416666666666666,0.27796219361255564,0.06194518272425249,DL,6.2,14,0.8,0.0,0.0,0.0,0.0
size9_comp0.2_grid2_walls0_low,9,0.2,2,low,walls0,reshuffled_walls,5,4,9,5,2,1,1,1,5,4,2,0,0.8,0.4,0.0,0.4,40.2,0.4626865671641791,0.5039370078740157,0.3918918918918919,0.12954545454545455,0.8946390262613344,0.5757575757575758,0.40447153722515056,0.9106620136879309,0.5,0.31112712226054534,0.882832614473316,0.631578947368421,0.47325163246222807,0.1309540661836439,0.4626865671641791,201,12.0,12.0,5.4,10.8,9.6,9.0,9.8,10.8,24.6,9.0,0.0,7.0,0.0,0.21583909490886236,0.6841840051142377,0.09997689997689999,DL,0.7362422585532349,0.0,0.1125,0.3643939393939394,0.0,DL,11.4,15,0.6,0.0,0.0,0.0,0.0
size9_comp0.2_grid2_walls1_low,9,0.2,2,low,walls1,reshuffled_walls,5,4,9,5,2,1,1,1,4,3,1,0,0.75,0.25,0.0,0.25,47.25,0.43386243386243384,0.5339805825242718,0.313953488372093,0.05,0.9521020023828748,0.5517241379310345,0.4513383690757023,1.0751698441839497,0.5384615384615384,0.2800803236093113,0.8521093809195014,0.5625,0.590485531017145,0.15585578214888557,0.43386243386243384,189,13.5,13.5,4.5,15.75,14.75,10.0,10.0,11.5,33.0,10.0,1.5,10.25,0.0,0.3714985994397759,0.5638729175880879,0.06462848297213622,DL,0.5535165173965156,0.0,0.1875,0.3802083333333333,0.005208333333333333,DL,11.25,17,0.5,0.0,0.0,0.0,0.0
size9_comp0.2_grid3_RandomStart_2_7_low,9,0.2,3,low,RandomStart_2_7,random_starts,7,4,11,3,4,1,1,1,2,1,0,1,0.5,0.0,0.5,0.0,29.5,0.288135593220339,0.5714285714285714,0.13157894736842105,0.0,0.5687938986966796,0.5,0.5323043831380531,0.607082888245259,0.4444444444444444,0.24403157615046778,0.519565197848506,0.5714285714285714,0.9029408492649484,0.17372333548804136,0.288135593220339,59,13.5,6.0,3.5,6.5,11.5,7.5,5.0,4.5,20.0,1.0,0.0,15.5,0.0,0.391304347826087,0.5760869565217391,0.03260869565217391,DL,0.47348019532752883,0.0,0.3333333333333333,0.08712121212121213,0.0,UR,11.5,22,0.5,0.0,0.0,0.0,0.0
size9_comp0.2_grid3_RandomStart_7_3_low,9,0.2,3,low,RandomStart_7_3,random_starts,2,4,6,6,0,1,1,1,2,2,0,0,1.0,0.0,0.0,0.0,48.0,0.2708333333333333,0.3,0.25,0.0,1.0486280185972734,0.5,0.6236275844762791,1.265913219185731,0.16666666666666666,0.4751613484693937,0.8856641181559304,0.75,0.7349772614814432,0.28348794063079774,0.2708333333333333,96,20.0,10.0,5.0,13.0,14.0,12.5,10.0,10.5,40.5,7.0,2.0,22.0,0.0,0.9362573099415205,0.0,0.06374269005847953,UR,0.3196014705373376,0.0,0.6979166666666667,0.0,0.0,UR,29.5,42,1.0,0.0,0.0,0.0,0.0
size9_comp0.2_grid3_ReflectEnv_low,9,0.2,3,low,ReflectEnv,reflect,6,4,10,6,2,1,1,1,10,1,1,0,0.1,0.1,0.0,0.1,46.1,0.39913232104121477,0.3938053097345133,0.6666666666666666,0.034482758620689655,1.1207218352516815,0.6,0.3991112855115317,1.244735868910992,0.64,0.4280303957911733,0.5006516669551291,0.4,0.254515734113324,0.23452589118179826,0.39913232104121477,461,17.3,9.3,9.8,9.7,13.4,10.2,9.4,12.1,33.2,9.8,0.0,10.0,0.18083446991892843,0.7570861337292294,0.05913821988125393,0.0029411764705882353,UR,0.7218174682057721,0.0,0.23469827586206896,0.013793103448275862,0.0,UR,6.8,26,0.0,0.1,0.0,0.0,0.0
size9_comp0.2_grid3_RotateEnv_low,9,0.2,3,low,RotateEnv,rotate,6,4,10,6,2,1,1,1,10,9,5,0,0.9,0.5,0.0,0.5,38.4,0.5208333333333334,0.5478547854785478,0.41975308641975306,0.18390911920323685,1.1197932574527947,0.5625,0.36213578639536453,1.1622500518852716,0.625,0.3660255011152948,0.9924228741553638,0.375,0.3504666422355738,0.1720525562713614,0.5208333333333334,384,12.2,8.7,7.2,10.3,9.9,10.3,7.2,10.0,23.4,9.1,0.3,6.6,0.4327492225547146,0.4140435168696038,0.15320726057568163,0.0,UL,0.9226745048388345,0.04583333333333334,0.11931956115779645,0.06041666666666666,0.0,UR,5.6,15,0.0,0.4,0.0,0.0,0.0
size9_comp0.2_grid3_StartGoalSwap_low,9,0.2,3,low,StartGoalSwap,start_goal_swap,4,6,10,6,2,1,1,1,10,10,9,0,1.0,0.9,0.0,0.9,24.9,0.5542168674698795,0.6881720430107527,0.47435897435897434,0.4536510385782527,0.8958876913750594,0.5,0.2878430914775326,1.0322675378241786,0.5,0.22021491911883914,0.7595078449259401,0.5,0.3554712638362261,0.27459303765592585,0.5542168674698795,249,11.5,2.5,5.9,5.0,10.0,6.4,4.9,2.6,11.6,2.0,0.1,7.1,0.0,0.5431875314228256,0.06068376068376069,0.3961287078934138,UR,0.9931878897600969,0.0,0.17138242894056846,0.00625,0.07139381232776223,UR,5.7,16,0.0,0.3,0.0,0.0,0.0
size9_comp0.2_grid3_TransposeEnv_low,9,0.2,3,low,TransposeEnv,transpose,6,4,10,6,2,1,1,1,10,9,7,0,0.9,0.7,0.0,0.7,28.7,0.4878048780487805,0.5,0.475177304964539,0.4145927601809955,0.7406587152074017,0.5032677884892752,0.43470665574957756,0.8248140517848189,0.5,0.3965654659857373,0.6789448017172955,0.5056641667147438,0.4626768615763938,0.09928959928959931,0.4878048780487805,287,8.9,5.9,3.4,10.5,10.8,4.8,6.5,5.6,16.6,4.5,1.1,8.7,0.01940993788819876,0.17761904761904762,0.4276163812033378,0.3753546332894159,DL,0.7426248794994462,0.0,0.13333333333333336,0.033012820512820513,0.016666666666666666,UR,6.8,33,0.0,0.3,0.0,0.0,0.0
size9_comp0.2_grid3_base_low,9,0.2,3,low,base,base,6,4,10,6,2,1,1,1,10,10,3,0,1.0,0.3,0.0,0.3,38.9,0.3676092544987147,0.40825688073394495,0.3157894736842105,0.18973262032085564,1.0284455411731381,0.5162489583533654,0.3823439438467317,1.020747129039169,0.5,0.3126670998961451,1.036143953307107,0.5324979167067309,0.45202078779731836,0.22549561549561553,0.3676092544987147,389,11.3,8.4,5.0,14.2,13.3,9.9,8.5,6.2,26.3,3.8,0.8,15.7,0.03333333333333333,0.7906630136210399,0.0,0.17600365304562696,UR,0.5617125538862112,0.0,0.3541666666666667,0.0,0.022938948306595368,UR,12.5,28,0.0,0.2,0.0,0.0,0.0
size9_comp0.2_grid3_walls0_low,9,0.2,3,low,walls0,reshuffled_walls,6,4,10,6,3,1,1,1,5,4,0,0,0.8,0.0,0.0,0.0,48.0,0.26666666666666666,0.37168141592920356,0.1732283464566929,0.0,1.020306197563771,0.38461538461538464,0.5317844553660985,1.0555963562141266,0.46153846153846156,0.37034233744378836,0.9850160389134153,0.3076923076923077,0.6932265732884086,0.23048059103661112,0.26666666666666666,240,22.0,8.6,3.4,14.0,21.8,8.0,9.0,8.2,36.4,4.8,1.4,24.8,0.005405405405405406,0.9374601524601525,0.0,0.057134442134442145,UR,0.3202084039840731,0.0,0.5875,0.0,0.0,UR,25.6,39,0.0,0.0,0.0,0.0,0.0
size9_comp0.2_grid3_walls1_low,9,0.2,3,low,walls1,reshuffled_walls,6,4,10,6,2,1,1,1,5,3,0,0,0.6,0.0,0.0,0.0,48.0,0.32916666666666666,0.3116883116883117,0.36046511627906974,0.0,0.617960535918184,0.6603817308247043,0.5231155878951804,0.8998999581810264,0.6153846153846154,0.2830482863514639,0.47699082478676275,0.6828802885447488,0.6431492386670387,0.13228509359434348,0.32916666666666666,240,13.6,8.8,4.6,21.0,18.2,13.4,8.4,7.0,35.0,5.2,0.6,20.2,0.025,0.914729020979021,0.01875,0.041520979020979024,UR,0.40758895978384374,0.004166666666666667,0.6208333333333333,0.0,0.0,UR,20.2,27,0.0,0.0,0.0,0.0,0.0
size9_comp0.2_grid4_RandomStart_3_3_low,9,0.2,4,low,RandomStart_3_3,random_starts,4,3,7,5,2,1,1,1,5,3,3,2,0.6,0.6,0.4,0.6,22.2,0.4864864864864865,0.45454545454545453,0.5588235294117647,0.269520264681555,0.7471629638106209,0.3584962500721156,0.3311793055422961,0.8674578044216368,0.47460961549556246,0.4199966591784255,0.5237582598187343,0.14285714285714285,0.1662327916466271,0.1269322344322344,0.4864864864864865,111,5.8,3.2,3.6,9.6,5.2,5.8,4.8,5.4,13.8,5.0,4.2,5.2,0.15615079365079365,0.7025793650793651,0.06904761904761905,0.07222222222222222,UR,1.0198460047728248,0.0,0.2055744199207697,0.0,0.0,UR,4.8,12,0.2,0.0,0.0,0.0,0.0
size9_comp0.2_grid4_RandomStart_4_3_low,9,0.2,4,low,RandomStart_4_3,random_starts,3,3,6,4,2,1,1,1,3,2,2,1,0.6666666666666666,0.6666666666666666,0.3333333333333333,0.6666666666666666,20.666666666666668,0.46774193548387094,0.4864864864864865,0.44,0.25882352941176473,0.5449082859064349,0.3632116071943683,0.46169397414875973,0.4842544401337457,0.39832916674679514,0.4958404206600126,0.6540852082972755,0.3,0.40023037042850457,0.0712585034013605,0.46774193548387094,62,7.0,3.6666666666666665,4.0,6.0,5.0,6.0,5.333333333333333,3.3333333333333335,10.666666666666666,2.3333333333333335,1.0,5.333333333333333,0.015151515151515152,0.8181818181818182,0.0909090909090909,0.07575757575757576,UR,0.5722545330664116,0.0,0.2788671023965142,0.0,0.0,UR,4.0,10,0.0,0.0,0.0,0.0,0.0
size9_comp0.2_grid4_ReflectEnv_low,9,0.2,4,low,ReflectEnv,reflect,7,3,10,6,3,1,1,1,10,0,0,0,0.0,0.0,0.0,0.0,48.0,0.15625,0.15625,0.0,0.0,0.9268213763009269,0.6153846153846154,0.6395202414717781,0.9268213763009269,0.6153846153846154,0.6395202414717781,0.0,0.0,0.0,0.502012485079394,0.15625,480,36.6,3.0,4.6,3.8,29.6,6.7,5.2,5.5,42.1,3.7,0.0,33.4,0.04473684210526316,0.9552631578947368,0.0,0.0,UR,0.09919924034538556,0.0,0.7166666666666668,0.0,0.0,UR,29.0,48,1.0,0.0,0.0,0.0,0.0
size9_comp0.2_grid4_RotateEnv_low,9,0.2,4,low,RotateEnv,rotate,7,3,10,6,3,1,1,1,10,4,2,2,0.4,0.2,0.2,0.2,41.3,0.4358353510895884,0.4659400544959128,0.1956521739130435,0.062037037037037036,1.2805202636363795,0.4602157609009198,0.4264662257265557,1.455700688636967,0.5880534722622864,0.3540370281869379,0.6498707336342647,0.0,0.6872113368691799,0.24445430727033263,0.4358353510895884,413,17.1,7.6,10.4,6.2,13.4,9.4,7.7,9.8,28.8,8.5,0.1,10.3,0.31461523277735615,0.02702702702702703,0.6583577401956168,0.0,DL,0.8025235672914132,0.03741452991452991,0.00625,0.33273504273504273,0.0,DL,8.3,12,0.7,0.0,0.0,0.0,0.0
size9_comp0.2_grid4_StartGoalSwap_low,9,0.2,4,low,StartGoalSwap,start_goal_swap,3,7,10,6,3,1,1,1,10,1,0,0,0.1,0.0,0.0,0.0,48.0,0.21666666666666667,0.21397379912663755,0.2727272727272727,0.0,0.8116561021352006,0.5292481250360578,0.5396296170559995,1.0395501899756392,0.465413541726763,0.514514026172927,0.4698149703745427,0.625,0.5773030033806086,0.2226979976214514,0.21666666666666667,480,22.9,3.1,7.7,14.3,17.6,11.1,9.3,9.0,41.9,5.9,0.2,26.7,0.005128205128205128,0.9948717948717949,0.0,0.0,UR,0.029181825659888583,0.0,0.8791666666666668,0.0,0.0,UR,33.0,48,1.0,0.0,0.0,0.0,0.0
size9_comp0.2_grid4_TransposeEnv_low,9,0.2,4,low,TransposeEnv,transpose,7,3,10,6,3,1,1,1,10,6,1,0,0.6,0.1,0.0,0.1,46.2,0.3116883116883117,0.3505535055350554,0.25654450261780104,0.03333333333333333,1.0057706567479316,0.5030343750257555,0.49892756809922195,1.0106218019069095,0.4507379630163819,0.3308906007220287,1.0012540733240558,0.5517241379310345,0.6553757791055743,0.16889317321243622,0.3116883116883117,462,16.9,8.8,6.1,14.4,14.9,9.3,12.2,8.8,32.4,6.8,2.3,18.9,0.11011565682272176,0.6812870902448382,0.12299187768752987,0.08560537524491013,UR,0.832555997615383,0.027499999999999997,0.3604166666666667,0.026666666666666665,0.0020833333333333333,UR,13.6,38,0.0,0.0,0.0,0.0,0.0
size9_comp0.2_grid4_base_low,9,0.2,4,low,base,base,7,3,10,6,3,1,1,1,10,6,4,2,0.6,0.4,0.2,0.4,33.6,0.4791666666666667,0.4864864864864865,0.45454545454545453,0.14917582417582417,0.9366466410912987,0.42624744323098795,0.4001764081784385,0.9373824734740607,0.46337904418127845,0.4099347786071306,0.9341448109899076,0.3,0.36699794872088554,0.11820741507411803,0.4791666666666667,336,7.7,8.8,5.6,11.5,10.3,6.6,8.3,7.4,18.9,5.9,3.5,8.2,0.23795634920634917,0.21015873015873016,0.4121428571428571,0.1397420634920635,DL,1.2634810318290648,0.06248357035121741,0.06656162464985994,0.06041666666666666,0.0,UR,4.6,16,0.3,0.0,0.0,0.0,0.0
size9_comp0.2_grid4_walls0_low,9,0.2,4,low,walls0,reshuffled_walls,7,3,10,6,2,1,1,1,5,4,4,1,0.8,0.8,0.2,0.8,16.4,0.7073170731707317,0.7777777777777778,0.5714285714285714,0.5430395913154534,0.4507077747295734,0.6428571428571429,0.3145206891281097,0.5349833356944316,0.631578947368421,0.26499147658744265,0.2727927015815397,0.6666666666666666,0.4190823600472957,0.08660714285714287,0.7073170731707317,82,3.2,3.4,1.2,8.6,6.8,2.8,3.4,2.4,5.2,2.0,0.4,2.0,0.40750000000000003,0.445,0.135,0.0125,UR,1.0655398760997417,0.14837803320561943,0.16911877394636013,0.0,0.0,UR,3.6,12,0.6,0.0,0.0,0.0,0.0
size9_comp0.2_grid4_walls1_low,9,0.2,4,low,walls1,reshuffled_walls,7,3,10,8,1,1,1,1,2,2,2,0,1.0,1.0,0.0,1.0,39.0,0.5641025641025641,0.6216216216216216,0.5121951219512195,0.25708635464733026,0.6022930366123342,0.5517241379310345,0.3524202964031521,0.4643622090553523,0.5555555555555556,0.29678516572012936,0.8279980271601229,0.5454545454545454,0.44345960115718924,0.17873563218390806,0.5641025641025641,78,9.5,11.5,5.5,12.5,9.0,7.5,12.0,9.5,18.5,8.5,7.0,5.0,0.10521885521885521,0.5488215488215489,0.30892255892255893,0.037037037037037035,UR,1.3563903134471849,0.025708635464733027,0.0932762030323006,0.0,0.0,UR,3.5,6,0.0,0.0,0.0,0.0,0.0
size9_comp0.2_grid5_RandomStart_6_1_low,9,0.2,5,low,RandomStart_6_1,random_starts,1,3,4,2,1,1,1,1,5,4,4,1,0.8,0.8,0.2,0.8,17.8,0.43820224719101125,0.49056603773584906,0.3611111111111111,0.24047619047619045,0.8252281845319046,0.625,0.4591899085617253,0.8433319613358937,0.75,0.47785689342494564,0.7709168541199373,0.25,0.4031889539720643,0.22208581349206352,0.43820224719101125,89,7.8,3.4,4.0,2.6,6.0,4.2,2.8,3.8,11.6,3.2,2.0,5.0,0.0,0.86,0.0,0.13999999999999999,UR,0.17625817984613854,0.0,0.6762896825396825,0.0,0.0,UR,9.4,14,0.8,0.8,0.0,0.0,0.0
size9_comp0.2_grid5_RandomStart_6_3_low,9,0.2,5,low,RandomStart_6_3,random_starts,3,3,6,4,1,1,1,1,5,5,5,0,1.0,1.0,0.0,1.0,34.8,0.367816091954023,0.44545454545454544,0.234375,0.17796995588459003,1.0143835637289098,0.5,0.4088578875320955,1.0600914926017535,0.6153846153846154,0.38170139690652294,0.816315871946587,0.0,0.5265360135762432,0.26578562210693296,0.367816091954023,174,16.4,5.2,5.2,8.0,16.4,6.2,4.8,6.4,24.2,5.4,2.8,15.2,0.0,0.926322662844402,0.0,0.07367733715559802,UR,0.3437995424552024,0.0,0.5639661697344625,0.0,0.0,UR,18.2,26,1.0,1.0,0.0,0.0,0.0
size9_comp0.2_grid5_ReflectEnv_low,9,0.2,5,low,ReflectEnv,reflect,4,3,7,7,0,1,1,1,10,10,10,0,1.0,1.0,0.0,1.0,20.0,0.42,0.2987012987012987,0.8260869565217391,0.42139083139083133,0.7199177001849737,0.3333333333333333,0.31280412151063325,1.0795417791003434,0.0,0.4293114840135002,0.48016831424139383,0.5555555555555556,0.23513254650872195,0.2055787037037037,0.42,200,5.1,1.1,10.5,3.3,10.5,3.2,4.3,1.0,12.0,1.0,0.3,10.2,0.7001024242729048,0.0,0.2998975757270952,0.0,UL,0.7270796067509069,0.42038739038739037,0.0,0.0625091575091575,0.0,UL,8.8,24,0.2,0.8,0.0,0.0,0.0
size9_comp0.2_grid5_RotateEnv_low,9,0.2,5,low,RotateEnv,rotate,4,3,7,7,0,1,1,1,10,10,3,0,1.0,0.3,0.0,0.3,44.6,0.3116591928251121,0.3049645390070922,0.31475409836065577,0.057878787878787884,1.0422510869613824,0.5652173913043478,0.5551823073685516,0.9286253404548699,0.0,0.47349224905678655,1.0738137943243027,0.7222222222222222,0.5778739902329307,0.34825956024939386,0.3116591928251121,446,24.2,5.6,8.3,6.5,18.9,9.1,7.7,7.9,35.2,6.0,1.8,19.5,0.72638733586102,0.2736126641389799,0.0,0.0,UL,0.7608515932266572,0.2091829004329004,0.010416666666666668,0.0,0.0,UL,6.0,13,0.1,0.9,0.0,0.0,0.0
size9_comp0.2_grid5_StartGoalSwap_low,9,0.2,5,low,StartGoalSwap,start_goal_swap,3,4,7,7,0,1,1,1,10,10,8,0,1.0,0.8,0.0,0.8,33.7,0.44807121661721067,0.5773809523809523,0.31952662721893493,0.2255637918745307,0.931228145642394,0.6153846153846154,0.34018221527547937,0.9207753132581831,0.6666666666666666,0.3239983719828773,0.9547470185068688,0.5,0.37659586268383405,0.13692700586902484,0.44807121661721067,337,6.9,9.6,2.5,14.7,10.0,6.6,8.8,7.3,22.3,6.6,3.2,10.2,0.002325581395348837,0.9912228057014254,0.0,0.0064516129032258064,UR,0.05044673776305875,0.0,0.4388960229185376,0.0,0.0,UR,11.0,17,0.0,1.0,0.0,0.0,0.0
size9_comp0.2_grid5_TransposeEnv_low,9,0.2,5,low,TransposeEnv,transpose,4,3,7,7,0,1,1,1,10,5,5,2,0.5,0.5,0.2,0.5,28.2,0.450354609929078,0.44621513944223107,0.4838709677419355,0.1986049257759784,1.1294765476830182,0.6,0.43665413502945755,1.147150658969897,0.65625,0.4487788140597633,0.9409526939563122,0.0,0.3073242253728627,0.09699593737630001,0.450354609929078,282,10.5,4.7,8.6,4.4,8.3,4.9,7.8,6.2,16.5,5.8,0.7,5.5,0.08882550922283416,0.1231029810298103,0.44375162919517763,0.344319880552178,DL,0.8454845428472268,0.00625,0.010416666666666668,0.17822031039136305,0.0,DL,3.5,7,0.2,0.6,0.0,0.0,0.0
size9_comp0.2_grid5_base_low,9,0.2,5,low,base,base,4,3,7,7,0,1,1,1,10,9,9,1,0.9,0.9,0.1,0.9,29.2,0.4554794520547945,0.525,0.30434782608695654,0.2472732763047758,0.8776591349932172,0.6666666666666666,0.382606305207932,0.9478634742407195,0.72,0.3804251847655177,0.5266374387557058,0.4,0.39351190742000336,0.19187121648026279,0.4554794520547945,292,14.8,5.3,5.3,3.8,10.2,5.9,5.8,6.3,17.9,5.6,0.7,9.0,0.010526315789473684,0.6798219324535115,0.05789473684210526,0.25175701491490965,UR,0.81293154306184,0.0,0.30903706649001556,0.0,0.0,UR,7.7,14,0.1,0.8,0.0,0.0,0.0
size9_comp0.2_grid5_walls0_low,9,0.2,5,low,walls0,reshuffled_walls,4,3,7,7,0,1,1,1,4,2,2,0,0.5,0.5,0.0,0.5,36.0,0.4444444444444444,0.4827586206896552,0.2857142857142857,0.20638820638820637,1.0002691478712415,0.6190476190476191,0.4519805124539158,0.9999344848110832,0.7222222222222222,0.4484210352314944,1.0022771262321917,0.0,0.4733373757884442,0.24164588912488066,0.4444444444444444,144,15.5,9.0,5.5,6.0,9.75,7.5,7.5,10.25,25.75,8.75,1.75,7.5,0.010869565217391304,0.732815734989648,0.010869565217391304,0.24544513457556938,UR,0.771818248052895,0.0,0.30640868140868144,0.0,0.0,UR,7.75,19,0.0,1.0,0.0,0.0,0.0
size9_comp0.2_grid5_walls1_low,9,0.2,5,low,walls1,reshuffled_walls,6,3,9,7,1,1,1,1,5,3,3,0,0.6,0.6,0.0,0.6,37.8,0.4074074074074074,0.425,0.3103448275862069,0.17936974789915966,0.967840999959283,0.5920663793600798,0.4908355458927586,0.9763966600015811,0.6603817308247043,0.4922693137603214,0.8936919462593647,0.0,0.47840955770721383,0.18523401041149515,0.4074074074074074,189,16.2,9.8,7.0,4.8,13.0,7.0,6.4,10.4,25.6,7.8,2.0,12.4,0.01764705882352941,0.5899453331896722,0.08780487804878048,0.3046027299380178,UR,0.7792707757858178,0.0,0.233109243697479,0.05,0.015931372549019607,UR,8.2,12,0.2,0.6,0.0,0.0,0.0
size9_comp0.2_grid6_RandomStart_1_4_low,9,0.2,6,low,RandomStart_1_4,random_starts,9,12,21,3,9,1,1,1,5,2,0,0,0.4,0.0,0.0,0.0,48.0,0.4666666666666667,0.5282051282051282,0.2,0.0,0.9756795869107381,0.6410256410256411,0.3957697362648799,0.9357271090408017,0.6470588235294118,0.344141995258295,1.247356436426305,0.6,0.7468383751096573,0.13844118844118844,0.4666666666666667,240,15.6,13.0,6.2,13.2,13.8,11.8,8.8,12.6,30.4,9.6,3.0,10.4,0.14843875636558562,0.5496815966328161,0.19205058717253837,0.10982905982905984,UR,1.2692987748366877,0.0125,0.1875,0.0,0.0,UR,6.2,16,0.0,0.8,0.0,0.0,0.0
size9_comp0.2_grid6_RandomStart_1_6_low,9,0.2,6,low,RandomStart_1_6,random_starts,11,12,23,1,11,1,1,1,4,0,0,4,0.0,0.0,1.0,0.0,1.0,0.0,0.0,0.0,0.0,0.0,0.0,1.0,0.0,0.0,1.0,0.0,0.0,0.0,0.0,0.0,4,0.0,1.0,0.0,0.0,0.0,0.0,0.0,0.0,0.0,0.0,0.0,0.0,0.0,0.0,1.0,0.0,DL,0.0,0.0,0.0,1.0,0.0,DL,1.0,1,1.0,0.0,0.0,0.0,0.0
size9_comp0.2_grid6_ReflectEnv_low,9,0.2,6,low,ReflectEnv,reflect,5,12,17,7,5,1,1,1,10,10,2,0,1.0,0.2,0.0,0.2,45.0,0.45111111111111113,0.36619718309859156,0.4902597402597403,0.11130952380952382,0.9028268918497167,0.5277777777777778,0.2919416377121158,0.6401531743161148,0.38461538461538464,0.32455358165622716,1.0512946452382743,0.6086956521739131,0.2735087998306615,0.19190008903851719,0.45111111111111113,450,8.1,8.4,11.4,17.1,18.6,9.4,11.2,4.8,26.6,3.4,0.1,19.6,0.41493587294544876,0.3319167868278675,0.05858542793819812,0.19456191228848546,UL,1.6140167050389238,0.2050595238095238,0.07946428571428572,0.0,0.06696428571428573,UL,9.8,16,0.0,0.8,0.0,0.0,0.0
size9_comp0.2_grid6_RotateEnv_low,9,0.2,6,low,RotateEnv,rotate,5,12,17,7,5,1,1,1,10,10,9,0,1.0,0.9,0.0,0.9,38.6,0.47668393782383417,0.40298507462686567,0.5158730158730159,0.42066354269978845,0.7270302106529205,0.4782608695652174,0.26730655558676714,0.8079859749352825,0.3,0.32749072108246724,0.7045424983522645,0.5277777777777778,0.2505887318379615,0.05156707294811217,0.47668393782383417,386,9.5,7.4,5.1,16.6,20.4,7.8,7.6,1.8,22.8,1.3,0.8,18.6,0.31230715883556853,0.5262002746789631,0.009523809523809523,0.15196875696165885,UR,1.3341844182945828,0.12344609080525729,0.21862175468449913,0.0,0.04060323740987308,UR,10.8,24,0.7,0.3,0.0,0.0,0.0
size9_comp0.2_grid6_StartGoalSwap_low,9,0.2,6,low,StartGoalSwap,start_goal_swap,12,5,17,7,5,1,1,1,10,3,0,2,0.3,0.0,0.2,0.0,45.0,0.4955555555555556,0.5277108433734939,0.11428571428571428,0.0,1.1794631234876045,0.5945945945945946,0.38404873385814964,1.1759973945628523,0.6285714285714286,0.35871273162641604,1.2401133796707657,0.0,0.8274287729134878,0.08427516442222327,0.4955555555555556,450,16.0,10.2,5.3,13.5,10.5,10.0,10.5,13.0,28.3,11.2,2.3,9.5,0.2313537687802394,0.2588889419404125,0.4860451680672269,0.023712121212121212,DL,1.2730889134086154,0.04333333333333334,0.08125,0.21236111111111114,0.0,DL,8.6,18,0.6,0.3,0.0,0.0,0.0
size9_comp0.2_grid6_TransposeEnv_low,9,0.2,6,low,TransposeEnv,transpose,5,12,17,7,5,1,1,1,10,10,7,0,1.0,0.7,0.0,0.7,42.3,0.5957446808510638,0.5989847715736041,0.5929203539823009,0.3037268531876559,0.9300069242847824,0.639344262295082,0.34017247112767085,0.9443834482285884,0.6538461538461539,0.40985495848288794,0.9193272207836696,0.6285714285714286,0.28840833766379526,0.13792214490717697,0.5957446808510638,423,14.4,9.2,9.6,9.1,12.5,8.8,10.5,9.5,21.3,8.3,2.4,6.2,0.18264439992283196,0.14419906462946436,0.49845756430201815,0.17469897114568553,DL,1.5601028499392178,0.038148479427549196,0.017866285481626817,0.21531284263373535,0.0,DL,7.6,16,0.1,0.8,0.0,0.0,0.0
size9_comp0.2_grid6_base_low,9,0.2,6,low,base,base,5,12,17,7,5,1,1,1,10,6,0,0,0.6,0.0,0.0,0.0,48.0,0.38125,0.5,0.18333333333333332,0.0,1.1262738685162277,0.5714285714285714,0.5281487658828731,1.1111240605695603,0.5185185185185185,0.4601514532950844,1.1774044703362292,0.75,0.7576396958666596,0.23184204637962785,0.38125,480,22.3,11.8,6.8,7.1,16.1,8.6,9.2,13.1,35.9,9.9,9.4,14.5,0.033,0.6669370140063376,0.053647058823529416,0.2464159271701328,UR,0.771607611861034,0.0,0.3541666666666667,0.00625,0.0,UR,12.4,33,0.2,0.7,0.0,0.0,0.0
size9_comp0.2_grid6_walls0_low,9,0.2,6,low,walls0,reshuffled_walls,5,12,17,7,5,1,1,1,5,1,0,0,0.2,0.0,0.0,0.0,48.0,0.425,0.45714285714285713,0.2,0.0,1.0524501441885752,0.44,0.5114892655913177,1.0377615574683006,0.42857142857142855,0.46275592784747444,1.1295652244700167,0.5,0.7673392887464952,0.16806030081030082,0.425,240,16.6,11.8,9.6,10.0,10.4,14.2,8.2,14.2,36.4,12.4,4.2,8.8,0.0,0.6052380952380952,0.024285714285714285,0.3704761904761905,UR,0.9218638074940475,0.0,0.125,0.0,0.016666666666666666,UR,6.6,29,0.2,0.8,0.0,0.0,0.0
size9_comp0.2_grid6_walls1_low,9,0.2,6,low,walls1,reshuffled_walls,5,12,17,7,5,1,1,1,3,2,0,1,0.6666666666666666,0.0,0.3333333333333333,0.0,47.0,0.3900709219858156,0.4567901234567901,0.3,0.0,0.9470380227715404,0.6153846153846154,0.5501163970494859,0.8816919957355525,0.5555555555555556,0.5059614818353163,1.0940665836025132,0.75,0.6494649562813676,0.189983164983165,0.3900709219858156,141,19.666666666666668,11.666666666666666,7.0,8.666666666666666,15.0,7.0,11.666666666666666,12.333333333333334,35.666666666666664,9.666666666666666,9.666666666666666,12.333333333333334,0.0,0.6681464299045485,0.10714285714285715,0.22471071295259423,UR,0.7619246758216018,0.0,0.3819444444444445,0.037037037037037035,0.0,UR,13.333333333333334,25,0.3333333333333333,0.6666666666666666,0.0,0.0,0.0
size9_comp0.2_grid7_RandomStart_1_5_low,9,0.2,7,low,RandomStart_1_5,random_starts,1,3,4,2,1,1,1,1,5,4,4,0,0.8,0.8,0.0,0.8,20.6,0.47572815533980584,0.39285714285714285,0.574468085106383,0.3603921568627451,0.8666427514504903,0.6521739130434783,0.43994588255485384,0.7099509665777998,0.6428571428571429,0.553541160669122,1.1103855279191202,0.6666666666666666,0.26324211659932556,0.12489648033126291,0.47572815533980584,103,6.4,4.6,4.0,5.6,3.8,2.6,6.6,6.6,13.4,5.4,0.4,3.4,0.18536585365853658,0.004878048780487805,0.8097560975609757,0.0,DL,0.08896773989504966,0.04166666666666667,0.0,0.31588235294117645,0.0,DL,6.2,15,0.8,0.0,0.0,0.0,0.0
size9_comp0.2_grid7_RandomStart_3_2_low,9,0.2,7,low,RandomStart_3_2,random_starts,4,3,7,3,2,1,1,1,5,1,1,0,0.2,0.2,0.0,0.2,41.4,0.3961352657004831,0.3872549019607843,1.0,0.09333333333333334,0.8520097631825821,0.5714285714285714,0.4732323345435675,1.0843760622323773,0.6363636363636364,0.5739976871955285,0.0,0.3333333333333333,0.10375937481971094,0.13946954943790385,0.3961352657004831,207,13.8,8.6,7.4,11.6,8.4,8.0,10.0,14.0,33.8,11.8,0.0,10.4,0.9666666666666668,0.0,0.03333333333333333,0.0,UL,0.13000448432967082,0.1758333333333333,0.0,0.0,0.0,UL,2.4,4,1.0,0.0,0.0,0.0,0.0
size9_comp0.2_grid7_ReflectEnv_low,9,0.2,7,low,ReflectEnv,reflect,5,3,8,4,2,1,1,1,10,5,0,1,0.5,0.0,0.1,0.0,43.6,0.37844036697247707,0.44029850746268656,0.27976190476190477,0.0,1.0170943745318761,0.5992839286057693,0.4919280680927563,1.0422055366187608,0.553868548433623,0.4365445593845371,0.946326554105201,0.7272727272727273,0.6480088653613739,0.19189321921464775,0.37844036697247707,436,14.5,13.5,5.1,10.5,13.8,10.1,8.1,10.6,32.0,7.5,0.9,12.6,0.07794588214722854,0.5259952206096636,0.3186295283663705,0.0774293688767373,UR,0.4777531256945104,0.0,0.3166666666666667,0.07083333333333333,0.0125,UR,13.7,36,0.1,0.0,0.0,0.0,0.0
size9_comp0.2_grid7_RotateEnv_low,9,0.2,7,low,RotateEnv,rotate,5,3,8,4,2,1,1,1,10,9,8,1,0.9,0.8,0.1,0.8,28.6,0.5769230769230769,0.6086956521739131,0.5472972972972973,0.25465097219661115,0.8176994794721564,0.5,0.34383800559452005,0.7988723990780676,0.43478260869565216,0.23615391607173694,0.8350203934347181,0.56,0.4429073679554804,0.1462456981371455,0.5769230769230769,286,6.6,8.8,5.1,8.1,6.4,7.1,6.8,7.3,15.0,6.5,0.5,2.5,0.12183719058719059,0.04227106227106227,0.7924352036852036,0.043456543456543456,DL,0.7724869141816315,0.0,0.020833333333333336,0.2534039686930153,0.00909090909090909,DL,5.4,9,0.0,0.0,0.0,0.0,0.0
size9_comp0.2_grid7_StartGoalSwap_low,9,0.2,7,low,StartGoalSwap,start_goal_swap,3,5,8,4,2,1,1,1,10,7,5,2,0.7,0.5,0.2,0.5,26.6,0.4849624060150376,0.42452830188679247,0.525,0.3088888888888889,0.9720330420210046,0.6153846153846154,0.3295159011585025,0.8210540218058178,0.6666666666666666,0.3877573753779106,1.1014436307768791,0.5714285714285714,0.2795946375418669,0.18489340787417707,0.4849624060150376,266,8.8,5.6,5.1,7.1,6.1,5.0,8.1,6.4,17.5,5.7,1.2,4.7,0.476698930549737,0.0,0.523301069450263,0.0,DL,0.6067577821052341,0.004166666666666667,0.0,0.10958333333333334,0.0,DL,3.2,12,0.4,0.0,0.0,0.0,0.0
size9_comp0.2_grid7_TransposeEnv_low,9,0.2,7,low,TransposeEnv,transpose,5,3,8,4,2,1,1,1,10,10,2,0,1.0,0.2,0.0,0.2,41.2,0.2961165048543689,0.6862745098039216,0.16774193548387098,0.11666666666666665,0.6681291799460418,0.6071428571428571,0.3136284736258285,0.5672051195036224,0.5555555555555556,0.2423723494451059,0.849792488742397,0.7,0.44188949715112935,0.19748597304840987,0.2961165048543689,412,25.9,3.1,4.3,7.9,22.5,7.8,5.1,4.8,28.4,3.6,0.2,21.7,0.23406581341363947,0.653768115942029,0.11216607064433151,0.0,UR,0.7653967461056714,0.03333333333333333,0.575,0.020833333333333336,0.0,UR,25.0,39,0.1,0.0,0.0,0.0,0.0
size9_comp0.2_grid7_base_low,9,0.2,7,low,base,base,5,3,8,4,2,1,1,1,10,1,1,0,0.1,0.1,0.0,0.1,45.8,0.30131004366812225,0.2967032967032967,1.0,0.03076923076923077,0.9512114127184846,0.5238095238095238,0.5006978905928262,1.1097466481715654,0.5555555555555556,0.5668543098883455,0.0,0.3333333333333333,0.10375937481971094,0.3797752147505842,0.30131004366812225,458,24.0,8.0,7.2,6.6,15.5,8.1,8.5,12.7,37.5,9.5,0.0,18.9,0.49198899887061776,0.49967766779604894,0.008333333333333333,0.0,UR,0.45631748721885595,0.0810897435897436,0.06875,0.0,0.0,UL,4.0,16,0.5,0.0,0.0,0.0,0.0
size9_comp0.2_grid7_walls0_low,9,0.2,7,low,walls0,reshuffled_walls,5,3,8,4,2,1,1,1,5,1,1,0,0.2,0.2,0.0,0.2,43.6,0.27522935779816515,0.2676056338028169,0.6,0.06153846153846154,0.8516088344518251,0.5789473684210527,0.46938811034779676,0.9538920012831367,0.6875,0.5287016362238058,0.3060986113514965,0.0,0.15304930567574826,0.36346724829842997,0.27522935779816515,218,24.8,5.6,7.4,5.8,18.0,10.0,7.4,7.2,34.4,4.8,0.2,20.4,0.2527859237536657,0.7472140762463343,0.0,0.0,UR,0.6177557847989561,0.0,0.07916666666666666,0.0,0.0,UR,2.8,11,0.8,0.0,0.0,0.0,0.0
size9_comp0.2_grid7_walls1_low,9,0.2,7,low,walls1,reshuffled_walls,5,3,8,4,2,1,1,1,5,0,0,0,0.0,0.0,0.0,0.0,48.0,0.2833333333333333,0.2833333333333333,0.0,0.0,1.0346114678575022,0.75,0.6369157192421319,1.0346114678575022,0.75,0.6369157192421319,0.0,0.0,0.0,0.43950518613242395,0.2833333333333333,240,28.4,6.6,7.2,5.8,19.2,11.2,6.2,10.4,40.2,7.2,0.0,20.2,0.47164603817235395,0.528353961827646,0.0,0.0,UR,0.6416035765448325,0.05833333333333333,0.016666666666666666,0.0,0.0,UL,2.4,6,0.6,0.0,0.0,0.0,0.0
size9_comp0.2_grid8_RandomStart_4_1_low,9,0.2,8,low,RandomStart_4_1,random_starts,6,3,9,3,3,1,1,1,3,1,1,1,0.3333333333333333,0.3333333333333333,0.3333333333333333,0.3333333333333333,30.333333333333332,0.38461538461538464,0.36046511627906974,0.8,0.07894736842105263,0.6141980410987338,0.7222222222222222,0.43314078865099426,0.7182546242698005,0.7857142857142857,0.49894686223276885,0.25,0.5,0.2028195311147832,0.13526272577996715,0.38461538461538464,91,17.0,7.666666666666667,3.3333333333333335,2.3333333333333335,14.0,5.333333333333333,2.6666666666666665,7.333333333333333,22.666666666666668,5.0,0.6666666666666666,11.666666666666666,0.6140350877192983,0.3684210526315789,0.017543859649122806,0.0,UL,0.25808110097242326,0.05263157894736842,0.020833333333333332,0.0,0.0,UL,2.3333333333333335,4,0.0,0.0,0.0,0.0,0.0
size9_comp0.2_grid8_ReflectEnv_low,9,0.2,8,low,ReflectEnv,reflect,6,3,9,5,2,1,1,1,10,7,5,0,0.7,0.5,0.0,0.5,40.4,0.5,0.5115606936416185,0.43103448275862066,0.13766010436432638,1.059992846283759,0.6206896551724138,0.3605565800807417,1.3172989198889462,0.5882352941176471,0.31010215557217946,0.6954759086764102,0.6666666666666666,0.4320336814678716,0.11211747915850358,0.5,404,11.4,11.3,7.1,10.6,9.7,8.9,8.4,12.4,27.0,10.7,0.2,6.1,0.0,0.1291677154387643,0.5137374531295311,0.35709483143170456,DL,1.0282540714415485,0.0,0.07291666666666666,0.0020833333333333333,0.0,UR,3.6,32,0.6,0.0,0.0,0.0,0.0
size9_comp0.2_grid8_RotateEnv_low,9,0.2,8,low,RotateEnv,rotate,6,3,9,5,2,1,1,1,10,7,7,2,0.7,0.7,0.2,0.7,26.8,0.5373134328358209,0.5207100591715976,0.5656565656565656,0.25844861660079055,1.0129510589640667,0.5555555555555556,0.4039157982850289,1.2931235106583037,0.5,0.40884187396358784,0.7327786072698296,0.6111111111111112,0.39898972260646987,0.07353457211460196,0.5373134328358209,268,8.3,8.8,5.7,4.0,7.7,5.4,5.4,7.3,15.1,5.7,0.2,4.6,0.00625,0.4165732090490154,0.168147465437788,0.40902932551319643,UR,1.0235446418142942,0.0,0.0759469696969697,0.08644049187527449,0.0,DL,4.2,18,0.3,0.0,0.0,0.0,0.0
size9_comp0.2_grid8_StartGoalSwap_low,9,0.2,8,low,StartGoalSwap,start_goal_swap,3,6,9,5,2,1,1,1,10,1,1,0,0.1,0.1,0.0,0.1,45.5,0.3076923076923077,0.29571106094808125,0.75,0.0391304347826087,0.7740707983863463,0.76,0.4741391150962593,1.0300273241777513,0.7777777777777778,0.541571795245301,0.11589687492273326,0.7142857142857143,0.30074079471300896,0.31572839188002266,0.3076923076923077,455,22.9,6.1,7.5,9.0,12.7,9.6,11.7,10.5,35.7,8.6,0.1,15.5,0.5303503034753035,0.41964969652469647,0.05,0.0,UL,0.8972704098548345,0.03958333333333334,0.11041666666666665,0.0,0.0,UR,3.8,14,0.4,0.0,0.0,0.0,0.0
size9_comp0.2_grid8_TransposeEnv_low,9,0.2,8,low,TransposeEnv,transpose,6,3,9,5,2,1,1,1,10,8,2,2,0.8,0.2,0.2,0.2,34.2,0.28654970760233917,0.7073170731707317,0.15384615384615385,0.13461538461538464,0.7749393186466852,0.5714285714285714,0.35818880649830437,0.6885104739272753,0.5384615384615384,0.1729702029177993,0.9153861913157264,0.625,0.6591690373166251,0.26003272090228613,0.28654970760233917,342,25.6,2.7,3.8,2.1,20.7,4.6,3.7,4.2,25.1,2.3,7.7,20.0,0.07692780337941627,0.8110235560263692,0.0,0.11204864059421446,UR,0.5259043702029468,0.0,0.09375,0.0,0.0,UR,3.7,19,0.0,0.0,0.0,0.0,0.0
size9_comp0.2_grid8_base_low,9,0.2,8,low,base,base,6,3,9,5,2,1,1,1,10,3,3,3,0.3,0.3,0.3,0.3,33.2,0.39457831325301207,0.3753943217665615,0.8,0.17044534412955464,0.8005824818601723,0.6363636363636364,0.3237629520410828,0.8889231876789332,0.6666666666666666,0.3563638140132029,0.40304930567574826,0.5,0.17705907316654235,0.18904470659956552,0.39457831325301207,332,19.3,5.1,5.1,3.7,14.2,6.0,5.4,6.6,20.7,5.0,0.3,10.6,0.3866619532428356,0.406275623885918,0.09102564102564104,0.11603678184560536,UR,1.1149808160743162,0.09516869095816465,0.018055555555555554,0.005128205128205128,0.0,UL,2.9,6,0.0,0.0,0.0,0.0,0.0
size9_comp0.2_grid8_walls0_low,9,0.2,8,low,walls0,reshuffled_walls,6,3,9,5,2,1,1,1,5,0,0,3,0.0,0.0,0.6,0.0,22.6,0.2743362831858407,0.2743362831858407,0.0,0.0,0.6855584221417877,0.6428571428571429,0.5616694212165153,0.6855584221417877,0.6428571428571429,0.5616694212165153,0.0,0.0,0.0,0.2746293389150532,0.2743362831858407,113,16.6,1.6,3.2,1.2,12.2,4.0,2.4,3.0,15.8,1.6,0.0,12.8,0.06298449612403101,0.3777131782945736,0.0,0.5593023255813954,DR,0.5176857735547152,0.004166666666666667,0.0375,0.0,0.0,UR,1.8,7,0.6,0.0,0.0,0.0,0.0
size9_comp0.2_grid8_walls1_low,9,0.2,8,low,walls1,reshuffled_walls,6,3,9,5,2,1,1,1,3,0,0,2,0.0,0.0,0.6666666666666666,0.0,25.0,0.25333333333333335,0.25333333333333335,0.0,0.0,0.4406715202462972,0.6875,0.6301121582276179,0.4406715202462972,0.6875,0.6301121582276179,0.0,0.0,0.0,0.10808823529411765,0.25333333333333335,75,17.333333333333332,2.3333333333333335,3.3333333333333335,2.0,14.0,4.666666666666667,3.3333333333333335,2.0,16.333333333333332,0.6666666666666666,0.0,14.0,0.15833333333333335,0.425,0.0,0.4166666666666667,UR,0.7289537874645974,0.031746031746031744,0.07638888888888888,0.0,0.0,UR,2.6666666666666665,6,0.3333333333333333,0.0,0.0,0.0,0.0
size9_comp0.2_grid9_RandomStart_2_7_low,9,0.2,9,low,RandomStart_2_7,random_starts,5,4,9,7,1,1,1,1,5,2,1,0,0.4,0.2,0.0,0.2,40.6,0.4827586206896552,0.46938775510204084,0.8571428571428571,0.16363636363636364,0.7709203500199361,0.5294117647058824,0.39147123387607613,1.1914223591217195,0.5454545454545454,0.4291978729559905,0.0,0.5,0.32230572889623305,0.21077529401058814,0.4827586206896552,203,12.6,13.6,7.6,6.8,5.8,7.2,11.2,15.4,30.6,12.6,0.0,4.8,0.05714285714285714,0.0,0.9098412698412698,0.03301587301587301,DL,0.30650513476298746,0.0,0.0,0.5321969696969697,0.0,DL,10.6,15,1.0,0.0,0.0,0.0,0.0
size9_comp0.2_grid9_RandomStart_3_6_low,9,0.2,9,low,RandomStart_3_6,random_starts,3,4,7,5,1,1,1,1,5,4,4,0,0.8,0.8,0.0,0.8,25.8,0.5581395348837209,0.5,0.8571428571428571,0.3212418300653595,0.8463085434676968,0.5238095238095238,0.22491109179879729,1.0113281472957745,0.5454545454545454,0.33195131985229037,0.6647869792568112,0.5,0.10716684093995492,0.1357853381687053,0.5581395348837209,129,9.8,8.8,3.4,3.8,5.2,3.2,5.8,10.6,16.0,9.2,0.2,2.4,0.075,0.047619047619047616,0.8137362637362637,0.06364468864468864,DL,0.6832428896922067,0.0,0.0,0.1941993464052288,0.0,DL,6.0,13,1.0,0.0,0.0,0.0,0.0
size9_comp0.2_grid9_ReflectEnv_low,9,0.2,9,low,ReflectEnv,reflect,5,4,9,5,3,1,1,1,10,5,5,3,0.5,0.5,0.3,0.5,23.9,0.4393305439330544,0.37566137566137564,0.68,0.2607832415262756,0.9237766786976056,0.5333333333333333,0.4225101250202539,1.104040230587264,0.47058823529411764,0.4144152377696539,0.6880474185342063,0.6153846153846154,0.43309574680950014,0.0748902023902024,0.4393305439330544,239,10.8,4.5,5.4,3.2,6.9,4.7,6.2,5.1,14.4,4.2,0.4,7.6,0.14766842634489694,0.592156862745098,0.12459778783308195,0.1355769230769231,UR,0.7725315386143523,0.0,0.12708333333333333,0.01764705882352941,0.0,UR,2.4,15,0.0,0.1,0.0,0.0,0.0
size9_comp0.2_grid9_RotateEnv_low,9,0.2,9,low,RotateEnv,rotate,5,4,9,5,3,1,1,1,10,1,0,7,0.1,0.0,0.7,0.0,33.5,0.41492537313432837,0.41324921135646686,0.4444444444444444,0.0,1.0279049697989686,0.625,0.4995292145980108,1.371032065989297,0.5625,0.48743613186356066,0.3416507774183119,0.75,0.523715380066911,0.27626421899643383,0.41492537313432837,335,11.2,8.8,8.8,4.7,7.7,7.0,8.2,9.6,24.0,7.9,0.1,7.2,0.07739348370927317,0.0035714285714285713,0.9164709851551958,0.002564102564102564,DL,0.2531341661066356,0.0020833333333333333,0.0,0.2367446025840166,0.0,DL,6.3,23,0.0,0.0,0.0,0.0,0.0
size9_comp0.2_grid9_StartGoalSwap_low,9,0.2,9,low,StartGoalSwap,start_goal_swap,4,5,9,5,3,1,1,1,10,6,0,0,0.6,0.0,0.0,0.0,48.0,0.2875,0.30711610486891383,0.26291079812206575,0.0,0.9510445577922919,0.6259983333653847,0.5195324360337278,0.9827844327038305,0.6551724137931034,0.44532967321022204,0.8935160345151284,0.5731203125901445,0.654024943651332,0.21018392721618534,0.2875,480,26.2,7.3,5.8,8.7,20.6,10.1,8.1,8.2,35.7,5.9,0.4,22.2,0.14043321412886628,0.7177658573310748,0.11818181818181817,0.023619110358240797,UR,0.7016212278728681,0.0020833333333333333,0.3104166666666667,0.01875,0.0,UR,15.5,41,0.0,0.0,0.0,0.0,0.0
size9_comp0.2_grid9_TransposeEnv_low,9,0.2,9,low,TransposeEnv,transpose,5,4,9,5,3,1,1,1,10,0,0,0,0.0,0.0,0.0,0.0,48.0,0.21458333333333332,0.21458333333333332,0.0,0.0,1.175175535485926,0.5384615384615384,0.6359487028786113,1.175175535485926,0.5384615384615384,0.6359487028786113,0.0,0.0,0.0,0.48826581369597566,0.21458333333333332,480,27.9,5.7,4.6,9.8,22.8,10.6,5.9,7.7,40.1,5.3,0.0,26.9,0.0,0.9947368421052631,0.0,0.005263157894736842,UR,0.029747224891928957,0.0,0.83125,0.0,0.0,UR,28.1,46,0.0,0.0,0.0,0.0,0.0
size9_comp0.2_grid9_base_low,9,0.2,9,low,base,base,5,4,9,5,3,1,1,1,10,7,6,0,0.7,0.6,0.0,0.6,32.4,0.5030864197530864,0.46099290780141844,0.7857142857142857,0.2643510230179028,0.7556979656862858,0.5135135135135135,0.4328564570685577,0.8057177509459724,0.52,0.4966127335143151,0.6514900797286051,0.5,0.30003088113989645,0.1281449980633284,0.5030864197530864,324,11.6,9.2,4.2,7.4,10.3,7.0,5.3,8.8,19.1,7.6,0.0,6.2,0.09569904150488859,0.17412153064326977,0.6838753966340173,0.04630403121782432,DL,0.6932621231753402,0.0,0.08541666666666667,0.35556159420289857,0.0,DL,9.7,29,0.0,0.0,0.0,0.0,0.0
size9_comp0.2_grid9_walls0_low,9,0.2,9,low,walls0,reshuffled_walls,5,4,9,5,3,1,1,1,2,2,2,0,1.0,1.0,0.0,1.0,18.0,0.7222222222222222,0.7272727272727273,0.7142857142857143,0.5418060200668896,0.42526905638315426,0.47058823529411764,0.28017513260593363,0.46995266205706915,0.4444444444444444,0.2587936534359414,0.375,0.5,0.3042292966721748,0.12254901960784316,0.7222222222222222,36,7.0,4.0,2.0,5.0,4.0,6.5,3.5,3.0,5.5,3.0,0.0,1.0,0.0,0.16666666666666666,0.7341269841269842,0.0992063492063492,DL,0.8929232564196197,0.0,0.0,0.14214046822742477,0.0,DL,1.0,1,0.0,0.0,0.0,0.0,0.0
size9_comp0.2_grid9_walls1_low,9,0.2,9,low,walls1,reshuffled_walls,5,4,9,5,4,1,1,1,5,2,2,1,0.4,0.4,0.2,0.4,36.8,0.43478260869565216,0.4383561643835616,0.42105263157894735,0.13999999999999999,0.8678807869836224,0.4,0.3885000254445509,1.0039538895733755,0.4375,0.43993730108874163,0.6259730490462838,0.3333333333333333,0.2970559798548785,0.20947481021394063,0.43478260869565216,184,10.8,11.4,5.6,9.0,7.2,7.8,8.8,12.0,26.8,10.6,0.0,8.6,0.2,0.28846153846153844,0.48901098901098905,0.022527472527472527,DL,0.4198623995238647,0.00625,0.03111111111111111,0.32083333333333336,0.0,DL,11.8,32,0.0,0.0,0.0,0.0,0.0
size9_comp0.4_grid0_RandomStart_3_3_low,9,0.4,0,low,RandomStart_3_3,random_starts,7,5,12,10,4,1,1,1,5,5,2,0,1.0,0.4,0.0,0.4,37.4,0.48128342245989303,0.6024096385542169,0.38461538461538464,0.22434782608695653,1.005525440839788,0.2916666666666667,0.3717184847015295,0.9608449253310952,0.2857142857142857,0.2846110506616829,1.068078162551958,0.3,0.4936688923573147,0.1810850130530811,0.48128342245989303,187,9.0,9.8,4.8,13.8,12.2,7.6,8.6,8.0,24.2,7.0,4.6,11.2,0.27330104106419895,0.44872421438210913,0.009523809523809523,0.2684509350298824,UR,1.3439576584546775,0.0,0.056920289855072456,0.0,0.15253623188405796,DR,3.6,5,0.4,0.0,0.0,0.0,0.0
size9_comp0.4_grid0_RandomStart_4_6_low,9,0.4,0,low,RandomStart_4_6,random_starts,5,5,10,2,4,1,1,1,5,0,0,4,0.0,0.0,0.8,0.0,16.6,0.43373493975903615,0.43373493975903615,0.0,0.0,1.1144738475111806,0.38461538461538464,0.36988855530355463,1.1144738475111806,0.38461538461538464,0.36988855530355463,0.0,0.0,0.0,0.09435417523652818,0.43373493975903615,83,4.4,5.0,2.8,4.4,2.4,4.4,3.6,5.2,11.0,5.0,0.0,2.0,0.0,0.0,0.2692307692307693,0.7307692307692307,DR,0.18611722582639856,0.0,0.0,0.028333333333333332,0.016666666666666666,DL,1.0,4,0.0,0.0,0.0,0.0,0.0
size9_comp0.4_grid0_ReflectEnv_low,9,0.4,0,low,ReflectEnv,reflect,10,5,15,7,4,1,1,1,10,0,0,0,0.0,0.0,0.0,0.0,48.0,0.22083333333333333,0.22083333333333333,0.0,0.0,1.1659063174812425,0.4,0.5695497783142014,1.1659063174812425,0.4,0.5695497783142014,0.0,0.0,0.0,0.33337011796222016,0.22083333333333333,480,31.1,2.6,7.9,6.4,23.2,9.6,8.4,5.8,39.1,3.7,0.0,29.3,0.052985315036398625,0.9470146849636013,0.0,0.0,UR,0.19317447516007777,0.00625,0.4708333333333333,0.0,0.0,UR,15.5,24,0.0,0.0,0.0,0.0,0.0
size9_comp0.4_grid0_RotateEnv_low,9,0.4,0,low,RotateEnv,rotate,10,5,15,7,4,1,1,1,10,7,6,0,0.7,0.6,0.0,0.6,40.5,0.5679012345679012,0.547752808988764,0.7142857142857143,0.2633989321489322,1.2317131064786877,0.36,0.27215897086163726,1.3662232666838694,0.3684210526315789,0.2989131882391604,0.8057642658289459,0.3333333333333333,0.18743728249948075,0.16509118705426595,0.5679012345679012,405,13.3,7.4,10.1,9.7,9.8,10.6,8.3,10.8,23.5,9.7,0.1,6.5,0.42828234288295264,0.14781838712326517,0.42389926999378214,0.0,UL,1.2984476364801076,0.04197261072261073,0.09802069552069552,0.05897435897435897,0.0,UR,4.5,7,0.0,0.0,0.0,0.0,0.0
size9_comp0.4_grid0_StartGoalSwap_low,9,0.4,0,low,StartGoalSwap,start_goal_swap,5,10,15,7,4,1,1,1,10,2,0,0,0.2,0.0,0.0,0.0,48.0,0.41458333333333336,0.4228855721393035,0.3717948717948718,0.0,1.2752176716444739,0.4382245967974566,0.38316293011820557,1.5298573851043993,0.42105263157894735,0.3624696027609916,0.8720381253329248,0.465413541726763,0.41592736510046097,0.12866968287627795,0.41458333333333336,480,14.9,14.2,9.7,9.2,12.9,8.9,11.9,13.3,35.2,10.0,0.0,10.4,0.056948798328108674,0.08516196447230931,0.3440692263804545,0.5138200108191275,DR,0.9656972317588514,0.0,0.0020833333333333333,0.09583333333333333,0.07291666666666666,DL,5.2,18,0.5,0.0,0.0,0.0,0.0
size9_comp0.4_grid0_TransposeEnv_low,9,0.4,0,low,TransposeEnv,transpose,10,5,15,7,4,1,1,1,10,3,1,3,0.3,0.1,0.3,0.1,39.1,0.3938618925831202,0.4028985507246377,0.32608695652173914,0.05172413793103449,1.023941444053749,0.375,0.40244077719607674,1.145427356053443,0.36363636363636365,0.35827305807368043,0.7566724376544229,0.4,0.4996097592653486,0.1050723253602592,0.3938618925831202,391,13.8,9.6,5.2,10.5,12.9,9.4,7.6,8.2,27.7,5.5,2.1,13.9,0.06899051490514904,0.7711380727618018,0.03,0.12987141233304916,UR,0.6033014388471719,0.008333333333333333,0.5009236453201971,0.008333333333333333,0.03599137931034483,UR,13.7,31,0.0,0.0,0.0,0.0,0.0
size9_comp0.4_grid0_base_low,9,0.4,0,low,base,base,10,5,15,7,4,1,1,1,10,6,0,3,0.6,0.0,0.3,0.0,43.9,0.4328018223234624,0.46357615894039733,0.36496350364963503,0.0,1.0612087021111505,0.36363636363636365,0.3497628829320694,1.0535921668413324,0.3888888888888889,0.32725291526932376,1.095483110825332,0.25,0.451057737414425,0.04673649820276359,0.4328018223234624,439,10.4,11.2,4.5,17.7,12.9,9.5,9.8,10.5,29.9,7.6,7.2,14.2,0.13084385521885522,0.3351473063973064,0.24497187598480702,0.28903696239903137,UR,1.0547008116534073,0.011011904761904761,0.09583333333333334,0.05737356958287192,0.04263565891472868,UR,7.2,38,0.0,0.0,0.0,0.0,0.0
size9_comp0.4_grid0_walls0_low,9,0.4,0,low,walls0,reshuffled_walls,8,5,13,7,5,1,1,1,4,3,1,0,0.75,0.25,0.0,0.25,40.75,0.44171779141104295,0.43356643356643354,0.5,0.17105263157894737,1.060511516148194,0.3333333333333333,0.4083468341501863,1.11250552525018,0.2727272727272727,0.36192675675000807,0.9175279911177314,0.5,0.5360020470006763,0.21639369889369897,0.44171779141104295,163,8.0,10.25,5.25,17.25,13.75,8.5,6.75,10.75,26.0,8.0,0.75,12.0,0.02818627450980392,0.3984375,0.36764705882352944,0.20572916666666666,UR,0.751354383894621,0.0,0.11979166666666666,0.026041666666666664,0.08415570175438596,UR,7.75,22,0.0,0.0,0.0,0.0,0.0
size9_comp0.4_grid0_walls1_low,9,0.4,0,low,walls1,reshuffled_walls,8,5,13,7,3,1,1,1,2,1,0,1,0.5,0.0,0.5,0.0,40.5,0.4444444444444444,0.5076923076923077,0.1875,0.0,0.8926768597914867,0.5040458333676741,0.5257359583504756,0.8785317371896884,0.5638213235718327,0.4581489147815005,0.95279363084913,0.25,0.8129808935186198,0.25997732426303855,0.4444444444444444,81,9.0,13.0,5.5,13.0,10.0,7.5,10.0,12.0,24.5,9.5,2.0,9.0,0.0,0.1994851994851995,0.38996138996138996,0.41055341055341055,DR,1.401179805866711,0.0,0.052083333333333336,0.0,0.05587121212121212,DR,4.0,5,0.0,0.0,0.0,0.0,0.0
size9_comp0.4_grid1_RandomStart_3_3_low,9,0.4,1,low,RandomStart_3_3,random_starts,6,7,13,3,5,1,1,1,5,0,0,0,0.0,0.0,0.0,0.0,48.0,0.30833333333333335,0.30833333333333335,0.0,0.0,1.0707498330523046,0.5714285714285714,0.4965509282510502,1.0707498330523046,0.5714285714285714,0.4965509282510502,0.0,0.0,0.0,0.23233594268828633,0.30833333333333335,240,17.0,9.6,9.8,11.6,9.4,10.8,13.6,13.2,35.2,9.4,0.0,14.2,0.39840825840825844,0.6015917415917416,0.0,0.0,UR,0.7655216336483563,0.029166666666666664,0.24166666666666664,0.0,0.0,UR,6.4,11,0.4,0.0,0.0,0.0,0.0
size9_comp0.4_grid1_RandomStart_6_7_low,9,0.4,1,low,RandomStart_6_7,random_starts,5,7,12,4,4,1,1,1,4,4,3,0,1.0,0.75,0.0,0.75,30.5,0.5737704918032787,0.6538461538461539,0.5142857142857142,0.39538530465949817,0.7133437619860609,0.4,0.30120353791275445,0.5913199595747921,0.3125,0.29635816005201465,0.852799536170368,0.5,0.30674111261074277,0.13198412698412698,0.5737704918032787,122,8.0,7.25,9.0,6.25,7.75,6.25,8.25,7.25,17.5,6.0,0.25,6.0,0.0,0.0,0.8763881046489742,0.12361189535102578,DL,0.5306532013190827,0.0,0.0,0.26189142771804064,0.03815710872162485,DL,4.75,6,0.0,1.0,0.0,0.0,0.0
size9_comp0.4_grid1_ReflectEnv_low,9,0.4,1,low,ReflectEnv,reflect,7,7,14,4,5,1,1,1,10,5,0,1,0.5,0.0,0.1,0.0,46.3,0.3693304535637149,0.3627450980392157,0.41818181818181815,0.0,1.03523731036552,0.4523809523809524,0.417670548579453,1.3614605341414785,0.4,0.3835033382678351,0.5554972754008748,0.5294117647058824,0.4679164460965382,0.13095627308998145,0.3693304535637149,463,9.5,13.8,6.4,16.6,17.1,10.2,9.9,8.1,33.3,6.0,0.3,18.3,0.0,0.5879774780665816,0.06832579185520363,0.34369673007821466,UR,0.7833783381268729,0.0,0.27224462365591395,0.00625,0.07708333333333334,UR,10.2,21,0.7,0.3,0.0,0.0,0.0
size9_comp0.4_grid1_RotateEnv_low,9,0.4,1,low,RotateEnv,rotate,7,7,14,4,5,1,1,1,10,10,7,0,1.0,0.7,0.0,0.7,36.6,0.5191256830601093,0.5567567567567567,0.48066298342541436,0.31857853580528,1.1072947260213468,0.43333333333333335,0.3109053867362506,1.242984546874581,0.5294117647058824,0.27541272368623004,0.929854191059425,0.3076923076923077,0.3573188691862775,0.1052614757103921,0.5191256830601093,366,10.7,9.9,7.7,8.3,14.0,9.9,7.3,4.4,18.7,3.8,0.0,11.4,0.0,0.34112061584383957,0.27544094890224263,0.38343843525391774,DR,1.4541560660064878,0.0,0.12582155247852925,0.09793671348031813,0.1705639292877665,DR,7.7,17,0.3,0.3,0.0,0.0,0.0
size9_comp0.4_grid1_StartGoalSwap_low,9,0.4,1,low,StartGoalSwap,start_goal_swap,7,7,14,4,5,1,1,1,10,7,2,2,0.7,0.2,0.2,0.2,44.4,0.4954954954954955,0.5294117647058824,0.4497354497354497,0.06098484848484849,1.0889255690562358,0.5526315789473685,0.4395086444238679,1.111069571887793,0.5384615384615384,0.40747237631489114,1.0409468962545283,0.5833333333333334,0.5089205586599844,0.20880652763517538,0.4954954954954955,444,14.1,12.1,13.1,5.1,12.2,6.8,12.3,12.1,29.1,10.8,1.1,8.9,0.28573285510785507,0.14029761904761906,0.46195512820512813,0.11201439763939762,DL,1.210275565002469,0.032234848484848484,0.03958333333333333,0.10492424242424243,0.0,DL,5.9,19,0.0,0.6,0.0,0.0,0.0
size9_comp0.4_grid1_TransposeEnv_low,9,0.4,1,low,TransposeEnv,transpose,7,7,14,4,5,1,1,1,10,10,4,0,1.0,0.4,0.0,0.4,40.5,0.5135802469135803,0.6167400881057269,0.38202247191011235,0.1974677812608847,1.0813850116233736,0.4642857142857143,0.36707777144926945,1.1053932472078818,0.5,0.29547771159365327,1.0493740308440296,0.4166666666666667,0.4625445179234244,0.2357332445159772,0.5135802469135803,405,12.9,9.2,6.4,12.0,10.9,8.9,9.4,10.3,26.6,9.0,7.3,8.8,0.2801560741757942,0.706091202512659,0.0,0.013752723311546838,UR,0.8817044229741444,0.0628448275862069,0.3436759839777081,0.0,0.0,UR,10.6,17,0.1,0.9,0.0,0.0,0.0
size9_comp0.4_grid1_base_low,9,0.4,1,low,base,base,7,7,14,4,5,1,1,1,10,1,1,3,0.1,0.1,0.3,0.1,40.5,0.32592592592592595,0.3081081081081081,0.5142857142857142,0.031818181818181815,1.0525390482543002,0.5,0.45031827307267225,1.1584628104571255,0.47619047619047616,0.47444925004605665,0.8053836031143741,0.5555555555555556,0.3940126601347753,0.19931241583512385,0.32592592592592595,405,14.8,8.1,8.0,9.6,8.9,9.5,10.8,10.3,30.3,7.2,0.6,13.9,0.2275725810639865,0.6767131332217277,0.09571428571428572,0.0,UR,0.6691257621286021,0.008333333333333333,0.17610951468710087,0.02954545454545455,0.0,UR,5.7,12,0.2,0.1,0.0,0.0,0.0
size9_comp0.4_grid1_walls0_low,9,0.4,1,low,walls0,reshuffled_walls,9,7,16,4,6,1,1,1,3,0,0,0,0.0,0.0,0.0,0.0,48.0,0.3333333333333333,0.3333333333333333,0.0,0.0,1.3615835803494092,0.715413541726763,0.6108735814866811,1.3615835803494092,0.715413541726763,0.6108735814866811,0.0,0.0,0.0,0.24056956115779649,0.3333333333333333,144,21.333333333333332,9.0,7.0,10.666666666666666,13.0,10.333333333333334,11.666666666666666,12.0,38.0,8.333333333333334,0.0,15.666666666666666,0.22608437314319665,0.7739156268568034,0.0,0.0,UR,0.7132921917107297,0.0,0.2569444444444445,0.0,0.0,UR,7.333333333333333,14,0.0,0.0,0.0,0.0,0.0
size9_comp0.4_grid1_walls1_low,9,0.4,1,low,walls1,reshuffled_walls,7,7,14,4,6,1,1,1,2,2,1,0,1.0,0.5,0.0,0.5,42.0,0.5833333333333334,0.6086956521739131,0.5526315789473685,0.19444444444444445,0.6929269528181701,0.39285714285714285,0.3304285349291147,0.5999561901977019,0.35714285714285715,0.3403518619334971,0.7858977154386383,0.42857142857142855,0.32050520792473236,0.10361394557823128,0.5833333333333334,84,10.5,14.0,8.5,9.0,12.5,10.0,7.5,11.0,28.0,10.0,2.0,4.5,0.2309542902967121,0.08059342421812349,0.6884522854851644,0.0,DL,1.101956997438158,0.0,0.0,0.3784722222222222,0.0,DL,7.0,7,0.0,1.0,0.0,0.0,0.0
size9_comp0.4_grid2_RandomStart_5_2_low,9,0.4,2,low,RandomStart_5_2,random_starts,5,4,9,1,4,1,1,1,3,0,0,3,0.0,0.0,1.0,0.0,12.333333333333334,0.35135135135135137,0.35135135135135137,0.0,0.0,1.1745564067853018,0.4,0.4343201549828299,1.1745564067853018,0.4,0.4343201549828299,0.0,0.0,0.0,0.16363636363636364,0.35135135135135137,37,3.6666666666666665,2.3333333333333335,2.0,4.333333333333333,4.666666666666667,3.0,1.6666666666666667,2.0,9.333333333333334,1.6666666666666667,0.0,4.666666666666667,0.0,1.0,0.0,0.0,UR,0.0,0.0,0.23214285714285712,0.0,0.0,UR,5.333333333333333,15,1.0,0.0,0.0,0.0,0.0
size9_comp0.4_grid2_RandomStart_7_3_low,9,0.4,2,low,RandomStart_7_3,random_starts,6,4,10,2,4,1,1,1,2,1,1,1,0.5,0.5,0.5,0.5,11.5,0.6956521739130435,0.6666666666666666,0.8,0.45454545454545453,0.5800978192649643,0.5454545454545454,0.20932099807027693,0.7687251445592296,0.7142857142857143,0.25750442553900654,0.25,0.25,0.125,0.03636363636363637,0.6956521739130435,23,3.0,2.5,4.0,2.0,2.5,2.0,3.5,2.5,5.5,1.5,1.0,1.5,0.0,0.6428571428571428,0.0,0.35714285714285715,UR,0.4315602842833155,0.0,0.0,0.0,0.0,,0.0,0,0.5,0.0,0.0,0.0,0.0
size9_comp0.4_grid2_ReflectEnv_low,9,0.4,2,low,ReflectEnv,reflect,3,4,7,3,3,1,1,1,10,10,10,0,1.0,1.0,0.0,1.0,15.5,0.6451612903225806,0.6065573770491803,0.6702127659574468,0.5296366999723777,0.9012041618689131,0.2777777777777778,0.2059868192584804,0.848608556671987,0.125,0.21617516647648174,0.9432806460264539,0.4,0.1978361414840793,0.17758337341670677,0.6451612903225806,155,4.5,4.5,4.7,1.8,2.9,3.8,4.7,3.1,6.2,2.7,0.5,2.5,0.21151515151515152,0.02909090909090909,0.41787878787878785,0.34151515151515155,DL,1.283315137484248,0.0,0.0,0.0,0.0,,0.0,0,0.0,0.0,0.0,0.0,0.0
size9_comp0.4_grid2_RotateEnv_low,9,0.4,2,low,RotateEnv,rotate,3,4,7,3,3,1,1,1,10,6,2,1,0.6,0.2,0.1,0.2,40.4,0.3316831683168317,0.41596638655462187,0.21084337349397592,0.05959752321981424,1.004430402757699,0.3333333333333333,0.4747920284594877,1.1287282708222077,0.2857142857142857,0.4180339596360796,0.7869091336448085,0.4166666666666667,0.5741186489004518,0.2568053883042519,0.3316831683168317,404,18.7,8.5,5.7,7.5,16.6,7.0,7.1,8.7,29.7,6.3,0.2,16.2,0.0,0.4742769607843137,0.3874623753009976,0.1382606639146887,UR,0.5472629339617316,0.0,0.0375,0.058333333333333334,0.0,DL,3.9,14,0.0,0.0,0.0,0.0,0.0
size9_comp0.4_grid2_StartGoalSwap_low,9,0.4,2,low,StartGoalSwap,start_goal_swap,4,3,7,3,3,1,1,1,10,9,7,0,0.9,0.7,0.0,0.7,29.7,0.43097643097643096,0.47107438016528924,0.4034090909090909,0.2566709585647893,0.8490314937009508,0.35,0.42361259956114744,0.8559787243112513,0.5333333333333333,0.4865556927945862,0.8448631553347705,0.24,0.3858467436210842,0.08899098849786188,0.43097643097643096,297,12.0,6.5,6.1,5.1,10.1,7.3,5.5,5.8,18.3,4.6,1.3,9.0,0.013153310104529617,0.4838005490444515,0.31886724386724385,0.18417889698377504,UR,0.9817275880042567,0.0,0.1,0.07273295809881175,0.0,UR,5.9,37,0.6,0.0,0.0,0.0,0.0
size9_comp0.4_grid2_TransposeEnv_low,9,0.4,2,low,TransposeEnv,transpose,3,4,7,3,3,1,1,1,10,10,4,0,1.0,0.4,0.0,0.4,36.6,0.3797814207650273,0.4732142857142857,0.33858267716535434,0.1575071157495256,1.1657171144181369,0.36499870692141917,0.4092566960473458,0.9694308501533241,0.2757663462093197,0.32695864887124115,1.3251997041332972,0.4375,0.4761238593779309,0.23998009279758648,0.3797814207650273,366,12.8,7.3,6.8,9.7,10.4,9.8,7.8,7.6,26.1,6.1,3.6,12.5,0.0,0.7355809816785427,0.0,0.2644190183214573,UR,0.44881023621263916,0.0,0.33958333333333335,0.0,0.0,UR,10.8,36,0.0,0.0,0.0,0.0,0.0
size9_comp0.4_grid2_base_low,9,0.4,2,low,base,base,3,4,7,3,3,1,1,1,10,9,9,0,0.9,0.9,0.0,0.9,34.7,0.4610951008645533,0.49122807017543857,0.44635193133047213,0.22460273708722545,0.9485196214640842,0.3307800781475361,0.4069571098618714,0.8566712205699738,0.29874687506009634,0.3479830063033869,1.0036286620005506,0.35,0.4423415719969621,0.19533821586258243,0.4610951008645533,347,8.5,9.4,8.3,8.5,8.8,6.7,9.3,8.9,23.6,7.5,2.5,9.0,0.15989417989417984,0.0,0.6715079365079364,0.16859788359788358,DL,0.8449589174655248,0.0,0.0,0.18629966828454267,0.0,DL,3.8,11,0.0,0.0,0.0,0.0,0.0
size9_comp0.4_grid2_walls0_low,9,0.4,2,low,walls0,reshuffled_walls,3,4,7,5,1,1,1,1,4,4,0,0,1.0,0.0,0.0,0.0,48.0,0.453125,0.5254237288135594,0.42105263157894735,0.0,0.9079929454448595,0.4051378472422543,0.44258612854847373,0.7948505720346474,0.37233083338141043,0.3245124237531465,0.988808926452154,0.42857142857142855,0.5269244891165646,0.09174382716049385,0.453125,192,12.0,13.75,12.25,10.0,8.25,10.75,14.75,13.25,33.0,11.75,1.5,6.25,0.16756854256854253,0.0,0.8004449254449254,0.03198653198653199,DL,0.7413164959724183,0.0,0.0,0.26041666666666663,0.0,DL,6.75,15,0.0,0.0,0.0,0.0,0.0
size9_comp0.4_grid2_walls1_low,9,0.4,2,low,walls1,reshuffled_walls,3,8,11,5,3,1,1,1,5,5,3,0,1.0,0.6,0.0,0.6,39.2,0.5561224489795918,0.8571428571428571,0.52,0.22979526933015304,0.905372367717657,0.4507379630163819,0.3141531763180549,0.408871260009815,0.42857142857142855,0.11269561295637438,1.0791477554154016,0.4584962500721156,0.3846633234946431,0.12146454098208483,0.5561224489795918,196,12.8,11.2,6.6,8.6,8.4,7.8,8.8,13.2,26.8,12.6,1.8,4.2,0.21176359469837727,0.12153846153846155,0.5907196828935959,0.0759782608695652,DL,1.245543446131551,0.0,0.0,0.04871794871794872,0.0,DL,1.0,3,0.0,0.0,0.0,0.0,0.0
size9_comp0.4_grid3_RandomStart_4_7_low,9,0.4,3,low,RandomStart_4_7,random_starts,3,5,8,8,0,1,1,1,5,4,2,1,0.8,0.4,0.2,0.4,36.6,0.4918032786885246,0.46153846153846156,0.5142857142857142,0.12367149758454106,0.8812893785586632,0.3793103448275862,0.38992256799294467,0.8297793442099364,0.4117647058823529,0.42998702435840297,0.9542619272193593,0.3333333333333333,0.33316458814187866,0.040428536980261116,0.4918032786885246,183,11.6,8.4,9.2,7.4,7.4,6.2,9.4,12.6,24.8,11.0,3.4,4.4,0.055438596491228065,0.1375,0.607061403508772,0.2,DL,0.62112953640342,0.0,0.008695652173913044,0.22844202898550728,0.0,DL,6.4,13,0.0,0.6,0.0,0.0,0.0
size9_comp0.4_grid3_RandomStart_7_3_low,9,0.4,3,low,RandomStart_7_3,random_starts,8,5,13,3,5,1,1,1,5,1,1,3,0.2,0.2,0.6,0.2,22.2,0.43243243243243246,0.3958333333333333,0.6666666666666666,0.057777777777777775,0.8200164800264708,0.5,0.3394061002645348,0.9671315231589486,0.5263157894736842,0.3456517792078597,0.5094402778579062,0.4444444444444444,0.32622077805084904,0.09157390228818801,0.43243243243243246,111,9.0,3.4,6.0,3.8,8.0,5.2,4.4,3.6,14.4,3.0,0.2,7.4,0.005714285714285714,0.8057142857142857,0.09142857142857143,0.09714285714285714,UR,0.2630744988103889,0.0,0.23888888888888887,0.04,0.0,UR,8.8,35,0.8,0.0,0.0,0.0,0.0
size9_comp0.4_grid3_ReflectEnv_low,9,0.4,3,low,ReflectEnv,reflect,3,5,8,4,2,1,1,1,10,2,0,0,0.2,0.0,0.0,0.0,48.0,0.2375,0.23515439429928742,0.2542372881355932,0.0,0.9095081167129596,0.35,0.5400843995264405,1.246000657346488,0.3333333333333333,0.5272811290630324,0.6341960380128,0.36363636363636365,0.5505598026328653,0.22854736727303582,0.2375,480,25.4,8.0,6.4,8.2,17.1,10.8,8.4,10.7,41.8,6.3,0.2,25.6,0.0,0.8399994010848155,0.0,0.16000059891518437,UR,0.4970869846152234,0.0,0.06666666666666667,0.0,0.00625,UR,2.7,25,0.0,0.1,0.0,0.0,0.0
size9_comp0.4_grid3_RotateEnv_low,9,0.4,3,low,RotateEnv,rotate,3,5,8,4,2,1,1,1,10,10,8,0,1.0,0.8,0.0,0.8,28.4,0.5176056338028169,0.46,0.582089552238806,0.3431359578554529,0.9562994757491575,0.3333333333333333,0.2855190747523058,1.0922536116329216,0.375,0.3214141100638134,0.8726353921283798,0.3076923076923077,0.26342982225291656,0.14817931753925345,0.5176056338028169,284,7.9,6.4,8.5,5.6,6.6,6.1,6.8,7.9,18.4,6.2,2.1,6.5,0.0,0.0,0.45199548608015433,0.5480045139198457,DR,0.7554199000207797,0.0,0.0,0.06985887096774193,0.10197713965946784,DR,3.2,7,0.0,0.6,0.0,0.0,0.0
size9_comp0.4_grid3_StartGoalSwap_low,9,0.4,3,low,StartGoalSwap,start_goal_swap,5,3,8,4,2,1,1,1,10,2,2,0,0.2,0.2,0.0,0.2,42.3,0.3380614657210402,0.3301204819277108,0.75,0.0962962962962963,1.1143270407763752,0.4782608695652174,0.431155165582296,1.317290339100119,0.5,0.5081190426059128,0.3836591668108979,0.4,0.1540852082972755,0.3633766434479855,0.3380614657210402,423,17.2,8.4,7.1,9.6,11.6,9.5,10.3,9.9,31.6,8.3,0.1,12.7,0.2647691904179052,0.6311831905344757,0.10404761904761903,0.0,UR,0.6064995350981311,0.0,0.35,0.037037037037037035,0.0,UR,12.6,29,0.0,0.1,0.0,0.0,0.0
size9_comp0.4_grid3_TransposeEnv_low,9,0.4,3,low,TransposeEnv,transpose,3,5,8,4,2,1,1,1,10,7,0,2,0.7,0.0,0.2,0.0,41.9,0.34844868735083534,0.38271604938271603,0.32684824902723736,0.0,1.2093333903799806,0.3684210526315789,0.4918696284397985,1.372476394007033,0.4444444444444444,0.41045653422593076,1.0625046871156332,0.3,0.5651414132322794,0.22551796831398446,0.34844868735083534,419,16.9,9.6,7.0,8.3,10.7,7.4,11.2,11.4,35.3,8.7,2.4,14.5,0.20306100217864925,0.7969389978213508,0.0,0.0,UR,0.22351698141703213,0.0,0.2,0.0,0.0,UR,7.4,45,0.0,0.8,0.0,0.0,0.0
size9_comp0.4_grid3_base_low,9,0.4,3,low,base,base,3,5,8,4,2,1,1,1,10,10,8,0,1.0,0.8,0.0,0.8,26.7,0.5880149812734082,0.8085106382978723,0.5409090909090909,0.38244755244755246,1.11841573977204,0.3888888888888889,0.2245881526635748,0.7999556408897404,0.42857142857142855,0.14105631330341176,1.3210721663335034,0.36363636363636365,0.27774477771095124,0.18400925906021467,0.5880149812734082,267,6.5,5.9,6.1,8.2,3.6,5.7,8.0,8.4,18.2,7.6,2.4,2.1,0.08165796621678975,0.0,0.9183420337832102,0.0,DL,0.3700394853517051,0.0,0.0,0.22468947718947724,0.0,DL,4.6,13,0.0,1.0,0.0,0.0,0.0
size9_comp0.4_grid3_walls0_low,9,0.4,3,low,walls0,reshuffled_walls,3,5,8,4,3,1,1,1,1,1,1,0,1.0,1.0,0.0,1.0,17.0,0.6470588235294118,1.0,0.5714285714285714,0.47058823529411764,0.36363636363636365,0.6363636363636364,0.3061517042504361,0.0,0.3333333333333333,0.10375937481971094,0.5,0.75,0.38204882778695803,0.022727272727272728,0.6470588235294118,17,5.0,3.0,4.0,5.0,1.0,5.0,8.0,2.0,8.0,2.0,2.0,3.0,0.07142857142857142,0.0,0.9285714285714286,0.0,DL,0.37123232664087563,0.0,0.0,0.4117647058823529,0.0,DL,7.0,7,0.0,1.0,0.0,0.0,0.0
size9_comp0.4_grid3_walls1_low,9,0.4,3,low,walls1,reshuffled_walls,3,5,8,4,3,1,1,1,4,3,3,1,0.75,0.75,0.25,0.75,20.0,0.55,0.5277777777777778,0.5681818181818182,0.32878048780487806,0.6110656957695128,0.4090909090909091,0.43105079197804624,0.7529598845936785,0.25,0.47506613652176505,0.5299833021557038,0.5,0.40589916652449265,0.1869047619047619,0.55,80,6.0,5.25,4.25,4.5,5.75,4.25,4.25,4.75,11.0,4.25,0.75,3.5,0.3084558823529412,0.0,0.6915441176470588,0.0,DL,0.2881795898032377,0.0,0.0,0.33695121951219514,0.0,DL,6.0,13,0.0,0.75,0.0,0.0,0.0
size9_comp0.4_grid4_RandomStart_3_5_low,9,0.4,4,low,RandomStart_3_5,random_starts,8,7,15,3,6,1,1,1,3,0,0,1,0.0,0.0,0.3333333333333333,0.0,44.0,0.4015151515151515,0.4015151515151515,0.0,0.0,1.3259405311366148,0.5417830357657969,0.5197438417520944,1.3259405311366148,0.5417830357657969,0.5197438417520944,0.0,0.0,0.0,0.20967746072788088,0.4015151515151515,132,9.666666666666666,12.0,12.333333333333334,10.0,7.0,13.666666666666666,11.0,11.333333333333334,34.333333333333336,9.666666666666666,0.0,7.666666666666667,0.17647058823529413,0.0,0.823529411764706,0.0,DL,0.33250084878970504,0.0,0.0,0.39814814814814814,0.0,DL,9.333333333333334,15,0.6666666666666666,0.0,0.0,0.0,0.0
size9_comp0.4_grid4_RandomStart_5_1_low,9,0.4,4,low,RandomStart_5_1,random_starts,4,7,11,5,4,1,1,1,5,3,1,2,0.6,0.2,0.4,0.2,38.6,0.30569948186528495,0.4186046511627907,0.21495327102803738,0.04583333333333333,0.9773453130674924,0.37037037037037035,0.42459336061514275,1.0536192043570918,0.29411764705882354,0.363962321344794,0.8476796978751736,0.5,0.5276661273747356,0.23562610229276895,0.30569948186528495,193,16.6,7.8,7.6,6.4,15.4,7.8,8.8,5.2,29.2,3.4,2.2,18.2,0.17624113475177303,0.803758865248227,0.0,0.02,UR,0.6154488090640426,0.004166666666666667,0.28928571428571426,0.0,0.0,UR,7.0,14,1.0,1.0,0.0,0.0,0.0
size9_comp0.4_grid4_ReflectEnv_low,9,0.4,4,low,ReflectEnv,reflect,3,7,10,8,1,1,1,1,10,10,6,0,1.0,0.6,0.0,0.6,39.7,0.47858942065491183,0.453781512605042,0.4892086330935252,0.18865049345680623,1.193635417615998,0.28,0.29228081269503203,1.13637080856103,0.14285714285714285,0.2566331265926111,1.215904987804041,0.3333333333333333,0.3061438017348624,0.2867482208044868,0.47858942065491183,397,11.5,10.9,8.6,8.6,9.7,10.3,8.2,10.3,28.2,9.8,2.5,9.1,0.16726761884723343,0.04753164347484835,0.7852007376779182,0.0,DL,0.7481784008691543,0.0020833333333333333,0.0,0.2914006456241033,0.0,DL,7.5,16,0.9,0.1,0.0,0.0,0.0
size9_comp0.4_grid4_RotateEnv_low,9,0.4,4,low,RotateEnv,rotate,3,7,10,8,1,1,1,1,10,10,0,0,1.0,0.0,0.0,0.0,48.0,0.225,0.31092436974789917,0.19667590027700832,0.0,1.0936486045210942,0.29411764705882354,0.5504315370594489,0.8790000184838052,0.0,0.4143216196995973,1.1830855153699646,0.4166666666666667,0.6071440026260538,0.4209396708933053,0.225,480,27.2,3.8,7.4,9.5,19.8,11.1,9.4,6.5,40.6,5.1,1.4,27.9,0.03580479289276053,0.9641952071072394,0.0,0.0,UR,0.20836501409349903,0.0020833333333333333,0.6770833333333334,0.0,0.0,UR,20.8,35,1.0,0.0,0.0,0.0,0.0
size9_comp0.4_grid4_StartGoalSwap_low,9,0.4,4,low,StartGoalSwap,start_goal_swap,7,3,10,8,1,1,1,1,10,5,2,0,0.5,0.2,0.0,0.2,45.3,0.4282560706401766,0.46301369863013697,0.2840909090909091,0.061717352415026835,1.2103299301652282,0.3646240625180289,0.3259262115354215,1.20460491387422,0.4116655303248835,0.2921745644042219,1.2373192926799812,0.14285714285714285,0.48504111943964834,0.07496441293335224,0.4282560706401766,453,10.4,11.9,7.5,15.5,12.0,10.0,11.3,11.0,32.1,8.9,3.9,11.4,0.21485926937119088,0.33644444783575217,0.367674871771646,0.08102141102141103,DL,1.0179580470936895,0.0020833333333333333,0.09505813953488372,0.08958333333333332,0.0,UR,4.4,11,0.2,0.3,0.0,0.0,0.0
size9_comp0.4_grid4_TransposeEnv_low,9,0.4,4,low,TransposeEnv,transpose,3,7,10,8,1,1,1,1,10,10,8,0,1.0,0.8,0.0,0.8,31.2,0.4935897435897436,0.5512820512820513,0.47435897435897434,0.3485208790700781,1.0414140521612565,0.2916666666666667,0.27333358504224836,1.1816005390144415,0.2857142857142857,0.19949309873956195,0.9836902046334742,0.29411764705882354,0.30373849116688395,0.11655307223195151,0.4935897435897436,312,10.1,4.4,12.5,4.2,9.9,7.2,7.1,6.0,17.4,4.5,1.5,9.9,0.22474605182409174,0.0,0.566629845250535,0.2086241029253733,DL,1.2659349683053618,0.04546045614695501,0.0,0.22266365023230011,0.0806310734142542,DL,7.4,16,0.1,0.9,0.0,0.0,0.0
size9_comp0.4_grid4_base_low,9,0.4,4,low,base,base,3,7,10,8,1,1,1,1,10,7,0,1,0.7,0.0,0.1,0.0,44.3,0.26636568848758463,0.3854748603351955,0.1856060606060606,0.0,1.070244301752463,0.2608695652173913,0.5697068257816444,1.182966841811815,0.25,0.5112766642041564,0.8125927816168005,0.2857142857142857,0.7032614808159028,0.2827614132343346,0.26636568848758463,443,23.7,5.9,9.1,5.6,19.5,7.7,8.1,8.0,33.6,4.8,1.7,22.7,0.016666666666666666,0.6580906380649594,0.01833855799373041,0.3069041372746435,UR,0.7001124286443217,0.0,0.23958333333333334,0.0,0.05075757575757576,UR,7.4,17,0.2,0.8,0.0,0.0,0.0
size9_comp0.4_grid4_walls0_low,9,0.4,4,low,walls0,reshuffled_walls,3,5,8,8,0,1,1,1,2,2,1,0,1.0,0.5,0.0,0.5,31.0,0.3709677419354839,0.7777777777777778,0.3018867924528302,0.2857142857142857,0.5719222780823685,0.2777777777777778,0.43196336136133495,0.3169925001442312,0.2,0.1540852082972755,0.6699721926739598,0.3076923076923077,0.538839574078281,0.2522486772486772,0.3709677419354839,62,18.0,1.5,7.0,4.5,15.0,5.0,7.5,2.5,18.5,1.5,2.0,14.0,0.15460526315789475,0.694078947368421,0.0,0.1513157894736842,UR,1.1347699992655076,0.0,0.052083333333333336,0.0,0.04613095238095238,UR,1.5,2,0.0,1.0,0.0,0.0,0.0
size9_comp0.4_grid4_walls1_low,9,0.4,4,low,walls1,reshuffled_walls,3,5,8,8,0,1,1,1,2,1,1,0,0.5,0.5,0.0,0.5,37.5,0.29333333333333333,0.26785714285714285,0.3684210526315789,0.14814814814814814,0.4963190991998731,0.3333333333333333,0.5812185387499912,0.5640104218263979,0.4666666666666667,0.6621410764544221,0.383500228155665,0.1111111111111111,0.4463476425759395,0.26769255050505053,0.29333333333333333,75,13.0,9.5,11.0,4.0,11.5,7.0,6.5,11.5,24.5,5.5,0.0,17.5,0.14285714285714285,0.3120300751879699,0.40789473684210525,0.13721804511278196,DL,1.1134906864065917,0.0,0.1111111111111111,0.0,0.028935185185185182,UR,3.5,6,0.0,0.5,0.0,0.0,0.0
size9_comp0.4_grid5_RandomStart_1_7_low,9,0.4,5,low,RandomStart_1_7,random_starts,5,5,10,8,2,1,1,1,5,5,3,0,1.0,0.6,0.0,0.6,35.0,0.46285714285714286,0.5,0.4380952380952381,0.22792022792022792,1.0584133104693432,0.34142500006868154,0.37693017102078763,1.1592457876299682,0.14285714285714285,0.2943277611040069,1.0079970718890305,0.4407089286744509,0.418231375979178,0.2086588170621784,0.46285714285714286,175,9.6,7.4,8.6,9.4,7.6,6.6,11.0,8.8,23.4,6.6,1.8,11.0,0.3598167723749119,0.0,0.6401832276250881,0.0,DL,0.8488894158523642,0.019266381766381766,0.0,0.22460826210826212,0.0,DL,4.2,5,0.6,0.4,0.0,0.0,0.0
size9_comp0.4_grid5_RandomStart_5_1_low,9,0.4,5,low,RandomStart_5_1,random_starts,5,5,10,2,5,1,1,1,2,1,0,0,0.5,0.0,0.0,0.0,48.0,0.3541666666666667,0.3373493975903614,0.46153846153846156,0.0,0.9239596693181825,0.2857142857142857,0.4353312626641016,1.0480196706309899,0.3333333333333333,0.46780068588409157,0.7006516669551291,0.2,0.37688630086811964,0.204592508940335,0.3541666666666667,96,21.5,8.0,10.0,8.5,12.5,13.5,8.5,12.5,38.5,8.5,0.5,18.5,0.6208494208494209,0.29806949806949806,0.08108108108108109,0.0,UL,0.793345597311153,0.0625,0.020833333333333332,0.0,0.0,UL,1.5,2,0.5,0.5,0.0,0.0,0.0
size9_comp0.4_grid5_ReflectEnv_low,9,0.4,5,low,ReflectEnv,reflect,9,5,14,6,4,1,1,1,10,6,1,1,0.6,0.1,0.1,0.1,43.7,0.4416475972540046,0.49698795180722893,0.26666666666666666,0.03255813953488372,1.1885154071806399,0.30660580359718415,0.37554370748970173,1.3541079282707873,0.3157894736842105,0.31882633908780095,0.8389311959903286,0.28721805563568403,0.4952803741159365,0.2230929118637135,0.4416475972540046,437,17.9,9.9,6.7,9.2,12.8,10.8,9.1,10.0,29.2,8.0,0.4,13.4,0.06624368686868685,0.24396538394211698,0.6649076154138734,0.02488331377532276,DL,0.9177298760368059,0.0,0.05305232558139535,0.36773255813953487,0.0,DL,9.9,13,0.7,0.3,0.0,0.0,0.0
size9_comp0.4_grid5_RotateEnv_low,9,0.4,5,low,RotateEnv,rotate,9,5,14,6,4,1,1,1,10,0,0,0,0.0,0.0,0.0,0.0,48.0,0.13541666666666666,0.13541666666666666,0.0,0.0,1.2434504175487027,0.3333333333333333,0.7538798149854715,1.2434504175487027,0.3333333333333333,0.7538798149854715,0.0,0.0,0.0,0.30689530134737963,0.13541666666666666,480,31.6,4.2,4.2,8.0,26.5,8.7,5.7,6.1,43.3,3.5,0.0,35.0,0.0,1.0,0.0,0.0,UR,0.0,0.0,0.9604166666666668,0.0,0.0,UR,40.6,48,1.0,0.0,0.0,0.0,0.0
size9_comp0.4_grid5_StartGoalSwap_low,9,0.4,5,low,StartGoalSwap,start_goal_swap,5,9,14,6,4,1,1,1,10,3,3,0,0.3,0.3,0.0,0.3,46.1,0.3275488069414317,0.2864321608040201,0.5873015873015873,0.10104895104895104,0.9035132951744533,0.2631578947368421,0.3292105293177141,1.120980359214951,0.29411764705882354,0.4540845807255567,0.7274685290464313,0.23809523809523808,0.22812201151136538,0.1508677912383175,0.3275488069414317,461,18.9,6.2,9.1,11.9,15.0,11.9,9.0,9.2,35.1,7.0,0.3,20.1,0.26960856806729927,0.6482691002414035,0.016666666666666666,0.06545566502463054,UR,0.9308146629972386,0.03411796536796537,0.19434523809523813,0.0,0.01858141858141858,UR,7.9,27,0.8,0.1,0.0,0.0,0.0
size9_comp0.4_grid5_TransposeEnv_low,9,0.4,5,low,TransposeEnv,transpose,9,5,14,6,4,1,1,1,10,3,0,1,0.3,0.0,0.1,0.0,44.4,0.2882882882882883,0.27884615384615385,0.42857142857142855,0.0,0.7498973407188794,0.28125,0.4708784811517818,0.8412674472153441,0.2857142857142857,0.4418720716404294,0.5754635010438103,0.2727272727272727,0.5262543538552729,0.1731638617343888,0.2882882882882883,444,26.7,2.6,10.1,4.9,20.4,8.7,8.3,5.8,32.9,3.7,0.5,25.1,0.061495353044850896,0.618497188645825,0.01818181818181818,0.30182564012750585,UR,0.7905489401421173,0.0,0.3041666666666667,0.0,0.22916666666666666,UR,17.6,48,0.2,0.0,0.0,0.0,0.0
size9_comp0.4_grid5_base_low,9,0.4,5,low,base,base,9,5,14,6,4,1,1,1,10,2,0,6,0.2,0.0,0.6,0.0,27.2,0.39705882352941174,0.40825688073394495,0.35185185185185186,0.0,0.9544884360667597,0.3995577206094458,0.4762472596960665,0.9724121637069203,0.36363636363636365,0.45649660250000734,0.9216282687264651,0.465413541726763,0.5124567978888415,0.21618150582933862,0.39705882352941174,272,12.2,3.4,8.1,3.5,10.3,6.8,5.6,3.5,16.7,2.6,0.3,10.7,0.07115384615384615,0.3946127810098398,0.04871794871794872,0.48551542411836535,DR,1.0587120162848673,0.004166666666666667,0.10833333333333332,0.0,0.25111853832442066,DR,8.6,22,0.5,0.0,0.0,0.0,0.0
size9_comp0.4_grid5_walls0_low,9,0.4,5,low,walls0,reshuffled_walls,9,7,16,6,5,1,1,1,5,2,0,1,0.4,0.0,0.2,0.0,40.2,0.373134328358209,0.3684210526315789,0.3877551020408163,0.0,0.7450530089308365,0.38275280616660146,0.49200218113023336,0.7833597796301021,0.34906015629507225,0.4649476208906891,0.6729461464381015,0.4461742647483033,0.5429284121693755,0.1641783029001074,0.373134328358209,201,18.2,4.8,10.4,6.8,14.2,10.2,8.8,6.0,24.4,4.6,1.4,15.8,0.16999260901699925,0.34936613521979376,0.18138528138528137,0.2992559743779256,UR,1.24053391387754,0.016666666666666666,0.19166666666666668,0.05,0.13749999999999998,UR,8.4,21,0.2,0.0,0.0,0.0,0.0
size9_comp0.4_grid5_walls1_low,9,0.4,5,low,walls1,reshuffled_walls,9,3,12,6,3,1,1,1,5,0,0,2,0.0,0.0,0.4,0.0,33.0,0.41818181818181815,0.41818181818181815,0.0,0.0,1.0140988188754525,0.55,0.4600881947728599,1.0140988188754525,0.55,0.4600881947728599,0.0,0.0,0.0,0.11119872817241239,0.41818181818181815,165,15.4,4.0,9.2,4.4,10.2,5.8,8.2,7.8,22.0,5.8,0.0,10.8,0.1717948717948718,0.3704517704517704,0.0,0.45775335775335774,DR,1.0685505924345298,0.0,0.1375,0.0,0.2652777777777778,DR,9.0,17,0.4,0.2,0.0,0.0,0.0
size9_comp0.4_grid6_RandomStart_2_2_low,9,0.4,6,low,RandomStart_2_2,random_starts,7,8,15,7,5,1,1,1,5,5,3,0,1.0,0.6,0.0,0.6,40.6,0.5566502463054187,0.5572519083969466,0.5555555555555556,0.25307125307125306,0.7729149923851786,0.44104010419671485,0.32581514704719955,0.8211394239010699,0.4507379630163819,0.314980083226363,0.710912151864747,0.42857142857142855,0.33974594338827513,0.0731239824989825,0.5566502463054187,203,10.8,11.4,7.8,10.6,10.0,10.0,12.8,6.8,21.8,5.8,1.6,6.6,0.22233524027459955,0.1102282608695652,0.489349542334096,0.17808695652173914,DL,1.4569619828256521,0.03477682227682228,0.0,0.1698198198198198,0.012121212121212121,DL,4.4,7,0.2,0.0,0.0,0.0,0.0
size9_comp0.4_grid6_RandomStart_7_7_low,9,0.4,6,low,RandomStart_7_7,random_starts,3,8,11,9,1,1,1,1,5,5,3,0,1.0,0.6,0.0,0.6,41.8,0.5311004784688995,0.6111111111111112,0.5032258064516129,0.17697978416172672,0.9968585538023,0.4508964743774655,0.3415339561418356,0.8957029615837016,0.5094402778579062,0.31029685088092857,1.0272052314678797,0.43333333333333335,0.3509050877201078,0.062407820100127756,0.5311004784688995,209,14.4,7.6,12.0,7.8,11.0,8.8,10.2,10.8,22.0,9.4,1.0,5.8,0.16475535546430514,0.09721583652618135,0.3190987978033939,0.4189300102061197,DR,1.3267437313438886,0.025,0.0,0.12766757865937073,0.12275421796625627,DL,4.8,8,0.2,0.0,0.0,0.0,0.0
size9_comp0.4_grid6_ReflectEnv_low,9,0.4,6,low,ReflectEnv,reflect,6,8,14,6,5,1,1,1,10,5,2,0,0.5,0.2,0.0,0.2,45.8,0.45633187772925765,0.45528455284552843,0.4606741573033708,0.07589743589743589,1.2238229310268889,0.3760447674754026,0.37002575197869936,1.319747486317519,0.4541353448773211,0.3808339647926111,1.0251220664962983,0.21428571428571427,0.34763731114988217,0.09371778466823967,0.45633187772925765,458,13.2,11.3,10.7,10.5,11.6,11.4,10.3,11.3,29.5,9.2,1.2,9.4,0.042023809523809526,0.5616460666992582,0.3259203296703297,0.07040979410660261,UR,0.715366916161552,0.015970695970695968,0.2926282051282051,0.134478021978022,0.0,UR,14.7,27,0.5,0.0,0.0,0.0,0.0
size9_comp0.4_grid6_RotateEnv_low,9,0.4,6,low,RotateEnv,rotate,6,8,14,6,5,1,1,1,10,4,0,0,0.4,0.0,0.0,0.0,48.0,0.42916666666666664,0.45901639344262296,0.18867924528301888,0.0,1.166974871736587,0.5056641667147438,0.4167014605707104,1.3288181241522719,0.5487468750600963,0.3848381458462824,0.5196018620738484,0.3333333333333333,0.5441547194684224,0.2353890066804651,0.42916666666666664,480,15.0,13.8,8.4,10.8,11.8,10.4,9.8,15.0,34.3,12.7,0.0,10.0,0.007378129117259552,0.12355304336019027,0.6008716913900376,0.2681971361325126,DL,0.8989983561830559,0.0,0.0875,0.18333333333333335,0.04166666666666667,DL,9.9,25,0.7,0.0,0.0,0.0,0.0
size9_comp0.4_grid6_StartGoalSwap_low,9,0.4,6,low,StartGoalSwap,start_goal_swap,8,6,14,6,5,1,1,1,10,5,3,0,0.5,0.3,0.0,0.3,45.0,0.41555555555555557,0.3883248730964467,0.6071428571428571,0.1108974358974359,0.8490184798952619,0.3465769737221661,0.36992768366322093,0.9448594118258026,0.340413541726763,0.3772292577360179,0.6847197394429066,0.35714285714285715,0.3574106995384261,0.111082934624955,0.41555555555555557,450,15.9,12.5,8.2,8.4,12.7,9.5,9.8,12.0,31.5,8.0,0.4,15.6,0.01144144144144144,0.6530273029503352,0.13175421581743205,0.20377703979079137,UR,0.9419794686750521,0.0,0.3815521978021978,0.03828754578754579,0.008333333333333333,UR,12.8,30,0.7,0.0,0.0,0.0,0.0
size9_comp0.4_grid6_TransposeEnv_low,9,0.4,6,low,TransposeEnv,transpose,6,8,14,6,5,1,1,1,10,7,1,0,0.7,0.1,0.0,0.1,47.7,0.3584905660377358,0.4295774647887324,0.2538860103626943,0.03111111111111111,1.0343621100764013,0.4291473404562194,0.4035652882931731,1.08244618940184,0.4137009259793449,0.3721840815726982,0.9694486029870596,0.45,0.4459299173658143,0.1196358747010407,0.3584905660377358,477,15.3,8.9,6.3,17.1,15.4,11.2,11.4,8.5,33.7,6.0,0.9,18.0,0.07317898209052122,0.7102476238238895,0.041758241758241756,0.17481515232734746,UR,0.675422660345416,0.0,0.3916666666666667,0.004166666666666667,0.016666666666666666,UR,15.2,34,0.0,0.0,0.0,0.0,0.0
size9_comp0.4_grid6_base_low,9,0.4,6,low,base,base,6,8,14,6,5,1,1,1,10,10,3,0,1.0,0.3,0.0,0.3,44.0,0.5318181818181819,0.6326530612244898,0.4812286689419795,0.12498238195912614,1.1441681524821186,0.4263447115661983,0.29469644094805475,0.9628576593637981,0.4421706522366223,0.24404597912827394,1.2879661297828553,0.41379310344827586,0.33486749687408773,0.1256106642159028,0.5318181818181819,440,11.8,11.4,9.9,10.9,10.9,10.2,10.9,11.0,26.7,9.7,2.3,6.1,0.30308039463267494,0.1054516129032258,0.4166612719504822,0.17480672051361706,DL,1.3299004498223366,0.01690891472868217,0.0,0.08435517970401692,0.014583333333333334,DL,2.9,11,0.3,0.0,0.0,0.0,0.0
size9_comp0.4_grid6_walls0_low,9,0.4,6,low,walls0,reshuffled_walls,8,8,16,6,5,1,1,1,5,5,1,0,1.0,0.2,0.0,0.2,46.2,0.47186147186147187,0.5193798449612403,0.4117647058823529,0.08205128205128205,0.7628960815456431,0.35740312501386834,0.3459510108131548,0.8690286209026217,0.28092453706374654,0.3390997519782312,0.6482729390401063,0.44,0.3533503703548723,0.09791928785141456,0.47186147186147187,231,11.0,10.4,12.6,12.2,14.6,8.4,12.4,9.8,27.8,7.4,1.6,12.8,0.12394018615941746,0.07707959382532437,0.6458044161278793,0.15317580388737886,DL,1.1699323626232379,0.0,0.0,0.33814102564102566,0.004166666666666667,DL,11.0,23,0.2,0.0,0.0,0.0,0.0
size9_comp0.4_grid6_walls1_low,9,0.4,6,low,walls1,reshuffled_walls,6,10,16,6,5,1,1,1,5,5,5,0,1.0,1.0,0.0,1.0,28.6,0.7342657342657343,0.7049180327868853,0.7560975609756098,0.5974392876718457,0.5739883766721557,0.5454545454545454,0.288531929051562,0.8204803825664954,0.5294117647058824,0.2541121998300504,0.4187897062942383,0.5555555555555556,0.31020361041325445,0.07502705627705626,0.7342657342657343,143,8.0,7.2,5.0,8.4,10.4,5.4,7.8,4.0,10.4,4.0,0.6,2.6,0.28402423788105946,0.09142553723138429,0.5938605697151425,0.030689655172413795,DL,1.3412369946324698,0.06028345470205935,0.0,0.1573005805563945,0.0,DL,3.6,5,0.0,0.0,0.0,0.0,0.0
size9_comp0.4_grid7_RandomStart_2_1_low,9,0.4,7,low,RandomStart_2_1,random_starts,5,5,10,4,3,1,1,1,5,1,1,4,0.2,0.2,0.8,0.2,14.2,0.4647887323943662,0.423728813559322,0.6666666666666666,0.11764705882352941,0.8346870136700627,0.21428571428571427,0.25339012754668666,1.0440413069857464,0.3333333333333333,0.3168734523295934,0.45784928570183164,0.0,0.13912014293745453,0.25443812140240707,0.4647887323943662,71,3.4,3.0,1.8,6.0,4.2,2.2,3.4,3.4,8.8,2.6,0.6,3.0,0.6949206349206349,0.26507936507936514,0.04,0.0,UL,0.5098254856524445,0.16764705882352943,0.0,0.0,0.0,UL,1.2,2,0.6,0.0,0.0,0.0,0.0
size9_comp0.4_grid7_RandomStart_3_2_low,9,0.4,7,low,RandomStart_3_2,random_starts,3,5,8,2,3,1,1,1,5,3,3,2,0.6,0.6,0.4,0.6,15.6,0.5641025641025641,0.48484848484848486,0.6222222222222222,0.3151515151515151,0.7180791862297666,0.2538619318509616,0.3242946697948514,0.5560174237556849,0.3333333333333333,0.40450376802122073,0.8302757910195157,0.19884326928624277,0.26876529409967254,0.13896103896103898,0.5641025641025641,78,4.4,4.6,2.0,4.6,5.8,1.0,3.2,4.6,8.8,4.2,1.8,2.0,0.6204761904761905,0.16666666666666669,0.21285714285714286,0.0,UL,0.6864878363249455,0.07818181818181817,0.0,0.0,0.0,UL,0.6,2,0.8,0.0,0.0,0.0,0.0
size9_comp0.4_grid7_ReflectEnv_low,9,0.4,7,low,ReflectEnv,reflect,4,5,9,7,2,1,1,1,10,7,3,0,0.7,0.3,0.0,0.3,42.9,0.40326340326340326,0.44933920704845814,0.35148514851485146,0.10986263736263738,1.169546390533639,0.3528320833573719,0.395457907287078,1.0863797489184965,0.36363636363636365,0.2728141435575716,1.2176954988371425,0.3465769737221661,0.46646219155152907,0.23774991285272512,0.40326340326340326,429,14.6,9.7,12.0,6.6,11.3,10.6,9.5,10.5,31.7,7.6,0.1,13.8,0.029089301503094606,0.21540216882508972,0.7206076813277624,0.034900848344053215,DL,0.5808538019766454,0.0,0.0,0.2791666666666667,0.0,DL,8.2,20,0.7,0.0,0.0,0.0,0.0
size9_comp0.4_grid7_RotateEnv_low,9,0.4,7,low,RotateEnv,rotate,4,5,9,7,2,1,1,1,10,2,1,0,0.2,0.1,0.0,0.1,46.1,0.3188720173535792,0.31894484412470026,0.3181818181818182,0.03103448275862069,0.799141425259097,0.34477102276005256,0.48946857188037235,1.1648624404176124,0.4,0.5521097046881962,0.49437391262700064,0.29874687506009634,0.4372676278738526,0.21663447109638723,0.3188720173535792,461,23.7,8.6,7.3,6.5,16.1,7.8,7.2,14.0,37.5,10.1,0.0,17.1,0.020833333333333336,0.9503866930171277,0.008,0.020779973649538867,UR,0.22245055564640132,0.0,0.5644396551724139,0.0,0.0,UR,14.8,37,1.0,0.0,0.0,0.0,0.0
size9_comp0.4_grid7_StartGoalSwap_low,9,0.4,7,low,StartGoalSwap,start_goal_swap,5,4,9,7,2,1,1,1,10,5,3,0,0.5,0.3,0.0,0.3,44.3,0.35214446952595935,0.32180851063829785,0.5223880597014925,0.08398341523341524,1.0818249056410059,0.3611111111111111,0.4294525697476222,1.1733486064543464,0.3157894736842105,0.45721345080362985,0.9795337106143309,0.4117647058823529,0.3984257026850255,0.09587542662017152,0.35214446952595935,443,12.2,11.0,8.8,12.3,13.2,9.5,11.0,9.6,32.4,6.7,0.4,15.6,0.04128047035023778,0.7869388103690429,0.030777555777555775,0.1410031635031635,UR,0.6882476815719486,0.0,0.10208333333333335,0.0,0.019886363636363636,UR,5.1,23,0.8,0.0,0.0,0.0,0.0
size9_comp0.4_grid7_TransposeEnv_low,9,0.4,7,low,TransposeEnv,transpose,4,5,9,7,2,1,1,1,10,10,2,0,1.0,0.2,0.0,0.2,43.2,0.36574074074074076,0.6222222222222222,0.2982456140350877,0.07619047619047618,1.1455184632669368,0.4290726852118947,0.4278423448189237,0.8399900895166997,0.5,0.2331969209400792,1.3252410360611941,0.3873507353365386,0.5423396529829498,0.15541724319893332,0.36574074074074076,432,17.8,4.7,10.2,10.3,11.3,10.8,11.3,8.4,30.0,6.5,2.7,14.6,0.09570760320760321,0.7430596528422615,0.0,0.16123274395013523,UR,0.8044299475371208,0.0,0.3770833333333334,0.0,0.004166666666666667,UR,11.1,26,0.0,0.9,0.0,0.0,0.0
size9_comp0.4_grid7_base_low,9,0.4,7,low,base,base,4,5,9,7,2,1,1,1,10,10,10,0,1.0,1.0,0.0,1.0,26.8,0.6007462686567164,0.7384615384615385,0.5566502463054187,0.3957880323681325,0.8981959933560174,0.41671321430631875,0.3376364449029739,0.6794597883651968,0.46153846153846156,0.3300472109352187,1.0274492053960478,0.39022556821459803,0.3421209922475565,0.20746156142707867,0.6007462686567164,268,9.4,4.5,7.1,5.8,7.3,6.7,6.6,5.2,13.6,4.9,3.4,3.6,0.3167004048582996,0.04125874125874126,0.42636639676113364,0.21567445712182556,DL,1.3659799917751272,0.027224344283167813,0.0,0.10754513217279175,0.0,DL,2.5,6,0.0,0.6,0.0,0.0,0.0
size9_comp0.4_grid7_walls0_low,9,0.4,7,low,walls0,reshuffled_walls,4,5,9,5,2,1,1,1,5,5,5,0,1.0,1.0,0.0,1.0,36.4,0.5769230769230769,0.65,0.5409836065573771,0.2739999046241396,0.999738245895917,0.45714285714285713,0.33404200637221404,0.7197254774624573,0.47058823529411764,0.3276047269678151,1.264194749416407,0.4444444444444444,0.34012165914303527,0.22148264433978715,0.5769230769230769,182,12.6,7.4,8.4,8.0,8.8,6.6,9.4,10.6,22.6,9.6,2.0,3.4,0.0869281045751634,0.16677124183006536,0.6110849673202614,0.1352156862745098,DL,1.1671867859907203,0.0,0.0,0.15082251082251083,0.0,DL,2.2,4,0.0,0.8,0.0,0.0,0.0
size9_comp0.4_grid7_walls1_low,9,0.4,7,low,walls1,reshuffled_walls,4,9,13,9,3,1,1,1,5,5,2,0,1.0,0.4,0.0,0.4,40.6,0.4876847290640394,0.875,0.43575418994413406,0.2018421052631579,0.9498838386899726,0.32,0.31898927052556175,0.787400382489632,0.5714285714285714,0.10417927440249222,1.0130718494345494,0.2222222222222222,0.40252649124008877,0.2616511936339523,0.4876847290640394,203,16.8,8.8,8.6,6.4,13.2,7.2,9.6,9.6,26.0,8.4,1.8,10.6,0.3154001554001554,0.13999999999999999,0.4737393162393163,0.07086052836052836,DL,1.1623991698720215,0.047719298245614036,0.1,0.12083333333333335,0.0,DL,6.4,20,0.0,0.6,0.0,0.0,0.0
size9_comp0.4_grid8_RandomStart_2_2_low,9,0.4,8,low,RandomStart_2_2,random_starts,4,5,9,7,1,1,1,1,5,2,2,0,0.4,0.4,0.0,0.4,39.2,0.3673469387755102,0.34502923976608185,0.52,0.1625,0.9231983648632396,0.4482758620689655,0.40417107724269064,1.242513538787388,0.4117647058823529,0.45566322256987496,0.47083520180402955,0.5,0.3312238713625128,0.18456460628318247,0.3673469387755102,196,13.4,8.8,6.8,10.2,11.0,8.8,8.8,9.6,27.4,7.2,0.6,12.0,0.6382754182754182,0.14077220077220076,0.14238095238095239,0.07857142857142857,UL,0.8962674936366362,0.19444444444444448,0.0,0.0375,0.005555555555555555,UL,3.6,6,0.6,0.2,0.0,0.0,0.0
size9_comp0.4_grid8_RandomStart_7_2_low,9,0.4,8,low,RandomStart_7_2,random_starts,9,5,14,8,3,1,1,1,5,3,3,0,0.6,0.6,0.0,0.6,42.0,0.42857142857142855,0.3865979381443299,0.9375,0.2538888888888889,0.755831309659218,0.3448275862068966,0.27404820029377064,0.8794929106524245,0.3333333333333333,0.2994548407762939,0.16225562489182657,0.4,0.15209632597765912,0.1571519795657727,0.42857142857142855,210,16.0,9.6,9.6,6.8,13.4,10.2,7.8,9.6,29.2,7.0,0.4,15.6,0.16541353383458648,0.6493530337471587,0.1641370869033048,0.021096345514950165,UR,0.8017572669428098,0.029166666666666667,0.42912698412698413,0.04043650793650794,0.0,UR,14.8,32,0.8,0.0,0.0,0.0,0.0
size9_comp0.4_grid8_ReflectEnv_low,9,0.4,8,low,ReflectEnv,reflect,5,5,10,4,3,1,1,1,10,10,5,0,1.0,0.5,0.0,0.5,33.0,0.49696969696969695,0.651685393258427,0.43983402489626555,0.31181272038657437,1.0394262429794332,0.4473684210526316,0.3450037733933902,0.7489803376533056,0.4,0.22023796518114072,1.2288474855834297,0.4782608695652174,0.42637277874920515,0.1216069663051087,0.49696969696969695,330,7.2,9.3,4.8,11.6,10.7,6.1,6.4,8.6,20.5,7.3,1.9,6.8,0.0,0.45638022638022635,0.016666666666666666,0.5269531069531069,DR,0.7510645132876981,0.0,0.17311827956989248,0.0,0.09552631578947368,UR,7.0,19,0.0,0.4,0.0,0.0,0.0
size9_comp0.4_grid8_RotateEnv_low,9,0.4,8,low,RotateEnv,rotate,5,5,10,4,3,1,1,1,10,7,7,3,0.7,0.7,0.3,0.7,15.2,0.6381578947368421,0.6071428571428571,0.6764705882352942,0.4162083247821788,0.6885712508517894,0.4857142857142857,0.3309585536565863,0.771319217641571,0.4117647058823529,0.2678166568718931,0.6104203933281068,0.5555555555555556,0.39059256728657427,0.11513399299113587,0.6381578947368421,152,3.3,4.5,1.2,6.2,6.0,3.1,2.6,2.5,6.0,1.8,0.3,2.8,0.0,0.19166666666666665,0.22772005772005768,0.3806132756132756,DR,0.5383130246040811,0.0,0.04838709677419355,0.014285714285714285,0.010526315789473684,UR,1.9,15,0.0,0.3,0.0,0.0,0.0
size9_comp0.4_grid8_StartGoalSwap_low,9,0.4,8,low,StartGoalSwap,start_goal_swap,5,5,10,4,3,1,1,1,10,6,6,3,0.6,0.6,0.3,0.6,23.5,0.4851063829787234,0.427536231884058,0.5670103092783505,0.2526230025231287,1.0091280578883273,0.4375,0.4333304291106996,0.9933053682680251,0.4,0.49576941431570914,1.0354992072554976,0.5,0.3292654537690169,0.1663697107630931,0.4851063829787234,235,9.9,3.6,6.2,3.7,8.0,5.1,5.2,4.0,13.5,3.4,1.6,6.3,0.15648809523809523,0.0625,0.5714880952380952,0.009523809523809523,DL,0.5775097202950722,0.004166666666666667,0.0,0.1512510513036165,0.0,DL,3.1,9,0.0,0.7,0.0,0.0,0.0
size9_comp0.4_grid8_TransposeEnv_low,9,0.4,8,low,TransposeEnv,transpose,5,5,10,4,3,1,1,1,10,8,6,0,0.8,0.6,0.0,0.6,33.7,0.4658753709198813,0.5068493150684932,0.3898305084745763,0.2788259548301494,1.1053552156392368,0.375,0.27519043612053323,1.2933286135699091,0.4,0.2856889605810544,0.7920662190881159,0.3333333333333333,0.257692895352998,0.10308359332824792,0.4658753709198813,337,8.7,7.0,5.2,12.7,9.8,6.2,9.2,7.3,21.4,5.7,0.6,9.6,0.4600342712842712,0.5051605339105338,0.034805194805194804,0.0,UR,0.5810963851316265,0.10146929824561401,0.2972998352142215,0.0,0.0,UR,8.6,26,0.0,0.4,0.0,0.0,0.0
size9_comp0.4_grid8_base_low,9,0.4,8,low,base,base,5,5,10,4,3,1,1,1,10,5,5,0,0.5,0.5,0.0,0.5,35.5,0.39436619718309857,0.35782747603833864,0.6666666666666666,0.2653600785179733,0.9552234405554368,0.3793103448275862,0.3124891748137511,1.1370546656017162,0.4117647058823529,0.3826856328520184,0.6976292050732077,0.3333333333333333,0.21304419259287252,0.23078451137849432,0.39436619718309857,355,11.7,6.9,7.4,9.5,10.3,9.0,7.1,8.1,25.4,6.6,0.4,11.5,0.3973400102047127,0.2015158250355619,0.40114416475972536,0.0,DL,0.6582174858615909,0.07388157894736842,0.0,0.07089682247576984,0.0,UL,3.2,5,0.0,0.4,0.0,0.0,0.0
size9_comp0.4_grid8_walls0_low,9,0.4,8,low,walls0,reshuffled_walls,5,5,10,6,2,1,1,1,5,0,0,0,0.0,0.0,0.0,0.0,48.0,0.36666666666666664,0.36666666666666664,0.0,0.0,1.226194791974745,0.4444444444444444,0.5691517090401726,1.226194791974745,0.4444444444444444,0.5691517090401726,0.0,0.0,0.0,0.2569048917834084,0.36666666666666664,240,17.0,8.6,11.4,11.0,10.4,12.8,11.2,12.6,37.6,10.2,0.0,10.8,0.4269855509987089,0.5658715918584339,0.007142857142857143,0.0,UR,0.6077477854630506,0.004166666666666667,0.125,0.0,0.0,UR,3.0,10,0.0,0.0,0.0,0.0,0.0
size9_comp0.4_grid8_walls1_low,9,0.4,8,low,walls1,reshuffled_walls,5,5,10,4,3,1,1,1,5,5,5,0,1.0,1.0,0.0,1.0,19.8,0.696969696969697,0.6440677966101694,0.775,0.5140977443609023,0.5111148148795868,0.4838709677419355,0.28147036074028636,0.668875092337977,0.5,0.2797872039041141,0.381194586384442,0.47058823529411764,0.2828564898994871,0.08277824326211422,0.696969696969697,99,2.6,5.8,5.8,5.6,4.2,4.2,6.8,3.6,8.0,3.0,0.8,2.2,0.09333333333333334,0.038181818181818185,0.7254545454545454,0.143030303030303,DL,0.9557992623600612,0.0,0.0,0.05576441102756892,0.016666666666666666,DL,1.2,3,0.0,1.0,0.0,0.0,0.0
size9_comp0.4_grid9_RandomStart_4_4_low,9,0.4,9,low,RandomStart_4_4,random_starts,4,8,12,4,4,1,1,1,5,1,1,0,0.2,0.2,0.0,0.2,44.4,0.38288288288288286,0.3598130841121495,1.0,0.08,0.5347411872162978,0.5909090909090909,0.3526422034391502,0.8403075799113252,0.5,0.4207471234933219,0.0,0.75,0.23345859334434962,0.1906044211964932,0.38288288288288286,222,20.8,8.0,6.8,8.8,12.6,10.4,7.8,12.6,34.6,10.6,0.2,13.6,0.9656976744186047,0.02596899224806202,0.0,0.008333333333333333,UL,0.18594820199290374,0.24083333333333332,0.0,0.0,0.0,UL,4.4,9,0.0,1.0,0.0,0.0,0.0
size9_comp0.4_grid9_ReflectEnv_low,9,0.4,9,low,ReflectEnv,reflect,4,8,12,4,4,1,1,1,10,10,0,0,1.0,0.0,0.0,0.0,48.0,0.3875,0.5126582278481012,0.32608695652173914,0.0,1.2835943569926729,0.6129032258064516,0.4236554337247185,1.1382543905055598,0.47058823529411764,0.37835138172371796,1.4600786020127388,0.7857142857142857,0.47866749686879045,0.1150358237532411,0.3875,480,20.1,8.2,9.5,10.2,14.0,9.7,12.4,10.9,34.6,9.1,1.1,15.3,0.018849206349206348,0.874464238812697,0.016428571428571424,0.09025798340952537,UR,0.52745882438501,0.0,0.35625000000000007,0.0,0.0,UR,10.3,21,0.0,1.0,0.0,0.0,0.0
size9_comp0.4_grid9_RotateEnv_low,9,0.4,9,low,RotateEnv,rotate,4,8,12,4,4,1,1,1,10,10,6,0,1.0,0.6,0.0,0.6,37.1,0.5444743935309974,0.5049019607843137,0.592814371257485,0.28277306247983697,1.1445208924281691,0.6,0.31648492884693136,1.192168429997934,0.5238095238095238,0.32984829581555647,1.0918578245879023,0.6842105263157895,0.3017148916710825,0.19808578207997712,0.5444743935309974,371,11.3,9.6,10.5,5.7,7.9,8.4,9.6,10.2,21.9,8.7,0.6,5.9,0.082978802806389,0.030650704548058193,0.5528094757866209,0.3335610168589318,DL,1.0937428084975627,0.0,0.0,0.19175929284372156,0.0,DL,4.5,14,0.4,0.5,0.0,0.0,0.0
size9_comp0.4_grid9_StartGoalSwap_low,9,0.4,9,low,StartGoalSwap,start_goal_swap,8,4,12,4,4,1,1,1,10,6,4,0,0.6,0.4,0.0,0.4,44.3,0.45598194130925507,0.43832020997375326,0.5645161290322581,0.13152285395763658,0.8984233479519805,0.4594594594594595,0.3111358070677319,1.0239440377306956,0.4782608695652174,0.3608561895608678,0.6922107861726625,0.42857142857142855,0.22945232154329442,0.2023495813439422,0.45598194130925507,443,19.6,7.3,10.0,7.4,13.0,10.0,9.4,10.9,30.0,9.0,0.4,11.7,0.662864676978904,0.2650098012504073,0.006060606060606061,0.06606491571008263,UL,0.822818684115372,0.15837077294685992,0.08333333333333334,0.0,0.0,UL,5.5,14,0.0,0.8,0.0,0.0,0.0
size9_comp0.4_grid9_TransposeEnv_low,9,0.4,9,low,TransposeEnv,transpose,4,8,12,4,4,1,1,1,10,10,6,0,1.0,0.6,0.0,0.6,36.4,0.489010989010989,0.6153846153846154,0.45454545454545453,0.27324051324051324,1.0038794729186906,0.46511627906976744,0.31983693234243105,0.674634177996366,0.4375,0.24302316627898768,1.1989877958356236,0.48148148148148145,0.36535620112076783,0.16393391050673792,0.489010989010989,364,10.6,9.8,5.1,10.9,12.8,7.8,8.2,6.6,22.5,5.1,0.7,10.7,0.2072922679172679,0.5704978354978355,0.04784090909090909,0.1743689874939875,UR,1.182251634878931,0.012442442442442442,0.15571821821821824,0.0,0.0,UR,6.0,30,0.8,0.2,0.0,0.0,0.0
size9_comp0.4_grid9_base_low,9,0.4,9,low,base,base,4,8,12,4,4,1,1,1,10,8,7,0,0.8,0.7,0.0,0.7,32.6,0.5276073619631901,0.4393939393939394,0.6640625,0.3604606927305578,1.0392295974085353,0.4857142857142857,0.3010517820012655,1.1269325070519782,0.35714285714285715,0.32312932730743116,0.9807609909795735,0.5714285714285714,0.28633341846382165,0.12740121185086054,0.5276073619631901,326,10.5,5.9,6.1,10.1,10.1,7.8,7.3,6.4,18.9,5.5,0.2,7.7,0.5138151721036577,0.1631298276886512,0.2768948694887368,0.04616013071895425,UL,1.1028471312846266,0.10139353400222965,0.021739130434782608,0.011448275862068966,0.0,UL,2.9,7,0.3,0.5,0.0,0.0,0.0
size9_comp0.4_grid9_walls0_low,9,0.4,9,low,walls0,reshuffled_walls,4,8,12,4,4,1,1,1,5,3,1,0,0.6,0.2,0.0,0.2,46.0,0.41304347826086957,0.36036036036036034,0.46218487394957986,0.06315789473684211,0.9188558895528527,0.5263157894736842,0.4675144588660971,0.7708034522811165,0.6666666666666666,0.5166337723575753,1.0521030830974152,0.4,0.4233070767237666,0.11987513260733072,0.41304347826086957,230,15.8,6.2,10.8,13.2,18.2,8.8,9.0,9.0,32.2,7.2,0.2,14.2,0.34871359522522316,0.18999295278365044,0.4101779008755753,0.05111555111555112,DL,1.1779453849354515,0.041666666666666664,0.058333333333333334,0.0,0.0,UR,3.2,12,0.4,0.2,0.0,0.0,0.0
size9_comp0.4_grid9_walls1_low,9,0.4,9,low,walls1,reshuffled_walls,4,8,12,4,4,1,1,1,5,4,4,0,0.8,0.8,0.0,0.8,25.0,0.584,0.4722222222222222,0.7358490566037735,0.5282344322344322,0.7218009096378757,0.43333333333333335,0.26963984927770296,0.7145475361981133,0.38461538461538464,0.28826918516921257,0.7273476069741643,0.47058823529411764,0.25539388653713674,0.07231379731379732,0.584,125,7.6,5.0,5.6,6.8,10.2,5.4,4.2,4.2,13.8,2.6,0.6,5.8,0.6126190476190476,0.0,0.21071428571428572,0.17666666666666667,UL,1.0204671087363868,0.009523809523809523,0.0,0.024,0.0,DL,0.6,2,0.2,0.8,0.0,0.0,0.0
size9_comp0.6_grid0_RandomStart_4_1_low,9,0.6,0,low,RandomStart_4_1,random_starts,8,4,12,8,4,1,1,1,4,0,0,0,0.0,0.0,0.0,0.0,48.0,0.2604166666666667,0.2604166666666667,0.0,0.0,1.1210897672770832,0.35294117647058826,0.5827762412129529,1.1210897672770832,0.35294117647058826,0.5827762412129529,0.0,0.0,0.0,0.3726351912413294,0.2604166666666667,192,20.0,9.5,8.75,9.75,13.75,11.0,9.5,12.75,39.25,7.75,0.0,21.0,0.08253968253968254,0.8674603174603175,0.0,0.05,UR,0.4454103056203477,0.0,0.2916666666666667,0.0,0.0,UR,10.5,18,0.0,0.0,0.0,0.0,0.0
size9_comp0.6_grid0_RandomStart_4_6_low,9,0.6,0,low,RandomStart_4_6,random_starts,5,4,9,1,4,1,1,1,2,0,0,0,0.0,0.0,0.0,0.0,48.0,0.25,0.25,0.0,0.0,1.2890252509819098,0.3076923076923077,0.6454461533226556,1.2890252509819098,0.3076923076923077,0.6454461533226556,0.0,0.0,0.0,0.24474610356963297,0.25,96,17.0,4.0,15.0,12.0,13.0,11.0,13.5,9.5,37.0,6.5,0.0,19.5,0.0,0.8221447253705318,0.0,0.17785527462946818,UR,0.6741464029086801,0.0,0.2708333333333333,0.0,0.0,UR,9.0,11,0.0,0.0,0.0,0.0,0.0
size9_comp0.6_grid0_ReflectEnv_low,9,0.6,0,low,ReflectEnv,reflect,8,4,12,4,4,1,1,1,10,0,0,9,0.0,0.0,0.9,0.0,22.4,0.38839285714285715,0.38839285714285715,0.0,0.0,1.5483941369622054,0.18181818181818182,0.3469201125853265,1.5483941369622054,0.18181818181818182,0.3469201125853265,0.0,0.0,0.0,0.3026452107683779,0.38839285714285715,224,3.5,7.7,3.3,7.9,6.7,5.3,4.4,5.0,16.0,3.5,0.0,8.8,0.01920122887864823,0.0,0.9807987711213517,0.0,DL,0.0912402155387485,0.0,0.0,0.12811345158906134,0.0,DL,3.0,12,1.0,0.0,0.0,0.0,0.0
size9_comp0.6_grid0_RotateEnv_low,9,0.6,0,low,RotateEnv,rotate,8,4,12,4,4,1,1,1,10,0,0,10,0.0,0.0,1.0,0.0,18.3,0.39344262295081966,0.39344262295081966,0.0,0.0,1.3406882166517204,0.18181818181818182,0.38059410989928905,1.3406882166517204,0.18181818181818182,0.38059410989928905,0.0,0.0,0.0,0.11968756535433495,0.39344262295081966,183,2.3,4.8,2.1,9.1,4.9,4.1,4.4,3.9,11.4,2.1,0.0,7.9,0.00909090909090909,0.990909090909091,0.0,0.0,UR,0.04394969869215134,0.0,0.3300816993464052,0.0,0.0,UR,6.8,14,1.0,0.0,0.0,0.0,0.0
size9_comp0.6_grid0_StartGoalSwap_low,9,0.6,0,low,StartGoalSwap,start_goal_swap,4,8,12,4,4,1,1,1,10,7,4,0,0.7,0.4,0.0,0.4,42.0,0.3738095238095238,0.3675675675675676,0.37872340425531914,0.1550310559006211,1.179726772586686,0.2049989865059772,0.40558436475006615,1.0212671439349696,0.2222222222222222,0.4415024926701767,1.3298464207830492,0.18868223688006083,0.3715566646152246,0.10254587421938345,0.3738095238095238,420,14.9,8.1,9.8,9.1,12.4,8.9,9.5,10.0,31.1,6.7,5.4,15.4,0.07738095238095238,0.24249955697324116,0.5567948717948717,0.12332461885093464,DL,0.6572008405483101,0.0,0.08541666666666667,0.2427786404416839,0.0,DL,7.3,9,0.0,0.7,0.0,0.0,0.0
size9_comp0.6_grid0_TransposeEnv_low,9,0.6,0,low,TransposeEnv,transpose,8,4,12,4,4,1,1,1,10,3,0,2,0.3,0.0,0.2,0.0,41.2,0.3592233009708738,0.3634085213032581,0.23076923076923078,0.0,1.2823202319123528,0.24242424242424243,0.4819489739964406,1.3497589789942226,0.27586206896551724,0.4658103634441097,0.7933893155687963,0.0,0.5989539005008395,0.15568492984829024,0.3592233009708738,412,12.5,6.7,12.4,9.6,12.1,9.8,9.0,9.3,28.0,6.8,0.3,15.9,0.2197763867952604,0.06142276422764228,0.31729162540568134,0.40150922357141594,DR,1.1393928745388773,0.054166666666666675,0.02291666666666667,0.06458333333333334,0.004166666666666667,DL,4.2,11,0.3,0.1,0.0,0.0,0.0
size9_comp0.6_grid0_base_low,9,0.6,0,low,base,base,8,4,12,4,4,1,1,1,10,0,0,0,0.0,0.0,0.0,0.0,48.0,0.275,0.275,0.0,0.0,1.0479882214278393,0.2916666666666667,0.5902654580697534,1.0479882214278393,0.2916666666666667,0.5902654580697534,0.0,0.0,0.0,0.2195786275432797,0.275,480,20.7,6.6,11.9,8.8,14.1,10.8,11.5,10.6,38.1,7.6,0.0,20.4,0.0999000099000099,0.774316585350858,0.017142857142857144,0.10864054760627492,UR,0.7103089859392866,0.0,0.24166666666666664,0.0,0.0,UR,6.8,24,0.0,0.0,0.0,0.0,0.0
size9_comp0.6_grid0_walls0_low,9,0.6,0,low,walls0,reshuffled_walls,8,4,12,4,4,1,1,1,5,3,1,0,0.6,0.2,0.0,0.2,44.8,0.44642857142857145,0.43781094527363185,0.5217391304347826,0.075,1.0580211681973966,0.3620300781475361,0.3911840428785364,1.1062568162212216,0.36865240387389064,0.42109287582690047,0.8490000267608219,0.3333333333333333,0.2615791001022925,0.17779747315592903,0.44642857142857145,224,13.2,9.6,12.0,10.0,13.4,8.6,9.4,12.4,31.0,10.2,1.4,11.4,0.23764502164502166,0.312025974025974,0.33974025974025973,0.1105887445887446,DL,1.084349980708937,0.0,0.18333333333333332,0.11458333333333333,0.01875,UR,7.8,18,0.0,0.4,0.0,0.0,0.0
size9_comp0.6_grid0_walls1_low,9,0.6,0,low,walls1,reshuffled_walls,6,4,10,4,4,1,1,1,1,1,1,0,1.0,1.0,0.0,1.0,29.0,0.5862068965517241,0.5454545454545454,0.7142857142857143,0.3448275862068966,0.5576815901831177,0.21428571428571427,0.24181661923821565,0.6452824736181831,0.3333333333333333,0.3069862689351948,0.4,0.0,0.12451124978365313,0.08452380952380953,0.5862068965517241,29,7.0,9.0,8.0,5.0,6.0,9.0,7.0,6.0,17.0,6.0,2.0,5.0,0.0,0.0,0.5416666666666666,0.4583333333333333,DL,0.9949848281859701,0.0,0.0,0.20689655172413793,0.034482758620689655,DL,4.0,4,0.0,1.0,0.0,0.0,0.0
size9_comp0.6_grid1_RandomStart_1_2_low,9,0.6,1,low,RandomStart_1_2,random_starts,7,10,17,3,7,1,1,1,5,4,0,1,0.8,0.0,0.2,0.0,40.2,0.3383084577114428,0.5164835164835165,0.19090909090909092,0.0,1.1725094841899149,0.1875,0.4369706759515205,1.1872888758051474,0.2,0.3128156875210276,1.147877164831194,0.16666666666666666,0.6438956566690086,0.15858360077677275,0.3383084577114428,201,18.2,5.8,6.0,10.2,14.4,10.0,8.4,6.4,32.0,4.2,6.4,20.0,0.47621442007187353,0.5237855799281265,0.0,0.0,UR,0.695348455876959,0.18055555555555552,0.2541666666666667,0.0,0.0,UR,9.4,17,0.4,0.6,0.0,0.0,0.0
size9_comp0.6_grid1_RandomStart_5_3_low,9,0.6,1,low,RandomStart_5_3,random_starts,10,10,20,6,7,1,1,1,5,1,0,1,0.2,0.0,0.2,0.0,47.4,0.3924050632911392,0.41904761904761906,0.18518518518518517,0.0,1.0380804431071642,0.25806451612903225,0.3987196273016483,1.0797929404319668,0.3076923076923077,0.3604624231294381,0.8211754570181895,0.0,0.5976570889971411,0.17731543885603948,0.3924050632911392,237,13.8,11.4,13.6,8.6,11.4,11.4,11.8,11.8,34.8,8.6,1.4,12.0,0.12956521739130436,0.4094130434782609,0.38415217391304346,0.0768695652173913,UR,1.1627006576769192,0.016666666666666666,0.04166666666666667,0.02222222222222222,0.0,UR,3.0,10,0.6,0.6,0.0,0.0,0.0
size9_comp0.6_grid1_ReflectEnv_low,9,0.6,1,low,ReflectEnv,reflect,13,10,23,5,10,1,1,1,10,3,0,0,0.3,0.0,0.0,0.0,48.0,0.42083333333333334,0.4108695652173913,0.65,0.0,0.9167661996584447,0.3,0.3283706421873664,1.0752921392977035,0.3548387096774194,0.3565523071467466,0.37073240756766435,0.1111111111111111,0.23130046288283448,0.09485490841856367,0.42083333333333334,480,21.9,2.4,11.1,12.6,17.3,10.7,11.0,8.0,31.3,6.9,0.2,17.7,0.27300666722286937,0.5709690762240167,0.13562951971100884,0.020394736842105264,UR,1.1502525892542437,0.01875,0.2229166666666667,0.0020833333333333333,0.0,UR,6.9,13,0.0,0.3,0.0,0.0,0.0
size9_comp0.6_grid1_RotateEnv_low,9,0.6,1,low,RotateEnv,rotate,13,10,23,5,10,1,1,1,10,0,0,0,0.0,0.0,0.0,0.0,48.0,0.17083333333333334,0.17083333333333334,0.0,0.0,1.16456478424365,0.45,0.6063380637927518,1.16456478424365,0.45,0.6063380637927518,0.0,0.0,0.0,0.3046136877509606,0.17083333333333334,480,30.6,4.7,9.2,3.2,24.4,6.5,7.4,8.2,40.6,5.7,0.0,30.0,0.2580644793802689,0.7177129292576049,0.0,0.024222591362126244,UR,0.41867701990339257,0.0,0.5291666666666667,0.0,0.0,UR,21.5,45,0.0,0.4,0.0,0.0,0.0
size9_comp0.6_grid1_StartGoalSwap_low,9,0.6,1,low,StartGoalSwap,start_goal_swap,10,13,23,5,10,1,1,1,10,6,0,0,0.6,0.0,0.0,0.0,48.0,0.3645833333333333,0.40555555555555556,0.24166666666666667,0.0,1.2701066022178857,0.10526315789473684,0.43181656309594735,1.2015267882326415,0.13333333333333333,0.3695967313402887,1.5272809046625515,0.0,0.6651409321796671,0.23357144483468809,0.3645833333333333,480,12.3,11.6,7.8,16.3,13.7,10.1,11.9,11.3,37.3,7.5,6.3,21.7,0.42605185264948037,0.3730563863249626,0.20089176102555703,0.0,UL,1.0212319856963004,0.16041666666666668,0.2375,0.02708333333333333,0.0,UR,11.1,24,0.1,0.6,0.0,0.0,0.0
size9_comp0.6_grid1_TransposeEnv_low,9,0.6,1,low,TransposeEnv,transpose,13,10,23,5,10,1,1,1,10,0,0,8,0.0,0.0,0.8,0.0,27.9,0.26881720430107525,0.26881720430107525,0.0,0.0,1.0401168377663954,0.26666666666666666,0.5083793292360781,1.0401168377663954,0.26666666666666666,0.5083793292360781,0.0,0.0,0.0,0.24997732426303856,0.26881720430107525,279,15.1,3.7,6.1,3.0,11.8,5.8,4.2,5.1,22.1,2.3,0.0,15.6,0.08,0.9199999999999999,0.0,0.0,UR,0.07219280948873623,0.023076923076923078,0.7300159300063391,0.0,0.0,UR,19.0,44,0.0,0.0,0.0,0.0,0.0
size9_comp0.6_grid1_base_low,9,0.6,1,low,base,base,13,10,23,5,10,1,1,1,10,1,0,3,0.1,0.0,0.3,0.0,36.2,0.43922651933701656,0.44412607449856734,0.3076923076923077,0.0,1.2020720108563274,0.30303030303030304,0.38594133125151797,1.2510044803361946,0.3448275862068966,0.3562863955715204,0.8473116071272895,0.0,0.6009396149315004,0.1404893125068563,0.43922651933701656,362,11.0,7.8,11.6,5.8,8.6,8.7,8.4,9.5,25.3,8.2,0.6,9.4,0.10151984238671545,0.09609302519519239,0.6969085557553049,0.10547857666278718,DL,0.6686998423662089,0.0375,0.025,0.19378968253968257,0.0,DL,4.2,12,0.0,0.2,0.0,0.0,0.0
size9_comp0.6_grid1_walls0_low,9,0.6,1,low,walls0,reshuffled_walls,9,10,19,5,9,1,1,1,2,1,0,1,0.5,0.0,0.5,0.0,47.0,0.35106382978723405,0.4411764705882353,0.11538461538461539,0.0,0.7456990169728419,0.38095238095238093,0.5071397471082804,0.7787995930136611,0.3333333333333333,0.44909871858742245,0.5470955607279276,0.6666666666666666,0.8553859182334281,0.11905634048491191,0.35106382978723405,94,19.0,7.5,9.5,11.0,15.0,12.5,8.5,10.0,34.0,8.5,6.5,18.0,0.060069444444444446,0.4111111111111111,0.5288194444444444,0.0,DL,0.5267957711181821,0.0,0.3645833333333333,0.2826086956521739,0.0,UR,23.0,26,0.0,0.5,0.0,0.0,0.0
size9_comp0.6_grid1_walls1_low,9,0.6,1,low,walls1,reshuffled_walls,9,10,19,5,9,1,1,1,1,0,0,1,0.0,0.0,1.0,0.0,9.0,0.4444444444444444,0.4444444444444444,0.0,0.0,0.2857142857142857,0.42857142857142855,0.6603651784168951,0.2857142857142857,0.42857142857142855,0.6603651784168951,0.0,0.0,0.0,0.0,0.4444444444444444,9,3.0,1.0,4.0,1.0,1.0,4.0,2.0,1.0,2.0,1.0,0.0,0.0,0.0,0.0,1.0,0.0,DL,0.0,0.0,0.0,0.5555555555555556,0.0,DL,5.0,5,0.0,0.0,0.0,0.0,0.0
size9_comp0.6_grid2_RandomStart_1_1_low,9,0.6,2,low,RandomStart_1_1,random_starts,2,7,9,7,2,1,1,1,5,5,0,0,1.0,0.0,0.0,0.0,48.0,0.2708333333333333,0.3829787234042553,0.24352331606217617,0.0,1.1123303971757426,0.23076923076923078,0.4245925759278248,1.259241208536446,0.0,0.3582353225320999,1.047036703237652,0.3333333333333333,0.45408468854814693,0.17713097199596717,0.2708333333333333,240,23.2,7.8,4.6,12.4,20.2,8.2,8.8,9.8,38.4,4.4,1.0,27.0,0.24310823311748378,0.7568917668825161,0.0,0.0,UR,0.6861098371028304,0.16666666666666666,0.4708333333333333,0.0,0.0,UR,15.0,16,0.2,0.2,0.0,0.0,0.0
size9_comp0.6_grid2_RandomStart_2_7_low,9,0.6,2,low,RandomStart_2_7,random_starts,11,7,18,6,7,1,1,1,5,2,0,1,0.4,0.0,0.2,0.0,42.6,0.38967136150234744,0.38421052631578945,0.43478260869565216,0.0,0.9523087697750554,0.23076923076923078,0.3651426602147684,1.1999973499409948,0.23529411764705882,0.3914256311751184,0.4844525627949479,0.2222222222222222,0.31549704840077386,0.1557934307847054,0.38967136150234744,213,18.8,4.4,10.2,9.2,13.0,11.0,9.2,8.4,29.4,5.8,0.0,19.4,0.27666666666666667,0.10555555555555556,0.6177777777777779,0.0,DL,0.8807752129520962,0.125,0.03333333333333333,0.42321428571428577,0.0,DL,16.6,26,0.8,0.0,0.0,0.0,0.0
size9_comp0.6_grid2_ReflectEnv_low,9,0.6,2,low,ReflectEnv,reflect,5,7,12,4,4,1,1,1,10,10,0,0,1.0,0.0,0.0,0.0,48.0,0.29791666666666666,0.5370370370370371,0.1761006289308176,0.0,1.114772004338689,0.16666666666666666,0.45251200250301005,1.1035643390156848,0.2,0.23780426218728282,1.1287815859924446,0.125,0.720896677897669,0.2623583091125529,0.29791666666666666,480,21.5,5.5,8.0,12.9,16.9,12.2,11.6,6.1,38.3,4.3,13.0,23.9,0.3393986358743092,0.6606013641256909,0.0,0.0,UR,0.7364610000151389,0.15624999999999997,0.34375,0.0,0.0,UR,12.9,27,0.2,0.8,0.0,0.0,0.0
size9_comp0.6_grid2_RotateEnv_low,9,0.6,2,low,RotateEnv,rotate,5,7,12,4,4,1,1,1,10,1,0,0,0.1,0.0,0.0,0.0,48.0,0.32083333333333336,0.32819383259911894,0.19230769230769232,0.0,1.1703032821499715,0.23809523809523808,0.4569993002442665,1.1818144389979868,0.23529411764705882,0.4410126286250625,1.1213808655459077,0.25,0.5249426546258835,0.3427728639800009,0.32083333333333336,480,16.4,7.1,11.9,12.6,13.5,11.1,9.6,12.8,39.2,9.2,1.0,17.5,0.5483144217015186,0.40724113385403704,0.04444444444444444,0.0,UL,0.778248423377979,0.1833333333333333,0.04583333333333333,0.016666666666666666,0.0,UL,4.9,14,0.5,0.0,0.0,0.0,0.0
size9_comp0.6_grid2_StartGoalSwap_low,9,0.6,2,low,StartGoalSwap,start_goal_swap,7,5,12,4,4,1,1,1,10,9,8,1,0.9,0.8,0.1,0.8,34.5,0.46956521739130436,0.4229390681003584,0.6666666666666666,0.28140306246568103,1.1042707107288459,0.08695652173913043,0.2790910491116906,1.124583509401777,0.058823529411764705,0.3213508620738213,1.0467177811555404,0.16666666666666666,0.15935491238565366,0.1530759530902917,0.46956521739130436,345,11.5,4.3,7.9,10.8,11.4,9.2,6.6,6.3,22.4,5.1,0.8,12.8,0.5216228265560797,0.47249482050274383,0.0058823529411764705,0.0,UL,0.7797391664707589,0.11570404505888376,0.10179024350151884,0.0,0.0,UL,5.4,11,0.0,0.5,0.0,0.0,0.0
size9_comp0.6_grid2_TransposeEnv_low,9,0.6,2,low,TransposeEnv,transpose,5,7,12,4,4,1,1,1,10,10,3,0,1.0,0.3,0.0,0.3,46.1,0.42516268980477223,0.4266666666666667,0.42443729903536975,0.0866133866133866,1.3443286519612616,0.2,0.36194920865286534,1.2554341640076534,0.125,0.29147932669729043,1.4035916439303338,0.25,0.40892912995658187,0.1720604670066704,0.42516268980477223,461,12.4,11.8,14.6,7.3,13.9,10.6,10.7,9.9,36.9,7.6,3.9,16.3,0.10895634191910944,0.0,0.8910436580808906,0.0,DL,0.446383729290894,0.01488095238095238,0.0,0.47253163503163503,0.0,DL,10.7,23,1.0,0.0,0.0,0.0,0.0
size9_comp0.6_grid2_base_low,9,0.6,2,low,base,base,5,7,12,4,4,1,1,1,10,10,3,0,1.0,0.3,0.0,0.3,44.5,0.30112359550561796,0.2985781990521327,0.3034188034188034,0.09919799498746866,1.0983120407412994,0.21052631578947367,0.3930687092969012,1.096954567373469,0.14285714285714285,0.3956427246738348,1.099103900205867,0.25,0.3915672003270232,0.1951955310775766,0.30112359550561796,445,24.6,3.9,8.0,8.0,20.3,8.8,8.2,6.2,36.5,2.7,1.6,27.1,0.04533606287911513,0.9546639371208849,0.0,0.0,UR,0.2511959313073798,0.008333333333333333,0.5641301169590642,0.0,0.0,UR,15.0,20,1.0,0.0,0.0,0.0,0.0
size9_comp0.6_grid2_walls0_low,9,0.6,2,low,walls0,reshuffled_walls,5,3,8,4,3,1,1,1,3,3,2,0,1.0,0.6666666666666666,0.0,0.6666666666666666,35.333333333333336,0.3867924528301887,0.5714285714285714,0.32051282051282054,0.18412698412698414,0.8532927612262846,0.17647058823529413,0.36404412624833277,0.6703288230306785,0.0,0.21634083318910208,0.9295277354744539,0.25,0.42558716502301214,0.14607843137254906,0.3867924528301887,106,11.666666666666666,3.6666666666666665,10.0,10.0,13.666666666666666,10.0,5.666666666666667,5.0,26.666666666666668,4.0,4.0,15.666666666666666,0.35093167701863354,0.6490683229813664,0.0,0.0,UR,0.7069645960098656,0.018055555555555557,0.3369047619047619,0.0,0.0,UR,9.333333333333334,17,0.6666666666666666,0.3333333333333333,0.0,0.0,0.0
size9_comp0.6_grid2_walls1_low,9,0.6,2,low,walls1,reshuffled_walls,9,3,12,6,3,1,1,1,1,0,0,0,0.0,0.0,0.0,0.0,48.0,0.20833333333333334,0.20833333333333334,0.0,0.0,0.7171345178137876,0.2,0.5708726406866113,0.7171345178137876,0.2,0.5708726406866113,0.0,0.0,0.0,0.40228163992869875,0.20833333333333334,48,30.0,5.0,10.0,3.0,21.0,14.0,6.0,6.0,43.0,5.0,0.0,32.0,0.0,1.0,0.0,0.0,UR,0.0,0.0,0.6041666666666666,0.0,0.0,UR,10.0,10,1.0,0.0,0.0,0.0,0.0
size9_comp0.6_grid3_RandomStart_2_7_low,9,0.6,3,low,RandomStart_2_7,random_starts,4,3,7,1,3,1,1,1,3,1,1,1,0.3333333333333333,0.3333333333333333,0.3333333333333333,0.3333333333333333,24.333333333333332,0.3561643835616438,0.3283582089552239,0.6666666666666666,0.12280701754385964,0.6569202307701756,0.16666666666666666,0.4572226509962876,0.6752915732268123,0.19047619047619047,0.500675986042079,0.5283208335737187,0.0,0.15304930567574826,0.1375,0.3561643835616438,73,6.666666666666667,3.6666666666666665,7.333333333333333,6.666666666666667,9.0,5.333333333333333,4.0,5.0,13.666666666666666,3.3333333333333335,0.0,8.0,0.1669637551990493,0.27272727272727276,0.560308972073678,0.0,DL,0.5999089589511041,0.08771929824561403,0.034722222222222224,0.2993421052631579,0.0,DL,3.6666666666666665,5,0.6666666666666666,0.0,0.0,0.0,0.0
size9_comp0.6_grid3_RandomStart_7_4_low,9,0.6,3,low,RandomStart_7_4,random_starts,8,3,11,9,3,1,1,1,4,2,2,0,0.5,0.5,0.0,0.5,39.25,0.46496815286624205,0.44370860927152317,1.0,0.2549392097264438,0.8279735509286595,0.15,0.2516595176204926,0.9740865305043054,0.17647058823529413,0.2960700207299913,0.0,0.0,0.0,0.13414918414918414,0.46496815286624205,157,12.5,7.25,12.25,7.25,9.75,11.5,6.5,10.5,27.0,8.25,0.0,10.25,0.33921596421596417,0.597963522963523,0.06282051282051282,0.0,UR,0.8176851944047713,0.09895833333333333,0.10505319148936171,0.02317629179331307,0.0,UR,4.25,9,0.0,0.0,0.0,0.0,0.0
size9_comp0.6_grid3_ReflectEnv_low,9,0.6,3,low,ReflectEnv,reflect,5,3,8,8,0,1,1,1,10,8,4,0,0.8,0.4,0.0,0.4,43.6,0.3761467889908257,0.41522491349480967,0.29931972789115646,0.0869978626076187,1.1954171553764252,0.199462946454327,0.3732992378974311,1.1995446024965244,0.2292481250360578,0.34632317682910047,1.185098537576177,0.125,0.4407393905682578,0.12124648442372903,0.3761467889908257,436,8.0,13.2,4.7,17.7,13.2,9.4,10.2,9.8,32.0,7.6,5.0,16.6,0.06762373277646891,0.5509997530996407,0.15575396825396826,0.2256225458699222,UR,1.1983129712037386,0.0,0.0856825922374703,0.0020833333333333333,0.06876523141767044,UR,4.0,12,0.0,0.0,0.0,0.0,0.0
size9_comp0.6_grid3_RotateEnv_low,9,0.6,3,low,RotateEnv,rotate,5,3,8,8,0,1,1,1,10,8,8,0,0.8,0.8,0.0,0.8,28.4,0.44366197183098594,0.4219409282700422,0.5531914893617021,0.34576534576534573,1.237775016153196,0.23517723216861272,0.39723299074592905,1.2312265433604084,0.27437343753004817,0.4127798547388841,1.2770658529099206,0.0,0.3039518067881983,0.16389889872032726,0.44366197183098594,284,6.4,8.2,4.4,9.4,9.4,6.3,6.1,5.6,16.7,3.6,0.7,9.1,0.08204855785880374,0.26556791960492554,0.39993017631455763,0.25245334622171306,DL,1.205281228281359,0.0,0.08958333333333332,0.06761405261405262,0.06850205350205349,UR,5.5,18,0.0,0.0,0.0,0.0,0.0
size9_comp0.6_grid3_StartGoalSwap_low,9,0.6,3,low,StartGoalSwap,start_goal_swap,3,5,8,8,0,1,1,1,10,10,9,0,1.0,0.9,0.0,0.9,24.6,0.4715447154471545,0.4155844155844156,0.4970414201183432,0.39274524829088725,1.22706663018751,0.15789473684210525,0.3683455683446698,1.2720462273981488,0.0,0.3513638861454079,1.2150720709313394,0.2,0.3728740169311396,0.13240931325296643,0.4715447154471545,246,7.5,5.4,6.0,5.7,8.2,4.6,6.8,4.0,14.8,2.6,1.6,8.9,0.30356877044443326,0.0,0.6964312295555668,0.0,DL,0.7588107504253315,0.008,0.0,0.299398880625047,0.0,DL,5.2,10,0.9,0.0,0.0,0.0,0.0
size9_comp0.6_grid3_TransposeEnv_low,9,0.6,3,low,TransposeEnv,transpose,5,3,8,8,0,1,1,1,10,8,8,0,0.8,0.8,0.0,0.8,32.0,0.4625,0.4246575342465753,0.8571428571428571,0.2591868482394798,1.1402613348959467,0.14285714285714285,0.2893394668157579,1.223169070465346,0.16666666666666666,0.32512604074779505,0.6428149214795512,0.0,0.0746200232235349,0.16928326077394398,0.4625,320,9.7,5.5,7.8,9.0,8.7,6.1,8.2,8.0,20.4,6.2,0.2,8.6,0.46783980638092776,0.09939826655299801,0.43276192706607414,0.0,UL,1.1483111721067811,0.1193746429009587,0.03694381057538952,0.10181829573934838,0.0,UL,5.6,13,0.4,0.0,0.0,0.0,0.0
size9_comp0.6_grid3_base_low,9,0.6,3,low,base,base,5,3,8,8,0,1,1,1,10,5,5,0,0.5,0.5,0.0,0.5,38.0,0.35789473684210527,0.332378223495702,0.6451612903225806,0.18697868712702473,1.2761741918591516,0.125,0.40988482384353037,1.393705014668448,0.15789473684210525,0.46431244575039426,0.8295570651838258,0.0,0.2030598605974477,0.11974607756665431,0.35789473684210527,380,13.7,8.0,10.7,5.6,11.4,10.9,7.0,7.7,28.2,5.4,1.0,14.4,0.41736943991048137,0.4808932240829396,0.10173733600657911,0.0,UR,0.828955037733652,0.10822847399829498,0.05625000000000001,0.02631351236146633,0.0,UL,5.0,20,0.6,0.0,0.0,0.0,0.0
size9_comp0.6_grid3_walls0_low,9,0.6,3,low,walls0,reshuffled_walls,7,3,10,10,0,1,1,1,5,1,1,0,0.2,0.2,0.0,0.2,43.8,0.365296803652968,0.35514018691588783,0.8,0.07407407407407407,0.817191545686707,0.2857142857142857,0.3725173512556746,0.9948418817055564,0.30434782608695654,0.3964872917695546,0.0,0.2,0.2622556248918266,0.1540893630179344,0.365296803652968,219,20.6,7.0,9.4,6.8,14.8,9.2,7.6,11.2,33.6,8.6,0.0,15.8,0.5478219755370541,0.3992135975854755,0.04387351778656127,0.00909090909090909,UL,0.3490028102688095,0.17453703703703702,0.2125,0.02222222222222222,0.0,UR,9.4,20,0.4,0.0,0.0,0.0,0.0
size9_comp0.6_grid3_walls1_low,9,0.6,3,low,walls1,reshuffled_walls,7,3,10,8,1,1,1,1,5,0,0,0,0.0,0.0,0.0,0.0,48.0,0.22916666666666666,0.22916666666666666,0.0,0.0,0.9999009506636077,0.18181818181818182,0.6750169635572405,0.9999009506636077,0.18181818181818182,0.6750169635572405,0.0,0.0,0.0,0.4671807854891341,0.22916666666666666,240,27.4,3.8,9.8,7.0,21.2,12.0,5.6,8.2,41.2,5.4,0.0,27.8,0.29535261408326424,0.7046473859167357,0.0,0.0,UR,0.6504419957961173,0.058333333333333334,0.09166666666666667,0.0,0.0,UR,3.8,12,0.8,0.0,0.0,0.0,0.0
size9_comp0.6_grid4_RandomStart_3_7_low,9,0.6,4,low,RandomStart_3_7,random_starts,10,6,16,8,4,1,1,1,1,0,0,0,0.0,0.0,0.0,0.0,48.0,0.3125,0.3125,0.0,0.0,1.3140454106309023,0.0,0.5341132573117957,1.3140454106309023,0.0,0.5341132573117957,0.0,0.0,0.0,0.41075757575757577,0.3125,48,10.0,6.0,12.0,20.0,16.0,9.0,9.0,13.0,43.0,9.0,0.0,18.0,0.0,0.0,1.0,0.0,DL,0.0,0.0,0.0,0.8125,0.0,DL,16.0,16,1.0,0.0,0.0,0.0,0.0
size9_comp0.6_grid4_RandomStart_4_4_low,9,0.6,4,low,RandomStart_4_4,random_starts,6,6,12,2,5,1,1,1,5,4,1,1,0.8,0.2,0.2,0.2,43.6,0.48623853211009177,0.5126582278481012,0.4166666666666667,0.06666666666666667,1.0574288125259361,0.52,0.3571068072473424,1.0814978773751847,0.5,0.2526170820380946,1.0267954572632563,0.5454545454545454,0.49009373024093056,0.168995670995671,0.48623853211009177,218,14.6,8.4,8.8,11.8,11.2,9.2,9.6,12.6,31.0,11.2,3.2,8.0,0.005714285714285714,0.9698999850723989,0.0,0.024385729213315423,UR,0.1826035583396815,0.0,0.42894736842105263,0.0,0.0,UR,10.6,15,0.0,1.0,0.0,0.0,0.0
size9_comp0.6_grid4_ReflectEnv_low,9,0.6,4,low,ReflectEnv,reflect,12,6,18,10,4,1,1,1,10,5,3,0,0.5,0.3,0.0,0.3,43.7,0.2906178489702517,0.24031007751937986,0.68,0.166591647911978,0.8381391717896061,0.3870967741935484,0.32597819449331633,1.0165023754727125,0.06666666666666667,0.3861640783500987,0.6709236683366937,0.6875,0.26955392837758285,0.18337819587177345,0.2906178489702517,437,11.8,6.1,23.3,2.5,18.6,9.8,10.3,4.0,33.2,2.2,1.1,26.1,0.22199487620177277,0.0034482758620689655,0.19576549948963742,0.5787913484465209,DR,0.736274349297093,0.10404771331721818,0.0,0.10014673807340724,0.26434351643466425,DR,8.7,16,0.5,0.3,0.0,0.0,0.0
size9_comp0.6_grid4_RotateEnv_low,9,0.6,4,low,RotateEnv,rotate,12,6,18,10,4,1,1,1,10,3,2,0,0.3,0.2,0.0,0.2,46.2,0.3268398268398268,0.2997711670480549,0.8,0.0963623884694578,0.8260245339900886,0.2692307692307692,0.3375911010277274,0.978612585576497,0.17647058823529413,0.42940287404541433,0.5378026587713168,0.4444444444444444,0.16416886310542986,0.1959296890194913,0.3268398268398268,462,23.3,2.2,15.0,5.7,22.4,10.2,7.7,4.9,34.7,3.2,0.3,26.3,0.08161289129031063,0.6244657672077027,0.0,0.2939213415019867,UR,0.9259504263271733,0.022310398078242966,0.33511496225120113,0.0,0.15261953786318921,UR,13.7,30,0.2,0.0,0.0,0.0,0.0
size9_comp0.6_grid4_StartGoalSwap_low,9,0.6,4,low,StartGoalSwap,start_goal_swap,6,12,18,10,4,1,1,1,10,6,0,0,0.6,0.0,0.0,0.0,48.0,0.5020833333333333,0.5460122699386503,0.4090909090909091,0.0,1.1941352483516832,0.5714285714285714,0.381683932120808,1.1531737541680023,0.631578947368421,0.303042548124106,1.242777022694804,0.5,0.4750705756168916,0.09649215340826471,0.5020833333333333,480,14.2,10.4,10.3,13.1,10.8,10.9,9.3,16.0,34.5,14.5,2.6,5.0,0.0024390243902439024,0.9214005653599685,0.012232142857142856,0.0639282673926448,UR,0.40746617487109554,0.0,0.23958333333333334,0.0,0.0,UR,7.0,14,0.0,1.0,0.0,0.0,0.0
size9_comp0.6_grid4_TransposeEnv_low,9,0.6,4,low,TransposeEnv,transpose,12,6,18,10,4,1,1,1,10,0,0,0,0.0,0.0,0.0,0.0,48.0,0.25,0.25,0.0,0.0,1.611490879380118,0.0,0.6163673285710695,1.611490879380118,0.0,0.6163673285710695,0.0,0.0,0.0,0.34810016995391024,0.25,480,19.8,11.1,7.2,9.9,14.4,10.0,11.0,11.6,42.4,6.9,0.0,23.6,0.0,0.9752777777777778,0.0,0.024722222222222222,UR,0.09229350093417757,0.0,0.7583333333333333,0.0,0.00625,UR,16.9,29,1.0,0.0,0.0,0.0,0.0
size9_comp0.6_grid4_base_low,9,0.6,4,low,base,base,12,6,18,10,4,1,1,1,10,0,0,0,0.0,0.0,0.0,0.0,48.0,0.3,0.3,0.0,0.0,1.589304427934886,0.0,0.5978590261945284,1.589304427934886,0.0,0.5978590261945284,0.0,0.0,0.0,0.3357398410861674,0.3,480,14.8,9.6,9.4,14.2,9.3,11.0,12.6,14.1,42.7,10.4,0.0,19.0,0.0,0.0,0.9901219512195123,0.009878048780487805,DL,0.05675907535479989,0.0,0.0,0.6833333333333333,0.0,DL,14.4,34,1.0,0.0,0.0,0.0,0.0
size9_comp0.6_grid4_walls0_low,9,0.6,4,low,walls0,reshuffled_walls,12,6,18,10,4,1,1,1,3,3,0,0,1.0,0.0,0.0,0.0,48.0,0.4930555555555556,0.5206611570247934,0.34782608695652173,0.0,0.9209315903596148,0.44,0.3937437528385124,0.9828102517061954,0.35,0.3479588352341497,0.6734169449732923,0.8,0.5768834232559625,0.13456998556998556,0.4930555555555556,144,15.0,7.666666666666667,9.333333333333334,16.0,13.0,12.0,12.0,10.0,31.333333333333332,7.666666666666667,2.6666666666666665,14.333333333333334,0.1347883597883598,0.5180886243386243,0.34712301587301586,0.0,UR,1.2076827210455359,0.0,0.2638888888888889,0.14583333333333334,0.0,UR,10.666666666666666,13,0.3333333333333333,0.6666666666666666,0.0,0.0,0.0
size9_comp0.6_grid4_walls1_low,9,0.6,4,low,walls1,reshuffled_walls,12,6,18,6,6,1,1,1,1,1,0,0,1.0,0.0,0.0,0.0,48.0,0.4791666666666667,0.6071428571428571,0.3,0.0,0.553725468399138,0.24282445655309373,0.3814357874283419,0.5246056372973229,0.2697036765130092,0.32616530382416836,0.6362316565209474,0.16666666666666666,0.5380354909735002,0.08550724637681156,0.4791666666666667,48,19.0,7.0,8.0,14.0,9.0,15.0,16.0,7.0,28.0,6.0,12.0,17.0,0.2222222222222222,0.5555555555555556,0.2222222222222222,0.0,UR,1.4355205042826666,0.08333333333333333,0.3541666666666667,0.08333333333333333,0.0,UR,17.0,17,0.0,1.0,0.0,0.0,0.0
size9_comp0.6_grid5_RandomStart_5_3_low,9,0.6,5,low,RandomStart_5_3,random_starts,4,6,10,6,2,1,1,1,5,5,2,0,1.0,0.4,0.0,0.4,34.6,0.4046242774566474,0.6486486486486487,0.3382352941176471,0.29292929292929293,0.8020660653266625,0.3448275862068966,0.4135787776773996,0.7527066117072864,0.3,0.2064656856903333,0.8280447251263341,0.3684210526315789,0.5225856681969081,0.1164995168171212,0.4046242774566474,173,10.6,6.4,6.6,11.0,9.4,10.0,7.8,6.4,23.8,3.8,0.6,11.8,0.20671717171717172,0.6705555555555556,0.12272727272727273,0.0,UR,0.7105584677717626,0.0,0.39166666666666666,0.02222222222222222,0.0,UR,13.0,37,0.6,0.4,0.0,0.0,0.0
size9_comp0.6_grid5_RandomStart_6_5_low,9,0.6,5,low,RandomStart_6_5,random_starts,7,6,13,5,4,1,1,1,2,2,0,0,1.0,0.0,0.0,0.0,48.0,0.4166666666666667,0.7777777777777778,0.3333333333333333,0.0,0.8728163846880079,0.4444444444444444,0.4571076597842252,0.4052273811584256,0.2857142857142857,0.18794048323137397,1.1703730232977423,0.5454545454545454,0.6283958630451304,0.25071010860484544,0.4166666666666667,96,15.5,6.0,11.0,15.5,10.0,13.0,10.5,13.5,34.0,10.5,2.0,11.5,0.035437430786267994,0.9174972314507198,0.0,0.04706533776301218,UR,0.4890383876392145,0.0,0.53125,0.0,0.0,UR,13.5,18,0.0,0.0,0.0,0.0,0.0
size9_comp0.6_grid5_ReflectEnv_low,9,0.6,5,low,ReflectEnv,reflect,5,6,11,7,2,1,1,1,10,10,8,0,1.0,0.8,0.0,0.8,29.9,0.5284280936454849,0.6494845360824743,0.47029702970297027,0.3596082831600073,1.029155103633448,0.36666666666666664,0.3159735393863743,1.0610436580932303,0.5,0.20630128822886878,1.0132108264035569,0.3,0.370809664965127,0.16504829089413153,0.5284280936454849,299,6.2,9.7,3.8,10.2,9.4,6.2,8.2,5.1,14.3,3.9,2.1,8.1,0.3598305554095028,0.36949406149406144,0.010526315789473684,0.260149067306962,UR,1.4243870377071632,0.08509642401021711,0.035416666666666666,0.0,0.07460700602079913,UL,3.5,9,0.3,0.4,0.0,0.0,0.0
size9_comp0.6_grid5_RotateEnv_low,9,0.6,5,low,RotateEnv,rotate,5,6,11,7,2,1,1,1,10,4,3,0,0.4,0.3,0.0,0.3,43.3,0.40877598152424943,0.38596491228070173,0.6764705882352942,0.10270609318996415,1.0031736308271166,0.3125,0.3154994570728154,1.1182878288652744,0.34782608695652173,0.327180066532133,0.7089929025073798,0.2222222222222222,0.28564901067678145,0.12048990533071766,0.40877598152424943,433,8.8,9.7,8.9,15.9,10.2,9.3,9.9,12.9,31.5,9.2,0.5,12.8,0.7513477908139035,0.07352706933589287,0.11997649622329928,0.055148643626904505,UL,0.8431598680853453,0.12145161290322579,0.0,0.0,0.00967741935483871,UL,2.2,6,0.9,0.1,0.0,0.0,0.0
size9_comp0.6_grid5_StartGoalSwap_low,9,0.6,5,low,StartGoalSwap,start_goal_swap,6,5,11,7,2,1,1,1,10,9,8,0,0.9,0.8,0.0,0.8,27.6,0.5688405797101449,0.5714285714285714,0.5664335664335665,0.46268162393162393,0.8711764219958393,0.32432432432432434,0.3392895588744693,0.9361538659728522,0.14285714285714285,0.3119657796384362,0.8316249343576577,0.43478260869565216,0.3559214244964025,0.13192933192933193,0.5688405797101449,276,10.0,5.8,5.7,6.1,10.0,4.2,6.1,6.3,16.5,5.5,0.6,5.6,0.381943819378178,0.15577595900176544,0.44799450733434226,0.014285714285714285,DL,1.2512931312998417,0.00625,0.06666666666666667,0.12195512820512819,0.0,DL,5.1,16,0.6,0.3,0.0,0.0,0.0
size9_comp0.6_grid5_TransposeEnv_low,9,0.6,5,low,TransposeEnv,transpose,5,6,11,7,2,1,1,1,10,10,9,0,1.0,0.9,0.0,0.9,23.8,0.6134453781512605,0.5833333333333334,0.6338028169014085,0.5499948258655689,0.9148721427316642,0.38235294117647056,0.272088558499505,0.9364329394187138,0.35714285714285715,0.25419294540451026,0.8997795850507293,0.4,0.2846154876660012,0.10841553678923921,0.6134453781512605,238,6.3,3.1,6.3,8.1,9.4,5.3,5.3,2.8,11.8,2.1,0.5,5.5,0.3052987657503786,0.1591803608577802,0.5331399210108888,0.0023809523809523807,DL,1.227002831148275,0.0,0.0,0.15112321244287188,0.0,DL,2.6,7,0.7,0.3,0.0,0.0,0.0
size9_comp0.6_grid5_base_low,9,0.6,5,low,base,base,5,6,11,7,2,1,1,1,10,10,3,0,1.0,0.3,0.0,0.3,39.9,0.41604010025062654,0.5876288659793815,0.3609271523178808,0.16564102564102562,1.130986529623468,0.40540540540540543,0.33443713837622435,1.082023334215859,0.3333333333333333,0.2424822966418325,1.1544888634191204,0.44,0.37857546240873247,0.11774532311633261,0.41604010025062654,399,11.8,7.1,9.0,12.0,10.9,11.7,8.3,8.0,26.5,6.0,0.8,12.1,0.18916506003462524,0.7398947690252038,0.04078144078144078,0.030158730158730156,UR,0.8183194969731475,0.0,0.35919289044289043,0.007692307692307693,0.0,UR,9.6,23,0.8,0.2,0.0,0.0,0.0
size9_comp0.6_grid5_walls0_low,9,0.6,5,low,walls0,reshuffled_walls,5,10,15,9,5,1,1,1,4,4,0,0,1.0,0.0,0.0,0.0,48.0,0.3229166666666667,0.5581395348837209,0.2550335570469799,0.0,0.989588599991667,0.31356964289148365,0.41535790735096145,0.5330253030435685,0.2,0.22163319883942495,1.4046461426717567,0.41681477279283236,0.5914712787250855,0.22191043083900228,0.3229166666666667,192,21.75,6.0,9.5,10.75,17.25,10.5,11.25,8.0,35.5,4.25,2.0,23.25,0.12274550706033377,0.8647544929396662,0.0,0.0125,UR,0.573200935607306,0.010416666666666666,0.4791666666666667,0.0,0.0,UR,17.0,23,1.0,0.0,0.0,0.0,0.0
size9_comp0.6_grid5_walls1_low,9,0.6,5,low,walls1,reshuffled_walls,5,10,15,7,4,1,1,1,2,2,0,0,1.0,0.0,0.0,0.0,48.0,0.3958333333333333,0.5882352941176471,0.35443037974683544,0.0,0.6791698685302185,0.29411764705882354,0.4638459041807986,0.15284090130172406,0.0,0.11639530231078377,0.8984736048754245,0.4166666666666667,0.6086169882933048,0.24533146591970123,0.3958333333333333,96,16.5,8.5,9.0,14.0,18.0,8.5,10.0,10.5,34.5,8.5,0.0,17.0,0.08697478991596638,0.9130252100840336,0.0,0.0,UR,0.4262761919467962,0.0,0.39583333333333337,0.0,0.0,UR,9.0,10,1.0,0.0,0.0,0.0,0.0
size9_comp0.6_grid6_RandomStart_1_7_low,9,0.6,6,low,RandomStart_1_7,random_starts,5,7,12,6,5,1,1,1,3,3,3,0,1.0,1.0,0.0,1.0,35.0,0.47619047619047616,0.55,0.4307692307692308,0.36050125313283204,0.7268452046992121,0.16,0.3143168734509249,0.7069849009395609,0.21428571428571427,0.3305846194530172,0.7521219549387683,0.09090909090909091,0.2936124694482621,0.11839775910364145,0.47619047619047616,105,11.333333333333334,4.0,14.0,5.666666666666667,10.666666666666666,8.0,8.666666666666666,6.666666666666667,22.0,5.0,1.3333333333333333,13.666666666666666,0.5151607651607651,0.0,0.4848392348392349,0.0,UL,0.9502956415288941,0.13687552213868004,0.0,0.08218880534670008,0.0,UL,4.0,5,0.6666666666666666,0.0,0.0,0.0,0.0
size9_comp0.6_grid6_RandomStart_3_1_low,9,0.6,6,low,RandomStart_3_1,random_starts,9,7,16,2,7,1,1,1,2,1,0,0,0.5,0.0,0.0,0.0,48.0,0.3020833333333333,0.2967032967032967,0.4,0.0,0.6454167250123322,0.5,0.41982950912972283,0.8214394681975137,0.5454545454545454,0.4151213639415443,0.0,0.3333333333333333,0.4370927081530443,0.2055728088336784,0.3020833333333333,96,19.0,6.5,10.5,12.0,21.0,8.5,8.0,9.5,37.5,4.0,0.5,26.0,0.023690078037904124,0.9763099219620959,0.0,0.0,UR,0.16156695993511372,0.0,0.71875,0.0,0.0,UR,22.0,35,0.0,0.0,0.0,0.0,0.0
size9_comp0.6_grid6_ReflectEnv_low,9,0.6,6,low,ReflectEnv,reflect,5,7,12,6,5,1,1,1,10,10,7,0,1.0,0.7,0.0,0.7,39.0,0.5794871794871795,0.6782608695652174,0.5381818181818182,0.2595989263135696,1.012504432870227,0.3783783783783784,0.30016146657821074,0.8858467056966229,0.4166666666666667,0.19369745310373607,1.073300141913557,0.36,0.3512641930459586,0.11492596151319424,0.5794871794871795,390,10.5,9.9,7.3,11.3,10.6,6.8,10.4,10.2,23.4,9.6,0.8,4.7,0.474086225460043,0.17878427260988555,0.3330281101971009,0.01410139173297068,UL,1.3806944401026453,0.10170528713394797,0.027188799415019692,0.06597222222222222,0.0,UL,3.1,7,0.6,0.0,0.0,0.0,0.0
size9_comp0.6_grid6_RotateEnv_low,9,0.6,6,low,RotateEnv,rotate,5,7,12,6,5,1,1,1,10,8,0,0,0.8,0.0,0.0,0.0,48.0,0.4041666666666667,0.42810457516339867,0.3620689655172414,0.0,1.165525748991348,0.4,0.4053606801903212,1.0817278154182175,0.3333333333333333,0.28886679378316493,1.234087694642091,0.45454545454545453,0.5006738599779945,0.2010908642339563,0.4041666666666667,480,12.9,8.3,8.6,18.1,13.0,11.4,10.3,12.1,35.0,9.5,2.8,12.3,0.24951996393856862,0.7336762757794102,0.004347826086956522,0.01245593419506463,UR,0.6738996388417412,0.047916666666666656,0.3083333333333333,0.0,0.0,UR,5.4,15,0.1,0.0,0.0,0.0,0.0
size9_comp0.6_grid6_StartGoalSwap_low,9,0.6,6,low,StartGoalSwap,start_goal_swap,7,5,12,6,5,1,1,1,10,3,3,5,0.3,0.3,0.5,0.3,28.1,0.3665480427046263,0.3224489795918367,0.6666666666666666,0.12687931034482758,0.893761592824997,0.28125,0.3277322621595977,0.9569913562817731,0.22727272727272727,0.3220125714910885,0.7546561132200897,0.4,0.34031558163031794,0.07850821069990242,0.3665480427046263,281,8.6,5.0,4.1,10.4,10.8,6.6,4.5,5.2,19.0,3.4,0.9,12.1,0.29446641599740586,0.5571208855898957,0.09563492063492063,0.05277777777777777,UR,0.8800345097266161,0.15705496961531445,0.2971464183964184,0.009375,0.0,UR,7.3,17,0.3,0.0,0.0,0.0,0.0
size9_comp0.6_grid6_TransposeEnv_low,9,0.6,6,low,TransposeEnv,transpose,5,7,12,6,5,1,1,1,10,5,2,0,0.5,0.2,0.0,0.2,43.0,0.41627906976744183,0.4326923076923077,0.3728813559322034,0.10952380952380951,1.055339486443743,0.27586206896551724,0.34048343710776935,1.3238654244498014,0.42857142857142855,0.33383495374297667,0.8047152776380888,0.13333333333333333,0.3466886882482425,0.2198037275343442,0.41627906976744183,430,13.1,8.7,13.0,8.2,10.7,10.2,8.7,12.4,31.8,9.7,0.6,12.7,0.16017095471195839,0.14851166013956713,0.6711114132411562,0.020205971907318297,DL,0.742767624507547,0.016269841269841268,0.02708333333333333,0.46656746031746027,0.0,DL,11.0,24,0.7,0.0,0.0,0.0,0.0
size9_comp0.6_grid6_base_low,9,0.6,6,low,base,base,5,7,12,6,5,1,1,1,10,2,1,0,0.2,0.1,0.0,0.1,47.0,0.28297872340425534,0.27828054298642535,0.35714285714285715,0.031578947368421054,0.9459670965484747,0.2916666666666667,0.4490201881299136,1.0602367926304832,0.375,0.4946341754167888,0.7174277043844574,0.125,0.35779221355616325,0.17561849236913424,0.28297872340425534,470,20.9,8.0,10.1,8.0,16.4,9.2,8.2,12.2,39.0,7.8,0.2,21.3,0.06363636363636363,0.9195072677999507,0.014634146341463414,0.0022222222222222222,UR,0.17000110603425891,0.02631578947368421,0.7032894736842106,0.0,0.0,UR,19.9,41,0.9,0.0,0.0,0.0,0.0
size9_comp0.6_grid6_walls0_low,9,0.6,6,low,walls0,reshuffled_walls,5,7,12,8,3,1,1,1,5,1,0,0,0.2,0.0,0.0,0.0,48.0,0.275,0.2663755458515284,0.45454545454545453,0.0,0.9648854312139548,0.125,0.4348771747743979,1.181631179134675,0.18181818181818182,0.505656290398819,0.4880447857883704,0.0,0.27916312040067165,0.40131084809431733,0.275,240,23.8,8.2,8.0,8.0,18.2,8.8,9.2,10.8,40.2,5.2,0.0,23.0,0.0,0.945,0.05,0.005,UR,0.1938819699396064,0.0,0.7791666666666666,0.004166666666666667,0.0,UR,24.4,48,1.0,0.0,0.0,0.0,0.0
size9_comp0.6_grid6_walls1_low,9,0.6,6,low,walls1,reshuffled_walls,5,7,12,8,2,1,1,1,4,1,1,0,0.25,0.25,0.0,0.25,43.75,0.37714285714285717,0.3575757575757576,0.7,0.0967741935483871,0.75830632264941,0.4117647058823529,0.3643849266080358,1.0306244984318815,0.4,0.44902833374728324,0.36928035724587943,0.42857142857142855,0.24346577355196802,0.21902103409358692,0.37714285714285717,175,18.25,6.0,10.0,9.5,13.25,11.0,6.75,11.75,35.5,8.0,0.25,14.0,0.0673076923076923,0.9326923076923077,0.0,0.0,UR,0.2100896679022793,0.008064516129032258,0.5309139784946236,0.0,0.0,UR,8.75,15,1.0,0.0,0.0,0.0,0.0
size9_comp0.6_grid7_RandomStart_2_3_low,9,0.6,7,low,RandomStart_2_3,random_starts,4,6,10,4,4,1,1,1,5,4,0,0,0.8,0.0,0.0,0.0,48.0,0.32083333333333336,0.44,0.2357142857142857,0.0,0.966000453436444,0.46875,0.5125390409651654,0.9119054418324795,0.3333333333333333,0.40350208000955523,1.0355511826415413,0.6428571428571429,0.6527294193366642,0.22712430798368297,0.32083333333333336,240,19.2,10.2,8.2,10.4,13.8,11.8,8.2,13.2,33.6,10.6,1.4,16.4,0.054453024453024454,0.7657786357786358,0.16324324324324324,0.016525096525096525,UR,0.7154506835708974,0.0,0.3666666666666667,0.0,0.0,UR,9.6,21,0.0,0.0,0.0,0.0,0.0
size9_comp0.6_grid7_RandomStart_4_1_low,9,0.6,7,low,RandomStart_4_1,random_starts,4,6,10,8,1,1,1,1,5,3,0,0,0.6,0.0,0.0,0.0,48.0,0.31666666666666665,0.3269230769230769,0.2976190476190476,0.0,0.9931191226187016,0.46153846153846156,0.5816818171575584,0.9379406046012742,0.3333333333333333,0.4231811981404725,1.040414995205068,0.5714285714285714,0.7175394906007748,0.28037483539984137,0.31666666666666665,240,19.0,6.4,9.4,13.0,12.6,13.2,8.2,12.6,38.4,10.0,1.4,18.2,0.012142857142857143,0.987857142857143,0.0,0.0,UR,0.07818915243647165,0.0,0.5583333333333333,0.0,0.0,UR,14.0,28,0.0,0.0,0.0,0.0,0.0
size9_comp0.6_grid7_ReflectEnv_low,9,0.6,7,low,ReflectEnv,reflect,3,6,9,5,3,1,1,1,10,4,3,0,0.4,0.3,0.0,0.3,40.1,0.3192019950124688,0.2688821752265861,0.5571428571428572,0.1313440802818405,1.142861782332335,0.3076923076923077,0.3295939553879648,1.3439124127102615,0.3,0.42857614303313774,1.017205138346131,0.3125,0.2677300881097317,0.11664429708414907,0.3192019950124688,401,15.2,7.1,5.4,12.4,12.6,8.7,9.8,8.0,31.0,6.5,0.4,15.8,0.010965608465608465,0.749544252044252,0.07272727272727272,0.16676286676286675,UR,0.48045945241700017,0.0,0.31939655172413794,0.0,0.0,UR,8.6,19,0.8,0.0,0.0,0.0,0.0
size9_comp0.6_grid7_RotateEnv_low,9,0.6,7,low,RotateEnv,rotate,3,6,9,5,3,1,1,1,10,9,8,0,0.9,0.8,0.0,0.8,34.5,0.5449275362318841,0.5242718446601942,0.5755395683453237,0.2705418567918568,1.026623418504975,0.3,0.290982671436715,1.0985233870862678,0.3076923076923077,0.3138917542496517,0.9716410895898687,0.29411764705882354,0.27346396105035176,0.20791831625164958,0.5449275362318841,345,6.3,9.4,7.4,11.4,8.1,8.9,7.0,9.5,21.0,8.6,0.2,4.5,0.045292919799498746,0.08486215538847117,0.6087189126662811,0.261126012145749,DL,1.1213595791940105,0.010416666666666668,0.0,0.011452702702702702,0.0,DL,1.0,5,0.8,0.0,0.0,0.0,0.0
size9_comp0.6_grid7_StartGoalSwap_low,9,0.6,7,low,StartGoalSwap,start_goal_swap,6,3,9,5,3,1,1,1,10,10,6,0,1.0,0.6,0.0,0.6,36.0,0.4444444444444444,0.546875,0.3273809523809524,0.21561119636759235,0.8652224629558015,0.27437343753004817,0.3275337880057108,0.9234341332604766,0.2757663462093197,0.264791258409868,0.7964268525957309,0.2727272727272727,0.4016840502553433,0.25116535372702353,0.4444444444444444,360,16.9,6.6,5.4,7.0,11.9,8.3,6.5,8.1,22.8,6.4,0.3,11.5,0.030869981675828755,0.26424312111343595,0.67686663245134,0.028020264759395196,DL,0.8881580686477232,0.0,0.008333333333333333,0.09706209854291056,0.0,DL,2.4,4,0.9,0.0,0.0,0.0,0.0
size9_comp0.6_grid7_TransposeEnv_low,9,0.6,7,low,TransposeEnv,transpose,3,6,9,5,3,1,1,1,10,10,10,0,1.0,1.0,0.0,1.0,17.6,0.7159090909090909,0.8333333333333334,0.6791044776119403,0.5580847390483614,0.9203371101324003,0.38461538461538464,0.22366216748129933,0.6226844391270123,0.42857142857142855,0.15553791852204776,1.0299986205028062,0.3684210526315789,0.24876057499260254,0.22323125592356363,0.7159090909090909,176,6.1,3.5,2.6,5.4,4.1,4.8,4.8,2.9,6.7,2.7,0.5,1.4,0.43804855275443516,0.3735014005602241,0.12987861811391221,0.05857142857142857,UL,1.1739890417682148,0.0035714285714285713,0.0,0.0,0.0,UL,0.1,1,0.4,0.0,0.0,0.0,0.0
size9_comp0.6_grid7_base_low,9,0.6,7,low,base,base,3,6,9,5,3,1,1,1,10,9,0,0,0.9,0.0,0.0,0.0,48.0,0.2833333333333333,0.47474747474747475,0.2335958005249344,0.0,1.1158152740599012,0.45714285714285713,0.5116623363538877,0.9492206789137076,0.3125,0.3313876875779923,1.2561054594461694,0.5789473684210527,0.6634725669020102,0.2922681014400005,0.2833333333333333,480,21.5,5.5,9.5,11.4,16.3,10.0,11.5,9.0,36.2,6.0,0.5,19.9,0.20066626275949123,0.7962087372405089,0.0,0.003125,UR,0.2831346700398266,0.0,0.4416666666666667,0.0,0.0,UR,16.4,31,0.2,0.0,0.0,0.0,0.0
size9_comp0.6_grid7_walls0_low,9,0.6,7,low,walls0,reshuffled_walls,3,6,9,5,2,1,1,1,5,4,0,0,0.8,0.0,0.0,0.0,48.0,0.2791666666666667,0.40229885057471265,0.20915032679738563,0.0,1.0079642182360113,0.3333333333333333,0.5536057116497929,1.0701886522511481,0.3157894736842105,0.39939536611854337,0.938419262572035,0.35294117647058826,0.725958450772954,0.20579459038240397,0.2791666666666667,240,19.6,7.8,9.4,11.2,14.6,12.2,10.6,9.6,36.0,5.6,1.0,21.2,0.17678007253057965,0.627765382014875,0.19090909090909092,0.004545454545454545,UR,0.5952159517404312,0.0,0.20833333333333334,0.04166666666666667,0.0,UR,6.6,13,0.0,0.0,0.0,0.0,0.0
size9_comp0.6_grid7_walls1_low,9,0.6,7,low,walls1,reshuffled_walls,9,8,17,5,7,1,1,1,3,0,0,1,0.0,0.0,0.3333333333333333,0.0,48.0,0.3333333333333333,0.3333333333333333,0.0,0.0,1.2006513501771483,0.2222222222222222,0.49363887582081895,1.2006513501771483,0.2222222222222222,0.49363887582081895,0.0,0.0,0.0,0.26515640905175786,0.3333333333333333,144,11.666666666666666,14.666666666666666,8.666666666666666,13.0,14.666666666666666,6.666666666666667,12.0,13.666666666666666,41.333333333333336,9.666666666666666,0.0,18.0,0.12049335863377608,0.0,0.8795066413662239,0.0,DL,0.527891997592642,0.0,0.0,0.0,0.0,,0.0,0,0.0,0.0,0.0,0.0,0.0
size9_comp0.6_grid8_RandomStart_6_4_low,9,0.6,8,low,RandomStart_6_4,random_starts,5,6,11,5,4,1,1,1,3,3,1,0,1.0,0.3333333333333333,0.0,0.3333333333333333,47.0,0.3971631205673759,0.5333333333333333,0.2962962962962963,0.08148148148148147,0.845387292878278,0.12,0.3486371751679745,0.8318662438168929,0.14285714285714285,0.24260830063319602,0.8625959007745859,0.09090909090909091,0.4835830154849653,0.2365345765345765,0.3971631205673759,141,16.333333333333332,9.333333333333334,15.0,6.333333333333333,16.333333333333332,10.333333333333334,11.333333333333334,8.0,31.333333333333332,6.333333333333333,0.6666666666666666,18.0,0.2138095238095238,0.18380952380952378,0.33,0.2723809523809524,DL,1.6376111370869877,0.0,0.0,0.0,0.0,,0.0,0,0.0,0.0,0.0,0.0,0.0
size9_comp0.6_grid8_RandomStart_7_1_low,9,0.6,8,low,RandomStart_7_1,random_starts,9,6,15,7,5,1,1,1,1,0,0,0,0.0,0.0,0.0,0.0,48.0,0.3333333333333333,0.3333333333333333,0.0,0.0,0.9606187221424763,0.25,0.4884683030734543,0.9606187221424763,0.25,0.4884683030734543,0.0,0.0,0.0,0.2744227994227994,0.3333333333333333,48,11.0,10.0,13.0,14.0,13.0,9.0,14.0,11.0,36.0,8.0,0.0,20.0,0.0,0.7878787878787878,0.0,0.21212121212121213,UR,0.7455178428108284,0.0,0.3333333333333333,0.0,0.0,UR,13.0,13,1.0,0.0,0.0,0.0,0.0
size9_comp0.6_grid8_ReflectEnv_low,9,0.6,8,low,ReflectEnv,reflect,3,6,9,3,3,1,1,1,10,8,5,1,0.8,0.5,0.1,0.5,35.0,0.44285714285714284,0.48951048951048953,0.4106280193236715,0.17620958751393534,1.253677725977162,0.16666666666666666,0.406649951908932,1.2433592669188502,0.14285714285714285,0.3944640167915133,1.2627063776531848,0.1875,0.4173126451366733,0.08715720873329572,0.44285714285714284,350,8.8,7.6,10.6,8.0,9.4,7.0,8.8,8.8,22.7,6.5,0.7,9.7,0.07200896900034831,0.05574806892453952,0.5167837761004597,0.35545918597465254,DL,1.3157828627143384,0.0,0.0,0.08541666666666667,0.0,DL,1.7,6,0.4,0.0,0.0,0.0,0.0
size9_comp0.6_grid8_RotateEnv_low,9,0.6,8,low,RotateEnv,rotate,3,6,9,3,3,1,1,1,10,9,1,0,0.9,0.1,0.0,0.1,45.5,0.25274725274725274,0.34972677595628415,0.1875,0.0391304347826087,1.2289379229810926,0.13333333333333333,0.4703752395824136,1.4764764599796274,0.09090909090909091,0.394023665098703,1.0856261384029933,0.15789473684210525,0.5145787827045618,0.20156399494325192,0.25274725274725274,455,17.8,6.6,10.7,10.2,16.5,9.1,9.0,9.6,35.5,5.2,2.7,23.9,0.00553030303030303,0.6694430392000725,0.01,0.31502665776962446,UR,0.5865857953041627,0.0,0.28124999999999994,0.0,0.0,UR,8.5,23,0.2,0.0,0.0,0.0,0.0
size9_comp0.6_grid8_StartGoalSwap_low,9,0.6,8,low,StartGoalSwap,start_goal_swap,6,3,9,3,3,1,1,1,10,2,2,8,0.2,0.2,0.8,0.2,15.9,0.44025157232704404,0.4626865671641791,0.32,0.051809210526315784,1.2377696369095412,0.15789473684210525,0.3361080393699731,1.310738979922392,0.21428571428571427,0.301830200320066,1.0334554764735588,0.0,0.4320859887097127,0.22280701754385962,0.44025157232704404,159,2.9,5.8,3.0,4.0,4.0,4.0,4.0,2.6,9.9,2.1,0.7,5.9,0.7678571428571429,0.048214285714285716,0.0625,0.12142857142857144,UL,0.47999574653665816,0.0,0.0,0.015789473684210527,0.0,DL,0.6,6,0.8,0.0,0.0,0.0,0.0
size9_comp0.6_grid8_TransposeEnv_low,9,0.6,8,low,TransposeEnv,transpose,3,6,9,3,3,1,1,1,10,9,7,0,0.9,0.7,0.0,0.7,36.9,0.38482384823848237,0.3300970873786408,0.4539877300613497,0.21537197338127637,1.1895910943620494,0.17142857142857143,0.46892343320979696,1.315628331491506,0.14285714285714285,0.5109640179341565,1.0005352386678639,0.21428571428571427,0.4058625561232576,0.22832458853364376,0.38482384823848237,369,10.9,8.9,8.7,8.4,11.2,7.9,9.0,7.8,26.8,5.2,1.0,15.5,0.1301577126577127,0.673413715913716,0.08333333333333333,0.1130952380952381,UR,0.7741852986462231,0.008333333333333333,0.06635150166852058,0.00625,0.0,UR,2.2,8,0.7,0.0,0.0,0.0,0.0
size9_comp0.6_grid8_base_low,9,0.6,8,low,base,base,3,6,9,3,3,1,1,1,10,9,6,1,0.9,0.6,0.1,0.6,33.4,0.40718562874251496,0.4672897196261682,0.3788546255506608,0.20914754616580175,1.0120530844534363,0.17647058823529413,0.310964729430171,0.9906208403275679,0.1,0.2278181874850113,1.0209831861725482,0.20833333333333334,0.3456091219073209,0.11251590939261671,0.40718562874251496,334,13.2,6.0,8.3,5.9,10.2,8.2,6.6,7.4,24.0,4.9,1.5,13.0,0.2867582964539487,0.07333333333333333,0.584723185027533,0.055185185185185184,DL,0.9227656496904555,0.008333333333333333,0.0,0.08413547237076649,0.0,DL,2.6,15,0.6,0.0,0.0,0.0,0.0
size9_comp0.6_grid8_walls0_low,9,0.6,8,low,walls0,reshuffled_walls,5,8,13,3,5,1,1,1,3,3,0,0,1.0,0.0,0.0,0.0,48.0,0.4444444444444444,0.5098039215686274,0.40860215053763443,0.0,0.9963054291810867,0.19230769230769232,0.3507757663985686,0.7682473455225793,0.15384615384615385,0.2785771555069297,1.2243635128395938,0.23076923076923078,0.42297437729020765,0.20657719473508948,0.4444444444444444,144,12.0,13.0,12.333333333333334,10.666666666666666,10.666666666666666,14.0,11.333333333333334,11.0,34.666666666666664,8.666666666666666,0.3333333333333333,13.333333333333334,0.16666666666666666,0.0,0.6796814296814296,0.15365190365190365,DL,0.8998688741947268,0.0,0.0,0.3958333333333333,0.0,DL,13.0,19,1.0,0.0,0.0,0.0,0.0
size9_comp0.6_grid8_walls1_low,9,0.6,8,low,walls1,reshuffled_walls,3,6,9,3,3,1,1,1,5,4,2,1,0.8,0.4,0.2,0.4,35.8,0.41899441340782123,0.4567901234567901,0.3877551020408163,0.10285714285714284,0.7840579302636737,0.21671321430631874,0.33811761808933183,1.1260147339062478,0.21428571428571427,0.35142620578847955,0.5560867278352907,0.21833154765338839,0.3292452262899,0.1344491129785248,0.41899441340782123,179,14.6,6.2,8.6,6.4,10.4,9.0,8.2,7.2,24.6,5.2,1.6,11.4,0.196336777954425,0.03333333333333333,0.6316043985161632,0.13872549019607844,DL,0.9787508272495729,0.004166666666666667,0.0,0.09199134199134198,0.0,DL,2.4,7,0.6,0.0,0.0,0.0,0.0
size9_comp0.6_grid9_RandomStart_1_7_low,9,0.6,9,low,RandomStart_1_7,random_starts,10,9,19,5,9,1,1,1,1,0,0,0,0.0,0.0,0.0,0.0,48.0,0.4791666666666667,0.4791666666666667,0.0,0.0,0.9023777780736366,0.38461538461538464,0.4461572956382084,0.9023777780736366,0.38461538461538464,0.4461572956382084,0.0,0.0,0.0,0.11538461538461538,0.4791666666666667,48,12.0,13.0,11.0,12.0,5.0,14.0,9.0,19.0,35.0,13.0,0.0,9.0,0.02631578947368421,0.0,0.9473684210526315,0.02631578947368421,DL,0.35010382786665806,0.0,0.0,0.5625,0.0,DL,11.0,11,1.0,0.0,0.0,0.0,0.0
size9_comp0.6_grid9_RandomStart_7_2_low,9,0.6,9,low,RandomStart_7_2,random_starts,1,9,10,8,1,1,1,1,1,1,0,0,1.0,0.0,0.0,0.0,48.0,0.2916666666666667,1.0,0.2765957446808511,0.0,0.6986382699050968,0.18181818181818182,0.48555812240201335,0.0,0.0,0.0,0.7685020968956064,0.2,0.5341139346422147,0.2058080808080808,0.2916666666666667,48,27.0,5.0,11.0,5.0,14.0,14.0,8.0,11.0,38.0,7.0,3.0,27.0,0.6666666666666666,0.3333333333333333,0.0,0.0,UL,0.9182958340544896,0.20833333333333334,0.16666666666666666,0.0,0.0,UL,5.0,5,0.0,0.0,0.0,0.0,0.0
size9_comp0.6_grid9_ReflectEnv_low,9,0.6,9,low,ReflectEnv,reflect,4,9,13,7,3,1,1,1,10,6,3,0,0.6,0.3,0.0,0.3,44.3,0.35665914221218964,0.32507739938080493,0.44166666666666665,0.11545238095238095,1.0747479280174963,0.2857142857142857,0.38934057942485356,1.2211955328730448,0.21428571428571427,0.43032841596367427,0.9771161914471309,0.3333333333333333,0.3620153550656398,0.22673290742828747,0.35665914221218964,443,16.2,8.1,10.3,9.7,15.3,9.3,8.5,10.2,33.7,7.0,1.4,18.4,0.7042881693270708,0.2671404021015005,0.023809523809523808,0.0047619047619047615,UL,0.7108217859446915,0.08591666666666666,0.044511904761904766,0.0,0.0,UL,3.7,17,0.1,0.9,0.0,0.0,0.0
size9_comp0.6_grid9_RotateEnv_low,9,0.6,9,low,RotateEnv,rotate,4,9,13,7,3,1,1,1,10,9,0,0,0.9,0.0,0.0,0.0,48.0,0.3416666666666667,0.35233160621761656,0.3344947735191638,0.0,0.9898791383525755,0.35,0.4851983137599425,0.79732965486825,0.2857142857142857,0.4135712818760431,1.09355962945952,0.38461538461538464,0.5237667155435806,0.35158377639084293,0.3416666666666667,480,13.0,7.8,11.2,16.0,16.6,10.7,11.3,8.4,32.7,6.0,2.8,20.0,0.5920434395883312,0.3021220962397433,0.06436728270474401,0.041467181467181466,UL,1.1657182999082527,0.18125,0.016666666666666666,0.0020833333333333333,0.008333333333333333,UL,7.0,14,0.0,0.8,0.0,0.0,0.0
size9_comp0.6_grid9_StartGoalSwap_low,9,0.6,9,low,StartGoalSwap,start_goal_swap,9,4,13,7,3,1,1,1,10,2,0,0,0.2,0.0,0.0,0.0,48.0,0.39375,0.41843971631205673,0.21052631578947367,0.0,1.1929737077202638,0.3170731707317073,0.44888734623529924,1.3078906026516663,0.3225806451612903,0.388262555319308,0.8367313334329157,0.3,0.6368241980748721,0.16915143456266213,0.39375,480,13.1,14.8,8.3,11.7,12.2,11.6,11.0,12.0,35.1,9.4,0.2,13.5,0.15949603504709672,0.20059501361826942,0.6005395819652646,0.03936936936936937,DL,0.779641824827643,0.060416666666666674,0.06666666666666667,0.32500000000000007,0.0,DL,10.3,19,0.0,0.3,0.0,0.0,0.0
size9_comp0.6_grid9_TransposeEnv_low,9,0.6,9,low,TransposeEnv,transpose,4,9,13,7,3,1,1,1,10,6,5,0,0.6,0.5,0.0,0.5,40.6,0.47044334975369456,0.4074074074074074,0.6422018348623854,0.2037084559224147,1.0661112826456116,0.32432432432432434,0.40016530945719986,1.2188950778110892,0.3181818181818182,0.5310883742587328,0.8420283830695781,0.3333333333333333,0.20814481441495153,0.1346022268772693,0.47044334975369456,406,11.3,11.1,10.9,7.3,10.6,9.2,9.9,9.9,29.2,7.9,0.7,10.1,0.24250673378849422,0.09111111111111111,0.6641599328781724,0.0022222222222222222,DL,0.668576820628558,0.06898278304456794,0.04375,0.05416666666666666,0.0,UL,5.5,22,0.1,0.8,0.0,0.0,0.0
size9_comp0.6_grid9_base_low,9,0.6,9,low,base,base,4,9,13,7,3,1,1,1,10,9,3,0,0.9,0.3,0.0,0.3,44.1,0.40816326530612246,0.5512820512820513,0.3298245614035088,0.11148926237161531,1.085017039410813,0.34285714285714286,0.38664228693458075,1.061000742732869,0.35,0.37143058232012915,1.1170387683147385,0.3333333333333333,0.4069245597538495,0.10695226363652276,0.40816326530612246,441,20.8,7.1,8.8,7.4,18.3,8.9,8.5,7.4,29.8,5.8,0.4,18.0,0.24037408439888322,0.6426548406990075,0.06206896551724138,0.054902109384868,UR,0.9372772697662063,0.07793417366946778,0.1525910364145658,0.022916666666666665,0.0,UR,8.1,16,0.0,0.9,0.0,0.0,0.0
size9_comp0.6_grid9_walls0_low,9,0.6,9,low,walls0,reshuffled_walls,6,9,15,3,6,1,1,1,5,1,0,0,0.2,0.0,0.0,0.0,48.0,0.44166666666666665,0.44954128440366975,0.36363636363636365,0.0,1.0402305653644848,0.3207564394157926,0.39742450741374724,1.1124476436107233,0.2917293269508137,0.3624675273588969,0.7719957033070262,0.42857142857142855,0.5272647190460483,0.21490263835465073,0.44166666666666665,240,13.2,15.4,9.4,10.0,12.4,8.8,12.4,13.4,32.4,11.2,0.2,8.0,0.0887227028403499,0.19606996606996607,0.4326170173228997,0.28259031376678434,DL,1.3618898559744168,0.0,0.08333333333333334,0.020833333333333336,0.0375,UR,3.4,9,0.0,0.2,0.0,0.0,0.0
size9_comp0.6_grid9_walls1_low,9,0.6,9,low,walls1,reshuffled_walls,4,7,11,3,4,1,1,1,5,5,0,0,1.0,0.0,0.0,0.0,48.0,0.3375,0.39622641509433965,0.291044776119403,0.0,0.8372905719082168,0.21949875002403854,0.38202589135323584,0.9263407103842815,0.2,0.2768049619405498,0.7482404334321522,0.23899750004807707,0.4872468207659218,0.22365791615791614,0.3375,240,19.0,7.0,12.4,9.6,16.0,11.4,11.2,8.4,34.0,5.4,0.0,23.2,0.39830780865948195,0.43919219134051807,0.125,0.0375,UR,1.1778007805868207,0.12916666666666668,0.14583333333333331,0.0,0.0,UR,7.0,11,0.4,0.4,0.0,0.0,0.0
