trajectory_id,grid_id,grid_key,grid_size,density,reasoning_effort,transform_type,trajectory_category,collect_mode,start_to_coin1_distance,start_to_coin2_distance,coin1_to_coin2_distance,coin2_to_coin1_distance,coin1_to_goal_distance,coin2_to_goal_distance,optimal_total_distance,coin1_reachable_from_start,coin2_reachable_from_start,goal_reachable_from_start,goal_reachable_from_coin1,goal_reachable_from_coin2,reached_goal,num_coins_collected,coin1_collected,coin2_collected,coin1_collection_step,coin2_collection_step,success,trajectory_length,spl,action_accuracy,action_accuracy_phase1,action_accuracy_phase2,action_accuracy_phase3,num_actions_up,num_actions_down,num_actions_left,num_actions_right,num_steps_front,num_steps_left_turn,num_steps_right_turn,num_steps_back,num_cell_revisits,num_immediate_revisits,num_coin_oscillations,num_invalid_actions,invalid_action_rate
0,0,collect_one_size11_comp0.0_grid0_base_medium,11,0.0,medium,base,base,collect_one,8,5,5,5,8,13,16,1,1,1,1,1,1,2,1,1,7,18,1,34,0.47058823529411764,0.7352941176470589,1.0,0.6538461538461539,0.0,8,8,13,5,15,6,7,5,9,5,2,0,0.0
1,0,collect_one_size11_comp0.0_grid0_base_medium,11,0.0,medium,base,base,collect_one,8,5,5,5,8,13,16,1,1,1,1,1,1,2,1,1,7,20,1,46,0.34782608695652173,0.6739130434782609,1.0,0.6052631578947368,0.0,12,12,15,7,6,11,15,13,17,13,2,0,0.0
2,0,collect_one_size11_comp0.0_grid0_base_medium,11,0.0,medium,base,base,collect_one,8,5,5,5,8,13,16,1,1,1,1,1,1,2,1,1,15,26,1,48,0.3333333333333333,0.6666666666666666,0.75,0.625,0.0,10,10,18,10,14,11,13,9,20,9,2,0,0.0
3,0,collect_one_size11_comp0.0_grid0_base_medium,11,0.0,medium,base,base,collect_one,8,5,5,5,8,13,16,1,1,1,1,1,1,2,1,1,7,12,1,32,0.5,0.75,1.0,0.6666666666666666,0.0,8,8,12,4,15,7,4,5,8,5,3,0,0.0
4,0,collect_one_size11_comp0.0_grid0_base_medium,11,0.0,medium,base,base,collect_one,8,5,5,5,8,13,16,1,1,1,1,1,1,2,1,1,9,4,1,18,0.8888888888888888,1.0,1.0,1.0,0.0,5,5,8,0,10,4,3,0,0,0,0,0,0.0
5,0,collect_one_size11_comp0.0_grid0_base_medium,11,0.0,medium,base,base,collect_one,8,5,5,5,8,13,16,1,1,1,1,1,1,2,1,1,15,8,1,30,0.5333333333333333,0.8,0.7777777777777778,0.8095238095238095,0.0,9,9,10,2,9,9,7,4,5,4,1,0,0.0
6,0,collect_one_size11_comp0.0_grid0_base_medium,11,0.0,medium,base,base,collect_one,8,5,5,5,8,13,16,1,1,1,1,1,1,2,1,1,9,16,1,32,0.5,0.75,0.9,0.6818181818181818,0.0,8,8,12,4,10,7,10,4,9,4,3,0,0.0
7,0,collect_one_size11_comp0.0_grid0_base_medium,11,0.0,medium,base,base,collect_one,8,5,5,5,8,13,16,1,1,1,1,1,1,2,1,1,7,18,1,46,0.34782608695652173,0.6739130434782609,1.0,0.6052631578947368,0.0,14,14,13,5,13,9,14,9,14,9,5,0,0.0
8,0,collect_one_size11_comp0.0_grid0_base_medium,11,0.0,medium,base,base,collect_one,8,5,5,5,8,13,16,1,1,1,1,1,1,2,1,1,7,14,1,30,0.5333333333333333,0.7666666666666667,1.0,0.6818181818181818,0.0,7,7,12,4,13,8,5,3,9,3,2,0,0.0
9,0,collect_one_size11_comp0.0_grid0_base_medium,11,0.0,medium,base,base,collect_one,8,5,5,5,8,13,16,1,1,1,1,1,1,2,1,1,7,12,1,30,0.5333333333333333,0.7666666666666667,1.0,0.6818181818181818,0.0,7,7,12,4,10,7,9,3,8,3,4,0,0.0
0,1,collect_one_size11_comp0.0_grid1_base_medium,11,0.0,medium,base,base,collect_one,11,4,11,11,4,7,11,1,1,1,1,1,1,2,1,1,18,7,1,23,0.4782608695652174,0.7391304347826086,0.75,0.7333333333333333,0.0,9,3,6,5,10,5,3,4,4,4,0,0,0.0
1,1,collect_one_size11_comp0.0_grid1_base_medium,11,0.0,medium,base,base,collect_one,11,4,11,11,4,7,11,1,1,1,1,1,1,2,1,1,18,5,1,30,0.36666666666666664,0.6666666666666666,0.8333333333333334,0.625,0.0,11,4,8,7,9,11,5,4,7,4,0,1,0.03333333333333333
2,1,collect_one_size11_comp0.0_grid1_base_medium,11,0.0,medium,base,base,collect_one,11,4,11,11,4,7,11,1,1,1,1,1,1,2,1,1,15,4,1,20,0.55,0.75,0.8,0.7333333333333333,0.0,8,3,5,4,6,4,6,3,4,2,2,1,0.05
3,1,collect_one_size11_comp0.0_grid1_base_medium,11,0.0,medium,base,base,collect_one,11,4,11,11,4,7,11,1,1,1,1,1,1,2,1,1,18,5,1,23,0.4782608695652174,0.7391304347826086,0.8333333333333334,0.7058823529411765,0.0,10,4,5,4,10,5,3,4,4,4,1,0,0.0
4,1,collect_one_size11_comp0.0_grid1_base_medium,11,0.0,medium,base,base,collect_one,11,4,11,11,4,7,11,1,1,1,1,1,1,2,1,1,16,5,1,21,0.5238095238095238,0.7619047619047619,0.8333333333333334,0.7333333333333333,0.0,9,3,5,4,8,6,4,2,2,2,1,0,0.0
5,1,collect_one_size11_comp0.0_grid1_base_medium,11,0.0,medium,base,base,collect_one,11,4,11,11,4,7,11,1,1,1,1,1,1,2,1,1,17,6,1,22,0.5,0.7272727272727273,0.7142857142857143,0.7333333333333333,0.0,9,4,5,4,7,5,6,3,3,2,0,1,0.045454545454545456
6,1,collect_one_size11_comp0.0_grid1_base_medium,11,0.0,medium,base,base,collect_one,11,4,11,11,4,7,11,1,1,1,1,1,1,2,1,1,15,4,1,20,0.55,0.75,0.8,0.7333333333333333,0.0,8,3,5,4,9,4,4,2,2,1,1,1,0.05
7,1,collect_one_size11_comp0.0_grid1_base_medium,11,0.0,medium,base,base,collect_one,11,4,11,11,4,7,11,1,1,1,1,1,1,2,1,1,18,7,1,23,0.4782608695652174,0.7391304347826086,0.75,0.7333333333333333,0.0,10,4,5,4,9,3,7,3,4,3,0,0,0.0
8,1,collect_one_size11_comp0.0_grid1_base_medium,11,0.0,medium,base,base,collect_one,11,4,11,11,4,7,11,1,1,1,1,1,1,2,1,1,22,9,1,27,0.4074074074074074,0.7037037037037037,0.7,0.7058823529411765,0.0,10,4,7,6,5,9,9,3,4,3,0,0,0.0
9,1,collect_one_size11_comp0.0_grid1_base_medium,11,0.0,medium,base,base,collect_one,11,4,11,11,4,7,11,1,1,1,1,1,1,2,1,1,15,4,1,20,0.55,0.75,0.8,0.7333333333333333,0.0,8,3,5,4,7,5,5,2,4,1,1,1,0.05
0,2,collect_one_size11_comp0.0_grid2_base_medium,11,0.0,medium,base,base,collect_one,7,6,5,5,4,7,11,1,1,1,1,1,1,2,1,1,10,5,1,15,0.7333333333333333,0.9333333333333333,1.0,0.8888888888888888,0.0,5,3,1,6,6,5,3,0,0,0,0,0,0.0
1,2,collect_one_size11_comp0.0_grid2_base_medium,11,0.0,medium,base,base,collect_one,7,6,5,5,4,7,11,1,1,1,1,1,1,2,1,1,8,13,1,27,0.4074074074074074,0.7037037037037037,0.8888888888888888,0.6111111111111112,0.0,9,7,3,8,10,4,5,7,10,7,4,0,0.0
2,2,collect_one_size11_comp0.0_grid2_base_medium,11,0.0,medium,base,base,collect_one,7,6,5,5,4,7,11,1,1,1,1,1,1,2,1,1,6,15,1,29,0.3793103448275862,0.6896551724137931,1.0,0.5909090909090909,0.0,9,7,4,9,10,2,9,7,10,7,2,0,0.0
3,2,collect_one_size11_comp0.0_grid2_base_medium,11,0.0,medium,base,base,collect_one,7,6,5,5,4,7,11,1,1,1,1,1,1,2,1,1,6,15,1,23,0.4782608695652174,0.7391304347826086,1.0,0.625,0.0,7,5,3,8,9,4,6,3,4,3,1,0,0.0
4,2,collect_one_size11_comp0.0_grid2_base_medium,11,0.0,medium,base,base,collect_one,7,6,5,5,4,7,11,1,1,1,1,1,1,1,1,0,6,-1,1,19,0.5789473684210527,0.7894736842105263,1.0,0.6666666666666666,0.0,5,3,3,8,6,4,6,2,6,2,2,0,0.0
5,2,collect_one_size11_comp0.0_grid2_base_medium,11,0.0,medium,base,base,collect_one,7,6,5,5,4,7,11,1,1,1,1,1,1,2,1,1,18,11,1,23,0.4782608695652174,0.782608695652174,0.75,0.8181818181818182,0.0,8,6,2,7,7,4,8,3,6,3,0,0,0.0
6,2,collect_one_size11_comp0.0_grid2_base_medium,11,0.0,medium,base,base,collect_one,7,6,5,5,4,7,11,1,1,1,1,1,1,2,1,1,10,5,1,21,0.5238095238095238,0.8095238095238095,1.0,0.7333333333333333,0.0,5,3,4,9,8,5,4,3,3,3,1,0,0.0
7,2,collect_one_size11_comp0.0_grid2_base_medium,11,0.0,medium,base,base,collect_one,7,6,5,5,4,7,11,1,1,1,1,1,1,2,1,1,10,5,1,15,0.7333333333333333,0.9333333333333333,1.0,0.8888888888888888,0.0,5,3,1,6,6,5,3,0,0,0,0,0,0.0
8,2,collect_one_size11_comp0.0_grid2_base_medium,11,0.0,medium,base,base,collect_one,7,6,5,5,4,7,11,1,1,1,1,1,1,2,1,1,10,5,1,15,0.7333333333333333,0.9333333333333333,1.0,0.8888888888888888,0.0,5,3,1,6,7,3,3,1,1,1,1,0,0.0
9,2,collect_one_size11_comp0.0_grid2_base_medium,11,0.0,medium,base,base,collect_one,7,6,5,5,4,7,11,1,1,1,1,1,1,2,1,1,14,5,1,21,0.5238095238095238,0.8095238095238095,1.0,0.7333333333333333,0.0,7,5,2,7,9,3,6,2,3,2,1,0,0.0
0,3,collect_one_size11_comp0.0_grid3_base_medium,11,0.0,medium,base,base,collect_one,7,9,6,6,4,8,11,1,1,1,1,1,1,2,1,1,14,20,1,33,0.3333333333333333,0.6666666666666666,0.7333333333333333,0.6111111111111112,0.0,5,11,7,10,13,8,7,4,9,4,1,0,0.0
1,3,collect_one_size11_comp0.0_grid3_base_medium,11,0.0,medium,base,base,collect_one,7,9,6,6,4,8,11,1,1,1,1,1,1,2,1,1,12,24,1,35,0.3142857142857143,0.6571428571428571,0.7692307692307693,0.5909090909090909,0.0,6,12,7,10,13,6,9,6,11,6,4,0,0.0
2,3,collect_one_size11_comp0.0_grid3_base_medium,11,0.0,medium,base,base,collect_one,7,9,6,6,4,8,11,1,1,1,1,1,1,2,1,1,10,18,1,27,0.4074074074074074,0.7037037037037037,0.8181818181818182,0.625,0.0,4,10,5,8,13,7,2,4,9,4,2,0,0.0
3,3,collect_one_size11_comp0.0_grid3_base_medium,11,0.0,medium,base,base,collect_one,7,9,6,6,4,8,11,1,1,1,1,1,1,2,1,1,10,16,1,25,0.44,0.72,0.8181818181818182,0.6428571428571429,0.0,2,8,6,9,15,3,4,2,6,2,1,0,0.0
4,3,collect_one_size11_comp0.0_grid3_base_medium,11,0.0,medium,base,base,collect_one,7,9,6,6,4,8,11,1,1,1,1,1,1,2,1,1,10,22,1,33,0.3333333333333333,0.6666666666666666,0.8181818181818182,0.5909090909090909,0.0,2,8,10,13,16,2,5,9,13,9,1,0,0.0
5,3,collect_one_size11_comp0.0_grid3_base_medium,11,0.0,medium,base,base,collect_one,7,9,6,6,4,8,11,1,1,1,1,1,1,2,1,1,8,18,1,29,0.3793103448275862,0.6896551724137931,0.8888888888888888,0.6,0.0,5,11,5,8,8,7,8,5,10,5,3,0,0.0
6,3,collect_one_size11_comp0.0_grid3_base_medium,11,0.0,medium,base,base,collect_one,7,9,6,6,4,8,11,1,1,1,1,1,1,2,1,1,6,12,1,21,0.5238095238095238,0.7619047619047619,1.0,0.6428571428571429,0.0,2,8,4,7,14,2,3,1,3,1,1,0,0.0
7,3,collect_one_size11_comp0.0_grid3_base_medium,11,0.0,medium,base,base,collect_one,7,9,6,6,4,8,11,1,1,1,1,1,1,2,1,1,6,12,1,21,0.5238095238095238,0.7619047619047619,1.0,0.6428571428571429,0.0,2,8,4,7,14,2,3,1,5,1,1,0,0.0
8,3,collect_one_size11_comp0.0_grid3_base_medium,11,0.0,medium,base,base,collect_one,7,9,6,6,4,8,11,1,1,1,1,1,1,2,1,1,8,18,1,29,0.3793103448275862,0.6896551724137931,0.8888888888888888,0.6,0.0,4,10,6,9,10,5,6,7,10,7,2,0,0.0
9,3,collect_one_size11_comp0.0_grid3_base_medium,11,0.0,medium,base,base,collect_one,7,9,6,6,4,8,11,1,1,1,1,1,1,2,1,1,10,16,1,29,0.3793103448275862,0.6896551724137931,0.8181818181818182,0.6111111111111112,0.0,4,10,6,9,10,7,8,3,6,3,4,0,0.0
0,4,collect_one_size11_comp0.0_grid4_base_medium,11,0.0,medium,base,base,collect_one,4,5,9,9,4,9,8,1,1,1,1,1,1,2,1,1,5,22,1,32,0.25,0.625,0.8333333333333334,0.5769230769230769,0.0,9,13,5,5,11,5,9,6,11,6,1,0,0.0
1,4,collect_one_size11_comp0.0_grid4_base_medium,11,0.0,medium,base,base,collect_one,4,5,9,9,4,9,8,1,1,1,1,1,1,2,1,1,3,20,1,34,0.23529411764705882,0.6176470588235294,1.0,0.5666666666666667,0.0,8,12,7,7,9,7,11,6,6,6,0,0,0.0
2,4,collect_one_size11_comp0.0_grid4_base_medium,11,0.0,medium,base,base,collect_one,4,5,9,9,4,9,8,1,1,1,1,1,1,2,1,1,5,16,1,30,0.26666666666666666,0.6333333333333333,0.8333333333333334,0.5833333333333334,0.0,9,13,4,4,11,6,5,7,9,7,2,0,0.0
3,4,collect_one_size11_comp0.0_grid4_base_medium,11,0.0,medium,base,base,collect_one,4,5,9,9,4,9,8,1,1,1,1,1,1,2,1,1,3,12,1,28,0.2857142857142857,0.6428571428571429,1.0,0.5833333333333334,0.0,8,12,4,4,14,4,5,4,5,4,1,0,0.0
4,4,collect_one_size11_comp0.0_grid4_base_medium,11,0.0,medium,base,base,collect_one,4,5,9,9,4,9,8,1,1,1,1,1,1,2,1,1,7,20,1,32,0.25,0.625,0.75,0.5833333333333334,0.0,7,11,7,7,10,7,9,5,12,5,1,0,0.0
5,4,collect_one_size11_comp0.0_grid4_base_medium,11,0.0,medium,base,base,collect_one,4,5,9,9,4,9,8,1,1,1,1,1,1,2,1,1,7,16,1,28,0.2857142857142857,0.6428571428571429,0.75,0.6,0.0,7,11,5,5,10,6,7,4,9,4,2,0,0.0
6,4,collect_one_size11_comp0.0_grid4_base_medium,11,0.0,medium,base,base,collect_one,4,5,9,9,4,9,8,1,1,1,1,1,1,2,1,1,5,14,1,24,0.3333333333333333,0.6666666666666666,0.8333333333333334,0.6111111111111112,0.0,6,10,4,4,14,5,4,0,1,0,0,0,0.0
7,4,collect_one_size11_comp0.0_grid4_base_medium,11,0.0,medium,base,base,collect_one,4,5,9,9,4,9,8,1,1,1,1,1,1,2,1,1,16,6,1,21,0.38095238095238093,0.8095238095238095,0.8571428571428571,0.7857142857142857,0.0,4,7,5,5,9,6,3,2,4,1,0,1,0.047619047619047616
8,4,collect_one_size11_comp0.0_grid4_base_medium,11,0.0,medium,base,base,collect_one,4,5,9,9,4,9,8,1,1,1,1,1,1,2,1,1,5,14,1,28,0.2857142857142857,0.6428571428571429,0.8333333333333334,0.5909090909090909,0.0,7,11,5,5,13,3,4,7,8,7,1,0,0.0
9,4,collect_one_size11_comp0.0_grid4_base_medium,11,0.0,medium,base,base,collect_one,4,5,9,9,4,9,8,1,1,1,1,1,1,2,1,1,3,14,1,26,0.3076923076923077,0.6538461538461539,1.0,0.5909090909090909,0.0,5,9,6,6,10,7,5,3,9,3,1,0,0.0
0,5,collect_one_size11_comp0.0_grid5_base_medium,11,0.0,medium,base,base,collect_one,3,9,6,6,8,8,11,1,1,1,1,1,1,2,1,1,2,10,1,21,0.5238095238095238,0.7619047619047619,1.0,0.7222222222222222,0.0,6,3,5,7,8,4,8,0,0,0,0,0,0.0
1,5,collect_one_size11_comp0.0_grid5_base_medium,11,0.0,medium,base,base,collect_one,3,9,6,6,8,8,11,1,1,1,1,1,1,2,1,1,2,8,1,23,0.4782608695652174,0.7391304347826086,1.0,0.7,0.0,7,4,5,7,11,3,6,2,3,2,0,0,0.0
2,5,collect_one_size11_comp0.0_grid5_base_medium,11,0.0,medium,base,base,collect_one,3,9,6,6,8,8,11,1,1,1,1,1,1,2,1,1,2,12,1,21,0.5238095238095238,0.7142857142857143,1.0,0.6666666666666666,0.0,6,3,6,6,8,5,6,1,2,0,0,2,0.09523809523809523
3,5,collect_one_size11_comp0.0_grid5_base_medium,11,0.0,medium,base,base,collect_one,3,9,6,6,8,8,11,1,1,1,1,1,1,2,1,1,4,10,1,21,0.5238095238095238,0.7619047619047619,0.8,0.75,0.0,7,4,4,6,11,2,5,2,2,2,0,0,0.0
4,5,collect_one_size11_comp0.0_grid5_base_medium,11,0.0,medium,base,base,collect_one,3,9,6,6,8,8,11,1,1,1,1,1,1,2,1,1,2,8,1,17,0.6470588235294118,0.8235294117647058,1.0,0.7857142857142857,0.0,6,3,3,5,11,1,4,0,0,0,0,0,0.0
5,5,collect_one_size11_comp0.0_grid5_base_medium,11,0.0,medium,base,base,collect_one,3,9,6,6,8,8,11,1,1,1,1,1,1,2,1,1,4,10,1,23,0.4782608695652174,0.7391304347826086,0.8,0.7222222222222222,0.0,8,5,4,6,12,6,3,1,2,1,1,0,0.0
6,5,collect_one_size11_comp0.0_grid5_base_medium,11,0.0,medium,base,base,collect_one,3,9,6,6,8,8,11,1,1,1,1,1,1,2,1,1,4,15,1,26,0.4230769230769231,0.6538461538461539,0.8,0.6190476190476191,0.0,7,4,8,7,11,5,7,2,5,2,0,3,0.11538461538461539
7,5,collect_one_size11_comp0.0_grid5_base_medium,11,0.0,medium,base,base,collect_one,3,9,6,6,8,8,11,1,1,1,1,1,1,2,1,1,2,12,1,25,0.44,0.68,1.0,0.6363636363636364,0.0,8,5,6,6,13,3,7,1,3,1,0,2,0.08
8,5,collect_one_size11_comp0.0_grid5_base_medium,11,0.0,medium,base,base,collect_one,3,9,6,6,8,8,11,1,1,1,1,1,1,2,1,1,2,12,1,27,0.4074074074074074,0.7037037037037037,1.0,0.6666666666666666,0.0,7,4,7,9,11,2,8,5,5,5,2,0,0.0
9,5,collect_one_size11_comp0.0_grid5_base_medium,11,0.0,medium,base,base,collect_one,3,9,6,6,8,8,11,1,1,1,1,1,1,2,1,1,2,10,1,19,0.5789473684210527,0.7894736842105263,1.0,0.75,0.0,6,3,4,6,10,3,4,1,2,1,1,0,0.0
0,6,collect_one_size11_comp0.0_grid6_base_medium,11,0.0,medium,base,base,collect_one,5,5,8,8,13,5,10,1,1,1,1,1,1,2,1,1,16,6,1,30,0.3333333333333333,0.6666666666666666,0.8571428571428571,0.6086956521739131,0.0,7,10,4,9,17,3,5,4,4,4,2,0,0.0
1,6,collect_one_size11_comp0.0_grid6_base_medium,11,0.0,medium,base,base,collect_one,5,5,8,8,13,5,10,1,1,1,1,1,1,2,1,1,22,14,1,36,0.2777777777777778,0.6388888888888888,0.6666666666666666,0.6190476190476191,0.0,10,13,4,9,20,5,4,6,9,6,1,0,0.0
2,6,collect_one_size11_comp0.0_grid6_base_medium,11,0.0,medium,base,base,collect_one,5,5,8,8,13,5,10,1,1,1,1,1,1,2,1,1,13,4,1,27,0.37037037037037035,0.6666666666666666,1.0,0.5909090909090909,0.0,6,8,4,9,9,9,7,1,4,1,2,1,0.037037037037037035
3,6,collect_one_size11_comp0.0_grid6_base_medium,11,0.0,medium,base,base,collect_one,5,5,8,8,13,5,10,1,1,1,1,1,1,2,1,1,12,4,1,26,0.38461538461538464,0.6923076923076923,1.0,0.6190476190476191,0.0,5,8,4,9,11,7,6,1,6,1,1,0,0.0
4,6,collect_one_size11_comp0.0_grid6_base_medium,11,0.0,medium,base,base,collect_one,5,5,8,8,13,5,10,1,1,1,1,1,1,2,1,1,14,6,1,28,0.35714285714285715,0.6785714285714286,0.8571428571428571,0.6190476190476191,0.0,6,9,4,9,8,9,9,1,8,1,1,0,0.0
5,6,collect_one_size11_comp0.0_grid6_base_medium,11,0.0,medium,base,base,collect_one,5,5,8,8,13,5,10,1,1,1,1,1,1,2,1,1,24,14,1,38,0.2631578947368421,0.631578947368421,0.6666666666666666,0.6086956521739131,0.0,10,13,5,10,14,8,10,5,8,5,1,0,0.0
6,6,collect_one_size11_comp0.0_grid6_base_medium,11,0.0,medium,base,base,collect_one,5,5,8,8,13,5,10,1,1,1,1,1,1,2,1,1,12,4,1,27,0.37037037037037035,0.6666666666666666,1.0,0.5909090909090909,0.0,5,9,4,9,15,4,5,2,6,2,2,1,0.037037037037037035
7,6,collect_one_size11_comp0.0_grid6_base_medium,11,0.0,medium,base,base,collect_one,5,5,8,8,13,5,10,1,1,1,1,1,1,2,1,1,16,7,1,30,0.3333333333333333,0.6333333333333333,0.75,0.5909090909090909,0.0,7,9,4,9,14,7,5,1,6,1,1,1,0.03333333333333333
8,6,collect_one_size11_comp0.0_grid6_base_medium,11,0.0,medium,base,base,collect_one,5,5,8,8,13,5,10,1,1,1,1,1,1,2,1,1,14,6,1,28,0.35714285714285715,0.6785714285714286,0.8571428571428571,0.6190476190476191,0.0,6,9,4,9,9,8,8,2,5,2,1,0,0.0
9,6,collect_one_size11_comp0.0_grid6_base_medium,11,0.0,medium,base,base,collect_one,5,5,8,8,13,5,10,1,1,1,1,1,1,2,1,1,14,6,1,28,0.35714285714285715,0.6785714285714286,0.8571428571428571,0.6190476190476191,0.0,6,9,4,9,15,5,5,2,5,2,0,0,0.0
0,7,collect_one_size11_comp0.0_grid7_base_medium,11,0.0,medium,base,base,collect_one,4,11,7,7,7,12,11,1,1,1,1,1,1,2,1,1,3,14,1,31,0.3548387096774194,0.6774193548387096,1.0,0.6296296296296297,0.0,4,12,7,8,7,8,9,6,6,6,0,0,0.0
1,7,collect_one_size11_comp0.0_grid7_base_medium,11,0.0,medium,base,base,collect_one,4,11,7,7,7,12,11,1,1,1,1,1,1,2,1,1,5,22,1,41,0.2682926829268293,0.6341463414634146,0.8333333333333334,0.6,0.0,9,17,7,8,13,6,11,10,11,10,1,0,0.0
2,7,collect_one_size11_comp0.0_grid7_base_medium,11,0.0,medium,base,base,collect_one,4,11,7,7,7,12,11,1,1,1,1,1,1,2,1,1,5,14,1,33,0.3333333333333333,0.6666666666666666,0.8333333333333334,0.6296296296296297,0.0,3,11,9,10,13,2,10,7,7,7,5,0,0.0
3,7,collect_one_size11_comp0.0_grid7_base_medium,11,0.0,medium,base,base,collect_one,4,11,7,7,7,12,11,1,1,1,1,1,1,2,1,1,5,12,1,25,0.44,0.72,0.8333333333333334,0.6842105263157895,0.0,0,8,8,9,13,5,5,1,1,1,0,0,0.0
4,7,collect_one_size11_comp0.0_grid7_base_medium,11,0.0,medium,base,base,collect_one,4,11,7,7,7,12,11,1,1,1,1,1,1,2,1,1,3,16,1,31,0.3548387096774194,0.6774193548387096,1.0,0.6296296296296297,0.0,4,12,7,8,11,5,10,4,4,4,0,0,0.0
5,7,collect_one_size11_comp0.0_grid7_base_medium,11,0.0,medium,base,base,collect_one,4,11,7,7,7,12,11,1,1,1,1,1,1,2,1,1,3,10,1,27,0.4074074074074074,0.7037037037037037,1.0,0.6521739130434783,0.0,0,8,9,10,10,4,10,2,2,2,0,0,0.0
6,7,collect_one_size11_comp0.0_grid7_base_medium,11,0.0,medium,base,base,collect_one,4,11,7,7,7,12,11,1,1,1,1,1,1,2,1,1,3,10,1,23,0.4782608695652174,0.7391304347826086,1.0,0.6842105263157895,0.0,0,8,7,8,10,6,5,1,2,1,1,0,0.0
7,7,collect_one_size11_comp0.0_grid7_base_medium,11,0.0,medium,base,base,collect_one,4,11,7,7,7,12,11,1,1,1,1,1,1,2,1,1,6,17,1,34,0.3235294117647059,0.6470588235294118,0.7142857142857143,0.6296296296296297,0.0,5,13,8,8,12,6,11,4,7,4,1,1,0.029411764705882353
8,7,collect_one_size11_comp0.0_grid7_base_medium,11,0.0,medium,base,base,collect_one,4,11,7,7,7,12,11,1,1,1,1,1,1,2,1,1,3,12,1,29,0.3793103448275862,0.6896551724137931,1.0,0.64,0.0,3,11,7,8,16,5,5,2,2,2,1,0,0.0
9,7,collect_one_size11_comp0.0_grid7_base_medium,11,0.0,medium,base,base,collect_one,4,11,7,7,7,12,11,1,1,1,1,1,1,2,1,1,3,10,1,23,0.4782608695652174,0.7391304347826086,1.0,0.6842105263157895,0.0,0,8,7,8,11,5,6,0,0,0,0,0,0.0
0,8,collect_one_size11_comp0.0_grid8_base_medium,11,0.0,medium,base,base,collect_one,9,10,9,9,6,5,15,1,1,1,1,1,1,2,1,1,8,19,1,27,0.5555555555555556,0.7407407407407407,1.0,0.6111111111111112,0.0,6,8,9,4,18,3,2,3,5,2,2,2,0.07407407407407407
1,8,collect_one_size11_comp0.0_grid8_base_medium,11,0.0,medium,base,base,collect_one,9,10,9,9,6,5,15,1,1,1,1,1,1,2,1,1,14,23,1,30,0.5,0.7,0.7333333333333333,0.6666666666666666,0.0,9,9,8,4,14,6,7,2,5,0,1,3,0.1
2,8,collect_one_size11_comp0.0_grid8_base_medium,11,0.0,medium,base,base,collect_one,9,10,9,9,6,5,15,1,1,1,1,1,1,0,0,0,-1,-1,0,9,0.0,0.6666666666666666,0.6666666666666666,0.0,0.0,2,3,4,0,3,0,4,1,1,1,0,0,0.0
3,8,collect_one_size11_comp0.0_grid8_base_medium,11,0.0,medium,base,base,collect_one,9,10,9,9,6,5,15,1,1,1,1,1,1,2,1,1,10,21,1,27,0.5555555555555556,0.7777777777777778,0.9090909090909091,0.6875,0.0,6,7,9,5,11,8,4,3,3,3,1,0,0.0
4,8,collect_one_size11_comp0.0_grid8_base_medium,11,0.0,medium,base,base,collect_one,9,10,9,9,6,5,15,1,1,1,1,1,1,2,1,1,8,17,1,23,0.6521739130434783,0.8260869565217391,1.0,0.7142857142857143,0.0,5,6,8,4,13,4,5,0,1,0,0,0,0.0
5,8,collect_one_size11_comp0.0_grid8_base_medium,11,0.0,medium,base,base,collect_one,9,10,9,9,6,5,15,1,1,1,1,1,1,2,1,1,8,17,1,25,0.6,0.76,1.0,0.625,0.0,5,8,8,4,14,5,4,1,3,0,3,2,0.08
6,8,collect_one_size11_comp0.0_grid8_base_medium,11,0.0,medium,base,base,collect_one,9,10,9,9,6,5,15,1,1,1,1,1,1,2,1,1,8,17,1,25,0.6,0.8,1.0,0.6875,0.0,6,7,8,4,10,7,6,1,2,1,1,0,0.0
7,8,collect_one_size11_comp0.0_grid8_base_medium,11,0.0,medium,base,base,collect_one,9,10,9,9,6,5,15,1,1,1,1,1,1,2,1,1,8,23,1,31,0.4838709677419355,0.7419354838709677,1.0,0.6363636363636364,0.0,7,8,10,6,11,9,6,4,6,4,2,0,0.0
8,8,collect_one_size11_comp0.0_grid8_base_medium,11,0.0,medium,base,base,collect_one,9,10,9,9,6,5,15,1,1,1,1,1,1,2,1,1,14,25,1,32,0.46875,0.71875,0.8,0.6470588235294118,0.0,9,10,8,4,8,10,7,4,5,4,1,0,0.0
9,8,collect_one_size11_comp0.0_grid8_base_medium,11,0.0,medium,base,base,collect_one,9,10,9,9,6,5,15,1,1,1,1,1,1,2,1,1,8,19,1,25,0.6,0.8,1.0,0.6875,0.0,5,6,9,5,11,5,6,2,3,2,2,0,0.0
0,9,collect_one_size11_comp0.0_grid9_base_medium,11,0.0,medium,base,base,collect_one,11,8,7,7,3,8,14,1,1,1,1,1,1,2,1,1,16,31,1,41,0.34146341463414637,0.6585365853658537,0.8235294117647058,0.5416666666666666,0.0,13,4,14,10,11,10,13,6,16,6,2,1,0.024390243902439025
1,9,collect_one_size11_comp0.0_grid9_base_medium,11,0.0,medium,base,base,collect_one,11,8,7,7,3,8,14,1,1,1,1,1,1,2,1,1,10,25,1,35,0.4,0.6857142857142857,1.0,0.5416666666666666,0.0,13,4,11,7,13,9,7,5,8,5,1,1,0.02857142857142857
2,9,collect_one_size11_comp0.0_grid9_base_medium,11,0.0,medium,base,base,collect_one,11,8,7,7,3,8,14,1,1,1,1,1,1,1,1,0,10,-1,1,14,1.0,1.0,1.0,1.0,0.0,8,0,5,1,6,4,2,1,1,1,1,0,0.0
3,9,collect_one_size11_comp0.0_grid9_base_medium,11,0.0,medium,base,base,collect_one,11,8,7,7,3,8,14,1,1,1,1,1,1,2,1,1,18,9,1,22,0.6363636363636364,0.8636363636363636,0.9,0.8333333333333334,0.0,9,1,8,4,10,5,6,0,0,0,0,0,0.0
4,9,collect_one_size11_comp0.0_grid9_base_medium,11,0.0,medium,base,base,collect_one,11,8,7,7,3,8,14,1,1,1,1,1,1,2,1,1,10,25,1,34,0.4117647058823529,0.7058823529411765,1.0,0.5652173913043478,0.0,11,3,12,8,15,7,8,3,8,3,1,0,0.0
5,9,collect_one_size11_comp0.0_grid9_base_medium,11,0.0,medium,base,base,collect_one,11,8,7,7,3,8,14,1,1,1,1,1,1,2,1,1,14,23,1,32,0.4375,0.71875,0.8666666666666667,0.5882352941176471,0.0,10,2,12,8,17,3,7,4,6,4,2,0,0.0
6,9,collect_one_size11_comp0.0_grid9_base_medium,11,0.0,medium,base,base,collect_one,11,8,7,7,3,8,14,1,1,1,1,1,1,2,1,1,12,25,1,34,0.4117647058823529,0.7058823529411765,0.9230769230769231,0.5714285714285714,0.0,11,3,12,8,17,5,6,5,8,5,3,0,0.0
7,9,collect_one_size11_comp0.0_grid9_base_medium,11,0.0,medium,base,base,collect_one,11,8,7,7,3,8,14,1,1,1,1,1,1,2,1,1,16,7,1,20,0.7,0.9,1.0,0.8333333333333334,0.0,9,1,7,3,12,2,3,2,3,2,2,0,0.0
8,9,collect_one_size11_comp0.0_grid9_base_medium,11,0.0,medium,base,base,collect_one,11,8,7,7,3,8,14,1,1,1,1,1,1,2,1,1,10,23,1,32,0.4375,0.71875,1.0,0.5714285714285714,0.0,11,3,11,7,13,6,10,2,6,2,1,0,0.0
9,9,collect_one_size11_comp0.0_grid9_base_medium,11,0.0,medium,base,base,collect_one,11,8,7,7,3,8,14,1,1,1,1,1,1,2,1,1,12,21,1,30,0.4666666666666667,0.7333333333333333,0.9230769230769231,0.5882352941176471,0.0,10,2,11,7,14,7,6,2,5,2,3,0,0.0
0,0,collect_one_size11_comp0.2_grid0_base_medium,11,0.2,medium,base,base,collect_one,8,3,9,9,3,6,9,1,1,1,1,1,1,1,0,1,-1,2,1,25,0.36,0.68,1.0,0.6363636363636364,0.0,11,5,5,4,8,3,4,9,12,9,2,0,0.0
1,0,collect_one_size11_comp0.2_grid0_base_medium,11,0.2,medium,base,base,collect_one,8,3,9,9,3,6,9,1,1,1,1,1,1,2,1,1,13,2,1,17,0.5294117647058824,0.7647058823529411,1.0,0.7142857142857143,0.0,6,0,6,5,6,5,2,3,4,3,3,0,0.0
2,0,collect_one_size11_comp0.2_grid0_base_medium,11,0.2,medium,base,base,collect_one,8,3,9,9,3,6,9,1,1,1,1,1,1,2,1,1,17,4,1,25,0.36,0.64,0.8,0.6,0.0,12,4,5,4,9,6,5,4,10,4,2,2,0.08
3,0,collect_one_size11_comp0.2_grid0_base_medium,11,0.2,medium,base,base,collect_one,8,3,9,9,3,6,9,1,1,1,1,1,1,2,1,1,13,2,1,19,0.47368421052631576,0.7368421052631579,1.0,0.6875,0.0,7,1,6,5,6,4,5,3,4,3,1,0,0.0
4,0,collect_one_size11_comp0.2_grid0_base_medium,11,0.2,medium,base,base,collect_one,8,3,9,9,3,6,9,1,1,1,1,1,1,2,1,1,13,2,1,17,0.5294117647058824,0.7647058823529411,1.0,0.7142857142857143,0.0,7,1,5,4,9,1,3,3,4,3,1,0,0.0
5,0,collect_one_size11_comp0.2_grid0_base_medium,11,0.2,medium,base,base,collect_one,8,3,9,9,3,6,9,1,1,1,1,1,1,2,1,1,15,2,1,21,0.42857142857142855,0.7142857142857143,1.0,0.6666666666666666,0.0,7,1,7,6,6,3,8,3,3,3,1,0,0.0
6,0,collect_one_size11_comp0.2_grid0_base_medium,11,0.2,medium,base,base,collect_one,8,3,9,9,3,6,9,1,1,1,1,1,1,2,1,1,14,2,1,18,0.5,0.7222222222222222,1.0,0.6666666666666666,0.0,6,0,6,6,7,4,4,2,3,2,1,1,0.05555555555555555
7,0,collect_one_size11_comp0.2_grid0_base_medium,11,0.2,medium,base,base,collect_one,8,3,9,9,3,6,9,1,1,1,1,1,1,2,1,1,8,19,1,28,0.32142857142857145,0.6785714285714286,0.8888888888888888,0.5789473684210527,0.0,12,6,5,5,10,7,9,1,5,1,1,1,0.03571428571428571
8,0,collect_one_size11_comp0.2_grid0_base_medium,11,0.2,medium,base,base,collect_one,8,3,9,9,3,6,9,1,1,1,1,1,1,2,1,1,17,6,1,21,0.42857142857142855,0.7142857142857143,0.7142857142857143,0.7142857142857143,0.0,8,2,6,5,4,8,5,3,5,3,2,0,0.0
9,0,collect_one_size11_comp0.2_grid0_base_medium,11,0.2,medium,base,base,collect_one,8,3,9,9,3,6,9,1,1,1,1,1,1,2,1,1,18,2,1,24,0.375,0.6666666666666666,1.0,0.6190476190476191,0.0,8,3,7,6,5,6,7,5,8,5,1,1,0.041666666666666664
0,1,collect_one_size11_comp0.2_grid1_base_medium,11,0.2,medium,base,base,collect_one,6,9,9,9,4,5,10,1,1,1,1,1,1,2,1,1,11,20,1,26,0.38461538461538464,0.6923076923076923,0.75,0.6428571428571429,0.0,7,10,6,3,16,2,2,5,7,5,2,0,0.0
1,1,collect_one_size11_comp0.2_grid1_base_medium,11,0.2,medium,base,base,collect_one,6,9,9,9,4,5,10,1,1,1,1,1,1,1,1,0,7,-1,1,16,0.625,0.8125,0.875,0.75,0.0,2,5,6,3,6,1,4,4,5,4,1,0,0.0
2,1,collect_one_size11_comp0.2_grid1_base_medium,11,0.2,medium,base,base,collect_one,6,9,9,9,4,5,10,1,1,1,1,1,1,2,1,1,10,23,1,31,0.3225806451612903,0.6451612903225806,0.7272727272727273,0.6,0.0,7,9,9,6,11,5,5,9,12,9,2,1,0.03225806451612903
3,1,collect_one_size11_comp0.2_grid1_base_medium,11,0.2,medium,base,base,collect_one,6,9,9,9,4,5,10,1,1,1,1,1,1,1,1,0,5,-1,1,24,0.4166666666666667,0.7083333333333334,1.0,0.6111111111111112,0.0,3,6,9,6,8,5,5,5,8,5,1,0,0.0
4,1,collect_one_size11_comp0.2_grid1_base_medium,11,0.2,medium,base,base,collect_one,6,9,9,9,4,5,10,1,1,1,1,1,1,2,1,1,10,21,1,29,0.3448275862068966,0.6206896551724138,0.6363636363636364,0.6111111111111112,0.0,9,10,7,3,14,3,7,4,11,3,1,3,0.10344827586206896
5,1,collect_one_size11_comp0.2_grid1_base_medium,11,0.2,medium,base,base,collect_one,6,9,9,9,4,5,10,1,1,1,1,1,1,2,1,1,7,25,1,33,0.30303030303030304,0.6060606060606061,0.75,0.56,0.0,5,8,11,9,13,7,6,6,10,5,1,3,0.09090909090909091
6,1,collect_one_size11_comp0.2_grid1_base_medium,11,0.2,medium,base,base,collect_one,6,9,9,9,4,5,10,1,1,1,1,1,1,2,1,1,8,19,1,25,0.4,0.68,0.7777777777777778,0.625,0.0,5,8,7,4,12,2,4,4,5,4,2,0,0.0
7,1,collect_one_size11_comp0.2_grid1_base_medium,11,0.2,medium,base,base,collect_one,6,9,9,9,4,5,10,1,1,1,1,1,1,2,1,1,5,40,1,46,0.21739130434782608,0.5869565217391305,1.0,0.525,0.0,10,13,12,11,17,6,8,14,22,13,1,2,0.043478260869565216
8,1,collect_one_size11_comp0.2_grid1_base_medium,11,0.2,medium,base,base,collect_one,6,9,9,9,4,5,10,1,1,1,1,1,1,2,1,1,9,20,1,26,0.38461538461538464,0.6538461538461539,0.7,0.625,0.0,7,8,7,4,11,5,7,2,5,2,2,2,0.07692307692307693
9,1,collect_one_size11_comp0.2_grid1_base_medium,11,0.2,medium,base,base,collect_one,6,9,9,9,4,5,10,1,1,1,1,1,1,2,1,1,5,18,1,24,0.4166666666666667,0.7083333333333334,1.0,0.6111111111111112,0.0,6,9,6,3,12,1,5,5,6,5,2,0,0.0
0,2,collect_one_size11_comp0.2_grid2_base_medium,11,0.2,medium,base,base,collect_one,11,8,11,11,5,8,16,1,1,1,1,1,1,2,1,1,21,8,1,27,0.5925925925925926,0.7777777777777778,0.8888888888888888,0.7222222222222222,0.0,1,8,13,5,14,7,3,2,4,2,1,1,0.037037037037037035
1,2,collect_one_size11_comp0.2_grid2_base_medium,11,0.2,medium,base,base,collect_one,11,8,11,11,5,8,16,1,1,1,1,1,1,2,1,1,30,7,1,37,0.43243243243243246,0.7027027027027027,1.0,0.6206896551724138,0.0,4,11,15,7,15,8,10,3,7,3,1,1,0.02702702702702703
2,2,collect_one_size11_comp0.2_grid2_base_medium,11,0.2,medium,base,base,collect_one,11,8,11,11,5,8,16,1,1,1,1,1,1,2,1,1,22,38,1,51,0.3137254901960784,0.5882352941176471,0.6086956521739131,0.5714285714285714,0.0,14,17,13,7,20,13,11,6,17,3,1,7,0.13725490196078433
3,2,collect_one_size11_comp0.2_grid2_base_medium,11,0.2,medium,base,base,collect_one,11,8,11,11,5,8,16,1,1,1,1,1,1,2,1,1,26,10,1,32,0.5,0.6875,0.8181818181818182,0.6190476190476191,0.0,1,10,14,7,19,4,4,4,11,4,1,4,0.125
4,2,collect_one_size11_comp0.2_grid2_base_medium,11,0.2,medium,base,base,collect_one,11,8,11,11,5,8,16,1,1,1,1,1,1,2,1,1,22,11,1,28,0.5714285714285714,0.7142857142857143,0.6666666666666666,0.75,0.0,2,8,12,5,16,4,3,2,6,1,1,3,0.10714285714285714
5,2,collect_one_size11_comp0.2_grid2_base_medium,11,0.2,medium,base,base,collect_one,11,8,11,11,5,8,16,1,1,1,1,1,1,2,1,1,28,13,1,34,0.47058823529411764,0.7352941176470589,0.7857142857142857,0.7,0.0,4,12,13,5,17,7,6,3,6,3,0,0,0.0
6,2,collect_one_size11_comp0.2_grid2_base_medium,11,0.2,medium,base,base,collect_one,11,8,11,11,5,8,16,1,1,1,1,1,1,2,1,1,35,21,1,46,0.34782608695652173,0.6304347826086957,0.6363636363636364,0.625,0.0,6,14,17,8,18,7,8,10,18,9,1,3,0.06521739130434782
7,2,collect_one_size11_comp0.2_grid2_base_medium,11,0.2,medium,base,base,collect_one,11,8,11,11,5,8,16,1,1,1,1,1,1,2,1,1,24,8,1,30,0.5333333333333333,0.7333333333333333,0.8888888888888888,0.6666666666666666,0.0,2,9,13,6,15,5,5,4,8,4,2,2,0.06666666666666667
8,2,collect_one_size11_comp0.2_grid2_base_medium,11,0.2,medium,base,base,collect_one,11,8,11,11,5,8,16,1,1,1,1,1,1,2,1,1,47,18,1,59,0.2711864406779661,0.6101694915254238,0.631578947368421,0.6,0.0,8,14,22,15,20,14,9,15,27,14,0,3,0.05084745762711865
9,2,collect_one_size11_comp0.2_grid2_base_medium,11,0.2,medium,base,base,collect_one,11,8,11,11,5,8,16,1,1,1,1,1,1,2,1,1,21,38,1,53,0.3018867924528302,0.6226415094339622,0.7272727272727273,0.5483870967741935,0.0,12,18,16,7,17,18,10,7,14,7,0,3,0.05660377358490566
0,3,collect_one_size11_comp0.2_grid3_base_medium,11,0.2,medium,base,base,collect_one,11,5,8,8,3,7,12,1,1,1,1,1,1,2,1,1,19,9,1,23,0.5217391304347826,0.7391304347826086,0.7,0.7692307692307693,0.0,4,7,8,4,5,7,8,2,4,1,1,1,0.043478260869565216
1,3,collect_one_size11_comp0.2_grid3_base_medium,11,0.2,medium,base,base,collect_one,11,5,8,8,3,7,12,1,1,1,1,1,1,2,1,1,12,4,1,22,0.5454545454545454,0.7727272727272727,1.0,0.7058823529411765,0.0,5,9,6,2,10,6,2,3,5,3,1,0,0.0
2,3,collect_one_size11_comp0.2_grid3_base_medium,11,0.2,medium,base,base,collect_one,11,5,8,8,3,7,12,1,1,1,1,1,1,2,1,1,14,4,1,18,0.6666666666666666,0.8333333333333334,1.0,0.7692307692307693,0.0,3,7,6,2,7,3,5,2,2,2,1,0,0.0
3,3,collect_one_size11_comp0.2_grid3_base_medium,11,0.2,medium,base,base,collect_one,11,5,8,8,3,7,12,1,1,1,1,1,1,2,1,1,16,4,1,20,0.6,0.8,1.0,0.7333333333333333,0.0,3,7,7,3,6,4,4,5,5,5,3,0,0.0
4,3,collect_one_size11_comp0.2_grid3_base_medium,11,0.2,medium,base,base,collect_one,11,5,8,8,3,7,12,1,1,1,1,1,1,2,1,1,14,4,1,18,0.6666666666666666,0.8333333333333334,1.0,0.7692307692307693,0.0,2,6,7,3,10,2,3,2,2,2,1,0,0.0
5,3,collect_one_size11_comp0.2_grid3_base_medium,11,0.2,medium,base,base,collect_one,11,5,8,8,3,7,12,1,1,1,1,1,1,2,1,1,20,8,1,24,0.5,0.75,0.7777777777777778,0.7333333333333333,0.0,4,8,8,4,4,7,9,3,5,3,1,0,0.0
6,3,collect_one_size11_comp0.2_grid3_base_medium,11,0.2,medium,base,base,collect_one,11,5,8,8,3,7,12,1,1,1,1,1,1,2,1,1,14,4,1,18,0.6666666666666666,0.8333333333333334,1.0,0.7692307692307693,0.0,3,7,6,2,6,7,3,1,1,1,0,0,0.0
7,3,collect_one_size11_comp0.2_grid3_base_medium,11,0.2,medium,base,base,collect_one,11,5,8,8,3,7,12,1,1,1,1,1,1,2,1,1,14,4,1,20,0.6,0.8,1.0,0.7333333333333333,0.0,3,7,7,3,7,5,3,4,5,4,3,0,0.0
8,3,collect_one_size11_comp0.2_grid3_base_medium,11,0.2,medium,base,base,collect_one,11,5,8,8,3,7,12,1,1,1,1,1,1,2,1,1,18,6,1,22,0.5454545454545454,0.7727272727272727,0.8571428571428571,0.7333333333333333,0.0,4,8,7,3,5,6,8,2,4,2,1,0,0.0
9,3,collect_one_size11_comp0.2_grid3_base_medium,11,0.2,medium,base,base,collect_one,11,5,8,8,3,7,12,1,1,1,1,1,1,2,1,1,20,6,1,24,0.5,0.75,0.8571428571428571,0.7058823529411765,0.0,4,8,8,4,10,7,4,2,5,2,2,0,0.0
0,4,collect_one_size11_comp0.2_grid4_base_medium,11,0.2,medium,base,base,collect_one,6,5,9,9,5,10,11,1,1,1,1,1,1,2,1,1,17,26,1,39,0.28205128205128205,0.6153846153846154,0.6111111111111112,0.6190476190476191,0.0,12,16,4,7,18,6,6,8,17,8,1,2,0.05128205128205128
1,4,collect_one_size11_comp0.2_grid4_base_medium,11,0.2,medium,base,base,collect_one,6,5,9,9,5,10,11,1,1,1,1,1,1,2,1,1,26,10,1,41,0.2682926829268293,0.6341463414634146,0.7272727272727273,0.6,0.0,10,15,6,10,6,14,9,11,19,10,1,4,0.0975609756097561
2,4,collect_one_size11_comp0.2_grid4_base_medium,11,0.2,medium,base,base,collect_one,6,5,9,9,5,10,11,1,1,1,1,1,1,2,1,1,38,11,1,44,0.25,0.6590909090909091,0.6666666666666666,0.65625,0.0,7,10,12,15,13,4,9,17,18,17,1,1,0.022727272727272728
3,4,collect_one_size11_comp0.2_grid4_base_medium,11,0.2,medium,base,base,collect_one,6,5,9,9,5,10,11,1,1,1,1,1,1,2,1,1,15,6,1,28,0.39285714285714285,0.75,0.8571428571428571,0.7142857142857143,0.0,7,11,3,7,11,2,8,6,8,5,3,1,0.03571428571428571
4,4,collect_one_size11_comp0.2_grid4_base_medium,11,0.2,medium,base,base,collect_one,6,5,9,9,5,10,11,1,1,1,1,1,1,2,1,1,8,19,1,30,0.36666666666666664,0.6666666666666666,0.7777777777777778,0.6190476190476191,0.0,9,13,2,6,16,3,5,5,9,5,1,1,0.03333333333333333
5,4,collect_one_size11_comp0.2_grid4_base_medium,11,0.2,medium,base,base,collect_one,6,5,9,9,5,10,11,1,1,1,1,1,1,2,1,1,25,10,1,49,0.22448979591836735,0.6530612244897959,0.7272727272727273,0.631578947368421,0.0,14,17,7,11,13,10,10,15,23,15,2,0,0.0
6,4,collect_one_size11_comp0.2_grid4_base_medium,11,0.2,medium,base,base,collect_one,6,5,9,9,5,10,11,1,1,1,1,1,1,2,1,1,5,20,1,31,0.3548387096774194,0.6774193548387096,1.0,0.6,0.0,7,10,5,9,16,5,5,4,9,4,2,0,0.0
7,4,collect_one_size11_comp0.2_grid4_base_medium,11,0.2,medium,base,base,collect_one,6,5,9,9,5,10,11,1,1,1,1,1,1,2,1,1,7,18,1,29,0.3793103448275862,0.6551724137931034,0.875,0.5714285714285714,0.0,8,11,2,8,12,8,5,3,6,3,1,2,0.06896551724137931
8,4,collect_one_size11_comp0.2_grid4_base_medium,11,0.2,medium,base,base,collect_one,6,5,9,9,5,10,11,1,1,1,1,1,1,2,1,1,8,20,1,33,0.3333333333333333,0.6060606060606061,0.7777777777777778,0.5416666666666666,0.0,8,11,5,9,15,4,10,3,12,3,1,4,0.12121212121212122
9,4,collect_one_size11_comp0.2_grid4_base_medium,11,0.2,medium,base,base,collect_one,6,5,9,9,5,10,11,1,1,1,1,1,1,2,1,1,23,11,1,33,0.3333333333333333,0.696969696969697,0.6666666666666666,0.7142857142857143,0.0,8,12,5,8,10,7,6,9,14,9,7,2,0.06060606060606061
0,5,collect_one_size11_comp0.2_grid5_base_medium,11,0.2,medium,base,base,collect_one,5,7,10,10,10,8,15,1,1,1,1,1,1,2,1,1,4,14,1,29,0.5172413793103449,0.7241379310344828,1.0,0.6666666666666666,0.0,7,10,4,8,17,1,8,2,6,2,4,2,0.06896551724137931
1,5,collect_one_size11_comp0.2_grid5_base_medium,11,0.2,medium,base,base,collect_one,5,7,10,10,10,8,15,1,1,1,1,1,1,2,1,1,20,8,1,38,0.39473684210526316,0.6842105263157895,0.8888888888888888,0.6206896551724138,0.0,8,11,8,11,16,9,5,7,12,7,3,1,0.02631578947368421
2,5,collect_one_size11_comp0.2_grid5_base_medium,11,0.2,medium,base,base,collect_one,5,7,10,10,10,8,15,1,1,1,1,1,1,2,1,1,23,11,1,39,0.38461538461538464,0.6666666666666666,0.75,0.6296296296296297,0.0,9,13,7,10,15,9,10,4,16,3,2,2,0.05128205128205128
3,5,collect_one_size11_comp0.2_grid5_base_medium,11,0.2,medium,base,base,collect_one,5,7,10,10,10,8,15,1,1,1,1,1,1,2,1,1,22,6,1,53,0.2830188679245283,0.6037735849056604,1.0,0.5434782608695652,0.0,11,12,14,16,21,12,8,11,27,11,1,4,0.07547169811320754
4,5,collect_one_size11_comp0.2_grid5_base_medium,11,0.2,medium,base,base,collect_one,5,7,10,10,10,8,15,1,1,1,1,1,1,2,1,1,20,10,1,41,0.36585365853658536,0.6829268292682927,0.8181818181818182,0.6333333333333333,0.0,8,11,10,12,14,9,8,9,22,9,2,0,0.0
5,5,collect_one_size11_comp0.2_grid5_base_medium,11,0.2,medium,base,base,collect_one,5,7,10,10,10,8,15,1,1,1,1,1,1,2,1,1,21,6,1,42,0.35714285714285715,0.6666666666666666,1.0,0.6,0.0,9,11,10,12,17,6,7,11,14,10,1,1,0.023809523809523808
6,5,collect_one_size11_comp0.2_grid5_base_medium,11,0.2,medium,base,base,collect_one,5,7,10,10,10,8,15,1,1,1,1,1,1,2,1,1,17,6,1,39,0.38461538461538464,0.6666666666666666,1.0,0.59375,0.0,7,8,11,13,15,8,11,4,11,3,2,2,0.05128205128205128
7,5,collect_one_size11_comp0.2_grid5_base_medium,11,0.2,medium,base,base,collect_one,5,7,10,10,10,8,15,1,1,1,1,1,1,2,1,1,8,19,1,36,0.4166666666666667,0.6666666666666666,0.7777777777777778,0.6296296296296297,0.0,8,10,7,11,16,7,9,3,8,3,0,3,0.08333333333333333
8,5,collect_one_size11_comp0.2_grid5_base_medium,11,0.2,medium,base,base,collect_one,5,7,10,10,10,8,15,1,1,1,1,1,1,2,1,1,20,6,1,33,0.45454545454545453,0.696969696969697,1.0,0.6153846153846154,0.0,7,9,8,9,19,7,3,3,9,3,2,2,0.06060606060606061
9,5,collect_one_size11_comp0.2_grid5_base_medium,11,0.2,medium,base,base,collect_one,5,7,10,10,10,8,15,1,1,1,1,1,1,2,1,1,18,6,1,37,0.40540540540540543,0.7027027027027027,1.0,0.6333333333333333,0.0,6,9,10,12,16,7,5,8,12,8,1,0,0.0
0,6,collect_one_size11_comp0.2_grid6_base_medium,11,0.2,medium,base,base,collect_one,4,6,6,6,8,8,12,1,1,1,1,1,1,2,1,1,5,13,1,25,0.48,0.72,0.8333333333333334,0.6842105263157895,0.0,6,8,4,7,12,4,5,3,6,3,0,1,0.04
1,6,collect_one_size11_comp0.2_grid6_base_medium,11,0.2,medium,base,base,collect_one,4,6,6,6,8,8,12,1,1,1,1,1,1,2,1,1,5,13,1,25,0.48,0.72,0.8333333333333334,0.6842105263157895,0.0,4,5,6,10,11,3,6,4,6,4,2,1,0.04
2,6,collect_one_size11_comp0.2_grid6_base_medium,11,0.2,medium,base,base,collect_one,4,6,6,6,8,8,12,1,1,1,1,1,1,2,1,1,3,17,1,29,0.41379310344827586,0.6896551724137931,1.0,0.64,0.0,8,8,5,8,14,3,8,3,13,3,3,1,0.034482758620689655
3,6,collect_one_size11_comp0.2_grid6_base_medium,11,0.2,medium,base,base,collect_one,4,6,6,6,8,8,12,1,1,1,1,1,1,2,1,1,7,20,1,33,0.36363636363636365,0.6060606060606061,0.75,0.56,0.0,6,12,6,9,11,10,8,3,9,3,1,5,0.15151515151515152
4,6,collect_one_size11_comp0.2_grid6_base_medium,11,0.2,medium,base,base,collect_one,4,6,6,6,8,8,12,1,1,1,1,1,1,2,1,1,3,17,1,28,0.42857142857142855,0.6785714285714286,1.0,0.625,0.0,6,7,6,9,9,5,8,5,10,5,3,2,0.07142857142857142
5,6,collect_one_size11_comp0.2_grid6_base_medium,11,0.2,medium,base,base,collect_one,4,6,6,6,8,8,12,1,1,1,1,1,1,2,1,1,5,15,1,26,0.46153846153846156,0.7307692307692307,0.8333333333333334,0.7,0.0,6,7,5,8,9,5,6,5,11,5,2,0,0.0
6,6,collect_one_size11_comp0.2_grid6_base_medium,11,0.2,medium,base,base,collect_one,4,6,6,6,8,8,12,1,1,1,1,1,1,2,1,1,3,11,1,20,0.6,0.8,1.0,0.75,0.0,4,5,4,7,10,5,2,2,2,2,2,0,0.0
7,6,collect_one_size11_comp0.2_grid6_base_medium,11,0.2,medium,base,base,collect_one,4,6,6,6,8,8,12,1,1,1,1,1,1,2,1,1,5,15,1,34,0.35294117647058826,0.6470588235294118,0.8333333333333334,0.6071428571428571,0.0,6,8,8,12,13,6,7,7,15,7,1,2,0.058823529411764705
8,6,collect_one_size11_comp0.2_grid6_base_medium,11,0.2,medium,base,base,collect_one,4,6,6,6,8,8,12,1,1,1,1,1,1,2,1,1,5,22,1,35,0.34285714285714286,0.6571428571428571,0.8333333333333334,0.6206896551724138,0.0,6,8,9,12,11,9,7,7,11,7,1,1,0.02857142857142857
9,6,collect_one_size11_comp0.2_grid6_base_medium,11,0.2,medium,base,base,collect_one,4,6,6,6,8,8,12,1,1,1,1,1,1,2,1,1,9,19,1,37,0.32432432432432434,0.6486486486486487,0.7,0.6296296296296297,0.0,7,7,10,13,8,10,6,12,15,12,2,1,0.02702702702702703
0,7,collect_one_size11_comp0.2_grid7_base_medium,11,0.2,medium,base,base,collect_one,9,4,13,13,4,9,13,1,1,1,1,1,1,2,1,1,24,3,1,37,0.35135135135135137,0.6216216216216216,1.0,0.5757575757575758,0.0,6,9,14,8,12,9,8,7,17,7,3,4,0.10810810810810811
1,7,collect_one_size11_comp0.2_grid7_base_medium,11,0.2,medium,base,base,collect_one,9,4,13,13,4,9,13,1,1,1,1,1,1,2,1,1,12,34,1,44,0.29545454545454547,0.6136363636363636,0.8461538461538461,0.5161290322580645,0.0,9,11,14,10,19,7,12,5,19,5,4,3,0.06818181818181818
2,7,collect_one_size11_comp0.2_grid7_base_medium,11,0.2,medium,base,base,collect_one,9,4,13,13,4,9,13,1,1,1,1,1,1,2,1,1,22,3,1,27,0.48148148148148145,0.7407407407407407,1.0,0.6956521739130435,0.0,6,9,7,5,14,1,8,3,4,3,0,0,0.0
3,7,collect_one_size11_comp0.2_grid7_base_medium,11,0.2,medium,base,base,collect_one,9,4,13,13,4,9,13,1,1,1,1,1,1,2,1,1,25,3,1,30,0.43333333333333335,0.7,1.0,0.6538461538461539,0.0,7,9,8,6,12,2,8,7,13,6,1,1,0.03333333333333333
4,7,collect_one_size11_comp0.2_grid7_base_medium,11,0.2,medium,base,base,collect_one,9,4,13,13,4,9,13,1,1,1,1,1,1,2,1,1,10,27,1,42,0.30952380952380953,0.6190476190476191,0.8181818181818182,0.5483870967741935,0.0,9,14,11,8,15,9,12,5,17,5,3,3,0.07142857142857142
5,7,collect_one_size11_comp0.2_grid7_base_medium,11,0.2,medium,base,base,collect_one,9,4,13,13,4,9,13,1,1,1,1,1,1,2,1,1,24,9,1,29,0.4482758620689655,0.7241379310344828,0.7,0.7368421052631579,0.0,5,8,9,7,12,4,5,7,11,7,1,0,0.0
6,7,collect_one_size11_comp0.2_grid7_base_medium,11,0.2,medium,base,base,collect_one,9,4,13,13,4,9,13,1,1,1,1,1,1,1,0,1,-1,11,1,22,0.5909090909090909,0.7727272727272727,0.6666666666666666,0.9,0.0,5,7,6,4,8,4,4,5,9,5,1,1,0.045454545454545456
7,7,collect_one_size11_comp0.2_grid7_base_medium,11,0.2,medium,base,base,collect_one,9,4,13,13,4,9,13,1,1,1,1,1,1,2,1,1,17,35,1,45,0.28888888888888886,0.6222222222222222,0.7222222222222222,0.5555555555555556,0.0,11,14,11,8,22,6,9,5,14,5,3,1,0.022222222222222223
8,7,collect_one_size11_comp0.2_grid7_base_medium,11,0.2,medium,base,base,collect_one,9,4,13,13,4,9,13,1,1,1,1,1,1,2,1,1,8,23,1,42,0.30952380952380953,0.6428571428571429,1.0,0.5454545454545454,0.0,8,10,13,11,20,8,9,4,18,4,2,1,0.023809523809523808
9,7,collect_one_size11_comp0.2_grid7_base_medium,11,0.2,medium,base,base,collect_one,9,4,13,13,4,9,13,1,1,1,1,1,1,2,1,1,10,27,1,37,0.35135135135135137,0.6486486486486487,0.9090909090909091,0.5384615384615384,0.0,7,10,12,8,19,6,8,3,12,2,2,2,0.05405405405405406
0,8,collect_one_size11_comp0.2_grid8_base_medium,11,0.2,medium,base,base,collect_one,3,7,4,4,5,3,8,1,1,1,1,1,1,2,1,1,2,6,1,10,0.8,0.9,1.0,0.8571428571428571,0.0,5,1,4,0,3,4,2,0,0,0,0,0,0.0
1,8,collect_one_size11_comp0.2_grid8_base_medium,11,0.2,medium,base,base,collect_one,3,7,4,4,5,3,8,1,1,1,1,1,1,2,1,1,3,7,1,11,0.7272727272727273,0.8181818181818182,0.75,0.8571428571428571,0.0,5,1,4,0,3,3,2,0,1,0,0,0,0.0
2,8,collect_one_size11_comp0.2_grid8_base_medium,11,0.2,medium,base,base,collect_one,3,7,4,4,5,3,8,1,1,1,1,1,1,2,1,1,2,6,1,10,0.8,0.9,1.0,0.8571428571428571,0.0,5,1,4,0,4,3,2,0,0,0,0,0,0.0
3,8,collect_one_size11_comp0.2_grid8_base_medium,11,0.2,medium,base,base,collect_one,3,7,4,4,5,3,8,1,1,1,1,1,1,2,1,1,2,6,1,13,0.6153846153846154,0.7692307692307693,1.0,0.7,0.0,7,2,4,0,5,5,1,1,2,1,1,1,0.07692307692307693
4,8,collect_one_size11_comp0.2_grid8_base_medium,11,0.2,medium,base,base,collect_one,3,7,4,4,5,3,8,1,1,1,1,1,1,2,1,1,2,6,1,10,0.8,0.9,1.0,0.8571428571428571,0.0,5,1,4,0,4,3,2,0,0,0,0,0,0.0
5,8,collect_one_size11_comp0.2_grid8_base_medium,11,0.2,medium,base,base,collect_one,3,7,4,4,5,3,8,1,1,1,1,1,1,2,1,1,2,6,1,13,0.6153846153846154,0.7692307692307693,1.0,0.7,0.0,5,1,6,1,6,3,1,2,3,1,0,1,0.07692307692307693
6,8,collect_one_size11_comp0.2_grid8_base_medium,11,0.2,medium,base,base,collect_one,3,7,4,4,5,3,8,1,1,1,1,1,1,2,1,1,2,6,1,10,0.8,0.9,1.0,0.8571428571428571,0.0,5,1,4,0,4,1,3,1,1,1,1,0,0.0
7,8,collect_one_size11_comp0.2_grid8_base_medium,11,0.2,medium,base,base,collect_one,3,7,4,4,5,3,8,1,1,1,1,1,1,2,1,1,4,9,1,13,0.6153846153846154,0.7692307692307693,0.8,0.75,0.0,6,1,5,1,4,5,2,1,2,1,1,1,0.07692307692307693
8,8,collect_one_size11_comp0.2_grid8_base_medium,11,0.2,medium,base,base,collect_one,3,7,4,4,5,3,8,1,1,1,1,1,1,2,1,1,2,8,1,13,0.6153846153846154,0.7692307692307693,1.0,0.7,0.0,6,1,5,1,3,5,4,0,1,0,0,1,0.07692307692307693
9,8,collect_one_size11_comp0.2_grid8_base_medium,11,0.2,medium,base,base,collect_one,3,7,4,4,5,3,8,1,1,1,1,1,1,2,1,1,2,6,1,10,0.8,0.9,1.0,0.8571428571428571,0.0,5,1,4,0,4,3,2,0,0,0,0,0,0.0
0,9,collect_one_size11_comp0.2_grid9_base_medium,11,0.2,medium,base,base,collect_one,6,3,5,5,10,7,10,1,1,1,1,1,1,2,1,1,15,4,1,26,0.38461538461538464,0.6923076923076923,0.8,0.6666666666666666,0.0,9,6,6,5,8,5,7,5,5,5,2,0,0.0
1,9,collect_one_size11_comp0.2_grid9_base_medium,11,0.2,medium,base,base,collect_one,6,3,5,5,10,7,10,1,1,1,1,1,1,2,1,1,7,2,1,18,0.5555555555555556,0.7777777777777778,1.0,0.7333333333333333,0.0,6,3,5,4,9,6,2,0,0,0,0,0,0.0
2,9,collect_one_size11_comp0.2_grid9_base_medium,11,0.2,medium,base,base,collect_one,6,3,5,5,10,7,10,1,1,1,1,1,1,2,1,1,11,2,1,23,0.43478260869565216,0.6956521739130435,1.0,0.65,0.0,9,5,5,4,7,5,6,4,5,4,1,1,0.043478260869565216
3,9,collect_one_size11_comp0.2_grid9_base_medium,11,0.2,medium,base,base,collect_one,6,3,5,5,10,7,10,1,1,1,1,1,1,2,1,1,13,6,1,27,0.37037037037037035,0.6666666666666666,0.7142857142857143,0.65,0.0,9,7,6,5,7,10,5,4,5,3,0,1,0.037037037037037035
4,9,collect_one_size11_comp0.2_grid9_base_medium,11,0.2,medium,base,base,collect_one,6,3,5,5,10,7,10,1,1,1,1,1,1,2,1,1,11,2,1,22,0.45454545454545453,0.7272727272727273,1.0,0.6842105263157895,0.0,8,5,5,4,7,6,5,3,4,3,0,0,0.0
5,9,collect_one_size11_comp0.2_grid9_base_medium,11,0.2,medium,base,base,collect_one,6,3,5,5,10,7,10,1,1,1,1,1,1,2,1,1,11,2,1,25,0.4,0.68,1.0,0.6363636363636364,0.0,9,5,6,5,11,7,4,2,9,2,1,1,0.04
6,9,collect_one_size11_comp0.2_grid9_base_medium,11,0.2,medium,base,base,collect_one,6,3,5,5,10,7,10,1,1,1,1,1,1,2,1,1,7,2,1,19,0.5263157894736842,0.7368421052631579,1.0,0.6875,0.0,7,3,5,4,13,4,1,0,1,0,0,1,0.05263157894736842
7,9,collect_one_size11_comp0.2_grid9_base_medium,11,0.2,medium,base,base,collect_one,6,3,5,5,10,7,10,1,1,1,1,1,1,2,1,1,9,2,1,22,0.45454545454545453,0.7272727272727273,1.0,0.6842105263157895,0.0,7,4,6,5,10,5,2,4,4,4,0,0,0.0
8,9,collect_one_size11_comp0.2_grid9_base_medium,11,0.2,medium,base,base,collect_one,6,3,5,5,10,7,10,1,1,1,1,1,1,2,1,1,11,6,1,25,0.4,0.68,0.7142857142857143,0.6666666666666666,0.0,7,4,8,6,10,8,2,4,5,3,0,1,0.04
9,9,collect_one_size11_comp0.2_grid9_base_medium,11,0.2,medium,base,base,collect_one,6,3,5,5,10,7,10,1,1,1,1,1,1,2,1,1,19,8,1,30,0.3333333333333333,0.6666666666666666,0.6666666666666666,0.6666666666666666,0.0,11,8,6,5,12,6,6,5,9,5,1,0,0.0
0,0,collect_one_size11_comp0.4_grid0_base_medium,11,0.4,medium,base,base,collect_one,11,5,12,12,11,3,8,1,1,1,1,1,1,1,0,1,-1,6,1,10,0.8,0.9,0.8571428571428571,1.0,0.0,3,1,1,5,3,1,3,2,2,2,0,0,0.0
1,0,collect_one_size11_comp0.4_grid0_base_medium,11,0.4,medium,base,base,collect_one,11,5,12,12,11,3,8,1,1,1,1,1,1,1,0,1,-1,5,1,9,0.8888888888888888,0.8888888888888888,0.8333333333333334,1.0,0.0,3,1,1,4,4,1,3,0,1,0,0,1,0.1111111111111111
2,0,collect_one_size11_comp0.4_grid0_base_medium,11,0.4,medium,base,base,collect_one,11,5,12,12,11,3,8,1,1,1,1,1,1,2,1,1,25,8,1,43,0.18604651162790697,0.5348837209302325,0.6666666666666666,0.5,0.0,12,11,9,11,12,10,13,7,20,5,0,5,0.11627906976744186
3,0,collect_one_size11_comp0.4_grid0_base_medium,11,0.4,medium,base,base,collect_one,11,5,12,12,11,3,8,1,1,1,1,1,1,1,0,1,-1,4,1,8,1.0,1.0,1.0,1.0,0.0,3,1,0,4,3,1,3,0,0,0,0,0,0.0
4,0,collect_one_size11_comp0.4_grid0_base_medium,11,0.4,medium,base,base,collect_one,11,5,12,12,11,3,8,1,1,1,1,1,1,2,1,1,20,5,1,37,0.21621621621621623,0.5675675675675675,0.8333333333333334,0.5161290322580645,0.0,13,10,5,9,21,6,6,3,14,3,0,3,0.08108108108108109
5,0,collect_one_size11_comp0.4_grid0_base_medium,11,0.4,medium,base,base,collect_one,11,5,12,12,11,3,8,1,1,1,1,1,1,2,1,1,22,6,1,34,0.23529411764705882,0.5882352941176471,0.8571428571428571,0.5185185185185185,0.0,11,10,5,8,16,6,8,3,6,3,1,2,0.058823529411764705
6,0,collect_one_size11_comp0.4_grid0_base_medium,11,0.4,medium,base,base,collect_one,11,5,12,12,11,3,8,1,1,1,1,1,1,2,1,1,18,4,1,34,0.23529411764705882,0.6176470588235294,1.0,0.5517241379310345,0.0,11,9,5,9,15,7,6,5,13,5,2,0,0.0
7,0,collect_one_size11_comp0.4_grid0_base_medium,11,0.4,medium,base,base,collect_one,11,5,12,12,11,3,8,1,1,1,1,1,1,1,0,1,-1,4,1,12,0.6666666666666666,0.8333333333333334,1.0,0.7142857142857143,0.0,5,3,0,4,6,0,4,1,2,1,1,0,0.0
8,0,collect_one_size11_comp0.4_grid0_base_medium,11,0.4,medium,base,base,collect_one,11,5,12,12,11,3,8,1,1,1,1,1,1,2,1,1,46,8,1,61,0.13114754098360656,0.5409836065573771,0.6666666666666666,0.5192307692307693,0.0,22,19,8,12,28,8,8,16,36,15,6,3,0.04918032786885246
9,0,collect_one_size11_comp0.4_grid0_base_medium,11,0.4,medium,base,base,collect_one,11,5,12,12,11,3,8,1,1,1,1,1,1,2,1,1,29,5,1,44,0.18181818181818182,0.5454545454545454,0.8333333333333334,0.5,0.0,12,12,7,13,17,9,12,5,18,4,0,4,0.09090909090909091
0,1,collect_one_size11_comp0.4_grid1_base_medium,11,0.4,medium,base,base,collect_one,10,13,3,3,3,6,13,1,1,1,1,1,1,2,1,1,17,20,1,34,0.38235294117647056,0.6470588235294118,0.7222222222222222,0.5625,0.0,11,9,5,8,13,7,7,4,10,4,2,2,0.058823529411764705
1,1,collect_one_size11_comp0.4_grid1_base_medium,11,0.4,medium,base,base,collect_one,10,13,3,3,3,6,13,1,1,1,1,1,1,2,1,1,31,36,1,46,0.2826086956521739,0.6086956521739131,0.625,0.5714285714285714,0.0,16,11,7,12,15,6,11,13,21,13,1,3,0.06521739130434782
2,1,collect_one_size11_comp0.4_grid1_base_medium,11,0.4,medium,base,base,collect_one,10,13,3,3,3,6,13,1,1,1,1,1,1,2,1,1,22,26,1,47,0.2765957446808511,0.574468085106383,0.6521739130434783,0.5,0.0,17,11,7,10,16,8,9,9,23,8,1,4,0.0851063829787234
3,1,collect_one_size11_comp0.4_grid1_base_medium,11,0.4,medium,base,base,collect_one,10,13,3,3,3,6,13,1,1,1,1,1,1,2,1,1,22,30,1,37,0.35135135135135137,0.6486486486486487,0.6956521739130435,0.5714285714285714,0.0,11,8,7,11,16,2,11,7,12,6,2,2,0.05405405405405406
4,1,collect_one_size11_comp0.4_grid1_base_medium,11,0.4,medium,base,base,collect_one,10,13,3,3,3,6,13,1,1,1,1,1,1,2,1,1,25,28,1,41,0.3170731707317073,0.5609756097560976,0.5384615384615384,0.6,0.0,12,8,6,13,13,9,5,9,18,8,2,6,0.14634146341463414
5,1,collect_one_size11_comp0.4_grid1_base_medium,11,0.4,medium,base,base,collect_one,10,13,3,3,3,6,13,1,1,1,1,1,1,2,1,1,35,31,1,40,0.325,0.7,0.6875,0.75,0.0,12,8,7,12,12,7,10,8,16,7,0,2,0.05
6,1,collect_one_size11_comp0.4_grid1_base_medium,11,0.4,medium,base,base,collect_one,10,13,3,3,3,6,13,1,1,1,1,1,1,2,1,1,19,22,1,29,0.4482758620689655,0.7241379310344828,0.75,0.6666666666666666,0.0,9,6,5,9,11,3,10,4,6,4,1,0,0.0
7,1,collect_one_size11_comp0.4_grid1_base_medium,11,0.4,medium,base,base,collect_one,10,13,3,3,3,6,13,1,1,1,1,1,1,2,1,1,15,18,1,32,0.40625,0.59375,0.75,0.4375,0.0,10,5,4,12,7,8,13,1,10,1,2,6,0.1875
8,1,collect_one_size11_comp0.4_grid1_base_medium,11,0.4,medium,base,base,collect_one,10,13,3,3,3,6,13,1,1,1,1,1,1,2,1,1,22,19,1,29,0.4482758620689655,0.7931034482758621,0.8,0.7777777777777778,0.0,10,6,4,8,7,7,6,6,8,6,3,1,0.034482758620689655
9,1,collect_one_size11_comp0.4_grid1_base_medium,11,0.4,medium,base,base,collect_one,10,13,3,3,3,6,13,1,1,1,1,1,1,2,1,1,28,25,1,37,0.35135135135135137,0.6486486486486487,0.6538461538461539,0.6363636363636364,0.0,12,7,6,9,10,8,9,4,15,4,4,5,0.13513513513513514
0,2,collect_one_size11_comp0.4_grid2_base_medium,11,0.4,medium,base,base,collect_one,7,3,4,4,8,4,7,1,1,1,1,1,1,2,1,1,6,2,1,23,0.30434782608695654,0.6521739130434783,1.0,0.6,0.0,6,5,7,5,10,3,5,4,7,4,0,0,0.0
1,2,collect_one_size11_comp0.4_grid2_base_medium,11,0.4,medium,base,base,collect_one,7,3,4,4,8,4,7,1,1,1,1,1,1,2,1,1,8,2,1,27,0.25925925925925924,0.5925925925925926,1.0,0.5416666666666666,0.0,7,5,9,6,7,8,4,7,16,7,4,2,0.07407407407407407
2,2,collect_one_size11_comp0.4_grid2_base_medium,11,0.4,medium,base,base,collect_one,7,3,4,4,8,4,7,1,1,1,1,1,1,2,1,1,10,6,1,21,0.3333333333333333,0.6666666666666666,0.7142857142857143,0.6428571428571429,0.0,4,3,8,6,8,3,4,5,8,5,2,0,0.0
3,2,collect_one_size11_comp0.4_grid2_base_medium,11,0.4,medium,base,base,collect_one,7,3,4,4,8,4,7,1,1,1,1,1,1,2,1,1,6,2,1,26,0.2692307692307692,0.6153846153846154,1.0,0.5652173913043478,0.0,6,6,8,6,4,5,9,7,14,7,4,1,0.038461538461538464
4,2,collect_one_size11_comp0.4_grid2_base_medium,11,0.4,medium,base,base,collect_one,7,3,4,4,8,4,7,1,1,1,1,1,1,2,1,1,6,2,1,21,0.3333333333333333,0.6666666666666666,1.0,0.6111111111111112,0.0,4,3,8,6,10,4,2,4,7,4,2,0,0.0
5,2,collect_one_size11_comp0.4_grid2_base_medium,11,0.4,medium,base,base,collect_one,7,3,4,4,8,4,7,1,1,1,1,1,1,2,1,1,6,2,1,17,0.4117647058823529,0.7058823529411765,1.0,0.6428571428571429,0.0,4,3,6,4,8,2,4,2,4,2,4,0,0.0
6,2,collect_one_size11_comp0.4_grid2_base_medium,11,0.4,medium,base,base,collect_one,7,3,4,4,8,4,7,1,1,1,1,1,1,2,1,1,11,2,1,46,0.15217391304347827,0.5652173913043478,1.0,0.5348837209302325,0.0,13,11,12,10,13,7,9,16,32,16,7,1,0.021739130434782608
7,2,collect_one_size11_comp0.4_grid2_base_medium,11,0.4,medium,base,base,collect_one,7,3,4,4,8,4,7,1,1,1,1,1,1,2,1,1,10,6,1,37,0.1891891891891892,0.5945945945945946,0.7142857142857143,0.5666666666666667,0.0,9,8,11,9,13,9,5,9,18,9,6,0,0.0
8,2,collect_one_size11_comp0.4_grid2_base_medium,11,0.4,medium,base,base,collect_one,7,3,4,4,8,4,7,1,1,1,1,1,1,2,1,1,6,2,1,15,0.4666666666666667,0.7333333333333333,1.0,0.6666666666666666,0.0,4,3,5,3,9,2,2,1,2,1,1,0,0.0
9,2,collect_one_size11_comp0.4_grid2_base_medium,11,0.4,medium,base,base,collect_one,7,3,4,4,8,4,7,1,1,1,1,1,1,2,1,1,6,2,1,21,0.3333333333333333,0.6666666666666666,1.0,0.6111111111111112,0.0,5,4,7,5,7,4,4,5,8,5,5,0,0.0
0,3,collect_one_size11_comp0.4_grid3_base_medium,11,0.4,medium,base,base,collect_one,5,11,8,8,3,5,8,1,1,1,1,1,1,2,1,1,4,14,1,23,0.34782608695652173,0.6086956521739131,1.0,0.5,0.0,7,6,10,0,12,4,4,2,6,2,1,3,0.13043478260869565
1,3,collect_one_size11_comp0.4_grid3_base_medium,11,0.4,medium,base,base,collect_one,5,11,8,8,3,5,8,1,1,1,1,1,1,2,1,1,5,21,1,28,0.2857142857142857,0.6071428571428571,0.8333333333333334,0.5454545454545454,0.0,8,7,11,2,12,3,8,4,8,4,2,2,0.07142857142857142
2,3,collect_one_size11_comp0.4_grid3_base_medium,11,0.4,medium,base,base,collect_one,5,11,8,8,3,5,8,1,1,1,1,1,1,2,1,1,4,14,1,23,0.34782608695652173,0.6521739130434783,1.0,0.5555555555555556,0.0,6,5,10,2,11,2,7,2,4,2,0,1,0.043478260869565216
3,3,collect_one_size11_comp0.4_grid3_base_medium,11,0.4,medium,base,base,collect_one,5,11,8,8,3,5,8,1,1,1,1,1,1,2,1,1,15,32,1,38,0.21052631578947367,0.5789473684210527,0.625,0.5454545454545454,0.0,14,15,8,1,16,5,7,9,14,8,4,2,0.05263157894736842
4,3,collect_one_size11_comp0.4_grid3_base_medium,11,0.4,medium,base,base,collect_one,5,11,8,8,3,5,8,1,1,1,1,1,1,2,1,1,7,15,1,21,0.38095238095238093,0.6666666666666666,0.75,0.6153846153846154,0.0,8,6,7,0,12,3,3,2,5,2,1,1,0.047619047619047616
5,3,collect_one_size11_comp0.4_grid3_base_medium,11,0.4,medium,base,base,collect_one,5,11,8,8,3,5,8,1,1,1,1,1,1,2,1,1,4,19,1,28,0.2857142857142857,0.6071428571428571,1.0,0.5217391304347826,0.0,9,8,9,2,14,5,3,5,10,5,1,2,0.07142857142857142
6,3,collect_one_size11_comp0.4_grid3_base_medium,11,0.4,medium,base,base,collect_one,5,11,8,8,3,5,8,1,1,1,1,1,1,2,1,1,8,18,1,26,0.3076923076923077,0.5769230769230769,0.5555555555555556,0.5882352941176471,0.0,11,6,8,1,10,5,6,4,11,4,1,4,0.15384615384615385
7,3,collect_one_size11_comp0.4_grid3_base_medium,11,0.4,medium,base,base,collect_one,5,11,8,8,3,5,8,1,1,1,1,1,1,2,1,1,6,21,1,27,0.2962962962962963,0.6296296296296297,0.8571428571428571,0.55,0.0,9,8,8,2,9,5,7,5,8,5,1,1,0.037037037037037035
8,3,collect_one_size11_comp0.4_grid3_base_medium,11,0.4,medium,base,base,collect_one,5,11,8,8,3,5,8,1,1,1,1,1,1,2,1,1,5,19,1,28,0.2857142857142857,0.5714285714285714,0.8333333333333334,0.5,0.0,9,7,11,1,11,7,6,3,7,3,1,4,0.14285714285714285
9,3,collect_one_size11_comp0.4_grid3_base_medium,11,0.4,medium,base,base,collect_one,5,11,8,8,3,5,8,1,1,1,1,1,1,2,1,1,5,14,1,20,0.4,0.65,0.8333333333333334,0.5714285714285714,0.0,6,5,9,0,13,3,2,1,5,1,1,2,0.1
0,4,collect_one_size11_comp0.4_grid4_base_medium,11,0.4,medium,base,base,collect_one,9,4,5,5,6,3,7,1,1,1,1,1,1,2,1,1,16,7,1,25,0.28,0.56,0.625,0.5294117647058824,0.0,8,5,9,2,5,5,9,3,7,3,1,3,0.12
1,4,collect_one_size11_comp0.4_grid4_base_medium,11,0.4,medium,base,base,collect_one,9,4,5,5,6,3,7,1,1,1,1,1,1,2,1,1,17,3,1,33,0.21212121212121213,0.5757575757575758,1.0,0.5172413793103449,0.0,10,6,11,6,5,13,9,5,13,5,3,2,0.06060606060606061
2,4,collect_one_size11_comp0.4_grid4_base_medium,11,0.4,medium,base,base,collect_one,9,4,5,5,6,3,7,1,1,1,1,1,1,2,1,1,8,3,1,15,0.4666666666666667,0.7333333333333333,1.0,0.6363636363636364,0.0,7,4,4,0,7,3,3,1,1,1,1,0,0.0
3,4,collect_one_size11_comp0.4_grid4_base_medium,11,0.4,medium,base,base,collect_one,9,4,5,5,6,3,7,1,1,1,1,1,1,2,1,1,9,4,1,20,0.35,0.65,0.8,0.6,0.0,8,5,6,1,7,4,5,3,6,3,1,1,0.05
4,4,collect_one_size11_comp0.4_grid4_base_medium,11,0.4,medium,base,base,collect_one,9,4,5,5,6,3,7,1,1,1,1,1,1,2,1,1,17,3,1,28,0.25,0.6071428571428571,1.0,0.5416666666666666,0.0,7,4,11,6,8,8,4,7,12,7,5,1,0.03571428571428571
5,4,collect_one_size11_comp0.4_grid4_base_medium,11,0.4,medium,base,base,collect_one,9,4,5,5,6,3,7,1,1,1,1,1,1,2,1,1,10,3,1,19,0.3684210526315789,0.6842105263157895,1.0,0.6,0.0,7,4,6,2,8,5,3,2,2,2,1,0,0.0
6,4,collect_one_size11_comp0.4_grid4_base_medium,11,0.4,medium,base,base,collect_one,9,4,5,5,6,3,7,1,1,1,1,1,1,2,1,1,11,4,1,20,0.35,0.65,0.8,0.6,0.0,8,5,6,1,8,4,3,4,5,4,1,1,0.05
7,4,collect_one_size11_comp0.4_grid4_base_medium,11,0.4,medium,base,base,collect_one,9,4,5,5,6,3,7,1,1,1,1,1,1,2,1,1,13,4,1,20,0.35,0.65,0.8,0.6,0.0,7,4,7,2,9,3,4,3,4,3,2,1,0.05
8,4,collect_one_size11_comp0.4_grid4_base_medium,11,0.4,medium,base,base,collect_one,9,4,5,5,6,3,7,1,1,1,1,1,1,2,1,1,16,6,1,23,0.30434782608695654,0.6086956521739131,0.7142857142857143,0.5625,0.0,8,5,8,2,7,7,6,2,4,2,1,2,0.08695652173913043
9,4,collect_one_size11_comp0.4_grid4_base_medium,11,0.4,medium,base,base,collect_one,9,4,5,5,6,3,7,1,1,1,1,1,1,2,1,1,12,3,1,29,0.2413793103448276,0.6206896551724138,1.0,0.56,0.0,7,4,11,7,12,5,7,4,10,4,0,0,0.0
0,5,collect_one_size11_comp0.4_grid5_base_medium,11,0.4,medium,base,base,collect_one,6,13,7,7,4,3,10,1,1,1,1,1,1,2,1,1,7,14,1,20,0.5,0.75,0.875,0.6666666666666666,0.0,6,3,2,9,9,2,5,3,4,3,1,0,0.0
1,5,collect_one_size11_comp0.4_grid5_base_medium,11,0.4,medium,base,base,collect_one,6,13,7,7,4,3,10,1,1,1,1,1,1,2,1,1,14,23,1,27,0.37037037037037035,0.6296296296296297,0.6666666666666666,0.5833333333333334,0.0,9,7,2,9,9,8,4,5,7,4,1,3,0.1111111111111111
2,5,collect_one_size11_comp0.4_grid5_base_medium,11,0.4,medium,base,base,collect_one,6,13,7,7,4,3,10,1,1,1,1,1,1,2,1,1,5,14,1,19,0.5263157894736842,0.7368421052631579,1.0,0.6153846153846154,0.0,6,2,2,9,11,5,2,0,2,0,2,1,0.05263157894736842
3,5,collect_one_size11_comp0.4_grid5_base_medium,11,0.4,medium,base,base,collect_one,6,13,7,7,4,3,10,1,1,1,1,1,1,2,1,1,7,14,1,19,0.5263157894736842,0.7368421052631579,0.875,0.6363636363636364,0.0,5,3,2,9,10,2,5,1,3,1,2,1,0.05263157894736842
4,5,collect_one_size11_comp0.4_grid5_base_medium,11,0.4,medium,base,base,collect_one,6,13,7,7,4,3,10,1,1,1,1,1,1,2,1,1,7,16,1,20,0.5,0.75,0.875,0.6666666666666666,0.0,6,3,2,9,10,3,3,3,3,3,2,0,0.0
5,5,collect_one_size11_comp0.4_grid5_base_medium,11,0.4,medium,base,base,collect_one,6,13,7,7,4,3,10,1,1,1,1,1,1,2,1,1,5,14,1,18,0.5555555555555556,0.7777777777777778,1.0,0.6666666666666666,0.0,6,3,1,8,8,3,4,2,3,2,1,0,0.0
6,5,collect_one_size11_comp0.4_grid5_base_medium,11,0.4,medium,base,base,collect_one,6,13,7,7,4,3,10,1,1,1,1,1,1,2,1,1,7,16,1,21,0.47619047619047616,0.7142857142857143,0.875,0.6153846153846154,0.0,7,5,1,8,9,4,5,2,4,2,2,1,0.047619047619047616
7,5,collect_one_size11_comp0.4_grid5_base_medium,11,0.4,medium,base,base,collect_one,6,13,7,7,4,3,10,1,1,1,1,1,1,2,1,1,7,23,1,28,0.35714285714285715,0.6428571428571429,0.875,0.55,0.0,7,5,4,12,9,8,6,4,9,4,1,2,0.07142857142857142
8,5,collect_one_size11_comp0.4_grid5_base_medium,11,0.4,medium,base,base,collect_one,6,13,7,7,4,3,10,1,1,1,1,1,1,2,1,1,5,14,1,18,0.5555555555555556,0.7777777777777778,1.0,0.6666666666666666,0.0,6,3,1,8,9,3,2,3,3,3,1,0,0.0
9,5,collect_one_size11_comp0.4_grid5_base_medium,11,0.4,medium,base,base,collect_one,6,13,7,7,4,3,10,1,1,1,1,1,1,2,1,1,11,18,1,23,0.43478260869565216,0.6956521739130435,0.75,0.6363636363636364,0.0,7,4,2,10,11,3,7,1,3,1,1,1,0.043478260869565216
0,6,collect_one_size11_comp0.4_grid6_base_medium,11,0.4,medium,base,base,collect_one,5,8,7,7,5,4,10,1,1,1,1,1,1,2,1,1,8,16,1,23,0.43478260869565216,0.6956521739130435,0.7777777777777778,0.6428571428571429,0.0,3,8,4,8,10,4,4,4,5,4,1,1,0.043478260869565216
1,6,collect_one_size11_comp0.4_grid6_base_medium,11,0.4,medium,base,base,collect_one,5,8,7,7,5,4,10,1,1,1,1,1,1,2,1,1,6,19,1,28,0.35714285714285715,0.6785714285714286,0.8571428571428571,0.6190476190476191,0.0,4,8,6,10,10,10,4,3,9,3,3,0,0.0
2,6,collect_one_size11_comp0.4_grid6_base_medium,11,0.4,medium,base,base,collect_one,5,8,7,7,5,4,10,1,1,1,1,1,1,2,1,1,4,17,1,24,0.4166666666666667,0.7083333333333334,1.0,0.631578947368421,0.0,3,7,5,9,10,5,3,5,5,5,0,0,0.0
3,6,collect_one_size11_comp0.4_grid6_base_medium,11,0.4,medium,base,base,collect_one,5,8,7,7,5,4,10,1,1,1,1,1,1,2,1,1,13,27,1,35,0.2857142857142857,0.6,0.6428571428571429,0.5714285714285714,0.0,8,10,6,10,8,6,8,10,16,9,3,2,0.05714285714285714
4,6,collect_one_size11_comp0.4_grid6_base_medium,11,0.4,medium,base,base,collect_one,5,8,7,7,5,4,10,1,1,1,1,1,1,2,1,1,8,20,1,25,0.4,0.68,0.7777777777777778,0.625,0.0,4,8,4,9,10,5,5,4,5,4,0,1,0.04
5,6,collect_one_size11_comp0.4_grid6_base_medium,11,0.4,medium,base,base,collect_one,5,8,7,7,5,4,10,1,1,1,1,1,1,2,1,1,39,9,1,46,0.21739130434782608,0.6086956521739131,0.9,0.5277777777777778,0.0,8,14,10,14,21,5,11,8,24,8,2,2,0.043478260869565216
6,6,collect_one_size11_comp0.4_grid6_base_medium,11,0.4,medium,base,base,collect_one,5,8,7,7,5,4,10,1,1,1,1,1,1,2,1,1,8,17,1,22,0.45454545454545453,0.7272727272727273,0.7777777777777778,0.6923076923076923,0.0,4,8,3,7,10,2,4,5,5,5,0,0,0.0
7,6,collect_one_size11_comp0.4_grid6_base_medium,11,0.4,medium,base,base,collect_one,5,8,7,7,5,4,10,1,1,1,1,1,1,2,1,1,22,11,1,28,0.35714285714285715,0.7142857142857143,0.8333333333333334,0.625,0.0,1,5,9,13,14,5,3,5,10,5,2,0,0.0
8,6,collect_one_size11_comp0.4_grid6_base_medium,11,0.4,medium,base,base,collect_one,5,8,7,7,5,4,10,1,1,1,1,1,1,2,1,1,6,17,1,22,0.45454545454545453,0.7272727272727273,0.8571428571428571,0.6666666666666666,0.0,4,8,3,7,9,5,5,2,2,2,0,0,0.0
9,6,collect_one_size11_comp0.4_grid6_base_medium,11,0.4,medium,base,base,collect_one,5,8,7,7,5,4,10,1,1,1,1,1,1,2,1,1,7,16,1,23,0.43478260869565216,0.6956521739130435,0.75,0.6666666666666666,0.0,4,8,4,7,5,7,6,4,5,4,2,1,0.043478260869565216
0,7,collect_one_size11_comp0.4_grid7_base_medium,11,0.4,medium,base,base,collect_one,8,6,14,14,9,7,13,1,1,1,1,1,1,2,1,1,30,5,1,43,0.3023255813953488,0.627906976744186,1.0,0.5675675675675675,0.0,12,5,15,11,26,2,6,8,17,8,1,2,0.046511627906976744
1,7,collect_one_size11_comp0.4_grid7_base_medium,11,0.4,medium,base,base,collect_one,8,6,14,14,9,7,13,1,1,1,1,1,1,2,1,1,30,9,1,42,0.30952380952380953,0.6428571428571429,0.8,0.59375,0.0,10,3,17,12,15,9,9,8,17,8,2,1,0.023809523809523808
2,7,collect_one_size11_comp0.4_grid7_base_medium,11,0.4,medium,base,base,collect_one,8,6,14,14,9,7,13,1,1,1,1,1,1,2,1,1,29,5,1,39,0.3333333333333333,0.6666666666666666,1.0,0.6060606060606061,0.0,10,4,15,10,22,5,4,7,12,7,2,0,0.0
3,7,collect_one_size11_comp0.4_grid7_base_medium,11,0.4,medium,base,base,collect_one,8,6,14,14,9,7,13,1,1,1,1,1,1,2,1,1,24,6,1,34,0.38235294117647056,0.6764705882352942,0.8571428571428571,0.6296296296296297,0.0,9,3,13,8,20,3,4,4,12,4,2,0,0.0
4,7,collect_one_size11_comp0.4_grid7_base_medium,11,0.4,medium,base,base,collect_one,8,6,14,14,9,7,13,1,1,1,1,1,1,2,1,1,25,7,1,42,0.30952380952380953,0.6428571428571429,0.875,0.5882352941176471,0.0,13,6,14,9,18,5,10,8,15,8,1,1,0.023809523809523808
5,7,collect_one_size11_comp0.4_grid7_base_medium,11,0.4,medium,base,base,collect_one,8,6,14,14,9,7,13,1,1,1,1,1,1,2,1,1,28,5,1,39,0.3333333333333333,0.6410256410256411,1.0,0.5757575757575758,0.0,12,6,13,8,20,4,4,10,18,9,2,2,0.05128205128205128
6,7,collect_one_size11_comp0.4_grid7_base_medium,11,0.4,medium,base,base,collect_one,8,6,14,14,9,7,13,1,1,1,1,1,1,2,1,1,23,5,1,36,0.3611111111111111,0.6666666666666666,1.0,0.6,0.0,10,3,14,9,18,5,7,5,11,4,5,1,0.027777777777777776
7,7,collect_one_size11_comp0.4_grid7_base_medium,11,0.4,medium,base,base,collect_one,8,6,14,14,9,7,13,1,1,1,1,1,1,2,1,1,24,5,1,36,0.3611111111111111,0.6666666666666666,1.0,0.6,0.0,8,2,16,10,19,3,7,6,12,6,1,1,0.027777777777777776
8,7,collect_one_size11_comp0.4_grid7_base_medium,11,0.4,medium,base,base,collect_one,8,6,14,14,9,7,13,1,1,1,1,1,1,2,1,1,20,5,1,32,0.40625,0.6875,1.0,0.6153846153846154,0.0,8,2,14,8,19,5,5,2,7,2,2,1,0.03125
9,7,collect_one_size11_comp0.4_grid7_base_medium,11,0.4,medium,base,base,collect_one,8,6,14,14,9,7,13,1,1,1,1,1,1,2,1,1,25,7,1,41,0.3170731707317073,0.6341463414634146,0.875,0.5757575757575758,0.0,10,5,16,10,13,11,9,7,14,7,2,2,0.04878048780487805
0,8,collect_one_size11_comp0.4_grid8_base_medium,11,0.4,medium,base,base,collect_one,12,11,3,3,3,4,15,1,1,1,1,1,1,2,1,1,21,15,1,25,0.6,0.72,0.75,0.6666666666666666,0.0,10,4,9,2,10,7,5,2,6,2,1,4,0.16
1,8,collect_one_size11_comp0.4_grid8_base_medium,11,0.4,medium,base,base,collect_one,12,11,3,3,3,4,15,1,1,1,1,1,1,2,1,1,13,10,1,17,0.8823529411764706,0.9411764705882353,1.0,0.8333333333333334,0.0,8,3,5,1,9,4,3,0,0,0,0,0,0.0
2,8,collect_one_size11_comp0.4_grid8_base_medium,11,0.4,medium,base,base,collect_one,12,11,3,3,3,4,15,1,1,1,1,1,1,2,1,1,18,13,1,23,0.6521739130434783,0.782608695652174,0.8571428571428571,0.6666666666666666,0.0,9,6,6,2,11,5,2,4,5,3,0,2,0.08695652173913043
3,8,collect_one_size11_comp0.4_grid8_base_medium,11,0.4,medium,base,base,collect_one,12,11,3,3,3,4,15,1,1,1,1,1,1,2,1,1,17,12,1,23,0.6521739130434783,0.8260869565217391,0.9230769230769231,0.7,0.0,9,4,7,3,9,6,4,3,5,3,2,0,0.0
4,8,collect_one_size11_comp0.4_grid8_base_medium,11,0.4,medium,base,base,collect_one,12,11,3,3,3,4,15,1,1,1,1,1,1,2,1,1,16,11,1,23,0.6521739130434783,0.782608695652174,0.9166666666666666,0.6363636363636364,0.0,10,5,6,2,9,7,3,3,5,3,4,2,0.08695652173913043
5,8,collect_one_size11_comp0.4_grid8_base_medium,11,0.4,medium,base,base,collect_one,12,11,3,3,3,4,15,1,1,1,1,1,1,2,1,1,19,13,1,23,0.6521739130434783,0.782608695652174,0.8571428571428571,0.6666666666666666,0.0,9,5,7,2,9,7,3,3,5,3,0,2,0.08695652173913043
6,8,collect_one_size11_comp0.4_grid8_base_medium,11,0.4,medium,base,base,collect_one,12,11,3,3,3,4,15,1,1,1,1,1,1,2,1,1,14,11,1,18,0.8333333333333334,0.8888888888888888,0.9166666666666666,0.8333333333333334,0.0,8,3,6,1,11,4,2,0,1,0,0,1,0.05555555555555555
7,8,collect_one_size11_comp0.4_grid8_base_medium,11,0.4,medium,base,base,collect_one,12,11,3,3,3,4,15,1,1,1,1,1,1,2,1,1,16,13,1,20,0.75,0.8,0.7857142857142857,0.8333333333333334,0.0,10,3,6,1,11,5,3,0,3,0,0,3,0.15
8,8,collect_one_size11_comp0.4_grid8_base_medium,11,0.4,medium,base,base,collect_one,12,11,3,3,3,4,15,1,1,1,1,1,1,2,1,1,16,11,1,22,0.6818181818181818,0.8181818181818182,0.9166666666666666,0.7,0.0,8,3,8,3,13,3,4,1,2,1,0,1,0.045454545454545456
9,8,collect_one_size11_comp0.4_grid8_base_medium,11,0.4,medium,base,base,collect_one,12,11,3,3,3,4,15,1,1,1,1,1,1,2,1,1,14,11,1,18,0.8333333333333334,0.8888888888888888,0.9166666666666666,0.8333333333333334,0.0,8,3,6,1,8,5,4,0,1,0,0,1,0.05555555555555555
0,9,collect_one_size11_comp0.4_grid9_base_medium,11,0.4,medium,base,base,collect_one,9,10,5,5,11,6,16,1,1,1,1,1,1,2,1,1,22,13,1,37,0.43243243243243246,0.6756756756756757,0.7857142857142857,0.6086956521739131,0.0,10,12,10,4,20,7,3,4,14,4,4,2,0.05405405405405406
1,9,collect_one_size11_comp0.4_grid9_base_medium,11,0.4,medium,base,base,collect_one,9,10,5,5,11,6,16,1,1,1,1,1,1,2,1,1,22,16,1,36,0.4444444444444444,0.6944444444444444,0.7647058823529411,0.631578947368421,0.0,6,10,14,6,10,9,11,5,11,5,3,2,0.05555555555555555
2,9,collect_one_size11_comp0.4_grid9_base_medium,11,0.4,medium,base,base,collect_one,9,10,5,5,11,6,16,1,1,1,1,1,1,2,1,1,19,14,1,32,0.5,0.71875,0.8,0.6470588235294118,0.0,7,9,11,4,12,8,6,3,11,3,3,1,0.03125
3,9,collect_one_size11_comp0.4_grid9_base_medium,11,0.4,medium,base,base,collect_one,9,10,5,5,11,6,16,1,1,1,1,1,1,2,1,1,18,13,1,32,0.5,0.75,0.8571428571428571,0.6666666666666666,0.0,7,10,11,4,17,6,3,5,6,5,1,0,0.0
4,9,collect_one_size11_comp0.4_grid9_base_medium,11,0.4,medium,base,base,collect_one,9,10,5,5,11,6,16,1,1,1,1,1,1,2,1,1,20,15,1,40,0.4,0.65,0.75,0.5833333333333334,0.0,10,10,14,6,11,10,12,6,15,6,2,4,0.1
5,9,collect_one_size11_comp0.4_grid9_base_medium,11,0.4,medium,base,base,collect_one,9,10,5,5,11,6,16,1,1,1,1,1,1,2,1,1,24,18,1,38,0.42105263157894735,0.6578947368421053,0.6842105263157895,0.631578947368421,0.0,10,12,12,4,15,8,8,6,17,6,3,4,0.10526315789473684
6,9,collect_one_size11_comp0.4_grid9_base_medium,11,0.4,medium,base,base,collect_one,9,10,5,5,11,6,16,1,1,1,1,1,1,2,1,1,18,11,1,37,0.43243243243243246,0.7027027027027027,0.9166666666666666,0.6,0.0,7,10,14,6,18,8,6,4,8,3,0,1,0.02702702702702703
7,9,collect_one_size11_comp0.4_grid9_base_medium,11,0.4,medium,base,base,collect_one,9,10,5,5,11,6,16,1,1,1,1,1,1,2,1,1,25,16,1,63,0.25396825396825395,0.5873015873015873,0.7647058823529411,0.5217391304347826,0.0,18,20,16,9,22,17,10,13,24,12,2,5,0.07936507936507936
8,9,collect_one_size11_comp0.4_grid9_base_medium,11,0.4,medium,base,base,collect_one,9,10,5,5,11,6,16,1,1,1,1,1,1,2,1,1,22,15,1,36,0.4444444444444444,0.7222222222222222,0.8125,0.65,0.0,5,8,15,8,13,5,10,7,11,7,3,0,0.0
9,9,collect_one_size11_comp0.4_grid9_base_medium,11,0.4,medium,base,base,collect_one,9,10,5,5,11,6,16,1,1,1,1,1,1,2,1,1,18,13,1,32,0.5,0.75,0.8571428571428571,0.6666666666666666,0.0,6,9,12,5,15,9,3,4,7,4,0,0,0.0
0,0,collect_one_size7_comp0.0_grid0_base_medium,7,0.0,medium,base,base,collect_one,5,4,3,3,4,3,7,1,1,1,1,1,1,2,1,1,6,3,1,11,0.6363636363636364,0.8181818181818182,1.0,0.7142857142857143,0.0,2,3,2,4,4,3,2,1,2,1,1,0,0.0
1,0,collect_one_size7_comp0.0_grid0_base_medium,7,0.0,medium,base,base,collect_one,5,4,3,3,4,3,7,1,1,1,1,1,1,2,1,1,6,3,1,13,0.5384615384615384,0.7692307692307693,1.0,0.6666666666666666,0.0,3,4,2,4,6,3,1,2,3,2,0,0,0.0
2,0,collect_one_size7_comp0.0_grid0_base_medium,7,0.0,medium,base,base,collect_one,5,4,3,3,4,3,7,1,1,1,1,1,1,2,1,1,6,3,1,11,0.6363636363636364,0.8181818181818182,1.0,0.7142857142857143,0.0,2,3,2,4,4,3,2,1,3,1,1,0,0.0
3,0,collect_one_size7_comp0.0_grid0_base_medium,7,0.0,medium,base,base,collect_one,5,4,3,3,4,3,7,1,1,1,1,1,1,2,1,1,6,3,1,11,0.6363636363636364,0.8181818181818182,1.0,0.7142857142857143,0.0,2,3,2,4,6,0,2,2,3,2,2,0,0.0
4,0,collect_one_size7_comp0.0_grid0_base_medium,7,0.0,medium,base,base,collect_one,5,4,3,3,4,3,7,1,1,1,1,1,1,2,1,1,6,3,1,17,0.4117647058823529,0.7058823529411765,1.0,0.6153846153846154,0.0,4,5,3,5,6,2,1,7,9,7,2,0,0.0
5,0,collect_one_size7_comp0.0_grid0_base_medium,7,0.0,medium,base,base,collect_one,5,4,3,3,4,3,7,1,1,1,1,1,1,2,1,1,6,3,1,17,0.4117647058823529,0.7058823529411765,1.0,0.6153846153846154,0.0,3,4,4,6,5,4,1,6,8,6,2,0,0.0
6,0,collect_one_size7_comp0.0_grid0_base_medium,7,0.0,medium,base,base,collect_one,5,4,3,3,4,3,7,1,1,1,1,1,1,2,1,1,6,3,1,11,0.6363636363636364,0.8181818181818182,1.0,0.7142857142857143,0.0,2,3,2,4,5,2,2,1,2,1,1,0,0.0
7,0,collect_one_size7_comp0.0_grid0_base_medium,7,0.0,medium,base,base,collect_one,5,4,3,3,4,3,7,1,1,1,1,1,1,2,1,1,8,3,1,13,0.5384615384615384,0.7692307692307693,1.0,0.6666666666666666,0.0,2,3,3,5,5,2,3,2,3,2,1,0,0.0
8,0,collect_one_size7_comp0.0_grid0_base_medium,7,0.0,medium,base,base,collect_one,5,4,3,3,4,3,7,1,1,1,1,1,1,2,1,1,8,5,1,15,0.4666666666666667,0.7333333333333333,0.8333333333333334,0.6666666666666666,0.0,4,5,2,4,5,1,3,5,7,5,2,0,0.0
9,0,collect_one_size7_comp0.0_grid0_base_medium,7,0.0,medium,base,base,collect_one,5,4,3,3,4,3,7,1,1,1,1,1,1,2,1,1,8,3,1,17,0.4117647058823529,0.7058823529411765,1.0,0.6153846153846154,0.0,4,5,3,5,8,4,2,2,4,2,3,0,0.0
0,1,collect_one_size7_comp0.0_grid1_base_medium,7,0.0,medium,base,base,collect_one,5,6,3,3,6,3,9,1,1,1,1,1,1,2,1,1,9,5,1,20,0.45,0.7,1.0,0.5714285714285714,0.0,3,4,9,4,7,6,3,3,6,2,4,1,0.05
1,1,collect_one_size7_comp0.0_grid1_base_medium,7,0.0,medium,base,base,collect_one,5,6,3,3,6,3,9,1,1,1,1,1,1,2,1,1,8,5,1,17,0.5294117647058824,0.7647058823529411,1.0,0.6363636363636364,0.0,3,4,7,3,6,4,5,1,4,1,1,0,0.0
2,1,collect_one_size7_comp0.0_grid1_base_medium,7,0.0,medium,base,base,collect_one,5,6,3,3,6,3,9,1,1,1,1,1,1,2,1,1,4,7,1,11,0.8181818181818182,1.0,1.0,1.0,0.0,3,4,4,0,6,3,1,0,0,0,0,0,0.0
3,1,collect_one_size7_comp0.0_grid1_base_medium,7,0.0,medium,base,base,collect_one,5,6,3,3,6,3,9,1,1,1,1,1,1,2,1,1,4,7,1,15,0.6,0.8666666666666667,1.0,0.8,0.0,4,5,5,1,6,5,2,1,2,1,0,0,0.0
4,1,collect_one_size7_comp0.0_grid1_base_medium,7,0.0,medium,base,base,collect_one,5,6,3,3,6,3,9,1,1,1,1,1,1,2,1,1,8,5,1,15,0.6,0.8,1.0,0.6666666666666666,0.0,3,4,6,2,6,2,6,0,3,0,0,0,0.0
5,1,collect_one_size7_comp0.0_grid1_base_medium,7,0.0,medium,base,base,collect_one,5,6,3,3,6,3,9,1,1,1,1,1,1,2,1,1,4,7,1,13,0.6923076923076923,0.9230769230769231,1.0,0.875,0.0,3,4,5,1,4,4,4,0,0,0,0,0,0.0
6,1,collect_one_size7_comp0.0_grid1_base_medium,7,0.0,medium,base,base,collect_one,5,6,3,3,6,3,9,1,1,1,1,1,1,2,1,1,8,5,1,16,0.5625,0.75,1.0,0.6,0.0,4,4,6,2,7,2,4,2,4,1,2,1,0.0625
7,1,collect_one_size7_comp0.0_grid1_base_medium,7,0.0,medium,base,base,collect_one,5,6,3,3,6,3,9,1,1,1,1,1,1,2,1,1,10,5,1,17,0.5294117647058824,0.7647058823529411,1.0,0.6363636363636364,0.0,4,5,6,2,2,4,9,1,4,1,1,0,0.0
8,1,collect_one_size7_comp0.0_grid1_base_medium,7,0.0,medium,base,base,collect_one,5,6,3,3,6,3,9,1,1,1,1,1,1,2,1,1,4,9,1,15,0.6,0.8666666666666667,1.0,0.8,0.0,3,4,6,2,5,4,3,2,2,2,0,0,0.0
9,1,collect_one_size7_comp0.0_grid1_base_medium,7,0.0,medium,base,base,collect_one,5,6,3,3,6,3,9,1,1,1,1,1,1,2,1,1,8,5,1,15,0.6,0.8,1.0,0.6666666666666666,0.0,3,4,6,2,7,2,5,0,2,0,1,0,0.0
0,2,collect_one_size7_comp0.0_grid2_base_medium,7,0.0,medium,base,base,collect_one,4,4,6,6,3,3,7,1,1,1,1,1,1,2,1,1,3,10,1,18,0.3888888888888889,0.6666666666666666,1.0,0.5714285714285714,0.0,5,2,7,4,6,5,4,2,6,1,2,1,0.05555555555555555
1,2,collect_one_size7_comp0.0_grid2_base_medium,7,0.0,medium,base,base,collect_one,4,4,6,6,3,3,7,1,1,1,1,1,1,1,1,0,3,-1,1,9,0.7777777777777778,0.8888888888888888,1.0,0.8,0.0,3,0,4,2,3,3,2,0,0,0,0,0,0.0
2,2,collect_one_size7_comp0.0_grid2_base_medium,7,0.0,medium,base,base,collect_one,4,4,6,6,3,3,7,1,1,1,1,1,1,2,1,1,3,11,1,17,0.4117647058823529,0.7058823529411765,1.0,0.6153846153846154,0.0,5,2,6,4,6,5,3,2,3,2,2,0,0.0
3,2,collect_one_size7_comp0.0_grid2_base_medium,7,0.0,medium,base,base,collect_one,4,4,6,6,3,3,7,1,1,1,1,1,1,2,1,1,3,19,1,23,0.30434782608695654,0.6521739130434783,1.0,0.5789473684210527,0.0,8,5,6,4,6,7,4,5,9,5,4,0,0.0
4,2,collect_one_size7_comp0.0_grid2_base_medium,7,0.0,medium,base,base,collect_one,4,4,6,6,3,3,7,1,1,1,1,1,1,2,1,1,5,13,1,19,0.3684210526315789,0.6842105263157895,0.8333333333333334,0.6153846153846154,0.0,6,3,6,4,4,7,5,2,4,2,2,0,0.0
5,2,collect_one_size7_comp0.0_grid2_base_medium,7,0.0,medium,base,base,collect_one,4,4,6,6,3,3,7,1,1,1,1,1,1,2,1,1,4,12,1,19,0.3684210526315789,0.631578947368421,0.8,0.5714285714285714,0.0,6,3,6,4,6,6,6,0,3,0,0,2,0.10526315789473684
6,2,collect_one_size7_comp0.0_grid2_base_medium,7,0.0,medium,base,base,collect_one,4,4,6,6,3,3,7,1,1,1,1,1,1,2,1,1,3,13,1,19,0.3684210526315789,0.6842105263157895,1.0,0.6,0.0,6,3,6,4,7,4,3,4,4,4,2,0,0.0
7,2,collect_one_size7_comp0.0_grid2_base_medium,7,0.0,medium,base,base,collect_one,4,4,6,6,3,3,7,1,1,1,1,1,1,2,1,1,3,13,1,17,0.4117647058823529,0.7058823529411765,1.0,0.6153846153846154,0.0,5,2,6,4,5,2,4,5,6,5,2,0,0.0
8,2,collect_one_size7_comp0.0_grid2_base_medium,7,0.0,medium,base,base,collect_one,4,4,6,6,3,3,7,1,1,1,1,1,1,2,1,1,11,3,1,15,0.4666666666666667,0.7333333333333333,1.0,0.6363636363636364,0.0,6,3,4,2,4,1,8,1,3,1,0,0,0.0
9,2,collect_one_size7_comp0.0_grid2_base_medium,7,0.0,medium,base,base,collect_one,4,4,6,6,3,3,7,1,1,1,1,1,1,1,1,0,3,-1,1,7,1.0,1.0,1.0,1.0,0.0,3,0,3,1,3,1,2,0,0,0,0,0,0.0
0,3,collect_one_size7_comp0.0_grid3_base_medium,7,0.0,medium,base,base,collect_one,3,3,6,6,5,5,8,1,1,1,1,1,1,2,1,1,10,2,1,20,0.4,0.7,1.0,0.6470588235294118,0.0,7,6,5,2,6,3,6,4,7,4,2,0,0.0
1,3,collect_one_size7_comp0.0_grid3_base_medium,7,0.0,medium,base,base,collect_one,3,3,6,6,5,5,8,1,1,1,1,1,1,2,1,1,10,2,1,18,0.4444444444444444,0.7222222222222222,1.0,0.6666666666666666,0.0,6,5,5,2,8,7,0,2,5,2,1,0,0.0
2,3,collect_one_size7_comp0.0_grid3_base_medium,7,0.0,medium,base,base,collect_one,3,3,6,6,5,5,8,1,1,1,1,1,1,2,1,1,10,2,1,18,0.4444444444444444,0.7222222222222222,1.0,0.6666666666666666,0.0,7,6,4,1,4,7,3,3,5,3,1,0,0.0
3,3,collect_one_size7_comp0.0_grid3_base_medium,7,0.0,medium,base,base,collect_one,3,3,6,6,5,5,8,1,1,1,1,1,1,2,1,1,2,12,1,20,0.4,0.7,1.0,0.6470588235294118,0.0,6,5,6,3,7,4,4,4,8,4,0,0,0.0
4,3,collect_one_size7_comp0.0_grid3_base_medium,7,0.0,medium,base,base,collect_one,3,3,6,6,5,5,8,1,1,1,1,1,1,2,1,1,2,8,1,16,0.5,0.75,1.0,0.6923076923076923,0.0,5,4,5,2,4,4,6,1,4,1,1,0,0.0
5,3,collect_one_size7_comp0.0_grid3_base_medium,7,0.0,medium,base,base,collect_one,3,3,6,6,5,5,8,1,1,1,1,1,1,2,1,1,2,8,1,15,0.5333333333333333,0.7333333333333333,1.0,0.6666666666666666,0.0,5,3,5,2,4,7,3,0,1,0,0,1,0.06666666666666667
6,3,collect_one_size7_comp0.0_grid3_base_medium,7,0.0,medium,base,base,collect_one,3,3,6,6,5,5,8,1,1,1,1,1,1,2,1,1,20,2,1,30,0.26666666666666666,0.6,1.0,0.5555555555555556,0.0,10,8,7,5,8,6,10,5,13,4,7,2,0.06666666666666667
7,3,collect_one_size7_comp0.0_grid3_base_medium,7,0.0,medium,base,base,collect_one,3,3,6,6,5,5,8,1,1,1,1,1,1,2,1,1,2,12,1,20,0.4,0.65,1.0,0.5882352941176471,0.0,7,4,6,3,7,5,5,2,7,2,3,2,0.1
8,3,collect_one_size7_comp0.0_grid3_base_medium,7,0.0,medium,base,base,collect_one,3,3,6,6,5,5,8,1,1,1,1,1,1,2,1,1,15,4,1,23,0.34782608695652173,0.6086956521739131,0.8,0.5555555555555556,0.0,8,7,4,4,6,7,5,4,10,3,4,3,0.13043478260869565
9,3,collect_one_size7_comp0.0_grid3_base_medium,7,0.0,medium,base,base,collect_one,3,3,6,6,5,5,8,1,1,1,1,1,1,2,1,1,12,4,1,18,0.4444444444444444,0.7222222222222222,0.8,0.6923076923076923,0.0,6,5,5,2,5,3,4,5,5,5,1,0,0.0
0,4,collect_one_size7_comp0.0_grid4_base_medium,7,0.0,medium,base,base,collect_one,3,3,4,4,7,3,6,1,1,1,1,1,1,2,1,1,12,8,1,20,0.3,0.65,0.6666666666666666,0.6363636363636364,0.0,6,4,6,4,8,5,3,3,6,3,4,0,0.0
1,4,collect_one_size7_comp0.0_grid4_base_medium,7,0.0,medium,base,base,collect_one,3,3,4,4,7,3,6,1,1,1,1,1,1,2,1,1,6,2,1,16,0.375,0.6875,1.0,0.6153846153846154,0.0,6,4,4,2,7,5,3,0,1,0,1,0,0.0
2,4,collect_one_size7_comp0.0_grid4_base_medium,7,0.0,medium,base,base,collect_one,3,3,4,4,7,3,6,1,1,1,1,1,1,2,1,1,8,2,1,16,0.375,0.6875,1.0,0.6153846153846154,0.0,5,3,5,3,5,6,3,1,5,1,3,0,0.0
3,4,collect_one_size7_comp0.0_grid4_base_medium,7,0.0,medium,base,base,collect_one,3,3,4,4,7,3,6,1,1,1,1,1,1,2,1,1,10,6,1,22,0.2727272727272727,0.6363636363636364,0.7142857142857143,0.6,0.0,7,5,6,4,8,4,4,5,8,5,2,0,0.0
4,4,collect_one_size7_comp0.0_grid4_base_medium,7,0.0,medium,base,base,collect_one,3,3,4,4,7,3,6,1,1,1,1,1,1,2,1,1,10,6,1,26,0.23076923076923078,0.5769230769230769,0.7142857142857143,0.5263157894736842,0.0,12,8,4,2,9,4,6,6,14,5,4,2,0.07692307692307693
5,4,collect_one_size7_comp0.0_grid4_base_medium,7,0.0,medium,base,base,collect_one,3,3,4,4,7,3,6,1,1,1,1,1,1,2,1,1,8,4,1,23,0.2608695652173913,0.6086956521739131,0.8,0.5555555555555556,0.0,10,7,4,2,6,6,4,6,10,5,2,1,0.043478260869565216
6,4,collect_one_size7_comp0.0_grid4_base_medium,7,0.0,medium,base,base,collect_one,3,3,4,4,7,3,6,1,1,1,1,1,1,2,1,1,13,6,1,23,0.2608695652173913,0.5652173913043478,0.7142857142857143,0.5,0.0,7,5,5,6,10,2,7,3,12,3,3,3,0.13043478260869565
7,4,collect_one_size7_comp0.0_grid4_base_medium,7,0.0,medium,base,base,collect_one,3,3,4,4,7,3,6,1,1,1,1,1,1,2,1,1,8,4,1,16,0.375,0.6875,0.8,0.6363636363636364,0.0,5,3,5,3,6,3,5,1,6,1,3,0,0.0
8,4,collect_one_size7_comp0.0_grid4_base_medium,7,0.0,medium,base,base,collect_one,3,3,4,4,7,3,6,1,1,1,1,1,1,2,1,1,8,2,1,18,0.3333333333333333,0.6666666666666666,1.0,0.6,0.0,6,4,5,3,8,4,3,2,5,2,2,0,0.0
9,4,collect_one_size7_comp0.0_grid4_base_medium,7,0.0,medium,base,base,collect_one,3,3,4,4,7,3,6,1,1,1,1,1,1,2,1,1,12,6,1,24,0.25,0.625,0.7142857142857143,0.5882352941176471,0.0,8,6,6,4,7,7,5,4,6,4,2,0,0.0
0,5,collect_one_size7_comp0.0_grid5_base_medium,7,0.0,medium,base,base,collect_one,3,5,4,4,7,3,8,1,1,1,1,1,1,2,1,1,8,4,1,16,0.5,0.75,1.0,0.6363636363636364,0.0,3,3,3,7,3,6,5,1,3,1,1,0,0.0
1,5,collect_one_size7_comp0.0_grid5_base_medium,7,0.0,medium,base,base,collect_one,3,5,4,4,7,3,8,1,1,1,1,1,1,2,1,1,13,5,1,21,0.38095238095238093,0.6666666666666666,0.8333333333333334,0.6,0.0,5,5,4,7,4,9,3,4,8,3,1,1,0.047619047619047616
2,5,collect_one_size7_comp0.0_grid5_base_medium,7,0.0,medium,base,base,collect_one,3,5,4,4,7,3,8,1,1,1,1,1,1,2,1,1,14,4,1,22,0.36363636363636365,0.6818181818181818,1.0,0.5882352941176471,0.0,6,6,3,7,7,9,5,0,6,0,0,0,0.0
3,5,collect_one_size7_comp0.0_grid5_base_medium,7,0.0,medium,base,base,collect_one,3,5,4,4,7,3,8,1,1,1,1,1,1,2,1,1,12,6,1,20,0.4,0.7,0.8571428571428571,0.6153846153846154,0.0,4,4,4,8,8,5,3,3,7,3,4,0,0.0
4,5,collect_one_size7_comp0.0_grid5_base_medium,7,0.0,medium,base,base,collect_one,3,5,4,4,7,3,8,1,1,1,1,1,1,2,1,1,10,4,1,18,0.4444444444444444,0.7222222222222222,1.0,0.6153846153846154,0.0,4,4,3,7,9,4,3,1,4,1,2,0,0.0
5,5,collect_one_size7_comp0.0_grid5_base_medium,7,0.0,medium,base,base,collect_one,3,5,4,4,7,3,8,1,1,1,1,1,1,2,1,1,11,5,1,19,0.42105263157894735,0.6842105263157895,0.8333333333333334,0.6153846153846154,0.0,4,4,4,7,6,6,5,1,5,1,3,1,0.05263157894736842
6,5,collect_one_size7_comp0.0_grid5_base_medium,7,0.0,medium,base,base,collect_one,3,5,4,4,7,3,8,1,1,1,1,1,1,2,1,1,8,4,1,16,0.5,0.75,1.0,0.6363636363636364,0.0,3,3,3,7,6,6,3,0,3,0,1,0,0.0
7,5,collect_one_size7_comp0.0_grid5_base_medium,7,0.0,medium,base,base,collect_one,3,5,4,4,7,3,8,1,1,1,1,1,1,2,1,1,2,6,1,11,0.7272727272727273,0.9090909090909091,1.0,0.875,0.0,3,3,0,5,6,1,3,0,1,0,0,1,0.09090909090909091
8,5,collect_one_size7_comp0.0_grid5_base_medium,7,0.0,medium,base,base,collect_one,3,5,4,4,7,3,8,1,1,1,1,1,1,2,1,1,12,4,1,20,0.4,0.7,1.0,0.6,0.0,4,4,4,8,7,5,5,2,6,2,3,0,0.0
9,5,collect_one_size7_comp0.0_grid5_base_medium,7,0.0,medium,base,base,collect_one,3,5,4,4,7,3,8,1,1,1,1,1,1,2,1,1,12,4,1,21,0.38095238095238093,0.6666666666666666,1.0,0.5625,0.0,4,5,4,8,5,9,6,0,4,0,1,1,0.047619047619047616
0,6,collect_one_size7_comp0.0_grid6_base_medium,7,0.0,medium,base,base,collect_one,4,6,4,4,6,4,10,1,1,1,1,1,1,2,1,1,11,5,1,20,0.5,0.75,1.0,0.6428571428571429,0.0,6,3,5,6,7,5,4,3,7,3,1,0,0.0
1,6,collect_one_size7_comp0.0_grid6_base_medium,7,0.0,medium,base,base,collect_one,4,6,4,4,6,4,10,1,1,1,1,1,1,2,1,1,15,5,1,23,0.43478260869565216,0.6956521739130435,1.0,0.5882352941176471,0.0,6,3,7,7,10,5,4,3,10,3,3,1,0.043478260869565216
2,6,collect_one_size7_comp0.0_grid6_base_medium,7,0.0,medium,base,base,collect_one,4,6,4,4,6,4,10,1,1,1,1,1,1,2,1,1,4,8,1,13,0.7692307692307693,0.8461538461538461,0.8,0.875,0.0,4,1,4,4,9,0,3,0,1,0,0,1,0.07692307692307693
3,6,collect_one_size7_comp0.0_grid6_base_medium,7,0.0,medium,base,base,collect_one,4,6,4,4,6,4,10,1,1,1,1,1,1,2,1,1,3,7,1,14,0.7142857142857143,0.8571428571428571,1.0,0.8,0.0,5,2,3,4,4,3,4,2,2,2,1,0,0.0
4,6,collect_one_size7_comp0.0_grid6_base_medium,7,0.0,medium,base,base,collect_one,4,6,4,4,6,4,10,1,1,1,1,1,1,2,1,1,3,7,1,12,0.8333333333333334,0.9166666666666666,1.0,0.875,0.0,4,1,3,4,7,1,3,0,0,0,0,0,0.0
5,6,collect_one_size7_comp0.0_grid6_base_medium,7,0.0,medium,base,base,collect_one,4,6,4,4,6,4,10,1,1,1,1,1,1,2,1,1,5,9,1,15,0.6666666666666666,0.8,0.8333333333333334,0.7777777777777778,0.0,6,2,3,4,2,3,8,1,2,1,0,1,0.06666666666666667
6,6,collect_one_size7_comp0.0_grid6_base_medium,7,0.0,medium,base,base,collect_one,4,6,4,4,6,4,10,1,1,1,1,1,1,2,1,1,3,7,1,12,0.8333333333333334,0.9166666666666666,1.0,0.875,0.0,4,1,3,4,5,2,4,0,0,0,0,0,0.0
7,6,collect_one_size7_comp0.0_grid6_base_medium,7,0.0,medium,base,base,collect_one,4,6,4,4,6,4,10,1,1,1,1,1,1,2,1,1,3,8,1,13,0.7692307692307693,0.8461538461538461,1.0,0.7777777777777778,0.0,4,1,4,4,5,2,5,0,1,0,1,1,0.07692307692307693
8,6,collect_one_size7_comp0.0_grid6_base_medium,7,0.0,medium,base,base,collect_one,4,6,4,4,6,4,10,1,1,1,1,1,1,2,1,1,3,7,1,12,0.8333333333333334,0.9166666666666666,1.0,0.875,0.0,4,1,3,4,7,1,3,0,0,0,0,0,0.0
9,6,collect_one_size7_comp0.0_grid6_base_medium,7,0.0,medium,base,base,collect_one,4,6,4,4,6,4,10,1,1,1,1,1,1,2,1,1,3,9,1,14,0.7142857142857143,0.8571428571428571,1.0,0.8,0.0,5,2,3,4,6,1,4,2,2,2,0,0,0.0
0,7,collect_one_size7_comp0.0_grid7_base_medium,7,0.0,medium,base,base,collect_one,3,6,3,3,4,5,7,1,1,1,1,1,1,2,1,1,2,7,1,13,0.5384615384615384,0.7692307692307693,1.0,0.7,0.0,5,1,4,3,5,3,2,2,2,2,0,0,0.0
1,7,collect_one_size7_comp0.0_grid7_base_medium,7,0.0,medium,base,base,collect_one,3,6,3,3,4,5,7,1,1,1,1,1,1,2,1,1,4,13,1,20,0.35,0.65,0.8,0.6,0.0,9,4,4,3,8,4,3,4,5,4,0,1,0.05
2,7,collect_one_size7_comp0.0_grid7_base_medium,7,0.0,medium,base,base,collect_one,3,6,3,3,4,5,7,1,1,1,1,1,1,2,1,1,4,11,1,17,0.4117647058823529,0.7058823529411765,0.8,0.6666666666666666,0.0,6,2,5,4,3,3,6,4,7,4,1,0,0.0
3,7,collect_one_size7_comp0.0_grid7_base_medium,7,0.0,medium,base,base,collect_one,3,6,3,3,4,5,7,1,1,1,1,1,1,2,1,1,2,5,1,13,0.5384615384615384,0.6923076923076923,1.0,0.6,0.0,6,0,4,3,9,2,1,0,2,0,0,2,0.15384615384615385
4,7,collect_one_size7_comp0.0_grid7_base_medium,7,0.0,medium,base,base,collect_one,3,6,3,3,4,5,7,1,1,1,1,1,1,2,1,1,2,7,1,13,0.5384615384615384,0.7692307692307693,1.0,0.7,0.0,4,0,5,4,5,3,2,2,2,2,0,0,0.0
5,7,collect_one_size7_comp0.0_grid7_base_medium,7,0.0,medium,base,base,collect_one,3,6,3,3,4,5,7,1,1,1,1,1,1,2,1,1,4,7,1,13,0.5384615384615384,0.7692307692307693,0.8,0.75,0.0,5,1,4,3,6,4,1,1,1,1,0,0,0.0
6,7,collect_one_size7_comp0.0_grid7_base_medium,7,0.0,medium,base,base,collect_one,3,6,3,3,4,5,7,1,1,1,1,1,1,2,1,1,2,5,1,11,0.6363636363636364,0.8181818181818182,1.0,0.75,0.0,4,0,4,3,5,3,2,0,0,0,0,0,0.0
7,7,collect_one_size7_comp0.0_grid7_base_medium,7,0.0,medium,base,base,collect_one,3,6,3,3,4,5,7,1,1,1,1,1,1,2,1,1,2,5,1,11,0.6363636363636364,0.8181818181818182,1.0,0.75,0.0,4,0,4,3,5,3,2,0,0,0,0,0,0.0
8,7,collect_one_size7_comp0.0_grid7_base_medium,7,0.0,medium,base,base,collect_one,3,6,3,3,4,5,7,1,1,1,1,1,1,2,1,1,4,7,1,13,0.5384615384615384,0.7692307692307693,0.8,0.75,0.0,4,0,5,4,4,3,4,1,1,1,0,0,0.0
9,7,collect_one_size7_comp0.0_grid7_base_medium,7,0.0,medium,base,base,collect_one,3,6,3,3,4,5,7,1,1,1,1,1,1,2,1,1,2,5,1,14,0.5,0.6428571428571429,1.0,0.5454545454545454,0.0,7,0,4,3,4,5,4,0,3,0,0,3,0.21428571428571427
0,8,collect_one_size7_comp0.0_grid8_base_medium,7,0.0,medium,base,base,collect_one,7,4,3,3,4,5,9,1,1,1,1,1,1,2,1,1,6,3,1,11,0.8181818181818182,0.9090909090909091,1.0,0.8571428571428571,0.0,1,3,4,3,7,1,1,1,1,1,1,0,0.0
1,8,collect_one_size7_comp0.0_grid8_base_medium,7,0.0,medium,base,base,collect_one,7,4,3,3,4,5,9,1,1,1,1,1,1,2,1,1,6,3,1,11,0.8181818181818182,0.9090909090909091,1.0,0.8571428571428571,0.0,1,3,4,3,7,1,1,1,1,1,1,0,0.0
2,8,collect_one_size7_comp0.0_grid8_base_medium,7,0.0,medium,base,base,collect_one,7,4,3,3,4,5,9,1,1,1,1,1,1,2,1,1,8,3,1,13,0.6923076923076923,0.8461538461538461,1.0,0.7777777777777778,0.0,1,3,5,4,5,3,3,1,1,1,1,0,0.0
3,8,collect_one_size7_comp0.0_grid8_base_medium,7,0.0,medium,base,base,collect_one,7,4,3,3,4,5,9,1,1,1,1,1,1,2,1,1,8,3,1,13,0.6923076923076923,0.8461538461538461,1.0,0.7777777777777778,0.0,1,3,5,4,7,0,4,1,2,1,1,0,0.0
4,8,collect_one_size7_comp0.0_grid8_base_medium,7,0.0,medium,base,base,collect_one,7,4,3,3,4,5,9,1,1,1,1,1,1,2,1,1,8,5,1,13,0.6923076923076923,0.7692307692307693,0.6666666666666666,0.8571428571428571,0.0,3,3,4,3,6,3,2,1,3,1,1,2,0.15384615384615385
5,8,collect_one_size7_comp0.0_grid8_base_medium,7,0.0,medium,base,base,collect_one,7,4,3,3,4,5,9,1,1,1,1,1,1,2,1,1,6,3,1,11,0.8181818181818182,0.9090909090909091,1.0,0.8571428571428571,0.0,1,3,4,3,6,3,1,0,0,0,0,0,0.0
6,8,collect_one_size7_comp0.0_grid8_base_medium,7,0.0,medium,base,base,collect_one,7,4,3,3,4,5,9,1,1,1,1,1,1,2,1,1,9,4,1,16,0.5625,0.75,0.8,0.7272727272727273,0.0,3,4,5,4,4,4,5,2,3,2,1,1,0.0625
7,8,collect_one_size7_comp0.0_grid8_base_medium,7,0.0,medium,base,base,collect_one,7,4,3,3,4,5,9,1,1,1,1,1,1,2,1,1,6,3,1,11,0.8181818181818182,0.9090909090909091,1.0,0.8571428571428571,0.0,1,3,4,3,7,1,1,1,1,1,1,0,0.0
8,8,collect_one_size7_comp0.0_grid8_base_medium,7,0.0,medium,base,base,collect_one,7,4,3,3,4,5,9,1,1,1,1,1,1,2,1,1,8,3,1,13,0.6923076923076923,0.8461538461538461,1.0,0.7777777777777778,0.0,1,3,5,4,6,1,3,2,2,2,2,0,0.0
9,8,collect_one_size7_comp0.0_grid8_base_medium,7,0.0,medium,base,base,collect_one,7,4,3,3,4,5,9,1,1,1,1,1,1,2,1,1,11,6,1,16,0.5625,0.75,0.7142857142857143,0.7777777777777778,0.0,3,4,5,4,4,4,4,3,5,3,2,1,0.0625
0,9,collect_one_size7_comp0.0_grid9_base_medium,7,0.0,medium,base,base,collect_one,5,4,7,7,4,3,7,1,1,1,1,1,1,2,1,1,10,3,1,15,0.4666666666666667,0.7333333333333333,1.0,0.6363636363636364,0.0,4,1,6,4,10,0,4,0,0,0,0,0,0.0
1,9,collect_one_size7_comp0.0_grid9_base_medium,7,0.0,medium,base,base,collect_one,5,4,7,7,4,3,7,1,1,1,1,1,1,1,0,1,-1,3,1,7,1.0,1.0,1.0,1.0,0.0,3,0,3,1,3,1,2,0,0,0,0,0,0.0
2,9,collect_one_size7_comp0.0_grid9_base_medium,7,0.0,medium,base,base,collect_one,5,4,7,7,4,3,7,1,1,1,1,1,1,2,1,1,16,3,1,21,0.3333333333333333,0.6666666666666666,1.0,0.5882352941176471,0.0,6,3,7,5,8,3,7,2,6,2,1,0,0.0
3,9,collect_one_size7_comp0.0_grid9_base_medium,7,0.0,medium,base,base,collect_one,5,4,7,7,4,3,7,1,1,1,1,1,1,2,1,1,10,3,1,19,0.3684210526315789,0.6842105263157895,1.0,0.6,0.0,6,3,6,4,8,3,4,3,5,3,1,0,0.0
4,9,collect_one_size7_comp0.0_grid9_base_medium,7,0.0,medium,base,base,collect_one,5,4,7,7,4,3,7,1,1,1,1,1,1,2,1,1,11,3,1,16,0.4375,0.6875,1.0,0.5833333333333334,0.0,5,1,6,4,6,4,3,2,4,2,2,1,0.0625
5,9,collect_one_size7_comp0.0_grid9_base_medium,7,0.0,medium,base,base,collect_one,5,4,7,7,4,3,7,1,1,1,1,1,1,2,1,1,10,3,1,15,0.4666666666666667,0.7333333333333333,1.0,0.6363636363636364,0.0,4,1,6,4,9,2,2,1,3,1,1,0,0.0
6,9,collect_one_size7_comp0.0_grid9_base_medium,7,0.0,medium,base,base,collect_one,5,4,7,7,4,3,7,1,1,1,1,1,1,2,1,1,4,14,1,18,0.3888888888888889,0.7222222222222222,1.0,0.6153846153846154,0.0,7,3,5,3,6,5,6,0,3,0,1,1,0.05555555555555555
7,9,collect_one_size7_comp0.0_grid9_base_medium,7,0.0,medium,base,base,collect_one,5,4,7,7,4,3,7,1,1,1,1,1,1,2,1,1,10,3,1,15,0.4666666666666667,0.7333333333333333,1.0,0.6363636363636364,0.0,4,1,6,4,5,5,4,0,1,0,0,0,0.0
8,9,collect_one_size7_comp0.0_grid9_base_medium,7,0.0,medium,base,base,collect_one,5,4,7,7,4,3,7,1,1,1,1,1,1,2,1,1,11,3,1,18,0.3888888888888889,0.6666666666666666,1.0,0.5714285714285714,0.0,6,2,6,4,5,6,3,3,6,3,2,1,0.05555555555555555
9,9,collect_one_size7_comp0.0_grid9_base_medium,7,0.0,medium,base,base,collect_one,5,4,7,7,4,3,7,1,1,1,1,1,1,2,1,1,10,3,1,15,0.4666666666666667,0.7333333333333333,1.0,0.6363636363636364,0.0,4,1,6,4,9,1,3,1,2,1,1,0,0.0
0,0,collect_one_size7_comp0.2_grid0_base_medium,7,0.2,medium,base,base,collect_one,3,4,5,5,6,3,7,1,1,1,1,1,1,2,1,1,8,3,1,15,0.4666666666666667,0.7333333333333333,1.0,0.6363636363636364,0.0,2,3,4,6,9,1,2,2,4,2,2,0,0.0
1,0,collect_one_size7_comp0.2_grid0_base_medium,7,0.2,medium,base,base,collect_one,3,4,5,5,6,3,7,1,1,1,1,1,1,2,1,1,9,3,1,18,0.3888888888888889,0.6666666666666666,1.0,0.5714285714285714,0.0,3,4,5,6,12,0,4,1,5,1,1,1,0.05555555555555555
2,0,collect_one_size7_comp0.2_grid0_base_medium,7,0.2,medium,base,base,collect_one,3,4,5,5,6,3,7,1,1,1,1,1,1,2,1,1,11,3,1,20,0.35,0.65,1.0,0.5625,0.0,4,5,5,6,10,2,6,1,6,1,1,1,0.05
3,0,collect_one_size7_comp0.2_grid0_base_medium,7,0.2,medium,base,base,collect_one,3,4,5,5,6,3,7,1,1,1,1,1,1,2,1,1,13,6,1,20,0.35,0.65,0.7142857142857143,0.6153846153846154,0.0,2,3,6,9,7,3,3,6,11,6,2,1,0.05
4,0,collect_one_size7_comp0.2_grid0_base_medium,7,0.2,medium,base,base,collect_one,3,4,5,5,6,3,7,1,1,1,1,1,1,2,1,1,9,3,1,20,0.35,0.65,1.0,0.5625,0.0,4,5,5,6,9,1,4,5,10,5,2,1,0.05
5,0,collect_one_size7_comp0.2_grid0_base_medium,7,0.2,medium,base,base,collect_one,3,4,5,5,6,3,7,1,1,1,1,1,1,2,1,1,2,7,1,17,0.4117647058823529,0.7058823529411765,1.0,0.6428571428571429,0.0,4,5,2,6,4,5,3,4,8,4,5,2,0.11764705882352941
6,0,collect_one_size7_comp0.2_grid0_base_medium,7,0.2,medium,base,base,collect_one,3,4,5,5,6,3,7,1,1,1,1,1,1,2,1,1,8,3,1,17,0.4117647058823529,0.7058823529411765,1.0,0.6153846153846154,0.0,3,4,4,6,7,2,3,4,7,4,2,0,0.0
7,0,collect_one_size7_comp0.2_grid0_base_medium,7,0.2,medium,base,base,collect_one,3,4,5,5,6,3,7,1,1,1,1,1,1,2,1,1,16,8,1,23,0.30434782608695654,0.6086956521739131,0.6666666666666666,0.5714285714285714,0.0,4,4,6,9,8,4,3,7,14,6,2,2,0.08695652173913043
8,0,collect_one_size7_comp0.2_grid0_base_medium,7,0.2,medium,base,base,collect_one,3,4,5,5,6,3,7,1,1,1,1,1,1,2,1,1,3,10,1,14,0.5,0.7142857142857143,0.75,0.7,0.0,2,3,2,7,5,3,5,0,5,0,3,3,0.21428571428571427
9,0,collect_one_size7_comp0.2_grid0_base_medium,7,0.2,medium,base,base,collect_one,3,4,5,5,6,3,7,1,1,1,1,1,1,2,1,1,2,7,1,11,0.6363636363636364,0.9090909090909091,1.0,0.875,0.0,2,3,2,4,5,2,1,2,2,2,2,0,0.0
0,1,collect_one_size7_comp0.2_grid1_base_medium,7,0.2,medium,base,base,collect_one,4,6,4,4,3,3,7,1,1,1,1,1,1,2,1,1,5,9,1,15,0.4666666666666667,0.7333333333333333,0.8333333333333334,0.6666666666666666,0.0,5,4,2,4,3,6,2,3,3,3,2,0,0.0
1,1,collect_one_size7_comp0.2_grid1_base_medium,7,0.2,medium,base,base,collect_one,4,6,4,4,3,3,7,1,1,1,1,1,1,2,1,1,3,9,1,14,0.5,0.7142857142857143,1.0,0.6,0.0,4,2,3,5,3,5,4,1,3,1,1,1,0.07142857142857142
2,1,collect_one_size7_comp0.2_grid1_base_medium,7,0.2,medium,base,base,collect_one,4,6,4,4,3,3,7,1,1,1,1,1,1,2,1,1,3,7,1,14,0.5,0.7142857142857143,1.0,0.6,0.0,4,3,3,4,3,5,4,1,3,1,2,1,0.07142857142857142
3,1,collect_one_size7_comp0.2_grid1_base_medium,7,0.2,medium,base,base,collect_one,4,6,4,4,3,3,7,1,1,1,1,1,1,2,1,1,3,7,1,11,0.6363636363636364,0.8181818181818182,1.0,0.7142857142857143,0.0,3,2,2,4,5,4,1,0,0,0,0,0,0.0
4,1,collect_one_size7_comp0.2_grid1_base_medium,7,0.2,medium,base,base,collect_one,4,6,4,4,3,3,7,1,1,1,1,1,1,2,1,1,3,7,1,11,0.6363636363636364,0.8181818181818182,1.0,0.7142857142857143,0.0,3,2,2,4,5,4,1,0,0,0,0,0,0.0
5,1,collect_one_size7_comp0.2_grid1_base_medium,7,0.2,medium,base,base,collect_one,4,6,4,4,3,3,7,1,1,1,1,1,1,2,1,1,9,16,1,20,0.35,0.65,0.7,0.6,0.0,7,6,2,5,7,7,3,2,4,2,0,1,0.05
6,1,collect_one_size7_comp0.2_grid1_base_medium,7,0.2,medium,base,base,collect_one,4,6,4,4,3,3,7,1,1,1,1,1,1,2,1,1,3,9,1,16,0.4375,0.6875,1.0,0.5833333333333334,0.0,5,3,3,5,4,6,3,2,3,2,1,1,0.0625
7,1,collect_one_size7_comp0.2_grid1_base_medium,7,0.2,medium,base,base,collect_one,4,6,4,4,3,3,7,1,1,1,1,1,1,2,1,1,5,12,1,16,0.4375,0.625,0.8333333333333334,0.5,0.0,5,3,4,4,4,7,3,1,4,1,0,3,0.1875
8,1,collect_one_size7_comp0.2_grid1_base_medium,7,0.2,medium,base,base,collect_one,4,6,4,4,3,3,7,1,1,1,1,1,1,2,1,1,3,7,1,13,0.5384615384615384,0.6923076923076923,1.0,0.5555555555555556,0.0,5,2,2,4,5,5,2,0,2,0,1,2,0.15384615384615385
9,1,collect_one_size7_comp0.2_grid1_base_medium,7,0.2,medium,base,base,collect_one,4,6,4,4,3,3,7,1,1,1,1,1,1,2,1,1,3,9,1,14,0.5,0.7142857142857143,1.0,0.6,0.0,5,3,2,4,6,5,2,0,1,0,1,1,0.07142857142857142
0,2,collect_one_size7_comp0.2_grid2_base_medium,7,0.2,medium,base,base,collect_one,5,3,6,6,5,7,10,1,1,1,1,1,1,2,1,1,4,10,1,18,0.5555555555555556,0.7777777777777778,1.0,0.6923076923076923,0.0,5,4,6,3,6,6,4,1,4,1,1,0,0.0
1,2,collect_one_size7_comp0.2_grid2_base_medium,7,0.2,medium,base,base,collect_one,5,3,6,6,5,7,10,1,1,1,1,1,1,2,1,1,12,2,1,18,0.5555555555555556,0.7777777777777778,1.0,0.7333333333333333,0.0,6,5,5,2,6,4,3,4,5,4,3,0,0.0
2,2,collect_one_size7_comp0.2_grid2_base_medium,7,0.2,medium,base,base,collect_one,5,3,6,6,5,7,10,1,1,1,1,1,1,2,1,1,10,4,1,16,0.625,0.8125,0.8,0.8181818181818182,0.0,6,5,4,1,6,5,1,3,3,3,2,0,0.0
3,2,collect_one_size7_comp0.2_grid2_base_medium,7,0.2,medium,base,base,collect_one,5,3,6,6,5,7,10,1,1,1,1,1,1,2,1,1,15,5,1,21,0.47619047619047616,0.7142857142857143,0.6666666666666666,0.7333333333333333,0.0,7,6,5,3,7,4,4,5,8,4,2,1,0.047619047619047616
4,2,collect_one_size7_comp0.2_grid2_base_medium,7,0.2,medium,base,base,collect_one,5,3,6,6,5,7,10,1,1,1,1,1,1,2,1,1,11,2,1,17,0.5882352941176471,0.7647058823529411,1.0,0.7142857142857143,0.0,6,6,4,1,6,3,5,2,4,2,1,1,0.058823529411764705
5,2,collect_one_size7_comp0.2_grid2_base_medium,7,0.2,medium,base,base,collect_one,5,3,6,6,5,7,10,1,1,1,1,1,1,2,1,1,8,2,1,15,0.6666666666666666,0.8,1.0,0.75,0.0,6,4,4,1,7,3,3,1,2,1,1,1,0.06666666666666667
6,2,collect_one_size7_comp0.2_grid2_base_medium,7,0.2,medium,base,base,collect_one,5,3,6,6,5,7,10,1,1,1,1,1,1,2,1,1,4,12,1,21,0.47619047619047616,0.6666666666666666,1.0,0.5625,0.0,5,4,7,5,8,6,6,0,5,0,2,3,0.14285714285714285
7,2,collect_one_size7_comp0.2_grid2_base_medium,7,0.2,medium,base,base,collect_one,5,3,6,6,5,7,10,1,1,1,1,1,1,2,1,1,12,4,1,18,0.5555555555555556,0.7777777777777778,0.8,0.7692307692307693,0.0,5,4,6,3,4,4,4,5,6,5,2,0,0.0
8,2,collect_one_size7_comp0.2_grid2_base_medium,7,0.2,medium,base,base,collect_one,5,3,6,6,5,7,10,1,1,1,1,1,1,2,1,1,4,17,1,26,0.38461538461538464,0.6538461538461539,1.0,0.5714285714285714,0.0,9,7,6,4,11,4,4,6,11,6,2,2,0.07692307692307693
9,2,collect_one_size7_comp0.2_grid2_base_medium,7,0.2,medium,base,base,collect_one,5,3,6,6,5,7,10,1,1,1,1,1,1,2,1,1,17,6,1,23,0.43478260869565216,0.6956521739130435,0.7142857142857143,0.6875,0.0,8,8,5,2,6,4,5,7,8,7,1,1,0.043478260869565216
0,3,collect_one_size7_comp0.2_grid3_base_medium,7,0.2,medium,base,base,collect_one,3,5,6,6,3,3,6,1,1,1,1,1,1,2,1,1,2,8,1,12,0.5,0.75,1.0,0.6666666666666666,0.0,4,3,1,4,4,3,2,2,2,2,2,0,0.0
1,3,collect_one_size7_comp0.2_grid3_base_medium,7,0.2,medium,base,base,collect_one,3,5,6,6,3,3,6,1,1,1,1,1,1,2,1,1,3,9,1,13,0.46153846153846156,0.6923076923076923,0.75,0.6666666666666666,0.0,4,3,2,4,4,2,5,1,3,1,1,1,0.07692307692307693
2,3,collect_one_size7_comp0.2_grid3_base_medium,7,0.2,medium,base,base,collect_one,3,5,6,6,3,3,6,1,1,1,1,1,1,2,1,1,2,9,1,13,0.46153846153846156,0.6923076923076923,1.0,0.6,0.0,4,3,1,5,6,2,3,1,2,1,1,1,0.07692307692307693
3,3,collect_one_size7_comp0.2_grid3_base_medium,7,0.2,medium,base,base,collect_one,3,5,6,6,3,3,6,1,1,1,1,1,1,2,1,1,2,8,1,12,0.5,0.75,1.0,0.6666666666666666,0.0,4,3,1,4,5,2,3,1,1,1,1,0,0.0
4,3,collect_one_size7_comp0.2_grid3_base_medium,7,0.2,medium,base,base,collect_one,3,5,6,6,3,3,6,1,1,1,1,1,1,2,1,1,2,8,1,12,0.5,0.75,1.0,0.6666666666666666,0.0,4,3,1,4,1,5,5,0,1,0,0,0,0.0
5,3,collect_one_size7_comp0.2_grid3_base_medium,7,0.2,medium,base,base,collect_one,3,5,6,6,3,3,6,1,1,1,1,1,1,2,1,1,3,9,1,13,0.46153846153846156,0.6923076923076923,0.75,0.6666666666666666,0.0,4,3,2,4,4,2,6,0,2,0,0,1,0.07692307692307693
6,3,collect_one_size7_comp0.2_grid3_base_medium,7,0.2,medium,base,base,collect_one,3,5,6,6,3,3,6,1,1,1,1,1,1,2,1,1,2,11,1,17,0.35294117647058826,0.6470588235294118,1.0,0.5714285714285714,0.0,6,5,1,5,5,2,5,4,5,4,1,1,0.058823529411764705
7,3,collect_one_size7_comp0.2_grid3_base_medium,7,0.2,medium,base,base,collect_one,3,5,6,6,3,3,6,1,1,1,1,1,1,2,1,1,2,8,1,12,0.5,0.75,1.0,0.6666666666666666,0.0,4,3,1,4,4,5,1,1,2,1,1,0,0.0
8,3,collect_one_size7_comp0.2_grid3_base_medium,7,0.2,medium,base,base,collect_one,3,5,6,6,3,3,6,1,1,1,1,1,1,2,1,1,2,8,1,14,0.42857142857142855,0.7142857142857143,1.0,0.6363636363636364,0.0,4,3,2,5,3,3,6,1,3,1,1,0,0.0
9,3,collect_one_size7_comp0.2_grid3_base_medium,7,0.2,medium,base,base,collect_one,3,5,6,6,3,3,6,1,1,1,1,1,1,2,1,1,2,11,1,15,0.4,0.6666666666666666,1.0,0.5833333333333334,0.0,5,5,1,4,5,3,5,1,2,1,1,1,0.06666666666666667
0,4,collect_one_size7_comp0.2_grid4_base_medium,7,0.2,medium,base,base,collect_one,6,4,4,4,3,5,9,1,1,1,1,1,1,2,1,1,7,3,1,11,0.8181818181818182,0.9090909090909091,1.0,0.8571428571428571,0.0,1,4,3,3,4,2,4,0,0,0,0,0,0.0
1,4,collect_one_size7_comp0.2_grid4_base_medium,7,0.2,medium,base,base,collect_one,6,4,4,4,3,5,9,1,1,1,1,1,1,2,1,1,8,3,1,12,0.75,0.8333333333333334,1.0,0.75,0.0,1,4,3,4,5,2,4,0,1,0,1,1,0.08333333333333333
2,4,collect_one_size7_comp0.2_grid4_base_medium,7,0.2,medium,base,base,collect_one,6,4,4,4,3,5,9,1,1,1,1,1,1,2,1,1,7,3,1,11,0.8181818181818182,0.9090909090909091,1.0,0.8571428571428571,0.0,1,4,3,3,6,1,3,0,0,0,0,0,0.0
3,4,collect_one_size7_comp0.2_grid4_base_medium,7,0.2,medium,base,base,collect_one,6,4,4,4,3,5,9,1,1,1,1,1,1,2,1,1,10,3,1,14,0.6428571428571429,0.7857142857142857,1.0,0.7,0.0,2,5,4,3,4,4,4,1,3,1,0,1,0.07142857142857142
4,4,collect_one_size7_comp0.2_grid4_base_medium,7,0.2,medium,base,base,collect_one,6,4,4,4,3,5,9,1,1,1,1,1,1,2,1,1,8,3,1,12,0.75,0.8333333333333334,1.0,0.75,0.0,1,4,3,4,5,2,4,0,1,0,0,1,0.08333333333333333
5,4,collect_one_size7_comp0.2_grid4_base_medium,7,0.2,medium,base,base,collect_one,6,4,4,4,3,5,9,1,1,1,1,1,1,2,1,1,10,4,1,14,0.6428571428571429,0.7857142857142857,0.8,0.7777777777777778,0.0,1,4,4,5,6,1,5,1,2,1,1,1,0.07142857142857142
6,4,collect_one_size7_comp0.2_grid4_base_medium,7,0.2,medium,base,base,collect_one,6,4,4,4,3,5,9,1,1,1,1,1,1,2,1,1,8,3,1,12,0.75,0.8333333333333334,1.0,0.75,0.0,1,4,3,4,5,2,4,0,1,0,0,1,0.08333333333333333
7,4,collect_one_size7_comp0.2_grid4_base_medium,7,0.2,medium,base,base,collect_one,6,4,4,4,3,5,9,1,1,1,1,1,1,2,1,1,7,3,1,11,0.8181818181818182,0.9090909090909091,1.0,0.8571428571428571,0.0,1,4,3,3,4,2,4,0,0,0,0,0,0.0
8,4,collect_one_size7_comp0.2_grid4_base_medium,7,0.2,medium,base,base,collect_one,6,4,4,4,3,5,9,1,1,1,1,1,1,2,1,1,13,5,1,18,0.5,0.7222222222222222,0.8333333333333334,0.6666666666666666,0.0,4,6,4,4,4,2,7,4,5,4,1,1,0.05555555555555555
9,4,collect_one_size7_comp0.2_grid4_base_medium,7,0.2,medium,base,base,collect_one,6,4,4,4,3,5,9,1,1,1,1,1,1,2,1,1,9,4,1,13,0.6923076923076923,0.7692307692307693,0.8,0.75,0.0,1,4,3,5,6,2,4,0,2,0,0,2,0.15384615384615385
0,5,collect_one_size7_comp0.2_grid5_base_medium,7,0.2,medium,base,base,collect_one,3,3,4,4,3,3,6,1,1,1,1,1,1,2,1,1,2,6,1,10,0.6,0.8,1.0,0.7142857142857143,0.0,4,2,4,0,2,4,3,0,0,0,0,0,0.0
1,5,collect_one_size7_comp0.2_grid5_base_medium,7,0.2,medium,base,base,collect_one,3,3,4,4,3,3,6,1,1,1,1,1,1,2,1,1,4,12,1,16,0.375,0.6875,0.8,0.6363636363636364,0.0,6,4,5,1,1,3,7,4,6,4,5,0,0.0
2,5,collect_one_size7_comp0.2_grid5_base_medium,7,0.2,medium,base,base,collect_one,3,3,4,4,3,3,6,1,1,1,1,1,1,2,1,1,2,6,1,11,0.5454545454545454,0.7272727272727273,1.0,0.625,0.0,4,2,5,0,2,4,3,1,2,1,1,1,0.09090909090909091
3,5,collect_one_size7_comp0.2_grid5_base_medium,7,0.2,medium,base,base,collect_one,3,3,4,4,3,3,6,1,1,1,1,1,1,2,1,1,2,6,1,10,0.6,0.8,1.0,0.7142857142857143,0.0,4,2,4,0,4,1,3,1,2,1,1,0,0.0
4,5,collect_one_size7_comp0.2_grid5_base_medium,7,0.2,medium,base,base,collect_one,3,3,4,4,3,3,6,1,1,1,1,1,1,2,1,1,6,2,1,10,0.6,0.8,1.0,0.7142857142857143,0.0,2,0,6,2,5,1,1,2,2,2,2,0,0.0
5,5,collect_one_size7_comp0.2_grid5_base_medium,7,0.2,medium,base,base,collect_one,3,3,4,4,3,3,6,1,1,1,1,1,1,2,1,1,6,2,1,11,0.5454545454545454,0.7272727272727273,1.0,0.625,0.0,3,0,6,2,3,2,4,1,2,1,1,1,0.09090909090909091
6,5,collect_one_size7_comp0.2_grid5_base_medium,7,0.2,medium,base,base,collect_one,3,3,4,4,3,3,6,1,1,1,1,1,1,2,1,1,2,6,1,11,0.5454545454545454,0.7272727272727273,1.0,0.625,0.0,5,2,4,0,2,3,4,1,2,1,1,1,0.09090909090909091
7,5,collect_one_size7_comp0.2_grid5_base_medium,7,0.2,medium,base,base,collect_one,3,3,4,4,3,3,6,1,1,1,1,1,1,2,1,1,2,8,1,14,0.42857142857142855,0.7142857142857143,1.0,0.6363636363636364,0.0,4,2,6,2,4,3,2,4,6,4,3,0,0.0
8,5,collect_one_size7_comp0.2_grid5_base_medium,7,0.2,medium,base,base,collect_one,3,3,4,4,3,3,6,1,1,1,1,1,1,2,1,1,8,4,1,12,0.5,0.75,0.8,0.7142857142857143,0.0,3,1,6,2,5,0,4,2,3,2,1,0,0.0
9,5,collect_one_size7_comp0.2_grid5_base_medium,7,0.2,medium,base,base,collect_one,3,3,4,4,3,3,6,1,1,1,1,1,1,2,1,1,6,2,1,16,0.375,0.625,1.0,0.5384615384615384,0.0,5,2,7,2,8,4,3,0,3,0,2,2,0.125
0,6,collect_one_size7_comp0.2_grid6_base_medium,7,0.2,medium,base,base,collect_one,3,4,3,3,4,3,7,1,1,1,1,1,1,2,1,1,2,5,1,9,0.7777777777777778,0.8888888888888888,1.0,0.8333333333333334,0.0,1,3,1,4,4,3,1,0,0,0,0,0,0.0
1,6,collect_one_size7_comp0.2_grid6_base_medium,7,0.2,medium,base,base,collect_one,3,4,3,3,4,3,7,1,1,1,1,1,1,2,1,1,2,5,1,9,0.7777777777777778,0.8888888888888888,1.0,0.8333333333333334,0.0,1,3,1,4,3,2,2,1,1,1,1,0,0.0
2,6,collect_one_size7_comp0.2_grid6_base_medium,7,0.2,medium,base,base,collect_one,3,4,3,3,4,3,7,1,1,1,1,1,1,2,1,1,2,5,1,9,0.7777777777777778,0.8888888888888888,1.0,0.8333333333333334,0.0,1,3,1,4,4,3,1,0,0,0,0,0,0.0
3,6,collect_one_size7_comp0.2_grid6_base_medium,7,0.2,medium,base,base,collect_one,3,4,3,3,4,3,7,1,1,1,1,1,1,2,1,1,2,5,1,9,0.7777777777777778,0.8888888888888888,1.0,0.8333333333333334,0.0,1,3,1,4,2,4,2,0,0,0,0,0,0.0
4,6,collect_one_size7_comp0.2_grid6_base_medium,7,0.2,medium,base,base,collect_one,3,4,3,3,4,3,7,1,1,1,1,1,1,2,1,1,10,7,1,15,0.4666666666666667,0.7333333333333333,0.75,0.7142857142857143,0.0,1,3,4,7,8,1,3,2,4,2,1,0,0.0
5,6,collect_one_size7_comp0.2_grid6_base_medium,7,0.2,medium,base,base,collect_one,3,4,3,3,4,3,7,1,1,1,1,1,1,2,1,1,4,7,1,12,0.5833333333333334,0.75,0.8,0.7142857142857143,0.0,1,4,2,5,2,3,5,1,2,1,2,1,0.08333333333333333
6,6,collect_one_size7_comp0.2_grid6_base_medium,7,0.2,medium,base,base,collect_one,3,4,3,3,4,3,7,1,1,1,1,1,1,2,1,1,2,5,1,9,0.7777777777777778,0.8888888888888888,1.0,0.8333333333333334,0.0,1,3,1,4,3,2,2,1,1,1,1,0,0.0
7,6,collect_one_size7_comp0.2_grid6_base_medium,7,0.2,medium,base,base,collect_one,3,4,3,3,4,3,7,1,1,1,1,1,1,2,1,1,2,5,1,11,0.6363636363636364,0.8181818181818182,1.0,0.75,0.0,1,3,2,5,3,3,3,1,1,1,0,0,0.0
8,6,collect_one_size7_comp0.2_grid6_base_medium,7,0.2,medium,base,base,collect_one,3,4,3,3,4,3,7,1,1,1,1,1,1,2,1,1,3,6,1,10,0.7,0.8,0.75,0.8333333333333334,0.0,1,3,2,4,3,4,2,0,1,0,0,1,0.1
9,6,collect_one_size7_comp0.2_grid6_base_medium,7,0.2,medium,base,base,collect_one,3,4,3,3,4,3,7,1,1,1,1,1,1,2,1,1,6,3,1,11,0.6363636363636364,0.8181818181818182,1.0,0.7142857142857143,0.0,1,3,2,5,6,1,1,2,3,2,2,0,0.0
0,7,collect_one_size7_comp0.2_grid7_base_medium,7,0.2,medium,base,base,collect_one,4,4,4,4,7,3,7,1,1,1,1,1,1,2,1,1,7,3,1,20,0.35,0.65,1.0,0.5625,0.0,7,4,4,5,4,3,8,4,6,4,2,1,0.05
1,7,collect_one_size7_comp0.2_grid7_base_medium,7,0.2,medium,base,base,collect_one,4,4,4,4,7,3,7,1,1,1,1,1,1,2,1,1,7,3,1,17,0.4117647058823529,0.7058823529411765,1.0,0.6153846153846154,0.0,7,3,3,4,8,3,2,3,3,3,3,0,0.0
2,7,collect_one_size7_comp0.2_grid7_base_medium,7,0.2,medium,base,base,collect_one,4,4,4,4,7,3,7,1,1,1,1,1,1,2,1,1,13,3,1,21,0.3333333333333333,0.6666666666666666,1.0,0.5882352941176471,0.0,8,4,4,5,8,3,2,7,7,7,5,0,0.0
3,7,collect_one_size7_comp0.2_grid7_base_medium,7,0.2,medium,base,base,collect_one,4,4,4,4,7,3,7,1,1,1,1,1,1,2,1,1,9,3,1,19,0.3684210526315789,0.631578947368421,1.0,0.5333333333333333,0.0,7,3,3,6,10,4,3,1,5,1,4,2,0.10526315789473684
4,7,collect_one_size7_comp0.2_grid7_base_medium,7,0.2,medium,base,base,collect_one,4,4,4,4,7,3,7,1,1,1,1,1,1,2,1,1,13,5,1,22,0.3181818181818182,0.6363636363636364,0.8333333333333334,0.5625,0.0,7,3,5,7,9,7,2,3,9,3,2,1,0.045454545454545456
5,7,collect_one_size7_comp0.2_grid7_base_medium,7,0.2,medium,base,base,collect_one,4,4,4,4,7,3,7,1,1,1,1,1,1,2,1,1,11,3,1,19,0.3684210526315789,0.6842105263157895,1.0,0.6,0.0,7,3,4,5,4,6,5,3,8,3,4,0,0.0
6,7,collect_one_size7_comp0.2_grid7_base_medium,7,0.2,medium,base,base,collect_one,4,4,4,4,7,3,7,1,1,1,1,1,0,2,1,1,23,3,0,32,0.0,0.53125,1.0,0.4642857142857143,0.0,10,8,8,6,11,7,3,10,18,9,5,1,0.03125
7,7,collect_one_size7_comp0.2_grid7_base_medium,7,0.2,medium,base,base,collect_one,4,4,4,4,7,3,7,1,1,1,1,1,1,2,1,1,10,3,1,18,0.3888888888888889,0.6666666666666666,1.0,0.5714285714285714,0.0,7,3,4,4,9,4,3,1,4,1,4,1,0.05555555555555555
8,7,collect_one_size7_comp0.2_grid7_base_medium,7,0.2,medium,base,base,collect_one,4,4,4,4,7,3,7,1,1,1,1,1,1,2,1,1,7,3,1,15,0.4666666666666667,0.7333333333333333,1.0,0.6363636363636364,0.0,6,2,3,4,7,2,3,2,2,2,2,0,0.0
9,7,collect_one_size7_comp0.2_grid7_base_medium,7,0.2,medium,base,base,collect_one,4,4,4,4,7,3,7,1,1,1,1,1,1,2,1,1,7,3,1,19,0.3684210526315789,0.631578947368421,1.0,0.5333333333333333,0.0,7,3,3,6,9,5,2,2,5,2,5,2,0.10526315789473684
0,8,collect_one_size7_comp0.2_grid8_base_medium,7,0.2,medium,base,base,collect_one,3,7,4,4,4,4,7,1,1,1,1,1,1,2,1,1,10,6,1,15,0.4666666666666667,0.8666666666666667,1.0,0.75,0.0,3,4,6,2,7,3,3,1,1,1,1,0,0.0
1,8,collect_one_size7_comp0.2_grid8_base_medium,7,0.2,medium,base,base,collect_one,3,7,4,4,4,4,7,1,1,1,1,1,1,2,1,1,2,6,1,17,0.4117647058823529,0.7058823529411765,1.0,0.6428571428571429,0.0,5,6,5,1,4,4,5,3,6,3,0,0,0.0
2,8,collect_one_size7_comp0.2_grid8_base_medium,7,0.2,medium,base,base,collect_one,3,7,4,4,4,4,7,1,1,1,1,1,1,2,1,1,6,10,1,19,0.3684210526315789,0.6842105263157895,0.7142857142857143,0.6666666666666666,0.0,4,5,7,3,3,7,3,5,6,5,3,0,0.0
3,8,collect_one_size7_comp0.2_grid8_base_medium,7,0.2,medium,base,base,collect_one,3,7,4,4,4,4,7,1,1,1,1,1,1,2,1,1,6,10,1,15,0.4666666666666667,0.7333333333333333,0.7142857142857143,0.75,0.0,3,4,6,2,8,4,1,1,3,1,0,0,0.0
4,8,collect_one_size7_comp0.2_grid8_base_medium,7,0.2,medium,base,base,collect_one,3,7,4,4,4,4,7,1,1,1,1,1,1,2,1,1,2,8,1,17,0.4117647058823529,0.7058823529411765,1.0,0.6428571428571429,0.0,4,5,6,2,7,1,3,5,5,5,5,0,0.0
5,8,collect_one_size7_comp0.2_grid8_base_medium,7,0.2,medium,base,base,collect_one,3,7,4,4,4,4,7,1,1,1,1,1,1,2,1,1,2,6,1,11,0.6363636363636364,0.8181818181818182,1.0,0.75,0.0,3,4,4,0,4,2,3,1,1,1,1,0,0.0
6,8,collect_one_size7_comp0.2_grid8_base_medium,7,0.2,medium,base,base,collect_one,3,7,4,4,4,4,7,1,1,1,1,1,1,2,1,1,2,10,1,17,0.4117647058823529,0.6470588235294118,1.0,0.5714285714285714,0.0,4,5,7,1,6,2,6,2,6,2,2,2,0.11764705882352941
7,8,collect_one_size7_comp0.2_grid8_base_medium,7,0.2,medium,base,base,collect_one,3,7,4,4,4,4,7,1,1,1,1,1,1,2,1,1,4,9,1,18,0.3888888888888889,0.6666666666666666,0.8,0.6153846153846154,0.0,4,5,7,2,6,4,3,4,6,4,2,1,0.05555555555555555
8,8,collect_one_size7_comp0.2_grid8_base_medium,7,0.2,medium,base,base,collect_one,3,7,4,4,4,4,7,1,1,1,1,1,1,2,1,1,12,8,1,17,0.4117647058823529,0.8235294117647058,0.8888888888888888,0.75,0.0,4,5,6,2,5,4,4,3,4,3,1,0,0.0
9,8,collect_one_size7_comp0.2_grid8_base_medium,7,0.2,medium,base,base,collect_one,3,7,4,4,4,4,7,1,1,1,1,1,1,2,1,1,4,8,1,15,0.4666666666666667,0.7333333333333333,0.8,0.7,0.0,4,5,5,1,7,4,0,3,3,3,3,0,0.0
0,9,collect_one_size7_comp0.2_grid9_base_medium,7,0.2,medium,base,base,collect_one,3,6,3,3,6,5,9,1,1,1,1,1,1,2,1,1,6,13,1,19,0.47368421052631576,0.7368421052631579,0.7142857142857143,0.75,0.0,6,2,5,6,7,3,3,5,6,5,2,0,0.0
1,9,collect_one_size7_comp0.2_grid9_base_medium,7,0.2,medium,base,base,collect_one,3,6,3,3,6,5,9,1,1,1,1,1,1,2,1,1,2,8,1,15,0.6,0.7333333333333333,1.0,0.6666666666666666,0.0,6,0,4,5,6,4,2,2,4,2,3,2,0.13333333333333333
2,9,collect_one_size7_comp0.2_grid9_base_medium,7,0.2,medium,base,base,collect_one,3,6,3,3,6,5,9,1,1,1,1,1,1,2,1,1,4,9,1,17,0.5294117647058824,0.7058823529411765,0.8,0.6666666666666666,0.0,7,1,4,5,6,5,3,2,5,2,1,2,0.11764705882352941
3,9,collect_one_size7_comp0.2_grid9_base_medium,7,0.2,medium,base,base,collect_one,3,6,3,3,6,5,9,1,1,1,1,1,1,2,1,1,3,7,1,15,0.6,0.7333333333333333,0.75,0.7272727272727273,0.0,5,2,4,4,7,4,1,2,4,2,0,2,0.13333333333333333
4,9,collect_one_size7_comp0.2_grid9_base_medium,7,0.2,medium,base,base,collect_one,3,6,3,3,6,5,9,1,1,1,1,1,1,2,1,1,5,8,1,14,0.6428571428571429,0.7857142857142857,0.6666666666666666,0.875,0.0,5,2,3,4,9,3,0,1,2,1,0,1,0.07142857142857142
5,9,collect_one_size7_comp0.2_grid9_base_medium,7,0.2,medium,base,base,collect_one,3,6,3,3,6,5,9,1,1,1,1,1,1,2,1,1,3,6,1,12,0.75,0.8333333333333334,0.75,0.875,0.0,4,1,3,4,8,3,0,0,1,0,0,1,0.08333333333333333
6,9,collect_one_size7_comp0.2_grid9_base_medium,7,0.2,medium,base,base,collect_one,3,6,3,3,6,5,9,1,1,1,1,1,1,2,1,1,2,6,1,14,0.6428571428571429,0.7857142857142857,1.0,0.7272727272727273,0.0,4,0,5,5,7,3,3,0,1,0,0,1,0.07142857142857142
7,9,collect_one_size7_comp0.2_grid9_base_medium,7,0.2,medium,base,base,collect_one,3,6,3,3,6,5,9,1,1,1,1,1,1,2,1,1,10,7,1,19,0.47368421052631576,0.7368421052631579,0.875,0.6363636363636364,0.0,9,3,3,4,8,2,7,1,6,1,3,2,0.10526315789473684
8,9,collect_one_size7_comp0.2_grid9_base_medium,7,0.2,medium,base,base,collect_one,3,6,3,3,6,5,9,1,1,1,1,1,1,2,1,1,2,5,1,15,0.6,0.7333333333333333,1.0,0.6666666666666666,0.0,6,0,4,5,8,3,1,2,4,2,0,2,0.13333333333333333
9,9,collect_one_size7_comp0.2_grid9_base_medium,7,0.2,medium,base,base,collect_one,3,6,3,3,6,5,9,1,1,1,1,1,1,2,1,1,2,5,1,11,0.8181818181818182,0.9090909090909091,1.0,0.875,0.0,4,0,3,4,8,2,0,0,0,0,0,0,0.0
0,0,collect_one_size7_comp0.4_grid0_base_medium,7,0.4,medium,base,base,collect_one,8,7,3,3,6,3,10,1,1,1,1,1,1,2,1,1,9,6,1,21,0.47619047619047616,0.7142857142857143,1.0,0.5714285714285714,0.0,3,7,6,5,5,7,4,4,7,4,0,1,0.047619047619047616
1,0,collect_one_size7_comp0.4_grid0_base_medium,7,0.4,medium,base,base,collect_one,8,7,3,3,6,3,10,1,1,1,1,1,1,2,1,1,9,6,1,16,0.625,0.8125,1.0,0.6666666666666666,0.0,2,6,4,4,5,5,4,1,4,1,1,0,0.0
2,0,collect_one_size7_comp0.4_grid0_base_medium,7,0.4,medium,base,base,collect_one,8,7,3,3,6,3,10,1,1,1,1,1,0,2,1,1,18,7,0,32,0.0,0.625,0.875,0.5416666666666666,0.0,6,10,8,8,7,7,6,11,20,11,6,1,0.03125
3,0,collect_one_size7_comp0.4_grid0_base_medium,7,0.4,medium,base,base,collect_one,8,7,3,3,6,3,10,1,1,1,1,1,1,2,1,1,11,6,1,22,0.45454545454545453,0.7272727272727273,1.0,0.6,0.0,2,6,7,7,7,2,6,6,11,6,4,0,0.0
4,0,collect_one_size7_comp0.4_grid0_base_medium,7,0.4,medium,base,base,collect_one,8,7,3,3,6,3,10,1,1,1,1,1,1,2,1,1,9,6,1,22,0.45454545454545453,0.7272727272727273,1.0,0.6,0.0,4,8,5,5,7,3,6,5,9,5,4,0,0.0
5,0,collect_one_size7_comp0.4_grid0_base_medium,7,0.4,medium,base,base,collect_one,8,7,3,3,6,3,10,1,1,1,1,1,1,2,1,1,11,6,1,20,0.5,0.75,1.0,0.6153846153846154,0.0,3,7,5,5,7,5,4,3,7,3,2,0,0.0
6,0,collect_one_size7_comp0.4_grid0_base_medium,7,0.4,medium,base,base,collect_one,8,7,3,3,6,3,10,1,1,1,1,1,1,2,1,1,10,6,1,20,0.5,0.7,1.0,0.5384615384615384,0.0,2,6,6,6,8,5,3,3,7,3,1,2,0.1
7,0,collect_one_size7_comp0.4_grid0_base_medium,7,0.4,medium,base,base,collect_one,8,7,3,3,6,3,10,1,1,1,1,1,1,2,1,1,9,6,1,18,0.5555555555555556,0.7777777777777778,1.0,0.6363636363636364,0.0,3,7,4,4,6,4,5,2,5,2,3,0,0.0
8,0,collect_one_size7_comp0.4_grid0_base_medium,7,0.4,medium,base,base,collect_one,8,7,3,3,6,3,10,1,1,1,1,1,1,2,1,1,12,7,1,22,0.45454545454545453,0.6818181818181818,0.875,0.5714285714285714,0.0,3,8,5,6,8,4,5,4,10,4,4,2,0.09090909090909091
9,0,collect_one_size7_comp0.4_grid0_base_medium,7,0.4,medium,base,base,collect_one,8,7,3,3,6,3,10,1,1,1,1,1,1,2,1,1,12,7,1,19,0.5263157894736842,0.7368421052631579,0.875,0.6363636363636364,0.0,3,7,5,4,6,8,3,1,4,1,1,1,0.05263157894736842
0,1,collect_one_size7_comp0.4_grid1_base_medium,7,0.4,medium,base,base,collect_one,3,7,6,6,3,5,6,1,1,1,1,1,1,2,1,1,2,8,1,14,0.42857142857142855,0.7142857142857143,1.0,0.6363636363636364,0.0,2,4,6,2,5,4,4,0,2,0,0,0,0.0
1,1,collect_one_size7_comp0.4_grid1_base_medium,7,0.4,medium,base,base,collect_one,3,7,6,6,3,5,6,1,1,1,1,1,1,2,1,1,2,8,1,14,0.42857142857142855,0.7142857142857143,1.0,0.6363636363636364,0.0,2,4,6,2,7,3,2,1,1,1,1,0,0.0
2,1,collect_one_size7_comp0.4_grid1_base_medium,7,0.4,medium,base,base,collect_one,3,7,6,6,3,5,6,1,1,1,1,1,1,2,1,1,2,8,1,14,0.42857142857142855,0.7142857142857143,1.0,0.6363636363636364,0.0,2,4,6,2,4,5,3,1,3,1,1,0,0.0
3,1,collect_one_size7_comp0.4_grid1_base_medium,7,0.4,medium,base,base,collect_one,3,7,6,6,3,5,6,1,1,1,1,1,1,2,1,1,2,12,1,20,0.3,0.65,1.0,0.5882352941176471,0.0,4,6,7,3,6,1,7,5,9,5,2,0,0.0
4,1,collect_one_size7_comp0.4_grid1_base_medium,7,0.4,medium,base,base,collect_one,3,7,6,6,3,5,6,1,1,1,1,1,1,2,1,1,2,8,1,18,0.3333333333333333,0.6666666666666666,1.0,0.6,0.0,4,6,6,2,6,5,3,3,7,3,1,0,0.0
5,1,collect_one_size7_comp0.4_grid1_base_medium,7,0.4,medium,base,base,collect_one,3,7,6,6,3,5,6,1,1,1,1,1,1,2,1,1,2,8,1,14,0.42857142857142855,0.7142857142857143,1.0,0.6363636363636364,0.0,2,4,6,2,7,2,2,2,4,2,2,0,0.0
6,1,collect_one_size7_comp0.4_grid1_base_medium,7,0.4,medium,base,base,collect_one,3,7,6,6,3,5,6,1,1,1,1,1,1,2,1,1,2,8,1,15,0.4,0.6666666666666666,1.0,0.5833333333333334,0.0,2,5,6,2,5,4,5,0,1,0,0,1,0.06666666666666667
7,1,collect_one_size7_comp0.4_grid1_base_medium,7,0.4,medium,base,base,collect_one,3,7,6,6,3,5,6,1,1,1,1,1,1,2,1,1,2,8,1,14,0.42857142857142855,0.7142857142857143,1.0,0.6363636363636364,0.0,2,4,6,2,5,4,4,0,3,0,0,0,0.0
8,1,collect_one_size7_comp0.4_grid1_base_medium,7,0.4,medium,base,base,collect_one,3,7,6,6,3,5,6,1,1,1,1,1,1,2,1,1,3,9,1,15,0.4,0.6666666666666666,0.75,0.6363636363636364,0.0,2,4,6,3,8,1,2,3,3,2,2,1,0.06666666666666667
9,1,collect_one_size7_comp0.4_grid1_base_medium,7,0.4,medium,base,base,collect_one,3,7,6,6,3,5,6,1,1,1,1,1,1,2,1,1,3,9,1,23,0.2608695652173913,0.6086956521739131,0.75,0.5789473684210527,0.0,6,7,7,3,6,8,5,3,11,3,2,1,0.043478260869565216
0,2,collect_one_size7_comp0.4_grid2_base_medium,7,0.4,medium,base,base,collect_one,3,3,4,4,5,3,6,1,1,1,1,1,1,2,1,1,2,16,1,20,0.3,0.7,1.0,0.6470588235294118,0.0,5,6,3,6,6,5,4,4,7,4,0,0,0.0
1,2,collect_one_size7_comp0.4_grid2_base_medium,7,0.4,medium,base,base,collect_one,3,3,4,4,5,3,6,1,1,1,1,1,1,2,1,1,8,4,1,15,0.4,0.6666666666666666,0.8,0.6,0.0,4,5,1,5,6,1,4,3,5,3,1,1,0.06666666666666667
2,2,collect_one_size7_comp0.4_grid2_base_medium,7,0.4,medium,base,base,collect_one,3,3,4,4,5,3,6,1,1,1,1,1,1,2,1,1,8,4,1,14,0.42857142857142855,0.7142857142857143,0.8,0.6666666666666666,0.0,5,6,0,3,6,1,3,3,4,3,2,0,0.0
3,2,collect_one_size7_comp0.4_grid2_base_medium,7,0.4,medium,base,base,collect_one,3,3,4,4,5,3,6,1,1,1,1,1,1,2,1,1,7,2,1,26,0.23076923076923078,0.5384615384615384,1.0,0.4782608695652174,0.0,8,9,2,7,11,4,3,7,15,5,4,4,0.15384615384615385
4,2,collect_one_size7_comp0.4_grid2_base_medium,7,0.4,medium,base,base,collect_one,3,3,4,4,5,3,6,1,1,1,1,1,1,2,1,1,8,2,1,15,0.4,0.6666666666666666,1.0,0.5833333333333334,0.0,4,5,1,5,6,2,5,1,4,1,2,1,0.06666666666666667
5,2,collect_one_size7_comp0.4_grid2_base_medium,7,0.4,medium,base,base,collect_one,3,3,4,4,5,3,6,1,1,1,1,1,1,2,1,1,6,2,1,12,0.5,0.75,1.0,0.6666666666666666,0.0,4,5,0,3,7,0,3,1,2,1,1,0,0.0
6,2,collect_one_size7_comp0.4_grid2_base_medium,7,0.4,medium,base,base,collect_one,3,3,4,4,5,3,6,1,1,1,1,1,1,2,1,1,6,2,1,12,0.5,0.75,1.0,0.6666666666666666,0.0,4,5,0,3,7,0,3,1,2,1,1,0,0.0
7,2,collect_one_size7_comp0.4_grid2_base_medium,7,0.4,medium,base,base,collect_one,3,3,4,4,5,3,6,1,1,1,1,1,1,2,1,1,2,10,1,15,0.4,0.7333333333333333,1.0,0.6666666666666666,0.0,3,5,2,5,3,7,2,2,5,2,2,1,0.06666666666666667
8,2,collect_one_size7_comp0.4_grid2_base_medium,7,0.4,medium,base,base,collect_one,3,3,4,4,5,3,6,1,1,1,1,1,1,2,1,1,4,12,1,16,0.375,0.75,0.8,0.7272727272727273,0.0,6,7,0,3,7,3,0,5,8,5,3,0,0.0
9,2,collect_one_size7_comp0.4_grid2_base_medium,7,0.4,medium,base,base,collect_one,3,3,4,4,5,3,6,1,1,1,1,1,1,2,1,1,2,8,1,19,0.3157894736842105,0.6842105263157895,1.0,0.625,0.0,6,7,1,5,7,6,1,4,10,4,4,1,0.05263157894736842
0,3,collect_one_size7_comp0.4_grid3_base_medium,7,0.4,medium,base,base,collect_one,5,6,5,5,6,3,9,1,1,1,1,1,1,2,1,1,12,7,1,19,0.47368421052631576,0.7368421052631579,0.875,0.6363636363636364,0.0,4,4,7,4,4,5,5,4,8,4,2,0,0.0
1,3,collect_one_size7_comp0.4_grid3_base_medium,7,0.4,medium,base,base,collect_one,5,6,5,5,6,3,9,1,1,1,1,1,1,2,1,1,13,6,1,20,0.45,0.7,0.8571428571428571,0.6153846153846154,0.0,5,5,7,3,7,4,4,4,8,4,2,1,0.05
2,3,collect_one_size7_comp0.4_grid3_base_medium,7,0.4,medium,base,base,collect_one,5,6,5,5,6,3,9,1,1,1,1,1,1,2,1,1,11,6,1,19,0.47368421052631576,0.6842105263157895,0.8571428571428571,0.5833333333333334,0.0,5,4,7,3,2,9,6,1,8,1,3,2,0.10526315789473684
3,3,collect_one_size7_comp0.4_grid3_base_medium,7,0.4,medium,base,base,collect_one,5,6,5,5,6,3,9,1,1,1,1,1,1,2,1,1,12,5,1,21,0.42857142857142855,0.7142857142857143,1.0,0.6,0.0,6,6,6,3,2,6,7,5,10,5,2,0,0.0
4,3,collect_one_size7_comp0.4_grid3_base_medium,7,0.4,medium,base,base,collect_one,5,6,5,5,6,3,9,1,1,1,1,1,1,2,1,1,11,6,1,18,0.5,0.7222222222222222,0.8571428571428571,0.6363636363636364,0.0,5,4,6,3,3,6,6,2,7,2,2,1,0.05555555555555555
5,3,collect_one_size7_comp0.4_grid3_base_medium,7,0.4,medium,base,base,collect_one,5,6,5,5,6,3,9,1,1,1,1,1,1,2,1,1,14,7,1,22,0.4090909090909091,0.6363636363636364,0.875,0.5,0.0,4,4,9,5,5,6,6,4,10,3,2,3,0.13636363636363635
6,3,collect_one_size7_comp0.4_grid3_base_medium,7,0.4,medium,base,base,collect_one,5,6,5,5,6,3,9,1,1,1,1,1,1,2,1,1,10,5,1,17,0.5294117647058824,0.7647058823529411,1.0,0.6363636363636364,0.0,4,4,6,3,4,5,5,2,5,2,2,0,0.0
7,3,collect_one_size7_comp0.4_grid3_base_medium,7,0.4,medium,base,base,collect_one,5,6,5,5,6,3,9,1,1,1,1,1,0,2,1,1,14,5,0,32,0.0,0.625,1.0,0.5384615384615384,0.0,7,7,10,8,7,8,4,12,20,11,4,0,0.0
8,3,collect_one_size7_comp0.4_grid3_base_medium,7,0.4,medium,base,base,collect_one,5,6,5,5,6,3,9,1,1,1,1,1,1,2,1,1,12,5,1,19,0.47368421052631576,0.7368421052631579,1.0,0.6153846153846154,0.0,5,5,6,3,3,6,5,4,8,4,2,0,0.0
9,3,collect_one_size7_comp0.4_grid3_base_medium,7,0.4,medium,base,base,collect_one,5,6,5,5,6,3,9,1,1,1,1,1,1,2,1,1,14,5,1,21,0.42857142857142855,0.7142857142857143,1.0,0.6,0.0,6,6,6,3,5,6,5,4,9,4,2,0,0.0
0,4,collect_one_size7_comp0.4_grid4_base_medium,7,0.4,medium,base,base,collect_one,4,3,3,3,7,6,9,1,1,1,1,1,1,2,1,1,8,3,1,16,0.5625,0.75,0.75,0.75,0.0,5,4,4,3,7,3,2,3,8,3,2,1,0.0625
1,4,collect_one_size7_comp0.4_grid4_base_medium,7,0.4,medium,base,base,collect_one,4,3,3,3,7,6,9,1,1,1,1,1,1,2,1,1,10,2,1,18,0.5,0.7222222222222222,1.0,0.6666666666666666,0.0,6,4,4,4,8,3,4,2,10,2,2,1,0.05555555555555555
2,4,collect_one_size7_comp0.4_grid4_base_medium,7,0.4,medium,base,base,collect_one,4,3,3,3,7,6,9,1,1,1,1,1,1,2,1,1,8,2,1,16,0.5625,0.75,1.0,0.6923076923076923,0.0,5,3,4,4,7,2,5,1,6,1,1,1,0.0625
3,4,collect_one_size7_comp0.4_grid4_base_medium,7,0.4,medium,base,base,collect_one,4,3,3,3,7,6,9,1,1,1,1,1,1,2,1,1,5,2,1,13,0.6923076923076923,0.8461538461538461,1.0,0.8,0.0,4,2,4,3,7,1,2,2,5,2,2,0,0.0
4,4,collect_one_size7_comp0.4_grid4_base_medium,7,0.4,medium,base,base,collect_one,4,3,3,3,7,6,9,1,1,1,1,1,1,2,1,1,12,4,1,23,0.391304347826087,0.6521739130434783,0.8,0.6111111111111112,0.0,4,3,9,7,11,2,5,4,11,4,5,2,0.08695652173913043
5,4,collect_one_size7_comp0.4_grid4_base_medium,7,0.4,medium,base,base,collect_one,4,3,3,3,7,6,9,1,1,1,1,1,1,2,1,1,7,4,1,16,0.5625,0.75,0.8,0.7272727272727273,0.0,4,2,6,4,6,5,2,2,6,2,1,1,0.0625
6,4,collect_one_size7_comp0.4_grid4_base_medium,7,0.4,medium,base,base,collect_one,4,3,3,3,7,6,9,1,1,1,1,1,1,2,1,1,5,2,1,13,0.6923076923076923,0.8461538461538461,1.0,0.8,0.0,4,2,4,3,6,3,2,1,3,1,1,0,0.0
7,4,collect_one_size7_comp0.4_grid4_base_medium,7,0.4,medium,base,base,collect_one,4,3,3,3,7,6,9,1,1,1,1,1,1,2,1,1,5,2,1,13,0.6923076923076923,0.8461538461538461,1.0,0.8,0.0,4,2,4,3,5,2,3,2,4,2,2,0,0.0
8,4,collect_one_size7_comp0.4_grid4_base_medium,7,0.4,medium,base,base,collect_one,4,3,3,3,7,6,9,1,1,1,1,1,1,2,1,1,7,4,1,19,0.47368421052631576,0.6842105263157895,0.8,0.6428571428571429,0.0,5,3,7,4,7,2,5,4,8,4,3,2,0.10526315789473684
9,4,collect_one_size7_comp0.4_grid4_base_medium,7,0.4,medium,base,base,collect_one,4,3,3,3,7,6,9,1,1,1,1,1,1,2,1,1,5,2,1,13,0.6923076923076923,0.8461538461538461,1.0,0.8,0.0,4,2,4,3,5,2,3,2,4,2,2,0,0.0
0,5,collect_one_size7_comp0.4_grid5_base_medium,7,0.4,medium,base,base,collect_one,3,3,6,6,5,3,6,1,1,1,1,1,1,2,1,1,13,4,1,19,0.3157894736842105,0.5789473684210527,0.6,0.5714285714285714,0.0,5,6,3,5,4,3,8,3,7,2,0,3,0.15789473684210525
1,5,collect_one_size7_comp0.4_grid5_base_medium,7,0.4,medium,base,base,collect_one,3,3,6,6,5,3,6,1,1,1,1,1,1,2,1,1,19,7,1,27,0.2222222222222222,0.5555555555555556,0.625,0.5263157894736842,0.0,8,9,4,6,7,6,5,8,14,8,1,3,0.1111111111111111
2,5,collect_one_size7_comp0.4_grid5_base_medium,7,0.4,medium,base,base,collect_one,3,3,6,6,5,3,6,1,1,1,1,1,1,2,1,1,14,6,1,20,0.3,0.6,0.5714285714285714,0.6153846153846154,0.0,5,7,3,5,8,1,4,6,9,5,3,2,0.1
3,5,collect_one_size7_comp0.4_grid5_base_medium,7,0.4,medium,base,base,collect_one,3,3,6,6,5,3,6,1,1,1,1,1,1,2,1,1,8,2,1,14,0.42857142857142855,0.7142857142857143,1.0,0.6363636363636364,0.0,4,5,1,4,7,2,3,1,3,1,1,0,0.0
4,5,collect_one_size7_comp0.4_grid5_base_medium,7,0.4,medium,base,base,collect_one,3,3,6,6,5,3,6,1,1,1,1,1,1,2,1,1,9,2,1,18,0.3333333333333333,0.6111111111111112,1.0,0.5333333333333333,0.0,5,6,2,5,4,4,6,3,7,3,1,2,0.1111111111111111
5,5,collect_one_size7_comp0.4_grid5_base_medium,7,0.4,medium,base,base,collect_one,3,3,6,6,5,3,6,1,1,1,1,1,1,2,1,1,12,5,1,18,0.3333333333333333,0.6111111111111112,0.6666666666666666,0.5833333333333334,0.0,5,5,3,5,6,4,7,0,5,0,1,2,0.1111111111111111
6,5,collect_one_size7_comp0.4_grid5_base_medium,7,0.4,medium,base,base,collect_one,3,3,6,6,5,3,6,1,1,1,1,1,1,2,1,1,8,2,1,16,0.375,0.6875,1.0,0.6153846153846154,0.0,4,5,2,5,6,2,4,3,5,3,3,0,0.0
7,5,collect_one_size7_comp0.4_grid5_base_medium,7,0.4,medium,base,base,collect_one,3,3,6,6,5,3,6,1,1,1,1,1,1,2,1,1,9,2,1,19,0.3157894736842105,0.631578947368421,1.0,0.5625,0.0,4,5,4,6,6,7,3,2,6,2,1,1,0.05263157894736842
8,5,collect_one_size7_comp0.4_grid5_base_medium,7,0.4,medium,base,base,collect_one,3,3,6,6,5,3,6,1,1,1,1,1,1,2,1,1,10,4,1,18,0.3333333333333333,0.6666666666666666,0.8,0.6153846153846154,0.0,5,6,2,5,7,5,2,3,7,3,2,0,0.0
9,5,collect_one_size7_comp0.4_grid5_base_medium,7,0.4,medium,base,base,collect_one,3,3,6,6,5,3,6,1,1,1,1,1,1,2,1,1,10,4,1,18,0.3333333333333333,0.6666666666666666,0.8,0.6153846153846154,0.0,5,6,2,5,5,4,4,4,6,4,1,0,0.0
0,6,collect_one_size7_comp0.4_grid6_base_medium,7,0.4,medium,base,base,collect_one,7,4,5,5,3,4,8,1,1,1,1,1,1,2,1,1,9,3,1,15,0.5333333333333333,0.7333333333333333,1.0,0.6363636363636364,0.0,5,2,2,6,5,5,3,1,3,1,3,1,0.06666666666666667
1,6,collect_one_size7_comp0.4_grid6_base_medium,7,0.4,medium,base,base,collect_one,7,4,5,5,3,4,8,1,1,1,1,1,1,2,1,1,16,6,1,20,0.4,0.65,0.7142857142857143,0.6153846153846154,0.0,4,1,6,9,8,1,4,6,10,5,4,2,0.1
2,6,collect_one_size7_comp0.4_grid6_base_medium,7,0.4,medium,base,base,collect_one,7,4,5,5,3,4,8,1,1,1,1,1,1,2,1,1,10,3,1,14,0.5714285714285714,0.7857142857142857,1.0,0.7,0.0,4,2,2,6,7,1,2,3,3,3,2,0,0.0
3,6,collect_one_size7_comp0.4_grid6_base_medium,7,0.4,medium,base,base,collect_one,7,4,5,5,3,4,8,1,1,1,1,1,1,2,1,1,12,3,1,16,0.5,0.75,1.0,0.6666666666666666,0.0,4,2,3,7,8,2,1,4,5,4,2,0,0.0
4,6,collect_one_size7_comp0.4_grid6_base_medium,7,0.4,medium,base,base,collect_one,7,4,5,5,3,4,8,1,1,1,1,1,1,2,1,1,14,3,1,18,0.4444444444444444,0.7222222222222222,1.0,0.6428571428571429,0.0,5,3,3,7,6,4,3,4,5,4,1,0,0.0
5,6,collect_one_size7_comp0.4_grid6_base_medium,7,0.4,medium,base,base,collect_one,7,4,5,5,3,4,8,1,1,1,1,1,1,2,1,1,12,3,1,18,0.4444444444444444,0.7222222222222222,1.0,0.6428571428571429,0.0,5,3,3,7,7,5,2,3,6,3,2,0,0.0
6,6,collect_one_size7_comp0.4_grid6_base_medium,7,0.4,medium,base,base,collect_one,7,4,5,5,3,4,8,1,1,1,1,1,1,2,1,1,10,3,1,14,0.5714285714285714,0.7857142857142857,1.0,0.7,0.0,4,2,2,6,7,1,2,3,3,3,2,0,0.0
7,6,collect_one_size7_comp0.4_grid6_base_medium,7,0.4,medium,base,base,collect_one,7,4,5,5,3,4,8,1,1,1,1,1,1,2,1,1,9,4,1,15,0.5333333333333333,0.7333333333333333,0.8,0.7,0.0,4,2,3,6,5,3,3,3,4,3,2,1,0.06666666666666667
8,6,collect_one_size7_comp0.4_grid6_base_medium,7,0.4,medium,base,base,collect_one,7,4,5,5,3,4,8,1,1,1,1,1,1,2,1,1,8,3,1,12,0.6666666666666666,0.8333333333333334,1.0,0.75,0.0,3,1,2,6,6,2,1,2,2,2,2,0,0.0
9,6,collect_one_size7_comp0.4_grid6_base_medium,7,0.4,medium,base,base,collect_one,7,4,5,5,3,4,8,1,1,1,1,1,1,1,0,1,-1,3,1,8,1.0,1.0,1.0,1.0,0.0,3,1,0,4,5,2,0,0,0,0,0,0,0.0
0,7,collect_one_size7_comp0.4_grid7_base_medium,7,0.4,medium,base,base,collect_one,3,6,3,3,3,6,6,1,1,1,1,1,1,2,1,1,2,5,1,17,0.35294117647058826,0.6470588235294118,1.0,0.5714285714285714,0.0,5,6,1,4,3,4,3,4,7,4,5,0,0.0
1,7,collect_one_size7_comp0.4_grid7_base_medium,7,0.4,medium,base,base,collect_one,3,6,3,3,3,6,6,1,1,1,1,1,1,2,1,1,5,8,1,15,0.4,0.6666666666666666,0.6666666666666666,0.6666666666666666,0.0,4,5,1,5,2,4,5,3,5,3,1,1,0.06666666666666667
2,7,collect_one_size7_comp0.4_grid7_base_medium,7,0.4,medium,base,base,collect_one,3,6,3,3,3,6,6,1,1,1,1,1,1,2,1,1,4,9,1,16,0.375,0.6875,0.8,0.6363636363636364,0.0,4,5,2,5,4,3,5,3,7,3,3,0,0.0
3,7,collect_one_size7_comp0.4_grid7_base_medium,7,0.4,medium,base,base,collect_one,3,6,3,3,3,6,6,1,1,1,1,1,1,2,1,1,2,9,1,16,0.375,0.6875,1.0,0.6153846153846154,0.0,4,5,2,5,4,4,4,3,5,3,1,0,0.0
4,7,collect_one_size7_comp0.4_grid7_base_medium,7,0.4,medium,base,base,collect_one,3,6,3,3,3,6,6,1,1,1,1,1,1,2,1,1,3,8,1,18,0.3333333333333333,0.6111111111111112,0.75,0.5714285714285714,0.0,4,7,2,5,6,4,4,3,7,2,1,2,0.1111111111111111
5,7,collect_one_size7_comp0.4_grid7_base_medium,7,0.4,medium,base,base,collect_one,3,6,3,3,3,6,6,1,1,1,1,1,1,2,1,1,7,10,1,23,0.2608695652173913,0.6086956521739131,0.625,0.6,0.0,5,7,4,7,6,4,7,5,10,5,4,1,0.043478260869565216
6,7,collect_one_size7_comp0.4_grid7_base_medium,7,0.4,medium,base,base,collect_one,3,6,3,3,3,6,6,1,1,1,1,1,1,2,1,1,4,7,1,14,0.42857142857142855,0.7142857142857143,0.8,0.6666666666666666,0.0,3,4,2,5,4,3,5,1,5,1,3,0,0.0
7,7,collect_one_size7_comp0.4_grid7_base_medium,7,0.4,medium,base,base,collect_one,3,6,3,3,3,6,6,1,1,1,1,1,1,2,1,1,4,9,1,17,0.35294117647058826,0.6470588235294118,0.8,0.5833333333333334,0.0,4,4,3,6,3,5,7,1,5,1,3,1,0.058823529411764705
8,7,collect_one_size7_comp0.4_grid7_base_medium,7,0.4,medium,base,base,collect_one,3,6,3,3,3,6,6,1,1,1,1,1,1,2,1,1,2,5,1,15,0.4,0.6666666666666666,1.0,0.5833333333333334,0.0,5,5,1,4,4,2,7,1,5,1,3,1,0.06666666666666667
9,7,collect_one_size7_comp0.4_grid7_base_medium,7,0.4,medium,base,base,collect_one,3,6,3,3,3,6,6,1,1,1,1,1,1,2,1,1,3,8,1,16,0.375,0.625,0.75,0.5833333333333334,0.0,3,4,4,5,5,4,5,1,5,0,4,2,0.125
0,8,collect_one_size7_comp0.4_grid8_base_medium,7,0.4,medium,base,base,collect_one,3,4,5,5,3,4,6,1,1,1,1,1,1,2,1,1,2,7,1,18,0.3333333333333333,0.6666666666666666,1.0,0.6,0.0,3,7,4,4,3,3,6,5,7,5,1,0,0.0
1,8,collect_one_size7_comp0.4_grid8_base_medium,7,0.4,medium,base,base,collect_one,3,4,5,5,3,4,6,1,1,1,1,1,1,2,1,1,4,16,1,21,0.2857142857142857,0.6190476190476191,0.8,0.5625,0.0,4,7,5,5,6,2,6,6,9,6,1,1,0.047619047619047616
2,8,collect_one_size7_comp0.4_grid8_base_medium,7,0.4,medium,base,base,collect_one,3,4,5,5,3,4,6,1,1,1,1,1,1,2,1,1,2,7,1,12,0.5,0.75,1.0,0.6666666666666666,0.0,1,5,3,3,3,3,3,2,4,2,2,0,0.0
3,8,collect_one_size7_comp0.4_grid8_base_medium,7,0.4,medium,base,base,collect_one,3,4,5,5,3,4,6,1,1,1,1,1,1,2,1,1,4,9,1,16,0.375,0.6875,0.8,0.6363636363636364,0.0,3,7,3,3,3,4,4,4,6,4,2,0,0.0
4,8,collect_one_size7_comp0.4_grid8_base_medium,7,0.4,medium,base,base,collect_one,3,4,5,5,3,4,6,1,1,1,1,1,1,2,1,1,2,8,1,13,0.46153846153846156,0.6923076923076923,1.0,0.6,0.0,1,5,3,4,3,3,4,2,4,2,2,1,0.07692307692307693
5,8,collect_one_size7_comp0.4_grid8_base_medium,7,0.4,medium,base,base,collect_one,3,4,5,5,3,4,6,1,1,1,1,1,1,2,1,1,2,11,1,16,0.375,0.6875,1.0,0.6153846153846154,0.0,3,7,3,3,5,3,2,5,6,5,2,0,0.0
6,8,collect_one_size7_comp0.4_grid8_base_medium,7,0.4,medium,base,base,collect_one,3,4,5,5,3,4,6,1,1,1,1,1,1,2,1,1,2,7,1,19,0.3157894736842105,0.5789473684210527,1.0,0.5,0.0,3,7,6,3,6,7,3,2,9,2,7,3,0.15789473684210525
7,8,collect_one_size7_comp0.4_grid8_base_medium,7,0.4,medium,base,base,collect_one,3,4,5,5,3,4,6,1,1,1,1,1,1,2,1,1,8,3,1,12,0.5,0.8333333333333334,1.0,0.75,0.0,1,5,3,3,6,0,5,0,1,0,0,0,0.0
8,8,collect_one_size7_comp0.4_grid8_base_medium,7,0.4,medium,base,base,collect_one,3,4,5,5,3,4,6,1,1,1,1,1,1,1,1,0,5,-1,1,15,0.4,0.6666666666666666,0.6666666666666666,0.6666666666666666,0.0,2,6,3,4,3,2,4,5,8,5,1,1,0.06666666666666667
9,8,collect_one_size7_comp0.4_grid8_base_medium,7,0.4,medium,base,base,collect_one,3,4,5,5,3,4,6,1,1,1,1,1,1,2,1,1,2,9,1,14,0.42857142857142855,0.7142857142857143,1.0,0.6363636363636364,0.0,2,6,3,3,2,3,4,4,5,4,2,0,0.0
0,9,collect_one_size7_comp0.4_grid9_base_medium,7,0.4,medium,base,base,collect_one,6,3,3,3,10,7,10,1,1,1,1,1,1,2,1,1,5,2,1,21,0.47619047619047616,0.7142857142857143,1.0,0.6666666666666666,0.0,4,7,5,5,6,3,7,4,8,4,2,1,0.047619047619047616
1,9,collect_one_size7_comp0.4_grid9_base_medium,7,0.4,medium,base,base,collect_one,6,3,3,3,10,7,10,1,1,1,1,1,1,2,1,1,5,2,1,16,0.625,0.8125,1.0,0.7692307692307693,0.0,2,5,5,4,8,2,4,1,5,1,3,0,0.0
2,9,collect_one_size7_comp0.4_grid9_base_medium,7,0.4,medium,base,base,collect_one,6,3,3,3,10,7,10,1,1,1,1,1,1,2,1,1,5,2,1,18,0.5555555555555556,0.7222222222222222,1.0,0.6666666666666666,0.0,2,5,5,6,6,4,6,1,7,1,3,2,0.1111111111111111
3,9,collect_one_size7_comp0.4_grid9_base_medium,7,0.4,medium,base,base,collect_one,6,3,3,3,10,7,10,1,1,1,1,1,1,2,1,1,9,2,1,20,0.5,0.75,1.0,0.7058823529411765,0.0,2,5,7,6,10,2,4,3,9,3,7,0,0.0
4,9,collect_one_size7_comp0.4_grid9_base_medium,7,0.4,medium,base,base,collect_one,6,3,3,3,10,7,10,1,1,1,1,1,1,2,1,1,6,3,1,24,0.4166666666666667,0.6666666666666666,0.75,0.65,0.0,5,8,6,5,8,7,6,2,9,2,4,2,0.08333333333333333
5,9,collect_one_size7_comp0.4_grid9_base_medium,7,0.4,medium,base,base,collect_one,6,3,3,3,10,7,10,1,1,1,1,1,1,2,1,1,7,4,1,18,0.5555555555555556,0.7222222222222222,0.6,0.7692307692307693,0.0,4,5,5,4,8,5,4,0,5,0,2,2,0.1111111111111111
6,9,collect_one_size7_comp0.4_grid9_base_medium,7,0.4,medium,base,base,collect_one,6,3,3,3,10,7,10,1,1,1,1,1,1,2,1,1,7,2,1,21,0.47619047619047616,0.7142857142857143,1.0,0.6666666666666666,0.0,3,6,6,6,8,3,3,6,10,5,5,1,0.047619047619047616
7,9,collect_one_size7_comp0.4_grid9_base_medium,7,0.4,medium,base,base,collect_one,6,3,3,3,10,7,10,1,1,1,1,1,1,2,1,1,5,2,1,17,0.5882352941176471,0.7647058823529411,1.0,0.7142857142857143,0.0,2,5,5,5,7,3,5,1,6,1,3,1,0.058823529411764705
8,9,collect_one_size7_comp0.4_grid9_base_medium,7,0.4,medium,base,base,collect_one,6,3,3,3,10,7,10,1,1,1,1,1,1,2,1,1,5,2,1,20,0.5,0.7,1.0,0.6470588235294118,0.0,4,7,5,4,9,2,6,2,8,1,3,2,0.1
9,9,collect_one_size7_comp0.4_grid9_base_medium,7,0.4,medium,base,base,collect_one,6,3,3,3,10,7,10,1,1,1,1,1,1,2,1,1,5,2,1,19,0.5263157894736842,0.7368421052631579,1.0,0.6875,0.0,2,5,6,6,8,2,6,2,7,2,2,1,0.05263157894736842
0,0,collect_one_size9_comp0.0_grid0_base_medium,9,0.0,medium,base,base,collect_one,6,9,7,7,4,3,10,1,1,1,1,1,1,2,1,1,5,14,1,19,0.5263157894736842,0.7368421052631579,1.0,0.6153846153846154,0.0,1,7,3,8,8,4,4,2,3,1,3,1,0.05263157894736842
1,0,collect_one_size9_comp0.0_grid0_base_medium,9,0.0,medium,base,base,collect_one,6,9,7,7,4,3,10,1,1,1,1,1,1,2,1,1,9,24,1,28,0.35714285714285715,0.6785714285714286,0.8,0.6111111111111112,0.0,6,11,3,8,8,6,5,8,11,8,1,0,0.0
2,0,collect_one_size9_comp0.0_grid0_base_medium,9,0.0,medium,base,base,collect_one,6,9,7,7,4,3,10,1,1,1,1,1,1,1,1,0,5,-1,1,12,0.8333333333333334,0.9166666666666666,1.0,0.8333333333333334,0.0,0,5,1,6,5,3,3,0,0,0,0,0,0.0
3,0,collect_one_size9_comp0.0_grid0_base_medium,9,0.0,medium,base,base,collect_one,6,9,7,7,4,3,10,1,1,1,1,1,1,2,1,1,5,14,1,18,0.5555555555555556,0.7777777777777778,1.0,0.6666666666666666,0.0,1,6,3,8,8,5,4,0,0,0,0,0,0.0
4,0,collect_one_size9_comp0.0_grid0_base_medium,9,0.0,medium,base,base,collect_one,6,9,7,7,4,3,10,1,1,1,1,1,1,2,1,1,7,16,1,20,0.5,0.75,0.875,0.6666666666666666,0.0,3,8,2,7,8,5,4,2,5,2,3,0,0.0
5,0,collect_one_size9_comp0.0_grid0_base_medium,9,0.0,medium,base,base,collect_one,6,9,7,7,4,3,10,1,1,1,1,1,1,2,1,1,5,14,1,18,0.5555555555555556,0.7777777777777778,1.0,0.6666666666666666,0.0,1,6,3,8,6,2,8,1,2,1,0,0,0.0
6,0,collect_one_size9_comp0.0_grid0_base_medium,9,0.0,medium,base,base,collect_one,6,9,7,7,4,3,10,1,1,1,1,1,1,2,1,1,5,14,1,18,0.5555555555555556,0.7777777777777778,1.0,0.6666666666666666,0.0,1,6,3,8,6,2,8,1,2,1,0,0,0.0
7,0,collect_one_size9_comp0.0_grid0_base_medium,9,0.0,medium,base,base,collect_one,6,9,7,7,4,3,10,1,1,1,1,1,1,2,1,1,7,14,1,18,0.5555555555555556,0.7777777777777778,0.875,0.7,0.0,2,7,2,7,8,2,5,2,2,2,1,0,0.0
8,0,collect_one_size9_comp0.0_grid0_base_medium,9,0.0,medium,base,base,collect_one,6,9,7,7,4,3,10,1,1,1,1,1,1,2,1,1,5,12,1,16,0.625,0.8125,1.0,0.7,0.0,1,6,2,7,5,5,5,0,1,0,0,0,0.0
9,0,collect_one_size9_comp0.0_grid0_base_medium,9,0.0,medium,base,base,collect_one,6,9,7,7,4,3,10,1,1,1,1,1,1,2,1,1,5,12,1,16,0.625,0.8125,1.0,0.7,0.0,1,6,2,7,5,5,5,0,0,0,0,0,0.0
0,1,collect_one_size9_comp0.0_grid1_base_medium,9,0.0,medium,base,base,collect_one,8,5,3,3,4,3,8,1,1,1,1,1,1,2,1,1,8,11,1,15,0.5333333333333333,0.8666666666666667,0.8888888888888888,0.8333333333333334,0.0,4,2,6,3,5,3,6,0,1,0,0,1,0.06666666666666667
1,1,collect_one_size9_comp0.0_grid1_base_medium,9,0.0,medium,base,base,collect_one,8,5,3,3,4,3,8,1,1,1,1,1,1,2,1,1,9,6,1,18,0.4444444444444444,0.7222222222222222,0.8571428571428571,0.6363636363636364,0.0,4,2,7,5,8,3,3,3,6,3,2,0,0.0
2,1,collect_one_size9_comp0.0_grid1_base_medium,9,0.0,medium,base,base,collect_one,8,5,3,3,4,3,8,1,1,1,1,1,1,2,1,1,16,11,1,23,0.34782608695652173,0.6521739130434783,0.6666666666666666,0.6363636363636364,0.0,9,6,5,3,9,5,5,3,5,3,0,1,0.043478260869565216
3,1,collect_one_size9_comp0.0_grid1_base_medium,9,0.0,medium,base,base,collect_one,8,5,3,3,4,3,8,1,1,1,1,1,1,2,1,1,7,4,1,12,0.6666666666666666,0.8333333333333334,1.0,0.7142857142857143,0.0,4,2,4,2,6,4,1,0,0,0,0,0,0.0
4,1,collect_one_size9_comp0.0_grid1_base_medium,9,0.0,medium,base,base,collect_one,8,5,3,3,4,3,8,1,1,1,1,1,1,2,1,1,7,4,1,12,0.6666666666666666,0.8333333333333334,1.0,0.7142857142857143,0.0,4,2,4,2,7,1,2,1,2,1,1,0,0.0
5,1,collect_one_size9_comp0.0_grid1_base_medium,9,0.0,medium,base,base,collect_one,8,5,3,3,4,3,8,1,1,1,1,1,1,2,1,1,9,4,1,14,0.5714285714285714,0.7857142857142857,1.0,0.6666666666666666,0.0,5,3,4,2,4,4,4,1,1,1,0,0,0.0
6,1,collect_one_size9_comp0.0_grid1_base_medium,9,0.0,medium,base,base,collect_one,8,5,3,3,4,3,8,1,1,1,1,1,1,2,1,1,7,4,1,12,0.6666666666666666,0.8333333333333334,1.0,0.7142857142857143,0.0,4,2,4,2,4,3,3,1,1,1,1,0,0.0
7,1,collect_one_size9_comp0.0_grid1_base_medium,9,0.0,medium,base,base,collect_one,8,5,3,3,4,3,8,1,1,1,1,1,1,2,1,1,11,4,1,16,0.5,0.75,1.0,0.6363636363636364,0.0,6,4,4,2,5,7,2,1,2,1,0,0,0.0
8,1,collect_one_size9_comp0.0_grid1_base_medium,9,0.0,medium,base,base,collect_one,8,5,3,3,4,3,8,1,1,1,1,1,1,2,1,1,9,4,1,14,0.5714285714285714,0.7857142857142857,1.0,0.6666666666666666,0.0,5,3,4,2,4,5,4,0,0,0,0,0,0.0
9,1,collect_one_size9_comp0.0_grid1_base_medium,9,0.0,medium,base,base,collect_one,8,5,3,3,4,3,8,1,1,1,1,1,1,2,1,1,9,4,1,14,0.5714285714285714,0.7857142857142857,1.0,0.6666666666666666,0.0,5,3,4,2,5,2,4,2,2,2,2,0,0.0
0,2,collect_one_size9_comp0.0_grid2_base_medium,9,0.0,medium,base,base,collect_one,3,4,7,7,8,3,7,1,1,1,1,1,1,2,1,1,18,11,1,29,0.2413793103448276,0.6206896551724138,0.6666666666666666,0.5882352941176471,0.0,6,11,6,6,10,7,9,2,11,2,3,0,0.0
1,2,collect_one_size9_comp0.0_grid2_base_medium,9,0.0,medium,base,base,collect_one,3,4,7,7,8,3,7,1,1,1,1,1,1,2,1,1,14,5,1,23,0.30434782608695654,0.6521739130434783,0.8333333333333334,0.5882352941176471,0.0,5,10,4,4,9,7,5,1,4,1,1,0,0.0
2,2,collect_one_size9_comp0.0_grid2_base_medium,9,0.0,medium,base,base,collect_one,3,4,7,7,8,3,7,1,1,1,1,1,1,2,1,1,10,3,1,19,0.3684210526315789,0.6842105263157895,1.0,0.6,0.0,4,9,3,3,9,5,3,1,4,1,1,0,0.0
3,2,collect_one_size9_comp0.0_grid2_base_medium,9,0.0,medium,base,base,collect_one,3,4,7,7,8,3,7,1,1,1,1,1,1,2,1,1,14,5,1,23,0.30434782608695654,0.6521739130434783,0.8333333333333334,0.5882352941176471,0.0,5,10,4,4,12,4,5,1,10,1,1,0,0.0
4,2,collect_one_size9_comp0.0_grid2_base_medium,9,0.0,medium,base,base,collect_one,3,4,7,7,8,3,7,1,1,1,1,1,1,2,1,1,10,3,1,19,0.3684210526315789,0.6842105263157895,1.0,0.6,0.0,4,9,3,3,11,6,1,0,1,0,0,0,0.0
5,2,collect_one_size9_comp0.0_grid2_base_medium,9,0.0,medium,base,base,collect_one,3,4,7,7,8,3,7,1,1,1,1,1,1,2,1,1,11,3,1,22,0.3181818181818182,0.6363636363636364,1.0,0.5555555555555556,0.0,6,10,3,3,9,5,5,2,11,2,1,1,0.045454545454545456
6,2,collect_one_size9_comp0.0_grid2_base_medium,9,0.0,medium,base,base,collect_one,3,4,7,7,8,3,7,1,1,1,1,1,1,2,1,1,10,3,1,19,0.3684210526315789,0.6842105263157895,1.0,0.6,0.0,4,9,3,3,6,7,4,1,3,1,1,0,0.0
7,2,collect_one_size9_comp0.0_grid2_base_medium,9,0.0,medium,base,base,collect_one,3,4,7,7,8,3,7,1,1,1,1,1,1,2,1,1,14,3,1,27,0.25925925925925924,0.5925925925925926,1.0,0.5217391304347826,0.0,8,11,4,4,13,4,5,4,14,4,5,2,0.07407407407407407
8,2,collect_one_size9_comp0.0_grid2_base_medium,9,0.0,medium,base,base,collect_one,3,4,7,7,8,3,7,1,1,1,1,1,1,2,1,1,10,3,1,19,0.3684210526315789,0.6842105263157895,1.0,0.6,0.0,4,9,3,3,10,5,2,1,1,1,1,0,0.0
9,2,collect_one_size9_comp0.0_grid2_base_medium,9,0.0,medium,base,base,collect_one,3,4,7,7,8,3,7,1,1,1,1,1,1,2,1,1,11,3,1,20,0.35,0.65,1.0,0.5625,0.0,5,9,3,3,8,6,4,1,6,1,1,1,0.05
0,3,collect_one_size9_comp0.0_grid3_base_medium,9,0.0,medium,base,base,collect_one,6,4,10,10,6,8,12,1,1,1,1,1,1,2,1,1,13,3,1,20,0.6,0.8,1.0,0.75,0.0,0,6,8,6,11,4,4,0,0,0,0,0,0.0
1,3,collect_one_size9_comp0.0_grid3_base_medium,9,0.0,medium,base,base,collect_one,6,4,10,10,6,8,12,1,1,1,1,1,1,2,1,1,13,3,1,26,0.46153846153846156,0.7307692307692307,1.0,0.6818181818181818,0.0,3,9,8,6,6,6,9,4,5,4,1,0,0.0
2,3,collect_one_size9_comp0.0_grid3_base_medium,9,0.0,medium,base,base,collect_one,6,4,10,10,6,8,12,1,1,1,1,1,1,2,1,1,14,4,1,29,0.41379310344827586,0.6896551724137931,0.8,0.6666666666666666,0.0,5,10,8,6,8,6,7,7,11,7,2,1,0.034482758620689655
3,3,collect_one_size9_comp0.0_grid3_base_medium,9,0.0,medium,base,base,collect_one,6,4,10,10,6,8,12,1,1,1,1,1,1,2,1,1,13,3,1,20,0.6,0.8,1.0,0.75,0.0,0,6,8,6,6,7,5,1,1,1,1,0,0.0
4,3,collect_one_size9_comp0.0_grid3_base_medium,9,0.0,medium,base,base,collect_one,6,4,10,10,6,8,12,1,1,1,1,1,1,2,1,1,13,3,1,26,0.46153846153846156,0.7307692307692307,1.0,0.6818181818181818,0.0,3,9,8,6,10,8,3,4,6,4,2,0,0.0
5,3,collect_one_size9_comp0.0_grid3_base_medium,9,0.0,medium,base,base,collect_one,6,4,10,10,6,8,12,1,1,1,1,1,1,2,1,1,13,3,1,26,0.46153846153846156,0.7307692307692307,1.0,0.6818181818181818,0.0,3,9,8,6,11,5,6,3,6,3,4,0,0.0
6,3,collect_one_size9_comp0.0_grid3_base_medium,9,0.0,medium,base,base,collect_one,6,4,10,10,6,8,12,1,1,1,1,1,1,2,1,1,13,3,1,22,0.5454545454545454,0.7727272727272727,1.0,0.7222222222222222,0.0,1,7,8,6,10,4,6,1,2,1,1,0,0.0
7,3,collect_one_size9_comp0.0_grid3_base_medium,9,0.0,medium,base,base,collect_one,6,4,10,10,6,8,12,1,1,1,1,1,1,2,1,1,12,26,1,37,0.32432432432432434,0.6216216216216216,0.6153846153846154,0.625,0.0,8,14,7,8,15,9,7,5,12,5,1,3,0.08108108108108109
8,3,collect_one_size9_comp0.0_grid3_base_medium,9,0.0,medium,base,base,collect_one,6,4,10,10,6,8,12,1,1,1,1,1,1,2,1,1,13,3,1,20,0.6,0.8,1.0,0.75,0.0,0,6,8,6,10,3,5,1,1,1,1,0,0.0
9,3,collect_one_size9_comp0.0_grid3_base_medium,9,0.0,medium,base,base,collect_one,6,4,10,10,6,8,12,1,1,1,1,1,1,2,1,1,14,4,1,23,0.5217391304347826,0.7391304347826086,0.8,0.7222222222222222,0.0,2,7,8,6,7,5,8,2,4,2,1,1,0.043478260869565216
0,4,collect_one_size9_comp0.0_grid4_base_medium,9,0.0,medium,base,base,collect_one,9,5,6,6,6,8,13,1,1,1,1,1,1,2,1,1,8,16,1,29,0.4482758620689655,0.7586206896551724,1.0,0.65,0.0,7,7,9,6,13,5,8,2,10,2,1,0,0.0
1,4,collect_one_size9_comp0.0_grid4_base_medium,9,0.0,medium,base,base,collect_one,9,5,6,6,6,8,13,1,1,1,1,1,1,2,1,1,17,10,1,24,0.5416666666666666,0.75,0.7272727272727273,0.7692307692307693,0.0,7,6,7,4,8,7,6,2,4,2,1,1,0.041666666666666664
2,4,collect_one_size9_comp0.0_grid4_base_medium,9,0.0,medium,base,base,collect_one,9,5,6,6,6,8,13,1,1,1,1,1,1,2,1,1,10,16,1,29,0.4482758620689655,0.7586206896551724,0.9090909090909091,0.6666666666666666,0.0,8,8,8,5,9,7,9,3,8,3,1,0,0.0
3,4,collect_one_size9_comp0.0_grid4_base_medium,9,0.0,medium,base,base,collect_one,9,5,6,6,6,8,13,1,1,1,1,1,1,2,1,1,16,22,1,35,0.37142857142857144,0.7142857142857143,0.7647058823529411,0.6666666666666666,0.0,9,9,10,7,14,5,10,5,11,5,0,0,0.0
4,4,collect_one_size9_comp0.0_grid4_base_medium,9,0.0,medium,base,base,collect_one,9,5,6,6,6,8,13,1,1,1,1,1,1,2,1,1,14,8,1,21,0.6190476190476191,0.8095238095238095,0.7777777777777778,0.8333333333333334,0.0,6,6,6,3,11,4,3,2,2,2,0,0,0.0
5,4,collect_one_size9_comp0.0_grid4_base_medium,9,0.0,medium,base,base,collect_one,9,5,6,6,6,8,13,1,1,1,1,1,1,2,1,1,11,4,1,18,0.7222222222222222,0.8333333333333334,1.0,0.7692307692307693,0.0,6,5,5,2,11,4,2,0,1,0,1,1,0.05555555555555555
6,4,collect_one_size9_comp0.0_grid4_base_medium,9,0.0,medium,base,base,collect_one,9,5,6,6,6,8,13,1,1,1,1,1,1,2,1,1,10,4,1,17,0.7647058823529411,0.8823529411764706,1.0,0.8333333333333334,0.0,5,5,5,2,11,4,1,0,0,0,0,0,0.0
7,4,collect_one_size9_comp0.0_grid4_base_medium,9,0.0,medium,base,base,collect_one,9,5,6,6,6,8,13,1,1,1,1,1,1,2,1,1,16,6,1,23,0.5652173913043478,0.782608695652174,0.8571428571428571,0.75,0.0,7,7,6,3,8,6,4,4,4,4,0,0,0.0
8,4,collect_one_size9_comp0.0_grid4_base_medium,9,0.0,medium,base,base,collect_one,9,5,6,6,6,8,13,1,1,1,1,1,1,2,1,1,12,6,1,19,0.6842105263157895,0.8421052631578947,0.8571428571428571,0.8333333333333334,0.0,5,5,6,3,8,6,4,0,0,0,0,0,0.0
9,4,collect_one_size9_comp0.0_grid4_base_medium,9,0.0,medium,base,base,collect_one,9,5,6,6,6,8,13,1,1,1,1,1,1,2,1,1,13,6,1,20,0.65,0.8,0.8571428571428571,0.7692307692307693,0.0,6,5,6,3,9,6,4,0,1,0,0,1,0.05
0,5,collect_one_size9_comp0.0_grid5_base_medium,9,0.0,medium,base,base,collect_one,5,6,7,7,3,4,8,1,1,1,1,1,1,2,1,1,4,11,1,17,0.47058823529411764,0.7058823529411765,1.0,0.5833333333333334,0.0,7,2,5,3,6,4,5,1,1,0,1,1,0.058823529411764705
1,5,collect_one_size9_comp0.0_grid5_base_medium,9,0.0,medium,base,base,collect_one,5,6,7,7,3,4,8,1,1,1,1,1,1,2,1,1,4,11,1,22,0.36363636363636365,0.6818181818181818,1.0,0.5882352941176471,0.0,9,5,5,3,8,4,3,6,10,6,2,0,0.0
2,5,collect_one_size9_comp0.0_grid5_base_medium,9,0.0,medium,base,base,collect_one,5,6,7,7,3,4,8,1,1,1,1,1,1,2,1,1,4,11,1,18,0.4444444444444444,0.6666666666666666,1.0,0.5384615384615384,0.0,8,2,5,3,8,6,2,1,4,1,2,2,0.1111111111111111
3,5,collect_one_size9_comp0.0_grid5_base_medium,9,0.0,medium,base,base,collect_one,5,6,7,7,3,4,8,1,1,1,1,1,1,2,1,1,4,13,1,19,0.42105263157894735,0.6842105263157895,1.0,0.5714285714285714,0.0,7,2,6,4,5,6,5,2,5,2,1,1,0.05263157894736842
4,5,collect_one_size9_comp0.0_grid5_base_medium,9,0.0,medium,base,base,collect_one,5,6,7,7,3,4,8,1,1,1,1,1,1,2,1,1,4,11,1,18,0.4444444444444444,0.7222222222222222,1.0,0.6153846153846154,0.0,6,2,6,4,6,3,6,2,2,2,1,0,0.0
5,5,collect_one_size9_comp0.0_grid5_base_medium,9,0.0,medium,base,base,collect_one,5,6,7,7,3,4,8,1,1,1,1,1,1,2,1,1,4,11,1,18,0.4444444444444444,0.7222222222222222,1.0,0.6153846153846154,0.0,7,3,5,3,4,4,8,1,3,1,0,0,0.0
6,5,collect_one_size9_comp0.0_grid5_base_medium,9,0.0,medium,base,base,collect_one,5,6,7,7,3,4,8,1,1,1,1,1,1,2,1,1,6,13,1,25,0.32,0.6,0.8571428571428571,0.5,0.0,10,3,7,5,9,4,7,4,6,3,3,3,0.12
7,5,collect_one_size9_comp0.0_grid5_base_medium,9,0.0,medium,base,base,collect_one,5,6,7,7,3,4,8,1,1,1,1,1,1,2,1,1,4,11,1,17,0.47058823529411764,0.7058823529411765,1.0,0.5833333333333334,0.0,7,2,5,3,5,5,4,2,4,1,3,1,0.058823529411764705
8,5,collect_one_size9_comp0.0_grid5_base_medium,9,0.0,medium,base,base,collect_one,5,6,7,7,3,4,8,1,1,1,1,1,1,2,1,1,4,13,1,18,0.4444444444444444,0.7222222222222222,1.0,0.6153846153846154,0.0,7,3,5,3,4,6,5,2,3,2,3,0,0.0
9,5,collect_one_size9_comp0.0_grid5_base_medium,9,0.0,medium,base,base,collect_one,5,6,7,7,3,4,8,1,1,1,1,1,1,2,1,1,4,13,1,18,0.4444444444444444,0.7222222222222222,1.0,0.6153846153846154,0.0,7,3,5,3,7,6,4,0,2,0,1,0,0.0
0,6,collect_one_size9_comp0.0_grid6_base_medium,9,0.0,medium,base,base,collect_one,3,4,5,5,6,9,9,1,1,1,1,1,1,2,1,1,2,7,1,17,0.5294117647058824,0.7647058823529411,1.0,0.7142857142857143,0.0,4,8,0,5,7,5,4,0,0,0,0,0,0.0
1,6,collect_one_size9_comp0.0_grid6_base_medium,9,0.0,medium,base,base,collect_one,3,4,5,5,6,9,9,1,1,1,1,1,1,2,1,1,2,7,1,20,0.45,0.65,1.0,0.5882352941176471,0.0,4,8,0,8,10,5,3,1,6,1,1,3,0.15
2,6,collect_one_size9_comp0.0_grid6_base_medium,9,0.0,medium,base,base,collect_one,3,4,5,5,6,9,9,1,1,1,1,1,1,2,1,1,2,7,1,17,0.5294117647058824,0.7647058823529411,1.0,0.7142857142857143,0.0,4,8,0,5,11,3,2,0,0,0,0,0,0.0
3,6,collect_one_size9_comp0.0_grid6_base_medium,9,0.0,medium,base,base,collect_one,3,4,5,5,6,9,9,1,1,1,1,1,1,2,1,1,2,7,1,17,0.5294117647058824,0.7647058823529411,1.0,0.7142857142857143,0.0,4,8,0,5,7,4,3,2,2,2,2,0,0.0
4,6,collect_one_size9_comp0.0_grid6_base_medium,9,0.0,medium,base,base,collect_one,3,4,5,5,6,9,9,1,1,1,1,1,1,2,1,1,2,7,1,19,0.47368421052631576,0.7368421052631579,1.0,0.6875,0.0,4,8,1,6,10,3,4,1,1,1,0,0,0.0
5,6,collect_one_size9_comp0.0_grid6_base_medium,9,0.0,medium,base,base,collect_one,3,4,5,5,6,9,9,1,1,1,1,1,1,2,1,1,4,9,1,19,0.47368421052631576,0.7368421052631579,0.8,0.7142857142857143,0.0,5,9,0,5,9,2,4,3,4,3,1,0,0.0
6,6,collect_one_size9_comp0.0_grid6_base_medium,9,0.0,medium,base,base,collect_one,3,4,5,5,6,9,9,1,1,1,1,1,1,2,1,1,2,7,1,18,0.5,0.7222222222222222,1.0,0.6666666666666666,0.0,4,9,0,5,8,4,3,2,3,2,2,1,0.05555555555555555
7,6,collect_one_size9_comp0.0_grid6_base_medium,9,0.0,medium,base,base,collect_one,3,4,5,5,6,9,9,1,1,1,1,1,1,2,1,1,2,7,1,17,0.5294117647058824,0.7647058823529411,1.0,0.7142857142857143,0.0,4,8,0,5,7,5,3,1,3,1,1,0,0.0
8,6,collect_one_size9_comp0.0_grid6_base_medium,9,0.0,medium,base,base,collect_one,3,4,5,5,6,9,9,1,1,1,1,1,1,2,1,1,2,7,1,17,0.5294117647058824,0.7647058823529411,1.0,0.7142857142857143,0.0,4,8,0,5,10,3,3,0,0,0,0,0,0.0
9,6,collect_one_size9_comp0.0_grid6_base_medium,9,0.0,medium,base,base,collect_one,3,4,5,5,6,9,9,1,1,1,1,1,1,2,1,1,2,7,1,18,0.5,0.7222222222222222,1.0,0.6666666666666666,0.0,4,8,0,6,9,4,4,0,1,0,0,1,0.05555555555555555
0,7,collect_one_size9_comp0.0_grid7_base_medium,9,0.0,medium,base,base,collect_one,8,6,4,4,8,4,10,1,1,1,1,1,1,2,1,1,11,7,1,22,0.45454545454545453,0.7272727272727273,0.875,0.6428571428571429,0.0,4,6,7,5,12,4,3,2,3,2,1,0,0.0
1,7,collect_one_size9_comp0.0_grid7_base_medium,9,0.0,medium,base,base,collect_one,8,6,4,4,8,4,10,1,1,1,1,1,1,2,1,1,9,5,1,20,0.5,0.75,1.0,0.6428571428571429,0.0,4,6,6,4,11,6,2,0,1,0,0,0,0.0
2,7,collect_one_size9_comp0.0_grid7_base_medium,9,0.0,medium,base,base,collect_one,8,6,4,4,8,4,10,1,1,1,1,1,1,2,1,1,10,5,1,19,0.5263157894736842,0.7368421052631579,1.0,0.6153846153846154,0.0,3,6,6,4,13,4,1,0,2,0,1,1,0.05263157894736842
3,7,collect_one_size9_comp0.0_grid7_base_medium,9,0.0,medium,base,base,collect_one,8,6,4,4,8,4,10,1,1,1,1,1,1,2,1,1,9,5,1,22,0.45454545454545453,0.7272727272727273,1.0,0.625,0.0,4,6,7,5,11,6,2,2,4,2,0,0,0.0
4,7,collect_one_size9_comp0.0_grid7_base_medium,9,0.0,medium,base,base,collect_one,8,6,4,4,8,4,10,1,1,1,1,1,1,2,1,1,11,5,1,24,0.4166666666666667,0.7083333333333334,1.0,0.6111111111111112,0.0,6,8,6,4,9,9,5,0,3,0,0,0,0.0
5,7,collect_one_size9_comp0.0_grid7_base_medium,9,0.0,medium,base,base,collect_one,8,6,4,4,8,4,10,1,1,1,1,1,1,2,1,1,11,5,1,24,0.4166666666666667,0.6666666666666666,1.0,0.5555555555555556,0.0,5,9,6,4,11,7,3,2,5,2,0,2,0.08333333333333333
6,7,collect_one_size9_comp0.0_grid7_base_medium,9,0.0,medium,base,base,collect_one,8,6,4,4,8,4,10,1,1,1,1,1,1,2,1,1,12,7,1,27,0.37037037037037035,0.6666666666666666,0.875,0.5789473684210527,0.0,6,9,7,5,9,10,4,3,7,3,1,1,0.037037037037037035
7,7,collect_one_size9_comp0.0_grid7_base_medium,9,0.0,medium,base,base,collect_one,8,6,4,4,8,4,10,1,1,1,1,1,1,2,1,1,10,5,1,19,0.5263157894736842,0.7368421052631579,1.0,0.6153846153846154,0.0,3,6,6,4,10,4,3,1,3,1,1,1,0.05263157894736842
8,7,collect_one_size9_comp0.0_grid7_base_medium,9,0.0,medium,base,base,collect_one,8,6,4,4,8,4,10,1,1,1,1,1,1,2,1,1,13,7,1,26,0.38461538461538464,0.6923076923076923,0.875,0.6111111111111112,0.0,6,8,7,5,11,6,6,2,5,2,2,0,0.0
9,7,collect_one_size9_comp0.0_grid7_base_medium,9,0.0,medium,base,base,collect_one,8,6,4,4,8,4,10,1,1,1,1,1,1,2,1,1,11,5,1,20,0.5,0.75,1.0,0.6428571428571429,0.0,4,6,6,4,10,5,2,2,4,2,1,0,0.0
0,8,collect_one_size9_comp0.0_grid8_base_medium,9,0.0,medium,base,base,collect_one,4,7,7,7,3,10,7,1,1,1,1,1,1,2,1,1,3,10,1,36,0.19444444444444445,0.5833333333333334,1.0,0.53125,0.0,12,13,6,5,12,8,6,9,15,8,2,1,0.027777777777777776
1,8,collect_one_size9_comp0.0_grid8_base_medium,9,0.0,medium,base,base,collect_one,4,7,7,7,3,10,7,1,1,1,1,1,1,2,1,1,4,13,1,28,0.25,0.6071428571428571,0.8,0.5652173913043478,0.0,8,11,5,4,9,9,5,4,9,4,3,1,0.03571428571428571
2,8,collect_one_size9_comp0.0_grid8_base_medium,9,0.0,medium,base,base,collect_one,4,7,7,7,3,10,7,1,1,1,1,1,1,2,1,1,4,15,1,28,0.25,0.6071428571428571,0.8,0.5652173913043478,0.0,7,10,6,5,14,7,4,2,8,2,1,1,0.03571428571428571
3,8,collect_one_size9_comp0.0_grid8_base_medium,9,0.0,medium,base,base,collect_one,4,7,7,7,3,10,7,1,1,1,1,1,1,2,1,1,3,10,1,41,0.17073170731707318,0.5609756097560976,1.0,0.5135135135135135,0.0,14,16,5,6,13,8,9,10,22,10,1,2,0.04878048780487805
4,8,collect_one_size9_comp0.0_grid8_base_medium,9,0.0,medium,base,base,collect_one,4,7,7,7,3,10,7,1,1,1,1,1,1,2,1,1,3,16,1,39,0.1794871794871795,0.5897435897435898,1.0,0.5428571428571428,0.0,12,14,7,6,13,9,7,9,17,9,3,0,0.0
5,8,collect_one_size9_comp0.0_grid8_base_medium,9,0.0,medium,base,base,collect_one,4,7,7,7,3,10,7,1,1,1,1,1,1,2,1,1,3,14,1,25,0.28,0.64,1.0,0.5714285714285714,0.0,7,9,5,4,9,6,4,5,7,5,1,0,0.0
6,8,collect_one_size9_comp0.0_grid8_base_medium,9,0.0,medium,base,base,collect_one,4,7,7,7,3,10,7,1,1,1,1,1,1,2,1,1,3,14,1,47,0.14893617021276595,0.574468085106383,1.0,0.5348837209302325,0.0,14,16,9,8,8,12,11,15,32,15,6,0,0.0
7,8,collect_one_size9_comp0.0_grid8_base_medium,9,0.0,medium,base,base,collect_one,4,7,7,7,3,10,7,1,1,1,1,1,1,2,1,1,3,12,1,35,0.2,0.5714285714285714,1.0,0.5161290322580645,0.0,13,14,4,4,11,3,7,13,17,12,3,2,0.05714285714285714
8,8,collect_one_size9_comp0.0_grid8_base_medium,9,0.0,medium,base,base,collect_one,4,7,7,7,3,10,7,1,1,1,1,1,1,2,1,1,3,16,1,34,0.20588235294117646,0.5882352941176471,1.0,0.5333333333333333,0.0,9,11,7,7,10,10,10,3,10,3,2,1,0.029411764705882353
9,8,collect_one_size9_comp0.0_grid8_base_medium,9,0.0,medium,base,base,collect_one,4,7,7,7,3,10,7,1,1,1,1,1,1,2,1,1,3,10,1,36,0.19444444444444445,0.5833333333333334,1.0,0.53125,0.0,11,13,6,6,13,6,9,7,20,7,2,1,0.027777777777777776
0,9,collect_one_size9_comp0.0_grid9_base_medium,9,0.0,medium,base,base,collect_one,5,5,6,6,5,9,10,1,1,1,1,1,1,2,1,1,6,16,1,31,0.3225806451612903,0.6451612903225806,0.8571428571428571,0.5833333333333334,0.0,8,9,8,6,7,10,9,4,10,4,2,1,0.03225806451612903
1,9,collect_one_size9_comp0.0_grid9_base_medium,9,0.0,medium,base,base,collect_one,5,5,6,6,5,9,10,1,1,1,1,1,1,2,1,1,4,12,1,22,0.45454545454545453,0.7272727272727273,1.0,0.6470588235294118,0.0,3,5,8,6,9,4,5,3,8,3,2,0,0.0
2,9,collect_one_size9_comp0.0_grid9_base_medium,9,0.0,medium,base,base,collect_one,5,5,6,6,5,9,10,1,1,1,1,1,1,2,1,1,6,16,1,26,0.38461538461538464,0.6923076923076923,0.8571428571428571,0.631578947368421,0.0,5,7,8,6,7,8,9,1,6,1,0,0,0.0
3,9,collect_one_size9_comp0.0_grid9_base_medium,9,0.0,medium,base,base,collect_one,5,5,6,6,5,9,10,1,1,1,1,1,1,2,1,1,4,12,1,26,0.38461538461538464,0.6923076923076923,1.0,0.6190476190476191,0.0,4,6,9,7,11,7,4,3,8,3,1,0,0.0
4,9,collect_one_size9_comp0.0_grid9_base_medium,9,0.0,medium,base,base,collect_one,5,5,6,6,5,9,10,1,1,1,1,1,1,2,1,1,6,12,1,24,0.4166666666666667,0.7083333333333334,0.8571428571428571,0.6470588235294118,0.0,3,5,9,7,8,4,7,4,5,4,1,0,0.0
5,9,collect_one_size9_comp0.0_grid9_base_medium,9,0.0,medium,base,base,collect_one,5,5,6,6,5,9,10,1,1,1,1,1,1,2,1,1,4,18,1,40,0.25,0.625,1.0,0.5714285714285714,0.0,8,10,12,10,9,12,13,5,21,5,3,0,0.0
6,9,collect_one_size9_comp0.0_grid9_base_medium,9,0.0,medium,base,base,collect_one,5,5,6,6,5,9,10,1,1,1,1,1,1,2,1,1,6,14,1,30,0.3333333333333333,0.6666666666666666,0.8571428571428571,0.6086956521739131,0.0,6,8,9,7,13,6,7,3,13,3,2,0,0.0
7,9,collect_one_size9_comp0.0_grid9_base_medium,9,0.0,medium,base,base,collect_one,5,5,6,6,5,9,10,1,1,1,1,1,1,2,1,1,4,14,1,26,0.38461538461538464,0.6923076923076923,1.0,0.6190476190476191,0.0,4,6,9,7,8,9,4,4,10,4,2,0,0.0
8,9,collect_one_size9_comp0.0_grid9_base_medium,9,0.0,medium,base,base,collect_one,5,5,6,6,5,9,10,1,1,1,1,1,1,2,1,1,4,12,1,24,0.4166666666666667,0.7083333333333334,1.0,0.631578947368421,0.0,3,5,9,7,10,3,6,4,9,4,1,0,0.0
9,9,collect_one_size9_comp0.0_grid9_base_medium,9,0.0,medium,base,base,collect_one,5,5,6,6,5,9,10,1,1,1,1,1,1,2,1,1,4,10,1,22,0.45454545454545453,0.7272727272727273,1.0,0.6470588235294118,0.0,3,5,8,6,9,4,5,3,4,3,1,0,0.0
0,0,collect_one_size9_comp0.2_grid0_base_medium,9,0.2,medium,base,base,collect_one,9,4,5,5,6,5,9,1,1,1,1,1,1,2,1,1,9,3,1,19,0.47368421052631576,0.6842105263157895,1.0,0.6,0.0,1,5,5,7,6,3,7,0,3,0,0,1,0.05263157894736842
1,0,collect_one_size9_comp0.2_grid0_base_medium,9,0.2,medium,base,base,collect_one,9,4,5,5,6,5,9,1,1,1,1,1,1,2,1,1,8,3,1,17,0.5294117647058824,0.7647058823529411,1.0,0.6923076923076923,0.0,1,5,5,6,5,5,6,0,0,0,0,0,0.0
2,0,collect_one_size9_comp0.2_grid0_base_medium,9,0.2,medium,base,base,collect_one,9,4,5,5,6,5,9,1,1,1,1,1,1,2,1,1,10,3,1,21,0.42857142857142855,0.7142857142857143,1.0,0.6470588235294118,0.0,2,6,6,7,9,6,3,2,4,2,2,0,0.0
3,0,collect_one_size9_comp0.2_grid0_base_medium,9,0.2,medium,base,base,collect_one,9,4,5,5,6,5,9,1,1,1,1,1,1,2,1,1,10,3,1,19,0.47368421052631576,0.7368421052631579,1.0,0.6666666666666666,0.0,1,5,6,7,8,3,5,2,4,2,1,0,0.0
4,0,collect_one_size9_comp0.2_grid0_base_medium,9,0.2,medium,base,base,collect_one,9,4,5,5,6,5,9,1,1,1,1,1,1,2,1,1,10,3,1,24,0.375,0.6666666666666666,1.0,0.6,0.0,3,7,6,7,10,5,5,1,7,1,3,0,0.0
5,0,collect_one_size9_comp0.2_grid0_base_medium,9,0.2,medium,base,base,collect_one,9,4,5,5,6,5,9,1,1,1,1,1,1,2,1,1,10,3,1,23,0.391304347826087,0.6956521739130435,1.0,0.631578947368421,0.0,3,7,6,7,6,7,6,3,6,3,3,0,0.0
6,0,collect_one_size9_comp0.2_grid0_base_medium,9,0.2,medium,base,base,collect_one,9,4,5,5,6,5,9,1,1,1,1,1,1,2,1,1,10,3,1,17,0.5294117647058824,0.7647058823529411,1.0,0.6923076923076923,0.0,1,5,5,6,6,5,4,1,1,1,1,0,0.0
7,0,collect_one_size9_comp0.2_grid0_base_medium,9,0.2,medium,base,base,collect_one,9,4,5,5,6,5,9,1,1,1,1,1,1,2,1,1,18,5,1,26,0.34615384615384615,0.6538461538461539,0.8333333333333334,0.6,0.0,4,8,6,7,6,8,7,2,8,2,2,0,0.0
8,0,collect_one_size9_comp0.2_grid0_base_medium,9,0.2,medium,base,base,collect_one,9,4,5,5,6,5,9,1,1,1,1,1,1,2,1,1,8,3,1,15,0.6,0.8,1.0,0.7272727272727273,0.0,0,4,5,6,5,4,4,1,1,1,1,0,0.0
9,0,collect_one_size9_comp0.2_grid0_base_medium,9,0.2,medium,base,base,collect_one,9,4,5,5,6,5,9,1,1,1,1,1,1,2,1,1,9,3,1,18,0.5,0.7222222222222222,1.0,0.6428571428571429,0.0,1,6,5,6,6,5,6,0,3,0,1,1,0.05555555555555555
0,1,collect_one_size9_comp0.2_grid1_base_medium,9,0.2,medium,base,base,collect_one,6,5,11,11,4,7,10,1,1,1,1,1,1,2,1,1,5,16,1,27,0.37037037037037035,0.6666666666666666,1.0,0.5714285714285714,0.0,6,10,6,4,14,5,3,2,8,2,2,0,0.0
1,1,collect_one_size9_comp0.2_grid1_base_medium,9,0.2,medium,base,base,collect_one,6,5,11,11,4,7,10,1,1,1,1,1,1,2,1,1,17,6,1,25,0.4,0.68,0.7142857142857143,0.6666666666666666,0.0,6,7,7,5,10,7,5,2,6,2,2,3,0.12
2,1,collect_one_size9_comp0.2_grid1_base_medium,9,0.2,medium,base,base,collect_one,6,5,11,11,4,7,10,1,1,1,1,1,1,2,1,1,12,37,1,46,0.21739130434782608,0.45652173913043476,0.46153846153846156,0.45454545454545453,0.0,11,14,8,12,12,17,10,4,24,3,3,13,0.2826086956521739
3,1,collect_one_size9_comp0.2_grid1_base_medium,9,0.2,medium,base,base,collect_one,6,5,11,11,4,7,10,1,1,1,1,1,1,2,1,1,7,20,1,28,0.35714285714285715,0.6071428571428571,0.75,0.55,0.0,6,10,6,5,13,4,6,2,8,2,2,3,0.10714285714285714
4,1,collect_one_size9_comp0.2_grid1_base_medium,9,0.2,medium,base,base,collect_one,6,5,11,11,4,7,10,1,1,1,1,1,1,2,1,1,7,21,1,29,0.3448275862068966,0.6206896551724138,0.75,0.5714285714285714,0.0,6,10,6,6,16,3,7,0,3,0,0,2,0.06896551724137931
5,1,collect_one_size9_comp0.2_grid1_base_medium,9,0.2,medium,base,base,collect_one,6,5,11,11,4,7,10,1,1,1,1,1,1,2,1,1,5,18,1,32,0.3125,0.65625,1.0,0.5769230769230769,0.0,7,11,8,6,11,8,7,5,11,5,2,0,0.0
6,1,collect_one_size9_comp0.2_grid1_base_medium,9,0.2,medium,base,base,collect_one,6,5,11,11,4,7,10,1,1,1,1,1,1,2,1,1,10,24,1,39,0.2564102564102564,0.5384615384615384,0.6363636363636364,0.5,0.0,7,11,9,11,15,8,6,7,18,7,2,6,0.15384615384615385
7,1,collect_one_size9_comp0.2_grid1_base_medium,9,0.2,medium,base,base,collect_one,6,5,11,11,4,7,10,1,1,1,1,1,1,2,1,1,7,20,1,31,0.3225806451612903,0.6451612903225806,0.875,0.5652173913043478,0.0,7,11,7,6,12,8,5,5,9,5,1,1,0.03225806451612903
8,1,collect_one_size9_comp0.2_grid1_base_medium,9,0.2,medium,base,base,collect_one,6,5,11,11,4,7,10,1,1,1,1,1,1,2,1,1,10,23,1,31,0.3225806451612903,0.6129032258064516,0.7272727272727273,0.55,0.0,9,11,6,5,14,5,8,3,6,3,1,3,0.0967741935483871
9,1,collect_one_size9_comp0.2_grid1_base_medium,9,0.2,medium,base,base,collect_one,6,5,11,11,4,7,10,1,1,1,1,1,1,2,1,1,7,22,1,32,0.3125,0.59375,0.75,0.5416666666666666,0.0,6,10,7,7,12,6,7,3,11,3,2,2,0.0625
0,2,collect_one_size9_comp0.2_grid2_base_medium,9,0.2,medium,base,base,collect_one,6,3,5,5,8,3,6,1,1,1,1,1,1,2,1,1,17,4,1,26,0.23076923076923078,0.5769230769230769,0.8,0.5238095238095238,0.0,7,4,7,7,8,5,7,3,11,3,5,1,0.038461538461538464
1,2,collect_one_size9_comp0.2_grid2_base_medium,9,0.2,medium,base,base,collect_one,6,3,5,5,8,3,6,1,1,1,1,1,1,2,1,1,11,3,1,21,0.2857142857142857,0.5714285714285714,0.75,0.5294117647058824,0.0,8,3,5,5,9,5,5,1,8,1,1,3,0.14285714285714285
3,2,collect_one_size9_comp0.2_grid2_base_medium,9,0.2,medium,base,base,collect_one,6,3,5,5,8,3,6,1,1,1,1,1,1,2,1,1,13,2,1,22,0.2727272727272727,0.6363636363636364,1.0,0.5789473684210527,0.0,6,3,6,7,9,5,4,3,9,3,1,0,0.0
4,2,collect_one_size9_comp0.2_grid2_base_medium,9,0.2,medium,base,base,collect_one,6,3,5,5,8,3,6,1,1,1,1,1,1,2,1,1,9,2,1,19,0.3157894736842105,0.631578947368421,1.0,0.5625,0.0,5,3,5,6,4,4,7,3,5,3,1,1,0.05263157894736842
5,2,collect_one_size9_comp0.2_grid2_base_medium,9,0.2,medium,base,base,collect_one,6,3,5,5,8,3,6,1,1,1,1,1,1,2,1,1,7,2,1,20,0.3,0.65,1.0,0.5882352941176471,0.0,7,4,4,5,8,3,4,4,5,4,1,0,0.0
6,2,collect_one_size9_comp0.2_grid2_base_medium,9,0.2,medium,base,base,collect_one,6,3,5,5,8,3,6,1,1,1,1,1,1,2,1,1,9,4,1,23,0.2608695652173913,0.6086956521739131,0.8,0.5555555555555556,0.0,8,5,4,6,7,3,8,4,7,4,0,1,0.043478260869565216
7,2,collect_one_size9_comp0.2_grid2_base_medium,9,0.2,medium,base,base,collect_one,6,3,5,5,8,3,6,1,1,1,1,1,1,2,1,1,13,2,1,28,0.21428571428571427,0.6071428571428571,1.0,0.56,0.0,9,6,6,7,14,6,3,4,13,4,0,0,0.0
8,2,collect_one_size9_comp0.2_grid2_base_medium,9,0.2,medium,base,base,collect_one,6,3,5,5,8,3,6,1,1,1,1,1,1,2,1,1,7,2,1,18,0.3333333333333333,0.6666666666666666,1.0,0.6,0.0,6,3,4,5,9,3,2,3,3,3,3,0,0.0
9,2,collect_one_size9_comp0.2_grid2_base_medium,9,0.2,medium,base,base,collect_one,6,3,5,5,8,3,6,1,1,1,1,1,1,2,1,1,10,3,1,24,0.25,0.5833333333333334,0.75,0.55,0.0,6,3,8,7,7,5,7,4,10,3,4,2,0.08333333333333333
0,3,collect_one_size9_comp0.2_grid3_base_medium,9,0.2,medium,base,base,collect_one,7,8,3,3,3,6,10,1,1,1,1,1,1,2,1,1,13,16,1,26,0.38461538461538464,0.6538461538461539,0.7142857142857143,0.5833333333333334,0.0,4,10,7,4,7,7,7,2,8,2,1,1,0.038461538461538464
1,3,collect_one_size9_comp0.2_grid3_base_medium,9,0.2,medium,base,base,collect_one,7,8,3,3,3,6,10,1,1,1,1,1,1,2,1,1,10,14,1,21,0.47619047619047616,0.7142857142857143,0.8181818181818182,0.6,0.0,2,9,7,3,6,9,3,2,6,2,2,1,0.047619047619047616
2,3,collect_one_size9_comp0.2_grid3_base_medium,9,0.2,medium,base,base,collect_one,7,8,3,3,3,6,10,1,1,1,1,1,1,2,1,1,8,11,1,19,0.5263157894736842,0.7368421052631579,0.8888888888888888,0.6,0.0,1,8,7,3,5,8,3,2,5,2,2,1,0.05263157894736842
3,3,collect_one_size9_comp0.2_grid3_base_medium,9,0.2,medium,base,base,collect_one,7,8,3,3,3,6,10,1,1,1,1,1,1,2,1,1,6,9,1,19,0.5263157894736842,0.7368421052631579,1.0,0.5833333333333334,0.0,1,7,7,3,3,7,4,2,5,2,1,0,0.0
4,3,collect_one_size9_comp0.2_grid3_base_medium,9,0.2,medium,base,base,collect_one,7,8,3,3,3,6,10,1,1,1,1,1,1,2,1,1,12,15,1,24,0.4166666666666667,0.7083333333333334,0.7692307692307693,0.6363636363636364,0.0,4,10,7,3,5,8,6,4,7,4,0,0,0.0
5,3,collect_one_size9_comp0.2_grid3_base_medium,9,0.2,medium,base,base,collect_one,7,8,3,3,3,6,10,1,1,1,1,1,1,2,1,1,6,9,1,21,0.47619047619047616,0.7142857142857143,1.0,0.5714285714285714,0.0,3,9,6,2,6,7,3,2,5,2,0,0,0.0
6,3,collect_one_size9_comp0.2_grid3_base_medium,9,0.2,medium,base,base,collect_one,7,8,3,3,3,6,10,1,1,1,1,1,1,2,1,1,10,13,1,23,0.43478260869565216,0.6956521739130435,0.8181818181818182,0.5833333333333334,0.0,2,8,8,4,5,7,3,5,9,5,3,0,0.0
7,3,collect_one_size9_comp0.2_grid3_base_medium,9,0.2,medium,base,base,collect_one,7,8,3,3,3,6,10,1,1,1,1,1,1,2,1,1,9,14,1,21,0.47619047619047616,0.7142857142857143,0.8,0.6363636363636364,0.0,2,8,7,4,4,9,5,2,6,2,3,1,0.047619047619047616
8,3,collect_one_size9_comp0.2_grid3_base_medium,9,0.2,medium,base,base,collect_one,7,8,3,3,3,6,10,1,1,1,1,1,1,2,1,1,8,11,1,22,0.45454545454545453,0.7272727272727273,0.8888888888888888,0.6153846153846154,0.0,2,8,8,4,6,8,3,4,5,4,1,0,0.0
9,3,collect_one_size9_comp0.2_grid3_base_medium,9,0.2,medium,base,base,collect_one,7,8,3,3,3,6,10,1,1,1,1,1,1,2,1,1,18,22,1,33,0.30303030303030304,0.6363636363636364,0.6842105263157895,0.5714285714285714,0.0,7,13,8,4,8,5,6,11,19,11,6,0,0.0
0,4,collect_one_size9_comp0.2_grid4_base_medium,9,0.2,medium,base,base,collect_one,5,7,10,10,7,3,10,1,1,1,1,1,1,0,0,0,-1,-1,0,10,0.0,0.4,0.4,0.0,0.0,1,5,1,3,4,2,0,3,3,3,0,0,0.0
1,4,collect_one_size9_comp0.2_grid4_base_medium,9,0.2,medium,base,base,collect_one,5,7,10,10,7,3,10,1,1,1,1,1,1,2,1,1,4,14,1,18,0.5555555555555556,0.8333333333333334,1.0,0.7692307692307693,0.0,2,6,4,6,11,1,5,0,0,0,0,0,0.0
2,4,collect_one_size9_comp0.2_grid4_base_medium,9,0.2,medium,base,base,collect_one,5,7,10,10,7,3,10,1,1,1,1,1,1,2,1,1,24,10,1,36,0.2777777777777778,0.5833333333333334,0.8181818181818182,0.48,0.0,10,13,4,7,16,3,4,8,17,8,2,2,0.05555555555555555
3,4,collect_one_size9_comp0.2_grid4_base_medium,9,0.2,medium,base,base,collect_one,5,7,10,10,7,3,10,1,1,1,1,1,1,2,1,1,16,6,1,24,0.4166666666666667,0.7083333333333334,1.0,0.5882352941176471,0.0,6,10,3,5,11,6,5,1,3,1,1,0,0.0
4,4,collect_one_size9_comp0.2_grid4_base_medium,9,0.2,medium,base,base,collect_one,5,7,10,10,7,3,10,1,1,1,1,1,1,2,1,1,7,19,1,23,0.43478260869565216,0.6956521739130435,0.75,0.6666666666666666,0.0,4,7,4,8,10,3,7,2,4,1,1,3,0.13043478260869565
5,4,collect_one_size9_comp0.2_grid4_base_medium,9,0.2,medium,base,base,collect_one,5,7,10,10,7,3,10,1,1,1,1,1,1,2,1,1,4,21,1,25,0.4,0.72,1.0,0.65,0.0,3,7,6,9,12,2,6,4,8,4,2,1,0.04
6,4,collect_one_size9_comp0.2_grid4_base_medium,9,0.2,medium,base,base,collect_one,5,7,10,10,7,3,10,1,1,1,1,1,1,2,1,1,4,15,1,19,0.5263157894736842,0.7894736842105263,1.0,0.7142857142857143,0.0,2,6,4,7,8,3,7,0,1,0,0,1,0.05263157894736842
7,4,collect_one_size9_comp0.2_grid4_base_medium,9,0.2,medium,base,base,collect_one,5,7,10,10,7,3,10,1,1,1,1,1,1,2,1,1,4,16,1,20,0.5,0.8,1.0,0.7333333333333333,0.0,3,7,4,6,11,2,6,0,0,0,0,0,0.0
8,4,collect_one_size9_comp0.2_grid4_base_medium,9,0.2,medium,base,base,collect_one,5,7,10,10,7,3,10,1,1,1,1,1,1,2,1,1,8,23,1,30,0.3333333333333333,0.6666666666666666,0.7777777777777778,0.6190476190476191,0.0,7,11,4,6,10,3,7,5,9,5,3,0,0.0
9,4,collect_one_size9_comp0.2_grid4_base_medium,9,0.2,medium,base,base,collect_one,5,7,10,10,7,3,10,1,1,1,1,1,1,2,1,1,4,18,1,25,0.4,0.72,1.0,0.65,0.0,4,8,5,7,11,0,7,4,5,4,0,0,0.0
0,5,collect_one_size9_comp0.2_grid5_base_medium,9,0.2,medium,base,base,collect_one,5,5,4,4,3,7,8,1,1,1,1,1,1,2,1,1,8,4,1,12,0.6666666666666666,1.0,1.0,1.0,0.0,5,1,2,4,5,4,2,0,0,0,0,0,0.0
1,5,collect_one_size9_comp0.2_grid5_base_medium,9,0.2,medium,base,base,collect_one,5,5,4,4,3,7,8,1,1,1,1,1,1,2,1,1,4,9,1,17,0.47058823529411764,0.7058823529411765,1.0,0.5833333333333334,0.0,7,3,2,5,7,3,6,0,2,0,0,1,0.058823529411764705
2,5,collect_one_size9_comp0.2_grid5_base_medium,9,0.2,medium,base,base,collect_one,5,5,4,4,3,7,8,1,1,1,1,1,1,2,1,1,4,8,1,18,0.4444444444444444,0.6666666666666666,1.0,0.5384615384615384,0.0,9,3,2,4,7,4,5,1,7,1,5,2,0.1111111111111111
3,5,collect_one_size9_comp0.2_grid5_base_medium,9,0.2,medium,base,base,collect_one,5,5,4,4,3,7,8,1,1,1,1,1,1,2,1,1,8,14,1,22,0.36363636363636365,0.6363636363636364,0.7777777777777778,0.5384615384615384,0.0,9,5,2,6,11,4,3,3,7,3,1,2,0.09090909090909091
4,5,collect_one_size9_comp0.2_grid5_base_medium,9,0.2,medium,base,base,collect_one,5,5,4,4,3,7,8,1,1,1,1,1,1,2,1,1,10,6,1,15,0.5333333333333333,0.8666666666666667,0.8571428571428571,0.875,0.0,6,2,3,4,3,7,3,1,2,1,0,1,0.06666666666666667
5,5,collect_one_size9_comp0.2_grid5_base_medium,9,0.2,medium,base,base,collect_one,5,5,4,4,3,7,8,1,1,1,1,1,1,2,1,1,4,8,1,17,0.47058823529411764,0.7058823529411765,1.0,0.5833333333333334,0.0,8,3,2,4,11,2,2,1,4,1,1,1,0.058823529411764705
6,5,collect_one_size9_comp0.2_grid5_base_medium,9,0.2,medium,base,base,collect_one,5,5,4,4,3,7,8,1,1,1,1,1,1,2,1,1,10,14,1,22,0.36363636363636365,0.6818181818181818,0.7272727272727273,0.6363636363636364,0.0,9,5,3,5,10,4,4,3,6,3,1,0,0.0
7,5,collect_one_size9_comp0.2_grid5_base_medium,9,0.2,medium,base,base,collect_one,5,5,4,4,3,7,8,1,1,1,1,1,1,2,1,1,4,8,1,18,0.4444444444444444,0.7222222222222222,1.0,0.6153846153846154,0.0,8,4,2,4,8,5,1,3,3,3,1,0,0.0
8,5,collect_one_size9_comp0.2_grid5_base_medium,9,0.2,medium,base,base,collect_one,5,5,4,4,3,7,8,1,1,1,1,1,1,2,1,1,4,10,1,19,0.42105263157894735,0.6842105263157895,1.0,0.5714285714285714,0.0,8,3,3,5,8,5,3,2,3,2,2,1,0.05263157894736842
9,5,collect_one_size9_comp0.2_grid5_base_medium,9,0.2,medium,base,base,collect_one,5,5,4,4,3,7,8,1,1,1,1,1,1,2,1,1,4,8,1,16,0.5,0.75,1.0,0.6363636363636364,0.0,7,3,2,4,8,3,3,1,3,1,1,0,0.0
0,6,collect_one_size9_comp0.2_grid6_base_medium,9,0.2,medium,base,base,collect_one,6,5,7,7,5,4,9,1,1,1,1,1,1,2,1,1,15,8,1,23,0.391304347826087,0.6956521739130435,0.7777777777777778,0.6428571428571429,0.0,10,5,6,2,7,8,3,4,7,4,2,0,0.0
1,6,collect_one_size9_comp0.2_grid6_base_medium,9,0.2,medium,base,base,collect_one,6,5,7,7,5,4,9,1,1,1,1,1,1,2,1,1,19,8,1,28,0.32142857142857145,0.6071428571428571,0.7777777777777778,0.5263157894736842,0.0,11,7,8,2,9,7,6,5,9,4,4,3,0.10714285714285714
2,6,collect_one_size9_comp0.2_grid6_base_medium,9,0.2,medium,base,base,collect_one,6,5,7,7,5,4,9,1,1,1,1,1,1,2,1,1,15,6,1,21,0.42857142857142855,0.7142857142857143,0.8571428571428571,0.6428571428571429,0.0,9,4,6,2,8,3,6,3,3,3,0,0,0.0
3,6,collect_one_size9_comp0.2_grid6_base_medium,9,0.2,medium,base,base,collect_one,6,5,7,7,5,4,9,1,1,1,1,1,1,2,1,1,16,4,1,24,0.375,0.6666666666666666,1.0,0.5789473684210527,0.0,9,4,8,3,8,4,5,6,7,5,3,1,0.041666666666666664
4,6,collect_one_size9_comp0.2_grid6_base_medium,9,0.2,medium,base,base,collect_one,6,5,7,7,5,4,9,1,1,1,1,1,1,2,1,1,18,4,1,27,0.3333333333333333,0.6296296296296297,1.0,0.5454545454545454,0.0,10,6,7,3,8,7,8,1,10,1,2,1,0.037037037037037035
5,6,collect_one_size9_comp0.2_grid6_base_medium,9,0.2,medium,base,base,collect_one,6,5,7,7,5,4,9,1,1,1,1,1,1,2,1,1,28,4,1,34,0.2647058823529412,0.5588235294117647,1.0,0.4827586206896552,0.0,11,8,9,4,12,7,8,3,18,2,8,3,0.08823529411764706
6,6,collect_one_size9_comp0.2_grid6_base_medium,9,0.2,medium,base,base,collect_one,6,5,7,7,5,4,9,1,1,1,1,1,1,2,1,1,18,7,1,26,0.34615384615384615,0.6538461538461539,0.75,0.6111111111111112,0.0,10,5,8,3,5,6,9,5,8,5,1,1,0.038461538461538464
7,6,collect_one_size9_comp0.2_grid6_base_medium,9,0.2,medium,base,base,collect_one,6,5,7,7,5,4,9,1,1,1,1,1,1,2,1,1,5,18,1,27,0.3333333333333333,0.6296296296296297,1.0,0.5238095238095238,0.0,10,5,7,3,6,6,4,6,11,6,2,2,0.07407407407407407
8,6,collect_one_size9_comp0.2_grid6_base_medium,9,0.2,medium,base,base,collect_one,6,5,7,7,5,4,9,1,1,1,1,1,1,2,1,1,8,30,1,35,0.2571428571428571,0.6285714285714286,0.7777777777777778,0.5769230769230769,0.0,11,5,11,7,13,5,7,7,20,7,2,1,0.02857142857142857
9,6,collect_one_size9_comp0.2_grid6_base_medium,9,0.2,medium,base,base,collect_one,6,5,7,7,5,4,9,1,1,1,1,1,1,2,1,1,6,32,1,43,0.20930232558139536,0.5581395348837209,0.8571428571428571,0.5,0.0,15,9,10,7,11,9,7,11,27,11,7,4,0.09302325581395349
0,7,collect_one_size9_comp0.2_grid7_base_medium,9,0.2,medium,base,base,collect_one,7,4,7,7,4,3,7,1,1,1,1,1,1,1,1,0,13,-1,1,28,0.25,0.6428571428571429,0.7142857142857143,0.5714285714285714,0.0,5,7,5,10,8,6,4,7,17,7,4,2,0.07142857142857142
1,7,collect_one_size9_comp0.2_grid7_base_medium,9,0.2,medium,base,base,collect_one,7,4,7,7,4,3,7,1,1,1,1,1,1,2,1,1,15,3,1,25,0.28,0.6,1.0,0.5238095238095238,0.0,5,7,4,7,6,4,6,4,9,4,4,0,0.0
2,7,collect_one_size9_comp0.2_grid7_base_medium,9,0.2,medium,base,base,collect_one,7,4,7,7,4,3,7,1,1,1,1,1,1,2,1,1,10,3,1,15,0.4666666666666667,0.7333333333333333,1.0,0.6363636363636364,0.0,2,4,3,6,9,3,1,1,3,1,1,0,0.0
3,7,collect_one_size9_comp0.2_grid7_base_medium,9,0.2,medium,base,base,collect_one,7,4,7,7,4,3,7,1,1,1,1,1,1,2,1,1,23,9,1,32,0.21875,0.53125,0.7,0.45454545454545453,0.0,6,10,5,8,9,3,8,5,18,5,6,2,0.0625
4,7,collect_one_size9_comp0.2_grid7_base_medium,9,0.2,medium,base,base,collect_one,7,4,7,7,4,3,7,1,1,1,1,1,1,2,1,1,8,16,1,21,0.3333333333333333,0.7142857142857143,0.8888888888888888,0.5833333333333334,0.0,3,4,5,8,8,3,5,2,10,2,3,1,0.047619047619047616
5,7,collect_one_size9_comp0.2_grid7_base_medium,9,0.2,medium,base,base,collect_one,7,4,7,7,4,3,7,1,1,1,1,1,1,2,1,1,22,13,1,27,0.25925925925925924,0.5925925925925926,0.5714285714285714,0.6153846153846154,0.0,4,6,7,9,9,3,5,7,14,7,2,1,0.037037037037037035
6,7,collect_one_size9_comp0.2_grid7_base_medium,9,0.2,medium,base,base,collect_one,7,4,7,7,4,3,7,1,1,1,1,1,1,1,0,1,-1,5,1,9,0.7777777777777778,0.8888888888888888,0.8333333333333334,1.0,0.0,2,4,0,3,3,2,1,2,2,2,0,0,0.0
7,7,collect_one_size9_comp0.2_grid7_base_medium,9,0.2,medium,base,base,collect_one,7,4,7,7,4,3,7,1,1,1,1,1,1,2,1,1,8,29,1,33,0.21212121212121213,0.6363636363636364,0.8888888888888888,0.5416666666666666,0.0,7,9,6,10,9,5,7,9,15,9,3,1,0.030303030303030304
8,7,collect_one_size9_comp0.2_grid7_base_medium,9,0.2,medium,base,base,collect_one,7,4,7,7,4,3,7,1,1,1,1,1,1,1,0,1,-1,4,1,10,0.7,0.8,0.8,0.8,0.0,2,5,0,3,5,2,2,0,1,0,0,1,0.1
9,7,collect_one_size9_comp0.2_grid7_base_medium,9,0.2,medium,base,base,collect_one,7,4,7,7,4,3,7,1,1,1,1,1,1,2,1,1,15,5,1,21,0.3333333333333333,0.5714285714285714,0.6666666666666666,0.5333333333333333,0.0,2,6,4,8,8,3,6,1,6,1,2,3,0.14285714285714285
0,8,collect_one_size9_comp0.2_grid8_base_medium,9,0.2,medium,base,base,collect_one,3,9,6,6,3,5,6,1,1,1,1,1,1,2,1,1,2,8,1,14,0.42857142857142855,0.7142857142857143,1.0,0.6363636363636364,0.0,6,2,3,3,6,3,4,0,1,0,0,0,0.0
1,8,collect_one_size9_comp0.2_grid8_base_medium,9,0.2,medium,base,base,collect_one,3,9,6,6,3,5,6,1,1,1,1,1,1,2,1,1,2,8,1,14,0.42857142857142855,0.7142857142857143,1.0,0.6363636363636364,0.0,6,2,3,3,5,3,5,0,0,0,0,0,0.0
2,8,collect_one_size9_comp0.2_grid8_base_medium,9,0.2,medium,base,base,collect_one,3,9,6,6,3,5,6,1,1,1,1,1,1,2,1,1,2,8,1,16,0.375,0.6875,1.0,0.6153846153846154,0.0,6,2,4,4,8,2,4,1,2,1,1,0,0.0
3,8,collect_one_size9_comp0.2_grid8_base_medium,9,0.2,medium,base,base,collect_one,3,9,6,6,3,5,6,1,1,1,1,1,1,2,1,1,2,8,1,14,0.42857142857142855,0.7142857142857143,1.0,0.6363636363636364,0.0,6,2,3,3,7,2,3,1,3,1,1,0,0.0
4,8,collect_one_size9_comp0.2_grid8_base_medium,9,0.2,medium,base,base,collect_one,3,9,6,6,3,5,6,1,1,1,1,1,1,2,1,1,2,8,1,14,0.42857142857142855,0.7142857142857143,1.0,0.6363636363636364,0.0,6,2,3,3,6,3,4,0,1,0,0,0,0.0
5,8,collect_one_size9_comp0.2_grid8_base_medium,9,0.2,medium,base,base,collect_one,3,9,6,6,3,5,6,1,1,1,1,1,1,2,1,1,4,11,1,19,0.3157894736842105,0.631578947368421,0.8,0.5714285714285714,0.0,7,2,5,5,7,6,3,2,4,2,0,1,0.05263157894736842
6,8,collect_one_size9_comp0.2_grid8_base_medium,9,0.2,medium,base,base,collect_one,3,9,6,6,3,5,6,1,1,1,1,1,1,2,1,1,2,11,1,22,0.2727272727272727,0.5909090909090909,1.0,0.5263157894736842,0.0,7,2,7,6,6,5,8,2,4,2,1,2,0.09090909090909091
7,8,collect_one_size9_comp0.2_grid8_base_medium,9,0.2,medium,base,base,collect_one,3,9,6,6,3,5,6,1,1,1,1,1,1,2,1,1,2,8,1,14,0.42857142857142855,0.7142857142857143,1.0,0.6363636363636364,0.0,6,2,3,3,8,2,2,1,4,1,1,0,0.0
8,8,collect_one_size9_comp0.2_grid8_base_medium,9,0.2,medium,base,base,collect_one,3,9,6,6,3,5,6,1,1,1,1,1,1,2,1,1,2,10,1,16,0.375,0.6875,1.0,0.6153846153846154,0.0,6,2,4,4,7,3,5,0,0,0,0,0,0.0
9,8,collect_one_size9_comp0.2_grid8_base_medium,9,0.2,medium,base,base,collect_one,3,9,6,6,3,5,6,1,1,1,1,1,1,2,1,1,2,8,1,14,0.42857142857142855,0.7142857142857143,1.0,0.6363636363636364,0.0,6,2,3,3,8,1,4,0,0,0,0,0,0.0
0,9,collect_one_size9_comp0.2_grid9_base_medium,9,0.2,medium,base,base,collect_one,6,3,3,3,3,4,7,1,1,1,1,1,1,2,1,1,5,2,1,9,0.7777777777777778,0.8888888888888888,1.0,0.8333333333333334,0.0,6,0,2,1,4,1,3,0,0,0,0,0,0.0
1,9,collect_one_size9_comp0.2_grid9_base_medium,9,0.2,medium,base,base,collect_one,6,3,3,3,3,4,7,1,1,1,1,1,1,2,1,1,7,2,1,11,0.6363636363636364,0.8181818181818182,1.0,0.75,0.0,7,1,2,1,4,1,4,1,2,1,0,0,0.0
2,9,collect_one_size9_comp0.2_grid9_base_medium,9,0.2,medium,base,base,collect_one,6,3,3,3,3,4,7,1,1,1,1,1,1,2,1,1,5,2,1,9,0.7777777777777778,0.8888888888888888,1.0,0.8333333333333334,0.0,6,0,2,1,3,2,3,0,0,0,0,0,0.0
3,9,collect_one_size9_comp0.2_grid9_base_medium,9,0.2,medium,base,base,collect_one,6,3,3,3,3,4,7,1,1,1,1,1,1,2,1,1,9,6,1,13,0.5384615384615384,0.7692307692307693,0.7142857142857143,0.8333333333333334,0.0,7,1,3,2,2,3,5,2,2,2,0,0,0.0
4,9,collect_one_size9_comp0.2_grid9_base_medium,9,0.2,medium,base,base,collect_one,6,3,3,3,3,4,7,1,1,1,1,1,1,2,1,1,7,4,1,11,0.6363636363636364,0.8181818181818182,0.8,0.8333333333333334,0.0,6,0,3,2,3,3,3,1,1,1,0,0,0.0
5,9,collect_one_size9_comp0.2_grid9_base_medium,9,0.2,medium,base,base,collect_one,6,3,3,3,3,4,7,1,1,1,1,1,1,2,1,1,5,2,1,11,0.6363636363636364,0.8181818181818182,1.0,0.75,0.0,7,1,2,1,4,1,3,2,2,2,0,0,0.0
6,9,collect_one_size9_comp0.2_grid9_base_medium,9,0.2,medium,base,base,collect_one,6,3,3,3,3,4,7,1,1,1,1,1,1,2,1,1,11,8,1,15,0.4666666666666667,0.6666666666666666,0.5555555555555556,0.8333333333333334,0.0,8,0,4,3,4,4,3,3,5,3,0,2,0.13333333333333333
7,9,collect_one_size9_comp0.2_grid9_base_medium,9,0.2,medium,base,base,collect_one,6,3,3,3,3,4,7,1,1,1,1,1,1,2,1,1,6,3,1,10,0.7,0.8,0.75,0.8333333333333334,0.0,6,0,3,1,5,1,3,0,1,0,0,1,0.1
8,9,collect_one_size9_comp0.2_grid9_base_medium,9,0.2,medium,base,base,collect_one,6,3,3,3,3,4,7,1,1,1,1,1,1,2,1,1,6,3,1,10,0.7,0.8,0.75,0.8333333333333334,0.0,7,0,2,1,4,2,3,0,1,0,0,1,0.1
9,9,collect_one_size9_comp0.2_grid9_base_medium,9,0.2,medium,base,base,collect_one,6,3,3,3,3,4,7,1,1,1,1,1,1,2,1,1,5,2,1,9,0.7777777777777778,0.8888888888888888,1.0,0.8333333333333334,0.0,6,0,2,1,4,1,3,0,0,0,0,0,0.0
1,0,collect_one_size9_comp0.4_grid0_base_medium,9,0.4,medium,base,base,collect_one,9,8,5,5,4,9,13,1,1,1,1,1,1,2,1,1,21,15,1,26,0.5,0.7307692307692307,0.625,0.9,0.0,6,8,7,4,9,8,3,3,8,3,0,4,0.15384615384615385
2,0,collect_one_size9_comp0.4_grid0_base_medium,9,0.4,medium,base,base,collect_one,9,8,5,5,4,9,13,1,1,1,1,1,1,2,1,1,9,17,1,32,0.40625,0.65625,0.9,0.5454545454545454,0.0,6,10,9,6,16,6,6,1,11,1,3,2,0.0625
4,0,collect_one_size9_comp0.4_grid0_base_medium,9,0.4,medium,base,base,collect_one,9,8,5,5,4,9,13,1,1,1,1,1,1,2,1,1,19,13,1,24,0.5416666666666666,0.8333333333333334,0.7857142857142857,0.9,0.0,5,9,6,3,12,4,3,2,4,2,0,0,0.0
5,0,collect_one_size9_comp0.4_grid0_base_medium,9,0.4,medium,base,base,collect_one,9,8,5,5,4,9,13,1,1,1,1,1,1,2,1,1,17,23,1,35,0.37142857142857144,0.6285714285714286,0.6666666666666666,0.5882352941176471,0.0,9,12,9,5,18,7,6,3,11,3,1,4,0.11428571428571428
6,0,collect_one_size9_comp0.4_grid0_base_medium,9,0.4,medium,base,base,collect_one,9,8,5,5,4,9,13,1,1,1,1,1,1,2,1,1,16,11,1,24,0.5416666666666666,0.8333333333333334,0.8333333333333334,0.8333333333333334,0.0,4,8,8,4,12,7,0,4,6,4,3,1,0.041666666666666664
8,0,collect_one_size9_comp0.4_grid0_base_medium,9,0.4,medium,base,base,collect_one,9,8,5,5,4,9,13,1,1,1,1,1,1,2,1,1,31,24,1,38,0.34210526315789475,0.6578947368421053,0.6,0.7692307692307693,0.0,10,14,9,5,14,6,5,12,18,12,3,5,0.13157894736842105
9,0,collect_one_size9_comp0.4_grid0_base_medium,9,0.4,medium,base,base,collect_one,9,8,5,5,4,9,13,1,1,1,1,1,1,2,1,1,15,10,1,20,0.65,0.85,0.7272727272727273,1.0,0.0,4,6,7,3,15,3,1,0,3,0,0,3,0.15
0,1,collect_one_size9_comp0.4_grid1_base_medium,9,0.4,medium,base,base,collect_one,9,5,8,8,3,9,12,1,1,1,1,1,1,2,1,1,15,7,1,20,0.6,0.75,0.625,0.8333333333333334,0.0,2,7,5,6,8,3,5,3,5,1,1,4,0.2
1,1,collect_one_size9_comp0.4_grid1_base_medium,9,0.4,medium,base,base,collect_one,9,5,8,8,3,9,12,1,1,1,1,1,1,2,1,1,14,24,1,36,0.3333333333333333,0.5833333333333334,0.7333333333333333,0.47619047619047616,0.0,8,13,5,8,12,7,7,5,11,5,1,4,0.1111111111111111
2,1,collect_one_size9_comp0.4_grid1_base_medium,9,0.4,medium,base,base,collect_one,9,5,8,8,3,9,12,1,1,1,1,1,1,2,1,1,10,23,1,33,0.36363636363636365,0.6060606060606061,0.8181818181818182,0.5,0.0,7,12,6,7,9,10,9,2,15,1,2,4,0.12121212121212122
4,1,collect_one_size9_comp0.4_grid1_base_medium,9,0.4,medium,base,base,collect_one,9,5,8,8,3,9,12,1,1,1,1,1,1,2,1,1,17,7,1,25,0.48,0.72,0.625,0.7647058823529411,0.0,5,7,7,6,11,4,5,4,10,4,5,3,0.12
5,1,collect_one_size9_comp0.4_grid1_base_medium,9,0.4,medium,base,base,collect_one,9,5,8,8,3,9,12,1,1,1,1,1,1,2,1,1,17,9,1,24,0.5,0.7083333333333334,0.6,0.7857142857142857,0.0,4,9,5,4,7,3,4,5,8,3,3,2,0.08333333333333333
6,1,collect_one_size9_comp0.4_grid1_base_medium,9,0.4,medium,base,base,collect_one,9,5,8,8,3,9,12,1,1,1,1,1,1,2,1,1,18,8,1,22,0.5454545454545454,0.7727272727272727,0.6666666666666666,0.8461538461538461,0.0,5,8,5,4,9,4,3,5,6,4,1,2,0.09090909090909091
9,1,collect_one_size9_comp0.4_grid1_base_medium,9,0.4,medium,base,base,collect_one,9,5,8,8,3,9,12,1,1,1,1,1,1,2,1,1,9,17,1,31,0.3870967741935484,0.6451612903225806,0.9,0.5238095238095238,0.0,6,11,7,5,9,9,7,2,11,2,2,1,0.03225806451612903
0,2,collect_one_size9_comp0.4_grid2_base_medium,9,0.4,medium,base,base,collect_one,6,3,7,7,3,6,9,1,1,1,1,1,1,2,1,1,13,2,1,18,0.5,0.7222222222222222,1.0,0.6666666666666666,0.0,2,8,2,6,8,1,3,5,7,5,1,1,0.05555555555555555
1,2,collect_one_size9_comp0.4_grid2_base_medium,9,0.4,medium,base,base,collect_one,6,3,7,7,3,6,9,1,1,1,1,1,1,2,1,1,5,14,1,21,0.42857142857142855,0.7142857142857143,1.0,0.6,0.0,5,10,1,5,13,3,1,3,6,3,3,0,0.0
2,2,collect_one_size9_comp0.4_grid2_base_medium,9,0.4,medium,base,base,collect_one,6,3,7,7,3,6,9,1,1,1,1,1,1,2,1,1,28,4,1,33,0.2727272727272727,0.5757575757575758,0.8,0.5357142857142857,0.0,4,10,6,10,7,8,7,6,16,6,0,1,0.030303030303030304
3,2,collect_one_size9_comp0.4_grid2_base_medium,9,0.4,medium,base,base,collect_one,6,3,7,7,3,6,9,1,1,1,1,1,1,2,1,1,9,2,1,13,0.6923076923076923,0.8461538461538461,1.0,0.8,0.0,0,5,2,6,9,0,2,1,2,1,1,0,0.0
4,2,collect_one_size9_comp0.4_grid2_base_medium,9,0.4,medium,base,base,collect_one,6,3,7,7,3,6,9,1,1,1,1,1,1,2,1,1,11,2,1,15,0.6,0.8,1.0,0.75,0.0,1,6,2,6,9,0,2,3,4,3,1,0,0.0
6,2,collect_one_size9_comp0.4_grid2_base_medium,9,0.4,medium,base,base,collect_one,6,3,7,7,3,6,9,1,1,1,1,1,1,2,1,1,12,2,1,17,0.5294117647058824,0.7058823529411765,1.0,0.6428571428571429,0.0,1,5,3,7,6,3,3,2,5,2,2,1,0.058823529411764705
7,2,collect_one_size9_comp0.4_grid2_base_medium,9,0.4,medium,base,base,collect_one,6,3,7,7,3,6,9,1,1,1,1,1,1,2,1,1,17,2,1,23,0.391304347826087,0.6086956521739131,1.0,0.55,0.0,1,7,4,8,6,3,4,3,7,3,1,1,0.043478260869565216
8,2,collect_one_size9_comp0.4_grid2_base_medium,9,0.4,medium,base,base,collect_one,6,3,7,7,3,6,9,1,1,1,1,1,1,2,1,1,15,2,1,20,0.45,0.65,1.0,0.5882352941176471,0.0,3,6,3,8,9,2,6,2,7,2,2,3,0.15
0,3,collect_one_size9_comp0.4_grid3_base_medium,9,0.4,medium,base,base,collect_one,8,8,4,4,5,7,13,1,1,1,1,1,1,2,1,1,10,14,1,25,0.52,0.72,0.8181818181818182,0.6428571428571429,0.0,7,5,6,6,9,5,6,2,10,2,4,1,0.04
1,3,collect_one_size9_comp0.4_grid3_base_medium,9,0.4,medium,base,base,collect_one,8,8,4,4,5,7,13,1,1,1,1,1,1,2,1,1,9,13,1,26,0.5,0.6923076923076923,0.9,0.5625,0.0,8,5,5,6,9,5,4,3,8,3,3,1,0.038461538461538464
2,3,collect_one_size9_comp0.4_grid3_base_medium,9,0.4,medium,base,base,collect_one,8,8,4,4,5,7,13,1,1,1,1,1,1,2,1,1,10,14,1,25,0.52,0.72,0.8181818181818182,0.6428571428571429,0.0,6,4,7,8,7,6,8,3,10,3,2,2,0.08
3,3,collect_one_size9_comp0.4_grid3_base_medium,9,0.4,medium,base,base,collect_one,8,8,4,4,5,7,13,1,1,1,1,1,1,2,1,1,7,17,1,25,0.52,0.72,1.0,0.5882352941176471,0.0,6,3,7,8,11,4,4,3,10,3,2,1,0.04
4,3,collect_one_size9_comp0.4_grid3_base_medium,9,0.4,medium,base,base,collect_one,8,8,4,4,5,7,13,1,1,1,1,1,1,0,0,0,-1,-1,0,14,0.0,0.5714285714285714,0.5714285714285714,0.0,0.0,5,3,2,3,3,0,3,5,7,5,0,0,0.0
5,3,collect_one_size9_comp0.4_grid3_base_medium,9,0.4,medium,base,base,collect_one,8,8,4,4,5,7,13,1,1,1,1,1,1,2,1,1,7,11,1,19,0.6842105263157895,0.8421052631578947,1.0,0.7272727272727273,0.0,5,3,5,6,7,5,5,1,5,1,1,0,0.0
6,3,collect_one_size9_comp0.4_grid3_base_medium,9,0.4,medium,base,base,collect_one,8,8,4,4,5,7,13,1,1,1,1,1,1,2,1,1,7,13,1,24,0.5416666666666666,0.75,1.0,0.625,0.0,7,5,5,6,7,4,6,4,10,4,1,0,0.0
7,3,collect_one_size9_comp0.4_grid3_base_medium,9,0.4,medium,base,base,collect_one,8,8,4,4,5,7,13,1,1,1,1,1,1,2,1,1,7,11,1,19,0.6842105263157895,0.8421052631578947,1.0,0.7272727272727273,0.0,5,3,5,6,11,3,3,1,2,1,1,0,0.0
0,4,collect_one_size9_comp0.4_grid4_base_medium,9,0.4,medium,base,base,collect_one,5,3,6,6,3,9,8,1,1,1,1,1,1,2,1,1,13,5,1,17,0.47058823529411764,0.8235294117647058,0.6666666666666666,0.9090909090909091,0.0,3,7,1,5,7,3,3,1,5,1,1,0,0.0
1,4,collect_one_size9_comp0.4_grid4_base_medium,9,0.4,medium,base,base,collect_one,5,3,6,6,3,9,8,1,1,1,1,1,1,2,1,1,11,5,1,18,0.4444444444444444,0.7777777777777778,0.6666666666666666,0.8333333333333334,0.0,3,7,1,5,9,1,1,2,8,2,1,0,0.0
2,4,collect_one_size9_comp0.4_grid4_base_medium,9,0.4,medium,base,base,collect_one,5,3,6,6,3,9,8,1,1,1,1,1,1,2,1,1,26,35,1,47,0.1702127659574468,0.5319148936170213,0.5185185185185185,0.55,0.0,14,18,6,9,18,7,9,12,31,12,3,5,0.10638297872340426
3,4,collect_one_size9_comp0.4_grid4_base_medium,9,0.4,medium,base,base,collect_one,5,3,6,6,3,9,8,1,1,1,1,1,1,2,1,1,6,15,1,27,0.2962962962962963,0.6296296296296297,0.8571428571428571,0.55,0.0,7,12,2,6,15,4,4,3,12,2,3,1,0.037037037037037035
4,4,collect_one_size9_comp0.4_grid4_base_medium,9,0.4,medium,base,base,collect_one,5,3,6,6,3,9,8,1,1,1,1,1,1,2,1,1,8,2,1,14,0.5714285714285714,0.8571428571428571,1.0,0.8181818181818182,0.0,2,8,0,4,8,3,1,1,4,1,2,2,0.14285714285714285
6,4,collect_one_size9_comp0.4_grid4_base_medium,9,0.4,medium,base,base,collect_one,5,3,6,6,3,9,8,1,1,1,1,1,1,2,1,1,4,15,1,26,0.3076923076923077,0.6153846153846154,1.0,0.5238095238095238,0.0,6,11,2,6,12,5,4,2,10,1,3,1,0.038461538461538464
7,4,collect_one_size9_comp0.4_grid4_base_medium,9,0.4,medium,base,base,collect_one,5,3,6,6,3,9,8,1,1,1,1,1,1,2,1,1,6,18,1,32,0.25,0.59375,0.8571428571428571,0.52,0.0,11,15,0,4,15,1,1,10,22,10,5,0,0.0
9,4,collect_one_size9_comp0.4_grid4_base_medium,9,0.4,medium,base,base,collect_one,5,3,6,6,3,9,8,1,1,1,1,1,1,2,1,1,4,16,1,33,0.24242424242424243,0.6060606060606061,1.0,0.5357142857142857,0.0,8,12,4,8,12,5,6,7,10,7,4,0,0.0
0,5,collect_one_size9_comp0.4_grid5_base_medium,9,0.4,medium,base,base,collect_one,3,3,6,6,9,3,6,1,1,1,1,1,1,2,1,1,12,2,1,27,0.2222222222222222,0.5185185185185185,1.0,0.4583333333333333,0.0,9,6,9,2,10,3,8,3,10,3,7,4,0.14814814814814814
1,5,collect_one_size9_comp0.4_grid5_base_medium,9,0.4,medium,base,base,collect_one,3,3,6,6,9,3,6,1,1,1,1,1,1,2,1,1,20,2,1,30,0.2,0.5333333333333333,1.0,0.48148148148148145,0.0,11,6,8,5,12,12,3,2,16,2,8,4,0.13333333333333333
2,5,collect_one_size9_comp0.4_grid5_base_medium,9,0.4,medium,base,base,collect_one,3,3,6,6,9,3,6,1,1,1,1,1,1,2,1,1,13,2,1,26,0.23076923076923078,0.5,1.0,0.43478260869565216,0.0,12,5,5,3,10,6,5,2,14,2,7,5,0.19230769230769232
4,5,collect_one_size9_comp0.4_grid5_base_medium,9,0.4,medium,base,base,collect_one,3,3,6,6,9,3,6,1,1,1,1,1,1,2,1,1,12,2,1,23,0.2608695652173913,0.6086956521739131,1.0,0.55,0.0,11,7,4,1,13,3,2,4,11,4,3,1,0.043478260869565216
5,5,collect_one_size9_comp0.4_grid5_base_medium,9,0.4,medium,base,base,collect_one,3,3,6,6,9,3,6,1,1,1,1,1,1,2,1,1,11,2,1,21,0.2857142857142857,0.5714285714285714,1.0,0.5,0.0,9,5,4,3,11,4,3,2,9,1,2,3,0.14285714285714285
6,5,collect_one_size9_comp0.4_grid5_base_medium,9,0.4,medium,base,base,collect_one,3,3,6,6,9,3,6,1,1,1,1,1,1,2,1,1,11,2,1,27,0.2222222222222222,0.48148148148148145,1.0,0.4166666666666667,0.0,10,6,7,1,11,3,4,3,15,3,2,4,0.14814814814814814
9,5,collect_one_size9_comp0.4_grid5_base_medium,9,0.4,medium,base,base,collect_one,3,3,6,6,9,3,6,1,1,1,1,1,1,2,1,1,17,2,1,29,0.20689655172413793,0.5517241379310345,1.0,0.5,0.0,10,8,6,5,12,6,5,5,12,5,2,3,0.10344827586206896
0,6,collect_one_size9_comp0.4_grid6_base_medium,9,0.4,medium,base,base,collect_one,4,6,6,6,3,3,7,1,1,1,1,1,1,2,1,1,5,17,1,21,0.3333333333333333,0.6190476190476191,0.8333333333333334,0.5333333333333333,0.0,7,4,5,5,7,9,2,2,6,2,3,2,0.09523809523809523
1,6,collect_one_size9_comp0.4_grid6_base_medium,9,0.4,medium,base,base,collect_one,4,6,6,6,3,3,7,1,1,1,1,1,1,2,1,1,5,11,1,17,0.4117647058823529,0.7058823529411765,0.8333333333333334,0.6363636363636364,0.0,5,3,5,4,6,6,2,2,2,2,0,0,0.0
3,6,collect_one_size9_comp0.4_grid6_base_medium,9,0.4,medium,base,base,collect_one,4,6,6,6,3,3,7,1,1,1,1,1,1,2,1,1,3,19,1,24,0.2916666666666667,0.5833333333333334,1.0,0.5,0.0,8,6,4,5,5,4,6,6,10,6,7,2,0.08333333333333333
4,6,collect_one_size9_comp0.4_grid6_base_medium,9,0.4,medium,base,base,collect_one,4,6,6,6,3,3,7,1,1,1,1,1,1,2,1,1,3,9,1,17,0.4117647058823529,0.7058823529411765,1.0,0.6153846153846154,0.0,5,3,5,4,4,6,5,1,2,1,0,0,0.0
5,6,collect_one_size9_comp0.4_grid6_base_medium,9,0.4,medium,base,base,collect_one,4,6,6,6,3,3,7,1,1,1,1,1,1,2,1,1,13,5,1,25,0.28,0.6,1.0,0.47368421052631576,0.0,6,5,7,5,5,6,7,2,10,2,2,2,0.08
6,6,collect_one_size9_comp0.4_grid6_base_medium,9,0.4,medium,base,base,collect_one,4,6,6,6,3,3,7,1,1,1,1,1,1,2,1,1,3,9,1,13,0.5384615384615384,0.7692307692307693,1.0,0.6666666666666666,0.0,4,2,4,3,7,4,1,0,0,0,0,0,0.0
8,6,collect_one_size9_comp0.4_grid6_base_medium,9,0.4,medium,base,base,collect_one,4,6,6,6,3,3,7,1,1,1,1,1,1,2,1,1,3,11,1,19,0.3684210526315789,0.6842105263157895,1.0,0.6,0.0,7,5,4,3,10,5,2,1,1,1,0,0,0.0
9,6,collect_one_size9_comp0.4_grid6_base_medium,9,0.4,medium,base,base,collect_one,4,6,6,6,3,3,7,1,1,1,1,1,1,2,1,1,10,17,1,23,0.30434782608695654,0.6086956521739131,0.6363636363636364,0.5833333333333334,0.0,6,5,7,5,3,12,3,4,9,4,2,2,0.08695652173913043
0,7,collect_one_size9_comp0.4_grid7_base_medium,9,0.4,medium,base,base,collect_one,3,4,5,5,6,5,9,1,1,1,1,1,1,2,1,1,2,9,1,15,0.6,0.8,1.0,0.75,0.0,5,3,4,3,7,1,4,2,3,2,1,0,0.0
1,7,collect_one_size9_comp0.4_grid7_base_medium,9,0.4,medium,base,base,collect_one,3,4,5,5,6,5,9,1,1,1,1,1,1,2,1,1,7,14,1,23,0.391304347826087,0.6521739130434783,0.625,0.6666666666666666,0.0,7,5,5,5,6,5,5,4,9,4,3,1,0.043478260869565216
3,7,collect_one_size9_comp0.4_grid7_base_medium,9,0.4,medium,base,base,collect_one,3,4,5,5,6,5,9,1,1,1,1,1,1,2,1,1,3,8,1,21,0.42857142857142855,0.6666666666666666,0.75,0.6470588235294118,0.0,6,3,6,6,10,1,8,1,4,1,1,2,0.09523809523809523
4,7,collect_one_size9_comp0.4_grid7_base_medium,9,0.4,medium,base,base,collect_one,3,4,5,5,6,5,9,1,1,1,1,1,1,2,1,1,2,9,1,17,0.5294117647058824,0.7647058823529411,1.0,0.7142857142857143,0.0,6,4,4,3,8,2,5,1,3,1,1,0,0.0
5,7,collect_one_size9_comp0.4_grid7_base_medium,9,0.4,medium,base,base,collect_one,3,4,5,5,6,5,9,1,1,1,1,1,1,2,1,1,2,8,1,16,0.5625,0.75,1.0,0.6923076923076923,0.0,5,2,5,4,4,4,4,3,5,3,3,1,0.0625
6,7,collect_one_size9_comp0.4_grid7_base_medium,9,0.4,medium,base,base,collect_one,3,4,5,5,6,5,9,1,1,1,1,1,1,2,1,1,2,7,1,15,0.6,0.7333333333333333,1.0,0.6666666666666666,0.0,4,2,5,3,5,3,3,1,3,1,1,1,0.06666666666666667
7,7,collect_one_size9_comp0.4_grid7_base_medium,9,0.4,medium,base,base,collect_one,3,4,5,5,6,5,9,1,1,1,1,1,1,2,1,1,2,13,1,23,0.391304347826087,0.6086956521739131,1.0,0.55,0.0,6,4,6,5,8,3,4,4,12,3,2,2,0.08695652173913043
8,7,collect_one_size9_comp0.4_grid7_base_medium,9,0.4,medium,base,base,collect_one,3,4,5,5,6,5,9,1,1,1,1,1,1,2,1,1,4,9,1,17,0.5294117647058824,0.7647058823529411,0.8,0.75,0.0,6,4,4,3,7,2,4,3,3,3,1,0,0.0
9,7,collect_one_size9_comp0.4_grid7_base_medium,9,0.4,medium,base,base,collect_one,3,4,5,5,6,5,9,1,1,1,1,1,1,2,1,1,4,9,1,15,0.6,0.8,0.8,0.8,0.0,5,3,4,3,6,2,3,3,3,3,1,0,0.0
0,8,collect_one_size9_comp0.4_grid8_base_medium,9,0.4,medium,base,base,collect_one,6,5,9,9,5,4,9,1,1,1,1,1,1,2,1,1,23,13,1,39,0.23076923076923078,0.5641025641025641,0.6428571428571429,0.52,0.0,7,12,8,11,10,5,8,13,24,12,2,3,0.07692307692307693
1,8,collect_one_size9_comp0.4_grid8_base_medium,9,0.4,medium,base,base,collect_one,6,5,9,9,5,4,9,1,1,1,1,1,1,2,1,1,20,6,1,26,0.34615384615384615,0.6153846153846154,0.8571428571428571,0.5263157894736842,0.0,5,6,6,8,12,5,3,3,9,3,4,2,0.07692307692307693
2,8,collect_one_size9_comp0.4_grid8_base_medium,9,0.4,medium,base,base,collect_one,6,5,9,9,5,4,9,1,1,1,1,1,1,2,1,1,26,6,1,45,0.2,0.5777777777777777,0.8571428571428571,0.5263157894736842,0.0,10,13,10,11,15,9,12,6,24,6,2,1,0.022222222222222223
3,8,collect_one_size9_comp0.4_grid8_base_medium,9,0.4,medium,base,base,collect_one,6,5,9,9,5,4,9,1,1,1,1,1,1,2,1,1,18,4,1,36,0.25,0.6111111111111112,1.0,0.5483870967741935,0.0,9,12,6,8,11,6,7,9,20,9,5,0,0.0
4,8,collect_one_size9_comp0.4_grid8_base_medium,9,0.4,medium,base,base,collect_one,6,5,9,9,5,4,9,1,1,1,1,1,1,2,1,1,8,26,1,31,0.2903225806451613,0.6451612903225806,0.7777777777777778,0.5909090909090909,0.0,8,11,4,6,12,6,3,5,15,5,2,0,0.0
5,8,collect_one_size9_comp0.4_grid8_base_medium,9,0.4,medium,base,base,collect_one,6,5,9,9,5,4,9,1,1,1,1,1,1,2,1,1,13,4,1,19,0.47368421052631576,0.7368421052631579,1.0,0.6428571428571429,0.0,2,5,5,7,7,7,3,1,4,1,1,0,0.0
6,8,collect_one_size9_comp0.4_grid8_base_medium,9,0.4,medium,base,base,collect_one,6,5,9,9,5,4,9,1,1,1,1,1,1,2,1,1,8,20,1,27,0.3333333333333333,0.6666666666666666,0.7777777777777778,0.6111111111111112,0.0,6,10,4,7,7,5,8,6,7,5,1,2,0.07407407407407407
9,8,collect_one_size9_comp0.4_grid8_base_medium,9,0.4,medium,base,base,collect_one,6,5,9,9,5,4,9,1,1,1,1,1,1,2,1,1,14,5,1,23,0.391304347826087,0.6521739130434783,0.8333333333333334,0.5882352941176471,0.0,4,7,5,7,8,4,8,2,9,1,1,2,0.08695652173913043
0,9,collect_one_size9_comp0.4_grid9_base_medium,9,0.4,medium,base,base,collect_one,6,4,8,8,9,3,7,1,1,1,1,1,1,2,1,1,13,4,1,27,0.25925925925925924,0.5925925925925926,0.8,0.5454545454545454,0.0,3,9,7,7,12,7,2,3,12,2,2,1,0.037037037037037035
1,9,collect_one_size9_comp0.4_grid9_base_medium,9,0.4,medium,base,base,collect_one,6,4,8,8,9,3,7,1,1,1,1,1,1,2,1,1,21,3,1,35,0.2,0.5714285714285714,1.0,0.5161290322580645,0.0,4,10,10,10,11,9,6,6,17,6,4,1,0.02857142857142857
3,9,collect_one_size9_comp0.4_grid9_base_medium,9,0.4,medium,base,base,collect_one,6,4,8,8,9,3,7,1,1,1,1,1,1,2,1,1,21,3,1,39,0.1794871794871795,0.5641025641025641,1.0,0.5142857142857142,0.0,8,12,10,9,14,10,9,5,18,4,1,2,0.05128205128205128
4,9,collect_one_size9_comp0.4_grid9_base_medium,9,0.4,medium,base,base,collect_one,6,4,8,8,9,3,7,1,1,1,1,1,1,2,1,1,11,3,1,32,0.21875,0.59375,1.0,0.5357142857142857,0.0,4,9,9,9,11,3,10,5,12,5,4,0,0.0
5,9,collect_one_size9_comp0.4_grid9_base_medium,9,0.4,medium,base,base,collect_one,6,4,8,8,9,3,7,1,1,1,1,1,1,2,1,1,16,3,1,37,0.1891891891891892,0.5405405405405406,1.0,0.48484848484848486,0.0,7,12,9,8,11,7,8,8,17,7,6,3,0.08108108108108109
8,9,collect_one_size9_comp0.4_grid9_base_medium,9,0.4,medium,base,base,collect_one,6,4,8,8,9,3,7,1,1,1,1,1,1,2,1,1,15,3,1,29,0.2413793103448276,0.6206896551724138,1.0,0.56,0.0,5,10,7,7,12,4,6,6,14,6,3,0,0.0
