grid_id,grid_size,density,instance_id,reasoning_effort,transform_type,trajectory_category,start_to_coin_distance,coin_to_goal_distance,start_to_goal_via_coin_distance,start_to_goal_distance,coin_detour_distance,coin_reachable_from_start,goal_reachable_from_start,goal_reachable_from_coin,num_trajectories,num_coin_collected,num_goal_after_coin,num_goal_only,coin_collected_rate,goal_after_coin_rate,goal_only_rate,full_success_rate,mean_trajectory_length,mean_action_accuracy,mean_action_accuracy_phase1,mean_action_accuracy_phase2,spl,mean_entropy,mean_optimal_entropy,mean_jsd,mean_entropy_phase1,mean_jsd_phase1,mean_entropy_phase2,mean_jsd_phase2,ece,mean_step_accuracy,total_steps,mean_actions_up,mean_actions_down,mean_actions_left,mean_actions_right,mean_steps_front,mean_steps_left_turn,mean_steps_right_turn,mean_steps_back,mean_cell_revisits,mean_immediate_revisits,mean_coin_oscillations,mean_invalid_actions
size7_comp0.0_grid0_RandomStart_4_2_low,7,0.0,0,low,RandomStart_4_2,random_starts,4,5,9,1,4,1,1,1,5,5,3,0,1.0,0.6,0.0,0.6,26.4,0.38636363636363635,0.39622641509433965,0.379746835443038,0.25589743589743585,0.765655052135753,0.5714285714285714,0.46604480089948563,0.7993153110228652,0.3373758311401742,0.4231835028891931,0.26677482755377624,0.28363687727041764,0.38636363636363635,132,14.8,2.0,4.2,5.4,13.8,6.0,3.0,2.6,18.6,1.8,0.8,14.0
size7_comp0.0_grid0_RandomStart_5_1_low,7,0.0,0,low,RandomStart_5_1,random_starts,4,5,9,3,3,1,1,1,2,2,0,0,1.0,0.0,0.0,0.0,32.0,0.3125,0.375,0.275,0.0,1.2147262347411918,0.7142857142857143,0.6507436355475708,0.5813789571938192,0.33322113043761603,0.528975478351624,0.5446224379766982,0.48285048285048277,0.3125,64,16.5,2.0,5.0,8.5,15.0,5.5,5.5,5.0,25.0,4.0,1.0,18.0
size7_comp0.0_grid0_ReflectEnv_low,7,0.0,0,low,ReflectEnv,reflect,6,5,11,3,4,1,1,1,10,2,0,8,0.2,0.0,0.8,0.0,15.1,0.47019867549668876,0.5486725663716814,0.23684210526315788,0.0,1.139357024695951,0.6842105263157895,0.4179988308235761,1.0812207779866314,0.3819275621370273,0.6674233876735153,0.6678691489751087,0.2432957393483709,0.47019867549668876,151,6.8,2.7,3.3,2.3,3.9,2.3,4.3,3.6,9.3,3.3,0.7,3.2
size7_comp0.0_grid0_RotateEnv_low,7,0.0,0,low,RotateEnv,rotate,6,5,11,3,4,1,1,1,10,1,0,8,0.1,0.0,0.8,0.0,12.9,0.49612403100775193,0.4956521739130435,0.5,0.0,0.9839560651623067,0.6666666666666666,0.3911816799912564,0.8804410936708653,0.38560374242875256,1.1165780293136145,0.5066734186465934,0.1682424484945493,0.49612403100775193,129,5.4,3.1,3.3,1.1,3.9,1.7,2.9,3.4,6.1,3.2,0.9,1.6
size7_comp0.0_grid0_StartGoalSwap_low,7,0.0,0,low,StartGoalSwap,start_goal_swap,5,6,11,3,4,1,1,1,10,10,3,0,1.0,0.3,0.0,0.3,26.8,0.48880597014925375,0.5806451612903226,0.44,0.23961538461538462,1.2043611289960303,0.7222222222222222,0.46623493312440417,0.5271488389723878,0.32457467102033905,0.9585620675173627,0.4143063797063013,0.2465611711225746,0.48880597014925375,268,10.0,5.3,3.8,7.7,8.7,6.7,5.9,4.5,15.4,3.7,0.8,8.2
size7_comp0.0_grid0_TransposeEnv_low,7,0.0,0,low,TransposeEnv,transpose,6,5,11,3,4,1,1,1,10,10,3,0,1.0,0.3,0.0,0.3,28.0,0.4142857142857143,0.5769230769230769,0.3181818181818182,0.18744147157190635,1.0120897959029744,0.7333333333333333,0.48635847149285616,0.6100353378366962,0.23730440237810038,0.7053638605549665,0.46341022935035586,0.3410264513885524,0.4142857142857143,280,15.8,2.7,4.9,4.6,15.4,6.3,3.1,2.2,18.3,1.9,0.8,12.7
size7_comp0.0_grid0_base_low,7,0.0,0,low,base,base,6,5,11,3,4,1,1,1,10,9,4,1,0.9,0.4,0.1,0.4,22.5,0.48,0.9032258064516129,0.31901840490797545,0.31027568922305765,0.7567254486726269,0.7,0.5440705510911573,0.48698269194791816,0.15258434799737067,0.5773308554668953,0.3627654091761521,0.2610297619047619,0.48,225,12.6,1.9,2.8,5.2,12.3,3.9,2.9,2.4,12.3,2.0,0.6,9.5
size7_comp0.0_grid0_walls0_low,7,0.0,0,low,walls0,reshuffled_walls,6,5,11,3,4,1,1,1,5,5,2,0,1.0,0.4,0.0,0.4,23.8,0.5042016806722689,0.6346153846153846,0.40298507462686567,0.3833333333333333,0.857878660618957,0.7058823529411765,0.5501359329108325,0.5461349240430713,0.22562406530978543,0.6630364717999802,0.30074981033885606,0.25054749172396235,0.5042016806722689,119,11.2,2.2,5.2,5.2,11.0,6.2,3.2,2.4,13.4,1.8,0.8,9.4
size7_comp0.0_grid0_walls1_low,7,0.0,0,low,walls1,reshuffled_walls,6,5,11,3,4,1,1,1,5,5,3,0,1.0,0.6,0.0,0.6,22.0,0.4909090909090909,0.5454545454545454,0.43636363636363634,0.4916666666666667,0.9264732166896331,0.7058823529411765,0.5095881287592188,0.5985207876515599,0.26744641670128805,0.5715037221934604,0.2871795114136375,0.386112041839596,0.4909090909090909,110,10.2,1.8,6.0,4.0,12.6,3.6,4.0,0.8,12.0,0.8,0.6,10.2
size7_comp0.0_grid1_RandomStart_3_3_low,7,0.0,1,low,RandomStart_3_3,random_starts,3,5,8,2,3,1,1,1,5,5,0,0,1.0,0.0,0.0,0.0,32.0,0.425,0.6041666666666666,0.3482142857142857,0.0,0.9804237284028242,0.7368421052631579,0.6151634174628406,0.777966509677783,0.31757556761253586,0.615080069282766,0.630501162704277,0.24563568010936432,0.425,160,16.2,7.0,4.6,4.2,11.4,6.4,6.6,6.6,20.0,5.2,0.4,9.6
size7_comp0.0_grid1_RandomStart_3_5_low,7,0.0,1,low,RandomStart_3_5,random_starts,1,5,6,4,1,1,1,1,2,2,2,0,1.0,1.0,0.0,1.0,20.0,0.525,0.75,0.5,0.46875,0.6403087080007633,0.7142857142857143,0.4770971278905768,0.4591479170272448,0.25107631454012125,0.5420020059966306,0.45347697404743487,0.08095238095238096,0.525,40,9.5,2.5,5.0,3.0,7.0,4.5,4.0,3.5,10.5,3.0,0.0,5.0
size7_comp0.0_grid1_ReflectEnv_low,7,0.0,1,low,ReflectEnv,reflect,4,5,9,5,2,1,1,1,10,9,8,1,0.9,0.8,0.1,0.8,20.0,0.635,0.5833333333333334,0.7125,0.40654584831644325,1.1314460372636543,0.7,0.3375109947628757,1.0999818497690026,0.31825530125501217,0.6611198536030294,0.17288527456231634,0.13726242392163113,0.635,200,5.1,6.7,2.6,5.6,5.2,3.6,5.7,4.5,9.4,3.9,2.5,2.0
size7_comp0.0_grid1_RotateEnv_low,7,0.0,1,low,RotateEnv,rotate,4,5,9,5,2,1,1,1,10,6,0,1,0.6,0.0,0.1,0.0,29.5,0.4271186440677966,0.5221674876847291,0.21739130434782608,0.0,1.1811998963913408,0.6842105263157895,0.43992297839409183,1.053422333261143,0.4145593043089787,0.9453973392039179,0.7528048597946972,0.20284678429112404,0.4271186440677966,295,9.1,9.1,2.6,8.7,6.5,5.9,6.9,9.2,19.3,8.0,4.3,6.1
size7_comp0.0_grid1_StartGoalSwap_low,7,0.0,1,low,StartGoalSwap,start_goal_swap,5,4,9,5,2,1,1,1,10,10,10,0,1.0,1.0,0.0,1.0,17.8,0.6910112359550562,0.6629213483146067,0.7191011235955056,0.5412070410408006,1.0800916825224984,0.631578947368421,0.2568705698759378,0.9398383500668179,0.18618567032087088,0.6568099523978108,0.23788892506368142,0.1047470679701411,0.6910112359550562,178,4.4,4.4,3.1,5.9,4.5,4.8,5.4,2.1,6.4,2.1,0.2,2.2
size7_comp0.0_grid1_TransposeEnv_low,7,0.0,1,low,TransposeEnv,transpose,4,5,9,5,2,1,1,1,10,10,9,0,1.0,0.9,0.0,0.9,21.1,0.5639810426540285,0.56,0.5697674418604651,0.43856064634290437,0.9466973941252464,0.7333333333333333,0.44033567544191343,1.3236080305604998,0.25884370544188706,0.3813314394723663,0.33051663616662535,0.21031276944589639,0.5639810426540285,211,9.1,4.8,2.6,4.6,9.2,4.5,3.3,3.1,9.6,2.3,0.0,6.2
size7_comp0.0_grid1_base_low,7,0.0,1,low,base,base,4,5,9,5,2,1,1,1,10,7,1,0,0.7,0.1,0.0,0.1,31.3,0.35782747603833864,0.3564356435643564,0.36036036036036034,0.036,1.147699442813563,0.75,0.5767461602311267,0.9587441112533923,0.40258953004782977,0.7532158576630529,0.492081004257603,0.31150314033552867,0.35782747603833864,313,11.8,7.1,3.4,9.0,11.5,8.1,6.0,4.7,22.5,2.8,0.5,13.0
size7_comp0.0_grid1_walls0_low,7,0.0,1,low,walls0,reshuffled_walls,4,5,9,5,2,1,1,1,4,3,3,0,0.75,0.75,0.0,0.75,25.0,0.46,0.38181818181818183,0.5555555555555556,0.31789772727272725,0.9604805778927294,0.75,0.44393956695615344,0.7356287456618511,0.410953258451638,0.6527428263160747,0.34388777293794415,0.1377232142857143,0.46,100,9.25,6.75,3.25,5.75,8.5,5.5,6.0,4.0,15.75,3.0,0.75,8.5
size7_comp0.0_grid1_walls1_low,7,0.0,1,low,walls1,reshuffled_walls,4,5,9,5,2,1,1,1,4,2,0,0,0.5,0.0,0.0,0.0,32.0,0.3046875,0.25675675675675674,0.37037037037037035,0.0,0.8773715992531423,0.7647058823529411,0.6390517367166443,0.5910780455458421,0.4105140150131087,0.5954685414064318,0.583705818085754,0.2407530174541212,0.3046875,128,12.75,5.75,3.0,10.5,12.0,5.75,7.75,5.5,23.75,3.75,0.25,15.25
size7_comp0.0_grid2_RandomStart_1_5_low,7,0.0,2,low,RandomStart_1_5,random_starts,1,5,6,6,0,1,1,1,3,3,3,0,1.0,1.0,0.0,1.0,13.0,0.717948717948718,0.6666666666666666,0.7333333333333333,0.5318181818181819,0.6818523932428168,0.5833333333333334,0.3055752760061209,0.5836591668108979,0.362686150707875,0.38709505944546685,0.3585025558066751,0.09583333333333328,0.717948717948718,39,4.666666666666667,1.0,2.6666666666666665,4.666666666666667,3.6666666666666665,1.3333333333333333,4.333333333333333,2.6666666666666665,3.6666666666666665,2.3333333333333335,1.0,0.3333333333333333
size7_comp0.0_grid2_RandomStart_4_1_low,7,0.0,2,low,RandomStart_4_1,random_starts,6,5,11,1,5,1,1,1,5,1,1,3,0.2,0.2,0.6,0.2,13.6,0.38235294117647056,0.3333333333333333,1.0,0.12222222222222223,0.8175021974399393,0.5454545454545454,0.4137249398743178,0.7119512967909086,0.3896430915992266,0.0,0.24902249956730627,0.06440324622142801,0.38235294117647056,68,3.8,2.4,1.8,5.6,4.2,2.4,3.2,2.8,9.2,1.8,0.2,6.0
size7_comp0.0_grid2_ReflectEnv_low,7,0.0,2,low,ReflectEnv,reflect,3,5,8,4,2,1,1,1,10,6,6,2,0.6,0.6,0.2,0.6,21.5,0.39069767441860465,0.29213483146067415,0.8648648648648649,0.2974139895192527,0.9499960314021069,0.5882352941176471,0.44689882817430204,0.9721357705465553,0.35817962544826515,0.4357178652569968,0.2668482318241008,0.12218027751641197,0.39069767441860465,215,6.5,3.6,2.6,8.8,8.5,4.7,4.3,3.0,14.7,2.1,0.4,8.8
size7_comp0.0_grid2_RotateEnv_low,7,0.0,2,low,RotateEnv,rotate,3,5,8,4,2,1,1,1,10,9,0,0,0.9,0.0,0.0,0.0,32.0,0.334375,0.484375,0.234375,0.0,0.7734243913962773,0.7894736842105263,0.661320108219381,0.9827845086891689,0.349792800428701,0.540349955916958,0.642822366802703,0.37036896396043095,0.334375,320,18.4,6.9,3.3,3.4,14.6,5.0,3.5,7.9,21.7,6.1,0.1,14.4
size7_comp0.0_grid2_StartGoalSwap_low,7,0.0,2,low,StartGoalSwap,start_goal_swap,5,3,8,4,2,1,1,1,10,3,1,0,0.3,0.1,0.0,0.1,29.6,0.33783783783783783,0.32098765432098764,0.41509433962264153,0.1,0.9186720303419722,0.6818181818181818,0.5266142817351157,0.9688166050446289,0.537644950808368,0.5861460924938285,0.5062887650634864,0.15765146802049532,0.33783783783783783,296,13.8,6.9,2.5,6.4,9.5,5.5,6.1,7.5,21.2,5.8,0.2,10.3
size7_comp0.0_grid2_TransposeEnv_low,7,0.0,2,low,TransposeEnv,transpose,3,5,8,4,2,1,1,1,10,8,0,1,0.8,0.0,0.1,0.0,30.2,0.32450331125827814,0.5478260869565217,0.18716577540106952,0.0,1.038028252038838,0.7222222222222222,0.4759741243858189,0.9867042278258988,0.3187673904616098,0.614468251275083,0.6956012274655416,0.2777445313488155,0.32450331125827814,302,17.1,5.2,3.6,4.3,13.0,4.6,5.8,5.8,22.3,4.8,0.3,13.2
size7_comp0.0_grid2_base_low,7,0.0,2,low,base,base,3,5,8,4,2,1,1,1,10,10,10,0,1.0,1.0,0.0,1.0,15.7,0.7006369426751592,0.7142857142857143,0.6944444444444444,0.5812842712842713,1.2265711341104426,0.6153846153846154,0.3472796756693998,0.7250319404698244,0.20765589666974638,0.9507696546734952,0.31740629506308815,0.3371158504642668,0.7006369426751592,157,4.7,3.4,3.3,4.3,4.2,3.3,4.3,2.9,6.7,2.5,0.4,1.7
size7_comp0.0_grid2_walls0_low,7,0.0,2,low,walls0,reshuffled_walls,3,5,8,4,2,1,1,1,5,5,5,0,1.0,1.0,0.0,1.0,12.6,0.746031746031746,0.8421052631578947,0.7045454545454546,0.6516083916083917,0.8423458617988308,0.6153846153846154,0.4221028242494453,0.543934608937664,0.12020724998910821,0.5484035631696945,0.338851907488397,0.18642340565417487,0.746031746031746,63,4.2,2.6,2.6,3.2,4.4,2.0,4.2,1.0,4.2,1.0,0.6,1.8
size7_comp0.0_grid2_walls1_low,7,0.0,2,low,walls1,reshuffled_walls,3,5,8,4,2,1,1,1,5,5,5,0,1.0,1.0,0.0,1.0,11.6,0.8275862068965517,0.7916666666666666,0.8529411764705882,0.7084737484737484,0.8502825126528758,0.5714285714285714,0.354552359938499,0.705983724071014,0.17207996522784483,0.5164614556286007,0.21688251835880806,0.15813492063492066,0.8275862068965517,58,4.4,2.6,1.4,3.2,4.0,2.0,3.2,1.4,2.8,1.4,0.4,0.4
size7_comp0.0_grid3_RandomStart_4_1_low,7,0.0,3,low,RandomStart_4_1,random_starts,2,3,5,3,1,1,1,1,5,5,5,0,1.0,1.0,0.0,1.0,20.2,0.4158415841584158,0.631578947368421,0.36585365853658536,0.26364942528735635,0.8891947287907476,0.6428571428571429,0.5000640117980909,0.7964154761697193,0.3107358841452199,0.7099363420395952,0.43130346512706147,0.22247583243823846,0.4158415841584158,101,10.0,3.6,3.8,2.8,9.8,4.6,2.2,2.6,12.4,2.4,0.4,8.4
size7_comp0.0_grid3_RandomStart_4_2_low,7,0.0,3,low,RandomStart_4_2,random_starts,1,3,4,2,1,1,1,1,5,5,4,0,1.0,0.8,0.0,0.8,20.6,0.46601941747572817,0.5555555555555556,0.417910447761194,0.1850097614803497,1.0270709407292051,0.7142857142857143,0.4659003905603817,0.7356375723193138,0.4569488563690437,0.946225923457115,0.5121771569711753,0.19485415378272525,0.46601941747572817,103,9.6,4.8,4.0,2.2,5.4,5.4,3.4,5.4,12.4,4.6,1.2,5.0
size7_comp0.0_grid3_ReflectEnv_low,7,0.0,3,low,ReflectEnv,reflect,3,3,6,4,1,1,1,1,10,10,10,0,1.0,1.0,0.0,1.0,13.3,0.5939849624060151,0.4691358024691358,0.7884615384615384,0.5552694235588972,0.8357131263069134,0.6923076923076923,0.3994461074759969,0.8721412921286948,0.38424000988963175,0.4839253496510712,0.32924229992441795,0.18011119704668097,0.5939849624060151,133,4.5,1.1,3.9,3.8,6.2,3.1,1.4,1.6,6.8,1.6,1.0,3.5
size7_comp0.0_grid3_RotateEnv_low,7,0.0,3,low,RotateEnv,rotate,3,3,6,4,1,1,1,1,10,10,4,0,1.0,0.4,0.0,0.4,23.3,0.36909871244635195,0.6595744680851063,0.2956989247311828,0.23666666666666666,1.0031327503171992,0.6428571428571429,0.44788786840346667,0.8427643986596687,0.1446699480041604,0.8933131590491842,0.4491365538234007,0.40925800390086103,0.36909871244635195,233,12.4,4.0,3.6,3.3,10.4,5.0,3.3,3.6,15.6,2.5,0.6,9.3
size7_comp0.0_grid3_StartGoalSwap_low,7,0.0,3,low,StartGoalSwap,start_goal_swap,3,3,6,4,1,1,1,1,10,9,6,1,0.9,0.6,0.1,0.6,19.5,0.4,0.7454545454545455,0.2642857142857143,0.29273809523809524,0.8584447673557742,0.5384615384615384,0.39956436583064675,0.6558623751291108,0.24110997330149475,0.8458185978823166,0.26018388495436456,0.13755257423735684,0.4,195,9.8,4.0,1.1,4.6,7.8,4.8,3.3,2.6,12.0,2.1,2.6,8.1
size7_comp0.0_grid3_TransposeEnv_low,7,0.0,3,low,TransposeEnv,transpose,3,3,6,4,1,1,1,1,10,10,10,0,1.0,1.0,0.0,1.0,13.8,0.644927536231884,0.875,0.5510204081632653,0.4947302078726227,0.7459565237578601,0.6666666666666666,0.4741013564187043,0.451763250996358,0.2760571477134424,1.0821774069138628,0.3812862003647033,0.2286599364135596,0.644927536231884,138,4.7,2.7,5.2,1.2,3.6,2.0,4.5,2.7,5.3,2.5,0.0,2.0
size7_comp0.0_grid3_base_low,7,0.0,3,low,base,base,3,3,6,4,1,1,1,1,10,8,4,0,0.8,0.4,0.0,0.4,26.4,0.45075757575757575,0.5121951219512195,0.35,0.14994998809240295,1.1283396126147387,0.6470588235294118,0.4824373026343944,1.1200320180041237,0.393583585429502,0.9029163489271321,0.5333029250514227,0.40179998630263286,0.45075757575757575,264,12.0,7.0,4.2,3.2,7.6,6.2,3.5,8.1,17.5,6.7,0.2,6.4
size7_comp0.0_grid3_walls0_low,7,0.0,3,low,walls0,reshuffled_walls,3,3,6,4,1,1,1,1,5,4,2,0,0.8,0.4,0.0,0.4,25.6,0.46875,0.576271186440678,0.37681159420289856,0.18550724637681157,0.8500359692007173,0.65,0.5239836048360462,0.7559190117583805,0.423966729285019,0.8368829642002115,0.5921689447984652,0.19041666666666662,0.46875,128,12.6,5.8,4.2,3.0,7.8,5.2,4.2,7.4,16.0,6.6,1.0,6.2
size7_comp0.0_grid3_walls1_low,7,0.0,3,low,walls1,reshuffled_walls,3,3,6,4,1,1,1,1,5,5,4,0,1.0,0.8,0.0,0.8,23.2,0.5,0.6666666666666666,0.40540540540540543,0.2506993006993007,0.9923397139394328,0.75,0.47005539288012804,0.8835637745000923,0.2523974650387737,0.8713659312006412,0.532567147605898,0.19809238641475482,0.5,116,11.8,4.8,4.0,2.6,6.6,5.0,4.4,6.2,13.4,5.2,1.4,5.2
size7_comp0.0_grid4_RandomStart_2_4_low,7,0.0,4,low,RandomStart_2_4,random_starts,4,6,10,2,4,1,1,1,5,5,5,0,1.0,1.0,0.0,1.0,19.0,0.6421052631578947,0.6216216216216216,0.6551724137931034,0.5764652014652014,0.6150009879721174,0.6666666666666666,0.5898900192732633,0.7026402997397058,0.27673676932343355,0.5448895385580468,0.3781436550732079,0.12332621082621083,0.6421052631578947,95,7.0,4.8,3.6,3.6,8.2,5.4,3.0,1.4,6.0,1.0,0.0,4.6
size7_comp0.0_grid4_RandomStart_3_2_low,7,0.0,4,low,RandomStart_3_2,random_starts,5,6,11,1,5,1,1,1,5,5,3,0,1.0,0.6,0.0,0.6,26.6,0.5037593984962406,0.75,0.41237113402061853,0.2902675585284281,0.5046629962914516,0.75,0.659818785155823,0.3242933703643944,0.29063191252900683,0.4980750269844096,0.5446311643448076,0.2261412198912199,0.5037593984962406,133,13.8,6.2,3.6,3.0,15.6,6.4,1.0,2.6,13.6,2.0,0.0,10.0
size7_comp0.0_grid4_ReflectEnv_low,7,0.0,4,low,ReflectEnv,reflect,3,6,9,3,3,1,1,1,10,4,4,6,0.4,0.4,0.6,0.4,17.1,0.5321637426900585,0.44881889763779526,0.7727272727272727,0.17753333859386095,0.9699831499199782,0.631578947368421,0.3686337765330781,0.8995034196442805,0.4914945391746652,0.6523957535781143,0.284959075618088,0.22165185691501477,0.5321637426900585,171,6.7,5.0,1.7,3.7,3.9,2.3,4.3,5.6,9.0,5.1,1.0,0.7
size7_comp0.0_grid4_RotateEnv_low,7,0.0,4,low,RotateEnv,rotate,3,6,9,3,3,1,1,1,10,9,0,1,0.9,0.0,0.1,0.0,29.7,0.31986531986531985,0.6224489795918368,0.1708542713567839,0.0,0.902333136097758,0.75,0.680624162776137,0.8338458818675475,0.2989291274590876,0.7234977529323257,0.6831913039611991,0.42389865765337587,0.31986531986531985,297,18.2,5.0,2.1,4.4,13.2,4.1,4.2,7.2,22.8,5.9,15.6,13.8
size7_comp0.0_grid4_StartGoalSwap_low,7,0.0,4,low,StartGoalSwap,start_goal_swap,6,3,9,3,3,1,1,1,10,10,5,0,1.0,0.5,0.0,0.5,25.9,0.416988416988417,0.6914893617021277,0.2606060606060606,0.3025,0.5662872294319066,0.625,0.5798180491749724,0.506842855857763,0.25501977232297574,0.6427157097415197,0.48815151703917975,0.3825785427807487,0.416988416988417,259,12.9,7.1,1.1,4.8,14.6,4.8,2.6,2.9,14.7,2.2,0.0,12.0
size7_comp0.0_grid4_TransposeEnv_low,7,0.0,4,low,TransposeEnv,transpose,3,6,9,3,3,1,1,1,10,10,6,0,1.0,0.6,0.0,0.6,24.0,0.45416666666666666,0.6521739130434783,0.4072164948453608,0.3008714969241285,0.5196442730884968,0.7333333333333333,0.5922295639868718,0.4701491937920606,0.25137007360158686,0.5320180429126059,0.49028695498358976,0.24652068336278865,0.45416666666666666,240,13.5,4.1,3.4,3.0,12.6,5.8,2.2,2.4,12.8,1.7,0.0,10.2
size7_comp0.0_grid4_base_low,7,0.0,4,low,base,base,3,6,9,3,3,1,1,1,10,10,8,0,1.0,0.8,0.0,0.8,21.1,0.5071090047393365,0.660377358490566,0.45569620253164556,0.4141416040100251,0.8031595357781353,0.7142857142857143,0.5921338969779492,0.7901697553534648,0.19150284738505655,0.5455552966894941,0.47415798224303723,0.36042908804064994,0.5071090047393365,211,11.6,3.6,3.1,2.8,10.9,4.8,2.0,2.4,10.7,1.9,0.4,8.1
size7_comp0.0_grid4_walls0_low,7,0.0,4,low,walls0,reshuffled_walls,3,6,9,3,3,1,1,1,5,5,3,0,1.0,0.6,0.0,0.6,22.2,0.5315315315315315,0.76,0.46511627906976744,0.3485714285714286,0.675115547639787,0.7692307692307693,0.6265572184199315,0.799376127280935,0.21283135887592675,0.47642708217119695,0.5284711031405889,0.1605107855107855,0.5315315315315315,111,11.6,3.6,4.2,2.8,9.6,6.6,2.0,3.0,11.2,2.8,0.4,7.0
size7_comp0.0_grid4_walls1_low,7,0.0,4,low,walls1,reshuffled_walls,3,6,9,3,3,1,1,1,5,5,5,0,1.0,1.0,0.0,1.0,19.8,0.5757575757575758,0.6818181818181818,0.5454545454545454,0.5119780219780219,0.8545268546370719,0.6666666666666666,0.48364627324266934,0.6452169817377051,0.22554021952831085,0.6361169408062914,0.3355208731075538,0.38007936507936513,0.5757575757575758,99,9.4,3.8,3.6,3.0,8.8,5.8,2.4,1.8,8.6,1.6,0.4,6.0
size7_comp0.0_grid5_RandomStart_1_4_low,7,0.0,5,low,RandomStart_1_4,random_starts,5,3,8,6,1,1,1,1,5,5,5,0,1.0,1.0,0.0,1.0,18.2,0.6373626373626373,0.6363636363636364,0.6382978723404256,0.47308377896613185,0.8667837098511786,0.6666666666666666,0.2929746950250287,0.7635694505055013,0.24189172867620926,0.5753204622284532,0.30914417391565896,0.270691037357704,0.6373626373626373,91,3.4,4.4,3.2,7.2,5.6,3.6,4.6,3.4,7.2,3.2,0.8,3.0
size7_comp0.0_grid5_RandomStart_5_3_low,7,0.0,5,low,RandomStart_5_3,random_starts,2,3,5,1,2,1,1,1,3,3,3,0,1.0,1.0,0.0,1.0,14.666666666666666,0.5681818181818182,0.4,0.6551724137931034,0.46649029982363316,0.5827923428175297,0.6923076923076923,0.4796434843239782,0.4056390622295664,0.2743974703476993,0.45525352569649924,0.403635778993598,0.031501831501831515,0.5681818181818182,44,4.333333333333333,3.3333333333333335,2.0,5.0,5.0,2.3333333333333335,2.3333333333333335,4.0,7.666666666666667,4.0,0.6666666666666666,3.0
size7_comp0.0_grid5_ReflectEnv_low,7,0.0,5,low,ReflectEnv,reflect,7,3,10,4,3,1,1,1,10,1,0,0,0.1,0.0,0.0,0.0,32.0,0.409375,0.4088050314465409,0.5,0.0,1.1487223462269802,0.7,0.4881765878399573,1.1565498381336634,0.5540073106568848,1.0,0.31127812445913283,0.19554487141066884,0.409375,320,13.1,8.4,4.7,5.8,10.3,6.5,5.1,9.1,22.6,6.7,0.1,7.8
size7_comp0.0_grid5_RotateEnv_low,7,0.0,5,low,RotateEnv,rotate,7,3,10,4,3,1,1,1,10,1,0,0,0.1,0.0,0.0,0.0,32.0,0.459375,0.47572815533980584,0.0,0.0,1.234303471664433,0.75,0.5306419908280416,1.2992668122783506,0.45916140071429407,0.0,1.0,0.2057084597823028,0.459375,320,10.4,11.0,5.0,5.6,6.2,5.3,9.4,10.1,22.5,8.9,1.0,4.8
size7_comp0.0_grid5_StartGoalSwap_low,7,0.0,5,low,StartGoalSwap,start_goal_swap,3,7,10,4,3,1,1,1,10,10,5,0,1.0,0.5,0.0,0.5,28.5,0.37894736842105264,0.30246913580246915,0.4796747967479675,0.21907349896480333,0.9655763018119228,0.7272727272727273,0.6507114099591311,0.9487802737872268,0.3556224042673382,0.36331217528296317,0.3762188686967745,0.4453577642888442,0.37894736842105264,285,11.6,4.4,2.7,9.8,17.1,5.4,3.5,1.5,20.4,1.1,0.8,15.8
size7_comp0.0_grid5_TransposeEnv_low,7,0.0,5,low,TransposeEnv,transpose,7,3,10,4,3,1,1,1,10,5,2,5,0.5,0.2,0.5,0.2,14.5,0.5586206896551724,0.7837837837837838,0.323943661971831,0.1625,1.0436821169804802,0.6666666666666666,0.41103464946897844,0.7113492561597695,0.18277870432814014,0.997221868577683,0.4860421978627079,0.1269669483955198,0.5586206896551724,145,2.9,4.4,1.3,5.9,5.0,3.5,3.4,1.6,6.2,1.3,0.3,3.7
size7_comp0.0_grid5_base_low,7,0.0,5,low,base,base,7,3,10,4,3,1,1,1,10,9,8,1,0.9,0.8,0.1,0.8,18.2,0.7197802197802198,0.881578947368421,0.6037735849056604,0.4833774071931967,1.0351941316976063,0.6521739130434783,0.3508292950702953,0.5792357695526598,0.15884148701517758,0.9126366077786997,0.4023550935089122,0.26279378478866966,0.7197802197802198,182,4.1,6.2,2.5,5.4,6.0,3.6,4.4,3.2,6.2,3.1,0.8,1.0
size7_comp0.0_grid5_walls0_low,7,0.0,5,low,walls0,reshuffled_walls,7,3,10,4,3,1,1,1,5,5,4,0,1.0,0.8,0.0,0.8,20.8,0.7019230769230769,0.8372093023255814,0.6065573770491803,0.4557422969187675,0.9919306618920322,0.6666666666666666,0.3580127156740623,0.3989481350807556,0.22485353645137776,0.7151722052066772,0.3579444445004421,0.17668149751483084,0.7019230769230769,104,4.6,7.0,3.2,6.0,7.0,5.8,4.0,3.0,8.6,3.0,0.6,1.2
size7_comp0.0_grid5_walls1_low,7,0.0,5,low,walls1,reshuffled_walls,7,3,10,4,3,1,1,1,5,5,5,0,1.0,1.0,0.0,1.0,16.6,0.6987951807228916,0.6666666666666666,0.7586206896551724,0.6102118040198535,0.7730562230407968,0.6666666666666666,0.42449193055627643,0.4345359794095715,0.22636780490672315,0.5564377566751231,0.22845763663264257,0.11943241943241942,0.6987951807228916,83,3.2,6.2,1.4,5.8,7.0,3.8,3.6,1.2,5.2,1.0,0.4,3.4
size7_comp0.0_grid6_RandomStart_4_1_low,7,0.0,6,low,RandomStart_4_1,random_starts,4,3,7,5,1,1,1,1,3,2,1,0,0.6666666666666666,0.3333333333333333,0.0,0.3333333333333333,25.0,0.29333333333333333,0.2463768115942029,0.8333333333333334,0.21212121212121213,0.6120979777936788,0.5555555555555556,0.37442639597233107,0.3654899124277441,0.38005008036074484,0.3333333333333333,0.31127812445913283,0.2233115468409586,0.29333333333333333,75,7.0,4.0,2.0,12.0,10.333333333333334,3.3333333333333335,5.333333333333333,5.0,19.333333333333332,3.0,0.6666666666666666,14.333333333333334
size7_comp0.0_grid6_RandomStart_5_4_low,7,0.0,6,low,RandomStart_5_4,random_starts,2,3,5,1,2,1,1,1,5,4,4,0,0.8,0.8,0.0,0.8,11.8,0.5254237288135594,0.41304347826086957,0.9230769230769231,0.6361111111111111,0.8690704970298974,0.5714285714285714,0.3931583288109128,0.772414628812017,0.36054666232409766,0.5622556248918266,0.02758507619400598,0.20595238095238094,0.5254237288135594,59,3.6,2.6,2.2,3.4,3.6,4.6,1.6,1.0,5.4,1.0,0.4,2.8
size7_comp0.0_grid6_ReflectEnv_low,7,0.0,6,low,ReflectEnv,reflect,3,3,6,4,1,1,1,1,10,8,6,1,0.8,0.6,0.1,0.6,18.1,0.5082872928176796,0.5657894736842105,0.4666666666666667,0.3825155279503106,1.053742044692908,0.7619047619047619,0.4089597221640314,0.634620086671915,0.435781685679266,1.1032946582835839,0.41444698566217886,0.1166778327492613,0.5082872928176796,181,7.8,4.2,4.3,1.8,6.1,3.3,2.9,4.8,9.6,3.9,1.9,2.7
size7_comp0.0_grid6_RotateEnv_low,7,0.0,6,low,RotateEnv,rotate,3,3,6,4,1,1,1,1,10,6,6,4,0.6,0.6,0.4,0.6,7.8,0.7307692307692307,0.725,0.7368421052631579,0.4225,0.5955797265230091,0.5,0.20786970592492646,0.5390310547045505,0.30043921010656,0.3511857522917161,0.3996285056382312,0.10053571428571427,0.7307692307692307,78,4.1,0.1,1.8,1.8,2.3,0.5,2.2,1.8,1.9,1.8,0.2,0.0
size7_comp0.0_grid6_StartGoalSwap_low,7,0.0,6,low,StartGoalSwap,start_goal_swap,3,3,6,4,1,1,1,1,10,7,6,0,0.7,0.6,0.0,0.6,19.6,0.4387755102040816,0.3953488372093023,0.5223880597014925,0.355,0.9233646021287033,0.75,0.5128719823952743,0.8833206851169438,0.42040692008858105,0.6345367981462134,0.5660818155801157,0.25316176470588236,0.4387755102040816,196,10.0,3.7,3.9,2.0,6.8,3.9,3.5,4.4,11.2,3.6,1.6,5.7
size7_comp0.0_grid6_TransposeEnv_low,7,0.0,6,low,TransposeEnv,transpose,3,3,6,4,1,1,1,1,10,7,2,0,0.7,0.2,0.0,0.2,30.1,0.23920265780730898,0.21839080459770116,0.375,0.05555555555555556,1.013718323056241,0.5,0.3907260241078324,1.177435170454056,0.4052690837021823,0.5622001279175507,0.39594381285007096,0.3587797619047619,0.23920265780730898,301,6.8,5.2,1.3,16.8,12.7,5.8,6.8,3.8,24.9,2.5,0.2,19.7
size7_comp0.0_grid6_base_low,7,0.0,6,low,base,base,3,3,6,4,1,1,1,1,10,10,10,0,1.0,1.0,0.0,1.0,13.8,0.6159420289855072,0.5612244897959183,0.75,0.5576257076257076,1.0405903844961073,0.4444444444444444,0.24783047672974826,1.0662911148326684,0.44796509423494635,0.7008313627602327,0.13282512872029453,0.3979665940450254,0.6159420289855072,138,2.8,4.2,1.2,5.6,4.0,1.9,3.5,3.4,7.5,2.4,0.1,2.8
size7_comp0.0_grid6_walls0_low,7,0.0,6,low,walls0,reshuffled_walls,3,3,6,4,1,1,1,1,3,3,3,0,1.0,1.0,0.0,1.0,9.0,0.8148148148148148,0.7222222222222222,1.0,0.7023809523809524,0.669720195600651,0.42857142857142855,0.1713387408568638,0.8174363837875167,0.2791326573730476,0.2295739585136224,0.08299974102076026,0.1702380952380952,0.8148148148148148,27,2.0,2.3333333333333335,0.3333333333333333,4.333333333333333,0.6666666666666666,2.6666666666666665,2.6666666666666665,2.0,3.0,2.0,0.3333333333333333,0.3333333333333333
size7_comp0.0_grid6_walls1_low,7,0.0,6,low,walls1,reshuffled_walls,3,3,6,4,1,1,1,1,3,3,3,0,1.0,1.0,0.0,1.0,14.0,0.6428571428571429,0.5806451612903226,0.8181818181818182,0.4760683760683761,0.5900502351739467,0.5714285714285714,0.4043148614448708,0.7898502629407396,0.42847987135379845,0.3236501981515562,0.2863363488594312,0.17551020408163265,0.6428571428571429,42,3.6666666666666665,4.666666666666667,0.6666666666666666,5.0,3.3333333333333335,3.3333333333333335,2.3333333333333335,4.0,7.333333333333333,3.3333333333333335,0.0,2.0
size7_comp0.0_grid7_RandomStart_2_2_low,7,0.0,7,low,RandomStart_2_2,random_starts,1,4,5,3,1,1,1,1,5,5,3,0,1.0,0.6,0.0,0.6,18.4,0.40217391304347827,0.6666666666666666,0.3625,0.3769230769230769,0.8786568282585187,0.6875,0.3973004689708373,0.6503258334775646,0.3004305258160485,0.8419333165546788,0.3152697953309703,0.22289317042606516,0.40217391304347827,92,9.8,3.6,1.8,3.2,8.6,3.2,3.6,2.0,10.2,1.6,0.4,7.4
size7_comp0.0_grid7_RandomStart_4_3_low,7,0.0,7,low,RandomStart_4_3,random_starts,4,4,8,2,3,1,1,1,5,5,0,0,1.0,0.0,0.0,0.0,32.0,0.275,0.7333333333333333,0.16923076923076924,0.0,0.9445173154370969,0.8181818181818182,0.6738594962943779,0.6307328738964273,0.2948564676625895,0.46128614479830643,0.6881330374119117,0.36404582709568045,0.275,160,21.8,2.8,3.2,4.2,19.8,5.0,1.6,4.6,23.6,2.6,0.4,17.4
size7_comp0.0_grid7_ReflectEnv_low,7,0.0,7,low,ReflectEnv,reflect,3,4,7,3,2,1,1,1,10,10,1,0,1.0,0.1,0.0,0.1,31.0,0.25161290322580643,0.8409090909090909,0.15413533834586465,0.031818181818181815,0.822330642323319,0.6923076923076923,0.6282383538020783,0.5474436688742691,0.22285919893445874,0.9317362200312238,0.6579893124991337,0.34824390725403,0.25161290322580643,310,21.2,3.3,1.5,5.0,17.7,5.4,3.6,3.3,23.6,2.7,2.6,18.0
size7_comp0.0_grid7_RotateEnv_low,7,0.0,7,low,RotateEnv,rotate,3,4,7,3,2,1,1,1,10,1,1,2,0.1,0.1,0.2,0.1,26.4,0.3106060606060606,0.2952755905511811,0.7,0.05384615384615384,1.1400114652627034,0.6666666666666666,0.478579696398115,1.2275952135681563,0.5404398172492115,0.25,0.2704260414863776,0.24922678343368,0.3106060606060606,264,13.2,4.3,3.6,5.3,8.3,4.9,4.0,8.2,18.8,6.1,0.5,8.7
size7_comp0.0_grid7_StartGoalSwap_low,7,0.0,7,low,StartGoalSwap,start_goal_swap,4,3,7,3,2,1,1,1,10,10,10,0,1.0,1.0,0.0,1.0,16.3,0.5521472392638037,0.7894736842105263,0.42452830188679247,0.5526299476667124,0.871165603212863,0.6428571428571429,0.38598229157547054,0.7339494566599563,0.23524186429191604,0.5775100774781785,0.22808316341827925,0.2044956996315926,0.5521472392638037,163,7.9,1.2,3.0,4.2,6.4,3.7,2.9,2.3,8.2,1.7,0.4,5.3
size7_comp0.0_grid7_TransposeEnv_low,7,0.0,7,low,TransposeEnv,transpose,3,4,7,3,2,1,1,1,10,10,9,0,1.0,0.9,0.0,0.9,15.1,0.5827814569536424,0.55,0.6197183098591549,0.5594670688788336,0.9474103283484421,0.7333333333333333,0.45985333663236694,0.7676975663135738,0.3073363727451504,0.5884929796766101,0.3657560379014026,0.184452798663325,0.5827814569536424,151,6.5,2.5,2.4,3.7,6.9,2.8,2.2,2.2,7.6,1.3,0.4,4.2
size7_comp0.0_grid7_base_low,7,0.0,7,low,base,base,3,4,7,3,2,1,1,1,10,10,4,0,1.0,0.4,0.0,0.4,25.8,0.3178294573643411,0.5769230769230769,0.2524271844660194,0.25392592592592594,1.0529516433134396,0.6428571428571429,0.38614940060770725,0.700582275065269,0.14651613830461502,0.8260041452826128,0.35563397576208894,0.24971923977345595,0.3178294573643411,258,16.1,3.1,3.1,3.5,14.9,5.4,2.2,2.3,17.6,1.8,0.6,13.4
size7_comp0.0_grid7_walls0_low,7,0.0,7,low,walls0,reshuffled_walls,3,4,7,3,2,1,1,1,5,5,1,0,1.0,0.2,0.0,0.2,28.0,0.29285714285714287,0.3953488372093023,0.24742268041237114,0.11666666666666667,0.7044878695102005,0.6923076923076923,0.5912252628514127,0.45076027811431735,0.33273613549988584,0.4204585670065112,0.577190957750238,0.1528904428904429,0.29285714285714287,140,18.4,3.4,2.8,3.4,15.6,6.4,1.8,3.2,19.8,2.6,0.6,14.6
size7_comp0.0_grid7_walls1_low,7,0.0,7,low,walls1,reshuffled_walls,3,4,7,3,2,1,1,1,5,5,1,0,1.0,0.2,0.0,0.2,29.2,0.2602739726027397,0.6153846153846154,0.18333333333333332,0.07777777777777778,0.8972439084703703,0.7,0.5354909577768736,0.6751517632165107,0.21188370723467967,0.5340812206129744,0.5147105624461166,0.3110327022375215,0.2602739726027397,146,19.4,2.2,3.4,4.2,16.6,5.6,3.2,2.8,21.8,1.8,0.4,17.2
size7_comp0.0_grid8_RandomStart_3_3_low,7,0.0,8,low,RandomStart_3_3,random_starts,4,4,8,2,3,1,1,1,5,4,4,0,0.8,0.8,0.0,0.8,24.8,0.5483870967741935,0.5675675675675675,0.52,0.3070019877279405,1.0259852732787784,0.65,0.5258199516817431,0.9426580252742947,0.35408545220462134,1.3131207288721707,0.4342556807998078,0.18690628815628815,0.5483870967741935,124,9.0,7.6,5.6,2.6,7.2,4.4,6.0,6.2,14.0,5.6,3.2,3.4
size7_comp0.0_grid8_RandomStart_4_1_low,7,0.0,8,low,RandomStart_4_1,random_starts,7,4,11,3,4,1,1,1,5,3,0,0,0.6,0.0,0.0,0.0,32.0,0.55,0.5703703703703704,0.44,0.0,1.1481746518291585,0.7,0.49584547204658935,1.1493434396467768,0.3717065217934038,1.1434995005586859,0.6240734745688826,0.1754885392385392,0.55,160,9.8,10.6,7.6,4.0,5.8,5.2,9.8,10.2,19.6,9.0,1.2,3.0
size7_comp0.0_grid8_ReflectEnv_low,7,0.0,8,low,ReflectEnv,reflect,4,4,8,6,1,1,1,1,10,10,8,0,1.0,0.8,0.0,0.8,18.8,0.4946808510638298,0.4230769230769231,0.5833333333333334,0.4332293196999079,0.5212004493231802,0.6875,0.5229630328454243,0.7411485311616351,0.33349915289673193,0.38923160022010717,0.38379972471088236,0.28539339072233805,0.4946808510638298,188,5.7,6.2,1.7,5.2,9.4,4.5,1.9,2.0,9.7,1.5,0.0,7.9
size7_comp0.0_grid8_RotateEnv_low,7,0.0,8,low,RotateEnv,rotate,4,4,8,6,1,1,1,1,10,8,0,0,0.8,0.0,0.0,0.0,32.0,0.221875,0.23076923076923078,0.208,0.0,0.9694881265782691,0.7692307692307693,0.7094483297715153,0.7530311867462779,0.3146942268374803,0.49115513142360895,0.7080237135446023,0.24516641565025785,0.221875,320,9.8,4.6,1.7,15.9,19.3,5.1,4.1,2.5,24.8,1.5,0.6,20.5
size7_comp0.0_grid8_StartGoalSwap_low,7,0.0,8,low,StartGoalSwap,start_goal_swap,4,4,8,6,1,1,1,1,10,3,2,0,0.3,0.2,0.0,0.2,28.9,0.4359861591695502,0.4218181818181818,0.7142857142857143,0.09924812030075188,1.2830812280401769,0.6666666666666666,0.4001719620831195,1.1576926852935479,0.4092696897658734,0.45281953111478324,0.11230087635729069,0.16832091678621114,0.4359861591695502,289,9.8,7.6,4.4,7.1,6.7,6.5,6.8,7.9,18.2,6.7,0.3,4.8
size7_comp0.0_grid8_TransposeEnv_low,7,0.0,8,low,TransposeEnv,transpose,4,4,8,6,1,1,1,1,10,9,8,1,0.9,0.8,0.1,0.8,23.2,0.5129310344827587,0.6509433962264151,0.3968253968253968,0.2974979216673497,1.0797567013161329,0.6666666666666666,0.3173490094682027,0.9309837649370769,0.2555897561767813,0.8961410635341154,0.4773689171445518,0.15547623672623676,0.5129310344827587,232,12.3,3.1,5.2,2.6,7.4,5.9,4.5,4.4,12.4,3.7,2.8,6.5
size7_comp0.0_grid8_base_low,7,0.0,8,low,base,base,4,4,8,6,1,1,1,1,10,4,3,1,0.4,0.3,0.1,0.3,26.0,0.4846153846153846,0.4772727272727273,0.525,0.13963369963369962,1.4130398385575025,0.6818181818181818,0.3840347063907325,1.2614276409141212,0.355075908674901,1.0926012542232553,0.5428189438849914,0.1476501179721361,0.4846153846153846,260,10.6,6.3,6.1,3.0,6.9,4.2,6.8,7.1,14.3,6.2,0.8,3.1
size7_comp0.0_grid8_walls0_low,7,0.0,8,low,walls0,reshuffled_walls,4,4,8,6,1,1,1,1,5,2,0,0,0.4,0.0,0.0,0.0,32.0,0.4625,0.49193548387096775,0.3611111111111111,0.0,1.127985459164196,0.6521739130434783,0.4847438026807232,0.9421783178178492,0.42984499599464154,0.7320890524656889,0.608754064811355,0.1738215890389804,0.4625,160,12.8,9.4,7.4,2.4,8.0,6.2,6.2,10.6,19.4,9.6,1.2,4.4
size7_comp0.0_grid8_walls1_low,7,0.0,8,low,walls1,reshuffled_walls,4,4,8,6,1,1,1,1,5,5,5,0,1.0,1.0,0.0,1.0,16.4,0.6341463414634146,0.7380952380952381,0.525,0.535997965929316,0.4733813373216856,0.7058823529411765,0.4844761853897212,0.34573623785674307,0.4402905699796278,0.7797295760375478,0.29645139588028285,0.10114199525964232,0.6341463414634146,82,5.0,2.2,7.8,1.4,6.6,1.8,4.8,2.2,6.4,2.0,1.6,3.6
size7_comp0.0_grid9_RandomStart_2_5_low,7,0.0,9,low,RandomStart_2_5,random_starts,7,4,11,3,4,1,1,1,5,5,2,0,1.0,0.4,0.0,0.4,30.8,0.474025974025974,0.651685393258427,0.23076923076923078,0.1519047619047619,0.9712015766760916,0.6666666666666666,0.5133951835007471,0.9376712073440301,0.2562161087670731,0.7899449922641467,0.5495747264068646,0.32592066893309124,0.474025974025974,154,5.8,4.8,4.4,15.8,13.8,4.6,6.8,4.6,17.6,4.4,2.0,11.6
size7_comp0.0_grid9_RandomStart_3_3_low,7,0.0,9,low,RandomStart_3_3,random_starts,4,4,8,4,2,1,1,1,5,5,3,0,1.0,0.6,0.0,0.6,24.8,0.3387096774193548,0.8125,0.17391304347826086,0.24161616161616162,0.6530246181934846,0.6,0.5540221797520685,0.6117414105224553,0.224881211561292,0.7149494297000285,0.5789050112015258,0.39707124785398035,0.3387096774193548,124,3.0,4.2,0.2,17.4,16.6,1.6,3.8,1.8,17.2,1.8,5.2,15.2
size7_comp0.0_grid9_ReflectEnv_low,7,0.0,9,low,ReflectEnv,reflect,6,4,10,4,3,1,1,1,10,10,3,0,1.0,0.3,0.0,0.3,29.5,0.44745762711864406,0.5213675213675214,0.398876404494382,0.12774725274725274,1.0594820905646922,0.75,0.4839103837930677,0.4926677409412674,0.3193806263592725,0.9400450045420612,0.4794228955410575,0.3202849584380089,0.44745762711864406,295,13.3,5.2,6.7,4.3,12.9,4.8,5.5,5.3,18.8,4.2,0.9,9.0
size7_comp0.0_grid9_RotateEnv_low,7,0.0,9,low,RotateEnv,rotate,6,4,10,4,3,1,1,1,10,10,10,0,1.0,1.0,0.0,1.0,13.2,0.7651515151515151,0.6666666666666666,0.9761904761904762,0.7769012849895203,0.6809397310389881,0.6,0.3080673926978807,0.5085335704246324,0.2596601214112955,0.06699937051275447,0.14081907624267342,0.20653846153846156,0.7651515151515151,132,6.1,0.1,3.0,4.0,7.4,2.4,1.4,1.0,5.7,1.0,1.0,3.0
size7_comp0.0_grid9_StartGoalSwap_low,7,0.0,9,low,StartGoalSwap,start_goal_swap,4,6,10,4,3,1,1,1,10,8,0,2,0.8,0.0,0.2,0.0,30.1,0.3687707641196013,0.5815602836879432,0.18125,0.0,1.1109519275981796,0.7647058823529411,0.4636099966313359,0.9337360190447227,0.37443253256440207,0.8407064593642427,0.7330429170976744,0.2815028765844311,0.3687707641196013,301,18.1,4.6,3.7,3.7,13.2,5.4,3.8,6.7,21.2,5.7,12.8,11.4
size7_comp0.0_grid9_TransposeEnv_low,7,0.0,9,low,TransposeEnv,transpose,6,4,10,4,3,1,1,1,10,0,0,0,0.0,0.0,0.0,0.0,32.0,0.3625,0.3625,0.0,0.0,0.8887296913128009,0.6666666666666666,0.6255336823047718,0.8887296913128009,0.5595971137072608,0.0,0.0,0.23029063371501143,0.3625,320,15.0,7.1,4.5,5.4,8.0,6.1,7.0,9.9,24.0,7.4,0.0,7.8
size7_comp0.0_grid9_base_low,7,0.0,9,low,base,base,6,4,10,4,3,1,1,1,10,9,5,0,0.9,0.5,0.0,0.5,30.0,0.48,0.6464088397790055,0.226890756302521,0.18176554628167532,1.1294924957259385,0.6818181818181818,0.462957443898154,1.065002706119757,0.2719531904905533,0.768638062228776,0.5762236608637838,0.24729531673730704,0.48,300,6.4,6.2,2.8,14.6,11.1,6.4,6.6,4.9,17.4,4.6,2.8,9.8
size7_comp0.0_grid9_walls0_low,7,0.0,9,low,walls0,reshuffled_walls,6,4,10,4,3,1,1,1,5,3,1,0,0.6,0.2,0.0,0.2,31.8,0.4716981132075472,0.5619834710743802,0.18421052631578946,0.06451612903225806,1.030984826416007,0.7142857142857143,0.48229338800728927,0.9564681288124742,0.39716477425796304,0.7411904899464439,0.5866642712251839,0.17802938825716358,0.4716981132075472,159,7.4,6.8,5.2,12.4,9.6,5.8,8.6,6.8,19.8,6.0,2.4,8.0
size7_comp0.0_grid9_walls1_low,7,0.0,9,low,walls1,reshuffled_walls,6,4,10,4,3,1,1,1,5,5,4,0,1.0,0.8,0.0,0.8,28.4,0.4225352112676056,0.7777777777777778,0.20454545454545456,0.2921693121693122,0.6271654781149605,0.7058823529411765,0.5591452810328319,0.5905740441362115,0.21106992647774817,0.7480580013611864,0.5866696707985564,0.3085085288595725,0.4225352112676056,142,4.4,5.0,1.0,18.0,14.2,4.2,6.4,2.6,17.2,2.6,3.0,14.0
size7_comp0.2_grid0_RandomStart_2_5_low,7,0.2,0,low,RandomStart_2_5,random_starts,1,8,9,7,1,1,1,1,5,5,4,0,1.0,0.8,0.0,0.8,23.6,0.6101694915254238,0.6,0.6129032258064516,0.36345238095238097,0.6834480972274504,0.6470588235294118,0.4962018444432933,0.3987540552878328,0.42602655988316956,0.7983037896080935,0.3076610084648169,0.1459320435326627,0.6101694915254238,118,7.0,3.4,5.6,7.6,7.0,3.2,8.4,4.0,12.0,3.8,0.6,2.8
size7_comp0.2_grid0_RandomStart_4_5_low,7,0.2,0,low,RandomStart_4_5,random_starts,3,8,11,5,3,1,1,1,5,5,5,0,1.0,1.0,0.0,1.0,20.2,0.7128712871287128,0.8947368421052632,0.6707317073170732,0.5635042735042736,0.7602447841791227,0.5789473684210527,0.38868210446057133,0.24598972784105175,0.22026655993185695,0.7507197144167224,0.3492034196198121,0.10548340548340548,0.7128712871287128,101,6.0,2.0,5.8,6.4,6.4,2.8,6.8,3.2,7.2,2.8,1.2,2.4
size7_comp0.2_grid0_ReflectEnv_low,7,0.2,0,low,ReflectEnv,reflect,3,8,11,5,3,1,1,1,10,7,1,0,0.7,0.1,0.0,0.1,31.6,0.28164556962025317,0.19911504424778761,0.4888888888888889,0.039285714285714285,0.8343054439654078,0.5,0.5581405276187802,0.748551955306127,0.35511939006029947,0.5284875096110393,0.32170478254928225,0.295047523188785,0.28164556962025317,316,8.5,3.8,3.1,16.2,17.6,5.7,5.4,1.9,24.2,1.4,0.6,20.1
size7_comp0.2_grid0_RotateEnv_low,7,0.2,0,low,RotateEnv,rotate,3,8,11,5,3,1,1,1,10,10,5,0,1.0,0.5,0.0,0.5,27.0,0.3962962962962963,0.5614035087719298,0.352112676056338,0.2646831712348954,0.6389121520030667,0.5625,0.6188186591248892,0.6445402892073532,0.32335816920278626,0.635535269680495,0.41723854417091777,0.36153894685678367,0.3962962962962963,270,15.5,2.5,5.5,3.5,17.5,5.2,3.0,0.3,15.8,0.0,0.0,15.6
size7_comp0.2_grid0_StartGoalSwap_low,7,0.2,0,low,StartGoalSwap,start_goal_swap,8,3,11,5,3,1,1,1,10,2,2,1,0.2,0.2,0.1,0.2,29.5,0.27796610169491526,0.26480836236933797,0.75,0.07333333333333333,0.9537700551466405,0.4117647058823529,0.5287322449174513,0.9272904491506971,0.5098554930422382,0.3333333333333333,0.10375937481971094,0.12976547236541677,0.27796610169491526,295,13.8,6.2,4.4,5.1,8.7,6.1,7.8,5.9,23.5,3.2,0.1,16.0
size7_comp0.2_grid0_TransposeEnv_low,7,0.2,0,low,TransposeEnv,transpose,3,8,11,5,3,1,1,1,10,10,0,0,1.0,0.0,0.0,0.0,32.0,0.45625,0.631578947368421,0.38222222222222224,0.0,1.0896406879352187,0.5789473684210527,0.6154656733052699,0.9413544760007215,0.1886866520471872,1.0584132697998658,0.5763250149475388,0.32113874769729583,0.45625,320,11.2,7.0,4.9,8.9,8.2,7.9,7.4,7.5,21.2,5.3,6.9,7.5
size7_comp0.2_grid0_base_low,7,0.2,0,low,base,base,3,8,11,5,3,1,1,1,10,6,2,3,0.6,0.2,0.3,0.2,26.2,0.46564885496183206,0.3785310734463277,0.6470588235294118,0.10238095238095238,1.2051598463609505,0.5625,0.40486408222038495,1.2593809612060414,0.4524035574234809,0.7889919955755099,0.27428437367806574,0.09935045948203838,0.46564885496183206,262,7.9,5.8,4.3,8.2,5.3,6.1,7.6,6.2,17.0,5.3,0.4,5.1
size7_comp0.2_grid0_walls0_low,7,0.2,0,low,walls0,reshuffled_walls,3,8,11,5,3,1,1,1,2,2,1,0,1.0,0.5,0.0,0.5,30.5,0.6065573770491803,0.5116279069767442,0.8333333333333334,0.1896551724137931,0.7775971289047194,0.5882352941176471,0.361116442270391,0.6642100183310417,0.3952618819617845,0.2757663462093197,0.25921702891038767,0.0651960784313725,0.6065573770491803,61,11.0,7.5,4.5,7.5,8.5,5.5,6.5,9.0,17.0,8.0,0.5,3.5
size7_comp0.2_grid0_walls1_low,7,0.2,0,low,walls1,reshuffled_walls,3,8,11,5,3,1,1,1,5,4,1,0,0.8,0.2,0.0,0.2,31.6,0.5,0.45535714285714285,0.6086956521739131,0.07333333333333333,1.0979481511615123,0.5,0.43664584927777017,0.8823406498021195,0.4000796866236398,0.7593524418457626,0.23411960197637688,0.14618351434140908,0.5,158,8.0,8.8,5.8,9.0,7.2,7.4,8.0,8.0,19.2,6.6,2.4,6.0
size7_comp0.2_grid1_RandomStart_1_3_low,7,0.2,1,low,RandomStart_1_3,random_starts,3,4,7,1,3,1,1,1,2,2,1,0,1.0,0.5,0.0,0.5,22.5,0.4666666666666667,0.875,0.3783783783783784,0.2692307692307692,0.9264375444023154,0.6,0.649653539626526,0.3836591668108979,0.20414416792478166,0.7606755122187405,0.5391448003621453,0.3738095238095238,0.4666666666666667,45,10.0,5.5,2.5,4.5,6.0,4.5,5.0,6.0,13.5,3.5,2.0,6.5
size7_comp0.2_grid1_RandomStart_5_3_low,7,0.2,1,low,RandomStart_5_3,random_starts,5,4,9,5,3,1,1,1,3,3,0,0,1.0,0.0,0.0,0.0,32.0,0.3020833333333333,0.5,0.21212121212121213,0.0,0.6786220307233576,0.5833333333333334,0.7128066384710904,0.7368015922877176,0.2654345307056965,0.6780405388104326,0.6904704408740499,0.3819444444444444,0.3020833333333333,96,20.333333333333332,4.333333333333333,4.333333333333333,3.0,13.333333333333334,8.0,3.3333333333333335,6.333333333333333,23.0,3.0,3.3333333333333335,16.0
size7_comp0.2_grid1_ReflectEnv_low,7,0.2,1,low,ReflectEnv,reflect,3,4,7,3,2,1,1,1,10,10,10,0,1.0,1.0,0.0,1.0,16.9,0.5325443786982249,0.6666666666666666,0.44660194174757284,0.4404891526602053,1.0426989754468678,0.6,0.3451890062172681,0.709672399450677,0.37761305298878045,0.7800043884528759,0.23839338774167393,0.2799774774774775,0.5325443786982249,169,3.6,4.5,1.3,7.5,6.2,2.9,3.7,3.1,9.9,2.8,0.3,5.9
size7_comp0.2_grid1_RotateEnv_low,7,0.2,1,low,RotateEnv,rotate,3,4,7,3,2,1,1,1,10,6,6,0,0.6,0.6,0.0,0.6,22.7,0.43612334801762115,0.37373737373737376,0.8620689655172413,0.2815782828282828,0.9230076858183656,0.5238095238095238,0.4498258054372406,0.8486154126839087,0.4357190979936654,0.6217628008305608,0.0564185416736071,0.20914154179652833,0.43612334801762115,227,8.6,4.6,4.3,5.2,6.7,5.5,3.8,5.7,14.3,4.5,0.5,6.6
size7_comp0.2_grid1_StartGoalSwap_low,7,0.2,1,low,StartGoalSwap,start_goal_swap,4,3,7,3,2,1,1,1,10,10,10,0,1.0,1.0,0.0,1.0,12.4,0.6612903225806451,0.7301587301587301,0.5901639344262295,0.6615821678321678,0.9847433857050691,0.5454545454545454,0.3379554859229372,0.6200167647589249,0.31497292220343237,0.8357035988476639,0.16373885280725844,0.10695854650400104,0.6612903225806451,124,3.8,2.5,1.8,4.3,4.0,2.6,3.2,1.6,4.9,1.5,0.1,3.0
size7_comp0.2_grid1_TransposeEnv_low,7,0.2,1,low,TransposeEnv,transpose,3,4,7,3,2,1,1,1,10,5,5,5,0.5,0.5,0.5,0.5,12.0,0.5,0.3979591836734694,0.9545454545454546,0.2767764493570945,0.9523663446575134,0.6666666666666666,0.31604953281082104,0.6642872384103873,0.4451021560106531,0.24183981276314728,0.18804710529542903,0.08501056888153657,0.5,120,6.1,1.1,1.9,2.9,4.3,2.0,2.3,2.4,6.7,1.9,0.3,3.0
size7_comp0.2_grid1_base_low,7,0.2,1,low,base,base,3,4,7,3,2,1,1,1,10,10,0,0,1.0,0.0,0.0,0.0,32.0,0.3,0.9375,0.22916666666666666,0.0,0.9895168297481641,0.5,0.6920441910373906,0.41137385143482824,0.1156848377049477,1.0452435753006006,0.6647437241593129,0.48081479041524866,0.3,320,17.4,5.3,4.1,5.2,10.8,6.8,5.0,8.4,25.1,4.9,4.3,13.9
size7_comp0.2_grid1_walls0_low,7,0.2,1,low,walls0,reshuffled_walls,3,4,7,3,3,1,1,1,4,4,1,0,1.0,0.25,0.0,0.25,28.0,0.36607142857142855,0.7222222222222222,0.2978723404255319,0.109375,0.8660969622632206,0.4,0.5927370655894387,0.36096404744368116,0.25732405440393014,0.9741763581146756,0.5466767674857592,0.39025974025974025,0.36607142857142855,112,14.25,4.25,4.25,5.25,8.25,8.0,4.75,6.0,21.0,4.5,3.25,10.75
size7_comp0.2_grid1_walls1_low,7,0.2,1,low,walls1,reshuffled_walls,3,4,7,3,2,1,1,1,5,5,1,0,1.0,0.2,0.0,0.2,28.4,0.4154929577464789,0.7619047619047619,0.35537190082644626,0.1,1.226064564715829,0.5833333333333334,0.48291114869268376,0.24598972784105175,0.33117378653833446,0.9794470535765839,0.4675204133207433,0.4170647780403878,0.4154929577464789,142,13.0,5.0,5.2,5.2,8.2,7.2,5.0,7.0,19.8,4.8,3.8,8.2
size7_comp0.2_grid2_RandomStart_1_1_low,7,0.2,2,low,RandomStart_1_1,random_starts,7,3,10,8,1,1,1,1,2,1,0,0,0.5,0.0,0.0,0.0,32.0,0.4375,0.5,0.1,0.0,0.6840004331726903,0.5555555555555556,0.4586306442461181,0.7380468413957988,0.36835943587517717,0.25162916738782287,0.5,0.13343153759820425,0.4375,64,7.0,7.5,6.0,11.5,9.0,8.5,7.0,6.5,22.0,6.0,4.0,7.5
size7_comp0.2_grid2_RandomStart_4_5_low,7,0.2,2,low,RandomStart_4_5,random_starts,4,3,7,1,3,1,1,1,5,3,2,0,0.6,0.4,0.0,0.4,26.4,0.42424242424242425,0.48484848484848486,0.24242424242424243,0.15555555555555556,1.0923815250310416,0.42857142857142855,0.5134443201024554,0.9400339291815237,0.4397447725234504,0.8887307652969111,0.5198168970989493,0.37534287908711866,0.42424242424242425,132,8.0,6.0,4.2,8.2,7.4,5.0,5.4,7.6,19.0,6.8,1.8,7.8
size7_comp0.2_grid2_ReflectEnv_low,7,0.2,2,low,ReflectEnv,reflect,5,3,8,6,1,1,1,1,10,4,2,0,0.4,0.2,0.0,0.2,30.2,0.2947019867549669,0.28027681660899656,0.6153846153846154,0.07076923076923078,0.9058614339156615,0.5,0.52353435721729,1.0404571314606554,0.6031235333792493,0.38154107141819305,0.45643423779004505,0.24773600233228413,0.2947019867549669,302,15.1,3.7,8.2,3.2,12.1,6.8,5.3,5.0,22.1,3.3,0.2,15.8
size7_comp0.2_grid2_RotateEnv_low,7,0.2,2,low,RotateEnv,rotate,5,3,8,6,1,1,1,1,10,9,9,0,0.9,0.9,0.0,0.9,19.8,0.5353535353535354,0.4652777777777778,0.7222222222222222,0.4803856655024619,1.0452056622943204,0.5,0.3943195116996574,1.0413689562158082,0.28240642389134446,0.7795154516975268,0.25322587535105945,0.18274850149850147,0.5353535353535354,198,6.6,1.4,6.4,5.4,6.2,3.8,5.9,2.9,10.0,2.3,0.6,6.3
size7_comp0.2_grid2_StartGoalSwap_low,7,0.2,2,low,StartGoalSwap,start_goal_swap,3,5,8,6,1,1,1,1,10,4,0,1,0.4,0.0,0.1,0.0,30.4,0.3815789473684211,0.5,0.16037735849056603,0.0,1.162750919205358,0.5263157894736842,0.45844039041229634,1.2137323045949777,0.30970377962373896,0.6738414678514182,0.803947604243708,0.2844834810208771,0.3815789473684211,304,15.7,5.1,5.5,4.1,10.1,6.3,5.7,7.3,21.0,6.4,0.2,8.9
size7_comp0.2_grid2_TransposeEnv_low,7,0.2,2,low,TransposeEnv,transpose,5,3,8,6,1,1,1,1,10,1,1,0,0.1,0.1,0.0,0.1,31.0,0.3903225806451613,0.3853820598006645,0.5555555555555556,0.03636363636363636,1.2767043142959624,0.5,0.41259428118899727,1.3735034635671073,0.47373174389080036,0.6339850002884624,0.18365916681089792,0.16878043456990827,0.3903225806451613,310,8.6,7.0,5.3,10.1,6.3,7.9,7.9,7.9,22.0,6.6,0.3,7.3
size7_comp0.2_grid2_base_low,7,0.2,2,low,base,base,5,3,8,6,1,1,1,1,10,2,1,0,0.2,0.1,0.0,0.1,30.6,0.37254901960784315,0.3745704467353952,0.3333333333333333,0.04444444444444444,1.4015219048110648,0.5882352941176471,0.42518330691655576,1.3241030283028905,0.379610615943957,0.5739760316291208,0.3070882238233735,0.24760477181086726,0.37254901960784315,306,6.1,10.7,7.5,6.3,7.3,7.6,7.2,7.5,22.0,6.0,1.0,8.7
size7_comp0.2_grid2_walls0_low,7,0.2,2,low,walls0,reshuffled_walls,5,3,8,6,2,1,1,1,3,3,1,0,1.0,0.3333333333333333,0.0,0.3333333333333333,31.0,0.41935483870967744,0.6590909090909091,0.20408163265306123,0.09195402298850575,0.8937972623208981,0.3333333333333333,0.40090735000152466,0.734795047169729,0.2756686384620803,1.2031378807421715,0.6212910597710595,0.17426406926406926,0.41935483870967744,93,8.0,7.0,1.3333333333333333,14.666666666666666,8.666666666666666,7.666666666666667,8.0,5.666666666666667,19.666666666666668,5.333333333333333,6.333333333333333,10.666666666666666
size7_comp0.2_grid2_walls1_low,7,0.2,2,low,walls1,reshuffled_walls,5,3,8,6,1,1,1,1,5,5,3,0,1.0,0.6,0.0,0.6,29.6,0.44594594594594594,0.6071428571428571,0.234375,0.1747376311844078,0.9241068455530174,0.5294117647058824,0.4508257561868689,0.9878639493153648,0.3474628249629844,0.7168962583253883,0.4434008949226624,0.2723399966047025,0.44594594594594594,148,5.8,8.2,1.4,14.2,10.6,5.8,6.2,6.0,17.6,5.4,4.8,10.6
size7_comp0.2_grid3_RandomStart_2_4_low,7,0.2,3,low,RandomStart_2_4,random_starts,2,4,6,2,2,1,1,1,5,5,5,0,1.0,1.0,0.0,1.0,16.2,0.5555555555555556,0.6666666666666666,0.49019607843137253,0.4252014652014652,1.2247314257146291,0.5555555555555556,0.4704086522055827,0.8413209183584511,0.27991589833912384,0.9750544129681072,0.3392721212133879,0.4646825396825397,0.5555555555555556,81,4.8,3.0,6.2,2.2,3.4,3.2,5.8,2.8,9.2,2.6,1.4,4.2
size7_comp0.2_grid3_RandomStart_5_2_low,7,0.2,3,low,RandomStart_5_2,random_starts,7,4,11,5,3,1,1,1,2,0,0,0,0.0,0.0,0.0,0.0,32.0,0.34375,0.34375,0.0,0.0,0.9694129152439227,0.2727272727272727,0.5108397937969062,0.9694129152439227,0.6333685781225342,0.0,0.0,0.3440082644628099,0.34375,64,12.5,5.5,6.5,7.5,9.0,10.0,7.0,5.0,24.0,3.5,0.0,9.5
size7_comp0.2_grid3_ReflectEnv_low,7,0.2,3,low,ReflectEnv,reflect,5,4,9,3,3,1,1,1,10,10,10,0,1.0,1.0,0.0,1.0,19.5,0.5384615384615384,0.5,0.5824175824175825,0.4764293848566294,0.7299868610479723,0.5333333333333333,0.5323993083131998,0.4997294307010647,0.25120918532307956,0.8139232445546558,0.3006646343932089,0.30658288033945613,0.5384615384615384,195,6.1,7.8,1.7,3.9,10.6,4.8,1.8,1.3,9.4,1.0,0.0,7.5
size7_comp0.2_grid3_RotateEnv_low,7,0.2,3,low,RotateEnv,rotate,5,4,9,3,3,1,1,1,10,9,2,1,0.9,0.2,0.1,0.2,26.9,0.3643122676579926,0.6923076923076923,0.23036649214659685,0.09285714285714286,1.0647176093693165,0.5625,0.45238160265327326,0.8505438371885707,0.3274320982901343,0.8216036774784281,0.42719394624327045,0.31726095541885013,0.3643122676579926,269,13.8,5.5,2.3,5.1,14.2,5.8,3.4,2.2,15.9,1.4,0.2,11.7
size7_comp0.2_grid3_StartGoalSwap_low,7,0.2,3,low,StartGoalSwap,start_goal_swap,4,5,9,3,3,1,1,1,10,4,4,2,0.4,0.4,0.2,0.4,24.6,0.4878048780487805,0.4434389140271493,0.88,0.20537474290415467,1.181707813918045,0.5294117647058824,0.41849852015738126,1.0579150634226762,0.4659066248922196,0.38297866047458745,0.2014266187107794,0.14134497981048935,0.4878048780487805,246,8.4,7.7,3.1,5.3,6.8,4.4,4.9,7.3,17.0,6.5,0.3,3.7
size7_comp0.2_grid3_TransposeEnv_low,7,0.2,3,low,TransposeEnv,transpose,5,4,9,3,3,1,1,1,10,5,4,5,0.5,0.4,0.5,0.4,17.6,0.5113636363636364,0.5849056603773585,0.4,0.1599233193277311,1.2562744070964507,0.42105263157894735,0.37798108812104186,1.2093867830752385,0.3767756277211321,0.9501242290143189,0.5357059056064484,0.21605808780324007,0.5113636363636364,176,8.5,3.3,3.5,2.3,4.7,4.1,3.5,4.3,10.6,3.7,1.8,4.5
size7_comp0.2_grid3_base_low,7,0.2,3,low,base,base,5,4,9,3,3,1,1,1,10,8,7,0,0.8,0.7,0.0,0.7,22.9,0.5458515283842795,0.5380116959064327,0.5689655172413793,0.3826886180969665,1.2675423343387853,0.47619047619047616,0.45820667025835055,1.1956990677088604,0.4133200949111777,0.6957870785969985,0.41779308211522986,0.268008329556221,0.5458515283842795,229,7.7,5.5,6.7,3.0,6.4,3.6,6.2,5.7,12.2,4.4,0.3,4.7
size7_comp0.2_grid3_walls0_low,7,0.2,3,low,walls0,reshuffled_walls,5,4,9,3,3,1,1,1,3,2,2,0,0.6666666666666666,0.6666666666666666,0.0,0.6666666666666666,24.333333333333332,0.4246575342465753,0.3492063492063492,0.9,0.3379120879120879,0.856269682387327,0.5294117647058824,0.48203489667052596,1.0531907305441723,0.49976943737947294,0.3836591668108979,0.19091104260026134,0.16893939393939394,0.4246575342465753,73,9.666666666666666,5.0,4.333333333333333,5.333333333333333,8.666666666666666,3.6666666666666665,5.333333333333333,5.666666666666667,14.666666666666666,3.3333333333333335,0.0,9.0
size7_comp0.2_grid3_walls1_low,7,0.2,3,low,walls1,reshuffled_walls,5,4,9,3,3,1,1,1,5,0,0,3,0.0,0.0,0.6,0.0,21.2,0.33962264150943394,0.33962264150943394,0.0,0.0,1.3398886650080364,0.5454545454545454,0.39925832870961675,1.3398886650080364,0.5075097726987436,0.0,0.0,0.2621933621933622,0.33962264150943394,106,8.6,3.4,4.2,5.0,5.4,5.2,4.4,5.2,14.4,3.8,0.0,6.6
size7_comp0.2_grid4_RandomStart_2_3_low,7,0.2,4,low,RandomStart_2_3,random_starts,3,4,7,3,2,1,1,1,5,5,2,0,1.0,0.4,0.0,0.4,30.6,0.35294117647058826,0.5333333333333333,0.3089430894308943,0.09975,0.9329253860564648,0.6,0.5931251108279152,0.3683379990378441,0.28166431528073893,1.07407223281112,0.531405937084591,0.2576038134552066,0.35294117647058826,153,12.4,6.0,1.8,10.4,11.0,5.8,7.8,5.0,19.8,3.0,0.0,13.0
size7_comp0.2_grid4_RandomStart_5_5_low,7,0.2,4,low,RandomStart_5_5,random_starts,6,4,10,2,4,1,1,1,5,4,0,1,0.8,0.0,0.2,0.0,26.0,0.4307692307692308,0.6923076923076923,0.31868131868131866,0.0,0.9682866808446935,0.6153846153846154,0.5531521578282479,0.6102548563646811,0.27929184800237206,1.042912997673486,0.5976327844483142,0.4633655323171453,0.4307692307692308,130,11.4,4.8,3.2,6.6,9.6,5.2,4.6,5.6,17.4,4.2,0.4,7.6
size7_comp0.2_grid4_ReflectEnv_low,7,0.2,4,low,ReflectEnv,reflect,5,4,9,3,3,1,1,1,10,10,4,0,1.0,0.4,0.0,0.4,26.6,0.44360902255639095,0.7108433734939759,0.3224043715846995,0.23555900621118014,1.0941654497465574,0.5789473684210527,0.5462199082907935,0.8812666366299355,0.22160441060070507,1.2192707505841436,0.4636173687667767,0.2962989706145971,0.44360902255639095,266,9.5,5.6,3.6,7.9,8.3,5.3,6.6,5.4,15.3,4.1,0.6,8.5
size7_comp0.2_grid4_RotateEnv_low,7,0.2,4,low,RotateEnv,rotate,5,4,9,3,3,1,1,1,10,4,4,0,0.4,0.4,0.0,0.4,29.9,0.38461538461538464,0.35555555555555557,0.6551724137931034,0.1376488095238095,1.086515995799019,0.625,0.4312964365240104,1.040063472974701,0.47789662635005287,0.7377866011609385,0.2447154644388343,0.2606771495996142,0.38461538461538464,299,14.9,6.0,4.5,4.5,10.5,5.4,5.0,8.0,22.2,5.8,0.8,11.5
size7_comp0.2_grid4_StartGoalSwap_low,7,0.2,4,low,StartGoalSwap,start_goal_swap,4,5,9,3,3,1,1,1,10,10,8,0,1.0,0.8,0.0,0.8,21.6,0.5046296296296297,0.46153846153846156,0.5555555555555556,0.4366837732160313,1.233451085987221,0.5263157894736842,0.44615085634834845,0.91828419821452,0.39787754872875125,0.919629345175239,0.24411899837780288,0.33413184230358745,0.5046296296296297,216,8.1,4.1,2.7,6.7,10.0,3.9,4.7,2.0,11.9,1.7,0.5,8.4
size7_comp0.2_grid4_TransposeEnv_low,7,0.2,4,low,TransposeEnv,transpose,5,4,9,3,3,1,1,1,10,2,2,0,0.2,0.2,0.0,0.2,29.5,0.4033898305084746,0.38345864661654133,0.5862068965517241,0.09538043478260869,0.8939411991202704,0.5238095238095238,0.5660296636241733,0.9277069093332907,0.44298444549736643,0.4930526985385036,0.4090391457940909,0.1238879520527664,0.4033898305084746,295,12.9,3.5,6.2,6.9,7.7,6.9,6.8,7.1,19.5,5.7,0.0,7.6
size7_comp0.2_grid4_base_low,7,0.2,4,low,base,base,5,4,9,3,3,1,1,1,10,10,4,0,1.0,0.4,0.0,0.4,25.0,0.484,0.8095238095238095,0.37433155080213903,0.2838502673796791,1.4495460515706875,0.6153846153846154,0.4117095303476962,0.6739798793861518,0.11248074374371528,1.242886078768986,0.4218739642670673,0.21948680743245325,0.484,250,9.3,5.5,3.6,6.6,8.6,5.2,5.0,5.2,15.4,4.2,0.7,6.9
size7_comp0.2_grid4_walls0_low,7,0.2,4,low,walls0,reshuffled_walls,5,6,11,3,5,1,1,1,3,3,0,0,1.0,0.0,0.0,0.0,32.0,0.4583333333333333,0.75,0.3611111111111111,0.0,1.0095961598285528,0.38461538461538464,0.6839961479010598,0.37548875021634687,0.26045776346496613,1.1657666226738663,0.6865643716106217,0.24414335664335662,0.4583333333333333,96,12.0,8.333333333333334,4.666666666666667,7.0,9.333333333333334,6.0,6.333333333333333,9.333333333333334,21.666666666666668,7.666666666666667,2.6666666666666665,9.0
size7_comp0.2_grid4_walls1_low,7,0.2,4,low,walls1,reshuffled_walls,5,6,11,3,5,1,1,1,5,5,0,0,1.0,0.0,0.0,0.0,32.0,0.41875,0.8055555555555556,0.3064516129032258,0.0,1.21582907918383,0.5,0.6054056952220275,0.2509830906046244,0.17535048644772716,0.9749858610636332,0.5306469425288276,0.3571274896905149,0.41875,160,10.6,5.0,6.4,10.0,10.4,6.8,7.4,6.4,21.0,4.4,4.6,11.2
size7_comp0.2_grid5_RandomStart_1_1_low,7,0.2,5,low,RandomStart_1_1,random_starts,2,4,6,6,0,1,1,1,5,5,5,0,1.0,1.0,0.0,1.0,12.2,0.5901639344262295,0.5161290322580645,0.6666666666666666,0.6294871794871795,0.8207238729884929,0.4,0.26155497481150586,0.8686155696335361,0.342382207225147,0.4560892933223767,0.14249645803926628,0.13904761904761903,0.5901639344262295,61,2.0,3.0,0.8,6.4,4.8,2.8,2.4,1.2,5.4,0.8,0.6,3.8
size7_comp0.2_grid5_RandomStart_1_5_low,7,0.2,5,low,RandomStart_1_5,random_starts,4,4,8,6,2,1,1,1,3,2,2,0,0.6666666666666666,0.6666666666666666,0.0,0.6666666666666666,25.333333333333332,0.4868421052631579,0.4461538461538462,0.7272727272727273,0.2793650793650793,0.7506522781709146,0.3,0.4004180707342134,1.0892620312090797,0.387242295105811,0.24273764861366715,0.09895390050083958,0.2535507246376812,0.4868421052631579,76,8.0,5.333333333333333,5.666666666666667,6.333333333333333,5.666666666666667,5.333333333333333,6.333333333333333,7.0,17.666666666666668,6.333333333333333,0.0,7.0
size7_comp0.2_grid5_ReflectEnv_low,7,0.2,5,low,ReflectEnv,reflect,3,4,7,3,2,1,1,1,10,10,2,0,1.0,0.2,0.0,0.2,28.7,0.31010452961672474,0.7954545454545454,0.2222222222222222,0.09273504273504274,0.9843791475543586,0.4166666666666667,0.4677262305924966,0.6231572052718166,0.1674429090495408,1.0337549938886932,0.45930984205737657,0.36267468610251113,0.31010452961672474,287,17.4,2.7,5.3,3.3,13.0,5.0,5.6,4.1,21.7,2.4,1.5,14.9
size7_comp0.2_grid5_RotateEnv_low,7,0.2,5,low,RotateEnv,rotate,3,4,7,3,2,1,1,1,10,3,2,2,0.3,0.2,0.2,0.2,25.2,0.3412698412698413,0.3194444444444444,0.4722222222222222,0.06133333333333333,1.079063480602561,0.4117647058823529,0.35412285734729976,1.516594444865427,0.4385039666912597,0.5328289954581236,0.36840073085927594,0.1559105498024172,0.3412698412698413,252,9.1,3.7,5.0,7.2,6.6,5.7,5.3,6.4,18.2,5.1,0.7,8.5
size7_comp0.2_grid5_StartGoalSwap_low,7,0.2,5,low,StartGoalSwap,start_goal_swap,4,3,7,3,2,1,1,1,10,4,1,0,0.4,0.1,0.0,0.1,29.9,0.22742474916387959,0.2099644128113879,0.5,0.06363636363636363,1.0960351094823297,0.36363636363636365,0.5850986851424037,1.0878720526928194,0.537509503420279,0.6732757806684553,0.43174961920713406,0.44136187760678947,0.22742474916387959,299,20.1,1.9,4.8,3.1,15.4,5.9,4.4,3.2,23.6,1.8,0.2,19.1
size7_comp0.2_grid5_TransposeEnv_low,7,0.2,5,low,TransposeEnv,transpose,3,4,7,3,2,1,1,1,10,9,2,0,0.9,0.2,0.0,0.2,30.9,0.39158576051779936,0.38926174496644295,0.39375,0.053304597701149425,1.3541571712893261,0.5263157894736842,0.49230142037274865,0.947968076062106,0.3603597460570167,1.126137511167391,0.4374991098751523,0.2419542060471596,0.39158576051779936,309,10.8,6.4,5.8,7.9,10.4,7.7,5.8,6.0,20.1,5.0,2.5,10.0
size7_comp0.2_grid5_base_low,7,0.2,5,low,base,base,3,4,7,3,2,1,1,1,10,9,6,0,0.9,0.6,0.0,0.6,23.1,0.4458874458874459,0.4305555555555556,0.47126436781609193,0.30525884606716247,1.1911348915009827,0.47368421052631576,0.4469869544375039,1.1348076062572316,0.3581259712361735,0.5251350200228689,0.4566502564092216,0.23953657869659167,0.4458874458874459,231,7.9,4.5,4.1,6.6,9.1,4.3,4.4,4.3,14.9,3.8,0.5,7.8
size7_comp0.2_grid5_walls0_low,7,0.2,5,low,walls0,reshuffled_walls,3,4,7,3,2,1,1,1,2,2,2,0,1.0,1.0,0.0,1.0,19.5,0.5641025641025641,0.52,0.6428571428571429,0.4212962962962963,0.8835529594607084,0.2857142857142857,0.3246510284668355,0.6175582777368589,0.2819715604493015,0.36731833362179583,0.19226010922149744,0.3292517006802721,0.5641025641025641,39,4.0,3.0,5.5,7.0,5.5,3.0,6.0,4.0,13.5,4.0,3.0,4.5
size7_comp0.2_grid5_walls1_low,7,0.2,5,low,walls1,reshuffled_walls,3,4,7,3,2,1,1,1,4,4,4,0,1.0,1.0,0.0,1.0,9.75,0.7948717948717948,0.8235294117647058,0.7727272727272727,0.7638888888888888,0.8076543028870817,0.4,0.2669948005411171,0.603759374819711,0.21821276176394902,0.4440510645713997,0.1270742255951079,0.25833333333333336,0.7948717948717948,39,2.5,1.25,1.5,4.5,4.25,1.75,1.25,1.5,3.25,1.0,0.5,1.25
size7_comp0.2_grid6_RandomStart_1_3_low,7,0.2,6,low,RandomStart_1_3,random_starts,5,3,8,6,1,1,1,1,3,3,3,0,1.0,1.0,0.0,1.0,11.333333333333334,0.8529411764705882,0.9411764705882353,0.7647058823529411,0.746031746031746,0.6821143940705133,0.5454545454545454,0.15637692093718752,0.2857142857142857,0.11589687492273326,0.5464773148949433,0.19088816680320228,0.30303030303030304,0.8529411764705882,34,2.3333333333333335,2.3333333333333335,1.3333333333333333,5.333333333333333,3.0,3.0,3.0,1.3333333333333333,2.6666666666666665,1.3333333333333333,0.3333333333333333,0.0
size7_comp0.2_grid6_RandomStart_5_1_low,7,0.2,6,low,RandomStart_5_1,random_starts,5,3,8,2,3,1,1,1,2,0,0,2,0.0,0.0,1.0,0.0,18.5,0.3783783783783784,0.3783783783783784,0.0,0.0,1.186714180901163,0.25,0.3858192644153515,1.186714180901163,0.5489954936020348,0.0,0.0,0.31746031746031744,0.3783783783783784,37,3.5,5.0,3.0,7.0,4.0,3.0,4.5,6.0,15.5,4.5,0.0,6.5
size7_comp0.2_grid6_ReflectEnv_low,7,0.2,6,low,ReflectEnv,reflect,5,3,8,4,2,1,1,1,10,2,2,0,0.2,0.2,0.0,0.2,31.5,0.29523809523809524,0.28431372549019607,0.6666666666666666,0.054252873563218396,1.0072557684060315,0.5625,0.5063708086086955,1.165010900003218,0.5089880715918661,0.3236501981515562,0.33945728364054134,0.22276785714285718,0.29523809523809524,315,12.3,6.3,3.9,9.0,8.9,7.2,8.2,6.2,24.6,4.1,0.0,13.6
size7_comp0.2_grid6_RotateEnv_low,7,0.2,6,low,RotateEnv,rotate,5,3,8,4,2,1,1,1,10,3,0,0,0.3,0.0,0.0,0.0,32.0,0.3875,0.39473684210526316,0.25,0.0,1.1136659176314418,0.5294117647058824,0.5566870235184761,1.1664275950029273,0.3953697543373207,0.8674447565645105,0.6864283392434825,0.3213145975275601,0.3875,320,9.9,11.0,4.5,6.6,6.3,6.6,7.5,10.6,24.1,8.2,0.0,8.5
size7_comp0.2_grid6_StartGoalSwap_low,7,0.2,6,low,StartGoalSwap,start_goal_swap,3,5,8,4,2,1,1,1,10,9,7,0,0.9,0.7,0.0,0.7,25.9,0.3783783783783784,0.3464566929133858,0.4090909090909091,0.26210727893203717,0.9759642749912144,0.4,0.4537147987853312,0.6062008033047624,0.2521884118340256,0.6785997388629151,0.3778518610179451,0.1356707006289974,0.3783783783783784,259,11.9,4.0,3.6,6.3,11.4,5.3,5.9,2.1,16.8,1.8,0.8,12.8
size7_comp0.2_grid6_TransposeEnv_low,7,0.2,6,low,TransposeEnv,transpose,5,3,8,4,2,1,1,1,10,8,3,2,0.8,0.3,0.2,0.3,22.4,0.42857142857142855,0.631578947368421,0.32432432432432434,0.143030303030303,1.190846548318017,0.5,0.4127971694472734,0.6978916248033092,0.23017627101872667,1.2302868707996848,0.39796620727880916,0.2774769821721792,0.42857142857142855,224,5.5,5.8,1.6,9.5,9.0,4.1,5.1,3.2,14.1,2.4,1.5,8.0
size7_comp0.2_grid6_base_low,7,0.2,6,low,base,base,5,3,8,4,2,1,1,1,10,7,7,3,0.7,0.7,0.3,0.7,12.7,0.6692913385826772,0.6455696202531646,0.7083333333333334,0.39416727063785884,0.8901772285236635,0.5,0.3646564717397602,0.7414070339540855,0.3435780251563837,0.7073836702071583,0.4257026107814819,0.11942246684248747,0.6692913385826772,127,2.3,4.5,1.1,4.8,3.7,2.2,4.0,1.8,5.2,1.6,0.9,1.9
size7_comp0.2_grid6_walls0_low,7,0.2,6,low,walls0,reshuffled_walls,5,3,8,4,3,1,1,1,5,4,2,1,0.8,0.4,0.2,0.4,27.4,0.5109489051094891,0.5961538461538461,0.4588235294117647,0.1211781206171108,1.1288986464791595,0.5094402778579062,0.37169543162698876,0.7000909775523998,0.3442090525346252,0.8839321040546878,0.40504068352015804,0.23677343611554139,0.5109489051094891,137,5.4,7.0,6.2,8.8,7.2,6.4,7.0,5.8,17.8,5.4,1.2,4.6
size7_comp0.2_grid6_walls1_low,7,0.2,6,low,walls1,reshuffled_walls,5,3,8,4,3,1,1,1,5,4,4,1,0.8,0.8,0.2,0.8,14.6,0.6712328767123288,0.8620689655172413,0.5454545454545454,0.4390572390572391,1.1816465429286525,0.5,0.31903794046146444,0.5229573958513623,0.1520871914828712,0.8671587997817909,0.3770870481771621,0.19642857142857148,0.6712328767123288,73,3.2,4.0,2.2,5.2,4.2,3.4,3.4,2.6,6.2,2.2,1.4,1.8
size7_comp0.2_grid7_RandomStart_2_3_low,7,0.2,7,low,RandomStart_2_3,random_starts,5,4,9,3,3,1,1,1,5,0,0,0,0.0,0.0,0.0,0.0,32.0,0.0875,0.0875,0.0,0.0,0.41881562645678033,0.6,0.74111628151352,0.41881562645678033,0.6548378755031219,0.0,0.0,0.3069119286510591,0.0875,160,26.4,1.8,1.2,2.6,21.8,3.8,1.6,3.8,28.6,2.8,0.0,25.2
size7_comp0.2_grid7_ReflectEnv_low,7,0.2,7,low,ReflectEnv,reflect,6,4,10,4,3,1,1,1,10,4,0,0,0.4,0.0,0.0,0.0,32.0,0.165625,0.184,0.1,0.0,0.9031469238248808,0.4,0.7532584515656533,0.8081391590023063,0.3748182846431103,0.8791084036140263,0.871169683474886,0.4436665870361523,0.165625,320,17.7,2.8,6.3,5.2,14.5,6.1,6.1,4.3,26.3,2.5,6.6,22.9
size7_comp0.2_grid7_RotateEnv_low,7,0.2,7,low,RotateEnv,rotate,6,4,10,4,3,1,1,1,10,1,1,1,0.1,0.1,0.1,0.1,29.6,0.30067567567567566,0.2982456140350877,0.36363636363636365,0.03125,1.155137171931348,0.5333333333333333,0.5609534203167469,1.081952902641452,0.5173903184342704,0.26531953111478324,0.1792292966721748,0.15660898299614656,0.30067567567567566,296,13.2,3.3,9.0,4.0,10.0,7.2,5.3,5.9,22.2,4.8,0.8,14.0
size7_comp0.2_grid7_StartGoalSwap_low,7,0.2,7,low,StartGoalSwap,start_goal_swap,4,6,10,4,3,1,1,1,10,5,0,4,0.5,0.0,0.4,0.0,23.6,0.23728813559322035,0.36036036036036034,0.128,0.0,0.9108117422676822,0.38461538461538464,0.5087636503319423,0.8125809320106342,0.5053608280995128,0.894248762862291,0.6340191101223212,0.44219186610490957,0.23728813559322035,236,14.9,2.3,4.3,2.1,10.9,4.1,4.4,3.2,18.1,1.9,8.8,13.8
size7_comp0.2_grid7_TransposeEnv_low,7,0.2,7,low,TransposeEnv,transpose,6,4,10,4,3,1,1,1,10,1,0,0,0.1,0.0,0.0,0.0,32.0,0.40625,0.40384615384615385,0.5,0.0,1.2719103226666943,0.4375,0.5041695977879198,1.1319504877065332,0.3472094202031792,0.3836591668108979,0.3813430753539375,0.4021581912545582,0.40625,320,12.5,8.4,5.5,5.6,5.8,6.3,9.0,9.9,24.1,7.2,0.1,6.6
size7_comp0.2_grid7_base_low,7,0.2,7,low,base,base,6,4,10,4,3,1,1,1,10,0,0,0,0.0,0.0,0.0,0.0,32.0,0.184375,0.184375,0.0,0.0,1.0989557570759914,0.5555555555555556,0.5846864463284899,1.0989557570759914,0.5277789823764198,0.0,0.0,0.293681899862633,0.184375,320,21.2,3.4,3.4,4.0,16.5,5.2,4.1,5.2,27.0,3.7,0.0,20.3
size7_comp0.2_grid7_walls0_low,7,0.2,7,low,walls0,reshuffled_walls,4,4,8,6,1,1,1,1,4,4,1,0,1.0,0.25,0.0,0.25,27.75,0.38738738738738737,0.8947368421052632,0.2826086956521739,0.13333333333333333,0.6519200475996766,0.5333333333333333,0.4258709026973354,0.41857573786840624,0.1141001710588172,0.7685922024653118,0.4082416736598968,0.15560093994056257,0.38738738738738737,111,14.5,5.0,1.25,7.0,11.75,5.5,5.75,3.75,17.25,2.25,0.0,12.75
size7_comp0.2_grid7_walls1_low,7,0.2,7,low,walls1,reshuffled_walls,4,4,8,4,2,1,1,1,2,2,2,0,1.0,1.0,0.0,1.0,14.5,0.7241379310344828,1.0,0.6190476190476191,0.6904761904761905,0.5652425163657806,0.5454545454545454,0.3619840932826685,0.2,0.12451124978365313,0.6756386224930014,0.25656235173817166,0.11515151515151516,0.7241379310344828,29,3.0,4.5,1.5,5.5,2.5,5.0,3.0,3.0,5.5,2.5,1.5,1.5
size7_comp0.2_grid8_RandomStart_2_1_low,7,0.2,8,low,RandomStart_2_1,random_starts,3,5,8,6,2,1,1,1,4,3,2,0,0.75,0.5,0.0,0.5,30.25,0.39669421487603307,0.32673267326732675,0.75,0.14250000000000002,1.02417218392369,0.4375,0.334683724300523,0.8424863120554664,0.42288590112598107,0.393428009219195,0.1687465873053855,0.31842419733044736,0.39669421487603307,121,12.5,4.75,4.5,8.5,13.25,6.0,4.5,5.5,20.5,4.0,0.5,11.25
size7_comp0.2_grid8_RandomStart_4_5_low,7,0.2,8,low,RandomStart_4_5,random_starts,5,5,10,2,4,1,1,1,5,2,2,0,0.4,0.4,0.0,0.4,24.2,0.47107438016528924,0.42342342342342343,1.0,0.3333333333333333,1.033239239840014,0.5,0.5245686672362966,0.8769942230458454,0.4543181337940661,0.16666666666666666,0.05187968740985547,0.23432539682539683,0.47107438016528924,121,11.4,3.4,5.0,4.4,8.6,5.8,3.6,5.2,15.6,4.0,0.4,7.2
size7_comp0.2_grid8_ReflectEnv_low,7,0.2,8,low,ReflectEnv,reflect,4,5,9,5,2,1,1,1,10,10,2,0,1.0,0.2,0.0,0.2,30.4,0.3256578947368421,0.4787234042553192,0.2571428571428571,0.084375,1.1471960184289356,0.4375,0.48837258340286616,0.9472307872866638,0.2197284968370478,0.787172958449023,0.4934872852514903,0.42512785825285826,0.3256578947368421,304,14.3,5.0,3.9,7.2,14.0,5.5,5.3,4.6,22.1,3.0,0.6,15.0
size7_comp0.2_grid8_RotateEnv_low,7,0.2,8,low,RotateEnv,rotate,4,5,9,5,2,1,1,1,10,9,9,1,0.9,0.9,0.1,0.9,18.3,0.6229508196721312,0.5288461538461539,0.7468354430379747,0.4976191950464396,1.0618579776269312,0.5,0.3319093476322531,1.1492677797781117,0.32242526571386276,0.5502360561505673,0.22558393782809116,0.12625783596708895,0.6229508196721312,183,5.0,4.3,2.6,6.3,5.4,4.2,4.6,2.9,8.2,2.3,0.4,3.4
size7_comp0.2_grid8_StartGoalSwap_low,7,0.2,8,low,StartGoalSwap,start_goal_swap,5,4,9,5,2,1,1,1,10,4,4,6,0.4,0.4,0.6,0.4,12.1,0.5289256198347108,0.4948453608247423,0.6666666666666666,0.2835164835164835,0.901120739206164,0.4666666666666667,0.32179400719070345,1.096151197369565,0.3569070754751202,0.3647869792568112,0.1926065103715944,0.21682336182336184,0.5289256198347108,121,5.8,0.5,3.7,2.1,4.5,2.4,3.0,1.2,4.8,0.8,0.0,3.5
size7_comp0.2_grid8_TransposeEnv_low,7,0.2,8,low,TransposeEnv,transpose,4,5,9,5,2,1,1,1,10,9,6,0,0.9,0.6,0.0,0.6,25.2,0.4523809523809524,0.4649122807017544,0.4420289855072464,0.2889214281030138,1.139431237435314,0.47368421052631576,0.424211038377305,0.9405257371018523,0.2987456030924526,0.941267954070428,0.3128705750494159,0.24625209449937305,0.4523809523809524,252,6.3,5.9,3.2,9.8,9.3,4.6,6.0,4.3,15.2,3.1,0.3,9.6
size7_comp0.2_grid8_base_low,7,0.2,8,low,base,base,4,5,9,5,2,1,1,1,10,5,3,0,0.5,0.3,0.0,0.3,26.2,0.41603053435114506,0.38009049773755654,0.6097560975609756,0.22125,1.1866093165079685,0.47619047619047616,0.39414138136253807,1.3127242264377956,0.3790628673314569,0.5965477190765797,0.25961346585390194,0.2846474670454262,0.41603053435114506,262,9.1,5.7,5.0,6.4,7.7,5.1,5.5,6.9,17.8,4.6,0.2,8.7
size7_comp0.2_grid8_walls0_low,7,0.2,8,low,walls0,reshuffled_walls,4,5,9,5,2,1,1,1,3,2,1,0,0.6666666666666666,0.3333333333333333,0.0,0.3333333333333333,28.333333333333332,0.4235294117647059,0.45098039215686275,0.38235294117647056,0.14285714285714285,1.1758474413246731,0.4375,0.48453286817767566,1.2980032989808294,0.37714045422571535,0.8345818705881827,0.41867437889904435,0.1827380952380952,0.4235294117647059,85,7.333333333333333,7.666666666666667,6.0,7.333333333333333,6.333333333333333,9.0,6.0,6.0,20.333333333333332,4.666666666666667,0.3333333333333333,9.333333333333334
size7_comp0.2_grid8_walls1_low,7,0.2,8,low,walls1,reshuffled_walls,4,5,9,5,2,1,1,1,3,1,1,0,0.3333333333333333,0.3333333333333333,0.0,0.3333333333333333,26.666666666666668,0.425,0.3918918918918919,0.8333333333333334,0.1875,0.7189276039932493,0.6153846153846154,0.4169183880690349,0.8627060762185257,0.4572847425047213,0.2,0.1867668746754797,0.1669092169092169,0.425,80,11.0,6.0,4.333333333333333,5.333333333333333,7.0,5.0,5.333333333333333,8.333333333333334,18.666666666666668,6.333333333333333,0.3333333333333333,7.333333333333333
size7_comp0.2_grid9_RandomStart_3_5_low,7,0.2,9,low,RandomStart_3_5,random_starts,2,3,5,1,2,1,1,1,5,2,1,3,0.4,0.2,0.6,0.2,8.4,0.4523809523809524,0.5555555555555556,0.42424242424242425,0.14285714285714285,0.8951637099822546,0.5833333333333334,0.5141885228429571,0.9591479170272448,0.3454372523105548,0.7870966269737485,0.5512516082837053,0.24136904761904762,0.4523809523809524,42,3.2,1.6,2.0,1.6,1.8,1.8,1.8,2.0,4.8,1.6,0.2,1.2
size7_comp0.2_grid9_RandomStart_4_2_low,7,0.2,9,low,RandomStart_4_2,random_starts,2,3,5,5,0,1,1,1,5,5,3,0,1.0,0.6,0.0,0.6,21.8,0.46788990825688076,0.5178571428571429,0.41509433962264153,0.22361111111111112,1.0361772385613341,0.75,0.3358788255402363,1.3025745469855217,0.2939073484578662,0.6643018997491376,0.4201457754040046,0.19339826839826837,0.46788990825688076,109,6.0,6.2,4.0,5.6,5.0,7.0,4.4,4.4,14.0,3.8,0.6,4.6
size7_comp0.2_grid9_ReflectEnv_low,7,0.2,9,low,ReflectEnv,reflect,4,3,7,3,2,1,1,1,10,6,6,0,0.6,0.6,0.0,0.6,23.3,0.3948497854077253,0.3427230046948357,0.95,0.3099071618037135,0.9630555564109265,0.4,0.34835662085516944,1.0238960624337634,0.3726780852974608,0.3117938248613798,0.09088545387136843,0.21271383915885192,0.3948497854077253,233,8.2,5.4,3.4,6.3,7.0,3.9,5.7,5.7,16.0,4.1,0.5,8.9
size7_comp0.2_grid9_RotateEnv_low,7,0.2,9,low,RotateEnv,rotate,4,3,7,3,2,1,1,1,10,6,5,0,0.6,0.5,0.0,0.5,24.7,0.3441295546558704,0.3317307692307692,0.41025641025641024,0.20910087719298245,1.0682262418178567,0.4375,0.4422924820583427,1.0299224660570998,0.26765005614994153,0.440525562068682,0.2519472740047851,0.23618273736098472,0.3441295546558704,247,9.4,4.9,4.5,5.9,8.3,4.4,5.3,5.7,17.3,3.1,0.0,11.8
size7_comp0.2_grid9_StartGoalSwap_low,7,0.2,9,low,StartGoalSwap,start_goal_swap,3,4,7,3,2,1,1,1,10,10,1,0,1.0,0.1,0.0,0.1,31.0,0.3064516129032258,0.6666666666666666,0.2033195020746888,0.031818181818181815,1.0265071198114786,0.5056641667147438,0.512466663216627,0.8932922274964653,0.21258001768672252,0.851508680627989,0.5718627356416707,0.3419312923931271,0.3064516129032258,310,20.4,3.9,3.1,3.6,14.9,4.4,5.2,5.5,21.0,3.5,0.1,15.2
size7_comp0.2_grid9_TransposeEnv_low,7,0.2,9,low,TransposeEnv,transpose,4,3,7,3,2,1,1,1,10,4,4,6,0.4,0.4,0.6,0.4,10.7,0.5607476635514018,0.5063291139240507,0.7142857142857143,0.19814616755793227,0.8464813710844913,0.4,0.3704722900351675,0.9961658450132298,0.27784849233343084,0.5668066850529512,0.24155919518707847,0.18511201079622136,0.5607476635514018,107,2.3,2.4,1.7,4.3,2.3,3.1,2.6,1.7,5.0,1.7,0.5,2.1
size7_comp0.2_grid9_base_low,7,0.2,9,low,base,base,4,3,7,3,2,1,1,1,10,7,3,3,0.7,0.3,0.3,0.3,19.9,0.4723618090452261,0.6086956521739131,0.4,0.11617647058823528,1.2369921602998808,0.5882352941176471,0.4394038810455079,0.9076459681196635,0.23239469844200955,1.2035006766764071,0.47237489547005496,0.3493501623732912,0.4723618090452261,199,4.4,5.1,3.4,7.0,5.6,3.8,4.5,5.0,11.8,4.1,2.1,4.2
size7_comp0.2_grid9_walls0_low,7,0.2,9,low,walls0,reshuffled_walls,4,3,7,3,2,1,1,1,4,3,2,1,0.75,0.5,0.25,0.5,18.5,0.581081081081081,0.8421052631578947,0.4909090909090909,0.2215909090909091,0.6349898208450171,0.47058823529411764,0.462569111022525,0.42442151349352414,0.21165218507093703,0.5951957012602519,0.4660922201025252,0.18394848135332564,0.581081081081081,74,4.5,6.0,3.0,5.0,3.75,4.0,4.5,5.25,10.25,5.0,2.75,1.5
size7_comp0.2_grid9_walls1_low,7,0.2,9,low,walls1,reshuffled_walls,4,3,7,3,2,1,1,1,5,4,1,1,0.8,0.2,0.2,0.2,23.0,0.46956521739130436,0.6857142857142857,0.375,0.15555555555555556,1.3011208989386582,0.6470588235294118,0.4593112898179262,1.0058392649009504,0.26787482920031913,1.3444145672085683,0.5064556906603392,0.22916936005171298,0.46956521739130436,115,6.2,4.8,4.2,7.8,6.4,4.4,7.0,4.2,13.0,3.4,2.0,4.0
size7_comp0.4_grid0_RandomStart_1_4_low,7,0.4,0,low,RandomStart_1_4,random_starts,7,5,12,2,5,1,1,1,2,1,0,1,0.5,0.0,0.5,0.0,21.0,0.42857142857142855,0.6,0.17647058823529413,0.0,0.8371116009667574,0.36363636363636365,0.5228640872534697,0.6084962500721156,0.308170416594551,0.7422488983973203,0.6662665846650062,0.11334120425029516,0.42857142857142855,42,12.0,3.5,3.0,2.5,6.5,4.0,5.5,4.0,13.0,3.0,1.0,9.0
size7_comp0.4_grid0_RandomStart_2_3_low,7,0.4,0,low,RandomStart_2_3,random_starts,5,5,10,2,4,1,1,1,3,1,0,2,0.3333333333333333,0.0,0.6666666666666666,0.0,16.0,0.3958333333333333,0.5714285714285714,0.25925925925925924,0.0,1.1329062974463098,0.5,0.46579328600081676,0.9236300512292657,0.21895048319396132,0.7113071885586605,0.5572683031913782,0.37098214285714287,0.3958333333333333,48,8.0,1.6666666666666667,3.0,3.3333333333333335,6.333333333333333,3.0,2.6666666666666665,3.0,10.666666666666666,2.0,2.6666666666666665,5.666666666666667
size7_comp0.4_grid0_ReflectEnv_low,7,0.4,0,low,ReflectEnv,reflect,6,5,11,5,3,1,1,1,10,10,7,0,1.0,0.7,0.0,0.7,22.3,0.5381165919282511,0.5865384615384616,0.4957983193277311,0.4345053810998084,1.3070511641316316,0.3333333333333333,0.41214576491837357,0.8869736861325241,0.23846864171217166,1.0672316773868675,0.33611499634525766,0.14503211108732267,0.5381165919282511,223,7.9,4.0,5.4,5.0,9.0,4.8,4.6,2.9,12.2,2.2,0.7,7.4
size7_comp0.4_grid0_RotateEnv_low,7,0.4,0,low,RotateEnv,rotate,6,5,11,5,3,1,1,1,10,10,3,0,1.0,0.3,0.0,0.3,28.7,0.43902439024390244,0.48148148148148145,0.40131578947368424,0.15789473684210525,1.4150743993876982,0.375,0.4467486373063542,0.9577275535701092,0.2994085377857939,0.8803328710563917,0.3502856478262588,0.32127912477053094,0.43902439024390244,287,10.2,4.0,9.1,5.4,11.2,6.1,5.7,4.7,18.3,3.6,0.5,10.7
size7_comp0.4_grid0_StartGoalSwap_low,7,0.4,0,low,StartGoalSwap,start_goal_swap,5,6,11,5,3,1,1,1,10,9,2,0,0.9,0.2,0.0,0.2,30.7,0.43322475570032576,0.5766871165644172,0.2708333333333333,0.08904761904761904,1.2327001108017797,0.3333333333333333,0.460903862635318,1.2024245422936202,0.26962249674271305,0.8332148634096007,0.3976444366344871,0.17696958046322842,0.43322475570032576,307,8.9,5.9,3.6,12.3,8.2,7.6,6.7,7.2,20.9,5.9,7.6,10.4
size7_comp0.4_grid0_TransposeEnv_low,7,0.4,0,low,TransposeEnv,transpose,6,5,11,5,3,1,1,1,10,3,2,1,0.3,0.2,0.1,0.2,29.6,0.3885135135135135,0.37037037037037035,0.5769230769230769,0.08330995792426368,1.4134732161903456,0.3157894736842105,0.3855535127452098,1.404750909869747,0.46794771221442455,0.9188970177018838,0.15509918086105198,0.15819784184753982,0.3885135135135135,296,11.5,5.9,6.6,5.6,8.4,6.2,7.4,6.6,19.8,4.5,0.4,10.2
size7_comp0.4_grid0_base_low,7,0.4,0,low,base,base,6,5,11,5,3,1,1,1,10,4,0,5,0.4,0.0,0.5,0.0,23.2,0.40086206896551724,0.48366013071895425,0.24050632911392406,0.0,1.4151290048524858,0.3333333333333333,0.4344102275610528,1.246858869882016,0.3445202093832661,0.7059927555389743,0.7098382024504007,0.2024151034151034,0.40086206896551724,232,11.3,3.2,5.1,3.6,9.1,5.1,3.8,4.2,15.6,3.1,2.1,8.9
size7_comp0.4_grid0_walls0_low,7,0.4,0,low,walls0,reshuffled_walls,6,5,11,5,4,1,1,1,4,2,1,0,0.5,0.25,0.0,0.25,29.5,0.4491525423728814,0.4945054945054945,0.2962962962962963,0.125,1.2131625049001449,0.27799500009615413,0.45548676252276915,1.1357346590319213,0.39146029843820834,0.9137243330238238,0.3298426533425992,0.16101540616246496,0.4491525423728814,118,11.0,5.25,6.75,6.5,9.25,5.75,5.5,8.0,20.5,6.0,4.5,9.5
size7_comp0.4_grid0_walls1_low,7,0.4,0,low,walls1,reshuffled_walls,6,5,11,5,4,1,1,1,3,2,0,1,0.6666666666666666,0.0,0.3333333333333333,0.0,23.666666666666668,0.3380281690140845,0.625,0.10256410256410256,0.0,0.6665577222541799,0.375,0.4890510133412251,0.6190492985422066,0.23969204579447,0.5471399097140907,0.7836395390352644,0.2484375,0.3380281690140845,71,15.666666666666666,1.0,4.0,3.0,11.333333333333334,4.666666666666667,4.0,2.6666666666666665,14.333333333333334,1.0,5.0,13.333333333333334
size7_comp0.4_grid1_RandomStart_3_3_low,7,0.4,1,low,RandomStart_3_3,random_starts,4,4,8,4,2,1,1,1,5,5,4,0,1.0,0.8,0.0,0.8,27.2,0.40441176470588236,0.66,0.2558139534883721,0.24706878306878305,1.204934397887235,0.4166666666666667,0.4401816542695492,1.0143533184281008,0.33308019391600985,1.077352445380448,0.46477013743027323,0.3827245321431368,0.40441176470588236,136,4.2,5.8,1.6,15.6,10.6,6.0,6.2,3.4,18.4,3.0,2.4,13.0
size7_comp0.4_grid1_RandomStart_4_3_low,7,0.4,1,low,RandomStart_4_3,random_starts,3,4,7,3,2,1,1,1,4,4,4,0,1.0,1.0,0.0,1.0,16.25,0.5076923076923077,0.8,0.37777777777777777,0.43671310629514964,0.7935546902731222,0.4,0.49735849748805505,0.3977785898642252,0.37640803123048555,0.8330904004833115,0.3316689680318984,0.4,0.5076923076923077,65,2.25,4.25,1.0,8.75,5.75,2.5,5.5,1.5,8.75,1.25,1.75,6.75
size7_comp0.4_grid1_ReflectEnv_low,7,0.4,1,low,ReflectEnv,reflect,4,4,8,8,0,1,1,1,10,10,1,0,1.0,0.1,0.0,0.1,30.8,0.3181818181818182,0.33064516129032256,0.30978260869565216,0.04,1.236847654015361,0.36363636363636365,0.43546156852857626,0.7217600219284735,0.4019355435613365,1.26188341537111,0.4505575130579169,0.4466983964780058,0.3181818181818182,308,14.2,3.0,7.4,6.2,12.1,6.4,4.8,6.5,23.0,5.0,1.1,13.5
size7_comp0.4_grid1_RotateEnv_low,7,0.4,1,low,RotateEnv,rotate,4,4,8,8,0,1,1,1,10,10,10,0,1.0,1.0,0.0,1.0,15.3,0.5620915032679739,0.4117647058823529,0.8627450980392157,0.565054945054945,0.7519600629443193,0.3,0.23161705392521398,0.8201260923399046,0.3062571200362481,0.4154535239311154,0.11451575073209029,0.18758461426528655,0.5620915032679739,153,4.7,0.5,5.8,4.3,8.0,2.3,3.2,0.8,6.8,0.6,0.4,6.1
size7_comp0.4_grid1_StartGoalSwap_low,7,0.4,1,low,StartGoalSwap,start_goal_swap,4,4,8,8,0,1,1,1,10,10,1,0,1.0,0.1,0.0,0.1,31.7,0.30914826498422715,0.4557823129251701,0.18235294117647058,0.027586206896551724,1.160413453300293,0.35,0.4029810990416098,1.0507422563888238,0.3902540933220772,0.8811063662246823,0.5805064150868917,0.2653117287509629,0.30914826498422715,317,15.7,1.9,6.0,8.1,11.5,8.5,6.0,4.7,22.8,3.8,9.7,17.2
size7_comp0.4_grid1_TransposeEnv_low,7,0.4,1,low,TransposeEnv,transpose,4,4,8,8,0,1,1,1,10,5,5,0,0.5,0.5,0.0,0.5,25.1,0.4820717131474104,0.47572815533980584,0.5111111111111111,0.26636363636363636,1.3514829412578016,0.3888888888888889,0.32619318804944003,1.2857669555349107,0.33571616988648234,0.8352255587358212,0.21964028777341885,0.06331903164529804,0.4820717131474104,251,5.1,9.0,4.1,6.9,6.2,7.0,5.7,5.2,14.8,3.9,1.2,5.3
size7_comp0.4_grid1_base_low,7,0.4,1,low,base,base,4,4,8,8,0,1,1,1,10,10,9,0,1.0,0.9,0.0,0.9,21.8,0.44036697247706424,0.7323943661971831,0.29931972789115646,0.3690794848604179,0.9114392148773472,0.35714285714285715,0.4345460698242514,0.8096262815867376,0.28550953417895153,0.7901471455170528,0.4233678646600043,0.3119843203639099,0.44036697247706424,218,1.7,5.2,0.8,14.1,11.0,3.5,4.6,1.7,13.0,1.1,3.3,10.5
size7_comp0.4_grid1_walls0_low,7,0.4,1,low,walls0,reshuffled_walls,8,4,12,8,2,1,1,1,5,1,0,0,0.2,0.0,0.0,0.0,32.0,0.40625,0.41333333333333333,0.3,0.0,1.16852418061663,0.29411764705882354,0.5080470955124086,1.1707519206433226,0.4558908108044415,0.4304820237218406,0.48031616786753006,0.16113709435508747,0.40625,160,5.6,8.2,9.8,8.4,8.0,5.6,8.6,8.8,23.0,6.2,1.0,9.4
size7_comp0.4_grid1_walls1_low,7,0.4,1,low,walls1,reshuffled_walls,4,4,8,8,0,1,1,1,5,5,1,0,1.0,0.2,0.0,0.2,29.6,0.3918918918918919,0.6818181818181818,0.2692307692307692,0.08,0.9573407357761972,0.38461538461538464,0.3717165952548698,0.49222126471145006,0.24065884464227688,1.0612390124341995,0.3833191996072553,0.09763936780065814,0.3918918918918919,148,4.2,7.0,1.8,16.6,11.8,6.4,5.2,5.2,19.4,4.4,4.0,12.6
size7_comp0.4_grid2_RandomStart_4_4_low,7,0.4,2,low,RandomStart_4_4,random_starts,4,5,9,1,4,1,1,1,4,2,2,1,0.5,0.5,0.25,0.5,18.0,0.4444444444444444,0.36065573770491804,0.9090909090909091,0.2507142857142857,1.1075388548423497,0.5555555555555556,0.4549810730708876,0.8966815117543453,0.3725960416478022,0.18365916681089792,0.22494177559970163,0.2233686067019401,0.4444444444444444,72,8.75,2.0,3.0,4.25,6.75,4.25,3.5,2.5,12.25,1.75,0.5,6.5
size7_comp0.4_grid2_RandomStart_5_3_low,7,0.4,2,low,RandomStart_5_3,random_starts,4,5,9,1,4,1,1,1,3,3,3,0,1.0,1.0,0.0,1.0,17.666666666666668,0.660377358490566,0.5405405405405406,0.9375,0.6476190476190476,0.839767039239469,0.4166666666666667,0.42828499164023964,0.7661084168844252,0.2668448287227494,0.31971597234241494,0.10721284809036231,0.17685185185185184,0.660377358490566,53,4.666666666666667,3.0,4.666666666666667,5.333333333333333,6.333333333333333,5.333333333333333,3.6666666666666665,1.3333333333333333,8.0,1.0,0.0,3.3333333333333335
size7_comp0.4_grid2_ReflectEnv_low,7,0.4,2,low,ReflectEnv,reflect,6,5,11,3,4,1,1,1,10,4,0,6,0.4,0.0,0.6,0.0,15.8,0.3860759493670886,0.6153846153846154,0.22580645161290322,0.0,0.7600933397985749,0.3888888888888889,0.5742894525632356,0.4774721028480133,0.1548681039140188,1.029261287188106,0.6362709076927084,0.2577429429565861,0.3860759493670886,158,8.8,1.0,3.2,2.8,5.3,3.4,3.9,2.2,9.7,1.7,1.0,6.2
size7_comp0.4_grid2_RotateEnv_low,7,0.4,2,low,RotateEnv,rotate,6,5,11,3,4,1,1,1,10,1,1,9,0.1,0.1,0.9,0.1,10.4,0.46153846153846156,0.43434343434343436,1.0,0.03793103448275862,0.9096724609831547,0.3333333333333333,0.30272899367835515,0.9990617466821752,0.47427710904668796,0.0,0.1867668746754797,0.1911862990810359,0.46153846153846156,104,4.6,1.9,3.3,0.6,3.7,1.6,1.9,2.2,5.8,1.9,0.0,2.8
size7_comp0.4_grid2_StartGoalSwap_low,7,0.4,2,low,StartGoalSwap,start_goal_swap,5,6,11,3,4,1,1,1,10,9,3,0,0.9,0.3,0.0,0.3,31.2,0.44871794871794873,0.42780748663101603,0.48,0.11270061973621484,1.1207090329819154,0.3888888888888889,0.3543790733889521,0.9335423020822862,0.35889618231819104,0.9201883349706296,0.27862635053413887,0.22310605832640246,0.44871794871794873,312,13.8,4.7,5.9,6.8,11.4,6.8,6.9,5.1,20.6,4.0,0.6,10.9
size7_comp0.4_grid2_TransposeEnv_low,7,0.4,2,low,TransposeEnv,transpose,6,5,11,3,4,1,1,1,10,6,5,0,0.6,0.5,0.0,0.5,28.1,0.37722419928825623,0.30638297872340425,0.7391304347826086,0.23044576612792506,1.0458612675330796,0.3333333333333333,0.37972231984114574,1.2671674326279119,0.4243179965829033,0.7983474756157796,0.1872215850037019,0.24213583200425307,0.37722419928825623,281,14.4,4.8,5.4,3.5,11.6,6.0,5.3,4.2,19.2,2.0,0.5,14.5
size7_comp0.4_grid2_base_low,7,0.4,2,low,base,base,6,5,11,3,4,1,1,1,10,9,8,0,0.9,0.8,0.0,0.8,24.7,0.5101214574898786,0.44680851063829785,0.711864406779661,0.4201415648394404,1.177912711449284,0.35294117647058826,0.4568775182877357,0.8947504644428822,0.3584740951654953,0.5303974341707282,0.12151812111568848,0.2183164048115364,0.5101214574898786,247,8.1,3.4,6.7,6.5,8.3,5.6,6.4,3.4,14.7,2.5,0.3,9.4
size7_comp0.4_grid2_walls0_low,7,0.4,2,low,walls0,reshuffled_walls,6,5,11,3,4,1,1,1,1,1,0,0,1.0,0.0,0.0,0.0,32.0,0.40625,0.47368421052631576,0.3076923076923077,0.0,0.7047015698170613,0.4,0.6245112497836531,0.44649311896134136,0.22849333207113648,0.6415084525127296,0.5626861507078751,0.17250000000000001,0.40625,32,16.0,2.0,5.0,9.0,11.0,5.0,9.0,6.0,22.0,5.0,1.0,14.0
size7_comp0.4_grid2_walls1_low,7,0.4,2,low,walls1,reshuffled_walls,4,5,9,3,3,1,1,1,5,2,0,0,0.4,0.0,0.0,0.0,32.0,0.28125,0.26973684210526316,0.5,0.0,0.9633539102580811,0.36363636363636365,0.6166636046945606,1.1384703852306999,0.5543918240555894,0.18365916681089792,0.4163408331891021,0.4099506108240011,0.28125,160,13.6,3.0,10.0,5.4,11.8,6.2,7.4,5.6,25.6,4.2,0.4,17.0
size7_comp0.4_grid3_RandomStart_2_2_low,7,0.4,3,low,RandomStart_2_2,random_starts,2,7,9,5,2,1,1,1,5,4,0,0,0.8,0.0,0.0,0.0,32.0,0.4375,0.44660194174757284,0.42105263157894735,0.0,1.2616951639023626,0.38208020839342965,0.5259641575379742,1.2339934262836534,0.39042115493816926,0.7100743397468448,0.44005433422623025,0.1469283081005505,0.4375,160,10.2,8.4,5.4,8.0,6.2,8.2,5.4,11.2,23.6,9.6,3.4,7.2
size7_comp0.4_grid3_RandomStart_5_1_low,7,0.4,3,low,RandomStart_5_1,random_starts,6,7,13,1,6,1,1,1,1,0,0,0,0.0,0.0,0.0,0.0,32.0,0.34375,0.34375,0.0,0.0,0.7212394381769318,0.3333333333333333,0.7732386574474717,0.7212394381769318,0.38574737274959314,0.0,0.0,0.3664021164021164,0.34375,32,15.0,4.0,9.0,4.0,10.0,11.0,6.0,4.0,23.0,3.0,0.0,16.0
size7_comp0.4_grid3_ReflectEnv_low,7,0.4,3,low,ReflectEnv,reflect,3,7,10,6,3,1,1,1,10,9,4,0,0.9,0.4,0.0,0.4,29.4,0.37755102040816324,0.4936708860759494,0.33488372093023255,0.15839884253677358,1.0743753538807914,0.24131381582742928,0.5347097448283281,1.1034689755389449,0.3912030104735261,1.0481910943884536,0.414380452255524,0.2399262043998886,0.37755102040816324,294,15.5,2.1,7.9,3.9,10.5,8.3,5.6,4.0,19.6,2.7,1.8,14.8
size7_comp0.4_grid3_RotateEnv_low,7,0.4,3,low,RotateEnv,rotate,3,7,10,6,3,1,1,1,10,8,8,0,0.8,0.8,0.0,0.8,24.5,0.46938775510204084,0.39855072463768115,0.5607476635514018,0.3729990901407191,0.9604060193779557,0.2292481250360578,0.39223457037665166,1.2310197932900973,0.4238697773361555,0.6307724814960586,0.2615346356458617,0.2849174783549784,0.46938775510204084,245,9.7,3.6,7.3,3.9,7.3,4.7,7.7,3.8,14.3,2.5,1.4,9.2
size7_comp0.4_grid3_StartGoalSwap_low,7,0.4,3,low,StartGoalSwap,start_goal_swap,7,3,10,6,3,1,1,1,10,1,1,0,0.1,0.1,0.0,0.1,30.0,0.31,0.30303030303030304,1.0,0.08333333333333334,0.8589170202999388,0.35714285714285715,0.4944765480109846,1.0931671167453767,0.4446350903594526,0.0,0.10375937481971094,0.3674751984126984,0.31,300,16.8,2.1,7.0,4.1,12.9,6.6,4.2,5.3,22.7,4.3,0.0,15.4
size7_comp0.4_grid3_TransposeEnv_low,7,0.4,3,low,TransposeEnv,transpose,3,7,10,6,3,1,1,1,10,10,0,0,1.0,0.0,0.0,0.0,32.0,0.3875,0.5172413793103449,0.35877862595419846,0.0,1.1786331085039814,0.2697036765130092,0.5209947943679338,0.9512292590392497,0.25671705757792795,1.1616346888366562,0.5012197199034238,0.16767335533555258,0.3875,320,11.2,5.1,7.3,8.4,9.8,7.6,7.0,6.6,24.2,4.9,2.6,12.4
size7_comp0.4_grid3_base_low,7,0.4,3,low,base,base,3,7,10,6,3,1,1,1,10,10,6,0,1.0,0.6,0.0,0.6,29.3,0.44368600682593856,0.515625,0.42358078602620086,0.23127763041556143,1.1946657780001182,0.2697036765130092,0.42661181275779925,1.1142665210480933,0.27593053117179406,1.2019421481723578,0.4010057006439714,0.2086611555092971,0.44368600682593856,293,8.2,5.6,6.9,8.6,9.8,4.1,9.3,5.1,19.8,3.5,5.5,11.3
size7_comp0.4_grid3_walls0_low,7,0.4,3,low,walls0,reshuffled_walls,3,7,10,6,3,1,1,1,5,4,0,0,0.8,0.0,0.0,0.0,32.0,0.4125,0.42857142857142855,0.39759036144578314,0.0,1.3073104071859654,0.5141604167868593,0.6055514001665863,1.0250264863958711,0.32218470955821776,0.8153078002934353,0.49185635419337337,0.3347527472527473,0.4125,160,10.0,6.6,10.2,5.2,8.6,4.8,8.8,8.8,23.2,6.6,3.2,8.6
size7_comp0.4_grid3_walls1_low,7,0.4,3,low,walls1,reshuffled_walls,3,5,8,6,3,1,1,1,5,5,2,0,1.0,0.4,0.0,0.4,29.4,0.4489795918367347,0.625,0.4146341463414634,0.12553846153846154,0.8372695837573132,0.3333333333333333,0.43323740864177857,0.47718676142777183,0.14526174556922788,0.8748643805657278,0.4223954543529725,0.20051272212762897,0.4489795918367347,147,9.6,7.6,5.4,6.8,7.2,4.6,8.2,8.4,22.0,7.2,9.8,7.8
size7_comp0.4_grid4_RandomStart_1_1_low,7,0.4,4,low,RandomStart_1_1,random_starts,5,3,8,6,2,1,1,1,5,4,2,0,0.8,0.4,0.0,0.4,27.6,0.4420289855072464,0.4563106796116505,0.4,0.16153846153846155,1.1328014830177482,0.3333333333333333,0.39246906728165143,0.8856677186823737,0.3985698865433192,0.510672504506553,0.1962550533825305,0.12195029008754497,0.4420289855072464,138,5.6,6.4,5.8,9.8,9.8,5.4,7.0,4.4,16.8,3.4,2.6,8.4
size7_comp0.4_grid4_ReflectEnv_low,7,0.4,4,low,ReflectEnv,reflect,6,3,9,3,3,1,1,1,10,3,2,7,0.3,0.2,0.7,0.2,9.4,0.5638297872340425,0.7222222222222222,0.35,0.13285714285714284,0.8945710473895946,0.25,0.4655064237338388,0.640263893338689,0.11221688315694665,0.6927590754202971,0.6075481543912239,0.1903258778258778,0.5638297872340425,94,2.1,2.9,1.3,3.1,3.0,2.0,2.0,1.4,4.7,0.9,0.5,3.0
size7_comp0.4_grid4_RotateEnv_low,7,0.4,4,low,RotateEnv,rotate,6,3,9,3,3,1,1,1,10,2,1,8,0.2,0.1,0.8,0.1,10.9,0.5412844036697247,0.5612244897959183,0.36363636363636365,0.03,1.016904027882863,0.25,0.3564817557928709,0.9587478678411099,0.29761263459353854,0.5642928964473436,0.3352673830047819,0.267674512987013,0.5412844036697247,109,1.4,2.4,1.8,5.3,4.0,1.5,2.0,2.4,6.0,1.8,0.4,3.1
size7_comp0.4_grid4_StartGoalSwap_low,7,0.4,4,low,StartGoalSwap,start_goal_swap,3,6,9,3,3,1,1,1,10,7,1,1,0.7,0.1,0.1,0.1,29.1,0.47766323024054985,0.48,0.475177304964539,0.02903225806451613,1.3496055727748006,0.37233083338141043,0.4278230617827884,0.9799042852748902,0.3619488216406959,1.2568580025630538,0.3611016622152383,0.23201869375278644,0.47766323024054985,291,6.9,7.4,8.0,6.8,4.5,7.7,6.8,9.1,20.5,7.3,2.0,5.1
size7_comp0.4_grid4_TransposeEnv_low,7,0.4,4,low,TransposeEnv,transpose,6,3,9,3,3,1,1,1,10,2,0,8,0.2,0.0,0.8,0.0,16.8,0.4107142857142857,0.484375,0.175,0.0,1.22457055851018,0.23529411764705882,0.44091648898119445,1.179976829139938,0.4020595325721417,0.6996426769375729,0.6789032220910163,0.15111195993548937,0.4107142857142857,168,6.6,3.1,1.9,5.2,4.4,3.8,4.2,3.4,9.6,2.2,1.9,6.5
size7_comp0.4_grid4_base_low,7,0.4,4,low,base,base,6,3,9,3,3,1,1,1,10,4,1,4,0.4,0.1,0.4,0.1,23.5,0.3617021276595745,0.4057142857142857,0.23333333333333334,0.0375,1.2690681400524502,0.2631578947368421,0.5130873918298221,1.103615266118676,0.4278994138061117,1.1610203506417551,0.5436893438809991,0.2553776886394614,0.3617021276595745,235,6.9,5.2,5.4,6.0,7.5,4.2,7.2,3.6,16.4,2.6,2.1,10.1
size7_comp0.4_grid4_walls0_low,7,0.4,4,low,walls0,reshuffled_walls,6,3,9,3,3,1,1,1,4,1,0,3,0.25,0.0,0.75,0.0,16.0,0.5,0.5952380952380952,0.3181818181818182,0.0,0.7520460574306982,0.29411764705882354,0.534251665298995,0.6759291521365317,0.34348092202894887,0.9994259996367391,0.7075884667679064,0.1584033613445378,0.5,64,2.5,6.25,4.25,3.0,5.0,3.75,3.0,3.25,9.75,2.75,1.0,3.5
size7_comp0.4_grid4_walls1_low,7,0.4,4,low,walls1,reshuffled_walls,6,3,9,3,3,1,1,1,4,0,0,3,0.0,0.0,0.75,0.0,18.75,0.36,0.36,0.0,0.0,1.4584031291158834,0.0,0.39415107041482317,1.4584031291158834,0.4282234042356507,0.0,0.0,0.38789682539682546,0.36,75,5.75,5.0,3.25,4.75,3.25,3.0,6.75,4.75,15.0,2.5,0.0,7.75
size7_comp0.4_grid5_RandomStart_1_3_low,7,0.4,5,low,RandomStart_1_3,random_starts,5,6,11,1,5,1,1,1,5,2,0,3,0.4,0.0,0.6,0.0,13.4,0.34328358208955223,0.3333333333333333,0.3684210526315789,0.0,1.2743230602850044,0.125,0.4640201524939498,1.1845723056484445,0.4714377250437379,0.3353259038079246,0.37718141859682897,0.3632440476190476,0.34328358208955223,67,4.4,2.2,3.8,3.0,4.2,2.8,2.6,2.8,9.8,1.0,1.4,6.6
size7_comp0.4_grid5_RandomStart_2_3_low,7,0.4,5,low,RandomStart_2_3,random_starts,4,6,10,2,4,1,1,1,3,2,0,1,0.6666666666666666,0.0,0.3333333333333333,0.0,23.0,0.2753623188405797,0.45454545454545453,0.19148936170212766,0.0,1.1204489531925996,0.2857142857142857,0.6345251852111488,1.0662570082029008,0.3337333236356773,0.9531251839848485,0.7391736188687924,0.37270408163265306,0.2753623188405797,69,10.666666666666666,2.3333333333333335,5.333333333333333,4.666666666666667,8.0,5.666666666666667,4.333333333333333,4.0,18.333333333333332,2.0,5.666666666666667,13.333333333333334
size7_comp0.4_grid5_ReflectEnv_low,7,0.4,5,low,ReflectEnv,reflect,3,6,9,3,3,1,1,1,10,10,9,0,1.0,0.9,0.0,0.9,19.5,0.5487179487179488,0.546875,0.549618320610687,0.4891496976404938,1.1557701908731477,0.17647058823529413,0.45478939499292503,0.8355115159778873,0.22494467924697054,1.01238731644415,0.27230142679102604,0.20535785164268142,0.5487179487179488,195,4.3,4.5,3.2,7.5,7.9,4.4,4.2,2.0,11.1,1.6,1.3,7.0
size7_comp0.4_grid5_RotateEnv_low,7,0.4,5,low,RotateEnv,rotate,3,6,9,3,3,1,1,1,10,7,5,0,0.7,0.5,0.0,0.5,27.4,0.3613138686131387,0.29775280898876405,0.4791666666666667,0.21573738761238764,1.2817845764040612,0.25,0.5050079644753992,1.0980682747073667,0.5066854271859174,1.115624957701174,0.35738100984845134,0.3244659166094888,0.3613138686131387,274,7.7,4.7,8.5,6.5,11.5,5.9,5.0,4.0,19.6,2.9,2.3,13.7
size7_comp0.4_grid5_StartGoalSwap_low,7,0.4,5,low,StartGoalSwap,start_goal_swap,6,3,9,3,3,1,1,1,10,5,2,4,0.5,0.2,0.4,0.2,24.8,0.3346774193548387,0.41420118343195267,0.16455696202531644,0.06933333333333333,1.0749398016847442,0.2,0.49354263835127465,1.0977030140275652,0.3024272228971567,0.7887841534696154,0.6009675012137478,0.4054828252228807,0.3346774193548387,248,11.0,2.3,5.0,6.5,10.2,6.0,4.4,3.2,18.7,2.2,3.8,13.1
size7_comp0.4_grid5_TransposeEnv_low,7,0.4,5,low,TransposeEnv,transpose,3,6,9,3,3,1,1,1,10,3,2,5,0.3,0.2,0.5,0.2,23.3,0.27896995708154504,0.2122905027932961,0.5,0.09086538461538461,1.0298895707299467,0.23076923076923078,0.3606357889343122,1.1015285758350657,0.57124150580344,0.7327720242303012,0.2842438923590368,0.1528612866297622,0.27896995708154504,233,7.3,3.3,8.2,4.5,8.6,4.1,3.8,5.8,17.9,3.8,2.7,10.9
size7_comp0.4_grid5_base_low,7,0.4,5,low,base,base,3,6,9,3,3,1,1,1,10,9,1,0,0.9,0.1,0.0,0.1,31.5,0.25396825396825395,0.392,0.1631578947368421,0.03333333333333333,0.934282380551293,0.2,0.5996932761933993,0.611644751451576,0.21910350126681175,0.848425889232558,0.589025810741368,0.5175523888984536,0.25396825396825395,315,16.5,3.5,7.5,4.0,13.2,6.1,5.9,5.3,26.3,3.0,6.9,19.5
size7_comp0.4_grid5_walls0_low,7,0.4,5,low,walls0,reshuffled_walls,3,6,9,3,3,1,1,1,5,5,0,0,1.0,0.0,0.0,0.0,32.0,0.33125,0.8571428571428571,0.2517985611510791,0.0,0.7205077979351034,0.6666666666666666,0.7657638564675423,0.43199820685703416,0.12797762348191993,0.788004146144399,0.7128731101451928,0.5773861879695517,0.33125,160,19.6,3.8,3.8,4.8,13.0,5.2,5.6,7.2,25.2,6.0,10.2,13.8
size7_comp0.4_grid5_walls1_low,7,0.4,5,low,walls1,reshuffled_walls,5,6,11,3,5,1,1,1,5,2,0,3,0.4,0.0,0.6,0.0,17.8,0.39325842696629215,0.453125,0.24,0.0,1.1395862400133432,0.3333333333333333,0.48726272684885513,1.0688251413652838,0.4138552249268688,0.9462923335071411,0.6668767905234254,0.25119237487658536,0.39325842696629215,89,5.6,1.8,5.8,4.6,5.2,4.2,3.2,4.2,11.8,3.6,1.4,5.4
size7_comp0.4_grid6_RandomStart_2_1_low,7,0.4,6,low,RandomStart_2_1,random_starts,8,4,12,4,4,1,1,1,5,1,1,1,0.2,0.2,0.2,0.2,24.6,0.44715447154471544,0.4396551724137931,0.5714285714285714,0.12631578947368421,0.9256829367071319,0.27210131586538483,0.41970836283324675,1.0446453308920676,0.309327428990831,0.4795739585136224,0.2704260414863776,0.2639738160609304,0.44715447154471544,123,6.2,5.8,3.6,9.0,6.0,5.2,6.4,6.0,15.8,4.4,0.0,7.4
size7_comp0.4_grid6_RandomStart_5_1_low,7,0.4,6,low,RandomStart_5_1,random_starts,5,4,9,7,4,1,1,1,1,0,0,0,0.0,0.0,0.0,0.0,32.0,0.375,0.375,0.0,0.0,1.32078415215917,0.5957035716346161,0.7031352965490181,1.32078415215917,0.40843664012447645,0.0,0.0,0.3273809523809524,0.375,32,7.0,13.0,6.0,6.0,6.0,10.0,10.0,5.0,25.0,1.0,0.0,9.0
size7_comp0.4_grid6_ReflectEnv_low,7,0.4,6,low,ReflectEnv,reflect,6,4,10,6,4,1,1,1,10,2,1,0,0.2,0.1,0.0,0.1,31.6,0.29430379746835444,0.28,0.5625,0.03571428571428571,1.0495136461331587,0.18868223688006083,0.35698090082737255,1.1637778202829931,0.5083446822088058,0.7295739585136224,0.3235588275242366,0.22750541110003597,0.29430379746835444,316,8.5,5.5,5.0,12.6,8.4,8.0,7.5,6.7,24.3,5.6,0.3,14.0
size7_comp0.4_grid6_RotateEnv_low,7,0.4,6,low,RotateEnv,rotate,6,4,10,6,4,1,1,1,10,8,6,0,0.8,0.6,0.0,0.6,27.9,0.45161290322580644,0.4797979797979798,0.38271604938271603,0.24236869462675914,1.0812439907771978,0.3041132353789595,0.44123278186228587,1.171270891474329,0.2907973488914744,0.9190846179001219,0.2982934080928724,0.2478323554638803,0.45161290322580644,279,5.0,5.5,2.6,14.8,9.1,6.6,6.7,4.5,17.6,3.5,2.6,10.8
size7_comp0.4_grid6_StartGoalSwap_low,7,0.4,6,low,StartGoalSwap,start_goal_swap,4,6,10,6,4,1,1,1,10,8,5,0,0.8,0.5,0.0,0.5,29.2,0.4452054794520548,0.4303030303030303,0.4645669291338583,0.19114748181464822,1.1025556202051612,0.14408750006555965,0.3802666448379858,1.2804898672756255,0.28978810474923367,0.8908477225698997,0.3270802019569555,0.2368756317954179,0.4452054794520548,292,6.7,7.7,6.2,8.6,8.9,6.7,7.5,5.1,20.5,3.9,1.0,10.5
size7_comp0.4_grid6_TransposeEnv_low,7,0.4,6,low,TransposeEnv,transpose,6,4,10,6,4,1,1,1,10,8,6,0,0.8,0.6,0.0,0.6,24.4,0.5163934426229508,0.5,0.5909090909090909,0.3299714804252009,1.1876659408002257,0.3446616667628208,0.4533667665847146,1.4004808363414047,0.3022109227467881,0.6024249780619833,0.26175322331548717,0.2684295555392526,0.5163934426229508,244,7.7,4.9,3.9,7.9,7.6,7.1,3.8,4.9,13.7,3.4,0.1,7.3
size7_comp0.4_grid6_base_low,7,0.4,6,low,base,base,6,4,10,6,4,1,1,1,10,3,3,0,0.3,0.3,0.0,0.3,29.5,0.31864406779661014,0.2939068100358423,0.75,0.13105413105413105,1.1574179780263738,0.3446616667628208,0.42093464181463136,1.4472023241886451,0.3700530401699184,0.5778492857018316,0.1136903523486138,0.26639865442198096,0.31864406779661014,295,5.9,6.8,3.5,13.3,10.9,6.4,6.8,4.4,21.8,2.9,0.0,15.0
size7_comp0.4_grid6_walls1_low,7,0.4,6,low,walls1,reshuffled_walls,6,4,10,6,3,1,1,1,2,1,0,0,0.5,0.0,0.0,0.0,32.0,0.328125,0.3157894736842105,0.42857142857142855,0.0,0.693265491877741,0.23076923076923078,0.49979935339651477,0.8902723771567369,0.30468456629543217,0.25,0.32781953111478324,0.08567686793493247,0.328125,64,6.0,6.5,8.0,11.5,9.0,9.0,7.5,5.5,23.0,2.5,0.0,17.0
size7_comp0.4_grid7_RandomStart_3_2_low,7,0.4,7,low,RandomStart_3_2,random_starts,2,4,6,2,2,1,1,1,5,3,2,0,0.6,0.4,0.0,0.4,26.0,0.25384615384615383,0.15492957746478872,0.3728813559322034,0.1457142857142857,1.0441570907326507,0.45454545454545453,0.6786581663158078,0.6055281446935851,0.6350782605467123,0.7631005487485196,0.5964710536120006,0.4342479416008828,0.25384615384615383,130,13.8,2.0,3.2,7.0,9.4,7.4,5.6,2.6,19.2,2.0,0.0,15.6
size7_comp0.4_grid7_RandomStart_5_5_low,7,0.4,7,low,RandomStart_5_5,random_starts,3,4,7,7,0,1,1,1,5,4,2,0,0.8,0.4,0.0,0.4,28.6,0.35664335664335667,0.358974358974359,0.35384615384615387,0.12901960784313724,0.9773505678905932,0.3333333333333333,0.474508705052217,0.8618339210303231,0.4170955766434497,0.6947405539180469,0.5655521176530215,0.34020114942528734,0.35664335664335667,143,15.0,2.6,6.4,4.6,11.2,6.6,5.8,4.0,18.4,2.4,0.4,12.4
size7_comp0.4_grid7_ReflectEnv_low,7,0.4,7,low,ReflectEnv,reflect,7,4,11,11,0,1,1,1,10,10,6,0,1.0,0.6,0.0,0.6,27.1,0.5202952029520295,0.48223350253807107,0.6216216216216216,0.2832457757296467,1.0088305706864955,0.25,0.265805693500134,1.1552754838539794,0.27682857130578836,0.806198254407247,0.21281806870374528,0.1307569745069745,0.5202952029520295,271,10.8,4.5,6.4,5.4,8.7,3.9,6.1,7.4,15.8,4.9,2.0,8.3
size7_comp0.4_grid7_RotateEnv_low,7,0.4,7,low,RotateEnv,rotate,7,4,11,11,0,1,1,1,10,1,1,0,0.1,0.1,0.0,0.1,31.0,0.2838709677419355,0.27181208053691275,0.5833333333333334,0.05,0.8971682851860651,0.16666666666666666,0.3473122227883718,0.9665742031761114,0.435027203506028,0.8,0.20314242547681957,0.2752927548903516,0.2838709677419355,310,18.0,1.2,6.1,5.7,13.4,5.5,6.0,5.1,24.5,3.6,0.4,18.3
size7_comp0.4_grid7_StartGoalSwap_low,7,0.4,7,low,StartGoalSwap,start_goal_swap,4,7,11,11,0,1,1,1,10,7,0,0,0.7,0.0,0.0,0.0,32.0,0.253125,0.2754491017964072,0.22875816993464052,0.0,0.8473130589437232,0.17647058823529413,0.42073556395096534,1.0222020392296491,0.436485716651202,0.6921735252458571,0.4435768000068404,0.16163269918928144,0.253125,320,11.7,8.3,2.1,9.9,13.6,6.3,7.1,4.0,23.4,3.1,2.1,18.6
size7_comp0.4_grid7_TransposeEnv_low,7,0.4,7,low,TransposeEnv,transpose,7,4,11,11,0,1,1,1,10,0,0,0,0.0,0.0,0.0,0.0,32.0,0.121875,0.121875,0.0,0.0,0.8766638076781802,0.0,0.7710269188330988,0.8766638076781802,0.7710269188330988,0.0,0.0,0.5321244000041468,0.121875,320,23.8,2.7,2.5,3.0,17.9,4.0,4.2,4.9,28.9,2.2,0.0,24.4
size7_comp0.4_grid7_base_low,7,0.4,7,low,base,base,7,4,11,11,0,1,1,1,10,1,0,0,0.1,0.0,0.0,0.0,32.0,0.321875,0.31962025316455694,0.5,0.0,1.071566806681108,0.3076923076923077,0.4213238273008119,0.9454504988444373,0.4828958758780479,0.3333333333333333,0.603759374819711,0.20541700086260384,0.321875,320,10.4,9.6,6.2,5.8,7.7,8.3,5.2,9.8,26.6,6.6,0.0,13.0
size7_comp0.4_grid7_walls0_low,7,0.4,7,low,walls0,reshuffled_walls,3,4,7,3,2,1,1,1,5,4,3,0,0.8,0.6,0.0,0.6,25.6,0.4296875,0.37755102040816324,0.6,0.225,1.2013526050858967,0.2727272727272727,0.4445325988280137,1.2897885036601597,0.4167877189023676,0.7100651817240718,0.3453193438336394,0.21686097992916176,0.4296875,128,9.8,7.8,5.2,2.8,7.4,4.0,5.0,8.2,18.6,5.6,1.4,8.6
size7_comp0.4_grid7_walls1_low,7,0.4,7,low,walls1,reshuffled_walls,3,4,7,3,2,1,1,1,4,1,0,0,0.25,0.0,0.0,0.0,32.0,0.3984375,0.411214953271028,0.3333333333333333,0.0,0.9095997804986368,0.3056641667147437,0.5850204279491392,1.0437933537166764,0.4738548544349748,0.3676771950521313,0.5888044489877159,0.24687303981421627,0.3984375,128,12.5,9.75,5.75,4.0,8.75,4.5,7.75,10.0,24.5,8.0,0.0,7.5
size7_comp0.4_grid8_RandomStart_4_2_low,7,0.4,8,low,RandomStart_4_2,random_starts,4,5,9,3,3,1,1,1,4,2,1,1,0.5,0.25,0.25,0.25,26.5,0.3490566037735849,0.3424657534246575,0.36363636363636365,0.09782608695652174,0.9865643808873191,0.42857142857142855,0.49691176146484034,0.7748403541265684,0.4097830558775666,0.4096406151479566,0.5182407947538331,0.3013174110223799,0.3490566037735849,106,10.0,5.25,6.0,5.25,12.0,3.75,5.25,4.5,18.25,3.25,0.5,11.25
size7_comp0.4_grid8_RandomStart_5_5_low,7,0.4,8,low,RandomStart_5_5,random_starts,8,5,13,7,3,1,1,1,4,2,1,0,0.5,0.25,0.0,0.25,30.25,0.4132231404958678,0.3805309734513274,0.875,0.13,1.027267485878814,0.4666666666666667,0.410724190929077,1.1965190918738615,0.3323564938154499,0.0,0.3207303568337902,0.17417061171447135,0.4132231404958678,121,9.0,5.25,7.0,9.0,10.0,7.0,6.0,6.25,20.0,4.5,0.25,11.75
size7_comp0.4_grid8_ReflectEnv_low,7,0.4,8,low,ReflectEnv,reflect,5,5,10,4,3,1,1,1,10,5,4,4,0.5,0.4,0.4,0.4,17.5,0.5028571428571429,0.4462809917355372,0.6296296296296297,0.23990683229813664,1.146286178295544,0.35,0.41615357900529626,0.8836841701461283,0.3640910272081152,1.0090285929204996,0.323206066616024,0.1307908921144215,0.5028571428571429,175,3.9,5.2,2.0,6.4,5.8,3.2,4.5,3.0,9.5,2.6,0.9,4.5
size7_comp0.4_grid8_RotateEnv_low,7,0.4,8,low,RotateEnv,rotate,5,5,10,4,3,1,1,1,10,5,5,1,0.5,0.5,0.1,0.5,24.4,0.4180327868852459,0.37222222222222223,0.546875,0.23860727086533537,1.0581133430583196,0.3125,0.45677699376920106,0.8965376871134793,0.35888669905374393,0.8965588040594352,0.29729479386185775,0.17923977344275016,0.4180327868852459,244,3.3,5.1,5.3,10.7,8.4,5.9,4.1,5.0,16.8,3.8,2.4,8.7
size7_comp0.4_grid8_StartGoalSwap_low,7,0.4,8,low,StartGoalSwap,start_goal_swap,5,5,10,4,3,1,1,1,10,9,8,1,0.9,0.8,0.1,0.8,19.2,0.6458333333333334,0.6823529411764706,0.616822429906542,0.47119087084023975,1.319642786682938,0.375,0.3078279348876949,0.8809340279520292,0.23667016060683504,0.8522959528476081,0.2595223542790705,0.23277152534965034,0.6458333333333334,192,5.0,5.1,2.8,6.3,6.0,3.9,4.1,4.2,9.9,3.5,1.3,3.1
size7_comp0.4_grid8_TransposeEnv_low,7,0.4,8,low,TransposeEnv,transpose,5,5,10,4,3,1,1,1,10,5,3,0,0.5,0.3,0.0,0.3,30.5,0.47540983606557374,0.47843137254901963,0.46,0.11458333333333333,1.1412187372681228,0.375,0.4094134652595278,1.3572406136956652,0.32380595411127383,0.5984409036932844,0.3112142873560349,0.1204925237138021,0.47540983606557374,305,11.2,7.9,5.7,5.7,7.4,6.5,7.4,8.2,21.6,7.3,0.4,6.7
size7_comp0.4_grid8_base_low,7,0.4,8,low,base,base,5,5,10,4,3,1,1,1,10,1,1,0,0.1,0.1,0.0,0.1,31.8,0.25471698113207547,0.24281150159744408,1.0,0.03333333333333333,1.4237258233928005,0.5,0.5193977437325276,1.462013843474721,0.4201259943750836,0.0,0.12451124978365313,0.42182069772808195,0.25471698113207547,318,12.1,5.1,4.2,10.4,10.1,7.7,7.7,5.3,25.4,2.9,0.1,17.1
size7_comp0.4_grid8_walls0_low,7,0.4,8,low,walls0,reshuffled_walls,5,5,10,6,4,1,1,1,2,0,0,0,0.0,0.0,0.0,0.0,32.0,0.3125,0.3125,0.0,0.0,1.24188358879284,0.5121375001030223,0.543021762260253,1.24188358879284,0.4740072234285912,0.0,0.0,0.356547619047619,0.3125,64,5.5,6.5,5.0,15.0,13.0,1.5,10.0,6.5,26.0,3.5,0.0,15.0
size7_comp0.4_grid8_walls1_low,7,0.4,8,low,walls1,reshuffled_walls,5,5,10,6,3,1,1,1,3,1,0,0,0.3333333333333333,0.0,0.0,0.0,32.0,0.46875,0.45555555555555555,0.6666666666666666,0.0,1.0134000308788451,0.3056641667147437,0.4330679930778045,1.2000909511984252,0.41979916408235524,0.5,0.15563906222956642,0.2953703703703704,0.46875,96,11.0,11.0,5.0,5.0,9.666666666666666,3.6666666666666665,6.666666666666667,11.0,22.666666666666668,9.333333333333334,0.0,5.0
size7_comp0.4_grid9_RandomStart_1_2_low,7,0.4,9,low,RandomStart_1_2,random_starts,4,5,9,1,4,1,1,1,3,2,2,1,0.6666666666666666,0.6666666666666666,0.3333333333333333,0.6666666666666666,10.666666666666666,0.65625,0.6111111111111112,0.7142857142857143,0.4227272727272728,0.7990013553720382,0.4,0.47968848671911557,0.45065701057509167,0.2800582755557629,0.3778492857018316,0.2418492711085467,0.1495238095238095,0.65625,32,3.3333333333333335,2.0,2.6666666666666665,2.6666666666666665,3.6666666666666665,2.0,3.6666666666666665,0.3333333333333333,5.0,0.3333333333333333,1.6666666666666667,2.3333333333333335
size7_comp0.4_grid9_RandomStart_3_2_low,7,0.4,9,low,RandomStart_3_2,random_starts,2,5,7,3,2,1,1,1,5,5,5,0,1.0,1.0,0.0,1.0,13.6,0.5882352941176471,0.7647058823529411,0.5294117647058824,0.5955917874396135,0.7567349579373117,0.375,0.2821145120378069,0.5029888557118869,0.15787577826428909,0.49810702702953324,0.24998943807203736,0.3105142140468227,0.5882352941176471,68,7.6,2.4,2.8,0.8,6.6,2.8,1.4,1.8,8.0,1.8,1.2,4.6
size7_comp0.4_grid9_ReflectEnv_low,7,0.4,9,low,ReflectEnv,reflect,4,5,9,3,3,1,1,1,10,4,4,6,0.4,0.4,0.6,0.4,12.7,0.5275590551181102,0.4375,0.8064516129032258,0.22094861660079052,1.0952874104353802,0.4,0.2830699850720433,1.0743675464752838,0.391157731727953,0.5288649008864357,0.3228328698101398,0.20414418398938522,0.5275590551181102,127,4.3,3.0,1.2,4.2,3.7,3.1,2.3,2.6,6.8,2.1,0.4,2.3
size7_comp0.4_grid9_RotateEnv_low,7,0.4,9,low,RotateEnv,rotate,4,5,9,3,3,1,1,1,10,5,0,4,0.5,0.0,0.4,0.0,22.3,0.4260089686098655,0.5333333333333333,0.30097087378640774,0.0,1.0125639274068103,0.4375,0.5695781681897394,0.9448671663475382,0.25703491118850397,0.9170673886191764,0.6276890992684145,0.3188658952398177,0.4260089686098655,223,7.2,6.4,2.7,6.0,5.0,4.3,5.7,6.3,13.5,5.0,1.8,4.0
size7_comp0.4_grid9_StartGoalSwap_low,7,0.4,9,low,StartGoalSwap,start_goal_swap,5,4,9,3,3,1,1,1,10,7,7,3,0.7,0.7,0.3,0.7,13.3,0.6466165413533834,0.6811594202898551,0.609375,0.3787458193979933,0.9476433507352443,0.3333333333333333,0.2755733230343362,0.8419707654163406,0.23782741590867346,0.5857039528039879,0.21452759618902786,0.1704761904761904,0.6466165413533834,133,2.8,2.7,2.5,5.3,5.4,2.3,3.0,1.6,6.7,1.4,2.0,2.7
size7_comp0.4_grid9_TransposeEnv_low,7,0.4,9,low,TransposeEnv,transpose,4,5,9,3,3,1,1,1,10,8,4,0,0.8,0.4,0.0,0.4,28.9,0.3771626297577855,0.39444444444444443,0.3486238532110092,0.16368400621118012,1.0250325773671343,0.35714285714285715,0.5854783215246656,0.9845142439974932,0.4116035305172926,0.7127192184438521,0.45176362774880463,0.2243405519026637,0.3771626297577855,289,12.4,8.2,3.9,4.4,12.1,4.9,5.7,5.2,20.1,3.9,2.3,13.8
size7_comp0.4_grid9_base_low,7,0.4,9,low,base,base,4,5,9,3,3,1,1,1,10,4,1,0,0.4,0.1,0.0,0.1,32.0,0.15625,0.12403100775193798,0.2903225806451613,0.028125,1.2307874826388743,0.2857142857142857,0.5866743312889178,0.8564932094522874,0.4372505151897086,0.5539334278836694,0.461606700192386,0.3554457094244156,0.15625,320,23.3,2.1,2.6,4.0,18.9,6.0,4.0,2.1,28.2,1.1,0.5,24.6
size7_comp0.4_grid9_walls1_low,7,0.4,9,low,walls1,reshuffled_walls,4,5,9,7,1,1,1,1,1,0,0,0,0.0,0.0,0.0,0.0,32.0,0.1875,0.1875,0.0,0.0,0.6644104857709785,0.2,0.569799471187477,0.6644104857709785,0.369799471187477,0.0,0.0,0.3678362573099415,0.1875,32,21.0,5.0,3.0,3.0,19.0,7.0,2.0,3.0,27.0,1.0,0.0,24.0
size7_comp0.6_grid0_RandomStart_4_2_low,7,0.6,0,low,RandomStart_4_2,random_starts,2,3,5,3,1,1,1,1,5,2,2,0,0.4,0.4,0.0,0.4,24.4,0.22131147540983606,0.1941747572815534,0.3684210526315789,0.15476190476190477,1.2013766556945833,0.375,0.4450241246481016,1.3575748790559055,0.5839300540082528,0.5300044843296708,0.3177383838408748,0.14536046741929098,0.22131147540983606,122,12.4,1.8,3.2,7.0,8.8,6.6,6.4,1.6,19.2,0.6,0.0,14.4
size7_comp0.6_grid0_RandomStart_4_3_low,7,0.6,0,low,RandomStart_4_3,random_starts,1,3,4,4,0,1,1,1,5,4,4,0,0.8,0.8,0.0,0.8,14.0,0.4,0.39473684210526316,0.40625,0.3377777777777778,1.0875696880464594,0.375,0.32257644684936754,0.8870381496426228,0.6542290485910713,0.5892866450844844,0.33570047487369564,0.2529761904761905,0.4,70,7.8,1.0,3.2,2.0,5.6,3.2,2.0,2.2,8.8,1.4,0.0,5.6
size7_comp0.6_grid0_ReflectEnv_low,7,0.6,0,low,ReflectEnv,reflect,5,3,8,8,0,1,1,1,10,9,8,0,0.9,0.8,0.0,0.8,22.7,0.4889867841409692,0.4293193717277487,0.8055555555555556,0.3345020469726352,1.0916735133618378,0.3333333333333333,0.3085582217957925,1.0645391711847494,0.39962634328981067,0.5437287089860361,0.2287377870328613,0.08605159242904885,0.4889867841409692,227,8.3,5.2,4.5,4.7,5.1,4.3,6.8,5.5,15.0,4.5,0.3,7.9
size7_comp0.6_grid0_RotateEnv_low,7,0.6,0,low,RotateEnv,rotate,5,3,8,8,0,1,1,1,10,6,0,0,0.6,0.0,0.0,0.0,32.0,0.290625,0.2777777777777778,0.3382352941176471,0.0,1.2118980373494603,0.36363636363636365,0.45870919947695565,0.9069839864203593,0.35538181827361986,1.067936312316076,0.5219754524987782,0.17337662337662335,0.290625,320,15.5,2.9,6.5,7.1,13.3,7.1,4.4,6.2,25.4,4.6,0.3,16.6
size7_comp0.6_grid0_StartGoalSwap_low,7,0.6,0,low,StartGoalSwap,start_goal_swap,3,5,8,8,0,1,1,1,10,7,3,0,0.7,0.3,0.0,0.3,28.6,0.3881118881118881,0.3623853211009174,0.47058823529411764,0.1253639846743295,1.2493335700068564,0.3076923076923077,0.27861094169639505,1.2589347897080754,0.3706092201272738,0.9916446016211271,0.24864371103766642,0.20121985930699218,0.3881118881118881,286,6.1,5.5,3.8,13.2,9.9,4.9,7.9,4.9,19.1,3.6,0.7,10.7
size7_comp0.6_grid0_TransposeEnv_low,7,0.6,0,low,TransposeEnv,transpose,5,3,8,8,0,1,1,1,10,2,2,0,0.2,0.2,0.0,0.2,28.3,0.1519434628975265,0.13138686131386862,0.7777777777777778,0.12272727272727273,0.7154136147915294,0.23076923076923078,0.37481849377271337,0.7181983693534336,0.41413452238031745,0.3836591668108979,0.22494177559970163,0.2337494259454332,0.1519434628975265,283,18.7,2.7,5.8,1.1,15.1,3.1,5.4,3.7,23.0,1.7,0.1,19.1
size7_comp0.6_grid0_base_low,7,0.6,0,low,base,base,5,3,8,8,0,1,1,1,10,2,2,0,0.2,0.2,0.0,0.2,30.3,0.2871287128712871,0.28832116788321166,0.27586206896551724,0.06836363636363636,1.1582313651518374,0.25,0.44240947547227527,1.2636134470698948,0.5045632236323144,0.46236475698746055,0.33435448317238164,0.2227835921818121,0.2871287128712871,303,14.6,5.1,5.9,4.7,9.6,6.0,5.6,8.1,23.5,5.1,0.0,13.8
size7_comp0.6_grid0_walls0_low,7,0.6,0,low,walls0,reshuffled_walls,3,3,6,6,0,1,1,1,2,1,1,0,0.5,0.5,0.0,0.5,27.5,0.34545454545454546,0.3137254901960784,0.75,0.13043478260869565,0.7399673477413817,0.0,0.32198904228834446,0.9839477563862108,0.45292684276952466,0.3333333333333333,0.10375937481971094,0.39824561403508774,0.34545454545454546,55,6.0,2.5,13.0,6.0,4.0,9.5,6.0,7.0,21.5,6.5,0.0,11.0
size7_comp0.6_grid1_RandomStart_1_5_low,7,0.6,1,low,RandomStart_1_5,random_starts,3,8,11,7,3,1,1,1,3,3,0,0,1.0,0.0,0.0,0.0,32.0,0.40625,0.7692307692307693,0.3493975903614458,0.0,1.1912420777091617,0.23499659097465056,0.5800505918331529,0.6976262297806771,0.11482811460187603,1.1640082134596101,0.5737077296310106,0.32632204396910275,0.40625,96,10.666666666666666,8.666666666666666,5.666666666666667,7.0,8.333333333333334,5.0,8.333333333333334,9.333333333333334,23.666666666666668,7.0,8.666666666666666,10.333333333333334
size7_comp0.6_grid1_RandomStart_3_1_low,7,0.6,1,low,RandomStart_3_1,random_starts,5,8,13,3,5,1,1,1,1,0,0,0,0.0,0.0,0.0,0.0,32.0,0.1875,0.1875,0.0,0.0,0.9690021857090739,0.0,0.5890645573925297,0.9690021857090739,0.6459605031171527,0.0,0.0,0.39646464646464646,0.1875,32,10.0,5.0,16.0,1.0,13.0,8.0,6.0,4.0,28.0,4.0,0.0,20.0
size7_comp0.6_grid1_ReflectEnv_low,7,0.6,1,low,ReflectEnv,reflect,3,8,11,5,3,1,1,1,10,10,0,0,1.0,0.0,0.0,0.0,32.0,0.2875,0.5851063829787234,0.16371681415929204,0.0,1.1734848313224162,0.215413541726763,0.6207226772081403,1.1219170646020853,0.2672286380258225,0.9600752232842811,0.5515251716085617,0.3086412829594648,0.2875,320,17.3,4.2,6.5,4.0,14.4,6.9,5.4,4.3,24.6,2.6,4.4,18.0
size7_comp0.6_grid1_RotateEnv_low,7,0.6,1,low,RotateEnv,rotate,3,8,11,5,3,1,1,1,10,10,8,0,1.0,0.8,0.0,0.8,24.1,0.5726141078838174,0.6375,0.5403726708074534,0.419312302340291,1.1865968499522845,0.19884326928624277,0.41967220736327787,0.8861103185533368,0.14693094593956954,1.0000996966777829,0.22125718188504317,0.1889060449354567,0.5726141078838174,241,8.6,3.1,8.1,4.3,8.4,4.9,5.7,4.1,14.7,3.3,2.7,7.0
size7_comp0.6_grid1_StartGoalSwap_low,7,0.6,1,low,StartGoalSwap,start_goal_swap,8,3,11,5,3,1,1,1,10,1,0,3,0.1,0.0,0.3,0.0,27.0,0.27037037037037037,0.27450980392156865,0.2,0.0,0.7874448065039187,0.1723308333814104,0.48693684884945854,0.7224304590151576,0.34826893776534573,0.21667414054945136,0.5765246528378741,0.1996870119766167,0.27037037037037037,270,13.5,3.5,8.6,1.4,11.2,5.5,5.2,4.1,21.4,1.9,0.1,16.5
size7_comp0.6_grid1_TransposeEnv_low,7,0.6,1,low,TransposeEnv,transpose,3,8,11,5,3,1,1,1,10,10,4,0,1.0,0.4,0.0,0.4,29.1,0.4570446735395189,0.5,0.4423963133640553,0.18836659663865546,1.3304636412252977,0.21088014710124448,0.4750117506321709,1.0152084706708948,0.28637807971217716,1.2901669253090575,0.386332523274262,0.22338301578211034,0.4570446735395189,291,9.1,5.3,6.8,7.8,7.4,7.5,6.5,6.5,18.4,4.7,1.1,9.9
size7_comp0.6_grid1_base_low,7,0.6,1,low,base,base,3,8,11,5,3,1,1,1,10,7,0,0,0.7,0.0,0.0,0.0,32.0,0.340625,0.3333333333333333,0.3475609756097561,0.0,1.3224070617707784,0.215413541726763,0.5718639092653518,1.2262798343238626,0.3163925816605469,1.3256663290515192,0.5323281017923872,0.3582804171383237,0.340625,320,7.4,7.0,12.3,5.3,8.6,5.8,8.2,8.4,25.5,5.4,3.6,12.4
size7_comp0.6_grid1_walls0_low,7,0.6,1,low,walls0,reshuffled_walls,3,6,9,7,3,1,1,1,4,4,1,0,1.0,0.25,0.0,0.25,27.5,0.4818181818181818,0.7647058823529411,0.43010752688172044,0.16071428571428573,0.8716378082451721,0.25606875005151114,0.3827046390621605,0.7049165786514845,0.11699566630670712,0.8276028278303933,0.3888399774268689,0.26182261442126253,0.4818181818181818,110,7.5,6.5,6.75,6.75,4.75,8.75,5.25,7.75,19.25,6.5,3.75,4.75
size7_comp0.6_grid1_walls1_low,7,0.6,1,low,walls1,reshuffled_walls,3,6,9,3,3,1,1,1,5,5,3,0,1.0,0.6,0.0,0.6,27.6,0.5217391304347826,0.575,0.5,0.22767857142857145,1.3825607615736706,0.25849625007211563,0.4282313060027967,1.0469887127652533,0.29609759243577716,1.0632198274090907,0.3507176958689054,0.40350505050505053,0.5217391304347826,138,6.4,5.6,6.0,9.6,7.2,6.6,7.0,5.8,19.0,4.2,2.6,7.0
size7_comp0.6_grid2_RandomStart_1_1_low,7,0.6,2,low,RandomStart_1_1,random_starts,2,5,7,7,0,1,1,1,5,5,2,0,1.0,0.4,0.0,0.4,23.0,0.3391304347826087,0.8571428571428571,0.26732673267326734,0.3166666666666667,0.5801597739546831,0.1584962500721156,0.2765376034053595,0.34438561897747244,0.12160630922912001,0.8159339289318938,0.29329399665737704,0.08043533930857874,0.3391304347826087,115,7.2,3.0,1.4,11.4,9.6,4.4,5.4,2.6,16.0,1.4,0.0,12.8
size7_comp0.6_grid2_RandomStart_5_3_low,7,0.6,2,low,RandomStart_5_3,random_starts,4,5,9,1,4,1,1,1,5,4,1,1,0.8,0.2,0.2,0.2,24.0,0.30833333333333335,0.46153846153846156,0.2345679012345679,0.0782608695652174,1.223456730273999,0.0,0.45979241640075386,0.9891648986440353,0.2716469749511847,0.9907401808396893,0.36557164874252573,0.3665204678362573,0.30833333333333335,120,11.6,2.2,3.4,6.8,9.0,5.0,5.8,3.2,19.6,2.6,2.0,14.8
size7_comp0.6_grid2_ReflectEnv_low,7,0.6,2,low,ReflectEnv,reflect,4,5,9,7,4,1,1,1,10,10,0,0,1.0,0.0,0.0,0.0,32.0,0.23125,0.4731182795698925,0.13215859030837004,0.0,1.1440631273907982,0.1761069445245729,0.6547567867651815,0.9666471763749166,0.2782832850809286,0.9288903671654061,0.6900915520257259,0.30605431376329206,0.23125,320,20.8,2.6,5.5,3.1,16.9,6.2,4.2,3.7,25.7,2.4,4.6,19.9
size7_comp0.6_grid2_RotateEnv_low,7,0.6,2,low,RotateEnv,rotate,4,5,9,7,4,1,1,1,10,10,2,0,1.0,0.2,0.0,0.2,30.7,0.3745928338762215,0.5443037974683544,0.3157894736842105,0.07403225806451613,1.1937572570889063,0.13208020839342968,0.4270321903609416,1.1759055382926435,0.26079084345137193,1.2250532351854113,0.4261612698540022,0.2964399326177867,0.3745928338762215,307,10.0,5.9,9.6,5.2,9.5,5.0,8.6,6.6,23.0,5.3,9.5,12.6
size7_comp0.6_grid2_StartGoalSwap_low,7,0.6,2,low,StartGoalSwap,start_goal_swap,5,4,9,7,4,1,1,1,10,6,0,1,0.6,0.0,0.1,0.0,31.0,0.3161290322580645,0.3698630136986301,0.18681318681318682,0.0,0.8793101606958421,0.1723308333814104,0.42452837915686636,0.9124501490710647,0.2977279408454309,0.8497413676653837,0.6950144821961569,0.24619299571680522,0.3161290322580645,310,12.8,2.6,9.7,5.9,9.7,6.8,5.5,8.0,23.9,4.8,6.1,15.3
size7_comp0.6_grid2_TransposeEnv_low,7,0.6,2,low,TransposeEnv,transpose,4,5,9,7,4,1,1,1,10,5,1,0,0.5,0.1,0.0,0.1,31.6,0.4208860759493671,0.47413793103448276,0.27380952380952384,0.03214285714285715,1.3559824266098313,0.11321160719436829,0.5508083644982206,1.1547103711600948,0.3305773934122018,0.8813441788629477,0.5830003723983702,0.5622406716126648,0.4208860759493671,316,7.7,5.3,8.8,9.8,6.5,8.6,5.3,10.2,24.1,9.0,0.8,8.1
size7_comp0.6_grid2_base_low,7,0.6,2,low,base,base,4,5,9,7,4,1,1,1,10,10,6,0,1.0,0.6,0.0,0.6,22.8,0.43859649122807015,0.7377049180327869,0.32934131736526945,0.3350840336134454,0.8439315200995249,0.14408750006555965,0.3302914209784232,0.861991274895144,0.12030477225527351,0.6894965347236314,0.21432369076933588,0.18011448097572502,0.43859649122807015,228,7.7,3.0,1.8,10.3,8.7,3.6,6.2,3.3,13.9,2.3,0.2,10.7
size7_comp0.6_grid2_walls0_low,7,0.6,2,low,walls0,reshuffled_walls,4,3,7,3,2,1,1,1,2,2,1,0,1.0,0.5,0.0,0.5,23.0,0.3695652173913043,0.75,0.23529411764705882,0.25,0.5285967686208652,0.2,0.4493835905731345,0.38048202372184053,0.17677343161562278,0.6273399318868819,0.42876187237687075,0.20594202898550726,0.3695652173913043,46,13.0,2.5,1.0,6.5,12.5,3.0,3.0,3.5,15.0,2.0,0.5,11.5
size7_comp0.6_grid2_walls1_low,7,0.6,2,low,walls1,reshuffled_walls,4,3,7,3,2,1,1,1,5,2,2,0,0.4,0.4,0.0,0.4,26.2,0.3282442748091603,0.29838709677419356,0.8571428571428571,0.2094017094017094,1.0816218849417287,0.25,0.5044996487230877,0.9523822076840998,0.4358911840321,0.3060986113514965,0.16738420969341417,0.33157111528822053,0.3282442748091603,131,11.0,7.8,3.8,3.6,9.8,4.6,4.6,6.2,20.6,5.2,0.6,11.0
size7_comp0.6_grid3_RandomStart_2_5_low,7,0.6,3,low,RandomStart_2_5,random_starts,2,7,9,7,2,1,1,1,2,1,1,0,0.5,0.5,0.0,0.5,28.0,0.32142857142857145,0.23529411764705882,0.45454545454545453,0.1875,0.8894532264756364,0.25606875005151114,0.43226968615467726,1.2485074374252374,0.4386332575925393,0.6201625682634359,0.29077609193007997,0.23180272108843536,0.32142857142857145,56,7.5,5.0,8.0,7.5,10.0,6.0,4.5,6.5,20.0,3.0,0.5,14.5
size7_comp0.6_grid3_RandomStart_4_4_low,7,0.6,3,low,RandomStart_4_4,random_starts,1,7,8,6,1,1,1,1,5,4,3,1,0.8,0.6,0.2,0.6,22.8,0.3684210526315789,0.3076923076923077,0.37623762376237624,0.2175388291517324,0.9626533796020021,0.23899750004807707,0.33831251552519376,0.37032134914789366,0.8513385910242667,0.8578940145550203,0.32221897414829925,0.20822476869535694,0.3684210526315789,114,13.0,1.2,5.4,3.2,9.6,5.0,3.8,3.4,14.6,2.2,2.2,11.0
size7_comp0.6_grid3_ReflectEnv_low,7,0.6,3,low,ReflectEnv,reflect,3,7,10,6,3,1,1,1,10,3,1,5,0.3,0.1,0.5,0.1,23.5,0.2553191489361702,0.18556701030927836,0.5853658536585366,0.0625,1.1532857428354275,0.18868223688006083,0.33652541948666925,1.242589320269563,0.5518059236334183,0.76955720731194,0.17665725838692511,0.13384554042448782,0.2553191489361702,235,9.8,2.5,5.7,5.5,7.6,5.5,5.1,4.3,15.9,2.6,0.8,10.9
size7_comp0.6_grid3_RotateEnv_low,7,0.6,3,low,RotateEnv,rotate,3,7,10,6,3,1,1,1,10,9,0,1,0.9,0.0,0.1,0.0,30.0,0.37,0.4742268041237113,0.32019704433497537,0.0,1.0146191203287236,0.19916458337339757,0.4541929360978289,0.868001026182743,0.4299319634177261,0.8826242069527911,0.49379280376273316,0.23056774246332593,0.37,300,14.4,2.5,7.4,5.7,10.8,7.2,5.9,5.1,20.7,3.7,0.7,12.3
size7_comp0.6_grid3_StartGoalSwap_low,7,0.6,3,low,StartGoalSwap,start_goal_swap,7,3,10,6,3,1,1,1,10,6,4,0,0.6,0.4,0.0,0.4,28.2,0.3971631205673759,0.3724696356275304,0.5714285714285714,0.18163614163614164,1.254200778177663,0.26666666666666666,0.44497787631174485,1.0560662269757293,0.41764780142239233,1.0882836171832388,0.27593842671096697,0.10392987207441823,0.3971631205673759,282,9.6,5.6,5.5,7.5,7.6,6.0,7.4,6.2,19.6,3.6,0.6,11.7
size7_comp0.6_grid3_TransposeEnv_low,7,0.6,3,low,TransposeEnv,transpose,3,7,10,6,3,1,1,1,10,3,0,1,0.3,0.0,0.1,0.0,31.4,0.2229299363057325,0.2109090909090909,0.3076923076923077,0.0,0.9646676672005358,0.29874687506009634,0.5429847184645025,1.183789779067999,0.5282491736307221,0.5330753376577033,0.5542332626707425,0.13360022516617823,0.2229299363057325,314,11.7,4.1,4.8,10.7,8.7,7.9,7.6,6.0,26.8,3.7,1.1,18.5
size7_comp0.6_grid3_base_low,7,0.6,3,low,base,base,3,7,10,6,3,1,1,1,10,7,2,1,0.7,0.2,0.1,0.2,29.2,0.386986301369863,0.3680555555555556,0.40540540540540543,0.0754985754985755,1.2161655099426132,0.19916458337339757,0.46385478365230237,1.3794941878972886,0.4704684641325877,0.8672627501349516,0.37047399944850506,0.18138543810740607,0.386986301369863,292,10.7,5.3,5.8,7.4,7.6,6.5,6.8,7.3,20.5,5.2,2.7,11.4
size7_comp0.6_grid3_walls0_low,7,0.6,3,low,walls0,reshuffled_walls,3,3,6,6,0,1,1,1,4,4,4,0,1.0,1.0,0.0,1.0,22.0,0.4431818181818182,0.46153846153846156,0.42857142857142855,0.27685706741770816,0.9985885990314101,0.2,0.3605089662763213,0.7743442364356314,0.42334086876729843,0.7644152788165977,0.3843582986149865,0.2983585858585859,0.4431818181818182,88,7.0,3.75,5.75,5.5,6.75,3.25,8.0,3.0,13.5,1.75,3.0,8.5
size7_comp0.6_grid3_walls1_low,7,0.6,3,low,walls1,reshuffled_walls,3,3,6,6,0,1,1,1,1,1,1,0,1.0,1.0,0.0,1.0,22.0,0.5454545454545454,0.47368421052631576,1.0,0.2727272727272727,0.5771452880332352,0.42857142857142855,0.26571656474691074,1.0100042540581615,0.43829295792355183,0.0,0.0,0.23412698412698413,0.5454545454545454,22,9.0,9.0,1.0,3.0,5.0,3.0,3.0,10.0,15.0,8.0,0.0,4.0
size7_comp0.6_grid4_RandomStart_1_4_low,7,0.6,4,low,RandomStart_1_4,random_starts,5,6,11,1,5,1,1,1,4,4,0,0,1.0,0.0,0.0,0.0,32.0,0.4765625,0.7428571428571429,0.3763440860215054,0.0,1.073927862247919,0.3333333333333333,0.6136948216886737,0.8196270598879076,0.18008676414519573,1.1250257903327698,0.5273402434966694,0.3763326635001827,0.4765625,128,11.0,4.75,6.5,9.75,7.25,9.25,4.75,9.75,22.0,9.0,6.0,5.75
size7_comp0.6_grid4_RandomStart_3_3_low,7,0.6,4,low,RandomStart_3_3,random_starts,2,6,8,4,2,1,1,1,4,4,1,0,1.0,0.25,0.0,0.25,32.0,0.375,0.75,0.32142857142857145,0.0625,0.7478109105145174,0.3333333333333333,0.4631587949042777,0.5095975264112826,0.10749634475318996,0.8154635150310305,0.39341048836384745,0.42627173551086595,0.375,128,15.0,4.5,5.5,7.0,10.25,7.75,4.5,8.5,24.0,6.5,4.0,10.5
size7_comp0.6_grid4_ReflectEnv_low,7,0.6,4,low,ReflectEnv,reflect,5,6,11,3,4,1,1,1,10,5,2,0,0.5,0.2,0.0,0.2,29.7,0.2558922558922559,0.20353982300884957,0.4225352112676056,0.10789473684210527,1.2360555910504085,0.23076923076923078,0.4555065569583539,0.8113772885232944,0.32485721471618434,0.8395547825165331,0.2962003006060565,0.20657992093712613,0.2558922558922559,297,13.0,4.3,6.1,6.3,12.3,5.4,6.5,4.5,24.3,2.1,0.7,18.5
size7_comp0.6_grid4_RotateEnv_low,7,0.6,4,low,RotateEnv,rotate,5,6,11,3,4,1,1,1,10,2,2,0,0.2,0.2,0.0,0.2,31.5,0.2761904761904762,0.24915824915824916,0.7222222222222222,0.07511574074074075,1.0985813988936062,0.25,0.47657409836154363,1.0005962119130052,0.5004417720227389,0.5,0.1857056877348516,0.3391504556774735,0.2761904761904762,315,8.8,4.1,13.3,5.2,10.0,6.1,7.4,6.8,25.4,3.8,0.4,17.3
size7_comp0.6_grid4_StartGoalSwap_low,7,0.6,4,low,StartGoalSwap,start_goal_swap,6,5,11,3,4,1,1,1,10,9,1,1,0.9,0.1,0.1,0.1,30.1,0.4219269102990033,0.5439560439560439,0.23529411764705882,0.039285714285714285,1.483734553906851,0.2727272727272727,0.4668192462944934,1.5259067595992064,0.257880448490361,0.7965881052216028,0.3609312268208999,0.2570587790688282,0.4219269102990033,301,10.7,5.5,8.9,5.0,8.8,5.8,7.0,7.5,21.3,5.0,1.2,10.9
size7_comp0.6_grid4_TransposeEnv_low,7,0.6,4,low,TransposeEnv,transpose,5,6,11,3,4,1,1,1,10,0,0,10,0.0,0.0,1.0,0.0,12.4,0.3790322580645161,0.3790322580645161,0.0,0.0,0.7841516350195451,0.25,0.1851116948413205,0.7841516350195451,0.5349611261934846,0.0,0.0,0.17038106642411638,0.3790322580645161,124,3.5,1.9,1.8,5.2,2.2,3.0,2.4,3.8,7.7,3.5,0.0,2.0
size7_comp0.6_grid4_base_low,7,0.6,4,low,base,base,5,6,11,3,4,1,1,1,10,7,0,3,0.7,0.0,0.3,0.0,24.7,0.42105263157894735,0.4745762711864407,0.37209302325581395,0.0,1.357509558312091,0.3333333333333333,0.45269175198326406,1.172716128927937,0.2799790735787321,1.1771043040950215,0.506523583180583,0.3657197278030611,0.42105263157894735,247,7.7,6.1,3.5,7.4,5.6,6.6,5.7,5.8,16.3,3.8,3.5,6.8
size7_comp0.6_grid4_walls0_low,7,0.6,4,low,walls0,reshuffled_walls,5,6,11,3,5,1,1,1,2,2,0,0,1.0,0.0,0.0,0.0,32.0,0.3125,0.5555555555555556,0.13513513513513514,0.0,0.6758672806218167,0.25,0.7514364751959269,0.7125144698520397,0.3258750005922081,0.6280073054709079,0.83590328311263,0.3326612903225806,0.3125,64,15.5,4.5,4.5,7.5,17.0,4.5,4.0,5.5,22.0,3.0,2.0,15.0
size7_comp0.6_grid4_walls1_low,7,0.6,4,low,walls1,reshuffled_walls,5,6,11,3,5,1,1,1,4,3,0,0,0.75,0.0,0.0,0.0,32.0,0.3828125,0.4461538461538462,0.31746031746031744,0.0,1.0193088374048742,0.3125,0.6475920193952677,0.6139007334714328,0.28518674165127084,1.2581735590964562,0.538989743608788,0.2878201659451659,0.3828125,128,12.5,5.25,4.75,9.5,9.25,8.0,6.75,7.0,22.5,5.25,4.0,11.75
size7_comp0.6_grid5_RandomStart_3_5_low,7,0.6,5,low,RandomStart_3_5,random_starts,2,7,9,9,0,1,1,1,3,3,0,0,1.0,0.0,0.0,0.0,32.0,0.3541666666666667,0.8,0.3023255813953488,0.0,1.0929745952889955,0.3,0.4916933069296868,0.4056390622295664,0.14678222159979815,1.2693230870120469,0.5700051725510925,0.19015678015678017,0.3541666666666667,96,10.0,2.6666666666666665,13.333333333333334,6.0,8.0,6.333333333333333,8.333333333333334,8.333333333333334,24.333333333333332,6.0,1.6666666666666667,11.333333333333334
size7_comp0.6_grid5_RandomStart_5_2_low,7,0.6,5,low,RandomStart_5_2,random_starts,5,7,12,4,4,1,1,1,5,0,0,0,0.0,0.0,0.0,0.0,32.0,0.1,0.1,0.0,0.0,0.9353121225930657,0.3333333333333333,0.46480236053477436,0.9353121225930657,0.7547665265155552,0.0,0.0,0.3852067183462532,0.1,160,19.6,2.0,1.4,9.0,12.4,7.0,8.2,3.4,28.6,1.8,0.0,24.6
size7_comp0.6_grid5_ReflectEnv_low,7,0.6,5,low,ReflectEnv,reflect,4,7,11,3,4,1,1,1,10,7,4,0,0.7,0.4,0.0,0.4,28.6,0.4160839160839161,0.31718061674008813,0.7966101694915254,0.18895502645502646,1.330085083794745,0.25,0.40472263862033214,1.2019929957072126,0.38694219158388904,0.540711427051134,0.13448790189380264,0.2073498153157164,0.4160839160839161,286,8.9,5.3,5.3,9.1,9.8,8.1,4.5,5.2,20.7,3.9,0.9,12.2
size7_comp0.6_grid5_RotateEnv_low,7,0.6,5,low,RotateEnv,rotate,4,7,11,3,4,1,1,1,10,7,0,1,0.7,0.0,0.1,0.0,29.4,0.38095238095238093,0.40993788819875776,0.3458646616541353,0.0,1.1685592157382352,0.23529411764705882,0.41547663496997744,0.9977933469102266,0.3220016855287516,0.7756690365241238,0.5113502684214498,0.20621419947407926,0.38095238095238093,294,13.8,5.3,4.3,6.0,12.9,6.1,4.5,4.9,20.5,3.5,0.8,11.5
size7_comp0.6_grid5_StartGoalSwap_low,7,0.6,5,low,StartGoalSwap,start_goal_swap,7,4,11,3,4,1,1,1,10,0,0,6,0.0,0.0,0.6,0.0,19.8,0.25757575757575757,0.25757575757575757,0.0,0.0,0.9655024210988246,0.2222222222222222,0.32079931312591714,0.9655024210988246,0.4449378290754733,0.0,0.0,0.3841750841750842,0.25757575757575757,198,11.1,2.2,1.8,4.7,11.1,3.3,2.1,2.3,14.6,1.5,0.0,12.1
size7_comp0.6_grid5_TransposeEnv_low,7,0.6,5,low,TransposeEnv,transpose,4,7,11,3,4,1,1,1,10,10,0,0,1.0,0.0,0.0,0.0,32.0,0.34375,0.6052631578947368,0.19902912621359223,0.0,1.1273943980154404,0.3076923076923077,0.5396497971643481,1.1411167154591262,0.22663634813905928,0.813601491050403,0.6604162599704058,0.36545070934028756,0.34375,320,16.3,4.8,7.0,3.9,13.8,4.2,6.0,7.0,23.9,5.0,1.5,14.4
size7_comp0.6_grid5_base_low,7,0.6,5,low,base,base,4,7,11,3,4,1,1,1,10,1,0,1,0.1,0.0,0.1,0.0,31.1,0.2315112540192926,0.2179930795847751,0.4090909090909091,0.0,1.2308814374619013,0.25,0.50731892859562,1.3279824844043928,0.4827048245366173,0.7299905927140591,0.6734875159757157,0.09786527237157489,0.2315112540192926,311,13.7,3.5,5.5,8.4,9.1,7.4,6.7,6.9,25.4,5.0,0.0,15.5
size7_comp0.6_grid5_walls0_low,7,0.6,5,low,walls0,reshuffled_walls,4,5,9,3,3,1,1,1,4,1,0,0,0.25,0.0,0.0,0.0,32.0,0.328125,0.3225806451612903,0.5,0.0,1.0086209734359928,0.2727272727272727,0.5152587184562438,1.010536745310658,0.4037209653246575,0.3333333333333333,0.5,0.2517241379310345,0.328125,128,9.0,3.75,7.0,12.25,8.0,6.75,8.25,8.0,24.5,6.0,0.5,12.0
size7_comp0.6_grid5_walls1_low,7,0.6,5,low,walls1,reshuffled_walls,4,7,11,3,4,1,1,1,5,2,1,0,0.4,0.2,0.0,0.2,31.4,0.2929936305732484,0.25663716814159293,0.38636363636363635,0.07586206896551724,1.1823322171553419,0.23076923076923078,0.4546479938142313,1.1325378466936156,0.4757422535678897,0.7311292349052431,0.3970845711955065,0.37817436459970394,0.2929936305732484,157,11.2,4.0,6.0,10.2,8.6,8.2,7.8,5.8,25.0,4.2,2.2,15.4
size7_comp0.6_grid6_RandomStart_2_3_low,7,0.6,6,low,RandomStart_2_3,random_starts,7,3,10,4,3,1,1,1,3,0,0,0,0.0,0.0,0.0,0.0,32.0,0.3125,0.3125,0.0,0.0,1.3822573402726797,0.2,0.5257627579706574,1.3822573402726797,0.5257627579706574,0.0,0.0,0.20696584456309858,0.3125,96,6.666666666666667,10.333333333333334,7.666666666666667,7.333333333333333,6.333333333333333,9.0,6.666666666666667,9.0,25.666666666666668,6.333333333333333,0.0,12.333333333333334
size7_comp0.6_grid6_RandomStart_5_2_low,7,0.6,6,low,RandomStart_5_2,random_starts,1,3,4,2,1,1,1,1,2,2,2,0,1.0,1.0,0.0,1.0,5.0,0.8,1.0,0.75,0.8333333333333333,0.625,0.25,0.15563906222956642,0.0,0.0,0.5,0.07781953111478321,0.25,0.8,10,2.0,1.0,2.0,0.0,1.0,1.0,1.5,0.5,2.0,0.5,2.0,1.0
size7_comp0.6_grid6_ReflectEnv_low,7,0.6,6,low,ReflectEnv,reflect,9,3,12,6,3,1,1,1,10,0,0,7,0.0,0.0,0.7,0.0,23.8,0.40756302521008403,0.40756302521008403,0.0,0.0,1.3596444813036723,0.2222222222222222,0.35585955765267335,1.3596444813036723,0.35585955765267335,0.0,0.0,0.270201049578739,0.40756302521008403,238,10.9,1.4,7.9,3.6,8.7,6.0,3.7,4.4,16.6,2.8,0.0,9.8
size7_comp0.6_grid6_RotateEnv_low,7,0.6,6,low,RotateEnv,rotate,9,3,12,6,3,1,1,1,10,0,0,10,0.0,0.0,1.0,0.0,15.7,0.4968152866242038,0.4968152866242038,0.0,0.0,1.272333415033218,0.25,0.2507989025200723,1.272333415033218,0.2507989025200723,0.0,0.0,0.40033626283626284,0.4968152866242038,157,7.9,1.0,5.4,1.4,5.1,3.8,3.7,2.1,9.2,1.5,0.0,6.1
size7_comp0.6_grid6_StartGoalSwap_low,7,0.6,6,low,StartGoalSwap,start_goal_swap,3,9,12,6,3,1,1,1,10,10,0,0,1.0,0.0,0.0,0.0,32.0,0.296875,0.4,0.2625,0.0,1.1905564636166388,0.3,0.5698169317532411,1.1085964608936127,0.3481529491663793,0.9782325173805356,0.4851768706327853,0.5026408766139383,0.296875,320,16.1,3.8,4.2,7.8,16.0,6.2,5.3,3.3,25.3,2.5,1.2,18.9
size7_comp0.6_grid6_TransposeEnv_low,7,0.6,6,low,TransposeEnv,transpose,9,3,12,6,3,1,1,1,10,0,0,1,0.0,0.0,0.1,0.0,30.1,0.25249169435215946,0.25249169435215946,0.0,0.0,1.4637153939577066,0.23076923076923078,0.43990468652619164,1.4637153939577066,0.43990468652619164,0.0,0.0,0.23982967761248303,0.25249169435215946,301,10.8,4.5,6.1,8.7,8.5,8.6,6.8,5.2,24.5,3.4,0.0,15.5
size7_comp0.6_grid6_base_low,7,0.6,6,low,base,base,9,3,12,6,3,1,1,1,10,0,0,0,0.0,0.0,0.0,0.0,32.0,0.31875,0.31875,0.0,0.0,1.416277420410936,0.2727272727272727,0.5150534191381554,1.416277420410936,0.5150534191381554,0.0,0.0,0.3381807427261972,0.31875,320,5.7,12.8,6.3,7.2,8.5,6.8,7.5,8.2,24.9,5.9,0.0,12.7
size7_comp0.6_grid6_walls0_low,7,0.6,6,low,walls0,reshuffled_walls,7,3,10,6,3,1,1,1,5,0,0,0,0.0,0.0,0.0,0.0,32.0,0.30625,0.30625,0.0,0.0,1.5039756244215743,0.2222222222222222,0.6053728006838958,1.5039756244215743,0.517592581813678,0.0,0.0,0.24447811447811446,0.30625,160,6.4,12.6,6.4,6.6,8.0,9.0,6.8,7.2,25.0,4.6,0.0,13.4
size7_comp0.6_grid6_walls1_low,7,0.6,6,low,walls1,reshuffled_walls,7,11,18,6,6,1,1,1,1,0,0,0,0.0,0.0,0.0,0.0,32.0,0.40625,0.40625,0.0,0.0,1.2479590626275068,0.42857142857142855,0.5170096947292464,1.2479590626275068,0.4131956657833742,0.0,0.0,0.2532467532467533,0.40625,32,9.0,9.0,9.0,5.0,7.0,10.0,8.0,6.0,25.0,4.0,0.0,6.0
size7_comp0.6_grid7_RandomStart_2_1_low,7,0.6,7,low,RandomStart_2_1,random_starts,3,7,10,6,3,1,1,1,3,0,0,0,0.0,0.0,0.0,0.0,32.0,0.3229166666666667,0.3229166666666667,0.0,0.0,1.1124779565411094,0.14285714285714285,0.5319283641027575,1.1124779565411094,0.5604400211166201,0.0,0.0,0.3140495086923658,0.3229166666666667,96,7.666666666666667,2.6666666666666665,10.666666666666666,11.0,9.333333333333334,10.0,3.3333333333333335,8.333333333333334,27.0,8.333333333333334,0.0,10.0
size7_comp0.6_grid7_RandomStart_5_3_low,7,0.6,7,low,RandomStart_5_3,random_starts,8,7,15,1,7,1,1,1,4,2,0,0,0.5,0.0,0.0,0.0,32.0,0.421875,0.4065040650406504,0.8,0.0,0.9619677104016241,0.23076923076923078,0.5270944248135714,1.2783978039134571,0.3894411613812221,0.25,0.25,0.17935718128025818,0.421875,128,11.5,3.5,10.0,6.75,9.5,7.5,5.5,8.0,23.25,7.0,0.0,12.0
size7_comp0.6_grid7_ReflectEnv_low,7,0.6,7,low,ReflectEnv,reflect,3,7,10,4,3,1,1,1,10,8,1,0,0.8,0.1,0.0,0.1,31.7,0.33753943217665616,0.4036144578313253,0.26490066225165565,0.034482758620689655,1.0791391666019168,0.16666666666666666,0.4911700687288876,1.1594673724069402,0.3769395080010778,1.0177416249678612,0.4442620008172915,0.3210728031552268,0.33753943217665616,317,13.0,4.0,7.7,7.0,11.8,6.3,5.4,7.2,22.7,4.9,1.6,14.6
size7_comp0.6_grid7_RotateEnv_low,7,0.6,7,low,RotateEnv,rotate,3,7,10,4,3,1,1,1,10,2,2,4,0.2,0.2,0.4,0.2,22.3,0.3273542600896861,0.28717948717948716,0.6071428571428571,0.10263157894736841,0.7773419431068744,0.16666666666666666,0.3254497828812347,1.146766593663536,0.5060811036416953,0.5335505556517097,0.22672834320848576,0.09800509063987883,0.3273542600896861,223,7.3,4.5,5.4,5.0,5.8,4.4,6.6,4.3,16.2,3.4,0.0,7.9
size7_comp0.6_grid7_StartGoalSwap_low,7,0.6,7,low,StartGoalSwap,start_goal_swap,7,3,10,4,3,1,1,1,10,4,3,0,0.4,0.3,0.0,0.3,29.7,0.36363636363636365,0.34285714285714286,0.7058823529411765,0.12391608391608391,0.9800398039660595,0.15205661768947976,0.44997171578562606,1.2742380833368523,0.43915459298151305,0.55975654772207,0.1941597086701074,0.2908800196709408,0.36363636363636365,297,14.1,3.8,7.5,4.2,11.8,6.0,6.4,4.3,19.8,2.9,0.0,13.5
size7_comp0.6_grid7_TransposeEnv_low,7,0.6,7,low,TransposeEnv,transpose,3,7,10,4,3,1,1,1,10,10,5,0,1.0,0.5,0.0,0.5,27.5,0.4,0.4166666666666667,0.39408866995073893,0.22997048281678262,1.2876575516036215,0.18181818181818182,0.3809723289912493,1.036587571427569,0.3384460459101888,1.1669035747131415,0.3309996421134304,0.1275644078918655,0.4,275,6.4,5.0,4.9,11.1,10.7,5.5,5.8,4.3,19.2,2.8,1.5,13.5
size7_comp0.6_grid7_base_low,7,0.6,7,low,base,base,3,7,10,4,3,1,1,1,10,10,6,0,1.0,0.6,0.0,0.6,27.3,0.46153846153846156,0.4918032786885246,0.4528301886792453,0.2547313797313797,1.4341623704449342,0.1,0.41815031625691457,0.8897504180894377,0.26600889753986007,1.2582876792750437,0.2878248087003132,0.23774275432170172,0.46153846153846156,273,6.0,7.5,6.3,7.5,7.4,5.6,8.0,5.3,18.3,4.2,0.9,10.7
size7_comp0.6_grid7_walls0_low,7,0.6,7,low,walls0,reshuffled_walls,3,7,10,4,3,1,1,1,5,5,3,0,1.0,0.6,0.0,0.6,23.2,0.5344827586206896,0.6129032258064516,0.5058823529411764,0.3712702472293265,0.8431594814980382,0.2857142857142857,0.26197746548890005,0.9042461344084906,0.3835160539757909,0.7740972818437533,0.2268350439892821,0.14986471861471862,0.5344827586206896,116,5.0,6.4,5.2,6.6,6.4,5.6,5.0,5.2,15.0,3.6,0.8,6.8
size7_comp0.6_grid7_walls1_low,7,0.6,7,low,walls1,reshuffled_walls,3,7,10,4,3,1,1,1,3,3,2,0,1.0,0.6666666666666666,0.0,0.6666666666666666,27.333333333333332,0.5121951219512195,0.625,0.48484848484848486,0.28935185185185186,1.0687736296031487,0.25,0.2947756652177728,0.7503349356011102,0.173861499013186,0.9920045852328768,0.2631953386352069,0.17970848595848593,0.5121951219512195,82,7.333333333333333,9.0,4.666666666666667,6.333333333333333,7.0,6.333333333333333,5.333333333333333,7.666666666666667,18.666666666666668,5.333333333333333,1.6666666666666667,8.0
size7_comp0.6_grid8_RandomStart_1_3_low,7,0.6,8,low,RandomStart_1_3,random_starts,3,5,8,4,2,1,1,1,4,3,2,0,0.75,0.5,0.0,0.5,24.25,0.36082474226804123,0.32857142857142857,0.4444444444444444,0.25384615384615383,0.8567077611489472,0.23076923076923078,0.39324823236227197,0.9458503654849528,0.35549400253853375,0.4710109070602987,0.24186101910019314,0.24382602509153375,0.36082474226804123,97,6.0,9.5,4.25,4.5,9.0,4.75,5.75,3.75,17.5,3.0,0.5,11.5
size7_comp0.6_grid8_RandomStart_2_3_low,7,0.6,8,low,RandomStart_2_3,random_starts,2,5,7,3,2,1,1,1,1,1,0,0,1.0,0.0,0.0,0.0,32.0,0.125,1.0,0.06666666666666667,0.0,0.45742631229625524,0.16666666666666666,0.8516644245018313,0.0,0.0,0.6861394684443829,0.7774966367527469,0.3378787878787879,0.125,32,22.0,1.0,6.0,3.0,17.0,6.0,7.0,1.0,26.0,0.0,0.0,25.0
size7_comp0.6_grid8_ReflectEnv_low,7,0.6,8,low,ReflectEnv,reflect,4,5,9,5,2,1,1,1,10,5,0,4,0.5,0.0,0.4,0.0,27.4,0.3284671532846715,0.358974358974359,0.288135593220339,0.0,1.370559982328828,0.23076923076923078,0.49161887231644297,1.3689371356434925,0.39779690158135,1.3731565370253644,0.5843522462695883,0.17801247897401742,0.3284671532846715,274,10.2,4.1,5.6,7.5,7.9,6.4,6.7,5.4,19.5,4.7,1.1,10.2
size7_comp0.6_grid8_RotateEnv_low,7,0.6,8,low,RotateEnv,rotate,4,5,9,5,2,1,1,1,10,2,1,7,0.2,0.1,0.7,0.1,20.3,0.3842364532019704,0.36075949367088606,0.4666666666666667,0.03461538461538462,1.306222561032098,0.25,0.36350255117487573,1.2255247386145824,0.4178122143919553,0.715532803384836,0.3193634234022564,0.14147550366300368,0.3842364532019704,203,6.8,4.7,6.0,2.8,6.1,4.5,4.4,4.3,13.5,3.4,1.9,5.2
size7_comp0.6_grid8_StartGoalSwap_low,7,0.6,8,low,StartGoalSwap,start_goal_swap,5,4,9,5,2,1,1,1,10,9,3,0,0.9,0.3,0.0,0.3,29.5,0.39322033898305087,0.4088050314465409,0.375,0.11814285714285715,1.185656233830819,0.3076923076923077,0.41753678175637887,0.7629368221155168,0.2772495183296196,1.165268306268615,0.40038019504164213,0.24461105035466862,0.39322033898305087,295,6.1,8.0,6.1,9.2,11.3,5.6,4.7,6.7,21.6,4.4,2.1,12.1
size7_comp0.6_grid8_TransposeEnv_low,7,0.6,8,low,TransposeEnv,transpose,4,5,9,5,2,1,1,1,10,3,0,0,0.3,0.0,0.0,0.0,32.0,0.209375,0.2,0.3,0.0,0.9293716294106216,0.23076923076923078,0.5891039652380093,1.0739315346790288,0.532764727107698,0.5562796299501435,0.5873679729924072,0.23359987143099725,0.209375,320,15.4,3.0,4.4,9.2,11.1,8.2,6.8,4.9,27.1,2.6,0.3,19.3
size7_comp0.6_grid8_base_low,7,0.6,8,low,base,base,4,5,9,5,2,1,1,1,10,8,2,0,0.8,0.2,0.0,0.2,29.2,0.3013698630136986,0.36585365853658536,0.21875,0.10030959752321982,1.0216555630220632,0.3076923076923077,0.41372855308442535,1.2961934006531137,0.4482470768789724,0.691130695808956,0.2994870783695205,0.23777196952106971,0.3013698630136986,292,10.3,9.1,5.8,4.0,11.9,5.7,6.0,4.6,22.1,2.9,1.7,16.4
size7_comp0.6_grid8_walls0_low,7,0.6,8,low,walls0,reshuffled_walls,4,3,7,5,1,1,1,1,4,3,2,0,0.75,0.5,0.0,0.5,28.25,0.40707964601769914,0.43529411764705883,0.32142857142857145,0.15367383512544802,1.436348081005025,0.1111111111111111,0.5206720720054487,1.192531660435675,0.4655587897333847,1.284310833766027,0.4687158842735686,0.29130495320426664,0.40707964601769914,113,9.75,9.25,4.75,4.5,9.0,5.0,5.25,8.0,21.75,6.75,2.25,9.25
size7_comp0.6_grid8_walls1_low,7,0.6,8,low,walls1,reshuffled_walls,4,3,7,5,1,1,1,1,5,3,2,0,0.6,0.4,0.0,0.4,30.4,0.48026315789473684,0.4676258992805755,0.6153846153846154,0.10051282051282051,1.327451749349199,0.2222222222222222,0.3740093925764846,1.368792420758915,0.4083914419814059,0.6345079900295804,0.18712700172353824,0.2922048322048322,0.48026315789473684,152,10.2,11.8,3.4,5.0,7.8,4.2,6.6,10.8,22.8,9.2,1.4,5.4
size7_comp0.6_grid9_RandomStart_1_2_low,7,0.6,9,low,RandomStart_1_2,random_starts,4,5,9,1,4,1,1,1,3,3,2,0,1.0,0.6666666666666666,0.0,0.6666666666666666,27.333333333333332,0.4146341463414634,0.6896551724137931,0.2641509433962264,0.2403846153846154,0.5010647773131838,0.2857142857142857,0.4879904927527483,0.3169065729796604,0.2408096366831508,0.21953501631501782,0.19858455629097238,0.17416188462700088,0.4146341463414634,82,4.0,3.3333333333333335,16.666666666666668,3.3333333333333335,17.0,3.6666666666666665,3.3333333333333335,2.3333333333333335,18.333333333333332,2.0,0.3333333333333333,13.333333333333334
size7_comp0.6_grid9_ReflectEnv_low,7,0.6,9,low,ReflectEnv,reflect,4,5,9,5,3,1,1,1,10,10,3,0,1.0,0.3,0.0,0.3,29.4,0.5034013605442177,0.5816326530612245,0.4642857142857143,0.12441269284712483,1.5265260890601864,0.3333333333333333,0.3550868248158633,0.9963313206888478,0.2692825681481633,1.3567383156947,0.31084670555407284,0.1960836800491973,0.5034013605442177,294,5.6,6.7,7.8,9.3,7.4,5.6,7.9,7.5,18.7,5.9,1.0,5.3
size7_comp0.6_grid9_RotateEnv_low,7,0.6,9,low,RotateEnv,rotate,4,5,9,5,3,1,1,1,10,8,1,1,0.8,0.1,0.1,0.1,28.6,0.34965034965034963,0.38461538461538464,0.3076923076923077,0.0391304347826087,1.4820385348379894,0.3333333333333333,0.46154788481439835,1.1145937805632031,0.3500735355195612,0.9125316083806563,0.4192455611011471,0.264419697642955,0.34965034965034963,286,5.6,6.6,5.3,11.0,9.9,4.7,7.1,5.7,20.8,3.9,3.5,11.2
size7_comp0.6_grid9_StartGoalSwap_low,7,0.6,9,low,StartGoalSwap,start_goal_swap,5,4,9,5,3,1,1,1,10,7,6,0,0.7,0.6,0.0,0.6,28.4,0.40492957746478875,0.3696682464454976,0.5068493150684932,0.21490768934829588,1.4263129945390371,0.1875,0.5082576426422868,1.1700782233518872,0.3721927148174874,0.9484104783208043,0.38826639567081983,0.13928682856079194,0.40492957746478875,284,4.8,6.4,6.6,10.5,8.9,6.3,6.8,5.2,20.0,4.1,1.1,10.4
size7_comp0.6_grid9_TransposeEnv_low,7,0.6,9,low,TransposeEnv,transpose,4,5,9,5,3,1,1,1,10,9,5,0,0.9,0.5,0.0,0.5,30.2,0.39403973509933776,0.5540540540540541,0.24025974025974026,0.15925105785019578,1.0678913092610223,0.3333333333333333,0.4550045927309751,1.2193228457879874,0.2514050453674403,0.7650282362070924,0.45253780141803646,0.16722370334274253,0.39403973509933776,302,18.0,4.0,5.1,3.1,13.4,6.0,4.8,5.0,20.0,4.2,1.1,13.6
size7_comp0.6_grid9_base_low,7,0.6,9,low,base,base,4,5,9,5,3,1,1,1,10,10,8,0,1.0,0.8,0.0,0.8,23.5,0.4595744680851064,0.6875,0.3419354838709677,0.36677857096015665,1.1033806889698612,0.23076923076923078,0.39545238184614767,0.9760144845745297,0.24180287948088344,0.6229994543409613,0.2905825150445525,0.3466267306824583,0.4595744680851064,235,5.7,2.6,13.6,1.6,10.4,4.2,6.3,1.6,13.4,1.4,0.9,10.6
size7_comp0.6_grid9_walls0_low,7,0.6,9,low,walls0,reshuffled_walls,4,5,9,5,4,1,1,1,4,3,3,0,0.75,0.75,0.0,0.75,25.75,0.4368932038834951,0.4166666666666667,0.4838709677419355,0.291871921182266,1.000021864027563,0.1875,0.36440180266679506,1.0519198253556743,0.44248897257822206,0.8858463491057185,0.2849094792864615,0.25297809829059825,0.4368932038834951,103,6.75,4.0,10.25,4.75,6.5,4.75,8.25,5.25,15.75,3.75,0.5,9.75
size7_comp0.6_grid9_walls1_low,7,0.6,9,low,walls1,reshuffled_walls,4,9,13,5,4,1,1,1,5,3,1,0,0.6,0.2,0.0,0.2,32.0,0.34375,0.3883495145631068,0.2631578947368421,0.08125,1.252390370697221,0.3125,0.4802934657551971,1.0943488099729972,0.38381398184693305,0.6213533634047667,0.40643535729520547,0.10064792663476876,0.34375,160,11.2,5.8,7.4,7.6,9.0,7.6,6.4,8.0,23.2,6.0,1.2,13.2
