trajectory_id,grid_id,grid_key,grid_size,density,reasoning_effort,transform_type,trajectory_category,start_to_coin_distance,coin_to_goal_distance,start_to_goal_via_coin_distance,start_to_goal_distance,coin_detour_distance,coin_reachable_from_start,goal_reachable_from_start,goal_reachable_from_coin,reached_goal,coin_collected,coin_collection_step,trajectory_length,spl,action_accuracy,action_accuracy_phase1,action_accuracy_phase2,num_actions_up,num_actions_down,num_actions_left,num_actions_right,num_steps_front,num_steps_left_turn,num_steps_right_turn,num_steps_back,num_cell_revisits,num_immediate_revisits,num_coin_oscillations,num_invalid_actions,invalid_action_rate
0,0,size11_comp0.0_grid0_base_medium,11,0.0,medium,base,base,7,4,11,9,1,1,1,1,0,1,8,64,0.0,0.5625,0.8888888888888888,0.509090909090909,2,1,28,33,19,1,3,40,52,40,19,0,0.0
1,0,size11_comp0.0_grid0_base_medium,11,0.0,medium,base,base,7,4,11,9,1,1,1,1,0,1,14,64,0.0,0.5625,0.7333333333333333,0.5102040816326531,3,0,28,33,26,2,3,32,47,31,6,1,0.015625
2,0,size11_comp0.0_grid0_base_medium,11,0.0,medium,base,base,7,4,11,9,1,1,1,1,1,1,14,61,0.18032786885245902,0.5901639344262295,0.7333333333333333,0.5434782608695652,4,1,25,31,16,5,5,34,44,34,2,0,0.0
3,0,size11_comp0.0_grid0_base_medium,11,0.0,medium,base,base,7,4,11,9,1,1,1,1,1,1,20,37,0.2972972972972973,0.6486486486486487,0.6666666666666666,0.625,3,0,14,20,13,4,2,17,21,17,4,0,0.0
4,0,size11_comp0.0_grid0_base_medium,11,0.0,medium,base,base,7,4,11,9,1,1,1,1,1,1,24,47,0.23404255319148937,0.6170212765957447,0.64,0.5909090909090909,3,0,19,25,16,4,2,24,31,24,0,0,0.0
5,0,size11_comp0.0_grid0_base_medium,11,0.0,medium,base,base,7,4,11,9,1,1,1,1,1,1,12,62,0.1774193548387097,0.5806451612903226,0.7692307692307693,0.5306122448979592,3,0,26,33,22,3,2,34,49,33,6,1,0.016129032258064516
6,0,size11_comp0.0_grid0_base_medium,11,0.0,medium,base,base,7,4,11,9,1,1,1,1,0,1,14,64,0.0,0.5625,0.7333333333333333,0.5102040816326531,1,0,28,35,23,2,0,38,51,38,6,0,0.0
7,0,size11_comp0.0_grid0_base_medium,11,0.0,medium,base,base,7,4,11,9,1,1,1,1,0,1,38,64,0.0,0.578125,0.5897435897435898,0.56,2,0,28,34,21,1,3,38,44,38,3,0,0.0
8,0,size11_comp0.0_grid0_base_medium,11,0.0,medium,base,base,7,4,11,9,1,1,1,1,1,1,10,40,0.275,0.625,0.8181818181818182,0.5517241379310345,3,0,15,22,19,6,0,14,23,14,2,1,0.025
9,0,size11_comp0.0_grid0_base_medium,11,0.0,medium,base,base,7,4,11,9,1,1,1,1,0,1,18,64,0.0,0.546875,0.6842105263157895,0.4888888888888889,1,0,28,35,28,2,0,33,51,33,12,2,0.03125
0,1,size11_comp0.0_grid1_base_medium,11,0.0,medium,base,base,7,5,12,4,4,1,1,1,1,0,-1,6,0.0,0.6666666666666666,0.6666666666666666,0.0,3,0,1,2,1,2,2,0,0,0,0,0,0.0
1,1,size11_comp0.0_grid1_base_medium,11,0.0,medium,base,base,7,5,12,4,4,1,1,1,1,0,-1,12,0.0,0.5833333333333334,0.5833333333333334,0.0,3,0,4,5,3,1,3,4,4,4,0,0,0.0
2,1,size11_comp0.0_grid1_base_medium,11,0.0,medium,base,base,7,5,12,4,4,1,1,1,1,0,-1,12,0.0,0.5833333333333334,0.5833333333333334,0.0,4,1,3,4,0,7,2,2,4,2,0,0,0.0
3,1,size11_comp0.0_grid1_base_medium,11,0.0,medium,base,base,7,5,12,4,4,1,1,1,1,0,-1,6,0.0,0.6666666666666666,0.6666666666666666,0.0,3,0,1,2,1,3,1,0,0,0,0,0,0.0
4,1,size11_comp0.0_grid1_base_medium,11,0.0,medium,base,base,7,5,12,4,4,1,1,1,1,0,-1,10,0.0,0.6,0.6,0.0,3,0,3,4,3,2,2,2,3,2,0,0,0.0
5,1,size11_comp0.0_grid1_base_medium,11,0.0,medium,base,base,7,5,12,4,4,1,1,1,1,0,-1,26,0.0,0.5384615384615384,0.5384615384615384,0.0,3,0,11,12,10,3,3,9,13,9,0,0,0.0
6,1,size11_comp0.0_grid1_base_medium,11,0.0,medium,base,base,7,5,12,4,4,1,1,1,1,0,-1,4,0.0,0.75,0.75,0.0,3,0,0,1,1,1,1,0,0,0,0,0,0.0
7,1,size11_comp0.0_grid1_base_medium,11,0.0,medium,base,base,7,5,12,4,4,1,1,1,1,0,-1,10,0.0,0.6,0.6,0.0,3,0,3,4,4,1,2,2,3,2,0,0,0.0
8,1,size11_comp0.0_grid1_base_medium,11,0.0,medium,base,base,7,5,12,4,4,1,1,1,1,0,-1,10,0.0,0.6,0.6,0.0,3,0,3,4,5,1,3,0,0,0,0,0,0.0
9,1,size11_comp0.0_grid1_base_medium,11,0.0,medium,base,base,7,5,12,4,4,1,1,1,1,0,-1,22,0.0,0.5454545454545454,0.5454545454545454,0.0,3,0,9,10,8,2,2,9,12,9,0,0,0.0
0,2,size11_comp0.0_grid2_base_medium,11,0.0,medium,base,base,8,4,12,12,0,1,1,1,0,0,-1,64,0.0,0.515625,0.515625,0.0,1,4,26,33,13,4,4,42,50,41,0,1,0.015625
1,2,size11_comp0.0_grid2_base_medium,11,0.0,medium,base,base,8,4,12,12,0,1,1,1,0,0,-1,64,0.0,0.515625,0.515625,0.0,0,3,27,34,20,4,2,37,47,34,0,2,0.03125
2,2,size11_comp0.0_grid2_base_medium,11,0.0,medium,base,base,8,4,12,12,0,1,1,1,0,1,62,64,0.0,0.5625,0.5555555555555556,1.0,0,5,27,32,15,5,5,38,43,36,0,1,0.015625
3,2,size11_comp0.0_grid2_base_medium,11,0.0,medium,base,base,8,4,12,12,0,1,1,1,1,1,27,38,0.3157894736842105,0.6578947368421053,0.6428571428571429,0.7,0,8,13,17,15,6,4,12,14,12,1,0,0.0
4,2,size11_comp0.0_grid2_base_medium,11,0.0,medium,base,base,8,4,12,12,0,1,1,1,0,1,62,64,0.0,0.5625,0.5555555555555556,1.0,0,5,27,32,17,9,1,36,39,34,0,1,0.015625
5,2,size11_comp0.0_grid2_base_medium,11,0.0,medium,base,base,8,4,12,12,0,1,1,1,0,1,25,64,0.0,0.5625,0.6538461538461539,0.5,2,8,24,30,19,7,9,28,41,27,1,0,0.0
6,2,size11_comp0.0_grid2_base_medium,11,0.0,medium,base,base,8,4,12,12,0,1,1,1,1,1,26,53,0.22641509433962265,0.6037735849056604,0.6296296296296297,0.5769230769230769,3,11,17,22,13,12,9,18,27,17,1,1,0.018867924528301886
7,2,size11_comp0.0_grid2_base_medium,11,0.0,medium,base,base,8,4,12,12,0,1,1,1,0,1,15,64,0.0,0.484375,0.75,0.3958333333333333,4,10,17,33,20,8,6,29,41,25,1,9,0.140625
8,2,size11_comp0.0_grid2_base_medium,11,0.0,medium,base,base,8,4,12,12,0,1,1,1,0,1,22,64,0.0,0.515625,0.6521739130434783,0.43902439024390244,7,12,17,28,14,19,10,20,42,16,1,5,0.078125
9,2,size11_comp0.0_grid2_base_medium,11,0.0,medium,base,base,8,4,12,12,0,1,1,1,0,1,29,64,0.0,0.546875,0.6333333333333333,0.47058823529411764,1,6,25,32,17,5,7,34,44,32,1,1,0.015625
0,3,size11_comp0.0_grid3_base_medium,11,0.0,medium,base,base,4,4,8,6,1,1,1,1,1,0,-1,10,0.0,0.5,0.5,0.0,0,2,6,2,4,2,2,1,1,1,0,0,0.0
1,3,size11_comp0.0_grid3_base_medium,11,0.0,medium,base,base,4,4,8,6,1,1,1,1,1,0,-1,14,0.0,0.5,0.5,0.0,0,2,8,4,7,1,3,2,4,2,0,0,0.0
2,3,size11_comp0.0_grid3_base_medium,11,0.0,medium,base,base,4,4,8,6,1,1,1,1,1,0,-1,26,0.0,0.5,0.5,0.0,0,2,14,10,10,1,3,11,13,11,0,0,0.0
3,3,size11_comp0.0_grid3_base_medium,11,0.0,medium,base,base,4,4,8,6,1,1,1,1,0,0,-1,64,0.0,0.421875,0.421875,0.0,1,0,27,36,21,1,1,40,56,34,0,7,0.109375
4,3,size11_comp0.0_grid3_base_medium,11,0.0,medium,base,base,4,4,8,6,1,1,1,1,1,0,-1,10,0.0,0.5,0.5,0.0,0,2,6,2,1,2,2,4,4,4,0,0,0.0
5,3,size11_comp0.0_grid3_base_medium,11,0.0,medium,base,base,4,4,8,6,1,1,1,1,1,0,-1,16,0.0,0.5,0.5,0.0,0,2,9,5,8,0,2,5,7,5,0,0,0.0
6,3,size11_comp0.0_grid3_base_medium,11,0.0,medium,base,base,4,4,8,6,1,1,1,1,1,0,-1,16,0.0,0.5,0.5,0.0,0,2,9,5,6,1,3,5,5,5,0,0,0.0
7,3,size11_comp0.0_grid3_base_medium,11,0.0,medium,base,base,4,4,8,6,1,1,1,1,1,1,15,28,0.2857142857142857,0.6428571428571429,0.625,0.6666666666666666,1,3,14,10,8,3,3,13,16,13,1,0,0.0
8,3,size11_comp0.0_grid3_base_medium,11,0.0,medium,base,base,4,4,8,6,1,1,1,1,1,0,-1,16,0.0,0.5,0.5,0.0,0,2,9,5,6,3,1,5,5,5,0,0,0.0
9,3,size11_comp0.0_grid3_base_medium,11,0.0,medium,base,base,4,4,8,6,1,1,1,1,1,0,-1,20,0.0,0.5,0.5,0.0,0,2,11,7,9,0,4,6,7,6,0,0,0.0
0,4,size11_comp0.0_grid4_base_medium,11,0.0,medium,base,base,11,4,15,9,3,1,1,1,0,0,-1,64,0.0,0.5625,0.5625,0.0,1,3,27,33,14,5,3,41,50,40,0,0,0.0
1,4,size11_comp0.0_grid4_base_medium,11,0.0,medium,base,base,11,4,15,9,3,1,1,1,0,0,-1,64,0.0,0.546875,0.546875,0.0,3,6,23,32,13,8,4,38,49,36,0,3,0.046875
2,4,size11_comp0.0_grid4_base_medium,11,0.0,medium,base,base,11,4,15,9,3,1,1,1,0,0,-1,64,0.0,0.578125,0.578125,0.0,1,5,26,32,8,4,5,46,52,46,0,0,0.0
3,4,size11_comp0.0_grid4_base_medium,11,0.0,medium,base,base,11,4,15,9,3,1,1,1,0,0,-1,64,0.0,0.515625,0.515625,0.0,1,3,26,34,14,5,2,42,51,39,0,4,0.0625
4,4,size11_comp0.0_grid4_base_medium,11,0.0,medium,base,base,11,4,15,9,3,1,1,1,0,1,36,64,0.0,0.609375,0.6486486486486487,0.5555555555555556,1,6,27,30,14,5,5,39,46,39,3,0,0.0
5,4,size11_comp0.0_grid4_base_medium,11,0.0,medium,base,base,11,4,15,9,3,1,1,1,0,0,-1,64,0.0,0.5625,0.5625,0.0,1,6,26,31,16,5,6,36,49,35,0,1,0.015625
6,4,size11_comp0.0_grid4_base_medium,11,0.0,medium,base,base,11,4,15,9,3,1,1,1,1,1,18,26,0.5769230769230769,0.7692307692307693,0.7894736842105263,0.7142857142857143,0,6,8,12,9,4,3,9,11,8,2,1,0.038461538461538464
7,4,size11_comp0.0_grid4_base_medium,11,0.0,medium,base,base,11,4,15,9,3,1,1,1,0,0,-1,64,0.0,0.546875,0.546875,0.0,0,5,26,33,12,3,7,41,46,38,0,3,0.046875
8,4,size11_comp0.0_grid4_base_medium,11,0.0,medium,base,base,11,4,15,9,3,1,1,1,0,0,-1,64,0.0,0.5625,0.5625,0.0,2,4,26,32,15,4,1,43,49,42,0,0,0.0
9,4,size11_comp0.0_grid4_base_medium,11,0.0,medium,base,base,11,4,15,9,3,1,1,1,1,1,26,41,0.36585365853658536,0.6829268292682927,0.7037037037037037,0.6428571428571429,0,6,16,19,17,4,4,15,22,15,5,0,0.0
0,5,size11_comp0.0_grid5_base_medium,11,0.0,medium,base,base,11,5,16,8,4,1,1,1,1,0,-1,22,0.0,0.6363636363636364,0.6363636363636364,0.0,2,5,10,5,6,3,8,4,9,4,0,0,0.0
1,5,size11_comp0.0_grid5_base_medium,11,0.0,medium,base,base,11,5,16,8,4,1,1,1,1,0,-1,18,0.0,0.6666666666666666,0.6666666666666666,0.0,1,4,9,4,6,3,6,2,3,2,0,0,0.0
2,5,size11_comp0.0_grid5_base_medium,11,0.0,medium,base,base,11,5,16,8,4,1,1,1,1,1,20,26,0.6153846153846154,0.8076923076923077,0.7619047619047619,1.0,4,7,10,5,10,4,7,4,4,4,0,0,0.0
3,5,size11_comp0.0_grid5_base_medium,11,0.0,medium,base,base,11,5,16,8,4,1,1,1,1,0,-1,16,0.0,0.6875,0.6875,0.0,1,4,8,3,4,2,5,4,4,4,0,0,0.0
4,5,size11_comp0.0_grid5_base_medium,11,0.0,medium,base,base,11,5,16,8,4,1,1,1,1,0,-1,16,0.0,0.6875,0.6875,0.0,0,3,9,4,7,0,3,5,6,5,0,0,0.0
5,5,size11_comp0.0_grid5_base_medium,11,0.0,medium,base,base,11,5,16,8,4,1,1,1,1,0,-1,10,0.0,0.8,0.8,0.0,0,3,6,1,5,0,3,1,1,1,0,0,0.0
6,5,size11_comp0.0_grid5_base_medium,11,0.0,medium,base,base,11,5,16,8,4,1,1,1,1,0,-1,15,0.0,0.6666666666666666,0.6666666666666666,0.0,2,5,7,1,5,3,4,2,4,1,0,1,0.06666666666666667
7,5,size11_comp0.0_grid5_base_medium,11,0.0,medium,base,base,11,5,16,8,4,1,1,1,1,0,-1,15,0.0,0.6666666666666666,0.6666666666666666,0.0,0,3,9,3,6,2,2,4,7,4,0,1,0.06666666666666667
8,5,size11_comp0.0_grid5_base_medium,11,0.0,medium,base,base,11,5,16,8,4,1,1,1,1,0,-1,21,0.0,0.6190476190476191,0.6190476190476191,0.0,3,6,9,3,7,4,7,2,3,2,0,1,0.047619047619047616
9,5,size11_comp0.0_grid5_base_medium,11,0.0,medium,base,base,11,5,16,8,4,1,1,1,1,0,-1,14,0.0,0.7142857142857143,0.7142857142857143,0.0,1,4,7,2,4,4,2,3,4,3,0,0,0.0
0,6,size11_comp0.0_grid6_base_medium,11,0.0,medium,base,base,6,5,11,5,3,1,1,1,0,0,-1,64,0.0,0.515625,0.515625,0.0,3,0,33,28,27,1,2,33,53,30,0,2,0.03125
1,6,size11_comp0.0_grid6_base_medium,11,0.0,medium,base,base,6,5,11,5,3,1,1,1,1,1,45,52,0.21153846153846154,0.5961538461538461,0.5652173913043478,0.8333333333333334,4,1,22,24,12,4,4,29,39,29,1,0,0.0
2,6,size11_comp0.0_grid6_base_medium,11,0.0,medium,base,base,6,5,11,5,3,1,1,1,0,1,61,64,0.0,0.5625,0.5483870967741935,1.0,4,0,30,30,19,2,5,37,52,37,0,0,0.0
3,6,size11_comp0.0_grid6_base_medium,11,0.0,medium,base,base,6,5,11,5,3,1,1,1,1,1,40,46,0.2391304347826087,0.6086956521739131,0.5609756097560976,1.0,4,1,20,21,19,4,3,19,33,18,1,1,0.021739130434782608
4,6,size11_comp0.0_grid6_base_medium,11,0.0,medium,base,base,6,5,11,5,3,1,1,1,0,1,11,64,0.0,0.515625,0.75,0.46153846153846156,4,0,25,34,21,4,1,35,50,31,1,5,0.078125
5,6,size11_comp0.0_grid6_base_medium,11,0.0,medium,base,base,6,5,11,5,3,1,1,1,0,1,11,64,0.0,0.546875,0.75,0.5,4,0,27,33,19,4,1,39,48,35,1,3,0.046875
6,6,size11_comp0.0_grid6_base_medium,11,0.0,medium,base,base,6,5,11,5,3,1,1,1,0,1,14,64,0.0,0.515625,0.6666666666666666,0.46938775510204084,5,0,26,33,19,5,4,35,42,30,0,5,0.078125
7,6,size11_comp0.0_grid6_base_medium,11,0.0,medium,base,base,6,5,11,5,3,1,1,1,0,1,15,64,0.0,0.546875,0.6875,0.5,4,0,27,30,10,4,3,42,48,41,3,0,0.0
8,6,size11_comp0.0_grid6_base_medium,11,0.0,medium,base,base,6,5,11,5,3,1,1,1,0,0,-1,64,0.0,0.515625,0.515625,0.0,3,0,33,28,25,2,2,34,54,31,0,3,0.046875
9,6,size11_comp0.0_grid6_base_medium,11,0.0,medium,base,base,6,5,11,5,3,1,1,1,0,0,-1,64,0.0,0.53125,0.53125,0.0,3,0,32,29,26,3,2,32,51,32,0,0,0.0
0,7,size11_comp0.0_grid7_base_medium,11,0.0,medium,base,base,9,10,19,3,8,1,1,1,0,0,-1,64,0.0,0.546875,0.546875,0.0,2,0,33,29,25,1,0,37,53,37,0,0,0.0
1,7,size11_comp0.0_grid7_base_medium,11,0.0,medium,base,base,9,10,19,3,8,1,1,1,0,0,-1,64,0.0,0.546875,0.546875,0.0,3,0,34,27,30,4,2,27,47,27,0,0,0.0
2,7,size11_comp0.0_grid7_base_medium,11,0.0,medium,base,base,9,10,19,3,8,1,1,1,0,0,-1,64,0.0,0.546875,0.546875,0.0,3,0,33,28,20,1,5,37,48,35,0,1,0.015625
3,7,size11_comp0.0_grid7_base_medium,11,0.0,medium,base,base,9,10,19,3,8,1,1,1,0,0,-1,64,0.0,0.53125,0.53125,0.0,2,0,32,30,21,0,4,38,49,37,0,0,0.0
4,7,size11_comp0.0_grid7_base_medium,11,0.0,medium,base,base,9,10,19,3,8,1,1,1,0,0,-1,64,0.0,0.546875,0.546875,0.0,2,0,34,28,20,1,2,40,50,39,0,0,0.0
5,7,size11_comp0.0_grid7_base_medium,11,0.0,medium,base,base,9,10,19,3,8,1,1,1,0,0,-1,64,0.0,0.546875,0.546875,0.0,2,0,33,29,30,2,2,29,45,29,0,0,0.0
6,7,size11_comp0.0_grid7_base_medium,11,0.0,medium,base,base,9,10,19,3,8,1,1,1,0,0,-1,64,0.0,0.546875,0.546875,0.0,3,0,34,27,16,4,2,41,46,40,0,0,0.0
7,7,size11_comp0.0_grid7_base_medium,11,0.0,medium,base,base,9,10,19,3,8,1,1,1,0,0,-1,64,0.0,0.546875,0.546875,0.0,2,0,33,29,31,3,1,28,44,28,0,0,0.0
8,7,size11_comp0.0_grid7_base_medium,11,0.0,medium,base,base,9,10,19,3,8,1,1,1,0,0,-1,64,0.0,0.53125,0.53125,0.0,2,0,32,30,30,3,0,30,48,29,0,0,0.0
9,7,size11_comp0.0_grid7_base_medium,11,0.0,medium,base,base,9,10,19,3,8,1,1,1,0,0,-1,64,0.0,0.53125,0.53125,0.0,2,0,32,30,25,1,2,35,55,34,0,0,0.0
0,8,size11_comp0.0_grid8_base_medium,11,0.0,medium,base,base,9,7,16,6,5,1,1,1,0,1,10,64,0.0,0.578125,0.9090909090909091,0.5094339622641509,5,4,24,31,17,6,6,34,44,33,8,0,0.0
1,8,size11_comp0.0_grid8_base_medium,11,0.0,medium,base,base,9,7,16,6,5,1,1,1,0,1,22,64,0.0,0.5625,0.6956521739130435,0.4878048780487805,8,7,20,29,17,17,7,22,46,20,1,2,0.03125
2,8,size11_comp0.0_grid8_base_medium,11,0.0,medium,base,base,9,7,16,6,5,1,1,1,0,1,27,64,0.0,0.5625,0.6428571428571429,0.5,3,1,26,34,22,3,5,33,47,31,10,1,0.015625
3,8,size11_comp0.0_grid8_base_medium,11,0.0,medium,base,base,9,7,16,6,5,1,1,1,0,1,48,64,0.0,0.578125,0.5918367346938775,0.5333333333333333,8,6,22,28,15,13,6,29,47,29,1,0,0.0
4,8,size11_comp0.0_grid8_base_medium,11,0.0,medium,base,base,9,7,16,6,5,1,1,1,0,1,26,64,0.0,0.578125,0.6666666666666666,0.5135135135135135,4,3,25,32,17,3,10,33,48,32,7,0,0.0
5,8,size11_comp0.0_grid8_base_medium,11,0.0,medium,base,base,9,7,16,6,5,1,1,1,0,1,26,64,0.0,0.5625,0.6666666666666666,0.4864864864864865,7,5,22,30,12,7,9,35,47,34,12,0,0.0
6,8,size11_comp0.0_grid8_base_medium,11,0.0,medium,base,base,9,7,16,6,5,1,1,1,0,1,32,64,0.0,0.578125,0.6363636363636364,0.5161290322580645,4,4,24,32,21,8,8,26,44,26,0,0,0.0
7,8,size11_comp0.0_grid8_base_medium,11,0.0,medium,base,base,9,7,16,6,5,1,1,1,0,1,28,64,0.0,0.5625,0.6551724137931034,0.4857142857142857,6,4,23,31,16,11,6,30,46,29,1,1,0.015625
8,8,size11_comp0.0_grid8_base_medium,11,0.0,medium,base,base,9,7,16,6,5,1,1,1,0,1,48,64,0.0,0.5625,0.5918367346938775,0.4666666666666667,6,3,24,31,19,11,7,26,46,25,5,0,0.0
9,8,size11_comp0.0_grid8_base_medium,11,0.0,medium,base,base,9,7,16,6,5,1,1,1,1,1,12,48,0.3333333333333333,0.6666666666666666,0.8461538461538461,0.6,4,6,17,21,14,3,8,22,26,22,0,0,0.0
0,9,size11_comp0.0_grid9_base_medium,11,0.0,medium,base,base,8,6,14,6,4,1,1,1,1,0,-1,49,0.0,0.5102040816326531,0.5102040816326531,0.0,5,0,22,22,14,3,5,26,34,25,0,1,0.02040816326530612
1,9,size11_comp0.0_grid9_base_medium,11,0.0,medium,base,base,8,6,14,6,4,1,1,1,1,1,31,56,0.25,0.625,0.625,0.625,6,1,24,25,18,8,3,26,38,26,7,0,0.0
2,9,size11_comp0.0_grid9_base_medium,11,0.0,medium,base,base,8,6,14,6,4,1,1,1,0,1,57,64,0.0,0.578125,0.5689655172413793,0.6666666666666666,5,1,27,31,21,5,5,32,46,32,3,0,0.0
3,9,size11_comp0.0_grid9_base_medium,11,0.0,medium,base,base,8,6,14,6,4,1,1,1,1,0,-1,38,0.0,0.5263157894736842,0.5263157894736842,0.0,6,1,15,16,12,8,3,14,19,14,0,0,0.0
4,9,size11_comp0.0_grid9_base_medium,11,0.0,medium,base,base,8,6,14,6,4,1,1,1,0,0,-1,64,0.0,0.515625,0.515625,0.0,5,2,29,28,22,4,6,31,51,29,0,2,0.03125
5,9,size11_comp0.0_grid9_base_medium,11,0.0,medium,base,base,8,6,14,6,4,1,1,1,1,1,39,54,0.25925925925925924,0.6296296296296297,0.6,0.7142857142857143,5,0,24,25,15,6,2,30,35,30,5,0,0.0
6,9,size11_comp0.0_grid9_base_medium,11,0.0,medium,base,base,8,6,14,6,4,1,1,1,0,0,-1,64,0.0,0.546875,0.546875,0.0,6,3,26,29,20,9,4,30,51,29,0,0,0.0
7,9,size11_comp0.0_grid9_base_medium,11,0.0,medium,base,base,8,6,14,6,4,1,1,1,1,1,34,43,0.32558139534883723,0.6511627906976745,0.6,0.875,5,0,19,19,20,3,3,16,21,15,0,1,0.023255813953488372
8,9,size11_comp0.0_grid9_base_medium,11,0.0,medium,base,base,8,6,14,6,4,1,1,1,1,1,9,46,0.30434782608695654,0.6521739130434783,0.9,0.5833333333333334,5,0,20,21,16,4,3,22,29,22,16,0,0.0
9,9,size11_comp0.0_grid9_base_medium,11,0.0,medium,base,base,8,6,14,6,4,1,1,1,1,1,29,38,0.3684210526315789,0.6842105263157895,0.6333333333333333,0.875,6,1,15,16,11,5,5,16,23,16,3,0,0.0
0,0,size11_comp0.2_grid0_base_medium,11,0.2,medium,base,base,5,9,14,4,5,1,1,1,1,0,-1,18,0.0,0.3333333333333333,0.3333333333333333,0.0,0,1,11,6,7,2,0,8,12,6,0,2,0.1111111111111111
1,0,size11_comp0.2_grid0_base_medium,11,0.2,medium,base,base,5,9,14,4,5,1,1,1,1,0,-1,11,0.0,0.2727272727272727,0.2727272727272727,0.0,0,1,7,3,3,1,1,5,5,4,0,1,0.09090909090909091
2,0,size11_comp0.2_grid0_base_medium,11,0.2,medium,base,base,5,9,14,4,5,1,1,1,1,0,-1,6,0.0,0.16666666666666666,0.16666666666666666,0.0,0,1,4,1,2,0,2,1,1,1,0,0,0.0
3,0,size11_comp0.2_grid0_base_medium,11,0.2,medium,base,base,5,9,14,4,5,1,1,1,1,0,-1,12,0.0,0.3333333333333333,0.3333333333333333,0.0,0,1,7,4,3,2,0,6,6,6,0,0,0.0
4,0,size11_comp0.2_grid0_base_medium,11,0.2,medium,base,base,5,9,14,4,5,1,1,1,1,0,-1,10,0.0,0.3,0.3,0.0,0,1,6,3,3,2,0,4,4,4,0,0,0.0
5,0,size11_comp0.2_grid0_base_medium,11,0.2,medium,base,base,5,9,14,4,5,1,1,1,1,0,-1,18,0.0,0.3888888888888889,0.3888888888888889,0.0,0,1,10,7,8,0,2,7,11,7,0,0,0.0
6,0,size11_comp0.2_grid0_base_medium,11,0.2,medium,base,base,5,9,14,4,5,1,1,1,1,0,-1,6,0.0,0.16666666666666666,0.16666666666666666,0.0,0,1,4,1,1,1,1,2,2,2,0,0,0.0
7,0,size11_comp0.2_grid0_base_medium,11,0.2,medium,base,base,5,9,14,4,5,1,1,1,1,0,-1,4,0.0,0.0,0.0,0.0,0,1,3,0,1,1,1,0,0,0,0,0,0.0
8,0,size11_comp0.2_grid0_base_medium,11,0.2,medium,base,base,5,9,14,4,5,1,1,1,1,0,-1,21,0.0,0.38095238095238093,0.38095238095238093,0.0,0,1,12,8,9,0,2,9,14,8,0,1,0.047619047619047616
9,0,size11_comp0.2_grid0_base_medium,11,0.2,medium,base,base,5,9,14,4,5,1,1,1,1,0,-1,4,0.0,0.0,0.0,0.0,0,1,3,0,1,1,1,0,0,0,0,0,0.0
0,1,size11_comp0.2_grid1_base_medium,11,0.2,medium,base,base,12,7,19,5,7,1,1,1,0,0,-1,64,0.0,0.546875,0.546875,0.0,0,2,27,35,25,3,1,34,50,32,0,2,0.03125
1,1,size11_comp0.2_grid1_base_medium,11,0.2,medium,base,base,12,7,19,5,7,1,1,1,0,0,-1,64,0.0,0.46875,0.46875,0.0,0,1,24,39,26,1,1,35,55,30,0,10,0.15625
2,1,size11_comp0.2_grid1_base_medium,11,0.2,medium,base,base,12,7,19,5,7,1,1,1,1,0,-1,58,0.0,0.27586206896551724,0.27586206896551724,0.0,0,4,12,42,29,4,4,20,51,11,0,31,0.5344827586206896
3,1,size11_comp0.2_grid1_base_medium,11,0.2,medium,base,base,12,7,19,5,7,1,1,1,0,0,-1,64,0.0,0.53125,0.53125,0.0,0,0,30,34,22,0,0,41,56,40,0,0,0.0
4,1,size11_comp0.2_grid1_base_medium,11,0.2,medium,base,base,12,7,19,5,7,1,1,1,0,0,-1,64,0.0,0.546875,0.546875,0.0,0,0,29,35,27,0,0,36,56,36,0,0,0.0
5,1,size11_comp0.2_grid1_base_medium,11,0.2,medium,base,base,12,7,19,5,7,1,1,1,1,0,-1,43,0.0,0.2558139534883721,0.2558139534883721,0.0,0,3,6,34,29,3,1,9,35,5,0,26,0.6046511627906976
6,1,size11_comp0.2_grid1_base_medium,11,0.2,medium,base,base,12,7,19,5,7,1,1,1,0,0,-1,64,0.0,0.546875,0.546875,0.0,0,0,29,35,25,0,0,38,56,38,0,0,0.0
7,1,size11_comp0.2_grid1_base_medium,11,0.2,medium,base,base,12,7,19,5,7,1,1,1,0,0,-1,64,0.0,0.546875,0.546875,0.0,0,2,28,34,20,4,0,39,49,38,0,1,0.015625
8,1,size11_comp0.2_grid1_base_medium,11,0.2,medium,base,base,12,7,19,5,7,1,1,1,0,0,-1,64,0.0,0.171875,0.171875,0.0,0,4,10,50,38,3,5,17,60,9,0,43,0.671875
9,1,size11_comp0.2_grid1_base_medium,11,0.2,medium,base,base,12,7,19,5,7,1,1,1,0,0,-1,64,0.0,0.546875,0.546875,0.0,0,2,29,33,25,1,3,34,50,33,0,0,0.0
0,2,size11_comp0.2_grid2_base_medium,11,0.2,medium,base,base,8,8,16,6,5,1,1,1,0,0,-1,64,0.0,0.484375,0.484375,0.0,0,0,30,34,10,0,0,53,59,51,0,1,0.015625
1,2,size11_comp0.2_grid2_base_medium,11,0.2,medium,base,base,8,8,16,6,5,1,1,1,0,0,-1,64,0.0,0.484375,0.484375,0.0,0,0,30,34,12,0,0,51,59,49,0,1,0.015625
2,2,size11_comp0.2_grid2_base_medium,11,0.2,medium,base,base,8,8,16,6,5,1,1,1,0,0,-1,64,0.0,0.484375,0.484375,0.0,0,0,30,34,14,0,0,49,59,47,0,1,0.015625
3,2,size11_comp0.2_grid2_base_medium,11,0.2,medium,base,base,8,8,16,6,5,1,1,1,0,0,-1,64,0.0,0.484375,0.484375,0.0,0,0,30,34,16,0,0,47,59,45,0,2,0.03125
4,2,size11_comp0.2_grid2_base_medium,11,0.2,medium,base,base,8,8,16,6,5,1,1,1,0,0,-1,64,0.0,0.453125,0.453125,0.0,0,0,28,36,19,0,0,44,59,41,0,4,0.0625
5,2,size11_comp0.2_grid2_base_medium,11,0.2,medium,base,base,8,8,16,6,5,1,1,1,0,0,-1,64,0.0,0.359375,0.359375,0.0,0,1,21,42,27,1,1,34,56,28,0,17,0.265625
6,2,size11_comp0.2_grid2_base_medium,11,0.2,medium,base,base,8,8,16,6,5,1,1,1,0,0,-1,64,0.0,0.484375,0.484375,0.0,0,0,30,34,10,0,0,53,59,51,0,1,0.015625
7,2,size11_comp0.2_grid2_base_medium,11,0.2,medium,base,base,8,8,16,6,5,1,1,1,0,0,-1,64,0.0,0.46875,0.46875,0.0,0,0,29,35,9,0,0,54,59,52,0,2,0.03125
8,2,size11_comp0.2_grid2_base_medium,11,0.2,medium,base,base,8,8,16,6,5,1,1,1,0,0,-1,64,0.0,0.421875,0.421875,0.0,0,1,25,38,17,1,1,44,57,40,0,9,0.140625
9,2,size11_comp0.2_grid2_base_medium,11,0.2,medium,base,base,8,8,16,6,5,1,1,1,0,0,-1,64,0.0,0.453125,0.453125,0.0,0,0,28,36,17,0,0,46,59,41,0,4,0.0625
0,3,size11_comp0.2_grid3_base_medium,11,0.2,medium,base,base,4,12,16,10,4,1,1,1,0,0,-1,64,0.0,0.375,0.375,0.0,1,0,31,32,30,2,0,31,57,29,0,11,0.171875
1,3,size11_comp0.2_grid3_base_medium,11,0.2,medium,base,base,4,12,16,10,4,1,1,1,0,1,52,64,0.0,0.453125,0.5283018867924528,0.09090909090909091,2,0,28,34,31,0,4,28,54,27,9,10,0.15625
2,3,size11_comp0.2_grid3_base_medium,11,0.2,medium,base,base,4,12,16,10,4,1,1,1,0,0,-1,64,0.0,0.4375,0.4375,0.0,1,1,29,33,26,1,3,33,53,30,0,6,0.09375
3,3,size11_comp0.2_grid3_base_medium,11,0.2,medium,base,base,4,12,16,10,4,1,1,1,0,1,40,64,0.0,0.4375,0.5365853658536586,0.2608695652173913,2,0,28,34,19,1,3,40,58,34,20,12,0.1875
4,3,size11_comp0.2_grid3_base_medium,11,0.2,medium,base,base,4,12,16,10,4,1,1,1,0,0,-1,64,0.0,0.453125,0.453125,0.0,0,0,29,35,19,0,0,44,57,42,0,4,0.0625
5,3,size11_comp0.2_grid3_base_medium,11,0.2,medium,base,base,4,12,16,10,4,1,1,1,0,0,-1,64,0.0,0.078125,0.078125,0.0,1,0,50,13,48,2,0,13,56,7,0,49,0.765625
6,3,size11_comp0.2_grid3_base_medium,11,0.2,medium,base,base,4,12,16,10,4,1,1,1,0,1,21,64,0.0,0.3125,0.5909090909090909,0.16666666666666666,2,1,21,40,37,2,0,24,56,16,37,28,0.4375
7,3,size11_comp0.2_grid3_base_medium,11,0.2,medium,base,base,4,12,16,10,4,1,1,1,0,0,-1,64,0.0,0.453125,0.453125,0.0,0,0,29,35,22,0,0,41,59,39,0,3,0.046875
8,3,size11_comp0.2_grid3_base_medium,11,0.2,medium,base,base,4,12,16,10,4,1,1,1,0,0,-1,64,0.0,0.46875,0.46875,0.0,1,0,30,33,22,1,1,39,56,38,0,1,0.015625
9,3,size11_comp0.2_grid3_base_medium,11,0.2,medium,base,base,4,12,16,10,4,1,1,1,0,0,-1,64,0.0,0.421875,0.421875,0.0,1,0,27,36,19,1,1,42,58,39,0,5,0.078125
0,4,size11_comp0.2_grid4_base_medium,11,0.2,medium,base,base,4,10,14,6,4,1,1,1,0,0,-1,64,0.0,0.359375,0.359375,0.0,4,0,38,22,38,5,2,18,48,15,0,19,0.296875
1,4,size11_comp0.2_grid4_base_medium,11,0.2,medium,base,base,4,10,14,6,4,1,1,1,0,0,-1,64,0.0,0.40625,0.40625,0.0,9,2,27,26,21,9,7,26,47,22,0,11,0.171875
2,4,size11_comp0.2_grid4_base_medium,11,0.2,medium,base,base,4,10,14,6,4,1,1,1,0,1,25,64,0.0,0.234375,0.5,0.05263157894736842,5,0,10,49,43,3,6,11,52,9,3,39,0.609375
3,4,size11_comp0.2_grid4_base_medium,11,0.2,medium,base,base,4,10,14,6,4,1,1,1,0,0,-1,64,0.0,0.3125,0.3125,0.0,6,1,36,21,30,9,2,22,49,18,0,22,0.34375
4,4,size11_comp0.2_grid4_base_medium,11,0.2,medium,base,base,4,10,14,6,4,1,1,1,0,1,21,64,0.0,0.453125,0.5454545454545454,0.40476190476190477,6,2,19,37,22,9,4,28,46,24,0,15,0.234375
5,4,size11_comp0.2_grid4_base_medium,11,0.2,medium,base,base,4,10,14,6,4,1,1,1,0,1,7,64,0.0,0.515625,0.75,0.48214285714285715,4,1,23,36,13,3,2,45,51,40,1,6,0.09375
6,4,size11_comp0.2_grid4_base_medium,11,0.2,medium,base,base,4,10,14,6,4,1,1,1,0,0,-1,64,0.0,0.359375,0.359375,0.0,3,0,38,23,35,2,3,23,50,19,0,18,0.28125
7,4,size11_comp0.2_grid4_base_medium,11,0.2,medium,base,base,4,10,14,6,4,1,1,1,0,0,-1,64,0.0,0.34375,0.34375,0.0,6,0,32,26,23,7,5,28,48,22,0,19,0.296875
8,4,size11_comp0.2_grid4_base_medium,11,0.2,medium,base,base,4,10,14,6,4,1,1,1,0,1,9,64,0.0,0.453125,0.6,0.42592592592592593,5,1,20,38,19,5,6,33,49,31,2,15,0.234375
9,4,size11_comp0.2_grid4_base_medium,11,0.2,medium,base,base,4,10,14,6,4,1,1,1,0,1,33,64,0.0,0.46875,0.47058823529411764,0.4666666666666667,6,2,21,35,23,6,7,27,46,19,3,13,0.203125
0,5,size11_comp0.2_grid5_base_medium,11,0.2,medium,base,base,4,4,8,8,0,1,1,1,0,1,25,64,0.0,0.46875,0.5769230769230769,0.39473684210526316,1,0,26,37,31,1,1,30,56,24,5,9,0.140625
1,5,size11_comp0.2_grid5_base_medium,11,0.2,medium,base,base,4,4,8,8,0,1,1,1,0,1,19,64,0.0,0.390625,0.6,0.29545454545454547,1,0,21,42,26,1,1,35,56,28,2,18,0.28125
2,5,size11_comp0.2_grid5_base_medium,11,0.2,medium,base,base,4,4,8,8,0,1,1,1,0,1,5,64,0.0,0.375,0.8333333333333334,0.3275862068965517,1,0,22,40,23,1,1,36,56,28,20,18,0.28125
3,5,size11_comp0.2_grid5_base_medium,11,0.2,medium,base,base,4,4,8,8,0,1,1,1,0,1,11,64,0.0,0.359375,0.6666666666666666,0.28846153846153844,2,1,17,43,28,2,2,29,55,20,12,22,0.34375
4,5,size11_comp0.2_grid5_base_medium,11,0.2,medium,base,base,4,4,8,8,0,1,1,1,0,1,3,64,0.0,0.359375,1.0,0.31666666666666665,1,0,18,45,32,0,2,29,56,22,3,23,0.359375
5,5,size11_comp0.2_grid5_base_medium,11,0.2,medium,base,base,4,4,8,8,0,1,1,1,0,1,3,64,0.0,0.421875,1.0,0.38333333333333336,1,0,25,38,28,1,1,33,56,22,7,14,0.21875
6,5,size11_comp0.2_grid5_base_medium,11,0.2,medium,base,base,4,4,8,8,0,1,1,1,0,1,9,64,0.0,0.359375,0.7,0.2962962962962963,1,0,18,45,33,1,1,28,56,22,4,23,0.359375
7,5,size11_comp0.2_grid5_base_medium,11,0.2,medium,base,base,4,4,8,8,0,1,1,1,0,1,11,64,0.0,0.390625,0.6666666666666666,0.3269230769230769,1,0,24,39,30,1,1,31,56,22,17,18,0.28125
8,5,size11_comp0.2_grid5_base_medium,11,0.2,medium,base,base,4,4,8,8,0,1,1,1,0,1,5,64,0.0,0.421875,0.8333333333333334,0.3793103448275862,1,0,26,37,31,1,1,30,56,21,7,15,0.234375
9,5,size11_comp0.2_grid5_base_medium,11,0.2,medium,base,base,4,4,8,8,0,1,1,1,0,1,17,64,0.0,0.46875,0.6111111111111112,0.41304347826086957,2,1,24,37,19,3,3,38,53,33,21,9,0.140625
0,6,size11_comp0.2_grid6_base_medium,11,0.2,medium,base,base,5,7,12,4,5,1,1,1,0,0,-1,64,0.0,0.40625,0.40625,0.0,0,0,26,38,18,0,0,45,61,38,0,12,0.1875
1,6,size11_comp0.2_grid6_base_medium,11,0.2,medium,base,base,5,7,12,4,5,1,1,1,0,0,-1,64,0.0,0.453125,0.453125,0.0,0,0,29,35,14,0,0,49,61,42,0,6,0.09375
2,6,size11_comp0.2_grid6_base_medium,11,0.2,medium,base,base,5,7,12,4,5,1,1,1,0,0,-1,64,0.0,0.4375,0.4375,0.0,0,0,27,37,19,0,0,44,60,38,0,9,0.140625
3,6,size11_comp0.2_grid6_base_medium,11,0.2,medium,base,base,5,7,12,4,5,1,1,1,0,0,-1,64,0.0,0.421875,0.421875,0.0,0,0,26,38,17,0,0,46,61,40,0,11,0.171875
4,6,size11_comp0.2_grid6_base_medium,11,0.2,medium,base,base,5,7,12,4,5,1,1,1,0,0,-1,64,0.0,0.390625,0.390625,0.0,0,0,24,40,27,0,0,36,61,29,0,15,0.234375
5,6,size11_comp0.2_grid6_base_medium,11,0.2,medium,base,base,5,7,12,4,5,1,1,1,0,0,-1,64,0.0,0.4375,0.4375,0.0,0,0,27,37,21,0,0,42,61,34,0,9,0.140625
6,6,size11_comp0.2_grid6_base_medium,11,0.2,medium,base,base,5,7,12,4,5,1,1,1,0,0,-1,64,0.0,0.46875,0.46875,0.0,0,0,29,35,13,0,0,50,61,45,0,5,0.078125
7,6,size11_comp0.2_grid6_base_medium,11,0.2,medium,base,base,5,7,12,4,5,1,1,1,0,0,-1,64,0.0,0.421875,0.421875,0.0,0,0,28,36,12,0,0,51,61,44,0,9,0.140625
8,6,size11_comp0.2_grid6_base_medium,11,0.2,medium,base,base,5,7,12,4,5,1,1,1,0,0,-1,64,0.0,0.453125,0.453125,0.0,0,0,29,35,12,0,0,51,61,45,0,6,0.09375
9,6,size11_comp0.2_grid6_base_medium,11,0.2,medium,base,base,5,7,12,4,5,1,1,1,0,0,-1,64,0.0,0.453125,0.453125,0.0,0,0,29,35,18,0,0,45,61,39,0,6,0.09375
0,7,size11_comp0.2_grid7_base_medium,11,0.2,medium,base,base,6,10,16,12,2,1,1,1,0,1,13,64,0.0,0.515625,0.7142857142857143,0.46,5,0,31,28,20,2,6,35,43,33,4,7,0.109375
1,7,size11_comp0.2_grid7_base_medium,11,0.2,medium,base,base,6,10,16,12,2,1,1,1,0,1,15,64,0.0,0.46875,0.6875,0.3958333333333333,6,1,29,28,23,6,4,30,42,20,1,13,0.203125
2,7,size11_comp0.2_grid7_base_medium,11,0.2,medium,base,base,6,10,16,12,2,1,1,1,0,1,7,64,0.0,0.46875,0.875,0.4107142857142857,5,0,23,36,27,2,4,30,46,23,1,15,0.234375
3,7,size11_comp0.2_grid7_base_medium,11,0.2,medium,base,base,6,10,16,12,2,1,1,1,0,1,9,64,0.0,0.40625,0.8,0.3333333333333333,8,1,32,23,25,4,8,26,44,18,2,21,0.328125
4,7,size11_comp0.2_grid7_base_medium,11,0.2,medium,base,base,6,10,16,12,2,1,1,1,0,1,5,64,0.0,0.328125,1.0,0.25862068965517243,6,1,35,22,28,7,5,23,42,9,1,31,0.484375
5,7,size11_comp0.2_grid7_base_medium,11,0.2,medium,base,base,6,10,16,12,2,1,1,1,0,1,5,64,0.0,0.53125,1.0,0.4827586206896552,6,0,28,30,25,4,6,28,41,26,1,5,0.078125
6,7,size11_comp0.2_grid7_base_medium,11,0.2,medium,base,base,6,10,16,12,2,1,1,1,0,1,9,64,0.0,0.546875,0.8,0.5,5,0,30,29,30,4,6,23,37,22,0,3,0.046875
7,7,size11_comp0.2_grid7_base_medium,11,0.2,medium,base,base,6,10,16,12,2,1,1,1,0,1,7,64,0.0,0.4375,0.875,0.375,6,0,32,26,28,4,6,25,42,16,1,17,0.265625
8,7,size11_comp0.2_grid7_base_medium,11,0.2,medium,base,base,6,10,16,12,2,1,1,1,0,1,5,64,0.0,0.328125,1.0,0.25862068965517243,5,0,41,18,38,3,5,17,42,13,1,29,0.453125
9,7,size11_comp0.2_grid7_base_medium,11,0.2,medium,base,base,6,10,16,12,2,1,1,1,0,1,5,64,0.0,0.40625,1.0,0.3448275862068966,7,0,33,24,31,6,6,20,41,14,2,21,0.328125
0,8,size11_comp0.2_grid8_base_medium,11,0.2,medium,base,base,7,10,17,13,2,1,1,1,0,0,-1,64,0.0,0.515625,0.515625,0.0,0,0,31,33,23,0,0,40,58,39,0,0,0.0
1,8,size11_comp0.2_grid8_base_medium,11,0.2,medium,base,base,7,10,17,13,2,1,1,1,0,0,-1,64,0.0,0.515625,0.515625,0.0,4,1,27,32,19,4,4,36,50,35,0,0,0.0
2,8,size11_comp0.2_grid8_base_medium,11,0.2,medium,base,base,7,10,17,13,2,1,1,1,0,0,-1,64,0.0,0.5,0.5,0.0,4,0,27,33,29,3,4,27,46,27,0,1,0.015625
3,8,size11_comp0.2_grid8_base_medium,11,0.2,medium,base,base,7,10,17,13,2,1,1,1,0,0,-1,64,0.0,0.5,0.5,0.0,5,1,26,32,17,7,5,34,43,32,0,1,0.015625
4,8,size11_comp0.2_grid8_base_medium,11,0.2,medium,base,base,7,10,17,13,2,1,1,1,0,0,-1,64,0.0,0.5,0.5,0.0,0,0,32,32,21,0,0,42,58,41,0,0,0.0
5,8,size11_comp0.2_grid8_base_medium,11,0.2,medium,base,base,7,10,17,13,2,1,1,1,0,0,-1,64,0.0,0.46875,0.46875,0.0,5,1,25,33,26,8,4,25,40,23,0,4,0.0625
6,8,size11_comp0.2_grid8_base_medium,11,0.2,medium,base,base,7,10,17,13,2,1,1,1,0,0,-1,64,0.0,0.5,0.5,0.0,0,1,31,32,26,1,1,35,57,34,0,1,0.015625
7,8,size11_comp0.2_grid8_base_medium,11,0.2,medium,base,base,7,10,17,13,2,1,1,1,0,0,-1,64,0.0,0.484375,0.484375,0.0,6,3,24,31,23,9,3,28,46,28,0,3,0.046875
8,8,size11_comp0.2_grid8_base_medium,11,0.2,medium,base,base,7,10,17,13,2,1,1,1,0,0,-1,64,0.0,0.5,0.5,0.0,5,2,26,31,22,5,9,27,43,26,0,1,0.015625
9,8,size11_comp0.2_grid8_base_medium,11,0.2,medium,base,base,7,10,17,13,2,1,1,1,0,0,-1,64,0.0,0.484375,0.484375,0.0,0,1,32,31,27,2,0,34,57,34,0,1,0.015625
0,9,size11_comp0.2_grid9_base_medium,11,0.2,medium,base,base,10,11,21,3,9,1,1,1,0,0,-1,64,0.0,0.40625,0.40625,0.0,2,0,24,38,30,3,1,29,52,24,0,17,0.265625
1,9,size11_comp0.2_grid9_base_medium,11,0.2,medium,base,base,10,11,21,3,9,1,1,1,1,0,-1,35,0.0,0.45714285714285713,0.45714285714285713,0.0,2,0,15,18,15,1,2,16,26,15,0,2,0.05714285714285714
2,9,size11_comp0.2_grid9_base_medium,11,0.2,medium,base,base,10,11,21,3,9,1,1,1,0,0,-1,64,0.0,0.34375,0.34375,0.0,2,0,20,42,35,0,3,25,56,17,0,23,0.359375
3,9,size11_comp0.2_grid9_base_medium,11,0.2,medium,base,base,10,11,21,3,9,1,1,1,0,0,-1,64,0.0,0.390625,0.390625,0.0,2,0,23,39,35,1,3,24,51,20,0,17,0.265625
4,9,size11_comp0.2_grid9_base_medium,11,0.2,medium,base,base,10,11,21,3,9,1,1,1,0,0,-1,64,0.0,0.359375,0.359375,0.0,2,0,21,41,36,0,2,25,54,19,0,22,0.34375
5,9,size11_comp0.2_grid9_base_medium,11,0.2,medium,base,base,10,11,21,3,9,1,1,1,0,0,-1,64,0.0,0.296875,0.296875,0.0,2,0,17,45,38,3,1,21,51,13,0,29,0.453125
6,9,size11_comp0.2_grid9_base_medium,11,0.2,medium,base,base,10,11,21,3,9,1,1,1,0,0,-1,64,0.0,0.3125,0.3125,0.0,2,0,18,44,37,3,1,22,53,15,0,29,0.453125
7,9,size11_comp0.2_grid9_base_medium,11,0.2,medium,base,base,10,11,21,3,9,1,1,1,1,0,-1,40,0.0,0.375,0.375,0.0,4,0,14,22,15,2,2,20,35,19,0,9,0.225
8,9,size11_comp0.2_grid9_base_medium,11,0.2,medium,base,base,10,11,21,3,9,1,1,1,0,0,-1,64,0.0,0.453125,0.453125,0.0,5,0,30,29,28,4,6,25,52,21,0,9,0.140625
9,9,size11_comp0.2_grid9_base_medium,11,0.2,medium,base,base,10,11,21,3,9,1,1,1,0,0,-1,64,0.0,0.46875,0.46875,0.0,2,0,28,34,24,2,2,35,52,31,0,7,0.109375
0,0,size11_comp0.4_grid0_base_medium,11,0.4,medium,base,base,6,9,15,9,6,1,1,1,0,0,-1,64,0.0,0.375,0.375,0.0,8,7,27,22,18,13,6,26,52,21,0,18,0.28125
1,0,size11_comp0.4_grid0_base_medium,11,0.4,medium,base,base,6,9,15,9,6,1,1,1,0,0,-1,64,0.0,0.390625,0.390625,0.0,9,12,26,17,16,12,11,24,50,21,0,16,0.25
2,0,size11_comp0.4_grid0_base_medium,11,0.4,medium,base,base,6,9,15,9,6,1,1,1,0,0,-1,64,0.0,0.453125,0.453125,0.0,8,9,25,22,17,8,8,30,51,27,0,9,0.140625
3,0,size11_comp0.4_grid0_base_medium,11,0.4,medium,base,base,6,9,15,9,6,1,1,1,0,0,-1,64,0.0,0.328125,0.328125,0.0,8,8,29,19,25,17,7,14,50,10,0,26,0.40625
4,0,size11_comp0.4_grid0_base_medium,11,0.4,medium,base,base,6,9,15,9,6,1,1,1,0,0,-1,64,0.0,0.3125,0.3125,0.0,3,6,33,22,14,7,11,31,57,18,0,29,0.453125
5,0,size11_comp0.4_grid0_base_medium,11,0.4,medium,base,base,6,9,15,9,6,1,1,1,0,0,-1,64,0.0,0.265625,0.265625,0.0,4,7,35,18,23,8,9,23,60,11,0,30,0.46875
6,0,size11_comp0.4_grid0_base_medium,11,0.4,medium,base,base,6,9,15,9,6,1,1,1,0,0,-1,64,0.0,0.328125,0.328125,0.0,4,7,34,19,23,10,8,22,51,16,0,23,0.359375
7,0,size11_comp0.4_grid0_base_medium,11,0.4,medium,base,base,6,9,15,9,6,1,1,1,0,0,-1,64,0.0,0.359375,0.359375,0.0,6,8,35,15,26,6,7,24,54,20,0,20,0.3125
8,0,size11_comp0.4_grid0_base_medium,11,0.4,medium,base,base,6,9,15,9,6,1,1,1,0,0,-1,64,0.0,0.296875,0.296875,0.0,4,6,43,11,31,8,8,16,51,12,0,28,0.4375
9,0,size11_comp0.4_grid0_base_medium,11,0.4,medium,base,base,6,9,15,9,6,1,1,1,0,0,-1,64,0.0,0.296875,0.296875,0.0,9,5,27,23,27,9,9,18,47,15,0,25,0.390625
0,1,size11_comp0.4_grid1_base_medium,11,0.4,medium,base,base,9,3,12,6,3,1,1,1,0,0,-1,64,0.0,0.03125,0.03125,0.0,0,0,62,2,59,0,0,4,62,2,0,60,0.9375
1,1,size11_comp0.4_grid1_base_medium,11,0.4,medium,base,base,9,3,12,6,3,1,1,1,0,0,-1,64,0.0,0.03125,0.03125,0.0,0,0,62,2,59,0,0,4,62,2,0,60,0.9375
2,1,size11_comp0.4_grid1_base_medium,11,0.4,medium,base,base,9,3,12,6,3,1,1,1,0,0,-1,64,0.0,0.09375,0.09375,0.0,0,0,58,6,51,0,0,12,62,8,0,52,0.8125
3,1,size11_comp0.4_grid1_base_medium,11,0.4,medium,base,base,9,3,12,6,3,1,1,1,0,0,-1,64,0.0,0.046875,0.046875,0.0,0,0,61,3,59,0,0,4,61,2,0,58,0.90625
4,1,size11_comp0.4_grid1_base_medium,11,0.4,medium,base,base,9,3,12,6,3,1,1,1,0,0,-1,64,0.0,0.015625,0.015625,0.0,0,0,62,2,61,0,0,2,61,0,0,61,0.953125
5,1,size11_comp0.4_grid1_base_medium,11,0.4,medium,base,base,9,3,12,6,3,1,1,1,0,0,-1,64,0.0,0.015625,0.015625,0.0,0,0,63,1,61,0,0,2,62,1,0,62,0.96875
6,1,size11_comp0.4_grid1_base_medium,11,0.4,medium,base,base,9,3,12,6,3,1,1,1,0,0,-1,64,0.0,0.046875,0.046875,0.0,0,0,61,3,57,0,0,6,62,4,0,58,0.90625
7,1,size11_comp0.4_grid1_base_medium,11,0.4,medium,base,base,9,3,12,6,3,1,1,1,0,0,-1,64,0.0,0.0625,0.0625,0.0,0,0,60,4,55,0,0,8,62,6,0,56,0.875
8,1,size11_comp0.4_grid1_base_medium,11,0.4,medium,base,base,9,3,12,6,3,1,1,1,0,0,-1,64,0.0,0.09375,0.09375,0.0,0,0,58,6,53,0,0,10,61,5,0,52,0.8125
9,1,size11_comp0.4_grid1_base_medium,11,0.4,medium,base,base,9,3,12,6,3,1,1,1,0,0,-1,64,0.0,0.046875,0.046875,0.0,0,0,61,3,57,0,0,6,62,4,0,58,0.90625
0,2,size11_comp0.4_grid2_base_medium,11,0.4,medium,base,base,8,7,15,5,6,1,1,1,0,0,-1,64,0.0,0.171875,0.171875,0.0,1,0,53,10,45,1,1,16,59,10,0,42,0.65625
1,2,size11_comp0.4_grid2_base_medium,11,0.4,medium,base,base,8,7,15,5,6,1,1,1,0,0,-1,64,0.0,0.234375,0.234375,0.0,1,0,47,16,40,1,1,21,56,15,0,34,0.53125
2,2,size11_comp0.4_grid2_base_medium,11,0.4,medium,base,base,8,7,15,5,6,1,1,1,0,0,-1,64,0.0,0.078125,0.078125,0.0,1,0,59,4,53,1,1,8,60,5,0,54,0.84375
3,2,size11_comp0.4_grid2_base_medium,11,0.4,medium,base,base,8,7,15,5,6,1,1,1,0,0,-1,64,0.0,0.109375,0.109375,0.0,1,0,57,6,50,1,0,12,61,6,0,50,0.78125
4,2,size11_comp0.4_grid2_base_medium,11,0.4,medium,base,base,8,7,15,5,6,1,1,1,0,0,-1,64,0.0,0.21875,0.21875,0.0,1,0,50,13,38,1,1,23,59,15,0,36,0.5625
5,2,size11_comp0.4_grid2_base_medium,11,0.4,medium,base,base,8,7,15,5,6,1,1,1,0,0,-1,64,0.0,0.171875,0.171875,0.0,1,0,53,10,44,0,2,17,59,10,0,42,0.65625
6,2,size11_comp0.4_grid2_base_medium,11,0.4,medium,base,base,8,7,15,5,6,1,1,1,0,0,-1,64,0.0,0.171875,0.171875,0.0,1,0,53,10,42,1,0,20,61,12,0,42,0.65625
7,2,size11_comp0.4_grid2_base_medium,11,0.4,medium,base,base,8,7,15,5,6,1,1,1,0,0,-1,64,0.0,0.171875,0.171875,0.0,1,0,53,10,45,2,0,16,57,10,0,42,0.65625
8,2,size11_comp0.4_grid2_base_medium,11,0.4,medium,base,base,8,7,15,5,6,1,1,1,0,0,-1,64,0.0,0.203125,0.203125,0.0,1,0,48,15,47,2,0,14,55,11,0,38,0.59375
9,2,size11_comp0.4_grid2_base_medium,11,0.4,medium,base,base,8,7,15,5,6,1,1,1,0,0,-1,64,0.0,0.09375,0.09375,0.0,1,0,58,5,54,1,0,8,60,4,0,52,0.8125
0,3,size11_comp0.4_grid3_base_medium,11,0.4,medium,base,base,4,3,7,5,1,1,1,1,1,1,7,13,0.5384615384615384,0.6923076923076923,0.625,0.8,3,0,7,3,3,4,2,3,4,2,1,2,0.15384615384615385
1,3,size11_comp0.4_grid3_base_medium,11,0.4,medium,base,base,4,3,7,5,1,1,1,1,1,1,9,17,0.4117647058823529,0.5294117647058824,0.4,0.7142857142857143,3,0,10,4,7,0,5,4,10,3,1,6,0.35294117647058826
2,3,size11_comp0.4_grid3_base_medium,11,0.4,medium,base,base,4,3,7,5,1,1,1,1,1,1,7,52,0.1346153846153846,0.46153846153846156,0.625,0.4318181818181818,3,0,22,27,23,4,2,22,40,16,1,11,0.21153846153846154
3,3,size11_comp0.4_grid3_base_medium,11,0.4,medium,base,base,4,3,7,5,1,1,1,1,1,1,39,50,0.14,0.3,0.225,0.6,3,0,38,9,32,2,3,12,40,8,3,27,0.54
4,3,size11_comp0.4_grid3_base_medium,11,0.4,medium,base,base,4,3,7,5,1,1,1,1,1,1,10,47,0.14893617021276595,0.44680851063829785,0.45454545454545453,0.4444444444444444,5,1,22,19,26,4,4,12,34,8,2,12,0.2553191489361702
5,3,size11_comp0.4_grid3_base_medium,11,0.4,medium,base,base,4,3,7,5,1,1,1,1,1,1,12,25,0.28,0.4,0.3076923076923077,0.5,3,0,15,7,15,4,2,3,13,1,1,12,0.48
6,3,size11_comp0.4_grid3_base_medium,11,0.4,medium,base,base,4,3,7,5,1,1,1,1,1,1,9,34,0.20588235294117646,0.47058823529411764,0.5,0.4583333333333333,3,0,16,15,15,3,2,13,24,9,1,9,0.2647058823529412
7,3,size11_comp0.4_grid3_base_medium,11,0.4,medium,base,base,4,3,7,5,1,1,1,1,1,1,35,57,0.12280701754385964,0.43859649122807015,0.3611111111111111,0.5714285714285714,4,1,34,18,21,8,2,25,44,20,2,14,0.24561403508771928
8,3,size11_comp0.4_grid3_base_medium,11,0.4,medium,base,base,4,3,7,5,1,1,1,1,1,1,39,43,0.16279069767441862,0.2558139534883721,0.2,1.0,3,0,35,5,30,2,1,9,36,5,1,28,0.6511627906976745
9,3,size11_comp0.4_grid3_base_medium,11,0.4,medium,base,base,4,3,7,5,1,1,1,1,1,1,4,52,0.1346153846153846,0.5,0.8,0.46808510638297873,4,1,22,25,21,6,2,22,40,19,1,7,0.1346153846153846
0,4,size11_comp0.4_grid4_base_medium,11,0.4,medium,base,base,8,12,20,8,7,1,1,1,0,0,-1,64,0.0,0.296875,0.296875,0.0,4,1,25,34,20,5,5,33,54,21,0,26,0.40625
1,4,size11_comp0.4_grid4_base_medium,11,0.4,medium,base,base,8,12,20,8,7,1,1,1,0,0,-1,64,0.0,0.15625,0.15625,0.0,2,2,10,50,45,0,8,10,57,4,0,46,0.71875
2,4,size11_comp0.4_grid4_base_medium,11,0.4,medium,base,base,8,12,20,8,7,1,1,1,0,0,-1,64,0.0,0.359375,0.359375,0.0,3,2,23,36,27,5,4,27,53,23,0,17,0.265625
3,4,size11_comp0.4_grid4_base_medium,11,0.4,medium,base,base,8,12,20,8,7,1,1,1,0,0,-1,64,0.0,0.234375,0.234375,0.0,4,4,18,38,30,8,6,19,50,10,0,34,0.53125
4,4,size11_comp0.4_grid4_base_medium,11,0.4,medium,base,base,8,12,20,8,7,1,1,1,0,0,-1,64,0.0,0.234375,0.234375,0.0,2,1,15,46,43,1,5,14,49,11,0,33,0.515625
5,4,size11_comp0.4_grid4_base_medium,11,0.4,medium,base,base,8,12,20,8,7,1,1,1,0,0,-1,64,0.0,0.296875,0.296875,0.0,4,3,17,40,31,2,6,24,52,13,0,26,0.40625
6,4,size11_comp0.4_grid4_base_medium,11,0.4,medium,base,base,8,12,20,8,7,1,1,1,0,0,-1,64,0.0,0.171875,0.171875,0.0,1,2,6,55,47,3,2,11,58,7,0,45,0.703125
7,4,size11_comp0.4_grid4_base_medium,11,0.4,medium,base,base,8,12,20,8,7,1,1,1,0,0,-1,64,0.0,0.171875,0.171875,0.0,0,3,8,53,49,4,0,10,59,4,0,44,0.6875
8,4,size11_comp0.4_grid4_base_medium,11,0.4,medium,base,base,8,12,20,8,7,1,1,1,0,0,-1,64,0.0,0.125,0.125,0.0,1,2,3,58,51,3,3,6,57,3,0,50,0.78125
9,4,size11_comp0.4_grid4_base_medium,11,0.4,medium,base,base,8,12,20,8,7,1,1,1,0,0,-1,64,0.0,0.359375,0.359375,0.0,2,3,20,39,26,6,4,27,50,23,0,18,0.28125
0,5,size11_comp0.4_grid5_base_medium,11,0.4,medium,base,base,12,10,22,6,8,1,1,1,1,0,-1,58,0.0,0.5172413793103449,0.5172413793103449,0.0,0,0,26,32,25,0,0,32,52,32,0,0,0.0
1,5,size11_comp0.4_grid5_base_medium,11,0.4,medium,base,base,12,10,22,6,8,1,1,1,1,0,-1,24,0.0,0.5416666666666666,0.5416666666666666,0.0,0,0,9,15,9,0,0,14,18,14,0,0,0.0
2,5,size11_comp0.4_grid5_base_medium,11,0.4,medium,base,base,12,10,22,6,8,1,1,1,1,0,-1,40,0.0,0.525,0.525,0.0,0,0,17,23,19,0,0,20,34,20,0,0,0.0
3,5,size11_comp0.4_grid5_base_medium,11,0.4,medium,base,base,12,10,22,6,8,1,1,1,1,0,-1,36,0.0,0.5277777777777778,0.5277777777777778,0.0,0,0,15,21,17,0,0,18,30,18,0,0,0.0
4,5,size11_comp0.4_grid5_base_medium,11,0.4,medium,base,base,12,10,22,6,8,1,1,1,1,0,-1,12,0.0,0.5833333333333334,0.5833333333333334,0.0,0,0,3,9,5,0,0,6,6,6,0,0,0.0
5,5,size11_comp0.4_grid5_base_medium,11,0.4,medium,base,base,12,10,22,6,8,1,1,1,1,0,-1,42,0.0,0.5238095238095238,0.5238095238095238,0.0,0,0,18,24,15,0,0,26,36,26,0,0,0.0
6,5,size11_comp0.4_grid5_base_medium,11,0.4,medium,base,base,12,10,22,6,8,1,1,1,1,0,-1,22,0.0,0.5454545454545454,0.5454545454545454,0.0,0,0,8,14,11,0,0,10,16,10,0,0,0.0
7,5,size11_comp0.4_grid5_base_medium,11,0.4,medium,base,base,12,10,22,6,8,1,1,1,1,0,-1,38,0.0,0.5263157894736842,0.5263157894736842,0.0,0,0,16,22,19,0,0,18,32,18,0,0,0.0
8,5,size11_comp0.4_grid5_base_medium,11,0.4,medium,base,base,12,10,22,6,8,1,1,1,1,0,-1,16,0.0,0.5625,0.5625,0.0,0,0,5,11,9,0,0,6,10,6,0,0,0.0
9,5,size11_comp0.4_grid5_base_medium,11,0.4,medium,base,base,12,10,22,6,8,1,1,1,1,0,-1,42,0.0,0.5238095238095238,0.5238095238095238,0.0,0,0,18,24,15,0,0,26,36,26,0,0,0.0
0,6,size11_comp0.4_grid6_base_medium,11,0.4,medium,base,base,5,9,14,12,1,1,1,1,0,0,-1,64,0.0,0.0,0.0,0.0,0,0,0,64,63,0,0,0,63,0,0,64,1.0
1,6,size11_comp0.4_grid6_base_medium,11,0.4,medium,base,base,5,9,14,12,1,1,1,1,0,0,-1,64,0.0,0.0,0.0,0.0,0,0,0,64,63,0,0,0,63,0,0,64,1.0
2,6,size11_comp0.4_grid6_base_medium,11,0.4,medium,base,base,5,9,14,12,1,1,1,1,0,0,-1,64,0.0,0.0,0.0,0.0,0,0,0,64,63,0,0,0,63,0,0,64,1.0
3,6,size11_comp0.4_grid6_base_medium,11,0.4,medium,base,base,5,9,14,12,1,1,1,1,0,0,-1,64,0.0,0.0,0.0,0.0,0,0,0,64,63,0,0,0,63,0,0,64,1.0
4,6,size11_comp0.4_grid6_base_medium,11,0.4,medium,base,base,5,9,14,12,1,1,1,1,0,0,-1,64,0.0,0.0,0.0,0.0,0,0,1,63,61,0,0,2,63,0,0,64,1.0
5,6,size11_comp0.4_grid6_base_medium,11,0.4,medium,base,base,5,9,14,12,1,1,1,1,0,0,-1,64,0.0,0.0,0.0,0.0,0,0,0,64,63,0,0,0,63,0,0,64,1.0
6,6,size11_comp0.4_grid6_base_medium,11,0.4,medium,base,base,5,9,14,12,1,1,1,1,0,0,-1,64,0.0,0.0,0.0,0.0,0,0,0,64,63,0,0,0,63,0,0,64,1.0
7,6,size11_comp0.4_grid6_base_medium,11,0.4,medium,base,base,5,9,14,12,1,1,1,1,0,0,-1,64,0.0,0.0,0.0,0.0,0,0,0,64,63,0,0,0,63,0,0,64,1.0
8,6,size11_comp0.4_grid6_base_medium,11,0.4,medium,base,base,5,9,14,12,1,1,1,1,0,0,-1,64,0.0,0.0,0.0,0.0,0,0,0,64,63,0,0,0,63,0,0,64,1.0
9,6,size11_comp0.4_grid6_base_medium,11,0.4,medium,base,base,5,9,14,12,1,1,1,1,0,0,-1,64,0.0,0.0,0.0,0.0,0,0,0,64,63,0,0,0,63,0,0,64,1.0
0,7,size11_comp0.4_grid7_base_medium,11,0.4,medium,base,base,13,5,18,12,3,1,1,1,0,0,-1,64,0.0,0.234375,0.234375,0.0,6,3,15,40,31,5,9,18,57,9,0,37,0.578125
1,7,size11_comp0.4_grid7_base_medium,11,0.4,medium,base,base,13,5,18,12,3,1,1,1,0,0,-1,64,0.0,0.234375,0.234375,0.0,1,1,34,28,40,3,1,19,56,10,0,37,0.578125
2,7,size11_comp0.4_grid7_base_medium,11,0.4,medium,base,base,13,5,18,12,3,1,1,1,0,0,-1,64,0.0,0.234375,0.234375,0.0,4,2,22,36,36,4,4,19,56,12,0,36,0.5625
3,7,size11_comp0.4_grid7_base_medium,11,0.4,medium,base,base,13,5,18,12,3,1,1,1,0,0,-1,64,0.0,0.265625,0.265625,0.0,8,2,30,24,33,4,4,22,55,12,0,33,0.515625
4,7,size11_comp0.4_grid7_base_medium,11,0.4,medium,base,base,13,5,18,12,3,1,1,1,0,0,-1,64,0.0,0.0625,0.0625,0.0,4,3,10,47,37,5,5,16,61,2,0,56,0.875
5,7,size11_comp0.4_grid7_base_medium,11,0.4,medium,base,base,13,5,18,12,3,1,1,1,0,0,-1,64,0.0,0.328125,0.328125,0.0,3,1,32,28,26,5,1,31,56,22,0,24,0.375
6,7,size11_comp0.4_grid7_base_medium,11,0.4,medium,base,base,13,5,18,12,3,1,1,1,0,0,-1,64,0.0,0.203125,0.203125,0.0,6,3,13,42,39,4,6,14,56,9,0,41,0.640625
7,7,size11_comp0.4_grid7_base_medium,11,0.4,medium,base,base,13,5,18,12,3,1,1,1,0,0,-1,64,0.0,0.203125,0.203125,0.0,4,2,20,38,33,4,4,22,54,7,0,41,0.640625
8,7,size11_comp0.4_grid7_base_medium,11,0.4,medium,base,base,13,5,18,12,3,1,1,1,0,0,-1,64,0.0,0.296875,0.296875,0.0,6,1,24,33,28,4,8,23,56,17,0,28,0.4375
9,7,size11_comp0.4_grid7_base_medium,11,0.4,medium,base,base,13,5,18,12,3,1,1,1,0,0,-1,64,0.0,0.328125,0.328125,0.0,9,1,28,26,28,3,3,29,56,23,0,24,0.375
0,8,size11_comp0.4_grid8_base_medium,11,0.4,medium,base,base,9,8,17,9,4,1,1,1,0,0,-1,64,0.0,0.046875,0.046875,0.0,2,0,12,50,42,2,2,17,60,0,0,61,0.953125
1,8,size11_comp0.4_grid8_base_medium,11,0.4,medium,base,base,9,8,17,9,4,1,1,1,0,0,-1,64,0.0,0.1875,0.1875,0.0,1,0,52,11,42,1,0,20,60,13,0,41,0.640625
2,8,size11_comp0.4_grid8_base_medium,11,0.4,medium,base,base,9,8,17,9,4,1,1,1,0,0,-1,64,0.0,0.171875,0.171875,0.0,1,0,51,12,41,2,0,20,61,11,0,43,0.671875
3,8,size11_comp0.4_grid8_base_medium,11,0.4,medium,base,base,9,8,17,9,4,1,1,1,0,0,-1,64,0.0,0.1875,0.1875,0.0,1,0,52,11,40,1,0,22,61,13,0,41,0.640625
4,8,size11_comp0.4_grid8_base_medium,11,0.4,medium,base,base,9,8,17,9,4,1,1,1,0,0,-1,64,0.0,0.0625,0.0625,0.0,2,1,14,47,35,0,6,22,60,0,0,59,0.921875
5,8,size11_comp0.4_grid8_base_medium,11,0.4,medium,base,base,9,8,17,9,4,1,1,1,0,0,-1,64,0.0,0.1875,0.1875,0.0,1,0,51,12,44,1,1,17,60,13,0,41,0.640625
6,8,size11_comp0.4_grid8_base_medium,11,0.4,medium,base,base,9,8,17,9,4,1,1,1,0,0,-1,64,0.0,0.171875,0.171875,0.0,1,0,53,10,42,1,0,20,61,10,0,43,0.671875
7,8,size11_comp0.4_grid8_base_medium,11,0.4,medium,base,base,9,8,17,9,4,1,1,1,0,0,-1,64,0.0,0.140625,0.140625,0.0,7,2,17,38,32,5,7,19,58,5,0,47,0.734375
8,8,size11_comp0.4_grid8_base_medium,11,0.4,medium,base,base,9,8,17,9,4,1,1,1,0,0,-1,64,0.0,0.203125,0.203125,0.0,1,0,51,12,40,1,0,22,60,14,0,39,0.609375
9,8,size11_comp0.4_grid8_base_medium,11,0.4,medium,base,base,9,8,17,9,4,1,1,1,0,0,-1,64,0.0,0.15625,0.15625,0.0,1,0,54,9,46,0,1,16,61,8,0,46,0.71875
0,9,size11_comp0.4_grid9_base_medium,11,0.4,medium,base,base,5,10,15,5,5,1,1,1,0,0,-1,64,0.0,0.484375,0.484375,0.0,0,1,31,32,21,2,0,40,57,39,0,1,0.015625
1,9,size11_comp0.4_grid9_base_medium,11,0.4,medium,base,base,5,10,15,5,5,1,1,1,0,0,-1,64,0.0,0.5,0.5,0.0,0,0,32,32,25,0,0,38,58,38,0,0,0.0
2,9,size11_comp0.4_grid9_base_medium,11,0.4,medium,base,base,5,10,15,5,5,1,1,1,1,0,-1,17,0.0,0.35294117647058826,0.35294117647058826,0.0,0,0,6,11,7,0,0,9,10,9,0,0,0.0
3,9,size11_comp0.4_grid9_base_medium,11,0.4,medium,base,base,5,10,15,5,5,1,1,1,0,0,-1,64,0.0,0.5,0.5,0.0,0,0,32,32,33,0,0,30,59,30,0,0,0.0
4,9,size11_comp0.4_grid9_base_medium,11,0.4,medium,base,base,5,10,15,5,5,1,1,1,1,0,-1,11,0.0,0.2727272727272727,0.2727272727272727,0.0,0,0,3,8,6,0,0,4,5,4,0,0,0.0
5,9,size11_comp0.4_grid9_base_medium,11,0.4,medium,base,base,5,10,15,5,5,1,1,1,0,0,-1,64,0.0,0.5,0.5,0.0,0,0,32,32,19,0,0,44,58,43,0,0,0.0
6,9,size11_comp0.4_grid9_base_medium,11,0.4,medium,base,base,5,10,15,5,5,1,1,1,1,0,-1,23,0.0,0.391304347826087,0.391304347826087,0.0,0,0,9,14,9,0,0,13,16,13,0,0,0.0
7,9,size11_comp0.4_grid9_base_medium,11,0.4,medium,base,base,5,10,15,5,5,1,1,1,1,0,-1,61,0.0,0.45901639344262296,0.45901639344262296,0.0,0,0,28,33,27,0,0,33,54,33,0,0,0.0
8,9,size11_comp0.4_grid9_base_medium,11,0.4,medium,base,base,5,10,15,5,5,1,1,1,0,0,-1,64,0.0,0.5,0.5,0.0,0,0,33,31,29,0,0,34,57,33,0,0,0.0
9,9,size11_comp0.4_grid9_base_medium,11,0.4,medium,base,base,5,10,15,5,5,1,1,1,1,0,-1,29,0.0,0.41379310344827586,0.41379310344827586,0.0,0,0,12,17,15,0,0,13,22,13,0,0,0.0
0,0,size11_comp0.6_grid0_base_medium,11,0.6,medium,base,base,13,13,26,6,13,1,1,1,0,0,-1,64,0.0,0.28125,0.28125,0.0,4,4,33,23,33,4,6,20,55,13,0,30,0.46875
1,0,size11_comp0.6_grid0_base_medium,11,0.6,medium,base,base,13,13,26,6,13,1,1,1,0,1,54,64,0.0,0.453125,0.4909090909090909,0.2222222222222222,4,10,24,26,26,6,12,19,44,13,0,21,0.328125
2,0,size11_comp0.6_grid0_base_medium,11,0.6,medium,base,base,13,13,26,6,13,1,1,1,0,0,-1,64,0.0,0.125,0.125,0.0,3,3,42,16,37,8,2,16,56,2,0,48,0.75
3,0,size11_comp0.6_grid0_base_medium,11,0.6,medium,base,base,13,13,26,6,13,1,1,1,0,0,-1,64,0.0,0.484375,0.484375,0.0,1,6,31,26,18,6,5,34,50,28,0,10,0.15625
4,0,size11_comp0.6_grid0_base_medium,11,0.6,medium,base,base,13,13,26,6,13,1,1,1,0,1,34,64,0.0,0.421875,0.42857142857142855,0.41379310344827586,1,5,36,22,31,6,6,20,48,12,7,24,0.375
5,0,size11_comp0.6_grid0_base_medium,11,0.6,medium,base,base,13,13,26,6,13,1,1,1,0,0,-1,64,0.0,0.359375,0.359375,0.0,5,10,29,20,23,7,7,26,50,17,0,24,0.375
6,0,size11_comp0.6_grid0_base_medium,11,0.6,medium,base,base,13,13,26,6,13,1,1,1,0,0,-1,64,0.0,0.234375,0.234375,0.0,5,6,35,18,31,7,9,16,57,9,0,36,0.5625
7,0,size11_comp0.6_grid0_base_medium,11,0.6,medium,base,base,13,13,26,6,13,1,1,1,0,0,-1,64,0.0,0.421875,0.421875,0.0,3,5,27,29,29,2,8,24,52,22,0,15,0.234375
8,0,size11_comp0.6_grid0_base_medium,11,0.6,medium,base,base,13,13,26,6,13,1,1,1,0,0,-1,64,0.0,0.375,0.375,0.0,2,4,37,21,24,8,4,27,51,16,0,24,0.375
9,0,size11_comp0.6_grid0_base_medium,11,0.6,medium,base,base,13,13,26,6,13,1,1,1,0,0,-1,64,0.0,0.3125,0.3125,0.0,5,4,29,26,26,4,12,21,55,11,0,28,0.4375
0,1,size11_comp0.6_grid1_base_medium,11,0.6,medium,base,base,11,6,17,11,4,1,1,1,0,0,-1,64,0.0,0.0,0.0,0.0,0,0,58,6,52,0,0,11,63,0,0,64,1.0
1,1,size11_comp0.6_grid1_base_medium,11,0.6,medium,base,base,11,6,17,11,4,1,1,1,0,0,-1,64,0.0,0.0,0.0,0.0,0,0,59,5,55,0,0,8,63,0,0,64,1.0
2,1,size11_comp0.6_grid1_base_medium,11,0.6,medium,base,base,11,6,17,11,4,1,1,1,0,0,-1,64,0.0,0.0,0.0,0.0,0,0,57,7,53,0,0,10,63,0,0,64,1.0
3,1,size11_comp0.6_grid1_base_medium,11,0.6,medium,base,base,11,6,17,11,4,1,1,1,0,0,-1,64,0.0,0.0,0.0,0.0,0,0,59,5,53,0,0,10,63,0,0,64,1.0
4,1,size11_comp0.6_grid1_base_medium,11,0.6,medium,base,base,11,6,17,11,4,1,1,1,0,0,-1,64,0.0,0.0,0.0,0.0,0,0,60,4,55,0,0,8,63,0,0,64,1.0
5,1,size11_comp0.6_grid1_base_medium,11,0.6,medium,base,base,11,6,17,11,4,1,1,1,0,0,-1,64,0.0,0.0,0.0,0.0,0,0,57,7,49,0,0,14,63,0,0,64,1.0
6,1,size11_comp0.6_grid1_base_medium,11,0.6,medium,base,base,11,6,17,11,4,1,1,1,0,0,-1,64,0.0,0.0,0.0,0.0,0,0,59,5,53,0,0,10,63,0,0,64,1.0
7,1,size11_comp0.6_grid1_base_medium,11,0.6,medium,base,base,11,6,17,11,4,1,1,1,0,0,-1,64,0.0,0.0,0.0,0.0,0,0,55,9,47,0,0,16,63,0,0,64,1.0
8,1,size11_comp0.6_grid1_base_medium,11,0.6,medium,base,base,11,6,17,11,4,1,1,1,0,0,-1,64,0.0,0.09375,0.09375,0.0,0,1,58,5,51,1,1,10,60,6,0,53,0.828125
9,1,size11_comp0.6_grid1_base_medium,11,0.6,medium,base,base,11,6,17,11,4,1,1,1,0,0,-1,64,0.0,0.0,0.0,0.0,0,0,54,10,45,0,0,18,63,0,0,64,1.0
0,2,size11_comp0.6_grid2_base_medium,11,0.6,medium,base,base,10,11,21,5,10,1,1,1,0,0,-1,64,0.0,0.21875,0.21875,0.0,4,0,13,47,39,2,4,18,58,9,0,37,0.578125
1,2,size11_comp0.6_grid2_base_medium,11,0.6,medium,base,base,10,11,21,5,10,1,1,1,0,0,-1,64,0.0,0.234375,0.234375,0.0,3,1,13,47,33,2,6,22,58,15,0,33,0.515625
2,2,size11_comp0.6_grid2_base_medium,11,0.6,medium,base,base,10,11,21,5,10,1,1,1,0,0,-1,64,0.0,0.296875,0.296875,0.0,8,1,17,38,26,10,5,22,58,17,0,26,0.40625
3,2,size11_comp0.6_grid2_base_medium,11,0.6,medium,base,base,10,11,21,5,10,1,1,1,0,0,-1,64,0.0,0.34375,0.34375,0.0,2,0,21,41,27,1,2,33,58,25,0,19,0.296875
4,2,size11_comp0.6_grid2_base_medium,11,0.6,medium,base,base,10,11,21,5,10,1,1,1,0,0,-1,64,0.0,0.21875,0.21875,0.0,2,0,13,49,39,2,2,20,59,11,0,35,0.546875
5,2,size11_comp0.6_grid2_base_medium,11,0.6,medium,base,base,10,11,21,5,10,1,1,1,0,0,-1,64,0.0,0.46875,0.46875,0.0,7,1,24,32,23,5,8,27,47,23,0,10,0.15625
6,2,size11_comp0.6_grid2_base_medium,11,0.6,medium,base,base,10,11,21,5,10,1,1,1,0,0,-1,64,0.0,0.4375,0.4375,0.0,6,1,21,36,26,5,5,27,48,24,0,13,0.203125
7,2,size11_comp0.6_grid2_base_medium,11,0.6,medium,base,base,10,11,21,5,10,1,1,1,0,0,-1,64,0.0,0.3125,0.3125,0.0,3,0,20,41,29,3,3,28,58,18,0,23,0.359375
8,2,size11_comp0.6_grid2_base_medium,11,0.6,medium,base,base,10,11,21,5,10,1,1,1,0,0,-1,64,0.0,0.3125,0.3125,0.0,5,0,19,40,25,3,6,29,60,20,0,23,0.359375
9,2,size11_comp0.6_grid2_base_medium,11,0.6,medium,base,base,10,11,21,5,10,1,1,1,0,0,-1,64,0.0,0.25,0.25,0.0,6,0,15,43,29,5,6,23,60,16,0,33,0.515625
0,3,size11_comp0.6_grid3_base_medium,11,0.6,medium,base,base,8,10,18,4,8,1,1,1,0,0,-1,64,0.0,0.328125,0.328125,0.0,7,3,31,23,23,4,8,28,59,20,0,20,0.3125
1,3,size11_comp0.6_grid3_base_medium,11,0.6,medium,base,base,8,10,18,4,8,1,1,1,0,0,-1,64,0.0,0.3125,0.3125,0.0,6,1,37,20,21,3,9,30,60,25,0,23,0.359375
2,3,size11_comp0.6_grid3_base_medium,11,0.6,medium,base,base,8,10,18,4,8,1,1,1,0,0,-1,64,0.0,0.265625,0.265625,0.0,7,7,35,15,21,9,18,15,57,9,0,29,0.453125
3,3,size11_comp0.6_grid3_base_medium,11,0.6,medium,base,base,8,10,18,4,8,1,1,1,0,0,-1,64,0.0,0.3125,0.3125,0.0,7,1,35,21,23,3,10,27,60,19,0,23,0.359375
4,3,size11_comp0.6_grid3_base_medium,11,0.6,medium,base,base,8,10,18,4,8,1,1,1,0,0,-1,64,0.0,0.28125,0.28125,0.0,10,4,33,17,21,4,19,19,59,13,0,27,0.421875
5,3,size11_comp0.6_grid3_base_medium,11,0.6,medium,base,base,8,10,18,4,8,1,1,1,0,0,-1,64,0.0,0.078125,0.078125,0.0,3,0,43,18,28,4,2,29,59,4,0,52,0.8125
6,3,size11_comp0.6_grid3_base_medium,11,0.6,medium,base,base,8,10,18,4,8,1,1,1,0,0,-1,64,0.0,0.1875,0.1875,0.0,6,4,36,18,20,9,9,25,58,11,0,38,0.59375
7,3,size11_comp0.6_grid3_base_medium,11,0.6,medium,base,base,8,10,18,4,8,1,1,1,0,0,-1,64,0.0,0.15625,0.15625,0.0,5,4,42,13,29,6,10,18,56,10,0,41,0.640625
8,3,size11_comp0.6_grid3_base_medium,11,0.6,medium,base,base,8,10,18,4,8,1,1,1,0,0,-1,64,0.0,0.125,0.125,0.0,7,3,42,12,30,3,11,19,58,7,0,46,0.71875
9,3,size11_comp0.6_grid3_base_medium,11,0.6,medium,base,base,8,10,18,4,8,1,1,1,0,0,-1,64,0.0,0.078125,0.078125,0.0,5,3,45,11,40,4,5,14,59,1,0,52,0.8125
0,4,size11_comp0.6_grid4_base_medium,11,0.6,medium,base,base,8,6,14,10,6,1,1,1,0,0,-1,64,0.0,0.140625,0.140625,0.0,0,1,37,26,31,1,1,30,60,10,0,46,0.71875
1,4,size11_comp0.6_grid4_base_medium,11,0.6,medium,base,base,8,6,14,10,6,1,1,1,0,0,-1,64,0.0,0.1875,0.1875,0.0,0,1,28,35,30,0,2,31,58,9,0,41,0.640625
2,4,size11_comp0.6_grid4_base_medium,11,0.6,medium,base,base,8,6,14,10,6,1,1,1,0,0,-1,64,0.0,0.359375,0.359375,0.0,0,1,26,37,33,1,1,28,59,23,0,17,0.265625
3,4,size11_comp0.6_grid4_base_medium,11,0.6,medium,base,base,8,6,14,10,6,1,1,1,0,0,-1,64,0.0,0.359375,0.359375,0.0,0,1,25,38,35,0,2,26,58,20,0,19,0.296875
4,4,size11_comp0.6_grid4_base_medium,11,0.6,medium,base,base,8,6,14,10,6,1,1,1,0,0,-1,64,0.0,0.1875,0.1875,0.0,0,1,26,37,32,2,0,29,59,11,0,39,0.609375
5,4,size11_comp0.6_grid4_base_medium,11,0.6,medium,base,base,8,6,14,10,6,1,1,1,0,0,-1,64,0.0,0.0,0.0,0.0,0,0,35,29,35,0,0,28,63,0,0,64,1.0
6,4,size11_comp0.6_grid4_base_medium,11,0.6,medium,base,base,8,6,14,10,6,1,1,1,0,0,-1,64,0.0,0.03125,0.03125,0.0,0,1,31,32,29,2,0,32,60,0,0,61,0.953125
7,4,size11_comp0.6_grid4_base_medium,11,0.6,medium,base,base,8,6,14,10,6,1,1,1,0,0,-1,64,0.0,0.296875,0.296875,0.0,0,1,33,30,30,2,0,31,58,21,0,24,0.375
8,4,size11_comp0.6_grid4_base_medium,11,0.6,medium,base,base,8,6,14,10,6,1,1,1,0,0,-1,64,0.0,0.390625,0.390625,0.0,0,1,37,26,30,2,0,31,58,28,0,11,0.171875
9,4,size11_comp0.6_grid4_base_medium,11,0.6,medium,base,base,8,6,14,10,6,1,1,1,0,0,-1,64,0.0,0.28125,0.28125,0.0,0,1,23,40,31,1,1,30,58,24,0,26,0.40625
0,5,size11_comp0.6_grid5_base_medium,11,0.6,medium,base,base,12,9,21,9,8,1,1,1,0,0,-1,64,0.0,0.28125,0.28125,0.0,3,7,13,41,28,12,6,17,52,11,0,34,0.53125
1,5,size11_comp0.6_grid5_base_medium,11,0.6,medium,base,base,12,9,21,9,8,1,1,1,0,0,-1,64,0.0,0.21875,0.21875,0.0,5,9,4,46,35,10,14,4,54,2,0,42,0.65625
2,5,size11_comp0.6_grid5_base_medium,11,0.6,medium,base,base,12,9,21,9,8,1,1,1,0,0,-1,64,0.0,0.1875,0.1875,0.0,4,9,19,32,24,10,12,17,55,3,0,45,0.703125
3,5,size11_comp0.6_grid5_base_medium,11,0.6,medium,base,base,12,9,21,9,8,1,1,1,0,0,-1,64,0.0,0.25,0.25,0.0,3,7,19,35,29,11,7,16,54,7,0,38,0.59375
4,5,size11_comp0.6_grid5_base_medium,11,0.6,medium,base,base,12,9,21,9,8,1,1,1,0,0,-1,64,0.0,0.25,0.25,0.0,2,7,19,36,32,9,8,14,54,8,0,37,0.578125
5,5,size11_comp0.6_grid5_base_medium,11,0.6,medium,base,base,12,9,21,9,8,1,1,1,0,0,-1,64,0.0,0.25,0.25,0.0,7,8,6,43,29,12,15,7,58,6,0,35,0.546875
6,5,size11_comp0.6_grid5_base_medium,11,0.6,medium,base,base,12,9,21,9,8,1,1,1,0,0,-1,64,0.0,0.265625,0.265625,0.0,6,8,9,41,28,10,12,13,55,8,0,34,0.53125
7,5,size11_comp0.6_grid5_base_medium,11,0.6,medium,base,base,12,9,21,9,8,1,1,1,0,0,-1,64,0.0,0.265625,0.265625,0.0,10,12,7,35,22,15,13,13,56,7,0,32,0.5
8,5,size11_comp0.6_grid5_base_medium,11,0.6,medium,base,base,12,9,21,9,8,1,1,1,0,0,-1,64,0.0,0.234375,0.234375,0.0,5,9,22,28,28,5,19,11,55,7,0,40,0.625
9,5,size11_comp0.6_grid5_base_medium,11,0.6,medium,base,base,12,9,21,9,8,1,1,1,0,0,-1,64,0.0,0.265625,0.265625,0.0,7,10,8,39,26,15,13,9,56,4,0,34,0.53125
0,6,size11_comp0.6_grid6_base_medium,11,0.6,medium,base,base,13,8,21,11,7,1,1,1,0,0,-1,64,0.0,0.453125,0.453125,0.0,2,1,31,30,16,1,4,42,60,36,0,7,0.109375
1,6,size11_comp0.6_grid6_base_medium,11,0.6,medium,base,base,13,8,21,11,7,1,1,1,0,0,-1,64,0.0,0.484375,0.484375,0.0,3,1,26,34,15,3,3,42,58,39,0,7,0.109375
2,6,size11_comp0.6_grid6_base_medium,11,0.6,medium,base,base,13,8,21,11,7,1,1,1,0,0,-1,64,0.0,0.4375,0.4375,0.0,3,1,28,32,20,4,4,35,54,26,0,13,0.203125
3,6,size11_comp0.6_grid6_base_medium,11,0.6,medium,base,base,13,8,21,11,7,1,1,1,0,0,-1,64,0.0,0.484375,0.484375,0.0,2,1,28,33,16,0,5,42,60,40,0,5,0.078125
4,6,size11_comp0.6_grid6_base_medium,11,0.6,medium,base,base,13,8,21,11,7,1,1,1,0,0,-1,64,0.0,0.296875,0.296875,0.0,6,1,16,41,30,6,6,21,52,16,0,26,0.40625
5,6,size11_comp0.6_grid6_base_medium,11,0.6,medium,base,base,13,8,21,11,7,1,1,1,0,0,-1,64,0.0,0.4375,0.4375,0.0,2,0,27,35,18,1,3,41,60,36,0,10,0.15625
6,6,size11_comp0.6_grid6_base_medium,11,0.6,medium,base,base,13,8,21,11,7,1,1,1,0,0,-1,64,0.0,0.328125,0.328125,0.0,3,0,18,43,31,3,3,26,53,19,0,25,0.390625
7,6,size11_comp0.6_grid6_base_medium,11,0.6,medium,base,base,13,8,21,11,7,1,1,1,0,0,-1,64,0.0,0.328125,0.328125,0.0,6,3,14,41,30,5,6,22,55,14,0,25,0.390625
8,6,size11_comp0.6_grid6_base_medium,11,0.6,medium,base,base,13,8,21,11,7,1,1,1,0,0,-1,64,0.0,0.421875,0.421875,0.0,3,0,27,34,16,1,5,41,60,35,0,11,0.171875
9,6,size11_comp0.6_grid6_base_medium,11,0.6,medium,base,base,13,8,21,11,7,1,1,1,0,0,-1,64,0.0,0.375,0.375,0.0,4,2,23,35,27,3,5,28,55,21,0,19,0.296875
0,7,size11_comp0.6_grid7_base_medium,11,0.6,medium,base,base,6,4,10,10,0,1,1,1,0,0,-1,64,0.0,0.3125,0.3125,0.0,4,1,42,17,35,7,3,18,55,13,0,25,0.390625
1,7,size11_comp0.6_grid7_base_medium,11,0.6,medium,base,base,6,4,10,10,0,1,1,1,0,0,-1,64,0.0,0.1875,0.1875,0.0,3,0,46,15,36,4,2,21,56,9,0,40,0.625
2,7,size11_comp0.6_grid7_base_medium,11,0.6,medium,base,base,6,4,10,10,0,1,1,1,0,0,-1,64,0.0,0.34375,0.34375,0.0,4,2,40,18,31,3,9,20,54,17,0,21,0.328125
3,7,size11_comp0.6_grid7_base_medium,11,0.6,medium,base,base,6,4,10,10,0,1,1,1,0,0,-1,64,0.0,0.125,0.125,0.0,5,0,37,22,26,3,5,29,54,7,0,48,0.75
4,7,size11_comp0.6_grid7_base_medium,11,0.6,medium,base,base,6,4,10,10,0,1,1,1,0,0,-1,64,0.0,0.3125,0.3125,0.0,3,0,43,18,38,3,1,21,56,15,0,25,0.390625
5,7,size11_comp0.6_grid7_base_medium,11,0.6,medium,base,base,6,4,10,10,0,1,1,1,0,0,-1,64,0.0,0.34375,0.34375,0.0,3,1,38,22,30,4,4,25,55,18,0,21,0.328125
6,7,size11_comp0.6_grid7_base_medium,11,0.6,medium,base,base,6,4,10,10,0,1,1,1,0,0,-1,64,0.0,0.3125,0.3125,0.0,4,0,42,18,36,3,1,23,56,14,0,26,0.40625
7,7,size11_comp0.6_grid7_base_medium,11,0.6,medium,base,base,6,4,10,10,0,1,1,1,0,0,-1,64,0.0,0.390625,0.390625,0.0,2,0,39,23,31,4,0,28,56,21,0,15,0.234375
8,7,size11_comp0.6_grid7_base_medium,11,0.6,medium,base,base,6,4,10,10,0,1,1,1,0,0,-1,64,0.0,0.046875,0.046875,0.0,3,0,41,20,30,3,3,27,58,1,0,58,0.90625
9,7,size11_comp0.6_grid7_base_medium,11,0.6,medium,base,base,6,4,10,10,0,1,1,1,0,0,-1,64,0.0,0.078125,0.078125,0.0,3,0,35,26,31,2,4,26,56,1,0,54,0.84375
0,8,size11_comp0.6_grid8_base_medium,11,0.6,medium,base,base,11,12,23,3,10,1,1,1,0,0,-1,64,0.0,0.421875,0.421875,0.0,0,0,37,27,26,0,0,37,59,32,0,10,0.15625
1,8,size11_comp0.6_grid8_base_medium,11,0.6,medium,base,base,11,12,23,3,10,1,1,1,0,0,-1,64,0.0,0.453125,0.453125,0.0,0,0,36,28,22,0,0,41,59,33,0,7,0.109375
2,8,size11_comp0.6_grid8_base_medium,11,0.6,medium,base,base,11,12,23,3,10,1,1,1,0,0,-1,64,0.0,0.453125,0.453125,0.0,0,0,35,29,30,0,0,33,59,27,0,7,0.109375
3,8,size11_comp0.6_grid8_base_medium,11,0.6,medium,base,base,11,12,23,3,10,1,1,1,0,0,-1,64,0.0,0.46875,0.46875,0.0,0,0,37,27,25,0,0,38,59,35,0,7,0.109375
4,8,size11_comp0.6_grid8_base_medium,11,0.6,medium,base,base,11,12,23,3,10,1,1,1,0,0,-1,64,0.0,0.453125,0.453125,0.0,0,0,37,27,28,0,0,35,60,29,0,8,0.125
5,8,size11_comp0.6_grid8_base_medium,11,0.6,medium,base,base,11,12,23,3,10,1,1,1,0,0,-1,64,0.0,0.421875,0.421875,0.0,0,0,36,28,29,0,0,34,59,25,0,11,0.171875
6,8,size11_comp0.6_grid8_base_medium,11,0.6,medium,base,base,11,12,23,3,10,1,1,1,0,0,-1,64,0.0,0.390625,0.390625,0.0,0,0,38,26,26,0,0,37,59,30,0,13,0.203125
7,8,size11_comp0.6_grid8_base_medium,11,0.6,medium,base,base,11,12,23,3,10,1,1,1,0,0,-1,64,0.0,0.46875,0.46875,0.0,0,0,35,29,26,0,0,37,59,34,0,5,0.078125
8,8,size11_comp0.6_grid8_base_medium,11,0.6,medium,base,base,11,12,23,3,10,1,1,1,0,0,-1,64,0.0,0.4375,0.4375,0.0,0,0,38,26,29,0,0,34,59,29,0,11,0.171875
9,8,size11_comp0.6_grid8_base_medium,11,0.6,medium,base,base,11,12,23,3,10,1,1,1,0,0,-1,64,0.0,0.421875,0.421875,0.0,0,0,37,27,28,0,0,35,60,28,0,10,0.15625
0,9,size11_comp0.6_grid9_base_medium,11,0.6,medium,base,base,10,9,19,11,4,1,1,1,0,0,-1,64,0.0,0.53125,0.53125,0.0,0,0,29,35,31,0,0,32,57,30,0,1,0.015625
1,9,size11_comp0.6_grid9_base_medium,11,0.6,medium,base,base,10,9,19,11,4,1,1,1,0,0,-1,64,0.0,0.53125,0.53125,0.0,0,1,29,34,21,0,2,40,57,39,0,1,0.015625
2,9,size11_comp0.6_grid9_base_medium,11,0.6,medium,base,base,10,9,19,11,4,1,1,1,0,0,-1,64,0.0,0.515625,0.515625,0.0,0,2,29,33,25,2,2,34,57,33,0,2,0.03125
3,9,size11_comp0.6_grid9_base_medium,11,0.6,medium,base,base,10,9,19,11,4,1,1,1,0,0,-1,64,0.0,0.53125,0.53125,0.0,0,0,30,34,22,0,0,41,57,40,0,0,0.0
4,9,size11_comp0.6_grid9_base_medium,11,0.6,medium,base,base,10,9,19,11,4,1,1,1,0,0,-1,64,0.0,0.1875,0.1875,0.0,0,1,40,23,35,0,2,26,56,8,0,47,0.734375
5,9,size11_comp0.6_grid9_base_medium,11,0.6,medium,base,base,10,9,19,11,4,1,1,1,0,0,-1,64,0.0,0.546875,0.546875,0.0,0,0,29,35,23,0,0,40,57,39,0,0,0.0
6,9,size11_comp0.6_grid9_base_medium,11,0.6,medium,base,base,10,9,19,11,4,1,1,1,0,0,-1,64,0.0,0.515625,0.515625,0.0,0,1,30,33,26,1,1,35,57,35,0,1,0.015625
7,9,size11_comp0.6_grid9_base_medium,11,0.6,medium,base,base,10,9,19,11,4,1,1,1,0,0,-1,64,0.0,0.125,0.125,0.0,0,1,38,25,36,0,2,25,56,2,0,55,0.859375
8,9,size11_comp0.6_grid9_base_medium,11,0.6,medium,base,base,10,9,19,11,4,1,1,1,0,0,-1,64,0.0,0.53125,0.53125,0.0,0,0,30,34,29,0,0,34,57,33,0,0,0.0
9,9,size11_comp0.6_grid9_base_medium,11,0.6,medium,base,base,10,9,19,11,4,1,1,1,0,0,-1,64,0.0,0.4375,0.4375,0.0,0,2,27,35,20,1,2,40,55,32,0,14,0.21875
0,0,size7_comp0.0_grid0_base_medium,7,0.0,medium,base,base,5,4,9,3,3,1,1,1,1,1,7,21,0.42857142857142855,0.6190476190476191,0.75,0.5384615384615384,1,4,6,6,1,3,5,4,12,4,3,0,0.0
1,0,size7_comp0.0_grid0_base_medium,7,0.0,medium,base,base,5,4,9,3,3,1,1,1,1,1,6,12,0.75,0.75,0.7142857142857143,0.8,0,3,3,3,2,1,1,1,5,1,1,0,0.0
2,0,size7_comp0.0_grid0_base_medium,7,0.0,medium,base,base,5,4,9,3,3,1,1,1,1,0,-1,6,0.0,0.5,0.5,0.0,0,3,1,1,1,1,0,1,2,1,0,0,0.0
3,0,size7_comp0.0_grid0_base_medium,7,0.0,medium,base,base,5,4,9,3,3,1,1,1,1,1,5,21,0.42857142857142855,0.5714285714285714,0.8333333333333334,0.4666666666666667,1,4,5,5,3,2,1,2,11,2,1,0,0.0
4,0,size7_comp0.0_grid0_base_medium,7,0.0,medium,base,base,5,4,9,3,3,1,1,1,1,0,-1,9,0.0,0.3333333333333333,0.3333333333333333,0.0,0,4,1,1,1,1,0,0,4,0,0,1,0.1111111111111111
5,0,size7_comp0.0_grid0_base_medium,7,0.0,medium,base,base,5,4,9,3,3,1,1,1,1,1,9,17,0.5294117647058824,0.5882352941176471,0.6,0.5714285714285714,0,3,4,4,2,2,0,2,9,2,1,0,0.0
6,0,size7_comp0.0_grid0_base_medium,7,0.0,medium,base,base,5,4,9,3,3,1,1,1,1,0,-1,3,0.0,0.6666666666666666,0.6666666666666666,0.0,0,3,0,0,2,0,0,0,0,0,0,0,0.0
7,0,size7_comp0.0_grid0_base_medium,7,0.0,medium,base,base,5,4,9,3,3,1,1,1,1,0,-1,5,0.0,0.6,0.6,0.0,0,3,1,1,1,1,2,0,0,0,0,0,0.0
8,0,size7_comp0.0_grid0_base_medium,7,0.0,medium,base,base,5,4,9,3,3,1,1,1,1,1,8,17,0.5294117647058824,0.7058823529411765,0.6666666666666666,0.75,2,5,4,4,5,2,3,3,7,3,1,0,0.0
9,0,size7_comp0.0_grid0_base_medium,7,0.0,medium,base,base,5,4,9,3,3,1,1,1,1,0,-1,13,0.0,0.46153846153846156,0.46153846153846156,0.0,0,3,4,4,3,1,1,4,7,4,0,0,0.0
0,1,size7_comp0.0_grid1_base_medium,7,0.0,medium,base,base,3,3,6,6,0,1,1,1,1,1,6,19,0.3157894736842105,0.3684210526315789,0.5714285714285714,0.25,3,0,1,4,2,1,1,0,12,0,4,0,0.0
1,1,size7_comp0.0_grid1_base_medium,7,0.0,medium,base,base,3,3,6,6,0,1,1,1,1,1,2,7,0.8571428571428571,0.8571428571428571,1.0,0.75,3,0,0,3,4,0,0,0,1,0,1,0,0.0
2,1,size7_comp0.0_grid1_base_medium,7,0.0,medium,base,base,3,3,6,6,0,1,1,1,1,1,4,15,0.4,0.4666666666666667,0.8,0.3,3,0,1,4,3,0,1,1,8,1,3,0,0.0
3,1,size7_comp0.0_grid1_base_medium,7,0.0,medium,base,base,3,3,6,6,0,1,1,1,1,1,11,15,0.4,0.6666666666666666,0.5833333333333334,1.0,3,0,5,7,3,2,4,5,6,4,0,1,0.06666666666666667
4,1,size7_comp0.0_grid1_base_medium,7,0.0,medium,base,base,3,3,6,6,0,1,1,1,1,1,7,16,0.375,0.5,0.625,0.375,4,1,2,4,2,2,2,2,9,2,1,1,0.0625
5,1,size7_comp0.0_grid1_base_medium,7,0.0,medium,base,base,3,3,6,6,0,1,1,1,1,1,9,19,0.3157894736842105,0.47368421052631576,0.6,0.3333333333333333,3,0,3,6,0,2,2,3,11,3,2,0,0.0
6,1,size7_comp0.0_grid1_base_medium,7,0.0,medium,base,base,3,3,6,6,0,1,1,1,1,1,8,20,0.3,0.4,0.5555555555555556,0.2727272727272727,3,0,4,5,1,1,5,3,13,3,0,2,0.1
7,1,size7_comp0.0_grid1_base_medium,7,0.0,medium,base,base,3,3,6,6,0,1,1,1,1,1,5,10,0.6,0.7,0.6666666666666666,0.75,3,0,2,4,4,0,2,1,3,1,1,1,0.1
8,1,size7_comp0.0_grid1_base_medium,7,0.0,medium,base,base,3,3,6,6,0,1,1,1,1,1,17,21,0.2857142857142857,0.47619047619047616,0.3888888888888889,1.0,4,0,7,7,5,3,1,5,12,2,1,4,0.19047619047619047
9,1,size7_comp0.0_grid1_base_medium,7,0.0,medium,base,base,3,3,6,6,0,1,1,1,1,1,8,20,0.3,0.4,0.5555555555555556,0.2727272727272727,3,0,4,5,3,0,3,3,13,2,0,2,0.1
0,2,size7_comp0.0_grid2_base_medium,7,0.0,medium,base,base,3,4,7,3,2,1,1,1,1,0,-1,3,0.0,0.3333333333333333,0.3333333333333333,0.0,0,1,2,0,1,0,1,0,0,0,0,0,0.0
1,2,size7_comp0.0_grid2_base_medium,7,0.0,medium,base,base,3,4,7,3,2,1,1,1,1,0,-1,12,0.0,0.4166666666666667,0.4166666666666667,0.0,1,2,5,3,5,1,1,2,6,2,0,0,0.0
2,2,size7_comp0.0_grid2_base_medium,7,0.0,medium,base,base,3,4,7,3,2,1,1,1,1,1,8,14,0.5,0.6428571428571429,0.5555555555555556,0.8,1,2,5,3,2,3,2,0,6,0,2,0,0.0
3,2,size7_comp0.0_grid2_base_medium,7,0.0,medium,base,base,3,4,7,3,2,1,1,1,1,0,-1,3,0.0,0.3333333333333333,0.3333333333333333,0.0,0,1,2,0,1,0,1,0,0,0,0,0,0.0
4,2,size7_comp0.0_grid2_base_medium,7,0.0,medium,base,base,3,4,7,3,2,1,1,1,1,0,-1,15,0.0,0.4,0.4,0.0,2,5,5,3,2,4,5,3,6,3,0,2,0.13333333333333333
5,2,size7_comp0.0_grid2_base_medium,7,0.0,medium,base,base,3,4,7,3,2,1,1,1,1,0,-1,4,0.0,0.25,0.25,0.0,0,1,2,0,1,0,0,0,1,0,0,0,0.0
6,2,size7_comp0.0_grid2_base_medium,7,0.0,medium,base,base,3,4,7,3,2,1,1,1,1,0,-1,3,0.0,0.3333333333333333,0.3333333333333333,0.0,0,1,2,0,1,0,1,0,0,0,0,0,0.0
7,2,size7_comp0.0_grid2_base_medium,7,0.0,medium,base,base,3,4,7,3,2,1,1,1,1,0,-1,15,0.0,0.4,0.4,0.0,1,2,6,4,3,3,0,5,7,5,0,0,0.0
8,2,size7_comp0.0_grid2_base_medium,7,0.0,medium,base,base,3,4,7,3,2,1,1,1,1,1,18,27,0.25925925925925924,0.5925925925925926,0.5789473684210527,0.625,3,4,10,8,6,2,4,11,19,11,1,0,0.0
9,2,size7_comp0.0_grid2_base_medium,7,0.0,medium,base,base,3,4,7,3,2,1,1,1,1,0,-1,4,0.0,0.25,0.25,0.0,0,1,2,0,1,0,1,0,1,0,0,0,0.0
0,3,size7_comp0.0_grid3_base_medium,7,0.0,medium,base,base,5,3,8,4,2,1,1,1,1,0,-1,6,0.0,0.6666666666666666,0.6666666666666666,0.0,1,1,4,0,2,2,1,0,0,0,0,0,0.0
1,3,size7_comp0.0_grid3_base_medium,7,0.0,medium,base,base,5,3,8,4,2,1,1,1,1,0,-1,9,0.0,0.5555555555555556,0.5555555555555556,0.0,1,1,5,2,2,1,2,3,3,2,0,1,0.1111111111111111
2,3,size7_comp0.0_grid3_base_medium,7,0.0,medium,base,base,5,3,8,4,2,1,1,1,1,1,10,16,0.5,0.6875,0.7272727272727273,0.6,4,4,5,1,3,6,0,2,7,2,2,0,0.0
3,3,size7_comp0.0_grid3_base_medium,7,0.0,medium,base,base,5,3,8,4,2,1,1,1,1,1,4,15,0.5333333333333333,0.6666666666666666,1.0,0.5,2,2,6,2,2,2,3,1,5,1,0,0,0.0
4,3,size7_comp0.0_grid3_base_medium,7,0.0,medium,base,base,5,3,8,4,2,1,1,1,1,0,-1,6,0.0,0.5,0.5,0.0,0,0,4,2,4,0,0,1,2,0,0,2,0.3333333333333333
5,3,size7_comp0.0_grid3_base_medium,7,0.0,medium,base,base,5,3,8,4,2,1,1,1,1,0,-1,18,0.0,0.4444444444444444,0.4444444444444444,0.0,3,3,6,2,3,4,3,0,7,0,0,0,0.0
6,3,size7_comp0.0_grid3_base_medium,7,0.0,medium,base,base,5,3,8,4,2,1,1,1,0,1,6,32,0.0,0.375,0.8571428571428571,0.24,4,4,6,6,4,4,3,0,18,0,4,1,0.03125
7,3,size7_comp0.0_grid3_base_medium,7,0.0,medium,base,base,5,3,8,4,2,1,1,1,1,0,-1,4,0.0,0.75,0.75,0.0,0,0,4,0,3,0,0,0,0,0,0,0,0.0
8,3,size7_comp0.0_grid3_base_medium,7,0.0,medium,base,base,5,3,8,4,2,1,1,1,1,0,-1,6,0.0,0.6666666666666666,0.6666666666666666,0.0,0,0,5,1,3,0,0,2,2,2,0,0,0.0
9,3,size7_comp0.0_grid3_base_medium,7,0.0,medium,base,base,5,3,8,4,2,1,1,1,1,0,-1,17,0.0,0.5294117647058824,0.5294117647058824,0.0,3,3,7,3,0,5,6,3,8,3,0,0,0.0
0,4,size7_comp0.0_grid4_base_medium,7,0.0,medium,base,base,3,6,9,5,2,1,1,1,1,1,3,12,0.75,0.75,0.75,0.75,2,4,3,0,4,0,1,1,5,1,1,0,0.0
1,4,size7_comp0.0_grid4_base_medium,7,0.0,medium,base,base,3,6,9,5,2,1,1,1,1,1,2,12,0.75,0.75,1.0,0.6666666666666666,2,4,3,0,4,0,2,0,5,0,2,0,0.0
2,4,size7_comp0.0_grid4_base_medium,7,0.0,medium,base,base,3,6,9,5,2,1,1,1,1,1,8,26,0.34615384615384615,0.5384615384615384,0.6666666666666666,0.47058823529411764,3,5,7,4,4,4,4,4,14,4,1,0,0.0
3,4,size7_comp0.0_grid4_base_medium,7,0.0,medium,base,base,3,6,9,5,2,1,1,1,1,1,4,13,0.6923076923076923,0.6923076923076923,0.6,0.75,2,4,4,0,3,1,2,1,5,1,1,1,0.07692307692307693
4,4,size7_comp0.0_grid4_base_medium,7,0.0,medium,base,base,3,6,9,5,2,1,1,1,1,1,6,15,0.6,0.6666666666666666,0.5714285714285714,0.75,3,5,3,0,1,3,3,2,7,2,1,0,0.0
5,4,size7_comp0.0_grid4_base_medium,7,0.0,medium,base,base,3,6,9,5,2,1,1,1,1,1,4,13,0.6923076923076923,0.7692307692307693,0.8,0.75,3,5,3,0,3,2,1,2,4,2,1,0,0.0
6,4,size7_comp0.0_grid4_base_medium,7,0.0,medium,base,base,3,6,9,5,2,1,1,1,1,1,10,20,0.45,0.65,0.5454545454545454,0.7777777777777778,3,5,6,3,5,4,4,1,5,1,1,0,0.0
7,4,size7_comp0.0_grid4_base_medium,7,0.0,medium,base,base,3,6,9,5,2,1,1,1,1,1,6,15,0.6,0.7333333333333333,0.7142857142857143,0.75,4,6,3,0,5,0,3,2,7,2,2,0,0.0
8,4,size7_comp0.0_grid4_base_medium,7,0.0,medium,base,base,3,6,9,5,2,1,1,1,1,1,2,13,0.6923076923076923,0.6923076923076923,1.0,0.6,2,4,3,0,2,1,1,0,4,0,1,0,0.0
9,4,size7_comp0.0_grid4_base_medium,7,0.0,medium,base,base,3,6,9,5,2,1,1,1,1,1,9,17,0.5294117647058824,0.7058823529411765,0.6,0.8571428571428571,3,5,5,2,4,2,3,3,7,3,1,0,0.0
0,5,size7_comp0.0_grid5_base_medium,7,0.0,medium,base,base,6,4,10,6,2,1,1,1,1,0,-1,7,0.0,0.5714285714285714,0.5714285714285714,0.0,2,0,4,0,3,1,0,0,1,0,0,0,0.0
1,5,size7_comp0.0_grid5_base_medium,7,0.0,medium,base,base,6,4,10,6,2,1,1,1,1,1,13,21,0.47619047619047616,0.5714285714285714,0.5714285714285714,0.5714285714285714,5,3,5,1,3,0,4,2,11,2,2,0,0.0
2,5,size7_comp0.0_grid5_base_medium,7,0.0,medium,base,base,6,4,10,6,2,1,1,1,1,0,-1,11,0.0,0.5454545454545454,0.5454545454545454,0.0,4,2,4,1,2,3,4,1,3,1,0,1,0.09090909090909091
3,5,size7_comp0.0_grid5_base_medium,7,0.0,medium,base,base,6,4,10,6,2,1,1,1,1,0,-1,10,0.0,0.5,0.5,0.0,2,0,5,2,3,2,0,2,4,2,0,1,0.1
4,5,size7_comp0.0_grid5_base_medium,7,0.0,medium,base,base,6,4,10,6,2,1,1,1,1,1,12,20,0.5,0.65,0.6153846153846154,0.7142857142857143,4,2,7,3,5,2,3,1,8,1,1,0,0.0
5,5,size7_comp0.0_grid5_base_medium,7,0.0,medium,base,base,6,4,10,6,2,1,1,1,1,1,7,31,0.3225806451612903,0.5161290322580645,0.75,0.43478260869565216,6,4,8,4,4,4,4,2,18,2,0,0,0.0
6,5,size7_comp0.0_grid5_base_medium,7,0.0,medium,base,base,6,4,10,6,2,1,1,1,1,1,7,13,0.7692307692307693,0.8461538461538461,0.875,0.8,4,2,5,1,5,1,3,1,4,1,1,0,0.0
7,5,size7_comp0.0_grid5_base_medium,7,0.0,medium,base,base,6,4,10,6,2,1,1,1,1,0,-1,10,0.0,0.5,0.5,0.0,2,0,5,1,2,1,2,1,3,1,0,0,0.0
8,5,size7_comp0.0_grid5_base_medium,7,0.0,medium,base,base,6,4,10,6,2,1,1,1,1,0,-1,8,0.0,0.625,0.625,0.0,2,0,5,1,3,1,2,1,1,1,0,0,0.0
9,5,size7_comp0.0_grid5_base_medium,7,0.0,medium,base,base,6,4,10,6,2,1,1,1,1,1,6,15,0.6666666666666666,0.7333333333333333,0.8571428571428571,0.625,4,2,5,1,2,3,2,2,5,2,0,0,0.0
0,6,size7_comp0.0_grid6_base_medium,7,0.0,medium,base,base,5,3,8,4,2,1,1,1,1,1,6,13,0.6153846153846154,0.7692307692307693,0.8571428571428571,0.6666666666666666,0,3,5,4,5,1,1,3,5,3,1,0,0.0
1,6,size7_comp0.0_grid6_base_medium,7,0.0,medium,base,base,5,3,8,4,2,1,1,1,1,1,6,11,0.7272727272727273,0.8181818181818182,0.8571428571428571,0.75,0,3,4,3,4,3,0,1,3,1,2,0,0.0
2,6,size7_comp0.0_grid6_base_medium,7,0.0,medium,base,base,5,3,8,4,2,1,1,1,1,0,-1,7,0.0,0.5714285714285714,0.5714285714285714,0.0,0,3,2,1,2,1,0,1,2,1,0,0,0.0
3,6,size7_comp0.0_grid6_base_medium,7,0.0,medium,base,base,5,3,8,4,2,1,1,1,1,1,15,22,0.36363636363636365,0.5909090909090909,0.5625,0.6666666666666666,1,4,7,6,4,3,2,5,12,5,1,0,0.0
4,6,size7_comp0.0_grid6_base_medium,7,0.0,medium,base,base,5,3,8,4,2,1,1,1,1,0,-1,17,0.0,0.47058823529411764,0.47058823529411764,0.0,0,3,6,6,2,2,4,5,8,5,0,1,0.058823529411764705
5,6,size7_comp0.0_grid6_base_medium,7,0.0,medium,base,base,5,3,8,4,2,1,1,1,1,1,27,32,0.25,0.46875,0.42857142857142855,0.75,0,3,10,13,7,0,3,11,23,10,0,4,0.125
6,6,size7_comp0.0_grid6_base_medium,7,0.0,medium,base,base,5,3,8,4,2,1,1,1,1,1,6,10,0.8,0.8,0.7142857142857143,1.0,0,3,3,4,3,2,4,0,2,0,0,2,0.2
7,6,size7_comp0.0_grid6_base_medium,7,0.0,medium,base,base,5,3,8,4,2,1,1,1,1,0,-1,4,0.0,0.75,0.75,0.0,0,3,1,0,2,0,1,0,0,0,0,0,0.0
8,6,size7_comp0.0_grid6_base_medium,7,0.0,medium,base,base,5,3,8,4,2,1,1,1,1,1,5,9,0.8888888888888888,0.8888888888888888,0.8333333333333334,1.0,0,3,3,2,3,2,0,1,2,1,1,0,0.0
9,6,size7_comp0.0_grid6_base_medium,7,0.0,medium,base,base,5,3,8,4,2,1,1,1,1,0,-1,5,0.0,0.6,0.6,0.0,0,3,1,0,2,0,0,0,1,0,0,0,0.0
0,7,size7_comp0.0_grid7_base_medium,7,0.0,medium,base,base,3,3,6,4,1,1,1,1,0,1,10,32,0.0,0.34375,0.5454545454545454,0.23809523809523808,3,1,7,8,7,0,5,1,20,1,5,0,0.0
1,7,size7_comp0.0_grid7_base_medium,7,0.0,medium,base,base,3,3,6,4,1,1,1,1,1,1,6,13,0.46153846153846156,0.5384615384615384,0.5714285714285714,0.5,2,1,1,4,0,2,1,2,7,2,0,0,0.0
2,7,size7_comp0.0_grid7_base_medium,7,0.0,medium,base,base,3,3,6,4,1,1,1,1,1,0,-1,14,0.0,0.42857142857142855,0.42857142857142855,0.0,3,2,3,5,2,5,2,2,6,1,0,1,0.07142857142857142
3,7,size7_comp0.0_grid7_base_medium,7,0.0,medium,base,base,3,3,6,4,1,1,1,1,1,1,7,18,0.3333333333333333,0.4444444444444444,0.625,0.3,2,1,2,5,0,2,2,2,11,2,5,0,0.0
4,7,size7_comp0.0_grid7_base_medium,7,0.0,medium,base,base,3,3,6,4,1,1,1,1,1,1,6,23,0.2608695652173913,0.43478260869565216,0.5714285714285714,0.375,2,1,4,7,1,3,1,3,14,3,1,0,0.0
5,7,size7_comp0.0_grid7_base_medium,7,0.0,medium,base,base,3,3,6,4,1,1,1,1,1,1,9,13,0.46153846153846156,0.6923076923076923,0.6,1.0,4,3,1,4,3,2,3,2,6,2,0,0,0.0
6,7,size7_comp0.0_grid7_base_medium,7,0.0,medium,base,base,3,3,6,4,1,1,1,1,1,1,7,12,0.5,0.5833333333333334,0.5,0.75,2,1,1,4,2,1,1,0,4,0,1,0,0.0
7,7,size7_comp0.0_grid7_base_medium,7,0.0,medium,base,base,3,3,6,4,1,1,1,1,0,1,3,32,0.0,0.28125,0.75,0.21428571428571427,2,0,5,7,1,0,1,2,26,2,5,0,0.0
8,7,size7_comp0.0_grid7_base_medium,7,0.0,medium,base,base,3,3,6,4,1,1,1,1,1,1,4,9,0.6666666666666666,0.7777777777777778,0.8,0.75,2,1,1,4,1,2,3,0,1,0,1,0,0.0
9,7,size7_comp0.0_grid7_base_medium,7,0.0,medium,base,base,3,3,6,4,1,1,1,1,1,1,10,19,0.3157894736842105,0.5263157894736842,0.6363636363636364,0.375,2,1,4,7,2,1,3,4,10,4,2,0,0.0
0,8,size7_comp0.0_grid8_base_medium,7,0.0,medium,base,base,3,4,7,5,1,1,1,1,1,1,2,29,0.2413793103448276,0.41379310344827586,1.0,0.34615384615384615,3,2,4,8,3,0,5,3,19,3,3,0,0.0
1,8,size7_comp0.0_grid8_base_medium,7,0.0,medium,base,base,3,4,7,5,1,1,1,1,0,0,-1,32,0.0,0.4375,0.4375,0.0,1,2,13,12,4,0,4,15,26,14,0,3,0.09375
2,8,size7_comp0.0_grid8_base_medium,7,0.0,medium,base,base,3,4,7,5,1,1,1,1,1,1,6,23,0.30434782608695654,0.4782608695652174,0.7142857142857143,0.375,3,2,3,7,2,1,4,3,15,3,4,0,0.0
3,8,size7_comp0.0_grid8_base_medium,7,0.0,medium,base,base,3,4,7,5,1,1,1,1,1,1,8,28,0.25,0.32142857142857145,0.5555555555555556,0.21052631578947367,2,1,2,6,1,2,1,4,21,4,0,0,0.0
4,8,size7_comp0.0_grid8_base_medium,7,0.0,medium,base,base,3,4,7,5,1,1,1,1,1,1,8,19,0.3684210526315789,0.47368421052631576,0.5555555555555556,0.4,2,1,4,6,3,0,2,5,12,3,4,2,0.10526315789473684
5,8,size7_comp0.0_grid8_base_medium,7,0.0,medium,base,base,3,4,7,5,1,1,1,1,1,1,2,10,0.7,0.7,1.0,0.5714285714285714,2,1,0,4,0,1,2,0,3,0,1,0,0.0
6,8,size7_comp0.0_grid8_base_medium,7,0.0,medium,base,base,3,4,7,5,1,1,1,1,1,1,3,31,0.22580645161290322,0.3548387096774194,0.75,0.2962962962962963,4,4,4,6,4,1,2,2,23,2,8,3,0.0967741935483871
7,8,size7_comp0.0_grid8_base_medium,7,0.0,medium,base,base,3,4,7,5,1,1,1,1,1,1,10,20,0.35,0.45,0.45454545454545453,0.4444444444444444,4,3,0,4,2,0,2,1,13,1,1,0,0.0
8,8,size7_comp0.0_grid8_base_medium,7,0.0,medium,base,base,3,4,7,5,1,1,1,1,0,1,11,32,0.0,0.34375,0.5833333333333334,0.2,4,4,6,6,1,5,4,6,26,6,1,0,0.0
9,8,size7_comp0.0_grid8_base_medium,7,0.0,medium,base,base,3,4,7,5,1,1,1,1,1,1,7,20,0.35,0.45,0.625,0.3333333333333333,4,3,0,4,2,1,0,2,12,2,4,0,0.0
0,9,size7_comp0.0_grid9_base_medium,7,0.0,medium,base,base,3,5,8,6,1,1,1,1,1,1,2,11,0.7272727272727273,0.7272727272727273,1.0,0.625,0,3,4,1,1,1,3,0,3,0,0,0,0.0
1,9,size7_comp0.0_grid9_base_medium,7,0.0,medium,base,base,3,5,8,6,1,1,1,1,1,1,2,10,0.8,0.9,1.0,0.8571428571428571,0,3,5,2,3,2,1,3,3,3,3,0,0.0
2,9,size7_comp0.0_grid9_base_medium,7,0.0,medium,base,base,3,5,8,6,1,1,1,1,1,1,2,9,0.8888888888888888,0.8888888888888888,1.0,0.8333333333333334,0,3,4,1,3,1,2,0,1,0,0,0,0.0
3,9,size7_comp0.0_grid9_base_medium,7,0.0,medium,base,base,3,5,8,6,1,1,1,1,1,1,5,12,0.6666666666666666,0.75,0.6666666666666666,0.8333333333333334,0,3,5,3,3,2,3,1,3,0,0,1,0.08333333333333333
4,9,size7_comp0.0_grid9_base_medium,7,0.0,medium,base,base,3,5,8,6,1,1,1,1,1,1,4,14,0.5714285714285714,0.6428571428571429,0.8,0.5555555555555556,0,3,5,2,1,4,2,1,5,1,1,0,0.0
5,9,size7_comp0.0_grid9_base_medium,7,0.0,medium,base,base,3,5,8,6,1,1,1,1,1,1,2,12,0.6666666666666666,0.6666666666666666,1.0,0.5555555555555556,0,3,4,1,2,1,1,0,4,0,1,0,0.0
6,9,size7_comp0.0_grid9_base_medium,7,0.0,medium,base,base,3,5,8,6,1,1,1,1,1,1,2,12,0.6666666666666666,0.6666666666666666,1.0,0.5555555555555556,0,3,4,1,2,0,2,0,4,0,1,0,0.0
7,9,size7_comp0.0_grid9_base_medium,7,0.0,medium,base,base,3,5,8,6,1,1,1,1,1,1,6,15,0.5333333333333333,0.6666666666666666,0.7142857142857143,0.625,1,4,5,2,4,2,1,2,7,2,2,0,0.0
8,9,size7_comp0.0_grid9_base_medium,7,0.0,medium,base,base,3,5,8,6,1,1,1,1,1,0,-1,10,0.0,0.3,0.3,0.0,0,4,4,1,2,1,3,1,3,1,0,1,0.1
9,9,size7_comp0.0_grid9_base_medium,7,0.0,medium,base,base,3,5,8,6,1,1,1,1,1,0,-1,14,0.0,0.35714285714285715,0.35714285714285715,0.0,0,3,6,3,3,1,1,4,7,4,0,0,0.0
0,0,size7_comp0.2_grid0_base_medium,7,0.2,medium,base,base,3,4,7,3,2,1,1,1,0,1,2,32,0.0,0.1875,1.0,0.10344827586206896,3,1,5,2,1,1,0,1,24,1,12,1,0.03125
1,0,size7_comp0.2_grid0_base_medium,7,0.2,medium,base,base,3,4,7,3,2,1,1,1,0,1,3,32,0.0,0.21875,0.75,0.14285714285714285,3,2,7,2,1,1,3,1,22,0,7,2,0.0625
2,0,size7_comp0.2_grid0_base_medium,7,0.2,medium,base,base,3,4,7,3,2,1,1,1,1,1,4,18,0.3888888888888889,0.4444444444444444,0.6,0.38461538461538464,3,0,5,3,4,1,1,0,10,0,3,2,0.1111111111111111
3,0,size7_comp0.2_grid0_base_medium,7,0.2,medium,base,base,3,4,7,3,2,1,1,1,0,1,12,32,0.0,0.1875,0.38461538461538464,0.05263157894736842,2,1,9,2,4,4,1,0,23,0,9,4,0.125
4,0,size7_comp0.2_grid0_base_medium,7,0.2,medium,base,base,3,4,7,3,2,1,1,1,0,1,3,32,0.0,0.15625,0.75,0.07142857142857142,1,1,7,2,2,1,2,0,24,0,0,1,0.03125
5,0,size7_comp0.2_grid0_base_medium,7,0.2,medium,base,base,3,4,7,3,2,1,1,1,0,1,2,32,0.0,0.15625,1.0,0.06896551724137931,1,0,5,2,2,1,0,1,26,1,0,0,0.0
6,0,size7_comp0.2_grid0_base_medium,7,0.2,medium,base,base,3,4,7,3,2,1,1,1,1,1,3,29,0.2413793103448276,0.27586206896551724,0.75,0.2,3,0,4,3,2,1,2,0,21,0,15,1,0.034482758620689655
7,0,size7_comp0.2_grid0_base_medium,7,0.2,medium,base,base,3,4,7,3,2,1,1,1,0,1,12,32,0.0,0.28125,0.46153846153846156,0.15789473684210525,4,1,7,6,2,4,2,3,22,2,11,3,0.09375
8,0,size7_comp0.2_grid0_base_medium,7,0.2,medium,base,base,3,4,7,3,2,1,1,1,0,1,8,32,0.0,0.1875,0.3333333333333333,0.13043478260869565,1,0,10,4,4,1,0,4,26,2,16,5,0.15625
9,0,size7_comp0.2_grid0_base_medium,7,0.2,medium,base,base,3,4,7,3,2,1,1,1,0,1,6,32,0.0,0.21875,0.5714285714285714,0.12,2,2,9,3,2,3,2,2,23,2,1,3,0.09375
0,1,size7_comp0.2_grid1_base_medium,7,0.2,medium,base,base,5,6,11,5,3,1,1,1,0,1,4,32,0.0,0.28125,1.0,0.14814814814814814,3,0,14,4,5,1,2,4,25,3,2,10,0.3125
1,1,size7_comp0.2_grid1_base_medium,7,0.2,medium,base,base,5,6,11,5,3,1,1,1,0,1,6,32,0.0,0.25,0.8571428571428571,0.08,3,0,18,3,12,0,3,2,25,2,1,15,0.46875
2,1,size7_comp0.2_grid1_base_medium,7,0.2,medium,base,base,5,6,11,5,3,1,1,1,0,1,12,32,0.0,0.375,0.6153846153846154,0.21052631578947367,4,1,14,6,12,1,1,6,24,4,2,8,0.25
3,1,size7_comp0.2_grid1_base_medium,7,0.2,medium,base,base,5,6,11,5,3,1,1,1,0,1,9,32,0.0,0.28125,0.7,0.09090909090909091,5,2,13,3,10,1,1,4,25,3,5,12,0.375
4,1,size7_comp0.2_grid1_base_medium,7,0.2,medium,base,base,5,6,11,5,3,1,1,1,0,1,12,32,0.0,0.40625,0.6153846153846154,0.2631578947368421,4,1,11,7,2,1,4,10,24,8,3,4,0.125
5,1,size7_comp0.2_grid1_base_medium,7,0.2,medium,base,base,5,6,11,5,3,1,1,1,0,1,18,32,0.0,0.40625,0.5789473684210527,0.15384615384615385,6,3,9,5,6,1,4,6,24,6,1,4,0.125
6,1,size7_comp0.2_grid1_base_medium,7,0.2,medium,base,base,5,6,11,5,3,1,1,1,0,1,10,32,0.0,0.34375,0.7272727272727273,0.14285714285714285,6,3,15,3,12,0,3,6,24,6,1,12,0.375
7,1,size7_comp0.2_grid1_base_medium,7,0.2,medium,base,base,5,6,11,5,3,1,1,1,0,1,5,32,0.0,0.375,0.8333333333333334,0.2692307692307692,3,0,16,7,9,1,2,8,25,7,5,9,0.28125
8,1,size7_comp0.2_grid1_base_medium,7,0.2,medium,base,base,5,6,11,5,3,1,1,1,0,1,13,32,0.0,0.5,0.6428571428571429,0.3888888888888889,4,1,11,10,5,1,1,12,25,11,3,1,0.03125
9,1,size7_comp0.2_grid1_base_medium,7,0.2,medium,base,base,5,6,11,5,3,1,1,1,0,1,7,32,0.0,0.28125,0.75,0.125,4,2,17,5,16,1,2,5,25,2,2,16,0.5
0,2,size7_comp0.2_grid2_base_medium,7,0.2,medium,base,base,3,3,6,4,1,1,1,1,0,1,3,32,0.0,0.46875,0.75,0.42857142857142855,0,5,14,12,6,2,7,14,23,10,1,6,0.1875
1,2,size7_comp0.2_grid2_base_medium,7,0.2,medium,base,base,3,3,6,4,1,1,1,1,0,1,10,32,0.0,0.4375,0.6363636363636364,0.3333333333333333,2,8,11,9,5,6,6,10,23,9,4,4,0.125
2,2,size7_comp0.2_grid2_base_medium,7,0.2,medium,base,base,3,3,6,4,1,1,1,1,1,1,3,26,0.23076923076923078,0.4230769230769231,0.75,0.36363636363636365,1,5,12,6,7,5,4,5,18,4,2,8,0.3076923076923077
3,2,size7_comp0.2_grid2_base_medium,7,0.2,medium,base,base,3,3,6,4,1,1,1,1,0,1,4,32,0.0,0.40625,0.6,0.37037037037037035,2,4,8,10,5,5,3,5,24,5,8,3,0.09375
4,2,size7_comp0.2_grid2_base_medium,7,0.2,medium,base,base,3,3,6,4,1,1,1,1,1,1,2,17,0.35294117647058826,0.5882352941176471,1.0,0.5,1,4,5,5,2,4,1,5,9,5,5,1,0.058823529411764705
5,2,size7_comp0.2_grid2_base_medium,7,0.2,medium,base,base,3,3,6,4,1,1,1,1,0,1,5,32,0.0,0.375,0.6666666666666666,0.3076923076923077,2,4,11,10,9,4,5,4,22,2,5,6,0.1875
6,2,size7_comp0.2_grid2_base_medium,7,0.2,medium,base,base,3,3,6,4,1,1,1,1,0,1,4,32,0.0,0.40625,0.8,0.3333333333333333,2,4,9,10,6,3,5,7,26,6,14,3,0.09375
7,2,size7_comp0.2_grid2_base_medium,7,0.2,medium,base,base,3,3,6,4,1,1,1,1,0,1,4,32,0.0,0.40625,0.8,0.3333333333333333,2,7,9,10,7,2,6,8,23,8,4,5,0.15625
8,2,size7_comp0.2_grid2_base_medium,7,0.2,medium,base,base,3,3,6,4,1,1,1,1,1,1,3,26,0.23076923076923078,0.4230769230769231,0.75,0.36363636363636365,2,6,7,4,2,4,1,5,19,5,5,3,0.11538461538461539
9,2,size7_comp0.2_grid2_base_medium,7,0.2,medium,base,base,3,3,6,4,1,1,1,1,0,1,6,32,0.0,0.375,0.5714285714285714,0.32,0,3,10,13,5,2,3,10,25,7,19,6,0.1875
0,3,size7_comp0.2_grid3_base_medium,7,0.2,medium,base,base,3,6,9,3,3,1,1,1,0,0,-1,32,0.0,0.4375,0.4375,0.0,6,6,8,10,6,6,5,10,23,9,0,2,0.0625
1,3,size7_comp0.2_grid3_base_medium,7,0.2,medium,base,base,3,6,9,3,3,1,1,1,0,0,-1,32,0.0,0.34375,0.34375,0.0,6,4,8,9,4,5,3,11,26,11,0,4,0.125
2,3,size7_comp0.2_grid3_base_medium,7,0.2,medium,base,base,3,6,9,3,3,1,1,1,1,1,4,22,0.4090909090909091,0.4090909090909091,0.6,0.35294117647058826,4,1,6,3,4,1,3,0,13,0,0,5,0.22727272727272727
3,3,size7_comp0.2_grid3_base_medium,7,0.2,medium,base,base,3,6,9,3,3,1,1,1,0,1,23,32,0.0,0.375,0.4166666666666667,0.25,5,4,11,6,7,8,2,5,21,3,1,7,0.21875
4,3,size7_comp0.2_grid3_base_medium,7,0.2,medium,base,base,3,6,9,3,3,1,1,1,0,1,28,32,0.0,0.34375,0.3448275862068966,0.3333333333333333,1,4,16,9,10,4,4,9,25,7,1,12,0.375
5,3,size7_comp0.2_grid3_base_medium,7,0.2,medium,base,base,3,6,9,3,3,1,1,1,1,1,3,19,0.47368421052631576,0.5789473684210527,0.75,0.5333333333333333,3,1,6,4,2,0,5,3,10,2,1,1,0.05263157894736842
6,3,size7_comp0.2_grid3_base_medium,7,0.2,medium,base,base,3,6,9,3,3,1,1,1,0,1,6,32,0.0,0.4375,0.7142857142857143,0.36,4,2,8,6,4,1,5,4,21,4,1,0,0.0
7,3,size7_comp0.2_grid3_base_medium,7,0.2,medium,base,base,3,6,9,3,3,1,1,1,1,1,13,32,0.28125,0.5,0.5714285714285714,0.4444444444444444,4,3,11,8,4,3,7,7,22,7,1,3,0.09375
8,3,size7_comp0.2_grid3_base_medium,7,0.2,medium,base,base,3,6,9,3,3,1,1,1,0,0,-1,32,0.0,0.40625,0.40625,0.0,6,8,8,7,0,8,8,10,24,9,0,1,0.03125
9,3,size7_comp0.2_grid3_base_medium,7,0.2,medium,base,base,3,6,9,3,3,1,1,1,0,1,4,32,0.0,0.25,0.8,0.14814814814814814,0,1,14,7,8,0,1,3,26,2,9,10,0.3125
0,4,size7_comp0.2_grid4_base_medium,7,0.2,medium,base,base,7,5,12,4,5,1,1,1,0,1,9,32,0.0,0.4375,0.8,0.2727272727272727,6,4,8,5,6,1,5,3,20,3,13,5,0.15625
1,4,size7_comp0.2_grid4_base_medium,7,0.2,medium,base,base,7,5,12,4,5,1,1,1,1,0,-1,23,0.0,0.4782608695652174,0.4782608695652174,0.0,7,8,4,1,3,6,2,5,13,5,0,0,0.0
2,4,size7_comp0.2_grid4_base_medium,7,0.2,medium,base,base,7,5,12,4,5,1,1,1,1,0,-1,5,0.0,0.6,0.6,0.0,0,1,3,0,1,0,1,0,1,0,0,0,0.0
3,4,size7_comp0.2_grid4_base_medium,7,0.2,medium,base,base,7,5,12,4,5,1,1,1,1,1,13,25,0.48,0.56,0.5714285714285714,0.5454545454545454,5,4,7,5,6,5,3,4,13,3,4,5,0.2
4,4,size7_comp0.2_grid4_base_medium,7,0.2,medium,base,base,7,5,12,4,5,1,1,1,1,1,9,24,0.5,0.5833333333333334,0.7,0.5,6,5,6,2,2,4,5,2,12,2,3,3,0.125
5,4,size7_comp0.2_grid4_base_medium,7,0.2,medium,base,base,7,5,12,4,5,1,1,1,1,1,10,23,0.5217391304347826,0.5652173913043478,0.7272727272727273,0.4166666666666667,4,5,5,2,3,1,5,1,10,1,1,2,0.08695652173913043
6,4,size7_comp0.2_grid4_base_medium,7,0.2,medium,base,base,7,5,12,4,5,1,1,1,0,1,24,32,0.0,0.5,0.52,0.42857142857142855,6,9,10,4,4,11,5,6,19,6,4,6,0.1875
7,4,size7_comp0.2_grid4_base_medium,7,0.2,medium,base,base,7,5,12,4,5,1,1,1,0,1,14,32,0.0,0.4375,0.6666666666666666,0.23529411764705882,5,5,7,6,6,5,3,2,18,2,2,6,0.1875
8,4,size7_comp0.2_grid4_base_medium,7,0.2,medium,base,base,7,5,12,4,5,1,1,1,1,1,8,27,0.4444444444444444,0.4444444444444444,0.7777777777777778,0.2777777777777778,8,4,5,1,2,3,5,0,15,0,6,6,0.2222222222222222
9,4,size7_comp0.2_grid4_base_medium,7,0.2,medium,base,base,7,5,12,4,5,1,1,1,0,1,15,32,0.0,0.375,0.5625,0.1875,5,7,7,3,4,6,4,1,20,1,6,6,0.1875
0,5,size7_comp0.2_grid5_base_medium,7,0.2,medium,base,base,5,3,8,4,3,1,1,1,1,1,6,12,0.6666666666666666,0.6666666666666666,0.7142857142857143,0.6,5,1,2,1,4,1,0,1,5,1,1,1,0.08333333333333333
1,5,size7_comp0.2_grid5_base_medium,7,0.2,medium,base,base,5,3,8,4,3,1,1,1,1,0,-1,9,0.0,0.5555555555555556,0.5555555555555556,0.0,4,0,3,2,3,2,1,2,3,2,0,1,0.1111111111111111
2,5,size7_comp0.2_grid5_base_medium,7,0.2,medium,base,base,5,3,8,4,3,1,1,1,1,1,5,24,0.3333333333333333,0.4583333333333333,0.8333333333333334,0.3333333333333333,5,1,5,4,6,2,1,2,15,2,3,1,0.041666666666666664
3,5,size7_comp0.2_grid5_base_medium,7,0.2,medium,base,base,5,3,8,4,3,1,1,1,1,0,-1,6,0.0,0.5,0.5,0.0,3,0,1,0,1,0,1,0,2,0,0,0,0.0
4,5,size7_comp0.2_grid5_base_medium,7,0.2,medium,base,base,5,3,8,4,3,1,1,1,1,1,7,11,0.7272727272727273,0.8181818181818182,0.75,1.0,4,1,3,2,3,1,3,1,2,1,1,0,0.0
5,5,size7_comp0.2_grid5_base_medium,7,0.2,medium,base,base,5,3,8,4,3,1,1,1,1,1,11,16,0.5,0.625,0.5833333333333334,0.75,5,2,4,3,4,5,2,0,4,0,1,2,0.125
6,5,size7_comp0.2_grid5_base_medium,7,0.2,medium,base,base,5,3,8,4,3,1,1,1,1,1,6,14,0.5714285714285714,0.5714285714285714,0.7142857142857143,0.42857142857142855,6,1,3,1,3,3,2,1,6,0,1,3,0.21428571428571427
7,5,size7_comp0.2_grid5_base_medium,7,0.2,medium,base,base,5,3,8,4,3,1,1,1,1,1,16,25,0.32,0.44,0.35294117647058826,0.625,13,1,6,4,11,4,5,2,16,2,3,10,0.4
8,5,size7_comp0.2_grid5_base_medium,7,0.2,medium,base,base,5,3,8,4,3,1,1,1,1,1,6,11,0.7272727272727273,0.7272727272727273,0.7142857142857143,0.75,4,1,2,1,2,2,1,0,3,0,0,0,0.0
9,5,size7_comp0.2_grid5_base_medium,7,0.2,medium,base,base,5,3,8,4,3,1,1,1,1,1,5,11,0.7272727272727273,0.7272727272727273,0.8333333333333334,0.6,7,1,2,1,5,3,2,0,3,0,2,3,0.2727272727272727
0,6,size7_comp0.2_grid6_base_medium,7,0.2,medium,base,base,3,3,6,4,1,1,1,1,1,1,4,12,0.5,0.75,0.8,0.7142857142857143,0,4,4,4,1,2,5,3,3,3,1,0,0.0
1,6,size7_comp0.2_grid6_base_medium,7,0.2,medium,base,base,3,3,6,4,1,1,1,1,1,1,3,20,0.3,0.5,0.75,0.4375,0,4,5,7,4,1,2,4,11,4,6,2,0.1
2,6,size7_comp0.2_grid6_base_medium,7,0.2,medium,base,base,3,3,6,4,1,1,1,1,0,1,2,32,0.0,0.40625,1.0,0.3448275862068966,1,3,12,13,10,2,2,12,25,9,16,6,0.1875
3,6,size7_comp0.2_grid6_base_medium,7,0.2,medium,base,base,3,3,6,4,1,1,1,1,1,1,2,26,0.23076923076923078,0.5,1.0,0.43478260869565216,1,5,9,7,3,2,3,9,18,8,9,2,0.07692307692307693
4,6,size7_comp0.2_grid6_base_medium,7,0.2,medium,base,base,3,3,6,4,1,1,1,1,1,1,2,26,0.23076923076923078,0.5384615384615384,1.0,0.4782608695652174,0,4,9,11,8,1,2,10,19,9,16,2,0.07692307692307693
5,6,size7_comp0.2_grid6_base_medium,7,0.2,medium,base,base,3,3,6,4,1,1,1,1,1,1,2,17,0.35294117647058826,0.5882352941176471,1.0,0.5,0,4,5,5,1,3,4,3,8,3,0,0,0.0
6,6,size7_comp0.2_grid6_base_medium,7,0.2,medium,base,base,3,3,6,4,1,1,1,1,1,1,5,32,0.1875,0.46875,0.6666666666666666,0.4230769230769231,0,5,12,10,4,3,3,11,21,10,4,3,0.09375
7,6,size7_comp0.2_grid6_base_medium,7,0.2,medium,base,base,3,3,6,4,1,1,1,1,1,1,2,16,0.375,0.5,1.0,0.38461538461538464,0,4,3,7,6,2,2,2,8,1,2,4,0.25
8,6,size7_comp0.2_grid6_base_medium,7,0.2,medium,base,base,3,3,6,4,1,1,1,1,1,1,11,24,0.25,0.5833333333333334,0.5833333333333334,0.5833333333333334,1,5,8,9,8,6,2,5,12,4,0,1,0.041666666666666664
9,6,size7_comp0.2_grid6_base_medium,7,0.2,medium,base,base,3,3,6,4,1,1,1,1,1,1,2,21,0.2857142857142857,0.5238095238095238,1.0,0.4444444444444444,1,5,7,5,2,5,5,2,13,2,3,2,0.09523809523809523
0,7,size7_comp0.2_grid7_base_medium,7,0.2,medium,base,base,5,3,8,6,1,1,1,1,0,1,4,32,0.0,0.5,1.0,0.4074074074074074,3,5,11,9,6,7,4,6,20,6,0,1,0.03125
1,7,size7_comp0.2_grid7_base_medium,7,0.2,medium,base,base,5,3,8,6,1,1,1,1,0,1,6,32,0.0,0.53125,0.8571428571428571,0.44,2,5,11,10,6,5,3,9,21,8,2,0,0.0
2,7,size7_comp0.2_grid7_base_medium,7,0.2,medium,base,base,5,3,8,6,1,1,1,1,0,1,8,32,0.0,0.4375,0.6666666666666666,0.34782608695652173,0,2,12,9,5,2,1,7,23,7,5,1,0.03125
3,7,size7_comp0.2_grid7_base_medium,7,0.2,medium,base,base,5,3,8,6,1,1,1,1,0,1,6,32,0.0,0.46875,0.8571428571428571,0.36,1,4,10,13,8,2,6,8,20,6,2,3,0.09375
4,7,size7_comp0.2_grid7_base_medium,7,0.2,medium,base,base,5,3,8,6,1,1,1,1,0,1,5,32,0.0,0.4375,0.8333333333333334,0.34615384615384615,2,3,10,8,7,2,5,3,22,3,3,0,0.0
5,7,size7_comp0.2_grid7_base_medium,7,0.2,medium,base,base,5,3,8,6,1,1,1,1,0,1,5,32,0.0,0.46875,0.8333333333333334,0.38461538461538464,1,4,11,10,8,3,3,6,19,5,0,2,0.0625
6,7,size7_comp0.2_grid7_base_medium,7,0.2,medium,base,base,5,3,8,6,1,1,1,1,0,1,8,32,0.0,0.40625,0.6666666666666666,0.30434782608695654,3,3,9,10,6,7,0,6,19,5,0,4,0.125
7,7,size7_comp0.2_grid7_base_medium,7,0.2,medium,base,base,5,3,8,6,1,1,1,1,0,1,7,32,0.0,0.46875,0.75,0.375,2,4,10,10,4,5,4,7,19,7,10,0,0.0
8,7,size7_comp0.2_grid7_base_medium,7,0.2,medium,base,base,5,3,8,6,1,1,1,1,0,1,4,32,0.0,0.5,1.0,0.4074074074074074,2,5,12,10,8,6,2,9,19,6,5,2,0.0625
9,7,size7_comp0.2_grid7_base_medium,7,0.2,medium,base,base,5,3,8,6,1,1,1,1,0,1,4,32,0.0,0.375,1.0,0.25925925925925924,2,3,8,9,7,4,3,2,20,1,0,3,0.09375
0,8,size7_comp0.2_grid8_base_medium,7,0.2,medium,base,base,6,5,11,3,4,1,1,1,1,1,6,16,0.6875,0.6875,0.8571428571428571,0.5555555555555556,1,3,4,4,6,1,1,1,9,1,1,1,0.0625
1,8,size7_comp0.2_grid8_base_medium,7,0.2,medium,base,base,6,5,11,3,4,1,1,1,0,1,10,32,0.0,0.21875,0.6363636363636364,0.0,0,5,6,3,4,3,1,2,24,1,3,5,0.15625
2,8,size7_comp0.2_grid8_base_medium,7,0.2,medium,base,base,6,5,11,3,4,1,1,1,1,0,-1,3,0.0,0.6666666666666666,0.6666666666666666,0.0,0,2,0,1,1,1,0,0,0,0,0,0,0.0
3,8,size7_comp0.2_grid8_base_medium,7,0.2,medium,base,base,6,5,11,3,4,1,1,1,1,1,12,20,0.55,0.7,0.6923076923076923,0.7142857142857143,3,5,5,5,4,6,2,3,9,3,1,1,0.05
4,8,size7_comp0.2_grid8_base_medium,7,0.2,medium,base,base,6,5,11,3,4,1,1,1,0,1,12,32,0.0,0.40625,0.6923076923076923,0.21052631578947367,5,9,5,4,7,3,1,5,22,5,8,2,0.0625
5,8,size7_comp0.2_grid8_base_medium,7,0.2,medium,base,base,6,5,11,3,4,1,1,1,1,0,-1,3,0.0,0.6666666666666666,0.6666666666666666,0.0,0,2,0,1,1,1,0,0,0,0,0,0,0.0
6,8,size7_comp0.2_grid8_base_medium,7,0.2,medium,base,base,6,5,11,3,4,1,1,1,1,1,10,25,0.44,0.56,0.6363636363636364,0.5,1,6,6,7,5,2,5,3,18,3,2,3,0.12
7,8,size7_comp0.2_grid8_base_medium,7,0.2,medium,base,base,6,5,11,3,4,1,1,1,0,1,10,32,0.0,0.3125,0.7272727272727273,0.09523809523809523,2,6,6,5,3,2,4,3,22,3,12,4,0.125
8,8,size7_comp0.2_grid8_base_medium,7,0.2,medium,base,base,6,5,11,3,4,1,1,1,1,1,5,13,0.8461538461538461,0.8461538461538461,1.0,0.7142857142857143,1,3,3,4,6,1,2,0,3,0,3,0,0.0
9,8,size7_comp0.2_grid8_base_medium,7,0.2,medium,base,base,6,5,11,3,4,1,1,1,1,1,9,17,0.6470588235294118,0.7058823529411765,0.7,0.7142857142857143,1,3,4,5,4,2,1,3,9,3,1,0,0.0
0,9,size7_comp0.2_grid9_base_medium,7,0.2,medium,base,base,6,5,11,3,4,1,1,1,1,0,-1,5,0.0,0.6,0.6,0.0,3,1,1,0,1,1,0,2,2,2,0,0,0.0
1,9,size7_comp0.2_grid9_base_medium,7,0.2,medium,base,base,6,5,11,3,4,1,1,1,0,1,18,32,0.0,0.34375,0.5789473684210527,0.0,3,1,10,9,7,4,1,6,22,4,12,7,0.21875
2,9,size7_comp0.2_grid9_base_medium,7,0.2,medium,base,base,6,5,11,3,4,1,1,1,1,0,-1,3,0.0,0.6666666666666666,0.6666666666666666,0.0,2,0,1,0,1,1,0,0,0,0,0,0,0.0
3,9,size7_comp0.2_grid9_base_medium,7,0.2,medium,base,base,6,5,11,3,4,1,1,1,0,1,7,32,0.0,0.21875,0.75,0.041666666666666664,3,2,10,3,4,3,1,0,25,0,23,11,0.34375
4,9,size7_comp0.2_grid9_base_medium,7,0.2,medium,base,base,6,5,11,3,4,1,1,1,0,1,6,32,0.0,0.28125,0.8571428571428571,0.12,3,1,7,7,4,3,1,0,25,0,16,9,0.28125
5,9,size7_comp0.2_grid9_base_medium,7,0.2,medium,base,base,6,5,11,3,4,1,1,1,1,0,-1,14,0.0,0.5,0.5,0.0,2,0,6,5,4,1,2,4,6,4,0,0,0.0
6,9,size7_comp0.2_grid9_base_medium,7,0.2,medium,base,base,6,5,11,3,4,1,1,1,1,0,-1,5,0.0,0.6,0.6,0.0,2,0,2,1,0,0,3,1,1,1,0,0,0.0
7,9,size7_comp0.2_grid9_base_medium,7,0.2,medium,base,base,6,5,11,3,4,1,1,1,1,0,-1,7,0.0,0.5714285714285714,0.5714285714285714,0.0,2,0,3,2,2,0,1,3,3,3,0,0,0.0
8,9,size7_comp0.2_grid9_base_medium,7,0.2,medium,base,base,6,5,11,3,4,1,1,1,0,1,11,32,0.0,0.34375,0.75,0.1,3,1,7,7,3,3,1,6,25,6,9,4,0.125
9,9,size7_comp0.2_grid9_base_medium,7,0.2,medium,base,base,6,5,11,3,4,1,1,1,1,1,6,25,0.44,0.48,0.8571428571428571,0.3333333333333333,3,2,6,4,4,2,2,2,18,1,9,2,0.08
0,0,size7_comp0.4_grid0_base_medium,7,0.4,medium,base,base,6,4,10,4,4,1,1,1,0,1,9,32,0.0,0.25,0.7,0.045454545454545456,4,5,6,3,5,4,4,0,23,0,8,7,0.21875
1,0,size7_comp0.4_grid0_base_medium,7,0.4,medium,base,base,6,4,10,4,4,1,1,1,0,1,5,32,0.0,0.375,1.0,0.23076923076923078,4,5,7,5,6,4,2,2,21,2,12,6,0.1875
2,0,size7_comp0.4_grid0_base_medium,7,0.4,medium,base,base,6,4,10,4,4,1,1,1,0,1,11,32,0.0,0.3125,0.5833333333333334,0.15,4,1,6,4,3,1,0,2,23,2,7,1,0.03125
3,0,size7_comp0.4_grid0_base_medium,7,0.4,medium,base,base,6,4,10,4,4,1,1,1,1,1,6,15,0.6666666666666666,0.7333333333333333,0.8571428571428571,0.625,4,3,4,1,6,1,0,1,4,1,0,0,0.0
4,0,size7_comp0.4_grid0_base_medium,7,0.4,medium,base,base,6,4,10,4,4,1,1,1,0,1,5,32,0.0,0.4375,1.0,0.3076923076923077,6,6,9,5,6,3,6,6,21,3,8,7,0.21875
5,0,size7_comp0.4_grid0_base_medium,7,0.4,medium,base,base,6,4,10,4,4,1,1,1,0,1,11,32,0.0,0.46875,0.6666666666666666,0.35,6,4,9,7,5,2,5,8,22,6,4,3,0.09375
6,0,size7_comp0.4_grid0_base_medium,7,0.4,medium,base,base,6,4,10,4,4,1,1,1,1,1,15,29,0.3448275862068966,0.41379310344827586,0.5,0.3076923076923077,4,3,7,5,6,4,3,1,19,1,2,5,0.1724137931034483
7,0,size7_comp0.4_grid0_base_medium,7,0.4,medium,base,base,6,4,10,4,4,1,1,1,0,1,6,32,0.0,0.40625,0.8571428571428571,0.28,5,5,8,7,4,5,3,6,19,5,2,4,0.125
8,0,size7_comp0.4_grid0_base_medium,7,0.4,medium,base,base,6,4,10,4,4,1,1,1,0,1,8,32,0.0,0.3125,0.7777777777777778,0.13043478260869565,5,4,8,6,2,5,8,4,23,0,12,11,0.34375
9,0,size7_comp0.4_grid0_base_medium,7,0.4,medium,base,base,6,4,10,4,4,1,1,1,0,1,10,32,0.0,0.40625,0.6363636363636364,0.2857142857142857,6,4,8,5,4,5,6,3,20,3,8,6,0.1875
0,1,size7_comp0.4_grid1_base_medium,7,0.4,medium,base,base,7,4,11,3,4,1,1,1,0,1,16,32,0.0,0.40625,0.5294117647058824,0.26666666666666666,3,6,11,5,5,2,3,9,22,8,2,4,0.125
1,1,size7_comp0.4_grid1_base_medium,7,0.4,medium,base,base,7,4,11,3,4,1,1,1,0,1,7,32,0.0,0.5,0.875,0.375,2,5,11,8,5,2,5,8,20,7,4,2,0.0625
2,1,size7_comp0.4_grid1_base_medium,7,0.4,medium,base,base,7,4,11,3,4,1,1,1,1,0,-1,3,0.0,1.0,1.0,0.0,0,3,0,0,2,0,0,0,0,0,0,0,0.0
3,1,size7_comp0.4_grid1_base_medium,7,0.4,medium,base,base,7,4,11,3,4,1,1,1,0,1,12,32,0.0,0.375,0.6153846153846154,0.21052631578947367,1,7,8,7,4,5,3,3,21,2,0,5,0.15625
4,1,size7_comp0.4_grid1_base_medium,7,0.4,medium,base,base,7,4,11,3,4,1,1,1,0,1,20,32,0.0,0.4375,0.5238095238095238,0.2727272727272727,1,8,11,8,3,4,9,9,21,7,7,6,0.1875
5,1,size7_comp0.4_grid1_base_medium,7,0.4,medium,base,base,7,4,11,3,4,1,1,1,0,1,16,32,0.0,0.40625,0.5882352941176471,0.2,7,6,10,6,5,11,6,3,19,3,0,10,0.3125
6,1,size7_comp0.4_grid1_base_medium,7,0.4,medium,base,base,7,4,11,3,4,1,1,1,0,1,20,32,0.0,0.34375,0.42857142857142855,0.18181818181818182,1,9,9,5,5,3,6,4,20,3,0,7,0.21875
7,1,size7_comp0.4_grid1_base_medium,7,0.4,medium,base,base,7,4,11,3,4,1,1,1,0,1,9,32,0.0,0.5,0.8,0.36363636363636365,2,4,10,8,5,1,5,6,22,6,1,0,0.0
8,1,size7_comp0.4_grid1_base_medium,7,0.4,medium,base,base,7,4,11,3,4,1,1,1,0,1,8,32,0.0,0.46875,0.8888888888888888,0.30434782608695654,2,5,10,9,5,1,6,10,21,8,0,2,0.0625
9,1,size7_comp0.4_grid1_base_medium,7,0.4,medium,base,base,7,4,11,3,4,1,1,1,0,1,10,32,0.0,0.5,0.7272727272727273,0.38095238095238093,2,4,11,10,3,2,3,13,22,11,1,2,0.0625
0,2,size7_comp0.4_grid2_base_medium,7,0.4,medium,base,base,5,4,9,5,3,1,1,1,0,1,8,32,0.0,0.34375,0.7777777777777778,0.17391304347826086,5,3,3,7,6,0,3,3,21,2,6,4,0.125
1,2,size7_comp0.4_grid2_base_medium,7,0.4,medium,base,base,5,4,9,5,3,1,1,1,0,1,7,32,0.0,0.28125,0.625,0.16666666666666666,3,1,5,6,1,2,3,1,25,1,13,2,0.0625
2,2,size7_comp0.4_grid2_base_medium,7,0.4,medium,base,base,5,4,9,5,3,1,1,1,1,1,10,29,0.3103448275862069,0.3793103448275862,0.6363636363636364,0.2222222222222222,4,3,2,7,2,0,4,3,19,3,0,3,0.10344827586206896
3,2,size7_comp0.4_grid2_base_medium,7,0.4,medium,base,base,5,4,9,5,3,1,1,1,0,1,6,32,0.0,0.3125,0.7142857142857143,0.2,3,2,3,8,0,3,4,1,24,1,15,3,0.09375
4,2,size7_comp0.4_grid2_base_medium,7,0.4,medium,base,base,5,4,9,5,3,1,1,1,0,1,6,32,0.0,0.28125,0.7142857142857143,0.16,3,2,2,7,5,0,1,2,24,2,14,3,0.09375
5,2,size7_comp0.4_grid2_base_medium,7,0.4,medium,base,base,5,4,9,5,3,1,1,1,1,1,7,19,0.47368421052631576,0.47368421052631576,0.625,0.36363636363636365,3,2,1,5,1,2,2,0,10,0,0,2,0.10526315789473684
6,2,size7_comp0.4_grid2_base_medium,7,0.4,medium,base,base,5,4,9,5,3,1,1,1,0,1,12,32,0.0,0.3125,0.5384615384615384,0.15789473684210525,3,2,7,7,5,2,4,3,22,2,6,3,0.09375
7,2,size7_comp0.4_grid2_base_medium,7,0.4,medium,base,base,5,4,9,5,3,1,1,1,1,1,6,24,0.375,0.375,0.7142857142857143,0.23529411764705882,3,4,0,4,3,2,1,0,15,0,4,2,0.08333333333333333
8,2,size7_comp0.4_grid2_base_medium,7,0.4,medium,base,base,5,4,9,5,3,1,1,1,0,1,6,32,0.0,0.1875,0.7142857142857143,0.04,3,3,1,4,1,1,2,1,25,1,23,4,0.125
9,2,size7_comp0.4_grid2_base_medium,7,0.4,medium,base,base,5,4,9,5,3,1,1,1,0,1,12,32,0.0,0.28125,0.46153846153846156,0.15789473684210525,3,0,6,6,3,1,3,3,24,2,4,2,0.0625
0,3,size7_comp0.4_grid3_base_medium,7,0.4,medium,base,base,6,3,9,5,2,1,1,1,1,1,7,20,0.45,0.55,0.875,0.3333333333333333,3,0,6,4,3,2,1,3,11,3,3,0,0.0
1,3,size7_comp0.4_grid3_base_medium,7,0.4,medium,base,base,6,3,9,5,2,1,1,1,1,0,-1,10,0.0,0.6,0.6,0.0,4,1,3,1,1,3,1,2,5,2,0,0,0.0
2,3,size7_comp0.4_grid3_base_medium,7,0.4,medium,base,base,6,3,9,5,2,1,1,1,1,0,-1,11,0.0,0.6363636363636364,0.6363636363636364,0.0,4,1,4,2,2,4,2,2,3,2,0,0,0.0
3,3,size7_comp0.4_grid3_base_medium,7,0.4,medium,base,base,6,3,9,5,2,1,1,1,1,1,16,25,0.36,0.56,0.6470588235294118,0.375,4,1,8,6,5,1,7,2,14,2,3,0,0.0
4,3,size7_comp0.4_grid3_base_medium,7,0.4,medium,base,base,6,3,9,5,2,1,1,1,1,0,-1,12,0.0,0.4166666666666667,0.4166666666666667,0.0,3,0,3,3,1,1,2,1,6,0,0,2,0.16666666666666666
5,3,size7_comp0.4_grid3_base_medium,7,0.4,medium,base,base,6,3,9,5,2,1,1,1,1,1,8,21,0.42857142857142855,0.47619047619047616,0.6666666666666666,0.3333333333333333,3,2,5,3,3,2,3,1,13,1,7,2,0.09523809523809523
6,3,size7_comp0.4_grid3_base_medium,7,0.4,medium,base,base,6,3,9,5,2,1,1,1,1,1,7,13,0.6923076923076923,0.7692307692307693,0.875,0.6,3,0,5,3,3,1,3,2,5,2,1,0,0.0
7,3,size7_comp0.4_grid3_base_medium,7,0.4,medium,base,base,6,3,9,5,2,1,1,1,1,1,8,19,0.47368421052631576,0.5263157894736842,0.7777777777777778,0.3,3,0,5,3,4,2,1,0,11,0,3,0,0.0
8,3,size7_comp0.4_grid3_base_medium,7,0.4,medium,base,base,6,3,9,5,2,1,1,1,1,0,-1,5,0.0,0.8,0.8,0.0,3,0,2,0,2,1,1,0,0,0,0,0,0.0
9,3,size7_comp0.4_grid3_base_medium,7,0.4,medium,base,base,6,3,9,5,2,1,1,1,1,1,5,12,0.75,0.75,1.0,0.5,3,0,4,2,4,0,2,0,5,0,2,0,0.0
0,4,size7_comp0.4_grid4_base_medium,7,0.4,medium,base,base,6,3,9,5,2,1,1,1,0,0,-1,32,0.0,0.4375,0.4375,0.0,4,6,8,9,4,5,6,8,24,7,0,2,0.0625
1,4,size7_comp0.4_grid4_base_medium,7,0.4,medium,base,base,6,3,9,5,2,1,1,1,0,1,23,32,0.0,0.46875,0.5,0.375,3,6,8,12,2,4,9,11,23,10,1,5,0.15625
2,4,size7_comp0.4_grid4_base_medium,7,0.4,medium,base,base,6,3,9,5,2,1,1,1,1,1,7,24,0.375,0.5833333333333334,0.875,0.4375,5,4,5,7,6,4,1,6,15,5,5,2,0.08333333333333333
3,4,size7_comp0.4_grid4_base_medium,7,0.4,medium,base,base,6,3,9,5,2,1,1,1,0,1,11,32,0.0,0.375,0.6666666666666666,0.2,7,5,6,8,4,7,6,6,23,5,9,7,0.21875
4,4,size7_comp0.4_grid4_base_medium,7,0.4,medium,base,base,6,3,9,5,2,1,1,1,0,1,13,32,0.0,0.3125,0.6428571428571429,0.05555555555555555,5,5,9,6,5,8,4,3,21,3,0,10,0.3125
5,4,size7_comp0.4_grid4_base_medium,7,0.4,medium,base,base,6,3,9,5,2,1,1,1,1,1,11,17,0.5294117647058824,0.6470588235294118,0.6666666666666666,0.6,4,3,3,7,6,4,2,4,9,4,3,4,0.23529411764705882
6,4,size7_comp0.4_grid4_base_medium,7,0.4,medium,base,base,6,3,9,5,2,1,1,1,1,1,10,26,0.34615384615384615,0.46153846153846156,0.6363636363636364,0.3333333333333333,6,4,3,7,4,5,5,1,18,1,4,5,0.19230769230769232
7,4,size7_comp0.4_grid4_base_medium,7,0.4,medium,base,base,6,3,9,5,2,1,1,1,0,1,17,32,0.0,0.375,0.4444444444444444,0.2857142857142857,5,5,5,12,12,5,2,4,23,4,5,10,0.3125
8,4,size7_comp0.4_grid4_base_medium,7,0.4,medium,base,base,6,3,9,5,2,1,1,1,1,1,13,17,0.5294117647058824,0.7058823529411765,0.6428571428571429,1.0,3,4,3,5,2,1,2,7,9,7,1,0,0.0
9,4,size7_comp0.4_grid4_base_medium,7,0.4,medium,base,base,6,3,9,5,2,1,1,1,0,1,12,32,0.0,0.3125,0.6153846153846154,0.10526315789473684,3,4,4,13,9,3,6,1,23,1,1,9,0.28125
0,5,size7_comp0.4_grid5_base_medium,7,0.4,medium,base,base,8,7,15,3,6,1,1,1,0,1,12,32,0.0,0.4375,0.6923076923076923,0.2631578947368421,4,4,6,11,7,4,1,8,21,6,0,6,0.1875
1,5,size7_comp0.4_grid5_base_medium,7,0.4,medium,base,base,8,7,15,3,6,1,1,1,0,1,14,32,0.0,0.5625,0.7333333333333333,0.4117647058823529,6,5,8,9,7,4,8,4,16,4,1,5,0.15625
2,5,size7_comp0.4_grid5_base_medium,7,0.4,medium,base,base,8,7,15,3,6,1,1,1,0,1,16,32,0.0,0.53125,0.5882352941176471,0.4666666666666667,5,3,7,10,4,6,4,6,20,4,1,3,0.09375
3,5,size7_comp0.4_grid5_base_medium,7,0.4,medium,base,base,8,7,15,3,6,1,1,1,0,1,16,32,0.0,0.4375,0.6470588235294118,0.2,5,4,5,12,6,4,6,4,19,2,5,7,0.21875
4,5,size7_comp0.4_grid5_base_medium,7,0.4,medium,base,base,8,7,15,3,6,1,1,1,1,0,-1,25,0.0,0.4,0.4,0.0,1,1,9,11,4,1,3,10,22,9,0,3,0.12
5,5,size7_comp0.4_grid5_base_medium,7,0.4,medium,base,base,8,7,15,3,6,1,1,1,0,1,20,32,0.0,0.375,0.47619047619047616,0.18181818181818182,10,5,5,7,8,4,8,2,21,2,5,12,0.375
6,5,size7_comp0.4_grid5_base_medium,7,0.4,medium,base,base,8,7,15,3,6,1,1,1,0,0,-1,32,0.0,0.25,0.25,0.0,7,1,12,8,8,3,5,7,29,6,0,12,0.375
7,5,size7_comp0.4_grid5_base_medium,7,0.4,medium,base,base,8,7,15,3,6,1,1,1,0,1,12,32,0.0,0.375,0.6923076923076923,0.15789473684210525,6,9,6,7,7,8,6,3,22,3,13,12,0.375
8,5,size7_comp0.4_grid5_base_medium,7,0.4,medium,base,base,8,7,15,3,6,1,1,1,0,1,23,32,0.0,0.46875,0.5416666666666666,0.25,7,5,4,11,5,4,8,5,19,5,3,7,0.21875
9,5,size7_comp0.4_grid5_base_medium,7,0.4,medium,base,base,8,7,15,3,6,1,1,1,0,1,11,32,0.0,0.5625,0.8333333333333334,0.4,4,8,9,11,6,7,9,9,21,8,10,7,0.21875
0,6,size7_comp0.4_grid6_base_medium,7,0.4,medium,base,base,3,3,6,6,0,1,1,1,0,1,6,32,0.0,0.25,0.5714285714285714,0.16,1,3,13,6,7,5,3,4,24,2,2,8,0.25
1,6,size7_comp0.4_grid6_base_medium,7,0.4,medium,base,base,3,3,6,6,0,1,1,1,1,1,6,15,0.4,0.5333333333333333,0.5714285714285714,0.5,0,4,6,2,0,4,2,2,8,2,1,2,0.13333333333333333
2,6,size7_comp0.4_grid6_base_medium,7,0.4,medium,base,base,3,3,6,6,0,1,1,1,1,1,10,20,0.3,0.55,0.5454545454545454,0.5555555555555556,0,4,9,5,3,4,1,7,12,6,1,2,0.1
3,6,size7_comp0.4_grid6_base_medium,7,0.4,medium,base,base,3,3,6,6,0,1,1,1,0,1,2,32,0.0,0.34375,1.0,0.27586206896551724,1,6,13,5,5,2,4,7,25,5,1,8,0.25
4,6,size7_comp0.4_grid6_base_medium,7,0.4,medium,base,base,3,3,6,6,0,1,1,1,1,1,2,20,0.3,0.35,1.0,0.23529411764705882,0,5,7,1,3,3,3,1,14,1,0,5,0.25
5,6,size7_comp0.4_grid6_base_medium,7,0.4,medium,base,base,3,3,6,6,0,1,1,1,1,1,5,14,0.42857142857142855,0.5714285714285714,0.6666666666666666,0.5,0,4,5,3,1,5,2,2,7,2,2,2,0.14285714285714285
6,6,size7_comp0.4_grid6_base_medium,7,0.4,medium,base,base,3,3,6,6,0,1,1,1,1,1,2,14,0.42857142857142855,0.5714285714285714,1.0,0.45454545454545453,0,3,7,2,3,1,1,4,8,4,0,2,0.14285714285714285
7,6,size7_comp0.4_grid6_base_medium,7,0.4,medium,base,base,3,3,6,6,0,1,1,1,1,1,2,31,0.1935483870967742,0.3225806451612903,1.0,0.25,1,4,16,3,10,3,3,3,24,2,6,10,0.3225806451612903
8,6,size7_comp0.4_grid6_base_medium,7,0.4,medium,base,base,3,3,6,6,0,1,1,1,1,1,2,12,0.5,0.5,1.0,0.3333333333333333,0,3,3,2,2,1,0,0,6,0,5,2,0.16666666666666666
9,6,size7_comp0.4_grid6_base_medium,7,0.4,medium,base,base,3,3,6,6,0,1,1,1,1,1,2,18,0.3333333333333333,0.4444444444444444,1.0,0.3333333333333333,0,3,7,2,4,2,1,3,12,2,8,2,0.1111111111111111
0,7,size7_comp0.4_grid7_base_medium,7,0.4,medium,base,base,4,4,8,6,1,1,1,1,0,1,3,32,0.0,0.3125,1.0,0.21428571428571427,4,3,6,6,1,2,5,2,25,2,0,1,0.03125
1,7,size7_comp0.4_grid7_base_medium,7,0.4,medium,base,base,4,4,8,6,1,1,1,1,0,1,5,32,0.0,0.40625,0.8333333333333334,0.3076923076923077,6,6,8,4,3,4,6,4,25,4,8,2,0.0625
2,7,size7_comp0.4_grid7_base_medium,7,0.4,medium,base,base,4,4,8,6,1,1,1,1,1,1,3,8,1.0,1.0,1.0,1.0,3,1,3,1,3,1,3,0,0,0,0,0,0.0
3,7,size7_comp0.4_grid7_base_medium,7,0.4,medium,base,base,4,4,8,6,1,1,1,1,1,1,3,19,0.42105263157894735,0.5789473684210527,1.0,0.4666666666666667,5,3,5,2,1,2,5,3,11,3,2,1,0.05263157894736842
4,7,size7_comp0.4_grid7_base_medium,7,0.4,medium,base,base,4,4,8,6,1,1,1,1,1,1,3,24,0.3333333333333333,0.5,1.0,0.4,3,1,8,5,2,1,5,2,15,2,2,1,0.041666666666666664
5,7,size7_comp0.4_grid7_base_medium,7,0.4,medium,base,base,4,4,8,6,1,1,1,1,0,1,5,32,0.0,0.3125,0.8333333333333334,0.19230769230769232,3,1,9,7,3,3,1,4,24,2,0,7,0.21875
6,7,size7_comp0.4_grid7_base_medium,7,0.4,medium,base,base,4,4,8,6,1,1,1,1,0,1,3,32,0.0,0.34375,1.0,0.25,2,2,10,5,2,1,2,6,26,3,1,2,0.0625
7,7,size7_comp0.4_grid7_base_medium,7,0.4,medium,base,base,4,4,8,6,1,1,1,1,0,1,8,32,0.0,0.4375,0.6666666666666666,0.34782608695652173,5,3,9,6,4,6,2,3,21,3,2,1,0.03125
8,7,size7_comp0.4_grid7_base_medium,7,0.4,medium,base,base,4,4,8,6,1,1,1,1,0,1,3,32,0.0,0.3125,1.0,0.21428571428571427,2,1,8,6,2,1,3,3,26,3,2,1,0.03125
9,7,size7_comp0.4_grid7_base_medium,7,0.4,medium,base,base,4,4,8,6,1,1,1,1,1,1,6,28,0.2857142857142857,0.35714285714285715,0.5714285714285714,0.2857142857142857,5,2,6,9,6,2,5,5,19,1,0,10,0.35714285714285715
0,8,size7_comp0.4_grid8_base_medium,7,0.4,medium,base,base,5,8,13,3,5,1,1,1,0,1,5,32,0.0,0.375,0.8333333333333334,0.2692307692307692,3,4,7,9,6,4,3,4,21,2,3,6,0.1875
1,8,size7_comp0.4_grid8_base_medium,7,0.4,medium,base,base,5,8,13,3,5,1,1,1,0,1,11,32,0.0,0.375,0.6666666666666666,0.2,4,2,9,7,3,6,2,3,21,2,0,5,0.15625
2,8,size7_comp0.4_grid8_base_medium,7,0.4,medium,base,base,5,8,13,3,5,1,1,1,0,1,7,32,0.0,0.34375,0.625,0.25,3,5,13,5,8,3,5,3,21,1,4,12,0.375
3,8,size7_comp0.4_grid8_base_medium,7,0.4,medium,base,base,5,8,13,3,5,1,1,1,0,1,10,32,0.0,0.53125,0.6363636363636364,0.47619047619047616,4,2,11,12,6,3,5,11,18,8,0,3,0.09375
4,8,size7_comp0.4_grid8_base_medium,7,0.4,medium,base,base,5,8,13,3,5,1,1,1,0,1,19,32,0.0,0.34375,0.4,0.25,5,5,8,8,4,5,6,4,20,1,2,11,0.34375
5,8,size7_comp0.4_grid8_base_medium,7,0.4,medium,base,base,5,8,13,3,5,1,1,1,0,1,10,32,0.0,0.40625,0.6363636363636364,0.2857142857142857,4,7,4,8,5,5,5,1,16,0,3,7,0.21875
6,8,size7_comp0.4_grid8_base_medium,7,0.4,medium,base,base,5,8,13,3,5,1,1,1,0,1,17,32,0.0,0.46875,0.5,0.42857142857142855,6,6,8,9,3,6,7,9,22,7,10,6,0.1875
7,8,size7_comp0.4_grid8_base_medium,7,0.4,medium,base,base,5,8,13,3,5,1,1,1,0,1,14,32,0.0,0.34375,0.4666666666666667,0.23529411764705882,4,2,5,10,3,2,4,4,18,2,0,5,0.15625
8,8,size7_comp0.4_grid8_base_medium,7,0.4,medium,base,base,5,8,13,3,5,1,1,1,0,1,5,32,0.0,0.28125,0.8333333333333334,0.15384615384615385,3,2,9,4,6,1,1,2,23,0,2,7,0.21875
9,8,size7_comp0.4_grid8_base_medium,7,0.4,medium,base,base,5,8,13,3,5,1,1,1,0,1,7,32,0.0,0.4375,0.75,0.3333333333333333,4,2,7,9,3,5,2,5,19,5,0,1,0.03125
0,9,size7_comp0.4_grid9_base_medium,7,0.4,medium,base,base,3,3,6,6,0,1,1,1,1,1,4,16,0.375,0.6875,0.8,0.6363636363636364,0,4,5,7,4,2,4,5,6,5,6,0,0.0
1,9,size7_comp0.4_grid9_base_medium,7,0.4,medium,base,base,3,3,6,6,0,1,1,1,1,1,2,18,0.3333333333333333,0.6111111111111112,1.0,0.5333333333333333,0,4,5,8,2,3,3,7,10,7,0,1,0.05555555555555555
2,9,size7_comp0.4_grid9_base_medium,7,0.4,medium,base,base,3,3,6,6,0,1,1,1,0,1,2,32,0.0,0.46875,1.0,0.41379310344827586,0,5,13,12,6,1,6,14,22,13,11,4,0.125
3,9,size7_comp0.4_grid9_base_medium,7,0.4,medium,base,base,3,3,6,6,0,1,1,1,0,1,6,32,0.0,0.375,0.5714285714285714,0.32,1,3,10,12,3,2,3,11,24,9,9,3,0.09375
4,9,size7_comp0.4_grid9_base_medium,7,0.4,medium,base,base,3,3,6,6,0,1,1,1,0,1,4,32,0.0,0.40625,0.8,0.3333333333333333,1,3,11,10,3,1,5,10,23,8,6,2,0.0625
5,9,size7_comp0.4_grid9_base_medium,7,0.4,medium,base,base,3,3,6,6,0,1,1,1,0,1,2,32,0.0,0.46875,1.0,0.41379310344827586,1,4,11,13,4,2,3,17,25,14,0,3,0.09375
6,9,size7_comp0.4_grid9_base_medium,7,0.4,medium,base,base,3,3,6,6,0,1,1,1,1,1,2,30,0.2,0.4666666666666667,1.0,0.4074074074074074,1,5,9,11,4,3,4,10,22,9,1,4,0.13333333333333333
7,9,size7_comp0.4_grid9_base_medium,7,0.4,medium,base,base,3,3,6,6,0,1,1,1,1,1,4,13,0.46153846153846156,0.6153846153846154,0.6,0.625,0,5,2,5,1,3,4,3,6,3,3,2,0.15384615384615385
8,9,size7_comp0.4_grid9_base_medium,7,0.4,medium,base,base,3,3,6,6,0,1,1,1,1,1,4,19,0.3157894736842105,0.5263157894736842,0.8,0.42857142857142855,0,4,6,6,3,4,1,4,9,4,2,2,0.10526315789473684
9,9,size7_comp0.4_grid9_base_medium,7,0.4,medium,base,base,3,3,6,6,0,1,1,1,0,1,2,32,0.0,0.40625,1.0,0.3448275862068966,3,6,7,10,1,5,7,7,23,6,9,3,0.09375
0,0,size7_comp0.6_grid0_base_medium,7,0.6,medium,base,base,4,3,7,3,3,1,1,1,0,1,4,32,0.0,0.28125,0.8,0.18518518518518517,1,2,8,4,2,2,2,3,25,3,10,1,0.03125
1,0,size7_comp0.6_grid0_base_medium,7,0.6,medium,base,base,4,3,7,3,3,1,1,1,0,1,7,32,0.0,0.28125,0.5,0.20833333333333334,1,1,10,4,4,0,2,3,24,3,13,3,0.09375
2,0,size7_comp0.6_grid0_base_medium,7,0.6,medium,base,base,4,3,7,3,3,1,1,1,0,1,5,32,0.0,0.21875,0.6666666666666666,0.11538461538461539,2,2,8,1,3,1,2,1,24,1,0,3,0.09375
3,0,size7_comp0.6_grid0_base_medium,7,0.6,medium,base,base,4,3,7,3,3,1,1,1,1,1,3,17,0.4117647058823529,0.5294117647058824,1.0,0.38461538461538464,3,2,4,2,3,0,3,2,8,2,5,0,0.0
4,0,size7_comp0.6_grid0_base_medium,7,0.6,medium,base,base,4,3,7,3,3,1,1,1,0,1,4,32,0.0,0.21875,0.8,0.1111111111111111,4,2,5,2,1,1,2,0,25,0,5,4,0.125
5,0,size7_comp0.6_grid0_base_medium,7,0.6,medium,base,base,4,3,7,3,3,1,1,1,0,1,10,32,0.0,0.25,0.36363636363636365,0.19047619047619047,2,1,11,2,5,1,2,1,23,1,7,6,0.1875
6,0,size7_comp0.6_grid0_base_medium,7,0.6,medium,base,base,4,3,7,3,3,1,1,1,0,1,4,32,0.0,0.21875,0.8,0.1111111111111111,2,1,5,2,1,1,2,0,25,0,20,1,0.03125
7,0,size7_comp0.6_grid0_base_medium,7,0.6,medium,base,base,4,3,7,3,3,1,1,1,0,1,3,32,0.0,0.3125,1.0,0.21428571428571427,1,2,8,5,2,0,3,4,24,3,16,1,0.03125
8,0,size7_comp0.6_grid0_base_medium,7,0.6,medium,base,base,4,3,7,3,3,1,1,1,1,1,3,15,0.4666666666666667,0.5333333333333333,1.0,0.36363636363636365,2,1,4,2,2,1,2,0,7,0,1,0,0.0
9,0,size7_comp0.6_grid0_base_medium,7,0.6,medium,base,base,4,3,7,3,3,1,1,1,1,1,3,9,0.7777777777777778,0.8888888888888888,1.0,0.8,2,1,4,2,5,0,3,0,0,0,0,0,0.0
0,1,size7_comp0.6_grid1_base_medium,7,0.6,medium,base,base,5,3,8,6,2,1,1,1,1,1,7,22,0.36363636363636365,0.5,0.625,0.42857142857142855,2,4,8,4,2,6,1,4,13,4,0,4,0.18181818181818182
1,1,size7_comp0.6_grid1_base_medium,7,0.6,medium,base,base,5,3,8,6,2,1,1,1,0,1,5,32,0.0,0.25,0.8333333333333334,0.11538461538461539,1,1,7,4,3,1,1,3,26,3,5,1,0.03125
2,1,size7_comp0.6_grid1_base_medium,7,0.6,medium,base,base,5,3,8,6,2,1,1,1,0,1,7,32,0.0,0.21875,0.625,0.08333333333333333,1,1,6,5,3,0,1,3,26,2,1,2,0.0625
3,1,size7_comp0.6_grid1_base_medium,7,0.6,medium,base,base,5,3,8,6,2,1,1,1,1,1,9,20,0.4,0.45,0.5,0.4,3,4,6,2,4,2,2,1,12,1,2,5,0.25
4,1,size7_comp0.6_grid1_base_medium,7,0.6,medium,base,base,5,3,8,6,2,1,1,1,0,1,14,32,0.0,0.28125,0.4,0.17647058823529413,2,1,9,7,4,1,3,3,26,2,7,5,0.15625
5,1,size7_comp0.6_grid1_base_medium,7,0.6,medium,base,base,5,3,8,6,2,1,1,1,1,1,6,14,0.5714285714285714,0.6428571428571429,0.7142857142857143,0.5714285714285714,2,4,6,1,5,3,2,1,6,1,0,3,0.21428571428571427
6,1,size7_comp0.6_grid1_base_medium,7,0.6,medium,base,base,5,3,8,6,2,1,1,1,1,1,4,12,0.6666666666666666,0.6666666666666666,1.0,0.42857142857142855,1,3,5,1,3,2,2,0,4,0,1,2,0.16666666666666666
7,1,size7_comp0.6_grid1_base_medium,7,0.6,medium,base,base,5,3,8,6,2,1,1,1,0,1,7,32,0.0,0.28125,0.625,0.16666666666666666,1,5,8,5,6,2,3,1,24,1,2,8,0.25
8,1,size7_comp0.6_grid1_base_medium,7,0.6,medium,base,base,5,3,8,6,2,1,1,1,1,1,5,13,0.6153846153846154,0.6923076923076923,0.8333333333333334,0.5714285714285714,2,4,5,0,3,1,3,1,5,1,0,1,0.07692307692307693
9,1,size7_comp0.6_grid1_base_medium,7,0.6,medium,base,base,5,3,8,6,2,1,1,1,1,1,6,12,0.6666666666666666,0.6666666666666666,0.7142857142857143,0.6,1,3,4,1,3,1,0,1,4,0,1,1,0.08333333333333333
0,2,size7_comp0.6_grid2_base_medium,7,0.6,medium,base,base,3,6,9,3,3,1,1,1,0,1,7,32,0.0,0.1875,0.375,0.125,2,4,1,5,3,2,1,1,28,1,1,6,0.1875
1,2,size7_comp0.6_grid2_base_medium,7,0.6,medium,base,base,3,6,9,3,3,1,1,1,0,1,8,32,0.0,0.15625,0.4444444444444444,0.043478260869565216,1,3,2,10,2,3,1,1,28,1,2,10,0.3125
2,2,size7_comp0.6_grid2_base_medium,7,0.6,medium,base,base,3,6,9,3,3,1,1,1,0,1,2,32,0.0,0.125,1.0,0.034482758620689655,1,2,1,8,2,3,0,0,28,0,2,8,0.25
3,2,size7_comp0.6_grid2_base_medium,7,0.6,medium,base,base,3,6,9,3,3,1,1,1,0,1,4,32,0.0,0.125,0.6,0.037037037037037035,1,2,2,13,3,4,0,1,28,0,3,14,0.4375
4,2,size7_comp0.6_grid2_base_medium,7,0.6,medium,base,base,3,6,9,3,3,1,1,1,0,1,2,32,0.0,0.15625,1.0,0.06896551724137931,2,3,1,9,2,2,2,1,28,1,7,9,0.28125
5,2,size7_comp0.6_grid2_base_medium,7,0.6,medium,base,base,3,6,9,3,3,1,1,1,0,1,2,32,0.0,0.15625,1.0,0.06896551724137931,2,2,3,12,5,2,0,3,28,0,13,14,0.4375
6,2,size7_comp0.6_grid2_base_medium,7,0.6,medium,base,base,3,6,9,3,3,1,1,1,0,1,3,32,0.0,0.25,0.75,0.17857142857142858,2,3,3,3,0,2,2,0,26,0,7,3,0.09375
7,2,size7_comp0.6_grid2_base_medium,7,0.6,medium,base,base,3,6,9,3,3,1,1,1,0,1,2,32,0.0,0.125,1.0,0.034482758620689655,1,2,1,11,4,2,0,0,28,0,3,11,0.34375
8,2,size7_comp0.6_grid2_base_medium,7,0.6,medium,base,base,3,6,9,3,3,1,1,1,0,1,2,32,0.0,0.21875,1.0,0.13793103448275862,2,2,1,8,2,3,1,0,27,0,5,6,0.1875
9,2,size7_comp0.6_grid2_base_medium,7,0.6,medium,base,base,3,6,9,3,3,1,1,1,0,1,3,32,0.0,0.125,0.75,0.03571428571428571,1,2,1,13,7,0,0,1,28,1,1,13,0.40625
0,3,size7_comp0.6_grid3_base_medium,7,0.6,medium,base,base,3,7,10,6,3,1,1,1,0,0,-1,32,0.0,0.34375,0.34375,0.0,1,2,18,10,9,4,1,15,27,11,0,9,0.28125
1,3,size7_comp0.6_grid3_base_medium,7,0.6,medium,base,base,3,7,10,6,3,1,1,1,0,1,17,32,0.0,0.46875,0.3888888888888889,0.5714285714285714,3,3,14,7,7,4,1,9,21,7,0,6,0.1875
2,3,size7_comp0.6_grid3_base_medium,7,0.6,medium,base,base,3,7,10,6,3,1,1,1,0,1,4,32,0.0,0.375,0.8,0.2962962962962963,3,4,8,4,3,3,3,5,23,4,4,4,0.125
3,3,size7_comp0.6_grid3_base_medium,7,0.6,medium,base,base,3,7,10,6,3,1,1,1,0,1,5,32,0.0,0.34375,0.5,0.3076923076923077,2,5,7,4,5,4,3,1,23,1,3,5,0.15625
4,3,size7_comp0.6_grid3_base_medium,7,0.6,medium,base,base,3,7,10,6,3,1,1,1,1,1,8,32,0.3125,0.4375,0.6666666666666666,0.34782608695652173,5,4,7,4,3,2,2,5,21,5,2,2,0.0625
5,3,size7_comp0.6_grid3_base_medium,7,0.6,medium,base,base,3,7,10,6,3,1,1,1,1,1,2,28,0.35714285714285715,0.4642857142857143,1.0,0.4,4,3,8,4,3,3,2,4,17,3,3,3,0.10714285714285714
6,3,size7_comp0.6_grid3_base_medium,7,0.6,medium,base,base,3,7,10,6,3,1,1,1,1,1,7,22,0.45454545454545453,0.5454545454545454,0.5,0.5714285714285714,3,5,6,4,4,7,0,3,11,1,0,4,0.18181818181818182
7,3,size7_comp0.6_grid3_base_medium,7,0.6,medium,base,base,3,7,10,6,3,1,1,1,1,1,2,27,0.37037037037037035,0.4444444444444444,1.0,0.375,2,3,12,6,6,5,2,7,16,2,0,9,0.3333333333333333
8,3,size7_comp0.6_grid3_base_medium,7,0.6,medium,base,base,3,7,10,6,3,1,1,1,0,1,10,32,0.0,0.4375,0.6363636363636364,0.3333333333333333,2,8,10,7,7,4,3,9,21,8,3,8,0.25
9,3,size7_comp0.6_grid3_base_medium,7,0.6,medium,base,base,3,7,10,6,3,1,1,1,1,1,13,31,0.3225806451612903,0.4838709677419355,0.5714285714285714,0.4117647058823529,2,3,12,6,7,2,1,7,20,6,1,3,0.0967741935483871
0,4,size7_comp0.6_grid4_base_medium,7,0.6,medium,base,base,7,3,10,4,3,1,1,1,1,1,9,19,0.5263157894736842,0.5789473684210527,0.8,0.3333333333333333,3,3,7,3,4,1,4,3,10,2,2,4,0.21052631578947367
1,4,size7_comp0.6_grid4_base_medium,7,0.6,medium,base,base,7,3,10,4,3,1,1,1,1,0,-1,4,0.0,1.0,1.0,0.0,0,0,4,0,3,0,0,0,0,0,0,0,0.0
2,4,size7_comp0.6_grid4_base_medium,7,0.6,medium,base,base,7,3,10,4,3,1,1,1,1,0,-1,10,0.0,0.6,0.6,0.0,1,0,6,2,3,0,1,3,6,3,0,1,0.1
3,4,size7_comp0.6_grid4_base_medium,7,0.6,medium,base,base,7,3,10,4,3,1,1,1,1,0,-1,9,0.0,0.6666666666666666,0.6666666666666666,0.0,1,0,6,2,3,0,2,3,5,3,0,1,0.1111111111111111
4,4,size7_comp0.6_grid4_base_medium,7,0.6,medium,base,base,7,3,10,4,3,1,1,1,1,0,-1,11,0.0,0.6363636363636364,0.6363636363636364,0.0,0,0,7,3,7,0,0,1,7,1,0,0,0.0
5,4,size7_comp0.6_grid4_base_medium,7,0.6,medium,base,base,7,3,10,4,3,1,1,1,1,0,-1,9,0.0,0.6666666666666666,0.6666666666666666,0.0,0,0,6,2,3,0,0,4,5,4,0,0,0.0
6,4,size7_comp0.6_grid4_base_medium,7,0.6,medium,base,base,7,3,10,4,3,1,1,1,1,0,-1,6,0.0,0.8333333333333334,0.8333333333333334,0.0,0,0,5,1,3,0,0,2,2,2,0,0,0.0
7,4,size7_comp0.6_grid4_base_medium,7,0.6,medium,base,base,7,3,10,4,3,1,1,1,1,0,-1,16,0.0,0.5625,0.5625,0.0,1,0,9,5,7,1,0,5,12,5,0,1,0.0625
8,4,size7_comp0.6_grid4_base_medium,7,0.6,medium,base,base,7,3,10,4,3,1,1,1,0,1,13,32,0.0,0.4375,0.6428571428571429,0.2777777777777778,6,4,11,8,10,4,7,5,21,3,5,7,0.21875
9,4,size7_comp0.6_grid4_base_medium,7,0.6,medium,base,base,7,3,10,4,3,1,1,1,1,0,-1,17,0.0,0.4117647058823529,0.4117647058823529,0.0,3,0,7,3,2,3,2,2,13,2,0,3,0.17647058823529413
0,5,size7_comp0.6_grid5_base_medium,7,0.6,medium,base,base,3,5,8,8,0,1,1,1,0,1,5,32,0.0,0.25,0.5,0.19230769230769232,3,5,13,2,6,5,5,2,25,2,5,10,0.3125
1,5,size7_comp0.6_grid5_base_medium,7,0.6,medium,base,base,3,5,8,8,0,1,1,1,0,1,4,32,0.0,0.09375,0.6,0.0,1,1,17,1,9,2,0,1,28,0,25,16,0.5
2,5,size7_comp0.6_grid5_base_medium,7,0.6,medium,base,base,3,5,8,8,0,1,1,1,0,1,5,32,0.0,0.21875,0.5,0.15384615384615385,3,4,11,1,4,2,1,4,25,3,9,8,0.25
3,5,size7_comp0.6_grid5_base_medium,7,0.6,medium,base,base,3,5,8,8,0,1,1,1,1,1,9,25,0.32,0.44,0.5,0.4,1,4,10,3,4,2,3,3,15,2,6,4,0.16
4,5,size7_comp0.6_grid5_base_medium,7,0.6,medium,base,base,3,5,8,8,0,1,1,1,0,1,2,32,0.0,0.125,1.0,0.034482758620689655,2,2,9,5,4,3,0,3,27,0,23,12,0.375
5,5,size7_comp0.6_grid5_base_medium,7,0.6,medium,base,base,3,5,8,8,0,1,1,1,0,1,2,32,0.0,0.09375,1.0,0.0,0,1,15,4,6,1,0,6,28,0,28,17,0.53125
6,5,size7_comp0.6_grid5_base_medium,7,0.6,medium,base,base,3,5,8,8,0,1,1,1,0,1,4,32,0.0,0.1875,0.6,0.1111111111111111,0,3,14,2,6,2,1,2,26,0,15,13,0.40625
7,5,size7_comp0.6_grid5_base_medium,7,0.6,medium,base,base,3,5,8,8,0,1,1,1,0,1,11,32,0.0,0.15625,0.4166666666666667,0.0,3,3,15,1,4,2,6,2,27,1,13,14,0.4375
8,5,size7_comp0.6_grid5_base_medium,7,0.6,medium,base,base,3,5,8,8,0,1,1,1,0,1,2,32,0.0,0.1875,1.0,0.10344827586206896,1,1,9,3,3,1,0,3,28,3,11,4,0.125
9,5,size7_comp0.6_grid5_base_medium,7,0.6,medium,base,base,3,5,8,8,0,1,1,1,0,1,6,32,0.0,0.125,0.5714285714285714,0.0,1,2,14,1,4,1,1,2,27,1,24,13,0.40625
0,6,size7_comp0.6_grid6_base_medium,7,0.6,medium,base,base,5,4,9,3,3,1,1,1,0,1,6,32,0.0,0.21875,0.7142857142857143,0.08,4,5,3,14,11,1,6,1,23,0,0,15,0.46875
1,6,size7_comp0.6_grid6_base_medium,7,0.6,medium,base,base,5,4,9,3,3,1,1,1,0,1,7,32,0.0,0.15625,0.625,0.0,1,3,4,18,15,2,4,0,25,0,2,20,0.625
2,6,size7_comp0.6_grid6_base_medium,7,0.6,medium,base,base,5,4,9,3,3,1,1,1,0,1,7,32,0.0,0.21875,0.75,0.041666666666666664,1,3,5,18,13,1,4,4,25,4,2,17,0.53125
3,6,size7_comp0.6_grid6_base_medium,7,0.6,medium,base,base,5,4,9,3,3,1,1,1,1,0,-1,8,0.0,0.375,0.375,0.0,1,3,1,1,1,3,0,0,5,0,0,1,0.125
4,6,size7_comp0.6_grid6_base_medium,7,0.6,medium,base,base,5,4,9,3,3,1,1,1,0,1,7,32,0.0,0.21875,0.75,0.041666666666666664,4,4,4,18,17,4,5,2,22,1,0,18,0.5625
5,6,size7_comp0.6_grid6_base_medium,7,0.6,medium,base,base,5,4,9,3,3,1,1,1,1,0,-1,7,0.0,0.2857142857142857,0.2857142857142857,0.0,0,2,3,1,3,0,1,0,4,0,0,3,0.42857142857142855
6,6,size7_comp0.6_grid6_base_medium,7,0.6,medium,base,base,5,4,9,3,3,1,1,1,1,0,-1,6,0.0,0.3333333333333333,0.3333333333333333,0.0,0,2,3,1,1,1,2,1,3,0,0,3,0.5
7,6,size7_comp0.6_grid6_base_medium,7,0.6,medium,base,base,5,4,9,3,3,1,1,1,0,1,7,32,0.0,0.1875,0.625,0.041666666666666664,4,3,7,13,9,4,5,4,23,1,2,17,0.53125
8,6,size7_comp0.6_grid6_base_medium,7,0.6,medium,base,base,5,4,9,3,3,1,1,1,0,1,8,32,0.0,0.15625,0.5555555555555556,0.0,3,3,8,11,10,4,3,1,23,0,0,17,0.53125
9,6,size7_comp0.6_grid6_base_medium,7,0.6,medium,base,base,5,4,9,3,3,1,1,1,0,1,4,32,0.0,0.15625,1.0,0.0,1,3,2,20,18,0,2,0,25,0,0,20,0.625
0,7,size7_comp0.6_grid7_base_medium,7,0.6,medium,base,base,11,7,18,4,7,1,1,1,0,0,-1,32,0.0,0.40625,0.40625,0.0,5,3,9,12,7,4,5,9,24,6,0,4,0.125
1,7,size7_comp0.6_grid7_base_medium,7,0.6,medium,base,base,11,7,18,4,7,1,1,1,1,0,-1,28,0.0,0.5,0.5,0.0,6,3,9,7,8,8,3,3,18,3,0,1,0.03571428571428571
2,7,size7_comp0.6_grid7_base_medium,7,0.6,medium,base,base,11,7,18,4,7,1,1,1,1,0,-1,5,0.0,0.8,0.8,0.0,3,0,1,0,1,1,0,0,1,0,0,0,0.0
3,7,size7_comp0.6_grid7_base_medium,7,0.6,medium,base,base,11,7,18,4,7,1,1,1,1,0,-1,19,0.0,0.3157894736842105,0.3157894736842105,0.0,5,2,2,6,7,1,2,2,15,1,0,7,0.3684210526315789
4,7,size7_comp0.6_grid7_base_medium,7,0.6,medium,base,base,11,7,18,4,7,1,1,1,1,0,-1,30,0.0,0.43333333333333335,0.43333333333333335,0.0,9,5,8,5,5,6,6,6,21,5,0,5,0.16666666666666666
5,7,size7_comp0.6_grid7_base_medium,7,0.6,medium,base,base,11,7,18,4,7,1,1,1,1,0,-1,19,0.0,0.42105263157894735,0.42105263157894735,0.0,5,2,6,2,4,4,2,1,12,1,0,3,0.15789473684210525
6,7,size7_comp0.6_grid7_base_medium,7,0.6,medium,base,base,11,7,18,4,7,1,1,1,1,0,-1,5,0.0,0.8,0.8,0.0,3,0,1,0,0,1,1,0,1,0,0,0,0.0
7,7,size7_comp0.6_grid7_base_medium,7,0.6,medium,base,base,11,7,18,4,7,1,1,1,1,0,-1,7,0.0,0.7142857142857143,0.7142857142857143,0.0,3,0,2,1,1,1,1,2,3,2,0,0,0.0
8,7,size7_comp0.6_grid7_base_medium,7,0.6,medium,base,base,11,7,18,4,7,1,1,1,1,0,-1,15,0.0,0.5333333333333333,0.5333333333333333,0.0,4,1,5,4,1,3,1,7,9,6,0,2,0.13333333333333333
9,7,size7_comp0.6_grid7_base_medium,7,0.6,medium,base,base,11,7,18,4,7,1,1,1,0,0,-1,32,0.0,0.375,0.375,0.0,5,3,9,10,7,6,3,5,24,5,0,3,0.09375
0,8,size7_comp0.6_grid8_base_medium,7,0.6,medium,base,base,9,3,12,6,3,1,1,1,1,0,-1,26,0.0,0.5384615384615384,0.5384615384615384,0.0,7,2,7,8,7,5,5,4,15,4,0,2,0.07692307692307693
1,8,size7_comp0.6_grid8_base_medium,7,0.6,medium,base,base,9,3,12,6,3,1,1,1,1,1,16,21,0.5714285714285714,0.6666666666666666,0.6470588235294118,0.75,7,2,5,5,5,5,3,3,10,2,1,3,0.14285714285714285
2,8,size7_comp0.6_grid8_base_medium,7,0.6,medium,base,base,9,3,12,6,3,1,1,1,1,1,14,32,0.375,0.46875,0.7333333333333333,0.23529411764705882,7,2,6,7,6,5,3,6,22,5,5,4,0.125
3,8,size7_comp0.6_grid8_base_medium,7,0.6,medium,base,base,9,3,12,6,3,1,1,1,1,0,-1,21,0.0,0.5238095238095238,0.5238095238095238,0.0,8,3,5,4,2,5,4,7,12,6,0,4,0.19047619047619047
4,8,size7_comp0.6_grid8_base_medium,7,0.6,medium,base,base,9,3,12,6,3,1,1,1,0,0,-1,32,0.0,0.5625,0.5625,0.0,9,2,9,11,3,8,9,9,21,9,0,3,0.09375
5,8,size7_comp0.6_grid8_base_medium,7,0.6,medium,base,base,9,3,12,6,3,1,1,1,0,0,-1,32,0.0,0.5625,0.5625,0.0,7,1,11,12,5,6,6,12,21,12,0,3,0.09375
6,8,size7_comp0.6_grid8_base_medium,7,0.6,medium,base,base,9,3,12,6,3,1,1,1,1,1,11,20,0.6,0.65,0.8333333333333334,0.375,6,0,5,5,4,4,4,1,9,1,2,2,0.1
7,8,size7_comp0.6_grid8_base_medium,7,0.6,medium,base,base,9,3,12,6,3,1,1,1,1,1,15,25,0.48,0.6,0.75,0.3333333333333333,4,0,7,9,4,4,4,5,14,5,3,2,0.08
8,8,size7_comp0.6_grid8_base_medium,7,0.6,medium,base,base,9,3,12,6,3,1,1,1,1,1,11,16,0.75,0.8125,0.8333333333333334,0.75,5,1,4,5,5,1,5,2,6,2,1,1,0.0625
9,8,size7_comp0.6_grid8_base_medium,7,0.6,medium,base,base,9,3,12,6,3,1,1,1,1,0,-1,7,0.0,0.8571428571428571,0.8571428571428571,0.0,4,1,1,1,3,1,1,1,1,0,0,1,0.14285714285714285
0,9,size7_comp0.6_grid9_base_medium,7,0.6,medium,base,base,3,6,9,7,3,1,1,1,0,1,7,32,0.0,0.21875,0.5,0.125,4,0,5,7,5,2,1,2,24,1,2,6,0.1875
1,9,size7_comp0.6_grid9_base_medium,7,0.6,medium,base,base,3,6,9,7,3,1,1,1,0,1,4,32,0.0,0.15625,0.6,0.07407407407407407,3,0,1,6,2,1,1,0,26,0,0,4,0.125
2,9,size7_comp0.6_grid9_base_medium,7,0.6,medium,base,base,3,6,9,7,3,1,1,1,0,1,3,32,0.0,0.25,0.75,0.17857142857142858,3,1,3,7,2,1,2,0,26,0,7,3,0.09375
3,9,size7_comp0.6_grid9_base_medium,7,0.6,medium,base,base,3,6,9,7,3,1,1,1,0,1,5,32,0.0,0.21875,0.6666666666666666,0.11538461538461539,4,1,1,10,7,0,0,2,26,2,6,7,0.21875
4,9,size7_comp0.6_grid9_base_medium,7,0.6,medium,base,base,3,6,9,7,3,1,1,1,0,1,3,32,0.0,0.15625,0.75,0.07142857142857142,3,0,1,6,2,1,1,0,26,0,2,5,0.15625
5,9,size7_comp0.6_grid9_base_medium,7,0.6,medium,base,base,3,6,9,7,3,1,1,1,0,1,2,32,0.0,0.21875,1.0,0.13793103448275862,3,0,2,7,4,0,0,0,26,0,6,3,0.09375
6,9,size7_comp0.6_grid9_base_medium,7,0.6,medium,base,base,3,6,9,7,3,1,1,1,0,1,3,32,0.0,0.25,0.75,0.17857142857142858,3,1,3,9,3,1,1,1,26,0,0,5,0.15625
7,9,size7_comp0.6_grid9_base_medium,7,0.6,medium,base,base,3,6,9,7,3,1,1,1,0,1,8,32,0.0,0.25,0.5555555555555556,0.13043478260869565,4,3,4,9,4,4,1,6,25,4,2,8,0.25
8,9,size7_comp0.6_grid9_base_medium,7,0.6,medium,base,base,3,6,9,7,3,1,1,1,0,1,4,32,0.0,0.25,0.6,0.18518518518518517,3,0,5,10,6,1,2,3,26,2,0,7,0.21875
9,9,size7_comp0.6_grid9_base_medium,7,0.6,medium,base,base,3,6,9,7,3,1,1,1,0,1,3,32,0.0,0.1875,0.75,0.10714285714285714,4,1,2,10,4,3,1,1,26,1,3,9,0.28125
0,0,size9_comp0.0_grid0_base_medium,9,0.0,medium,base,base,4,5,9,9,0,1,1,1,1,1,3,10,0.9,0.9,1.0,0.8333333333333334,4,0,5,0,7,0,0,0,1,0,1,0,0.0
1,0,size9_comp0.0_grid0_base_medium,9,0.0,medium,base,base,4,5,9,9,0,1,1,1,1,1,12,20,0.45,0.65,0.6153846153846154,0.7142857142857143,6,2,7,5,6,4,3,6,9,5,2,3,0.15
2,0,size9_comp0.0_grid0_base_medium,9,0.0,medium,base,base,4,5,9,9,0,1,1,1,1,0,-1,9,0.0,0.4444444444444444,0.4444444444444444,0.0,4,0,5,0,5,2,1,0,0,0,0,0,0.0
3,0,size9_comp0.0_grid0_base_medium,9,0.0,medium,base,base,4,5,9,9,0,1,1,1,1,0,-1,12,0.0,0.4166666666666667,0.4166666666666667,0.0,4,0,6,2,5,1,2,3,3,2,0,1,0.08333333333333333
4,0,size9_comp0.0_grid0_base_medium,9,0.0,medium,base,base,4,5,9,9,0,1,1,1,1,0,-1,17,0.0,0.47058823529411764,0.47058823529411764,0.0,4,0,9,4,4,3,3,6,6,6,0,0,0.0
5,0,size9_comp0.0_grid0_base_medium,9,0.0,medium,base,base,4,5,9,9,0,1,1,1,1,0,-1,25,0.0,0.48,0.48,0.0,9,5,8,3,5,4,7,8,13,8,0,0,0.0
6,0,size9_comp0.0_grid0_base_medium,9,0.0,medium,base,base,4,5,9,9,0,1,1,1,1,1,6,13,0.6923076923076923,0.7692307692307693,0.7142857142857143,0.8333333333333334,4,0,6,2,5,2,2,1,2,0,0,1,0.07692307692307693
7,0,size9_comp0.0_grid0_base_medium,9,0.0,medium,base,base,4,5,9,9,0,1,1,1,1,0,-1,11,0.0,0.45454545454545453,0.45454545454545453,0.0,4,0,6,1,4,4,1,1,1,1,0,0,0.0
8,0,size9_comp0.0_grid0_base_medium,9,0.0,medium,base,base,4,5,9,9,0,1,1,1,1,0,-1,18,0.0,0.3888888888888889,0.3888888888888889,0.0,5,1,7,5,5,7,3,2,5,2,0,3,0.16666666666666666
9,0,size9_comp0.0_grid0_base_medium,9,0.0,medium,base,base,4,5,9,9,0,1,1,1,1,1,24,35,0.2571428571428571,0.6,0.56,0.7,5,1,16,11,9,7,3,11,17,11,0,0,0.0
0,1,size9_comp0.0_grid1_base_medium,9,0.0,medium,base,base,7,6,13,3,5,1,1,1,1,0,-1,3,0.0,0.6666666666666666,0.6666666666666666,0.0,2,0,1,0,1,1,0,0,0,0,0,0,0.0
1,1,size9_comp0.0_grid1_base_medium,9,0.0,medium,base,base,7,6,13,3,5,1,1,1,1,0,-1,3,0.0,0.6666666666666666,0.6666666666666666,0.0,2,0,1,0,0,1,1,0,0,0,0,0,0.0
2,1,size9_comp0.0_grid1_base_medium,9,0.0,medium,base,base,7,6,13,3,5,1,1,1,1,0,-1,6,0.0,0.5,0.5,0.0,2,1,2,1,2,1,1,1,1,0,0,1,0.16666666666666666
3,1,size9_comp0.0_grid1_base_medium,9,0.0,medium,base,base,7,6,13,3,5,1,1,1,1,0,-1,3,0.0,0.6666666666666666,0.6666666666666666,0.0,2,0,1,0,1,0,1,0,0,0,0,0,0.0
4,1,size9_comp0.0_grid1_base_medium,9,0.0,medium,base,base,7,6,13,3,5,1,1,1,1,0,-1,3,0.0,0.6666666666666666,0.6666666666666666,0.0,2,0,1,0,1,1,0,0,0,0,0,0,0.0
5,1,size9_comp0.0_grid1_base_medium,9,0.0,medium,base,base,7,6,13,3,5,1,1,1,1,0,-1,3,0.0,0.6666666666666666,0.6666666666666666,0.0,2,0,1,0,1,0,1,0,0,0,0,0,0.0
6,1,size9_comp0.0_grid1_base_medium,9,0.0,medium,base,base,7,6,13,3,5,1,1,1,1,0,-1,3,0.0,0.6666666666666666,0.6666666666666666,0.0,2,0,1,0,1,1,0,0,0,0,0,0,0.0
7,1,size9_comp0.0_grid1_base_medium,9,0.0,medium,base,base,7,6,13,3,5,1,1,1,1,0,-1,3,0.0,0.6666666666666666,0.6666666666666666,0.0,2,0,1,0,0,1,1,0,0,0,0,0,0.0
8,1,size9_comp0.0_grid1_base_medium,9,0.0,medium,base,base,7,6,13,3,5,1,1,1,1,0,-1,18,0.0,0.5,0.5,0.0,4,2,6,5,5,3,4,3,4,3,0,0,0.0
9,1,size9_comp0.0_grid1_base_medium,9,0.0,medium,base,base,7,6,13,3,5,1,1,1,1,0,-1,3,0.0,0.6666666666666666,0.6666666666666666,0.0,2,0,1,0,0,1,1,0,0,0,0,0,0.0
0,2,size9_comp0.0_grid2_base_medium,9,0.0,medium,base,base,5,6,11,3,4,1,1,1,1,0,-1,9,0.0,0.4444444444444444,0.4444444444444444,0.0,0,0,3,6,4,0,0,4,5,4,0,0,0.0
1,2,size9_comp0.0_grid2_base_medium,9,0.0,medium,base,base,5,6,11,3,4,1,1,1,1,0,-1,13,0.0,0.46153846153846156,0.46153846153846156,0.0,0,0,5,8,4,0,0,8,10,8,0,0,0.0
2,2,size9_comp0.0_grid2_base_medium,9,0.0,medium,base,base,5,6,11,3,4,1,1,1,1,0,-1,7,0.0,0.42857142857142855,0.42857142857142855,0.0,0,0,2,5,2,0,0,4,4,4,0,0,0.0
3,2,size9_comp0.0_grid2_base_medium,9,0.0,medium,base,base,5,6,11,3,4,1,1,1,1,0,-1,5,0.0,0.4,0.4,0.0,0,0,1,4,2,0,0,2,2,2,0,0,0.0
4,2,size9_comp0.0_grid2_base_medium,9,0.0,medium,base,base,5,6,11,3,4,1,1,1,1,0,-1,7,0.0,0.42857142857142855,0.42857142857142855,0.0,0,0,2,5,2,0,0,4,4,4,0,0,0.0
5,2,size9_comp0.0_grid2_base_medium,9,0.0,medium,base,base,5,6,11,3,4,1,1,1,0,1,18,48,0.0,0.5416666666666666,0.631578947368421,0.4827586206896552,5,7,14,17,11,5,10,11,26,10,2,0,0.0
6,2,size9_comp0.0_grid2_base_medium,9,0.0,medium,base,base,5,6,11,3,4,1,1,1,1,0,-1,13,0.0,0.46153846153846156,0.46153846153846156,0.0,0,0,5,8,4,0,0,8,10,8,0,0,0.0
7,2,size9_comp0.0_grid2_base_medium,9,0.0,medium,base,base,5,6,11,3,4,1,1,1,1,0,-1,11,0.0,0.45454545454545453,0.45454545454545453,0.0,0,0,4,7,4,0,0,6,8,6,0,0,0.0
8,2,size9_comp0.0_grid2_base_medium,9,0.0,medium,base,base,5,6,11,3,4,1,1,1,1,0,-1,23,0.0,0.4782608695652174,0.4782608695652174,0.0,0,0,10,13,6,0,0,16,20,16,0,0,0.0
9,2,size9_comp0.0_grid2_base_medium,9,0.0,medium,base,base,5,6,11,3,4,1,1,1,1,0,-1,3,0.0,0.3333333333333333,0.3333333333333333,0.0,0,0,0,3,2,0,0,0,0,0,0,0,0.0
0,3,size9_comp0.0_grid3_base_medium,9,0.0,medium,base,base,4,5,9,5,2,1,1,1,0,1,19,48,0.0,0.5,0.6,0.42857142857142855,4,2,21,18,13,6,5,17,29,17,5,0,0.0
1,3,size9_comp0.0_grid3_base_medium,9,0.0,medium,base,base,4,5,9,5,2,1,1,1,0,1,9,48,0.0,0.4791666666666667,0.7,0.42105263157894735,3,2,19,18,12,6,3,16,32,15,2,0,0.0
2,3,size9_comp0.0_grid3_base_medium,9,0.0,medium,base,base,4,5,9,5,2,1,1,1,0,1,13,48,0.0,0.4791666666666667,0.5714285714285714,0.4411764705882353,4,2,19,19,14,7,2,16,31,16,1,0,0.0
3,3,size9_comp0.0_grid3_base_medium,9,0.0,medium,base,base,4,5,9,5,2,1,1,1,0,1,11,48,0.0,0.5,0.6666666666666666,0.4444444444444444,8,5,17,15,8,8,7,18,30,18,10,0,0.0
4,3,size9_comp0.0_grid3_base_medium,9,0.0,medium,base,base,4,5,9,5,2,1,1,1,0,1,4,48,0.0,0.4375,0.8,0.3953488372093023,3,2,17,17,14,2,0,13,37,13,9,0,0.0
5,3,size9_comp0.0_grid3_base_medium,9,0.0,medium,base,base,4,5,9,5,2,1,1,1,0,1,7,48,0.0,0.4583333333333333,0.75,0.4,3,1,19,17,9,2,5,19,38,19,6,0,0.0
6,3,size9_comp0.0_grid3_base_medium,9,0.0,medium,base,base,4,5,9,5,2,1,1,1,1,0,-1,30,0.0,0.4666666666666667,0.4666666666666667,0.0,1,4,14,11,3,2,8,16,20,15,0,1,0.03333333333333333
7,3,size9_comp0.0_grid3_base_medium,9,0.0,medium,base,base,4,5,9,5,2,1,1,1,0,1,14,48,0.0,0.4583333333333333,0.6,0.3939393939393939,4,2,18,17,12,6,4,12,31,12,6,0,0.0
8,3,size9_comp0.0_grid3_base_medium,9,0.0,medium,base,base,4,5,9,5,2,1,1,1,0,1,4,48,0.0,0.4375,0.8,0.3953488372093023,4,2,17,16,8,6,3,13,38,13,11,0,0.0
9,3,size9_comp0.0_grid3_base_medium,9,0.0,medium,base,base,4,5,9,5,2,1,1,1,0,1,7,48,0.0,0.4583333333333333,0.75,0.4,4,1,19,21,15,4,6,16,31,15,3,2,0.041666666666666664
0,4,size9_comp0.0_grid4_base_medium,9,0.0,medium,base,base,6,8,14,8,3,1,1,1,0,0,-1,48,0.0,0.4583333333333333,0.4583333333333333,0.0,2,5,20,21,19,5,3,20,35,19,0,1,0.020833333333333332
1,4,size9_comp0.0_grid4_base_medium,9,0.0,medium,base,base,6,8,14,8,3,1,1,1,0,1,15,48,0.0,0.5208333333333334,0.6875,0.4375,4,3,16,22,13,8,6,15,34,14,12,3,0.0625
2,4,size9_comp0.0_grid4_base_medium,9,0.0,medium,base,base,6,8,14,8,3,1,1,1,0,1,27,48,0.0,0.5625,0.6071428571428571,0.5,5,6,15,20,13,7,6,18,29,17,1,1,0.020833333333333332
3,4,size9_comp0.0_grid4_base_medium,9,0.0,medium,base,base,6,8,14,8,3,1,1,1,0,1,17,48,0.0,0.5416666666666666,0.6666666666666666,0.4666666666666667,4,3,17,22,9,11,2,21,35,21,14,1,0.020833333333333332
4,4,size9_comp0.0_grid4_base_medium,9,0.0,medium,base,base,6,8,14,8,3,1,1,1,0,0,-1,48,0.0,0.4791666666666667,0.4791666666666667,0.0,3,4,21,20,14,6,6,21,34,21,0,0,0.0
5,4,size9_comp0.0_grid4_base_medium,9,0.0,medium,base,base,6,8,14,8,3,1,1,1,0,0,-1,48,0.0,0.4791666666666667,0.4791666666666667,0.0,4,5,20,19,17,6,8,16,27,16,0,0,0.0
6,4,size9_comp0.0_grid4_base_medium,9,0.0,medium,base,base,6,8,14,8,3,1,1,1,0,1,7,48,0.0,0.5,0.875,0.425,3,3,15,22,11,6,5,15,36,13,16,2,0.041666666666666664
7,4,size9_comp0.0_grid4_base_medium,9,0.0,medium,base,base,6,8,14,8,3,1,1,1,0,0,-1,48,0.0,0.4791666666666667,0.4791666666666667,0.0,5,6,19,18,13,10,7,17,27,17,0,0,0.0
8,4,size9_comp0.0_grid4_base_medium,9,0.0,medium,base,base,6,8,14,8,3,1,1,1,0,0,-1,48,0.0,0.4791666666666667,0.4791666666666667,0.0,1,2,23,22,19,2,4,22,38,22,0,0,0.0
9,4,size9_comp0.0_grid4_base_medium,9,0.0,medium,base,base,6,8,14,8,3,1,1,1,0,0,-1,48,0.0,0.4583333333333333,0.4583333333333333,0.0,1,1,20,23,14,2,1,25,40,24,0,2,0.041666666666666664
0,5,size9_comp0.0_grid5_base_medium,9,0.0,medium,base,base,4,9,13,5,4,1,1,1,0,1,34,48,0.0,0.5208333333333334,0.5428571428571428,0.46153846153846156,4,2,18,22,20,5,3,15,27,14,1,2,0.041666666666666664
1,5,size9_comp0.0_grid5_base_medium,9,0.0,medium,base,base,4,9,13,5,4,1,1,1,0,1,8,48,0.0,0.4791666666666667,0.6666666666666666,0.4358974358974359,5,4,14,19,11,3,8,14,33,13,1,4,0.08333333333333333
2,5,size9_comp0.0_grid5_base_medium,9,0.0,medium,base,base,4,9,13,5,4,1,1,1,0,0,-1,48,0.0,0.5,0.5,0.0,5,6,19,17,8,8,11,18,33,18,0,0,0.0
3,5,size9_comp0.0_grid5_base_medium,9,0.0,medium,base,base,4,9,13,5,4,1,1,1,0,0,-1,48,0.0,0.5,0.5,0.0,5,6,19,18,13,10,8,16,31,16,0,0,0.0
4,5,size9_comp0.0_grid5_base_medium,9,0.0,medium,base,base,4,9,13,5,4,1,1,1,0,0,-1,48,0.0,0.4791666666666667,0.4791666666666667,0.0,8,8,15,15,12,5,14,12,29,11,0,1,0.020833333333333332
5,5,size9_comp0.0_grid5_base_medium,9,0.0,medium,base,base,4,9,13,5,4,1,1,1,0,0,-1,48,0.0,0.4375,0.4375,0.0,4,4,19,20,15,8,4,18,30,14,0,6,0.125
6,5,size9_comp0.0_grid5_base_medium,9,0.0,medium,base,base,4,9,13,5,4,1,1,1,0,0,-1,48,0.0,0.4583333333333333,0.4583333333333333,0.0,5,6,17,18,15,11,6,12,30,12,0,0,0.0
7,5,size9_comp0.0_grid5_base_medium,9,0.0,medium,base,base,4,9,13,5,4,1,1,1,0,0,-1,48,0.0,0.5,0.5,0.0,9,7,15,15,8,10,12,13,31,13,0,0,0.0
8,5,size9_comp0.0_grid5_base_medium,9,0.0,medium,base,base,4,9,13,5,4,1,1,1,0,1,19,48,0.0,0.4791666666666667,0.6,0.39285714285714285,3,2,18,18,12,4,4,14,37,14,1,1,0.020833333333333332
9,5,size9_comp0.0_grid5_base_medium,9,0.0,medium,base,base,4,9,13,5,4,1,1,1,0,0,-1,48,0.0,0.4583333333333333,0.4583333333333333,0.0,4,7,20,17,17,7,9,14,31,13,0,2,0.041666666666666664
0,6,size9_comp0.0_grid6_base_medium,9,0.0,medium,base,base,6,3,9,3,3,1,1,1,1,0,-1,5,0.0,0.8,0.8,0.0,1,3,0,1,1,1,0,2,2,2,0,0,0.0
1,6,size9_comp0.0_grid6_base_medium,9,0.0,medium,base,base,6,3,9,3,3,1,1,1,1,0,-1,7,0.0,0.7142857142857143,0.7142857142857143,0.0,0,2,2,3,3,1,1,1,1,1,0,0,0.0
2,6,size9_comp0.0_grid6_base_medium,9,0.0,medium,base,base,6,3,9,3,3,1,1,1,1,0,-1,5,0.0,0.8,0.8,0.0,1,3,0,1,1,0,1,2,2,2,0,0,0.0
3,6,size9_comp0.0_grid6_base_medium,9,0.0,medium,base,base,6,3,9,3,3,1,1,1,1,0,-1,15,0.0,0.6,0.6,0.0,2,4,4,5,0,4,6,4,7,4,0,0,0.0
4,6,size9_comp0.0_grid6_base_medium,9,0.0,medium,base,base,6,3,9,3,3,1,1,1,1,0,-1,21,0.0,0.5714285714285714,0.5714285714285714,0.0,1,3,8,9,9,4,4,3,6,3,0,0,0.0
5,6,size9_comp0.0_grid6_base_medium,9,0.0,medium,base,base,6,3,9,3,3,1,1,1,1,0,-1,17,0.0,0.5882352941176471,0.5882352941176471,0.0,1,3,6,7,4,3,2,7,9,7,0,0,0.0
6,6,size9_comp0.0_grid6_base_medium,9,0.0,medium,base,base,6,3,9,3,3,1,1,1,1,0,-1,7,0.0,0.7142857142857143,0.7142857142857143,0.0,1,3,1,2,1,1,4,0,0,0,0,0,0.0
7,6,size9_comp0.0_grid6_base_medium,9,0.0,medium,base,base,6,3,9,3,3,1,1,1,1,0,-1,3,0.0,1.0,1.0,0.0,0,2,0,1,0,1,1,0,0,0,0,0,0.0
8,6,size9_comp0.0_grid6_base_medium,9,0.0,medium,base,base,6,3,9,3,3,1,1,1,1,0,-1,5,0.0,0.8,0.8,0.0,0,2,1,2,0,0,3,1,1,1,0,0,0.0
9,6,size9_comp0.0_grid6_base_medium,9,0.0,medium,base,base,6,3,9,3,3,1,1,1,1,0,-1,3,0.0,1.0,1.0,0.0,0,2,0,1,0,1,1,0,0,0,0,0,0.0
0,7,size9_comp0.0_grid7_base_medium,9,0.0,medium,base,base,4,4,8,6,1,1,1,1,1,1,6,15,0.5333333333333333,0.7333333333333333,0.7142857142857143,0.75,5,0,5,4,3,2,5,2,3,2,0,0,0.0
1,7,size9_comp0.0_grid7_base_medium,9,0.0,medium,base,base,4,4,8,6,1,1,1,1,1,1,5,11,0.7272727272727273,0.8181818181818182,0.8333333333333334,0.8,5,0,3,2,2,3,3,0,1,0,0,0,0.0
2,7,size9_comp0.0_grid7_base_medium,9,0.0,medium,base,base,4,4,8,6,1,1,1,1,1,1,3,8,1.0,1.0,1.0,1.0,5,0,2,1,2,3,1,1,1,1,1,0,0.0
3,7,size9_comp0.0_grid7_base_medium,9,0.0,medium,base,base,4,4,8,6,1,1,1,1,1,1,3,18,0.4444444444444444,0.6666666666666666,1.0,0.5714285714285714,6,1,5,4,3,1,7,2,4,2,1,0,0.0
4,7,size9_comp0.0_grid7_base_medium,9,0.0,medium,base,base,4,4,8,6,1,1,1,1,1,1,3,12,0.6666666666666666,0.8333333333333334,1.0,0.75,6,1,3,2,3,2,5,1,2,1,2,0,0.0
5,7,size9_comp0.0_grid7_base_medium,9,0.0,medium,base,base,4,4,8,6,1,1,1,1,1,1,5,14,0.5714285714285714,0.7857142857142857,0.8333333333333334,0.75,6,1,4,3,4,2,4,3,4,3,0,0,0.0
6,7,size9_comp0.0_grid7_base_medium,9,0.0,medium,base,base,4,4,8,6,1,1,1,1,1,1,3,27,0.2962962962962963,0.5925925925925926,1.0,0.5217391304347826,8,3,7,6,8,3,4,6,14,6,0,0,0.0
7,7,size9_comp0.0_grid7_base_medium,9,0.0,medium,base,base,4,4,8,6,1,1,1,1,1,1,5,20,0.4,0.65,0.8333333333333334,0.5714285714285714,6,1,6,5,3,3,4,5,8,5,0,0,0.0
8,7,size9_comp0.0_grid7_base_medium,9,0.0,medium,base,base,4,4,8,6,1,1,1,1,1,1,3,11,0.7272727272727273,0.8181818181818182,1.0,0.7142857142857143,5,0,3,2,3,3,1,1,3,1,1,0,0.0
9,7,size9_comp0.0_grid7_base_medium,9,0.0,medium,base,base,4,4,8,6,1,1,1,1,1,1,3,9,0.8888888888888888,0.8888888888888888,1.0,0.8,5,0,2,1,4,1,1,0,1,0,0,0,0.0
0,8,size9_comp0.0_grid8_base_medium,9,0.0,medium,base,base,4,4,8,6,1,1,1,1,0,1,16,48,0.0,0.5208333333333334,0.5882352941176471,0.4838709677419355,8,7,18,13,12,12,4,15,35,15,2,0,0.0
1,8,size9_comp0.0_grid8_base_medium,9,0.0,medium,base,base,4,4,8,6,1,1,1,1,1,1,5,29,0.27586206896551724,0.6206896551724138,0.8333333333333334,0.5652173913043478,2,4,13,9,3,4,6,13,17,13,4,0,0.0
2,8,size9_comp0.0_grid8_base_medium,9,0.0,medium,base,base,4,4,8,6,1,1,1,1,1,1,7,28,0.2857142857142857,0.6428571428571429,0.75,0.6,2,4,13,9,11,6,2,8,12,8,1,0,0.0
3,8,size9_comp0.0_grid8_base_medium,9,0.0,medium,base,base,4,4,8,6,1,1,1,1,1,1,7,38,0.21052631578947367,0.5789473684210527,0.75,0.5333333333333333,6,7,14,10,9,12,8,6,22,6,4,1,0.02631578947368421
4,8,size9_comp0.0_grid8_base_medium,9,0.0,medium,base,base,4,4,8,6,1,1,1,1,0,1,3,48,0.0,0.4375,1.0,0.38636363636363635,5,5,15,14,9,4,6,10,32,9,4,1,0.020833333333333332
5,8,size9_comp0.0_grid8_base_medium,9,0.0,medium,base,base,4,4,8,6,1,1,1,1,0,1,8,48,0.0,0.4791666666666667,0.6666666666666666,0.4358974358974359,7,8,14,12,9,9,5,12,32,11,6,1,0.020833333333333332
6,8,size9_comp0.0_grid8_base_medium,9,0.0,medium,base,base,4,4,8,6,1,1,1,1,1,0,-1,6,0.0,0.5,0.5,0.0,0,2,4,0,3,1,1,0,0,0,0,0,0.0
7,8,size9_comp0.0_grid8_base_medium,9,0.0,medium,base,base,4,4,8,6,1,1,1,1,1,1,5,12,0.6666666666666666,0.8333333333333334,0.8333333333333334,0.8333333333333334,1,3,6,2,4,3,2,2,2,2,0,0,0.0
8,8,size9_comp0.0_grid8_base_medium,9,0.0,medium,base,base,4,4,8,6,1,1,1,1,1,0,-1,31,0.0,0.45161290322580644,0.45161290322580644,0.0,1,3,14,10,6,0,2,16,22,16,0,0,0.0
9,8,size9_comp0.0_grid8_base_medium,9,0.0,medium,base,base,4,4,8,6,1,1,1,1,1,1,3,24,0.3333333333333333,0.625,1.0,0.55,3,5,9,5,4,6,5,4,10,4,3,0,0.0
0,9,size9_comp0.0_grid9_base_medium,9,0.0,medium,base,base,6,5,11,5,3,1,1,1,1,0,-1,5,0.0,0.6,0.6,0.0,2,0,3,0,2,1,1,0,0,0,0,0,0.0
1,9,size9_comp0.0_grid9_base_medium,9,0.0,medium,base,base,6,5,11,5,3,1,1,1,1,0,-1,7,0.0,0.5714285714285714,0.5714285714285714,0.0,2,0,4,1,3,1,0,2,2,2,0,0,0.0
2,9,size9_comp0.0_grid9_base_medium,9,0.0,medium,base,base,6,5,11,5,3,1,1,1,1,0,-1,5,0.0,0.6,0.6,0.0,2,0,3,0,3,1,0,0,0,0,0,0,0.0
3,9,size9_comp0.0_grid9_base_medium,9,0.0,medium,base,base,6,5,11,5,3,1,1,1,1,0,-1,5,0.0,0.6,0.6,0.0,2,0,3,0,3,1,0,0,0,0,0,0,0.0
4,9,size9_comp0.0_grid9_base_medium,9,0.0,medium,base,base,6,5,11,5,3,1,1,1,1,0,-1,7,0.0,0.5714285714285714,0.5714285714285714,0.0,2,0,4,1,3,1,0,2,2,2,0,0,0.0
5,9,size9_comp0.0_grid9_base_medium,9,0.0,medium,base,base,6,5,11,5,3,1,1,1,1,0,-1,9,0.0,0.4444444444444444,0.4444444444444444,0.0,2,0,4,3,3,2,2,1,2,0,0,2,0.2222222222222222
6,9,size9_comp0.0_grid9_base_medium,9,0.0,medium,base,base,6,5,11,5,3,1,1,1,1,0,-1,5,0.0,0.6,0.6,0.0,2,0,3,0,2,1,1,0,0,0,0,0,0.0
7,9,size9_comp0.0_grid9_base_medium,9,0.0,medium,base,base,6,5,11,5,3,1,1,1,1,0,-1,7,0.0,0.5714285714285714,0.5714285714285714,0.0,2,0,4,1,3,1,0,2,2,2,0,0,0.0
8,9,size9_comp0.0_grid9_base_medium,9,0.0,medium,base,base,6,5,11,5,3,1,1,1,1,0,-1,7,0.0,0.42857142857142855,0.42857142857142855,0.0,2,0,3,0,2,0,1,0,2,0,0,0,0.0
9,9,size9_comp0.0_grid9_base_medium,9,0.0,medium,base,base,6,5,11,5,3,1,1,1,1,0,-1,10,0.0,0.5,0.5,0.0,2,0,5,3,3,1,2,3,3,2,0,1,0.1
0,0,size9_comp0.2_grid0_base_medium,9,0.2,medium,base,base,3,6,9,9,0,1,1,1,0,1,24,48,0.0,0.4166666666666667,0.32,0.5217391304347826,2,5,27,12,17,7,3,16,33,13,3,12,0.25
1,0,size9_comp0.2_grid0_base_medium,9,0.2,medium,base,base,3,6,9,9,0,1,1,1,0,1,10,48,0.0,0.4375,0.45454545454545453,0.43243243243243246,2,3,22,16,12,7,3,16,34,15,3,5,0.10416666666666667
2,0,size9_comp0.2_grid0_base_medium,9,0.2,medium,base,base,3,6,9,9,0,1,1,1,0,1,20,48,0.0,0.4375,0.42857142857142855,0.4444444444444444,1,3,22,17,16,3,3,15,35,13,6,6,0.125
3,0,size9_comp0.2_grid0_base_medium,9,0.2,medium,base,base,3,6,9,9,0,1,1,1,0,1,42,48,0.0,0.4375,0.4186046511627907,0.6,3,5,26,14,18,5,7,17,33,15,3,10,0.20833333333333334
4,0,size9_comp0.2_grid0_base_medium,9,0.2,medium,base,base,3,6,9,9,0,1,1,1,0,1,27,48,0.0,0.375,0.35714285714285715,0.4,3,2,27,13,15,6,4,17,38,12,7,14,0.2916666666666667
5,0,size9_comp0.2_grid0_base_medium,9,0.2,medium,base,base,3,6,9,9,0,1,1,1,0,1,26,48,0.0,0.3333333333333333,0.2962962962962963,0.38095238095238093,4,4,26,9,17,6,1,14,36,10,1,16,0.3333333333333333
6,0,size9_comp0.2_grid0_base_medium,9,0.2,medium,base,base,3,6,9,9,0,1,1,1,0,1,16,48,0.0,0.4583333333333333,0.47058823529411764,0.45161290322580644,3,2,23,18,16,2,7,19,36,16,2,7,0.14583333333333334
7,0,size9_comp0.2_grid0_base_medium,9,0.2,medium,base,base,3,6,9,9,0,1,1,1,0,1,15,48,0.0,0.3958333333333333,0.375,0.40625,2,4,22,13,11,4,4,18,36,16,4,7,0.14583333333333334
8,0,size9_comp0.2_grid0_base_medium,9,0.2,medium,base,base,3,6,9,9,0,1,1,1,0,1,33,48,0.0,0.4583333333333333,0.4411764705882353,0.5,1,3,26,17,18,4,3,20,34,19,2,7,0.14583333333333334
9,0,size9_comp0.2_grid0_base_medium,9,0.2,medium,base,base,3,6,9,9,0,1,1,1,0,0,-1,48,0.0,0.3333333333333333,0.3333333333333333,0.0,0,1,31,15,21,2,0,22,42,13,0,17,0.3541666666666667
0,1,size9_comp0.2_grid1_base_medium,9,0.2,medium,base,base,9,3,12,8,3,1,1,1,0,0,-1,48,0.0,0.16666666666666666,0.16666666666666666,0.0,1,0,43,4,38,2,0,7,41,4,0,35,0.7291666666666666
1,1,size9_comp0.2_grid1_base_medium,9,0.2,medium,base,base,9,3,12,8,3,1,1,1,0,0,-1,48,0.0,0.10416666666666667,0.10416666666666667,0.0,1,0,46,1,43,1,1,2,42,1,0,41,0.8541666666666666
2,1,size9_comp0.2_grid1_base_medium,9,0.2,medium,base,base,9,3,12,8,3,1,1,1,0,0,-1,48,0.0,0.1875,0.1875,0.0,2,0,40,6,34,2,2,9,41,5,0,33,0.6875
3,1,size9_comp0.2_grid1_base_medium,9,0.2,medium,base,base,9,3,12,8,3,1,1,1,0,0,-1,48,0.0,0.10416666666666667,0.10416666666666667,0.0,1,0,45,2,43,2,0,2,42,1,0,41,0.8541666666666666
4,1,size9_comp0.2_grid1_base_medium,9,0.2,medium,base,base,9,3,12,8,3,1,1,1,0,0,-1,48,0.0,0.14583333333333334,0.14583333333333334,0.0,1,0,44,3,39,1,1,6,41,3,0,37,0.7708333333333334
5,1,size9_comp0.2_grid1_base_medium,9,0.2,medium,base,base,9,3,12,8,3,1,1,1,0,0,-1,48,0.0,0.1875,0.1875,0.0,2,0,41,5,34,1,3,9,41,6,0,33,0.6875
6,1,size9_comp0.2_grid1_base_medium,9,0.2,medium,base,base,9,3,12,8,3,1,1,1,0,0,-1,48,0.0,0.14583333333333334,0.14583333333333334,0.0,1,0,44,3,39,1,1,6,41,2,0,37,0.7708333333333334
7,1,size9_comp0.2_grid1_base_medium,9,0.2,medium,base,base,9,3,12,8,3,1,1,1,0,0,-1,48,0.0,0.16666666666666666,0.16666666666666666,0.0,1,0,43,4,38,1,0,8,42,5,0,35,0.7291666666666666
8,1,size9_comp0.2_grid1_base_medium,9,0.2,medium,base,base,9,3,12,8,3,1,1,1,0,0,-1,48,0.0,0.16666666666666666,0.16666666666666666,0.0,2,0,42,4,36,3,1,7,41,6,0,35,0.7291666666666666
9,1,size9_comp0.2_grid1_base_medium,9,0.2,medium,base,base,9,3,12,8,3,1,1,1,0,0,-1,48,0.0,0.20833333333333334,0.20833333333333334,0.0,2,1,40,5,33,2,2,10,39,7,0,31,0.6458333333333334
0,2,size9_comp0.2_grid2_base_medium,9,0.2,medium,base,base,7,6,13,5,5,1,1,1,1,0,-1,7,0.0,0.5714285714285714,0.5714285714285714,0.0,0,1,5,1,3,2,0,1,1,1,0,0,0.0
1,2,size9_comp0.2_grid2_base_medium,9,0.2,medium,base,base,7,6,13,5,5,1,1,1,1,0,-1,5,0.0,0.6,0.6,0.0,0,1,4,0,2,1,1,0,0,0,0,0,0.0
2,2,size9_comp0.2_grid2_base_medium,9,0.2,medium,base,base,7,6,13,5,5,1,1,1,1,0,-1,7,0.0,0.5714285714285714,0.5714285714285714,0.0,0,1,5,1,3,0,2,1,1,1,0,0,0.0
3,2,size9_comp0.2_grid2_base_medium,9,0.2,medium,base,base,7,6,13,5,5,1,1,1,1,0,-1,6,0.0,0.5,0.5,0.0,0,1,4,1,3,1,0,1,1,0,0,1,0.16666666666666666
4,2,size9_comp0.2_grid2_base_medium,9,0.2,medium,base,base,7,6,13,5,5,1,1,1,1,0,-1,8,0.0,0.5,0.5,0.0,0,1,5,2,3,1,0,3,3,2,0,1,0.125
5,2,size9_comp0.2_grid2_base_medium,9,0.2,medium,base,base,7,6,13,5,5,1,1,1,1,0,-1,7,0.0,0.5714285714285714,0.5714285714285714,0.0,0,1,5,1,2,1,1,2,2,2,0,0,0.0
6,2,size9_comp0.2_grid2_base_medium,9,0.2,medium,base,base,7,6,13,5,5,1,1,1,1,0,-1,5,0.0,0.6,0.6,0.0,0,1,4,0,3,0,1,0,0,0,0,0,0.0
7,2,size9_comp0.2_grid2_base_medium,9,0.2,medium,base,base,7,6,13,5,5,1,1,1,1,0,-1,9,0.0,0.5555555555555556,0.5555555555555556,0.0,0,1,6,2,2,1,1,4,4,4,0,0,0.0
8,2,size9_comp0.2_grid2_base_medium,9,0.2,medium,base,base,7,6,13,5,5,1,1,1,1,0,-1,7,0.0,0.5714285714285714,0.5714285714285714,0.0,0,1,5,1,3,0,1,2,2,2,0,0,0.0
9,2,size9_comp0.2_grid2_base_medium,9,0.2,medium,base,base,7,6,13,5,5,1,1,1,1,0,-1,6,0.0,0.5,0.5,0.0,0,1,4,1,3,1,0,1,1,0,0,1,0.16666666666666666
0,3,size9_comp0.2_grid3_base_medium,9,0.2,medium,base,base,3,8,11,9,1,1,1,1,0,0,-1,48,0.0,0.4375,0.4375,0.0,8,6,21,13,13,6,14,14,32,14,0,4,0.08333333333333333
1,3,size9_comp0.2_grid3_base_medium,9,0.2,medium,base,base,3,8,11,9,1,1,1,1,0,0,-1,48,0.0,0.4166666666666667,0.4166666666666667,0.0,5,4,23,16,12,4,13,18,37,16,0,5,0.10416666666666667
2,3,size9_comp0.2_grid3_base_medium,9,0.2,medium,base,base,3,8,11,9,1,1,1,1,0,0,-1,48,0.0,0.3541666666666667,0.3541666666666667,0.0,7,4,26,11,14,6,12,15,37,15,0,11,0.22916666666666666
3,3,size9_comp0.2_grid3_base_medium,9,0.2,medium,base,base,3,8,11,9,1,1,1,1,0,0,-1,48,0.0,0.25,0.25,0.0,5,2,32,9,27,7,5,8,34,4,0,23,0.4791666666666667
4,3,size9_comp0.2_grid3_base_medium,9,0.2,medium,base,base,3,8,11,9,1,1,1,1,0,0,-1,48,0.0,0.3958333333333333,0.3958333333333333,0.0,8,7,20,13,9,9,13,16,36,13,0,6,0.125
5,3,size9_comp0.2_grid3_base_medium,9,0.2,medium,base,base,3,8,11,9,1,1,1,1,0,0,-1,48,0.0,0.4166666666666667,0.4166666666666667,0.0,9,4,21,14,12,5,15,15,38,14,0,5,0.10416666666666667
6,3,size9_comp0.2_grid3_base_medium,9,0.2,medium,base,base,3,8,11,9,1,1,1,1,0,0,-1,48,0.0,0.4166666666666667,0.4166666666666667,0.0,7,4,22,15,13,8,9,17,36,16,0,5,0.10416666666666667
7,3,size9_comp0.2_grid3_base_medium,9,0.2,medium,base,base,3,8,11,9,1,1,1,1,0,0,-1,48,0.0,0.4166666666666667,0.4166666666666667,0.0,5,3,24,16,9,3,8,27,38,25,0,4,0.08333333333333333
8,3,size9_comp0.2_grid3_base_medium,9,0.2,medium,base,base,3,8,11,9,1,1,1,1,0,0,-1,48,0.0,0.375,0.375,0.0,4,5,25,14,15,4,12,16,36,12,0,8,0.16666666666666666
9,3,size9_comp0.2_grid3_base_medium,9,0.2,medium,base,base,3,8,11,9,1,1,1,1,0,0,-1,48,0.0,0.3958333333333333,0.3958333333333333,0.0,8,6,22,12,11,12,12,12,32,10,0,7,0.14583333333333334
0,4,size9_comp0.2_grid4_base_medium,9,0.2,medium,base,base,5,5,10,10,0,1,1,1,0,1,29,48,0.0,0.5416666666666666,0.5666666666666667,0.5,6,2,17,21,8,6,4,25,36,24,7,2,0.041666666666666664
1,4,size9_comp0.2_grid4_base_medium,9,0.2,medium,base,base,5,5,10,10,0,1,1,1,1,1,13,37,0.2702702702702703,0.5675675675675675,0.5714285714285714,0.5652173913043478,7,1,10,17,15,4,5,8,21,8,1,3,0.08108108108108109
2,4,size9_comp0.2_grid4_base_medium,9,0.2,medium,base,base,5,5,10,10,0,1,1,1,1,1,9,31,0.3225806451612903,0.6129032258064516,0.7,0.5714285714285714,7,0,10,14,12,2,8,8,16,8,5,3,0.0967741935483871
3,4,size9_comp0.2_grid4_base_medium,9,0.2,medium,base,base,5,5,10,10,0,1,1,1,0,1,22,48,0.0,0.4791666666666667,0.5652173913043478,0.4,5,1,22,18,16,6,4,17,34,14,4,7,0.14583333333333334
4,4,size9_comp0.2_grid4_base_medium,9,0.2,medium,base,base,5,5,10,10,0,1,1,1,0,1,6,48,0.0,0.5,0.8571428571428571,0.43902439024390244,5,1,18,22,14,2,5,22,33,18,0,6,0.125
5,4,size9_comp0.2_grid4_base_medium,9,0.2,medium,base,base,5,5,10,10,0,1,1,1,0,1,32,48,0.0,0.5208333333333334,0.5151515151515151,0.5333333333333333,7,1,18,22,7,7,7,26,36,23,7,6,0.125
6,4,size9_comp0.2_grid4_base_medium,9,0.2,medium,base,base,5,5,10,10,0,1,1,1,0,1,20,48,0.0,0.4375,0.5238095238095238,0.37037037037037035,6,3,18,18,13,4,9,15,36,11,9,6,0.125
7,4,size9_comp0.2_grid4_base_medium,9,0.2,medium,base,base,5,5,10,10,0,1,1,1,0,1,15,48,0.0,0.4583333333333333,0.5625,0.40625,5,1,16,23,9,4,6,22,34,19,2,6,0.125
8,4,size9_comp0.2_grid4_base_medium,9,0.2,medium,base,base,5,5,10,10,0,1,1,1,0,1,29,48,0.0,0.4166666666666667,0.43333333333333335,0.3888888888888889,4,2,24,16,11,3,6,23,37,18,8,9,0.1875
9,4,size9_comp0.2_grid4_base_medium,9,0.2,medium,base,base,5,5,10,10,0,1,1,1,0,1,16,48,0.0,0.4791666666666667,0.5882352941176471,0.41935483870967744,7,4,16,19,9,11,7,16,37,16,18,3,0.0625
0,5,size9_comp0.2_grid5_base_medium,9,0.2,medium,base,base,4,5,9,3,3,1,1,1,1,0,-1,5,0.0,0.4,0.4,0.0,0,0,4,1,2,0,0,2,2,2,0,0,0.0
1,5,size9_comp0.2_grid5_base_medium,9,0.2,medium,base,base,4,5,9,3,3,1,1,1,1,0,-1,3,0.0,0.3333333333333333,0.3333333333333333,0.0,0,0,3,0,2,0,0,0,0,0,0,0,0.0
2,5,size9_comp0.2_grid5_base_medium,9,0.2,medium,base,base,4,5,9,3,3,1,1,1,1,0,-1,3,0.0,0.3333333333333333,0.3333333333333333,0.0,0,0,3,0,2,0,0,0,0,0,0,0,0.0
3,5,size9_comp0.2_grid5_base_medium,9,0.2,medium,base,base,4,5,9,3,3,1,1,1,1,0,-1,3,0.0,0.3333333333333333,0.3333333333333333,0.0,0,0,3,0,2,0,0,0,0,0,0,0,0.0
4,5,size9_comp0.2_grid5_base_medium,9,0.2,medium,base,base,4,5,9,3,3,1,1,1,1,0,-1,3,0.0,0.3333333333333333,0.3333333333333333,0.0,0,0,3,0,2,0,0,0,0,0,0,0,0.0
5,5,size9_comp0.2_grid5_base_medium,9,0.2,medium,base,base,4,5,9,3,3,1,1,1,1,0,-1,3,0.0,0.3333333333333333,0.3333333333333333,0.0,0,0,3,0,2,0,0,0,0,0,0,0,0.0
6,5,size9_comp0.2_grid5_base_medium,9,0.2,medium,base,base,4,5,9,3,3,1,1,1,1,0,-1,5,0.0,0.4,0.4,0.0,0,0,4,1,2,0,0,2,2,2,0,0,0.0
7,5,size9_comp0.2_grid5_base_medium,9,0.2,medium,base,base,4,5,9,3,3,1,1,1,1,0,-1,3,0.0,0.3333333333333333,0.3333333333333333,0.0,0,0,3,0,2,0,0,0,0,0,0,0,0.0
8,5,size9_comp0.2_grid5_base_medium,9,0.2,medium,base,base,4,5,9,3,3,1,1,1,1,0,-1,3,0.0,0.3333333333333333,0.3333333333333333,0.0,0,0,3,0,2,0,0,0,0,0,0,0,0.0
9,5,size9_comp0.2_grid5_base_medium,9,0.2,medium,base,base,4,5,9,3,3,1,1,1,1,0,-1,4,0.0,0.25,0.25,0.0,0,0,3,1,2,0,0,1,1,0,0,1,0.25
0,6,size9_comp0.2_grid6_base_medium,9,0.2,medium,base,base,6,4,10,4,4,1,1,1,1,0,-1,22,0.0,0.5454545454545454,0.5454545454545454,0.0,3,0,9,10,8,1,5,7,7,7,0,0,0.0
1,6,size9_comp0.2_grid6_base_medium,9,0.2,medium,base,base,6,4,10,4,4,1,1,1,1,0,-1,5,0.0,0.6,0.6,0.0,4,0,0,1,2,1,1,0,1,0,0,1,0.2
2,6,size9_comp0.2_grid6_base_medium,9,0.2,medium,base,base,6,4,10,4,4,1,1,1,1,0,-1,6,0.0,0.6666666666666666,0.6666666666666666,0.0,3,0,1,2,3,0,2,0,0,0,0,0,0.0
3,6,size9_comp0.2_grid6_base_medium,9,0.2,medium,base,base,6,4,10,4,4,1,1,1,1,0,-1,19,0.0,0.15789473684210525,0.15789473684210525,0.0,9,0,8,2,12,2,2,2,15,0,0,15,0.7894736842105263
4,6,size9_comp0.2_grid6_base_medium,9,0.2,medium,base,base,6,4,10,4,4,1,1,1,1,0,-1,16,0.0,0.5625,0.5625,0.0,3,0,6,7,7,2,4,2,2,2,0,0,0.0
5,6,size9_comp0.2_grid6_base_medium,9,0.2,medium,base,base,6,4,10,4,4,1,1,1,0,0,-1,48,0.0,0.5416666666666666,0.5416666666666666,0.0,4,1,22,21,17,1,3,26,34,25,0,0,0.0
6,6,size9_comp0.2_grid6_base_medium,9,0.2,medium,base,base,6,4,10,4,4,1,1,1,1,0,-1,27,0.0,0.14814814814814814,0.14814814814814814,0.0,4,0,19,4,15,3,4,4,21,0,0,21,0.7777777777777778
7,6,size9_comp0.2_grid6_base_medium,9,0.2,medium,base,base,6,4,10,4,4,1,1,1,0,0,-1,48,0.0,0.4791666666666667,0.4791666666666667,0.0,4,1,26,17,14,2,6,25,34,22,0,6,0.125
8,6,size9_comp0.2_grid6_base_medium,9,0.2,medium,base,base,6,4,10,4,4,1,1,1,1,0,-1,17,0.0,0.47058823529411764,0.47058823529411764,0.0,5,0,5,7,9,1,3,3,8,2,0,3,0.17647058823529413
9,6,size9_comp0.2_grid6_base_medium,9,0.2,medium,base,base,6,4,10,4,4,1,1,1,1,0,-1,13,0.0,0.38461538461538464,0.38461538461538464,0.0,8,0,2,3,8,2,1,1,7,1,0,5,0.38461538461538464
0,7,size9_comp0.2_grid7_base_medium,9,0.2,medium,base,base,4,5,9,5,2,1,1,1,1,0,-1,5,0.0,0.4,0.4,0.0,2,0,3,0,2,1,1,0,0,0,0,0,0.0
1,7,size9_comp0.2_grid7_base_medium,9,0.2,medium,base,base,4,5,9,5,2,1,1,1,1,0,-1,5,0.0,0.4,0.4,0.0,2,0,3,0,3,1,0,0,0,0,0,0,0.0
2,7,size9_comp0.2_grid7_base_medium,9,0.2,medium,base,base,4,5,9,5,2,1,1,1,1,0,-1,5,0.0,0.4,0.4,0.0,2,0,3,0,1,2,1,0,0,0,0,0,0.0
3,7,size9_comp0.2_grid7_base_medium,9,0.2,medium,base,base,4,5,9,5,2,1,1,1,1,0,-1,7,0.0,0.42857142857142855,0.42857142857142855,0.0,2,0,4,1,3,1,0,2,2,2,0,0,0.0
4,7,size9_comp0.2_grid7_base_medium,9,0.2,medium,base,base,4,5,9,5,2,1,1,1,1,0,-1,9,0.0,0.4444444444444444,0.4444444444444444,0.0,2,0,5,2,1,2,1,4,4,4,0,0,0.0
5,7,size9_comp0.2_grid7_base_medium,9,0.2,medium,base,base,4,5,9,5,2,1,1,1,1,0,-1,12,0.0,0.4166666666666667,0.4166666666666667,0.0,2,0,6,3,3,1,1,4,6,4,0,0,0.0
6,7,size9_comp0.2_grid7_base_medium,9,0.2,medium,base,base,4,5,9,5,2,1,1,1,1,0,-1,7,0.0,0.42857142857142855,0.42857142857142855,0.0,2,0,4,1,3,1,0,2,2,2,0,0,0.0
7,7,size9_comp0.2_grid7_base_medium,9,0.2,medium,base,base,4,5,9,5,2,1,1,1,1,0,-1,9,0.0,0.4444444444444444,0.4444444444444444,0.0,2,0,5,2,2,2,2,2,2,2,0,0,0.0
8,7,size9_comp0.2_grid7_base_medium,9,0.2,medium,base,base,4,5,9,5,2,1,1,1,1,0,-1,7,0.0,0.42857142857142855,0.42857142857142855,0.0,3,1,3,0,2,1,2,1,1,1,0,0,0.0
9,7,size9_comp0.2_grid7_base_medium,9,0.2,medium,base,base,4,5,9,5,2,1,1,1,1,0,-1,9,0.0,0.4444444444444444,0.4444444444444444,0.0,2,0,5,2,2,2,2,2,2,2,0,0,0.0
0,8,size9_comp0.2_grid8_base_medium,9,0.2,medium,base,base,8,7,15,3,6,1,1,1,1,0,-1,26,0.0,0.4230769230769231,0.4230769230769231,0.0,0,2,14,10,11,2,2,10,17,9,0,5,0.19230769230769232
1,8,size9_comp0.2_grid8_base_medium,9,0.2,medium,base,base,8,7,15,3,6,1,1,1,1,0,-1,13,0.0,0.5384615384615384,0.5384615384615384,0.0,0,2,5,6,3,4,0,5,6,5,0,0,0.0
2,8,size9_comp0.2_grid8_base_medium,9,0.2,medium,base,base,8,7,15,3,6,1,1,1,1,0,-1,8,0.0,0.5,0.5,0.0,0,2,3,3,3,2,0,2,3,2,0,1,0.125
3,8,size9_comp0.2_grid8_base_medium,9,0.2,medium,base,base,8,7,15,3,6,1,1,1,1,0,-1,3,0.0,0.6666666666666666,0.6666666666666666,0.0,0,2,0,1,1,1,0,0,0,0,0,0,0.0
4,8,size9_comp0.2_grid8_base_medium,9,0.2,medium,base,base,8,7,15,3,6,1,1,1,1,0,-1,7,0.0,0.5714285714285714,0.5714285714285714,0.0,0,2,2,3,2,1,2,1,1,1,0,0,0.0
5,8,size9_comp0.2_grid8_base_medium,9,0.2,medium,base,base,8,7,15,3,6,1,1,1,0,0,-1,48,0.0,0.5208333333333334,0.5208333333333334,0.0,4,9,21,14,9,5,10,23,37,22,0,5,0.10416666666666667
6,8,size9_comp0.2_grid8_base_medium,9,0.2,medium,base,base,8,7,15,3,6,1,1,1,1,0,-1,27,0.0,0.37037037037037035,0.37037037037037035,0.0,0,2,16,9,11,2,2,11,20,10,0,8,0.2962962962962963
7,8,size9_comp0.2_grid8_base_medium,9,0.2,medium,base,base,8,7,15,3,6,1,1,1,1,0,-1,7,0.0,0.5714285714285714,0.5714285714285714,0.0,0,2,2,3,2,1,1,2,3,2,0,0,0.0
8,8,size9_comp0.2_grid8_base_medium,9,0.2,medium,base,base,8,7,15,3,6,1,1,1,0,0,-1,48,0.0,0.3958333333333333,0.3958333333333333,0.0,1,4,28,15,19,3,5,20,37,18,0,13,0.2708333333333333
9,8,size9_comp0.2_grid8_base_medium,9,0.2,medium,base,base,8,7,15,3,6,1,1,1,1,0,-1,10,0.0,0.4,0.4,0.0,0,2,5,3,4,4,0,1,4,1,0,3,0.3
0,9,size9_comp0.2_grid9_base_medium,9,0.2,medium,base,base,6,9,15,3,6,1,1,1,0,0,-1,48,0.0,0.4791666666666667,0.4791666666666667,0.0,10,10,15,13,14,5,13,15,35,15,0,0,0.0
1,9,size9_comp0.2_grid9_base_medium,9,0.2,medium,base,base,6,9,15,3,6,1,1,1,0,0,-1,48,0.0,0.5,0.5,0.0,12,13,12,11,5,12,15,15,38,14,0,0,0.0
2,9,size9_comp0.2_grid9_base_medium,9,0.2,medium,base,base,6,9,15,3,6,1,1,1,0,0,-1,48,0.0,0.5,0.5,0.0,10,12,14,12,7,12,16,12,37,11,0,0,0.0
3,9,size9_comp0.2_grid9_base_medium,9,0.2,medium,base,base,6,9,15,3,6,1,1,1,0,0,-1,48,0.0,0.5,0.5,0.0,9,13,13,13,11,7,15,14,33,14,0,2,0.041666666666666664
4,9,size9_comp0.2_grid9_base_medium,9,0.2,medium,base,base,6,9,15,3,6,1,1,1,0,0,-1,48,0.0,0.5,0.5,0.0,8,10,15,15,8,12,14,13,35,12,0,1,0.020833333333333332
5,9,size9_comp0.2_grid9_base_medium,9,0.2,medium,base,base,6,9,15,3,6,1,1,1,0,0,-1,48,0.0,0.5,0.5,0.0,9,10,15,14,9,9,12,17,35,17,0,0,0.0
6,9,size9_comp0.2_grid9_base_medium,9,0.2,medium,base,base,6,9,15,3,6,1,1,1,0,0,-1,48,0.0,0.5,0.5,0.0,8,11,15,14,10,8,16,13,33,13,0,1,0.020833333333333332
7,9,size9_comp0.2_grid9_base_medium,9,0.2,medium,base,base,6,9,15,3,6,1,1,1,0,0,-1,48,0.0,0.4791666666666667,0.4791666666666667,0.0,12,12,12,12,7,11,8,21,36,19,0,2,0.041666666666666664
8,9,size9_comp0.2_grid9_base_medium,9,0.2,medium,base,base,6,9,15,3,6,1,1,1,0,0,-1,48,0.0,0.4791666666666667,0.4791666666666667,0.0,11,14,11,12,2,15,11,19,37,17,0,2,0.041666666666666664
9,9,size9_comp0.2_grid9_base_medium,9,0.2,medium,base,base,6,9,15,3,6,1,1,1,0,0,-1,48,0.0,0.4791666666666667,0.4791666666666667,0.0,11,12,11,14,11,10,14,12,31,12,0,2,0.041666666666666664
0,0,size9_comp0.4_grid0_base_medium,9,0.4,medium,base,base,3,8,11,7,2,1,1,1,0,0,-1,48,0.0,0.041666666666666664,0.041666666666666664,0.0,1,0,46,1,43,1,1,2,44,1,0,43,0.8958333333333334
1,0,size9_comp0.4_grid0_base_medium,9,0.4,medium,base,base,3,8,11,7,2,1,1,1,0,0,-1,48,0.0,0.14583333333333334,0.14583333333333334,0.0,1,0,41,6,38,1,0,8,44,6,0,33,0.6875
2,0,size9_comp0.4_grid0_base_medium,9,0.4,medium,base,base,3,8,11,7,2,1,1,1,0,0,-1,48,0.0,0.08333333333333333,0.08333333333333333,0.0,1,0,44,3,39,1,1,6,44,4,0,39,0.8125
3,0,size9_comp0.4_grid0_base_medium,9,0.4,medium,base,base,3,8,11,7,2,1,1,1,0,0,-1,48,0.0,0.125,0.125,0.0,1,3,39,5,29,4,4,10,43,4,0,35,0.7291666666666666
4,0,size9_comp0.4_grid0_base_medium,9,0.4,medium,base,base,3,8,11,7,2,1,1,1,0,0,-1,48,0.0,0.14583333333333334,0.14583333333333334,0.0,1,2,39,6,33,2,1,11,44,5,0,33,0.6875
5,0,size9_comp0.4_grid0_base_medium,9,0.4,medium,base,base,3,8,11,7,2,1,1,1,0,0,-1,48,0.0,0.14583333333333334,0.14583333333333334,0.0,2,1,39,6,32,4,2,9,43,5,0,34,0.7083333333333334
6,0,size9_comp0.4_grid0_base_medium,9,0.4,medium,base,base,3,8,11,7,2,1,1,1,0,0,-1,48,0.0,0.10416666666666667,0.10416666666666667,0.0,1,2,41,4,33,3,3,8,43,5,0,37,0.7708333333333334
7,0,size9_comp0.4_grid0_base_medium,9,0.4,medium,base,base,3,8,11,7,2,1,1,1,0,0,-1,48,0.0,0.125,0.125,0.0,1,0,42,5,37,1,1,8,44,4,0,35,0.7291666666666666
8,0,size9_comp0.4_grid0_base_medium,9,0.4,medium,base,base,3,8,11,7,2,1,1,1,0,0,-1,48,0.0,0.14583333333333334,0.14583333333333334,0.0,1,2,39,6,33,2,3,9,44,6,0,34,0.7083333333333334
9,0,size9_comp0.4_grid0_base_medium,9,0.4,medium,base,base,3,8,11,7,2,1,1,1,0,0,-1,48,0.0,0.0625,0.0625,0.0,1,0,38,9,31,1,1,14,44,1,0,43,0.8958333333333334
0,1,size9_comp0.4_grid1_base_medium,9,0.4,medium,base,base,9,12,21,3,9,1,1,1,1,0,-1,3,0.0,0.0,0.0,0.0,0,0,3,0,2,0,0,0,0,0,0,0,0.0
1,1,size9_comp0.4_grid1_base_medium,9,0.4,medium,base,base,9,12,21,3,9,1,1,1,1,0,-1,5,0.0,0.2,0.2,0.0,0,0,4,1,3,0,0,1,1,1,0,0,0.0
2,1,size9_comp0.4_grid1_base_medium,9,0.4,medium,base,base,9,12,21,3,9,1,1,1,1,0,-1,5,0.0,0.2,0.2,0.0,0,0,4,1,2,0,0,2,2,2,0,0,0.0
3,1,size9_comp0.4_grid1_base_medium,9,0.4,medium,base,base,9,12,21,3,9,1,1,1,1,0,-1,5,0.0,0.2,0.2,0.0,0,0,4,1,3,0,0,1,1,1,0,0,0.0
4,1,size9_comp0.4_grid1_base_medium,9,0.4,medium,base,base,9,12,21,3,9,1,1,1,1,0,-1,5,0.0,0.2,0.2,0.0,0,0,4,1,3,0,0,1,1,1,0,0,0.0
5,1,size9_comp0.4_grid1_base_medium,9,0.4,medium,base,base,9,12,21,3,9,1,1,1,1,0,-1,5,0.0,0.2,0.2,0.0,0,0,4,1,2,0,0,2,2,2,0,0,0.0
6,1,size9_comp0.4_grid1_base_medium,9,0.4,medium,base,base,9,12,21,3,9,1,1,1,1,0,-1,3,0.0,0.0,0.0,0.0,0,0,3,0,2,0,0,0,0,0,0,0,0.0
7,1,size9_comp0.4_grid1_base_medium,9,0.4,medium,base,base,9,12,21,3,9,1,1,1,1,0,-1,3,0.0,0.0,0.0,0.0,0,0,3,0,2,0,0,0,0,0,0,0,0.0
8,1,size9_comp0.4_grid1_base_medium,9,0.4,medium,base,base,9,12,21,3,9,1,1,1,1,0,-1,5,0.0,0.2,0.2,0.0,0,0,4,1,2,0,0,2,2,2,0,0,0.0
9,1,size9_comp0.4_grid1_base_medium,9,0.4,medium,base,base,9,12,21,3,9,1,1,1,1,0,-1,3,0.0,0.0,0.0,0.0,0,0,3,0,2,0,0,0,0,0,0,0,0.0
0,2,size9_comp0.4_grid2_base_medium,9,0.4,medium,base,base,4,3,7,5,3,1,1,1,0,1,13,48,0.0,0.3958333333333333,0.5714285714285714,0.3235294117647059,1,1,23,19,17,2,1,20,39,18,1,8,0.16666666666666666
1,2,size9_comp0.4_grid2_base_medium,9,0.4,medium,base,base,4,3,7,5,3,1,1,1,0,0,-1,48,0.0,0.3333333333333333,0.3333333333333333,0.0,1,4,26,17,17,3,3,24,41,20,0,14,0.2916666666666667
2,2,size9_comp0.4_grid2_base_medium,9,0.4,medium,base,base,4,3,7,5,3,1,1,1,0,0,-1,48,0.0,0.3333333333333333,0.3333333333333333,0.0,0,0,32,16,26,0,0,21,44,18,0,16,0.3333333333333333
3,2,size9_comp0.4_grid2_base_medium,9,0.4,medium,base,base,4,3,7,5,3,1,1,1,0,0,-1,48,0.0,0.22916666666666666,0.22916666666666666,0.0,2,3,16,27,23,3,6,15,39,10,0,25,0.5208333333333334
4,2,size9_comp0.4_grid2_base_medium,9,0.4,medium,base,base,4,3,7,5,3,1,1,1,0,0,-1,48,0.0,0.375,0.375,0.0,0,0,30,18,26,0,0,21,44,15,0,13,0.2708333333333333
5,2,size9_comp0.4_grid2_base_medium,9,0.4,medium,base,base,4,3,7,5,3,1,1,1,0,0,-1,48,0.0,0.375,0.375,0.0,0,0,30,18,19,0,0,28,45,20,0,12,0.25
6,2,size9_comp0.4_grid2_base_medium,9,0.4,medium,base,base,4,3,7,5,3,1,1,1,0,0,-1,48,0.0,0.3333333333333333,0.3333333333333333,0.0,1,1,29,17,22,3,1,21,42,12,0,17,0.3541666666666667
7,2,size9_comp0.4_grid2_base_medium,9,0.4,medium,base,base,4,3,7,5,3,1,1,1,0,0,-1,48,0.0,0.3333333333333333,0.3333333333333333,0.0,2,3,21,22,15,4,6,22,38,15,0,19,0.3958333333333333
8,2,size9_comp0.4_grid2_base_medium,9,0.4,medium,base,base,4,3,7,5,3,1,1,1,0,0,-1,48,0.0,0.2916666666666667,0.2916666666666667,0.0,2,2,28,16,21,5,3,18,40,11,0,20,0.4166666666666667
9,2,size9_comp0.4_grid2_base_medium,9,0.4,medium,base,base,4,3,7,5,3,1,1,1,0,0,-1,48,0.0,0.3333333333333333,0.3333333333333333,0.0,0,0,32,16,20,0,0,27,45,19,0,17,0.3541666666666667
0,3,size9_comp0.4_grid3_base_medium,9,0.4,medium,base,base,11,5,16,6,5,1,1,1,1,0,-1,10,0.0,0.7,0.7,0.0,0,3,6,1,4,1,2,2,4,1,0,2,0.2
1,3,size9_comp0.4_grid3_base_medium,9,0.4,medium,base,base,11,5,16,6,5,1,1,1,0,0,-1,48,0.0,0.14583333333333334,0.14583333333333334,0.0,0,20,24,4,14,15,13,5,42,4,0,35,0.7291666666666666
2,3,size9_comp0.4_grid3_base_medium,9,0.4,medium,base,base,11,5,16,6,5,1,1,1,0,0,-1,48,0.0,0.10416666666666667,0.10416666666666667,0.0,0,25,20,3,24,11,10,2,41,2,0,39,0.8125
3,3,size9_comp0.4_grid3_base_medium,9,0.4,medium,base,base,11,5,16,6,5,1,1,1,1,0,-1,6,0.0,1.0,1.0,0.0,0,3,3,0,2,1,2,0,0,0,0,0,0.0
4,3,size9_comp0.4_grid3_base_medium,9,0.4,medium,base,base,11,5,16,6,5,1,1,1,0,0,-1,48,0.0,0.22916666666666666,0.22916666666666666,0.0,0,15,25,8,14,9,14,10,42,6,0,27,0.5625
5,3,size9_comp0.4_grid3_base_medium,9,0.4,medium,base,base,11,5,16,6,5,1,1,1,1,0,-1,9,0.0,0.6666666666666666,0.6666666666666666,0.0,0,6,3,0,3,2,3,0,3,0,0,3,0.3333333333333333
6,3,size9_comp0.4_grid3_base_medium,9,0.4,medium,base,base,11,5,16,6,5,1,1,1,1,0,-1,11,0.0,0.6363636363636364,0.6363636363636364,0.0,0,4,6,1,4,3,3,0,3,0,0,3,0.2727272727272727
7,3,size9_comp0.4_grid3_base_medium,9,0.4,medium,base,base,11,5,16,6,5,1,1,1,0,0,-1,48,0.0,0.14583333333333334,0.14583333333333334,0.0,1,17,26,3,17,11,11,6,40,4,0,34,0.7083333333333334
8,3,size9_comp0.4_grid3_base_medium,9,0.4,medium,base,base,11,5,16,6,5,1,1,1,1,0,-1,9,0.0,0.6666666666666666,0.6666666666666666,0.0,0,3,3,3,3,2,2,1,3,0,0,3,0.3333333333333333
9,3,size9_comp0.4_grid3_base_medium,9,0.4,medium,base,base,11,5,16,6,5,1,1,1,1,0,-1,10,0.0,0.7,0.7,0.0,0,3,5,2,0,4,2,3,3,1,0,2,0.2
0,4,size9_comp0.4_grid4_base_medium,9,0.4,medium,base,base,7,4,11,3,4,1,1,1,1,0,-1,3,0.0,1.0,1.0,0.0,1,0,2,0,1,1,0,0,0,0,0,0,0.0
1,4,size9_comp0.4_grid4_base_medium,9,0.4,medium,base,base,7,4,11,3,4,1,1,1,0,0,-1,48,0.0,0.3333333333333333,0.3333333333333333,0.0,6,4,18,20,16,8,10,13,36,10,0,19,0.3958333333333333
2,4,size9_comp0.4_grid4_base_medium,9,0.4,medium,base,base,7,4,11,3,4,1,1,1,1,0,-1,9,0.0,0.6666666666666666,0.6666666666666666,0.0,1,0,5,3,3,1,1,3,4,3,0,0,0.0
3,4,size9_comp0.4_grid4_base_medium,9,0.4,medium,base,base,7,4,11,3,4,1,1,1,1,0,-1,3,0.0,1.0,1.0,0.0,1,0,2,0,0,1,1,0,0,0,0,0,0.0
4,4,size9_comp0.4_grid4_base_medium,9,0.4,medium,base,base,7,4,11,3,4,1,1,1,1,0,-1,3,0.0,1.0,1.0,0.0,1,0,2,0,1,0,1,0,0,0,0,0,0.0
5,4,size9_comp0.4_grid4_base_medium,9,0.4,medium,base,base,7,4,11,3,4,1,1,1,1,0,-1,5,0.0,0.8,0.8,0.0,1,0,3,1,1,0,1,2,2,2,0,0,0.0
6,4,size9_comp0.4_grid4_base_medium,9,0.4,medium,base,base,7,4,11,3,4,1,1,1,1,0,-1,3,0.0,1.0,1.0,0.0,1,0,2,0,1,1,0,0,0,0,0,0,0.0
7,4,size9_comp0.4_grid4_base_medium,9,0.4,medium,base,base,7,4,11,3,4,1,1,1,1,0,-1,5,0.0,0.8,0.8,0.0,1,0,3,1,1,1,1,1,1,1,0,0,0.0
8,4,size9_comp0.4_grid4_base_medium,9,0.4,medium,base,base,7,4,11,3,4,1,1,1,1,0,-1,5,0.0,0.8,0.8,0.0,1,0,3,1,2,2,0,0,0,0,0,0,0.0
9,4,size9_comp0.4_grid4_base_medium,9,0.4,medium,base,base,7,4,11,3,4,1,1,1,1,0,-1,7,0.0,0.7142857142857143,0.7142857142857143,0.0,1,0,4,2,2,2,0,2,2,2,0,0,0.0
0,5,size9_comp0.4_grid5_base_medium,9,0.4,medium,base,base,5,5,10,8,1,1,1,1,0,0,-1,48,0.0,0.3125,0.3125,0.0,6,9,24,9,10,14,9,14,38,8,0,21,0.4375
1,5,size9_comp0.4_grid5_base_medium,9,0.4,medium,base,base,5,5,10,8,1,1,1,1,0,1,5,48,0.0,0.3333333333333333,0.8333333333333334,0.2619047619047619,6,7,24,9,22,14,4,3,37,2,6,19,0.3958333333333333
2,5,size9_comp0.4_grid5_base_medium,9,0.4,medium,base,base,5,5,10,8,1,1,1,1,0,1,17,48,0.0,0.5,0.6111111111111112,0.43333333333333335,4,8,22,12,13,8,9,13,35,12,0,7,0.14583333333333334
3,5,size9_comp0.4_grid5_base_medium,9,0.4,medium,base,base,5,5,10,8,1,1,1,1,1,1,9,32,0.3125,0.5,0.5,0.5,2,7,14,7,6,4,11,6,17,4,0,8,0.25
4,5,size9_comp0.4_grid5_base_medium,9,0.4,medium,base,base,5,5,10,8,1,1,1,1,1,0,-1,36,0.0,0.3888888888888889,0.3888888888888889,0.0,2,10,15,9,4,9,10,12,24,10,0,8,0.2222222222222222
5,5,size9_comp0.4_grid5_base_medium,9,0.4,medium,base,base,5,5,10,8,1,1,1,1,0,1,13,48,0.0,0.4583333333333333,0.6428571428571429,0.38235294117647056,6,8,20,14,15,12,5,15,36,12,7,7,0.14583333333333334
6,5,size9_comp0.4_grid5_base_medium,9,0.4,medium,base,base,5,5,10,8,1,1,1,1,0,1,16,48,0.0,0.3333333333333333,0.35294117647058826,0.3225806451612903,4,7,25,11,14,11,8,12,39,9,12,20,0.4166666666666667
7,5,size9_comp0.4_grid5_base_medium,9,0.4,medium,base,base,5,5,10,8,1,1,1,1,0,1,23,48,0.0,0.3958333333333333,0.4583333333333333,0.3333333333333333,2,8,20,14,15,8,7,10,35,8,12,11,0.22916666666666666
8,5,size9_comp0.4_grid5_base_medium,9,0.4,medium,base,base,5,5,10,8,1,1,1,1,0,1,44,48,0.0,0.375,0.37777777777777777,0.3333333333333333,3,6,26,13,17,11,2,17,39,12,1,16,0.3333333333333333
9,5,size9_comp0.4_grid5_base_medium,9,0.4,medium,base,base,5,5,10,8,1,1,1,1,0,1,15,48,0.0,0.4791666666666667,0.5,0.46875,5,9,18,15,10,8,10,17,35,15,1,9,0.1875
0,6,size9_comp0.4_grid6_base_medium,9,0.4,medium,base,base,3,4,7,5,1,1,1,1,0,1,31,48,0.0,0.4166666666666667,0.4375,0.375,3,2,24,19,18,4,4,21,40,16,8,12,0.25
1,6,size9_comp0.4_grid6_base_medium,9,0.4,medium,base,base,3,4,7,5,1,1,1,1,0,1,16,48,0.0,0.375,0.4117647058823529,0.3548387096774194,3,3,23,15,14,3,9,14,35,11,12,8,0.16666666666666666
2,6,size9_comp0.4_grid6_base_medium,9,0.4,medium,base,base,3,4,7,5,1,1,1,1,0,1,39,48,0.0,0.3125,0.3,0.375,1,3,33,11,19,1,5,22,41,17,0,19,0.3958333333333333
3,6,size9_comp0.4_grid6_base_medium,9,0.4,medium,base,base,3,4,7,5,1,1,1,1,0,1,9,48,0.0,0.3958333333333333,0.3,0.42105263157894735,2,3,23,18,23,3,5,12,36,9,14,12,0.25
4,6,size9_comp0.4_grid6_base_medium,9,0.4,medium,base,base,3,4,7,5,1,1,1,1,0,1,7,48,0.0,0.375,0.5,0.35,1,1,30,15,19,3,1,22,43,16,5,14,0.2916666666666667
5,6,size9_comp0.4_grid6_base_medium,9,0.4,medium,base,base,3,4,7,5,1,1,1,1,0,1,41,48,0.0,0.4166666666666667,0.42857142857142855,0.3333333333333333,2,3,26,17,14,4,6,23,38,17,4,10,0.20833333333333334
6,6,size9_comp0.4_grid6_base_medium,9,0.4,medium,base,base,3,4,7,5,1,1,1,1,0,1,13,48,0.0,0.3541666666666667,0.35714285714285715,0.35294117647058826,3,1,28,16,22,5,2,18,39,11,2,14,0.2916666666666667
7,6,size9_comp0.4_grid6_base_medium,9,0.4,medium,base,base,3,4,7,5,1,1,1,1,0,1,2,48,0.0,0.3958333333333333,1.0,0.35555555555555557,2,2,20,19,17,1,6,13,39,10,24,6,0.125
8,6,size9_comp0.4_grid6_base_medium,9,0.4,medium,base,base,3,4,7,5,1,1,1,1,0,1,45,48,0.0,0.2708333333333333,0.2608695652173913,0.5,0,1,36,11,29,1,1,16,43,8,1,25,0.5208333333333334
9,6,size9_comp0.4_grid6_base_medium,9,0.4,medium,base,base,3,4,7,5,1,1,1,1,0,1,27,48,0.0,0.3541666666666667,0.35714285714285715,0.35,2,4,26,14,20,3,3,17,39,12,9,14,0.2916666666666667
0,7,size9_comp0.4_grid7_base_medium,9,0.4,medium,base,base,3,7,10,6,3,1,1,1,1,0,-1,39,0.0,0.3333333333333333,0.3333333333333333,0.0,15,5,12,7,12,10,6,10,27,8,0,9,0.23076923076923078
1,7,size9_comp0.4_grid7_base_medium,9,0.4,medium,base,base,3,7,10,6,3,1,1,1,1,0,-1,17,0.0,0.23529411764705882,0.23529411764705882,0.0,5,1,5,6,4,3,6,3,8,2,0,5,0.29411764705882354
2,7,size9_comp0.4_grid7_base_medium,9,0.4,medium,base,base,3,7,10,6,3,1,1,1,1,0,-1,34,0.0,0.35294117647058826,0.35294117647058826,0.0,9,4,13,8,3,8,8,14,26,11,0,6,0.17647058823529413
3,7,size9_comp0.4_grid7_base_medium,9,0.4,medium,base,base,3,7,10,6,3,1,1,1,0,0,-1,48,0.0,0.3958333333333333,0.3958333333333333,0.0,9,7,16,15,7,10,12,16,36,13,0,5,0.10416666666666667
4,7,size9_comp0.4_grid7_base_medium,9,0.4,medium,base,base,3,7,10,6,3,1,1,1,1,0,-1,39,0.0,0.358974358974359,0.358974358974359,0.0,9,4,14,12,8,9,9,12,30,10,0,7,0.1794871794871795
5,7,size9_comp0.4_grid7_base_medium,9,0.4,medium,base,base,3,7,10,6,3,1,1,1,1,0,-1,21,0.0,0.2857142857142857,0.2857142857142857,0.0,6,1,9,5,3,3,8,6,13,4,0,5,0.23809523809523808
6,7,size9_comp0.4_grid7_base_medium,9,0.4,medium,base,base,3,7,10,6,3,1,1,1,1,0,-1,31,0.0,0.22580645161290322,0.22580645161290322,0.0,9,2,12,6,8,4,10,5,21,2,0,11,0.3548387096774194
7,7,size9_comp0.4_grid7_base_medium,9,0.4,medium,base,base,3,7,10,6,3,1,1,1,0,1,18,48,0.0,0.1875,0.2631578947368421,0.13793103448275862,5,0,33,8,30,4,3,6,37,1,1,34,0.7083333333333334
8,7,size9_comp0.4_grid7_base_medium,9,0.4,medium,base,base,3,7,10,6,3,1,1,1,1,0,-1,21,0.0,0.3333333333333333,0.3333333333333333,0.0,6,1,8,6,4,2,6,8,10,6,0,3,0.14285714285714285
9,7,size9_comp0.4_grid7_base_medium,9,0.4,medium,base,base,3,7,10,6,3,1,1,1,1,0,-1,30,0.0,0.4,0.4,0.0,6,3,13,8,5,2,4,18,20,17,0,2,0.06666666666666667
0,8,size9_comp0.4_grid8_base_medium,9,0.4,medium,base,base,3,8,11,5,3,1,1,1,0,1,19,48,0.0,0.375,0.35,0.39285714285714285,5,4,17,15,11,3,10,11,33,7,7,10,0.20833333333333334
1,8,size9_comp0.4_grid8_base_medium,9,0.4,medium,base,base,3,8,11,5,3,1,1,1,0,1,10,48,0.0,0.4791666666666667,0.5454545454545454,0.4594594594594595,3,2,17,23,17,3,3,18,35,14,2,6,0.125
2,8,size9_comp0.4_grid8_base_medium,9,0.4,medium,base,base,3,8,11,5,3,1,1,1,0,1,6,48,0.0,0.4583333333333333,0.7142857142857143,0.4146341463414634,5,5,15,20,13,8,8,12,33,9,0,7,0.14583333333333334
3,8,size9_comp0.4_grid8_base_medium,9,0.4,medium,base,base,3,8,11,5,3,1,1,1,0,1,38,48,0.0,0.4583333333333333,0.41025641025641024,0.6666666666666666,4,2,23,19,16,2,7,22,36,19,1,10,0.20833333333333334
4,8,size9_comp0.4_grid8_base_medium,9,0.4,medium,base,base,3,8,11,5,3,1,1,1,0,1,20,48,0.0,0.4791666666666667,0.42857142857142855,0.5185185185185185,7,3,14,23,16,9,6,14,32,11,2,9,0.1875
5,8,size9_comp0.4_grid8_base_medium,9,0.4,medium,base,base,3,8,11,5,3,1,1,1,0,1,25,48,0.0,0.375,0.5384615384615384,0.18181818181818182,4,5,23,16,17,5,10,15,37,9,1,17,0.3541666666666667
6,8,size9_comp0.4_grid8_base_medium,9,0.4,medium,base,base,3,8,11,5,3,1,1,1,0,1,12,48,0.0,0.4583333333333333,0.6153846153846154,0.4,4,3,18,19,11,7,3,19,35,16,1,9,0.1875
7,8,size9_comp0.4_grid8_base_medium,9,0.4,medium,base,base,3,8,11,5,3,1,1,1,0,1,25,48,0.0,0.5416666666666666,0.5384615384615384,0.5454545454545454,5,3,17,22,12,9,4,20,34,20,1,2,0.041666666666666664
8,8,size9_comp0.4_grid8_base_medium,9,0.4,medium,base,base,3,8,11,5,3,1,1,1,0,1,27,48,0.0,0.5208333333333334,0.5357142857142857,0.5,4,2,18,22,18,5,5,15,31,15,1,2,0.041666666666666664
9,8,size9_comp0.4_grid8_base_medium,9,0.4,medium,base,base,3,8,11,5,3,1,1,1,0,1,6,48,0.0,0.5208333333333334,0.7142857142857143,0.4878048780487805,5,5,17,20,9,5,10,21,35,17,0,4,0.08333333333333333
0,9,size9_comp0.4_grid9_base_medium,9,0.4,medium,base,base,9,5,14,12,1,1,1,1,0,0,-1,48,0.0,0.10416666666666667,0.10416666666666667,0.0,0,28,15,5,24,10,9,4,45,3,0,37,0.7708333333333334
1,9,size9_comp0.4_grid9_base_medium,9,0.4,medium,base,base,9,5,14,12,1,1,1,1,0,0,-1,48,0.0,0.10416666666666667,0.10416666666666667,0.0,0,19,24,5,22,11,9,5,46,4,0,37,0.7708333333333334
2,9,size9_comp0.4_grid9_base_medium,9,0.4,medium,base,base,9,5,14,12,1,1,1,1,0,0,-1,48,0.0,0.125,0.125,0.0,0,24,18,6,19,10,11,7,45,4,0,36,0.75
3,9,size9_comp0.4_grid9_base_medium,9,0.4,medium,base,base,9,5,14,12,1,1,1,1,0,1,46,48,0.0,0.25,0.23404255319148937,1.0,0,20,23,5,21,12,12,2,37,0,0,34,0.7083333333333334
4,9,size9_comp0.4_grid9_base_medium,9,0.4,medium,base,base,9,5,14,12,1,1,1,1,0,0,-1,48,0.0,0.125,0.125,0.0,0,23,19,6,15,15,10,7,45,5,0,35,0.7291666666666666
5,9,size9_comp0.4_grid9_base_medium,9,0.4,medium,base,base,9,5,14,12,1,1,1,1,0,0,-1,48,0.0,0.10416666666666667,0.10416666666666667,0.0,0,22,21,5,22,10,10,5,45,3,0,38,0.7916666666666666
6,9,size9_comp0.4_grid9_base_medium,9,0.4,medium,base,base,9,5,14,12,1,1,1,1,0,0,-1,48,0.0,0.08333333333333333,0.08333333333333333,0.0,0,23,21,4,17,16,10,4,46,3,0,40,0.8333333333333334
7,9,size9_comp0.4_grid9_base_medium,9,0.4,medium,base,base,9,5,14,12,1,1,1,1,0,0,-1,48,0.0,0.125,0.125,0.0,0,19,23,6,15,14,11,7,45,4,0,36,0.75
8,9,size9_comp0.4_grid9_base_medium,9,0.4,medium,base,base,9,5,14,12,1,1,1,1,0,0,-1,48,0.0,0.125,0.125,0.0,0,23,19,6,14,14,13,6,46,3,0,35,0.7291666666666666
9,9,size9_comp0.4_grid9_base_medium,9,0.4,medium,base,base,9,5,14,12,1,1,1,1,0,0,-1,48,0.0,0.125,0.125,0.0,0,19,23,6,15,14,11,7,46,5,0,35,0.7291666666666666
0,0,size9_comp0.6_grid0_base_medium,9,0.6,medium,base,base,5,6,11,3,4,1,1,1,0,0,-1,48,0.0,0.3541666666666667,0.3541666666666667,0.0,9,5,21,13,7,7,18,15,38,13,0,11,0.22916666666666666
1,0,size9_comp0.6_grid0_base_medium,9,0.6,medium,base,base,5,6,11,3,4,1,1,1,0,0,-1,48,0.0,0.1875,0.1875,0.0,3,4,13,27,20,3,7,15,43,9,0,27,0.5625
2,0,size9_comp0.6_grid0_base_medium,9,0.6,medium,base,base,5,6,11,3,4,1,1,1,0,0,-1,48,0.0,0.4375,0.4375,0.0,5,4,23,16,10,4,9,24,40,21,0,6,0.125
3,0,size9_comp0.6_grid0_base_medium,9,0.6,medium,base,base,5,6,11,3,4,1,1,1,0,0,-1,48,0.0,0.2916666666666667,0.2916666666666667,0.0,5,3,21,19,20,3,5,19,41,9,0,18,0.375
4,0,size9_comp0.6_grid0_base_medium,9,0.6,medium,base,base,5,6,11,3,4,1,1,1,0,0,-1,48,0.0,0.3125,0.3125,0.0,12,4,19,13,13,6,14,14,41,11,0,16,0.3333333333333333
5,0,size9_comp0.6_grid0_base_medium,9,0.6,medium,base,base,5,6,11,3,4,1,1,1,0,0,-1,48,0.0,0.25,0.25,0.0,9,4,24,11,17,8,9,13,38,8,0,23,0.4791666666666667
6,0,size9_comp0.6_grid0_base_medium,9,0.6,medium,base,base,5,6,11,3,4,1,1,1,0,0,-1,48,0.0,0.3333333333333333,0.3333333333333333,0.0,4,3,24,17,11,3,11,22,42,15,0,12,0.25
7,0,size9_comp0.6_grid0_base_medium,9,0.6,medium,base,base,5,6,11,3,4,1,1,1,0,0,-1,48,0.0,0.2916666666666667,0.2916666666666667,0.0,5,7,13,23,21,7,7,12,39,10,0,19,0.3958333333333333
8,0,size9_comp0.6_grid0_base_medium,9,0.6,medium,base,base,5,6,11,3,4,1,1,1,0,0,-1,48,0.0,0.3333333333333333,0.3333333333333333,0.0,5,5,23,15,18,6,8,15,38,8,0,14,0.2916666666666667
9,0,size9_comp0.6_grid0_base_medium,9,0.6,medium,base,base,5,6,11,3,4,1,1,1,0,0,-1,48,0.0,0.3958333333333333,0.3958333333333333,0.0,10,4,16,18,11,5,15,16,37,14,0,10,0.20833333333333334
0,1,size9_comp0.6_grid1_base_medium,9,0.6,medium,base,base,4,5,9,3,3,1,1,1,1,0,-1,3,0.0,0.3333333333333333,0.3333333333333333,0.0,1,0,2,0,1,1,0,0,0,0,0,0,0.0
1,1,size9_comp0.6_grid1_base_medium,9,0.6,medium,base,base,4,5,9,3,3,1,1,1,1,0,-1,4,0.0,0.25,0.25,0.0,1,0,3,0,2,0,1,0,1,0,0,1,0.25
2,1,size9_comp0.6_grid1_base_medium,9,0.6,medium,base,base,4,5,9,3,3,1,1,1,1,0,-1,3,0.0,0.3333333333333333,0.3333333333333333,0.0,1,0,2,0,1,0,1,0,0,0,0,0,0.0
3,1,size9_comp0.6_grid1_base_medium,9,0.6,medium,base,base,4,5,9,3,3,1,1,1,1,0,-1,6,0.0,0.3333333333333333,0.3333333333333333,0.0,2,2,2,0,1,2,1,1,2,1,0,1,0.16666666666666666
4,1,size9_comp0.6_grid1_base_medium,9,0.6,medium,base,base,4,5,9,3,3,1,1,1,1,0,-1,5,0.0,0.4,0.4,0.0,1,0,3,1,1,0,1,2,2,2,0,0,0.0
5,1,size9_comp0.6_grid1_base_medium,9,0.6,medium,base,base,4,5,9,3,3,1,1,1,1,0,-1,10,0.0,0.3,0.3,0.0,2,1,5,2,2,4,1,2,6,1,0,3,0.3
6,1,size9_comp0.6_grid1_base_medium,9,0.6,medium,base,base,4,5,9,3,3,1,1,1,1,0,-1,6,0.0,0.3333333333333333,0.3333333333333333,0.0,2,0,3,1,2,2,1,0,2,0,0,1,0.16666666666666666
7,1,size9_comp0.6_grid1_base_medium,9,0.6,medium,base,base,4,5,9,3,3,1,1,1,1,0,-1,12,0.0,0.3333333333333333,0.3333333333333333,0.0,2,2,6,2,3,0,6,2,7,2,0,3,0.25
8,1,size9_comp0.6_grid1_base_medium,9,0.6,medium,base,base,4,5,9,3,3,1,1,1,1,0,-1,3,0.0,0.3333333333333333,0.3333333333333333,0.0,1,0,2,0,1,1,0,0,0,0,0,0,0.0
9,1,size9_comp0.6_grid1_base_medium,9,0.6,medium,base,base,4,5,9,3,3,1,1,1,1,0,-1,7,0.0,0.42857142857142855,0.42857142857142855,0.0,1,0,4,2,1,0,1,4,4,4,0,0,0.0
0,2,size9_comp0.6_grid2_base_medium,9,0.6,medium,base,base,5,8,13,3,5,1,1,1,1,0,-1,11,0.0,0.2727272727272727,0.2727272727272727,0.0,0,2,3,5,4,1,1,2,6,2,0,1,0.09090909090909091
1,2,size9_comp0.6_grid2_base_medium,9,0.6,medium,base,base,5,8,13,3,5,1,1,1,0,1,44,48,0.0,0.5,0.5111111111111111,0.3333333333333333,2,6,20,19,7,5,10,23,34,21,0,4,0.08333333333333333
2,2,size9_comp0.6_grid2_base_medium,9,0.6,medium,base,base,5,8,13,3,5,1,1,1,1,0,-1,9,0.0,0.3333333333333333,0.3333333333333333,0.0,0,1,3,5,4,0,1,3,4,3,0,0,0.0
3,2,size9_comp0.6_grid2_base_medium,9,0.6,medium,base,base,5,8,13,3,5,1,1,1,1,0,-1,22,0.0,0.3181818181818182,0.3181818181818182,0.0,1,4,7,10,5,6,1,9,19,8,0,5,0.22727272727272727
4,2,size9_comp0.6_grid2_base_medium,9,0.6,medium,base,base,5,8,13,3,5,1,1,1,0,1,34,48,0.0,0.3333333333333333,0.3142857142857143,0.38461538461538464,0,4,23,19,17,2,5,19,33,10,2,18,0.375
5,2,size9_comp0.6_grid2_base_medium,9,0.6,medium,base,base,5,8,13,3,5,1,1,1,0,0,-1,48,0.0,0.041666666666666664,0.041666666666666664,0.0,1,2,33,12,25,2,1,19,45,1,0,45,0.9375
6,2,size9_comp0.6_grid2_base_medium,9,0.6,medium,base,base,5,8,13,3,5,1,1,1,1,0,-1,44,0.0,0.36363636363636365,0.36363636363636365,0.0,0,7,16,20,21,4,2,14,39,13,0,8,0.18181818181818182
7,2,size9_comp0.6_grid2_base_medium,9,0.6,medium,base,base,5,8,13,3,5,1,1,1,1,0,-1,15,0.0,0.3333333333333333,0.3333333333333333,0.0,0,2,5,8,5,1,2,6,12,5,0,2,0.13333333333333333
8,2,size9_comp0.6_grid2_base_medium,9,0.6,medium,base,base,5,8,13,3,5,1,1,1,1,0,-1,10,0.0,0.3,0.3,0.0,0,2,3,5,1,1,2,5,6,5,0,1,0.1
9,2,size9_comp0.6_grid2_base_medium,9,0.6,medium,base,base,5,8,13,3,5,1,1,1,0,0,-1,48,0.0,0.10416666666666667,0.10416666666666667,0.0,0,2,29,17,24,0,3,20,42,0,0,42,0.875
0,3,size9_comp0.6_grid3_base_medium,9,0.6,medium,base,base,4,4,8,6,1,1,1,1,1,0,-1,23,0.0,0.17391304347826086,0.17391304347826086,0.0,0,2,13,8,9,3,1,9,17,2,0,15,0.6521739130434783
1,3,size9_comp0.6_grid3_base_medium,9,0.6,medium,base,base,4,4,8,6,1,1,1,1,1,0,-1,22,0.0,0.3181818181818182,0.3181818181818182,0.0,0,2,16,4,9,2,2,8,16,5,0,8,0.36363636363636365
2,3,size9_comp0.6_grid3_base_medium,9,0.6,medium,base,base,4,4,8,6,1,1,1,1,1,0,-1,9,0.0,0.3333333333333333,0.3333333333333333,0.0,0,2,7,0,4,2,2,0,3,0,0,3,0.3333333333333333
3,3,size9_comp0.6_grid3_base_medium,9,0.6,medium,base,base,4,4,8,6,1,1,1,1,1,0,-1,18,0.0,0.16666666666666666,0.16666666666666666,0.0,0,2,12,4,9,2,2,4,12,0,0,12,0.6666666666666666
4,3,size9_comp0.6_grid3_base_medium,9,0.6,medium,base,base,4,4,8,6,1,1,1,1,1,0,-1,47,0.0,0.14893617021276595,0.14893617021276595,0.0,0,2,34,10,26,2,2,14,41,5,0,32,0.6808510638297872
5,3,size9_comp0.6_grid3_base_medium,9,0.6,medium,base,base,4,4,8,6,1,1,1,1,1,0,-1,28,0.0,0.10714285714285714,0.10714285714285714,0.0,0,2,19,7,15,2,2,8,22,0,0,22,0.7857142857142857
6,3,size9_comp0.6_grid3_base_medium,9,0.6,medium,base,base,4,4,8,6,1,1,1,1,1,0,-1,33,0.0,0.15151515151515152,0.15151515151515152,0.0,0,2,21,10,15,2,2,13,26,2,0,23,0.696969696969697
7,3,size9_comp0.6_grid3_base_medium,9,0.6,medium,base,base,4,4,8,6,1,1,1,1,1,0,-1,24,0.0,0.125,0.125,0.0,0,2,20,2,15,2,2,4,18,0,0,18,0.75
8,3,size9_comp0.6_grid3_base_medium,9,0.6,medium,base,base,4,4,8,6,1,1,1,1,1,0,-1,9,0.0,0.4444444444444444,0.4444444444444444,0.0,0,2,6,1,3,2,2,1,2,1,0,1,0.1111111111111111
9,3,size9_comp0.6_grid3_base_medium,9,0.6,medium,base,base,4,4,8,6,1,1,1,1,1,0,-1,14,0.0,0.2857142857142857,0.2857142857142857,0.0,0,2,11,1,7,2,2,2,8,2,0,6,0.42857142857142855
0,4,size9_comp0.6_grid4_base_medium,9,0.6,medium,base,base,10,3,13,7,3,1,1,1,0,0,-1,48,0.0,0.4583333333333333,0.4583333333333333,0.0,6,3,20,19,9,4,7,27,42,25,0,7,0.14583333333333334
1,4,size9_comp0.6_grid4_base_medium,9,0.6,medium,base,base,10,3,13,7,3,1,1,1,0,0,-1,48,0.0,0.3333333333333333,0.3333333333333333,0.0,4,3,20,21,20,6,6,15,40,7,0,17,0.3541666666666667
2,4,size9_comp0.6_grid4_base_medium,9,0.6,medium,base,base,10,3,13,7,3,1,1,1,0,0,-1,48,0.0,0.4166666666666667,0.4166666666666667,0.0,7,1,21,19,14,3,5,25,39,18,0,11,0.22916666666666666
3,4,size9_comp0.6_grid4_base_medium,9,0.6,medium,base,base,10,3,13,7,3,1,1,1,0,0,-1,48,0.0,0.2708333333333333,0.2708333333333333,0.0,3,1,31,13,23,3,5,16,40,7,0,27,0.5625
4,4,size9_comp0.6_grid4_base_medium,9,0.6,medium,base,base,10,3,13,7,3,1,1,1,0,0,-1,48,0.0,0.2916666666666667,0.2916666666666667,0.0,4,1,30,13,24,6,4,13,37,5,0,25,0.5208333333333334
5,4,size9_comp0.6_grid4_base_medium,9,0.6,medium,base,base,10,3,13,7,3,1,1,1,0,0,-1,48,0.0,0.3125,0.3125,0.0,5,1,27,15,17,9,3,18,39,9,0,22,0.4583333333333333
6,4,size9_comp0.6_grid4_base_medium,9,0.6,medium,base,base,10,3,13,7,3,1,1,1,0,0,-1,48,0.0,0.3125,0.3125,0.0,5,1,21,21,24,5,3,15,39,10,0,20,0.4166666666666667
7,4,size9_comp0.6_grid4_base_medium,9,0.6,medium,base,base,10,3,13,7,3,1,1,1,0,0,-1,48,0.0,0.25,0.25,0.0,4,1,29,14,22,8,0,17,41,7,0,28,0.5833333333333334
8,4,size9_comp0.6_grid4_base_medium,9,0.6,medium,base,base,10,3,13,7,3,1,1,1,0,0,-1,48,0.0,0.2708333333333333,0.2708333333333333,0.0,7,2,22,17,16,7,7,17,35,7,0,24,0.5
9,4,size9_comp0.6_grid4_base_medium,9,0.6,medium,base,base,10,3,13,7,3,1,1,1,0,0,-1,48,0.0,0.3541666666666667,0.3541666666666667,0.0,4,1,22,21,17,4,6,20,39,13,0,18,0.375
0,5,size9_comp0.6_grid5_base_medium,9,0.6,medium,base,base,4,9,13,7,4,1,1,1,0,0,-1,48,0.0,0.1875,0.1875,0.0,0,2,30,16,21,2,2,22,41,10,0,28,0.5833333333333334
1,5,size9_comp0.6_grid5_base_medium,9,0.6,medium,base,base,4,9,13,7,4,1,1,1,0,0,-1,48,0.0,0.22916666666666666,0.22916666666666666,0.0,0,1,35,12,26,1,1,19,44,12,0,25,0.5208333333333334
2,5,size9_comp0.6_grid5_base_medium,9,0.6,medium,base,base,4,9,13,7,4,1,1,1,0,0,-1,48,0.0,0.20833333333333334,0.20833333333333334,0.0,1,3,27,17,17,5,3,22,37,13,0,22,0.4583333333333333
3,5,size9_comp0.6_grid5_base_medium,9,0.6,medium,base,base,4,9,13,7,4,1,1,1,0,0,-1,48,0.0,0.20833333333333334,0.20833333333333334,0.0,1,1,36,10,28,3,1,15,44,11,0,28,0.5833333333333334
4,5,size9_comp0.6_grid5_base_medium,9,0.6,medium,base,base,4,9,13,7,4,1,1,1,0,0,-1,48,0.0,0.25,0.25,0.0,4,5,27,12,17,5,9,16,38,9,0,20,0.4166666666666667
5,5,size9_comp0.6_grid5_base_medium,9,0.6,medium,base,base,4,9,13,7,4,1,1,1,0,0,-1,48,0.0,0.25,0.25,0.0,2,3,31,12,23,7,1,16,40,8,0,23,0.4791666666666667
6,5,size9_comp0.6_grid5_base_medium,9,0.6,medium,base,base,4,9,13,7,4,1,1,1,0,0,-1,48,0.0,0.25,0.25,0.0,5,5,19,19,21,7,6,13,37,11,0,19,0.3958333333333333
7,5,size9_comp0.6_grid5_base_medium,9,0.6,medium,base,base,4,9,13,7,4,1,1,1,0,0,-1,48,0.0,0.0625,0.0625,0.0,0,1,36,11,27,1,1,18,45,5,0,41,0.8541666666666666
8,5,size9_comp0.6_grid5_base_medium,9,0.6,medium,base,base,4,9,13,7,4,1,1,1,0,0,-1,48,0.0,0.22916666666666666,0.22916666666666666,0.0,1,5,29,13,17,5,6,19,39,8,0,26,0.5416666666666666
9,5,size9_comp0.6_grid5_base_medium,9,0.6,medium,base,base,4,9,13,7,4,1,1,1,0,0,-1,48,0.0,0.14583333333333334,0.14583333333333334,0.0,3,4,29,12,21,4,9,13,36,7,0,28,0.5833333333333334
0,6,size9_comp0.6_grid6_base_medium,9,0.6,medium,base,base,4,4,8,8,0,1,1,1,1,1,9,30,0.26666666666666666,0.4,0.5,0.35,6,0,17,7,11,5,7,6,19,4,1,14,0.4666666666666667
1,6,size9_comp0.6_grid6_base_medium,9,0.6,medium,base,base,4,4,8,8,0,1,1,1,0,0,-1,48,0.0,0.2708333333333333,0.2708333333333333,0.0,14,2,19,13,15,9,11,12,40,8,0,22,0.4583333333333333
2,6,size9_comp0.6_grid6_base_medium,9,0.6,medium,base,base,4,4,8,8,0,1,1,1,0,0,-1,48,0.0,0.375,0.375,0.0,10,0,20,18,9,9,7,22,44,21,0,10,0.20833333333333334
3,6,size9_comp0.6_grid6_base_medium,9,0.6,medium,base,base,4,4,8,8,0,1,1,1,0,1,34,48,0.0,0.3541666666666667,0.37142857142857144,0.3076923076923077,10,2,21,15,16,11,9,11,40,6,3,18,0.375
4,6,size9_comp0.6_grid6_base_medium,9,0.6,medium,base,base,4,4,8,8,0,1,1,1,0,0,-1,48,0.0,0.22916666666666666,0.22916666666666666,0.0,4,4,14,26,20,4,11,12,41,11,0,22,0.4583333333333333
5,6,size9_comp0.6_grid6_base_medium,9,0.6,medium,base,base,4,4,8,8,0,1,1,1,0,0,-1,48,0.0,0.3125,0.3125,0.0,4,6,15,23,11,5,9,22,40,21,0,14,0.2916666666666667
6,6,size9_comp0.6_grid6_base_medium,9,0.6,medium,base,base,4,4,8,8,0,1,1,1,0,0,-1,48,0.0,0.22916666666666666,0.22916666666666666,0.0,6,1,15,26,27,5,6,9,38,8,0,22,0.4583333333333333
7,6,size9_comp0.6_grid6_base_medium,9,0.6,medium,base,base,4,4,8,8,0,1,1,1,0,0,-1,48,0.0,0.20833333333333334,0.20833333333333334,0.0,5,3,16,24,15,4,11,17,38,8,0,23,0.4791666666666667
8,6,size9_comp0.6_grid6_base_medium,9,0.6,medium,base,base,4,4,8,8,0,1,1,1,0,0,-1,48,0.0,0.20833333333333334,0.20833333333333334,0.0,6,1,10,31,27,5,7,8,39,7,0,24,0.5
9,6,size9_comp0.6_grid6_base_medium,9,0.6,medium,base,base,4,4,8,8,0,1,1,1,1,1,7,30,0.26666666666666666,0.43333333333333335,0.625,0.36363636363636365,5,0,16,9,10,7,3,9,19,5,3,12,0.4
0,7,size9_comp0.6_grid7_base_medium,9,0.6,medium,base,base,8,8,16,4,6,1,1,1,1,0,-1,15,0.0,0.3333333333333333,0.3333333333333333,0.0,2,6,6,1,4,4,5,1,9,1,0,5,0.3333333333333333
1,7,size9_comp0.6_grid7_base_medium,9,0.6,medium,base,base,8,8,16,4,6,1,1,1,1,0,-1,22,0.0,0.13636363636363635,0.13636363636363635,0.0,1,8,11,2,11,3,3,4,16,0,0,16,0.7272727272727273
2,7,size9_comp0.6_grid7_base_medium,9,0.6,medium,base,base,8,8,16,4,6,1,1,1,1,0,-1,28,0.0,0.17857142857142858,0.17857142857142858,0.0,1,6,14,7,9,7,3,8,22,1,0,18,0.6428571428571429
3,7,size9_comp0.6_grid7_base_medium,9,0.6,medium,base,base,8,8,16,4,6,1,1,1,1,0,-1,9,0.0,0.4444444444444444,0.4444444444444444,0.0,2,3,4,0,1,3,2,2,3,2,0,1,0.1111111111111111
4,7,size9_comp0.6_grid7_base_medium,9,0.6,medium,base,base,8,8,16,4,6,1,1,1,1,0,-1,33,0.0,0.18181818181818182,0.18181818181818182,0.0,1,8,17,7,13,4,5,10,26,3,0,21,0.6363636363636364
5,7,size9_comp0.6_grid7_base_medium,9,0.6,medium,base,base,8,8,16,4,6,1,1,1,1,0,-1,12,0.0,0.16666666666666666,0.16666666666666666,0.0,0,1,8,3,6,2,0,3,8,0,0,8,0.6666666666666666
6,7,size9_comp0.6_grid7_base_medium,9,0.6,medium,base,base,8,8,16,4,6,1,1,1,1,0,-1,28,0.0,0.17857142857142858,0.17857142857142858,0.0,2,3,17,6,9,3,3,12,23,4,0,18,0.6428571428571429
7,7,size9_comp0.6_grid7_base_medium,9,0.6,medium,base,base,8,8,16,4,6,1,1,1,1,0,-1,11,0.0,0.18181818181818182,0.18181818181818182,0.0,0,1,8,2,6,1,1,2,7,0,0,7,0.6363636363636364
8,7,size9_comp0.6_grid7_base_medium,9,0.6,medium,base,base,8,8,16,4,6,1,1,1,1,0,-1,17,0.0,0.17647058823529413,0.17647058823529413,0.0,1,2,12,2,7,1,3,5,12,1,0,11,0.6470588235294118
9,7,size9_comp0.6_grid7_base_medium,9,0.6,medium,base,base,8,8,16,4,6,1,1,1,1,0,-1,14,0.0,0.21428571428571427,0.21428571428571427,0.0,0,1,9,4,5,1,1,6,10,2,0,8,0.5714285714285714
0,8,size9_comp0.6_grid8_base_medium,9,0.6,medium,base,base,9,5,14,10,5,1,1,1,0,0,-1,48,0.0,0.0,0.0,0.0,1,0,44,3,40,1,0,6,46,0,0,47,0.9791666666666666
1,8,size9_comp0.6_grid8_base_medium,9,0.6,medium,base,base,9,5,14,10,5,1,1,1,0,0,-1,48,0.0,0.0,0.0,0.0,1,0,43,4,37,1,1,8,46,0,0,47,0.9791666666666666
2,8,size9_comp0.6_grid8_base_medium,9,0.6,medium,base,base,9,5,14,10,5,1,1,1,0,0,-1,48,0.0,0.0,0.0,0.0,1,0,46,1,44,1,0,2,46,0,0,47,0.9791666666666666
3,8,size9_comp0.6_grid8_base_medium,9,0.6,medium,base,base,9,5,14,10,5,1,1,1,0,0,-1,48,0.0,0.0,0.0,0.0,1,0,44,3,39,1,1,6,46,0,0,47,0.9791666666666666
4,8,size9_comp0.6_grid8_base_medium,9,0.6,medium,base,base,9,5,14,10,5,1,1,1,0,0,-1,48,0.0,0.0,0.0,0.0,1,0,44,3,39,1,1,6,46,0,0,47,0.9791666666666666
5,8,size9_comp0.6_grid8_base_medium,9,0.6,medium,base,base,9,5,14,10,5,1,1,1,0,0,-1,48,0.0,0.0,0.0,0.0,1,0,41,6,34,1,1,11,46,0,0,47,0.9791666666666666
6,8,size9_comp0.6_grid8_base_medium,9,0.6,medium,base,base,9,5,14,10,5,1,1,1,0,0,-1,48,0.0,0.0,0.0,0.0,1,0,44,3,39,1,1,6,46,0,0,47,0.9791666666666666
7,8,size9_comp0.6_grid8_base_medium,9,0.6,medium,base,base,9,5,14,10,5,1,1,1,0,0,-1,48,0.0,0.0,0.0,0.0,1,0,43,4,38,0,2,7,46,0,0,47,0.9791666666666666
8,8,size9_comp0.6_grid8_base_medium,9,0.6,medium,base,base,9,5,14,10,5,1,1,1,0,0,-1,48,0.0,0.0,0.0,0.0,1,0,40,7,35,2,0,10,46,0,0,47,0.9791666666666666
9,8,size9_comp0.6_grid8_base_medium,9,0.6,medium,base,base,9,5,14,10,5,1,1,1,0,0,-1,48,0.0,0.0,0.0,0.0,1,0,45,2,41,1,1,4,46,0,0,47,0.9791666666666666
0,9,size9_comp0.6_grid9_base_medium,9,0.6,medium,base,base,16,6,22,10,6,1,1,1,0,0,-1,48,0.0,0.020833333333333332,0.020833333333333332,0.0,1,1,32,14,26,1,3,17,46,0,0,46,0.9583333333333334
1,9,size9_comp0.6_grid9_base_medium,9,0.6,medium,base,base,16,6,22,10,6,1,1,1,0,0,-1,48,0.0,0.0625,0.0625,0.0,3,1,28,16,22,4,3,18,41,2,0,36,0.75
2,9,size9_comp0.6_grid9_base_medium,9,0.6,medium,base,base,16,6,22,10,6,1,1,1,0,0,-1,48,0.0,0.0,0.0,0.0,1,0,24,23,17,1,1,28,46,0,0,47,0.9791666666666666
3,9,size9_comp0.6_grid9_base_medium,9,0.6,medium,base,base,16,6,22,10,6,1,1,1,0,0,-1,48,0.0,0.0,0.0,0.0,1,0,25,22,25,0,2,20,46,0,0,47,0.9791666666666666
4,9,size9_comp0.6_grid9_base_medium,9,0.6,medium,base,base,16,6,22,10,6,1,1,1,0,0,-1,48,0.0,0.0625,0.0625,0.0,2,0,29,16,21,3,1,20,41,4,0,36,0.75
5,9,size9_comp0.6_grid9_base_medium,9,0.6,medium,base,base,16,6,22,10,6,1,1,1,0,0,-1,48,0.0,0.0,0.0,0.0,2,0,33,13,20,3,1,23,45,0,0,45,0.9375
6,9,size9_comp0.6_grid9_base_medium,9,0.6,medium,base,base,16,6,22,10,6,1,1,1,0,0,-1,48,0.0,0.22916666666666666,0.22916666666666666,0.0,2,0,33,13,22,1,3,21,41,16,0,20,0.4166666666666667
7,9,size9_comp0.6_grid9_base_medium,9,0.6,medium,base,base,16,6,22,10,6,1,1,1,0,0,-1,48,0.0,0.14583333333333334,0.14583333333333334,0.0,2,0,29,17,25,3,1,18,41,9,0,28,0.5833333333333334
8,9,size9_comp0.6_grid9_base_medium,9,0.6,medium,base,base,16,6,22,10,6,1,1,1,0,0,-1,48,0.0,0.0,0.0,0.0,1,0,28,19,29,1,1,16,46,0,0,47,0.9791666666666666
9,9,size9_comp0.6_grid9_base_medium,9,0.6,medium,base,base,16,6,22,10,6,1,1,1,0,0,-1,48,0.0,0.125,0.125,0.0,2,0,29,16,19,1,3,22,41,9,0,29,0.6041666666666666
