trajectory_id,grid_id,grid_key,grid_size,density,reasoning_effort,transform_type,trajectory_category,start_to_coin_distance,coin_to_goal_distance,start_to_goal_via_coin_distance,start_to_goal_distance,coin_detour_distance,coin_reachable_from_start,goal_reachable_from_start,goal_reachable_from_coin,reached_goal,coin_collected,coin_collection_step,trajectory_length,spl,action_accuracy,action_accuracy_phase1,action_accuracy_phase2,num_actions_up,num_actions_down,num_actions_left,num_actions_right,num_steps_front,num_steps_left_turn,num_steps_right_turn,num_steps_back,num_cell_revisits,num_immediate_revisits,num_coin_oscillations,num_invalid_actions,invalid_action_rate
0,0,size11_comp0.0_grid0_base_low,11,0.0,low,base,base,8,5,13,7,3,1,1,1,1,0,-1,7,0.0,0.7142857142857143,0.7142857142857143,0.0,2,0,5,0,5,1,0,0,0,0,0,0,0.0
1,0,size11_comp0.0_grid0_base_low,11,0.0,low,base,base,8,5,13,7,3,1,1,1,1,0,-1,9,0.0,0.6666666666666666,0.6666666666666666,0.0,2,0,6,1,6,0,1,1,1,1,0,0,0.0
2,0,size11_comp0.0_grid0_base_low,11,0.0,low,base,base,8,5,13,7,3,1,1,1,1,0,-1,9,0.0,0.6666666666666666,0.6666666666666666,0.0,2,0,6,1,4,1,1,2,2,2,0,0,0.0
3,0,size11_comp0.0_grid0_base_low,11,0.0,low,base,base,8,5,13,7,3,1,1,1,1,0,-1,7,0.0,0.7142857142857143,0.7142857142857143,0.0,2,0,5,0,5,1,0,0,0,0,0,0,0.0
4,0,size11_comp0.0_grid0_base_low,11,0.0,low,base,base,8,5,13,7,3,1,1,1,1,0,-1,11,0.0,0.6363636363636364,0.6363636363636364,0.0,2,0,7,2,5,2,2,1,1,1,0,0,0.0
5,0,size11_comp0.0_grid0_base_low,11,0.0,low,base,base,8,5,13,7,3,1,1,1,1,0,-1,13,0.0,0.6153846153846154,0.6153846153846154,0.0,2,0,8,3,7,2,1,2,2,2,0,0,0.0
6,0,size11_comp0.0_grid0_base_low,11,0.0,low,base,base,8,5,13,7,3,1,1,1,1,0,-1,13,0.0,0.6153846153846154,0.6153846153846154,0.0,2,0,8,3,7,2,1,2,4,2,0,0,0.0
7,0,size11_comp0.0_grid0_base_low,11,0.0,low,base,base,8,5,13,7,3,1,1,1,1,0,-1,9,0.0,0.6666666666666666,0.6666666666666666,0.0,2,0,6,1,5,1,1,1,1,1,0,0,0.0
8,0,size11_comp0.0_grid0_base_low,11,0.0,low,base,base,8,5,13,7,3,1,1,1,1,0,-1,7,0.0,0.7142857142857143,0.7142857142857143,0.0,2,0,5,0,3,2,1,0,0,0,0,0,0.0
9,0,size11_comp0.0_grid0_base_low,11,0.0,low,base,base,8,5,13,7,3,1,1,1,1,0,-1,15,0.0,0.6,0.6,0.0,2,0,9,4,8,0,1,5,7,5,0,0,0.0
0,1,size11_comp0.0_grid1_base_low,11,0.0,low,base,base,5,5,10,4,3,1,1,1,0,0,-1,64,0.0,0.515625,0.515625,0.0,0,0,31,33,21,0,0,42,57,41,0,0,0.0
1,1,size11_comp0.0_grid1_base_low,11,0.0,low,base,base,5,5,10,4,3,1,1,1,0,0,-1,64,0.0,0.515625,0.515625,0.0,0,0,31,33,22,0,0,41,59,40,0,0,0.0
2,1,size11_comp0.0_grid1_base_low,11,0.0,low,base,base,5,5,10,4,3,1,1,1,0,0,-1,64,0.0,0.515625,0.515625,0.0,0,0,31,33,13,0,0,50,58,49,0,0,0.0
3,1,size11_comp0.0_grid1_base_low,11,0.0,low,base,base,5,5,10,4,3,1,1,1,0,0,-1,64,0.0,0.515625,0.515625,0.0,0,0,31,33,24,0,0,39,59,38,0,0,0.0
4,1,size11_comp0.0_grid1_base_low,11,0.0,low,base,base,5,5,10,4,3,1,1,1,0,0,-1,64,0.0,0.515625,0.515625,0.0,0,0,31,33,19,0,0,44,58,43,0,0,0.0
5,1,size11_comp0.0_grid1_base_low,11,0.0,low,base,base,5,5,10,4,3,1,1,1,0,0,-1,64,0.0,0.515625,0.515625,0.0,0,0,31,33,22,0,0,41,59,40,0,0,0.0
6,1,size11_comp0.0_grid1_base_low,11,0.0,low,base,base,5,5,10,4,3,1,1,1,0,0,-1,64,0.0,0.515625,0.515625,0.0,0,0,31,33,26,0,0,37,59,36,0,0,0.0
7,1,size11_comp0.0_grid1_base_low,11,0.0,low,base,base,5,5,10,4,3,1,1,1,0,0,-1,64,0.0,0.515625,0.515625,0.0,0,0,31,33,24,0,0,39,59,38,0,0,0.0
8,1,size11_comp0.0_grid1_base_low,11,0.0,low,base,base,5,5,10,4,3,1,1,1,0,0,-1,64,0.0,0.515625,0.515625,0.0,0,0,31,33,20,0,0,43,59,42,0,0,0.0
9,1,size11_comp0.0_grid1_base_low,11,0.0,low,base,base,5,5,10,4,3,1,1,1,0,0,-1,64,0.0,0.515625,0.515625,0.0,0,0,31,33,14,0,0,49,59,48,0,0,0.0
0,2,size11_comp0.0_grid2_base_low,11,0.0,low,base,base,5,8,13,3,5,1,1,1,0,0,-1,64,0.0,0.515625,0.515625,0.0,4,2,29,29,20,4,8,31,44,30,0,0,0.0
1,2,size11_comp0.0_grid2_base_low,11,0.0,low,base,base,5,8,13,3,5,1,1,1,0,1,60,64,0.0,0.53125,0.5409836065573771,0.3333333333333333,5,1,28,30,21,5,5,32,46,32,0,0,0.0
2,2,size11_comp0.0_grid2_base_low,11,0.0,low,base,base,5,8,13,3,5,1,1,1,0,0,-1,64,0.0,0.53125,0.53125,0.0,4,1,30,29,21,3,5,34,43,34,0,0,0.0
3,2,size11_comp0.0_grid2_base_low,11,0.0,low,base,base,5,8,13,3,5,1,1,1,0,0,-1,64,0.0,0.5,0.5,0.0,3,1,29,31,25,5,3,30,47,29,0,2,0.03125
4,2,size11_comp0.0_grid2_base_low,11,0.0,low,base,base,5,8,13,3,5,1,1,1,0,0,-1,64,0.0,0.515625,0.515625,0.0,3,1,30,30,19,5,3,36,50,35,0,0,0.0
5,2,size11_comp0.0_grid2_base_low,11,0.0,low,base,base,5,8,13,3,5,1,1,1,0,0,-1,64,0.0,0.5,0.5,0.0,4,1,29,30,25,9,1,28,46,27,0,3,0.046875
6,2,size11_comp0.0_grid2_base_low,11,0.0,low,base,base,5,8,13,3,5,1,1,1,0,0,-1,64,0.0,0.53125,0.53125,0.0,3,0,31,30,19,2,4,38,50,37,0,0,0.0
7,2,size11_comp0.0_grid2_base_low,11,0.0,low,base,base,5,8,13,3,5,1,1,1,0,0,-1,64,0.0,0.53125,0.53125,0.0,3,0,31,30,25,4,2,32,47,31,0,0,0.0
8,2,size11_comp0.0_grid2_base_low,11,0.0,low,base,base,5,8,13,3,5,1,1,1,0,0,-1,64,0.0,0.515625,0.515625,0.0,5,2,28,29,17,11,3,32,46,30,0,1,0.015625
9,2,size11_comp0.0_grid2_base_low,11,0.0,low,base,base,5,8,13,3,5,1,1,1,0,0,-1,64,0.0,0.53125,0.53125,0.0,5,1,30,28,22,8,3,30,47,30,0,0,0.0
0,3,size11_comp0.0_grid3_base_low,11,0.0,low,base,base,15,10,25,5,10,1,1,1,1,0,-1,5,0.0,1.0,1.0,0.0,0,0,5,0,4,0,0,0,0,0,0,0,0.0
1,3,size11_comp0.0_grid3_base_low,11,0.0,low,base,base,15,10,25,5,10,1,1,1,1,0,-1,7,0.0,0.8571428571428571,0.8571428571428571,0.0,0,0,6,1,4,0,0,2,2,2,0,0,0.0
2,3,size11_comp0.0_grid3_base_low,11,0.0,low,base,base,15,10,25,5,10,1,1,1,1,0,-1,7,0.0,0.8571428571428571,0.8571428571428571,0.0,0,0,6,1,4,0,0,2,2,2,0,0,0.0
3,3,size11_comp0.0_grid3_base_low,11,0.0,low,base,base,15,10,25,5,10,1,1,1,1,0,-1,5,0.0,1.0,1.0,0.0,0,0,5,0,4,0,0,0,0,0,0,0,0.0
4,3,size11_comp0.0_grid3_base_low,11,0.0,low,base,base,15,10,25,5,10,1,1,1,1,0,-1,5,0.0,1.0,1.0,0.0,0,0,5,0,4,0,0,0,0,0,0,0,0.0
5,3,size11_comp0.0_grid3_base_low,11,0.0,low,base,base,15,10,25,5,10,1,1,1,1,0,-1,9,0.0,0.7777777777777778,0.7777777777777778,0.0,0,0,7,2,4,0,0,4,4,4,0,0,0.0
6,3,size11_comp0.0_grid3_base_low,11,0.0,low,base,base,15,10,25,5,10,1,1,1,1,0,-1,5,0.0,1.0,1.0,0.0,0,0,5,0,4,0,0,0,0,0,0,0,0.0
7,3,size11_comp0.0_grid3_base_low,11,0.0,low,base,base,15,10,25,5,10,1,1,1,1,0,-1,5,0.0,1.0,1.0,0.0,0,0,5,0,4,0,0,0,0,0,0,0,0.0
8,3,size11_comp0.0_grid3_base_low,11,0.0,low,base,base,15,10,25,5,10,1,1,1,1,0,-1,5,0.0,1.0,1.0,0.0,0,0,5,0,4,0,0,0,0,0,0,0,0.0
9,3,size11_comp0.0_grid3_base_low,11,0.0,low,base,base,15,10,25,5,10,1,1,1,1,0,-1,5,0.0,1.0,1.0,0.0,0,0,5,0,4,0,0,0,0,0,0,0,0.0
0,4,size11_comp0.0_grid4_base_low,11,0.0,low,base,base,7,4,11,11,0,1,1,1,1,1,42,56,0.19642857142857142,0.5714285714285714,0.5581395348837209,0.6153846153846154,5,0,21,30,14,3,6,32,38,30,1,3,0.05357142857142857
1,4,size11_comp0.0_grid4_base_low,11,0.0,low,base,base,7,4,11,11,0,1,1,1,1,1,18,25,0.44,0.72,0.6842105263157895,0.8333333333333334,5,0,7,13,6,4,5,9,10,9,0,0,0.0
2,4,size11_comp0.0_grid4_base_low,11,0.0,low,base,base,7,4,11,11,0,1,1,1,0,1,24,64,0.0,0.578125,0.64,0.5384615384615384,4,0,27,33,16,4,2,41,50,40,1,0,0.0
3,4,size11_comp0.0_grid4_base_low,11,0.0,low,base,base,7,4,11,11,0,1,1,1,1,1,30,59,0.1864406779661017,0.576271186440678,0.6129032258064516,0.5357142857142857,5,0,23,31,21,3,6,28,42,26,0,2,0.03389830508474576
4,4,size11_comp0.0_grid4_base_low,11,0.0,low,base,base,7,4,11,11,0,1,1,1,1,1,10,39,0.28205128205128205,0.6410256410256411,0.8181818181818182,0.5714285714285714,5,0,14,20,12,4,1,21,27,21,1,0,0.0
5,4,size11_comp0.0_grid4_base_low,11,0.0,low,base,base,7,4,11,11,0,1,1,1,1,1,12,33,0.3333333333333333,0.6666666666666666,0.7692307692307693,0.6,5,0,11,17,9,6,1,16,20,16,1,0,0.0
6,4,size11_comp0.0_grid4_base_low,11,0.0,low,base,base,7,4,11,11,0,1,1,1,1,1,10,27,0.4074074074074074,0.7037037037037037,0.8181818181818182,0.625,5,0,8,14,8,2,5,11,13,11,0,0,0.0
7,4,size11_comp0.0_grid4_base_low,11,0.0,low,base,base,7,4,11,11,0,1,1,1,1,1,19,52,0.21153846153846154,0.5961538461538461,0.65,0.5625,5,0,20,27,13,5,2,31,36,30,1,1,0.019230769230769232
8,4,size11_comp0.0_grid4_base_low,11,0.0,low,base,base,7,4,11,11,0,1,1,1,0,1,32,64,0.0,0.5625,0.6060606060606061,0.5161290322580645,4,0,27,33,17,6,2,38,46,37,1,1,0.015625
9,4,size11_comp0.0_grid4_base_low,11,0.0,low,base,base,7,4,11,11,0,1,1,1,1,1,17,24,0.4583333333333333,0.7083333333333334,0.6666666666666666,0.8333333333333334,5,0,6,13,9,5,2,7,8,7,1,1,0.041666666666666664
0,5,size11_comp0.0_grid5_base_low,11,0.0,low,base,base,6,6,12,8,2,1,1,1,0,0,-1,64,0.0,0.5,0.5,0.0,10,11,23,20,9,13,19,22,51,22,0,1,0.015625
1,5,size11_comp0.0_grid5_base_low,11,0.0,low,base,base,6,6,12,8,2,1,1,1,0,0,-1,64,0.0,0.5,0.5,0.0,10,11,24,19,19,17,11,16,45,15,0,2,0.03125
2,5,size11_comp0.0_grid5_base_low,11,0.0,low,base,base,6,6,12,8,2,1,1,1,0,0,-1,64,0.0,0.515625,0.515625,0.0,10,9,26,19,13,10,14,26,49,25,0,3,0.046875
3,5,size11_comp0.0_grid5_base_low,11,0.0,low,base,base,6,6,12,8,2,1,1,1,0,0,-1,64,0.0,0.5,0.5,0.0,7,8,27,22,17,14,14,18,47,16,0,2,0.03125
4,5,size11_comp0.0_grid5_base_low,11,0.0,low,base,base,6,6,12,8,2,1,1,1,0,0,-1,64,0.0,0.46875,0.46875,0.0,10,10,25,19,23,7,12,21,43,18,0,5,0.078125
5,5,size11_comp0.0_grid5_base_low,11,0.0,low,base,base,6,6,12,8,2,1,1,1,0,0,-1,64,0.0,0.484375,0.484375,0.0,8,9,27,20,12,18,12,21,47,19,0,4,0.0625
6,5,size11_comp0.0_grid5_base_low,11,0.0,low,base,base,6,6,12,8,2,1,1,1,0,0,-1,64,0.0,0.453125,0.453125,0.0,12,11,27,14,13,16,17,17,50,15,0,10,0.15625
7,5,size11_comp0.0_grid5_base_low,11,0.0,low,base,base,6,6,12,8,2,1,1,1,0,0,-1,64,0.0,0.484375,0.484375,0.0,11,11,26,16,13,12,15,23,53,20,0,6,0.09375
8,5,size11_comp0.0_grid5_base_low,11,0.0,low,base,base,6,6,12,8,2,1,1,1,0,0,-1,64,0.0,0.5,0.5,0.0,13,15,20,16,7,18,11,27,53,27,0,1,0.015625
9,5,size11_comp0.0_grid5_base_low,11,0.0,low,base,base,6,6,12,8,2,1,1,1,0,0,-1,64,0.0,0.53125,0.53125,0.0,15,14,20,15,11,13,13,26,50,25,0,1,0.015625
0,6,size11_comp0.0_grid6_base_low,11,0.0,low,base,base,11,3,14,14,0,1,1,1,1,1,16,40,0.35,0.675,0.8235294117647058,0.5652173913043478,6,0,13,21,9,8,1,21,22,21,0,0,0.0
1,6,size11_comp0.0_grid6_base_low,11,0.0,low,base,base,11,3,14,14,0,1,1,1,1,1,26,41,0.34146341463414637,0.6585365853658537,0.7037037037037037,0.5714285714285714,6,0,13,22,12,6,2,20,22,19,3,1,0.024390243902439025
2,6,size11_comp0.0_grid6_base_low,11,0.0,low,base,base,11,3,14,14,0,1,1,1,1,1,24,50,0.28,0.62,0.72,0.52,6,0,17,27,18,8,3,20,33,20,0,2,0.04
3,6,size11_comp0.0_grid6_base_low,11,0.0,low,base,base,11,3,14,14,0,1,1,1,1,1,22,48,0.2916666666666667,0.6041666666666666,0.7391304347826086,0.48,9,3,12,24,14,9,4,20,27,18,9,4,0.08333333333333333
4,6,size11_comp0.0_grid6_base_low,11,0.0,low,base,base,11,3,14,14,0,1,1,1,1,1,22,44,0.3181818181818182,0.6136363636363636,0.7391304347826086,0.47619047619047616,6,0,13,25,10,6,4,23,27,19,9,4,0.09090909090909091
5,6,size11_comp0.0_grid6_base_low,11,0.0,low,base,base,11,3,14,14,0,1,1,1,1,1,12,44,0.3181818181818182,0.6363636363636364,0.9230769230769231,0.5161290322580645,6,0,14,24,16,6,1,20,27,20,2,2,0.045454545454545456
6,6,size11_comp0.0_grid6_base_low,11,0.0,low,base,base,11,3,14,14,0,1,1,1,1,1,18,37,0.3783783783783784,0.6756756756756757,0.7894736842105263,0.5555555555555556,6,0,11,20,11,5,3,17,21,16,0,1,0.02702702702702703
7,6,size11_comp0.0_grid6_base_low,11,0.0,low,base,base,11,3,14,14,0,1,1,1,1,1,20,33,0.42424242424242425,0.696969696969697,0.7619047619047619,0.5833333333333334,6,0,9,18,10,6,2,14,16,14,1,1,0.030303030303030304
8,6,size11_comp0.0_grid6_base_low,11,0.0,low,base,base,11,3,14,14,0,1,1,1,1,1,14,50,0.28,0.6,0.8666666666666667,0.4857142857142857,6,0,16,28,8,6,4,31,34,28,13,4,0.08
9,6,size11_comp0.0_grid6_base_low,11,0.0,low,base,base,11,3,14,14,0,1,1,1,1,1,22,50,0.28,0.6,0.7391304347826086,0.48148148148148145,6,0,16,28,14,4,6,25,31,23,0,4,0.08
0,7,size11_comp0.0_grid7_base_low,11,0.0,low,base,base,6,4,10,6,2,1,1,1,1,0,-1,44,0.0,0.5,0.5,0.0,0,2,24,18,14,1,2,26,33,24,0,2,0.045454545454545456
1,7,size11_comp0.0_grid7_base_low,11,0.0,low,base,base,6,4,10,6,2,1,1,1,0,0,-1,64,0.0,0.46875,0.46875,0.0,0,1,36,27,25,0,1,37,58,33,0,6,0.09375
2,7,size11_comp0.0_grid7_base_low,11,0.0,low,base,base,6,4,10,6,2,1,1,1,0,0,-1,64,0.0,0.453125,0.453125,0.0,0,0,40,24,29,0,0,34,58,26,0,11,0.171875
3,7,size11_comp0.0_grid7_base_low,11,0.0,low,base,base,6,4,10,6,2,1,1,1,0,0,-1,64,0.0,0.484375,0.484375,0.0,0,0,38,26,17,0,0,46,58,38,0,7,0.109375
4,7,size11_comp0.0_grid7_base_low,11,0.0,low,base,base,6,4,10,6,2,1,1,1,0,0,-1,64,0.0,0.484375,0.484375,0.0,0,0,38,26,25,0,0,38,58,33,0,7,0.109375
5,7,size11_comp0.0_grid7_base_low,11,0.0,low,base,base,6,4,10,6,2,1,1,1,1,0,-1,8,0.0,0.625,0.625,0.0,0,2,5,1,3,3,1,0,0,0,0,0,0.0
6,7,size11_comp0.0_grid7_base_low,11,0.0,low,base,base,6,4,10,6,2,1,1,1,0,0,-1,64,0.0,0.515625,0.515625,0.0,0,0,35,29,21,0,0,42,58,39,0,2,0.03125
7,7,size11_comp0.0_grid7_base_low,11,0.0,low,base,base,6,4,10,6,2,1,1,1,0,0,-1,64,0.0,0.421875,0.421875,0.0,0,0,39,25,26,0,0,37,58,30,0,12,0.1875
8,7,size11_comp0.0_grid7_base_low,11,0.0,low,base,base,6,4,10,6,2,1,1,1,0,0,-1,64,0.0,0.46875,0.46875,0.0,0,0,38,26,22,0,0,41,58,35,0,8,0.125
9,7,size11_comp0.0_grid7_base_low,11,0.0,low,base,base,6,4,10,6,2,1,1,1,1,0,-1,16,0.0,0.5625,0.5625,0.0,0,2,9,5,5,3,1,6,7,6,0,0,0.0
0,8,size11_comp0.0_grid8_base_low,11,0.0,low,base,base,7,7,14,6,4,1,1,1,0,0,-1,64,0.0,0.484375,0.484375,0.0,0,1,26,37,22,1,1,39,53,35,0,6,0.09375
1,8,size11_comp0.0_grid8_base_low,11,0.0,low,base,base,7,7,14,6,4,1,1,1,0,0,-1,64,0.0,0.515625,0.515625,0.0,0,1,28,35,30,2,0,31,55,29,0,1,0.015625
2,8,size11_comp0.0_grid8_base_low,11,0.0,low,base,base,7,7,14,6,4,1,1,1,1,0,-1,54,0.0,0.5,0.5,0.0,0,5,25,24,17,3,5,28,34,28,0,0,0.0
3,8,size11_comp0.0_grid8_base_low,11,0.0,low,base,base,7,7,14,6,4,1,1,1,0,1,16,64,0.0,0.5625,0.7058823529411765,0.5106382978723404,0,4,28,32,18,3,4,38,44,38,30,0,0.0
4,8,size11_comp0.0_grid8_base_low,11,0.0,low,base,base,7,7,14,6,4,1,1,1,0,1,58,64,0.0,0.546875,0.559322033898305,0.4,0,3,28,33,21,5,1,36,50,35,3,0,0.0
5,8,size11_comp0.0_grid8_base_low,11,0.0,low,base,base,7,7,14,6,4,1,1,1,0,0,-1,64,0.0,0.546875,0.546875,0.0,0,2,29,33,30,2,2,29,46,28,0,0,0.0
6,8,size11_comp0.0_grid8_base_low,11,0.0,low,base,base,7,7,14,6,4,1,1,1,0,1,44,64,0.0,0.546875,0.5777777777777777,0.47368421052631576,0,3,28,33,16,4,2,41,50,41,14,0,0.0
7,8,size11_comp0.0_grid8_base_low,11,0.0,low,base,base,7,7,14,6,4,1,1,1,0,1,22,64,0.0,0.546875,0.6521739130434783,0.4878048780487805,0,3,28,33,18,2,1,42,53,41,33,0,0.0
8,8,size11_comp0.0_grid8_base_low,11,0.0,low,base,base,7,7,14,6,4,1,1,1,0,1,46,64,0.0,0.546875,0.574468085106383,0.47058823529411764,1,4,27,32,22,3,5,33,46,32,11,0,0.0
9,8,size11_comp0.0_grid8_base_low,11,0.0,low,base,base,7,7,14,6,4,1,1,1,0,0,-1,64,0.0,0.515625,0.515625,0.0,0,0,31,33,20,0,0,43,57,42,0,0,0.0
0,9,size11_comp0.0_grid9_base_low,11,0.0,low,base,base,8,6,14,14,0,1,1,1,0,1,31,64,0.0,0.5625,0.625,0.5,5,0,25,34,23,4,2,34,47,31,1,2,0.03125
1,9,size11_comp0.0_grid9_base_low,11,0.0,low,base,base,8,6,14,14,0,1,1,1,0,1,17,64,0.0,0.546875,0.7222222222222222,0.4782608695652174,5,0,24,35,22,4,4,33,46,30,1,4,0.0625
2,9,size11_comp0.0_grid9_base_low,11,0.0,low,base,base,8,6,14,14,0,1,1,1,0,1,9,64,0.0,0.546875,0.9,0.48148148148148145,6,0,23,35,19,3,3,38,46,35,0,4,0.0625
3,9,size11_comp0.0_grid9_base_low,11,0.0,low,base,base,8,6,14,14,0,1,1,1,0,1,9,64,0.0,0.5625,0.9,0.5,5,0,25,34,18,3,4,38,48,36,0,2,0.03125
4,9,size11_comp0.0_grid9_base_low,11,0.0,low,base,base,8,6,14,14,0,1,1,1,0,1,41,64,0.0,0.5625,0.5952380952380952,0.5,5,0,25,34,28,2,4,29,43,27,1,1,0.015625
5,9,size11_comp0.0_grid9_base_low,11,0.0,low,base,base,8,6,14,14,0,1,1,1,0,1,25,64,0.0,0.5625,0.6538461538461539,0.5,6,0,24,34,24,8,2,29,43,27,1,2,0.03125
6,9,size11_comp0.0_grid9_base_low,11,0.0,low,base,base,8,6,14,14,0,1,1,1,0,1,27,64,0.0,0.578125,0.6428571428571429,0.5277777777777778,5,0,26,33,22,5,2,34,42,33,1,0,0.0
7,9,size11_comp0.0_grid9_base_low,11,0.0,low,base,base,8,6,14,14,0,1,1,1,0,1,19,64,0.0,0.578125,0.7,0.5227272727272727,6,0,25,33,24,7,3,29,43,27,1,1,0.015625
8,9,size11_comp0.0_grid9_base_low,11,0.0,low,base,base,8,6,14,14,0,1,1,1,0,1,25,64,0.0,0.5625,0.6538461538461539,0.5,6,0,24,34,18,6,5,34,43,30,1,3,0.046875
9,9,size11_comp0.0_grid9_base_low,11,0.0,low,base,base,8,6,14,14,0,1,1,1,0,1,19,64,0.0,0.5625,0.7,0.5,6,0,24,34,15,4,5,39,45,36,1,3,0.046875
0,0,size11_comp0.2_grid0_base_low,11,0.2,low,base,base,5,6,11,3,4,1,1,1,0,0,-1,64,0.0,0.40625,0.40625,0.0,2,1,32,29,28,2,3,30,54,25,0,10,0.15625
1,0,size11_comp0.2_grid0_base_low,11,0.2,low,base,base,5,6,11,3,4,1,1,1,0,0,-1,64,0.0,0.421875,0.421875,0.0,3,6,30,25,23,7,9,24,52,21,0,11,0.171875
2,0,size11_comp0.2_grid0_base_low,11,0.2,low,base,base,5,6,11,3,4,1,1,1,0,0,-1,64,0.0,0.5,0.5,0.0,0,0,35,29,24,0,0,39,55,37,0,2,0.03125
3,0,size11_comp0.2_grid0_base_low,11,0.2,low,base,base,5,6,11,3,4,1,1,1,0,1,31,64,0.0,0.53125,0.5625,0.5,3,1,30,30,24,2,6,31,47,29,0,1,0.015625
4,0,size11_comp0.2_grid0_base_low,11,0.2,low,base,base,5,6,11,3,4,1,1,1,0,0,-1,64,0.0,0.46875,0.46875,0.0,1,2,33,28,31,2,3,27,51,25,0,6,0.09375
5,0,size11_comp0.2_grid0_base_low,11,0.2,low,base,base,5,6,11,3,4,1,1,1,0,0,-1,64,0.0,0.4375,0.4375,0.0,1,1,35,27,25,2,2,34,55,27,0,9,0.140625
6,0,size11_comp0.2_grid0_base_low,11,0.2,low,base,base,5,6,11,3,4,1,1,1,0,0,-1,64,0.0,0.421875,0.421875,0.0,4,6,32,22,21,13,6,23,49,22,0,11,0.171875
7,0,size11_comp0.2_grid0_base_low,11,0.2,low,base,base,5,6,11,3,4,1,1,1,0,0,-1,64,0.0,0.40625,0.40625,0.0,4,3,37,20,24,6,6,27,53,21,0,14,0.21875
8,0,size11_comp0.2_grid0_base_low,11,0.2,low,base,base,5,6,11,3,4,1,1,1,0,0,-1,64,0.0,0.390625,0.390625,0.0,2,4,36,22,32,6,6,19,54,16,0,15,0.234375
9,0,size11_comp0.2_grid0_base_low,11,0.2,low,base,base,5,6,11,3,4,1,1,1,0,0,-1,64,0.0,0.4375,0.4375,0.0,0,1,35,28,27,2,0,34,55,32,0,10,0.15625
0,1,size11_comp0.2_grid1_base_low,11,0.2,low,base,base,9,8,17,11,4,1,1,1,1,1,35,54,0.3148148148148148,0.5925925925925926,0.5833333333333334,0.6111111111111112,9,6,23,16,11,10,14,18,30,15,3,7,0.12962962962962962
1,1,size11_comp0.2_grid1_base_low,11,0.2,low,base,base,9,8,17,11,4,1,1,1,1,1,14,59,0.288135593220339,0.559322033898305,0.7333333333333333,0.5,10,5,25,19,13,11,17,17,34,13,0,10,0.1694915254237288
2,1,size11_comp0.2_grid1_base_low,11,0.2,low,base,base,9,8,17,11,4,1,1,1,0,0,-1,64,0.0,0.328125,0.328125,0.0,3,0,42,19,34,3,1,25,56,17,0,22,0.34375
3,1,size11_comp0.2_grid1_base_low,11,0.2,low,base,base,9,8,17,11,4,1,1,1,0,1,8,64,0.0,0.484375,1.0,0.4,7,3,35,19,27,7,7,22,37,16,0,13,0.203125
4,1,size11_comp0.2_grid1_base_low,11,0.2,low,base,base,9,8,17,11,4,1,1,1,1,1,15,40,0.425,0.675,0.75,0.625,6,3,19,12,12,6,8,13,17,11,1,3,0.075
5,1,size11_comp0.2_grid1_base_low,11,0.2,low,base,base,9,8,17,11,4,1,1,1,0,1,10,64,0.0,0.515625,0.9090909090909091,0.4339622641509434,6,3,34,21,27,9,5,22,44,18,2,9,0.140625
6,1,size11_comp0.2_grid1_base_low,11,0.2,low,base,base,9,8,17,11,4,1,1,1,1,1,8,36,0.4722222222222222,0.6944444444444444,1.0,0.5925925925925926,7,5,16,8,12,5,7,11,14,10,0,3,0.08333333333333333
7,1,size11_comp0.2_grid1_base_low,11,0.2,low,base,base,9,8,17,11,4,1,1,1,1,1,18,40,0.425,0.7,0.7368421052631579,0.6666666666666666,8,4,18,10,10,9,11,9,11,9,0,1,0.025
8,1,size11_comp0.2_grid1_base_low,11,0.2,low,base,base,9,8,17,11,4,1,1,1,0,0,-1,64,0.0,0.4375,0.4375,0.0,5,7,30,22,26,12,10,15,40,14,0,11,0.171875
9,1,size11_comp0.2_grid1_base_low,11,0.2,low,base,base,9,8,17,11,4,1,1,1,0,0,-1,64,0.0,0.359375,0.359375,0.0,18,5,22,19,23,12,12,16,50,14,0,18,0.28125
0,2,size11_comp0.2_grid2_base_low,11,0.2,low,base,base,8,3,11,7,2,1,1,1,1,1,17,29,0.3793103448275862,0.6551724137931034,0.6666666666666666,0.6363636363636364,7,0,12,10,7,4,4,13,17,13,6,2,0.06896551724137931
1,2,size11_comp0.2_grid2_base_low,11,0.2,low,base,base,8,3,11,7,2,1,1,1,0,1,30,64,0.0,0.328125,0.2903225806451613,0.36363636363636365,7,3,30,24,24,8,8,23,52,14,3,30,0.46875
2,2,size11_comp0.2_grid2_base_low,11,0.2,low,base,base,8,3,11,7,2,1,1,1,1,1,7,47,0.23404255319148937,0.5319148936170213,1.0,0.4358974358974359,6,1,21,19,20,2,5,19,33,15,6,8,0.1702127659574468
3,2,size11_comp0.2_grid2_base_low,11,0.2,low,base,base,8,3,11,7,2,1,1,1,1,1,50,56,0.19642857142857142,0.25,0.19607843137254902,0.8,5,0,40,11,36,2,4,13,46,5,1,39,0.6964285714285714
4,2,size11_comp0.2_grid2_base_low,11,0.2,low,base,base,8,3,11,7,2,1,1,1,1,1,30,48,0.22916666666666666,0.375,0.2903225806451613,0.5294117647058824,6,2,28,12,22,8,5,12,37,6,3,23,0.4791666666666667
5,2,size11_comp0.2_grid2_base_low,11,0.2,low,base,base,8,3,11,7,2,1,1,1,1,1,45,49,0.22448979591836735,0.5102040816326531,0.4782608695652174,1.0,15,0,18,16,19,6,10,13,34,13,0,10,0.20408163265306123
6,2,size11_comp0.2_grid2_base_low,11,0.2,low,base,base,8,3,11,7,2,1,1,1,1,1,9,15,0.7333333333333333,0.8,0.8,0.8,5,0,6,4,4,4,3,3,5,2,1,2,0.13333333333333333
7,2,size11_comp0.2_grid2_base_low,11,0.2,low,base,base,8,3,11,7,2,1,1,1,1,1,12,16,0.6875,0.75,0.6923076923076923,1.0,5,0,5,6,6,3,4,2,5,2,0,3,0.1875
8,2,size11_comp0.2_grid2_base_low,11,0.2,low,base,base,8,3,11,7,2,1,1,1,0,0,-1,64,0.0,0.125,0.125,0.0,4,0,54,6,47,3,3,10,56,0,0,56,0.875
9,2,size11_comp0.2_grid2_base_low,11,0.2,low,base,base,8,3,11,7,2,1,1,1,1,1,15,19,0.5789473684210527,0.631578947368421,0.5625,1.0,5,0,6,8,6,3,5,4,8,2,0,6,0.3157894736842105
0,3,size11_comp0.2_grid3_base_low,11,0.2,low,base,base,6,3,9,9,0,1,1,1,0,0,-1,64,0.0,0.46875,0.46875,0.0,4,0,25,35,32,4,4,23,46,22,0,4,0.0625
1,3,size11_comp0.2_grid3_base_low,11,0.2,low,base,base,6,3,9,9,0,1,1,1,0,0,-1,64,0.0,0.328125,0.328125,0.0,6,0,19,39,21,7,3,32,59,22,0,24,0.375
2,3,size11_comp0.2_grid3_base_low,11,0.2,low,base,base,6,3,9,9,0,1,1,1,0,0,-1,64,0.0,0.4375,0.4375,0.0,4,0,26,34,14,3,3,43,56,37,0,9,0.140625
3,3,size11_comp0.2_grid3_base_low,11,0.2,low,base,base,6,3,9,9,0,1,1,1,0,0,-1,64,0.0,0.40625,0.40625,0.0,6,0,21,37,21,4,8,30,50,29,0,17,0.265625
4,3,size11_comp0.2_grid3_base_low,11,0.2,low,base,base,6,3,9,9,0,1,1,1,0,0,-1,64,0.0,0.359375,0.359375,0.0,11,0,21,32,7,14,5,37,58,32,0,19,0.296875
5,3,size11_comp0.2_grid3_base_low,11,0.2,low,base,base,6,3,9,9,0,1,1,1,0,1,53,64,0.0,0.4375,0.4074074074074074,0.6,5,0,20,39,37,4,4,18,42,16,1,16,0.25
6,3,size11_comp0.2_grid3_base_low,11,0.2,low,base,base,6,3,9,9,0,1,1,1,0,1,40,64,0.0,0.484375,0.4878048780487805,0.4782608695652174,6,0,25,33,24,6,6,27,43,23,3,10,0.15625
7,3,size11_comp0.2_grid3_base_low,11,0.2,low,base,base,6,3,9,9,0,1,1,1,1,1,40,50,0.18,0.52,0.4878048780487805,0.6666666666666666,6,0,17,27,13,3,8,25,34,23,0,7,0.14
8,3,size11_comp0.2_grid3_base_low,11,0.2,low,base,base,6,3,9,9,0,1,1,1,0,0,-1,64,0.0,0.375,0.375,0.0,5,0,22,37,23,5,3,32,55,29,0,17,0.265625
9,3,size11_comp0.2_grid3_base_low,11,0.2,low,base,base,6,3,9,9,0,1,1,1,0,0,-1,64,0.0,0.34375,0.34375,0.0,9,0,20,35,16,11,5,31,59,27,0,22,0.34375
0,4,size11_comp0.2_grid4_base_low,11,0.2,low,base,base,6,6,12,10,1,1,1,1,0,1,5,64,0.0,0.4375,1.0,0.3793103448275862,1,0,20,43,22,1,1,39,54,30,0,16,0.25
1,4,size11_comp0.2_grid4_base_low,11,0.2,low,base,base,6,6,12,10,1,1,1,1,0,1,7,64,0.0,0.453125,0.875,0.39285714285714285,1,0,20,43,24,0,2,37,53,25,0,15,0.234375
2,4,size11_comp0.2_grid4_base_low,11,0.2,low,base,base,6,6,12,10,1,1,1,1,0,0,-1,64,0.0,0.484375,0.484375,0.0,1,2,29,32,24,3,3,33,52,30,0,3,0.046875
3,4,size11_comp0.2_grid4_base_low,11,0.2,low,base,base,6,6,12,10,1,1,1,1,0,0,-1,64,0.0,0.5,0.5,0.0,2,3,26,33,23,4,4,32,51,31,0,1,0.015625
4,4,size11_comp0.2_grid4_base_low,11,0.2,low,base,base,6,6,12,10,1,1,1,1,0,0,-1,64,0.0,0.5,0.5,0.0,3,5,24,32,21,4,10,28,48,25,0,3,0.046875
5,4,size11_comp0.2_grid4_base_low,11,0.2,low,base,base,6,6,12,10,1,1,1,1,0,1,17,64,0.0,0.40625,0.6666666666666666,0.30434782608695654,1,0,17,46,32,0,2,29,53,25,0,21,0.328125
6,4,size11_comp0.2_grid4_base_low,11,0.2,low,base,base,6,6,12,10,1,1,1,1,0,1,7,64,0.0,0.390625,0.875,0.32142857142857145,1,0,17,46,31,1,1,30,54,19,0,22,0.34375
7,4,size11_comp0.2_grid4_base_low,11,0.2,low,base,base,6,6,12,10,1,1,1,1,0,0,-1,64,0.0,0.515625,0.515625,0.0,0,2,28,34,25,3,1,34,48,32,0,1,0.015625
8,4,size11_comp0.2_grid4_base_low,11,0.2,low,base,base,6,6,12,10,1,1,1,1,0,1,5,64,0.0,0.390625,1.0,0.3275862068965517,1,0,16,47,29,1,1,32,54,23,0,23,0.359375
9,4,size11_comp0.2_grid4_base_low,11,0.2,low,base,base,6,6,12,10,1,1,1,1,0,0,-1,64,0.0,0.46875,0.46875,0.0,1,1,31,31,26,2,2,33,53,29,0,7,0.109375
0,5,size11_comp0.2_grid5_base_low,11,0.2,low,base,base,13,7,20,6,7,1,1,1,1,0,-1,49,0.0,0.5306122448979592,0.5306122448979592,0.0,2,0,24,23,20,2,2,24,39,22,0,3,0.061224489795918366
1,5,size11_comp0.2_grid5_base_low,11,0.2,low,base,base,13,7,20,6,7,1,1,1,1,0,-1,44,0.0,0.5227272727272727,0.5227272727272727,0.0,3,0,21,20,20,3,3,17,29,15,0,4,0.09090909090909091
2,5,size11_comp0.2_grid5_base_low,11,0.2,low,base,base,13,7,20,6,7,1,1,1,1,0,-1,6,0.0,1.0,1.0,0.0,2,0,4,0,4,1,0,0,0,0,0,0,0.0
3,5,size11_comp0.2_grid5_base_low,11,0.2,low,base,base,13,7,20,6,7,1,1,1,1,0,-1,19,0.0,0.5789473684210527,0.5789473684210527,0.0,2,0,9,8,7,0,2,9,13,8,0,3,0.15789473684210525
4,5,size11_comp0.2_grid5_base_low,11,0.2,low,base,base,13,7,20,6,7,1,1,1,1,0,-1,20,0.0,0.6,0.6,0.0,2,0,10,8,11,2,0,6,11,4,0,2,0.1
5,5,size11_comp0.2_grid5_base_low,11,0.2,low,base,base,13,7,20,6,7,1,1,1,1,0,-1,24,0.0,0.625,0.625,0.0,2,0,13,9,7,4,0,12,15,12,0,0,0.0
6,5,size11_comp0.2_grid5_base_low,11,0.2,low,base,base,13,7,20,6,7,1,1,1,1,0,-1,8,0.0,0.875,0.875,0.0,2,0,5,1,2,2,1,2,2,2,0,0,0.0
7,5,size11_comp0.2_grid5_base_low,11,0.2,low,base,base,13,7,20,6,7,1,1,1,1,0,-1,27,0.0,0.5925925925925926,0.5925925925925926,0.0,2,0,14,11,6,2,2,16,17,15,0,1,0.037037037037037035
8,5,size11_comp0.2_grid5_base_low,11,0.2,low,base,base,13,7,20,6,7,1,1,1,1,0,-1,57,0.0,0.543859649122807,0.543859649122807,0.0,2,0,29,26,15,2,2,37,49,36,0,1,0.017543859649122806
9,5,size11_comp0.2_grid5_base_low,11,0.2,low,base,base,13,7,20,6,7,1,1,1,1,0,-1,16,0.0,0.6875,0.6875,0.0,2,0,9,5,4,1,3,7,8,7,0,0,0.0
0,6,size11_comp0.2_grid6_base_low,11,0.2,low,base,base,8,3,11,7,2,1,1,1,0,0,-1,64,0.0,0.109375,0.109375,0.0,0,0,57,7,52,0,0,11,61,6,0,50,0.78125
1,6,size11_comp0.2_grid6_base_low,11,0.2,low,base,base,8,3,11,7,2,1,1,1,0,0,-1,64,0.0,0.203125,0.203125,0.0,0,0,51,13,43,0,0,20,61,14,0,38,0.59375
2,6,size11_comp0.2_grid6_base_low,11,0.2,low,base,base,8,3,11,7,2,1,1,1,0,0,-1,64,0.0,0.1875,0.1875,0.0,0,0,52,12,44,0,0,19,61,11,0,40,0.625
3,6,size11_comp0.2_grid6_base_low,11,0.2,low,base,base,8,3,11,7,2,1,1,1,0,0,-1,64,0.0,0.125,0.125,0.0,0,0,56,8,47,0,0,16,62,8,0,48,0.75
4,6,size11_comp0.2_grid6_base_low,11,0.2,low,base,base,8,3,11,7,2,1,1,1,0,0,-1,64,0.0,0.15625,0.15625,0.0,0,0,53,11,46,0,0,17,61,9,0,44,0.6875
5,6,size11_comp0.2_grid6_base_low,11,0.2,low,base,base,8,3,11,7,2,1,1,1,0,0,-1,64,0.0,0.1875,0.1875,0.0,0,0,52,12,44,0,0,19,61,10,0,40,0.625
6,6,size11_comp0.2_grid6_base_low,11,0.2,low,base,base,8,3,11,7,2,1,1,1,0,0,-1,64,0.0,0.125,0.125,0.0,0,0,56,8,51,0,0,12,61,5,0,48,0.75
7,6,size11_comp0.2_grid6_base_low,11,0.2,low,base,base,8,3,11,7,2,1,1,1,0,0,-1,64,0.0,0.1875,0.1875,0.0,0,0,52,12,40,0,0,23,62,15,0,40,0.625
8,6,size11_comp0.2_grid6_base_low,11,0.2,low,base,base,8,3,11,7,2,1,1,1,0,0,-1,64,0.0,0.21875,0.21875,0.0,0,0,49,15,41,0,0,22,61,13,0,36,0.5625
9,6,size11_comp0.2_grid6_base_low,11,0.2,low,base,base,8,3,11,7,2,1,1,1,0,0,-1,64,0.0,0.140625,0.140625,0.0,0,0,55,9,47,0,0,16,61,7,0,46,0.71875
0,7,size11_comp0.2_grid7_base_low,11,0.2,low,base,base,4,3,7,7,0,1,1,1,0,1,41,64,0.0,0.5,0.5238095238095238,0.45454545454545453,0,2,32,30,17,1,2,43,57,40,3,2,0.03125
1,7,size11_comp0.2_grid7_base_low,11,0.2,low,base,base,4,3,7,7,0,1,1,1,1,1,22,28,0.25,0.5714285714285714,0.5217391304347826,0.8,0,2,9,17,14,0,3,10,16,8,2,3,0.10714285714285714
2,7,size11_comp0.2_grid7_base_low,11,0.2,low,base,base,4,3,7,7,0,1,1,1,0,1,7,64,0.0,0.5,0.75,0.4642857142857143,0,2,32,30,24,2,2,35,53,32,22,2,0.03125
3,7,size11_comp0.2_grid7_base_low,11,0.2,low,base,base,4,3,7,7,0,1,1,1,0,1,20,64,0.0,0.46875,0.5238095238095238,0.4418604651162791,0,2,34,28,17,1,2,43,57,38,3,6,0.09375
4,7,size11_comp0.2_grid7_base_low,11,0.2,low,base,base,4,3,7,7,0,1,1,1,0,1,15,64,0.0,0.4375,0.625,0.375,0,2,36,26,22,1,3,37,55,29,10,12,0.1875
5,7,size11_comp0.2_grid7_base_low,11,0.2,low,base,base,4,3,7,7,0,1,1,1,1,1,31,39,0.1794871794871795,0.5384615384615384,0.5,0.7142857142857143,0,2,18,19,15,0,3,20,30,17,2,4,0.10256410256410256
6,7,size11_comp0.2_grid7_base_low,11,0.2,low,base,base,4,3,7,7,0,1,1,1,0,1,43,64,0.0,0.46875,0.5227272727272727,0.35,1,2,33,28,17,3,2,41,56,38,8,4,0.0625
7,7,size11_comp0.2_grid7_base_low,11,0.2,low,base,base,4,3,7,7,0,1,1,1,0,1,30,64,0.0,0.515625,0.5483870967741935,0.48484848484848486,0,2,31,31,22,0,3,38,55,36,16,1,0.015625
8,7,size11_comp0.2_grid7_base_low,11,0.2,low,base,base,4,3,7,7,0,1,1,1,0,1,3,64,0.0,0.453125,1.0,0.4166666666666667,0,2,35,27,24,1,2,36,55,29,7,7,0.109375
9,7,size11_comp0.2_grid7_base_low,11,0.2,low,base,base,4,3,7,7,0,1,1,1,0,1,25,64,0.0,0.453125,0.5769230769230769,0.3684210526315789,0,2,35,27,17,3,1,42,55,36,1,8,0.125
0,8,size11_comp0.2_grid8_base_low,11,0.2,low,base,base,9,6,15,3,6,1,1,1,1,0,-1,13,0.0,0.6153846153846154,0.6153846153846154,0.0,0,0,8,5,5,0,0,7,9,7,0,0,0.0
1,8,size11_comp0.2_grid8_base_low,11,0.2,low,base,base,9,6,15,3,6,1,1,1,1,0,-1,5,0.0,0.8,0.8,0.0,0,0,4,1,3,0,0,1,1,1,0,0,0.0
2,8,size11_comp0.2_grid8_base_low,11,0.2,low,base,base,9,6,15,3,6,1,1,1,1,0,-1,5,0.0,0.8,0.8,0.0,0,0,4,1,3,0,0,1,1,1,0,0,0.0
3,8,size11_comp0.2_grid8_base_low,11,0.2,low,base,base,9,6,15,3,6,1,1,1,1,0,-1,3,0.0,1.0,1.0,0.0,0,0,3,0,2,0,0,0,0,0,0,0,0.0
4,8,size11_comp0.2_grid8_base_low,11,0.2,low,base,base,9,6,15,3,6,1,1,1,1,0,-1,3,0.0,1.0,1.0,0.0,0,0,3,0,2,0,0,0,0,0,0,0,0.0
5,8,size11_comp0.2_grid8_base_low,11,0.2,low,base,base,9,6,15,3,6,1,1,1,1,0,-1,5,0.0,0.8,0.8,0.0,0,0,4,1,3,0,0,1,1,1,0,0,0.0
6,8,size11_comp0.2_grid8_base_low,11,0.2,low,base,base,9,6,15,3,6,1,1,1,1,0,-1,11,0.0,0.6363636363636364,0.6363636363636364,0.0,0,0,7,4,4,0,0,6,7,6,0,0,0.0
7,8,size11_comp0.2_grid8_base_low,11,0.2,low,base,base,9,6,15,3,6,1,1,1,1,0,-1,3,0.0,1.0,1.0,0.0,0,0,3,0,2,0,0,0,0,0,0,0,0.0
8,8,size11_comp0.2_grid8_base_low,11,0.2,low,base,base,9,6,15,3,6,1,1,1,1,0,-1,3,0.0,1.0,1.0,0.0,0,0,3,0,2,0,0,0,0,0,0,0,0.0
9,8,size11_comp0.2_grid8_base_low,11,0.2,low,base,base,9,6,15,3,6,1,1,1,1,0,-1,5,0.0,0.8,0.8,0.0,0,0,4,1,2,0,0,2,2,2,0,0,0.0
0,9,size11_comp0.2_grid9_base_low,11,0.2,low,base,base,10,8,18,4,7,1,1,1,0,1,41,64,0.0,0.390625,0.42857142857142855,0.3181818181818182,5,1,33,25,36,6,6,15,45,13,9,24,0.375
1,9,size11_comp0.2_grid9_base_low,11,0.2,low,base,base,10,8,18,4,7,1,1,1,0,0,-1,64,0.0,0.453125,0.453125,0.0,5,5,35,19,21,11,5,26,51,21,0,15,0.234375
2,9,size11_comp0.2_grid9_base_low,11,0.2,low,base,base,10,8,18,4,7,1,1,1,0,1,42,64,0.0,0.390625,0.4883720930232558,0.19047619047619047,7,6,22,29,29,14,8,12,47,9,14,24,0.375
3,9,size11_comp0.2_grid9_base_low,11,0.2,low,base,base,10,8,18,4,7,1,1,1,0,0,-1,64,0.0,0.484375,0.484375,0.0,10,2,29,23,19,7,6,31,51,31,0,9,0.140625
4,9,size11_comp0.2_grid9_base_low,11,0.2,low,base,base,10,8,18,4,7,1,1,1,0,0,-1,64,0.0,0.4375,0.4375,0.0,5,4,36,19,26,9,7,21,47,15,0,16,0.25
5,9,size11_comp0.2_grid9_base_low,11,0.2,low,base,base,10,8,18,4,7,1,1,1,0,0,-1,64,0.0,0.296875,0.296875,0.0,5,3,47,9,41,7,0,15,51,12,0,33,0.515625
6,9,size11_comp0.2_grid9_base_low,11,0.2,low,base,base,10,8,18,4,7,1,1,1,0,0,-1,64,0.0,0.5,0.5,0.0,4,3,34,23,21,6,6,30,48,26,0,5,0.078125
7,9,size11_comp0.2_grid9_base_low,11,0.2,low,base,base,10,8,18,4,7,1,1,1,0,1,25,64,0.0,0.46875,0.6153846153846154,0.3684210526315789,8,3,22,31,27,7,7,22,39,17,8,13,0.203125
8,9,size11_comp0.2_grid9_base_low,11,0.2,low,base,base,10,8,18,4,7,1,1,1,0,0,-1,64,0.0,0.34375,0.34375,0.0,3,1,44,16,32,4,4,23,50,15,0,25,0.390625
9,9,size11_comp0.2_grid9_base_low,11,0.2,low,base,base,10,8,18,4,7,1,1,1,0,0,-1,64,0.0,0.40625,0.40625,0.0,4,5,37,18,21,12,6,24,52,19,0,18,0.28125
0,0,size11_comp0.4_grid0_base_low,11,0.4,low,base,base,10,6,16,6,5,1,1,1,0,1,16,64,0.0,0.328125,0.7647058823529411,0.1702127659574468,2,0,18,44,42,0,2,19,53,12,1,33,0.515625
1,0,size11_comp0.4_grid0_base_low,11,0.4,low,base,base,10,6,16,6,5,1,1,1,0,0,-1,64,0.0,0.515625,0.515625,0.0,4,0,35,25,20,2,3,38,53,37,0,6,0.09375
2,0,size11_comp0.4_grid0_base_low,11,0.4,low,base,base,10,6,16,6,5,1,1,1,0,0,-1,64,0.0,0.453125,0.453125,0.0,9,1,30,24,21,3,10,29,54,27,0,10,0.15625
3,0,size11_comp0.4_grid0_base_low,11,0.4,low,base,base,10,6,16,6,5,1,1,1,0,0,-1,64,0.0,0.421875,0.421875,0.0,1,0,39,24,34,1,1,27,54,23,0,14,0.21875
4,0,size11_comp0.4_grid0_base_low,11,0.4,low,base,base,10,6,16,6,5,1,1,1,0,0,-1,64,0.0,0.40625,0.40625,0.0,1,0,41,22,31,1,1,30,55,21,0,19,0.296875
5,0,size11_comp0.4_grid0_base_low,11,0.4,low,base,base,10,6,16,6,5,1,1,1,0,0,-1,64,0.0,0.5,0.5,0.0,3,0,35,26,23,3,3,34,55,33,0,4,0.0625
6,0,size11_comp0.4_grid0_base_low,11,0.4,low,base,base,10,6,16,6,5,1,1,1,0,1,35,64,0.0,0.453125,0.4722222222222222,0.42857142857142855,2,0,37,25,23,3,1,36,52,28,1,17,0.265625
7,0,size11_comp0.4_grid0_base_low,11,0.4,low,base,base,10,6,16,6,5,1,1,1,0,1,51,64,0.0,0.453125,0.4807692307692308,0.3333333333333333,2,0,37,25,30,1,3,29,53,20,1,17,0.265625
8,0,size11_comp0.4_grid0_base_low,11,0.4,low,base,base,10,6,16,6,5,1,1,1,0,1,50,64,0.0,0.40625,0.45098039215686275,0.23076923076923078,3,0,35,26,37,5,1,20,50,13,1,23,0.359375
9,0,size11_comp0.4_grid0_base_low,11,0.4,low,base,base,10,6,16,6,5,1,1,1,0,1,54,64,0.0,0.40625,0.4,0.4444444444444444,2,0,39,23,30,1,3,29,52,17,1,24,0.375
0,1,size11_comp0.4_grid1_base_low,11,0.4,low,base,base,3,11,14,10,3,1,1,1,0,0,-1,64,0.0,0.234375,0.234375,0.0,0,0,48,16,34,0,0,29,61,18,0,32,0.5
1,1,size11_comp0.4_grid1_base_low,11,0.4,low,base,base,3,11,14,10,3,1,1,1,0,0,-1,64,0.0,0.3125,0.3125,0.0,0,0,44,20,30,0,0,33,61,27,0,23,0.359375
2,1,size11_comp0.4_grid1_base_low,11,0.4,low,base,base,3,11,14,10,3,1,1,1,0,0,-1,64,0.0,0.25,0.25,0.0,0,0,47,17,37,0,0,26,61,15,0,30,0.46875
3,1,size11_comp0.4_grid1_base_low,11,0.4,low,base,base,3,11,14,10,3,1,1,1,0,0,-1,64,0.0,0.28125,0.28125,0.0,0,0,45,19,34,0,0,29,61,19,0,26,0.40625
4,1,size11_comp0.4_grid1_base_low,11,0.4,low,base,base,3,11,14,10,3,1,1,1,0,0,-1,64,0.0,0.3125,0.3125,0.0,0,0,44,20,29,0,0,34,61,23,0,23,0.359375
5,1,size11_comp0.4_grid1_base_low,11,0.4,low,base,base,3,11,14,10,3,1,1,1,0,0,-1,64,0.0,0.25,0.25,0.0,0,0,48,16,34,0,0,29,61,18,0,31,0.484375
6,1,size11_comp0.4_grid1_base_low,11,0.4,low,base,base,3,11,14,10,3,1,1,1,0,0,-1,64,0.0,0.328125,0.328125,0.0,0,0,43,21,29,0,0,34,61,24,0,20,0.3125
7,1,size11_comp0.4_grid1_base_low,11,0.4,low,base,base,3,11,14,10,3,1,1,1,0,0,-1,64,0.0,0.296875,0.296875,0.0,0,0,43,21,32,0,0,31,61,19,0,25,0.390625
8,1,size11_comp0.4_grid1_base_low,11,0.4,low,base,base,3,11,14,10,3,1,1,1,0,0,-1,64,0.0,0.328125,0.328125,0.0,0,0,42,22,25,0,0,38,61,28,0,20,0.3125
9,1,size11_comp0.4_grid1_base_low,11,0.4,low,base,base,3,11,14,10,3,1,1,1,0,0,-1,64,0.0,0.296875,0.296875,0.0,0,0,45,19,32,0,0,31,61,24,0,26,0.40625
0,2,size11_comp0.4_grid2_base_low,11,0.4,low,base,base,3,6,9,7,1,1,1,1,0,1,2,64,0.0,0.5,1.0,0.47540983606557374,4,0,30,30,23,1,5,34,55,34,0,3,0.046875
1,2,size11_comp0.4_grid2_base_low,11,0.4,low,base,base,3,6,9,7,1,1,1,1,0,1,46,64,0.0,0.515625,0.5319148936170213,0.47058823529411764,1,0,31,32,18,2,0,43,54,42,1,0,0.0
2,2,size11_comp0.4_grid2_base_low,11,0.4,low,base,base,3,6,9,7,1,1,1,1,0,1,20,64,0.0,0.53125,0.5714285714285714,0.5116279069767442,3,0,29,32,25,3,3,32,51,32,0,3,0.046875
3,2,size11_comp0.4_grid2_base_low,11,0.4,low,base,base,3,6,9,7,1,1,1,1,0,1,2,64,0.0,0.453125,1.0,0.4262295081967213,3,0,37,24,29,4,1,29,49,21,1,14,0.21875
4,2,size11_comp0.4_grid2_base_low,11,0.4,low,base,base,3,6,9,7,1,1,1,1,0,1,56,64,0.0,0.515625,0.5263157894736842,0.42857142857142855,1,0,31,32,29,1,1,32,53,32,1,0,0.0
5,2,size11_comp0.4_grid2_base_low,11,0.4,low,base,base,3,6,9,7,1,1,1,1,0,1,12,64,0.0,0.46875,0.5384615384615384,0.45098039215686275,6,0,27,31,20,8,4,31,55,29,3,7,0.109375
6,2,size11_comp0.4_grid2_base_low,11,0.4,low,base,base,3,6,9,7,1,1,1,1,0,1,2,64,0.0,0.421875,1.0,0.39344262295081966,8,0,29,27,17,10,6,30,53,28,1,15,0.234375
7,2,size11_comp0.4_grid2_base_low,11,0.4,low,base,base,3,6,9,7,1,1,1,1,0,0,-1,64,0.0,0.203125,0.203125,0.0,1,0,15,48,47,0,2,14,58,13,0,37,0.578125
8,2,size11_comp0.4_grid2_base_low,11,0.4,low,base,base,3,6,9,7,1,1,1,1,0,1,25,64,0.0,0.5,0.5384615384615384,0.47368421052631576,4,0,29,31,19,3,5,36,53,35,1,3,0.046875
9,2,size11_comp0.4_grid2_base_low,11,0.4,low,base,base,3,6,9,7,1,1,1,1,0,1,2,64,0.0,0.515625,1.0,0.4918032786885246,5,0,30,29,25,7,2,29,50,26,1,6,0.09375
0,3,size11_comp0.4_grid3_base_low,11,0.4,low,base,base,7,5,12,8,3,1,1,1,1,0,-1,14,0.0,0.5714285714285714,0.5714285714285714,0.0,1,0,10,3,6,2,0,5,5,5,0,0,0.0
1,3,size11_comp0.4_grid3_base_low,11,0.4,low,base,base,7,5,12,8,3,1,1,1,1,0,-1,12,0.0,0.5833333333333334,0.5833333333333334,0.0,1,0,9,2,7,1,1,2,3,2,0,0,0.0
2,3,size11_comp0.4_grid3_base_low,11,0.4,low,base,base,7,5,12,8,3,1,1,1,1,0,-1,16,0.0,0.5625,0.5625,0.0,1,0,11,4,8,0,2,5,7,5,0,0,0.0
3,3,size11_comp0.4_grid3_base_low,11,0.4,low,base,base,7,5,12,8,3,1,1,1,1,0,-1,31,0.0,0.3870967741935484,0.3870967741935484,0.0,1,0,23,7,19,2,0,9,21,7,0,9,0.2903225806451613
4,3,size11_comp0.4_grid3_base_low,11,0.4,low,base,base,7,5,12,8,3,1,1,1,1,0,-1,35,0.0,0.45714285714285713,0.45714285714285713,0.0,1,0,23,11,17,2,0,15,25,12,0,5,0.14285714285714285
5,3,size11_comp0.4_grid3_base_low,11,0.4,low,base,base,7,5,12,8,3,1,1,1,1,0,-1,20,0.0,0.5,0.5,0.0,1,0,14,5,8,2,0,9,11,8,0,2,0.1
6,3,size11_comp0.4_grid3_base_low,11,0.4,low,base,base,7,5,12,8,3,1,1,1,1,0,-1,53,0.0,0.2830188679245283,0.2830188679245283,0.0,1,0,42,10,32,1,1,18,45,14,0,25,0.4716981132075472
7,3,size11_comp0.4_grid3_base_low,11,0.4,low,base,base,7,5,12,8,3,1,1,1,1,0,-1,11,0.0,0.5454545454545454,0.5454545454545454,0.0,1,0,9,1,6,1,1,2,3,2,0,1,0.09090909090909091
8,3,size11_comp0.4_grid3_base_low,11,0.4,low,base,base,7,5,12,8,3,1,1,1,1,0,-1,21,0.0,0.3333333333333333,0.3333333333333333,0.0,1,0,18,2,14,1,1,4,13,4,0,9,0.42857142857142855
9,3,size11_comp0.4_grid3_base_low,11,0.4,low,base,base,7,5,12,8,3,1,1,1,0,0,-1,64,0.0,0.34375,0.34375,0.0,1,1,43,19,31,2,2,28,57,20,0,22,0.34375
0,4,size11_comp0.4_grid4_base_low,11,0.4,low,base,base,8,6,14,14,0,1,1,1,0,0,-1,64,0.0,0.5,0.5,0.0,0,0,28,36,26,0,0,37,55,35,0,1,0.015625
1,4,size11_comp0.4_grid4_base_low,11,0.4,low,base,base,8,6,14,14,0,1,1,1,0,0,-1,64,0.0,0.5,0.5,0.0,0,0,28,36,27,0,0,36,55,35,0,1,0.015625
2,4,size11_comp0.4_grid4_base_low,11,0.4,low,base,base,8,6,14,14,0,1,1,1,0,0,-1,64,0.0,0.5,0.5,0.0,0,0,28,36,29,0,0,34,55,33,0,1,0.015625
3,4,size11_comp0.4_grid4_base_low,11,0.4,low,base,base,8,6,14,14,0,1,1,1,0,0,-1,64,0.0,0.5,0.5,0.0,0,0,28,36,29,0,0,34,55,34,0,0,0.0
4,4,size11_comp0.4_grid4_base_low,11,0.4,low,base,base,8,6,14,14,0,1,1,1,0,0,-1,64,0.0,0.515625,0.515625,0.0,0,0,29,35,27,0,0,36,55,36,0,0,0.0
5,4,size11_comp0.4_grid4_base_low,11,0.4,low,base,base,8,6,14,14,0,1,1,1,0,0,-1,64,0.0,0.515625,0.515625,0.0,0,0,29,35,29,0,0,34,55,33,0,0,0.0
6,4,size11_comp0.4_grid4_base_low,11,0.4,low,base,base,8,6,14,14,0,1,1,1,0,0,-1,64,0.0,0.515625,0.515625,0.0,0,0,29,35,30,0,0,33,55,32,0,0,0.0
7,4,size11_comp0.4_grid4_base_low,11,0.4,low,base,base,8,6,14,14,0,1,1,1,0,0,-1,64,0.0,0.515625,0.515625,0.0,0,0,29,35,31,0,0,32,55,31,0,0,0.0
8,4,size11_comp0.4_grid4_base_low,11,0.4,low,base,base,8,6,14,14,0,1,1,1,0,0,-1,64,0.0,0.515625,0.515625,0.0,0,0,29,35,24,0,0,39,55,38,0,0,0.0
9,4,size11_comp0.4_grid4_base_low,11,0.4,low,base,base,8,6,14,14,0,1,1,1,0,0,-1,64,0.0,0.515625,0.515625,0.0,0,0,29,35,27,0,0,36,55,35,0,0,0.0
0,5,size11_comp0.4_grid5_base_low,11,0.4,low,base,base,7,4,11,7,2,1,1,1,0,0,-1,64,0.0,0.0,0.0,0.0,1,0,60,3,56,1,0,6,62,0,0,63,0.984375
1,5,size11_comp0.4_grid5_base_low,11,0.4,low,base,base,7,4,11,7,2,1,1,1,0,0,-1,64,0.0,0.0,0.0,0.0,1,0,62,1,60,1,0,2,62,0,0,63,0.984375
2,5,size11_comp0.4_grid5_base_low,11,0.4,low,base,base,7,4,11,7,2,1,1,1,0,0,-1,64,0.0,0.0,0.0,0.0,1,0,58,5,51,1,1,10,62,0,0,63,0.984375
3,5,size11_comp0.4_grid5_base_low,11,0.4,low,base,base,7,4,11,7,2,1,1,1,0,0,-1,64,0.0,0.0,0.0,0.0,1,0,58,5,52,1,1,9,62,0,0,63,0.984375
4,5,size11_comp0.4_grid5_base_low,11,0.4,low,base,base,7,4,11,7,2,1,1,1,0,0,-1,64,0.0,0.0,0.0,0.0,1,0,58,5,52,1,0,10,62,0,0,63,0.984375
5,5,size11_comp0.4_grid5_base_low,11,0.4,low,base,base,7,4,11,7,2,1,1,1,0,0,-1,64,0.0,0.0,0.0,0.0,1,0,61,2,57,1,1,4,62,0,0,63,0.984375
6,5,size11_comp0.4_grid5_base_low,11,0.4,low,base,base,7,4,11,7,2,1,1,1,0,0,-1,64,0.0,0.0,0.0,0.0,1,0,57,6,50,1,0,12,62,0,0,63,0.984375
7,5,size11_comp0.4_grid5_base_low,11,0.4,low,base,base,7,4,11,7,2,1,1,1,0,0,-1,64,0.0,0.0,0.0,0.0,1,0,61,2,57,1,1,4,62,0,0,63,0.984375
8,5,size11_comp0.4_grid5_base_low,11,0.4,low,base,base,7,4,11,7,2,1,1,1,0,0,-1,64,0.0,0.0,0.0,0.0,1,0,57,6,50,2,0,11,62,0,0,63,0.984375
9,5,size11_comp0.4_grid5_base_low,11,0.4,low,base,base,7,4,11,7,2,1,1,1,0,0,-1,64,0.0,0.0,0.0,0.0,1,0,58,5,53,2,0,8,62,0,0,63,0.984375
0,6,size11_comp0.4_grid6_base_low,11,0.4,low,base,base,7,8,15,7,6,1,1,1,0,0,-1,64,0.0,0.203125,0.203125,0.0,0,0,13,51,44,0,0,19,61,16,0,38,0.59375
1,6,size11_comp0.4_grid6_base_low,11,0.4,low,base,base,7,8,15,7,6,1,1,1,0,0,-1,64,0.0,0.203125,0.203125,0.0,0,0,14,50,44,0,0,19,61,12,0,37,0.578125
2,6,size11_comp0.4_grid6_base_low,11,0.4,low,base,base,7,8,15,7,6,1,1,1,0,0,-1,64,0.0,0.140625,0.140625,0.0,0,0,10,54,47,0,0,16,61,8,0,45,0.703125
3,6,size11_comp0.4_grid6_base_low,11,0.4,low,base,base,7,8,15,7,6,1,1,1,0,0,-1,64,0.0,0.203125,0.203125,0.0,0,0,13,51,41,0,0,22,61,12,0,38,0.59375
4,6,size11_comp0.4_grid6_base_low,11,0.4,low,base,base,7,8,15,7,6,1,1,1,0,0,-1,64,0.0,0.203125,0.203125,0.0,0,0,13,51,41,0,0,22,61,13,0,38,0.59375
5,6,size11_comp0.4_grid6_base_low,11,0.4,low,base,base,7,8,15,7,6,1,1,1,0,0,-1,64,0.0,0.15625,0.15625,0.0,0,0,10,54,45,0,0,18,61,12,0,44,0.6875
6,6,size11_comp0.4_grid6_base_low,11,0.4,low,base,base,7,8,15,7,6,1,1,1,0,0,-1,64,0.0,0.1875,0.1875,0.0,0,0,13,51,42,0,0,21,61,12,0,39,0.609375
7,6,size11_comp0.4_grid6_base_low,11,0.4,low,base,base,7,8,15,7,6,1,1,1,0,0,-1,64,0.0,0.15625,0.15625,0.0,0,0,10,54,47,0,0,16,61,10,0,44,0.6875
8,6,size11_comp0.4_grid6_base_low,11,0.4,low,base,base,7,8,15,7,6,1,1,1,0,0,-1,64,0.0,0.21875,0.21875,0.0,0,0,16,48,42,0,0,21,61,14,0,34,0.53125
9,6,size11_comp0.4_grid6_base_low,11,0.4,low,base,base,7,8,15,7,6,1,1,1,0,0,-1,64,0.0,0.140625,0.140625,0.0,0,0,10,54,45,0,0,18,62,11,0,45,0.703125
0,7,size11_comp0.4_grid7_base_low,11,0.4,low,base,base,4,8,12,6,4,1,1,1,0,0,-1,64,0.0,0.09375,0.09375,0.0,0,0,57,7,50,0,0,13,62,6,0,51,0.796875
1,7,size11_comp0.4_grid7_base_low,11,0.4,low,base,base,4,8,12,6,4,1,1,1,0,0,-1,64,0.0,0.046875,0.046875,0.0,0,0,59,5,57,0,0,6,62,1,0,57,0.890625
2,7,size11_comp0.4_grid7_base_low,11,0.4,low,base,base,4,8,12,6,4,1,1,1,0,0,-1,64,0.0,0.09375,0.09375,0.0,0,0,56,8,51,0,0,12,62,5,0,51,0.796875
3,7,size11_comp0.4_grid7_base_low,11,0.4,low,base,base,4,8,12,6,4,1,1,1,0,0,-1,64,0.0,0.09375,0.09375,0.0,0,0,56,8,51,0,0,12,62,3,0,51,0.796875
4,7,size11_comp0.4_grid7_base_low,11,0.4,low,base,base,4,8,12,6,4,1,1,1,0,0,-1,64,0.0,0.140625,0.140625,0.0,0,0,52,12,44,0,0,19,62,10,0,45,0.703125
5,7,size11_comp0.4_grid7_base_low,11,0.4,low,base,base,4,8,12,6,4,1,1,1,0,0,-1,64,0.0,0.0625,0.0625,0.0,0,0,60,4,55,0,0,8,62,4,0,55,0.859375
6,7,size11_comp0.4_grid7_base_low,11,0.4,low,base,base,4,8,12,6,4,1,1,1,0,0,-1,64,0.0,0.0625,0.0625,0.0,0,0,60,4,55,0,0,8,62,4,0,55,0.859375
7,7,size11_comp0.4_grid7_base_low,11,0.4,low,base,base,4,8,12,6,4,1,1,1,0,0,-1,64,0.0,0.078125,0.078125,0.0,0,0,58,6,52,0,0,11,62,7,0,53,0.828125
8,7,size11_comp0.4_grid7_base_low,11,0.4,low,base,base,4,8,12,6,4,1,1,1,0,0,-1,64,0.0,0.078125,0.078125,0.0,0,0,58,6,53,0,0,10,62,4,0,53,0.828125
9,7,size11_comp0.4_grid7_base_low,11,0.4,low,base,base,4,8,12,6,4,1,1,1,0,0,-1,64,0.0,0.078125,0.078125,0.0,0,0,57,7,54,0,0,9,62,3,0,54,0.84375
0,8,size11_comp0.4_grid8_base_low,11,0.4,low,base,base,6,7,13,3,5,1,1,1,1,0,-1,11,0.0,0.45454545454545453,0.45454545454545453,0.0,1,0,6,4,5,1,1,3,5,3,0,0,0.0
1,8,size11_comp0.4_grid8_base_low,11,0.4,low,base,base,6,7,13,3,5,1,1,1,1,0,-1,7,0.0,0.42857142857142855,0.42857142857142855,0.0,1,0,4,2,2,0,1,3,3,3,0,0,0.0
2,8,size11_comp0.4_grid8_base_low,11,0.4,low,base,base,6,7,13,3,5,1,1,1,1,0,-1,8,0.0,0.375,0.375,0.0,1,0,4,3,3,2,0,2,3,1,0,1,0.125
3,8,size11_comp0.4_grid8_base_low,11,0.4,low,base,base,6,7,13,3,5,1,1,1,1,0,-1,7,0.0,0.42857142857142855,0.42857142857142855,0.0,1,0,4,2,2,0,1,3,3,3,0,0,0.0
4,8,size11_comp0.4_grid8_base_low,11,0.4,low,base,base,6,7,13,3,5,1,1,1,0,0,-1,64,0.0,0.375,0.375,0.0,9,2,30,23,17,7,13,26,58,20,0,18,0.28125
5,8,size11_comp0.4_grid8_base_low,11,0.4,low,base,base,6,7,13,3,5,1,1,1,1,0,-1,3,0.0,0.3333333333333333,0.3333333333333333,0.0,1,0,2,0,1,1,0,0,0,0,0,0,0.0
6,8,size11_comp0.4_grid8_base_low,11,0.4,low,base,base,6,7,13,3,5,1,1,1,1,0,-1,3,0.0,0.3333333333333333,0.3333333333333333,0.0,1,0,2,0,1,1,0,0,0,0,0,0,0.0
7,8,size11_comp0.4_grid8_base_low,11,0.4,low,base,base,6,7,13,3,5,1,1,1,1,0,-1,20,0.0,0.35,0.35,0.0,2,1,9,8,7,5,1,6,13,4,0,5,0.25
8,8,size11_comp0.4_grid8_base_low,11,0.4,low,base,base,6,7,13,3,5,1,1,1,0,0,-1,64,0.0,0.390625,0.390625,0.0,4,5,28,27,22,6,12,23,51,20,0,14,0.21875
9,8,size11_comp0.4_grid8_base_low,11,0.4,low,base,base,6,7,13,3,5,1,1,1,1,0,-1,7,0.0,0.42857142857142855,0.42857142857142855,0.0,1,0,4,2,2,0,2,2,2,2,0,0,0.0
0,9,size11_comp0.4_grid9_base_low,11,0.4,low,base,base,8,8,16,10,4,1,1,1,0,1,9,64,0.0,0.5625,0.9,0.5,4,0,31,29,30,2,4,27,44,21,3,7,0.109375
1,9,size11_comp0.4_grid9_base_low,11,0.4,low,base,base,8,8,16,10,4,1,1,1,0,1,7,64,0.0,0.546875,1.0,0.48214285714285715,4,0,32,28,30,3,5,25,40,20,1,9,0.140625
2,9,size11_comp0.4_grid9_base_low,11,0.4,low,base,base,8,8,16,10,4,1,1,1,0,1,7,64,0.0,0.5,1.0,0.42857142857142855,4,0,27,33,34,4,4,21,42,16,0,12,0.1875
3,9,size11_comp0.4_grid9_base_low,11,0.4,low,base,base,8,8,16,10,4,1,1,1,0,1,7,64,0.0,0.5625,1.0,0.5,2,0,32,30,28,3,1,31,48,29,1,4,0.0625
4,9,size11_comp0.4_grid9_base_low,11,0.4,low,base,base,8,8,16,10,4,1,1,1,0,1,7,64,0.0,0.515625,1.0,0.44642857142857145,5,0,32,27,31,3,7,22,42,17,2,13,0.203125
5,9,size11_comp0.4_grid9_base_low,11,0.4,low,base,base,8,8,16,10,4,1,1,1,0,1,7,64,0.0,0.25,1.0,0.14285714285714285,1,0,45,18,47,2,0,14,54,9,3,39,0.609375
6,9,size11_comp0.4_grid9_base_low,11,0.4,low,base,base,8,8,16,10,4,1,1,1,0,1,9,64,0.0,0.484375,0.9,0.4074074074074074,5,0,30,29,32,4,6,21,41,15,1,14,0.21875
7,9,size11_comp0.4_grid9_base_low,11,0.4,low,base,base,8,8,16,10,4,1,1,1,0,1,9,64,0.0,0.421875,0.9,0.3333333333333333,4,0,27,33,31,3,5,24,43,13,0,23,0.359375
8,9,size11_comp0.4_grid9_base_low,11,0.4,low,base,base,8,8,16,10,4,1,1,1,0,1,7,64,0.0,0.546875,1.0,0.48214285714285715,8,0,29,27,24,4,8,27,41,25,1,5,0.078125
9,9,size11_comp0.4_grid9_base_low,11,0.4,low,base,base,8,8,16,10,4,1,1,1,0,1,7,64,0.0,0.546875,1.0,0.48214285714285715,4,0,32,28,29,5,3,26,42,22,3,6,0.09375
0,0,size11_comp0.6_grid0_base_low,11,0.6,low,base,base,5,8,13,3,5,1,1,1,0,1,8,64,0.0,0.53125,0.7777777777777778,0.4909090909090909,0,1,33,30,31,1,1,30,58,29,5,2,0.03125
1,0,size11_comp0.6_grid0_base_low,11,0.6,low,base,base,5,8,13,3,5,1,1,1,0,1,6,64,0.0,0.546875,0.8571428571428571,0.5087719298245614,0,0,34,30,27,0,0,36,58,35,11,0,0.0
2,0,size11_comp0.6_grid0_base_low,11,0.6,low,base,base,5,8,13,3,5,1,1,1,0,1,6,64,0.0,0.546875,0.8571428571428571,0.5087719298245614,0,2,32,30,29,3,1,30,57,29,4,2,0.03125
3,0,size11_comp0.6_grid0_base_low,11,0.6,low,base,base,5,8,13,3,5,1,1,1,0,1,6,64,0.0,0.53125,0.8571428571428571,0.49122807017543857,0,4,31,29,23,5,3,32,57,32,6,4,0.0625
4,0,size11_comp0.6_grid0_base_low,11,0.6,low,base,base,5,8,13,3,5,1,1,1,0,1,4,64,0.0,0.5625,1.0,0.5254237288135594,0,0,32,32,33,0,0,30,58,28,7,1,0.015625
5,0,size11_comp0.6_grid0_base_low,11,0.6,low,base,base,5,8,13,3,5,1,1,1,0,1,6,64,0.0,0.53125,0.8571428571428571,0.49122807017543857,0,1,34,29,19,1,1,42,57,42,6,1,0.015625
6,0,size11_comp0.6_grid0_base_low,11,0.6,low,base,base,5,8,13,3,5,1,1,1,0,1,8,64,0.0,0.546875,0.7777777777777778,0.509090909090909,0,1,29,34,24,1,1,37,55,33,13,5,0.078125
7,0,size11_comp0.6_grid0_base_low,11,0.6,low,base,base,5,8,13,3,5,1,1,1,0,1,6,64,0.0,0.53125,0.8571428571428571,0.49122807017543857,0,1,34,29,30,2,0,31,57,31,6,1,0.015625
8,0,size11_comp0.6_grid0_base_low,11,0.6,low,base,base,5,8,13,3,5,1,1,1,0,1,10,64,0.0,0.546875,0.7272727272727273,0.5094339622641509,0,1,32,31,22,1,1,39,58,37,3,2,0.03125
9,0,size11_comp0.6_grid0_base_low,11,0.6,low,base,base,5,8,13,3,5,1,1,1,0,1,4,64,0.0,0.53125,1.0,0.4915254237288136,0,2,33,29,22,3,1,37,58,37,7,2,0.03125
0,1,size11_comp0.6_grid1_base_low,11,0.6,low,base,base,6,13,19,9,6,1,1,1,1,0,-1,19,0.0,0.10526315789473684,0.10526315789473684,0.0,0,4,12,3,6,4,4,4,10,2,0,8,0.42105263157894735
1,1,size11_comp0.6_grid1_base_low,11,0.6,low,base,base,6,13,19,9,6,1,1,1,0,0,-1,64,0.0,0.375,0.375,0.0,2,13,27,22,24,9,13,17,54,17,0,13,0.203125
2,1,size11_comp0.6_grid1_base_low,11,0.6,low,base,base,6,13,19,9,6,1,1,1,0,0,-1,64,0.0,0.390625,0.390625,0.0,2,6,31,25,18,9,7,29,55,27,0,11,0.171875
3,1,size11_comp0.6_grid1_base_low,11,0.6,low,base,base,6,13,19,9,6,1,1,1,1,0,-1,16,0.0,0.1875,0.1875,0.0,0,3,11,2,5,3,3,4,7,4,0,3,0.1875
4,1,size11_comp0.6_grid1_base_low,11,0.6,low,base,base,6,13,19,9,6,1,1,1,0,0,-1,64,0.0,0.34375,0.34375,0.0,3,11,29,21,23,10,10,20,54,17,0,16,0.25
5,1,size11_comp0.6_grid1_base_low,11,0.6,low,base,base,6,13,19,9,6,1,1,1,0,0,-1,64,0.0,0.375,0.375,0.0,2,15,26,21,17,9,9,28,58,28,0,13,0.203125
6,1,size11_comp0.6_grid1_base_low,11,0.6,low,base,base,6,13,19,9,6,1,1,1,1,0,-1,30,0.0,0.26666666666666666,0.26666666666666666,0.0,1,8,15,6,8,5,7,9,21,9,0,7,0.23333333333333334
7,1,size11_comp0.6_grid1_base_low,11,0.6,low,base,base,6,13,19,9,6,1,1,1,1,0,-1,43,0.0,0.37209302325581395,0.37209302325581395,0.0,0,6,22,15,20,4,4,14,31,14,0,4,0.09302325581395349
8,1,size11_comp0.6_grid1_base_low,11,0.6,low,base,base,6,13,19,9,6,1,1,1,0,0,-1,64,0.0,0.40625,0.40625,0.0,1,3,35,25,20,3,5,35,55,32,0,7,0.109375
9,1,size11_comp0.6_grid1_base_low,11,0.6,low,base,base,6,13,19,9,6,1,1,1,1,0,-1,38,0.0,0.3157894736842105,0.3157894736842105,0.0,0,5,21,12,10,2,8,17,27,16,0,7,0.18421052631578946
0,2,size11_comp0.6_grid2_base_low,11,0.6,low,base,base,7,3,10,8,1,1,1,1,0,0,-1,64,0.0,0.46875,0.46875,0.0,8,2,29,25,16,6,10,31,49,28,0,9,0.140625
1,2,size11_comp0.6_grid2_base_low,11,0.6,low,base,base,7,3,10,8,1,1,1,1,0,0,-1,64,0.0,0.4375,0.4375,0.0,8,1,32,23,25,5,9,24,45,22,0,13,0.203125
2,2,size11_comp0.6_grid2_base_low,11,0.6,low,base,base,7,3,10,8,1,1,1,1,0,0,-1,64,0.0,0.390625,0.390625,0.0,4,0,40,20,28,3,3,29,54,25,0,18,0.28125
3,2,size11_comp0.6_grid2_base_low,11,0.6,low,base,base,7,3,10,8,1,1,1,1,0,0,-1,64,0.0,0.390625,0.390625,0.0,8,1,32,23,20,7,9,27,47,20,0,18,0.28125
4,2,size11_comp0.6_grid2_base_low,11,0.6,low,base,base,7,3,10,8,1,1,1,1,1,1,16,48,0.20833333333333334,0.4166666666666667,0.6470588235294118,0.2903225806451613,5,0,30,13,24,2,6,15,35,9,25,18,0.375
5,2,size11_comp0.6_grid2_base_low,11,0.6,low,base,base,7,3,10,8,1,1,1,1,0,0,-1,64,0.0,0.375,0.375,0.0,5,0,23,36,32,3,7,21,48,18,0,22,0.34375
6,2,size11_comp0.6_grid2_base_low,11,0.6,low,base,base,7,3,10,8,1,1,1,1,0,0,-1,64,0.0,0.0,0.0,0.0,2,0,47,15,36,2,2,23,60,0,0,61,0.953125
7,2,size11_comp0.6_grid2_base_low,11,0.6,low,base,base,7,3,10,8,1,1,1,1,1,0,-1,39,0.0,0.4358974358974359,0.4358974358974359,0.0,7,0,16,16,13,5,9,11,23,10,0,9,0.23076923076923078
8,2,size11_comp0.6_grid2_base_low,11,0.6,low,base,base,7,3,10,8,1,1,1,1,0,0,-1,64,0.0,0.46875,0.46875,0.0,2,0,38,24,25,2,2,34,54,31,0,7,0.109375
9,2,size11_comp0.6_grid2_base_low,11,0.6,low,base,base,7,3,10,8,1,1,1,1,0,0,-1,64,0.0,0.390625,0.390625,0.0,9,2,25,28,24,6,7,26,51,22,0,18,0.28125
0,3,size11_comp0.6_grid3_base_low,11,0.6,low,base,base,8,7,15,7,4,1,1,1,0,0,-1,64,0.0,0.484375,0.484375,0.0,1,1,34,28,27,1,3,32,57,30,0,5,0.078125
1,3,size11_comp0.6_grid3_base_low,11,0.6,low,base,base,8,7,15,7,4,1,1,1,0,0,-1,64,0.0,0.484375,0.484375,0.0,1,0,31,32,17,2,0,44,58,40,0,3,0.046875
2,3,size11_comp0.6_grid3_base_low,11,0.6,low,base,base,8,7,15,7,4,1,1,1,0,0,-1,64,0.0,0.484375,0.484375,0.0,1,0,34,29,27,1,1,34,57,30,0,5,0.078125
3,3,size11_comp0.6_grid3_base_low,11,0.6,low,base,base,8,7,15,7,4,1,1,1,0,0,-1,64,0.0,0.421875,0.421875,0.0,1,2,35,26,23,3,3,34,56,29,0,13,0.203125
4,3,size11_comp0.6_grid3_base_low,11,0.6,low,base,base,8,7,15,7,4,1,1,1,0,0,-1,64,0.0,0.46875,0.46875,0.0,1,0,29,34,24,0,2,37,57,33,0,5,0.078125
5,3,size11_comp0.6_grid3_base_low,11,0.6,low,base,base,8,7,15,7,4,1,1,1,0,0,-1,64,0.0,0.484375,0.484375,0.0,1,1,30,32,21,1,2,39,57,36,0,5,0.078125
6,3,size11_comp0.6_grid3_base_low,11,0.6,low,base,base,8,7,15,7,4,1,1,1,0,0,-1,64,0.0,0.5,0.5,0.0,1,0,31,32,25,1,1,36,57,34,0,2,0.03125
7,3,size11_comp0.6_grid3_base_low,11,0.6,low,base,base,8,7,15,7,4,1,1,1,0,0,-1,64,0.0,0.484375,0.484375,0.0,1,2,30,31,15,2,4,42,56,39,0,4,0.0625
8,3,size11_comp0.6_grid3_base_low,11,0.6,low,base,base,8,7,15,7,4,1,1,1,0,0,-1,64,0.0,0.515625,0.515625,0.0,1,0,32,31,31,0,2,30,57,28,0,1,0.015625
9,3,size11_comp0.6_grid3_base_low,11,0.6,low,base,base,8,7,15,7,4,1,1,1,0,0,-1,64,0.0,0.46875,0.46875,0.0,1,0,35,28,25,1,1,36,57,32,0,6,0.09375
0,4,size11_comp0.6_grid4_base_low,11,0.6,low,base,base,8,4,12,8,2,1,1,1,0,0,-1,64,0.0,0.1875,0.1875,0.0,0,0,52,12,42,0,0,21,61,14,0,40,0.625
1,4,size11_comp0.6_grid4_base_low,11,0.6,low,base,base,8,4,12,8,2,1,1,1,0,0,-1,64,0.0,0.203125,0.203125,0.0,0,0,52,12,43,0,0,20,61,13,0,39,0.609375
2,4,size11_comp0.6_grid4_base_low,11,0.6,low,base,base,8,4,12,8,2,1,1,1,0,0,-1,64,0.0,0.21875,0.21875,0.0,0,0,50,14,42,0,0,21,61,11,0,36,0.5625
3,4,size11_comp0.6_grid4_base_low,11,0.6,low,base,base,8,4,12,8,2,1,1,1,0,0,-1,64,0.0,0.171875,0.171875,0.0,0,0,54,10,45,0,0,18,61,9,0,43,0.671875
4,4,size11_comp0.6_grid4_base_low,11,0.6,low,base,base,8,4,12,8,2,1,1,1,0,0,-1,64,0.0,0.21875,0.21875,0.0,0,0,50,14,40,0,0,23,61,13,0,36,0.5625
5,4,size11_comp0.6_grid4_base_low,11,0.6,low,base,base,8,4,12,8,2,1,1,1,0,0,-1,64,0.0,0.28125,0.28125,0.0,0,0,47,17,33,0,0,30,61,23,0,29,0.453125
6,4,size11_comp0.6_grid4_base_low,11,0.6,low,base,base,8,4,12,8,2,1,1,1,0,0,-1,64,0.0,0.25,0.25,0.0,0,0,49,15,39,0,0,24,61,16,0,33,0.515625
7,4,size11_comp0.6_grid4_base_low,11,0.6,low,base,base,8,4,12,8,2,1,1,1,0,0,-1,64,0.0,0.25,0.25,0.0,0,0,48,16,38,0,0,25,61,18,0,33,0.515625
8,4,size11_comp0.6_grid4_base_low,11,0.6,low,base,base,8,4,12,8,2,1,1,1,0,0,-1,64,0.0,0.21875,0.21875,0.0,0,0,51,13,41,0,0,22,61,13,0,37,0.578125
9,4,size11_comp0.6_grid4_base_low,11,0.6,low,base,base,8,4,12,8,2,1,1,1,0,0,-1,64,0.0,0.203125,0.203125,0.0,0,0,52,12,43,0,0,20,61,13,0,39,0.609375
0,5,size11_comp0.6_grid5_base_low,11,0.6,low,base,base,12,7,19,9,6,1,1,1,0,0,-1,64,0.0,0.015625,0.015625,0.0,2,0,15,47,39,2,1,21,61,0,0,62,0.96875
1,5,size11_comp0.6_grid5_base_low,11,0.6,low,base,base,12,7,19,9,6,1,1,1,0,0,-1,64,0.0,0.296875,0.296875,0.0,5,0,40,19,33,4,2,24,56,14,0,30,0.46875
2,5,size11_comp0.6_grid5_base_low,11,0.6,low,base,base,12,7,19,9,6,1,1,1,0,0,-1,64,0.0,0.015625,0.015625,0.0,2,0,13,49,43,1,2,17,61,0,0,62,0.96875
3,5,size11_comp0.6_grid5_base_low,11,0.6,low,base,base,12,7,19,9,6,1,1,1,0,0,-1,64,0.0,0.03125,0.03125,0.0,3,0,5,56,48,2,3,10,60,0,0,61,0.953125
4,5,size11_comp0.6_grid5_base_low,11,0.6,low,base,base,12,7,19,9,6,1,1,1,0,0,-1,64,0.0,0.015625,0.015625,0.0,2,0,12,50,47,1,0,15,61,0,0,62,0.96875
5,5,size11_comp0.6_grid5_base_low,11,0.6,low,base,base,12,7,19,9,6,1,1,1,0,0,-1,64,0.0,0.015625,0.015625,0.0,2,0,13,49,44,0,1,18,61,0,0,62,0.96875
6,5,size11_comp0.6_grid5_base_low,11,0.6,low,base,base,12,7,19,9,6,1,1,1,0,0,-1,64,0.0,0.015625,0.015625,0.0,2,0,13,49,42,0,1,20,61,0,0,62,0.96875
7,5,size11_comp0.6_grid5_base_low,11,0.6,low,base,base,12,7,19,9,6,1,1,1,0,0,-1,64,0.0,0.015625,0.015625,0.0,2,0,10,52,44,0,1,18,61,0,0,62,0.96875
8,5,size11_comp0.6_grid5_base_low,11,0.6,low,base,base,12,7,19,9,6,1,1,1,0,0,-1,64,0.0,0.046875,0.046875,0.0,8,0,5,51,48,4,4,7,59,0,0,59,0.921875
9,5,size11_comp0.6_grid5_base_low,11,0.6,low,base,base,12,7,19,9,6,1,1,1,0,0,-1,64,0.0,0.078125,0.078125,0.0,14,1,16,33,29,9,2,23,60,3,0,54,0.84375
0,6,size11_comp0.6_grid6_base_low,11,0.6,low,base,base,4,5,9,9,0,1,1,1,0,0,-1,64,0.0,0.484375,0.484375,0.0,0,0,29,35,29,0,0,34,55,33,0,0,0.0
1,6,size11_comp0.6_grid6_base_low,11,0.6,low,base,base,4,5,9,9,0,1,1,1,0,0,-1,64,0.0,0.484375,0.484375,0.0,0,0,29,35,32,0,0,31,55,31,0,0,0.0
2,6,size11_comp0.6_grid6_base_low,11,0.6,low,base,base,4,5,9,9,0,1,1,1,0,0,-1,64,0.0,0.484375,0.484375,0.0,0,0,29,35,32,0,0,31,55,30,0,0,0.0
3,6,size11_comp0.6_grid6_base_low,11,0.6,low,base,base,4,5,9,9,0,1,1,1,0,0,-1,64,0.0,0.484375,0.484375,0.0,0,0,29,35,23,0,0,40,55,40,0,0,0.0
4,6,size11_comp0.6_grid6_base_low,11,0.6,low,base,base,4,5,9,9,0,1,1,1,0,0,-1,64,0.0,0.484375,0.484375,0.0,0,0,29,35,26,0,0,37,56,36,0,0,0.0
5,6,size11_comp0.6_grid6_base_low,11,0.6,low,base,base,4,5,9,9,0,1,1,1,0,0,-1,64,0.0,0.5,0.5,0.0,0,0,30,34,30,0,0,33,55,33,0,0,0.0
6,6,size11_comp0.6_grid6_base_low,11,0.6,low,base,base,4,5,9,9,0,1,1,1,0,0,-1,64,0.0,0.5,0.5,0.0,0,0,30,34,30,0,0,33,55,33,0,0,0.0
7,6,size11_comp0.6_grid6_base_low,11,0.6,low,base,base,4,5,9,9,0,1,1,1,0,0,-1,64,0.0,0.484375,0.484375,0.0,0,0,29,35,28,0,0,35,55,35,0,0,0.0
8,6,size11_comp0.6_grid6_base_low,11,0.6,low,base,base,4,5,9,9,0,1,1,1,0,0,-1,64,0.0,0.484375,0.484375,0.0,0,0,29,35,26,0,0,37,55,36,0,0,0.0
9,6,size11_comp0.6_grid6_base_low,11,0.6,low,base,base,4,5,9,9,0,1,1,1,0,0,-1,64,0.0,0.484375,0.484375,0.0,0,0,29,35,23,0,0,40,55,40,0,0,0.0
0,7,size11_comp0.6_grid7_base_low,11,0.6,low,base,base,4,12,16,8,4,1,1,1,0,0,-1,64,0.0,0.265625,0.265625,0.0,5,5,37,17,26,7,8,22,52,15,0,28,0.4375
1,7,size11_comp0.6_grid7_base_low,11,0.6,low,base,base,4,12,16,8,4,1,1,1,0,1,3,64,0.0,0.0625,1.0,0.0,2,0,0,62,61,1,1,0,59,0,59,60,0.9375
2,7,size11_comp0.6_grid7_base_low,11,0.6,low,base,base,4,12,16,8,4,1,1,1,0,1,38,64,0.0,0.34375,0.48717948717948717,0.12,4,3,16,41,31,2,8,22,53,17,24,24,0.375
3,7,size11_comp0.6_grid7_base_low,11,0.6,low,base,base,4,12,16,8,4,1,1,1,0,0,-1,64,0.0,0.171875,0.171875,0.0,3,1,38,22,30,4,4,25,54,11,0,40,0.625
4,7,size11_comp0.6_grid7_base_low,11,0.6,low,base,base,4,12,16,8,4,1,1,1,0,0,-1,64,0.0,0.09375,0.09375,0.0,3,0,42,19,36,2,4,21,55,6,0,50,0.78125
5,7,size11_comp0.6_grid7_base_low,11,0.6,low,base,base,4,12,16,8,4,1,1,1,0,1,8,64,0.0,0.40625,0.6666666666666666,0.36363636363636365,2,3,18,41,33,4,6,20,51,17,20,20,0.3125
6,7,size11_comp0.6_grid7_base_low,11,0.6,low,base,base,4,12,16,8,4,1,1,1,0,0,-1,64,0.0,0.296875,0.296875,0.0,8,5,26,25,17,12,12,22,52,11,0,24,0.375
7,7,size11_comp0.6_grid7_base_low,11,0.6,low,base,base,4,12,16,8,4,1,1,1,0,0,-1,64,0.0,0.171875,0.171875,0.0,6,2,35,21,29,4,8,22,52,9,0,40,0.625
8,7,size11_comp0.6_grid7_base_low,11,0.6,low,base,base,4,12,16,8,4,1,1,1,0,0,-1,64,0.0,0.390625,0.390625,0.0,4,3,29,28,18,8,6,31,50,27,0,12,0.1875
9,7,size11_comp0.6_grid7_base_low,11,0.6,low,base,base,4,12,16,8,4,1,1,1,0,0,-1,64,0.0,0.3125,0.3125,0.0,4,2,38,20,30,7,3,23,55,17,0,23,0.359375
0,8,size11_comp0.6_grid8_base_low,11,0.6,low,base,base,3,9,12,12,0,1,1,1,0,1,17,64,0.0,0.328125,0.4444444444444444,0.2826086956521739,3,0,39,22,27,1,5,30,56,17,14,28,0.4375
1,8,size11_comp0.6_grid8_base_low,11,0.6,low,base,base,3,9,12,12,0,1,1,1,1,1,3,63,0.19047619047619047,0.49206349206349204,0.75,0.4745762711864407,7,4,32,20,11,8,9,34,50,29,2,13,0.20634920634920634
2,8,size11_comp0.6_grid8_base_low,11,0.6,low,base,base,3,9,12,12,0,1,1,1,0,0,-1,64,0.0,0.28125,0.28125,0.0,6,1,34,23,24,5,8,26,49,17,0,22,0.34375
3,8,size11_comp0.6_grid8_base_low,11,0.6,low,base,base,3,9,12,12,0,1,1,1,0,0,-1,64,0.0,0.359375,0.359375,0.0,2,0,29,33,25,2,2,34,52,30,0,13,0.203125
4,8,size11_comp0.6_grid8_base_low,11,0.6,low,base,base,3,9,12,12,0,1,1,1,0,1,3,64,0.0,0.3125,0.75,0.2833333333333333,5,1,45,13,30,6,4,23,51,12,0,32,0.5
5,8,size11_comp0.6_grid8_base_low,11,0.6,low,base,base,3,9,12,12,0,1,1,1,0,0,-1,64,0.0,0.0625,0.0625,0.0,2,0,56,6,53,3,0,7,59,4,0,55,0.859375
6,8,size11_comp0.6_grid8_base_low,11,0.6,low,base,base,3,9,12,12,0,1,1,1,0,0,-1,64,0.0,0.28125,0.28125,0.0,5,0,31,28,30,3,5,25,53,18,0,24,0.375
7,8,size11_comp0.6_grid8_base_low,11,0.6,low,base,base,3,9,12,12,0,1,1,1,0,1,22,64,0.0,0.375,0.34782608695652173,0.3902439024390244,6,0,40,18,28,5,7,23,51,16,16,24,0.375
8,8,size11_comp0.6_grid8_base_low,11,0.6,low,base,base,3,9,12,12,0,1,1,1,0,1,4,64,0.0,0.375,0.8,0.3389830508474576,6,2,29,27,32,9,5,17,47,11,10,26,0.40625
9,8,size11_comp0.6_grid8_base_low,11,0.6,low,base,base,3,9,12,12,0,1,1,1,0,0,-1,64,0.0,0.28125,0.28125,0.0,2,0,23,39,38,1,1,23,54,18,0,25,0.390625
0,9,size11_comp0.6_grid9_base_low,11,0.6,low,base,base,3,-1,-1,-1,-1,1,0,0,0,1,3,64,0.0,0.046875,0.75,0.0,4,0,37,23,27,4,4,28,57,19,7,22,0.34375
1,9,size11_comp0.6_grid9_base_low,11,0.6,low,base,base,3,-1,-1,-1,-1,1,0,0,0,1,2,64,0.0,0.046875,1.0,0.0,3,2,20,39,31,6,4,22,53,17,6,29,0.453125
2,9,size11_comp0.6_grid9_base_low,11,0.6,low,base,base,3,-1,-1,-1,-1,1,0,0,0,1,4,64,0.0,0.0625,0.8,0.0,5,2,37,20,26,5,5,27,55,24,22,14,0.21875
3,9,size11_comp0.6_grid9_base_low,11,0.6,low,base,base,3,-1,-1,-1,-1,1,0,0,0,1,4,64,0.0,0.0625,0.8,0.0,4,2,32,26,26,5,3,29,55,25,8,8,0.125
4,9,size11_comp0.6_grid9_base_low,11,0.6,low,base,base,3,-1,-1,-1,-1,1,0,0,0,1,3,64,0.0,0.046875,0.75,0.0,13,0,32,19,27,5,7,24,57,17,14,27,0.421875
5,9,size11_comp0.6_grid9_base_low,11,0.6,low,base,base,3,-1,-1,-1,-1,1,0,0,0,1,2,64,0.0,0.046875,1.0,0.0,3,3,35,23,31,6,6,20,53,16,16,16,0.25
6,9,size11_comp0.6_grid9_base_low,11,0.6,low,base,base,3,-1,-1,-1,-1,1,0,0,0,1,2,64,0.0,0.046875,1.0,0.0,3,2,33,26,23,5,3,32,53,24,14,15,0.234375
7,9,size11_comp0.6_grid9_base_low,11,0.6,low,base,base,3,-1,-1,-1,-1,1,0,0,0,1,2,64,0.0,0.046875,1.0,0.0,14,2,25,23,24,9,10,20,56,12,18,21,0.328125
8,9,size11_comp0.6_grid9_base_low,11,0.6,low,base,base,3,-1,-1,-1,-1,1,0,0,0,1,2,64,0.0,0.046875,1.0,0.0,8,1,40,15,29,7,9,18,57,12,2,33,0.515625
9,9,size11_comp0.6_grid9_base_low,11,0.6,low,base,base,3,-1,-1,-1,-1,1,0,0,0,1,8,64,0.0,0.09375,0.6666666666666666,0.0,2,0,40,22,25,2,2,34,57,25,10,20,0.3125
0,0,size7_comp0.0_grid0_base_low,7,0.0,low,base,base,4,4,8,4,2,1,1,1,1,1,8,32,0.25,0.5625,0.6666666666666666,0.5217391304347826,7,5,11,7,4,5,7,12,20,10,0,2,0.0625
1,0,size7_comp0.0_grid0_base_low,7,0.0,low,base,base,4,4,8,4,2,1,1,1,0,1,3,32,0.0,0.5625,1.0,0.5,6,5,12,8,7,3,9,10,20,10,0,2,0.0625
2,0,size7_comp0.0_grid0_base_low,7,0.0,low,base,base,4,4,8,4,2,1,1,1,0,1,5,32,0.0,0.59375,0.8333333333333334,0.5384615384615384,5,3,13,11,8,2,7,14,19,14,0,1,0.03125
3,0,size7_comp0.0_grid0_base_low,7,0.0,low,base,base,4,4,8,4,2,1,1,1,1,1,3,16,0.5,0.75,1.0,0.6666666666666666,4,2,6,4,3,7,2,3,6,3,0,0,0.0
4,0,size7_comp0.0_grid0_base_low,7,0.0,low,base,base,4,4,8,4,2,1,1,1,0,1,7,32,0.0,0.59375,0.75,0.5416666666666666,5,4,13,10,6,6,4,15,21,14,1,0,0.0
5,0,size7_comp0.0_grid0_base_low,7,0.0,low,base,base,4,4,8,4,2,1,1,1,1,1,5,25,0.32,0.64,0.8333333333333334,0.5789473684210527,7,5,7,5,6,3,6,7,11,7,1,0,0.0
6,0,size7_comp0.0_grid0_base_low,7,0.0,low,base,base,4,4,8,4,2,1,1,1,0,1,3,32,0.0,0.5625,1.0,0.5,5,4,12,9,10,2,7,8,20,8,0,0,0.0
7,0,size7_comp0.0_grid0_base_low,7,0.0,low,base,base,4,4,8,4,2,1,1,1,0,1,16,32,0.0,0.53125,0.5294117647058824,0.5333333333333333,7,7,10,6,3,5,9,10,22,9,2,2,0.0625
8,0,size7_comp0.0_grid0_base_low,7,0.0,low,base,base,4,4,8,4,2,1,1,1,0,1,4,32,0.0,0.5625,0.8,0.5185185185185185,4,3,12,11,9,4,5,9,18,8,3,0,0.0
9,0,size7_comp0.0_grid0_base_low,7,0.0,low,base,base,4,4,8,4,2,1,1,1,0,1,3,32,0.0,0.5625,1.0,0.5,6,5,11,8,4,3,9,11,21,10,0,0,0.0
0,1,size7_comp0.0_grid1_base_low,7,0.0,low,base,base,3,4,7,3,2,1,1,1,1,0,-1,3,0.0,0.3333333333333333,0.3333333333333333,0.0,0,0,3,0,2,0,0,0,0,0,0,0,0.0
1,1,size7_comp0.0_grid1_base_low,7,0.0,low,base,base,3,4,7,3,2,1,1,1,1,0,-1,5,0.0,0.4,0.4,0.0,0,0,4,1,3,0,0,1,1,1,0,0,0.0
2,1,size7_comp0.0_grid1_base_low,7,0.0,low,base,base,3,4,7,3,2,1,1,1,1,0,-1,5,0.0,0.4,0.4,0.0,0,0,4,1,2,0,0,2,2,2,0,0,0.0
3,1,size7_comp0.0_grid1_base_low,7,0.0,low,base,base,3,4,7,3,2,1,1,1,1,0,-1,8,0.0,0.375,0.375,0.0,0,0,5,2,3,0,0,2,4,2,0,0,0.0
4,1,size7_comp0.0_grid1_base_low,7,0.0,low,base,base,3,4,7,3,2,1,1,1,1,0,-1,3,0.0,0.3333333333333333,0.3333333333333333,0.0,0,0,3,0,2,0,0,0,0,0,0,0,0.0
5,1,size7_comp0.0_grid1_base_low,7,0.0,low,base,base,3,4,7,3,2,1,1,1,1,0,-1,3,0.0,0.3333333333333333,0.3333333333333333,0.0,0,0,3,0,2,0,0,0,0,0,0,0,0.0
6,1,size7_comp0.0_grid1_base_low,7,0.0,low,base,base,3,4,7,3,2,1,1,1,1,0,-1,4,0.0,0.25,0.25,0.0,0,0,3,0,1,0,0,0,1,0,0,0,0.0
7,1,size7_comp0.0_grid1_base_low,7,0.0,low,base,base,3,4,7,3,2,1,1,1,1,0,-1,3,0.0,0.3333333333333333,0.3333333333333333,0.0,0,0,3,0,2,0,0,0,0,0,0,0,0.0
8,1,size7_comp0.0_grid1_base_low,7,0.0,low,base,base,3,4,7,3,2,1,1,1,1,0,-1,3,0.0,0.3333333333333333,0.3333333333333333,0.0,0,0,3,0,2,0,0,0,0,0,0,0,0.0
9,1,size7_comp0.0_grid1_base_low,7,0.0,low,base,base,3,4,7,3,2,1,1,1,1,0,-1,3,0.0,0.3333333333333333,0.3333333333333333,0.0,0,0,3,0,2,0,0,0,0,0,0,0,0.0
0,2,size7_comp0.0_grid2_base_low,7,0.0,low,base,base,5,4,9,3,3,1,1,1,0,1,6,32,0.0,0.5625,0.8571428571428571,0.48,4,6,10,11,7,8,7,8,16,8,1,0,0.0
1,2,size7_comp0.0_grid2_base_low,7,0.0,low,base,base,5,4,9,3,3,1,1,1,0,0,-1,32,0.0,0.5,0.5,0.0,3,7,12,10,8,2,9,12,23,11,0,3,0.09375
2,2,size7_comp0.0_grid2_base_low,7,0.0,low,base,base,5,4,9,3,3,1,1,1,0,0,-1,32,0.0,0.46875,0.46875,0.0,2,6,14,10,8,1,10,12,23,11,0,4,0.125
3,2,size7_comp0.0_grid2_base_low,7,0.0,low,base,base,5,4,9,3,3,1,1,1,0,1,4,32,0.0,0.46875,1.0,0.37037037037037035,4,4,9,8,8,3,2,8,19,7,1,0,0.0
4,2,size7_comp0.0_grid2_base_low,7,0.0,low,base,base,5,4,9,3,3,1,1,1,0,0,-1,32,0.0,0.5,0.5,0.0,3,7,12,10,7,7,6,11,23,11,0,1,0.03125
5,2,size7_comp0.0_grid2_base_low,7,0.0,low,base,base,5,4,9,3,3,1,1,1,0,1,4,32,0.0,0.53125,1.0,0.4444444444444444,6,8,7,8,8,9,4,4,21,3,1,0,0.0
6,2,size7_comp0.0_grid2_base_low,7,0.0,low,base,base,5,4,9,3,3,1,1,1,0,0,-1,32,0.0,0.5,0.5,0.0,2,6,13,11,8,4,8,11,21,9,0,4,0.125
7,2,size7_comp0.0_grid2_base_low,7,0.0,low,base,base,5,4,9,3,3,1,1,1,0,1,6,32,0.0,0.53125,0.8571428571428571,0.44,4,4,11,10,8,8,2,8,19,8,1,0,0.0
8,2,size7_comp0.0_grid2_base_low,7,0.0,low,base,base,5,4,9,3,3,1,1,1,1,1,4,25,0.36,0.64,1.0,0.55,6,5,5,7,3,8,5,4,13,4,0,0,0.0
9,2,size7_comp0.0_grid2_base_low,7,0.0,low,base,base,5,4,9,3,3,1,1,1,0,0,-1,32,0.0,0.5,0.5,0.0,5,8,11,8,11,1,16,3,20,3,0,3,0.09375
0,3,size7_comp0.0_grid3_base_low,7,0.0,low,base,base,3,3,6,4,1,1,1,1,1,1,2,28,0.21428571428571427,0.6071428571428571,1.0,0.56,5,8,8,7,5,12,4,6,19,6,1,0,0.0
1,3,size7_comp0.0_grid3_base_low,7,0.0,low,base,base,3,3,6,4,1,1,1,1,1,1,2,10,0.6,0.8,1.0,0.7142857142857143,0,3,4,3,1,1,4,3,3,3,1,0,0.0
2,3,size7_comp0.0_grid3_base_low,7,0.0,low,base,base,3,3,6,4,1,1,1,1,0,1,2,32,0.0,0.5,1.0,0.4482758620689655,4,4,11,13,6,6,6,13,24,12,1,1,0.03125
3,3,size7_comp0.0_grid3_base_low,7,0.0,low,base,base,3,3,6,4,1,1,1,1,1,1,2,6,1.0,1.0,1.0,1.0,0,3,2,1,1,2,2,0,0,0,0,0,0.0
4,3,size7_comp0.0_grid3_base_low,7,0.0,low,base,base,3,3,6,4,1,1,1,1,1,1,2,8,0.75,0.875,1.0,0.8,0,3,3,2,2,3,1,1,1,1,0,0,0.0
5,3,size7_comp0.0_grid3_base_low,7,0.0,low,base,base,3,3,6,4,1,1,1,1,0,1,2,32,0.0,0.5625,1.0,0.5172413793103449,3,5,12,12,10,5,3,13,22,12,3,1,0.03125
6,3,size7_comp0.0_grid3_base_low,7,0.0,low,base,base,3,3,6,4,1,1,1,1,0,1,2,32,0.0,0.53125,1.0,0.4827586206896552,4,4,12,12,3,4,7,17,26,16,1,0,0.0
7,3,size7_comp0.0_grid3_base_low,7,0.0,low,base,base,3,3,6,4,1,1,1,1,1,1,4,10,0.6,0.8,0.8,0.8,1,4,3,2,3,1,1,4,4,4,1,0,0.0
8,3,size7_comp0.0_grid3_base_low,7,0.0,low,base,base,3,3,6,4,1,1,1,1,1,1,2,10,0.6,0.8,1.0,0.7142857142857143,1,4,3,2,1,3,3,2,3,2,2,0,0.0
9,3,size7_comp0.0_grid3_base_low,7,0.0,low,base,base,3,3,6,4,1,1,1,1,1,1,2,30,0.2,0.5666666666666667,1.0,0.5185185185185185,2,5,11,12,8,4,3,14,19,12,3,2,0.06666666666666667
0,4,size7_comp0.0_grid4_base_low,7,0.0,low,base,base,5,5,10,4,3,1,1,1,1,1,18,30,0.3333333333333333,0.6666666666666666,0.631578947368421,0.7272727272727273,3,0,14,13,15,1,3,10,19,10,1,0,0.0
1,4,size7_comp0.0_grid4_base_low,7,0.0,low,base,base,5,5,10,4,3,1,1,1,0,1,6,32,0.0,0.59375,0.8571428571428571,0.52,4,2,12,14,9,5,5,12,21,12,4,0,0.0
2,4,size7_comp0.0_grid4_base_low,7,0.0,low,base,base,5,5,10,4,3,1,1,1,0,0,-1,32,0.0,0.5,0.5,0.0,4,3,13,12,3,2,7,19,26,19,0,0,0.0
3,4,size7_comp0.0_grid4_base_low,7,0.0,low,base,base,5,5,10,4,3,1,1,1,0,1,10,32,0.0,0.5625,0.7272727272727273,0.47619047619047616,3,0,12,15,11,1,3,13,20,11,9,2,0.0625
4,4,size7_comp0.0_grid4_base_low,7,0.0,low,base,base,5,5,10,4,3,1,1,1,0,1,23,32,0.0,0.59375,0.5833333333333334,0.625,9,6,7,9,8,3,8,10,21,8,2,1,0.03125
5,4,size7_comp0.0_grid4_base_low,7,0.0,low,base,base,5,5,10,4,3,1,1,1,0,0,-1,32,0.0,0.53125,0.53125,0.0,6,4,11,11,4,3,11,13,23,12,0,0,0.0
6,4,size7_comp0.0_grid4_base_low,7,0.0,low,base,base,5,5,10,4,3,1,1,1,0,1,4,32,0.0,0.625,1.0,0.5555555555555556,7,5,10,10,6,4,6,15,21,14,1,0,0.0
7,4,size7_comp0.0_grid4_base_low,7,0.0,low,base,base,5,5,10,4,3,1,1,1,0,1,26,32,0.0,0.625,0.5925925925925926,0.8,7,4,10,11,3,6,7,15,19,15,1,0,0.0
8,4,size7_comp0.0_grid4_base_low,7,0.0,low,base,base,5,5,10,4,3,1,1,1,0,1,20,32,0.0,0.59375,0.6190476190476191,0.5454545454545454,4,2,12,14,8,1,8,14,24,13,4,0,0.0
9,4,size7_comp0.0_grid4_base_low,7,0.0,low,base,base,5,5,10,4,3,1,1,1,0,1,16,32,0.0,0.59375,0.6470588235294118,0.5333333333333333,5,3,11,13,12,1,3,15,21,15,3,0,0.0
0,5,size7_comp0.0_grid5_base_low,7,0.0,low,base,base,4,3,7,7,0,1,1,1,1,1,9,13,0.5384615384615384,0.7692307692307693,0.7,1.0,0,3,3,7,6,2,2,2,2,2,0,0,0.0
1,5,size7_comp0.0_grid5_base_low,7,0.0,low,base,base,4,3,7,7,0,1,1,1,1,1,3,7,1.0,1.0,1.0,1.0,0,3,0,4,4,1,1,0,0,0,0,0,0.0
2,5,size7_comp0.0_grid5_base_low,7,0.0,low,base,base,4,3,7,7,0,1,1,1,1,1,5,9,0.7777777777777778,0.8888888888888888,0.8333333333333334,1.0,0,3,1,5,5,0,2,1,1,1,1,0,0.0
3,5,size7_comp0.0_grid5_base_low,7,0.0,low,base,base,4,3,7,7,0,1,1,1,1,1,7,15,0.4666666666666667,0.7333333333333333,0.75,0.7142857142857143,0,3,4,8,6,2,3,3,5,3,4,0,0.0
4,5,size7_comp0.0_grid5_base_low,7,0.0,low,base,base,4,3,7,7,0,1,1,1,1,1,5,9,0.7777777777777778,0.8888888888888888,0.8333333333333334,1.0,0,3,1,5,5,0,2,1,1,1,1,0,0.0
5,5,size7_comp0.0_grid5_base_low,7,0.0,low,base,base,4,3,7,7,0,1,1,1,1,1,7,13,0.5384615384615384,0.7692307692307693,0.75,0.8,0,3,3,7,5,2,4,1,3,1,2,0,0.0
6,5,size7_comp0.0_grid5_base_low,7,0.0,low,base,base,4,3,7,7,0,1,1,1,1,1,12,16,0.4375,0.6875,0.6153846153846154,1.0,0,3,4,9,6,2,4,3,4,3,1,1,0.0625
7,5,size7_comp0.0_grid5_base_low,7,0.0,low,base,base,4,3,7,7,0,1,1,1,1,1,7,11,0.6363636363636364,0.8181818181818182,0.75,1.0,0,3,2,6,4,2,3,1,2,1,1,0,0.0
8,5,size7_comp0.0_grid5_base_low,7,0.0,low,base,base,4,3,7,7,0,1,1,1,1,1,3,7,1.0,1.0,1.0,1.0,0,3,0,4,3,2,1,0,0,0,0,0,0.0
9,5,size7_comp0.0_grid5_base_low,7,0.0,low,base,base,4,3,7,7,0,1,1,1,1,1,9,13,0.5384615384615384,0.7692307692307693,0.7,1.0,0,3,3,7,6,2,2,2,3,2,1,0,0.0
0,6,size7_comp0.0_grid6_base_low,7,0.0,low,base,base,5,4,9,5,2,1,1,1,1,1,4,27,0.3333333333333333,0.6296296296296297,1.0,0.5454545454545454,2,6,8,11,6,7,5,8,16,7,7,2,0.07407407407407407
1,6,size7_comp0.0_grid6_base_low,7,0.0,low,base,base,5,4,9,5,2,1,1,1,1,0,-1,19,0.0,0.5263157894736842,0.5263157894736842,0.0,2,6,5,6,4,1,6,7,12,7,0,0,0.0
2,6,size7_comp0.0_grid6_base_low,7,0.0,low,base,base,5,4,9,5,2,1,1,1,1,0,-1,5,0.0,0.6,0.6,0.0,0,4,0,1,2,1,1,0,0,0,0,0,0.0
3,6,size7_comp0.0_grid6_base_low,7,0.0,low,base,base,5,4,9,5,2,1,1,1,0,1,4,32,0.0,0.5625,1.0,0.48148148148148145,5,6,9,12,10,4,6,11,20,11,1,0,0.0
4,6,size7_comp0.0_grid6_base_low,7,0.0,low,base,base,5,4,9,5,2,1,1,1,1,1,8,20,0.45,0.7,0.7777777777777778,0.6363636363636364,2,6,5,7,4,2,6,7,11,6,2,1,0.05
5,6,size7_comp0.0_grid6_base_low,7,0.0,low,base,base,5,4,9,5,2,1,1,1,1,0,-1,7,0.0,0.5714285714285714,0.5714285714285714,0.0,0,4,1,2,2,3,0,1,1,1,0,0,0.0
6,6,size7_comp0.0_grid6_base_low,7,0.0,low,base,base,5,4,9,5,2,1,1,1,1,0,-1,21,0.0,0.5238095238095238,0.5238095238095238,0.0,1,5,7,8,5,0,7,8,13,8,0,0,0.0
7,6,size7_comp0.0_grid6_base_low,7,0.0,low,base,base,5,4,9,5,2,1,1,1,0,1,4,32,0.0,0.53125,1.0,0.4444444444444444,4,6,9,13,8,7,8,8,22,7,5,4,0.125
8,6,size7_comp0.0_grid6_base_low,7,0.0,low,base,base,5,4,9,5,2,1,1,1,0,1,4,32,0.0,0.59375,1.0,0.5185185185185185,1,4,14,13,7,5,4,15,19,15,3,0,0.0
9,6,size7_comp0.0_grid6_base_low,7,0.0,low,base,base,5,4,9,5,2,1,1,1,1,0,-1,19,0.0,0.5263157894736842,0.5263157894736842,0.0,1,5,6,7,4,2,6,6,8,6,0,0,0.0
0,7,size7_comp0.0_grid7_base_low,7,0.0,low,base,base,3,5,8,4,2,1,1,1,1,0,-1,4,0.0,0.25,0.25,0.0,0,1,3,0,2,0,1,0,0,0,0,0,0.0
1,7,size7_comp0.0_grid7_base_low,7,0.0,low,base,base,3,5,8,4,2,1,1,1,1,0,-1,6,0.0,0.3333333333333333,0.3333333333333333,0.0,0,1,4,1,2,0,1,2,2,2,0,0,0.0
2,7,size7_comp0.0_grid7_base_low,7,0.0,low,base,base,3,5,8,4,2,1,1,1,1,0,-1,4,0.0,0.25,0.25,0.0,0,1,3,0,2,0,1,0,0,0,0,0,0.0
3,7,size7_comp0.0_grid7_base_low,7,0.0,low,base,base,3,5,8,4,2,1,1,1,1,0,-1,4,0.0,0.25,0.25,0.0,0,1,3,0,2,0,1,0,0,0,0,0,0.0
4,7,size7_comp0.0_grid7_base_low,7,0.0,low,base,base,3,5,8,4,2,1,1,1,1,0,-1,5,0.0,0.2,0.2,0.0,0,1,3,0,1,0,1,0,1,0,0,0,0.0
5,7,size7_comp0.0_grid7_base_low,7,0.0,low,base,base,3,5,8,4,2,1,1,1,1,0,-1,4,0.0,0.25,0.25,0.0,0,1,3,0,2,0,1,0,0,0,0,0,0.0
6,7,size7_comp0.0_grid7_base_low,7,0.0,low,base,base,3,5,8,4,2,1,1,1,1,0,-1,4,0.0,0.25,0.25,0.0,0,1,3,0,2,0,1,0,0,0,0,0,0.0
7,7,size7_comp0.0_grid7_base_low,7,0.0,low,base,base,3,5,8,4,2,1,1,1,1,0,-1,4,0.0,0.25,0.25,0.0,0,1,3,0,2,0,1,0,0,0,0,0,0.0
8,7,size7_comp0.0_grid7_base_low,7,0.0,low,base,base,3,5,8,4,2,1,1,1,1,0,-1,4,0.0,0.25,0.25,0.0,0,1,3,0,2,0,1,0,0,0,0,0,0.0
9,7,size7_comp0.0_grid7_base_low,7,0.0,low,base,base,3,5,8,4,2,1,1,1,1,0,-1,4,0.0,0.25,0.25,0.0,0,1,3,0,2,0,1,0,0,0,0,0,0.0
0,8,size7_comp0.0_grid8_base_low,7,0.0,low,base,base,3,4,7,3,2,1,1,1,1,1,2,32,0.21875,0.59375,1.0,0.5517241379310345,6,5,10,11,4,6,13,8,24,8,6,1,0.03125
1,8,size7_comp0.0_grid8_base_low,7,0.0,low,base,base,3,4,7,3,2,1,1,1,1,1,3,21,0.3333333333333333,0.5714285714285714,0.75,0.5294117647058824,4,3,5,6,1,3,4,7,14,6,1,1,0.047619047619047616
2,8,size7_comp0.0_grid8_base_low,7,0.0,low,base,base,3,4,7,3,2,1,1,1,1,1,2,16,0.4375,0.6875,1.0,0.6153846153846154,3,2,4,6,4,3,4,2,5,2,3,0,0.0
3,8,size7_comp0.0_grid8_base_low,7,0.0,low,base,base,3,4,7,3,2,1,1,1,1,1,9,31,0.22580645161290322,0.5806451612903226,0.6,0.5714285714285714,4,3,11,12,8,5,4,11,21,10,2,1,0.03225806451612903
4,8,size7_comp0.0_grid8_base_low,7,0.0,low,base,base,3,4,7,3,2,1,1,1,0,1,6,32,0.0,0.5625,0.7142857142857143,0.52,5,5,11,11,4,2,9,16,23,14,2,2,0.0625
5,8,size7_comp0.0_grid8_base_low,7,0.0,low,base,base,3,4,7,3,2,1,1,1,1,1,7,29,0.2413793103448276,0.5172413793103449,0.5,0.5238095238095238,3,2,8,11,5,4,2,9,17,8,5,1,0.034482758620689655
6,8,size7_comp0.0_grid8_base_low,7,0.0,low,base,base,3,4,7,3,2,1,1,1,0,1,6,32,0.0,0.53125,0.7142857142857143,0.48,2,3,14,13,10,1,6,14,21,13,1,1,0.03125
7,8,size7_comp0.0_grid8_base_low,7,0.0,low,base,base,3,4,7,3,2,1,1,1,0,1,20,32,0.0,0.53125,0.5238095238095238,0.5454545454545454,10,9,7,5,7,2,13,7,25,7,1,2,0.0625
8,8,size7_comp0.0_grid8_base_low,7,0.0,low,base,base,3,4,7,3,2,1,1,1,1,1,2,20,0.35,0.65,1.0,0.5882352941176471,3,2,6,8,3,1,4,9,13,9,1,0,0.0
9,8,size7_comp0.0_grid8_base_low,7,0.0,low,base,base,3,4,7,3,2,1,1,1,1,1,4,13,0.5384615384615384,0.7692307692307693,0.8,0.75,3,2,3,5,0,4,5,3,6,3,1,0,0.0
0,9,size7_comp0.0_grid9_base_low,7,0.0,low,base,base,4,3,7,3,2,1,1,1,1,0,-1,5,0.0,0.6,0.6,0.0,0,2,1,2,1,1,2,0,0,0,0,0,0.0
1,9,size7_comp0.0_grid9_base_low,7,0.0,low,base,base,4,3,7,3,2,1,1,1,1,0,-1,3,0.0,0.6666666666666666,0.6666666666666666,0.0,0,2,0,1,1,0,1,0,0,0,0,0,0.0
2,9,size7_comp0.0_grid9_base_low,7,0.0,low,base,base,4,3,7,3,2,1,1,1,1,0,-1,21,0.0,0.5238095238095238,0.5238095238095238,0.0,1,3,8,9,3,2,3,12,15,12,0,0,0.0
3,9,size7_comp0.0_grid9_base_low,7,0.0,low,base,base,4,3,7,3,2,1,1,1,1,0,-1,7,0.0,0.5714285714285714,0.5714285714285714,0.0,0,2,2,3,1,3,1,1,1,1,0,0,0.0
4,9,size7_comp0.0_grid9_base_low,7,0.0,low,base,base,4,3,7,3,2,1,1,1,1,0,-1,13,0.0,0.5384615384615384,0.5384615384615384,0.0,0,2,5,6,1,1,2,8,8,8,0,0,0.0
5,9,size7_comp0.0_grid9_base_low,7,0.0,low,base,base,4,3,7,3,2,1,1,1,1,0,-1,3,0.0,0.6666666666666666,0.6666666666666666,0.0,0,2,0,1,1,0,1,0,0,0,0,0,0.0
6,9,size7_comp0.0_grid9_base_low,7,0.0,low,base,base,4,3,7,3,2,1,1,1,1,0,-1,11,0.0,0.36363636363636365,0.36363636363636365,0.0,0,2,4,3,1,1,1,3,7,2,0,2,0.18181818181818182
7,9,size7_comp0.0_grid9_base_low,7,0.0,low,base,base,4,3,7,3,2,1,1,1,1,0,-1,6,0.0,0.5,0.5,0.0,0,2,1,2,0,2,0,1,2,1,0,0,0.0
8,9,size7_comp0.0_grid9_base_low,7,0.0,low,base,base,4,3,7,3,2,1,1,1,1,1,5,13,0.5384615384615384,0.7692307692307693,0.8333333333333334,0.7142857142857143,0,2,5,6,2,1,3,6,7,6,3,0,0.0
9,9,size7_comp0.0_grid9_base_low,7,0.0,low,base,base,4,3,7,3,2,1,1,1,1,1,12,16,0.4375,0.6875,0.6153846153846154,1.0,0,2,6,7,5,1,2,5,9,5,0,0,0.0
0,0,size7_comp0.2_grid0_base_low,7,0.2,low,base,base,5,4,9,3,4,1,1,1,0,1,8,32,0.0,0.46875,0.6666666666666666,0.391304347826087,5,3,13,8,4,3,9,9,23,6,11,3,0.09375
1,0,size7_comp0.2_grid0_base_low,7,0.2,low,base,base,5,4,9,3,4,1,1,1,0,1,4,32,0.0,0.46875,1.0,0.37037037037037035,2,0,13,10,7,2,2,8,24,7,17,1,0.03125
2,0,size7_comp0.2_grid0_base_low,7,0.2,low,base,base,5,4,9,3,4,1,1,1,0,1,16,32,0.0,0.375,0.4117647058823529,0.3333333333333333,4,3,17,6,12,3,6,6,20,6,4,8,0.25
3,0,size7_comp0.2_grid0_base_low,7,0.2,low,base,base,5,4,9,3,4,1,1,1,0,1,4,32,0.0,0.4375,1.0,0.3333333333333333,2,2,14,10,2,5,2,15,22,13,7,2,0.0625
4,0,size7_comp0.2_grid0_base_low,7,0.2,low,base,base,5,4,9,3,4,1,1,1,0,0,-1,32,0.0,0.03125,0.03125,0.0,2,0,27,2,25,2,0,2,29,0,0,29,0.90625
5,0,size7_comp0.2_grid0_base_low,7,0.2,low,base,base,5,4,9,3,4,1,1,1,0,1,12,32,0.0,0.46875,0.5384615384615384,0.42105263157894735,4,1,16,10,9,3,3,14,24,11,12,6,0.1875
6,0,size7_comp0.2_grid0_base_low,7,0.2,low,base,base,5,4,9,3,4,1,1,1,0,1,30,32,0.0,0.34375,0.3548387096774194,0.0,8,1,11,11,10,7,4,8,22,4,0,13,0.40625
7,0,size7_comp0.2_grid0_base_low,7,0.2,low,base,base,5,4,9,3,4,1,1,1,0,1,5,32,0.0,0.46875,0.8333333333333334,0.38461538461538464,3,3,10,11,6,8,4,3,23,3,3,4,0.125
8,0,size7_comp0.2_grid0_base_low,7,0.2,low,base,base,5,4,9,3,4,1,1,1,0,1,6,32,0.0,0.53125,0.8571428571428571,0.44,5,3,12,11,6,3,9,11,21,10,12,2,0.0625
9,0,size7_comp0.2_grid0_base_low,7,0.2,low,base,base,5,4,9,3,4,1,1,1,0,1,15,32,0.0,0.46875,0.5,0.4375,4,1,15,10,8,4,6,9,22,8,7,5,0.15625
0,1,size7_comp0.2_grid1_base_low,7,0.2,low,base,base,3,4,7,5,1,1,1,1,0,1,11,32,0.0,0.40625,0.5833333333333334,0.3,2,3,7,13,6,3,5,6,23,5,13,5,0.15625
1,1,size7_comp0.2_grid1_base_low,7,0.2,low,base,base,3,4,7,5,1,1,1,1,0,1,25,32,0.0,0.40625,0.5,0.0,2,1,12,14,10,2,4,11,23,10,5,5,0.15625
2,1,size7_comp0.2_grid1_base_low,7,0.2,low,base,base,3,4,7,5,1,1,1,1,0,1,2,32,0.0,0.40625,1.0,0.3448275862068966,1,1,8,16,7,1,2,12,25,10,15,5,0.15625
3,1,size7_comp0.2_grid1_base_low,7,0.2,low,base,base,3,4,7,5,1,1,1,1,0,1,2,32,0.0,0.28125,1.0,0.20689655172413793,1,2,7,11,4,0,5,7,24,6,2,4,0.125
4,1,size7_comp0.2_grid1_base_low,7,0.2,low,base,base,3,4,7,5,1,1,1,1,0,1,4,32,0.0,0.34375,0.8,0.25925925925925924,3,2,6,11,6,1,3,6,22,5,6,5,0.15625
5,1,size7_comp0.2_grid1_base_low,7,0.2,low,base,base,3,4,7,5,1,1,1,1,0,1,11,32,0.0,0.40625,0.5833333333333334,0.3,3,4,7,15,7,3,9,6,22,6,5,8,0.25
6,1,size7_comp0.2_grid1_base_low,7,0.2,low,base,base,3,4,7,5,1,1,1,1,0,1,16,32,0.0,0.4375,0.5294117647058824,0.3333333333333333,3,3,6,16,9,3,5,8,22,6,7,6,0.1875
7,1,size7_comp0.2_grid1_base_low,7,0.2,low,base,base,3,4,7,5,1,1,1,1,0,1,4,32,0.0,0.34375,0.8,0.25925925925925924,4,2,9,11,5,4,2,10,23,8,1,9,0.28125
8,1,size7_comp0.2_grid1_base_low,7,0.2,low,base,base,3,4,7,5,1,1,1,1,0,1,2,32,0.0,0.375,1.0,0.3103448275862069,1,2,6,20,15,4,2,6,25,5,12,11,0.34375
9,1,size7_comp0.2_grid1_base_low,7,0.2,low,base,base,3,4,7,5,1,1,1,1,0,1,4,32,0.0,0.40625,0.8,0.3333333333333333,1,1,8,15,7,1,1,10,25,10,13,4,0.125
0,2,size7_comp0.2_grid2_base_low,7,0.2,low,base,base,4,5,9,5,2,1,1,1,1,0,-1,16,0.0,0.375,0.375,0.0,4,2,7,2,4,4,2,3,8,3,0,2,0.125
1,2,size7_comp0.2_grid2_base_low,7,0.2,low,base,base,4,5,9,5,2,1,1,1,0,1,3,32,0.0,0.5625,1.0,0.5,3,2,14,11,8,5,5,9,22,9,5,1,0.03125
2,2,size7_comp0.2_grid2_base_low,7,0.2,low,base,base,4,5,9,5,2,1,1,1,0,1,3,32,0.0,0.53125,1.0,0.4642857142857143,4,3,14,10,6,7,5,11,24,10,6,2,0.0625
3,2,size7_comp0.2_grid2_base_low,7,0.2,low,base,base,4,5,9,5,2,1,1,1,0,1,3,32,0.0,0.53125,1.0,0.4642857142857143,3,3,15,10,3,3,4,19,25,17,3,2,0.0625
4,2,size7_comp0.2_grid2_base_low,7,0.2,low,base,base,4,5,9,5,2,1,1,1,1,1,3,18,0.5,0.6666666666666666,1.0,0.5714285714285714,6,4,6,1,4,2,5,4,7,4,4,2,0.1111111111111111
5,2,size7_comp0.2_grid2_base_low,7,0.2,low,base,base,4,5,9,5,2,1,1,1,1,1,3,21,0.42857142857142855,0.5238095238095238,1.0,0.4117647058823529,3,1,8,8,4,2,6,6,12,2,0,7,0.3333333333333333
6,2,size7_comp0.2_grid2_base_low,7,0.2,low,base,base,4,5,9,5,2,1,1,1,1,1,3,19,0.47368421052631576,0.5789473684210527,1.0,0.4666666666666667,4,1,7,7,8,2,7,1,8,1,0,6,0.3157894736842105
7,2,size7_comp0.2_grid2_base_low,7,0.2,low,base,base,4,5,9,5,2,1,1,1,0,1,5,32,0.0,0.53125,0.8333333333333334,0.46153846153846156,3,4,15,9,6,4,3,16,20,15,4,2,0.0625
8,2,size7_comp0.2_grid2_base_low,7,0.2,low,base,base,4,5,9,5,2,1,1,1,0,1,5,32,0.0,0.375,0.8333333333333334,0.2692307692307692,6,3,15,8,8,11,1,11,24,4,1,14,0.4375
9,2,size7_comp0.2_grid2_base_low,7,0.2,low,base,base,4,5,9,5,2,1,1,1,1,1,3,28,0.32142857142857145,0.6071428571428571,1.0,0.5416666666666666,6,3,11,7,5,4,7,9,17,7,3,2,0.07142857142857142
0,3,size7_comp0.2_grid3_base_low,7,0.2,low,base,base,4,3,7,3,2,1,1,1,1,0,-1,3,0.0,0.6666666666666666,0.6666666666666666,0.0,0,0,3,0,2,0,0,0,0,0,0,0,0.0
1,3,size7_comp0.2_grid3_base_low,7,0.2,low,base,base,4,3,7,3,2,1,1,1,1,0,-1,3,0.0,0.6666666666666666,0.6666666666666666,0.0,0,0,3,0,2,0,0,0,0,0,0,0,0.0
2,3,size7_comp0.2_grid3_base_low,7,0.2,low,base,base,4,3,7,3,2,1,1,1,1,0,-1,3,0.0,0.6666666666666666,0.6666666666666666,0.0,0,0,3,0,2,0,0,0,0,0,0,0,0.0
3,3,size7_comp0.2_grid3_base_low,7,0.2,low,base,base,4,3,7,3,2,1,1,1,1,0,-1,3,0.0,0.6666666666666666,0.6666666666666666,0.0,0,0,3,0,2,0,0,0,0,0,0,0,0.0
4,3,size7_comp0.2_grid3_base_low,7,0.2,low,base,base,4,3,7,3,2,1,1,1,1,0,-1,3,0.0,0.6666666666666666,0.6666666666666666,0.0,0,0,3,0,2,0,0,0,0,0,0,0,0.0
5,3,size7_comp0.2_grid3_base_low,7,0.2,low,base,base,4,3,7,3,2,1,1,1,1,0,-1,3,0.0,0.6666666666666666,0.6666666666666666,0.0,0,0,3,0,2,0,0,0,0,0,0,0,0.0
6,3,size7_comp0.2_grid3_base_low,7,0.2,low,base,base,4,3,7,3,2,1,1,1,1,0,-1,3,0.0,0.6666666666666666,0.6666666666666666,0.0,0,0,3,0,2,0,0,0,0,0,0,0,0.0
7,3,size7_comp0.2_grid3_base_low,7,0.2,low,base,base,4,3,7,3,2,1,1,1,1,0,-1,3,0.0,0.6666666666666666,0.6666666666666666,0.0,0,0,3,0,2,0,0,0,0,0,0,0,0.0
8,3,size7_comp0.2_grid3_base_low,7,0.2,low,base,base,4,3,7,3,2,1,1,1,1,0,-1,3,0.0,0.6666666666666666,0.6666666666666666,0.0,0,0,3,0,2,0,0,0,0,0,0,0,0.0
9,3,size7_comp0.2_grid3_base_low,7,0.2,low,base,base,4,3,7,3,2,1,1,1,1,0,-1,4,0.0,0.5,0.5,0.0,0,0,3,0,1,0,0,0,1,0,0,0,0.0
0,4,size7_comp0.2_grid4_base_low,7,0.2,low,base,base,4,3,7,5,1,1,1,1,0,0,-1,32,0.0,0.375,0.375,0.0,5,6,5,13,5,4,6,10,27,9,0,7,0.21875
1,4,size7_comp0.2_grid4_base_low,7,0.2,low,base,base,4,3,7,5,1,1,1,1,0,0,-1,32,0.0,0.28125,0.28125,0.0,5,3,8,16,8,4,7,12,28,9,0,13,0.40625
2,4,size7_comp0.2_grid4_base_low,7,0.2,low,base,base,4,3,7,5,1,1,1,1,0,0,-1,32,0.0,0.21875,0.21875,0.0,5,6,1,18,15,3,5,4,28,4,0,17,0.53125
3,4,size7_comp0.2_grid4_base_low,7,0.2,low,base,base,4,3,7,5,1,1,1,1,0,0,-1,32,0.0,0.03125,0.03125,0.0,2,1,0,22,15,2,1,0,30,0,0,22,0.6875
4,4,size7_comp0.2_grid4_base_low,7,0.2,low,base,base,4,3,7,5,1,1,1,1,0,0,-1,32,0.0,0.125,0.125,0.0,5,4,0,22,15,4,7,3,30,3,0,22,0.6875
5,4,size7_comp0.2_grid4_base_low,7,0.2,low,base,base,4,3,7,5,1,1,1,1,0,0,-1,32,0.0,0.25,0.25,0.0,4,5,3,18,9,5,9,4,27,4,0,15,0.46875
6,4,size7_comp0.2_grid4_base_low,7,0.2,low,base,base,4,3,7,5,1,1,1,1,1,0,-1,24,0.0,0.20833333333333334,0.20833333333333334,0.0,4,3,3,12,11,3,5,1,18,1,0,13,0.5416666666666666
7,4,size7_comp0.2_grid4_base_low,7,0.2,low,base,base,4,3,7,5,1,1,1,1,0,0,-1,32,0.0,0.0625,0.0625,0.0,2,2,2,23,14,2,4,5,29,1,0,25,0.78125
8,4,size7_comp0.2_grid4_base_low,7,0.2,low,base,base,4,3,7,5,1,1,1,1,0,0,-1,32,0.0,0.09375,0.09375,0.0,4,3,3,22,15,4,4,8,30,3,0,25,0.78125
9,4,size7_comp0.2_grid4_base_low,7,0.2,low,base,base,4,3,7,5,1,1,1,1,1,0,-1,16,0.0,0.375,0.375,0.0,4,2,4,5,2,5,4,2,11,1,0,4,0.25
0,5,size7_comp0.2_grid5_base_low,7,0.2,low,base,base,4,4,8,4,2,1,1,1,1,1,5,15,0.5333333333333333,0.7333333333333333,0.8333333333333334,0.6666666666666666,3,0,5,6,2,1,4,5,6,5,3,0,0.0
1,5,size7_comp0.2_grid5_base_low,7,0.2,low,base,base,4,4,8,4,2,1,1,1,1,1,3,14,0.5714285714285714,0.7857142857142857,1.0,0.7,3,0,5,6,4,1,2,6,6,6,6,0,0.0
2,5,size7_comp0.2_grid5_base_low,7,0.2,low,base,base,4,4,8,4,2,1,1,1,1,1,5,14,0.5714285714285714,0.7857142857142857,0.8333333333333334,0.75,3,0,5,6,3,1,4,5,5,5,2,0,0.0
3,5,size7_comp0.2_grid5_base_low,7,0.2,low,base,base,4,4,8,4,2,1,1,1,1,1,3,31,0.25806451612903225,0.5806451612903226,1.0,0.5185185185185185,6,3,11,10,5,4,8,11,21,11,14,2,0.06451612903225806
4,5,size7_comp0.2_grid5_base_low,7,0.2,low,base,base,4,4,8,4,2,1,1,1,1,1,3,12,0.6666666666666666,0.75,1.0,0.625,3,0,3,4,3,1,2,2,4,2,0,0,0.0
5,5,size7_comp0.2_grid5_base_low,7,0.2,low,base,base,4,4,8,4,2,1,1,1,1,1,3,8,1.0,1.0,1.0,1.0,3,0,2,3,4,1,2,0,0,0,0,0,0.0
6,5,size7_comp0.2_grid5_base_low,7,0.2,low,base,base,4,4,8,4,2,1,1,1,1,1,3,9,0.8888888888888888,0.8888888888888888,1.0,0.8,3,0,2,3,4,0,2,0,1,0,0,0,0.0
7,5,size7_comp0.2_grid5_base_low,7,0.2,low,base,base,4,4,8,4,2,1,1,1,1,1,5,11,0.7272727272727273,0.8181818181818182,0.8333333333333334,0.8,4,1,2,3,3,1,2,2,3,2,0,0,0.0
8,5,size7_comp0.2_grid5_base_low,7,0.2,low,base,base,4,4,8,4,2,1,1,1,1,1,3,8,1.0,1.0,1.0,1.0,3,0,2,3,3,1,3,0,0,0,0,0,0.0
9,5,size7_comp0.2_grid5_base_low,7,0.2,low,base,base,4,4,8,4,2,1,1,1,1,1,5,10,0.8,0.9,0.8333333333333334,1.0,3,0,3,4,3,3,2,1,1,1,0,0,0.0
0,6,size7_comp0.2_grid6_base_low,7,0.2,low,base,base,7,4,11,3,4,1,1,1,1,0,-1,3,0.0,1.0,1.0,0.0,0,0,0,3,2,0,0,0,0,0,0,0,0.0
1,6,size7_comp0.2_grid6_base_low,7,0.2,low,base,base,7,4,11,3,4,1,1,1,1,0,-1,3,0.0,1.0,1.0,0.0,0,0,0,3,2,0,0,0,0,0,0,0,0.0
2,6,size7_comp0.2_grid6_base_low,7,0.2,low,base,base,7,4,11,3,4,1,1,1,1,0,-1,3,0.0,1.0,1.0,0.0,0,0,0,3,2,0,0,0,0,0,0,0,0.0
3,6,size7_comp0.2_grid6_base_low,7,0.2,low,base,base,7,4,11,3,4,1,1,1,1,0,-1,3,0.0,1.0,1.0,0.0,0,0,0,3,2,0,0,0,0,0,0,0,0.0
4,6,size7_comp0.2_grid6_base_low,7,0.2,low,base,base,7,4,11,3,4,1,1,1,1,0,-1,3,0.0,1.0,1.0,0.0,0,0,0,3,2,0,0,0,0,0,0,0,0.0
5,6,size7_comp0.2_grid6_base_low,7,0.2,low,base,base,7,4,11,3,4,1,1,1,1,0,-1,3,0.0,1.0,1.0,0.0,0,0,0,3,2,0,0,0,0,0,0,0,0.0
6,6,size7_comp0.2_grid6_base_low,7,0.2,low,base,base,7,4,11,3,4,1,1,1,1,0,-1,3,0.0,1.0,1.0,0.0,0,0,0,3,2,0,0,0,0,0,0,0,0.0
7,6,size7_comp0.2_grid6_base_low,7,0.2,low,base,base,7,4,11,3,4,1,1,1,1,0,-1,3,0.0,1.0,1.0,0.0,0,0,0,3,2,0,0,0,0,0,0,0,0.0
8,6,size7_comp0.2_grid6_base_low,7,0.2,low,base,base,7,4,11,3,4,1,1,1,1,0,-1,3,0.0,1.0,1.0,0.0,0,0,0,3,2,0,0,0,0,0,0,0,0.0
9,6,size7_comp0.2_grid6_base_low,7,0.2,low,base,base,7,4,11,3,4,1,1,1,1,0,-1,3,0.0,1.0,1.0,0.0,0,0,0,3,2,0,0,0,0,0,0,0,0.0
0,7,size7_comp0.2_grid7_base_low,7,0.2,low,base,base,3,4,7,5,1,1,1,1,0,0,-1,32,0.0,0.40625,0.40625,0.0,4,2,11,15,11,5,4,11,23,9,0,7,0.21875
1,7,size7_comp0.2_grid7_base_low,7,0.2,low,base,base,3,4,7,5,1,1,1,1,0,0,-1,32,0.0,0.46875,0.46875,0.0,4,4,13,11,5,7,5,14,21,12,0,1,0.03125
2,7,size7_comp0.2_grid7_base_low,7,0.2,low,base,base,3,4,7,5,1,1,1,1,0,0,-1,32,0.0,0.46875,0.46875,0.0,5,1,14,12,10,7,3,11,23,10,0,2,0.0625
3,7,size7_comp0.2_grid7_base_low,7,0.2,low,base,base,3,4,7,5,1,1,1,1,0,1,16,32,0.0,0.46875,0.5882352941176471,0.3333333333333333,4,2,13,12,10,5,4,10,21,8,1,4,0.125
4,7,size7_comp0.2_grid7_base_low,7,0.2,low,base,base,3,4,7,5,1,1,1,1,0,0,-1,32,0.0,0.46875,0.46875,0.0,5,4,12,10,5,4,4,16,23,16,0,0,0.0
5,7,size7_comp0.2_grid7_base_low,7,0.2,low,base,base,3,4,7,5,1,1,1,1,0,0,-1,32,0.0,0.5,0.5,0.0,7,5,11,9,8,8,3,12,20,12,0,0,0.0
6,7,size7_comp0.2_grid7_base_low,7,0.2,low,base,base,3,4,7,5,1,1,1,1,0,0,-1,32,0.0,0.46875,0.46875,0.0,5,3,14,10,7,5,5,14,23,12,0,1,0.03125
7,7,size7_comp0.2_grid7_base_low,7,0.2,low,base,base,3,4,7,5,1,1,1,1,0,0,-1,32,0.0,0.46875,0.46875,0.0,4,2,14,11,5,2,4,18,23,17,0,1,0.03125
8,7,size7_comp0.2_grid7_base_low,7,0.2,low,base,base,3,4,7,5,1,1,1,1,0,0,-1,32,0.0,0.46875,0.46875,0.0,8,5,10,8,9,5,7,8,23,8,0,1,0.03125
9,7,size7_comp0.2_grid7_base_low,7,0.2,low,base,base,3,4,7,5,1,1,1,1,0,1,2,32,0.0,0.21875,1.0,0.13793103448275862,6,0,10,15,11,2,5,11,23,1,0,21,0.65625
0,8,size7_comp0.2_grid8_base_low,7,0.2,low,base,base,5,4,9,3,3,1,1,1,1,0,-1,5,0.0,0.6,0.6,0.0,0,3,1,1,1,2,0,1,1,1,0,0,0.0
1,8,size7_comp0.2_grid8_base_low,7,0.2,low,base,base,5,4,9,3,3,1,1,1,1,0,-1,7,0.0,0.5714285714285714,0.5714285714285714,0.0,0,3,2,2,1,0,4,1,1,1,0,0,0.0
2,8,size7_comp0.2_grid8_base_low,7,0.2,low,base,base,5,4,9,3,3,1,1,1,1,0,-1,7,0.0,0.5714285714285714,0.5714285714285714,0.0,0,3,2,2,1,2,0,3,3,3,0,0,0.0
3,8,size7_comp0.2_grid8_base_low,7,0.2,low,base,base,5,4,9,3,3,1,1,1,1,0,-1,13,0.0,0.3076923076923077,0.3076923076923077,0.0,0,3,6,2,4,1,1,2,9,1,0,4,0.3076923076923077
4,8,size7_comp0.2_grid8_base_low,7,0.2,low,base,base,5,4,9,3,3,1,1,1,1,0,-1,31,0.0,0.2903225806451613,0.2903225806451613,0.0,1,4,13,8,9,4,3,6,23,5,0,9,0.2903225806451613
5,8,size7_comp0.2_grid8_base_low,7,0.2,low,base,base,5,4,9,3,3,1,1,1,1,0,-1,27,0.0,0.2962962962962963,0.2962962962962963,0.0,1,4,13,5,10,1,2,5,22,3,0,8,0.2962962962962963
6,8,size7_comp0.2_grid8_base_low,7,0.2,low,base,base,5,4,9,3,3,1,1,1,1,0,-1,5,0.0,0.6,0.6,0.0,0,3,1,1,1,1,2,0,0,0,0,0,0.0
7,8,size7_comp0.2_grid8_base_low,7,0.2,low,base,base,5,4,9,3,3,1,1,1,1,0,-1,16,0.0,0.3125,0.3125,0.0,0,3,9,3,5,2,2,4,11,3,0,6,0.375
8,8,size7_comp0.2_grid8_base_low,7,0.2,low,base,base,5,4,9,3,3,1,1,1,1,0,-1,16,0.0,0.375,0.375,0.0,1,6,4,4,5,2,6,0,9,0,0,4,0.25
9,8,size7_comp0.2_grid8_base_low,7,0.2,low,base,base,5,4,9,3,3,1,1,1,1,0,-1,10,0.0,0.3,0.3,0.0,0,3,5,1,3,2,2,0,5,0,0,4,0.4
0,9,size7_comp0.2_grid9_base_low,7,0.2,low,base,base,3,4,7,3,3,1,1,1,0,1,5,32,0.0,0.5,0.5,0.5,4,0,11,17,14,2,3,12,24,11,0,5,0.15625
1,9,size7_comp0.2_grid9_base_low,7,0.2,low,base,base,3,4,7,3,3,1,1,1,1,0,-1,15,0.0,0.06666666666666667,0.06666666666666667,0.0,6,0,4,2,6,2,1,0,12,0,0,9,0.6
2,9,size7_comp0.2_grid9_base_low,7,0.2,low,base,base,3,4,7,3,3,1,1,1,0,1,17,32,0.0,0.3125,0.16666666666666666,0.5,8,1,6,15,13,3,3,9,22,2,0,15,0.46875
3,9,size7_comp0.2_grid9_base_low,7,0.2,low,base,base,3,4,7,3,3,1,1,1,0,1,12,32,0.0,0.40625,0.23076923076923078,0.5263157894736842,5,2,9,14,9,6,3,9,21,7,2,10,0.3125
4,9,size7_comp0.2_grid9_base_low,7,0.2,low,base,base,3,4,7,3,3,1,1,1,1,1,9,16,0.4375,0.5,0.4,0.6666666666666666,7,1,4,4,6,1,6,2,8,1,0,7,0.4375
5,9,size7_comp0.2_grid9_base_low,7,0.2,low,base,base,3,4,7,3,3,1,1,1,0,1,7,32,0.0,0.4375,0.375,0.4583333333333333,5,1,9,17,10,4,7,10,21,6,0,9,0.28125
6,9,size7_comp0.2_grid9_base_low,7,0.2,low,base,base,3,4,7,3,3,1,1,1,0,1,18,32,0.0,0.40625,0.3157894736842105,0.5384615384615384,7,0,8,17,12,4,5,10,23,9,2,11,0.34375
7,9,size7_comp0.2_grid9_base_low,7,0.2,low,base,base,3,4,7,3,3,1,1,1,0,1,2,32,0.0,0.53125,1.0,0.4827586206896552,3,1,12,16,14,3,3,11,20,8,0,3,0.09375
8,9,size7_comp0.2_grid9_base_low,7,0.2,low,base,base,3,4,7,3,3,1,1,1,1,1,9,29,0.2413793103448276,0.4827586206896552,0.4,0.5263157894736842,5,2,8,13,7,9,2,8,17,6,1,7,0.2413793103448276
9,9,size7_comp0.2_grid9_base_low,7,0.2,low,base,base,3,4,7,3,3,1,1,1,1,1,4,15,0.4666666666666667,0.6666666666666666,0.6,0.7,2,1,4,8,6,2,4,2,7,2,2,2,0.13333333333333333
0,0,size7_comp0.4_grid0_base_low,7,0.4,low,base,base,3,4,7,3,3,1,1,1,0,0,-1,32,0.0,0.28125,0.28125,0.0,4,5,12,9,3,5,8,11,26,8,0,10,0.3125
1,0,size7_comp0.4_grid0_base_low,7,0.4,low,base,base,3,4,7,3,3,1,1,1,0,0,-1,32,0.0,0.40625,0.40625,0.0,1,4,13,13,6,4,5,14,24,10,0,8,0.25
2,0,size7_comp0.4_grid0_base_low,7,0.4,low,base,base,3,4,7,3,3,1,1,1,0,0,-1,32,0.0,0.34375,0.34375,0.0,4,8,12,7,6,6,8,9,27,9,0,10,0.3125
3,0,size7_comp0.4_grid0_base_low,7,0.4,low,base,base,3,4,7,3,3,1,1,1,0,0,-1,32,0.0,0.3125,0.3125,0.0,5,8,6,13,10,8,10,3,25,3,0,12,0.375
4,0,size7_comp0.4_grid0_base_low,7,0.4,low,base,base,3,4,7,3,3,1,1,1,0,0,-1,32,0.0,0.125,0.125,0.0,3,7,9,11,11,3,3,10,27,1,0,21,0.65625
5,0,size7_comp0.4_grid0_base_low,7,0.4,low,base,base,3,4,7,3,3,1,1,1,0,0,-1,32,0.0,0.34375,0.34375,0.0,1,9,11,10,8,2,7,12,27,11,0,8,0.25
6,0,size7_comp0.4_grid0_base_low,7,0.4,low,base,base,3,4,7,3,3,1,1,1,0,0,-1,32,0.0,0.21875,0.21875,0.0,4,4,10,12,5,5,5,13,27,7,0,15,0.46875
7,0,size7_comp0.4_grid0_base_low,7,0.4,low,base,base,3,4,7,3,3,1,1,1,0,0,-1,32,0.0,0.25,0.25,0.0,2,10,8,8,9,6,4,5,27,5,0,11,0.34375
8,0,size7_comp0.4_grid0_base_low,7,0.4,low,base,base,3,4,7,3,3,1,1,1,0,0,-1,32,0.0,0.28125,0.28125,0.0,5,8,9,10,8,8,7,8,24,4,0,13,0.40625
9,0,size7_comp0.4_grid0_base_low,7,0.4,low,base,base,3,4,7,3,3,1,1,1,0,0,-1,32,0.0,0.28125,0.28125,0.0,5,10,8,9,5,10,6,10,26,8,0,13,0.40625
0,1,size7_comp0.4_grid1_base_low,7,0.4,low,base,base,3,5,8,4,3,1,1,1,0,0,-1,32,0.0,0.375,0.375,0.0,6,9,7,8,3,2,10,12,28,10,0,6,0.1875
1,1,size7_comp0.4_grid1_base_low,7,0.4,low,base,base,3,5,8,4,3,1,1,1,0,0,-1,32,0.0,0.34375,0.34375,0.0,7,9,7,8,5,1,10,13,28,11,0,8,0.25
2,1,size7_comp0.4_grid1_base_low,7,0.4,low,base,base,3,5,8,4,3,1,1,1,1,0,-1,6,0.0,0.16666666666666666,0.16666666666666666,0.0,1,0,1,3,1,1,0,1,2,0,0,1,0.16666666666666666
3,1,size7_comp0.4_grid1_base_low,7,0.4,low,base,base,3,5,8,4,3,1,1,1,0,0,-1,32,0.0,0.28125,0.28125,0.0,5,11,6,9,6,2,10,11,28,7,0,13,0.40625
4,1,size7_comp0.4_grid1_base_low,7,0.4,low,base,base,3,5,8,4,3,1,1,1,0,1,23,32,0.0,0.4375,0.4583333333333333,0.375,5,8,8,10,3,8,9,9,23,7,0,7,0.21875
5,1,size7_comp0.4_grid1_base_low,7,0.4,low,base,base,3,5,8,4,3,1,1,1,0,0,-1,32,0.0,0.4375,0.4375,0.0,2,8,9,13,6,6,8,11,26,10,0,6,0.1875
6,1,size7_comp0.4_grid1_base_low,7,0.4,low,base,base,3,5,8,4,3,1,1,1,0,0,-1,32,0.0,0.3125,0.3125,0.0,5,6,6,13,7,4,8,9,27,9,0,9,0.28125
7,1,size7_comp0.4_grid1_base_low,7,0.4,low,base,base,3,5,8,4,3,1,1,1,0,0,-1,32,0.0,0.25,0.25,0.0,4,12,6,7,6,3,5,11,28,7,0,12,0.375
8,1,size7_comp0.4_grid1_base_low,7,0.4,low,base,base,3,5,8,4,3,1,1,1,0,0,-1,32,0.0,0.34375,0.34375,0.0,3,4,8,16,9,7,5,8,28,7,0,9,0.28125
9,1,size7_comp0.4_grid1_base_low,7,0.4,low,base,base,3,5,8,4,3,1,1,1,0,0,-1,32,0.0,0.3125,0.3125,0.0,5,9,8,9,2,5,11,11,29,9,0,10,0.3125
0,2,size7_comp0.4_grid2_base_low,7,0.4,low,base,base,4,8,12,8,2,1,1,1,0,0,-1,32,0.0,0.125,0.125,0.0,3,6,21,2,11,7,7,6,29,3,0,25,0.78125
1,2,size7_comp0.4_grid2_base_low,7,0.4,low,base,base,4,8,12,8,2,1,1,1,0,0,-1,32,0.0,0.125,0.125,0.0,2,4,17,6,9,3,7,6,28,1,0,22,0.6875
2,2,size7_comp0.4_grid2_base_low,7,0.4,low,base,base,4,8,12,8,2,1,1,1,0,0,-1,32,0.0,0.0,0.0,0.0,0,10,17,4,13,7,6,3,31,0,0,31,0.96875
3,2,size7_comp0.4_grid2_base_low,7,0.4,low,base,base,4,8,12,8,2,1,1,1,0,0,-1,32,0.0,0.0625,0.0625,0.0,2,6,21,2,14,6,7,2,30,0,0,28,0.875
4,2,size7_comp0.4_grid2_base_low,7,0.4,low,base,base,4,8,12,8,2,1,1,1,1,0,-1,28,0.0,0.14285714285714285,0.14285714285714285,0.0,2,8,15,3,6,8,9,4,18,1,0,16,0.5714285714285714
5,2,size7_comp0.4_grid2_base_low,7,0.4,low,base,base,4,8,12,8,2,1,1,1,0,0,-1,32,0.0,0.09375,0.09375,0.0,2,7,15,7,11,6,7,5,29,0,0,25,0.78125
6,2,size7_comp0.4_grid2_base_low,7,0.4,low,base,base,4,8,12,8,2,1,1,1,0,0,-1,32,0.0,0.09375,0.09375,0.0,2,6,21,3,13,7,7,4,29,1,0,26,0.8125
7,2,size7_comp0.4_grid2_base_low,7,0.4,low,base,base,4,8,12,8,2,1,1,1,0,0,-1,32,0.0,0.0,0.0,0.0,0,7,22,2,16,5,4,4,31,0,0,31,0.96875
8,2,size7_comp0.4_grid2_base_low,7,0.4,low,base,base,4,8,12,8,2,1,1,1,0,0,-1,32,0.0,0.0,0.0,0.0,0,12,17,3,18,6,5,2,31,0,0,32,1.0
9,2,size7_comp0.4_grid2_base_low,7,0.4,low,base,base,4,8,12,8,2,1,1,1,0,0,-1,32,0.0,0.0625,0.0625,0.0,2,7,17,1,9,5,7,0,30,0,0,23,0.71875
0,3,size7_comp0.4_grid3_base_low,7,0.4,low,base,base,4,4,8,6,1,1,1,1,0,0,-1,32,0.0,0.0,0.0,0.0,0,0,0,32,31,0,0,0,31,0,0,32,1.0
1,3,size7_comp0.4_grid3_base_low,7,0.4,low,base,base,4,4,8,6,1,1,1,1,0,0,-1,32,0.0,0.0,0.0,0.0,0,0,0,32,31,0,0,0,31,0,0,32,1.0
2,3,size7_comp0.4_grid3_base_low,7,0.4,low,base,base,4,4,8,6,1,1,1,1,0,0,-1,32,0.0,0.0,0.0,0.0,0,0,0,32,31,0,0,0,31,0,0,32,1.0
3,3,size7_comp0.4_grid3_base_low,7,0.4,low,base,base,4,4,8,6,1,1,1,1,0,0,-1,32,0.0,0.0,0.0,0.0,0,0,0,30,28,0,0,0,31,0,0,30,0.9375
4,3,size7_comp0.4_grid3_base_low,7,0.4,low,base,base,4,4,8,6,1,1,1,1,0,0,-1,32,0.0,0.0,0.0,0.0,0,0,0,31,29,0,0,0,31,0,0,31,0.96875
5,3,size7_comp0.4_grid3_base_low,7,0.4,low,base,base,4,4,8,6,1,1,1,1,0,0,-1,32,0.0,0.0,0.0,0.0,0,0,0,31,29,0,0,0,31,0,0,31,0.96875
6,3,size7_comp0.4_grid3_base_low,7,0.4,low,base,base,4,4,8,6,1,1,1,1,0,0,-1,32,0.0,0.0,0.0,0.0,0,0,0,31,29,0,0,0,31,0,0,31,0.96875
7,3,size7_comp0.4_grid3_base_low,7,0.4,low,base,base,4,4,8,6,1,1,1,1,0,0,-1,32,0.0,0.0,0.0,0.0,0,0,0,29,25,0,0,0,31,0,0,29,0.90625
8,3,size7_comp0.4_grid3_base_low,7,0.4,low,base,base,4,4,8,6,1,1,1,1,0,0,-1,32,0.0,0.0,0.0,0.0,0,0,0,32,31,0,0,0,31,0,0,32,1.0
9,3,size7_comp0.4_grid3_base_low,7,0.4,low,base,base,4,4,8,6,1,1,1,1,0,0,-1,32,0.0,0.0,0.0,0.0,0,0,0,28,23,0,0,0,31,0,0,28,0.875
0,4,size7_comp0.4_grid4_base_low,7,0.4,low,base,base,3,4,7,5,2,1,1,1,0,1,4,32,0.0,0.375,0.8,0.2962962962962963,1,6,11,14,10,4,8,9,24,5,7,13,0.40625
1,4,size7_comp0.4_grid4_base_low,7,0.4,low,base,base,3,4,7,5,2,1,1,1,0,1,9,32,0.0,0.40625,0.5,0.36363636363636365,2,6,13,11,4,6,9,12,26,9,5,9,0.28125
2,4,size7_comp0.4_grid4_base_low,7,0.4,low,base,base,3,4,7,5,2,1,1,1,0,1,4,32,0.0,0.3125,0.8,0.2222222222222222,1,6,5,20,14,5,6,6,26,6,14,17,0.53125
3,4,size7_comp0.4_grid4_base_low,7,0.4,low,base,base,3,4,7,5,2,1,1,1,0,1,6,32,0.0,0.375,0.5714285714285714,0.32,3,4,8,16,12,7,3,7,26,5,10,11,0.34375
4,4,size7_comp0.4_grid4_base_low,7,0.4,low,base,base,3,4,7,5,2,1,1,1,0,1,6,32,0.0,0.3125,0.7142857142857143,0.2,3,4,6,19,14,7,5,5,26,4,16,15,0.46875
5,4,size7_comp0.4_grid4_base_low,7,0.4,low,base,base,3,4,7,5,2,1,1,1,0,0,-1,32,0.0,0.34375,0.34375,0.0,0,3,20,9,13,2,4,12,24,8,0,12,0.375
6,4,size7_comp0.4_grid4_base_low,7,0.4,low,base,base,3,4,7,5,2,1,1,1,0,1,3,32,0.0,0.4375,0.75,0.39285714285714285,2,5,14,11,12,6,5,8,24,5,2,7,0.21875
7,4,size7_comp0.4_grid4_base_low,7,0.4,low,base,base,3,4,7,5,2,1,1,1,0,1,6,32,0.0,0.34375,0.5714285714285714,0.28,4,9,5,14,9,6,6,10,28,10,16,13,0.40625
8,4,size7_comp0.4_grid4_base_low,7,0.4,low,base,base,3,4,7,5,2,1,1,1,0,1,2,32,0.0,0.15625,1.0,0.06896551724137931,2,4,1,25,22,6,1,2,28,2,28,25,0.78125
9,4,size7_comp0.4_grid4_base_low,7,0.4,low,base,base,3,4,7,5,2,1,1,1,0,1,2,32,0.0,0.4375,1.0,0.3793103448275862,3,5,11,13,6,5,6,14,27,12,4,6,0.1875
0,5,size7_comp0.4_grid5_base_low,7,0.4,low,base,base,5,3,8,4,2,1,1,1,0,0,-1,32,0.0,0.46875,0.46875,0.0,4,2,13,11,4,0,5,18,25,17,0,1,0.03125
1,5,size7_comp0.4_grid5_base_low,7,0.4,low,base,base,5,3,8,4,2,1,1,1,1,0,-1,21,0.0,0.47619047619047616,0.47619047619047616,0.0,6,3,6,5,2,3,10,3,14,2,0,2,0.09523809523809523
2,5,size7_comp0.4_grid5_base_low,7,0.4,low,base,base,5,3,8,4,2,1,1,1,0,0,-1,32,0.0,0.375,0.375,0.0,3,2,11,10,3,4,3,10,25,7,0,2,0.0625
3,5,size7_comp0.4_grid5_base_low,7,0.4,low,base,base,5,3,8,4,2,1,1,1,1,0,-1,7,0.0,0.5714285714285714,0.5714285714285714,0.0,3,0,2,2,3,0,1,2,3,1,0,1,0.14285714285714285
4,5,size7_comp0.4_grid5_base_low,7,0.4,low,base,base,5,3,8,4,2,1,1,1,0,0,-1,32,0.0,0.46875,0.46875,0.0,3,1,13,13,5,2,3,17,23,14,0,2,0.0625
5,5,size7_comp0.4_grid5_base_low,7,0.4,low,base,base,5,3,8,4,2,1,1,1,1,0,-1,22,0.0,0.5,0.5,0.0,4,1,8,7,3,2,2,10,16,10,0,0,0.0
6,5,size7_comp0.4_grid5_base_low,7,0.4,low,base,base,5,3,8,4,2,1,1,1,1,0,-1,13,0.0,0.46153846153846156,0.46153846153846156,0.0,3,0,6,3,2,0,4,4,7,4,0,2,0.15384615384615385
7,5,size7_comp0.4_grid5_base_low,7,0.4,low,base,base,5,3,8,4,2,1,1,1,1,0,-1,27,0.0,0.48148148148148145,0.48148148148148145,0.0,4,1,11,9,10,1,5,6,19,5,0,1,0.037037037037037035
8,5,size7_comp0.4_grid5_base_low,7,0.4,low,base,base,5,3,8,4,2,1,1,1,0,0,-1,32,0.0,0.40625,0.40625,0.0,2,1,12,12,3,1,5,15,25,13,0,2,0.0625
9,5,size7_comp0.4_grid5_base_low,7,0.4,low,base,base,5,3,8,4,2,1,1,1,1,0,-1,31,0.0,0.41935483870967744,0.41935483870967744,0.0,5,2,11,8,2,2,2,15,25,15,0,2,0.06451612903225806
0,6,size7_comp0.4_grid6_base_low,7,0.4,low,base,base,6,5,11,5,4,1,1,1,0,0,-1,32,0.0,0.03125,0.03125,0.0,29,0,1,1,25,2,2,0,30,0,0,29,0.90625
1,6,size7_comp0.4_grid6_base_low,7,0.4,low,base,base,6,5,11,5,4,1,1,1,0,0,-1,32,0.0,0.09375,0.09375,0.0,9,0,21,0,24,2,1,0,28,0,0,27,0.84375
2,6,size7_comp0.4_grid6_base_low,7,0.4,low,base,base,6,5,11,5,4,1,1,1,0,0,-1,32,0.0,0.09375,0.09375,0.0,3,0,27,0,24,2,1,0,28,0,0,27,0.84375
3,6,size7_comp0.4_grid6_base_low,7,0.4,low,base,base,6,5,11,5,4,1,1,1,0,0,-1,32,0.0,0.15625,0.15625,0.0,16,0,13,2,21,4,1,3,26,2,0,24,0.75
4,6,size7_comp0.4_grid6_base_low,7,0.4,low,base,base,6,5,11,5,4,1,1,1,0,0,-1,32,0.0,0.1875,0.1875,0.0,15,0,14,3,19,7,4,1,27,1,0,23,0.71875
5,6,size7_comp0.4_grid6_base_low,7,0.4,low,base,base,6,5,11,5,4,1,1,1,0,0,-1,32,0.0,0.09375,0.09375,0.0,25,0,4,1,21,3,3,0,27,0,0,24,0.75
6,6,size7_comp0.4_grid6_base_low,7,0.4,low,base,base,6,5,11,5,4,1,1,1,0,0,-1,32,0.0,0.15625,0.15625,0.0,5,0,17,3,13,2,2,3,26,1,0,18,0.5625
7,6,size7_comp0.4_grid6_base_low,7,0.4,low,base,base,6,5,11,5,4,1,1,1,1,0,-1,7,0.0,0.42857142857142855,0.42857142857142855,0.0,4,0,3,0,2,2,2,0,2,0,0,2,0.2857142857142857
8,6,size7_comp0.4_grid6_base_low,7,0.4,low,base,base,6,5,11,5,4,1,1,1,0,0,-1,32,0.0,0.15625,0.15625,0.0,19,0,9,2,20,2,1,4,27,3,0,23,0.71875
9,6,size7_comp0.4_grid6_base_low,7,0.4,low,base,base,6,5,11,5,4,1,1,1,1,0,-1,13,0.0,0.3076923076923077,0.3076923076923077,0.0,8,0,4,1,6,2,2,2,8,2,0,6,0.46153846153846156
0,7,size7_comp0.4_grid7_base_low,7,0.4,low,base,base,8,3,11,5,3,1,1,1,1,1,17,21,0.5238095238095238,0.5714285714285714,0.5,1.0,0,6,10,5,9,5,5,1,10,1,0,8,0.38095238095238093
1,7,size7_comp0.4_grid7_base_low,7,0.4,low,base,base,8,3,11,5,3,1,1,1,1,1,23,27,0.4074074074074074,0.48148148148148145,0.4166666666666667,1.0,0,6,11,10,7,5,5,9,16,2,0,12,0.4444444444444444
2,7,size7_comp0.4_grid7_base_low,7,0.4,low,base,base,8,3,11,5,3,1,1,1,0,0,-1,32,0.0,0.21875,0.21875,0.0,0,5,21,5,22,2,3,2,24,0,0,24,0.75
3,7,size7_comp0.4_grid7_base_low,7,0.4,low,base,base,8,3,11,5,3,1,1,1,0,0,-1,32,0.0,0.4375,0.4375,0.0,0,7,9,16,7,8,6,10,24,8,0,11,0.34375
4,7,size7_comp0.4_grid7_base_low,7,0.4,low,base,base,8,3,11,5,3,1,1,1,1,1,13,17,0.6470588235294118,0.6470588235294118,0.5714285714285714,1.0,0,4,6,6,4,2,5,3,6,0,0,5,0.29411764705882354
5,7,size7_comp0.4_grid7_base_low,7,0.4,low,base,base,8,3,11,5,3,1,1,1,1,1,27,31,0.3548387096774194,0.3548387096774194,0.2857142857142857,1.0,0,7,14,8,13,3,5,6,20,0,0,18,0.5806451612903226
6,7,size7_comp0.4_grid7_base_low,7,0.4,low,base,base,8,3,11,5,3,1,1,1,1,0,-1,11,0.0,0.45454545454545453,0.45454545454545453,0.0,0,4,1,6,5,2,1,2,6,0,0,6,0.5454545454545454
7,7,size7_comp0.4_grid7_base_low,7,0.4,low,base,base,8,3,11,5,3,1,1,1,1,1,17,21,0.5238095238095238,0.5714285714285714,0.5,1.0,0,6,9,6,8,2,8,2,10,1,0,8,0.38095238095238093
8,7,size7_comp0.4_grid7_base_low,7,0.4,low,base,base,8,3,11,5,3,1,1,1,0,0,-1,32,0.0,0.40625,0.40625,0.0,0,4,11,17,9,4,4,14,24,9,0,13,0.40625
9,7,size7_comp0.4_grid7_base_low,7,0.4,low,base,base,8,3,11,5,3,1,1,1,1,0,-1,23,0.0,0.34782608695652173,0.34782608695652173,0.0,0,4,3,16,11,3,4,4,16,4,0,12,0.5217391304347826
0,8,size7_comp0.4_grid8_base_low,7,0.4,low,base,base,4,7,11,11,0,1,1,1,0,1,5,32,0.0,0.34375,0.8333333333333334,0.23076923076923078,3,0,16,9,9,1,4,10,25,8,13,9,0.28125
1,8,size7_comp0.4_grid8_base_low,7,0.4,low,base,base,4,7,11,11,0,1,1,1,0,1,19,32,0.0,0.25,0.3,0.16666666666666666,4,0,21,6,13,4,3,9,27,6,5,18,0.5625
2,8,size7_comp0.4_grid8_base_low,7,0.4,low,base,base,4,7,11,11,0,1,1,1,0,1,28,32,0.0,0.28125,0.3103448275862069,0.0,8,0,16,7,10,5,4,10,26,6,1,16,0.5
3,8,size7_comp0.4_grid8_base_low,7,0.4,low,base,base,4,7,11,11,0,1,1,1,0,1,4,32,0.0,0.28125,0.8,0.18518518518518517,3,0,16,7,7,2,2,9,26,5,10,11,0.34375
4,8,size7_comp0.4_grid8_base_low,7,0.4,low,base,base,4,7,11,11,0,1,1,1,0,1,25,32,0.0,0.34375,0.4230769230769231,0.0,7,0,14,9,6,5,9,7,25,6,2,11,0.34375
5,8,size7_comp0.4_grid8_base_low,7,0.4,low,base,base,4,7,11,11,0,1,1,1,0,1,8,32,0.0,0.375,0.4444444444444444,0.34782608695652173,8,3,13,8,8,10,5,8,25,6,3,9,0.28125
6,8,size7_comp0.4_grid8_base_low,7,0.4,low,base,base,4,7,11,11,0,1,1,1,0,1,14,32,0.0,0.28125,0.4,0.17647058823529413,3,0,21,7,13,4,1,11,27,5,5,17,0.53125
7,8,size7_comp0.4_grid8_base_low,7,0.4,low,base,base,4,7,11,11,0,1,1,1,0,1,7,32,0.0,0.25,0.5,0.16666666666666666,4,0,20,6,16,2,1,8,27,5,9,17,0.53125
8,8,size7_comp0.4_grid8_base_low,7,0.4,low,base,base,4,7,11,11,0,1,1,1,0,1,3,32,0.0,0.21875,1.0,0.10714285714285714,5,2,18,5,14,4,5,4,24,3,5,15,0.46875
9,8,size7_comp0.4_grid8_base_low,7,0.4,low,base,base,4,7,11,11,0,1,1,1,0,1,4,32,0.0,0.25,0.8,0.14814814814814814,5,1,17,5,7,7,4,5,26,1,3,15,0.46875
0,9,size7_comp0.4_grid9_base_low,7,0.4,low,base,base,3,6,9,7,2,1,1,1,0,0,-1,32,0.0,0.40625,0.40625,0.0,2,6,13,11,7,5,3,16,24,14,0,8,0.25
1,9,size7_comp0.4_grid9_base_low,7,0.4,low,base,base,3,6,9,7,2,1,1,1,0,1,18,32,0.0,0.15625,0.15789473684210525,0.15384615384615385,2,1,23,6,22,2,4,3,26,0,0,26,0.8125
2,9,size7_comp0.4_grid9_base_low,7,0.4,low,base,base,3,6,9,7,2,1,1,1,0,0,-1,32,0.0,0.375,0.375,0.0,7,4,11,10,6,5,6,14,25,12,0,8,0.25
3,9,size7_comp0.4_grid9_base_low,7,0.4,low,base,base,3,6,9,7,2,1,1,1,0,1,2,32,0.0,0.40625,1.0,0.3448275862068966,5,3,14,9,10,5,6,8,23,7,2,7,0.21875
4,9,size7_comp0.4_grid9_base_low,7,0.4,low,base,base,3,6,9,7,2,1,1,1,0,1,6,32,0.0,0.1875,0.42857142857142855,0.12,2,1,22,7,14,2,3,12,26,1,1,25,0.78125
5,9,size7_comp0.4_grid9_base_low,7,0.4,low,base,base,3,6,9,7,2,1,1,1,0,1,2,32,0.0,0.4375,1.0,0.3793103448275862,8,5,12,6,5,7,7,10,22,9,0,6,0.1875
6,9,size7_comp0.4_grid9_base_low,7,0.4,low,base,base,3,6,9,7,2,1,1,1,0,0,-1,32,0.0,0.28125,0.28125,0.0,3,7,13,9,16,5,3,7,24,5,0,14,0.4375
7,9,size7_comp0.4_grid9_base_low,7,0.4,low,base,base,3,6,9,7,2,1,1,1,0,0,-1,32,0.0,0.3125,0.3125,0.0,7,3,14,8,6,8,8,9,23,6,0,11,0.34375
8,9,size7_comp0.4_grid9_base_low,7,0.4,low,base,base,3,6,9,7,2,1,1,1,0,1,27,32,0.0,0.40625,0.39285714285714285,0.5,4,8,14,6,14,4,9,4,18,4,0,9,0.28125
9,9,size7_comp0.4_grid9_base_low,7,0.4,low,base,base,3,6,9,7,2,1,1,1,0,1,7,32,0.0,0.40625,0.375,0.4166666666666667,2,2,14,13,9,4,3,13,23,9,1,9,0.28125
0,0,size7_comp0.6_grid0_base_low,7,0.6,low,base,base,7,3,10,10,0,1,1,1,0,0,-1,32,0.0,0.125,0.125,0.0,23,0,5,4,16,5,7,3,29,3,0,23,0.71875
1,0,size7_comp0.6_grid0_base_low,7,0.6,low,base,base,7,3,10,10,0,1,1,1,0,0,-1,32,0.0,0.09375,0.09375,0.0,24,0,5,3,15,8,8,0,28,0,0,24,0.75
2,0,size7_comp0.6_grid0_base_low,7,0.6,low,base,base,7,3,10,10,0,1,1,1,0,0,-1,32,0.0,0.15625,0.15625,0.0,21,0,6,5,15,6,8,2,29,2,0,21,0.65625
3,0,size7_comp0.6_grid0_base_low,7,0.6,low,base,base,7,3,10,10,0,1,1,1,0,1,20,32,0.0,0.40625,0.38095238095238093,0.45454545454545453,15,0,8,6,14,4,5,4,21,4,0,12,0.375
4,0,size7_comp0.6_grid0_base_low,7,0.6,low,base,base,7,3,10,10,0,1,1,1,0,0,-1,32,0.0,0.09375,0.09375,0.0,25,0,4,3,20,6,4,1,29,1,0,25,0.78125
5,0,size7_comp0.6_grid0_base_low,7,0.6,low,base,base,7,3,10,10,0,1,1,1,0,0,-1,32,0.0,0.125,0.125,0.0,23,0,5,4,15,7,8,1,29,1,0,23,0.71875
6,0,size7_comp0.6_grid0_base_low,7,0.6,low,base,base,7,3,10,10,0,1,1,1,0,0,-1,32,0.0,0.0625,0.0625,0.0,26,0,4,2,22,4,5,0,29,0,0,26,0.8125
7,0,size7_comp0.6_grid0_base_low,7,0.6,low,base,base,7,3,10,10,0,1,1,1,0,0,-1,32,0.0,0.1875,0.1875,0.0,19,0,7,6,10,8,11,2,28,2,0,19,0.59375
8,0,size7_comp0.6_grid0_base_low,7,0.6,low,base,base,7,3,10,10,0,1,1,1,0,0,-1,32,0.0,0.125,0.125,0.0,22,0,6,4,17,8,4,2,29,2,0,22,0.6875
9,0,size7_comp0.6_grid0_base_low,7,0.6,low,base,base,7,3,10,10,0,1,1,1,0,0,-1,32,0.0,0.03125,0.03125,0.0,28,0,3,1,24,2,4,1,29,1,0,28,0.875
0,1,size7_comp0.6_grid1_base_low,7,0.6,low,base,base,3,8,11,5,3,1,1,1,0,1,14,32,0.0,0.3125,0.26666666666666666,0.35294117647058826,3,4,18,7,11,7,5,8,26,4,1,18,0.5625
1,1,size7_comp0.6_grid1_base_low,7,0.6,low,base,base,3,8,11,5,3,1,1,1,0,0,-1,32,0.0,0.03125,0.03125,0.0,0,1,25,2,19,1,1,2,29,1,0,25,0.78125
2,1,size7_comp0.6_grid1_base_low,7,0.6,low,base,base,3,8,11,5,3,1,1,1,0,0,-1,32,0.0,0.0625,0.0625,0.0,1,2,25,2,20,1,3,3,28,1,0,25,0.78125
3,1,size7_comp0.6_grid1_base_low,7,0.6,low,base,base,3,8,11,5,3,1,1,1,0,0,-1,32,0.0,0.09375,0.09375,0.0,0,1,23,3,14,0,1,6,29,3,0,20,0.625
4,1,size7_comp0.6_grid1_base_low,7,0.6,low,base,base,3,8,11,5,3,1,1,1,0,0,-1,32,0.0,0.0625,0.0625,0.0,0,1,23,2,15,0,1,3,29,1,0,21,0.65625
5,1,size7_comp0.6_grid1_base_low,7,0.6,low,base,base,3,8,11,5,3,1,1,1,0,0,-1,32,0.0,0.0625,0.0625,0.0,1,2,23,1,17,0,2,3,28,2,0,22,0.6875
6,1,size7_comp0.6_grid1_base_low,7,0.6,low,base,base,3,8,11,5,3,1,1,1,0,0,-1,32,0.0,0.0625,0.0625,0.0,0,1,26,2,20,0,1,4,29,1,0,24,0.75
7,1,size7_comp0.6_grid1_base_low,7,0.6,low,base,base,3,8,11,5,3,1,1,1,0,0,-1,32,0.0,0.03125,0.03125,0.0,0,1,29,1,26,0,1,2,29,1,0,28,0.875
8,1,size7_comp0.6_grid1_base_low,7,0.6,low,base,base,3,8,11,5,3,1,1,1,0,0,-1,32,0.0,0.125,0.125,0.0,3,2,23,1,16,3,5,2,28,2,0,22,0.6875
9,1,size7_comp0.6_grid1_base_low,7,0.6,low,base,base,3,8,11,5,3,1,1,1,0,1,21,32,0.0,0.25,0.18181818181818182,0.4,2,1,22,5,15,4,2,6,26,3,4,19,0.59375
0,2,size7_comp0.6_grid2_base_low,7,0.6,low,base,base,5,4,9,5,4,1,1,1,0,0,-1,32,0.0,0.25,0.25,0.0,3,0,23,5,15,3,2,10,26,6,0,18,0.5625
1,2,size7_comp0.6_grid2_base_low,7,0.6,low,base,base,5,4,9,5,4,1,1,1,0,0,-1,32,0.0,0.1875,0.1875,0.0,4,0,16,4,8,4,2,3,26,1,0,15,0.46875
2,2,size7_comp0.6_grid2_base_low,7,0.6,low,base,base,5,4,9,5,4,1,1,1,0,0,-1,32,0.0,0.125,0.125,0.0,3,0,21,1,18,1,0,1,27,0,0,20,0.625
3,2,size7_comp0.6_grid2_base_low,7,0.6,low,base,base,5,4,9,5,4,1,1,1,0,0,-1,32,0.0,0.1875,0.1875,0.0,3,0,26,3,20,3,2,6,26,4,0,23,0.71875
4,2,size7_comp0.6_grid2_base_low,7,0.6,low,base,base,5,4,9,5,4,1,1,1,0,0,-1,32,0.0,0.1875,0.1875,0.0,3,0,19,3,13,1,2,5,27,3,0,16,0.5
5,2,size7_comp0.6_grid2_base_low,7,0.6,low,base,base,5,4,9,5,4,1,1,1,0,0,-1,32,0.0,0.1875,0.1875,0.0,3,0,20,5,13,2,2,6,27,1,0,19,0.59375
6,2,size7_comp0.6_grid2_base_low,7,0.6,low,base,base,5,4,9,5,4,1,1,1,1,0,-1,6,0.0,0.5,0.5,0.0,4,0,2,0,2,1,2,0,1,0,0,1,0.16666666666666666
7,2,size7_comp0.6_grid2_base_low,7,0.6,low,base,base,5,4,9,5,4,1,1,1,0,0,-1,32,0.0,0.21875,0.21875,0.0,4,1,17,5,10,4,1,8,27,3,0,16,0.5
8,2,size7_comp0.6_grid2_base_low,7,0.6,low,base,base,5,4,9,5,4,1,1,1,0,0,-1,32,0.0,0.125,0.125,0.0,3,0,19,5,13,3,0,6,27,1,0,22,0.6875
9,2,size7_comp0.6_grid2_base_low,7,0.6,low,base,base,5,4,9,5,4,1,1,1,0,0,-1,32,0.0,0.25,0.25,0.0,3,0,20,5,13,1,0,9,27,6,0,15,0.46875
0,3,size7_comp0.6_grid3_base_low,7,0.6,low,base,base,6,3,9,9,0,1,1,1,0,0,-1,32,0.0,0.21875,0.21875,0.0,0,15,9,6,10,5,6,6,26,5,0,15,0.46875
1,3,size7_comp0.6_grid3_base_low,7,0.6,low,base,base,6,3,9,9,0,1,1,1,0,0,-1,32,0.0,0.25,0.25,0.0,0,17,7,8,12,9,3,7,28,6,0,17,0.53125
2,3,size7_comp0.6_grid3_base_low,7,0.6,low,base,base,6,3,9,9,0,1,1,1,1,1,6,10,0.9,0.9,0.8571428571428571,1.0,0,3,4,3,6,1,2,0,1,0,0,1,0.1
3,3,size7_comp0.6_grid3_base_low,7,0.6,low,base,base,6,3,9,9,0,1,1,1,1,1,15,19,0.47368421052631576,0.47368421052631576,0.375,1.0,0,5,12,2,11,3,4,0,10,0,0,10,0.5263157894736842
4,3,size7_comp0.6_grid3_base_low,7,0.6,low,base,base,6,3,9,9,0,1,1,1,1,1,9,13,0.6923076923076923,0.7692307692307693,0.7,1.0,0,4,6,3,5,2,3,2,4,2,0,2,0.15384615384615385
5,3,size7_comp0.6_grid3_base_low,7,0.6,low,base,base,6,3,9,9,0,1,1,1,0,0,-1,32,0.0,0.3125,0.3125,0.0,2,12,8,8,11,7,8,1,26,1,0,13,0.40625
6,3,size7_comp0.6_grid3_base_low,7,0.6,low,base,base,6,3,9,9,0,1,1,1,0,0,-1,32,0.0,0.25,0.25,0.0,0,13,9,8,8,9,6,4,26,4,0,13,0.40625
7,3,size7_comp0.6_grid3_base_low,7,0.6,low,base,base,6,3,9,9,0,1,1,1,0,0,-1,32,0.0,0.28125,0.28125,0.0,0,11,8,11,10,7,3,7,28,7,0,13,0.40625
8,3,size7_comp0.6_grid3_base_low,7,0.6,low,base,base,6,3,9,9,0,1,1,1,1,1,26,30,0.3,0.5333333333333333,0.48148148148148145,1.0,0,8,12,9,8,5,6,8,21,8,0,6,0.2
9,3,size7_comp0.6_grid3_base_low,7,0.6,low,base,base,6,3,9,9,0,1,1,1,0,0,-1,32,0.0,0.28125,0.28125,0.0,0,13,8,10,8,6,8,7,27,7,0,14,0.4375
0,4,size7_comp0.6_grid4_base_low,7,0.6,low,base,base,3,3,6,4,1,1,1,1,1,0,-1,4,0.0,0.5,0.5,0.0,0,2,2,0,0,2,1,0,0,0,0,0,0.0
1,4,size7_comp0.6_grid4_base_low,7,0.6,low,base,base,3,3,6,4,1,1,1,1,1,0,-1,4,0.0,0.5,0.5,0.0,0,2,2,0,2,1,0,0,0,0,0,0,0.0
2,4,size7_comp0.6_grid4_base_low,7,0.6,low,base,base,3,3,6,4,1,1,1,1,1,0,-1,10,0.0,0.4,0.4,0.0,0,2,5,2,2,1,3,1,4,0,0,1,0.1
3,4,size7_comp0.6_grid4_base_low,7,0.6,low,base,base,3,3,6,4,1,1,1,1,1,0,-1,4,0.0,0.5,0.5,0.0,0,2,2,0,2,1,0,0,0,0,0,0,0.0
4,4,size7_comp0.6_grid4_base_low,7,0.6,low,base,base,3,3,6,4,1,1,1,1,1,0,-1,4,0.0,0.5,0.5,0.0,0,2,2,0,0,1,2,0,0,0,0,0,0.0
5,4,size7_comp0.6_grid4_base_low,7,0.6,low,base,base,3,3,6,4,1,1,1,1,1,0,-1,4,0.0,0.5,0.5,0.0,0,2,2,0,0,1,2,0,0,0,0,0,0.0
6,4,size7_comp0.6_grid4_base_low,7,0.6,low,base,base,3,3,6,4,1,1,1,1,1,0,-1,4,0.0,0.5,0.5,0.0,0,2,2,0,0,2,1,0,0,0,0,0,0.0
7,4,size7_comp0.6_grid4_base_low,7,0.6,low,base,base,3,3,6,4,1,1,1,1,1,0,-1,7,0.0,0.42857142857142855,0.42857142857142855,0.0,0,2,3,1,0,2,1,1,2,1,0,0,0.0
8,4,size7_comp0.6_grid4_base_low,7,0.6,low,base,base,3,3,6,4,1,1,1,1,1,0,-1,6,0.0,0.3333333333333333,0.3333333333333333,0.0,0,2,2,1,1,1,1,0,2,0,0,1,0.16666666666666666
9,4,size7_comp0.6_grid4_base_low,7,0.6,low,base,base,3,3,6,4,1,1,1,1,1,0,-1,8,0.0,0.375,0.375,0.0,0,2,3,1,1,1,0,2,4,2,0,0,0.0
0,5,size7_comp0.6_grid5_base_low,7,0.6,low,base,base,3,6,9,3,3,1,1,1,0,0,-1,32,0.0,0.34375,0.34375,0.0,0,1,17,11,11,2,0,14,26,9,0,7,0.21875
1,5,size7_comp0.6_grid5_base_low,7,0.6,low,base,base,3,6,9,3,3,1,1,1,0,0,-1,32,0.0,0.3125,0.3125,0.0,2,3,15,8,12,2,5,6,24,6,0,6,0.1875
2,5,size7_comp0.6_grid5_base_low,7,0.6,low,base,base,3,6,9,3,3,1,1,1,0,0,-1,32,0.0,0.34375,0.34375,0.0,4,6,10,11,6,6,9,8,24,7,0,9,0.28125
3,5,size7_comp0.6_grid5_base_low,7,0.6,low,base,base,3,6,9,3,3,1,1,1,0,0,-1,32,0.0,0.34375,0.34375,0.0,0,4,13,13,4,2,3,18,26,15,0,7,0.21875
4,5,size7_comp0.6_grid5_base_low,7,0.6,low,base,base,3,6,9,3,3,1,1,1,0,0,-1,32,0.0,0.375,0.375,0.0,2,6,12,10,2,7,4,14,25,13,0,5,0.15625
5,5,size7_comp0.6_grid5_base_low,7,0.6,low,base,base,3,6,9,3,3,1,1,1,0,0,-1,32,0.0,0.40625,0.40625,0.0,2,4,14,9,3,6,4,12,26,11,0,2,0.0625
6,5,size7_comp0.6_grid5_base_low,7,0.6,low,base,base,3,6,9,3,3,1,1,1,0,0,-1,32,0.0,0.3125,0.3125,0.0,5,6,14,7,10,7,9,5,24,4,0,10,0.3125
7,5,size7_comp0.6_grid5_base_low,7,0.6,low,base,base,3,6,9,3,3,1,1,1,0,0,-1,32,0.0,0.1875,0.1875,0.0,2,5,10,12,7,6,7,6,24,3,0,15,0.46875
8,5,size7_comp0.6_grid5_base_low,7,0.6,low,base,base,3,6,9,3,3,1,1,1,0,0,-1,32,0.0,0.34375,0.34375,0.0,2,4,12,11,4,4,4,13,24,11,0,6,0.1875
9,5,size7_comp0.6_grid5_base_low,7,0.6,low,base,base,3,6,9,3,3,1,1,1,0,0,-1,32,0.0,0.28125,0.28125,0.0,2,4,13,12,10,2,8,9,24,9,0,11,0.34375
0,6,size7_comp0.6_grid6_base_low,7,0.6,low,base,base,3,3,6,4,2,1,1,1,0,1,10,32,0.0,0.125,0.36363636363636365,0.0,2,0,23,1,13,2,2,2,28,2,20,21,0.65625
1,6,size7_comp0.6_grid6_base_low,7,0.6,low,base,base,3,3,6,4,2,1,1,1,0,0,-1,32,0.0,0.3125,0.3125,0.0,4,1,20,7,12,5,3,11,26,9,0,14,0.4375
2,6,size7_comp0.6_grid6_base_low,7,0.6,low,base,base,3,3,6,4,2,1,1,1,0,0,-1,32,0.0,0.25,0.25,0.0,2,1,23,6,15,3,3,10,27,6,0,18,0.5625
3,6,size7_comp0.6_grid6_base_low,7,0.6,low,base,base,3,3,6,4,2,1,1,1,0,1,13,32,0.0,0.125,0.2857142857142857,0.0,2,1,22,5,18,1,3,6,28,1,17,24,0.75
4,6,size7_comp0.6_grid6_base_low,7,0.6,low,base,base,3,3,6,4,2,1,1,1,0,1,9,32,0.0,0.15625,0.4,0.045454545454545456,2,1,21,4,13,4,2,6,27,2,19,20,0.625
5,6,size7_comp0.6_grid6_base_low,7,0.6,low,base,base,3,3,6,4,2,1,1,1,0,1,14,32,0.0,0.15625,0.3333333333333333,0.0,2,0,22,3,15,2,2,3,27,1,16,20,0.625
6,6,size7_comp0.6_grid6_base_low,7,0.6,low,base,base,3,3,6,4,2,1,1,1,0,1,16,32,0.0,0.15625,0.17647058823529413,0.13333333333333333,3,2,20,3,12,3,3,5,28,1,7,21,0.65625
7,6,size7_comp0.6_grid6_base_low,7,0.6,low,base,base,3,3,6,4,2,1,1,1,0,1,7,32,0.0,0.1875,0.375,0.125,2,1,23,3,17,2,2,6,28,4,1,19,0.59375
8,6,size7_comp0.6_grid6_base_low,7,0.6,low,base,base,3,3,6,4,2,1,1,1,0,1,10,32,0.0,0.1875,0.2727272727272727,0.14285714285714285,4,2,23,2,15,7,4,3,28,2,10,21,0.65625
9,6,size7_comp0.6_grid6_base_low,7,0.6,low,base,base,3,3,6,4,2,1,1,1,1,1,2,26,0.23076923076923078,0.23076923076923078,1.0,0.13043478260869565,3,0,13,6,6,2,2,7,20,0,19,16,0.6153846153846154
0,7,size7_comp0.6_grid7_base_low,7,0.6,low,base,base,6,7,13,3,5,1,1,1,0,0,-1,32,0.0,0.25,0.25,0.0,5,3,13,10,5,8,5,11,26,4,0,16,0.5
1,7,size7_comp0.6_grid7_base_low,7,0.6,low,base,base,6,7,13,3,5,1,1,1,0,0,-1,32,0.0,0.4375,0.4375,0.0,2,3,14,10,8,3,1,14,24,14,0,3,0.09375
2,7,size7_comp0.6_grid7_base_low,7,0.6,low,base,base,6,7,13,3,5,1,1,1,0,0,-1,32,0.0,0.21875,0.21875,0.0,5,3,15,9,6,7,6,12,28,5,0,18,0.5625
3,7,size7_comp0.6_grid7_base_low,7,0.6,low,base,base,6,7,13,3,5,1,1,1,0,1,20,32,0.0,0.34375,0.47619047619047616,0.09090909090909091,3,2,8,19,14,4,6,7,24,6,10,17,0.53125
4,7,size7_comp0.6_grid7_base_low,7,0.6,low,base,base,6,7,13,3,5,1,1,1,0,0,-1,32,0.0,0.46875,0.46875,0.0,4,3,16,9,7,4,5,15,24,11,0,7,0.21875
5,7,size7_comp0.6_grid7_base_low,7,0.6,low,base,base,6,7,13,3,5,1,1,1,0,0,-1,32,0.0,0.15625,0.15625,0.0,4,1,13,12,13,4,3,8,27,1,0,21,0.65625
6,7,size7_comp0.6_grid7_base_low,7,0.6,low,base,base,6,7,13,3,5,1,1,1,0,0,-1,32,0.0,0.25,0.25,0.0,3,1,18,10,11,2,6,12,27,6,0,17,0.53125
7,7,size7_comp0.6_grid7_base_low,7,0.6,low,base,base,6,7,13,3,5,1,1,1,1,0,-1,27,0.0,0.2962962962962963,0.2962962962962963,0.0,3,4,11,8,10,3,5,6,20,5,0,9,0.3333333333333333
8,7,size7_comp0.6_grid7_base_low,7,0.6,low,base,base,6,7,13,3,5,1,1,1,0,0,-1,32,0.0,0.4375,0.4375,0.0,2,2,17,11,13,2,3,13,24,11,0,8,0.25
9,7,size7_comp0.6_grid7_base_low,7,0.6,low,base,base,6,7,13,3,5,1,1,1,1,0,-1,18,0.0,0.16666666666666666,0.16666666666666666,0.0,2,3,9,3,9,4,0,2,14,1,0,10,0.5555555555555556
0,8,size7_comp0.6_grid8_base_low,7,0.6,low,base,base,6,3,9,5,2,1,1,1,0,1,7,32,0.0,0.5,0.75,0.4166666666666667,2,4,10,16,7,4,7,13,24,12,15,6,0.1875
1,8,size7_comp0.6_grid8_base_low,7,0.6,low,base,base,6,3,9,5,2,1,1,1,0,1,8,32,0.0,0.53125,0.7777777777777778,0.43478260869565216,3,3,11,14,9,5,4,11,24,9,11,5,0.15625
2,8,size7_comp0.6_grid8_base_low,7,0.6,low,base,base,6,3,9,5,2,1,1,1,0,1,24,32,0.0,0.53125,0.56,0.42857142857142855,0,5,13,13,8,1,7,13,21,13,0,3,0.09375
3,8,size7_comp0.6_grid8_base_low,7,0.6,low,base,base,6,3,9,5,2,1,1,1,0,1,11,32,0.0,0.46875,0.75,0.3,3,4,11,14,8,3,7,13,23,9,5,9,0.28125
4,8,size7_comp0.6_grid8_base_low,7,0.6,low,base,base,6,3,9,5,2,1,1,1,0,1,19,32,0.0,0.5,0.5,0.5,0,4,12,14,8,5,2,12,21,11,1,5,0.15625
5,8,size7_comp0.6_grid8_base_low,7,0.6,low,base,base,6,3,9,5,2,1,1,1,0,1,11,32,0.0,0.5,0.75,0.35,3,3,12,14,11,6,2,12,24,11,8,6,0.1875
6,8,size7_comp0.6_grid8_base_low,7,0.6,low,base,base,6,3,9,5,2,1,1,1,0,1,9,32,0.0,0.53125,0.7,0.45454545454545453,4,5,11,12,7,5,5,14,24,12,7,5,0.15625
7,8,size7_comp0.6_grid8_base_low,7,0.6,low,base,base,6,3,9,5,2,1,1,1,0,1,15,32,0.0,0.5,0.5625,0.4375,0,5,11,16,8,3,5,15,23,14,12,6,0.1875
8,8,size7_comp0.6_grid8_base_low,7,0.6,low,base,base,6,3,9,5,2,1,1,1,0,1,11,32,0.0,0.5,0.5,0.5,0,3,14,14,16,2,4,8,22,7,7,6,0.1875
9,8,size7_comp0.6_grid8_base_low,7,0.6,low,base,base,6,3,9,5,2,1,1,1,0,1,21,32,0.0,0.5,0.5,0.5,0,4,12,16,9,4,4,14,22,11,1,7,0.21875
0,9,size7_comp0.6_grid9_base_low,7,0.6,low,base,base,5,3,8,4,3,1,1,1,1,0,-1,6,0.0,0.6666666666666666,0.6666666666666666,0.0,0,3,2,1,1,1,3,0,0,0,0,0,0.0
1,9,size7_comp0.6_grid9_base_low,7,0.6,low,base,base,5,3,8,4,3,1,1,1,1,0,-1,22,0.0,0.22727272727272727,0.22727272727272727,0.0,0,14,3,2,10,1,1,3,17,3,0,11,0.5
2,9,size7_comp0.6_grid9_base_low,7,0.6,low,base,base,5,3,8,4,3,1,1,1,1,0,-1,8,0.0,0.625,0.625,0.0,0,3,3,2,2,3,1,1,1,1,0,0,0.0
3,9,size7_comp0.6_grid9_base_low,7,0.6,low,base,base,5,3,8,4,3,1,1,1,1,0,-1,7,0.0,0.5714285714285714,0.5714285714285714,0.0,0,4,2,1,2,2,2,0,1,0,0,1,0.14285714285714285
4,9,size7_comp0.6_grid9_base_low,7,0.6,low,base,base,5,3,8,4,3,1,1,1,1,0,-1,27,0.0,0.18518518518518517,0.18518518518518517,0.0,0,21,3,2,18,3,2,1,21,1,0,18,0.6666666666666666
5,9,size7_comp0.6_grid9_base_low,7,0.6,low,base,base,5,3,8,4,3,1,1,1,1,0,-1,26,0.0,0.15384615384615385,0.15384615384615385,0.0,0,16,3,2,12,1,2,0,20,0,0,15,0.5769230769230769
6,9,size7_comp0.6_grid9_base_low,7,0.6,low,base,base,5,3,8,4,3,1,1,1,1,0,-1,8,0.0,0.5,0.5,0.0,0,4,2,2,2,2,3,0,2,0,0,2,0.25
7,9,size7_comp0.6_grid9_base_low,7,0.6,low,base,base,5,3,8,4,3,1,1,1,1,0,-1,12,0.0,0.25,0.25,0.0,0,10,1,1,7,2,2,0,8,0,0,8,0.6666666666666666
8,9,size7_comp0.6_grid9_base_low,7,0.6,low,base,base,5,3,8,4,3,1,1,1,1,0,-1,11,0.0,0.36363636363636365,0.36363636363636365,0.0,0,4,5,1,3,3,3,0,5,0,0,4,0.36363636363636365
9,9,size7_comp0.6_grid9_base_low,7,0.6,low,base,base,5,3,8,4,3,1,1,1,1,0,-1,15,0.0,0.4666666666666667,0.4666666666666667,0.0,0,4,5,4,2,0,4,4,8,4,0,1,0.06666666666666667
0,0,size9_comp0.0_grid0_base_low,9,0.0,low,base,base,7,3,10,4,3,1,1,1,1,0,-1,6,0.0,0.8333333333333334,0.8333333333333334,0.0,0,1,4,1,2,0,1,2,2,2,0,0,0.0
1,0,size9_comp0.0_grid0_base_low,9,0.0,low,base,base,7,3,10,4,3,1,1,1,1,0,-1,4,0.0,1.0,1.0,0.0,0,1,3,0,2,1,0,0,0,0,0,0,0.0
2,0,size9_comp0.0_grid0_base_low,9,0.0,low,base,base,7,3,10,4,3,1,1,1,1,0,-1,4,0.0,1.0,1.0,0.0,0,1,3,0,2,1,0,0,0,0,0,0,0.0
3,0,size9_comp0.0_grid0_base_low,9,0.0,low,base,base,7,3,10,4,3,1,1,1,1,0,-1,6,0.0,0.8333333333333334,0.8333333333333334,0.0,0,1,4,1,3,2,0,0,0,0,0,0,0.0
4,0,size9_comp0.0_grid0_base_low,9,0.0,low,base,base,7,3,10,4,3,1,1,1,1,0,-1,6,0.0,0.8333333333333334,0.8333333333333334,0.0,0,1,4,1,3,2,0,0,0,0,0,0,0.0
5,0,size9_comp0.0_grid0_base_low,9,0.0,low,base,base,7,3,10,4,3,1,1,1,1,0,-1,4,0.0,1.0,1.0,0.0,0,1,3,0,1,1,1,0,0,0,0,0,0.0
6,0,size9_comp0.0_grid0_base_low,9,0.0,low,base,base,7,3,10,4,3,1,1,1,1,0,-1,4,0.0,1.0,1.0,0.0,0,1,3,0,2,1,0,0,0,0,0,0,0.0
7,0,size9_comp0.0_grid0_base_low,9,0.0,low,base,base,7,3,10,4,3,1,1,1,1,1,8,14,0.7142857142857143,0.7857142857142857,0.8888888888888888,0.6,0,1,7,4,7,2,0,1,5,1,3,0,0.0
8,0,size9_comp0.0_grid0_base_low,9,0.0,low,base,base,7,3,10,4,3,1,1,1,1,0,-1,4,0.0,1.0,1.0,0.0,0,1,3,0,2,1,0,0,0,0,0,0,0.0
9,0,size9_comp0.0_grid0_base_low,9,0.0,low,base,base,7,3,10,4,3,1,1,1,1,1,6,10,1.0,1.0,1.0,1.0,0,1,6,3,6,1,1,1,1,1,1,0,0.0
0,1,size9_comp0.0_grid1_base_low,9,0.0,low,base,base,5,8,13,7,3,1,1,1,0,1,4,48,0.0,0.5833333333333334,1.0,0.5348837209302325,11,7,14,14,6,4,15,18,30,18,7,0,0.0
1,1,size9_comp0.0_grid1_base_low,9,0.0,low,base,base,5,8,13,7,3,1,1,1,1,1,6,39,0.3333333333333333,0.6410256410256411,0.8571428571428571,0.59375,7,1,14,15,8,2,8,16,23,16,6,0,0.0
2,1,size9_comp0.0_grid1_base_low,9,0.0,low,base,base,5,8,13,7,3,1,1,1,0,1,7,48,0.0,0.5625,0.75,0.525,6,3,20,18,14,7,6,18,29,18,3,1,0.020833333333333332
3,1,size9_comp0.0_grid1_base_low,9,0.0,low,base,base,5,8,13,7,3,1,1,1,1,1,10,32,0.40625,0.6875,0.7272727272727273,0.6666666666666666,6,0,12,13,12,4,5,8,11,8,4,0,0.0
4,1,size9_comp0.0_grid1_base_low,9,0.0,low,base,base,5,8,13,7,3,1,1,1,1,1,4,42,0.30952380952380953,0.6190476190476191,1.0,0.5675675675675675,8,2,14,15,7,4,10,15,24,15,0,0,0.0
5,1,size9_comp0.0_grid1_base_low,9,0.0,low,base,base,5,8,13,7,3,1,1,1,0,1,4,48,0.0,0.5833333333333334,1.0,0.5348837209302325,7,4,19,18,15,8,5,19,31,18,7,0,0.0
6,1,size9_comp0.0_grid1_base_low,9,0.0,low,base,base,5,8,13,7,3,1,1,1,1,1,4,34,0.38235294117647056,0.6470588235294118,1.0,0.5862068965517241,6,0,12,13,5,4,5,14,18,14,2,0,0.0
7,1,size9_comp0.0_grid1_base_low,9,0.0,low,base,base,5,8,13,7,3,1,1,1,1,1,4,44,0.29545454545454547,0.6363636363636364,1.0,0.5897435897435898,10,4,14,15,13,6,10,12,25,12,2,0,0.0
8,1,size9_comp0.0_grid1_base_low,9,0.0,low,base,base,5,8,13,7,3,1,1,1,0,1,6,48,0.0,0.6041666666666666,0.8571428571428571,0.5609756097560976,7,3,18,20,16,6,7,18,29,17,1,0,0.0
9,1,size9_comp0.0_grid1_base_low,9,0.0,low,base,base,5,8,13,7,3,1,1,1,1,1,6,40,0.325,0.65,0.8571428571428571,0.6060606060606061,6,0,16,17,12,6,4,15,22,15,1,0,0.0
0,2,size9_comp0.0_grid2_base_low,9,0.0,low,base,base,5,8,13,3,5,1,1,1,0,1,14,48,0.0,0.5625,0.6666666666666666,0.5151515151515151,6,4,17,19,15,11,7,10,28,9,1,1,0.020833333333333332
1,2,size9_comp0.0_grid2_base_low,9,0.0,low,base,base,5,8,13,3,5,1,1,1,0,1,32,48,0.0,0.5625,0.5757575757575758,0.5333333333333333,5,3,18,19,15,7,8,13,28,13,1,0,0.0
2,2,size9_comp0.0_grid2_base_low,9,0.0,low,base,base,5,8,13,3,5,1,1,1,0,0,-1,48,0.0,0.5,0.5,0.0,5,3,19,20,19,4,3,19,32,18,0,2,0.041666666666666664
3,2,size9_comp0.0_grid2_base_low,9,0.0,low,base,base,5,8,13,3,5,1,1,1,0,0,-1,48,0.0,0.4375,0.4375,0.0,1,0,20,27,18,1,1,27,39,23,0,5,0.10416666666666667
4,2,size9_comp0.0_grid2_base_low,9,0.0,low,base,base,5,8,13,3,5,1,1,1,0,1,36,48,0.0,0.5,0.4864864864864865,0.5454545454545454,3,1,17,24,20,4,2,16,32,12,1,6,0.125
5,2,size9_comp0.0_grid2_base_low,9,0.0,low,base,base,5,8,13,3,5,1,1,1,1,0,-1,5,0.0,0.2,0.2,0.0,0,2,1,2,2,2,0,0,0,0,0,0,0.0
6,2,size9_comp0.0_grid2_base_low,9,0.0,low,base,base,5,8,13,3,5,1,1,1,1,0,-1,15,0.0,0.4,0.4,0.0,1,3,5,6,3,7,1,3,7,3,0,0,0.0
7,2,size9_comp0.0_grid2_base_low,9,0.0,low,base,base,5,8,13,3,5,1,1,1,0,0,-1,48,0.0,0.3541666666666667,0.3541666666666667,0.0,1,2,16,29,23,4,2,18,36,13,0,12,0.25
8,2,size9_comp0.0_grid2_base_low,9,0.0,low,base,base,5,8,13,3,5,1,1,1,1,0,-1,9,0.0,0.3333333333333333,0.3333333333333333,0.0,1,3,2,3,0,2,4,2,3,2,0,0,0.0
9,2,size9_comp0.0_grid2_base_low,9,0.0,low,base,base,5,8,13,3,5,1,1,1,1,0,-1,21,0.0,0.42857142857142855,0.42857142857142855,0.0,1,3,8,9,7,5,3,5,10,5,0,0,0.0
0,3,size9_comp0.0_grid3_base_low,9,0.0,low,base,base,3,8,11,9,1,1,1,1,1,0,-1,15,0.0,0.3333333333333333,0.3333333333333333,0.0,4,0,8,3,5,3,2,4,4,4,0,0,0.0
1,3,size9_comp0.0_grid3_base_low,9,0.0,low,base,base,3,8,11,9,1,1,1,1,1,0,-1,31,0.0,0.41935483870967744,0.41935483870967744,0.0,4,0,16,11,14,1,1,14,22,14,0,0,0.0
2,3,size9_comp0.0_grid3_base_low,9,0.0,low,base,base,3,8,11,9,1,1,1,1,0,0,-1,48,0.0,0.4791666666666667,0.4791666666666667,0.0,3,1,24,20,12,3,5,27,36,26,0,0,0.0
3,3,size9_comp0.0_grid3_base_low,9,0.0,low,base,base,3,8,11,9,1,1,1,1,1,1,2,13,0.8461538461538461,0.8461538461538461,1.0,0.8,4,0,6,1,4,2,2,0,2,0,0,0,0.0
4,3,size9_comp0.0_grid3_base_low,9,0.0,low,base,base,3,8,11,9,1,1,1,1,0,0,-1,48,0.0,0.5,0.5,0.0,4,2,22,20,9,6,5,27,36,26,0,0,0.0
5,3,size9_comp0.0_grid3_base_low,9,0.0,low,base,base,3,8,11,9,1,1,1,1,1,1,36,48,0.22916666666666666,0.6041666666666666,0.5405405405405406,0.8181818181818182,9,5,19,14,17,10,6,12,29,12,1,0,0.0
6,3,size9_comp0.0_grid3_base_low,9,0.0,low,base,base,3,8,11,9,1,1,1,1,1,0,-1,25,0.0,0.4,0.4,0.0,4,0,13,8,9,4,4,7,9,7,0,0,0.0
7,3,size9_comp0.0_grid3_base_low,9,0.0,low,base,base,3,8,11,9,1,1,1,1,1,0,-1,37,0.0,0.43243243243243246,0.43243243243243246,0.0,4,0,19,14,12,3,3,18,23,18,0,0,0.0
8,3,size9_comp0.0_grid3_base_low,9,0.0,low,base,base,3,8,11,9,1,1,1,1,1,1,14,26,0.4230769230769231,0.6923076923076923,0.6,0.8181818181818182,5,1,12,7,9,4,4,6,10,6,1,0,0.0
9,3,size9_comp0.0_grid3_base_low,9,0.0,low,base,base,3,8,11,9,1,1,1,1,1,0,-1,21,0.0,0.38095238095238093,0.38095238095238093,0.0,4,0,11,6,11,3,2,4,8,4,0,0,0.0
0,4,size9_comp0.0_grid4_base_low,9,0.0,low,base,base,4,7,11,5,3,1,1,1,0,0,-1,48,0.0,0.4583333333333333,0.4583333333333333,0.0,5,7,19,17,8,10,5,24,33,24,0,0,0.0
1,4,size9_comp0.0_grid4_base_low,9,0.0,low,base,base,4,7,11,5,3,1,1,1,1,0,-1,41,0.0,0.4634146341463415,0.4634146341463415,0.0,2,6,16,17,14,8,4,14,26,14,0,0,0.0
2,4,size9_comp0.0_grid4_base_low,9,0.0,low,base,base,4,7,11,5,3,1,1,1,0,0,-1,48,0.0,0.5208333333333334,0.5208333333333334,0.0,5,5,18,20,11,9,7,20,29,20,0,0,0.0
3,4,size9_comp0.0_grid4_base_low,9,0.0,low,base,base,4,7,11,5,3,1,1,1,0,1,9,48,0.0,0.5,0.7,0.4473684210526316,2,3,17,21,14,0,9,16,36,15,1,1,0.020833333333333332
4,4,size9_comp0.0_grid4_base_low,9,0.0,low,base,base,4,7,11,5,3,1,1,1,0,0,-1,48,0.0,0.4791666666666667,0.4791666666666667,0.0,4,5,20,19,11,5,9,22,36,21,0,0,0.0
5,4,size9_comp0.0_grid4_base_low,9,0.0,low,base,base,4,7,11,5,3,1,1,1,0,0,-1,48,0.0,0.4791666666666667,0.4791666666666667,0.0,5,6,19,18,7,5,5,30,38,30,0,0,0.0
6,4,size9_comp0.0_grid4_base_low,9,0.0,low,base,base,4,7,11,5,3,1,1,1,0,0,-1,48,0.0,0.5,0.5,0.0,5,5,19,19,14,7,11,15,32,14,0,0,0.0
7,4,size9_comp0.0_grid4_base_low,9,0.0,low,base,base,4,7,11,5,3,1,1,1,0,0,-1,48,0.0,0.4791666666666667,0.4791666666666667,0.0,4,6,19,19,19,8,8,12,31,11,0,0,0.0
8,4,size9_comp0.0_grid4_base_low,9,0.0,low,base,base,4,7,11,5,3,1,1,1,0,1,42,48,0.0,0.5208333333333334,0.5348837209302325,0.4,4,3,18,22,13,5,5,23,33,22,3,1,0.020833333333333332
9,4,size9_comp0.0_grid4_base_low,9,0.0,low,base,base,4,7,11,5,3,1,1,1,1,0,-1,33,0.0,0.45454545454545453,0.45454545454545453,0.0,3,7,11,12,4,10,6,12,18,12,0,0,0.0
0,5,size9_comp0.0_grid5_base_low,9,0.0,low,base,base,6,3,9,3,3,1,1,1,1,0,-1,3,0.0,1.0,1.0,0.0,0,1,0,2,1,1,0,0,0,0,0,0,0.0
1,5,size9_comp0.0_grid5_base_low,9,0.0,low,base,base,6,3,9,3,3,1,1,1,1,0,-1,3,0.0,1.0,1.0,0.0,0,1,0,2,0,1,1,0,0,0,0,0,0.0
2,5,size9_comp0.0_grid5_base_low,9,0.0,low,base,base,6,3,9,3,3,1,1,1,1,0,-1,3,0.0,1.0,1.0,0.0,0,1,0,2,0,1,1,0,0,0,0,0,0.0
3,5,size9_comp0.0_grid5_base_low,9,0.0,low,base,base,6,3,9,3,3,1,1,1,1,0,-1,3,0.0,1.0,1.0,0.0,0,1,0,2,1,1,0,0,0,0,0,0,0.0
4,5,size9_comp0.0_grid5_base_low,9,0.0,low,base,base,6,3,9,3,3,1,1,1,1,0,-1,3,0.0,1.0,1.0,0.0,0,1,0,2,1,1,0,0,0,0,0,0,0.0
5,5,size9_comp0.0_grid5_base_low,9,0.0,low,base,base,6,3,9,3,3,1,1,1,1,0,-1,3,0.0,1.0,1.0,0.0,0,1,0,2,0,1,1,0,0,0,0,0,0.0
6,5,size9_comp0.0_grid5_base_low,9,0.0,low,base,base,6,3,9,3,3,1,1,1,1,0,-1,3,0.0,1.0,1.0,0.0,0,1,0,2,1,1,0,0,0,0,0,0,0.0
7,5,size9_comp0.0_grid5_base_low,9,0.0,low,base,base,6,3,9,3,3,1,1,1,0,0,-1,48,0.0,0.4583333333333333,0.4583333333333333,0.0,6,11,18,13,7,6,19,15,36,12,0,5,0.10416666666666667
8,5,size9_comp0.0_grid5_base_low,9,0.0,low,base,base,6,3,9,3,3,1,1,1,1,0,-1,3,0.0,1.0,1.0,0.0,0,1,0,2,1,1,0,0,0,0,0,0,0.0
9,5,size9_comp0.0_grid5_base_low,9,0.0,low,base,base,6,3,9,3,3,1,1,1,1,0,-1,5,0.0,0.8,0.8,0.0,0,1,1,3,1,1,0,2,2,2,0,0,0.0
0,6,size9_comp0.0_grid6_base_low,9,0.0,low,base,base,3,5,8,8,0,1,1,1,1,1,6,13,0.6153846153846154,0.7692307692307693,0.7142857142857143,0.8333333333333334,4,0,2,6,3,5,0,2,3,2,1,0,0.0
1,6,size9_comp0.0_grid6_base_low,9,0.0,low,base,base,3,5,8,8,0,1,1,1,1,1,6,19,0.42105263157894735,0.5789473684210527,0.7142857142857143,0.5,5,1,2,6,1,3,4,2,9,2,0,0,0.0
2,6,size9_comp0.0_grid6_base_low,9,0.0,low,base,base,3,5,8,8,0,1,1,1,1,1,2,12,0.6666666666666666,0.6666666666666666,1.0,0.5555555555555556,4,0,0,4,3,1,1,0,4,0,0,0,0.0
3,6,size9_comp0.0_grid6_base_low,9,0.0,low,base,base,3,5,8,8,0,1,1,1,1,1,4,14,0.5714285714285714,0.7142857142857143,0.8,0.6666666666666666,4,0,2,6,3,2,3,1,4,1,0,0,0.0
4,6,size9_comp0.0_grid6_base_low,9,0.0,low,base,base,3,5,8,8,0,1,1,1,1,1,18,30,0.26666666666666666,0.6,0.5789473684210527,0.6363636363636364,7,3,7,11,4,4,6,12,17,12,2,0,0.0
5,6,size9_comp0.0_grid6_base_low,9,0.0,low,base,base,3,5,8,8,0,1,1,1,1,1,2,21,0.38095238095238093,0.6190476190476191,1.0,0.5555555555555556,4,0,5,9,5,1,2,7,13,7,5,0,0.0
6,6,size9_comp0.0_grid6_base_low,9,0.0,low,base,base,3,5,8,8,0,1,1,1,1,1,2,10,0.8,0.8,1.0,0.7142857142857143,4,0,0,4,4,0,1,0,2,0,0,0,0.0
7,6,size9_comp0.0_grid6_base_low,9,0.0,low,base,base,3,5,8,8,0,1,1,1,1,0,-1,30,0.0,0.4666666666666667,0.4666666666666667,0.0,6,2,9,13,13,0,2,14,18,14,0,0,0.0
8,6,size9_comp0.0_grid6_base_low,9,0.0,low,base,base,3,5,8,8,0,1,1,1,1,0,-1,16,0.0,0.4375,0.4375,0.0,4,0,4,8,9,0,2,4,4,4,0,0,0.0
9,6,size9_comp0.0_grid6_base_low,9,0.0,low,base,base,3,5,8,8,0,1,1,1,1,1,2,31,0.25806451612903225,0.41935483870967744,1.0,0.35714285714285715,6,2,3,7,5,2,6,1,17,1,1,0,0.0
0,7,size9_comp0.0_grid7_base_low,9,0.0,low,base,base,7,4,11,7,2,1,1,1,1,0,-1,7,0.0,0.7142857142857143,0.7142857142857143,0.0,5,0,0,2,5,1,0,0,0,0,0,0,0.0
1,7,size9_comp0.0_grid7_base_low,9,0.0,low,base,base,7,4,11,7,2,1,1,1,1,0,-1,45,0.0,0.5333333333333333,0.5333333333333333,0.0,7,2,17,19,13,3,9,19,24,19,0,0,0.0
2,7,size9_comp0.0_grid7_base_low,9,0.0,low,base,base,7,4,11,7,2,1,1,1,1,0,-1,13,0.0,0.6153846153846154,0.6153846153846154,0.0,5,0,3,5,5,1,5,1,1,1,0,0,0.0
3,7,size9_comp0.0_grid7_base_low,9,0.0,low,base,base,7,4,11,7,2,1,1,1,1,0,-1,9,0.0,0.6666666666666666,0.6666666666666666,0.0,5,0,1,3,3,2,2,1,1,1,0,0,0.0
4,7,size9_comp0.0_grid7_base_low,9,0.0,low,base,base,7,4,11,7,2,1,1,1,1,0,-1,13,0.0,0.6153846153846154,0.6153846153846154,0.0,6,1,2,4,5,2,3,2,3,2,0,0,0.0
5,7,size9_comp0.0_grid7_base_low,9,0.0,low,base,base,7,4,11,7,2,1,1,1,1,0,-1,27,0.0,0.5185185185185185,0.5185185185185185,0.0,6,1,8,12,13,4,5,4,7,3,0,2,0.07407407407407407
6,7,size9_comp0.0_grid7_base_low,9,0.0,low,base,base,7,4,11,7,2,1,1,1,1,0,-1,25,0.0,0.56,0.56,0.0,6,1,8,10,6,2,5,11,15,11,0,0,0.0
7,7,size9_comp0.0_grid7_base_low,9,0.0,low,base,base,7,4,11,7,2,1,1,1,1,0,-1,17,0.0,0.5882352941176471,0.5882352941176471,0.0,6,1,4,6,9,3,4,0,0,0,0,0,0.0
8,7,size9_comp0.0_grid7_base_low,9,0.0,low,base,base,7,4,11,7,2,1,1,1,1,0,-1,29,0.0,0.5517241379310345,0.5517241379310345,0.0,6,1,10,12,9,4,5,10,17,10,0,0,0.0
9,7,size9_comp0.0_grid7_base_low,9,0.0,low,base,base,7,4,11,7,2,1,1,1,1,0,-1,15,0.0,0.6,0.6,0.0,5,0,4,6,7,1,2,4,6,4,0,0,0.0
0,8,size9_comp0.0_grid8_base_low,9,0.0,low,base,base,7,5,12,6,3,1,1,1,0,1,8,48,0.0,0.6041666666666666,0.8888888888888888,0.5384615384615384,6,4,20,17,17,10,5,13,24,13,1,0,0.0
1,8,size9_comp0.0_grid8_base_low,9,0.0,low,base,base,7,5,12,6,3,1,1,1,1,1,8,34,0.35294117647058826,0.6764705882352942,0.8888888888888888,0.6,4,2,16,12,11,4,4,14,19,14,0,0,0.0
2,8,size9_comp0.0_grid8_base_low,9,0.0,low,base,base,7,5,12,6,3,1,1,1,0,1,12,48,0.0,0.5625,0.7692307692307693,0.4857142857142857,4,3,20,19,12,4,6,21,27,21,5,0,0.0
3,8,size9_comp0.0_grid8_base_low,9,0.0,low,base,base,7,5,12,6,3,1,1,1,1,1,6,14,0.8571428571428571,0.9285714285714286,1.0,0.8571428571428571,4,2,6,2,4,2,6,1,1,1,0,0,0.0
4,8,size9_comp0.0_grid8_base_low,9,0.0,low,base,base,7,5,12,6,3,1,1,1,1,1,8,18,0.6666666666666666,0.8333333333333334,0.8888888888888888,0.7777777777777778,5,3,7,3,6,3,4,4,4,4,0,0,0.0
5,8,size9_comp0.0_grid8_base_low,9,0.0,low,base,base,7,5,12,6,3,1,1,1,1,1,10,30,0.4,0.7,0.8181818181818182,0.631578947368421,5,3,13,9,10,7,5,7,12,7,0,0,0.0
6,8,size9_comp0.0_grid8_base_low,9,0.0,low,base,base,7,5,12,6,3,1,1,1,1,1,10,36,0.3333333333333333,0.6388888888888888,0.8181818181818182,0.56,6,4,14,10,8,7,9,7,18,7,1,0,0.0
7,8,size9_comp0.0_grid8_base_low,9,0.0,low,base,base,7,5,12,6,3,1,1,1,0,1,6,48,0.0,0.5833333333333334,1.0,0.5121951219512195,6,5,19,16,12,9,7,15,31,15,0,0,0.0
8,8,size9_comp0.0_grid8_base_low,9,0.0,low,base,base,7,5,12,6,3,1,1,1,0,1,8,48,0.0,0.6041666666666666,0.8888888888888888,0.5384615384615384,4,3,22,18,15,7,3,20,30,19,1,0,0.0
9,8,size9_comp0.0_grid8_base_low,9,0.0,low,base,base,7,5,12,6,3,1,1,1,1,1,6,26,0.46153846153846156,0.7307692307692307,1.0,0.631578947368421,5,3,11,7,11,3,6,5,6,5,0,0,0.0
0,9,size9_comp0.0_grid9_base_low,9,0.0,low,base,base,9,3,12,6,3,1,1,1,1,0,-1,6,0.0,1.0,1.0,0.0,2,0,0,4,4,0,1,0,0,0,0,0,0.0
1,9,size9_comp0.0_grid9_base_low,9,0.0,low,base,base,9,3,12,6,3,1,1,1,1,0,-1,6,0.0,1.0,1.0,0.0,2,0,0,4,3,1,1,0,0,0,0,0,0.0
2,9,size9_comp0.0_grid9_base_low,9,0.0,low,base,base,9,3,12,6,3,1,1,1,1,0,-1,10,0.0,0.8,0.8,0.0,2,0,2,6,2,1,2,4,4,4,0,0,0.0
3,9,size9_comp0.0_grid9_base_low,9,0.0,low,base,base,9,3,12,6,3,1,1,1,1,0,-1,12,0.0,0.75,0.75,0.0,2,0,3,7,3,2,2,4,4,4,0,0,0.0
4,9,size9_comp0.0_grid9_base_low,9,0.0,low,base,base,9,3,12,6,3,1,1,1,1,0,-1,6,0.0,1.0,1.0,0.0,2,0,0,4,2,1,2,0,0,0,0,0,0.0
5,9,size9_comp0.0_grid9_base_low,9,0.0,low,base,base,9,3,12,6,3,1,1,1,1,0,-1,20,0.0,0.65,0.65,0.0,2,0,7,11,9,0,3,7,10,7,0,0,0.0
6,9,size9_comp0.0_grid9_base_low,9,0.0,low,base,base,9,3,12,6,3,1,1,1,1,0,-1,10,0.0,0.8,0.8,0.0,2,0,2,6,2,3,1,3,3,3,0,0,0.0
7,9,size9_comp0.0_grid9_base_low,9,0.0,low,base,base,9,3,12,6,3,1,1,1,1,0,-1,10,0.0,0.8,0.8,0.0,3,1,1,5,4,1,2,2,3,2,0,0,0.0
8,9,size9_comp0.0_grid9_base_low,9,0.0,low,base,base,9,3,12,6,3,1,1,1,1,0,-1,10,0.0,0.8,0.8,0.0,2,0,2,6,5,2,1,1,2,1,0,0,0.0
9,9,size9_comp0.0_grid9_base_low,9,0.0,low,base,base,9,3,12,6,3,1,1,1,1,0,-1,14,0.0,0.7142857142857143,0.7142857142857143,0.0,3,1,3,7,4,2,4,3,6,3,0,0,0.0
0,0,size9_comp0.2_grid0_base_low,9,0.2,low,base,base,4,4,8,6,1,1,1,1,1,1,11,42,0.19047619047619047,0.38095238095238093,0.3333333333333333,0.4,7,0,16,12,10,3,7,12,28,7,0,11,0.2619047619047619
1,0,size9_comp0.2_grid0_base_low,9,0.2,low,base,base,4,4,8,6,1,1,1,1,1,1,6,30,0.26666666666666666,0.5333333333333333,0.5714285714285714,0.5217391304347826,5,2,12,9,7,6,6,7,15,5,0,4,0.13333333333333333
2,0,size9_comp0.2_grid0_base_low,9,0.2,low,base,base,4,4,8,6,1,1,1,1,0,1,10,48,0.0,0.375,0.36363636363636365,0.3783783783783784,6,5,22,12,13,8,8,12,33,11,0,9,0.1875
3,0,size9_comp0.2_grid0_base_low,9,0.2,low,base,base,4,4,8,6,1,1,1,1,1,1,7,20,0.4,0.55,0.5,0.5833333333333334,4,0,7,7,6,2,4,4,8,2,0,4,0.2
4,0,size9_comp0.2_grid0_base_low,9,0.2,low,base,base,4,4,8,6,1,1,1,1,0,1,24,48,0.0,0.3125,0.16,0.4782608695652174,5,2,24,14,20,8,3,11,27,0,0,22,0.4583333333333333
5,0,size9_comp0.2_grid0_base_low,9,0.2,low,base,base,4,4,8,6,1,1,1,1,1,1,7,26,0.3076923076923077,0.5769230769230769,0.625,0.5555555555555556,5,0,13,8,13,4,6,2,9,2,1,4,0.15384615384615385
6,0,size9_comp0.2_grid0_base_low,9,0.2,low,base,base,4,4,8,6,1,1,1,1,0,1,7,48,0.0,0.4583333333333333,0.625,0.425,5,2,21,17,10,8,4,20,32,17,0,6,0.125
7,0,size9_comp0.2_grid0_base_low,9,0.2,low,base,base,4,4,8,6,1,1,1,1,0,1,17,48,0.0,0.3125,0.2222222222222222,0.36666666666666664,5,1,24,7,18,4,4,5,35,5,0,14,0.2916666666666667
8,0,size9_comp0.2_grid0_base_low,9,0.2,low,base,base,4,4,8,6,1,1,1,1,0,1,20,48,0.0,0.375,0.19047619047619047,0.5185185185185185,3,0,33,12,26,3,3,15,37,14,2,18,0.375
9,0,size9_comp0.2_grid0_base_low,9,0.2,low,base,base,4,4,8,6,1,1,1,1,0,1,9,48,0.0,0.375,0.4,0.3684210526315789,6,2,27,12,20,5,9,11,36,6,0,15,0.3125
0,1,size9_comp0.2_grid1_base_low,9,0.2,low,base,base,4,4,8,6,1,1,1,1,0,1,6,48,0.0,0.3958333333333333,0.7142857142857143,0.34146341463414637,6,6,17,12,10,11,4,10,36,9,3,5,0.10416666666666667
1,1,size9_comp0.2_grid1_base_low,9,0.2,low,base,base,4,4,8,6,1,1,1,1,0,1,4,48,0.0,0.4375,0.8,0.3953488372093023,5,5,21,16,13,10,6,16,34,14,1,7,0.14583333333333334
2,1,size9_comp0.2_grid1_base_low,9,0.2,low,base,base,4,4,8,6,1,1,1,1,0,1,9,48,0.0,0.3125,0.7,0.21052631578947367,2,2,18,13,12,4,2,8,38,6,1,7,0.14583333333333334
3,1,size9_comp0.2_grid1_base_low,9,0.2,low,base,base,4,4,8,6,1,1,1,1,0,1,16,48,0.0,0.20833333333333334,0.5294117647058824,0.03225806451612903,2,2,23,16,15,6,2,14,36,6,0,23,0.4791666666666667
4,1,size9_comp0.2_grid1_base_low,9,0.2,low,base,base,4,4,8,6,1,1,1,1,0,1,11,48,0.0,0.375,0.5833333333333334,0.3055555555555556,4,4,19,14,7,7,5,17,41,12,2,7,0.14583333333333334
5,1,size9_comp0.2_grid1_base_low,9,0.2,low,base,base,4,4,8,6,1,1,1,1,0,1,17,48,0.0,0.4583333333333333,0.5,0.43333333333333335,3,4,20,17,13,4,3,20,31,19,12,4,0.08333333333333333
6,1,size9_comp0.2_grid1_base_low,9,0.2,low,base,base,4,4,8,6,1,1,1,1,0,1,5,48,0.0,0.5,0.8333333333333334,0.4523809523809524,8,7,16,16,10,15,7,13,35,13,3,2,0.041666666666666664
7,1,size9_comp0.2_grid1_base_low,9,0.2,low,base,base,4,4,8,6,1,1,1,1,0,1,3,48,0.0,0.4583333333333333,1.0,0.4090909090909091,4,6,17,16,13,7,7,12,37,10,5,3,0.0625
8,1,size9_comp0.2_grid1_base_low,9,0.2,low,base,base,4,4,8,6,1,1,1,1,0,1,8,48,0.0,0.5,0.6666666666666666,0.46153846153846156,5,5,19,17,12,13,4,14,37,13,8,1,0.020833333333333332
9,1,size9_comp0.2_grid1_base_low,9,0.2,low,base,base,4,4,8,6,1,1,1,1,0,1,4,48,0.0,0.3958333333333333,0.8,0.3488372093023256,3,3,19,19,11,7,5,18,38,15,0,9,0.1875
0,2,size9_comp0.2_grid2_base_low,9,0.2,low,base,base,7,8,15,5,5,1,1,1,0,0,-1,48,0.0,0.5208333333333334,0.5208333333333334,0.0,8,6,15,19,8,10,11,18,35,15,0,3,0.0625
1,2,size9_comp0.2_grid2_base_low,9,0.2,low,base,base,7,8,15,5,5,1,1,1,0,0,-1,48,0.0,0.4791666666666667,0.4791666666666667,0.0,4,4,20,20,11,8,8,20,37,16,0,5,0.10416666666666667
2,2,size9_comp0.2_grid2_base_low,9,0.2,low,base,base,7,8,15,5,5,1,1,1,0,0,-1,48,0.0,0.375,0.375,0.0,4,6,24,14,23,5,4,15,29,13,0,12,0.25
3,2,size9_comp0.2_grid2_base_low,9,0.2,low,base,base,7,8,15,5,5,1,1,1,0,0,-1,48,0.0,0.5,0.5,0.0,6,5,18,19,10,10,10,17,39,16,0,1,0.020833333333333332
4,2,size9_comp0.2_grid2_base_low,9,0.2,low,base,base,7,8,15,5,5,1,1,1,0,0,-1,48,0.0,0.4583333333333333,0.4583333333333333,0.0,4,2,21,21,14,3,4,26,39,21,0,6,0.125
5,2,size9_comp0.2_grid2_base_low,9,0.2,low,base,base,7,8,15,5,5,1,1,1,0,0,-1,48,0.0,0.5208333333333334,0.5208333333333334,0.0,2,0,22,24,15,1,2,29,38,27,0,2,0.041666666666666664
6,2,size9_comp0.2_grid2_base_low,9,0.2,low,base,base,7,8,15,5,5,1,1,1,0,0,-1,48,0.0,0.5416666666666666,0.5416666666666666,0.0,3,1,20,24,9,2,6,30,38,28,0,2,0.041666666666666664
7,2,size9_comp0.2_grid2_base_low,9,0.2,low,base,base,7,8,15,5,5,1,1,1,0,0,-1,48,0.0,0.375,0.375,0.0,6,4,23,15,16,9,9,13,31,13,0,12,0.25
8,2,size9_comp0.2_grid2_base_low,9,0.2,low,base,base,7,8,15,5,5,1,1,1,0,0,-1,48,0.0,0.5208333333333334,0.5208333333333334,0.0,4,3,19,22,14,6,4,23,36,22,0,1,0.020833333333333332
9,2,size9_comp0.2_grid2_base_low,9,0.2,low,base,base,7,8,15,5,5,1,1,1,0,0,-1,48,0.0,0.5,0.5,0.0,6,5,19,18,9,3,6,29,39,27,0,2,0.041666666666666664
0,3,size9_comp0.2_grid3_base_low,9,0.2,low,base,base,3,6,9,7,1,1,1,1,0,1,5,48,0.0,0.25,0.6666666666666666,0.19047619047619047,5,4,25,14,26,10,4,7,35,5,3,26,0.5416666666666666
1,3,size9_comp0.2_grid3_base_low,9,0.2,low,base,base,3,6,9,7,1,1,1,1,0,1,2,48,0.0,0.4166666666666667,1.0,0.37777777777777777,6,5,21,16,15,13,4,15,36,12,1,12,0.25
2,3,size9_comp0.2_grid3_base_low,9,0.2,low,base,base,3,6,9,7,1,1,1,1,0,1,11,48,0.0,0.375,0.5,0.3333333333333333,7,5,18,18,12,7,13,15,33,12,1,14,0.2916666666666667
3,3,size9_comp0.2_grid3_base_low,9,0.2,low,base,base,3,6,9,7,1,1,1,1,0,1,7,48,0.0,0.4583333333333333,0.625,0.425,8,4,15,21,16,8,10,13,33,11,8,9,0.1875
4,3,size9_comp0.2_grid3_base_low,9,0.2,low,base,base,3,6,9,7,1,1,1,1,0,1,10,48,0.0,0.4791666666666667,0.5454545454545454,0.4594594594594595,3,4,17,24,17,10,2,18,36,13,0,7,0.14583333333333334
5,3,size9_comp0.2_grid3_base_low,9,0.2,low,base,base,3,6,9,7,1,1,1,1,0,1,7,48,0.0,0.4583333333333333,0.625,0.425,6,6,17,19,18,9,5,15,34,12,3,8,0.16666666666666666
6,3,size9_comp0.2_grid3_base_low,9,0.2,low,base,base,3,6,9,7,1,1,1,1,0,1,10,48,0.0,0.5,0.5454545454545454,0.4864864864864865,4,5,15,24,19,7,7,14,33,13,4,6,0.125
7,3,size9_comp0.2_grid3_base_low,9,0.2,low,base,base,3,6,9,7,1,1,1,1,0,1,6,48,0.0,0.4375,0.7142857142857143,0.3902439024390244,3,4,20,21,16,9,5,17,32,13,0,11,0.22916666666666666
8,3,size9_comp0.2_grid3_base_low,9,0.2,low,base,base,3,6,9,7,1,1,1,1,0,1,3,48,0.0,0.4583333333333333,0.75,0.4318181818181818,5,5,16,22,15,9,9,14,34,11,5,8,0.16666666666666666
9,3,size9_comp0.2_grid3_base_low,9,0.2,low,base,base,3,6,9,7,1,1,1,1,0,1,4,48,0.0,0.5,0.8,0.46511627906976744,2,4,21,21,15,5,5,22,34,21,4,2,0.041666666666666664
0,4,size9_comp0.2_grid4_base_low,9,0.2,low,base,base,8,3,11,5,3,1,1,1,1,0,-1,6,0.0,0.8333333333333334,0.8333333333333334,0.0,0,4,2,0,2,1,2,0,1,0,0,1,0.16666666666666666
1,4,size9_comp0.2_grid4_base_low,9,0.2,low,base,base,8,3,11,5,3,1,1,1,1,0,-1,17,0.0,0.35294117647058826,0.35294117647058826,0.0,1,12,3,1,8,4,3,1,10,0,0,10,0.5882352941176471
2,4,size9_comp0.2_grid4_base_low,9,0.2,low,base,base,8,3,11,5,3,1,1,1,0,0,-1,48,0.0,0.25,0.25,0.0,0,8,33,7,32,2,3,10,37,4,0,28,0.5833333333333334
3,4,size9_comp0.2_grid4_base_low,9,0.2,low,base,base,8,3,11,5,3,1,1,1,1,0,-1,13,0.0,0.46153846153846156,0.46153846153846156,0.0,0,8,4,1,3,4,5,0,6,0,0,6,0.46153846153846156
4,4,size9_comp0.2_grid4_base_low,9,0.2,low,base,base,8,3,11,5,3,1,1,1,1,0,-1,8,0.0,0.75,0.75,0.0,0,4,3,1,2,3,2,0,1,0,0,1,0.125
5,4,size9_comp0.2_grid4_base_low,9,0.2,low,base,base,8,3,11,5,3,1,1,1,1,0,-1,11,0.0,0.5454545454545454,0.5454545454545454,0.0,0,6,4,1,3,4,3,0,4,0,0,4,0.36363636363636365
6,4,size9_comp0.2_grid4_base_low,9,0.2,low,base,base,8,3,11,5,3,1,1,1,1,0,-1,14,0.0,0.35714285714285715,0.35714285714285715,0.0,0,12,2,0,9,2,2,0,9,0,0,9,0.6428571428571429
7,4,size9_comp0.2_grid4_base_low,9,0.2,low,base,base,8,3,11,5,3,1,1,1,1,0,-1,10,0.0,0.6,0.6,0.0,0,6,3,1,3,3,2,1,4,1,0,3,0.3
8,4,size9_comp0.2_grid4_base_low,9,0.2,low,base,base,8,3,11,5,3,1,1,1,1,0,-1,5,0.0,1.0,1.0,0.0,0,3,2,0,3,1,0,0,0,0,0,0,0.0
9,4,size9_comp0.2_grid4_base_low,9,0.2,low,base,base,8,3,11,5,3,1,1,1,1,0,-1,7,0.0,0.7142857142857143,0.7142857142857143,0.0,0,5,2,0,2,2,2,0,2,0,0,2,0.2857142857142857
0,5,size9_comp0.2_grid5_base_low,9,0.2,low,base,base,10,3,13,7,3,1,1,1,1,0,-1,11,0.0,0.7272727272727273,0.7272727272727273,0.0,3,0,6,2,4,2,3,1,4,0,0,2,0.18181818181818182
1,5,size9_comp0.2_grid5_base_low,9,0.2,low,base,base,10,3,13,7,3,1,1,1,1,0,-1,9,0.0,0.8888888888888888,0.8888888888888888,0.0,2,0,6,1,3,2,1,2,2,2,0,0,0.0
2,5,size9_comp0.2_grid5_base_low,9,0.2,low,base,base,10,3,13,7,3,1,1,1,1,0,-1,9,0.0,0.8888888888888888,0.8888888888888888,0.0,2,0,6,1,3,1,3,1,1,1,0,0,0.0
3,5,size9_comp0.2_grid5_base_low,9,0.2,low,base,base,10,3,13,7,3,1,1,1,1,0,-1,9,0.0,0.8888888888888888,0.8888888888888888,0.0,2,0,6,1,3,1,3,1,1,1,0,0,0.0
4,5,size9_comp0.2_grid5_base_low,9,0.2,low,base,base,10,3,13,7,3,1,1,1,1,0,-1,9,0.0,0.8888888888888888,0.8888888888888888,0.0,2,0,6,1,4,1,1,2,2,2,0,0,0.0
5,5,size9_comp0.2_grid5_base_low,9,0.2,low,base,base,10,3,13,7,3,1,1,1,1,0,-1,17,0.0,0.6470588235294118,0.6470588235294118,0.0,2,0,9,6,6,1,2,7,9,5,0,2,0.11764705882352941
6,5,size9_comp0.2_grid5_base_low,9,0.2,low,base,base,10,3,13,7,3,1,1,1,0,0,-1,48,0.0,0.041666666666666664,0.041666666666666664,0.0,2,0,33,13,24,2,0,21,45,0,0,46,0.9583333333333334
7,5,size9_comp0.2_grid5_base_low,9,0.2,low,base,base,10,3,13,7,3,1,1,1,1,0,-1,20,0.0,0.6,0.6,0.0,4,2,11,3,8,6,1,4,12,3,0,3,0.15
8,5,size9_comp0.2_grid5_base_low,9,0.2,low,base,base,10,3,13,7,3,1,1,1,0,0,-1,48,0.0,0.041666666666666664,0.041666666666666664,0.0,2,0,37,9,30,1,0,16,45,0,0,46,0.9583333333333334
9,5,size9_comp0.2_grid5_base_low,9,0.2,low,base,base,10,3,13,7,3,1,1,1,1,0,-1,17,0.0,0.5294117647058824,0.5294117647058824,0.0,4,1,11,1,7,7,2,0,8,0,0,6,0.35294117647058826
0,6,size9_comp0.2_grid6_base_low,9,0.2,low,base,base,4,4,8,4,3,1,1,1,0,1,6,48,0.0,0.3541666666666667,0.5714285714285714,0.3170731707317073,3,0,18,27,20,2,2,23,42,15,11,15,0.3125
1,6,size9_comp0.2_grid6_base_low,9,0.2,low,base,base,4,4,8,4,3,1,1,1,0,1,11,48,0.0,0.4166666666666667,0.4166666666666667,0.4166666666666667,4,2,20,17,11,5,6,16,35,13,0,7,0.14583333333333334
2,6,size9_comp0.2_grid6_base_low,9,0.2,low,base,base,4,4,8,4,3,1,1,1,0,0,-1,48,0.0,0.4166666666666667,0.4166666666666667,0.0,9,8,19,12,10,12,10,15,31,13,0,6,0.125
3,6,size9_comp0.2_grid6_base_low,9,0.2,low,base,base,4,4,8,4,3,1,1,1,0,0,-1,48,0.0,0.4583333333333333,0.4583333333333333,0.0,10,9,19,10,9,12,12,14,27,14,0,3,0.0625
4,6,size9_comp0.2_grid6_base_low,9,0.2,low,base,base,4,4,8,4,3,1,1,1,0,0,-1,48,0.0,0.3125,0.3125,0.0,4,1,18,25,16,6,4,21,38,15,0,17,0.3541666666666667
5,6,size9_comp0.2_grid6_base_low,9,0.2,low,base,base,4,4,8,4,3,1,1,1,0,1,8,48,0.0,0.3333333333333333,0.4444444444444444,0.3076923076923077,4,1,18,17,11,7,0,14,39,10,4,9,0.1875
6,6,size9_comp0.2_grid6_base_low,9,0.2,low,base,base,4,4,8,4,3,1,1,1,0,1,5,48,0.0,0.375,0.6666666666666666,0.3333333333333333,3,3,17,21,18,6,4,12,38,7,9,11,0.22916666666666666
7,6,size9_comp0.2_grid6_base_low,9,0.2,low,base,base,4,4,8,4,3,1,1,1,0,1,7,48,0.0,0.4375,0.625,0.4,3,1,19,24,16,1,5,23,41,17,15,8,0.16666666666666666
8,6,size9_comp0.2_grid6_base_low,9,0.2,low,base,base,4,4,8,4,3,1,1,1,1,0,-1,20,0.0,0.35,0.35,0.0,3,3,6,8,9,4,3,3,9,3,0,6,0.3
9,6,size9_comp0.2_grid6_base_low,9,0.2,low,base,base,4,4,8,4,3,1,1,1,0,1,22,48,0.0,0.4166666666666667,0.43478260869565216,0.4,6,5,18,17,14,7,4,18,37,9,4,12,0.25
0,7,size9_comp0.2_grid7_base_low,9,0.2,low,base,base,4,3,7,5,2,1,1,1,1,1,11,41,0.17073170731707318,0.5121951219512195,0.5,0.5172413793103449,6,0,18,15,13,3,3,17,31,16,8,4,0.0975609756097561
1,7,size9_comp0.2_grid7_base_low,9,0.2,low,base,base,4,3,7,5,2,1,1,1,1,1,15,24,0.2916666666666667,0.5833333333333334,0.5625,0.625,4,0,10,9,5,2,4,10,15,8,2,2,0.08333333333333333
2,7,size9_comp0.2_grid7_base_low,9,0.2,low,base,base,4,3,7,5,2,1,1,1,1,1,13,20,0.35,0.6,0.5714285714285714,0.6666666666666666,4,0,7,8,3,3,3,8,12,8,1,2,0.1
3,7,size9_comp0.2_grid7_base_low,9,0.2,low,base,base,4,3,7,5,2,1,1,1,0,1,22,48,0.0,0.4791666666666667,0.4782608695652174,0.48,6,1,22,19,15,4,9,19,31,16,7,7,0.14583333333333334
4,7,size9_comp0.2_grid7_base_low,9,0.2,low,base,base,4,3,7,5,2,1,1,1,1,1,5,14,0.5,0.7142857142857143,0.8333333333333334,0.625,4,0,5,4,2,3,1,5,6,5,2,0,0.0
5,7,size9_comp0.2_grid7_base_low,9,0.2,low,base,base,4,3,7,5,2,1,1,1,1,1,7,13,0.5384615384615384,0.6923076923076923,0.625,0.8,4,0,4,5,6,3,3,0,2,0,0,2,0.15384615384615385
6,7,size9_comp0.2_grid7_base_low,9,0.2,low,base,base,4,3,7,5,2,1,1,1,1,1,6,10,0.7,0.8,0.7142857142857143,1.0,4,0,4,2,2,4,2,1,2,1,0,1,0.1
7,7,size9_comp0.2_grid7_base_low,9,0.2,low,base,base,4,3,7,5,2,1,1,1,1,1,29,33,0.21212121212121213,0.5757575757575758,0.5333333333333333,1.0,4,0,14,15,4,3,3,22,24,22,0,2,0.06060606060606061
8,7,size9_comp0.2_grid7_base_low,9,0.2,low,base,base,4,3,7,5,2,1,1,1,1,1,12,31,0.22580645161290322,0.4838709677419355,0.46153846153846156,0.5,6,1,13,11,9,6,4,11,20,10,0,8,0.25806451612903225
9,7,size9_comp0.2_grid7_base_low,9,0.2,low,base,base,4,3,7,5,2,1,1,1,1,1,24,46,0.15217391304347827,0.4782608695652174,0.44,0.5238095238095238,11,4,17,13,14,6,7,16,34,14,6,8,0.17391304347826086
0,8,size9_comp0.2_grid8_base_low,9,0.2,low,base,base,6,3,9,5,2,1,1,1,1,0,-1,10,0.0,0.6,0.6,0.0,0,2,5,3,2,0,4,3,3,2,0,1,0.1
1,8,size9_comp0.2_grid8_base_low,9,0.2,low,base,base,6,3,9,5,2,1,1,1,1,0,-1,13,0.0,0.5384615384615384,0.5384615384615384,0.0,1,3,7,2,5,4,2,1,6,0,0,2,0.15384615384615385
2,8,size9_comp0.2_grid8_base_low,9,0.2,low,base,base,6,3,9,5,2,1,1,1,1,0,-1,5,0.0,0.8,0.8,0.0,0,2,3,0,2,1,1,0,0,0,0,0,0.0
3,8,size9_comp0.2_grid8_base_low,9,0.2,low,base,base,6,3,9,5,2,1,1,1,1,0,-1,12,0.0,0.5833333333333334,0.5833333333333334,0.0,0,2,7,3,4,2,1,4,7,3,0,1,0.08333333333333333
4,8,size9_comp0.2_grid8_base_low,9,0.2,low,base,base,6,3,9,5,2,1,1,1,1,0,-1,5,0.0,0.8,0.8,0.0,0,2,3,0,2,1,1,0,0,0,0,0,0.0
5,8,size9_comp0.2_grid8_base_low,9,0.2,low,base,base,6,3,9,5,2,1,1,1,1,0,-1,11,0.0,0.5454545454545454,0.5454545454545454,0.0,1,3,6,1,2,4,1,3,6,2,0,2,0.18181818181818182
6,8,size9_comp0.2_grid8_base_low,9,0.2,low,base,base,6,3,9,5,2,1,1,1,1,0,-1,8,0.0,0.625,0.625,0.0,0,2,4,2,1,1,3,2,2,1,0,1,0.125
7,8,size9_comp0.2_grid8_base_low,9,0.2,low,base,base,6,3,9,5,2,1,1,1,1,0,-1,15,0.0,0.5333333333333333,0.5333333333333333,0.0,0,2,8,5,6,1,1,6,10,4,0,2,0.13333333333333333
8,8,size9_comp0.2_grid8_base_low,9,0.2,low,base,base,6,3,9,5,2,1,1,1,1,0,-1,9,0.0,0.5555555555555556,0.5555555555555556,0.0,0,2,4,3,3,1,1,3,4,1,0,2,0.2222222222222222
9,8,size9_comp0.2_grid8_base_low,9,0.2,low,base,base,6,3,9,5,2,1,1,1,1,0,-1,7,0.0,0.7142857142857143,0.7142857142857143,0.0,0,2,4,1,2,1,1,2,2,2,0,0,0.0
0,9,size9_comp0.2_grid9_base_low,9,0.2,low,base,base,5,4,9,9,0,1,1,1,0,1,4,48,0.0,0.4583333333333333,1.0,0.3953488372093023,3,4,19,21,16,5,7,17,33,10,5,7,0.14583333333333334
1,9,size9_comp0.2_grid9_base_low,9,0.2,low,base,base,5,4,9,9,0,1,1,1,0,1,8,48,0.0,0.3125,0.7777777777777778,0.20512820512820512,3,4,16,17,11,7,6,8,34,4,4,15,0.3125
2,9,size9_comp0.2_grid9_base_low,9,0.2,low,base,base,5,4,9,9,0,1,1,1,0,1,4,48,0.0,0.2916666666666667,1.0,0.20930232558139536,3,3,21,15,16,4,5,12,36,7,1,19,0.3958333333333333
3,9,size9_comp0.2_grid9_base_low,9,0.2,low,base,base,5,4,9,9,0,1,1,1,0,1,4,48,0.0,0.4583333333333333,1.0,0.3953488372093023,4,6,11,25,18,6,4,15,35,11,6,9,0.1875
4,9,size9_comp0.2_grid9_base_low,9,0.2,low,base,base,5,4,9,9,0,1,1,1,0,1,8,48,0.0,0.4791666666666667,0.7777777777777778,0.41025641025641024,4,5,15,22,10,10,7,16,31,15,0,3,0.0625
5,9,size9_comp0.2_grid9_base_low,9,0.2,low,base,base,5,4,9,9,0,1,1,1,0,1,4,48,0.0,0.20833333333333334,1.0,0.11627906976744186,2,2,22,12,14,5,2,7,37,3,3,23,0.4791666666666667
6,9,size9_comp0.2_grid9_base_low,9,0.2,low,base,base,5,4,9,9,0,1,1,1,0,1,6,48,0.0,0.2916666666666667,0.8571428571428571,0.1951219512195122,7,4,12,16,11,8,2,12,33,8,0,14,0.2916666666666667
7,9,size9_comp0.2_grid9_base_low,9,0.2,low,base,base,5,4,9,9,0,1,1,1,0,1,14,48,0.0,0.3125,0.6,0.18181818181818182,1,5,28,13,28,6,4,7,34,5,4,24,0.5
8,9,size9_comp0.2_grid9_base_low,9,0.2,low,base,base,5,4,9,9,0,1,1,1,0,1,12,48,0.0,0.25,0.6153846153846154,0.11428571428571428,2,3,21,17,22,4,1,12,36,5,2,24,0.5
9,9,size9_comp0.2_grid9_base_low,9,0.2,low,base,base,5,4,9,9,0,1,1,1,0,1,4,48,0.0,0.25,1.0,0.16279069767441862,5,4,20,14,23,3,8,4,34,3,3,24,0.5
0,0,size9_comp0.4_grid0_base_low,9,0.4,low,base,base,5,3,8,8,0,1,1,1,0,0,-1,48,0.0,0.25,0.25,0.0,1,9,13,25,21,4,9,13,36,11,0,24,0.5
1,0,size9_comp0.4_grid0_base_low,9,0.4,low,base,base,5,3,8,8,0,1,1,1,0,1,8,48,0.0,0.4791666666666667,0.7777777777777778,0.41025641025641024,2,8,18,20,16,4,4,23,36,20,1,7,0.14583333333333334
2,0,size9_comp0.4_grid0_base_low,9,0.4,low,base,base,5,3,8,8,0,1,1,1,0,1,11,48,0.0,0.3958333333333333,0.6666666666666666,0.3055555555555556,3,5,22,15,12,4,6,19,37,13,16,11,0.22916666666666666
3,0,size9_comp0.4_grid0_base_low,9,0.4,low,base,base,5,3,8,8,0,1,1,1,0,1,39,48,0.0,0.4166666666666667,0.45,0.25,0,7,23,17,13,5,6,21,35,18,4,11,0.22916666666666666
4,0,size9_comp0.4_grid0_base_low,9,0.4,low,base,base,5,3,8,8,0,1,1,1,0,1,17,48,0.0,0.3541666666666667,0.5,0.26666666666666666,2,6,27,13,17,5,8,17,37,11,8,16,0.3333333333333333
5,0,size9_comp0.4_grid0_base_low,9,0.4,low,base,base,5,3,8,8,0,1,1,1,0,1,28,48,0.0,0.3958333333333333,0.4482758620689655,0.3157894736842105,3,6,17,21,14,8,7,16,38,14,1,11,0.22916666666666666
6,0,size9_comp0.4_grid0_base_low,9,0.4,low,base,base,5,3,8,8,0,1,1,1,0,0,-1,48,0.0,0.25,0.25,0.0,1,9,13,25,24,7,3,13,37,6,0,24,0.5
7,0,size9_comp0.4_grid0_base_low,9,0.4,low,base,base,5,3,8,8,0,1,1,1,0,1,28,48,0.0,0.3958333333333333,0.4827586206896552,0.2631578947368421,4,5,22,17,17,10,7,13,30,11,1,13,0.2708333333333333
8,0,size9_comp0.4_grid0_base_low,9,0.4,low,base,base,5,3,8,8,0,1,1,1,0,0,-1,48,0.0,0.3541666666666667,0.3541666666666667,0.0,1,8,18,21,16,8,7,16,36,14,0,14,0.2916666666666667
9,0,size9_comp0.4_grid0_base_low,9,0.4,low,base,base,5,3,8,8,0,1,1,1,0,1,16,48,0.0,0.3958333333333333,0.47058823529411764,0.3548387096774194,5,4,18,21,10,11,6,20,34,15,1,12,0.25
0,1,size9_comp0.4_grid1_base_low,9,0.4,low,base,base,10,4,14,6,4,1,1,1,1,0,-1,18,0.0,0.5555555555555556,0.5555555555555556,0.0,1,8,6,3,7,5,2,3,8,3,0,4,0.2222222222222222
1,1,size9_comp0.4_grid1_base_low,9,0.4,low,base,base,10,4,14,6,4,1,1,1,1,0,-1,6,0.0,1.0,1.0,0.0,0,3,3,0,1,2,2,0,0,0,0,0,0.0
2,1,size9_comp0.4_grid1_base_low,9,0.4,low,base,base,10,4,14,6,4,1,1,1,1,0,-1,7,0.0,0.8571428571428571,0.8571428571428571,0.0,0,4,3,0,2,2,2,0,1,0,0,1,0.14285714285714285
3,1,size9_comp0.4_grid1_base_low,9,0.4,low,base,base,10,4,14,6,4,1,1,1,1,0,-1,14,0.0,0.6428571428571429,0.6428571428571429,0.0,1,6,5,2,5,4,2,2,4,2,0,2,0.14285714285714285
4,1,size9_comp0.4_grid1_base_low,9,0.4,low,base,base,10,4,14,6,4,1,1,1,1,0,-1,7,0.0,0.8571428571428571,0.8571428571428571,0.0,0,4,3,0,2,2,2,0,1,0,0,1,0.14285714285714285
5,1,size9_comp0.4_grid1_base_low,9,0.4,low,base,base,10,4,14,6,4,1,1,1,1,1,11,26,0.5384615384615384,0.7307692307692307,0.9166666666666666,0.5714285714285714,3,6,9,8,7,4,10,4,12,4,3,2,0.07692307692307693
6,1,size9_comp0.4_grid1_base_low,9,0.4,low,base,base,10,4,14,6,4,1,1,1,1,0,-1,7,0.0,0.8571428571428571,0.8571428571428571,0.0,0,4,3,0,3,2,1,0,1,0,0,1,0.14285714285714285
7,1,size9_comp0.4_grid1_base_low,9,0.4,low,base,base,10,4,14,6,4,1,1,1,1,0,-1,17,0.0,0.4117647058823529,0.4117647058823529,0.0,0,12,4,1,8,2,5,1,11,1,0,9,0.5294117647058824
8,1,size9_comp0.4_grid1_base_low,9,0.4,low,base,base,10,4,14,6,4,1,1,1,1,0,-1,13,0.0,0.5384615384615384,0.5384615384615384,0.0,0,8,4,1,4,2,5,1,7,1,0,5,0.38461538461538464
9,1,size9_comp0.4_grid1_base_low,9,0.4,low,base,base,10,4,14,6,4,1,1,1,1,0,-1,30,0.0,0.3,0.3,0.0,0,19,8,3,19,3,4,3,20,2,0,18,0.6
0,2,size9_comp0.4_grid2_base_low,9,0.4,low,base,base,4,4,8,8,0,1,1,1,1,0,-1,43,0.0,0.4186046511627907,0.4186046511627907,0.0,11,2,17,13,10,8,12,12,24,12,0,7,0.16279069767441862
1,2,size9_comp0.4_grid2_base_low,9,0.4,low,base,base,4,4,8,8,0,1,1,1,1,0,-1,37,0.0,0.4864864864864865,0.4864864864864865,0.0,7,1,16,13,11,7,7,11,21,11,0,1,0.02702702702702703
2,2,size9_comp0.4_grid2_base_low,9,0.4,low,base,base,4,4,8,8,0,1,1,1,0,1,4,48,0.0,0.22916666666666666,0.8,0.16279069767441862,7,1,33,7,25,6,3,13,38,6,11,30,0.625
3,2,size9_comp0.4_grid2_base_low,9,0.4,low,base,base,4,4,8,8,0,1,1,1,1,0,-1,22,0.0,0.5,0.5,0.0,5,0,10,7,6,4,5,6,6,6,0,0,0.0
4,2,size9_comp0.4_grid2_base_low,9,0.4,low,base,base,4,4,8,8,0,1,1,1,0,0,-1,48,0.0,0.08333333333333333,0.08333333333333333,0.0,4,0,38,6,33,3,3,8,41,2,0,40,0.8333333333333334
5,2,size9_comp0.4_grid2_base_low,9,0.4,low,base,base,4,4,8,8,0,1,1,1,1,0,-1,25,0.0,0.44,0.44,0.0,7,1,9,8,9,4,4,7,9,6,0,3,0.12
6,2,size9_comp0.4_grid2_base_low,9,0.4,low,base,base,4,4,8,8,0,1,1,1,0,0,-1,48,0.0,0.020833333333333332,0.020833333333333332,0.0,2,0,45,1,44,1,0,2,45,0,0,46,0.9583333333333334
7,2,size9_comp0.4_grid2_base_low,9,0.4,low,base,base,4,4,8,8,0,1,1,1,0,1,21,48,0.0,0.2916666666666667,0.36363636363636365,0.23076923076923078,12,3,21,12,22,6,9,10,37,6,7,24,0.5
8,2,size9_comp0.4_grid2_base_low,9,0.4,low,base,base,4,4,8,8,0,1,1,1,0,0,-1,48,0.0,0.020833333333333332,0.020833333333333332,0.0,2,0,44,2,43,2,0,2,45,0,0,46,0.9583333333333334
9,2,size9_comp0.4_grid2_base_low,9,0.4,low,base,base,4,4,8,8,0,1,1,1,0,0,-1,48,0.0,0.020833333333333332,0.020833333333333332,0.0,2,0,46,0,46,1,0,0,45,0,0,46,0.9583333333333334
0,3,size9_comp0.4_grid3_base_low,9,0.4,low,base,base,4,4,8,4,3,1,1,1,1,0,-1,4,0.0,0.5,0.5,0.0,0,0,4,0,3,0,0,0,0,0,0,0,0.0
1,3,size9_comp0.4_grid3_base_low,9,0.4,low,base,base,4,4,8,4,3,1,1,1,1,0,-1,10,0.0,0.5,0.5,0.0,0,0,7,3,4,0,0,5,5,5,0,0,0.0
2,3,size9_comp0.4_grid3_base_low,9,0.4,low,base,base,4,4,8,4,3,1,1,1,1,0,-1,4,0.0,0.5,0.5,0.0,0,0,4,0,3,0,0,0,0,0,0,0,0.0
3,3,size9_comp0.4_grid3_base_low,9,0.4,low,base,base,4,4,8,4,3,1,1,1,1,0,-1,6,0.0,0.5,0.5,0.0,0,0,5,1,3,0,0,2,2,2,0,0,0.0
4,3,size9_comp0.4_grid3_base_low,9,0.4,low,base,base,4,4,8,4,3,1,1,1,1,0,-1,6,0.0,0.5,0.5,0.0,0,0,5,1,4,0,0,1,1,1,0,0,0.0
5,3,size9_comp0.4_grid3_base_low,9,0.4,low,base,base,4,4,8,4,3,1,1,1,1,0,-1,4,0.0,0.5,0.5,0.0,0,0,4,0,3,0,0,0,0,0,0,0,0.0
6,3,size9_comp0.4_grid3_base_low,9,0.4,low,base,base,4,4,8,4,3,1,1,1,1,0,-1,6,0.0,0.5,0.5,0.0,0,0,5,1,3,0,0,2,2,2,0,0,0.0
7,3,size9_comp0.4_grid3_base_low,9,0.4,low,base,base,4,4,8,4,3,1,1,1,1,0,-1,10,0.0,0.5,0.5,0.0,0,0,7,3,4,0,0,5,5,5,0,0,0.0
8,3,size9_comp0.4_grid3_base_low,9,0.4,low,base,base,4,4,8,4,3,1,1,1,1,0,-1,6,0.0,0.5,0.5,0.0,0,0,5,1,3,0,0,2,2,2,0,0,0.0
9,3,size9_comp0.4_grid3_base_low,9,0.4,low,base,base,4,4,8,4,3,1,1,1,1,0,-1,4,0.0,0.5,0.5,0.0,0,0,4,0,3,0,0,0,0,0,0,0,0.0
0,4,size9_comp0.4_grid4_base_low,9,0.4,low,base,base,7,3,10,4,3,1,1,1,1,0,-1,9,0.0,0.4444444444444444,0.4444444444444444,0.0,0,2,7,0,5,2,1,0,5,0,0,5,0.5555555555555556
1,4,size9_comp0.4_grid4_base_low,9,0.4,low,base,base,7,3,10,4,3,1,1,1,1,0,-1,7,0.0,0.7142857142857143,0.7142857142857143,0.0,0,2,4,1,1,3,1,1,2,1,0,1,0.14285714285714285
2,4,size9_comp0.4_grid4_base_low,9,0.4,low,base,base,7,3,10,4,3,1,1,1,1,0,-1,6,0.0,0.6666666666666666,0.6666666666666666,0.0,0,2,4,0,3,1,1,0,2,0,0,2,0.3333333333333333
3,4,size9_comp0.4_grid4_base_low,9,0.4,low,base,base,7,3,10,4,3,1,1,1,1,0,-1,6,0.0,0.6666666666666666,0.6666666666666666,0.0,1,2,3,0,0,3,2,0,2,0,0,2,0.3333333333333333
4,4,size9_comp0.4_grid4_base_low,9,0.4,low,base,base,7,3,10,4,3,1,1,1,1,0,-1,4,0.0,1.0,1.0,0.0,0,2,2,0,2,0,1,0,0,0,0,0,0.0
5,4,size9_comp0.4_grid4_base_low,9,0.4,low,base,base,7,3,10,4,3,1,1,1,1,0,-1,7,0.0,0.5714285714285714,0.5714285714285714,0.0,0,2,5,0,2,2,2,0,3,0,0,3,0.42857142857142855
6,4,size9_comp0.4_grid4_base_low,9,0.4,low,base,base,7,3,10,4,3,1,1,1,1,0,-1,6,0.0,0.6666666666666666,0.6666666666666666,0.0,0,2,4,0,2,2,1,0,2,0,0,2,0.3333333333333333
7,4,size9_comp0.4_grid4_base_low,9,0.4,low,base,base,7,3,10,4,3,1,1,1,1,0,-1,4,0.0,1.0,1.0,0.0,0,2,2,0,0,1,2,0,0,0,0,0,0.0
8,4,size9_comp0.4_grid4_base_low,9,0.4,low,base,base,7,3,10,4,3,1,1,1,1,0,-1,14,0.0,0.5714285714285714,0.5714285714285714,0.0,0,3,7,4,5,1,3,4,6,3,0,2,0.14285714285714285
9,4,size9_comp0.4_grid4_base_low,9,0.4,low,base,base,7,3,10,4,3,1,1,1,1,0,-1,11,0.0,0.5454545454545454,0.5454545454545454,0.0,1,3,6,1,3,6,1,0,5,0,0,3,0.2727272727272727
0,5,size9_comp0.4_grid5_base_low,9,0.4,low,base,base,4,3,7,7,0,1,1,1,0,1,8,48,0.0,0.2708333333333333,0.5555555555555556,0.20512820512820512,3,0,36,9,24,4,2,17,40,11,2,25,0.5208333333333334
1,5,size9_comp0.4_grid5_base_low,9,0.4,low,base,base,4,3,7,7,0,1,1,1,1,1,5,11,0.6363636363636364,0.8181818181818182,0.8333333333333334,0.8,3,0,6,2,5,0,2,3,3,3,2,0,0.0
2,5,size9_comp0.4_grid5_base_low,9,0.4,low,base,base,4,3,7,7,0,1,1,1,0,1,8,48,0.0,0.20833333333333334,0.4444444444444444,0.15384615384615385,3,0,38,7,32,2,4,9,39,5,0,31,0.6458333333333334
3,5,size9_comp0.4_grid5_base_low,9,0.4,low,base,base,4,3,7,7,0,1,1,1,0,1,9,48,0.0,0.22916666666666666,0.6,0.13157894736842105,3,0,37,8,28,4,2,13,40,8,0,29,0.6041666666666666
4,5,size9_comp0.4_grid5_base_low,9,0.4,low,base,base,4,3,7,7,0,1,1,1,0,1,13,48,0.0,0.22916666666666666,0.2857142857142857,0.20588235294117646,6,2,32,8,29,2,6,10,40,4,2,29,0.6041666666666666
5,5,size9_comp0.4_grid5_base_low,9,0.4,low,base,base,4,3,7,7,0,1,1,1,0,1,32,48,0.0,0.2708333333333333,0.15151515151515152,0.5333333333333333,4,1,26,17,19,2,7,19,39,7,10,27,0.5625
6,5,size9_comp0.4_grid5_base_low,9,0.4,low,base,base,4,3,7,7,0,1,1,1,0,1,5,48,0.0,0.25,0.6666666666666666,0.19047619047619047,3,0,36,9,27,5,1,14,39,7,3,27,0.5625
7,5,size9_comp0.4_grid5_base_low,9,0.4,low,base,base,4,3,7,7,0,1,1,1,1,0,-1,40,0.0,0.4,0.4,0.0,6,3,19,12,8,2,11,18,30,15,0,9,0.225
8,5,size9_comp0.4_grid5_base_low,9,0.4,low,base,base,4,3,7,7,0,1,1,1,1,1,21,29,0.2413793103448276,0.41379310344827586,0.3181818181818182,0.7142857142857143,5,3,12,9,8,5,8,7,18,2,1,12,0.41379310344827586
9,5,size9_comp0.4_grid5_base_low,9,0.4,low,base,base,4,3,7,7,0,1,1,1,0,0,-1,48,0.0,0.10416666666666667,0.10416666666666667,0.0,4,2,37,5,28,4,5,10,43,1,0,41,0.8541666666666666
0,6,size9_comp0.4_grid6_base_low,9,0.4,low,base,base,6,6,12,4,4,1,1,1,1,0,-1,16,0.0,0.5,0.5,0.0,5,2,5,4,3,5,0,7,10,7,0,0,0.0
1,6,size9_comp0.4_grid6_base_low,9,0.4,low,base,base,6,6,12,4,4,1,1,1,1,0,-1,16,0.0,0.4375,0.4375,0.0,5,0,6,5,2,4,3,6,9,6,0,2,0.125
2,6,size9_comp0.4_grid6_base_low,9,0.4,low,base,base,6,6,12,4,4,1,1,1,1,0,-1,24,0.0,0.4583333333333333,0.4583333333333333,0.0,5,0,10,9,0,6,3,14,18,14,0,2,0.08333333333333333
3,6,size9_comp0.4_grid6_base_low,9,0.4,low,base,base,6,6,12,4,4,1,1,1,0,0,-1,48,0.0,0.3541666666666667,0.3541666666666667,0.0,7,5,20,16,11,11,6,19,36,13,0,13,0.2708333333333333
4,6,size9_comp0.4_grid6_base_low,9,0.4,low,base,base,6,6,12,4,4,1,1,1,1,0,-1,26,0.0,0.4230769230769231,0.4230769230769231,0.0,5,1,9,11,2,4,6,13,21,12,0,4,0.15384615384615385
5,6,size9_comp0.4_grid6_base_low,9,0.4,low,base,base,6,6,12,4,4,1,1,1,0,0,-1,48,0.0,0.2708333333333333,0.2708333333333333,0.0,3,0,35,10,31,2,2,12,39,9,0,26,0.5416666666666666
6,6,size9_comp0.4_grid6_base_low,9,0.4,low,base,base,6,6,12,4,4,1,1,1,1,0,-1,16,0.0,0.4375,0.4375,0.0,4,1,5,6,1,2,6,6,10,6,0,2,0.125
7,6,size9_comp0.4_grid6_base_low,9,0.4,low,base,base,6,6,12,4,4,1,1,1,1,0,-1,10,0.0,0.5,0.5,0.0,3,0,4,3,0,3,1,5,5,5,0,0,0.0
8,6,size9_comp0.4_grid6_base_low,9,0.4,low,base,base,6,6,12,4,4,1,1,1,1,0,-1,10,0.0,0.5,0.5,0.0,3,0,4,3,1,1,1,6,6,6,0,0,0.0
9,6,size9_comp0.4_grid6_base_low,9,0.4,low,base,base,6,6,12,4,4,1,1,1,1,0,-1,11,0.0,0.45454545454545453,0.45454545454545453,0.0,3,0,4,4,1,0,5,4,5,3,0,1,0.09090909090909091
0,7,size9_comp0.4_grid7_base_low,9,0.4,low,base,base,4,8,12,4,4,1,1,1,0,1,19,48,0.0,0.5416666666666666,0.6,0.5,2,1,22,23,19,6,0,22,40,21,1,4,0.08333333333333333
1,7,size9_comp0.4_grid7_base_low,9,0.4,low,base,base,4,8,12,4,4,1,1,1,0,1,3,48,0.0,0.4583333333333333,1.0,0.4090909090909091,4,4,18,22,14,12,2,19,41,16,1,12,0.25
2,7,size9_comp0.4_grid7_base_low,9,0.4,low,base,base,4,8,12,4,4,1,1,1,0,1,7,48,0.0,0.5,0.75,0.45,2,5,19,22,16,8,6,17,37,14,1,8,0.16666666666666666
3,7,size9_comp0.4_grid7_base_low,9,0.4,low,base,base,4,8,12,4,4,1,1,1,0,1,11,48,0.0,0.3541666666666667,0.6666666666666666,0.25,1,2,18,25,22,3,1,18,40,8,1,23,0.4791666666666667
4,7,size9_comp0.4_grid7_base_low,9,0.4,low,base,base,4,8,12,4,4,1,1,1,0,1,25,48,0.0,0.5416666666666666,0.5384615384615384,0.5454545454545454,1,1,22,24,19,3,1,24,41,22,1,4,0.08333333333333333
5,7,size9_comp0.4_grid7_base_low,9,0.4,low,base,base,4,8,12,4,4,1,1,1,0,1,11,48,0.0,0.4583333333333333,0.6666666666666666,0.3888888888888889,0,1,17,26,20,2,0,20,39,18,1,9,0.1875
6,7,size9_comp0.4_grid7_base_low,9,0.4,low,base,base,4,8,12,4,4,1,1,1,0,1,5,48,0.0,0.5416666666666666,0.8333333333333334,0.5,2,2,21,23,15,8,0,24,41,22,1,5,0.10416666666666667
7,7,size9_comp0.4_grid7_base_low,9,0.4,low,base,base,4,8,12,4,4,1,1,1,0,1,3,48,0.0,0.4791666666666667,1.0,0.4318181818181818,3,3,18,24,16,11,1,19,41,16,1,11,0.22916666666666666
8,7,size9_comp0.4_grid7_base_low,9,0.4,low,base,base,4,8,12,4,4,1,1,1,0,1,3,48,0.0,0.5416666666666666,1.0,0.5,2,1,20,25,17,6,0,24,41,22,1,6,0.125
9,7,size9_comp0.4_grid7_base_low,9,0.4,low,base,base,4,8,12,4,4,1,1,1,0,1,5,48,0.0,0.4791666666666667,0.8333333333333334,0.42857142857142855,0,2,18,28,21,3,1,22,39,20,1,11,0.22916666666666666
0,8,size9_comp0.4_grid8_base_low,9,0.4,low,base,base,6,4,10,6,2,1,1,1,0,1,9,48,0.0,0.4583333333333333,0.8,0.3684210526315789,4,9,18,17,12,10,8,17,39,14,8,11,0.22916666666666666
1,8,size9_comp0.4_grid8_base_low,9,0.4,low,base,base,6,4,10,6,2,1,1,1,1,1,11,20,0.5,0.7,0.75,0.625,0,5,9,6,5,4,3,7,10,7,1,2,0.1
2,8,size9_comp0.4_grid8_base_low,9,0.4,low,base,base,6,4,10,6,2,1,1,1,0,1,9,48,0.0,0.5208333333333334,0.8,0.4473684210526316,4,7,21,16,14,11,6,16,34,15,2,6,0.125
3,8,size9_comp0.4_grid8_base_low,9,0.4,low,base,base,6,4,10,6,2,1,1,1,1,1,5,20,0.5,0.65,1.0,0.5,0,3,12,5,11,4,1,3,9,3,1,4,0.2
4,8,size9_comp0.4_grid8_base_low,9,0.4,low,base,base,6,4,10,6,2,1,1,1,1,1,11,39,0.2564102564102564,0.6153846153846154,0.75,0.5555555555555556,1,4,18,16,18,4,4,12,26,12,5,1,0.02564102564102564
5,8,size9_comp0.4_grid8_base_low,9,0.4,low,base,base,6,4,10,6,2,1,1,1,0,1,5,48,0.0,0.5,1.0,0.42857142857142855,4,6,18,20,11,10,10,16,33,14,1,4,0.08333333333333333
6,8,size9_comp0.4_grid8_base_low,9,0.4,low,base,base,6,4,10,6,2,1,1,1,0,1,14,48,0.0,0.5208333333333334,0.6666666666666666,0.45454545454545453,2,2,21,23,22,7,1,17,37,16,3,2,0.041666666666666664
7,8,size9_comp0.4_grid8_base_low,9,0.4,low,base,base,6,4,10,6,2,1,1,1,0,1,7,48,0.0,0.5416666666666666,0.875,0.475,5,9,19,15,8,9,12,18,37,17,1,4,0.08333333333333333
8,8,size9_comp0.4_grid8_base_low,9,0.4,low,base,base,6,4,10,6,2,1,1,1,0,1,9,48,0.0,0.5208333333333334,0.8,0.4473684210526316,3,6,24,15,21,8,7,11,35,10,1,7,0.14583333333333334
9,8,size9_comp0.4_grid8_base_low,9,0.4,low,base,base,6,4,10,6,2,1,1,1,0,1,7,48,0.0,0.375,0.875,0.275,3,8,17,20,17,6,12,12,37,7,2,20,0.4166666666666667
0,9,size9_comp0.4_grid9_base_low,9,0.4,low,base,base,4,6,10,6,4,1,1,1,0,1,19,48,0.0,0.3333333333333333,0.4,0.2857142857142857,8,1,22,16,23,2,6,14,34,9,10,20,0.4166666666666667
1,9,size9_comp0.4_grid9_base_low,9,0.4,low,base,base,4,6,10,6,4,1,1,1,1,1,9,20,0.5,0.6,0.5,0.7,7,0,5,8,5,7,4,3,9,2,1,6,0.3
2,9,size9_comp0.4_grid9_base_low,9,0.4,low,base,base,4,6,10,6,4,1,1,1,0,1,19,48,0.0,0.4375,0.55,0.35714285714285715,4,1,22,16,9,4,5,19,33,16,2,7,0.14583333333333334
3,9,size9_comp0.4_grid9_base_low,9,0.4,low,base,base,4,6,10,6,4,1,1,1,0,1,11,48,0.0,0.22916666666666666,0.4166666666666667,0.16666666666666666,9,1,10,21,18,5,6,7,39,5,8,22,0.4583333333333333
4,9,size9_comp0.4_grid9_base_low,9,0.4,low,base,base,4,6,10,6,4,1,1,1,0,0,-1,48,0.0,0.3333333333333333,0.3333333333333333,0.0,5,2,22,19,20,7,5,15,31,10,0,17,0.3541666666666667
5,9,size9_comp0.4_grid9_base_low,9,0.4,low,base,base,4,6,10,6,4,1,1,1,0,1,6,48,0.0,0.4375,0.7142857142857143,0.3902439024390244,5,3,17,15,6,9,5,14,36,10,12,5,0.10416666666666667
6,9,size9_comp0.4_grid9_base_low,9,0.4,low,base,base,4,6,10,6,4,1,1,1,0,1,7,48,0.0,0.3125,0.625,0.25,5,0,16,20,14,3,4,15,38,10,4,16,0.3333333333333333
7,9,size9_comp0.4_grid9_base_low,9,0.4,low,base,base,4,6,10,6,4,1,1,1,0,1,24,48,0.0,0.3541666666666667,0.44,0.2608695652173913,6,2,17,22,20,4,9,12,33,10,9,16,0.3333333333333333
8,9,size9_comp0.4_grid9_base_low,9,0.4,low,base,base,4,6,10,6,4,1,1,1,0,1,16,48,0.0,0.3958333333333333,0.5294117647058824,0.3225806451612903,5,0,18,17,7,5,4,16,35,13,4,7,0.14583333333333334
9,9,size9_comp0.4_grid9_base_low,9,0.4,low,base,base,4,6,10,6,4,1,1,1,0,1,8,48,0.0,0.3125,0.6666666666666666,0.23076923076923078,7,0,19,14,14,3,10,7,33,6,1,13,0.2708333333333333
0,0,size9_comp0.6_grid0_base_low,9,0.6,low,base,base,11,3,14,8,3,1,1,1,0,0,-1,48,0.0,0.25,0.25,0.0,10,3,26,9,12,7,14,14,41,9,0,24,0.5
1,0,size9_comp0.6_grid0_base_low,9,0.6,low,base,base,11,3,14,8,3,1,1,1,0,0,-1,48,0.0,0.22916666666666666,0.22916666666666666,0.0,2,0,38,8,31,2,1,13,43,6,0,29,0.6041666666666666
2,0,size9_comp0.6_grid0_base_low,9,0.6,low,base,base,11,3,14,8,3,1,1,1,0,0,-1,48,0.0,0.25,0.25,0.0,2,0,36,10,32,3,1,11,41,6,0,28,0.5833333333333334
3,0,size9_comp0.6_grid0_base_low,9,0.6,low,base,base,11,3,14,8,3,1,1,1,0,0,-1,48,0.0,0.20833333333333334,0.20833333333333334,0.0,2,0,35,11,30,2,2,13,43,7,0,32,0.6666666666666666
4,0,size9_comp0.6_grid0_base_low,9,0.6,low,base,base,11,3,14,8,3,1,1,1,0,0,-1,48,0.0,0.375,0.375,0.0,7,0,28,13,19,7,5,16,33,11,0,17,0.3541666666666667
5,0,size9_comp0.6_grid0_base_low,9,0.6,low,base,base,11,3,14,8,3,1,1,1,0,0,-1,48,0.0,0.20833333333333334,0.20833333333333334,0.0,2,0,37,9,32,4,0,11,43,5,0,32,0.6666666666666666
6,0,size9_comp0.6_grid0_base_low,9,0.6,low,base,base,11,3,14,8,3,1,1,1,0,0,-1,48,0.0,0.125,0.125,0.0,18,1,24,5,17,8,13,9,43,6,0,36,0.75
7,0,size9_comp0.6_grid0_base_low,9,0.6,low,base,base,11,3,14,8,3,1,1,1,0,0,-1,48,0.0,0.20833333333333334,0.20833333333333334,0.0,2,0,39,7,33,2,0,12,42,6,0,32,0.6666666666666666
8,0,size9_comp0.6_grid0_base_low,9,0.6,low,base,base,11,3,14,8,3,1,1,1,0,0,-1,48,0.0,0.20833333333333334,0.20833333333333334,0.0,2,0,39,7,33,1,1,12,42,7,0,32,0.6666666666666666
9,0,size9_comp0.6_grid0_base_low,9,0.6,low,base,base,11,3,14,8,3,1,1,1,0,0,-1,48,0.0,0.25,0.25,0.0,10,0,27,11,20,6,6,15,41,10,0,26,0.5416666666666666
0,1,size9_comp0.6_grid1_base_low,9,0.6,low,base,base,5,11,16,8,4,1,1,1,0,0,-1,48,0.0,0.125,0.125,0.0,5,3,31,9,21,6,9,11,43,0,0,39,0.8125
1,1,size9_comp0.6_grid1_base_low,9,0.6,low,base,base,5,11,16,8,4,1,1,1,0,0,-1,48,0.0,0.14583333333333334,0.14583333333333334,0.0,3,2,17,26,24,4,6,13,43,3,0,33,0.6875
2,1,size9_comp0.6_grid1_base_low,9,0.6,low,base,base,5,11,16,8,4,1,1,1,0,0,-1,48,0.0,0.3541666666666667,0.3541666666666667,0.0,4,2,25,17,19,4,7,17,40,15,0,14,0.2916666666666667
3,1,size9_comp0.6_grid1_base_low,9,0.6,low,base,base,5,11,16,8,4,1,1,1,0,0,-1,48,0.0,0.08333333333333333,0.08333333333333333,0.0,3,3,6,36,32,3,9,3,43,0,0,40,0.8333333333333334
4,1,size9_comp0.6_grid1_base_low,9,0.6,low,base,base,5,11,16,8,4,1,1,1,0,0,-1,48,0.0,0.14583333333333334,0.14583333333333334,0.0,4,3,25,16,19,7,5,16,40,3,0,33,0.6875
5,1,size9_comp0.6_grid1_base_low,9,0.6,low,base,base,5,11,16,8,4,1,1,1,0,0,-1,48,0.0,0.125,0.125,0.0,6,3,19,20,23,6,6,12,42,4,0,36,0.75
6,1,size9_comp0.6_grid1_base_low,9,0.6,low,base,base,5,11,16,8,4,1,1,1,0,0,-1,48,0.0,0.08333333333333333,0.08333333333333333,0.0,4,1,23,20,25,3,5,14,42,2,0,40,0.8333333333333334
7,1,size9_comp0.6_grid1_base_low,9,0.6,low,base,base,5,11,16,8,4,1,1,1,0,0,-1,48,0.0,0.1875,0.1875,0.0,4,2,16,26,21,4,4,18,43,9,0,30,0.625
8,1,size9_comp0.6_grid1_base_low,9,0.6,low,base,base,5,11,16,8,4,1,1,1,0,0,-1,48,0.0,0.3125,0.3125,0.0,4,5,22,17,14,9,7,17,42,15,0,18,0.375
9,1,size9_comp0.6_grid1_base_low,9,0.6,low,base,base,5,11,16,8,4,1,1,1,0,0,-1,48,0.0,0.3541666666666667,0.3541666666666667,0.0,4,6,20,18,14,6,8,19,40,17,0,13,0.2708333333333333
0,2,size9_comp0.6_grid2_base_low,9,0.6,low,base,base,9,10,19,5,9,1,1,1,0,0,-1,48,0.0,0.375,0.375,0.0,0,2,19,27,20,2,2,23,43,21,0,13,0.2708333333333333
1,2,size9_comp0.6_grid2_base_low,9,0.6,low,base,base,9,10,19,5,9,1,1,1,0,0,-1,48,0.0,0.3125,0.3125,0.0,4,9,13,22,17,7,13,10,37,6,0,19,0.3958333333333333
2,2,size9_comp0.6_grid2_base_low,9,0.6,low,base,base,9,10,19,5,9,1,1,1,0,0,-1,48,0.0,0.3958333333333333,0.3958333333333333,0.0,2,5,19,22,15,5,5,22,38,20,0,12,0.25
3,2,size9_comp0.6_grid2_base_low,9,0.6,low,base,base,9,10,19,5,9,1,1,1,0,0,-1,48,0.0,0.3125,0.3125,0.0,1,6,19,22,29,3,5,10,38,6,0,25,0.5208333333333334
4,2,size9_comp0.6_grid2_base_low,9,0.6,low,base,base,9,10,19,5,9,1,1,1,0,0,-1,48,0.0,0.2916666666666667,0.2916666666666667,0.0,0,7,15,26,19,6,5,17,44,10,0,21,0.4375
5,2,size9_comp0.6_grid2_base_low,9,0.6,low,base,base,9,10,19,5,9,1,1,1,0,0,-1,48,0.0,0.3958333333333333,0.3958333333333333,0.0,3,5,19,21,14,6,5,22,41,16,0,12,0.25
6,2,size9_comp0.6_grid2_base_low,9,0.6,low,base,base,9,10,19,5,9,1,1,1,0,0,-1,48,0.0,0.3125,0.3125,0.0,2,12,12,22,17,12,8,10,36,6,0,20,0.4166666666666667
7,2,size9_comp0.6_grid2_base_low,9,0.6,low,base,base,9,10,19,5,9,1,1,1,0,0,-1,48,0.0,0.375,0.375,0.0,6,6,16,20,11,9,11,16,37,14,0,15,0.3125
8,2,size9_comp0.6_grid2_base_low,9,0.6,low,base,base,9,10,19,5,9,1,1,1,0,0,-1,48,0.0,0.3125,0.3125,0.0,5,5,14,24,18,9,7,13,36,9,0,21,0.4375
9,2,size9_comp0.6_grid2_base_low,9,0.6,low,base,base,9,10,19,5,9,1,1,1,0,0,-1,48,0.0,0.3333333333333333,0.3333333333333333,0.0,4,7,13,24,18,7,9,13,38,8,0,18,0.375
0,3,size9_comp0.6_grid3_base_low,9,0.6,low,base,base,12,3,15,9,3,1,1,1,1,0,-1,26,0.0,0.46153846153846156,0.46153846153846156,0.0,1,11,11,3,6,7,8,4,16,3,0,11,0.4230769230769231
1,3,size9_comp0.6_grid3_base_low,9,0.6,low,base,base,12,3,15,9,3,1,1,1,1,0,-1,40,0.0,0.375,0.375,0.0,2,16,18,4,16,8,14,1,28,1,0,19,0.475
2,3,size9_comp0.6_grid3_base_low,9,0.6,low,base,base,12,3,15,9,3,1,1,1,1,0,-1,25,0.0,0.4,0.4,0.0,0,17,6,2,14,6,4,0,14,0,0,14,0.56
3,3,size9_comp0.6_grid3_base_low,9,0.6,low,base,base,12,3,15,9,3,1,1,1,1,0,-1,17,0.0,0.6470588235294118,0.6470588235294118,0.0,1,7,7,2,4,7,4,1,5,0,0,4,0.23529411764705882
4,3,size9_comp0.6_grid3_base_low,9,0.6,low,base,base,12,3,15,9,3,1,1,1,1,0,-1,19,0.0,0.5263157894736842,0.5263157894736842,0.0,0,9,9,1,8,4,5,1,8,0,0,8,0.42105263157894735
5,3,size9_comp0.6_grid3_base_low,9,0.6,low,base,base,12,3,15,9,3,1,1,1,1,0,-1,31,0.0,0.41935483870967744,0.41935483870967744,0.0,1,13,12,5,10,6,9,5,21,3,0,14,0.45161290322580644
6,3,size9_comp0.6_grid3_base_low,9,0.6,low,base,base,12,3,15,9,3,1,1,1,1,0,-1,20,0.0,0.55,0.55,0.0,0,10,8,2,7,6,4,2,9,2,0,7,0.35
7,3,size9_comp0.6_grid3_base_low,9,0.6,low,base,base,12,3,15,9,3,1,1,1,1,0,-1,21,0.0,0.5714285714285714,0.5714285714285714,0.0,0,9,9,3,4,8,6,2,10,1,0,6,0.2857142857142857
8,3,size9_comp0.6_grid3_base_low,9,0.6,low,base,base,12,3,15,9,3,1,1,1,1,0,-1,12,0.0,0.8333333333333334,0.8333333333333334,0.0,0,5,6,1,5,4,2,0,1,0,0,1,0.08333333333333333
9,3,size9_comp0.6_grid3_base_low,9,0.6,low,base,base,12,3,15,9,3,1,1,1,1,0,-1,15,0.0,0.6666666666666666,0.6666666666666666,0.0,0,8,6,1,3,5,6,0,5,0,0,4,0.26666666666666666
0,4,size9_comp0.6_grid4_base_low,9,0.6,low,base,base,9,8,17,3,8,1,1,1,1,0,-1,5,0.0,0.6,0.6,0.0,0,0,1,4,2,0,0,2,2,2,0,0,0.0
1,4,size9_comp0.6_grid4_base_low,9,0.6,low,base,base,9,8,17,3,8,1,1,1,1,0,-1,9,0.0,0.5555555555555556,0.5555555555555556,0.0,0,0,3,6,4,0,0,4,6,4,0,0,0.0
2,4,size9_comp0.6_grid4_base_low,9,0.6,low,base,base,9,8,17,3,8,1,1,1,1,0,-1,3,0.0,0.6666666666666666,0.6666666666666666,0.0,0,0,0,3,2,0,0,0,0,0,0,0,0.0
3,4,size9_comp0.6_grid4_base_low,9,0.6,low,base,base,9,8,17,3,8,1,1,1,1,0,-1,7,0.0,0.5714285714285714,0.5714285714285714,0.0,0,0,2,5,2,0,0,4,4,4,0,0,0.0
4,4,size9_comp0.6_grid4_base_low,9,0.6,low,base,base,9,8,17,3,8,1,1,1,1,0,-1,3,0.0,0.6666666666666666,0.6666666666666666,0.0,0,0,0,3,2,0,0,0,0,0,0,0,0.0
5,4,size9_comp0.6_grid4_base_low,9,0.6,low,base,base,9,8,17,3,8,1,1,1,1,0,-1,15,0.0,0.5333333333333333,0.5333333333333333,0.0,0,0,6,9,4,0,0,10,12,10,0,0,0.0
6,4,size9_comp0.6_grid4_base_low,9,0.6,low,base,base,9,8,17,3,8,1,1,1,1,0,-1,9,0.0,0.5555555555555556,0.5555555555555556,0.0,0,0,3,6,2,0,0,6,6,6,0,0,0.0
7,4,size9_comp0.6_grid4_base_low,9,0.6,low,base,base,9,8,17,3,8,1,1,1,0,0,-1,48,0.0,0.4375,0.4375,0.0,4,4,21,19,19,6,5,17,39,12,0,12,0.25
8,4,size9_comp0.6_grid4_base_low,9,0.6,low,base,base,9,8,17,3,8,1,1,1,1,0,-1,13,0.0,0.5384615384615384,0.5384615384615384,0.0,0,0,5,8,4,0,0,8,10,8,0,0,0.0
9,4,size9_comp0.6_grid4_base_low,9,0.6,low,base,base,9,8,17,3,8,1,1,1,0,0,-1,48,0.0,0.4375,0.4375,0.0,4,6,20,18,6,5,12,24,39,20,0,9,0.1875
0,5,size9_comp0.6_grid5_base_low,9,0.6,low,base,base,3,9,12,6,3,1,1,1,0,1,24,48,0.0,0.25,0.32,0.17391304347826086,2,2,20,24,22,3,3,19,39,8,0,30,0.625
1,5,size9_comp0.6_grid5_base_low,9,0.6,low,base,base,3,9,12,6,3,1,1,1,0,1,2,48,0.0,0.2708333333333333,1.0,0.2222222222222222,3,4,21,20,20,3,8,16,43,12,14,24,0.5
2,5,size9_comp0.6_grid5_base_low,9,0.6,low,base,base,3,9,12,6,3,1,1,1,0,1,6,48,0.0,0.22916666666666666,0.42857142857142855,0.1951219512195122,3,3,14,28,19,4,8,16,44,4,3,32,0.6666666666666666
3,5,size9_comp0.6_grid5_base_low,9,0.6,low,base,base,3,9,12,6,3,1,1,1,0,1,6,48,0.0,0.2916666666666667,0.42857142857142855,0.2682926829268293,3,3,11,31,21,4,7,15,42,11,13,25,0.5208333333333334
4,5,size9_comp0.6_grid5_base_low,9,0.6,low,base,base,3,9,12,6,3,1,1,1,0,1,9,48,0.0,0.22916666666666666,0.3,0.21052631578947367,4,3,18,23,21,5,7,14,41,3,2,32,0.6666666666666666
5,5,size9_comp0.6_grid5_base_low,9,0.6,low,base,base,3,9,12,6,3,1,1,1,0,0,-1,48,0.0,0.2708333333333333,0.2708333333333333,0.0,7,1,22,18,24,3,7,13,37,10,0,19,0.3958333333333333
6,5,size9_comp0.6_grid5_base_low,9,0.6,low,base,base,3,9,12,6,3,1,1,1,0,1,4,48,0.0,0.4166666666666667,0.6,0.3953488372093023,4,4,18,22,14,13,3,17,40,11,8,13,0.2708333333333333
7,5,size9_comp0.6_grid5_base_low,9,0.6,low,base,base,3,9,12,6,3,1,1,1,0,1,3,48,0.0,0.2708333333333333,0.75,0.22727272727272727,4,6,8,30,25,9,8,5,41,2,6,27,0.5625
8,5,size9_comp0.6_grid5_base_low,9,0.6,low,base,base,3,9,12,6,3,1,1,1,0,1,3,48,0.0,0.3125,0.75,0.2727272727272727,5,5,16,22,19,8,8,12,43,10,11,22,0.4583333333333333
9,5,size9_comp0.6_grid5_base_low,9,0.6,low,base,base,3,9,12,6,3,1,1,1,0,1,10,48,0.0,0.3125,0.2727272727272727,0.32432432432432434,4,7,16,21,14,10,7,16,43,7,11,22,0.4583333333333333
0,6,size9_comp0.6_grid6_base_low,9,0.6,low,base,base,3,6,9,3,3,1,1,1,1,0,-1,8,0.0,0.25,0.25,0.0,2,0,4,2,0,1,2,4,5,4,0,1,0.125
1,6,size9_comp0.6_grid6_base_low,9,0.6,low,base,base,3,6,9,3,3,1,1,1,0,1,6,48,0.0,0.2708333333333333,0.42857142857142855,0.24390243902439024,1,1,35,11,26,3,0,18,43,10,17,26,0.5416666666666666
2,6,size9_comp0.6_grid6_base_low,9,0.6,low,base,base,3,6,9,3,3,1,1,1,1,0,-1,3,0.0,0.0,0.0,0.0,1,0,2,0,1,0,1,0,0,0,0,0,0.0
3,6,size9_comp0.6_grid6_base_low,9,0.6,low,base,base,3,6,9,3,3,1,1,1,1,0,-1,3,0.0,0.0,0.0,0.0,1,0,2,0,1,0,1,0,0,0,0,0,0.0
4,6,size9_comp0.6_grid6_base_low,9,0.6,low,base,base,3,6,9,3,3,1,1,1,1,0,-1,6,0.0,0.16666666666666666,0.16666666666666666,0.0,2,1,2,1,2,3,0,0,2,0,0,1,0.16666666666666666
5,6,size9_comp0.6_grid6_base_low,9,0.6,low,base,base,3,6,9,3,3,1,1,1,0,1,2,48,0.0,0.22916666666666666,1.0,0.17777777777777778,1,0,38,9,32,1,1,13,43,10,14,30,0.625
6,6,size9_comp0.6_grid6_base_low,9,0.6,low,base,base,3,6,9,3,3,1,1,1,1,0,-1,5,0.0,0.2,0.2,0.0,1,0,3,1,1,0,1,2,2,2,0,0,0.0
7,6,size9_comp0.6_grid6_base_low,9,0.6,low,base,base,3,6,9,3,3,1,1,1,1,0,-1,5,0.0,0.2,0.2,0.0,1,0,3,1,1,0,1,2,2,2,0,0,0.0
8,6,size9_comp0.6_grid6_base_low,9,0.6,low,base,base,3,6,9,3,3,1,1,1,0,1,10,48,0.0,0.2916666666666667,0.45454545454545453,0.24324324324324326,1,0,35,12,32,2,0,13,40,8,13,24,0.5
9,6,size9_comp0.6_grid6_base_low,9,0.6,low,base,base,3,6,9,3,3,1,1,1,1,0,-1,4,0.0,0.0,0.0,0.0,2,0,2,0,1,1,1,0,1,0,0,1,0.25
0,7,size9_comp0.6_grid7_base_low,9,0.6,low,base,base,6,9,15,5,5,1,1,1,0,0,-1,48,0.0,0.22916666666666666,0.22916666666666666,0.0,8,3,14,23,12,9,10,16,42,8,0,24,0.5
1,7,size9_comp0.6_grid7_base_low,9,0.6,low,base,base,6,9,15,5,5,1,1,1,0,0,-1,48,0.0,0.20833333333333334,0.20833333333333334,0.0,7,4,16,21,10,9,8,20,42,6,0,27,0.5625
2,7,size9_comp0.6_grid7_base_low,9,0.6,low,base,base,6,9,15,5,5,1,1,1,1,0,-1,34,0.0,0.3235294117647059,0.3235294117647059,0.0,7,5,10,12,4,8,11,10,26,9,0,9,0.2647058823529412
3,7,size9_comp0.6_grid7_base_low,9,0.6,low,base,base,6,9,15,5,5,1,1,1,0,0,-1,48,0.0,0.2708333333333333,0.2708333333333333,0.0,5,2,15,26,16,5,9,17,39,9,0,22,0.4583333333333333
4,7,size9_comp0.6_grid7_base_low,9,0.6,low,base,base,6,9,15,5,5,1,1,1,0,0,-1,48,0.0,0.2916666666666667,0.2916666666666667,0.0,6,6,20,16,12,14,5,16,43,12,0,20,0.4166666666666667
5,7,size9_comp0.6_grid7_base_low,9,0.6,low,base,base,6,9,15,5,5,1,1,1,1,0,-1,12,0.0,0.16666666666666666,0.16666666666666666,0.0,3,0,2,7,4,2,4,1,6,1,0,5,0.4166666666666667
6,7,size9_comp0.6_grid7_base_low,9,0.6,low,base,base,6,9,15,5,5,1,1,1,0,0,-1,48,0.0,0.22916666666666666,0.22916666666666666,0.0,5,3,20,20,15,7,6,19,43,8,0,27,0.5625
7,7,size9_comp0.6_grid7_base_low,9,0.6,low,base,base,6,9,15,5,5,1,1,1,0,0,-1,48,0.0,0.22916666666666666,0.22916666666666666,0.0,8,6,15,19,13,8,12,14,44,8,0,26,0.5416666666666666
8,7,size9_comp0.6_grid7_base_low,9,0.6,low,base,base,6,9,15,5,5,1,1,1,1,0,-1,19,0.0,0.21052631578947367,0.21052631578947367,0.0,8,2,2,7,4,4,7,3,14,3,0,8,0.42105263157894735
9,7,size9_comp0.6_grid7_base_low,9,0.6,low,base,base,6,9,15,5,5,1,1,1,0,0,-1,48,0.0,0.1875,0.1875,0.0,9,4,19,16,15,13,7,12,43,4,0,29,0.6041666666666666
0,8,size9_comp0.6_grid8_base_low,9,0.6,low,base,base,4,8,12,4,4,1,1,1,0,0,-1,48,0.0,0.16666666666666666,0.16666666666666666,0.0,1,2,34,11,28,2,4,13,39,4,0,32,0.6666666666666666
1,8,size9_comp0.6_grid8_base_low,9,0.6,low,base,base,4,8,12,4,4,1,1,1,0,0,-1,48,0.0,0.5,0.5,0.0,4,3,22,19,11,5,8,23,38,23,0,0,0.0
2,8,size9_comp0.6_grid8_base_low,9,0.6,low,base,base,4,8,12,4,4,1,1,1,0,0,-1,48,0.0,0.4791666666666667,0.4791666666666667,0.0,6,8,19,15,8,4,18,17,35,16,0,3,0.0625
3,8,size9_comp0.6_grid8_base_low,9,0.6,low,base,base,4,8,12,4,4,1,1,1,0,0,-1,48,0.0,0.4583333333333333,0.4583333333333333,0.0,6,6,19,17,11,5,14,17,34,15,0,4,0.08333333333333333
4,8,size9_comp0.6_grid8_base_low,9,0.6,low,base,base,4,8,12,4,4,1,1,1,0,0,-1,48,0.0,0.4791666666666667,0.4791666666666667,0.0,8,5,18,17,13,12,7,15,37,15,0,3,0.0625
5,8,size9_comp0.6_grid8_base_low,9,0.6,low,base,base,4,8,12,4,4,1,1,1,0,0,-1,48,0.0,0.5,0.5,0.0,5,5,20,18,9,9,2,27,41,25,0,1,0.020833333333333332
6,8,size9_comp0.6_grid8_base_low,9,0.6,low,base,base,4,8,12,4,4,1,1,1,0,1,29,48,0.0,0.4791666666666667,0.5333333333333333,0.3888888888888889,6,5,22,15,18,6,10,13,35,12,4,6,0.125
7,8,size9_comp0.6_grid8_base_low,9,0.6,low,base,base,4,8,12,4,4,1,1,1,0,0,-1,48,0.0,0.5208333333333334,0.5208333333333334,0.0,4,4,21,19,13,6,6,22,35,21,0,0,0.0
8,8,size9_comp0.6_grid8_base_low,9,0.6,low,base,base,4,8,12,4,4,1,1,1,0,0,-1,48,0.0,0.5,0.5,0.0,5,4,20,19,13,5,7,22,37,21,0,0,0.0
9,8,size9_comp0.6_grid8_base_low,9,0.6,low,base,base,4,8,12,4,4,1,1,1,0,0,-1,48,0.0,0.4791666666666667,0.4791666666666667,0.0,7,5,18,18,17,2,10,18,37,17,0,1,0.020833333333333332
0,9,size9_comp0.6_grid9_base_low,9,0.6,low,base,base,6,5,11,3,5,1,1,1,0,0,-1,48,0.0,0.2708333333333333,0.2708333333333333,0.0,6,14,16,12,15,8,15,9,39,4,0,25,0.5208333333333334
1,9,size9_comp0.6_grid9_base_low,9,0.6,low,base,base,6,5,11,3,5,1,1,1,1,0,-1,38,0.0,0.3157894736842105,0.3157894736842105,0.0,7,6,15,10,11,6,11,9,29,5,0,15,0.39473684210526316
2,9,size9_comp0.6_grid9_base_low,9,0.6,low,base,base,6,5,11,3,5,1,1,1,1,1,27,38,0.2894736842105263,0.4473684210526316,0.39285714285714285,0.6,6,5,19,8,13,9,7,8,27,7,1,15,0.39473684210526316
3,9,size9_comp0.6_grid9_base_low,9,0.6,low,base,base,6,5,11,3,5,1,1,1,1,1,11,20,0.55,0.65,0.6666666666666666,0.625,5,4,6,5,8,3,3,5,10,4,1,5,0.25
4,9,size9_comp0.6_grid9_base_low,9,0.6,low,base,base,6,5,11,3,5,1,1,1,1,0,-1,28,0.0,0.2857142857142857,0.2857142857142857,0.0,6,6,6,10,9,7,9,2,19,2,0,13,0.4642857142857143
5,9,size9_comp0.6_grid9_base_low,9,0.6,low,base,base,6,5,11,3,5,1,1,1,1,0,-1,32,0.0,0.3125,0.3125,0.0,5,4,15,8,10,5,8,8,23,6,0,13,0.40625
6,9,size9_comp0.6_grid9_base_low,9,0.6,low,base,base,6,5,11,3,5,1,1,1,1,0,-1,17,0.0,0.35294117647058826,0.35294117647058826,0.0,6,5,4,2,2,2,7,5,8,1,0,6,0.35294117647058826
7,9,size9_comp0.6_grid9_base_low,9,0.6,low,base,base,6,5,11,3,5,1,1,1,1,0,-1,4,0.0,0.5,0.5,0.0,1,0,3,0,1,1,1,0,1,0,0,1,0.25
8,9,size9_comp0.6_grid9_base_low,9,0.6,low,base,base,6,5,11,3,5,1,1,1,1,0,-1,31,0.0,0.2903225806451613,0.2903225806451613,0.0,6,5,11,9,12,4,6,8,21,3,0,14,0.45161290322580644
9,9,size9_comp0.6_grid9_base_low,9,0.6,low,base,base,6,5,11,3,5,1,1,1,1,0,-1,3,0.0,0.6666666666666666,0.6666666666666666,0.0,1,0,2,0,0,1,1,0,0,0,0,0,0.0
