trajectory_id,grid_id,grid_key,grid_size,density,reasoning_effort,transform_type,trajectory_category,start_to_coin_distance,coin_to_goal_distance,start_to_goal_via_coin_distance,start_to_goal_distance,coin_detour_distance,coin_reachable_from_start,goal_reachable_from_start,goal_reachable_from_coin,reached_goal,coin_collected,coin_collection_step,trajectory_length,spl,action_accuracy,action_accuracy_phase1,action_accuracy_phase2,num_actions_up,num_actions_down,num_actions_left,num_actions_right,num_steps_front,num_steps_left_turn,num_steps_right_turn,num_steps_back,num_cell_revisits,num_immediate_revisits,num_coin_oscillations,num_invalid_actions,invalid_action_rate,preferred_quadrant,quadrant_entropy,quadrant_count_ul,quadrant_count_ur,quadrant_count_dl,quadrant_count_dr,quadrant_count_midline,quadrant_fraction_ul,quadrant_fraction_ur,quadrant_fraction_dl,quadrant_fraction_dr,quadrant_fraction_midline,preferred_corner,corner_fraction_ul,corner_fraction_ur,corner_fraction_dl,corner_fraction_dr,max_corner_dwell_run,start_quadrant,terminal_quadrant,coin_quadrant,preferred_quadrant_contains_start,preferred_quadrant_contains_coin,preferred_corner_contains_start,preferred_corner_contains_goal,preferred_corner_contains_coin
0,0,size11_comp0.0_grid0_base_low,11,0.0,low,base,base,4,4,8,6,1,1,1,1,0,1,3,64,0.0,0.453125,1.0,0.4166666666666667,11,18,18,17,21,12,11,19,34,17,0,2,0.03125,DR,1.4854752972273344,0,10,15,25,14,0.0,0.2,0.3,0.5,0.21875,DR,0.0,0.0,0.0,0.03125,1,midline,ur,ur,0,0,0,0,0
1,0,size11_comp0.0_grid0_base_low,11,0.0,low,base,base,4,4,8,6,1,1,1,1,0,0,-1,64,0.0,0.296875,0.296875,0.0,30,5,10,18,20,17,16,8,50,6,0,27,0.421875,UR,0.1222915970693747,1,59,0,0,4,0.016666666666666666,0.9833333333333333,0.0,0.0,0.0625,UR,0.0,0.546875,0.0,0.0,29,midline,ur,ur,0,1,0,0,0
2,0,size11_comp0.0_grid0_base_low,11,0.0,low,base,base,4,4,8,6,1,1,1,1,0,1,20,64,0.0,0.453125,0.5714285714285714,0.3953488372093023,14,18,17,15,20,11,17,15,31,14,1,2,0.03125,UR,1.8539024560744093,6,15,5,13,25,0.15384615384615385,0.38461538461538464,0.1282051282051282,0.3333333333333333,0.390625,,0.0,0.0,0.0,0.0,0,midline,ur,ur,0,1,0,0,0
3,0,size11_comp0.0_grid0_base_low,11,0.0,low,base,base,4,4,8,6,1,1,1,1,1,0,-1,14,0.0,0.5,0.5,0.0,4,2,2,6,4,4,2,3,4,3,0,0,0.0,UR,-0.0,0,4,0,0,10,0.0,1.0,0.0,0.0,0.7142857142857143,,0.0,0.0,0.0,0.0,0,midline,ur,ur,0,1,0,0,0
4,0,size11_comp0.0_grid0_base_low,11,0.0,low,base,base,4,4,8,6,1,1,1,1,0,1,5,64,0.0,0.453125,0.8333333333333334,0.41379310344827586,18,25,11,10,12,14,18,19,34,17,1,2,0.03125,DL,1.4687316183885248,0,12,23,9,20,0.0,0.2727272727272727,0.5227272727272727,0.20454545454545456,0.3125,DL,0.0,0.0,0.078125,0.0,4,midline,ur,ur,0,0,0,0,0
5,0,size11_comp0.0_grid0_base_low,11,0.0,low,base,base,4,4,8,6,1,1,1,1,0,1,13,64,0.0,0.453125,0.6428571428571429,0.4,14,23,13,14,16,12,13,22,40,20,1,4,0.0625,DR,1.7022956711473904,2,15,8,19,20,0.045454545454545456,0.3409090909090909,0.18181818181818182,0.4318181818181818,0.3125,,0.0,0.0,0.0,0.0,0,midline,ur,ur,0,0,0,0,0
6,0,size11_comp0.0_grid0_base_low,11,0.0,low,base,base,4,4,8,6,1,1,1,1,1,0,-1,29,0.0,0.4482758620689655,0.4482758620689655,0.0,10,5,5,9,5,10,9,4,14,4,0,3,0.10344827586206896,UR,0.24988229283318544,1,23,0,0,5,0.041666666666666664,0.9583333333333334,0.0,0.0,0.1724137931034483,UR,0.0,0.41379310344827586,0.0,0.0,6,midline,ur,ur,0,1,0,0,0
7,0,size11_comp0.0_grid0_base_low,11,0.0,low,base,base,4,4,8,6,1,1,1,1,0,1,38,64,0.0,0.453125,0.5384615384615384,0.32,14,18,17,15,16,19,16,12,34,10,0,2,0.03125,UR,1.2496392378801418,5,22,6,0,31,0.15151515151515152,0.6666666666666666,0.18181818181818182,0.0,0.484375,UR,0.0,0.015625,0.0,0.0,1,midline,ur,ur,0,1,0,0,0
8,0,size11_comp0.0_grid0_base_low,11,0.0,low,base,base,4,4,8,6,1,1,1,1,1,1,10,48,0.16666666666666666,0.5625,0.6363636363636364,0.5405405405405406,16,13,7,12,8,12,9,18,32,17,1,2,0.041666666666666664,UR,-0.0,0,38,0,0,10,0.0,1.0,0.0,0.0,0.20833333333333334,UR,0.0,0.041666666666666664,0.0,0.0,1,midline,ur,ur,0,1,0,0,0
9,0,size11_comp0.0_grid0_base_low,11,0.0,low,base,base,4,4,8,6,1,1,1,1,0,1,51,64,0.0,0.46875,0.5384615384615384,0.16666666666666666,15,20,15,14,16,14,14,19,36,19,1,0,0.0,UL,1.6394489514937396,20,13,4,3,24,0.5,0.325,0.1,0.075,0.375,,0.0,0.0,0.0,0.0,0,midline,ur,ur,0,0,0,0,0
0,1,size11_comp0.0_grid1_base_low,11,0.0,low,base,base,8,10,18,6,6,1,1,1,0,0,-1,64,0.0,0.4375,0.4375,0.0,20,10,18,16,18,20,11,14,43,13,0,10,0.15625,UR,0.8886466698980793,15,34,0,0,15,0.30612244897959184,0.6938775510204082,0.0,0.0,0.234375,UR,0.0,0.1875,0.0,0.0,5,ur,dr,ul,1,0,0,0,0
1,1,size11_comp0.0_grid1_base_low,11,0.0,low,base,base,8,10,18,6,6,1,1,1,0,0,-1,64,0.0,0.359375,0.359375,0.0,28,11,12,13,20,14,15,14,51,11,0,20,0.3125,UR,0.21639693245126462,2,56,0,0,6,0.034482758620689655,0.9655172413793104,0.0,0.0,0.09375,UR,0.0,0.515625,0.0,0.0,14,ur,dr,ul,1,0,0,0,0
2,1,size11_comp0.0_grid1_base_low,11,0.0,low,base,base,8,10,18,6,6,1,1,1,0,0,-1,64,0.0,0.421875,0.421875,0.0,26,11,16,11,17,20,16,10,48,6,0,16,0.25,UR,0.345117314944953,4,58,0,0,2,0.06451612903225806,0.9354838709677419,0.0,0.0,0.03125,UR,0.0,0.5,0.0,0.0,8,ur,dr,ul,1,0,0,0,0
3,1,size11_comp0.0_grid1_base_low,11,0.0,low,base,base,8,10,18,6,6,1,1,1,0,0,-1,64,0.0,0.375,0.375,0.0,27,7,17,13,22,13,16,12,45,8,0,20,0.3125,UR,0.7717094696953632,12,41,0,0,11,0.22641509433962265,0.7735849056603774,0.0,0.0,0.171875,UR,0.015625,0.203125,0.0,0.0,8,ur,dr,ul,1,0,0,0,0
4,1,size11_comp0.0_grid1_base_low,11,0.0,low,base,base,8,10,18,6,6,1,1,1,0,0,-1,64,0.0,0.25,0.25,0.0,36,5,11,11,28,13,12,8,53,5,0,32,0.5,UR,-0.0,0,63,0,0,1,0.0,1.0,0.0,0.0,0.015625,UR,0.0,0.53125,0.0,0.0,19,ur,dr,ul,1,0,0,0,0
5,1,size11_comp0.0_grid1_base_low,11,0.0,low,base,base,8,10,18,6,6,1,1,1,0,0,-1,64,0.0,0.359375,0.359375,0.0,29,9,14,12,14,13,19,17,50,11,0,21,0.328125,UR,0.1222915970693747,1,59,0,0,4,0.016666666666666666,0.9833333333333333,0.0,0.0,0.0625,UR,0.0,0.4375,0.0,0.0,9,ur,dr,ul,1,0,0,0,0
6,1,size11_comp0.0_grid1_base_low,11,0.0,low,base,base,8,10,18,6,6,1,1,1,0,0,-1,64,0.0,0.265625,0.265625,0.0,34,6,11,13,23,12,16,12,56,10,0,31,0.484375,UR,-0.0,0,64,0,0,0,0.0,1.0,0.0,0.0,0.0,UR,0.0,0.859375,0.0,0.0,26,ur,dr,ul,1,0,0,0,0
7,1,size11_comp0.0_grid1_base_low,11,0.0,low,base,base,8,10,18,6,6,1,1,1,0,0,-1,64,0.0,0.265625,0.265625,0.0,30,8,9,17,17,19,16,11,58,10,0,29,0.453125,UR,-0.0,0,64,0,0,0,0.0,1.0,0.0,0.0,0.0,UR,0.0,0.84375,0.0,0.0,31,ur,dr,ul,1,0,0,0,0
8,1,size11_comp0.0_grid1_base_low,11,0.0,low,base,base,8,10,18,6,6,1,1,1,0,0,-1,64,0.0,0.375,0.375,0.0,25,8,16,14,15,11,22,13,47,12,0,18,0.28125,UR,0.3372900666170139,3,45,0,0,16,0.0625,0.9375,0.0,0.0,0.25,UR,0.0,0.4375,0.0,0.0,23,ur,dr,ul,1,0,0,0,0
9,1,size11_comp0.0_grid1_base_low,11,0.0,low,base,base,8,10,18,6,6,1,1,1,0,0,-1,64,0.0,0.359375,0.359375,0.0,25,3,20,16,19,16,16,12,56,11,0,22,0.34375,UR,0.4820661480830931,5,43,0,0,16,0.10416666666666667,0.8958333333333334,0.0,0.0,0.25,UR,0.0,0.1875,0.0,0.0,5,ur,dr,ul,1,0,0,0,0
0,2,size11_comp0.0_grid2_base_low,11,0.0,low,base,base,7,5,12,8,2,1,1,1,0,0,-1,64,0.0,0.375,0.375,0.0,22,8,16,18,19,20,14,10,49,9,0,14,0.21875,UR,0.39662777277837885,4,47,0,0,13,0.0784313725490196,0.9215686274509803,0.0,0.0,0.203125,UR,0.0,0.28125,0.0,0.0,11,ul,dr,dl,0,0,0,0,0
1,2,size11_comp0.0_grid2_base_low,11,0.0,low,base,base,7,5,12,8,2,1,1,1,0,0,-1,64,0.0,0.375,0.375,0.0,25,13,11,15,15,13,16,19,49,16,0,13,0.203125,UR,0.6267511370265895,8,43,0,0,13,0.1568627450980392,0.8431372549019608,0.0,0.0,0.203125,UR,0.0,0.015625,0.0,0.0,1,ul,dr,dl,0,0,0,0,0
2,2,size11_comp0.0_grid2_base_low,11,0.0,low,base,base,7,5,12,8,2,1,1,1,0,0,-1,64,0.0,0.3125,0.3125,0.0,24,7,13,20,18,11,21,13,48,11,0,18,0.28125,UR,0.37123232664087563,4,52,0,0,8,0.07142857142857142,0.9285714285714286,0.0,0.0,0.125,UR,0.0,0.40625,0.0,0.0,7,ul,dr,dl,0,0,0,0,0
3,2,size11_comp0.0_grid2_base_low,11,0.0,low,base,base,7,5,12,8,2,1,1,1,0,0,-1,64,0.0,0.4375,0.4375,0.0,17,13,15,19,13,21,15,14,40,12,0,4,0.0625,UR,0.8960382325345574,15,33,0,0,16,0.3125,0.6875,0.0,0.0,0.25,UL,0.078125,0.0,0.0,0.0,5,ul,dr,dl,0,0,0,0,0
4,2,size11_comp0.0_grid2_base_low,11,0.0,low,base,base,7,5,12,8,2,1,1,1,0,0,-1,64,0.0,0.375,0.375,0.0,23,13,11,16,13,19,16,14,47,12,0,11,0.171875,UR,0.3576467062456332,4,55,0,0,5,0.06779661016949153,0.9322033898305084,0.0,0.0,0.078125,UR,0.0,0.25,0.0,0.0,7,ul,dr,dl,0,0,0,0,0
5,2,size11_comp0.0_grid2_base_low,11,0.0,low,base,base,7,5,12,8,2,1,1,1,0,0,-1,64,0.0,0.34375,0.34375,0.0,26,10,12,16,13,16,17,17,51,15,0,16,0.25,UR,0.20307392998664564,2,61,0,0,1,0.031746031746031744,0.9682539682539683,0.0,0.0,0.015625,UR,0.0,0.40625,0.0,0.0,20,ul,dr,dl,0,0,0,0,0
6,2,size11_comp0.0_grid2_base_low,11,0.0,low,base,base,7,5,12,8,2,1,1,1,0,0,-1,64,0.0,0.234375,0.234375,0.0,34,4,11,15,25,15,15,8,52,6,0,30,0.46875,UR,0.39662777277837885,4,47,0,0,13,0.0784313725490196,0.9215686274509803,0.0,0.0,0.203125,UR,0.0,0.28125,0.0,0.0,11,ul,dr,dl,0,0,0,0,0
7,2,size11_comp0.0_grid2_base_low,11,0.0,low,base,base,7,5,12,8,2,1,1,1,0,0,-1,64,0.0,0.421875,0.421875,0.0,21,14,13,16,19,12,14,18,38,15,0,9,0.140625,UR,0.49123734182433315,6,50,0,0,8,0.10714285714285714,0.8928571428571429,0.0,0.0,0.125,UR,0.0,0.21875,0.0,0.0,7,ul,dr,dl,0,0,0,0,0
8,2,size11_comp0.0_grid2_base_low,11,0.0,low,base,base,7,5,12,8,2,1,1,1,0,0,-1,64,0.0,0.40625,0.40625,0.0,23,14,12,15,13,21,14,15,47,12,0,9,0.140625,UR,0.205592508185083,2,60,0,0,2,0.03225806451612903,0.967741935483871,0.0,0.0,0.03125,UR,0.0,0.296875,0.0,0.0,5,ul,dr,dl,0,0,0,0,0
9,2,size11_comp0.0_grid2_base_low,11,0.0,low,base,base,7,5,12,8,2,1,1,1,0,0,-1,64,0.0,0.421875,0.421875,0.0,21,15,12,16,17,8,21,17,47,15,0,6,0.09375,UR,0.3372900666170139,3,45,0,0,16,0.0625,0.9375,0.0,0.0,0.25,UR,0.0,0.015625,0.0,0.0,1,ul,dr,dl,0,0,0,0,0
0,3,size11_comp0.0_grid3_base_low,11,0.0,low,base,base,7,5,12,6,3,1,1,1,1,0,-1,34,0.0,0.47058823529411764,0.47058823529411764,0.0,9,7,7,11,11,6,9,7,22,7,0,4,0.11764705882352941,UR,0.7455178428108284,7,26,0,0,1,0.21212121212121213,0.7878787878787878,0.0,0.0,0.029411764705882353,UR,0.0,0.38235294117647056,0.0,0.0,6,ul,midline,midline,0,0,0,0,0
1,3,size11_comp0.0_grid3_base_low,11,0.0,low,base,base,7,5,12,6,3,1,1,1,0,0,-1,64,0.0,0.5,0.5,0.0,12,13,17,22,12,13,21,17,36,16,0,0,0.0,UR,1.453147172010259,8,21,0,10,25,0.20512820512820512,0.5384615384615384,0.0,0.2564102564102564,0.390625,UR,0.0,0.015625,0.0,0.0,1,ul,midline,midline,0,0,0,0,0
2,3,size11_comp0.0_grid3_base_low,11,0.0,low,base,base,7,5,12,6,3,1,1,1,0,0,-1,64,0.0,0.390625,0.390625,0.0,25,12,11,16,16,10,16,21,48,20,0,11,0.171875,UR,0.27950554563667995,3,59,0,0,2,0.04838709677419355,0.9516129032258065,0.0,0.0,0.03125,UR,0.0,0.40625,0.0,0.0,4,ul,midline,midline,0,0,0,0,0
3,3,size11_comp0.0_grid3_base_low,11,0.0,low,base,base,7,5,12,6,3,1,1,1,0,0,-1,64,0.0,0.484375,0.484375,0.0,19,17,12,16,18,18,14,13,34,13,0,2,0.03125,UR,0.8649816543979745,7,43,3,0,11,0.1320754716981132,0.8113207547169812,0.05660377358490566,0.0,0.171875,UR,0.0,0.125,0.0,0.0,3,ul,midline,midline,0,0,0,0,0
4,3,size11_comp0.0_grid3_base_low,11,0.0,low,base,base,7,5,12,6,3,1,1,1,0,0,-1,64,0.0,0.34375,0.34375,0.0,28,10,10,16,19,16,12,16,48,12,0,17,0.265625,UR,0.21639693245126462,2,56,0,0,6,0.034482758620689655,0.9655172413793104,0.0,0.0,0.09375,UR,0.0,0.625,0.0,0.0,14,ul,midline,midline,0,0,0,0,0
5,3,size11_comp0.0_grid3_base_low,11,0.0,low,base,base,7,5,12,6,3,1,1,1,1,0,-1,6,0.0,0.6666666666666666,0.6666666666666666,0.0,0,2,0,4,1,2,2,0,0,0,0,0,0.0,UL,0.9182958340544896,2,1,0,0,3,0.6666666666666666,0.3333333333333333,0.0,0.0,0.5,,0.0,0.0,0.0,0.0,0,ul,midline,midline,1,0,0,0,0
6,3,size11_comp0.0_grid3_base_low,11,0.0,low,base,base,7,5,12,6,3,1,1,1,1,0,-1,52,0.0,0.5192307692307693,0.5192307692307693,0.0,10,12,13,17,9,14,11,17,28,17,0,0,0.0,UL,1.7884804558265077,14,2,10,11,15,0.3783783783783784,0.05405405405405406,0.2702702702702703,0.2972972972972973,0.28846153846153844,,0.0,0.0,0.0,0.0,0,ul,midline,midline,1,0,0,0,0
7,3,size11_comp0.0_grid3_base_low,11,0.0,low,base,base,7,5,12,6,3,1,1,1,1,0,-1,42,0.0,0.5238095238095238,0.5238095238095238,0.0,10,12,8,12,10,16,3,12,20,12,0,0,0.0,UL,1.6934855078570907,12,1,7,6,16,0.46153846153846156,0.038461538461538464,0.2692307692307692,0.23076923076923078,0.38095238095238093,,0.0,0.0,0.0,0.0,0,ul,midline,midline,1,0,0,0,0
8,3,size11_comp0.0_grid3_base_low,11,0.0,low,base,base,7,5,12,6,3,1,1,1,1,0,-1,22,0.0,0.5454545454545454,0.5454545454545454,0.0,3,5,5,9,6,3,8,4,6,4,0,0,0.0,UL,0.6840384356390417,9,2,0,0,11,0.8181818181818182,0.18181818181818182,0.0,0.0,0.5,,0.0,0.0,0.0,0.0,0,ul,midline,midline,1,0,0,0,0
9,3,size11_comp0.0_grid3_base_low,11,0.0,low,base,base,7,5,12,6,3,1,1,1,0,0,-1,64,0.0,0.4375,0.4375,0.0,15,10,17,22,21,15,12,15,43,12,0,6,0.09375,UR,0.9007196798623593,19,41,0,0,4,0.31666666666666665,0.6833333333333333,0.0,0.0,0.0625,UR,0.0,0.265625,0.0,0.0,4,ul,midline,midline,0,0,0,0,0
0,4,size11_comp0.0_grid4_base_low,11,0.0,low,base,base,7,3,10,6,2,1,1,1,0,0,-1,64,0.0,0.375,0.375,0.0,23,8,12,21,21,13,16,13,46,13,0,15,0.234375,UR,0.49123734182433315,6,50,0,0,8,0.10714285714285714,0.8928571428571429,0.0,0.0,0.125,UR,0.0,0.40625,0.0,0.0,25,ul,midline,midline,0,0,0,0,0
1,4,size11_comp0.0_grid4_base_low,11,0.0,low,base,base,7,3,10,6,2,1,1,1,1,0,-1,24,0.0,0.5833333333333334,0.5833333333333334,0.0,3,4,6,11,6,3,7,7,10,7,0,0,0.0,UL,0.5032583347756457,16,2,0,0,6,0.8888888888888888,0.1111111111111111,0.0,0.0,0.25,UL,0.041666666666666664,0.0,0.0,0.0,1,ul,midline,midline,1,0,0,0,0
2,4,size11_comp0.0_grid4_base_low,11,0.0,low,base,base,7,3,10,6,2,1,1,1,1,1,30,46,0.21739130434782608,0.6086956521739131,0.6129032258064516,0.6,10,11,10,15,9,13,9,14,25,14,6,0,0.0,DL,1.2722595663292233,9,2,15,0,20,0.34615384615384615,0.07692307692307693,0.5769230769230769,0.0,0.43478260869565216,,0.0,0.0,0.0,0.0,0,ul,midline,midline,0,0,0,0,0
3,4,size11_comp0.0_grid4_base_low,11,0.0,low,base,base,7,3,10,6,2,1,1,1,0,0,-1,64,0.0,0.40625,0.40625,0.0,19,8,14,23,14,15,15,19,41,15,0,10,0.15625,UR,1.189731916820733,6,39,12,0,7,0.10526315789473684,0.6842105263157895,0.21052631578947367,0.0,0.109375,UR,0.0,0.46875,0.0,0.0,23,ul,midline,midline,0,0,0,0,0
4,4,size11_comp0.0_grid4_base_low,11,0.0,low,base,base,7,3,10,6,2,1,1,1,0,0,-1,64,0.0,0.375,0.375,0.0,25,10,10,19,20,18,16,9,37,9,0,13,0.203125,UR,1.057748846674495,9,41,5,0,9,0.16363636363636364,0.7454545454545455,0.09090909090909091,0.0,0.140625,UR,0.0,0.34375,0.0,0.0,15,ul,midline,midline,0,0,0,0,0
5,4,size11_comp0.0_grid4_base_low,11,0.0,low,base,base,7,3,10,6,2,1,1,1,0,0,-1,64,0.0,0.421875,0.421875,0.0,18,9,15,22,16,22,12,13,44,11,0,7,0.109375,UR,0.7568336324184035,12,43,0,0,9,0.21818181818181817,0.7818181818181819,0.0,0.0,0.140625,UR,0.0,0.21875,0.0,0.0,7,ul,midline,midline,0,0,0,0,0
6,4,size11_comp0.0_grid4_base_low,11,0.0,low,base,base,7,3,10,6,2,1,1,1,1,1,12,18,0.5555555555555556,0.7777777777777778,0.7692307692307693,0.8,3,4,3,8,3,4,8,2,6,2,0,0,0.0,DL,1.3787834934861753,2,0,4,1,11,0.2857142857142857,0.0,0.5714285714285714,0.14285714285714285,0.6111111111111112,,0.0,0.0,0.0,0.0,0,ul,midline,midline,0,0,0,0,0
7,4,size11_comp0.0_grid4_base_low,11,0.0,low,base,base,7,3,10,6,2,1,1,1,1,0,-1,19,0.0,0.5263157894736842,0.5263157894736842,0.0,7,5,1,6,12,5,0,1,5,1,0,3,0.15789473684210525,UR,0.8112781244591328,4,12,0,0,3,0.25,0.75,0.0,0.0,0.15789473684210525,,0.0,0.0,0.0,0.0,0,ul,midline,midline,0,0,0,0,0
8,4,size11_comp0.0_grid4_base_low,11,0.0,low,base,base,7,3,10,6,2,1,1,1,1,0,-1,30,0.0,0.5666666666666667,0.5666666666666667,0.0,5,6,7,12,7,7,7,8,12,8,0,0,0.0,UL,0.3227569588973982,16,1,0,0,13,0.9411764705882353,0.058823529411764705,0.0,0.0,0.43333333333333335,UL,0.03333333333333333,0.0,0.0,0.0,1,ul,midline,midline,1,0,0,0,0
9,4,size11_comp0.0_grid4_base_low,11,0.0,low,base,base,7,3,10,6,2,1,1,1,1,0,-1,54,0.0,0.5370370370370371,0.5370370370370371,0.0,8,9,16,21,13,12,16,12,30,12,0,0,0.0,UL,1.516018998490478,17,8,11,0,18,0.4722222222222222,0.2222222222222222,0.3055555555555556,0.0,0.3333333333333333,,0.0,0.0,0.0,0.0,0,ul,midline,midline,1,0,0,0,0
0,5,size11_comp0.0_grid5_base_low,11,0.0,low,base,base,4,7,11,7,2,1,1,1,0,0,-1,64,0.0,0.328125,0.328125,0.0,28,10,11,14,20,15,15,11,44,10,0,17,0.265625,UR,0.8791357668533336,17,40,0,0,7,0.2982456140350877,0.7017543859649122,0.0,0.0,0.109375,UR,0.0,0.265625,0.0,0.0,15,ul,midline,dl,0,0,0,0,0
1,5,size11_comp0.0_grid5_base_low,11,0.0,low,base,base,4,7,11,7,2,1,1,1,1,0,-1,23,0.0,0.43478260869565216,0.43478260869565216,0.0,7,9,1,6,6,5,5,6,8,6,0,0,0.0,UR,0.6722948170756379,3,14,0,0,6,0.17647058823529413,0.8235294117647058,0.0,0.0,0.2608695652173913,UR,0.0,0.08695652173913043,0.0,0.0,2,ul,midline,dl,0,0,0,0,0
2,5,size11_comp0.0_grid5_base_low,11,0.0,low,base,base,4,7,11,7,2,1,1,1,0,0,-1,64,0.0,0.375,0.375,0.0,20,11,13,20,15,15,12,21,39,21,0,8,0.125,UR,1.2268581695934724,19,21,2,0,22,0.4523809523809524,0.5,0.047619047619047616,0.0,0.34375,UR,0.015625,0.234375,0.0,0.0,14,ul,midline,dl,0,0,0,0,0
3,5,size11_comp0.0_grid5_base_low,11,0.0,low,base,base,4,7,11,7,2,1,1,1,0,0,-1,64,0.0,0.359375,0.359375,0.0,21,9,14,20,19,16,14,14,44,11,0,12,0.1875,UR,0.4798320236161285,6,52,0,0,6,0.10344827586206896,0.896551724137931,0.0,0.0,0.09375,UR,0.0,0.375,0.0,0.0,9,ul,midline,dl,0,0,0,0,0
4,5,size11_comp0.0_grid5_base_low,11,0.0,low,base,base,4,7,11,7,2,1,1,1,0,0,-1,64,0.0,0.3125,0.3125,0.0,29,11,9,15,19,12,20,12,45,11,0,17,0.265625,UR,0.4288109647301171,5,52,0,0,7,0.08771929824561403,0.9122807017543859,0.0,0.0,0.109375,UR,0.0,0.65625,0.0,0.0,18,ul,midline,dl,0,0,0,0,0
5,5,size11_comp0.0_grid5_base_low,11,0.0,low,base,base,4,7,11,7,2,1,1,1,0,0,-1,64,0.0,0.359375,0.359375,0.0,19,11,12,22,9,21,17,16,46,14,0,10,0.15625,UR,0.28998604703320907,3,56,0,0,5,0.05084745762711865,0.9491525423728814,0.0,0.0,0.078125,UR,0.0,0.609375,0.0,0.0,27,ul,midline,dl,0,0,0,0,0
6,5,size11_comp0.0_grid5_base_low,11,0.0,low,base,base,4,7,11,7,2,1,1,1,0,0,-1,64,0.0,0.375,0.375,0.0,18,9,15,22,13,18,19,13,48,12,0,9,0.140625,UR,0.4537163391869448,6,57,0,0,1,0.09523809523809523,0.9047619047619048,0.0,0.0,0.015625,UR,0.0,0.640625,0.0,0.0,14,ul,midline,dl,0,0,0,0,0
7,5,size11_comp0.0_grid5_base_low,11,0.0,low,base,base,4,7,11,7,2,1,1,1,1,0,-1,13,0.0,0.38461538461538464,0.38461538461538464,0.0,1,3,2,7,4,1,4,3,3,3,0,0,0.0,UL,-0.0,7,0,0,0,6,1.0,0.0,0.0,0.0,0.46153846153846156,,0.0,0.0,0.0,0.0,0,ul,midline,dl,1,0,0,0,0
8,5,size11_comp0.0_grid5_base_low,11,0.0,low,base,base,4,7,11,7,2,1,1,1,1,0,-1,11,0.0,0.36363636363636365,0.36363636363636365,0.0,1,3,1,6,6,2,1,1,1,1,0,0,0.0,UR,0.954434002924965,3,5,0,0,3,0.375,0.625,0.0,0.0,0.2727272727272727,,0.0,0.0,0.0,0.0,0,ul,midline,dl,0,0,0,0,0
9,5,size11_comp0.0_grid5_base_low,11,0.0,low,base,base,4,7,11,7,2,1,1,1,0,0,-1,64,0.0,0.34375,0.34375,0.0,22,9,13,20,9,11,19,24,48,21,0,12,0.1875,UR,0.29367630985136955,3,55,0,0,6,0.05172413793103448,0.9482758620689655,0.0,0.0,0.09375,UR,0.0,0.515625,0.0,0.0,32,ul,midline,dl,0,0,0,0,0
0,6,size11_comp0.0_grid6_base_low,11,0.0,low,base,base,4,10,14,6,4,1,1,1,0,0,-1,64,0.0,0.4375,0.4375,0.0,24,14,11,15,15,9,18,21,42,20,0,5,0.078125,UR,0.7338988107776284,0,45,8,1,10,0.0,0.8333333333333334,0.14814814814814814,0.018518518518518517,0.15625,UR,0.0,0.03125,0.0,0.0,1,dl,dr,ul,0,0,0,0,0
1,6,size11_comp0.0_grid6_base_low,11,0.0,low,base,base,4,10,14,6,4,1,1,1,1,1,33,50,0.28,0.64,0.5588235294117647,0.8125,10,11,12,17,10,16,13,10,25,10,0,0,0.0,DL,0.9637459942073318,2,0,32,8,8,0.047619047619047616,0.0,0.7619047619047619,0.19047619047619047,0.16,DR,0.0,0.0,0.0,0.06,3,dl,dr,ul,1,0,0,0,0
2,6,size11_comp0.0_grid6_base_low,11,0.0,low,base,base,4,10,14,6,4,1,1,1,1,1,39,50,0.28,0.64,0.55,1.0,10,11,12,17,13,10,17,9,26,9,0,0,0.0,UL,1.7621057865374483,13,2,7,6,22,0.4642857142857143,0.07142857142857142,0.25,0.21428571428571427,0.44,,0.0,0.0,0.0,0.0,0,dl,dr,ul,0,1,0,0,0
3,6,size11_comp0.0_grid6_base_low,11,0.0,low,base,base,4,10,14,6,4,1,1,1,0,0,-1,64,0.0,0.46875,0.46875,0.0,17,8,19,20,13,21,14,15,40,15,0,4,0.0625,UR,0.9813539543676693,0,30,11,1,22,0.0,0.7142857142857143,0.2619047619047619,0.023809523809523808,0.34375,UR,0.0,0.015625,0.0,0.0,1,dl,dr,ul,0,0,0,0,0
4,6,size11_comp0.0_grid6_base_low,11,0.0,low,base,base,4,10,14,6,4,1,1,1,0,0,-1,64,0.0,0.421875,0.421875,0.0,23,13,11,17,18,11,20,14,36,11,0,6,0.09375,UR,1.010119068061316,0,40,6,6,12,0.0,0.7692307692307693,0.11538461538461539,0.11538461538461539,0.1875,UR,0.0,0.1875,0.0,0.0,8,dl,dr,ul,0,0,0,0,0
5,6,size11_comp0.0_grid6_base_low,11,0.0,low,base,base,4,10,14,6,4,1,1,1,0,0,-1,64,0.0,0.4375,0.4375,0.0,16,10,15,21,14,17,12,17,37,17,0,2,0.03125,UR,1.2058224764319934,3,33,7,2,19,0.06666666666666667,0.7333333333333333,0.15555555555555556,0.044444444444444446,0.296875,UR,0.0,0.140625,0.0,0.0,8,dl,dr,ul,0,0,0,0,0
6,6,size11_comp0.0_grid6_base_low,11,0.0,low,base,base,4,10,14,6,4,1,1,1,1,1,9,28,0.5,0.7142857142857143,0.7,0.7222222222222222,4,5,6,13,8,8,5,6,11,4,1,2,0.07142857142857142,DR,1.3235315761100483,2,0,6,11,9,0.10526315789473684,0.0,0.3157894736842105,0.5789473684210527,0.32142857142857145,DR,0.0,0.0,0.0,0.03571428571428571,1,dl,dr,ul,0,0,0,0,0
7,6,size11_comp0.0_grid6_base_low,11,0.0,low,base,base,4,10,14,6,4,1,1,1,0,1,49,64,0.0,0.578125,0.54,0.7142857142857143,13,16,16,19,17,18,9,19,40,19,1,1,0.015625,DR,1.7699926200894212,6,3,9,16,30,0.17647058823529413,0.08823529411764706,0.2647058823529412,0.47058823529411764,0.46875,,0.0,0.0,0.0,0.0,0,dl,dr,ul,0,0,0,0,0
8,6,size11_comp0.0_grid6_base_low,11,0.0,low,base,base,4,10,14,6,4,1,1,1,0,0,-1,64,0.0,0.390625,0.390625,0.0,23,8,14,19,18,12,18,15,36,12,0,10,0.15625,UR,0.46025742959870297,0,47,1,3,13,0.0,0.9215686274509803,0.0196078431372549,0.058823529411764705,0.203125,UR,0.0,0.25,0.0,0.0,6,dl,dr,ul,0,0,0,0,0
9,6,size11_comp0.0_grid6_base_low,11,0.0,low,base,base,4,10,14,6,4,1,1,1,1,1,33,54,0.25925925925925924,0.6296296296296297,0.5588235294117647,0.75,10,11,14,19,12,11,9,21,29,21,1,0,0.0,DR,1.9423688204115273,7,9,5,11,22,0.21875,0.28125,0.15625,0.34375,0.4074074074074074,DR,0.0,0.0,0.0,0.018518518518518517,1,dl,dr,ul,0,0,0,0,0
0,7,size11_comp0.0_grid7_base_low,11,0.0,low,base,base,8,5,13,5,4,1,1,1,0,0,-1,64,0.0,0.546875,0.546875,0.0,14,12,15,23,14,18,14,17,35,15,0,1,0.015625,UR,1.131955597452335,1,29,11,1,22,0.023809523809523808,0.6904761904761905,0.2619047619047619,0.023809523809523808,0.34375,UR,0.0,0.078125,0.0,0.0,3,dl,midline,dr,0,0,0,0,0
1,7,size11_comp0.0_grid7_base_low,11,0.0,low,base,base,8,5,13,5,4,1,1,1,0,0,-1,64,0.0,0.5,0.5,0.0,21,13,12,18,18,16,14,15,37,14,0,3,0.046875,UR,1.1737108238553762,6,34,5,1,18,0.13043478260869565,0.7391304347826086,0.10869565217391304,0.021739130434782608,0.28125,UR,0.0,0.109375,0.0,0.0,6,dl,midline,dr,0,0,0,0,0
2,7,size11_comp0.0_grid7_base_low,11,0.0,low,base,base,8,5,13,5,4,1,1,1,1,0,-1,31,0.0,0.5483870967741935,0.5483870967741935,0.0,4,5,9,13,6,1,11,12,19,12,0,0,0.0,DL,-0.0,0,0,11,0,20,0.0,0.0,1.0,0.0,0.6451612903225806,,0.0,0.0,0.0,0.0,0,dl,midline,dr,1,0,0,0,0
3,7,size11_comp0.0_grid7_base_low,11,0.0,low,base,base,8,5,13,5,4,1,1,1,0,1,28,64,0.0,0.53125,0.6206896551724138,0.45714285714285713,19,16,11,18,14,15,19,15,35,15,0,1,0.015625,UR,1.516468623731106,0,26,18,12,8,0.0,0.4642857142857143,0.32142857142857145,0.21428571428571427,0.125,DL,0.0,0.046875,0.140625,0.015625,8,dl,midline,dr,0,0,0,0,0
4,7,size11_comp0.0_grid7_base_low,11,0.0,low,base,base,8,5,13,5,4,1,1,1,0,0,-1,64,0.0,0.453125,0.453125,0.0,23,11,10,20,19,14,18,12,43,10,0,8,0.125,UR,0.8807785499683392,8,45,3,0,8,0.14285714285714285,0.8035714285714286,0.05357142857142857,0.0,0.125,UR,0.0,0.546875,0.0,0.0,15,dl,midline,dr,0,0,0,0,0
5,7,size11_comp0.0_grid7_base_low,11,0.0,low,base,base,8,5,13,5,4,1,1,1,0,1,30,64,0.0,0.515625,0.6129032258064516,0.42424242424242425,19,14,12,19,15,21,14,13,35,12,3,3,0.046875,DL,1.6134611901146878,1,17,25,11,10,0.018518518518518517,0.3148148148148148,0.46296296296296297,0.2037037037037037,0.15625,UR,0.0,0.125,0.046875,0.015625,8,dl,midline,dr,1,0,0,0,0
6,7,size11_comp0.0_grid7_base_low,11,0.0,low,base,base,8,5,13,5,4,1,1,1,0,0,-1,64,0.0,0.546875,0.546875,0.0,16,14,14,20,17,12,17,17,37,17,0,0,0.0,DL,1.2848411869467324,1,3,30,12,18,0.021739130434782608,0.06521739130434782,0.6521739130434783,0.2608695652173913,0.28125,DL,0.0,0.0,0.015625,0.0,1,dl,midline,dr,1,0,0,0,0
7,7,size11_comp0.0_grid7_base_low,11,0.0,low,base,base,8,5,13,5,4,1,1,1,1,0,-1,33,0.0,0.5454545454545454,0.5454545454545454,0.0,5,6,9,13,8,4,11,9,17,9,0,0,0.0,DL,0.9940302114769565,0,0,12,10,11,0.0,0.0,0.5454545454545454,0.45454545454545453,0.3333333333333333,,0.0,0.0,0.0,0.0,0,dl,midline,dr,1,0,0,0,0
8,7,size11_comp0.0_grid7_base_low,11,0.0,low,base,base,8,5,13,5,4,1,1,1,0,1,18,64,0.0,0.515625,0.6842105263157895,0.4444444444444444,16,12,14,22,15,10,24,14,41,12,4,3,0.046875,UR,1.4130889082721891,0,22,6,13,23,0.0,0.5365853658536586,0.14634146341463414,0.3170731707317073,0.359375,,0.0,0.0,0.0,0.0,0,dl,midline,dr,0,0,0,0,0
9,7,size11_comp0.0_grid7_base_low,11,0.0,low,base,base,8,5,13,5,4,1,1,1,0,1,27,64,0.0,0.53125,0.6428571428571429,0.4444444444444444,23,17,9,15,24,15,11,13,32,12,4,2,0.03125,UR,1.5563791844691106,4,30,7,8,15,0.08163265306122448,0.6122448979591837,0.14285714285714285,0.16326530612244897,0.234375,UR,0.0,0.203125,0.046875,0.0,8,dl,midline,dr,0,0,0,0,0
0,8,size11_comp0.0_grid8_base_low,11,0.0,low,base,base,6,6,12,6,3,1,1,1,0,1,29,64,0.0,0.5625,0.6,0.5294117647058824,14,15,16,19,11,23,14,15,42,15,1,0,0.0,DL,1.680399753031711,12,1,15,8,28,0.3333333333333333,0.027777777777777776,0.4166666666666667,0.2222222222222222,0.4375,,0.0,0.0,0.0,0.0,0,dl,midline,ul,1,0,0,0,0
1,8,size11_comp0.0_grid8_base_low,11,0.0,low,base,base,6,6,12,6,3,1,1,1,0,0,-1,64,0.0,0.421875,0.421875,0.0,23,5,16,20,15,16,11,21,42,17,0,12,0.1875,UR,0.7406164955149536,1,40,7,0,16,0.020833333333333332,0.8333333333333334,0.14583333333333334,0.0,0.25,UR,0.0,0.1875,0.0,0.0,10,dl,midline,ul,0,0,0,0,0
2,8,size11_comp0.0_grid8_base_low,11,0.0,low,base,base,6,6,12,6,3,1,1,1,1,1,45,58,0.20689655172413793,0.5862068965517241,0.5434782608695652,0.75,16,12,13,17,12,18,14,13,29,13,1,2,0.034482758620689655,UR,1.376441494461204,16,23,5,0,14,0.36363636363636365,0.5227272727272727,0.11363636363636363,0.0,0.2413793103448276,UL,0.017241379310344827,0.0,0.0,0.0,1,dl,midline,ul,0,0,0,0,0
3,8,size11_comp0.0_grid8_base_low,11,0.0,low,base,base,6,6,12,6,3,1,1,1,0,0,-1,64,0.0,0.34375,0.34375,0.0,33,7,9,15,23,17,12,11,39,8,0,20,0.3125,UR,1.0861553759442601,11,43,5,0,5,0.1864406779661017,0.7288135593220338,0.0847457627118644,0.0,0.078125,UR,0.03125,0.40625,0.0,0.0,18,dl,midline,ul,0,0,0,0,0
4,8,size11_comp0.0_grid8_base_low,11,0.0,low,base,base,6,6,12,6,3,1,1,1,0,0,-1,64,0.0,0.484375,0.484375,0.0,19,11,14,20,12,14,24,13,39,13,0,2,0.03125,UR,0.4967745808641564,1,42,3,0,18,0.021739130434782608,0.9130434782608695,0.06521739130434782,0.0,0.28125,UR,0.0,0.0625,0.0,0.0,2,dl,midline,ul,0,0,0,0,0
5,8,size11_comp0.0_grid8_base_low,11,0.0,low,base,base,6,6,12,6,3,1,1,1,0,1,53,64,0.0,0.5625,0.5555555555555556,0.6,13,13,18,20,12,17,18,16,34,16,0,0,0.0,UL,1.35127341261769,28,4,7,2,23,0.6829268292682927,0.0975609756097561,0.17073170731707318,0.04878048780487805,0.359375,UL,0.046875,0.0,0.0,0.0,3,dl,midline,ul,0,1,0,0,0
6,8,size11_comp0.0_grid8_base_low,11,0.0,low,base,base,6,6,12,6,3,1,1,1,1,1,5,18,0.6666666666666666,0.8333333333333334,1.0,0.75,7,5,1,5,6,5,5,1,2,1,0,0,0.0,UR,1.41379956460568,3,8,3,0,4,0.21428571428571427,0.5714285714285714,0.21428571428571427,0.0,0.2222222222222222,,0.0,0.0,0.0,0.0,0,dl,midline,ul,0,0,0,0,0
7,8,size11_comp0.0_grid8_base_low,11,0.0,low,base,base,6,6,12,6,3,1,1,1,1,1,16,49,0.24489795918367346,0.6122448979591837,0.6470588235294118,0.59375,14,12,10,13,11,14,13,10,21,9,1,1,0.02040816326530612,DL,1.822744329723164,7,3,13,6,20,0.2413793103448276,0.10344827586206896,0.4482758620689655,0.20689655172413793,0.40816326530612246,,0.0,0.0,0.0,0.0,0,dl,midline,ul,1,0,0,0,0
8,8,size11_comp0.0_grid8_base_low,11,0.0,low,base,base,6,6,12,6,3,1,1,1,0,1,31,64,0.0,0.578125,0.59375,0.5625,17,16,14,17,10,17,14,22,43,21,1,0,0.0,DL,1.53012496531497,8,0,14,8,34,0.26666666666666666,0.0,0.4666666666666667,0.26666666666666666,0.53125,,0.0,0.0,0.0,0.0,0,dl,midline,ul,1,0,0,0,0
9,8,size11_comp0.0_grid8_base_low,11,0.0,low,base,base,6,6,12,6,3,1,1,1,0,0,-1,64,0.0,0.46875,0.46875,0.0,18,7,19,20,17,15,11,20,37,16,0,8,0.125,UL,1.2630386498848076,31,18,4,0,11,0.5849056603773585,0.33962264150943394,0.07547169811320754,0.0,0.171875,UR,0.140625,0.15625,0.0,0.0,10,dl,midline,ul,0,1,0,0,0
0,9,size11_comp0.0_grid9_base_low,11,0.0,low,base,base,7,8,15,7,4,1,1,1,0,0,-1,64,0.0,0.46875,0.46875,0.0,24,10,14,15,17,9,17,18,35,18,0,7,0.109375,UR,1.5219427338882934,0,23,11,16,14,0.0,0.46,0.22,0.32,0.21875,UR,0.0,0.09375,0.0,0.0,4,midline,midline,ul,0,0,0,0,0
1,9,size11_comp0.0_grid9_base_low,11,0.0,low,base,base,7,8,15,7,4,1,1,1,0,0,-1,64,0.0,0.40625,0.40625,0.0,28,9,11,16,18,19,17,9,37,8,0,13,0.203125,UR,0.8030717273241024,0,45,6,3,10,0.0,0.8333333333333334,0.1111111111111111,0.05555555555555555,0.15625,UR,0.0,0.328125,0.0,0.0,12,midline,midline,ul,0,0,0,0,0
2,9,size11_comp0.0_grid9_base_low,11,0.0,low,base,base,7,8,15,7,4,1,1,1,0,0,-1,64,0.0,0.390625,0.390625,0.0,29,8,12,15,17,15,15,16,45,15,0,17,0.265625,UR,0.5335263227828173,0,46,1,4,13,0.0,0.9019607843137255,0.0196078431372549,0.0784313725490196,0.203125,UR,0.0,0.40625,0.0,0.0,15,midline,midline,ul,0,0,0,0,0
3,9,size11_comp0.0_grid9_base_low,11,0.0,low,base,base,7,8,15,7,4,1,1,1,1,1,20,35,0.42857142857142855,0.7142857142857143,0.6666666666666666,0.7857142857142857,10,7,7,11,12,8,8,6,9,6,0,0,0.0,UL,1.458618550884106,15,7,0,6,7,0.5357142857142857,0.25,0.0,0.21428571428571427,0.2,,0.0,0.0,0.0,0.0,0,midline,midline,ul,0,1,0,0,0
4,9,size11_comp0.0_grid9_base_low,11,0.0,low,base,base,7,8,15,7,4,1,1,1,1,0,-1,14,0.0,0.42857142857142855,0.42857142857142855,0.0,4,1,2,7,5,3,4,1,2,1,0,1,0.07142857142857142,DR,1.3516441151533924,0,3,1,5,5,0.0,0.3333333333333333,0.1111111111111111,0.5555555555555556,0.35714285714285715,,0.0,0.0,0.0,0.0,0,midline,midline,ul,0,0,0,0,0
5,9,size11_comp0.0_grid9_base_low,11,0.0,low,base,base,7,8,15,7,4,1,1,1,0,0,-1,64,0.0,0.421875,0.421875,0.0,23,4,17,20,16,16,16,15,37,13,0,12,0.1875,UR,0.9295883344035215,4,43,2,3,12,0.07692307692307693,0.8269230769230769,0.038461538461538464,0.057692307692307696,0.1875,UR,0.0,0.40625,0.0,0.0,10,midline,midline,ul,0,0,0,0,0
6,9,size11_comp0.0_grid9_base_low,11,0.0,low,base,base,7,8,15,7,4,1,1,1,0,1,57,64,0.0,0.515625,0.4827586206896552,0.8333333333333334,20,7,18,19,18,14,14,17,36,15,2,9,0.140625,UR,1.183088913358015,4,40,8,2,10,0.07407407407407407,0.7407407407407407,0.14814814814814814,0.037037037037037035,0.15625,UR,0.0,0.265625,0.0,0.0,8,midline,midline,ul,0,0,0,0,0
7,9,size11_comp0.0_grid9_base_low,11,0.0,low,base,base,7,8,15,7,4,1,1,1,0,1,20,64,0.0,0.5,0.6666666666666666,0.4186046511627907,15,24,12,13,19,13,18,13,39,10,0,8,0.125,DR,0.7969614699373722,2,7,0,43,12,0.038461538461538464,0.1346153846153846,0.0,0.8269230769230769,0.1875,DR,0.0,0.0,0.0,0.15625,5,midline,midline,ul,0,0,0,0,0
8,9,size11_comp0.0_grid9_base_low,11,0.0,low,base,base,7,8,15,7,4,1,1,1,0,0,-1,64,0.0,0.421875,0.421875,0.0,28,10,11,15,20,14,19,10,39,8,0,11,0.171875,UR,0.4854607607459134,0,51,6,0,7,0.0,0.8947368421052632,0.10526315789473684,0.0,0.109375,UR,0.0,0.34375,0.0,0.0,6,midline,midline,ul,0,0,0,0,0
9,9,size11_comp0.0_grid9_base_low,11,0.0,low,base,base,7,8,15,7,4,1,1,1,0,0,-1,64,0.0,0.46875,0.46875,0.0,22,9,15,18,15,18,15,15,41,14,0,6,0.09375,UR,0.4288109647301171,0,52,0,5,7,0.0,0.9122807017543859,0.0,0.08771929824561403,0.109375,UR,0.0,0.328125,0.0,0.0,10,midline,midline,ul,0,0,0,0,0
0,0,size11_comp0.2_grid0_base_low,11,0.2,low,base,base,4,9,13,9,2,1,1,1,0,1,33,64,0.0,0.5,0.5,0.5,14,13,20,17,17,17,17,12,36,10,2,8,0.125,UR,0.9733854352299556,19,28,0,0,17,0.40425531914893614,0.5957446808510638,0.0,0.0,0.265625,UR,0.0,0.125,0.0,0.0,6,ur,dl,midline,1,0,0,0,0
1,0,size11_comp0.2_grid0_base_low,11,0.2,low,base,base,4,9,13,9,2,1,1,1,0,1,53,64,0.0,0.46875,0.5,0.3,16,11,17,20,10,22,15,16,40,14,1,5,0.078125,UR,0.8346482851813828,13,36,0,0,15,0.2653061224489796,0.7346938775510204,0.0,0.0,0.234375,,0.0,0.0,0.0,0.0,0,ur,dl,midline,1,0,0,0,0
2,0,size11_comp0.2_grid0_base_low,11,0.2,low,base,base,4,9,13,9,2,1,1,1,0,0,-1,64,0.0,0.3125,0.3125,0.0,28,14,10,11,15,16,12,18,53,10,0,23,0.359375,UR,-0.0,0,64,0,0,0,0.0,1.0,0.0,0.0,0.0,UR,0.0,0.609375,0.0,0.0,15,ur,dl,midline,1,0,0,0,0
3,0,size11_comp0.2_grid0_base_low,11,0.2,low,base,base,4,9,13,9,2,1,1,1,0,0,-1,64,0.0,0.390625,0.390625,0.0,22,8,16,18,17,18,13,15,46,13,0,15,0.234375,UR,-0.0,0,57,0,0,7,0.0,1.0,0.0,0.0,0.109375,UR,0.0,0.375,0.0,0.0,10,ur,dl,midline,1,0,0,0,0
4,0,size11_comp0.2_grid0_base_low,11,0.2,low,base,base,4,9,13,9,2,1,1,1,0,1,62,64,0.0,0.453125,0.4603174603174603,0.0,18,9,19,18,15,10,16,22,47,17,0,9,0.140625,UR,0.222284830685688,0,54,0,2,8,0.0,0.9642857142857143,0.0,0.03571428571428571,0.125,UR,0.0,0.296875,0.0,0.0,13,ur,dl,midline,1,0,0,0,0
5,0,size11_comp0.2_grid0_base_low,11,0.2,low,base,base,4,9,13,9,2,1,1,1,0,0,-1,64,0.0,0.375,0.375,0.0,25,8,14,17,18,13,13,19,47,17,0,16,0.25,UR,-0.0,0,58,0,0,6,0.0,1.0,0.0,0.0,0.09375,UR,0.0,0.328125,0.0,0.0,14,ur,dl,midline,1,0,0,0,0
6,0,size11_comp0.2_grid0_base_low,11,0.2,low,base,base,4,9,13,9,2,1,1,1,0,1,12,64,0.0,0.453125,0.6153846153846154,0.4117647058823529,21,15,13,15,11,15,22,15,47,12,5,7,0.109375,UR,0.14144054254182067,1,49,0,0,14,0.02,0.98,0.0,0.0,0.21875,UR,0.0,0.140625,0.0,0.0,6,ur,dl,midline,1,0,0,0,0
7,0,size11_comp0.2_grid0_base_low,11,0.2,low,base,base,4,9,13,9,2,1,1,1,0,0,-1,64,0.0,0.359375,0.359375,0.0,24,6,16,18,19,15,16,13,41,11,0,18,0.28125,UR,0.7746319868686842,13,44,0,0,7,0.22807017543859648,0.7719298245614035,0.0,0.0,0.109375,UR,0.0,0.484375,0.0,0.0,11,ur,dl,midline,1,0,0,0,0
8,0,size11_comp0.2_grid0_base_low,11,0.2,low,base,base,4,9,13,9,2,1,1,1,0,0,-1,64,0.0,0.375,0.375,0.0,26,10,13,15,15,11,18,19,51,15,0,16,0.25,UR,-0.0,0,61,0,0,3,0.0,1.0,0.0,0.0,0.046875,UR,0.0,0.296875,0.0,0.0,6,ur,dl,midline,1,0,0,0,0
9,0,size11_comp0.2_grid0_base_low,11,0.2,low,base,base,4,9,13,9,2,1,1,1,0,1,9,64,0.0,0.390625,0.6,0.35185185185185186,24,11,13,16,16,19,11,17,46,14,2,16,0.25,UR,-0.0,0,57,0,0,7,0.0,1.0,0.0,0.0,0.109375,UR,0.0,0.515625,0.0,0.0,19,ur,dl,midline,1,0,0,0,0
0,1,size11_comp0.2_grid1_base_low,11,0.2,low,base,base,8,5,13,9,2,1,1,1,0,1,42,64,0.0,0.421875,0.46511627906976744,0.3333333333333333,27,8,17,12,18,20,14,11,45,9,12,18,0.28125,UR,0.4077057723137474,1,43,0,2,18,0.021739130434782608,0.9347826086956522,0.0,0.043478260869565216,0.28125,UR,0.0,0.0625,0.0,0.0,4,dr,midline,midline,0,0,0,0,0
1,1,size11_comp0.2_grid1_base_low,11,0.2,low,base,base,8,5,13,9,2,1,1,1,1,1,13,30,0.43333333333333335,0.6333333333333333,0.7142857142857143,0.5625,11,6,11,2,9,11,7,2,10,2,3,5,0.16666666666666666,UR,1.496065911543853,2,11,2,2,13,0.11764705882352941,0.6470588235294118,0.11764705882352941,0.11764705882352941,0.43333333333333335,,0.0,0.0,0.0,0.0,0,dr,midline,midline,0,0,0,0,0
2,1,size11_comp0.2_grid1_base_low,11,0.2,low,base,base,8,5,13,9,2,1,1,1,0,1,60,64,0.0,0.375,0.39344262295081966,0.0,23,5,25,11,23,19,11,10,47,10,2,24,0.375,UR,0.8325668802427404,5,38,0,3,18,0.10869565217391304,0.8260869565217391,0.0,0.06521739130434782,0.28125,UR,0.0,0.109375,0.0,0.0,7,dr,midline,midline,0,0,0,0,0
3,1,size11_comp0.2_grid1_base_low,11,0.2,low,base,base,8,5,13,9,2,1,1,1,0,1,33,64,0.0,0.390625,0.5588235294117647,0.2,23,11,20,10,17,17,14,15,49,11,3,20,0.3125,UR,0.5048637698517882,1,41,0,3,19,0.022222222222222223,0.9111111111111111,0.0,0.06666666666666667,0.296875,,0.0,0.0,0.0,0.0,0,dr,midline,midline,0,0,0,0,0
4,1,size11_comp0.2_grid1_base_low,11,0.2,low,base,base,8,5,13,9,2,1,1,1,1,0,-1,48,0.0,0.3125,0.3125,0.0,25,2,14,7,16,16,13,2,36,2,0,21,0.4375,DR,0.5586293734521992,0,0,6,40,2,0.0,0.0,0.13043478260869565,0.8695652173913043,0.041666666666666664,,0.0,0.0,0.0,0.0,0,dr,midline,midline,1,0,0,0,0
5,1,size11_comp0.2_grid1_base_low,11,0.2,low,base,base,8,5,13,9,2,1,1,1,0,1,21,64,0.0,0.390625,0.5909090909090909,0.2857142857142857,21,9,20,14,15,20,16,12,43,8,6,20,0.3125,UL,1.3404062136890413,21,7,0,6,30,0.6176470588235294,0.20588235294117646,0.0,0.17647058823529413,0.46875,,0.0,0.0,0.0,0.0,0,dr,midline,midline,0,0,0,0,0
6,1,size11_comp0.2_grid1_base_low,11,0.2,low,base,base,8,5,13,9,2,1,1,1,1,1,16,30,0.43333333333333335,0.6666666666666666,0.6470588235294118,0.6923076923076923,8,3,13,6,8,8,7,6,14,6,0,3,0.1,UL,1.1567796494470395,7,1,0,2,20,0.7,0.1,0.0,0.2,0.6666666666666666,,0.0,0.0,0.0,0.0,0,dr,midline,midline,0,0,0,0,0
7,1,size11_comp0.2_grid1_base_low,11,0.2,low,base,base,8,5,13,9,2,1,1,1,0,1,23,64,0.0,0.484375,0.5,0.475,19,9,20,16,12,17,18,16,41,10,7,13,0.203125,UL,1.009946386155734,31,1,0,13,19,0.6888888888888889,0.022222222222222223,0.0,0.28888888888888886,0.296875,UL,0.015625,0.0,0.0,0.0,1,dr,midline,midline,0,0,0,0,0
8,1,size11_comp0.2_grid1_base_low,11,0.2,low,base,base,8,5,13,9,2,1,1,1,0,0,-1,64,0.0,0.40625,0.40625,0.0,23,9,20,11,19,19,7,16,47,13,0,16,0.25,UR,0.42368057157091055,0,53,0,5,6,0.0,0.9137931034482759,0.0,0.08620689655172414,0.09375,UR,0.0,0.046875,0.0,0.0,2,dr,midline,midline,0,0,0,0,0
9,1,size11_comp0.2_grid1_base_low,11,0.2,low,base,base,8,5,13,9,2,1,1,1,0,1,22,64,0.0,0.453125,0.5217391304347826,0.4146341463414634,19,12,21,12,20,19,11,13,42,12,6,15,0.234375,UL,1.2766498767578467,30,19,0,4,11,0.5660377358490566,0.3584905660377358,0.0,0.07547169811320754,0.171875,UR,0.0,0.078125,0.0,0.0,4,dr,midline,midline,0,0,0,0,0
0,2,size11_comp0.2_grid2_base_low,11,0.2,low,base,base,4,9,13,5,4,1,1,1,0,1,51,64,0.0,0.390625,0.38461538461538464,0.4166666666666667,26,9,15,14,13,17,17,16,48,13,3,17,0.265625,UR,-0.0,0,51,0,0,13,0.0,1.0,0.0,0.0,0.203125,UR,0.0,0.140625,0.0,0.0,7,midline,dl,ur,0,1,0,0,0
1,2,size11_comp0.2_grid2_base_low,11,0.2,low,base,base,4,9,13,5,4,1,1,1,0,0,-1,64,0.0,0.25,0.25,0.0,36,3,11,14,28,10,16,9,53,7,0,33,0.515625,UR,0.12741851179235877,1,56,0,0,7,0.017543859649122806,0.9824561403508771,0.0,0.0,0.109375,UR,0.0,0.5625,0.0,0.0,14,midline,dl,ur,0,1,0,0,0
2,2,size11_comp0.2_grid2_base_low,11,0.2,low,base,base,4,9,13,5,4,1,1,1,0,1,55,64,0.0,0.40625,0.4107142857142857,0.375,23,12,13,16,12,18,19,14,46,11,1,15,0.234375,UR,0.2460225782203316,2,47,0,0,15,0.04081632653061224,0.9591836734693877,0.0,0.0,0.234375,UR,0.0,0.234375,0.0,0.0,8,midline,dl,ur,0,1,0,0,0
3,2,size11_comp0.2_grid2_base_low,11,0.2,low,base,base,4,9,13,5,4,1,1,1,0,0,-1,64,0.0,0.359375,0.359375,0.0,25,9,13,16,17,19,12,13,44,10,0,19,0.296875,UR,0.905200296956048,17,36,0,0,11,0.32075471698113206,0.6792452830188679,0.0,0.0,0.171875,UR,0.015625,0.328125,0.0,0.0,21,midline,dl,ur,0,1,0,0,0
4,2,size11_comp0.2_grid2_base_low,11,0.2,low,base,base,4,9,13,5,4,1,1,1,0,1,23,64,0.0,0.421875,0.5416666666666666,0.35,20,10,13,21,17,15,18,13,47,11,6,13,0.203125,UR,0.5435644431995964,6,42,0,0,16,0.125,0.875,0.0,0.0,0.25,,0.0,0.0,0.0,0.0,0,midline,dl,ur,0,1,0,0,0
5,2,size11_comp0.2_grid2_base_low,11,0.2,low,base,base,4,9,13,5,4,1,1,1,0,0,-1,64,0.0,0.40625,0.40625,0.0,14,11,19,20,18,15,17,13,42,10,0,13,0.203125,UL,1.188721875540867,24,9,0,3,28,0.6666666666666666,0.25,0.0,0.08333333333333333,0.4375,UR,0.0,0.046875,0.0,0.0,3,midline,dl,ur,0,0,0,0,0
6,2,size11_comp0.2_grid2_base_low,11,0.2,low,base,base,4,9,13,5,4,1,1,1,0,1,27,64,0.0,0.4375,0.5,0.3888888888888889,24,15,11,14,17,14,9,23,49,18,8,12,0.1875,UR,0.4689955935892812,5,45,0,0,14,0.1,0.9,0.0,0.0,0.21875,,0.0,0.0,0.0,0.0,0,midline,dl,ur,0,1,0,0,0
7,2,size11_comp0.2_grid2_base_low,11,0.2,low,base,base,4,9,13,5,4,1,1,1,0,0,-1,64,0.0,0.40625,0.40625,0.0,21,7,17,19,17,17,13,16,44,12,0,14,0.21875,UR,0.7219280948873623,9,36,0,0,19,0.2,0.8,0.0,0.0,0.296875,UR,0.0,0.125,0.0,0.0,4,midline,dl,ur,0,1,0,0,0
8,2,size11_comp0.2_grid2_base_low,11,0.2,low,base,base,4,9,13,5,4,1,1,1,0,1,5,64,0.0,0.3125,0.8333333333333334,0.25862068965517243,22,10,18,14,17,18,19,9,47,7,1,26,0.40625,UR,-0.0,0,60,0,0,4,0.0,1.0,0.0,0.0,0.0625,UR,0.0,0.453125,0.0,0.0,14,midline,dl,ur,0,1,0,0,0
9,2,size11_comp0.2_grid2_base_low,11,0.2,low,base,base,4,9,13,5,4,1,1,1,0,1,23,64,0.0,0.359375,0.4583333333333333,0.3,21,10,21,12,24,12,18,9,43,8,3,22,0.34375,UR,0.2318130500245902,0,51,0,2,11,0.0,0.9622641509433962,0.0,0.03773584905660377,0.171875,UR,0.0,0.3125,0.0,0.0,11,midline,dl,ur,0,1,0,0,0
0,3,size11_comp0.2_grid3_base_low,11,0.2,low,base,base,4,8,12,4,4,1,1,1,0,1,18,64,0.0,0.515625,0.5789473684210527,0.4888888888888889,16,15,13,20,20,19,15,9,36,9,1,4,0.0625,UR,1.2665298255862099,0,27,13,4,20,0.0,0.6136363636363636,0.29545454545454547,0.09090909090909091,0.3125,UR,0.0,0.046875,0.03125,0.0,2,midline,dr,midline,0,0,0,0,0
1,3,size11_comp0.2_grid3_base_low,11,0.2,low,base,base,4,8,12,4,4,1,1,1,0,0,-1,64,0.0,0.46875,0.46875,0.0,17,11,18,18,13,22,15,13,34,12,0,2,0.03125,UL,1.486050343456801,21,17,8,0,18,0.45652173913043476,0.3695652173913043,0.17391304347826086,0.0,0.28125,UR,0.0,0.078125,0.0,0.0,5,midline,dr,midline,0,0,0,0,0
2,3,size11_comp0.2_grid3_base_low,11,0.2,low,base,base,4,8,12,4,4,1,1,1,0,0,-1,64,0.0,0.46875,0.46875,0.0,14,10,19,21,15,19,12,17,41,16,0,3,0.046875,UL,1.0054359543217828,28,11,1,0,24,0.7,0.275,0.025,0.0,0.375,UL,0.09375,0.0,0.0,0.0,5,midline,dr,midline,0,0,0,0,0
3,3,size11_comp0.2_grid3_base_low,11,0.2,low,base,base,4,8,12,4,4,1,1,1,0,0,-1,64,0.0,0.390625,0.390625,0.0,23,12,14,15,20,13,16,14,40,14,0,10,0.15625,UR,0.6857146422926199,1,46,0,7,10,0.018518518518518517,0.8518518518518519,0.0,0.12962962962962962,0.15625,UR,0.0,0.28125,0.0,0.0,11,midline,dr,midline,0,0,0,0,0
4,3,size11_comp0.2_grid3_base_low,11,0.2,low,base,base,4,8,12,4,4,1,1,1,0,1,15,64,0.0,0.5,0.625,0.4583333333333333,17,17,11,19,22,18,14,9,40,6,2,6,0.09375,UR,1.129740952045259,2,29,5,2,26,0.05263157894736842,0.7631578947368421,0.13157894736842105,0.05263157894736842,0.40625,UR,0.0,0.09375,0.0,0.0,3,midline,dr,midline,0,0,0,0,0
5,3,size11_comp0.2_grid3_base_low,11,0.2,low,base,base,4,8,12,4,4,1,1,1,0,0,-1,64,0.0,0.40625,0.40625,0.0,24,13,13,14,19,18,15,11,45,10,0,8,0.125,UR,0.420026001688088,2,56,2,0,4,0.03333333333333333,0.9333333333333333,0.03333333333333333,0.0,0.0625,UR,0.0,0.375,0.0,0.0,12,midline,dr,midline,0,0,0,0,0
6,3,size11_comp0.2_grid3_base_low,11,0.2,low,base,base,4,8,12,4,4,1,1,1,0,0,-1,64,0.0,0.46875,0.46875,0.0,17,11,18,18,17,21,7,18,40,16,0,3,0.046875,UR,1.2239356011200444,13,26,3,0,22,0.30952380952380953,0.6190476190476191,0.07142857142857142,0.0,0.34375,,0.0,0.0,0.0,0.0,0,midline,dr,midline,0,0,0,0,0
7,3,size11_comp0.2_grid3_base_low,11,0.2,low,base,base,4,8,12,4,4,1,1,1,1,1,14,26,0.46153846153846156,0.6153846153846154,0.4666666666666667,0.8181818181818182,4,7,4,11,10,6,8,1,13,1,2,6,0.23076923076923078,UL,0.9709505944546686,3,0,0,2,21,0.6,0.0,0.0,0.4,0.8076923076923077,,0.0,0.0,0.0,0.0,0,midline,dr,midline,0,0,0,0,0
8,3,size11_comp0.2_grid3_base_low,11,0.2,low,base,base,4,8,12,4,4,1,1,1,0,0,-1,64,0.0,0.359375,0.359375,0.0,17,8,14,25,18,18,12,15,50,12,0,14,0.21875,UL,0.9293636260137187,19,10,0,0,35,0.6551724137931034,0.3448275862068966,0.0,0.0,0.546875,,0.0,0.0,0.0,0.0,0,midline,dr,midline,0,0,0,0,0
9,3,size11_comp0.2_grid3_base_low,11,0.2,low,base,base,4,8,12,4,4,1,1,1,0,1,26,64,0.0,0.515625,0.5185185185185185,0.5135135135135135,16,13,17,17,12,15,13,21,38,19,3,4,0.0625,DL,1.2529007737565314,0,15,25,3,21,0.0,0.3488372093023256,0.5813953488372093,0.06976744186046512,0.328125,DL,0.0,0.0,0.03125,0.0,1,midline,dr,midline,0,0,0,0,0
0,4,size11_comp0.2_grid4_base_low,11,0.2,low,base,base,8,11,19,11,4,1,1,1,0,0,-1,64,0.0,0.390625,0.390625,0.0,19,17,9,18,15,13,17,16,40,13,0,7,0.109375,UR,0.4798320236161285,6,52,0,0,6,0.10344827586206896,0.896551724137931,0.0,0.0,0.09375,UR,0.03125,0.25,0.0,0.0,9,ul,midline,dl,0,0,0,0,0
1,4,size11_comp0.2_grid4_base_low,11,0.2,low,base,base,8,11,19,11,4,1,1,1,0,0,-1,64,0.0,0.390625,0.390625,0.0,16,13,12,22,20,11,10,20,44,14,0,9,0.140625,UR,0.4743454375622397,6,53,0,0,5,0.1016949152542373,0.8983050847457628,0.0,0.0,0.078125,UR,0.03125,0.546875,0.0,0.0,20,ul,midline,dl,0,0,0,0,0
2,4,size11_comp0.2_grid4_base_low,11,0.2,low,base,base,8,11,19,11,4,1,1,1,0,0,-1,64,0.0,0.328125,0.328125,0.0,20,10,11,23,11,17,12,23,48,21,0,16,0.25,UR,0.5916727785823275,8,48,0,0,8,0.14285714285714285,0.8571428571428571,0.0,0.0,0.125,UR,0.046875,0.640625,0.0,0.0,41,ul,midline,dl,0,0,0,0,0
3,4,size11_comp0.2_grid4_base_low,11,0.2,low,base,base,8,11,19,11,4,1,1,1,0,0,-1,64,0.0,0.390625,0.390625,0.0,17,15,10,22,17,14,19,13,41,12,0,7,0.109375,UR,0.6267511370265895,8,43,0,0,13,0.1568627450980392,0.8431372549019608,0.0,0.0,0.203125,UR,0.046875,0.25,0.0,0.0,9,ul,midline,dl,0,0,0,0,0
4,4,size11_comp0.2_grid4_base_low,11,0.2,low,base,base,8,11,19,11,4,1,1,1,1,0,-1,22,0.0,0.4090909090909091,0.4090909090909091,0.0,3,6,3,10,8,3,9,1,4,1,0,1,0.045454545454545456,UL,1.287054028118727,9,3,0,2,8,0.6428571428571429,0.21428571428571427,0.0,0.14285714285714285,0.36363636363636365,UL,0.09090909090909091,0.0,0.0,0.0,2,ul,midline,dl,1,0,0,0,0
5,4,size11_comp0.2_grid4_base_low,11,0.2,low,base,base,8,11,19,11,4,1,1,1,0,0,-1,64,0.0,0.34375,0.34375,0.0,21,13,9,21,11,19,15,18,49,12,0,14,0.21875,UR,0.4586858162005403,6,56,0,0,2,0.0967741935483871,0.9032258064516129,0.0,0.0,0.03125,UR,0.03125,0.6875,0.0,0.0,21,ul,midline,dl,0,0,0,0,0
6,4,size11_comp0.2_grid4_base_low,11,0.2,low,base,base,8,11,19,11,4,1,1,1,0,0,-1,64,0.0,0.359375,0.359375,0.0,23,15,9,17,14,22,9,18,45,14,0,11,0.171875,UR,0.4044483864864383,5,57,0,0,2,0.08064516129032258,0.9193548387096774,0.0,0.0,0.03125,UR,0.03125,0.421875,0.0,0.0,11,ul,midline,dl,0,0,0,0,0
7,4,size11_comp0.2_grid4_base_low,11,0.2,low,base,base,8,11,19,11,4,1,1,1,1,0,-1,25,0.0,0.44,0.44,0.0,4,8,3,10,5,5,9,5,9,5,0,0,0.0,UL,0.9182958340544896,12,6,0,0,7,0.6666666666666666,0.3333333333333333,0.0,0.0,0.28,UL,0.08,0.0,0.0,0.0,2,ul,midline,dl,1,0,0,0,0
8,4,size11_comp0.2_grid4_base_low,11,0.2,low,base,base,8,11,19,11,4,1,1,1,1,0,-1,23,0.0,0.43478260869565216,0.43478260869565216,0.0,2,6,4,11,6,6,6,4,6,4,0,0,0.0,UL,1.0,10,10,0,0,3,0.5,0.5,0.0,0.0,0.13043478260869565,UL,0.13043478260869565,0.043478260869565216,0.0,0.0,3,ul,midline,dl,1,0,0,0,0
9,4,size11_comp0.2_grid4_base_low,11,0.2,low,base,base,8,11,19,11,4,1,1,1,0,0,-1,64,0.0,0.3125,0.3125,0.0,24,13,7,20,14,17,16,16,47,12,0,16,0.25,UR,0.41381685030363374,5,55,0,0,4,0.08333333333333333,0.9166666666666666,0.0,0.0,0.0625,UR,0.03125,0.65625,0.0,0.0,32,ul,midline,dl,0,0,0,0,0
0,5,size11_comp0.2_grid5_base_low,11,0.2,low,base,base,13,7,20,8,6,1,1,1,0,0,-1,64,0.0,0.515625,0.515625,0.0,19,8,16,21,14,18,18,13,34,11,0,7,0.109375,DL,1.2760070139778912,7,9,30,0,18,0.15217391304347827,0.1956521739130435,0.6521739130434783,0.0,0.28125,DL,0.0,0.03125,0.078125,0.0,4,dl,ul,ur,1,0,0,0,0
1,5,size11_comp0.2_grid5_base_low,11,0.2,low,base,base,13,7,20,8,6,1,1,1,0,1,46,64,0.0,0.578125,0.574468085106383,0.5882352941176471,22,11,16,15,17,14,18,14,33,13,0,7,0.109375,UR,1.3090762416207316,7,41,9,2,5,0.11864406779661017,0.6949152542372882,0.15254237288135594,0.03389830508474576,0.078125,UR,0.015625,0.28125,0.046875,0.0,9,dl,ul,ur,0,1,0,0,0
2,5,size11_comp0.2_grid5_base_low,11,0.2,low,base,base,13,7,20,8,6,1,1,1,1,0,-1,16,0.0,0.625,0.625,0.0,8,1,2,5,5,5,2,3,5,3,0,2,0.125,DL,0.5665095065529053,2,0,13,0,1,0.13333333333333333,0.0,0.8666666666666667,0.0,0.0625,DL,0.0,0.0,0.3125,0.0,4,dl,ul,ur,1,0,0,0,0
3,5,size11_comp0.2_grid5_base_low,11,0.2,low,base,base,13,7,20,8,6,1,1,1,0,0,-1,64,0.0,0.546875,0.546875,0.0,21,15,11,17,16,10,16,21,44,17,0,4,0.0625,DR,1.2101879804885398,0,2,16,23,23,0.0,0.04878048780487805,0.3902439024390244,0.5609756097560976,0.359375,DL,0.0,0.0,0.171875,0.0,11,dl,ul,ur,0,0,0,0,0
4,5,size11_comp0.2_grid5_base_low,11,0.2,low,base,base,13,7,20,8,6,1,1,1,0,0,-1,64,0.0,0.484375,0.484375,0.0,14,8,17,25,15,15,13,20,40,16,0,11,0.171875,DL,1.4543408909659967,4,2,28,13,17,0.0851063829787234,0.0425531914893617,0.5957446808510638,0.2765957446808511,0.265625,DL,0.0,0.0,0.0625,0.0,4,dl,ul,ur,1,0,0,0,0
5,5,size11_comp0.2_grid5_base_low,11,0.2,low,base,base,13,7,20,8,6,1,1,1,1,1,29,41,0.4878048780487805,0.7073170731707317,0.6666666666666666,0.8181818181818182,9,4,14,14,11,6,9,14,21,13,1,3,0.07317073170731707,UR,1.4674579648482995,4,10,5,0,22,0.21052631578947367,0.5263157894736842,0.2631578947368421,0.0,0.5365853658536586,DL,0.0,0.0,0.07317073170731707,0.0,3,dl,ul,ur,0,1,0,0,0
6,5,size11_comp0.2_grid5_base_low,11,0.2,low,base,base,13,7,20,8,6,1,1,1,1,0,-1,60,0.0,0.5,0.5,0.0,18,13,16,13,14,15,16,14,33,13,0,6,0.1,DL,1.6216005101580797,4,3,21,12,20,0.1,0.075,0.525,0.3,0.3333333333333333,DL,0.0,0.0,0.1,0.0,6,dl,ul,ur,1,0,0,0,0
7,5,size11_comp0.2_grid5_base_low,11,0.2,low,base,base,13,7,20,8,6,1,1,1,1,0,-1,63,0.0,0.4444444444444444,0.4444444444444444,0.0,18,10,16,19,17,14,17,14,39,8,0,13,0.20634920634920634,DL,1.23820581172454,2,5,35,6,15,0.041666666666666664,0.10416666666666667,0.7291666666666666,0.125,0.23809523809523808,DL,0.0,0.0,0.12698412698412698,0.0,5,dl,ul,ur,1,0,0,0,0
8,5,size11_comp0.2_grid5_base_low,11,0.2,low,base,base,13,7,20,8,6,1,1,1,0,0,-1,64,0.0,0.484375,0.484375,0.0,23,7,15,19,19,20,12,12,40,11,0,10,0.15625,UR,1.009946386155734,0,31,13,1,19,0.0,0.6888888888888889,0.28888888888888886,0.022222222222222223,0.296875,UR,0.0,0.0625,0.03125,0.0,3,dl,ul,ur,0,1,0,0,0
9,5,size11_comp0.2_grid5_base_low,11,0.2,low,base,base,13,7,20,8,6,1,1,1,1,1,52,64,0.3125,0.625,0.5849056603773585,0.8181818181818182,19,10,17,18,18,18,13,14,38,14,1,4,0.0625,UR,1.106452022253965,1,30,27,0,6,0.017241379310344827,0.5172413793103449,0.46551724137931033,0.0,0.09375,DL,0.0,0.046875,0.125,0.0,5,dl,ul,ur,0,1,0,0,0
0,6,size11_comp0.2_grid6_base_low,11,0.2,low,base,base,11,5,16,6,5,1,1,1,1,0,-1,57,0.0,0.5263157894736842,0.5263157894736842,0.0,14,13,14,16,16,12,17,11,32,10,0,3,0.05263157894736842,DL,1.6514789228933084,5,4,16,3,29,0.17857142857142858,0.14285714285714285,0.5714285714285714,0.10714285714285714,0.5087719298245614,,0.0,0.0,0.0,0.0,0,dl,dr,ur,1,0,0,0,0
1,6,size11_comp0.2_grid6_base_low,11,0.2,low,base,base,11,5,16,6,5,1,1,1,1,0,-1,15,0.0,0.6666666666666666,0.6666666666666666,0.0,4,2,3,6,3,7,2,2,3,1,0,1,0.06666666666666667,DL,0.8453509366224364,0,0,8,3,4,0.0,0.0,0.7272727272727273,0.2727272727272727,0.26666666666666666,,0.0,0.0,0.0,0.0,0,dl,dr,ur,1,0,0,0,0
2,6,size11_comp0.2_grid6_base_low,11,0.2,low,base,base,11,5,16,6,5,1,1,1,0,0,-1,64,0.0,0.5,0.5,0.0,13,12,17,22,19,14,16,14,36,13,0,5,0.078125,UL,1.3549301604712412,22,2,16,1,23,0.5365853658536586,0.04878048780487805,0.3902439024390244,0.024390243902439025,0.359375,DL,0.0,0.0,0.171875,0.0,11,dl,dr,ur,0,0,0,0,0
3,6,size11_comp0.2_grid6_base_low,11,0.2,low,base,base,11,5,16,6,5,1,1,1,1,0,-1,6,0.0,1.0,1.0,0.0,2,0,0,4,1,2,2,0,0,0,0,0,0.0,DL,0.9709505944546686,0,0,3,2,1,0.0,0.0,0.6,0.4,0.16666666666666666,,0.0,0.0,0.0,0.0,0,dl,dr,ur,1,0,0,0,0
4,6,size11_comp0.2_grid6_base_low,11,0.2,low,base,base,11,5,16,6,5,1,1,1,0,0,-1,64,0.0,0.375,0.375,0.0,21,5,22,16,25,19,12,7,38,4,0,23,0.359375,UR,1.1500971920115985,0,31,18,2,13,0.0,0.6078431372549019,0.35294117647058826,0.0392156862745098,0.203125,UR,0.0,0.34375,0.015625,0.0,19,dl,dr,ur,0,1,0,0,0
5,6,size11_comp0.2_grid6_base_low,11,0.2,low,base,base,11,5,16,6,5,1,1,1,0,1,40,64,0.0,0.546875,0.5365853658536586,0.5652173913043478,16,15,17,16,21,11,19,12,40,9,1,8,0.125,UR,0.8116103358772054,0,37,8,1,18,0.0,0.8043478260869565,0.17391304347826086,0.021739130434782608,0.28125,UR,0.0,0.1875,0.0,0.0,3,dl,dr,ur,0,1,0,0,0
6,6,size11_comp0.2_grid6_base_low,11,0.2,low,base,base,11,5,16,6,5,1,1,1,0,0,-1,64,0.0,0.4375,0.4375,0.0,18,14,19,13,17,22,12,12,49,10,0,8,0.125,DL,-0.0,0,0,59,0,5,0.0,0.0,1.0,0.0,0.078125,DL,0.0,0.0,0.21875,0.0,9,dl,dr,ur,1,0,0,0,0
7,6,size11_comp0.2_grid6_base_low,11,0.2,low,base,base,11,5,16,6,5,1,1,1,0,1,59,64,0.0,0.546875,0.5333333333333333,0.75,20,13,14,16,17,15,15,14,41,14,1,6,0.09375,DL,1.5959652353697817,10,11,23,1,19,0.2222222222222222,0.24444444444444444,0.5111111111111111,0.022222222222222223,0.296875,,0.0,0.0,0.0,0.0,0,dl,dr,ur,1,0,0,0,0
8,6,size11_comp0.2_grid6_base_low,11,0.2,low,base,base,11,5,16,6,5,1,1,1,0,0,-1,64,0.0,0.46875,0.46875,0.0,15,13,20,16,14,17,17,15,51,14,0,6,0.09375,DL,-0.0,0,0,64,0,0,0.0,0.0,1.0,0.0,0.0,DL,0.0,0.0,0.328125,0.0,5,dl,dr,ur,1,0,0,0,0
9,6,size11_comp0.2_grid6_base_low,11,0.2,low,base,base,11,5,16,6,5,1,1,1,0,0,-1,64,0.0,0.5,0.5,0.0,17,16,15,16,13,11,17,22,41,21,0,2,0.03125,DL,1.2366493562676988,3,0,25,13,23,0.07317073170731707,0.0,0.6097560975609756,0.3170731707317073,0.359375,,0.0,0.0,0.0,0.0,0,dl,dr,ur,1,0,0,0,0
0,7,size11_comp0.2_grid7_base_low,11,0.2,low,base,base,9,10,19,5,8,1,1,1,0,1,39,64,0.0,0.53125,0.55,0.5,24,13,13,14,17,11,13,22,44,19,1,6,0.09375,UR,0.4044483864864383,0,57,0,5,2,0.0,0.9193548387096774,0.0,0.08064516129032258,0.03125,UR,0.0,0.421875,0.0,0.0,9,dr,dl,midline,0,0,0,0,0
1,7,size11_comp0.2_grid7_base_low,11,0.2,low,base,base,9,10,19,5,8,1,1,1,0,1,20,64,0.0,0.546875,0.7142857142857143,0.46511627906976744,22,14,13,15,19,10,18,16,42,16,2,2,0.03125,UR,0.4566836315394428,0,47,0,5,12,0.0,0.9038461538461539,0.0,0.09615384615384616,0.1875,UR,0.0,0.09375,0.0,0.0,2,dr,dl,midline,0,0,0,0,0
2,7,size11_comp0.2_grid7_base_low,11,0.2,low,base,base,9,10,19,5,8,1,1,1,0,0,-1,64,0.0,0.46875,0.46875,0.0,22,10,18,14,18,15,12,18,49,17,0,10,0.15625,UL,1.3001689915051988,21,0,9,4,30,0.6176470588235294,0.0,0.2647058823529412,0.11764705882352941,0.46875,,0.0,0.0,0.0,0.0,0,dr,dl,midline,0,0,0,0,0
3,7,size11_comp0.2_grid7_base_low,11,0.2,low,base,base,9,10,19,5,8,1,1,1,0,1,46,64,0.0,0.5625,0.574468085106383,0.5294117647058824,22,14,14,14,16,11,17,19,32,19,1,2,0.03125,UR,1.3868421881310116,6,32,2,8,16,0.125,0.6666666666666666,0.041666666666666664,0.16666666666666666,0.25,UR,0.0,0.109375,0.0,0.0,2,dr,dl,midline,0,0,0,0,0
4,7,size11_comp0.2_grid7_base_low,11,0.2,low,base,base,9,10,19,5,8,1,1,1,0,1,59,64,0.0,0.421875,0.43333333333333335,0.25,31,10,12,11,23,13,11,16,45,13,1,18,0.28125,UR,0.7473944462440387,0,48,0,13,3,0.0,0.7868852459016393,0.0,0.21311475409836064,0.046875,UR,0.0,0.3125,0.0,0.015625,15,dr,dl,midline,0,0,0,0,0
5,7,size11_comp0.2_grid7_base_low,11,0.2,low,base,base,9,10,19,5,8,1,1,1,0,1,40,64,0.0,0.484375,0.5365853658536586,0.391304347826087,23,10,17,14,20,13,17,13,37,8,2,13,0.203125,UR,0.8279843657786414,0,42,1,10,11,0.0,0.7924528301886793,0.018867924528301886,0.18867924528301888,0.171875,UR,0.0,0.234375,0.0,0.015625,8,dr,dl,midline,0,0,0,0,0
6,7,size11_comp0.2_grid7_base_low,11,0.2,low,base,base,9,10,19,5,8,1,1,1,0,0,-1,64,0.0,0.4375,0.4375,0.0,16,8,22,17,16,16,12,17,43,16,0,8,0.125,DL,0.5830194167347008,0,0,37,6,21,0.0,0.0,0.8604651162790697,0.13953488372093023,0.328125,DL,0.0,0.0,0.0625,0.0,2,dr,dl,midline,0,0,0,0,0
7,7,size11_comp0.2_grid7_base_low,11,0.2,low,base,base,9,10,19,5,8,1,1,1,0,1,49,64,0.0,0.546875,0.56,0.5,18,12,16,18,16,23,12,12,36,10,1,4,0.0625,UR,1.1172031998901555,8,40,0,7,9,0.14545454545454545,0.7272727272727273,0.0,0.12727272727272726,0.140625,UR,0.0,0.03125,0.0,0.0,2,dr,dl,midline,0,0,0,0,0
8,7,size11_comp0.2_grid7_base_low,11,0.2,low,base,base,9,10,19,5,8,1,1,1,0,1,18,64,0.0,0.515625,0.6842105263157895,0.4444444444444444,25,16,11,12,19,19,15,10,44,8,2,5,0.078125,UR,0.28639695711595625,0,57,0,3,4,0.0,0.95,0.0,0.05,0.0625,UR,0.0,0.3125,0.0,0.0,5,dr,dl,midline,0,0,0,0,0
9,7,size11_comp0.2_grid7_base_low,11,0.2,low,base,base,9,10,19,5,8,1,1,1,0,1,39,64,0.0,0.46875,0.5,0.4166666666666667,29,12,10,13,24,9,12,18,47,17,1,13,0.203125,UR,0.27950554563667995,0,59,0,3,2,0.0,0.9516129032258065,0.0,0.04838709677419355,0.03125,UR,0.0,0.25,0.0,0.0,10,dr,dl,midline,0,0,0,0,0
0,8,size11_comp0.2_grid8_base_low,11,0.2,low,base,base,4,10,14,8,3,1,1,1,0,0,-1,64,0.0,0.359375,0.359375,0.0,17,8,16,23,11,17,17,18,43,18,0,9,0.140625,UR,0.6449854410242977,3,41,1,1,18,0.06521739130434782,0.8913043478260869,0.021739130434782608,0.021739130434782608,0.28125,UR,0.0,0.34375,0.0,0.0,14,ul,dr,dl,0,0,0,0,0
1,8,size11_comp0.2_grid8_base_low,11,0.2,low,base,base,4,10,14,8,3,1,1,1,0,0,-1,64,0.0,0.375,0.375,0.0,18,11,15,20,19,13,16,15,46,12,0,10,0.15625,UR,0.8756633923230397,13,31,0,0,20,0.29545454545454547,0.7045454545454546,0.0,0.0,0.3125,UR,0.0,0.140625,0.0,0.0,7,ul,dr,dl,0,0,0,0,0
2,8,size11_comp0.2_grid8_base_low,11,0.2,low,base,base,4,10,14,8,3,1,1,1,0,0,-1,64,0.0,0.40625,0.40625,0.0,23,16,11,14,17,13,13,20,39,17,0,9,0.140625,UR,0.6152538910563409,7,39,0,0,18,0.15217391304347827,0.8478260869565217,0.0,0.0,0.28125,UR,0.0,0.203125,0.0,0.0,5,ul,dr,dl,0,0,0,0,0
3,8,size11_comp0.2_grid8_base_low,11,0.2,low,base,base,4,10,14,8,3,1,1,1,0,0,-1,64,0.0,0.375,0.375,0.0,17,7,18,22,15,14,16,18,48,16,0,10,0.15625,UL,0.6395563653739031,22,2,1,0,39,0.88,0.08,0.04,0.0,0.609375,,0.0,0.0,0.0,0.0,0,ul,dr,dl,1,0,0,0,0
4,8,size11_comp0.2_grid8_base_low,11,0.2,low,base,base,4,10,14,8,3,1,1,1,0,0,-1,64,0.0,0.359375,0.359375,0.0,18,9,15,22,7,21,19,16,46,13,0,10,0.15625,UR,0.5631028237513912,7,46,0,0,11,0.1320754716981132,0.8679245283018868,0.0,0.0,0.171875,UR,0.0,0.171875,0.0,0.0,8,ul,dr,dl,0,0,0,0,0
5,8,size11_comp0.2_grid8_base_low,11,0.2,low,base,base,4,10,14,8,3,1,1,1,0,0,-1,64,0.0,0.328125,0.328125,0.0,18,9,13,23,18,11,15,17,46,13,0,12,0.1875,UR,0.9128988312487389,13,41,1,0,9,0.23636363636363636,0.7454545454545455,0.01818181818181818,0.0,0.140625,UR,0.0,0.359375,0.0,0.0,10,ul,dr,dl,0,0,0,0,0
6,8,size11_comp0.2_grid8_base_low,11,0.2,low,base,base,4,10,14,8,3,1,1,1,0,0,-1,64,0.0,0.296875,0.296875,0.0,22,10,11,21,22,13,15,13,44,10,0,19,0.296875,UR,0.5916727785823275,8,48,0,0,8,0.14285714285714285,0.8571428571428571,0.0,0.0,0.125,UR,0.0,0.234375,0.0,0.0,6,ul,dr,dl,0,0,0,0,0
7,8,size11_comp0.2_grid8_base_low,11,0.2,low,base,base,4,10,14,8,3,1,1,1,0,0,-1,64,0.0,0.359375,0.359375,0.0,21,10,14,19,14,18,18,13,45,8,0,11,0.171875,UR,0.28639695711595625,3,57,0,0,4,0.05,0.95,0.0,0.0,0.0625,UR,0.0,0.421875,0.0,0.0,8,ul,dr,dl,0,0,0,0,0
8,8,size11_comp0.2_grid8_base_low,11,0.2,low,base,base,4,10,14,8,3,1,1,1,0,0,-1,64,0.0,0.375,0.375,0.0,19,11,15,19,15,12,19,17,38,15,0,8,0.125,UR,0.6581912658132185,8,39,0,0,17,0.1702127659574468,0.8297872340425532,0.0,0.0,0.265625,UR,0.0,0.125,0.0,0.0,7,ul,dr,dl,0,0,0,0,0
9,8,size11_comp0.2_grid8_base_low,11,0.2,low,base,base,4,10,14,8,3,1,1,1,0,0,-1,64,0.0,0.40625,0.40625,0.0,20,12,15,17,19,17,14,13,39,13,0,6,0.09375,UL,1.2528404674681513,26,17,0,3,18,0.5652173913043478,0.3695652173913043,0.0,0.06521739130434782,0.28125,UL,0.109375,0.0,0.0,0.0,7,ul,dr,dl,1,0,0,0,0
0,9,size11_comp0.2_grid9_base_low,11,0.2,low,base,base,7,5,12,12,0,1,1,1,0,0,-1,64,0.0,0.453125,0.453125,0.0,23,8,17,16,16,18,9,20,42,15,0,10,0.15625,UR,1.3244134603665068,10,32,0,9,13,0.19607843137254902,0.6274509803921569,0.0,0.17647058823529413,0.203125,UR,0.0,0.125,0.0,0.0,4,dr,ul,ur,0,1,0,0,0
1,9,size11_comp0.2_grid9_base_low,11,0.2,low,base,base,7,5,12,12,0,1,1,1,1,1,19,38,0.3157894736842105,0.5526315789473685,0.6,0.5,10,3,19,6,9,11,9,8,18,6,1,8,0.21052631578947367,UL,1.5537631144722455,8,5,0,8,17,0.38095238095238093,0.23809523809523808,0.0,0.38095238095238093,0.4473684210526316,UL,0.15789473684210525,0.0,0.0,0.0,6,dr,ul,ur,0,0,0,0,0
2,9,size11_comp0.2_grid9_base_low,11,0.2,low,base,base,7,5,12,12,0,1,1,1,0,1,57,64,0.0,0.5,0.5344827586206896,0.16666666666666666,15,8,23,18,20,16,14,13,34,12,0,7,0.109375,DL,1.6205053464328487,7,2,24,15,16,0.14583333333333334,0.041666666666666664,0.5,0.3125,0.25,,0.0,0.0,0.0,0.0,0,dr,ul,ur,0,0,0,0,0
3,9,size11_comp0.2_grid9_base_low,11,0.2,low,base,base,7,5,12,12,0,1,1,1,0,0,-1,64,0.0,0.4375,0.4375,0.0,18,9,22,15,25,11,14,13,39,11,0,12,0.1875,UL,1.1282468200554612,27,2,0,12,23,0.6585365853658537,0.04878048780487805,0.0,0.2926829268292683,0.359375,,0.0,0.0,0.0,0.0,0,dr,ul,ur,0,0,0,0,0
4,9,size11_comp0.2_grid9_base_low,11,0.2,low,base,base,7,5,12,12,0,1,1,1,0,0,-1,64,0.0,0.4375,0.4375,0.0,26,11,12,15,15,16,18,14,46,11,0,12,0.1875,UR,0.41381685030363374,0,55,0,5,4,0.0,0.9166666666666666,0.0,0.08333333333333333,0.0625,UR,0.0,0.5,0.0,0.0,19,dr,ul,ur,0,1,0,0,0
5,9,size11_comp0.2_grid9_base_low,11,0.2,low,base,base,7,5,12,12,0,1,1,1,0,1,42,64,0.0,0.484375,0.5116279069767442,0.42857142857142855,19,7,22,16,18,12,20,13,38,11,2,12,0.1875,UL,1.5094605614663017,32,7,2,14,9,0.5818181818181818,0.12727272727272726,0.03636363636363636,0.2545454545454545,0.140625,UL,0.078125,0.0,0.0,0.03125,5,dr,ul,ur,0,0,0,0,0
6,9,size11_comp0.2_grid9_base_low,11,0.2,low,base,base,7,5,12,12,0,1,1,1,1,1,37,53,0.22641509433962265,0.5283018867924528,0.5263157894736842,0.5333333333333333,19,6,17,11,19,17,8,8,26,5,0,9,0.16981132075471697,UL,1.8178823413642649,11,8,7,2,25,0.39285714285714285,0.2857142857142857,0.25,0.07142857142857142,0.4716981132075472,UL,0.018867924528301886,0.0,0.0,0.0,1,dr,ul,ur,0,0,0,0,0
7,9,size11_comp0.2_grid9_base_low,11,0.2,low,base,base,7,5,12,12,0,1,1,1,1,0,-1,24,0.0,0.5,0.5,0.0,8,1,10,5,5,6,9,3,5,3,0,2,0.08333333333333333,DR,1.5656531116458186,5,5,0,7,7,0.29411764705882354,0.29411764705882354,0.0,0.4117647058823529,0.2916666666666667,UL,0.041666666666666664,0.0,0.0,0.0,1,dr,ul,ur,1,0,0,0,0
8,9,size11_comp0.2_grid9_base_low,11,0.2,low,base,base,7,5,12,12,0,1,1,1,1,1,13,23,0.5217391304347826,0.6956521739130435,0.7142857142857143,0.6666666666666666,8,1,11,3,7,7,4,4,6,3,0,3,0.13043478260869565,DR,1.456564762130954,3,4,0,8,8,0.2,0.26666666666666666,0.0,0.5333333333333333,0.34782608695652173,UL,0.043478260869565216,0.0,0.0,0.043478260869565216,1,dr,ul,ur,1,0,0,0,0
9,9,size11_comp0.2_grid9_base_low,11,0.2,low,base,base,7,5,12,12,0,1,1,1,1,1,45,53,0.22641509433962265,0.5849056603773585,0.5434782608695652,0.8571428571428571,14,4,20,15,19,10,11,12,21,12,0,3,0.05660377358490566,DL,1.8822722018647204,4,7,13,10,19,0.11764705882352941,0.20588235294117646,0.38235294117647056,0.29411764705882354,0.3584905660377358,,0.0,0.0,0.0,0.0,0,dr,ul,ur,0,0,0,0,0
0,0,size11_comp0.4_grid0_base_low,11,0.4,low,base,base,7,10,17,3,7,1,1,1,0,0,-1,64,0.0,0.296875,0.296875,0.0,10,9,21,24,18,12,12,21,54,14,0,26,0.40625,DL,-0.0,0,0,63,0,1,0.0,0.0,1.0,0.0,0.015625,DL,0.0,0.0,0.40625,0.0,11,midline,dr,ul,0,0,0,0,0
1,0,size11_comp0.4_grid0_base_low,11,0.4,low,base,base,7,10,17,3,7,1,1,1,1,0,-1,13,0.0,0.38461538461538464,0.38461538461538464,0.0,3,3,2,5,6,1,2,3,5,3,0,0,0.0,DR,-0.0,0,0,0,7,6,0.0,0.0,0.0,1.0,0.46153846153846156,,0.0,0.0,0.0,0.0,0,midline,dr,ul,0,0,0,0,0
2,0,size11_comp0.4_grid0_base_low,11,0.4,low,base,base,7,10,17,3,7,1,1,1,0,0,-1,64,0.0,0.46875,0.46875,0.0,21,16,15,12,16,19,12,16,49,14,0,6,0.09375,UR,0.8812908992306927,0,14,0,6,44,0.0,0.7,0.0,0.3,0.6875,,0.0,0.0,0.0,0.0,0,midline,dr,ul,0,0,0,0,0
3,0,size11_comp0.4_grid0_base_low,11,0.4,low,base,base,7,10,17,3,7,1,1,1,0,0,-1,64,0.0,0.453125,0.453125,0.0,19,7,18,20,8,17,27,11,41,10,0,9,0.140625,UR,0.8842635042284789,3,34,0,5,22,0.07142857142857142,0.8095238095238095,0.0,0.11904761904761904,0.34375,UR,0.0,0.109375,0.0,0.0,7,midline,dr,ul,0,0,0,0,0
4,0,size11_comp0.4_grid0_base_low,11,0.4,low,base,base,7,10,17,3,7,1,1,1,1,0,-1,14,0.0,0.2857142857142857,0.2857142857142857,0.0,3,0,4,7,6,2,2,3,9,3,0,3,0.21428571428571427,DL,0.6500224216483541,0,0,10,2,2,0.0,0.0,0.8333333333333334,0.16666666666666666,0.14285714285714285,,0.0,0.0,0.0,0.0,0,midline,dr,ul,0,0,0,0,0
5,0,size11_comp0.4_grid0_base_low,11,0.4,low,base,base,7,10,17,3,7,1,1,1,0,0,-1,64,0.0,0.484375,0.484375,0.0,18,16,15,15,15,15,17,16,45,13,0,5,0.078125,UR,0.882425954337534,8,31,0,1,24,0.2,0.775,0.0,0.025,0.375,UR,0.0,0.046875,0.0,0.0,3,midline,dr,ul,0,0,0,0,0
6,0,size11_comp0.4_grid0_base_low,11,0.4,low,base,base,7,10,17,3,7,1,1,1,0,0,-1,64,0.0,0.4375,0.4375,0.0,14,10,18,21,12,18,12,20,42,18,0,9,0.140625,DL,1.7345071236804066,8,14,21,3,18,0.17391304347826086,0.30434782608695654,0.45652173913043476,0.06521739130434782,0.28125,,0.0,0.0,0.0,0.0,0,midline,dr,ul,0,0,0,0,0
7,0,size11_comp0.4_grid0_base_low,11,0.4,low,base,base,7,10,17,3,7,1,1,1,0,0,-1,64,0.0,0.453125,0.453125,0.0,20,13,14,17,14,14,16,19,46,16,0,7,0.109375,UR,1.0949143184120975,3,30,0,9,22,0.07142857142857142,0.7142857142857143,0.0,0.21428571428571427,0.34375,,0.0,0.0,0.0,0.0,0,midline,dr,ul,0,0,0,0,0
8,0,size11_comp0.4_grid0_base_low,11,0.4,low,base,base,7,10,17,3,7,1,1,1,0,0,-1,64,0.0,0.390625,0.390625,0.0,14,10,20,20,14,18,14,17,52,13,0,14,0.21875,DL,0.4798320236161285,0,0,52,6,6,0.0,0.0,0.896551724137931,0.10344827586206896,0.09375,DL,0.0,0.0,0.15625,0.0,5,midline,dr,ul,0,0,0,0,0
9,0,size11_comp0.4_grid0_base_low,11,0.4,low,base,base,7,10,17,3,7,1,1,1,0,0,-1,64,0.0,0.4375,0.4375,0.0,18,6,22,18,21,14,8,20,44,18,0,10,0.15625,DL,1.6234573261391958,13,7,18,1,25,0.3333333333333333,0.1794871794871795,0.46153846153846156,0.02564102564102564,0.390625,,0.0,0.0,0.0,0.0,0,midline,dr,ul,0,0,0,0,0
0,1,size11_comp0.4_grid1_base_low,11,0.4,low,base,base,3,6,9,3,3,1,1,1,1,0,-1,27,0.0,0.37037037037037035,0.37037037037037035,0.0,8,5,6,8,6,7,8,5,18,4,0,4,0.14814814814814814,UL,0.8960382325345574,11,0,5,0,11,0.6875,0.0,0.3125,0.0,0.4074074074074074,,0.0,0.0,0.0,0.0,0,dl,ul,dl,0,0,0,0,0
1,1,size11_comp0.4_grid1_base_low,11,0.4,low,base,base,3,6,9,3,3,1,1,1,1,0,-1,14,0.0,0.21428571428571427,0.21428571428571427,0.0,4,1,7,2,7,3,2,1,5,0,0,5,0.35714285714285715,DL,0.5916727785823275,1,0,6,0,7,0.14285714285714285,0.0,0.8571428571428571,0.0,0.5,,0.0,0.0,0.0,0.0,0,dl,ul,dl,1,1,0,0,0
2,1,size11_comp0.4_grid1_base_low,11,0.4,low,base,base,3,6,9,3,3,1,1,1,1,1,22,33,0.2727272727272727,0.5757575757575758,0.4782608695652174,0.8,10,5,8,10,9,6,9,8,21,6,0,4,0.12121212121212122,DL,0.205592508185083,1,0,30,0,2,0.03225806451612903,0.0,0.967741935483871,0.0,0.06060606060606061,,0.0,0.0,0.0,0.0,0,dl,ul,dl,1,1,0,0,0
3,1,size11_comp0.4_grid1_base_low,11,0.4,low,base,base,3,6,9,3,3,1,1,1,0,0,-1,64,0.0,0.3125,0.3125,0.0,23,11,11,19,19,12,15,17,52,12,0,23,0.359375,DL,0.4220005168831531,0,0,32,3,29,0.0,0.0,0.9142857142857143,0.08571428571428572,0.453125,,0.0,0.0,0.0,0.0,0,dl,ul,dl,1,1,0,0,0
4,1,size11_comp0.4_grid1_base_low,11,0.4,low,base,base,3,6,9,3,3,1,1,1,1,0,-1,59,0.0,0.3728813559322034,0.3728813559322034,0.0,19,14,9,16,14,13,12,17,42,12,0,11,0.1864406779661017,DL,0.46274905857817394,5,0,46,0,8,0.09803921568627451,0.0,0.9019607843137255,0.0,0.13559322033898305,DL,0.0,0.0,0.11864406779661017,0.0,5,dl,ul,dl,1,1,0,0,0
5,1,size11_comp0.4_grid1_base_low,11,0.4,low,base,base,3,6,9,3,3,1,1,1,1,0,-1,25,0.0,0.28,0.28,0.0,10,3,4,8,6,10,7,1,16,1,0,8,0.32,DL,0.6722948170756379,3,0,14,0,8,0.17647058823529413,0.0,0.8235294117647058,0.0,0.32,,0.0,0.0,0.0,0.0,0,dl,ul,dl,1,1,0,0,0
6,1,size11_comp0.4_grid1_base_low,11,0.4,low,base,base,3,6,9,3,3,1,1,1,0,0,-1,64,0.0,0.34375,0.34375,0.0,15,11,11,26,11,15,18,17,50,13,0,18,0.28125,DL,0.5631028237513912,7,0,46,0,11,0.1320754716981132,0.0,0.8679245283018868,0.0,0.171875,,0.0,0.0,0.0,0.0,0,dl,ul,dl,1,1,0,0,0
7,1,size11_comp0.4_grid1_base_low,11,0.4,low,base,base,3,6,9,3,3,1,1,1,1,0,-1,43,0.0,0.3488372093023256,0.3488372093023256,0.0,12,5,10,16,10,12,11,9,34,6,0,10,0.23255813953488372,DL,0.9949848281859701,11,0,13,0,19,0.4583333333333333,0.0,0.5416666666666666,0.0,0.4418604651162791,,0.0,0.0,0.0,0.0,0,dl,ul,dl,1,1,0,0,0
8,1,size11_comp0.4_grid1_base_low,11,0.4,low,base,base,3,6,9,3,3,1,1,1,0,0,-1,64,0.0,0.359375,0.359375,0.0,16,8,19,20,16,15,12,18,49,16,0,12,0.1875,DL,0.8188011058474717,10,0,43,1,10,0.18518518518518517,0.0,0.7962962962962963,0.018518518518518517,0.15625,UL,0.015625,0.0,0.0,0.0,1,dl,ul,dl,1,1,0,0,0
9,1,size11_comp0.4_grid1_base_low,11,0.4,low,base,base,3,6,9,3,3,1,1,1,0,0,-1,64,0.0,0.390625,0.390625,0.0,22,13,12,17,14,13,14,22,49,20,0,13,0.203125,DL,0.676941869780886,10,0,46,0,8,0.17857142857142858,0.0,0.8214285714285714,0.0,0.125,DL,0.0,0.0,0.09375,0.0,5,dl,ul,dl,1,1,0,0,0
0,2,size11_comp0.4_grid2_base_low,11,0.4,low,base,base,5,4,9,5,2,1,1,1,1,1,13,25,0.36,0.64,0.6428571428571429,0.6363636363636364,5,5,5,10,10,5,5,4,10,4,3,2,0.08,UL,1.0,9,0,9,0,7,0.5,0.0,0.5,0.0,0.28,,0.0,0.0,0.0,0.0,0,ul,midline,dl,1,0,0,0,0
1,2,size11_comp0.4_grid2_base_low,11,0.4,low,base,base,5,4,9,5,2,1,1,1,1,1,16,21,0.42857142857142855,0.6666666666666666,0.5882352941176471,1.0,3,5,4,9,5,6,4,5,12,5,1,2,0.09523809523809523,DL,0.8453509366224364,3,0,8,0,10,0.2727272727272727,0.0,0.7272727272727273,0.0,0.47619047619047616,,0.0,0.0,0.0,0.0,0,ul,midline,dl,0,1,0,0,0
2,2,size11_comp0.4_grid2_base_low,11,0.4,low,base,base,5,4,9,5,2,1,1,1,1,1,7,14,0.6428571428571429,0.7857142857142857,0.75,0.8333333333333334,2,3,2,7,2,4,4,3,4,3,0,1,0.07142857142857142,DL,0.9864267287308425,1,0,7,1,5,0.1111111111111111,0.0,0.7777777777777778,0.1111111111111111,0.35714285714285715,,0.0,0.0,0.0,0.0,0,ul,midline,dl,0,1,0,0,0
3,2,size11_comp0.4_grid2_base_low,11,0.4,low,base,base,5,4,9,5,2,1,1,1,0,1,15,64,0.0,0.34375,0.5,0.2916666666666667,15,11,15,22,20,13,17,11,45,7,1,25,0.390625,UR,1.5231634434001347,16,28,15,0,5,0.2711864406779661,0.4745762711864407,0.2542372881355932,0.0,0.078125,UR,0.0,0.015625,0.0,0.0,1,ul,midline,dl,0,0,0,0,0
4,2,size11_comp0.4_grid2_base_low,11,0.4,low,base,base,5,4,9,5,2,1,1,1,1,0,-1,10,0.0,0.4,0.4,0.0,1,1,2,6,2,1,3,3,5,2,0,3,0.3,UL,-0.0,2,0,0,0,8,1.0,0.0,0.0,0.0,0.8,,0.0,0.0,0.0,0.0,0,ul,midline,dl,1,0,0,0,0
5,2,size11_comp0.4_grid2_base_low,11,0.4,low,base,base,5,4,9,5,2,1,1,1,1,0,-1,9,0.0,0.4444444444444444,0.4444444444444444,0.0,1,2,0,6,3,3,1,1,3,1,0,2,0.2222222222222222,UL,-0.0,4,0,0,0,5,1.0,0.0,0.0,0.0,0.5555555555555556,,0.0,0.0,0.0,0.0,0,ul,midline,dl,1,0,0,0,0
6,2,size11_comp0.4_grid2_base_low,11,0.4,low,base,base,5,4,9,5,2,1,1,1,1,0,-1,51,0.0,0.39215686274509803,0.39215686274509803,0.0,12,10,14,15,16,7,16,11,26,9,0,12,0.23529411764705882,UR,1.167267423822269,11,23,0,2,15,0.3055555555555556,0.6388888888888888,0.0,0.05555555555555555,0.29411764705882354,UL,0.0784313725490196,0.058823529411764705,0.0,0.0,4,ul,midline,dl,0,0,0,0,0
7,2,size11_comp0.4_grid2_base_low,11,0.4,low,base,base,5,4,9,5,2,1,1,1,1,0,-1,62,0.0,0.45161290322580644,0.45161290322580644,0.0,14,11,15,21,10,22,11,16,42,14,0,6,0.0967741935483871,UL,0.4394969869215134,40,4,0,0,18,0.9090909090909091,0.09090909090909091,0.0,0.0,0.2903225806451613,UL,0.016129032258064516,0.0,0.0,0.0,1,ul,midline,dl,1,0,0,0,0
8,2,size11_comp0.4_grid2_base_low,11,0.4,low,base,base,5,4,9,5,2,1,1,1,1,0,-1,13,0.0,0.23076923076923078,0.23076923076923078,0.0,0,1,2,10,7,1,1,3,8,0,0,8,0.6153846153846154,UL,-0.0,9,0,0,0,4,1.0,0.0,0.0,0.0,0.3076923076923077,,0.0,0.0,0.0,0.0,0,ul,midline,dl,1,0,0,0,0
9,2,size11_comp0.4_grid2_base_low,11,0.4,low,base,base,5,4,9,5,2,1,1,1,1,0,-1,47,0.0,0.3617021276595745,0.3617021276595745,0.0,6,7,15,19,12,12,8,14,37,7,0,14,0.2978723404255319,DL,0.9480782435939055,11,0,19,0,17,0.36666666666666664,0.0,0.6333333333333333,0.0,0.3617021276595745,,0.0,0.0,0.0,0.0,0,ul,midline,dl,0,1,0,0,0
0,3,size11_comp0.4_grid3_base_low,11,0.4,low,base,base,12,9,21,3,9,1,1,1,1,0,-1,47,0.0,0.46808510638297873,0.46808510638297873,0.0,13,11,12,11,12,6,16,12,28,11,0,6,0.1276595744680851,DL,0.9876925088958034,20,0,26,0,1,0.43478260869565216,0.0,0.5652173913043478,0.0,0.02127659574468085,DL,0.0425531914893617,0.0,0.19148936170212766,0.0,7,dl,midline,ur,1,0,0,0,0
1,3,size11_comp0.4_grid3_base_low,11,0.4,low,base,base,12,9,21,3,9,1,1,1,0,0,-1,64,0.0,0.4375,0.4375,0.0,20,8,17,19,15,15,20,13,39,11,0,12,0.1875,UL,1.757640557403862,21,10,12,3,18,0.45652173913043476,0.21739130434782608,0.2608695652173913,0.06521739130434782,0.28125,,0.0,0.0,0.0,0.0,0,dl,midline,ur,0,0,0,0,0
2,3,size11_comp0.4_grid3_base_low,11,0.4,low,base,base,12,9,21,3,9,1,1,1,1,0,-1,9,0.0,0.6666666666666666,0.6666666666666666,0.0,4,1,2,2,2,1,3,2,3,2,0,0,0.0,DL,-0.0,0,0,9,0,0,0.0,0.0,1.0,0.0,0.0,DL,0.0,0.0,0.3333333333333333,0.0,2,dl,midline,ur,1,0,0,0,0
3,3,size11_comp0.4_grid3_base_low,11,0.4,low,base,base,12,9,21,3,9,1,1,1,0,0,-1,64,0.0,0.421875,0.421875,0.0,17,12,16,18,11,18,13,19,48,16,0,16,0.25,UL,1.4201637650022323,25,10,3,2,24,0.625,0.25,0.075,0.05,0.375,,0.0,0.0,0.0,0.0,0,dl,midline,ur,0,0,0,0,0
4,3,size11_comp0.4_grid3_base_low,11,0.4,low,base,base,12,9,21,3,9,1,1,1,1,0,-1,57,0.0,0.5087719298245614,0.5087719298245614,0.0,14,9,17,17,8,17,13,18,42,18,0,2,0.03508771929824561,DL,-0.0,0,0,50,0,7,0.0,0.0,1.0,0.0,0.12280701754385964,DL,0.0,0.0,0.08771929824561403,0.0,3,dl,midline,ur,1,0,0,0,0
5,3,size11_comp0.4_grid3_base_low,11,0.4,low,base,base,12,9,21,3,9,1,1,1,1,0,-1,5,0.0,0.8,0.8,0.0,3,0,1,1,1,0,2,1,1,1,0,0,0.0,DL,-0.0,0,0,5,0,0,0.0,0.0,1.0,0.0,0.0,,0.0,0.0,0.0,0.0,0,dl,midline,ur,1,0,0,0,0
6,3,size11_comp0.4_grid3_base_low,11,0.4,low,base,base,12,9,21,3,9,1,1,1,1,0,-1,9,0.0,0.5555555555555556,0.5555555555555556,0.0,3,0,2,4,2,2,3,1,3,0,0,2,0.2222222222222222,DL,-0.0,0,0,7,0,2,0.0,0.0,1.0,0.0,0.2222222222222222,,0.0,0.0,0.0,0.0,0,dl,midline,ur,1,0,0,0,0
7,3,size11_comp0.4_grid3_base_low,11,0.4,low,base,base,12,9,21,3,9,1,1,1,1,0,-1,5,0.0,0.8,0.8,0.0,3,0,1,1,1,2,1,0,0,0,0,0,0.0,DL,-0.0,0,0,5,0,0,0.0,0.0,1.0,0.0,0.0,,0.0,0.0,0.0,0.0,0,dl,midline,ur,1,0,0,0,0
8,3,size11_comp0.4_grid3_base_low,11,0.4,low,base,base,12,9,21,3,9,1,1,1,0,0,-1,64,0.0,0.484375,0.484375,0.0,25,14,11,14,16,18,14,15,40,11,0,12,0.1875,DL,1.2955001740239136,0,8,25,6,25,0.0,0.20512820512820512,0.6410256410256411,0.15384615384615385,0.390625,DL,0.0,0.0,0.125,0.0,6,dl,midline,ur,1,0,0,0,0
9,3,size11_comp0.4_grid3_base_low,11,0.4,low,base,base,12,9,21,3,9,1,1,1,0,1,37,64,0.0,0.453125,0.5526315789473685,0.3076923076923077,21,11,16,16,15,14,17,17,42,13,3,20,0.3125,UR,0.9405662399881731,6,38,4,0,16,0.125,0.7916666666666666,0.08333333333333333,0.0,0.25,UR,0.0,0.140625,0.0,0.0,5,dl,midline,ur,0,1,0,0,0
0,4,size11_comp0.4_grid4_base_low,11,0.4,low,base,base,4,5,9,5,2,1,1,1,0,1,13,64,0.0,0.453125,0.6428571428571429,0.4,20,12,13,18,17,17,16,12,40,11,4,11,0.171875,UL,1.6815419333359276,14,4,4,3,39,0.56,0.16,0.16,0.12,0.609375,,0.0,0.0,0.0,0.0,0,dl,dr,midline,0,0,0,0,0
1,4,size11_comp0.4_grid4_base_low,11,0.4,low,base,base,4,5,9,5,2,1,1,1,1,1,24,35,0.2571428571428571,0.5714285714285714,0.52,0.7,10,8,5,12,10,7,11,6,14,6,0,4,0.11428571428571428,DL,1.176065103715944,2,1,18,3,11,0.08333333333333333,0.041666666666666664,0.75,0.125,0.3142857142857143,DL,0.0,0.0,0.2571428571428571,0.0,6,dl,dr,midline,1,0,0,0,0
2,4,size11_comp0.4_grid4_base_low,11,0.4,low,base,base,4,5,9,5,2,1,1,1,1,1,10,23,0.391304347826087,0.6521739130434783,0.6363636363636364,0.6666666666666666,7,3,5,8,10,6,3,3,9,3,1,2,0.08695652173913043,DL,1.3787834934861753,0,1,4,2,16,0.0,0.14285714285714285,0.5714285714285714,0.2857142857142857,0.6956521739130435,,0.0,0.0,0.0,0.0,0,dl,dr,midline,1,0,0,0,0
3,4,size11_comp0.4_grid4_base_low,11,0.4,low,base,base,4,5,9,5,2,1,1,1,1,1,12,33,0.2727272727272727,0.5454545454545454,0.5384615384615384,0.55,8,6,7,12,8,8,10,6,14,5,2,6,0.18181818181818182,DL,1.061278124459133,0,2,12,2,17,0.0,0.125,0.75,0.125,0.5151515151515151,DL,0.0,0.0,0.18181818181818182,0.0,6,dl,dr,midline,1,0,0,0,0
4,4,size11_comp0.4_grid4_base_low,11,0.4,low,base,base,4,5,9,5,2,1,1,1,0,0,-1,64,0.0,0.375,0.375,0.0,16,8,17,23,19,18,6,20,40,17,0,17,0.265625,UL,0.7578784625383954,25,0,7,0,32,0.78125,0.0,0.21875,0.0,0.5,UL,0.078125,0.0,0.0,0.0,5,dl,dr,midline,0,0,0,0,0
5,4,size11_comp0.4_grid4_base_low,11,0.4,low,base,base,4,5,9,5,2,1,1,1,0,1,41,64,0.0,0.5,0.5238095238095238,0.45454545454545453,17,10,16,21,18,14,17,14,28,14,2,4,0.0625,UL,1.625099283286658,19,8,16,1,20,0.4318181818181818,0.18181818181818182,0.36363636363636365,0.022727272727272728,0.3125,,0.0,0.0,0.0,0.0,0,dl,dr,midline,0,0,0,0,0
6,4,size11_comp0.4_grid4_base_low,11,0.4,low,base,base,4,5,9,5,2,1,1,1,1,0,-1,13,0.0,0.38461538461538464,0.38461538461538464,0.0,5,1,2,5,3,2,3,4,7,4,0,2,0.15384615384615385,DL,-0.0,0,0,9,0,4,0.0,0.0,1.0,0.0,0.3076923076923077,,0.0,0.0,0.0,0.0,0,dl,dr,midline,1,0,0,0,0
7,4,size11_comp0.4_grid4_base_low,11,0.4,low,base,base,4,5,9,5,2,1,1,1,0,1,22,64,0.0,0.421875,0.5652173913043478,0.34146341463414637,15,11,13,25,22,12,12,17,42,13,0,17,0.265625,UL,1.7828265558229093,17,7,5,5,30,0.5,0.20588235294117646,0.14705882352941177,0.14705882352941177,0.46875,,0.0,0.0,0.0,0.0,0,dl,dr,midline,0,0,0,0,0
8,4,size11_comp0.4_grid4_base_low,11,0.4,low,base,base,4,5,9,5,2,1,1,1,0,1,20,64,0.0,0.453125,0.5238095238095238,0.4186046511627907,13,8,20,23,18,17,13,15,43,12,2,12,0.1875,DL,0.7219280948873623,0,4,16,0,44,0.0,0.2,0.8,0.0,0.6875,DL,0.0,0.0,0.046875,0.0,3,dl,dr,midline,1,0,0,0,0
9,4,size11_comp0.4_grid4_base_low,11,0.4,low,base,base,4,5,9,5,2,1,1,1,0,1,22,64,0.0,0.4375,0.5217391304347826,0.3902439024390244,21,12,15,16,18,18,15,12,42,11,0,14,0.21875,DL,1.6263749067327815,7,2,22,10,23,0.17073170731707318,0.04878048780487805,0.5365853658536586,0.24390243902439024,0.359375,DL,0.0,0.0,0.046875,0.0,3,dl,dr,midline,1,0,0,0,0
0,5,size11_comp0.4_grid5_base_low,11,0.4,low,base,base,11,6,17,5,6,1,1,1,1,0,-1,11,0.0,0.7272727272727273,0.7272727272727273,0.0,1,3,2,5,4,3,2,1,3,1,0,0,0.0,UR,0.9852281360342515,3,4,0,0,4,0.42857142857142855,0.5714285714285714,0.0,0.0,0.36363636363636365,UL,0.09090909090909091,0.0,0.0,0.0,1,ul,midline,dr,0,0,0,0,0
1,5,size11_comp0.4_grid5_base_low,11,0.4,low,base,base,11,6,17,5,6,1,1,1,0,0,-1,64,0.0,0.46875,0.46875,0.0,14,14,17,19,19,16,13,15,42,13,0,10,0.15625,UR,0.5423905010390677,3,48,0,2,11,0.05660377358490566,0.9056603773584906,0.0,0.03773584905660377,0.171875,UR,0.015625,0.09375,0.0,0.0,3,ul,midline,dr,0,0,0,0,0
2,5,size11_comp0.4_grid5_base_low,11,0.4,low,base,base,11,6,17,5,6,1,1,1,1,0,-1,16,0.0,0.5625,0.5625,0.0,3,5,2,6,3,5,6,1,6,1,0,3,0.1875,UL,-0.0,10,0,0,0,6,1.0,0.0,0.0,0.0,0.375,UL,0.0625,0.0,0.0,0.0,1,ul,midline,dr,1,0,0,0,0
3,5,size11_comp0.4_grid5_base_low,11,0.4,low,base,base,11,6,17,5,6,1,1,1,0,0,-1,64,0.0,0.40625,0.40625,0.0,12,13,20,17,15,14,15,15,42,10,0,16,0.25,UL,1.3248959573944903,17,17,0,3,27,0.4594594594594595,0.4594594594594595,0.0,0.08108108108108109,0.421875,UL,0.015625,0.0,0.0,0.0,1,ul,midline,dr,1,0,0,0,0
4,5,size11_comp0.4_grid5_base_low,11,0.4,low,base,base,11,6,17,5,6,1,1,1,0,0,-1,64,0.0,0.40625,0.40625,0.0,21,15,10,18,18,15,13,17,42,14,0,16,0.25,UL,1.305803563478725,26,24,4,0,10,0.48148148148148145,0.4444444444444444,0.07407407407407407,0.0,0.15625,UR,0.03125,0.140625,0.0,0.0,9,ul,midline,dr,1,0,0,0,0
5,5,size11_comp0.4_grid5_base_low,11,0.4,low,base,base,11,6,17,5,6,1,1,1,1,0,-1,26,0.0,0.4230769230769231,0.4230769230769231,0.0,4,6,5,11,7,6,5,7,15,3,0,9,0.34615384615384615,UL,-0.0,23,0,0,0,3,1.0,0.0,0.0,0.0,0.11538461538461539,UL,0.038461538461538464,0.0,0.0,0.0,1,ul,midline,dr,1,0,0,0,0
6,5,size11_comp0.4_grid5_base_low,11,0.4,low,base,base,11,6,17,5,6,1,1,1,0,0,-1,64,0.0,0.515625,0.515625,0.0,12,14,16,22,10,16,15,22,43,20,0,4,0.0625,UR,0.804717519321077,15,46,0,0,3,0.2459016393442623,0.7540983606557377,0.0,0.0,0.046875,UR,0.015625,0.203125,0.0,0.0,3,ul,midline,dr,0,0,0,0,0
7,5,size11_comp0.4_grid5_base_low,11,0.4,low,base,base,11,6,17,5,6,1,1,1,1,0,-1,5,0.0,1.0,1.0,0.0,0,2,0,3,3,0,1,0,0,0,0,0,0.0,UL,-0.0,3,0,0,0,2,1.0,0.0,0.0,0.0,0.4,UL,0.2,0.0,0.0,0.0,1,ul,midline,dr,1,0,0,0,0
8,5,size11_comp0.4_grid5_base_low,11,0.4,low,base,base,11,6,17,5,6,1,1,1,1,0,-1,9,0.0,0.7777777777777778,0.7777777777777778,0.0,0,2,2,5,4,2,1,1,2,1,0,0,0.0,UL,-0.0,7,0,0,0,2,1.0,0.0,0.0,0.0,0.2222222222222222,UL,0.1111111111111111,0.0,0.0,0.0,1,ul,midline,dr,1,0,0,0,0
9,5,size11_comp0.4_grid5_base_low,11,0.4,low,base,base,11,6,17,5,6,1,1,1,1,0,-1,35,0.0,0.45714285714285713,0.45714285714285713,0.0,5,13,8,9,9,13,6,6,23,6,0,8,0.22857142857142856,UR,0.783776947484701,7,23,0,0,5,0.23333333333333334,0.7666666666666667,0.0,0.0,0.14285714285714285,UL,0.02857142857142857,0.02857142857142857,0.0,0.0,1,ul,midline,dr,0,0,0,0,0
0,6,size11_comp0.4_grid6_base_low,11,0.4,low,base,base,5,8,13,9,2,1,1,1,0,0,-1,64,0.0,0.359375,0.359375,0.0,18,7,19,20,13,13,14,23,54,19,0,15,0.234375,UR,-0.0,0,61,0,0,3,0.0,1.0,0.0,0.0,0.046875,UR,0.0,0.59375,0.0,0.0,12,midline,dl,ul,0,0,0,0,0
1,6,size11_comp0.4_grid6_base_low,11,0.4,low,base,base,5,8,13,9,2,1,1,1,0,0,-1,64,0.0,0.328125,0.328125,0.0,21,8,15,20,19,16,14,14,52,11,0,21,0.328125,UR,0.4854607607459134,6,51,0,0,7,0.10526315789473684,0.8947368421052632,0.0,0.0,0.109375,UR,0.0,0.28125,0.0,0.0,16,midline,dl,ul,0,0,0,0,0
2,6,size11_comp0.4_grid6_base_low,11,0.4,low,base,base,5,8,13,9,2,1,1,1,0,0,-1,64,0.0,0.28125,0.28125,0.0,27,10,12,15,15,20,14,14,55,9,0,25,0.390625,UR,-0.0,0,58,0,0,6,0.0,1.0,0.0,0.0,0.09375,UR,0.0,0.640625,0.0,0.0,25,midline,dl,ul,0,0,0,0,0
3,6,size11_comp0.4_grid6_base_low,11,0.4,low,base,base,5,8,13,9,2,1,1,1,0,0,-1,64,0.0,0.375,0.375,0.0,18,14,13,19,11,18,13,21,54,16,0,13,0.203125,UR,-0.0,0,58,0,0,6,0.0,1.0,0.0,0.0,0.09375,UR,0.0,0.0625,0.0,0.0,3,midline,dl,ul,0,0,0,0,0
4,6,size11_comp0.4_grid6_base_low,11,0.4,low,base,base,5,8,13,9,2,1,1,1,0,0,-1,64,0.0,0.328125,0.328125,0.0,22,11,13,17,10,21,20,11,49,6,0,18,0.28125,UR,-0.0,0,59,0,0,5,0.0,1.0,0.0,0.0,0.078125,UR,0.0,0.390625,0.0,0.0,13,midline,dl,ul,0,0,0,0,0
5,6,size11_comp0.4_grid6_base_low,11,0.4,low,base,base,5,8,13,9,2,1,1,1,0,1,58,64,0.0,0.453125,0.4576271186440678,0.4,12,9,22,20,17,12,15,17,45,14,1,10,0.15625,UR,0.9117517586347537,17,35,0,0,12,0.3269230769230769,0.6730769230769231,0.0,0.0,0.1875,UR,0.0,0.125,0.0,0.0,3,midline,dl,ul,0,0,0,0,0
6,6,size11_comp0.4_grid6_base_low,11,0.4,low,base,base,5,8,13,9,2,1,1,1,0,0,-1,64,0.0,0.3125,0.3125,0.0,26,9,13,16,21,15,16,11,52,10,0,21,0.328125,UR,-0.0,0,62,0,0,2,0.0,1.0,0.0,0.0,0.03125,UR,0.0,0.3125,0.0,0.0,12,midline,dl,ul,0,0,0,0,0
7,6,size11_comp0.4_grid6_base_low,11,0.4,low,base,base,5,8,13,9,2,1,1,1,0,1,43,64,0.0,0.453125,0.4772727272727273,0.4,10,11,17,26,18,20,11,14,33,13,0,10,0.15625,UR,1.3201537773579655,9,27,7,0,21,0.20930232558139536,0.627906976744186,0.16279069767441862,0.0,0.328125,UR,0.0,0.03125,0.0,0.0,1,midline,dl,ul,0,0,0,0,0
8,6,size11_comp0.4_grid6_base_low,11,0.4,low,base,base,5,8,13,9,2,1,1,1,0,0,-1,64,0.0,0.359375,0.359375,0.0,19,10,15,20,19,11,15,18,48,17,0,14,0.21875,UR,0.7676515870125797,13,45,0,0,6,0.22413793103448276,0.7758620689655172,0.0,0.0,0.09375,UR,0.0,0.1875,0.0,0.0,6,midline,dl,ul,0,0,0,0,0
9,6,size11_comp0.4_grid6_base_low,11,0.4,low,base,base,5,8,13,9,2,1,1,1,0,0,-1,64,0.0,0.3125,0.3125,0.0,25,12,12,14,17,14,18,12,52,10,0,20,0.3125,UR,-0.0,0,60,0,0,4,0.0,1.0,0.0,0.0,0.0625,UR,0.0,0.296875,0.0,0.0,17,midline,dl,ul,0,0,0,0,0
0,7,size11_comp0.4_grid7_base_low,11,0.4,low,base,base,6,3,9,7,2,1,1,1,1,1,29,38,0.23684210526315788,0.5263157894736842,0.5333333333333333,0.5,7,12,8,11,10,16,6,5,19,5,0,7,0.18421052631578946,DR,0.9587118829771318,0,8,0,13,17,0.0,0.38095238095238093,0.0,0.6190476190476191,0.4473684210526316,DR,0.0,0.02631578947368421,0.0,0.13157894736842105,5,ur,dr,dr,0,1,0,0,0
1,7,size11_comp0.4_grid7_base_low,11,0.4,low,base,base,6,3,9,7,2,1,1,1,0,0,-1,64,0.0,0.421875,0.421875,0.0,20,13,13,18,9,21,13,20,54,16,0,9,0.140625,UR,-0.0,0,64,0,0,0,0.0,1.0,0.0,0.0,0.0,UR,0.0,0.71875,0.0,0.0,14,ur,dr,dr,1,0,0,0,0
2,7,size11_comp0.4_grid7_base_low,11,0.4,low,base,base,6,3,9,7,2,1,1,1,1,1,40,53,0.16981132075471697,0.5283018867924528,0.5365853658536586,0.5,9,18,12,14,7,9,18,18,33,18,5,6,0.11320754716981132,UR,0.9182958340544896,0,30,0,15,8,0.0,0.6666666666666666,0.0,0.3333333333333333,0.1509433962264151,UR,0.0,0.09433962264150944,0.0,0.0,5,ur,dr,dr,1,0,0,0,0
3,7,size11_comp0.4_grid7_base_low,11,0.4,low,base,base,6,3,9,7,2,1,1,1,1,1,35,57,0.15789473684210525,0.49122807017543857,0.5277777777777778,0.42857142857142855,10,16,11,20,17,17,11,11,38,9,2,10,0.17543859649122806,DR,0.5032583347756457,0,5,0,40,12,0.0,0.1111111111111111,0.0,0.8888888888888888,0.21052631578947367,DR,0.0,0.017543859649122806,0.0,0.10526315789473684,4,ur,dr,dr,0,1,0,0,0
4,7,size11_comp0.4_grid7_base_low,11,0.4,low,base,base,6,3,9,7,2,1,1,1,1,1,33,43,0.20930232558139536,0.5116279069767442,0.5,0.5555555555555556,8,14,9,12,9,17,7,9,22,8,1,8,0.18604651162790697,UR,0.9957274520849255,0,21,0,18,4,0.0,0.5384615384615384,0.0,0.46153846153846156,0.09302325581395349,UR,0.0,0.023255813953488372,0.0,0.0,1,ur,dr,dr,1,0,0,0,0
5,7,size11_comp0.4_grid7_base_low,11,0.4,low,base,base,6,3,9,7,2,1,1,1,0,0,-1,64,0.0,0.375,0.375,0.0,13,17,17,17,16,21,11,15,48,13,0,16,0.25,UR,-0.0,0,54,0,0,10,0.0,1.0,0.0,0.0,0.15625,UR,0.0,0.21875,0.0,0.0,13,ur,dr,dr,1,0,0,0,0
6,7,size11_comp0.4_grid7_base_low,11,0.4,low,base,base,6,3,9,7,2,1,1,1,1,1,24,31,0.2903225806451613,0.5483870967741935,0.52,0.6666666666666666,5,9,9,8,8,8,5,9,18,8,0,6,0.1935483870967742,DR,0.954434002924965,0,6,0,10,15,0.0,0.375,0.0,0.625,0.4838709677419355,,0.0,0.0,0.0,0.0,0,ur,dr,dr,0,1,0,0,0
7,7,size11_comp0.4_grid7_base_low,11,0.4,low,base,base,6,3,9,7,2,1,1,1,1,1,42,60,0.15,0.5,0.5116279069767442,0.47058823529411764,10,16,12,22,19,11,16,13,37,9,2,9,0.15,DR,1.414027862689752,0,17,6,23,14,0.0,0.3695652173913043,0.13043478260869565,0.5,0.23333333333333334,,0.0,0.0,0.0,0.0,0,ur,dr,dr,0,1,0,0,0
8,7,size11_comp0.4_grid7_base_low,11,0.4,low,base,base,6,3,9,7,2,1,1,1,0,0,-1,64,0.0,0.453125,0.453125,0.0,16,18,14,16,18,12,14,19,50,16,0,6,0.09375,UR,-0.0,0,61,0,0,3,0.0,1.0,0.0,0.0,0.046875,UR,0.0,0.359375,0.0,0.0,7,ur,dr,dr,1,0,0,0,0
9,7,size11_comp0.4_grid7_base_low,11,0.4,low,base,base,6,3,9,7,2,1,1,1,0,0,-1,64,0.0,0.453125,0.453125,0.0,17,25,9,13,21,14,16,12,35,10,0,10,0.15625,UR,0.9113423759758417,0,33,0,16,15,0.0,0.673469387755102,0.0,0.32653061224489793,0.234375,UR,0.0,0.09375,0.0,0.0,3,ur,dr,dr,1,0,0,0,0
0,8,size11_comp0.4_grid8_base_low,11,0.4,low,base,base,8,5,13,3,5,1,1,1,0,0,-1,64,0.0,0.375,0.375,0.0,19,16,11,17,13,14,19,15,45,13,0,11,0.171875,UL,0.600608575413187,35,6,0,0,23,0.8536585365853658,0.14634146341463414,0.0,0.0,0.359375,UL,0.046875,0.0,0.0,0.0,3,ul,ul,dl,1,0,0,0,0
1,8,size11_comp0.4_grid8_base_low,11,0.4,low,base,base,8,5,13,3,5,1,1,1,1,0,-1,8,0.0,0.625,0.625,0.0,0,4,2,2,2,2,3,0,1,0,0,1,0.125,UL,-0.0,8,0,0,0,0,1.0,0.0,0.0,0.0,0.0,UL,0.625,0.0,0.0,0.0,3,ul,ul,dl,1,0,0,0,0
2,8,size11_comp0.4_grid8_base_low,11,0.4,low,base,base,8,5,13,3,5,1,1,1,0,0,-1,64,0.0,0.171875,0.171875,0.0,22,8,7,27,23,16,16,8,53,4,0,36,0.5625,UR,0.6051865766334206,8,46,0,0,10,0.14814814814814814,0.8518518518518519,0.0,0.0,0.15625,UL,0.0625,0.0,0.0,0.0,2,ul,ul,dl,0,0,0,0,0
3,8,size11_comp0.4_grid8_base_low,11,0.4,low,base,base,8,5,13,3,5,1,1,1,0,0,-1,64,0.0,0.3125,0.3125,0.0,20,13,9,21,17,15,12,17,48,13,0,18,0.28125,UR,0.9940302114769565,25,30,0,0,9,0.45454545454545453,0.5454545454545454,0.0,0.0,0.140625,UL,0.03125,0.0,0.0,0.0,2,ul,ul,dl,0,0,0,0,0
4,8,size11_comp0.4_grid8_base_low,11,0.4,low,base,base,8,5,13,3,5,1,1,1,0,0,-1,64,0.0,0.234375,0.234375,0.0,27,11,6,20,24,18,8,13,52,7,0,28,0.4375,UR,0.7355085815538398,12,46,0,0,6,0.20689655172413793,0.7931034482758621,0.0,0.0,0.09375,UL,0.03125,0.0,0.0,0.0,2,ul,ul,dl,0,0,0,0,0
5,8,size11_comp0.4_grid8_base_low,11,0.4,low,base,base,8,5,13,3,5,1,1,1,0,0,-1,64,0.0,0.265625,0.265625,0.0,16,12,12,24,19,17,12,15,50,8,0,24,0.375,UR,0.9661773513883509,20,31,0,0,13,0.39215686274509803,0.6078431372549019,0.0,0.0,0.203125,UL,0.09375,0.0,0.0,0.0,4,ul,ul,dl,0,0,0,0,0
6,8,size11_comp0.4_grid8_base_low,11,0.4,low,base,base,8,5,13,3,5,1,1,1,0,0,-1,64,0.0,0.296875,0.296875,0.0,18,13,11,22,15,22,10,16,49,11,0,20,0.3125,UL,0.9863676072907088,29,22,0,0,13,0.5686274509803921,0.43137254901960786,0.0,0.0,0.203125,UL,0.25,0.0,0.0,0.0,8,ul,ul,dl,1,0,0,0,0
7,8,size11_comp0.4_grid8_base_low,11,0.4,low,base,base,8,5,13,3,5,1,1,1,0,0,-1,64,0.0,0.34375,0.34375,0.0,13,10,15,24,14,12,18,15,53,11,0,12,0.1875,UR,0.9440870182837794,17,30,0,0,17,0.3617021276595745,0.6382978723404256,0.0,0.0,0.265625,UL,0.03125,0.0,0.0,0.0,2,ul,ul,dl,0,0,0,0,0
8,8,size11_comp0.4_grid8_base_low,11,0.4,low,base,base,8,5,13,3,5,1,1,1,0,0,-1,64,0.0,0.234375,0.234375,0.0,24,11,7,21,14,19,14,14,51,9,0,28,0.4375,UR,0.9392547207311598,21,38,0,0,5,0.3559322033898305,0.6440677966101694,0.0,0.0,0.078125,UL,0.078125,0.0,0.0,0.0,5,ul,ul,dl,0,0,0,0,0
9,8,size11_comp0.4_grid8_base_low,11,0.4,low,base,base,8,5,13,3,5,1,1,1,0,0,-1,64,0.0,0.265625,0.265625,0.0,27,10,9,18,25,19,8,11,50,8,0,26,0.40625,UR,0.9774178175281716,21,30,0,0,13,0.4117647058823529,0.5882352941176471,0.0,0.0,0.203125,UL,0.03125,0.0,0.0,0.0,2,ul,ul,dl,0,0,0,0,0
0,9,size11_comp0.4_grid9_base_low,11,0.4,low,base,base,3,5,8,8,0,1,1,1,0,0,-1,64,0.0,0.328125,0.328125,0.0,18,12,12,22,13,15,18,17,39,12,0,15,0.234375,UL,1.4294688389720505,21,6,14,0,23,0.5121951219512195,0.14634146341463414,0.34146341463414637,0.0,0.359375,UL,0.046875,0.015625,0.015625,0.0,3,dl,midline,dl,0,0,0,0,0
1,9,size11_comp0.4_grid9_base_low,11,0.4,low,base,base,3,5,8,8,0,1,1,1,0,0,-1,64,0.0,0.296875,0.296875,0.0,13,10,18,23,19,12,19,13,41,8,0,24,0.375,UL,0.6948053635662363,30,1,4,0,29,0.8571428571428571,0.02857142857142857,0.11428571428571428,0.0,0.453125,UL,0.078125,0.0,0.0,0.0,3,dl,midline,dl,0,0,0,0,0
2,9,size11_comp0.4_grid9_base_low,11,0.4,low,base,base,3,5,8,8,0,1,1,1,1,0,-1,25,0.0,0.36,0.36,0.0,9,3,4,9,5,4,12,3,10,2,0,5,0.2,UR,0.934068055375491,0,13,7,0,5,0.0,0.65,0.35,0.0,0.2,DL,0.0,0.0,0.08,0.0,2,dl,midline,dl,0,0,0,0,0
3,9,size11_comp0.4_grid9_base_low,11,0.4,low,base,base,3,5,8,8,0,1,1,1,1,1,10,19,0.42105263157894735,0.631578947368421,0.5454545454545454,0.75,5,4,1,9,6,6,3,3,8,3,0,3,0.15789473684210525,DL,-0.0,0,0,12,0,7,0.0,0.0,1.0,0.0,0.3684210526315789,DL,0.0,0.0,0.21052631578947367,0.0,4,dl,midline,dl,1,1,0,0,0
4,9,size11_comp0.4_grid9_base_low,11,0.4,low,base,base,3,5,8,8,0,1,1,1,1,0,-1,15,0.0,0.3333333333333333,0.3333333333333333,0.0,4,2,0,9,3,4,6,1,5,1,0,3,0.2,DL,-0.0,0,0,5,0,10,0.0,0.0,1.0,0.0,0.6666666666666666,,0.0,0.0,0.0,0.0,0,dl,midline,dl,1,1,0,0,0
5,9,size11_comp0.4_grid9_base_low,11,0.4,low,base,base,3,5,8,8,0,1,1,1,0,0,-1,64,0.0,0.3125,0.3125,0.0,20,7,16,20,9,21,18,13,40,10,0,15,0.234375,UR,0.6690158350565576,0,33,7,0,24,0.0,0.825,0.175,0.0,0.375,UR,0.0,0.28125,0.0,0.0,13,dl,midline,dl,0,0,0,0,0
6,9,size11_comp0.4_grid9_base_low,11,0.4,low,base,base,3,5,8,8,0,1,1,1,1,1,9,22,0.36363636363636365,0.5909090909090909,0.6,0.5833333333333334,7,6,2,7,4,8,6,3,8,3,3,4,0.18181818181818182,DL,0.954434002924965,0,0,10,6,6,0.0,0.0,0.625,0.375,0.2727272727272727,,0.0,0.0,0.0,0.0,0,dl,midline,dl,1,1,0,0,0
7,9,size11_comp0.4_grid9_base_low,11,0.4,low,base,base,3,5,8,8,0,1,1,1,1,1,8,38,0.21052631578947367,0.5263157894736842,0.6666666666666666,0.4827586206896552,11,9,5,13,11,8,7,11,23,8,7,6,0.15789473684210525,DL,0.824980257347893,1,4,22,0,11,0.037037037037037035,0.14814814814814814,0.8148148148148148,0.0,0.2894736842105263,DL,0.0,0.0,0.05263157894736842,0.0,1,dl,midline,dl,1,1,0,0,0
8,9,size11_comp0.4_grid9_base_low,11,0.4,low,base,base,3,5,8,8,0,1,1,1,1,1,11,36,0.2222222222222222,0.5555555555555556,0.5833333333333334,0.5416666666666666,8,6,8,14,6,9,9,11,20,8,3,4,0.1111111111111111,DL,0.8403586716091171,0,7,19,0,10,0.0,0.2692307692307692,0.7307692307692307,0.0,0.2777777777777778,,0.0,0.0,0.0,0.0,0,dl,midline,dl,1,1,0,0,0
9,9,size11_comp0.4_grid9_base_low,11,0.4,low,base,base,3,5,8,8,0,1,1,1,1,1,8,21,0.38095238095238093,0.6666666666666666,0.6666666666666666,0.6666666666666666,6,5,2,8,5,3,8,4,8,3,1,1,0.047619047619047616,DL,0.9940302114769565,0,5,6,0,10,0.0,0.45454545454545453,0.5454545454545454,0.0,0.47619047619047616,,0.0,0.0,0.0,0.0,0,dl,midline,dl,1,1,0,0,0
0,0,size11_comp0.6_grid0_base_low,11,0.6,low,base,base,8,3,11,7,3,1,1,1,1,0,-1,20,0.0,0.5,0.5,0.0,10,1,5,4,6,5,5,3,9,2,0,5,0.25,DL,-0.0,0,0,18,0,2,0.0,0.0,1.0,0.0,0.1,DL,0.0,0.0,0.2,0.0,3,midline,midline,dr,0,0,0,0,0
1,0,size11_comp0.6_grid0_base_low,11,0.6,low,base,base,8,3,11,7,3,1,1,1,0,0,-1,64,0.0,0.359375,0.359375,0.0,26,13,12,13,20,13,15,15,52,11,0,22,0.34375,DL,-0.0,0,0,57,0,7,0.0,0.0,1.0,0.0,0.109375,DL,0.0,0.0,0.046875,0.0,1,midline,midline,dr,0,0,0,0,0
2,0,size11_comp0.6_grid0_base_low,11,0.6,low,base,base,8,3,11,7,3,1,1,1,0,1,24,64,0.0,0.46875,0.6,0.38461538461538464,21,12,14,17,14,17,12,20,41,16,1,9,0.140625,UR,1.1941737342569119,0,33,18,3,10,0.0,0.6111111111111112,0.3333333333333333,0.05555555555555555,0.15625,UR,0.0,0.046875,0.0,0.0,2,midline,midline,dr,0,0,0,0,0
3,0,size11_comp0.6_grid0_base_low,11,0.6,low,base,base,8,3,11,7,3,1,1,1,0,0,-1,64,0.0,0.421875,0.421875,0.0,14,10,21,18,14,14,14,19,50,17,0,15,0.234375,DL,-0.0,0,0,58,0,6,0.0,0.0,1.0,0.0,0.09375,DL,0.0,0.0,0.125,0.0,5,midline,midline,dr,0,0,0,0,0
4,0,size11_comp0.6_grid0_base_low,11,0.6,low,base,base,8,3,11,7,3,1,1,1,1,0,-1,14,0.0,0.5714285714285714,0.5714285714285714,0.0,6,0,4,4,2,2,6,3,6,3,0,3,0.21428571428571427,DL,-0.0,0,0,12,0,2,0.0,0.0,1.0,0.0,0.14285714285714285,,0.0,0.0,0.0,0.0,0,midline,midline,dr,0,0,0,0,0
5,0,size11_comp0.6_grid0_base_low,11,0.6,low,base,base,8,3,11,7,3,1,1,1,1,0,-1,37,0.0,0.4864864864864865,0.4864864864864865,0.0,12,7,9,9,8,8,14,6,23,6,0,6,0.16216216216216217,DL,-0.0,0,0,35,0,2,0.0,0.0,1.0,0.0,0.05405405405405406,DL,0.0,0.0,0.13513513513513514,0.0,3,midline,midline,dr,0,0,0,0,0
6,0,size11_comp0.6_grid0_base_low,11,0.6,low,base,base,8,3,11,7,3,1,1,1,1,1,55,63,0.1746031746031746,0.4444444444444444,0.44642857142857145,0.42857142857142855,17,12,15,19,11,17,23,11,47,10,0,18,0.2857142857142857,DL,0.1370994788998177,0,0,51,1,11,0.0,0.0,0.9807692307692307,0.019230769230769232,0.1746031746031746,DL,0.0,0.0,0.07936507936507936,0.0,3,midline,midline,dr,0,0,0,0,0
7,0,size11_comp0.6_grid0_base_low,11,0.6,low,base,base,8,3,11,7,3,1,1,1,1,0,-1,17,0.0,0.47058823529411764,0.47058823529411764,0.0,9,1,4,3,4,5,5,2,9,1,0,6,0.35294117647058826,DL,0.4394969869215134,0,0,10,1,6,0.0,0.0,0.9090909090909091,0.09090909090909091,0.35294117647058826,,0.0,0.0,0.0,0.0,0,midline,midline,dr,0,0,0,0,0
8,0,size11_comp0.6_grid0_base_low,11,0.6,low,base,base,8,3,11,7,3,1,1,1,0,0,-1,64,0.0,0.390625,0.390625,0.0,16,11,19,18,15,17,14,17,47,12,0,18,0.28125,DL,0.8042522359016422,14,0,43,0,7,0.24561403508771928,0.0,0.7543859649122807,0.0,0.109375,DL,0.0,0.0,0.078125,0.0,3,midline,midline,dr,0,0,0,0,0
9,0,size11_comp0.6_grid0_base_low,11,0.6,low,base,base,8,3,11,7,3,1,1,1,1,1,58,63,0.1746031746031746,0.5079365079365079,0.4915254237288136,0.75,19,10,17,17,16,13,17,16,45,15,1,10,0.15873015873015872,DL,0.13923299905509887,0,0,50,1,12,0.0,0.0,0.9803921568627451,0.0196078431372549,0.19047619047619047,DL,0.0,0.0,0.06349206349206349,0.0,2,midline,midline,dr,0,0,0,0,0
0,1,size11_comp0.6_grid1_base_low,11,0.6,low,base,base,11,6,17,7,6,1,1,1,0,0,-1,64,0.0,0.359375,0.359375,0.0,19,9,19,17,18,6,13,26,55,20,0,18,0.28125,DL,-0.0,0,0,64,0,0,0.0,0.0,1.0,0.0,0.0,DL,0.0,0.0,0.65625,0.0,15,dl,midline,ul,1,0,0,0,0
1,1,size11_comp0.6_grid1_base_low,11,0.6,low,base,base,11,6,17,7,6,1,1,1,0,0,-1,64,0.0,0.265625,0.265625,0.0,15,7,20,21,11,19,15,16,52,5,0,33,0.515625,DL,0.954434002924965,18,0,30,0,16,0.375,0.0,0.625,0.0,0.25,DL,0.0625,0.0,0.140625,0.0,5,dl,midline,ul,1,0,0,0,0
2,1,size11_comp0.6_grid1_base_low,11,0.6,low,base,base,11,6,17,7,6,1,1,1,0,0,-1,64,0.0,0.390625,0.390625,0.0,20,7,18,19,10,16,15,22,54,17,0,18,0.28125,DL,-0.0,0,0,64,0,0,0.0,0.0,1.0,0.0,0.0,DL,0.0,0.0,0.140625,0.0,7,dl,midline,ul,1,0,0,0,0
3,1,size11_comp0.6_grid1_base_low,11,0.6,low,base,base,11,6,17,7,6,1,1,1,0,1,61,64,0.0,0.375,0.3709677419354839,0.5,17,6,14,27,13,18,13,19,48,10,1,28,0.4375,DL,0.9944423248022587,26,0,31,0,7,0.45614035087719296,0.0,0.543859649122807,0.0,0.109375,UL,0.0625,0.0,0.046875,0.0,4,dl,midline,ul,1,0,0,0,0
4,1,size11_comp0.6_grid1_base_low,11,0.6,low,base,base,11,6,17,7,6,1,1,1,0,0,-1,64,0.0,0.359375,0.359375,0.0,23,10,13,17,13,15,18,15,53,12,0,23,0.359375,DL,0.205592508185083,2,0,60,0,2,0.03225806451612903,0.0,0.967741935483871,0.0,0.03125,DL,0.0,0.0,0.1875,0.0,3,dl,midline,ul,1,0,0,0,0
5,1,size11_comp0.6_grid1_base_low,11,0.6,low,base,base,11,6,17,7,6,1,1,1,0,0,-1,64,0.0,0.328125,0.328125,0.0,19,7,21,17,20,14,16,13,53,10,0,27,0.421875,DL,0.27950554563667995,3,0,59,0,2,0.04838709677419355,0.0,0.9516129032258065,0.0,0.03125,DL,0.0,0.0,0.171875,0.0,5,dl,midline,ul,1,0,0,0,0
6,1,size11_comp0.6_grid1_base_low,11,0.6,low,base,base,11,6,17,7,6,1,1,1,0,0,-1,64,0.0,0.34375,0.34375,0.0,22,9,11,22,16,19,16,12,52,8,0,25,0.390625,DL,0.205592508185083,2,0,60,0,2,0.03225806451612903,0.0,0.967741935483871,0.0,0.03125,DL,0.0,0.0,0.140625,0.0,4,dl,midline,ul,1,0,0,0,0
7,1,size11_comp0.6_grid1_base_low,11,0.6,low,base,base,11,6,17,7,6,1,1,1,0,0,-1,64,0.0,0.390625,0.390625,0.0,16,7,19,22,13,14,22,14,52,11,0,20,0.3125,DL,0.12565805017256743,1,0,57,0,6,0.017241379310344827,0.0,0.9827586206896551,0.0,0.09375,DL,0.0,0.0,0.296875,0.0,8,dl,midline,ul,1,0,0,0,0
8,1,size11_comp0.6_grid1_base_low,11,0.6,low,base,base,11,6,17,7,6,1,1,1,0,1,62,64,0.0,0.40625,0.4126984126984127,0.0,28,7,16,13,15,21,11,16,45,12,0,23,0.359375,DL,1.5073484074258399,12,14,25,0,13,0.23529411764705882,0.27450980392156865,0.49019607843137253,0.0,0.203125,DL,0.0,0.0,0.03125,0.0,2,dl,midline,ul,1,0,0,0,0
9,1,size11_comp0.6_grid1_base_low,11,0.6,low,base,base,11,6,17,7,6,1,1,1,0,0,-1,64,0.0,0.34375,0.34375,0.0,16,7,15,25,18,16,14,13,52,8,0,23,0.359375,DL,0.30540057087920036,3,0,52,0,9,0.05454545454545454,0.0,0.9454545454545454,0.0,0.140625,DL,0.0,0.0,0.171875,0.0,4,dl,midline,ul,1,0,0,0,0
0,2,size11_comp0.6_grid2_base_low,11,0.6,low,base,base,4,14,18,14,4,1,1,1,0,1,50,64,0.0,0.40625,0.3333333333333333,0.6923076923076923,17,17,13,17,22,13,11,17,46,9,3,25,0.390625,UL,0.7424875695421236,30,8,0,0,26,0.7894736842105263,0.21052631578947367,0.0,0.0,0.40625,UL,0.1875,0.0,0.0,0.0,12,ul,dr,ul,1,1,0,0,0
1,2,size11_comp0.6_grid2_base_low,11,0.6,low,base,base,4,14,18,14,4,1,1,1,0,0,-1,64,0.0,0.25,0.25,0.0,12,13,20,19,12,13,23,15,54,6,0,31,0.484375,UL,-0.0,35,0,0,0,29,1.0,0.0,0.0,0.0,0.453125,,0.0,0.0,0.0,0.0,0,ul,dr,ul,1,1,0,0,0
2,2,size11_comp0.6_grid2_base_low,11,0.6,low,base,base,4,14,18,14,4,1,1,1,0,1,49,64,0.0,0.4375,0.34,0.7857142857142857,21,13,11,19,16,19,16,12,43,8,1,21,0.328125,UR,0.9182958340544896,14,28,0,0,22,0.3333333333333333,0.6666666666666666,0.0,0.0,0.34375,,0.0,0.0,0.0,0.0,0,ul,dr,ul,0,0,0,0,0
3,2,size11_comp0.6_grid2_base_low,11,0.6,low,base,base,4,14,18,14,4,1,1,1,0,0,-1,64,0.0,0.359375,0.359375,0.0,18,10,14,22,19,15,19,10,40,8,0,17,0.265625,UR,0.7300166301457938,10,39,0,0,15,0.20408163265306123,0.7959183673469388,0.0,0.0,0.234375,UR,0.0,0.234375,0.0,0.0,7,ul,dr,ul,0,0,0,0,0
4,2,size11_comp0.6_grid2_base_low,11,0.6,low,base,base,4,14,18,14,4,1,1,1,0,1,61,64,0.0,0.40625,0.3870967741935484,1.0,16,15,14,19,19,20,16,8,40,7,1,18,0.28125,UL,1.4792952631684029,23,5,1,11,24,0.575,0.125,0.025,0.275,0.375,,0.0,0.0,0.0,0.0,0,ul,dr,ul,1,1,0,0,0
5,2,size11_comp0.6_grid2_base_low,11,0.6,low,base,base,4,14,18,14,4,1,1,1,0,0,-1,64,0.0,0.296875,0.296875,0.0,16,12,21,15,12,16,18,17,53,8,0,25,0.390625,UL,0.6500224216483541,35,0,7,0,22,0.8333333333333334,0.0,0.16666666666666666,0.0,0.34375,,0.0,0.0,0.0,0.0,0,ul,dr,ul,1,1,0,0,0
6,2,size11_comp0.6_grid2_base_low,11,0.6,low,base,base,4,14,18,14,4,1,1,1,0,0,-1,64,0.0,0.296875,0.296875,0.0,15,11,17,21,14,17,15,17,47,14,0,19,0.296875,DL,0.9377342939868041,17,0,31,0,16,0.3541666666666667,0.0,0.6458333333333334,0.0,0.25,,0.0,0.0,0.0,0.0,0,ul,dr,ul,0,0,0,0,0
7,2,size11_comp0.6_grid2_base_low,11,0.6,low,base,base,4,14,18,14,4,1,1,1,0,0,-1,64,0.0,0.1875,0.1875,0.0,20,11,11,22,23,16,9,15,47,9,0,32,0.5,DL,0.9737837298712214,10,0,36,2,16,0.20833333333333334,0.0,0.75,0.041666666666666664,0.25,,0.0,0.0,0.0,0.0,0,ul,dr,ul,0,0,0,0,0
8,2,size11_comp0.6_grid2_base_low,11,0.6,low,base,base,4,14,18,14,4,1,1,1,0,1,42,64,0.0,0.46875,0.3953488372093023,0.6190476190476191,16,19,11,18,15,21,16,11,41,8,2,18,0.28125,UL,1.189731916820733,26,8,0,4,26,0.6842105263157895,0.21052631578947367,0.0,0.10526315789473684,0.40625,UL,0.03125,0.0,0.0,0.0,2,ul,dr,ul,1,1,0,0,0
9,2,size11_comp0.6_grid2_base_low,11,0.6,low,base,base,4,14,18,14,4,1,1,1,0,1,54,64,0.0,0.390625,0.4,0.3333333333333333,18,11,15,20,17,16,12,18,45,13,1,21,0.328125,UR,0.9731560354421095,21,31,0,0,12,0.40384615384615385,0.5961538461538461,0.0,0.0,0.1875,UR,0.0,0.03125,0.0,0.0,2,ul,dr,ul,0,0,0,0,0
0,3,size11_comp0.6_grid3_base_low,11,0.6,low,base,base,3,12,15,13,1,1,1,1,0,1,2,64,0.0,0.375,1.0,0.3442622950819672,24,9,14,17,16,18,15,14,47,10,3,16,0.25,UR,0.8663006754980498,0,42,0,17,5,0.0,0.711864406779661,0.0,0.288135593220339,0.078125,UR,0.0,0.53125,0.0,0.0,19,dr,dl,dr,0,0,0,0,0
1,3,size11_comp0.6_grid3_base_low,11,0.6,low,base,base,3,12,15,13,1,1,1,1,0,1,9,64,0.0,0.296875,0.5,0.25925925925925924,26,7,12,19,18,15,20,10,47,6,2,25,0.390625,UR,0.9333572600179805,0,41,0,22,1,0.0,0.6507936507936508,0.0,0.3492063492063492,0.015625,UR,0.0,0.421875,0.0,0.0,18,dr,dl,dr,0,0,0,0,0
2,3,size11_comp0.6_grid3_base_low,11,0.6,low,base,base,3,12,15,13,1,1,1,1,0,0,-1,64,0.0,0.40625,0.40625,0.0,18,13,19,14,12,13,18,20,48,18,0,9,0.140625,UR,0.7814521843216314,5,36,0,2,21,0.11627906976744186,0.8372093023255814,0.0,0.046511627906976744,0.328125,UR,0.0,0.046875,0.0,0.0,1,dr,dl,dr,0,0,0,0,0
3,3,size11_comp0.6_grid3_base_low,11,0.6,low,base,base,3,12,15,13,1,1,1,1,0,1,11,64,0.0,0.328125,0.4166666666666667,0.3076923076923077,20,7,15,21,16,15,18,12,48,9,1,20,0.3125,UR,0.8366407419411672,0,44,0,16,4,0.0,0.7333333333333333,0.0,0.26666666666666666,0.0625,UR,0.0,0.515625,0.0,0.0,11,dr,dl,dr,0,0,0,0,0
4,3,size11_comp0.6_grid3_base_low,11,0.6,low,base,base,3,12,15,13,1,1,1,1,0,1,22,64,0.0,0.359375,0.391304347826087,0.34146341463414637,23,7,14,20,19,9,16,19,47,14,0,18,0.28125,DR,0.9805974409917271,0,23,0,32,9,0.0,0.41818181818181815,0.0,0.5818181818181818,0.140625,UR,0.0,0.1875,0.0,0.0,6,dr,dl,dr,1,1,0,0,0
5,3,size11_comp0.6_grid3_base_low,11,0.6,low,base,base,3,12,15,13,1,1,1,1,0,1,26,64,0.0,0.34375,0.37037037037037035,0.32432432432432434,27,10,15,12,21,13,15,14,48,9,3,19,0.296875,UR,1.0,0,30,0,30,4,0.0,0.5,0.0,0.5,0.0625,UR,0.0,0.421875,0.0,0.015625,20,dr,dl,dr,0,0,0,0,0
6,3,size11_comp0.6_grid3_base_low,11,0.6,low,base,base,3,12,15,13,1,1,1,1,0,1,24,64,0.0,0.375,0.4,0.358974358974359,24,9,15,16,14,17,15,17,45,11,1,16,0.25,UR,0.9784493292686189,0,34,0,24,6,0.0,0.5862068965517241,0.0,0.41379310344827586,0.09375,UR,0.0,0.34375,0.0,0.0,14,dr,dl,dr,0,0,0,0,0
7,3,size11_comp0.6_grid3_base_low,11,0.6,low,base,base,3,12,15,13,1,1,1,1,0,0,-1,64,0.0,0.34375,0.34375,0.0,20,13,15,15,12,24,15,11,43,10,0,13,0.203125,UR,0.7228578977329688,2,36,0,4,22,0.047619047619047616,0.8571428571428571,0.0,0.09523809523809523,0.34375,UR,0.0,0.09375,0.0,0.0,4,dr,dl,dr,0,0,0,0,0
8,3,size11_comp0.6_grid3_base_low,11,0.6,low,base,base,3,12,15,13,1,1,1,1,0,0,-1,64,0.0,0.328125,0.328125,0.0,21,11,12,20,9,19,22,13,48,10,0,17,0.265625,UR,0.9108783787500366,0,31,0,15,18,0.0,0.6739130434782609,0.0,0.32608695652173914,0.28125,UR,0.0,0.21875,0.0,0.0,13,dr,dl,dr,0,0,0,0,0
9,3,size11_comp0.6_grid3_base_low,11,0.6,low,base,base,3,12,15,13,1,1,1,1,0,0,-1,64,0.0,0.390625,0.390625,0.0,21,8,18,17,17,16,14,16,46,16,0,9,0.140625,UR,0.1222915970693747,0,59,0,1,4,0.0,0.9833333333333333,0.0,0.016666666666666666,0.0625,UR,0.0,0.328125,0.0,0.0,16,dr,dl,dr,0,0,0,0,0
0,4,size11_comp0.6_grid4_base_low,11,0.6,low,base,base,5,7,12,10,1,1,1,1,0,0,-1,64,0.0,0.375,0.375,0.0,17,13,17,16,15,13,16,17,43,14,0,12,0.1875,UR,1.03608227906163,1,30,0,14,19,0.022222222222222223,0.6666666666666666,0.0,0.3111111111111111,0.296875,UR,0.0,0.09375,0.0,0.0,6,dr,midline,midline,0,0,0,0,0
1,4,size11_comp0.6_grid4_base_low,11,0.6,low,base,base,5,7,12,10,1,1,1,1,0,0,-1,64,0.0,0.296875,0.296875,0.0,15,7,20,22,16,10,20,17,46,11,0,20,0.3125,UR,1.2666984164171151,12,22,0,3,27,0.32432432432432434,0.5945945945945946,0.0,0.08108108108108109,0.421875,UR,0.0,0.171875,0.0,0.0,11,dr,midline,midline,0,0,0,0,0
2,4,size11_comp0.6_grid4_base_low,11,0.6,low,base,base,5,7,12,10,1,1,1,1,0,0,-1,64,0.0,0.28125,0.28125,0.0,20,10,14,20,17,17,18,11,50,7,0,23,0.359375,UR,0.40907313904382653,0,56,0,5,3,0.0,0.9180327868852459,0.0,0.08196721311475409,0.046875,UR,0.0,0.234375,0.0,0.0,8,dr,midline,midline,0,0,0,0,0
3,4,size11_comp0.6_grid4_base_low,11,0.6,low,base,base,5,7,12,10,1,1,1,1,0,0,-1,64,0.0,0.3125,0.3125,0.0,24,11,14,15,16,18,11,18,45,10,0,19,0.296875,UR,0.9619686986533846,5,33,0,4,22,0.11904761904761904,0.7857142857142857,0.0,0.09523809523809523,0.34375,UR,0.0,0.078125,0.0,0.0,5,dr,midline,midline,0,0,0,0,0
4,4,size11_comp0.6_grid4_base_low,11,0.6,low,base,base,5,7,12,10,1,1,1,1,0,0,-1,64,0.0,0.375,0.375,0.0,16,13,16,19,13,22,17,11,48,9,0,14,0.21875,UL,1.1130432759912188,21,3,0,5,35,0.7241379310344828,0.10344827586206896,0.0,0.1724137931034483,0.546875,,0.0,0.0,0.0,0.0,0,dr,midline,midline,0,0,0,0,0
5,4,size11_comp0.6_grid4_base_low,11,0.6,low,base,base,5,7,12,10,1,1,1,1,0,0,-1,64,0.0,0.296875,0.296875,0.0,21,10,18,15,15,22,14,12,49,7,0,29,0.453125,DL,0.12741851179235877,0,0,56,1,7,0.0,0.0,0.9824561403508771,0.017543859649122806,0.109375,DL,0.0,0.0,0.265625,0.0,11,dr,midline,midline,0,0,0,0,0
6,4,size11_comp0.6_grid4_base_low,11,0.6,low,base,base,5,7,12,10,1,1,1,1,0,0,-1,64,0.0,0.359375,0.359375,0.0,13,9,17,25,17,14,20,12,47,7,0,15,0.234375,UR,1.3725531875543378,12,14,0,3,35,0.41379310344827586,0.4827586206896552,0.0,0.10344827586206896,0.546875,,0.0,0.0,0.0,0.0,0,dr,midline,midline,0,0,0,0,0
7,4,size11_comp0.6_grid4_base_low,11,0.6,low,base,base,5,7,12,10,1,1,1,1,0,0,-1,64,0.0,0.3125,0.3125,0.0,18,7,17,22,19,14,15,15,42,9,0,18,0.28125,UR,0.931761577516173,6,43,0,5,10,0.1111111111111111,0.7962962962962963,0.0,0.09259259259259259,0.15625,UR,0.0,0.25,0.0,0.0,6,dr,midline,midline,0,0,0,0,0
8,4,size11_comp0.6_grid4_base_low,11,0.6,low,base,base,5,7,12,10,1,1,1,1,0,0,-1,64,0.0,0.328125,0.328125,0.0,21,13,15,15,13,26,9,15,50,11,0,19,0.296875,UR,0.3322866302216151,0,46,0,3,15,0.0,0.9387755102040817,0.0,0.061224489795918366,0.234375,,0.0,0.0,0.0,0.0,0,dr,midline,midline,0,0,0,0,0
9,4,size11_comp0.6_grid4_base_low,11,0.6,low,base,base,5,7,12,10,1,1,1,1,0,1,41,64,0.0,0.4375,0.4523809523809524,0.4090909090909091,19,14,14,16,23,6,15,17,40,12,1,9,0.140625,UR,1.229776356895191,5,23,0,6,30,0.14705882352941177,0.6764705882352942,0.0,0.17647058823529413,0.46875,UR,0.0,0.0625,0.0,0.0,2,dr,midline,midline,0,0,0,0,0
0,5,size11_comp0.6_grid5_base_low,11,0.6,low,base,base,6,9,15,3,6,1,1,1,0,0,-1,64,0.0,0.328125,0.328125,0.0,25,7,15,17,13,7,25,18,52,13,0,25,0.390625,UR,0.3576467062456332,0,55,0,4,5,0.0,0.9322033898305084,0.0,0.06779661016949153,0.078125,UR,0.0,0.53125,0.0,0.0,24,dr,dr,ur,0,1,0,0,0
1,5,size11_comp0.6_grid5_base_low,11,0.6,low,base,base,6,9,15,3,6,1,1,1,0,1,42,64,0.0,0.40625,0.4418604651162791,0.3333333333333333,15,19,15,15,16,17,12,18,47,11,9,20,0.3125,UR,0.5922012078718629,2,42,0,3,17,0.0425531914893617,0.8936170212765957,0.0,0.06382978723404255,0.265625,UR,0.0,0.015625,0.0,0.0,1,dr,dr,ur,0,1,0,0,0
2,5,size11_comp0.6_grid5_base_low,11,0.6,low,base,base,6,9,15,3,6,1,1,1,1,1,38,54,0.2777777777777778,0.46296296296296297,0.38461538461538464,0.6666666666666666,17,13,10,14,17,11,16,9,40,7,1,19,0.35185185185185186,UR,0.5159469300074474,0,46,0,6,2,0.0,0.8846153846153846,0.0,0.11538461538461539,0.037037037037037035,UR,0.0,0.37037037037037035,0.0,0.0,17,dr,dr,ur,0,1,0,0,0
3,5,size11_comp0.6_grid5_base_low,11,0.6,low,base,base,6,9,15,3,6,1,1,1,0,0,-1,64,0.0,0.421875,0.421875,0.0,15,13,19,17,14,14,15,20,48,17,0,13,0.203125,UL,1.2712303499844113,24,17,0,3,20,0.5454545454545454,0.38636363636363635,0.0,0.06818181818181818,0.3125,,0.0,0.0,0.0,0.0,0,dr,dr,ur,0,0,0,0,0
4,5,size11_comp0.6_grid5_base_low,11,0.6,low,base,base,6,9,15,3,6,1,1,1,0,1,56,64,0.0,0.421875,0.42105263157894735,0.42857142857142855,18,15,14,17,14,23,11,15,49,13,1,17,0.265625,UR,0.15374218032876188,0,44,0,1,19,0.0,0.9777777777777777,0.0,0.022222222222222223,0.296875,UR,0.0,0.078125,0.0,0.0,5,dr,dr,ur,0,1,0,0,0
5,5,size11_comp0.6_grid5_base_low,11,0.6,low,base,base,6,9,15,3,6,1,1,1,1,1,27,52,0.28846153846153844,0.46153846153846156,0.39285714285714285,0.5416666666666666,11,14,12,15,14,16,10,11,40,7,11,19,0.36538461538461536,UR,0.6880476235340796,0,40,0,9,3,0.0,0.8163265306122449,0.0,0.1836734693877551,0.057692307692307696,UR,0.0,0.057692307692307696,0.0,0.0,2,dr,dr,ur,0,1,0,0,0
6,5,size11_comp0.6_grid5_base_low,11,0.6,low,base,base,6,9,15,3,6,1,1,1,0,1,42,64,0.0,0.4375,0.3953488372093023,0.5238095238095238,13,18,21,12,25,12,9,17,51,15,1,21,0.328125,UR,0.8453509366224364,0,32,0,12,20,0.0,0.7272727272727273,0.0,0.2727272727272727,0.3125,UR,0.0,0.015625,0.0,0.0,1,dr,dr,ur,0,1,0,0,0
7,5,size11_comp0.6_grid5_base_low,11,0.6,low,base,base,6,9,15,3,6,1,1,1,0,1,60,64,0.0,0.375,0.36065573770491804,0.6666666666666666,21,8,17,18,19,19,16,9,46,7,1,24,0.375,UR,0.6193821946787638,0,44,0,8,12,0.0,0.8461538461538461,0.0,0.15384615384615385,0.1875,UR,0.0,0.390625,0.0,0.0,25,dr,dr,ur,0,1,0,0,0
8,5,size11_comp0.6_grid5_base_low,11,0.6,low,base,base,6,9,15,3,6,1,1,1,0,0,-1,64,0.0,0.34375,0.34375,0.0,15,12,21,16,22,14,9,18,46,15,0,20,0.3125,UR,1.517528789399,14,26,0,14,10,0.25925925925925924,0.48148148148148145,0.0,0.25925925925925924,0.15625,,0.0,0.0,0.0,0.0,0,dr,dr,ur,0,1,0,0,0
9,5,size11_comp0.6_grid5_base_low,11,0.6,low,base,base,6,9,15,3,6,1,1,1,1,1,35,64,0.234375,0.421875,0.3055555555555556,0.5714285714285714,10,13,20,21,15,20,14,14,50,9,1,25,0.390625,DR,0.9922666387194963,0,26,0,32,6,0.0,0.4482758620689655,0.0,0.5517241379310345,0.09375,UR,0.0,0.03125,0.0,0.0,1,dr,dr,ur,1,0,0,0,0
0,6,size11_comp0.6_grid6_base_low,11,0.6,low,base,base,10,7,17,7,7,1,1,1,0,1,44,64,0.0,0.5,0.4888888888888889,0.5263157894736842,16,16,13,19,15,17,19,12,39,12,4,15,0.234375,UR,1.585546817402402,18,20,7,1,18,0.391304347826087,0.43478260869565216,0.15217391304347827,0.021739130434782608,0.28125,UR,0.0,0.0625,0.0,0.0,4,dl,dr,ur,0,1,0,0,0
1,6,size11_comp0.6_grid6_base_low,11,0.6,low,base,base,10,7,17,7,7,1,1,1,1,0,-1,55,0.0,0.36363636363636365,0.36363636363636365,0.0,13,16,12,14,8,15,17,14,40,11,0,18,0.32727272727272727,DL,0.7578784625383954,7,0,25,0,23,0.21875,0.0,0.78125,0.0,0.41818181818181815,,0.0,0.0,0.0,0.0,0,dl,dr,ur,1,0,0,0,0
2,6,size11_comp0.6_grid6_base_low,11,0.6,low,base,base,10,7,17,7,7,1,1,1,0,0,-1,64,0.0,0.421875,0.421875,0.0,17,11,16,20,19,16,14,14,45,12,0,14,0.21875,DL,0.6892019851173655,7,0,31,0,26,0.18421052631578946,0.0,0.8157894736842105,0.0,0.40625,DL,0.0,0.0,0.0625,0.0,4,dl,dr,ur,1,0,0,0,0
3,6,size11_comp0.6_grid6_base_low,11,0.6,low,base,base,10,7,17,7,7,1,1,1,1,0,-1,18,0.0,0.5,0.5,0.0,3,4,4,7,4,2,6,5,8,4,0,3,0.16666666666666666,DL,-0.0,0,0,4,0,14,0.0,0.0,1.0,0.0,0.7777777777777778,,0.0,0.0,0.0,0.0,0,dl,dr,ur,1,0,0,0,0
4,6,size11_comp0.6_grid6_base_low,11,0.6,low,base,base,10,7,17,7,7,1,1,1,0,0,-1,64,0.0,0.390625,0.390625,0.0,13,13,16,21,10,17,13,21,51,12,0,18,0.28125,UL,0.9971803988942642,17,0,15,0,32,0.53125,0.0,0.46875,0.0,0.5,,0.0,0.0,0.0,0.0,0,dl,dr,ur,0,0,0,0,0
5,6,size11_comp0.6_grid6_base_low,11,0.6,low,base,base,10,7,17,7,7,1,1,1,0,0,-1,64,0.0,0.421875,0.421875,0.0,18,17,10,19,14,18,15,16,46,11,0,20,0.3125,UR,1.4449238287033856,10,23,9,0,22,0.23809523809523808,0.5476190476190477,0.21428571428571427,0.0,0.34375,,0.0,0.0,0.0,0.0,0,dl,dr,ur,0,1,0,0,0
6,6,size11_comp0.6_grid6_base_low,11,0.6,low,base,base,10,7,17,7,7,1,1,1,0,1,44,64,0.0,0.40625,0.4666666666666667,0.2631578947368421,14,18,13,19,19,14,10,20,38,11,1,21,0.328125,UR,1.305688830977123,0,26,17,4,17,0.0,0.5531914893617021,0.3617021276595745,0.0851063829787234,0.265625,,0.0,0.0,0.0,0.0,0,dl,dr,ur,0,1,0,0,0
7,6,size11_comp0.6_grid6_base_low,11,0.6,low,base,base,10,7,17,7,7,1,1,1,0,0,-1,64,0.0,0.359375,0.359375,0.0,18,18,13,14,13,15,16,17,50,11,0,17,0.265625,DL,0.3322866302216151,3,0,46,0,15,0.061224489795918366,0.0,0.9387755102040817,0.0,0.234375,,0.0,0.0,0.0,0.0,0,dl,dr,ur,1,0,0,0,0
8,6,size11_comp0.6_grid6_base_low,11,0.6,low,base,base,10,7,17,7,7,1,1,1,0,0,-1,64,0.0,0.390625,0.390625,0.0,11,10,16,27,17,15,12,19,54,14,0,17,0.265625,DL,-0.0,0,0,49,0,15,0.0,0.0,1.0,0.0,0.234375,,0.0,0.0,0.0,0.0,0,dl,dr,ur,1,0,0,0,0
9,6,size11_comp0.6_grid6_base_low,11,0.6,low,base,base,10,7,17,7,7,1,1,1,0,1,29,64,0.0,0.5,0.5666666666666667,0.4411764705882353,16,12,15,21,14,16,18,15,43,11,5,12,0.1875,UR,1.3551502080773128,5,23,12,0,24,0.125,0.575,0.3,0.0,0.375,UR,0.0,0.015625,0.0,0.0,1,dl,dr,ur,0,1,0,0,0
0,7,size11_comp0.6_grid7_base_low,11,0.6,low,base,base,9,3,12,12,0,1,1,1,0,0,-1,64,0.0,0.28125,0.28125,0.0,28,11,11,14,16,23,12,12,43,8,0,21,0.328125,UR,0.863120568566631,0,40,0,16,8,0.0,0.7142857142857143,0.0,0.2857142857142857,0.125,UR,0.0,0.03125,0.0,0.0,2,dr,midline,dl,0,0,0,0,0
1,7,size11_comp0.6_grid7_base_low,11,0.6,low,base,base,9,3,12,12,0,1,1,1,0,0,-1,64,0.0,0.28125,0.28125,0.0,28,9,13,13,16,16,17,12,49,8,0,23,0.359375,UR,0.7746319868686842,0,44,0,13,7,0.0,0.7719298245614035,0.0,0.22807017543859648,0.109375,,0.0,0.0,0.0,0.0,0,dr,midline,dl,0,0,0,0,0
2,7,size11_comp0.6_grid7_base_low,11,0.6,low,base,base,9,3,12,12,0,1,1,1,0,0,-1,64,0.0,0.3125,0.3125,0.0,17,7,24,16,17,14,15,17,44,11,0,20,0.3125,UR,1.2487636811095608,2,18,0,17,27,0.05405405405405406,0.4864864864864865,0.0,0.4594594594594595,0.421875,,0.0,0.0,0.0,0.0,0,dr,midline,dl,0,0,0,0,0
3,7,size11_comp0.6_grid7_base_low,11,0.6,low,base,base,9,3,12,12,0,1,1,1,0,0,-1,64,0.0,0.34375,0.34375,0.0,21,8,19,16,15,17,13,18,47,15,0,13,0.203125,UR,0.9751190649408661,0,32,0,22,10,0.0,0.5925925925925926,0.0,0.4074074074074074,0.15625,UR,0.0,0.03125,0.0,0.0,2,dr,midline,dl,0,0,0,0,0
4,7,size11_comp0.6_grid7_base_low,11,0.6,low,base,base,9,3,12,12,0,1,1,1,0,0,-1,64,0.0,0.28125,0.28125,0.0,22,12,15,15,16,17,12,18,44,8,0,22,0.34375,UR,1.1166446585510768,8,34,0,5,17,0.1702127659574468,0.723404255319149,0.0,0.10638297872340426,0.265625,UR,0.0,0.015625,0.0,0.0,1,dr,midline,dl,0,0,0,0,0
5,7,size11_comp0.6_grid7_base_low,11,0.6,low,base,base,9,3,12,12,0,1,1,1,0,0,-1,64,0.0,0.34375,0.34375,0.0,19,8,21,16,10,20,16,17,47,11,0,15,0.234375,UR,1.0261042488657175,1,31,0,14,18,0.021739130434782608,0.6739130434782609,0.0,0.30434782608695654,0.28125,,0.0,0.0,0.0,0.0,0,dr,midline,dl,0,0,0,0,0
6,7,size11_comp0.6_grid7_base_low,11,0.6,low,base,base,9,3,12,12,0,1,1,1,0,0,-1,64,0.0,0.328125,0.328125,0.0,17,13,17,17,14,18,18,13,50,8,0,18,0.28125,UR,0.9182958340544896,0,36,0,18,10,0.0,0.6666666666666666,0.0,0.3333333333333333,0.15625,,0.0,0.0,0.0,0.0,0,dr,midline,dl,0,0,0,0,0
7,7,size11_comp0.6_grid7_base_low,11,0.6,low,base,base,9,3,12,12,0,1,1,1,0,0,-1,64,0.0,0.234375,0.234375,0.0,24,5,24,11,25,11,16,11,56,6,0,34,0.53125,DR,0.6665783579949205,0,0,8,38,18,0.0,0.0,0.17391304347826086,0.8260869565217391,0.28125,,0.0,0.0,0.0,0.0,0,dr,midline,dl,1,0,0,0,0
8,7,size11_comp0.6_grid7_base_low,11,0.6,low,base,base,9,3,12,12,0,1,1,1,0,0,-1,64,0.0,0.328125,0.328125,0.0,17,7,21,19,16,13,14,20,46,13,0,17,0.265625,DR,0.8595316914502931,0,15,0,38,11,0.0,0.2830188679245283,0.0,0.7169811320754716,0.171875,UR,0.0,0.046875,0.0,0.0,3,dr,midline,dl,1,0,0,0,0
9,7,size11_comp0.6_grid7_base_low,11,0.6,low,base,base,9,3,12,12,0,1,1,1,0,0,-1,64,0.0,0.265625,0.265625,0.0,25,4,16,19,20,19,10,14,49,13,0,23,0.359375,UR,0.2761954276479391,0,60,0,3,1,0.0,0.9523809523809523,0.0,0.047619047619047616,0.015625,UR,0.0,0.46875,0.0,0.0,15,dr,midline,dl,0,0,0,0,0
0,8,size11_comp0.6_grid8_base_low,11,0.6,low,base,base,11,8,19,5,7,1,1,1,1,0,-1,42,0.0,0.38095238095238093,0.38095238095238093,0.0,8,7,13,14,6,11,10,14,36,11,0,13,0.30952380952380953,UR,-0.0,0,42,0,0,0,0.0,1.0,0.0,0.0,0.0,UR,0.0,0.5,0.0,0.0,12,ur,ur,dr,1,0,0,0,0
1,8,size11_comp0.6_grid8_base_low,11,0.6,low,base,base,11,8,19,5,7,1,1,1,1,0,-1,7,0.0,0.5714285714285714,0.5714285714285714,0.0,1,2,2,2,0,2,4,0,2,0,0,2,0.2857142857142857,UR,-0.0,0,7,0,0,0,0.0,1.0,0.0,0.0,0.0,UR,0.0,0.7142857142857143,0.0,0.0,5,ur,ur,dr,1,0,0,0,0
2,8,size11_comp0.6_grid8_base_low,11,0.6,low,base,base,11,8,19,5,7,1,1,1,1,0,-1,59,0.0,0.3898305084745763,0.3898305084745763,0.0,12,20,12,15,16,12,12,18,49,14,0,16,0.2711864406779661,UR,0.222284830685688,2,54,0,0,3,0.03571428571428571,0.9642857142857143,0.0,0.0,0.05084745762711865,UR,0.0,0.15254237288135594,0.0,0.0,3,ur,ur,dr,1,0,0,0,0
3,8,size11_comp0.6_grid8_base_low,11,0.6,low,base,base,11,8,19,5,7,1,1,1,1,0,-1,54,0.0,0.42592592592592593,0.42592592592592593,0.0,15,14,11,14,8,13,12,20,43,18,0,11,0.2037037037037037,UR,0.44648134689680297,4,39,0,0,11,0.09302325581395349,0.9069767441860465,0.0,0.0,0.2037037037037037,,0.0,0.0,0.0,0.0,0,ur,ur,dr,1,0,0,0,0
4,8,size11_comp0.6_grid8_base_low,11,0.6,low,base,base,11,8,19,5,7,1,1,1,1,0,-1,16,0.0,0.4375,0.4375,0.0,3,7,2,4,4,5,2,4,11,3,0,5,0.3125,UR,-0.0,0,16,0,0,0,0.0,1.0,0.0,0.0,0.0,UR,0.0,0.6875,0.0,0.0,8,ur,ur,dr,1,0,0,0,0
5,8,size11_comp0.6_grid8_base_low,11,0.6,low,base,base,11,8,19,5,7,1,1,1,0,0,-1,64,0.0,0.421875,0.421875,0.0,12,16,17,19,13,18,20,12,45,10,0,19,0.296875,UR,0.7517977094451267,1,43,0,8,12,0.019230769230769232,0.8269230769230769,0.0,0.15384615384615385,0.1875,UR,0.0,0.3125,0.0,0.0,10,ur,ur,dr,1,0,0,0,0
6,8,size11_comp0.6_grid8_base_low,11,0.6,low,base,base,11,8,19,5,7,1,1,1,1,0,-1,25,0.0,0.44,0.44,0.0,6,11,3,5,8,6,4,6,17,2,0,6,0.24,UR,-0.0,0,22,0,0,3,0.0,1.0,0.0,0.0,0.12,,0.0,0.0,0.0,0.0,0,ur,ur,dr,1,0,0,0,0
7,8,size11_comp0.6_grid8_base_low,11,0.6,low,base,base,11,8,19,5,7,1,1,1,1,0,-1,34,0.0,0.4117647058823529,0.4117647058823529,0.0,8,9,8,9,9,6,10,8,25,6,0,9,0.2647058823529412,UR,0.362051251733998,2,27,0,0,5,0.06896551724137931,0.9310344827586207,0.0,0.0,0.14705882352941177,UR,0.0,0.058823529411764705,0.0,0.0,2,ur,ur,dr,1,0,0,0,0
8,8,size11_comp0.6_grid8_base_low,11,0.6,low,base,base,11,8,19,5,7,1,1,1,0,0,-1,64,0.0,0.34375,0.34375,0.0,14,14,19,17,15,15,15,18,59,16,0,20,0.3125,UR,-0.0,0,64,0,0,0,0.0,1.0,0.0,0.0,0.0,UR,0.0,0.75,0.0,0.0,10,ur,ur,dr,1,0,0,0,0
9,8,size11_comp0.6_grid8_base_low,11,0.6,low,base,base,11,8,19,5,7,1,1,1,1,0,-1,36,0.0,0.4166666666666667,0.4166666666666667,0.0,8,11,8,9,6,15,8,6,24,4,0,9,0.25,UR,-0.0,0,28,0,0,8,0.0,1.0,0.0,0.0,0.2222222222222222,UR,0.0,0.05555555555555555,0.0,0.0,2,ur,ur,dr,1,0,0,0,0
0,9,size11_comp0.6_grid9_base_low,11,0.6,low,base,base,12,15,27,3,12,1,1,1,0,0,-1,64,0.0,0.40625,0.40625,0.0,13,15,14,22,13,18,14,18,44,17,0,16,0.25,UR,1.2532256180852692,2,18,15,0,29,0.05714285714285714,0.5142857142857142,0.42857142857142855,0.0,0.453125,,0.0,0.0,0.0,0.0,0,midline,ul,dr,0,0,0,0,0
1,9,size11_comp0.6_grid9_base_low,11,0.6,low,base,base,12,15,27,3,12,1,1,1,0,0,-1,64,0.0,0.28125,0.28125,0.0,10,16,21,17,14,24,13,12,51,9,0,24,0.375,UL,0.4798320236161285,52,6,0,0,6,0.896551724137931,0.10344827586206896,0.0,0.0,0.09375,UL,0.078125,0.0,0.0,0.0,5,midline,ul,dr,0,0,0,0,0
2,9,size11_comp0.6_grid9_base_low,11,0.6,low,base,base,12,15,27,3,12,1,1,1,0,0,-1,64,0.0,0.40625,0.40625,0.0,13,11,20,19,15,13,16,17,53,14,0,11,0.171875,UR,0.2811937964320427,2,39,0,0,23,0.04878048780487805,0.9512195121951219,0.0,0.0,0.359375,,0.0,0.0,0.0,0.0,0,midline,ul,dr,0,0,0,0,0
3,9,size11_comp0.6_grid9_base_low,11,0.6,low,base,base,12,15,27,3,12,1,1,1,0,0,-1,64,0.0,0.390625,0.390625,0.0,15,14,19,16,19,15,12,17,47,12,0,14,0.21875,UR,1.315245024597922,3,19,0,14,28,0.08333333333333333,0.5277777777777778,0.0,0.3888888888888889,0.4375,,0.0,0.0,0.0,0.0,0,midline,ul,dr,0,0,0,0,0
4,9,size11_comp0.6_grid9_base_low,11,0.6,low,base,base,12,15,27,3,12,1,1,1,0,0,-1,64,0.0,0.296875,0.296875,0.0,16,20,12,16,16,11,15,21,46,15,0,21,0.328125,UR,-0.0,0,37,0,0,27,0.0,1.0,0.0,0.0,0.421875,UR,0.0,0.234375,0.0,0.0,7,midline,ul,dr,0,0,0,0,0
5,9,size11_comp0.6_grid9_base_low,11,0.6,low,base,base,12,15,27,3,12,1,1,1,0,0,-1,64,0.0,0.359375,0.359375,0.0,18,15,15,16,17,17,16,13,41,10,0,15,0.234375,UR,0.74959525725948,0,33,0,9,22,0.0,0.7857142857142857,0.0,0.21428571428571427,0.34375,UR,0.0,0.09375,0.0,0.0,6,midline,ul,dr,0,0,0,0,0
6,9,size11_comp0.6_grid9_base_low,11,0.6,low,base,base,12,15,27,3,12,1,1,1,0,0,-1,64,0.0,0.4375,0.4375,0.0,17,13,15,19,13,13,20,17,48,14,0,7,0.109375,UR,0.7024665512903903,8,34,0,0,22,0.19047619047619047,0.8095238095238095,0.0,0.0,0.34375,,0.0,0.0,0.0,0.0,0,midline,ul,dr,0,0,0,0,0
7,9,size11_comp0.6_grid9_base_low,11,0.6,low,base,base,12,15,27,3,12,1,1,1,0,0,-1,64,0.0,0.28125,0.28125,0.0,26,9,14,15,19,14,17,13,53,13,0,22,0.34375,UR,-0.0,0,58,0,0,6,0.0,1.0,0.0,0.0,0.09375,UR,0.0,0.453125,0.0,0.0,14,midline,ul,dr,0,0,0,0,0
8,9,size11_comp0.6_grid9_base_low,11,0.6,low,base,base,12,15,27,3,12,1,1,1,0,0,-1,64,0.0,0.390625,0.390625,0.0,22,15,10,17,16,15,14,18,53,15,0,12,0.1875,UR,0.2811937964320427,2,39,0,0,23,0.04878048780487805,0.9512195121951219,0.0,0.0,0.359375,,0.0,0.0,0.0,0.0,0,midline,ul,dr,0,0,0,0,0
9,9,size11_comp0.6_grid9_base_low,11,0.6,low,base,base,12,15,27,3,12,1,1,1,0,0,-1,64,0.0,0.40625,0.40625,0.0,12,16,16,20,17,9,17,20,48,15,0,10,0.15625,UR,1.0942658959797504,10,20,1,0,33,0.3225806451612903,0.6451612903225806,0.03225806451612903,0.0,0.515625,,0.0,0.0,0.0,0.0,0,midline,ul,dr,0,0,0,0,0
0,0,size7_comp0.0_grid0_base_low,7,0.0,low,base,base,3,3,6,4,1,1,1,1,1,0,-1,16,0.0,0.5,0.5,0.0,4,2,4,6,6,4,2,3,7,3,0,0,0.0,DL,1.0,0,0,2,2,12,0.0,0.0,0.5,0.5,0.75,,0.0,0.0,0.0,0.0,0,dl,midline,midline,1,0,0,0,0
1,0,size7_comp0.0_grid0_base_low,7,0.0,low,base,base,3,3,6,4,1,1,1,1,1,0,-1,4,0.0,0.5,0.5,0.0,2,0,0,2,1,1,1,0,0,0,0,0,0.0,DL,-0.0,0,0,1,0,3,0.0,0.0,1.0,0.0,0.75,,0.0,0.0,0.0,0.0,0,dl,midline,midline,1,0,0,0,0
2,0,size7_comp0.0_grid0_base_low,7,0.0,low,base,base,3,3,6,4,1,1,1,1,1,0,-1,13,0.0,0.46153846153846156,0.46153846153846156,0.0,3,1,4,5,4,2,3,3,5,2,0,1,0.07692307692307693,UL,0.8812908992306927,7,0,3,0,3,0.7,0.0,0.3,0.0,0.23076923076923078,UL,0.15384615384615385,0.0,0.0,0.0,1,dl,midline,midline,0,0,0,0,0
3,0,size7_comp0.0_grid0_base_low,7,0.0,low,base,base,3,3,6,4,1,1,1,1,1,0,-1,6,0.0,0.5,0.5,0.0,2,0,1,3,0,1,3,1,1,1,0,0,0.0,DL,0.8112781244591328,1,0,3,0,2,0.25,0.0,0.75,0.0,0.3333333333333333,,0.0,0.0,0.0,0.0,0,dl,midline,midline,1,0,0,0,0
4,0,size7_comp0.0_grid0_base_low,7,0.0,low,base,base,3,3,6,4,1,1,1,1,1,0,-1,4,0.0,0.5,0.5,0.0,2,0,0,2,1,1,1,0,0,0,0,0,0.0,DL,-0.0,0,0,1,0,3,0.0,0.0,1.0,0.0,0.75,,0.0,0.0,0.0,0.0,0,dl,midline,midline,1,0,0,0,0
5,0,size7_comp0.0_grid0_base_low,7,0.0,low,base,base,3,3,6,4,1,1,1,1,1,0,-1,5,0.0,0.4,0.4,0.0,2,0,1,2,1,1,2,0,1,0,0,1,0.2,UL,0.9182958340544896,2,0,1,0,2,0.6666666666666666,0.0,0.3333333333333333,0.0,0.4,,0.0,0.0,0.0,0.0,0,dl,midline,midline,0,0,0,0,0
6,0,size7_comp0.0_grid0_base_low,7,0.0,low,base,base,3,3,6,4,1,1,1,1,1,0,-1,26,0.0,0.46153846153846156,0.46153846153846156,0.0,6,5,6,9,3,9,7,6,14,4,0,2,0.07692307692307693,DR,0.9182958340544896,0,0,5,10,11,0.0,0.0,0.3333333333333333,0.6666666666666666,0.4230769230769231,DL,0.0,0.0,0.07692307692307693,0.038461538461538464,2,dl,midline,midline,0,0,0,0,0
7,0,size7_comp0.0_grid0_base_low,7,0.0,low,base,base,3,3,6,4,1,1,1,1,1,0,-1,4,0.0,0.5,0.5,0.0,2,0,0,2,0,1,2,0,0,0,0,0,0.0,UL,1.0,1,0,1,0,2,0.5,0.0,0.5,0.0,0.5,,0.0,0.0,0.0,0.0,0,dl,midline,midline,0,0,0,0,0
8,0,size7_comp0.0_grid0_base_low,7,0.0,low,base,base,3,3,6,4,1,1,1,1,1,1,28,32,0.1875,0.59375,0.5517241379310345,1.0,10,8,6,8,8,8,7,8,20,8,1,0,0.0,DL,0.9876925088958034,10,0,13,0,9,0.43478260869565216,0.0,0.5652173913043478,0.0,0.28125,UL,0.0625,0.0,0.0,0.0,1,dl,midline,midline,1,0,0,0,0
9,0,size7_comp0.0_grid0_base_low,7,0.0,low,base,base,3,3,6,4,1,1,1,1,1,1,11,27,0.2222222222222222,0.5925925925925926,0.5833333333333334,0.6,6,5,7,9,2,8,5,11,17,11,0,1,0.037037037037037035,DL,0.7871265862012691,4,0,13,0,10,0.23529411764705882,0.0,0.7647058823529411,0.0,0.37037037037037035,DL,0.0,0.0,0.1111111111111111,0.0,2,dl,midline,midline,1,0,0,0,0
0,1,size7_comp0.0_grid1_base_low,7,0.0,low,base,base,3,3,6,4,1,1,1,1,1,0,-1,17,0.0,0.47058823529411764,0.47058823529411764,0.0,2,2,5,8,3,4,3,6,9,5,0,1,0.058823529411764705,UR,0.4689955935892812,1,9,0,0,7,0.1,0.9,0.0,0.0,0.4117647058823529,,0.0,0.0,0.0,0.0,0,midline,midline,midline,0,0,0,0,0
1,1,size7_comp0.0_grid1_base_low,7,0.0,low,base,base,3,3,6,4,1,1,1,1,1,1,2,18,0.3333333333333333,0.6666666666666666,1.0,0.6,5,5,2,6,1,2,9,5,7,5,6,0,0.0,DR,1.4591479170272448,0,2,1,3,12,0.0,0.3333333333333333,0.16666666666666666,0.5,0.6666666666666666,,0.0,0.0,0.0,0.0,0,midline,midline,midline,0,0,0,0,0
2,1,size7_comp0.0_grid1_base_low,7,0.0,low,base,base,3,3,6,4,1,1,1,1,1,1,10,20,0.3,0.65,0.6363636363636364,0.6666666666666666,5,5,3,7,7,3,4,5,8,5,2,0,0.0,UL,1.3787834934861753,4,1,0,2,13,0.5714285714285714,0.14285714285714285,0.0,0.2857142857142857,0.65,,0.0,0.0,0.0,0.0,0,midline,midline,midline,0,0,0,0,0
3,1,size7_comp0.0_grid1_base_low,7,0.0,low,base,base,3,3,6,4,1,1,1,1,1,0,-1,21,0.0,0.47619047619047616,0.47619047619047616,0.0,4,4,5,8,6,4,5,5,10,4,0,1,0.047619047619047616,UL,0.8812908992306927,7,3,0,0,11,0.7,0.3,0.0,0.0,0.5238095238095238,UL,0.047619047619047616,0.0,0.0,0.0,1,midline,midline,midline,0,0,0,0,0
4,1,size7_comp0.0_grid1_base_low,7,0.0,low,base,base,3,3,6,4,1,1,1,1,0,0,-1,32,0.0,0.5,0.5,0.0,5,6,10,11,8,8,7,8,20,8,0,2,0.0625,UR,0.9819407868640977,8,11,0,0,13,0.42105263157894735,0.5789473684210527,0.0,0.0,0.40625,UR,0.0,0.0625,0.0,0.0,1,midline,midline,midline,0,0,0,0,0
5,1,size7_comp0.0_grid1_base_low,7,0.0,low,base,base,3,3,6,4,1,1,1,1,0,1,28,32,0.0,0.46875,0.4827586206896552,0.3333333333333333,6,7,9,10,6,5,8,12,18,11,1,4,0.125,UR,0.9967916319816366,7,8,0,0,17,0.4666666666666667,0.5333333333333333,0.0,0.0,0.53125,UR,0.0,0.09375,0.0,0.0,3,midline,midline,midline,0,0,0,0,0
6,1,size7_comp0.0_grid1_base_low,7,0.0,low,base,base,3,3,6,4,1,1,1,1,0,0,-1,32,0.0,0.375,0.375,0.0,5,4,8,15,9,3,13,6,20,4,0,7,0.21875,UR,1.1660870601063933,5,11,1,0,15,0.29411764705882354,0.6470588235294118,0.058823529411764705,0.0,0.46875,UR,0.0,0.125,0.0,0.0,4,midline,midline,midline,0,0,0,0,0
7,1,size7_comp0.0_grid1_base_low,7,0.0,low,base,base,3,3,6,4,1,1,1,1,1,1,12,23,0.2608695652173913,0.6086956521739131,0.6153846153846154,0.6,5,6,4,8,4,5,9,4,11,4,1,1,0.043478260869565216,DL,1.4056390622295665,0,3,4,1,15,0.0,0.375,0.5,0.125,0.6521739130434783,,0.0,0.0,0.0,0.0,0,midline,midline,midline,0,0,0,0,0
8,1,size7_comp0.0_grid1_base_low,7,0.0,low,base,base,3,3,6,4,1,1,1,1,1,0,-1,30,0.0,0.4,0.4,0.0,6,5,9,10,7,12,6,4,17,3,0,6,0.2,UL,1.3689955935892815,9,9,2,0,10,0.45,0.45,0.1,0.0,0.3333333333333333,UL,0.03333333333333333,0.03333333333333333,0.0,0.0,1,midline,midline,midline,0,0,0,0,0
9,1,size7_comp0.0_grid1_base_low,7,0.0,low,base,base,3,3,6,4,1,1,1,1,0,1,25,32,0.0,0.46875,0.5,0.3333333333333333,7,8,7,10,7,12,10,2,15,2,2,3,0.09375,UR,1.7783283537314114,3,7,2,2,18,0.21428571428571427,0.5,0.14285714285714285,0.14285714285714285,0.5625,UR,0.0,0.125,0.0,0.0,4,midline,midline,midline,0,0,0,0,0
0,2,size7_comp0.0_grid2_base_low,7,0.0,low,base,base,3,4,7,7,0,1,1,1,1,1,8,17,0.4117647058823529,0.6470588235294118,0.5555555555555556,0.75,5,2,4,6,1,5,6,4,9,3,0,2,0.11764705882352941,UR,1.4488156357251847,1,3,3,0,10,0.14285714285714285,0.42857142857142855,0.42857142857142855,0.0,0.5882352941176471,,0.0,0.0,0.0,0.0,0,dl,ur,ul,0,0,0,0,0
1,2,size7_comp0.0_grid2_base_low,7,0.0,low,base,base,3,4,7,7,0,1,1,1,1,0,-1,28,0.0,0.42857142857142855,0.42857142857142855,0.0,8,3,7,10,8,3,7,9,17,9,0,3,0.10714285714285714,UR,1.1216407621868583,1,11,4,0,12,0.0625,0.6875,0.25,0.0,0.42857142857142855,DL,0.0,0.0,0.03571428571428571,0.0,1,dl,ur,ul,0,0,0,0,0
2,2,size7_comp0.0_grid2_base_low,7,0.0,low,base,base,3,4,7,7,0,1,1,1,1,1,9,14,0.5,0.7142857142857143,0.6,1.0,4,1,3,6,4,3,5,1,4,1,0,1,0.07142857142857142,DL,1.2987949406953985,2,1,5,0,6,0.25,0.125,0.625,0.0,0.42857142857142855,,0.0,0.0,0.0,0.0,0,dl,ur,ul,1,0,0,0,0
3,2,size7_comp0.0_grid2_base_low,7,0.0,low,base,base,3,4,7,7,0,1,1,1,1,1,10,17,0.4117647058823529,0.7058823529411765,0.6363636363636364,0.8333333333333334,5,2,3,7,4,4,7,1,7,1,1,0,0.0,UR,1.3787834934861753,2,4,1,0,10,0.2857142857142857,0.5714285714285714,0.14285714285714285,0.0,0.5882352941176471,,0.0,0.0,0.0,0.0,0,dl,ur,ul,0,0,0,0,0
4,2,size7_comp0.0_grid2_base_low,7,0.0,low,base,base,3,4,7,7,0,1,1,1,1,0,-1,9,0.0,0.4444444444444444,0.4444444444444444,0.0,4,1,0,4,1,4,3,0,0,0,0,0,0.0,DL,0.9182958340544896,0,2,4,0,3,0.0,0.3333333333333333,0.6666666666666666,0.0,0.3333333333333333,DL,0.0,0.0,0.1111111111111111,0.0,1,dl,ur,ul,1,0,0,0,0
5,2,size7_comp0.0_grid2_base_low,7,0.0,low,base,base,3,4,7,7,0,1,1,1,0,1,16,32,0.0,0.53125,0.5882352941176471,0.4666666666666667,8,8,7,9,8,4,9,10,15,10,1,0,0.0,UL,1.6589797521242053,9,1,4,3,15,0.5294117647058824,0.058823529411764705,0.23529411764705882,0.17647058823529413,0.46875,UL,0.09375,0.0,0.0,0.0,1,dl,ur,ul,0,1,0,0,0
6,2,size7_comp0.0_grid2_base_low,7,0.0,low,base,base,3,4,7,7,0,1,1,1,0,1,18,32,0.0,0.4375,0.5263157894736842,0.3076923076923077,7,8,10,7,11,3,9,8,17,7,1,3,0.09375,DL,1.4411665441579464,3,0,10,8,11,0.14285714285714285,0.0,0.47619047619047616,0.38095238095238093,0.34375,DL,0.0,0.0,0.0625,0.0,2,dl,ur,ul,1,0,0,0,0
7,2,size7_comp0.0_grid2_base_low,7,0.0,low,base,base,3,4,7,7,0,1,1,1,1,1,16,28,0.25,0.6071428571428571,0.5882352941176471,0.6363636363636364,7,3,7,11,7,8,7,5,13,5,2,1,0.03571428571428571,UL,1.3143204867061788,6,6,1,0,15,0.46153846153846156,0.46153846153846156,0.07692307692307693,0.0,0.5357142857142857,UL,0.03571428571428571,0.0,0.0,0.0,1,dl,ur,ul,0,1,0,0,0
8,2,size7_comp0.0_grid2_base_low,7,0.0,low,base,base,3,4,7,7,0,1,1,1,1,1,6,17,0.4117647058823529,0.7058823529411765,0.7142857142857143,0.7,5,2,3,7,4,1,6,5,6,5,2,0,0.0,DL,1.4949188482339508,2,4,5,0,6,0.18181818181818182,0.36363636363636365,0.45454545454545453,0.0,0.35294117647058826,DL,0.0,0.0,0.058823529411764705,0.0,1,dl,ur,ul,1,0,0,0,0
9,2,size7_comp0.0_grid2_base_low,7,0.0,low,base,base,3,4,7,7,0,1,1,1,0,1,9,32,0.0,0.4375,0.6,0.36363636363636365,7,8,9,8,7,13,4,7,13,4,0,3,0.09375,DL,1.5,5,5,10,0,12,0.25,0.25,0.5,0.0,0.375,DL,0.03125,0.0,0.125,0.0,2,dl,ur,ul,1,0,0,0,0
0,3,size7_comp0.0_grid3_base_low,7,0.0,low,base,base,4,7,11,5,3,1,1,1,1,1,18,30,0.36666666666666664,0.6333333333333333,0.5263157894736842,0.8181818181818182,8,6,6,10,7,11,3,8,17,8,1,3,0.1,UR,1.7028195311147831,1,8,3,4,14,0.0625,0.5,0.1875,0.25,0.4666666666666667,,0.0,0.0,0.0,0.0,0,dl,dr,ul,0,0,0,0,0
1,3,size7_comp0.0_grid3_base_low,7,0.0,low,base,base,4,7,11,5,3,1,1,1,1,1,7,17,0.6470588235294118,0.8235294117647058,0.75,0.8888888888888888,3,4,3,7,5,3,4,4,6,4,1,0,0.0,UL,1.5,2,0,1,1,13,0.5,0.0,0.25,0.25,0.7647058823529411,,0.0,0.0,0.0,0.0,0,dl,dr,ul,0,1,0,0,0
2,3,size7_comp0.0_grid3_base_low,7,0.0,low,base,base,4,7,11,5,3,1,1,1,0,0,-1,32,0.0,0.5,0.5,0.0,8,6,10,8,7,10,7,7,19,6,0,3,0.09375,DL,1.4488156357251847,3,0,9,9,11,0.14285714285714285,0.0,0.42857142857142855,0.42857142857142855,0.34375,DL,0.0,0.0,0.15625,0.0,4,dl,dr,ul,1,0,0,0,0
3,3,size7_comp0.0_grid3_base_low,7,0.0,low,base,base,4,7,11,5,3,1,1,1,1,1,22,32,0.34375,0.59375,0.4782608695652174,0.8888888888888888,7,9,8,8,10,8,8,5,15,4,0,5,0.15625,DL,1.478897902987479,3,2,13,2,12,0.15,0.1,0.65,0.1,0.375,DL,0.0,0.0,0.09375,0.0,3,dl,dr,ul,1,0,0,0,0
4,3,size7_comp0.0_grid3_base_low,7,0.0,low,base,base,4,7,11,5,3,1,1,1,1,1,19,27,0.4074074074074074,0.6666666666666666,0.55,1.0,5,5,6,11,4,10,9,3,11,3,0,2,0.07407407407407407,UR,1.7232314287976207,2,8,2,3,12,0.13333333333333333,0.5333333333333333,0.13333333333333333,0.2,0.4444444444444444,UR,0.0,0.07407407407407407,0.0,0.0,1,dl,dr,ul,0,0,0,0,0
5,3,size7_comp0.0_grid3_base_low,7,0.0,low,base,base,4,7,11,5,3,1,1,1,1,1,3,16,0.6875,0.8125,1.0,0.75,3,4,2,7,8,2,3,2,4,1,0,1,0.0625,DR,1.792481250360578,2,2,2,6,4,0.16666666666666666,0.16666666666666666,0.16666666666666666,0.5,0.25,,0.0,0.0,0.0,0.0,0,dl,dr,ul,0,0,0,0,0
6,3,size7_comp0.0_grid3_base_low,7,0.0,low,base,base,4,7,11,5,3,1,1,1,0,0,-1,32,0.0,0.4375,0.4375,0.0,10,5,8,9,8,4,11,8,20,6,0,5,0.15625,DL,0.9940302114769565,0,5,6,0,21,0.0,0.45454545454545453,0.5454545454545454,0.0,0.65625,DL,0.0,0.0,0.0625,0.0,2,dl,dr,ul,1,0,0,0,0
7,3,size7_comp0.0_grid3_base_low,7,0.0,low,base,base,4,7,11,5,3,1,1,1,0,0,-1,32,0.0,0.4375,0.4375,0.0,10,5,7,10,8,8,5,10,19,9,0,4,0.125,UL,1.3221793455166666,6,1,4,0,21,0.5454545454545454,0.09090909090909091,0.36363636363636365,0.0,0.65625,,0.0,0.0,0.0,0.0,0,dl,dr,ul,0,1,0,0,0
8,3,size7_comp0.0_grid3_base_low,7,0.0,low,base,base,4,7,11,5,3,1,1,1,0,0,-1,32,0.0,0.53125,0.53125,0.0,9,6,8,9,5,9,11,6,15,5,0,1,0.03125,UR,1.7779849042597489,1,7,5,4,15,0.058823529411764705,0.4117647058823529,0.29411764705882354,0.23529411764705882,0.46875,DL,0.0,0.03125,0.0625,0.0,2,dl,dr,ul,0,0,0,0,0
9,3,size7_comp0.0_grid3_base_low,7,0.0,low,base,base,4,7,11,5,3,1,1,1,0,1,22,32,0.0,0.59375,0.5217391304347826,0.7777777777777778,7,7,8,10,7,6,12,6,17,5,0,4,0.125,DL,1.278897902987479,4,0,13,3,12,0.2,0.0,0.65,0.15,0.375,DL,0.0,0.0,0.09375,0.0,2,dl,dr,ul,1,0,0,0,0
0,4,size7_comp0.0_grid4_base_low,7,0.0,low,base,base,5,3,8,4,2,1,1,1,0,1,17,32,0.0,0.53125,0.5,0.5714285714285714,11,5,9,7,5,9,10,7,22,5,5,5,0.15625,UR,0.2974722489192896,0,18,0,1,13,0.0,0.9473684210526315,0.0,0.05263157894736842,0.40625,UR,0.0,0.09375,0.0,0.0,3,dr,midline,midline,0,0,0,0,0
1,4,size7_comp0.0_grid4_base_low,7,0.0,low,base,base,5,3,8,4,2,1,1,1,1,0,-1,8,0.0,0.625,0.625,0.0,2,1,4,1,2,2,1,2,2,2,0,0,0.0,DR,0.8112781244591328,1,0,0,3,4,0.25,0.0,0.0,0.75,0.5,,0.0,0.0,0.0,0.0,0,dr,midline,midline,1,0,0,0,0
2,4,size7_comp0.0_grid4_base_low,7,0.0,low,base,base,5,3,8,4,2,1,1,1,1,1,23,31,0.25806451612903225,0.5806451612903226,0.5416666666666666,0.7142857142857143,9,8,7,7,8,7,5,10,20,10,3,3,0.0967741935483871,UR,0.5689955935892812,1,18,0,1,11,0.05,0.9,0.0,0.05,0.3548387096774194,UR,0.0,0.16129032258064516,0.0,0.0,1,dr,midline,midline,0,0,0,0,0
3,4,size7_comp0.0_grid4_base_low,7,0.0,low,base,base,5,3,8,4,2,1,1,1,0,1,18,32,0.0,0.59375,0.631578947368421,0.5384615384615384,7,5,12,8,7,3,11,10,18,10,1,0,0.0,UL,1.5022202538208598,9,9,0,4,10,0.4090909090909091,0.4090909090909091,0.0,0.18181818181818182,0.3125,UR,0.0,0.03125,0.0,0.0,1,dr,midline,midline,0,0,0,0,0
4,4,size7_comp0.0_grid4_base_low,7,0.0,low,base,base,5,3,8,4,2,1,1,1,0,1,29,32,0.0,0.375,0.36666666666666664,0.5,18,5,4,5,13,6,4,8,23,5,1,13,0.40625,UR,0.37123232664087563,0,26,0,2,4,0.0,0.9285714285714286,0.0,0.07142857142857142,0.125,UR,0.0,0.53125,0.0,0.0,6,dr,midline,midline,0,0,0,0,0
6,4,size7_comp0.0_grid4_base_low,7,0.0,low,base,base,5,3,8,4,2,1,1,1,1,1,15,25,0.32,0.6,0.5625,0.6666666666666666,5,4,8,8,9,3,7,5,14,4,2,3,0.12,UR,0.9780155566622414,3,13,0,1,8,0.17647058823529413,0.7647058823529411,0.0,0.058823529411764705,0.32,UR,0.0,0.04,0.0,0.0,1,dr,midline,midline,0,0,0,0,0
7,4,size7_comp0.0_grid4_base_low,7,0.0,low,base,base,5,3,8,4,2,1,1,1,1,0,-1,4,0.0,0.75,0.75,0.0,1,0,3,0,1,1,1,0,0,0,0,0,0.0,DR,-0.0,0,0,0,2,2,0.0,0.0,0.0,1.0,0.5,,0.0,0.0,0.0,0.0,0,dr,midline,midline,1,0,0,0,0
8,4,size7_comp0.0_grid4_base_low,7,0.0,low,base,base,5,3,8,4,2,1,1,1,1,1,14,18,0.4444444444444444,0.7222222222222222,0.6666666666666666,1.0,5,4,6,3,3,6,3,5,8,5,0,0,0.0,UR,0.8112781244591328,0,6,0,2,10,0.0,0.75,0.0,0.25,0.5555555555555556,,0.0,0.0,0.0,0.0,0,dr,midline,midline,0,0,0,0,0
9,4,size7_comp0.0_grid4_base_low,7,0.0,low,base,base,5,3,8,4,2,1,1,1,1,0,-1,28,0.0,0.5,0.5,0.0,6,5,10,7,3,6,9,9,15,7,0,2,0.07142857142857142,UR,1.1411535278793057,6,13,0,1,8,0.3,0.65,0.0,0.05,0.2857142857142857,UR,0.03571428571428571,0.10714285714285714,0.0,0.0,2,dr,midline,midline,0,0,0,0,0
0,5,size7_comp0.0_grid5_base_low,7,0.0,low,base,base,3,4,7,7,0,1,1,1,1,1,24,31,0.22580645161290322,0.5161290322580645,0.44,0.8333333333333334,7,5,7,12,11,6,7,6,17,4,1,6,0.1935483870967742,UR,0.8708644692353644,7,17,0,0,7,0.2916666666666667,0.7083333333333334,0.0,0.0,0.22580645161290322,UR,0.03225806451612903,0.2903225806451613,0.0,0.0,4,ul,dr,midline,0,0,0,0,0
1,5,size7_comp0.0_grid5_base_low,7,0.0,low,base,base,3,4,7,7,0,1,1,1,1,1,25,32,0.21875,0.53125,0.46153846153846156,0.8333333333333334,6,8,6,12,8,7,10,6,19,3,1,5,0.15625,UR,1.214295263080721,6,15,0,2,9,0.2608695652173913,0.6521739130434783,0.0,0.08695652173913043,0.28125,UL,0.0625,0.0625,0.0,0.0,2,ul,dr,midline,0,0,0,0,0
2,5,size7_comp0.0_grid5_base_low,7,0.0,low,base,base,3,4,7,7,0,1,1,1,1,1,19,24,0.2916666666666667,0.5833333333333334,0.5,1.0,4,6,4,10,7,6,6,4,10,4,0,3,0.125,UL,1.2326602568158205,10,7,0,1,6,0.5555555555555556,0.3888888888888889,0.0,0.05555555555555555,0.25,UR,0.125,0.16666666666666666,0.0,0.0,4,ul,dr,midline,1,0,0,0,0
3,5,size7_comp0.0_grid5_base_low,7,0.0,low,base,base,3,4,7,7,0,1,1,1,1,1,10,15,0.4666666666666667,0.7333333333333333,0.6363636363636364,1.0,1,4,3,7,3,3,4,4,5,4,0,0,0.0,UL,0.7219280948873623,4,1,0,0,10,0.8,0.2,0.0,0.0,0.6666666666666666,UL,0.06666666666666667,0.0,0.0,0.0,1,ul,dr,midline,1,0,0,0,0
4,5,size7_comp0.0_grid5_base_low,7,0.0,low,base,base,3,4,7,7,0,1,1,1,0,1,26,32,0.0,0.59375,0.5555555555555556,0.8,5,8,8,11,6,8,6,11,18,10,0,0,0.0,UL,1.640223928941852,8,1,2,4,17,0.5333333333333333,0.06666666666666667,0.13333333333333333,0.26666666666666666,0.53125,UL,0.09375,0.0,0.0,0.0,1,ul,dr,midline,1,0,0,0,0
5,5,size7_comp0.0_grid5_base_low,7,0.0,low,base,base,3,4,7,7,0,1,1,1,1,1,10,25,0.28,0.64,0.6363636363636364,0.6428571428571429,5,8,4,8,3,4,11,6,12,6,2,0,0.0,UL,1.4833557549816874,5,5,0,2,13,0.4166666666666667,0.4166666666666667,0.0,0.16666666666666666,0.52,UL,0.04,0.0,0.0,0.0,1,ul,dr,midline,1,0,0,0,0
6,5,size7_comp0.0_grid5_base_low,7,0.0,low,base,base,3,4,7,7,0,1,1,1,1,1,6,13,0.5384615384615384,0.7692307692307693,0.7142857142857143,0.8333333333333334,1,4,2,6,2,7,3,0,3,0,1,0,0.0,UL,0.6500224216483541,5,0,0,1,7,0.8333333333333334,0.0,0.0,0.16666666666666666,0.5384615384615384,UL,0.07692307692307693,0.0,0.0,0.0,1,ul,dr,midline,1,0,0,0,0
7,5,size7_comp0.0_grid5_base_low,7,0.0,low,base,base,3,4,7,7,0,1,1,1,1,1,14,21,0.3333333333333333,0.6190476190476191,0.5333333333333333,0.8333333333333334,2,5,6,8,3,4,6,7,11,5,0,2,0.09523809523809523,UL,0.8112781244591328,6,2,0,0,13,0.75,0.25,0.0,0.0,0.6190476190476191,UL,0.047619047619047616,0.0,0.0,0.0,1,ul,dr,midline,1,0,0,0,0
8,5,size7_comp0.0_grid5_base_low,7,0.0,low,base,base,3,4,7,7,0,1,1,1,1,1,2,27,0.25925925925925924,0.6296296296296297,1.0,0.5833333333333334,4,7,6,10,5,7,9,5,13,5,2,0,0.0,UR,1.198183947911799,2,9,0,2,14,0.15384615384615385,0.6923076923076923,0.0,0.15384615384615385,0.5185185185185185,UL,0.037037037037037035,0.037037037037037035,0.0,0.0,1,ul,dr,midline,0,0,0,0,0
9,5,size7_comp0.0_grid5_base_low,7,0.0,low,base,base,3,4,7,7,0,1,1,1,0,0,-1,32,0.0,0.40625,0.40625,0.0,9,5,6,12,5,10,7,9,23,7,0,6,0.1875,UR,0.5665095065529053,4,26,0,0,2,0.13333333333333333,0.8666666666666667,0.0,0.0,0.0625,UR,0.03125,0.3125,0.0,0.0,5,ul,dr,midline,0,0,0,0,0
0,6,size7_comp0.0_grid6_base_low,7,0.0,low,base,base,3,5,8,4,2,1,1,1,1,1,18,30,0.26666666666666666,0.6,0.5789473684210527,0.6363636363636364,7,10,5,8,7,8,5,9,18,9,2,2,0.06666666666666667,UR,1.061278124459133,1,6,0,1,22,0.125,0.75,0.0,0.125,0.7333333333333333,UR,0.0,0.1,0.0,0.0,3,midline,dr,ur,0,1,0,0,0
1,6,size7_comp0.0_grid6_base_low,7,0.0,low,base,base,3,5,8,4,2,1,1,1,0,1,25,32,0.0,0.59375,0.5384615384615384,0.8333333333333334,8,12,5,7,11,6,7,7,15,7,0,1,0.03125,DL,1.8016094970590273,7,3,8,2,12,0.35,0.15,0.4,0.1,0.375,DL,0.03125,0.03125,0.125,0.0,2,midline,dr,ur,0,0,0,0,0
2,6,size7_comp0.0_grid6_base_low,7,0.0,low,base,base,3,5,8,4,2,1,1,1,0,0,-1,32,0.0,0.5,0.5,0.0,9,6,8,9,6,8,11,6,20,5,0,3,0.09375,UL,0.8739810481273578,12,5,0,0,15,0.7058823529411765,0.29411764705882354,0.0,0.0,0.46875,UL,0.0625,0.0,0.0,0.0,1,midline,dr,ur,0,0,0,0,0
3,6,size7_comp0.0_grid6_base_low,7,0.0,low,base,base,3,5,8,4,2,1,1,1,0,1,26,32,0.0,0.59375,0.5555555555555556,0.8,10,12,4,6,5,8,8,10,15,9,0,0,0.0,UL,1.6258145836939115,6,4,1,1,20,0.5,0.3333333333333333,0.08333333333333333,0.08333333333333333,0.625,UR,0.0,0.03125,0.0,0.0,1,midline,dr,ur,0,0,0,0,0
4,6,size7_comp0.0_grid6_base_low,7,0.0,low,base,base,3,5,8,4,2,1,1,1,1,0,-1,18,0.0,0.4444444444444444,0.4444444444444444,0.0,3,6,4,5,4,5,4,4,6,4,0,0,0.0,UL,1.5304930567574826,4,3,0,2,9,0.4444444444444444,0.3333333333333333,0.0,0.2222222222222222,0.5,,0.0,0.0,0.0,0.0,0,midline,dr,ur,0,0,0,0,0
5,6,size7_comp0.0_grid6_base_low,7,0.0,low,base,base,3,5,8,4,2,1,1,1,0,1,22,32,0.0,0.5625,0.5652173913043478,0.5555555555555556,10,11,4,7,7,8,9,7,16,7,1,1,0.03125,UR,1.4716022614097979,1,9,1,4,17,0.06666666666666667,0.6,0.06666666666666667,0.26666666666666666,0.53125,UR,0.0,0.03125,0.0,0.03125,1,midline,dr,ur,0,1,0,0,0
6,6,size7_comp0.0_grid6_base_low,7,0.0,low,base,base,3,5,8,4,2,1,1,1,0,1,22,32,0.0,0.59375,0.5652173913043478,0.6666666666666666,7,10,6,9,6,12,7,6,18,6,1,1,0.03125,UR,1.7884504573082896,4,6,1,3,18,0.2857142857142857,0.42857142857142855,0.07142857142857142,0.21428571428571427,0.5625,UR,0.0,0.03125,0.0,0.0,1,midline,dr,ur,0,1,0,0,0
7,6,size7_comp0.0_grid6_base_low,7,0.0,low,base,base,3,5,8,4,2,1,1,1,0,0,-1,32,0.0,0.5,0.5,0.0,8,9,7,8,10,6,9,6,17,6,0,1,0.03125,DL,1.483831706844689,2,2,9,1,18,0.14285714285714285,0.14285714285714285,0.6428571428571429,0.07142857142857142,0.5625,,0.0,0.0,0.0,0.0,0,midline,dr,ur,0,0,0,0,0
8,6,size7_comp0.0_grid6_base_low,7,0.0,low,base,base,3,5,8,4,2,1,1,1,0,1,25,32,0.0,0.59375,0.5384615384615384,0.8333333333333334,7,11,6,8,10,3,7,11,15,9,1,1,0.03125,DL,1.579434002924965,0,5,6,5,16,0.0,0.3125,0.375,0.3125,0.5,UR,0.0,0.03125,0.03125,0.03125,1,midline,dr,ur,0,0,0,0,0
9,6,size7_comp0.0_grid6_base_low,7,0.0,low,base,base,3,5,8,4,2,1,1,1,1,1,6,26,0.3076923076923077,0.6153846153846154,0.7142857142857143,0.5789473684210527,7,10,3,6,8,2,10,5,15,5,3,2,0.07692307692307693,UR,0.37123232664087563,0,13,0,1,12,0.0,0.9285714285714286,0.0,0.07142857142857142,0.46153846153846156,UR,0.0,0.11538461538461539,0.0,0.0,3,midline,dr,ur,0,1,0,0,0
0,7,size7_comp0.0_grid7_base_low,7,0.0,low,base,base,3,7,10,4,3,1,1,1,0,0,-1,32,0.0,0.4375,0.4375,0.0,9,9,7,7,3,10,10,8,21,8,0,2,0.0625,UR,0.6500224216483541,0,10,0,2,20,0.0,0.8333333333333334,0.0,0.16666666666666666,0.625,UR,0.0,0.03125,0.0,0.0,1,ur,ul,dr,1,0,0,0,0
1,7,size7_comp0.0_grid7_base_low,7,0.0,low,base,base,3,7,10,4,3,1,1,1,0,0,-1,32,0.0,0.46875,0.46875,0.0,5,3,12,12,7,5,5,14,21,12,0,2,0.0625,UL,0.9910760598382222,5,4,0,0,23,0.5555555555555556,0.4444444444444444,0.0,0.0,0.71875,UR,0.0,0.03125,0.0,0.0,1,ur,ul,dr,0,0,0,0,0
2,7,size7_comp0.0_grid7_base_low,7,0.0,low,base,base,3,7,10,4,3,1,1,1,1,1,16,30,0.3333333333333333,0.6333333333333333,0.5294117647058824,0.7692307692307693,8,7,8,7,5,8,8,8,19,8,1,2,0.06666666666666667,UR,1.014097655573916,3,12,0,1,14,0.1875,0.75,0.0,0.0625,0.4666666666666667,UR,0.0,0.03333333333333333,0.0,0.0,1,ur,ul,dr,1,0,0,0,0
3,7,size7_comp0.0_grid7_base_low,7,0.0,low,base,base,3,7,10,4,3,1,1,1,1,0,-1,11,0.0,0.2727272727272727,0.2727272727272727,0.0,2,1,5,3,4,3,2,1,2,1,0,1,0.09090909090909091,UR,0.6500224216483541,1,5,0,0,5,0.16666666666666666,0.8333333333333334,0.0,0.0,0.45454545454545453,UR,0.0,0.09090909090909091,0.0,0.0,1,ur,ul,dr,1,0,0,0,0
4,7,size7_comp0.0_grid7_base_low,7,0.0,low,base,base,3,7,10,4,3,1,1,1,0,0,-1,32,0.0,0.40625,0.40625,0.0,6,5,8,13,9,13,4,5,21,5,0,6,0.1875,UR,0.828055725379504,6,17,0,0,9,0.2608695652173913,0.7391304347826086,0.0,0.0,0.28125,UR,0.0,0.1875,0.0,0.0,4,ur,ul,dr,1,0,0,0,0
5,7,size7_comp0.0_grid7_base_low,7,0.0,low,base,base,3,7,10,4,3,1,1,1,0,1,25,32,0.0,0.53125,0.4230769230769231,1.0,9,4,9,10,13,11,5,2,20,2,1,7,0.21875,UR,0.785235442391543,1,20,0,3,8,0.041666666666666664,0.8333333333333334,0.0,0.125,0.25,UR,0.0,0.1875,0.0,0.0,5,ur,ul,dr,1,0,0,0,0
6,7,size7_comp0.0_grid7_base_low,7,0.0,low,base,base,3,7,10,4,3,1,1,1,1,1,24,32,0.3125,0.65625,0.56,1.0,7,6,11,8,6,11,8,6,18,6,0,0,0.0,UL,1.1595547523787308,12,3,0,2,15,0.7058823529411765,0.17647058823529413,0.0,0.11764705882352941,0.46875,,0.0,0.0,0.0,0.0,0,ur,ul,dr,0,0,0,0,0
7,7,size7_comp0.0_grid7_base_low,7,0.0,low,base,base,3,7,10,4,3,1,1,1,0,0,-1,32,0.0,0.1875,0.1875,0.0,10,2,3,17,10,7,9,5,28,4,0,20,0.625,UR,-0.0,0,32,0,0,0,0.0,1.0,0.0,0.0,0.0,UR,0.0,0.75,0.0,0.0,7,ur,ul,dr,1,0,0,0,0
8,7,size7_comp0.0_grid7_base_low,7,0.0,low,base,base,3,7,10,4,3,1,1,1,0,1,24,32,0.0,0.625,0.56,0.8571428571428571,8,7,9,8,8,6,8,9,20,9,1,0,0.0,UR,0.9402859586706311,0,9,0,5,18,0.0,0.6428571428571429,0.0,0.35714285714285715,0.5625,UR,0.0,0.0625,0.0,0.0,1,ur,ul,dr,1,0,0,0,0
9,7,size7_comp0.0_grid7_base_low,7,0.0,low,base,base,3,7,10,4,3,1,1,1,1,1,22,31,0.3225806451612903,0.6129032258064516,0.5217391304347826,0.875,11,8,8,4,9,3,9,9,20,8,1,3,0.0967741935483871,UL,1.4674579648482995,10,4,0,5,12,0.5263157894736842,0.21052631578947367,0.0,0.2631578947368421,0.3870967741935484,,0.0,0.0,0.0,0.0,0,ur,ul,dr,0,0,0,0,0
0,8,size7_comp0.0_grid8_base_low,7,0.0,low,base,base,3,3,6,4,1,1,1,1,1,0,-1,11,0.0,0.45454545454545453,0.45454545454545453,0.0,1,3,4,3,3,4,1,2,5,2,0,1,0.09090909090909091,UR,0.8112781244591328,0,3,0,1,7,0.0,0.75,0.0,0.25,0.6363636363636364,,0.0,0.0,0.0,0.0,0,ur,dl,dr,1,0,0,0,0
1,8,size7_comp0.0_grid8_base_low,7,0.0,low,base,base,3,3,6,4,1,1,1,1,1,0,-1,23,0.0,0.4782608695652174,0.4782608695652174,0.0,6,7,6,4,5,10,4,3,10,3,0,1,0.043478260869565216,UR,1.3567796494470397,1,7,1,1,13,0.1,0.7,0.1,0.1,0.5652173913043478,,0.0,0.0,0.0,0.0,0,ur,dl,dr,1,0,0,0,0
2,8,size7_comp0.0_grid8_base_low,7,0.0,low,base,base,3,3,6,4,1,1,1,1,1,0,-1,30,0.0,0.5,0.5,0.0,4,6,11,9,4,7,10,8,17,8,0,0,0.0,UL,1.4604846813131116,6,5,0,2,17,0.46153846153846156,0.38461538461538464,0.0,0.15384615384615385,0.5666666666666667,,0.0,0.0,0.0,0.0,0,ur,dl,dr,0,0,0,0,0
3,8,size7_comp0.0_grid8_base_low,7,0.0,low,base,base,3,3,6,4,1,1,1,1,0,1,30,32,0.0,0.5625,0.5483870967741935,1.0,2,5,13,12,8,9,3,11,18,10,0,0,0.0,UR,1.4329831210560051,6,10,0,3,13,0.3157894736842105,0.5263157894736842,0.0,0.15789473684210525,0.40625,UR,0.0,0.0625,0.0,0.0,1,ur,dl,dr,1,0,0,0,0
4,8,size7_comp0.0_grid8_base_low,7,0.0,low,base,base,3,3,6,4,1,1,1,1,1,0,-1,26,0.0,0.5,0.5,0.0,7,9,6,4,4,9,5,7,14,7,0,0,0.0,UR,0.9819407868640977,8,11,0,0,7,0.42105263157894735,0.5789473684210527,0.0,0.0,0.2692307692307692,UR,0.038461538461538464,0.07692307692307693,0.0,0.0,1,ur,dl,dr,1,0,0,0,0
5,8,size7_comp0.0_grid8_base_low,7,0.0,low,base,base,3,3,6,4,1,1,1,1,0,1,28,32,0.0,0.5625,0.5517241379310345,0.6666666666666666,5,6,11,10,3,7,6,15,21,15,0,0,0.0,UR,1.0,0,4,0,4,24,0.0,0.5,0.0,0.5,0.75,,0.0,0.0,0.0,0.0,0,ur,dl,dr,1,0,0,0,0
6,8,size7_comp0.0_grid8_base_low,7,0.0,low,base,base,3,3,6,4,1,1,1,1,1,1,23,31,0.1935483870967742,0.5483870967741935,0.5,0.7142857142857143,5,6,10,10,10,10,2,8,18,8,1,3,0.0967741935483871,UR,0.9967916319816366,0,8,0,7,16,0.0,0.5333333333333333,0.0,0.4666666666666667,0.5161290322580645,UR,0.0,0.0967741935483871,0.0,0.0,3,ur,dl,dr,1,0,0,0,0
7,8,size7_comp0.0_grid8_base_low,7,0.0,low,base,base,3,3,6,4,1,1,1,1,1,1,6,28,0.21428571428571427,0.6071428571428571,0.7142857142857143,0.5714285714285714,7,9,7,5,7,8,5,7,13,7,1,0,0.0,UR,1.4329831210560051,3,10,0,6,9,0.15789473684210525,0.5263157894736842,0.0,0.3157894736842105,0.32142857142857145,UR,0.0,0.03571428571428571,0.0,0.0,1,ur,dl,dr,1,0,0,0,0
8,8,size7_comp0.0_grid8_base_low,7,0.0,low,base,base,3,3,6,4,1,1,1,1,0,1,26,32,0.0,0.53125,0.5555555555555556,0.4,7,7,9,9,8,7,10,6,21,6,0,0,0.0,DR,1.4591479170272448,2,1,0,3,26,0.3333333333333333,0.16666666666666666,0.0,0.5,0.8125,,0.0,0.0,0.0,0.0,0,ur,dl,dr,0,1,0,0,0
9,8,size7_comp0.0_grid8_base_low,7,0.0,low,base,base,3,3,6,4,1,1,1,1,0,0,-1,32,0.0,0.40625,0.40625,0.0,9,7,6,10,8,8,9,6,25,6,0,5,0.15625,UR,0.23519338181924143,0,25,0,1,6,0.0,0.9615384615384616,0.0,0.038461538461538464,0.1875,UR,0.0,0.1875,0.0,0.0,2,ur,dl,dr,1,0,0,0,0
0,9,size7_comp0.0_grid9_base_low,7,0.0,low,base,base,4,5,9,5,2,1,1,1,0,1,26,32,0.0,0.53125,0.5555555555555556,0.4,9,9,8,6,7,8,6,10,17,10,1,1,0.03125,DL,1.719973094021975,4,1,9,6,12,0.2,0.05,0.45,0.3,0.375,DL,0.0,0.0,0.03125,0.03125,1,dl,ur,dr,1,0,0,0,0
1,9,size7_comp0.0_grid9_base_low,7,0.0,low,base,base,4,5,9,5,2,1,1,1,1,0,-1,11,0.0,0.36363636363636365,0.36363636363636365,0.0,4,3,1,3,2,3,4,1,2,0,0,2,0.18181818181818182,DL,0.5916727785823275,1,0,6,0,4,0.14285714285714285,0.0,0.8571428571428571,0.0,0.36363636363636365,DL,0.0,0.0,0.18181818181818182,0.0,2,dl,ur,dr,1,0,0,0,0
2,9,size7_comp0.0_grid9_base_low,7,0.0,low,base,base,4,5,9,5,2,1,1,1,1,0,-1,25,0.0,0.44,0.44,0.0,8,6,4,7,6,5,7,6,13,4,0,2,0.08,UR,1.360964047443681,0,5,4,1,15,0.0,0.5,0.4,0.1,0.6,,0.0,0.0,0.0,0.0,0,dl,ur,dr,0,0,0,0,0
3,9,size7_comp0.0_grid9_base_low,7,0.0,low,base,base,4,5,9,5,2,1,1,1,1,0,-1,9,0.0,0.4444444444444444,0.4444444444444444,0.0,4,1,1,3,1,1,3,3,3,3,0,0,0.0,DL,0.9182958340544896,0,1,2,0,6,0.0,0.3333333333333333,0.6666666666666666,0.0,0.6666666666666666,,0.0,0.0,0.0,0.0,0,dl,ur,dr,1,0,0,0,0
4,9,size7_comp0.0_grid9_base_low,7,0.0,low,base,base,4,5,9,5,2,1,1,1,1,0,-1,9,0.0,0.4444444444444444,0.4444444444444444,0.0,5,2,0,2,3,2,1,2,2,2,0,0,0.0,DR,1.5,0,1,1,2,5,0.0,0.25,0.25,0.5,0.5555555555555556,,0.0,0.0,0.0,0.0,0,dl,ur,dr,0,1,0,0,0
5,9,size7_comp0.0_grid9_base_low,7,0.0,low,base,base,4,5,9,5,2,1,1,1,0,1,26,32,0.0,0.5625,0.5555555555555556,0.6,8,8,8,8,10,9,5,7,15,7,0,1,0.03125,DL,1.158938532350277,0,1,10,4,17,0.0,0.06666666666666667,0.6666666666666666,0.26666666666666666,0.53125,DL,0.0,0.0,0.03125,0.03125,1,dl,ur,dr,1,0,0,0,0
6,9,size7_comp0.0_grid9_base_low,7,0.0,low,base,base,4,5,9,5,2,1,1,1,0,1,26,32,0.0,0.53125,0.5185185185185185,0.6,9,11,6,6,10,8,6,7,19,6,1,3,0.09375,DL,0.7424875695421236,0,0,15,4,13,0.0,0.0,0.7894736842105263,0.21052631578947367,0.40625,DL,0.0,0.0,0.125,0.03125,2,dl,ur,dr,1,0,0,0,0
7,9,size7_comp0.0_grid9_base_low,7,0.0,low,base,base,4,5,9,5,2,1,1,1,1,1,13,22,0.4090909090909091,0.6818181818181818,0.6428571428571429,0.75,8,4,4,6,5,6,5,5,8,5,1,1,0.045454545454545456,DR,1.5487949406953985,1,1,1,5,14,0.125,0.125,0.125,0.625,0.6363636363636364,DR,0.0,0.0,0.0,0.045454545454545456,1,dl,ur,dr,0,1,0,0,0
8,9,size7_comp0.0_grid9_base_low,7,0.0,low,base,base,4,5,9,5,2,1,1,1,1,0,-1,11,0.0,0.45454545454545453,0.45454545454545453,0.0,4,1,2,4,2,3,4,1,2,1,0,0,0.0,UR,1.0,0,2,2,0,7,0.0,0.5,0.5,0.0,0.6363636363636364,,0.0,0.0,0.0,0.0,0,dl,ur,dr,0,0,0,0,0
9,9,size7_comp0.0_grid9_base_low,7,0.0,low,base,base,4,5,9,5,2,1,1,1,0,1,26,32,0.0,0.59375,0.5555555555555556,0.8,8,6,9,9,9,5,10,7,13,6,1,1,0.03125,UL,1.771782221599798,7,1,4,4,16,0.4375,0.0625,0.25,0.25,0.5,DL,0.0,0.0,0.03125,0.03125,1,dl,ur,dr,0,0,0,0,0
0,0,size7_comp0.2_grid0_base_low,7,0.2,low,base,base,3,5,8,6,2,1,1,1,0,1,24,32,0.0,0.46875,0.48,0.42857142857142855,10,8,7,7,4,10,9,8,20,7,0,5,0.15625,UR,0.7742433029172697,1,16,0,2,13,0.05263157894736842,0.8421052631578947,0.0,0.10526315789473684,0.40625,UR,0.0,0.1875,0.0,0.0,2,ur,dl,midline,1,0,0,0,0
1,0,size7_comp0.2_grid0_base_low,7,0.2,low,base,base,3,5,8,6,2,1,1,1,0,1,27,32,0.0,0.5,0.4642857142857143,0.75,7,10,10,5,9,4,7,11,19,8,1,6,0.1875,UL,0.8658566174572235,9,1,1,0,21,0.8181818181818182,0.09090909090909091,0.09090909090909091,0.0,0.65625,,0.0,0.0,0.0,0.0,0,ur,dl,midline,0,0,0,0,0
2,0,size7_comp0.2_grid0_base_low,7,0.2,low,base,base,3,5,8,6,2,1,1,1,1,1,6,15,0.5333333333333333,0.6666666666666666,0.5714285714285714,0.75,2,5,5,3,4,4,4,2,4,1,0,3,0.2,UR,0.8112781244591328,0,6,0,2,7,0.0,0.75,0.0,0.25,0.4666666666666667,UR,0.0,0.06666666666666667,0.0,0.0,1,ur,dl,midline,1,0,0,0,0
3,0,size7_comp0.2_grid0_base_low,7,0.2,low,base,base,3,5,8,6,2,1,1,1,1,1,22,30,0.26666666666666666,0.4,0.2608695652173913,0.8571428571428571,8,9,7,6,9,6,11,3,21,1,0,14,0.4666666666666667,UR,0.24988229283318544,1,23,0,0,6,0.041666666666666664,0.9583333333333334,0.0,0.0,0.2,UR,0.0,0.3333333333333333,0.0,0.0,3,ur,dl,midline,1,0,0,0,0
4,0,size7_comp0.2_grid0_base_low,7,0.2,low,base,base,3,5,8,6,2,1,1,1,0,1,26,32,0.0,0.28125,0.2962962962962963,0.2,7,7,9,9,8,9,4,10,27,4,1,16,0.5,UR,-0.0,0,25,0,0,7,0.0,1.0,0.0,0.0,0.21875,UR,0.0,0.125,0.0,0.0,2,ur,dl,midline,1,0,0,0,0
5,0,size7_comp0.2_grid0_base_low,7,0.2,low,base,base,3,5,8,6,2,1,1,1,0,1,25,32,0.0,0.40625,0.34615384615384615,0.6666666666666666,11,7,6,8,7,7,7,10,25,6,0,11,0.34375,UR,-0.0,0,26,0,0,6,0.0,1.0,0.0,0.0,0.1875,UR,0.0,0.46875,0.0,0.0,3,ur,dl,midline,1,0,0,0,0
6,0,size7_comp0.2_grid0_base_low,7,0.2,low,base,base,3,5,8,6,2,1,1,1,1,1,11,32,0.25,0.46875,0.4166666666666667,0.5,9,7,8,8,7,4,13,7,22,4,11,10,0.3125,UR,0.6722948170756379,3,14,0,0,15,0.17647058823529413,0.8235294117647058,0.0,0.0,0.46875,UR,0.0,0.21875,0.0,0.0,3,ur,dl,midline,1,0,0,0,0
7,0,size7_comp0.2_grid0_base_low,7,0.2,low,base,base,3,5,8,6,2,1,1,1,0,0,-1,32,0.0,0.28125,0.28125,0.0,12,7,9,4,8,10,7,6,28,4,0,17,0.53125,UR,-0.0,0,27,0,0,5,0.0,1.0,0.0,0.0,0.15625,UR,0.0,0.28125,0.0,0.0,4,ur,dl,midline,1,0,0,0,0
8,0,size7_comp0.2_grid0_base_low,7,0.2,low,base,base,3,5,8,6,2,1,1,1,0,1,2,32,0.0,0.5,1.0,0.4482758620689655,8,8,8,8,9,7,8,7,23,7,4,5,0.15625,UR,0.3095434291503252,1,17,0,0,14,0.05555555555555555,0.9444444444444444,0.0,0.0,0.4375,UR,0.0,0.15625,0.0,0.0,2,ur,dl,midline,1,0,0,0,0
9,0,size7_comp0.2_grid0_base_low,7,0.2,low,base,base,3,5,8,6,2,1,1,1,0,1,17,32,0.0,0.375,0.3888888888888889,0.35714285714285715,10,5,8,9,5,6,9,11,27,8,3,10,0.3125,UR,-0.0,0,28,0,0,4,0.0,1.0,0.0,0.0,0.125,UR,0.0,0.40625,0.0,0.0,3,ur,dl,midline,1,0,0,0,0
0,1,size7_comp0.2_grid1_base_low,7,0.2,low,base,base,4,3,7,5,2,1,1,1,1,1,25,30,0.23333333333333334,0.5666666666666667,0.5384615384615384,0.75,4,8,7,11,8,5,8,8,18,7,1,3,0.1,DR,1.1216407621868583,1,4,0,11,14,0.0625,0.25,0.0,0.6875,0.4666666666666667,UR,0.0,0.03333333333333333,0.0,0.0,1,ur,dr,midline,0,0,0,0,0
1,1,size7_comp0.2_grid1_base_low,7,0.2,low,base,base,4,3,7,5,2,1,1,1,1,1,7,28,0.25,0.5714285714285714,0.625,0.55,5,8,6,9,9,7,6,5,15,4,7,3,0.10714285714285714,DR,1.4466479595102752,0,5,3,9,11,0.0,0.29411764705882354,0.17647058823529413,0.5294117647058824,0.39285714285714285,UR,0.0,0.07142857142857142,0.0,0.0,2,ur,dr,midline,0,0,0,0,0
2,1,size7_comp0.2_grid1_base_low,7,0.2,low,base,base,4,3,7,5,2,1,1,1,0,1,26,32,0.0,0.46875,0.48148148148148145,0.4,6,6,8,12,12,9,5,5,17,5,0,8,0.25,UR,1.7345216647797512,4,8,1,4,15,0.23529411764705882,0.47058823529411764,0.058823529411764705,0.23529411764705882,0.46875,UR,0.0,0.09375,0.0,0.0,3,ur,dr,midline,1,0,0,0,0
3,1,size7_comp0.2_grid1_base_low,7,0.2,low,base,base,4,3,7,5,2,1,1,1,0,0,-1,32,0.0,0.4375,0.4375,0.0,7,7,9,9,7,11,6,7,21,7,0,6,0.1875,UR,1.214295263080721,6,15,0,2,9,0.2608695652173913,0.6521739130434783,0.0,0.08695652173913043,0.28125,UR,0.03125,0.1875,0.0,0.0,4,ur,dr,midline,1,0,0,0,0
4,1,size7_comp0.2_grid1_base_low,7,0.2,low,base,base,4,3,7,5,2,1,1,1,0,0,-1,32,0.0,0.34375,0.34375,0.0,7,6,8,11,10,7,3,11,25,7,0,10,0.3125,UR,0.5032583347756457,3,24,0,0,5,0.1111111111111111,0.8888888888888888,0.0,0.0,0.15625,UR,0.03125,0.21875,0.0,0.0,3,ur,dr,midline,1,0,0,0,0
5,1,size7_comp0.2_grid1_base_low,7,0.2,low,base,base,4,3,7,5,2,1,1,1,0,0,-1,32,0.0,0.46875,0.46875,0.0,5,6,10,11,9,9,6,7,19,7,0,3,0.09375,UL,1.3689955935892815,9,9,0,2,12,0.45,0.45,0.0,0.1,0.375,UL,0.09375,0.0625,0.0,0.0,1,ur,dr,midline,0,0,0,0,0
6,1,size7_comp0.2_grid1_base_low,7,0.2,low,base,base,4,3,7,5,2,1,1,1,0,0,-1,32,0.0,0.40625,0.40625,0.0,6,9,6,11,8,6,7,10,25,8,0,8,0.25,UR,-0.0,0,24,0,0,8,0.0,1.0,0.0,0.0,0.25,UR,0.0,0.25,0.0,0.0,2,ur,dr,midline,1,0,0,0,0
7,1,size7_comp0.2_grid1_base_low,7,0.2,low,base,base,4,3,7,5,2,1,1,1,1,1,24,28,0.25,0.5714285714285714,0.52,1.0,4,7,8,9,5,9,6,7,13,6,0,3,0.10714285714285714,UL,1.5726236638951638,4,4,0,3,17,0.36363636363636365,0.36363636363636365,0.0,0.2727272727272727,0.6071428571428571,UR,0.0,0.03571428571428571,0.0,0.0,1,ur,dr,midline,0,0,0,0,0
8,1,size7_comp0.2_grid1_base_low,7,0.2,low,base,base,4,3,7,5,2,1,1,1,0,0,-1,32,0.0,0.375,0.375,0.0,9,9,6,8,8,3,12,8,22,4,0,9,0.28125,UR,0.5225593745369408,2,15,0,0,15,0.11764705882352941,0.8823529411764706,0.0,0.0,0.46875,UR,0.0,0.1875,0.0,0.0,4,ur,dr,midline,1,0,0,0,0
9,1,size7_comp0.2_grid1_base_low,7,0.2,low,base,base,4,3,7,5,2,1,1,1,1,1,3,7,1.0,1.0,1.0,1.0,0,4,1,2,3,2,1,0,0,0,0,0,0.0,DR,0.9182958340544896,0,1,0,2,4,0.0,0.3333333333333333,0.0,0.6666666666666666,0.5714285714285714,,0.0,0.0,0.0,0.0,0,ur,dr,midline,0,0,0,0,0
0,2,size7_comp0.2_grid2_base_low,7,0.2,low,base,base,3,4,7,3,2,1,1,1,1,0,-1,6,0.0,0.3333333333333333,0.3333333333333333,0.0,2,2,2,0,1,3,0,1,2,0,0,1,0.16666666666666666,UR,-0.0,0,1,0,0,5,0.0,1.0,0.0,0.0,0.8333333333333334,,0.0,0.0,0.0,0.0,0,midline,ul,ur,0,1,0,0,0
1,2,size7_comp0.2_grid2_base_low,7,0.2,low,base,base,3,4,7,3,2,1,1,1,1,0,-1,20,0.0,0.45,0.45,0.0,4,2,8,6,6,3,5,5,12,5,0,1,0.05,UR,-0.0,0,3,0,0,17,0.0,1.0,0.0,0.0,0.85,,0.0,0.0,0.0,0.0,0,midline,ul,ur,0,1,0,0,0
2,2,size7_comp0.2_grid2_base_low,7,0.2,low,base,base,3,4,7,3,2,1,1,1,1,0,-1,9,0.0,0.4444444444444444,0.4444444444444444,0.0,2,1,4,2,2,0,4,2,3,2,0,0,0.0,UR,-0.0,0,5,0,0,4,0.0,1.0,0.0,0.0,0.4444444444444444,,0.0,0.0,0.0,0.0,0,midline,ul,ur,0,1,0,0,0
3,2,size7_comp0.2_grid2_base_low,7,0.2,low,base,base,3,4,7,3,2,1,1,1,1,1,6,15,0.4666666666666667,0.7333333333333333,0.7142857142857143,0.75,3,2,6,4,3,5,3,3,7,3,2,0,0.0,UR,-0.0,0,7,0,0,8,0.0,1.0,0.0,0.0,0.5333333333333333,UR,0.0,0.13333333333333333,0.0,0.0,1,midline,ul,ur,0,1,0,0,0
4,2,size7_comp0.2_grid2_base_low,7,0.2,low,base,base,3,4,7,3,2,1,1,1,1,0,-1,7,0.0,0.42857142857142855,0.42857142857142855,0.0,2,1,3,1,1,2,2,1,2,1,0,0,0.0,UR,1.0,0,1,0,1,5,0.0,0.5,0.0,0.5,0.7142857142857143,,0.0,0.0,0.0,0.0,0,midline,ul,ur,0,1,0,0,0
5,2,size7_comp0.2_grid2_base_low,7,0.2,low,base,base,3,4,7,3,2,1,1,1,1,0,-1,3,0.0,0.3333333333333333,0.3333333333333333,0.0,1,0,2,0,0,1,1,0,0,0,0,0,0.0,UL,0.0,0,0,0,0,3,0.0,0.0,0.0,0.0,1.0,,0.0,0.0,0.0,0.0,0,midline,ul,ur,0,0,0,0,0
6,2,size7_comp0.2_grid2_base_low,7,0.2,low,base,base,3,4,7,3,2,1,1,1,0,1,24,32,0.0,0.5625,0.52,0.7142857142857143,8,6,11,7,11,5,7,8,19,7,1,2,0.0625,UR,1.3516441151533924,6,10,2,0,14,0.3333333333333333,0.5555555555555556,0.1111111111111111,0.0,0.4375,UL,0.0625,0.03125,0.0,0.0,1,midline,ul,ur,0,1,0,0,0
7,2,size7_comp0.2_grid2_base_low,7,0.2,low,base,base,3,4,7,3,2,1,1,1,1,1,18,26,0.2692307692307692,0.5769230769230769,0.5263157894736842,0.7142857142857143,5,4,9,8,3,4,8,10,17,8,2,3,0.11538461538461539,UR,0.3227569588973982,1,16,0,0,9,0.058823529411764705,0.9411764705882353,0.0,0.0,0.34615384615384615,UR,0.0,0.07692307692307693,0.0,0.0,2,midline,ul,ur,0,1,0,0,0
8,2,size7_comp0.2_grid2_base_low,7,0.2,low,base,base,3,4,7,3,2,1,1,1,1,1,3,9,0.7777777777777778,0.7777777777777778,0.75,0.8,3,2,3,1,3,3,1,1,3,0,2,2,0.2222222222222222,UR,0.6500224216483541,1,5,0,0,3,0.16666666666666666,0.8333333333333334,0.0,0.0,0.3333333333333333,UR,0.0,0.2222222222222222,0.0,0.0,2,midline,ul,ur,0,1,0,0,0
9,2,size7_comp0.2_grid2_base_low,7,0.2,low,base,base,3,4,7,3,2,1,1,1,1,0,-1,15,0.0,0.4666666666666667,0.4666666666666667,0.0,4,3,5,3,5,6,1,2,4,2,0,0,0.0,DL,0.9182958340544896,2,0,4,0,9,0.3333333333333333,0.0,0.6666666666666666,0.0,0.6,DL,0.0,0.0,0.06666666666666667,0.0,1,midline,ul,ur,0,0,0,0,0
0,3,size7_comp0.2_grid3_base_low,7,0.2,low,base,base,6,3,9,5,3,1,1,1,1,0,-1,12,0.0,0.5833333333333334,0.5833333333333334,0.0,5,1,2,4,0,5,4,2,5,2,0,1,0.08333333333333333,DL,-0.0,0,0,5,0,7,0.0,0.0,1.0,0.0,0.5833333333333334,DL,0.0,0.0,0.08333333333333333,0.0,1,dl,midline,midline,1,0,0,0,0
1,3,size7_comp0.2_grid3_base_low,7,0.2,low,base,base,6,3,9,5,3,1,1,1,0,0,-1,32,0.0,0.46875,0.46875,0.0,8,5,8,11,4,7,12,8,23,6,0,4,0.125,DL,-0.0,0,0,12,0,20,0.0,0.0,1.0,0.0,0.625,DL,0.0,0.0,0.0625,0.0,2,dl,midline,midline,1,0,0,0,0
2,3,size7_comp0.2_grid3_base_low,7,0.2,low,base,base,6,3,9,5,3,1,1,1,1,1,15,24,0.375,0.5833333333333334,0.5625,0.625,7,6,4,7,6,5,6,6,12,4,1,5,0.20833333333333334,UR,1.5,5,10,5,0,4,0.25,0.5,0.25,0.0,0.16666666666666666,DL,0.041666666666666664,0.041666666666666664,0.125,0.0,3,dl,midline,midline,0,0,0,0,0
3,3,size7_comp0.2_grid3_base_low,7,0.2,low,base,base,6,3,9,5,3,1,1,1,1,0,-1,27,0.0,0.4444444444444444,0.4444444444444444,0.0,11,4,4,8,9,6,5,6,16,5,0,6,0.2222222222222222,DL,1.4020814027560318,7,0,8,2,10,0.4117647058823529,0.0,0.47058823529411764,0.11764705882352941,0.37037037037037035,UL,0.07407407407407407,0.0,0.037037037037037035,0.0,2,dl,midline,midline,1,0,0,0,0
4,3,size7_comp0.2_grid3_base_low,7,0.2,low,base,base,6,3,9,5,3,1,1,1,1,0,-1,18,0.0,0.4444444444444444,0.4444444444444444,0.0,6,3,3,6,2,9,6,0,9,0,0,5,0.2777777777777778,DL,0.7642045065086203,2,0,7,0,9,0.2222222222222222,0.0,0.7777777777777778,0.0,0.5,DL,0.0,0.0,0.16666666666666666,0.0,3,dl,midline,midline,1,0,0,0,0
5,3,size7_comp0.2_grid3_base_low,7,0.2,low,base,base,6,3,9,5,3,1,1,1,1,0,-1,10,0.0,0.5,0.5,0.0,3,2,1,4,1,3,4,1,4,0,0,3,0.3,DL,-0.0,0,0,7,0,3,0.0,0.0,1.0,0.0,0.3,DL,0.0,0.0,0.3,0.0,2,dl,midline,midline,1,0,0,0,0
6,3,size7_comp0.2_grid3_base_low,7,0.2,low,base,base,6,3,9,5,3,1,1,1,0,0,-1,32,0.0,0.40625,0.40625,0.0,9,5,4,13,8,7,11,3,18,2,0,11,0.34375,UL,1.4713544870139295,8,8,3,0,13,0.42105263157894735,0.42105263157894735,0.15789473684210525,0.0,0.40625,UL,0.03125,0.03125,0.03125,0.0,1,dl,midline,midline,0,0,0,0,0
7,3,size7_comp0.2_grid3_base_low,7,0.2,low,base,base,6,3,9,5,3,1,1,1,1,0,-1,9,0.0,0.6666666666666666,0.6666666666666666,0.0,4,1,1,3,1,6,1,0,2,0,0,0,0.0,DL,-0.0,0,0,5,0,4,0.0,0.0,1.0,0.0,0.4444444444444444,DL,0.0,0.0,0.1111111111111111,0.0,1,dl,midline,midline,1,0,0,0,0
8,3,size7_comp0.2_grid3_base_low,7,0.2,low,base,base,6,3,9,5,3,1,1,1,1,0,-1,15,0.0,0.4666666666666667,0.4666666666666667,0.0,4,4,2,5,5,2,5,2,6,2,0,4,0.26666666666666666,UL,1.4591479170272448,6,4,2,0,3,0.5,0.3333333333333333,0.16666666666666666,0.0,0.2,UL,0.06666666666666667,0.0,0.06666666666666667,0.0,1,dl,midline,midline,0,0,0,0,0
9,3,size7_comp0.2_grid3_base_low,7,0.2,low,base,base,6,3,9,5,3,1,1,1,0,0,-1,32,0.0,0.46875,0.46875,0.0,9,4,7,12,9,7,8,7,17,5,0,6,0.1875,UR,1.509871837193956,5,11,7,0,9,0.21739130434782608,0.4782608695652174,0.30434782608695654,0.0,0.28125,UR,0.03125,0.09375,0.0625,0.0,2,dl,midline,midline,0,0,0,0,0
0,4,size7_comp0.2_grid4_base_low,7,0.2,low,base,base,3,5,8,4,2,1,1,1,0,1,26,32,0.0,0.59375,0.5555555555555556,0.8,10,8,7,7,6,7,8,10,19,10,1,1,0.03125,DL,1.360964047443681,0,1,5,4,22,0.0,0.1,0.5,0.4,0.6875,,0.0,0.0,0.0,0.0,0,dl,midline,dr,1,0,0,0,0
1,4,size7_comp0.2_grid4_base_low,7,0.2,low,base,base,3,5,8,4,2,1,1,1,0,1,25,32,0.0,0.5625,0.5384615384615384,0.6666666666666666,9,6,9,8,11,3,7,10,21,9,1,1,0.03125,DL,1.0,0,0,4,4,24,0.0,0.0,0.5,0.5,0.75,,0.0,0.0,0.0,0.0,0,dl,midline,dr,1,0,0,0,0
2,4,size7_comp0.2_grid4_base_low,7,0.2,low,base,base,3,5,8,4,2,1,1,1,1,1,10,20,0.4,0.7,0.6363636363636364,0.7777777777777778,6,3,5,6,4,6,4,5,5,5,0,0,0.0,DL,1.2406705316766884,0,1,7,3,9,0.0,0.09090909090909091,0.6363636363636364,0.2727272727272727,0.45,DL,0.0,0.0,0.05,0.0,1,dl,midline,dr,1,0,0,0,0
3,4,size7_comp0.2_grid4_base_low,7,0.2,low,base,base,3,5,8,4,2,1,1,1,0,1,25,32,0.0,0.53125,0.5,0.6666666666666666,9,6,9,8,7,9,6,9,20,8,1,3,0.09375,DR,1.295461844238322,0,3,1,6,22,0.0,0.3,0.1,0.6,0.6875,,0.0,0.0,0.0,0.0,0,dl,midline,dr,0,1,0,0,0
4,4,size7_comp0.2_grid4_base_low,7,0.2,low,base,base,3,5,8,4,2,1,1,1,1,0,-1,10,0.0,0.4,0.4,0.0,5,2,1,2,1,1,3,4,4,4,0,0,0.0,DL,-0.0,0,0,4,0,6,0.0,0.0,1.0,0.0,0.6,,0.0,0.0,0.0,0.0,0,dl,midline,dr,1,0,0,0,0
5,4,size7_comp0.2_grid4_base_low,7,0.2,low,base,base,3,5,8,4,2,1,1,1,1,0,-1,15,0.0,0.26666666666666666,0.26666666666666666,0.0,5,1,6,3,7,1,3,3,8,2,0,5,0.3333333333333333,UR,1.5,0,2,1,1,11,0.0,0.5,0.25,0.25,0.7333333333333333,,0.0,0.0,0.0,0.0,0,dl,midline,dr,0,0,0,0,0
6,4,size7_comp0.2_grid4_base_low,7,0.2,low,base,base,3,5,8,4,2,1,1,1,1,1,2,30,0.26666666666666666,0.5333333333333333,1.0,0.48148148148148145,9,3,10,8,9,6,4,10,20,7,1,6,0.2,UR,0.9055872616982603,0,12,2,1,15,0.0,0.8,0.13333333333333333,0.06666666666666667,0.5,,0.0,0.0,0.0,0.0,0,dl,midline,dr,0,0,0,0,0
7,4,size7_comp0.2_grid4_base_low,7,0.2,low,base,base,3,5,8,4,2,1,1,1,1,0,-1,8,0.0,0.375,0.375,0.0,3,0,2,3,2,3,0,2,2,2,0,0,0.0,DL,-0.0,0,0,3,0,5,0.0,0.0,1.0,0.0,0.625,,0.0,0.0,0.0,0.0,0,dl,midline,dr,1,0,0,0,0
8,4,size7_comp0.2_grid4_base_low,7,0.2,low,base,base,3,5,8,4,2,1,1,1,1,1,21,30,0.26666666666666666,0.6,0.5454545454545454,0.75,11,6,6,7,10,3,8,8,16,7,1,2,0.06666666666666667,DL,1.2987949406953985,0,2,10,4,14,0.0,0.125,0.625,0.25,0.4666666666666667,DL,0.0,0.0,0.06666666666666667,0.0,1,dl,midline,dr,1,0,0,0,0
9,4,size7_comp0.2_grid4_base_low,7,0.2,low,base,base,3,5,8,4,2,1,1,1,0,0,-1,32,0.0,0.46875,0.46875,0.0,6,6,10,10,9,7,9,6,21,3,0,3,0.09375,DL,0.4854607607459134,0,0,17,2,13,0.0,0.0,0.8947368421052632,0.10526315789473684,0.40625,DL,0.0,0.0,0.09375,0.0,2,dl,midline,dr,1,0,0,0,0
0,5,size7_comp0.2_grid5_base_low,7,0.2,low,base,base,5,5,10,4,3,1,1,1,0,1,26,32,0.0,0.46875,0.48148148148148145,0.4,6,10,8,8,12,3,9,7,20,5,0,9,0.28125,DL,1.486565953154142,9,5,13,0,5,0.3333333333333333,0.18518518518518517,0.48148148148148145,0.0,0.15625,DL,0.03125,0.0,0.1875,0.0,3,dl,dr,midline,1,0,0,0,0
1,5,size7_comp0.2_grid5_base_low,7,0.2,low,base,base,5,5,10,4,3,1,1,1,1,1,23,31,0.3225806451612903,0.6129032258064516,0.5416666666666666,0.8571428571428571,6,4,10,11,9,6,7,8,15,8,2,3,0.0967741935483871,UL,1.6767370300521325,10,2,8,2,9,0.45454545454545453,0.09090909090909091,0.36363636363636365,0.09090909090909091,0.2903225806451613,UL,0.0967741935483871,0.0,0.0967741935483871,0.0,2,dl,dr,midline,0,0,0,0,0
2,5,size7_comp0.2_grid5_base_low,7,0.2,low,base,base,5,5,10,4,3,1,1,1,1,0,-1,14,0.0,0.42857142857142855,0.42857142857142855,0.0,6,3,1,4,2,7,1,3,8,3,0,2,0.14285714285714285,DR,0.9852281360342515,0,0,3,4,7,0.0,0.0,0.42857142857142855,0.5714285714285714,0.5,DR,0.0,0.0,0.0,0.07142857142857142,1,dl,dr,midline,0,0,0,0,0
3,5,size7_comp0.2_grid5_base_low,7,0.2,low,base,base,5,5,10,4,3,1,1,1,0,0,-1,32,0.0,0.25,0.25,0.0,5,9,12,6,8,14,5,4,26,2,0,16,0.5,DL,0.4798320236161285,0,0,26,3,3,0.0,0.0,0.896551724137931,0.10344827586206896,0.09375,DL,0.0,0.0,0.40625,0.0,5,dl,dr,midline,1,0,0,0,0
4,5,size7_comp0.2_grid5_base_low,7,0.2,low,base,base,5,5,10,4,3,1,1,1,1,1,26,32,0.3125,0.59375,0.5185185185185185,1.0,7,6,9,10,8,9,6,8,18,7,1,4,0.125,UL,1.1411535278793057,13,0,6,1,12,0.65,0.0,0.3,0.05,0.375,UL,0.09375,0.0,0.0625,0.0,2,dl,dr,midline,0,0,0,0,0
5,5,size7_comp0.2_grid5_base_low,7,0.2,low,base,base,5,5,10,4,3,1,1,1,0,1,27,32,0.0,0.46875,0.4642857142857143,0.5,11,6,7,8,8,6,11,6,22,5,0,9,0.28125,DL,1.4353713907745331,3,2,6,0,21,0.2727272727272727,0.18181818181818182,0.5454545454545454,0.0,0.65625,,0.0,0.0,0.0,0.0,0,dl,dr,midline,1,0,0,0,0
6,5,size7_comp0.2_grid5_base_low,7,0.2,low,base,base,5,5,10,4,3,1,1,1,0,1,22,32,0.0,0.5,0.5217391304347826,0.4444444444444444,8,9,8,7,3,8,12,8,20,8,0,7,0.21875,UL,0.8112781244591328,6,0,2,0,24,0.75,0.0,0.25,0.0,0.75,,0.0,0.0,0.0,0.0,0,dl,dr,midline,0,0,0,0,0
7,5,size7_comp0.2_grid5_base_low,7,0.2,low,base,base,5,5,10,4,3,1,1,1,0,1,26,32,0.0,0.5,0.4444444444444444,0.8,7,8,9,8,10,7,6,8,22,7,1,8,0.25,DR,0.9967916319816366,0,0,7,8,17,0.0,0.0,0.4666666666666667,0.5333333333333333,0.53125,DL,0.0,0.0,0.03125,0.03125,1,dl,dr,midline,0,0,0,0,0
8,5,size7_comp0.2_grid5_base_low,7,0.2,low,base,base,5,5,10,4,3,1,1,1,1,1,23,29,0.3448275862068966,0.5862068965517241,0.5,1.0,7,5,8,9,9,6,6,7,13,6,0,5,0.1724137931034483,UL,1.8016094970590273,8,3,7,2,9,0.4,0.15,0.35,0.1,0.3103448275862069,UL,0.06896551724137931,0.034482758620689655,0.06896551724137931,0.0,1,dl,dr,midline,0,0,0,0,0
9,5,size7_comp0.2_grid5_base_low,7,0.2,low,base,base,5,5,10,4,3,1,1,1,0,1,30,32,0.0,0.4375,0.41935483870967744,1.0,12,1,10,9,13,7,5,6,21,3,0,10,0.3125,DL,1.3787834934861753,3,0,12,6,11,0.14285714285714285,0.0,0.5714285714285714,0.2857142857142857,0.34375,DL,0.0,0.0,0.09375,0.0,2,dl,dr,midline,1,0,0,0,0
0,6,size7_comp0.2_grid6_base_low,7,0.2,low,base,base,7,4,11,5,3,1,1,1,1,0,-1,32,0.0,0.46875,0.46875,0.0,3,9,11,9,9,8,7,7,21,5,0,5,0.15625,UR,0.4689955935892812,1,9,0,0,22,0.1,0.9,0.0,0.0,0.6875,UR,0.0,0.03125,0.0,0.0,1,ur,dl,dr,1,0,0,0,0
1,6,size7_comp0.2_grid6_base_low,7,0.2,low,base,base,7,4,11,5,3,1,1,1,1,0,-1,11,0.0,0.5454545454545454,0.5454545454545454,0.0,2,6,3,0,2,2,3,3,4,2,0,2,0.18181818181818182,UR,-0.0,0,4,0,0,7,0.0,1.0,0.0,0.0,0.6363636363636364,UR,0.0,0.09090909090909091,0.0,0.0,1,ur,dl,dr,1,0,0,0,0
2,6,size7_comp0.2_grid6_base_low,7,0.2,low,base,base,7,4,11,5,3,1,1,1,1,0,-1,24,0.0,0.5416666666666666,0.5416666666666666,0.0,5,8,7,4,3,8,5,7,12,7,0,1,0.041666666666666664,UR,0.8453509366224364,3,8,0,0,13,0.2727272727272727,0.7272727272727273,0.0,0.0,0.5416666666666666,UR,0.0,0.041666666666666664,0.0,0.0,1,ur,dl,dr,1,0,0,0,0
3,6,size7_comp0.2_grid6_base_low,7,0.2,low,base,base,7,4,11,5,3,1,1,1,1,0,-1,7,0.0,0.5714285714285714,0.5714285714285714,0.0,0,2,3,2,2,2,0,2,2,0,0,2,0.2857142857142857,UR,-0.0,0,3,0,0,4,0.0,1.0,0.0,0.0,0.5714285714285714,,0.0,0.0,0.0,0.0,0,ur,dl,dr,1,0,0,0,0
4,6,size7_comp0.2_grid6_base_low,7,0.2,low,base,base,7,4,11,5,3,1,1,1,1,0,-1,22,0.0,0.5,0.5,0.0,3,7,7,5,4,7,9,1,11,1,0,3,0.13636363636363635,UR,0.7219280948873623,1,4,0,0,17,0.2,0.8,0.0,0.0,0.7727272727272727,,0.0,0.0,0.0,0.0,0,ur,dl,dr,1,0,0,0,0
5,6,size7_comp0.2_grid6_base_low,7,0.2,low,base,base,7,4,11,5,3,1,1,1,0,0,-1,32,0.0,0.53125,0.53125,0.0,9,9,8,6,6,11,5,9,23,8,0,0,0.0,UR,-0.0,0,16,0,0,16,0.0,1.0,0.0,0.0,0.5,UR,0.0,0.09375,0.0,0.0,1,ur,dl,dr,1,0,0,0,0
6,6,size7_comp0.2_grid6_base_low,7,0.2,low,base,base,7,4,11,5,3,1,1,1,0,0,-1,32,0.0,0.46875,0.46875,0.0,5,7,10,10,7,10,8,6,20,6,0,4,0.125,UR,0.4394969869215134,1,10,0,0,21,0.09090909090909091,0.9090909090909091,0.0,0.0,0.65625,UR,0.0,0.03125,0.0,0.0,1,ur,dl,dr,1,0,0,0,0
7,6,size7_comp0.2_grid6_base_low,7,0.2,low,base,base,7,4,11,5,3,1,1,1,1,0,-1,11,0.0,0.6363636363636364,0.6363636363636364,0.0,2,4,4,1,1,4,3,2,2,2,0,0,0.0,UL,1.0,2,2,0,0,7,0.5,0.5,0.0,0.0,0.6363636363636364,,0.0,0.0,0.0,0.0,0,ur,dl,dr,0,0,0,0,0
8,6,size7_comp0.2_grid6_base_low,7,0.2,low,base,base,7,4,11,5,3,1,1,1,1,0,-1,19,0.0,0.5263157894736842,0.5263157894736842,0.0,4,5,6,4,2,8,2,6,10,6,0,2,0.10526315789473684,UR,0.7219280948873623,2,8,0,0,9,0.2,0.8,0.0,0.0,0.47368421052631576,UR,0.0,0.10526315789473684,0.0,0.0,2,ur,dl,dr,1,0,0,0,0
9,6,size7_comp0.2_grid6_base_low,7,0.2,low,base,base,7,4,11,5,3,1,1,1,0,0,-1,32,0.0,0.4375,0.4375,0.0,5,9,8,10,7,4,8,12,24,9,0,5,0.15625,UR,-0.0,0,4,0,0,28,0.0,1.0,0.0,0.0,0.875,,0.0,0.0,0.0,0.0,0,ur,dl,dr,1,0,0,0,0
0,7,size7_comp0.2_grid7_base_low,7,0.2,low,base,base,6,4,10,4,3,1,1,1,1,0,-1,10,0.0,0.6,0.6,0.0,4,1,3,2,0,1,3,5,5,5,0,0,0.0,DR,-0.0,0,0,0,1,9,0.0,0.0,0.0,1.0,0.9,,0.0,0.0,0.0,0.0,0,midline,ul,ur,0,0,0,0,0
1,7,size7_comp0.2_grid7_base_low,7,0.2,low,base,base,6,4,10,4,3,1,1,1,1,0,-1,7,0.0,0.5714285714285714,0.5714285714285714,0.0,3,0,3,1,0,3,2,1,1,0,0,1,0.14285714285714285,UL,0.9182958340544896,2,0,1,0,4,0.6666666666666666,0.0,0.3333333333333333,0.0,0.5714285714285714,,0.0,0.0,0.0,0.0,0,midline,ul,ur,0,0,0,0,0
2,7,size7_comp0.2_grid7_base_low,7,0.2,low,base,base,6,4,10,4,3,1,1,1,1,0,-1,7,0.0,0.5714285714285714,0.5714285714285714,0.0,3,0,3,1,0,3,3,0,1,0,0,1,0.14285714285714285,DL,-0.0,0,0,3,0,4,0.0,0.0,1.0,0.0,0.5714285714285714,,0.0,0.0,0.0,0.0,0,midline,ul,ur,0,0,0,0,0
3,7,size7_comp0.2_grid7_base_low,7,0.2,low,base,base,6,4,10,4,3,1,1,1,1,0,-1,26,0.0,0.4230769230769231,0.4230769230769231,0.0,12,3,6,5,9,2,10,4,15,3,0,6,0.23076923076923078,DR,0.6722948170756379,0,0,3,14,9,0.0,0.0,0.17647058823529413,0.8235294117647058,0.34615384615384615,DR,0.0,0.0,0.0,0.038461538461538464,1,midline,ul,ur,0,0,0,0,0
4,7,size7_comp0.2_grid7_base_low,7,0.2,low,base,base,6,4,10,4,3,1,1,1,0,1,29,32,0.0,0.53125,0.5333333333333333,0.5,11,3,8,10,11,6,7,7,17,6,1,5,0.15625,UL,1.5304930567574826,8,4,0,6,14,0.4444444444444444,0.2222222222222222,0.0,0.3333333333333333,0.4375,UL,0.09375,0.0625,0.0,0.0,2,midline,ul,ur,0,0,0,0,0
5,7,size7_comp0.2_grid7_base_low,7,0.2,low,base,base,6,4,10,4,3,1,1,1,1,0,-1,12,0.0,0.5,0.5,0.0,4,3,3,2,2,5,1,3,4,2,0,2,0.16666666666666666,UL,0.9709505944546686,3,0,2,0,7,0.6,0.0,0.4,0.0,0.5833333333333334,UL,0.08333333333333333,0.0,0.0,0.0,1,midline,ul,ur,0,0,0,0,0
6,7,size7_comp0.2_grid7_base_low,7,0.2,low,base,base,6,4,10,4,3,1,1,1,1,0,-1,16,0.0,0.4375,0.4375,0.0,5,0,6,5,6,1,5,3,8,1,0,4,0.25,DL,0.6500224216483541,1,0,5,0,10,0.16666666666666666,0.0,0.8333333333333334,0.0,0.625,DL,0.0,0.0,0.1875,0.0,3,midline,ul,ur,0,0,0,0,0
7,7,size7_comp0.2_grid7_base_low,7,0.2,low,base,base,6,4,10,4,3,1,1,1,1,0,-1,10,0.0,0.6,0.6,0.0,5,2,2,1,1,0,4,4,5,4,0,0,0.0,DL,-0.0,0,0,2,0,8,0.0,0.0,1.0,0.0,0.8,,0.0,0.0,0.0,0.0,0,midline,ul,ur,0,0,0,0,0
8,7,size7_comp0.2_grid7_base_low,7,0.2,low,base,base,6,4,10,4,3,1,1,1,1,0,-1,4,0.0,0.75,0.75,0.0,3,0,1,0,2,1,0,0,0,0,0,0,0.0,UL,0.0,0,0,0,0,4,0.0,0.0,0.0,0.0,1.0,,0.0,0.0,0.0,0.0,0,midline,ul,ur,0,0,0,0,0
9,7,size7_comp0.2_grid7_base_low,7,0.2,low,base,base,6,4,10,4,3,1,1,1,1,0,-1,10,0.0,0.5,0.5,0.0,4,1,2,3,1,0,4,4,6,2,0,2,0.2,UL,0.0,0,0,0,0,10,0.0,0.0,0.0,0.0,1.0,,0.0,0.0,0.0,0.0,0,midline,ul,ur,0,0,0,0,0
0,8,size7_comp0.2_grid8_base_low,7,0.2,low,base,base,3,3,6,6,0,1,1,1,1,1,2,16,0.375,0.6875,1.0,0.6153846153846154,2,6,3,5,4,5,5,1,3,1,1,0,0.0,UR,1.4854752972273344,3,5,0,2,6,0.3,0.5,0.0,0.2,0.375,UL,0.0625,0.0,0.0,0.0,1,ul,midline,midline,0,0,0,0,0
1,8,size7_comp0.2_grid8_base_low,7,0.2,low,base,base,3,3,6,6,0,1,1,1,1,1,4,16,0.375,0.6875,0.8,0.6363636363636364,2,6,3,5,5,5,0,5,5,5,0,0,0.0,DR,1.4949188482339508,2,4,0,5,5,0.18181818181818182,0.36363636363636365,0.0,0.45454545454545453,0.3125,UL,0.0625,0.0,0.0,0.0,1,ul,midline,midline,0,0,0,0,0
2,8,size7_comp0.2_grid8_base_low,7,0.2,low,base,base,3,3,6,6,0,1,1,1,0,1,29,32,0.0,0.46875,0.4666666666666667,0.5,5,3,10,14,5,8,7,11,23,10,0,5,0.15625,UR,0.9852281360342515,12,16,0,0,4,0.42857142857142855,0.5714285714285714,0.0,0.0,0.125,UR,0.09375,0.21875,0.0,0.0,3,ul,midline,midline,0,0,0,0,0
3,8,size7_comp0.2_grid8_base_low,7,0.2,low,base,base,3,3,6,6,0,1,1,1,1,1,27,31,0.1935483870967742,0.5161290322580645,0.4642857142857143,1.0,10,10,5,6,14,9,5,2,17,2,1,5,0.16129032258064516,UR,0.8030717273241024,2,15,0,1,13,0.1111111111111111,0.8333333333333334,0.0,0.05555555555555555,0.41935483870967744,UR,0.03225806451612903,0.22580645161290322,0.0,0.0,4,ul,midline,midline,0,0,0,0,0
4,8,size7_comp0.2_grid8_base_low,7,0.2,low,base,base,3,3,6,6,0,1,1,1,1,1,2,14,0.42857142857142855,0.7142857142857143,1.0,0.6363636363636364,0,4,4,6,4,1,5,3,4,3,1,0,0.0,UL,0.9709505944546686,3,0,0,2,9,0.6,0.0,0.0,0.4,0.6428571428571429,UL,0.07142857142857142,0.0,0.0,0.0,1,ul,midline,midline,1,0,0,0,0
5,8,size7_comp0.2_grid8_base_low,7,0.2,low,base,base,3,3,6,6,0,1,1,1,1,1,15,27,0.2222222222222222,0.5925925925925926,0.5625,0.6363636363636364,4,7,7,9,2,9,7,8,17,8,2,1,0.037037037037037035,UL,0.4394969869215134,20,0,0,2,5,0.9090909090909091,0.0,0.0,0.09090909090909091,0.18518518518518517,UL,0.2222222222222222,0.0,0.0,0.0,1,ul,midline,midline,1,0,0,0,0
6,8,size7_comp0.2_grid8_base_low,7,0.2,low,base,base,3,3,6,6,0,1,1,1,1,1,13,21,0.2857142857142857,0.6190476190476191,0.5714285714285714,0.7142857142857143,3,8,4,6,7,4,5,4,6,3,1,1,0.047619047619047616,UR,1.5,3,6,0,3,9,0.25,0.5,0.0,0.25,0.42857142857142855,UL,0.047619047619047616,0.047619047619047616,0.0,0.0,1,ul,midline,midline,0,0,0,0,0
7,8,size7_comp0.2_grid8_base_low,7,0.2,low,base,base,3,3,6,6,0,1,1,1,0,1,8,32,0.0,0.4375,0.6666666666666666,0.34782608695652173,6,6,6,14,10,3,6,12,21,11,4,4,0.125,UR,0.8904916402194913,8,18,0,0,6,0.3076923076923077,0.6923076923076923,0.0,0.0,0.1875,UR,0.0625,0.28125,0.0,0.0,4,ul,midline,midline,0,0,0,0,0
8,8,size7_comp0.2_grid8_base_low,7,0.2,low,base,base,3,3,6,6,0,1,1,1,0,0,-1,32,0.0,0.46875,0.46875,0.0,10,8,5,9,11,7,4,9,23,6,0,3,0.09375,UR,0.5435644431995964,3,21,0,0,8,0.125,0.875,0.0,0.0,0.25,UR,0.03125,0.25,0.0,0.0,2,ul,midline,midline,0,0,0,0,0
9,8,size7_comp0.2_grid8_base_low,7,0.2,low,base,base,3,3,6,6,0,1,1,1,1,1,4,15,0.4,0.6666666666666666,0.8,0.6,0,5,4,6,5,4,1,4,7,4,0,1,0.06666666666666667,UL,-0.0,3,0,0,0,12,1.0,0.0,0.0,0.0,0.8,UL,0.06666666666666667,0.0,0.0,0.0,1,ul,midline,midline,1,0,0,0,0
0,9,size7_comp0.2_grid9_base_low,7,0.2,low,base,base,5,4,9,3,3,1,1,1,1,0,-1,21,0.0,0.5238095238095238,0.5238095238095238,0.0,3,5,7,6,3,4,4,9,11,9,0,0,0.0,DR,1.295461844238322,0,3,1,6,11,0.0,0.3,0.1,0.6,0.5238095238095238,,0.0,0.0,0.0,0.0,0,ur,midline,dr,0,1,0,0,0
1,9,size7_comp0.2_grid9_base_low,7,0.2,low,base,base,5,4,9,3,3,1,1,1,1,0,-1,5,0.0,0.6,0.6,0.0,0,2,2,1,1,0,2,1,1,1,0,0,0.0,UR,0.9182958340544896,1,2,0,0,2,0.3333333333333333,0.6666666666666666,0.0,0.0,0.4,,0.0,0.0,0.0,0.0,0,ur,midline,dr,1,0,0,0,0
2,9,size7_comp0.2_grid9_base_low,7,0.2,low,base,base,5,4,9,3,3,1,1,1,1,1,27,32,0.28125,0.53125,0.4642857142857143,1.0,8,8,8,8,7,9,9,6,13,5,0,7,0.21875,DL,1.7080986635018058,3,3,12,4,10,0.13636363636363635,0.13636363636363635,0.5454545454545454,0.18181818181818182,0.3125,DL,0.0,0.0,0.03125,0.03125,1,ur,midline,dr,0,0,0,0,0
3,9,size7_comp0.2_grid9_base_low,7,0.2,low,base,base,5,4,9,3,3,1,1,1,1,0,-1,14,0.0,0.5,0.5,0.0,2,5,4,3,2,1,6,4,7,4,0,1,0.07142857142857142,UR,0.5032583347756457,1,8,0,0,5,0.1111111111111111,0.8888888888888888,0.0,0.0,0.35714285714285715,UR,0.0,0.14285714285714285,0.0,0.0,2,ur,midline,dr,1,0,0,0,0
4,9,size7_comp0.2_grid9_base_low,7,0.2,low,base,base,5,4,9,3,3,1,1,1,1,0,-1,13,0.0,0.5384615384615384,0.5384615384615384,0.0,1,3,5,4,1,4,1,6,7,6,0,0,0.0,UR,0.5916727785823275,1,6,0,0,6,0.14285714285714285,0.8571428571428571,0.0,0.0,0.46153846153846156,UR,0.0,0.07692307692307693,0.0,0.0,1,ur,midline,dr,1,0,0,0,0
5,9,size7_comp0.2_grid9_base_low,7,0.2,low,base,base,5,4,9,3,3,1,1,1,1,0,-1,5,0.0,0.6,0.6,0.0,0,2,2,1,0,1,2,1,1,1,0,0,0.0,UR,-0.0,0,3,0,0,2,0.0,1.0,0.0,0.0,0.4,,0.0,0.0,0.0,0.0,0,ur,midline,dr,1,0,0,0,0
6,9,size7_comp0.2_grid9_base_low,7,0.2,low,base,base,5,4,9,3,3,1,1,1,1,0,-1,4,0.0,0.5,0.5,0.0,1,2,1,0,0,1,1,1,1,0,0,1,0.25,UR,-0.0,0,3,0,0,1,0.0,1.0,0.0,0.0,0.25,,0.0,0.0,0.0,0.0,0,ur,midline,dr,1,0,0,0,0
7,9,size7_comp0.2_grid9_base_low,7,0.2,low,base,base,5,4,9,3,3,1,1,1,1,0,-1,3,0.0,0.6666666666666666,0.6666666666666666,0.0,0,2,1,0,1,0,1,0,0,0,0,0,0.0,UR,-0.0,0,2,0,0,1,0.0,1.0,0.0,0.0,0.3333333333333333,,0.0,0.0,0.0,0.0,0,ur,midline,dr,1,0,0,0,0
8,9,size7_comp0.2_grid9_base_low,7,0.2,low,base,base,5,4,9,3,3,1,1,1,1,0,-1,15,0.0,0.4666666666666667,0.4666666666666667,0.0,4,6,3,2,1,4,5,4,8,2,0,2,0.13333333333333333,UR,0.9852281360342515,3,4,0,0,8,0.42857142857142855,0.5714285714285714,0.0,0.0,0.5333333333333333,,0.0,0.0,0.0,0.0,0,ur,midline,dr,1,0,0,0,0
9,9,size7_comp0.2_grid9_base_low,7,0.2,low,base,base,5,4,9,3,3,1,1,1,1,0,-1,6,0.0,0.5,0.5,0.0,0,2,2,2,0,2,2,1,2,1,0,1,0.16666666666666666,UR,-0.0,0,5,0,0,1,0.0,1.0,0.0,0.0,0.16666666666666666,UR,0.0,0.16666666666666666,0.0,0.0,1,ur,midline,dr,1,0,0,0,0
0,0,size7_comp0.4_grid0_base_low,7,0.4,low,base,base,4,9,13,7,3,1,1,1,0,1,27,32,0.0,0.4375,0.4642857142857143,0.25,8,5,8,11,9,6,8,8,24,5,0,8,0.25,UL,1.0,9,0,9,0,14,0.5,0.0,0.5,0.0,0.4375,UL,0.03125,0.0,0.0,0.0,1,dl,ur,ul,0,1,0,0,0
1,0,size7_comp0.4_grid0_base_low,7,0.4,low,base,base,4,9,13,7,3,1,1,1,0,1,20,32,0.0,0.5,0.47619047619047616,0.5454545454545454,8,8,8,8,7,9,9,6,21,6,2,6,0.1875,DL,0.998363672593813,10,0,11,0,11,0.47619047619047616,0.0,0.5238095238095238,0.0,0.34375,UL,0.09375,0.0,0.03125,0.0,1,dl,ur,ul,1,0,0,0,0
2,0,size7_comp0.4_grid0_base_low,7,0.4,low,base,base,4,9,13,7,3,1,1,1,0,1,5,32,0.0,0.5625,0.8333333333333334,0.5,10,9,6,7,6,8,6,11,20,9,1,3,0.09375,UL,1.158938532350277,10,0,4,1,17,0.6666666666666666,0.0,0.26666666666666666,0.06666666666666667,0.53125,UL,0.09375,0.0,0.0,0.0,1,dl,ur,ul,0,1,0,0,0
3,0,size7_comp0.4_grid0_base_low,7,0.4,low,base,base,4,9,13,7,3,1,1,1,0,1,18,32,0.0,0.53125,0.5789473684210527,0.46153846153846156,6,5,10,11,9,6,8,8,19,7,10,4,0.125,UL,0.8524051786494786,13,0,5,0,14,0.7222222222222222,0.0,0.2777777777777778,0.0,0.4375,UL,0.15625,0.0,0.0,0.0,2,dl,ur,ul,0,1,0,0,0
4,0,size7_comp0.4_grid0_base_low,7,0.4,low,base,base,4,9,13,7,3,1,1,1,0,1,24,32,0.0,0.53125,0.52,0.5714285714285714,9,7,8,8,9,7,8,7,19,7,2,5,0.15625,UL,1.2997367636952522,11,0,5,2,14,0.6111111111111112,0.0,0.2777777777777778,0.1111111111111111,0.4375,UL,0.09375,0.0,0.0,0.0,1,dl,ur,ul,0,1,0,0,0
5,0,size7_comp0.4_grid0_base_low,7,0.4,low,base,base,4,9,13,7,3,1,1,1,0,1,8,32,0.0,0.53125,0.6666666666666666,0.4782608695652174,6,6,5,15,13,6,5,7,21,5,4,9,0.28125,UL,1.383099991189334,10,0,3,4,15,0.5882352941176471,0.0,0.17647058823529413,0.23529411764705882,0.46875,UL,0.0625,0.0,0.0,0.0,1,dl,ur,ul,0,1,0,0,0
6,0,size7_comp0.4_grid0_base_low,7,0.4,low,base,base,4,9,13,7,3,1,1,1,0,1,27,32,0.0,0.4375,0.4642857142857143,0.25,8,6,11,7,6,6,9,10,22,8,1,8,0.25,DL,0.8453509366224364,6,0,16,0,10,0.2727272727272727,0.0,0.7272727272727273,0.0,0.3125,DL,0.03125,0.0,0.09375,0.0,2,dl,ur,ul,1,0,0,0,0
7,0,size7_comp0.4_grid0_base_low,7,0.4,low,base,base,4,9,13,7,3,1,1,1,0,1,28,32,0.0,0.46875,0.5172413793103449,0.0,9,7,7,9,10,7,10,4,16,3,0,5,0.15625,DL,1.4591479170272448,3,0,9,6,14,0.16666666666666666,0.0,0.5,0.3333333333333333,0.4375,DL,0.03125,0.0,0.0625,0.03125,2,dl,ur,ul,1,0,0,0,0
8,0,size7_comp0.4_grid0_base_low,7,0.4,low,base,base,4,9,13,7,3,1,1,1,0,1,25,32,0.0,0.40625,0.46153846153846156,0.16666666666666666,10,10,8,4,9,7,8,7,23,5,3,10,0.3125,UL,0.934068055375491,13,0,7,0,12,0.65,0.0,0.35,0.0,0.375,UL,0.09375,0.0,0.0,0.0,2,dl,ur,ul,0,1,0,0,0
9,0,size7_comp0.4_grid0_base_low,7,0.4,low,base,base,4,9,13,7,3,1,1,1,0,1,5,32,0.0,0.59375,0.8333333333333334,0.5384615384615384,10,8,5,9,5,15,6,5,18,3,2,3,0.09375,UL,1.3995812306460644,8,0,5,2,17,0.5333333333333333,0.0,0.3333333333333333,0.13333333333333333,0.53125,UL,0.0625,0.0,0.0,0.0,1,dl,ur,ul,0,1,0,0,0
0,1,size7_comp0.4_grid1_base_low,7,0.4,low,base,base,5,3,8,4,3,1,1,1,1,0,-1,4,0.0,0.75,0.75,0.0,3,0,1,0,1,1,1,0,0,0,0,0,0.0,DR,-0.0,0,0,0,2,2,0.0,0.0,0.0,1.0,0.5,,0.0,0.0,0.0,0.0,0,dr,midline,ur,1,0,0,0,0
1,1,size7_comp0.4_grid1_base_low,7,0.4,low,base,base,5,3,8,4,3,1,1,1,1,0,-1,16,0.0,0.5625,0.5625,0.0,5,2,5,4,1,5,8,1,6,1,0,0,0.0,DR,0.7219280948873623,0,0,1,4,11,0.0,0.0,0.2,0.8,0.6875,,0.0,0.0,0.0,0.0,0,dr,midline,ur,1,0,0,0,0
2,1,size7_comp0.4_grid1_base_low,7,0.4,low,base,base,5,3,8,4,3,1,1,1,0,0,-1,32,0.0,0.40625,0.40625,0.0,14,5,6,7,10,3,9,9,23,7,0,8,0.25,DR,1.3787834934861753,0,1,2,4,25,0.0,0.14285714285714285,0.2857142857142857,0.5714285714285714,0.78125,,0.0,0.0,0.0,0.0,0,dr,midline,ur,1,0,0,0,0
3,1,size7_comp0.4_grid1_base_low,7,0.4,low,base,base,5,3,8,4,3,1,1,1,1,1,10,23,0.34782608695652173,0.5652173913043478,0.6363636363636364,0.5,11,5,5,2,6,5,5,6,15,4,3,5,0.21739130434782608,UR,0.9798687566511528,0,7,0,5,11,0.0,0.5833333333333334,0.0,0.4166666666666667,0.4782608695652174,UR,0.0,0.08695652173913043,0.0,0.0,1,dr,midline,ur,0,1,0,0,0
4,1,size7_comp0.4_grid1_base_low,7,0.4,low,base,base,5,3,8,4,3,1,1,1,0,0,-1,32,0.0,0.34375,0.34375,0.0,13,4,9,6,11,3,8,9,23,6,0,10,0.3125,DR,0.9910760598382222,0,0,4,5,23,0.0,0.0,0.4444444444444444,0.5555555555555556,0.71875,,0.0,0.0,0.0,0.0,0,dr,midline,ur,1,0,0,0,0
5,1,size7_comp0.4_grid1_base_low,7,0.4,low,base,base,5,3,8,4,3,1,1,1,1,1,16,24,0.3333333333333333,0.5416666666666666,0.5882352941176471,0.42857142857142855,6,6,6,6,8,8,4,3,11,3,1,6,0.25,UR,1.5461796919474975,0,7,4,5,8,0.0,0.4375,0.25,0.3125,0.3333333333333333,UR,0.0,0.08333333333333333,0.0,0.0,2,dr,midline,ur,0,1,0,0,0
6,1,size7_comp0.4_grid1_base_low,7,0.4,low,base,base,5,3,8,4,3,1,1,1,1,1,6,32,0.25,0.5625,0.8571428571428571,0.48,10,8,8,6,14,4,6,7,21,7,7,4,0.125,UR,1.1254908068679137,2,15,0,4,11,0.09523809523809523,0.7142857142857143,0.0,0.19047619047619047,0.34375,UR,0.0,0.15625,0.0,0.0,2,dr,midline,ur,0,1,0,0,0
7,1,size7_comp0.4_grid1_base_low,7,0.4,low,base,base,5,3,8,4,3,1,1,1,1,0,-1,14,0.0,0.5,0.5,0.0,5,2,4,3,2,5,3,3,7,2,0,2,0.14285714285714285,DL,0.9709505944546686,0,0,3,2,9,0.0,0.0,0.6,0.4,0.6428571428571429,,0.0,0.0,0.0,0.0,0,dr,midline,ur,0,0,0,0,0
8,1,size7_comp0.4_grid1_base_low,7,0.4,low,base,base,5,3,8,4,3,1,1,1,1,0,-1,12,0.0,0.5833333333333334,0.5833333333333334,0.0,5,2,3,2,1,2,2,6,7,6,0,0,0.0,DR,-0.0,0,0,0,6,6,0.0,0.0,0.0,1.0,0.5,,0.0,0.0,0.0,0.0,0,dr,midline,ur,1,0,0,0,0
9,1,size7_comp0.4_grid1_base_low,7,0.4,low,base,base,5,3,8,4,3,1,1,1,0,0,-1,32,0.0,0.46875,0.46875,0.0,7,2,11,11,7,4,9,9,23,9,0,3,0.09375,DR,0.9182958340544896,0,0,1,2,29,0.0,0.0,0.3333333333333333,0.6666666666666666,0.90625,,0.0,0.0,0.0,0.0,0,dr,midline,ur,1,0,0,0,0
0,2,size7_comp0.4_grid2_base_low,7,0.4,low,base,base,4,7,11,7,3,1,1,1,1,1,23,32,0.34375,0.59375,0.5,0.875,10,8,10,4,8,9,9,5,18,4,2,5,0.15625,DR,1.6894822670191825,1,5,2,7,17,0.06666666666666667,0.3333333333333333,0.13333333333333333,0.4666666666666667,0.53125,UR,0.0,0.03125,0.0,0.0,1,ur,ul,dr,0,1,0,0,0
1,2,size7_comp0.4_grid2_base_low,7,0.4,low,base,base,4,7,11,7,3,1,1,1,0,0,-1,32,0.0,0.21875,0.21875,0.0,12,5,11,4,6,12,6,7,27,4,0,18,0.5625,UR,-0.0,0,27,0,0,5,0.0,1.0,0.0,0.0,0.15625,UR,0.0,0.5625,0.0,0.0,18,ur,ul,dr,1,0,0,0,0
2,2,size7_comp0.4_grid2_base_low,7,0.4,low,base,base,4,7,11,7,3,1,1,1,0,1,24,32,0.0,0.53125,0.52,0.5714285714285714,8,8,9,7,8,7,6,10,23,8,1,4,0.125,UR,0.5032583347756457,0,8,0,1,23,0.0,0.8888888888888888,0.0,0.1111111111111111,0.71875,,0.0,0.0,0.0,0.0,0,ur,ul,dr,1,0,0,0,0
3,2,size7_comp0.4_grid2_base_low,7,0.4,low,base,base,4,7,11,7,3,1,1,1,0,1,23,32,0.0,0.59375,0.5833333333333334,0.625,11,9,8,4,7,9,6,9,20,9,2,3,0.09375,UR,1.4355205042826666,0,5,2,2,23,0.0,0.5555555555555556,0.2222222222222222,0.2222222222222222,0.71875,UR,0.0,0.03125,0.0,0.0,1,ur,ul,dr,1,0,0,0,0
4,2,size7_comp0.4_grid2_base_low,7,0.4,low,base,base,4,7,11,7,3,1,1,1,0,1,9,32,0.0,0.5,0.6,0.45454545454545453,8,7,10,7,6,7,10,8,20,7,3,5,0.15625,UR,0.7642045065086203,0,7,0,2,23,0.0,0.7777777777777778,0.0,0.2222222222222222,0.71875,UR,0.0,0.0625,0.0,0.0,2,ur,ul,dr,1,0,0,0,0
5,2,size7_comp0.4_grid2_base_low,7,0.4,low,base,base,4,7,11,7,3,1,1,1,0,0,-1,32,0.0,0.40625,0.40625,0.0,6,7,10,9,3,10,7,11,25,8,0,6,0.1875,UR,-0.0,0,16,0,0,16,0.0,1.0,0.0,0.0,0.5,UR,0.0,0.09375,0.0,0.0,3,ur,ul,dr,1,0,0,0,0
6,2,size7_comp0.4_grid2_base_low,7,0.4,low,base,base,4,7,11,7,3,1,1,1,0,0,-1,32,0.0,0.4375,0.4375,0.0,9,6,10,7,9,6,6,10,23,9,0,5,0.15625,UR,0.9709505944546686,0,3,2,0,27,0.0,0.6,0.4,0.0,0.84375,,0.0,0.0,0.0,0.0,0,ur,ul,dr,1,0,0,0,0
7,2,size7_comp0.4_grid2_base_low,7,0.4,low,base,base,4,7,11,7,3,1,1,1,0,0,-1,32,0.0,0.40625,0.40625,0.0,7,9,6,9,6,10,4,9,25,9,0,6,0.1875,UR,0.9182958340544896,0,10,0,5,17,0.0,0.6666666666666666,0.0,0.3333333333333333,0.53125,DR,0.0,0.0,0.0,0.03125,1,ur,ul,dr,1,0,0,0,0
8,2,size7_comp0.4_grid2_base_low,7,0.4,low,base,base,4,7,11,7,3,1,1,1,0,0,-1,32,0.0,0.3125,0.3125,0.0,9,7,6,10,5,12,4,10,24,6,0,12,0.375,UR,-0.0,0,18,0,0,14,0.0,1.0,0.0,0.0,0.4375,UR,0.0,0.09375,0.0,0.0,1,ur,ul,dr,1,0,0,0,0
9,2,size7_comp0.4_grid2_base_low,7,0.4,low,base,base,4,7,11,7,3,1,1,1,0,0,-1,32,0.0,0.34375,0.34375,0.0,9,11,9,3,6,10,5,10,25,6,0,10,0.3125,UR,-0.0,0,20,0,0,12,0.0,1.0,0.0,0.0,0.375,UR,0.0,0.28125,0.0,0.0,4,ur,ul,dr,1,0,0,0,0
0,3,size7_comp0.4_grid3_base_low,7,0.4,low,base,base,4,5,9,5,2,1,1,1,0,0,-1,32,0.0,0.40625,0.40625,0.0,8,10,4,10,8,7,10,6,25,5,0,8,0.25,UR,-0.0,0,21,0,0,11,0.0,1.0,0.0,0.0,0.34375,UR,0.0,0.15625,0.0,0.0,2,ur,midline,dr,1,0,0,0,0
1,3,size7_comp0.4_grid3_base_low,7,0.4,low,base,base,4,5,9,5,2,1,1,1,0,1,24,32,0.0,0.40625,0.4,0.42857142857142855,10,9,7,6,7,8,6,10,25,6,2,11,0.34375,UR,0.4262286569981449,0,21,0,2,9,0.0,0.9130434782608695,0.0,0.08695652173913043,0.28125,UR,0.0,0.15625,0.0,0.0,4,ur,midline,dr,1,0,0,0,0
2,3,size7_comp0.4_grid3_base_low,7,0.4,low,base,base,4,5,9,5,2,1,1,1,0,0,-1,32,0.0,0.4375,0.4375,0.0,5,6,11,10,4,9,7,11,23,10,0,4,0.125,UR,0.3095434291503252,1,17,0,0,14,0.05555555555555555,0.9444444444444444,0.0,0.0,0.4375,UR,0.0,0.09375,0.0,0.0,1,ur,midline,dr,1,0,0,0,0
3,3,size7_comp0.4_grid3_base_low,7,0.4,low,base,base,4,5,9,5,2,1,1,1,1,0,-1,16,0.0,0.375,0.375,0.0,4,6,4,2,4,8,1,2,8,1,0,3,0.1875,UR,0.9852281360342515,0,4,3,0,9,0.0,0.5714285714285714,0.42857142857142855,0.0,0.5625,,0.0,0.0,0.0,0.0,0,ur,midline,dr,1,0,0,0,0
4,3,size7_comp0.4_grid3_base_low,7,0.4,low,base,base,4,5,9,5,2,1,1,1,1,1,6,17,0.5294117647058824,0.7058823529411765,0.7142857142857143,0.7,2,4,7,4,5,4,3,4,8,4,1,2,0.11764705882352941,UR,0.6500224216483541,0,5,0,1,11,0.0,0.8333333333333334,0.0,0.16666666666666666,0.6470588235294118,,0.0,0.0,0.0,0.0,0,ur,midline,dr,1,0,0,0,0
5,3,size7_comp0.4_grid3_base_low,7,0.4,low,base,base,4,5,9,5,2,1,1,1,1,0,-1,7,0.0,0.2857142857142857,0.2857142857142857,0.0,1,2,4,0,2,1,2,1,2,0,0,2,0.2857142857142857,UR,-0.0,0,4,0,0,3,0.0,1.0,0.0,0.0,0.42857142857142855,,0.0,0.0,0.0,0.0,0,ur,midline,dr,1,0,0,0,0
6,3,size7_comp0.4_grid3_base_low,7,0.4,low,base,base,4,5,9,5,2,1,1,1,0,0,-1,32,0.0,0.4375,0.4375,0.0,7,6,9,10,12,6,4,9,23,7,0,6,0.1875,UR,-0.0,0,18,0,0,14,0.0,1.0,0.0,0.0,0.4375,UR,0.0,0.1875,0.0,0.0,5,ur,midline,dr,1,0,0,0,0
7,3,size7_comp0.4_grid3_base_low,7,0.4,low,base,base,4,5,9,5,2,1,1,1,0,1,25,32,0.0,0.28125,0.2692307692307692,0.3333333333333333,17,3,4,8,13,9,3,6,27,5,1,18,0.5625,UR,0.21084230031853213,0,29,0,1,2,0.0,0.9666666666666667,0.0,0.03333333333333333,0.0625,UR,0.0,0.65625,0.0,0.0,8,ur,midline,dr,1,0,0,0,0
8,3,size7_comp0.4_grid3_base_low,7,0.4,low,base,base,4,5,9,5,2,1,1,1,0,0,-1,32,0.0,0.375,0.375,0.0,10,4,7,11,4,10,7,10,27,10,0,10,0.3125,UR,-0.0,0,30,0,0,2,0.0,1.0,0.0,0.0,0.0625,UR,0.0,0.34375,0.0,0.0,4,ur,midline,dr,1,0,0,0,0
9,3,size7_comp0.4_grid3_base_low,7,0.4,low,base,base,4,5,9,5,2,1,1,1,0,0,-1,32,0.0,0.46875,0.46875,0.0,10,11,4,7,9,5,8,9,22,8,0,6,0.1875,UR,0.9494520153879484,0,12,7,0,13,0.0,0.631578947368421,0.3684210526315789,0.0,0.40625,UR,0.0,0.09375,0.0,0.0,2,ur,midline,dr,1,0,0,0,0
0,4,size7_comp0.4_grid4_base_low,7,0.4,low,base,base,4,3,7,7,0,1,1,1,0,1,25,32,0.0,0.375,0.4230769230769231,0.16666666666666666,7,8,10,7,11,9,4,7,23,4,1,8,0.25,DL,-0.0,0,0,15,0,17,0.0,0.0,1.0,0.0,0.53125,DL,0.0,0.0,0.21875,0.0,4,dl,ur,midline,1,0,0,0,0
1,4,size7_comp0.4_grid4_base_low,7,0.4,low,base,base,4,3,7,7,0,1,1,1,0,0,-1,32,0.0,0.375,0.375,0.0,8,8,11,5,8,9,3,11,25,8,0,9,0.28125,DL,0.9043814577244937,8,0,17,0,7,0.32,0.0,0.68,0.0,0.21875,DL,0.0,0.0,0.1875,0.0,2,dl,ur,midline,1,0,0,0,0
2,4,size7_comp0.4_grid4_base_low,7,0.4,low,base,base,4,3,7,7,0,1,1,1,0,1,24,32,0.0,0.40625,0.44,0.2857142857142857,8,6,9,9,2,10,12,7,21,4,4,8,0.25,UL,1.0,8,0,8,0,16,0.5,0.0,0.5,0.0,0.5,DL,0.03125,0.0,0.0625,0.0,2,dl,ur,midline,0,0,0,0,0
3,4,size7_comp0.4_grid4_base_low,7,0.4,low,base,base,4,3,7,7,0,1,1,1,0,1,20,32,0.0,0.4375,0.5238095238095238,0.2727272727272727,7,8,9,8,8,10,5,8,21,7,2,3,0.09375,UL,0.7219280948873623,12,0,3,0,17,0.8,0.0,0.2,0.0,0.53125,UL,0.03125,0.0,0.0,0.0,1,dl,ur,midline,0,0,0,0,0
4,4,size7_comp0.4_grid4_base_low,7,0.4,low,base,base,4,3,7,7,0,1,1,1,1,1,25,29,0.2413793103448276,0.5517241379310345,0.5,1.0,8,4,8,9,9,3,4,12,20,11,0,4,0.13793103448275862,DL,1.4591479170272448,2,1,3,0,23,0.3333333333333333,0.16666666666666666,0.5,0.0,0.7931034482758621,,0.0,0.0,0.0,0.0,0,dl,ur,midline,1,0,0,0,0
5,4,size7_comp0.4_grid4_base_low,7,0.4,low,base,base,4,3,7,7,0,1,1,1,0,1,22,32,0.0,0.375,0.43478260869565216,0.2222222222222222,10,6,6,10,6,10,9,6,21,3,4,11,0.34375,UL,0.7871265862012691,13,0,4,0,15,0.7647058823529411,0.0,0.23529411764705882,0.0,0.46875,UL,0.03125,0.0,0.0,0.0,1,dl,ur,midline,0,0,0,0,0
6,4,size7_comp0.4_grid4_base_low,7,0.4,low,base,base,4,3,7,7,0,1,1,1,0,1,25,32,0.0,0.4375,0.46153846153846156,0.3333333333333333,5,6,10,11,7,4,7,13,23,8,1,6,0.1875,UL,0.8904916402194913,9,0,4,0,19,0.6923076923076923,0.0,0.3076923076923077,0.0,0.59375,DL,0.0,0.0,0.0625,0.0,2,dl,ur,midline,0,0,0,0,0
7,4,size7_comp0.4_grid4_base_low,7,0.4,low,base,base,4,3,7,7,0,1,1,1,0,0,-1,32,0.0,0.40625,0.40625,0.0,7,8,8,9,5,6,10,10,23,9,0,6,0.1875,UL,0.5225593745369408,15,0,2,0,15,0.8823529411764706,0.0,0.11764705882352941,0.0,0.46875,UL,0.0625,0.0,0.0,0.0,1,dl,ur,midline,0,0,0,0,0
8,4,size7_comp0.4_grid4_base_low,7,0.4,low,base,base,4,3,7,7,0,1,1,1,0,1,15,32,0.0,0.40625,0.5,0.3125,7,7,7,11,7,6,9,9,23,7,5,8,0.25,DL,0.5032583347756457,1,0,8,0,23,0.1111111111111111,0.0,0.8888888888888888,0.0,0.71875,DL,0.0,0.0,0.0625,0.0,2,dl,ur,midline,1,0,0,0,0
9,4,size7_comp0.4_grid4_base_low,7,0.4,low,base,base,4,3,7,7,0,1,1,1,1,1,27,31,0.22580645161290322,0.5483870967741935,0.5,1.0,9,6,6,10,8,6,9,7,20,6,0,4,0.12903225806451613,UL,0.7742433029172697,16,1,2,0,12,0.8421052631578947,0.05263157894736842,0.10526315789473684,0.0,0.3870967741935484,,0.0,0.0,0.0,0.0,0,dl,ur,midline,0,0,0,0,0
0,5,size7_comp0.4_grid5_base_low,7,0.4,low,base,base,3,4,7,5,1,1,1,1,0,1,26,32,0.0,0.375,0.37037037037037035,0.4,14,2,9,7,6,11,9,5,23,5,3,11,0.34375,UR,1.0,0,5,0,5,22,0.0,0.5,0.0,0.5,0.6875,UR,0.0,0.0625,0.0,0.0625,2,dr,midline,ur,0,1,0,0,0
1,5,size7_comp0.4_grid5_base_low,7,0.4,low,base,base,3,4,7,5,1,1,1,1,1,0,-1,21,0.0,0.38095238095238093,0.38095238095238093,0.0,6,4,7,4,5,5,7,3,13,3,0,4,0.19047619047619047,DR,0.9709505944546686,0,2,0,3,16,0.0,0.4,0.0,0.6,0.7619047619047619,DR,0.0,0.0,0.0,0.09523809523809523,2,dr,midline,ur,1,0,0,0,0
2,5,size7_comp0.4_grid5_base_low,7,0.4,low,base,base,3,4,7,5,1,1,1,1,1,1,3,15,0.4666666666666667,0.6,0.75,0.5454545454545454,5,4,6,0,4,6,3,1,6,1,4,4,0.26666666666666666,UR,1.2406705316766884,1,7,0,3,4,0.09090909090909091,0.6363636363636364,0.0,0.2727272727272727,0.26666666666666666,DR,0.0,0.06666666666666667,0.0,0.13333333333333333,2,dr,midline,ur,0,1,0,0,0
3,5,size7_comp0.4_grid5_base_low,7,0.4,low,base,base,3,4,7,5,1,1,1,1,1,0,-1,19,0.0,0.3684210526315789,0.3684210526315789,0.0,5,2,9,3,6,6,3,3,8,3,0,4,0.21052631578947367,UL,0.9910760598382222,5,0,0,4,10,0.5555555555555556,0.0,0.0,0.4444444444444444,0.5263157894736842,DR,0.10526315789473684,0.0,0.0,0.15789473684210525,3,dr,midline,ur,0,0,0,0,0
4,5,size7_comp0.4_grid5_base_low,7,0.4,low,base,base,3,4,7,5,1,1,1,1,1,0,-1,9,0.0,0.4444444444444444,0.4444444444444444,0.0,3,1,4,1,3,2,1,2,3,2,0,0,0.0,DR,-0.0,0,0,0,5,4,0.0,0.0,0.0,1.0,0.4444444444444444,DR,0.0,0.0,0.0,0.1111111111111111,1,dr,midline,ur,1,0,0,0,0
5,5,size7_comp0.4_grid5_base_low,7,0.4,low,base,base,3,4,7,5,1,1,1,1,1,0,-1,20,0.0,0.4,0.4,0.0,8,3,6,3,3,6,4,6,11,5,0,3,0.15,DR,0.7219280948873623,1,0,0,4,15,0.2,0.0,0.0,0.8,0.75,DR,0.0,0.0,0.0,0.05,1,dr,midline,ur,1,0,0,0,0
6,5,size7_comp0.4_grid5_base_low,7,0.4,low,base,base,3,4,7,5,1,1,1,1,1,0,-1,15,0.0,0.4666666666666667,0.4666666666666667,0.0,4,2,6,3,4,4,3,3,3,3,0,0,0.0,UL,1.4056390622295665,4,1,0,3,7,0.5,0.125,0.0,0.375,0.4666666666666667,DR,0.0,0.0,0.0,0.06666666666666667,1,dr,midline,ur,0,0,0,0,0
7,5,size7_comp0.4_grid5_base_low,7,0.4,low,base,base,3,4,7,5,1,1,1,1,1,0,-1,6,0.0,0.3333333333333333,0.3333333333333333,0.0,2,0,4,0,2,2,1,0,1,0,0,1,0.16666666666666666,DR,-0.0,0,0,0,3,3,0.0,0.0,0.0,1.0,0.5,DR,0.0,0.0,0.0,0.16666666666666666,1,dr,midline,ur,1,0,0,0,0
8,5,size7_comp0.4_grid5_base_low,7,0.4,low,base,base,3,4,7,5,1,1,1,1,0,1,9,32,0.0,0.53125,0.6,0.5,9,4,11,8,6,8,10,7,18,5,2,3,0.09375,UL,1.5394910703001345,9,6,0,5,12,0.45,0.3,0.0,0.25,0.375,UR,0.0,0.03125,0.0,0.03125,1,dr,midline,ur,0,0,0,0,0
9,5,size7_comp0.4_grid5_base_low,7,0.4,low,base,base,3,4,7,5,1,1,1,1,1,0,-1,11,0.0,0.2727272727272727,0.2727272727272727,0.0,6,1,3,1,3,2,5,0,5,0,0,4,0.36363636363636365,DR,-0.0,0,0,0,3,8,0.0,0.0,0.0,1.0,0.7272727272727273,DR,0.0,0.0,0.0,0.09090909090909091,1,dr,midline,ur,1,0,0,0,0
0,6,size7_comp0.4_grid6_base_low,7,0.4,low,base,base,4,5,9,7,1,1,1,1,0,1,24,32,0.0,0.40625,0.4,0.42857142857142855,12,9,7,4,12,8,4,7,22,4,1,9,0.28125,UR,0.2761954276479391,1,20,0,0,11,0.047619047619047616,0.9523809523809523,0.0,0.0,0.34375,UR,0.0,0.34375,0.0,0.0,4,ur,dl,ul,1,0,0,0,0
1,6,size7_comp0.4_grid6_base_low,7,0.4,low,base,base,4,5,9,7,1,1,1,1,0,1,19,32,0.0,0.4375,0.45,0.4166666666666667,7,6,8,11,6,10,7,8,23,7,3,7,0.21875,UR,0.9798687566511528,5,7,0,0,20,0.4166666666666667,0.5833333333333334,0.0,0.0,0.625,UR,0.0,0.09375,0.0,0.0,3,ur,dl,ul,1,0,0,0,0
2,6,size7_comp0.4_grid6_base_low,7,0.4,low,base,base,4,5,9,7,1,1,1,1,0,0,-1,32,0.0,0.1875,0.1875,0.0,17,4,7,4,13,6,8,4,27,1,0,21,0.65625,UR,-0.0,0,27,0,0,5,0.0,1.0,0.0,0.0,0.15625,UR,0.0,0.6875,0.0,0.0,17,ur,dl,ul,1,0,0,0,0
3,6,size7_comp0.4_grid6_base_low,7,0.4,low,base,base,4,5,9,7,1,1,1,1,0,1,29,32,0.0,0.46875,0.4666666666666667,0.5,8,7,10,7,5,12,5,9,23,7,1,7,0.21875,UR,0.8112781244591328,5,15,0,0,12,0.25,0.75,0.0,0.0,0.375,UR,0.0,0.1875,0.0,0.0,5,ur,dl,ul,1,0,0,0,0
4,6,size7_comp0.4_grid6_base_low,7,0.4,low,base,base,4,5,9,7,1,1,1,1,0,1,10,32,0.0,0.40625,0.45454545454545453,0.38095238095238093,11,6,8,7,7,7,6,11,24,7,1,8,0.25,UR,0.2580186686648155,1,22,0,0,9,0.043478260869565216,0.9565217391304348,0.0,0.0,0.28125,UR,0.0,0.3125,0.0,0.0,5,ur,dl,ul,1,0,0,0,0
5,6,size7_comp0.4_grid6_base_low,7,0.4,low,base,base,4,5,9,7,1,1,1,1,0,1,21,32,0.0,0.4375,0.4090909090909091,0.5,9,6,10,7,11,7,7,6,24,3,4,10,0.3125,UR,0.6098403047164004,3,17,0,0,12,0.15,0.85,0.0,0.0,0.375,UR,0.0,0.21875,0.0,0.0,4,ur,dl,ul,1,0,0,0,0
6,6,size7_comp0.4_grid6_base_low,7,0.4,low,base,base,4,5,9,7,1,1,1,1,0,1,26,32,0.0,0.40625,0.4074074074074074,0.4,5,9,12,6,7,9,7,8,21,6,3,11,0.34375,UR,1.5461796919474975,5,7,0,4,16,0.3125,0.4375,0.0,0.25,0.5,UR,0.0,0.15625,0.0,0.0,5,ur,dl,ul,1,0,0,0,0
7,6,size7_comp0.4_grid6_base_low,7,0.4,low,base,base,4,5,9,7,1,1,1,1,0,0,-1,32,0.0,0.21875,0.21875,0.0,14,7,6,5,10,4,4,13,28,6,0,18,0.5625,UR,0.35335933502142136,0,28,0,2,2,0.0,0.9333333333333333,0.0,0.06666666666666667,0.0625,UR,0.0,0.6875,0.0,0.0,8,ur,dl,ul,1,0,0,0,0
8,6,size7_comp0.4_grid6_base_low,7,0.4,low,base,base,4,5,9,7,1,1,1,1,0,1,9,32,0.0,0.5,0.7,0.4090909090909091,6,8,8,10,3,7,12,9,22,8,1,3,0.09375,UR,0.39124356362925566,1,12,0,0,19,0.07692307692307693,0.9230769230769231,0.0,0.0,0.59375,UR,0.0,0.03125,0.0,0.0,1,ur,dl,ul,1,0,0,0,0
9,6,size7_comp0.4_grid6_base_low,7,0.4,low,base,base,4,5,9,7,1,1,1,1,0,1,19,32,0.0,0.46875,0.5,0.4166666666666667,7,9,8,8,4,12,14,1,22,0,4,7,0.21875,UR,0.8366407419411672,4,11,0,0,17,0.26666666666666666,0.7333333333333333,0.0,0.0,0.53125,UR,0.0,0.125,0.0,0.0,2,ur,dl,ul,1,0,0,0,0
0,7,size7_comp0.4_grid7_base_low,7,0.4,low,base,base,5,3,8,8,0,1,1,1,0,0,-1,32,0.0,0.375,0.375,0.0,10,6,9,7,5,8,7,11,24,9,0,7,0.21875,DL,1.1254908068679137,2,0,15,4,11,0.09523809523809523,0.0,0.7142857142857143,0.19047619047619047,0.34375,DL,0.0,0.0,0.125,0.0,2,dr,ul,ur,0,0,0,0,0
1,7,size7_comp0.4_grid7_base_low,7,0.4,low,base,base,5,3,8,8,0,1,1,1,1,1,10,14,0.5714285714285714,0.7142857142857143,0.6363636363636364,1.0,4,1,5,4,2,7,3,1,4,1,1,2,0.14285714285714285,UR,0.9910760598382222,0,5,0,4,5,0.0,0.5555555555555556,0.0,0.4444444444444444,0.35714285714285715,UR,0.0,0.07142857142857142,0.0,0.07142857142857142,1,dr,ul,ur,0,1,0,0,0
2,7,size7_comp0.4_grid7_base_low,7,0.4,low,base,base,5,3,8,8,0,1,1,1,0,0,-1,32,0.0,0.28125,0.28125,0.0,13,3,9,7,6,10,9,6,25,5,0,13,0.40625,DL,0.9123163027543336,1,0,18,4,9,0.043478260869565216,0.0,0.782608695652174,0.17391304347826086,0.28125,,0.0,0.0,0.0,0.0,0,dr,ul,ur,0,0,0,0,0
3,7,size7_comp0.4_grid7_base_low,7,0.4,low,base,base,5,3,8,8,0,1,1,1,1,1,14,28,0.2857142857142857,0.4642857142857143,0.4666666666666667,0.46153846153846156,12,3,7,6,5,12,5,5,18,3,3,10,0.35714285714285715,UR,0.998363672593813,0,11,0,10,7,0.0,0.5238095238095238,0.0,0.47619047619047616,0.25,UR,0.0,0.14285714285714285,0.0,0.07142857142857142,4,dr,ul,ur,0,1,0,0,0
4,7,size7_comp0.4_grid7_base_low,7,0.4,low,base,base,5,3,8,8,0,1,1,1,1,0,-1,27,0.0,0.37037037037037035,0.37037037037037035,0.0,15,2,6,4,8,5,8,5,18,5,0,9,0.3333333333333333,DL,1.4806821149663847,3,0,8,7,9,0.16666666666666666,0.0,0.4444444444444444,0.3888888888888889,0.3333333333333333,UL,0.07407407407407407,0.0,0.037037037037037035,0.0,2,dr,ul,ur,0,0,0,0,0
5,7,size7_comp0.4_grid7_base_low,7,0.4,low,base,base,5,3,8,8,0,1,1,1,1,0,-1,32,0.0,0.375,0.375,0.0,10,2,11,9,7,5,11,8,23,7,0,10,0.3125,DL,1.2607717938967942,2,0,11,4,15,0.11764705882352941,0.0,0.6470588235294118,0.23529411764705882,0.46875,UL,0.03125,0.0,0.03125,0.0,1,dr,ul,ur,0,0,0,0,0
6,7,size7_comp0.4_grid7_base_low,7,0.4,low,base,base,5,3,8,8,0,1,1,1,0,0,-1,32,0.0,0.3125,0.3125,0.0,11,4,11,6,8,9,4,10,24,6,0,11,0.34375,DL,0.6583514224564075,2,0,21,1,8,0.08333333333333333,0.0,0.875,0.041666666666666664,0.25,DL,0.0,0.0,0.09375,0.0,3,dr,ul,ur,0,0,0,0,0
7,7,size7_comp0.4_grid7_base_low,7,0.4,low,base,base,5,3,8,8,0,1,1,1,0,0,-1,32,0.0,0.40625,0.40625,0.0,15,4,8,5,10,5,10,6,23,5,0,9,0.28125,DR,0.964078764808229,0,7,0,11,14,0.0,0.3888888888888889,0.0,0.6111111111111112,0.4375,DR,0.0,0.0,0.0,0.09375,1,dr,ul,ur,1,0,0,0,0
8,7,size7_comp0.4_grid7_base_low,7,0.4,low,base,base,5,3,8,8,0,1,1,1,1,0,-1,30,0.0,0.3,0.3,0.0,15,0,8,7,6,10,7,6,22,4,0,14,0.4666666666666667,DL,1.4591479170272448,2,0,6,4,18,0.16666666666666666,0.0,0.5,0.3333333333333333,0.6,UL,0.03333333333333333,0.0,0.0,0.0,1,dr,ul,ur,0,0,0,0,0
9,7,size7_comp0.4_grid7_base_low,7,0.4,low,base,base,5,3,8,8,0,1,1,1,1,1,6,15,0.5333333333333333,0.7333333333333333,0.8571428571428571,0.625,7,2,4,2,8,4,0,2,4,2,0,1,0.06666666666666667,DR,0.9852281360342515,0,3,0,4,8,0.0,0.42857142857142855,0.0,0.5714285714285714,0.5333333333333333,UR,0.0,0.06666666666666667,0.0,0.06666666666666667,1,dr,ul,ur,1,0,0,0,0
0,8,size7_comp0.4_grid8_base_low,7,0.4,low,base,base,6,3,9,3,3,1,1,1,1,0,-1,6,0.0,0.6666666666666666,0.6666666666666666,0.0,2,0,3,1,2,2,0,1,2,1,0,1,0.16666666666666666,DR,0.8112781244591328,0,0,1,3,2,0.0,0.0,0.25,0.75,0.3333333333333333,DR,0.0,0.0,0.0,0.3333333333333333,2,dr,midline,midline,1,0,0,0,0
1,8,size7_comp0.4_grid8_base_low,7,0.4,low,base,base,6,3,9,3,3,1,1,1,0,1,26,32,0.0,0.25,0.2222222222222222,0.4,24,1,4,3,21,3,6,1,22,0,0,22,0.6875,DR,1.0377724203178629,1,0,7,19,5,0.037037037037037035,0.0,0.25925925925925924,0.7037037037037037,0.15625,DR,0.0,0.0,0.03125,0.15625,5,dr,midline,midline,1,0,0,0,0
2,8,size7_comp0.4_grid8_base_low,7,0.4,low,base,base,6,3,9,3,3,1,1,1,1,0,-1,9,0.0,0.4444444444444444,0.4444444444444444,0.0,5,0,3,1,1,4,2,1,6,1,0,4,0.4444444444444444,DR,-0.0,0,0,0,7,2,0.0,0.0,0.0,1.0,0.2222222222222222,DR,0.0,0.0,0.0,0.2222222222222222,2,dr,midline,midline,1,0,0,0,0
3,8,size7_comp0.4_grid8_base_low,7,0.4,low,base,base,6,3,9,3,3,1,1,1,1,0,-1,6,0.0,0.5,0.5,0.0,3,0,2,1,2,0,2,1,3,0,0,3,0.5,DR,-0.0,0,0,0,5,1,0.0,0.0,0.0,1.0,0.16666666666666666,DR,0.0,0.0,0.0,0.6666666666666666,4,dr,midline,midline,1,0,0,0,0
4,8,size7_comp0.4_grid8_base_low,7,0.4,low,base,base,6,3,9,3,3,1,1,1,1,1,9,15,0.6,0.7333333333333333,0.7,0.8,5,4,4,2,6,3,2,3,8,2,1,2,0.13333333333333333,DL,0.8112781244591328,0,0,9,3,3,0.0,0.0,0.75,0.25,0.2,DL,0.0,0.0,0.26666666666666666,0.06666666666666667,2,dr,midline,midline,0,0,0,0,0
5,8,size7_comp0.4_grid8_base_low,7,0.4,low,base,base,6,3,9,3,3,1,1,1,1,1,6,15,0.6,0.7333333333333333,0.8571428571428571,0.625,2,3,6,4,7,3,2,2,4,1,0,2,0.13333333333333333,DL,0.9182958340544896,0,0,4,2,9,0.0,0.0,0.6666666666666666,0.3333333333333333,0.6,DL,0.0,0.0,0.13333333333333333,0.06666666666666667,2,dr,midline,midline,0,0,0,0,0
6,8,size7_comp0.4_grid8_base_low,7,0.4,low,base,base,6,3,9,3,3,1,1,1,0,0,-1,32,0.0,0.28125,0.28125,0.0,14,0,13,5,15,8,4,4,27,3,0,18,0.5625,DL,0.9575534837147482,0,0,18,11,3,0.0,0.0,0.6206896551724138,0.3793103448275862,0.09375,DL,0.0,0.0,0.1875,0.15625,4,dr,midline,midline,0,0,0,0,0
7,8,size7_comp0.4_grid8_base_low,7,0.4,low,base,base,6,3,9,3,3,1,1,1,0,0,-1,32,0.0,0.28125,0.28125,0.0,15,0,11,6,17,5,5,4,27,3,0,17,0.53125,DL,0.9910760598382222,0,0,15,12,5,0.0,0.0,0.5555555555555556,0.4444444444444444,0.15625,DR,0.0,0.0,0.09375,0.21875,5,dr,midline,midline,0,0,0,0,0
8,8,size7_comp0.4_grid8_base_low,7,0.4,low,base,base,6,3,9,3,3,1,1,1,1,1,11,27,0.3333333333333333,0.5925925925925926,0.5833333333333334,0.6,6,5,9,7,6,7,8,5,12,3,0,4,0.14814814814814814,DL,1.3792804872910602,0,6,9,2,10,0.0,0.35294117647058826,0.5294117647058824,0.11764705882352941,0.37037037037037035,DL,0.0,0.037037037037037035,0.1111111111111111,0.037037037037037035,2,dr,midline,midline,0,0,0,0,0
9,8,size7_comp0.4_grid8_base_low,7,0.4,low,base,base,6,3,9,3,3,1,1,1,1,1,17,31,0.2903225806451613,0.5806451612903226,0.5555555555555556,0.6153846153846154,7,5,12,7,9,6,5,10,19,10,0,4,0.12903225806451613,DL,1.5534845018187062,3,2,13,3,10,0.14285714285714285,0.09523809523809523,0.6190476190476191,0.14285714285714285,0.3225806451612903,DL,0.0,0.0,0.1935483870967742,0.03225806451612903,3,dr,midline,midline,0,0,0,0,0
0,9,size7_comp0.4_grid9_base_low,7,0.4,low,base,base,6,4,10,6,3,1,1,1,0,1,26,32,0.0,0.46875,0.48148148148148145,0.4,10,2,13,7,14,4,6,7,20,6,2,9,0.28125,DR,1.8732214356139145,5,3,3,8,13,0.2631578947368421,0.15789473684210525,0.15789473684210525,0.42105263157894735,0.40625,UL,0.0625,0.0,0.03125,0.0,2,dr,dl,ul,1,0,0,0,0
1,9,size7_comp0.4_grid9_base_low,7,0.4,low,base,base,6,4,10,6,3,1,1,1,1,1,19,30,0.3333333333333333,0.6,0.6,0.6,8,9,9,4,11,4,9,5,16,5,2,4,0.13333333333333333,UL,1.278897902987479,13,4,0,3,10,0.65,0.2,0.0,0.15,0.3333333333333333,UL,0.13333333333333333,0.03333333333333333,0.0,0.0,1,dr,dl,ul,0,1,0,0,0
2,9,size7_comp0.4_grid9_base_low,7,0.4,low,base,base,6,4,10,6,3,1,1,1,0,1,25,32,0.0,0.46875,0.5,0.3333333333333333,11,6,9,6,5,7,7,12,23,9,1,6,0.1875,UR,0.49715018363696706,1,22,0,1,8,0.041666666666666664,0.9166666666666666,0.0,0.041666666666666664,0.25,UR,0.0,0.0625,0.0,0.0,1,dr,dl,ul,0,0,0,0,0
3,9,size7_comp0.4_grid9_base_low,7,0.4,low,base,base,6,4,10,6,3,1,1,1,0,1,18,32,0.0,0.5,0.5789473684210527,0.38461538461538464,8,4,9,11,10,5,4,12,22,10,3,5,0.15625,UR,0.7475846798245739,2,17,0,1,12,0.1,0.85,0.0,0.05,0.375,UR,0.0,0.0625,0.0,0.0,2,dr,dl,ul,0,0,0,0,0
4,9,size7_comp0.4_grid9_base_low,7,0.4,low,base,base,6,4,10,6,3,1,1,1,0,1,30,32,0.0,0.5,0.5161290322580645,0.0,12,7,7,6,11,8,7,5,20,4,0,5,0.15625,UR,0.9373012413074896,1,17,0,4,10,0.045454545454545456,0.7727272727272727,0.0,0.18181818181818182,0.3125,UR,0.0,0.125,0.0,0.0,3,dr,dl,ul,0,0,0,0,0
5,9,size7_comp0.4_grid9_base_low,7,0.4,low,base,base,6,4,10,6,3,1,1,1,0,0,-1,32,0.0,0.40625,0.40625,0.0,11,1,13,7,8,7,12,4,23,4,0,10,0.3125,DR,-0.0,0,0,0,11,21,0.0,0.0,0.0,1.0,0.65625,DR,0.0,0.0,0.0,0.03125,1,dr,dl,ul,1,0,0,0,0
6,9,size7_comp0.4_grid9_base_low,7,0.4,low,base,base,6,4,10,6,3,1,1,1,0,1,20,32,0.0,0.4375,0.47619047619047616,0.36363636363636365,12,4,9,7,11,7,2,11,23,10,9,9,0.28125,UR,1.1752835873133534,9,14,0,1,8,0.375,0.5833333333333334,0.0,0.041666666666666664,0.25,UR,0.0625,0.21875,0.0,0.0,5,dr,dl,ul,0,0,0,0,0
7,9,size7_comp0.4_grid9_base_low,7,0.4,low,base,base,6,4,10,6,3,1,1,1,0,1,21,32,0.0,0.46875,0.5,0.4,7,4,10,11,9,9,5,8,21,6,1,6,0.1875,UR,0.8315435491770657,1,18,0,3,10,0.045454545454545456,0.8181818181818182,0.0,0.13636363636363635,0.3125,UR,0.0,0.0625,0.0,0.0,1,dr,dl,ul,0,0,0,0,0
8,9,size7_comp0.4_grid9_base_low,7,0.4,low,base,base,6,4,10,6,3,1,1,1,0,1,20,32,0.0,0.40625,0.42857142857142855,0.36363636363636365,10,4,8,10,8,8,6,9,23,7,1,11,0.34375,UR,0.7228578977329688,1,18,0,2,11,0.047619047619047616,0.8571428571428571,0.0,0.09523809523809523,0.34375,UR,0.0,0.28125,0.0,0.0,5,dr,dl,ul,0,0,0,0,0
9,9,size7_comp0.4_grid9_base_low,7,0.4,low,base,base,6,4,10,6,3,1,1,1,0,1,16,32,0.0,0.4375,0.5294117647058824,0.3333333333333333,9,3,11,9,11,4,4,12,24,10,5,8,0.25,UR,0.785235442391543,3,20,0,1,8,0.125,0.8333333333333334,0.0,0.041666666666666664,0.25,UR,0.0,0.25,0.0,0.0,4,dr,dl,ul,0,0,0,0,0
0,0,size7_comp0.6_grid0_base_low,7,0.6,low,base,base,3,3,6,6,0,1,1,1,1,0,-1,32,0.0,0.375,0.375,0.0,7,5,12,8,7,5,7,12,26,10,0,8,0.25,UR,0.8403586716091171,7,19,0,0,6,0.2692307692307692,0.7307692307692307,0.0,0.0,0.1875,UR,0.125,0.21875,0.0,0.0,2,ur,ul,midline,1,0,0,0,0
1,0,size7_comp0.6_grid0_base_low,7,0.6,low,base,base,3,3,6,6,0,1,1,1,0,0,-1,32,0.0,0.1875,0.1875,0.0,11,6,6,9,9,10,6,6,29,2,0,20,0.625,UR,-0.0,0,32,0,0,0,0.0,1.0,0.0,0.0,0.0,UR,0.0,0.625,0.0,0.0,8,ur,ul,midline,1,0,0,0,0
2,0,size7_comp0.6_grid0_base_low,7,0.6,low,base,base,3,3,6,6,0,1,1,1,0,0,-1,32,0.0,0.375,0.375,0.0,2,11,10,9,8,6,9,8,26,7,0,10,0.3125,UR,0.4262286569981449,2,21,0,0,9,0.08695652173913043,0.9130434782608695,0.0,0.0,0.28125,UR,0.0,0.15625,0.0,0.0,2,ur,ul,midline,1,0,0,0,0
3,0,size7_comp0.6_grid0_base_low,7,0.6,low,base,base,3,3,6,6,0,1,1,1,1,1,9,16,0.375,0.5,0.4,0.6666666666666666,3,2,7,4,6,2,3,4,9,2,0,6,0.375,UR,-0.0,0,8,0,0,8,0.0,1.0,0.0,0.0,0.5,UR,0.0,0.125,0.0,0.0,2,ur,ul,midline,1,0,0,0,0
4,0,size7_comp0.6_grid0_base_low,7,0.6,low,base,base,3,3,6,6,0,1,1,1,0,1,4,32,0.0,0.375,0.6,0.3333333333333333,8,3,13,8,5,8,6,12,26,8,18,12,0.375,UR,-0.0,0,2,0,0,30,0.0,1.0,0.0,0.0,0.9375,,0.0,0.0,0.0,0.0,0,ur,ul,midline,1,0,0,0,0
5,0,size7_comp0.6_grid0_base_low,7,0.6,low,base,base,3,3,6,6,0,1,1,1,0,0,-1,32,0.0,0.3125,0.3125,0.0,9,8,8,7,7,9,3,12,27,10,0,9,0.28125,UR,0.5159469300074474,3,23,0,0,6,0.11538461538461539,0.8846153846153846,0.0,0.0,0.1875,UR,0.0,0.34375,0.0,0.0,3,ur,ul,midline,1,0,0,0,0
6,0,size7_comp0.6_grid0_base_low,7,0.6,low,base,base,3,3,6,6,0,1,1,1,1,1,16,25,0.24,0.44,0.35294117647058826,0.625,9,5,7,4,9,4,3,8,17,6,0,9,0.36,UR,0.37123232664087563,0,13,1,0,11,0.0,0.9285714285714286,0.07142857142857142,0.0,0.44,UR,0.0,0.2,0.0,0.0,3,ur,ul,midline,1,0,0,0,0
7,0,size7_comp0.6_grid0_base_low,7,0.6,low,base,base,3,3,6,6,0,1,1,1,0,0,-1,32,0.0,0.3125,0.3125,0.0,3,7,12,10,9,6,7,9,27,8,0,10,0.3125,UR,0.5916727785823275,3,18,0,0,11,0.14285714285714285,0.8571428571428571,0.0,0.0,0.34375,UR,0.0,0.09375,0.0,0.0,2,ur,ul,midline,1,0,0,0,0
8,0,size7_comp0.6_grid0_base_low,7,0.6,low,base,base,3,3,6,6,0,1,1,1,0,0,-1,32,0.0,0.3125,0.3125,0.0,5,5,13,9,11,11,1,8,25,6,0,10,0.3125,UR,0.6051865766334206,4,23,0,0,5,0.14814814814814814,0.8518518518518519,0.0,0.0,0.15625,UR,0.0625,0.28125,0.0,0.0,2,ur,ul,midline,1,0,0,0,0
9,0,size7_comp0.6_grid0_base_low,7,0.6,low,base,base,3,3,6,6,0,1,1,1,1,1,11,17,0.35294117647058826,0.5294117647058824,0.4166666666666667,0.8,6,4,7,0,8,3,2,3,9,2,0,5,0.29411764705882354,UR,0.4689955935892812,0,9,1,0,7,0.0,0.9,0.1,0.0,0.4117647058823529,UR,0.0,0.17647058823529413,0.0,0.0,3,ur,ul,midline,1,0,0,0,0
0,1,size7_comp0.6_grid1_base_low,7,0.6,low,base,base,3,4,7,5,3,1,1,1,0,0,-1,32,0.0,0.3125,0.3125,0.0,9,3,10,10,6,12,6,7,28,6,0,12,0.375,UR,0.8314743880097293,5,14,0,0,13,0.2631578947368421,0.7368421052631579,0.0,0.0,0.40625,UR,0.0,0.15625,0.0,0.0,3,ur,midline,midline,1,0,0,0,0
1,1,size7_comp0.6_grid1_base_low,7,0.6,low,base,base,3,4,7,5,3,1,1,1,1,0,-1,15,0.0,0.3333333333333333,0.3333333333333333,0.0,3,5,5,2,4,2,4,4,10,3,0,4,0.26666666666666666,UL,1.0,6,6,0,0,3,0.5,0.5,0.0,0.0,0.2,UL,0.2,0.0,0.0,0.0,2,ur,midline,midline,0,0,0,0,0
2,1,size7_comp0.6_grid1_base_low,7,0.6,low,base,base,3,4,7,5,3,1,1,1,0,1,26,32,0.0,0.375,0.4074074074074074,0.2,4,7,9,12,9,8,5,9,26,8,3,9,0.28125,UR,0.6840384356390417,4,18,0,0,10,0.18181818181818182,0.8181818181818182,0.0,0.0,0.3125,UR,0.0,0.21875,0.0,0.0,5,ur,midline,midline,1,0,0,0,0
3,1,size7_comp0.6_grid1_base_low,7,0.6,low,base,base,3,4,7,5,3,1,1,1,0,1,26,32,0.0,0.25,0.2962962962962963,0.0,15,6,5,6,9,10,3,9,28,3,1,17,0.53125,UR,-0.0,0,31,0,0,1,0.0,1.0,0.0,0.0,0.03125,UR,0.0,0.53125,0.0,0.0,3,ur,midline,midline,1,0,0,0,0
4,1,size7_comp0.6_grid1_base_low,7,0.6,low,base,base,3,4,7,5,3,1,1,1,1,1,19,30,0.23333333333333334,0.5333333333333333,0.45,0.7,4,7,10,9,7,5,6,11,20,11,0,5,0.16666666666666666,UR,0.3227569588973982,1,16,0,0,13,0.058823529411764705,0.9411764705882353,0.0,0.0,0.43333333333333335,UR,0.0,0.16666666666666666,0.0,0.0,2,ur,midline,midline,1,0,0,0,0
5,1,size7_comp0.6_grid1_base_low,7,0.6,low,base,base,3,4,7,5,3,1,1,1,0,0,-1,32,0.0,0.375,0.375,0.0,7,4,10,11,11,3,9,8,27,7,0,8,0.25,UR,0.24988229283318544,1,23,0,0,8,0.041666666666666664,0.9583333333333334,0.0,0.0,0.25,UR,0.0,0.34375,0.0,0.0,4,ur,midline,midline,1,0,0,0,0
6,1,size7_comp0.6_grid1_base_low,7,0.6,low,base,base,3,4,7,5,3,1,1,1,0,1,24,32,0.0,0.375,0.4,0.2857142857142857,6,5,12,9,12,7,6,6,24,6,1,11,0.34375,UR,0.8554508105601306,7,18,0,0,7,0.28,0.72,0.0,0.0,0.21875,UR,0.09375,0.1875,0.0,0.0,4,ur,midline,midline,1,0,0,0,0
7,1,size7_comp0.6_grid1_base_low,7,0.6,low,base,base,3,4,7,5,3,1,1,1,1,0,-1,16,0.0,0.25,0.25,0.0,3,4,6,3,3,5,3,4,10,1,0,7,0.4375,UL,0.9709505944546686,9,6,0,0,1,0.6,0.4,0.0,0.0,0.0625,UL,0.1875,0.125,0.0,0.0,2,ur,midline,midline,0,0,0,0,0
8,1,size7_comp0.6_grid1_base_low,7,0.6,low,base,base,3,4,7,5,3,1,1,1,0,0,-1,32,0.0,0.25,0.25,0.0,10,4,7,11,9,14,2,6,27,3,0,15,0.46875,UR,0.205592508185083,1,30,0,0,1,0.03225806451612903,0.967741935483871,0.0,0.0,0.03125,UR,0.0,0.59375,0.0,0.0,6,ur,midline,midline,1,0,0,0,0
9,1,size7_comp0.6_grid1_base_low,7,0.6,low,base,base,3,4,7,5,3,1,1,1,1,1,7,12,0.5833333333333334,0.6666666666666666,0.5,1.0,1,2,5,4,6,2,2,1,5,1,0,3,0.25,UR,-0.0,0,8,0,0,4,0.0,1.0,0.0,0.0,0.3333333333333333,UR,0.0,0.4166666666666667,0.0,0.0,3,ur,midline,midline,1,0,0,0,0
0,2,size7_comp0.6_grid2_base_low,7,0.6,low,base,base,10,3,13,7,3,1,1,1,0,0,-1,32,0.0,0.5,0.5,0.0,11,7,7,7,4,7,13,7,21,6,0,5,0.15625,DL,1.383099991189334,4,0,10,3,15,0.23529411764705882,0.0,0.5882352941176471,0.17647058823529413,0.46875,,0.0,0.0,0.0,0.0,0,midline,ul,ur,0,0,0,0,0
1,2,size7_comp0.6_grid2_base_low,7,0.6,low,base,base,10,3,13,7,3,1,1,1,1,0,-1,26,0.0,0.5384615384615384,0.5384615384615384,0.0,8,4,8,6,6,5,5,9,16,7,0,5,0.19230769230769232,UL,0.9910760598382222,10,0,8,0,8,0.5555555555555556,0.0,0.4444444444444444,0.0,0.3076923076923077,UL,0.11538461538461539,0.0,0.038461538461538464,0.0,1,midline,ul,ur,0,0,0,0,0
2,2,size7_comp0.6_grid2_base_low,7,0.6,low,base,base,10,3,13,7,3,1,1,1,1,0,-1,26,0.0,0.5769230769230769,0.5769230769230769,0.0,9,3,8,6,5,7,9,4,13,4,0,3,0.11538461538461539,DL,1.5262349099495225,3,0,6,4,13,0.23076923076923078,0.0,0.46153846153846156,0.3076923076923077,0.5,UL,0.038461538461538464,0.0,0.0,0.0,1,midline,ul,ur,0,0,0,0,0
3,2,size7_comp0.6_grid2_base_low,7,0.6,low,base,base,10,3,13,7,3,1,1,1,1,0,-1,32,0.0,0.53125,0.53125,0.0,12,6,7,7,9,6,10,6,19,5,0,5,0.15625,UL,1.5774062828523454,5,0,5,4,18,0.35714285714285715,0.0,0.35714285714285715,0.2857142857142857,0.5625,UL,0.0625,0.0,0.0625,0.0,2,midline,ul,ur,0,0,0,0,0
4,2,size7_comp0.6_grid2_base_low,7,0.6,low,base,base,10,3,13,7,3,1,1,1,0,0,-1,32,0.0,0.3125,0.3125,0.0,14,4,7,7,10,6,7,8,24,7,0,10,0.3125,DL,0.5032583347756457,0,0,8,1,23,0.0,0.0,0.8888888888888888,0.1111111111111111,0.71875,,0.0,0.0,0.0,0.0,0,midline,ul,ur,0,0,0,0,0
5,2,size7_comp0.6_grid2_base_low,7,0.6,low,base,base,10,3,13,7,3,1,1,1,0,0,-1,32,0.0,0.40625,0.40625,0.0,12,4,9,7,9,12,4,6,23,6,0,8,0.25,DL,0.5916727785823275,0,0,12,2,18,0.0,0.0,0.8571428571428571,0.14285714285714285,0.5625,DL,0.0,0.0,0.03125,0.0,1,midline,ul,ur,0,0,0,0,0
6,2,size7_comp0.6_grid2_base_low,7,0.6,low,base,base,10,3,13,7,3,1,1,1,1,0,-1,19,0.0,0.5263157894736842,0.5263157894736842,0.0,7,2,4,6,2,8,6,2,11,1,0,6,0.3157894736842105,UL,0.9852281360342515,8,0,6,0,5,0.5714285714285714,0.0,0.42857142857142855,0.0,0.2631578947368421,UL,0.10526315789473684,0.0,0.05263157894736842,0.0,1,midline,ul,ur,0,0,0,0,0
7,2,size7_comp0.6_grid2_base_low,7,0.6,low,base,base,10,3,13,7,3,1,1,1,0,0,-1,32,0.0,0.375,0.375,0.0,9,5,10,8,6,8,8,9,24,8,0,8,0.25,DL,-0.0,0,0,25,0,7,0.0,0.0,1.0,0.0,0.21875,DL,0.0,0.0,0.09375,0.0,3,midline,ul,ur,0,0,0,0,0
8,2,size7_comp0.6_grid2_base_low,7,0.6,low,base,base,10,3,13,7,3,1,1,1,0,0,-1,32,0.0,0.375,0.375,0.0,11,6,9,6,3,7,11,10,24,7,0,8,0.25,DL,0.5032583347756457,0,0,8,1,23,0.0,0.0,0.8888888888888888,0.1111111111111111,0.71875,,0.0,0.0,0.0,0.0,0,midline,ul,ur,0,0,0,0,0
9,2,size7_comp0.6_grid2_base_low,7,0.6,low,base,base,10,3,13,7,3,1,1,1,0,0,-1,32,0.0,0.40625,0.40625,0.0,10,8,7,7,8,10,7,6,25,2,0,12,0.375,DL,0.9023932827949788,7,0,15,0,10,0.3181818181818182,0.0,0.6818181818181818,0.0,0.3125,DL,0.0,0.0,0.125,0.0,2,midline,ul,ur,0,0,0,0,0
0,3,size7_comp0.6_grid3_base_low,7,0.6,low,base,base,6,3,9,5,3,1,1,1,1,1,21,29,0.3103448275862069,0.4482758620689655,0.4090909090909091,0.5714285714285714,6,6,4,13,6,8,9,5,18,3,3,12,0.41379310344827586,UL,1.4315602842833155,7,0,2,5,15,0.5,0.0,0.14285714285714285,0.35714285714285715,0.5172413793103449,UL,0.06896551724137931,0.0,0.0,0.0,1,ul,ur,dr,1,0,0,0,0
1,3,size7_comp0.6_grid3_base_low,7,0.6,low,base,base,6,3,9,5,3,1,1,1,1,0,-1,25,0.0,0.44,0.44,0.0,2,7,5,11,4,8,7,5,19,5,0,6,0.24,UL,0.5032583347756457,16,2,0,0,7,0.8888888888888888,0.1111111111111111,0.0,0.0,0.28,UL,0.2,0.04,0.0,0.0,1,ul,ur,dr,1,0,0,0,0
2,3,size7_comp0.6_grid3_base_low,7,0.6,low,base,base,6,3,9,5,3,1,1,1,0,1,28,32,0.0,0.5,0.5517241379310345,0.0,6,6,8,12,12,5,4,10,21,10,2,6,0.1875,UL,1.590131201194239,15,2,6,3,6,0.5769230769230769,0.07692307692307693,0.23076923076923078,0.11538461538461539,0.1875,UL,0.1875,0.0,0.0625,0.0,1,ul,ur,dr,1,0,0,0,0
3,3,size7_comp0.6_grid3_base_low,7,0.6,low,base,base,6,3,9,5,3,1,1,1,0,1,26,32,0.0,0.4375,0.4444444444444444,0.4,6,7,8,10,5,7,7,10,23,8,2,9,0.28125,UL,0.8929953573519601,21,0,3,2,6,0.8076923076923077,0.0,0.11538461538461539,0.07692307692307693,0.1875,UL,0.1875,0.0,0.0,0.0,1,ul,ur,dr,1,0,0,0,0
4,3,size7_comp0.6_grid3_base_low,7,0.6,low,base,base,6,3,9,5,3,1,1,1,0,1,27,32,0.0,0.4375,0.42857142857142855,0.5,8,6,8,10,8,12,7,4,20,3,2,12,0.375,UL,1.548565226030918,7,0,6,4,15,0.4117647058823529,0.0,0.35294117647058826,0.23529411764705882,0.46875,UL,0.0625,0.0,0.0,0.0,1,ul,ur,dr,1,0,0,0,0
5,3,size7_comp0.6_grid3_base_low,7,0.6,low,base,base,6,3,9,5,3,1,1,1,1,0,-1,21,0.0,0.47619047619047616,0.47619047619047616,0.0,2,3,6,10,4,4,3,9,16,8,0,4,0.19047619047619047,UL,0.74959525725948,11,3,0,0,7,0.7857142857142857,0.21428571428571427,0.0,0.0,0.3333333333333333,UL,0.23809523809523808,0.047619047619047616,0.0,0.0,1,ul,ur,dr,1,0,0,0,0
6,3,size7_comp0.6_grid3_base_low,7,0.6,low,base,base,6,3,9,5,3,1,1,1,1,1,19,25,0.36,0.6,0.6,0.6,7,7,4,7,4,9,7,4,13,4,1,4,0.16,UL,1.4572659136233872,7,0,3,3,12,0.5384615384615384,0.0,0.23076923076923078,0.23076923076923078,0.48,UL,0.12,0.0,0.0,0.0,1,ul,ur,dr,1,0,0,0,0
7,3,size7_comp0.6_grid3_base_low,7,0.6,low,base,base,6,3,9,5,3,1,1,1,0,1,30,32,0.0,0.4375,0.45161290322580644,0.0,9,8,6,9,6,8,8,9,22,6,0,10,0.3125,DL,1.014097655573916,3,0,12,1,16,0.1875,0.0,0.75,0.0625,0.5,UL,0.03125,0.0,0.0,0.0,1,ul,ur,dr,0,0,0,0,0
8,3,size7_comp0.6_grid3_base_low,7,0.6,low,base,base,6,3,9,5,3,1,1,1,1,0,-1,23,0.0,0.43478260869565216,0.43478260869565216,0.0,4,3,6,10,7,3,4,8,18,7,0,6,0.2608695652173913,UR,0.74959525725948,3,11,0,0,9,0.21428571428571427,0.7857142857142857,0.0,0.0,0.391304347826087,UR,0.043478260869565216,0.17391304347826086,0.0,0.0,4,ul,ur,dr,0,0,0,0,0
9,3,size7_comp0.6_grid3_base_low,7,0.6,low,base,base,6,3,9,5,3,1,1,1,1,1,17,21,0.42857142857142855,0.6666666666666666,0.6111111111111112,1.0,5,6,2,8,6,6,4,4,9,4,0,2,0.09523809523809523,DL,1.419556298571613,4,0,7,2,8,0.3076923076923077,0.0,0.5384615384615384,0.15384615384615385,0.38095238095238093,UL,0.047619047619047616,0.0,0.047619047619047616,0.0,1,ul,ur,dr,0,0,0,0,0
0,4,size7_comp0.6_grid4_base_low,7,0.6,low,base,base,6,10,16,4,6,1,1,1,0,0,-1,32,0.0,0.4375,0.4375,0.0,8,8,6,10,7,13,6,5,23,5,0,5,0.15625,UR,-0.0,0,19,0,0,13,0.0,1.0,0.0,0.0,0.40625,UR,0.0,0.0625,0.0,0.0,1,midline,midline,dr,0,0,0,0,0
1,4,size7_comp0.6_grid4_base_low,7,0.6,low,base,base,6,10,16,4,6,1,1,1,0,0,-1,32,0.0,0.46875,0.46875,0.0,6,8,7,11,4,9,6,12,22,11,0,5,0.15625,UR,0.9852281360342515,3,4,0,0,25,0.42857142857142855,0.5714285714285714,0.0,0.0,0.78125,,0.0,0.0,0.0,0.0,0,midline,midline,dr,0,0,0,0,0
2,4,size7_comp0.6_grid4_base_low,7,0.6,low,base,base,6,10,16,4,6,1,1,1,0,0,-1,32,0.0,0.4375,0.4375,0.0,6,5,10,11,8,7,7,9,25,9,0,5,0.15625,UL,0.9975025463691152,9,8,0,0,15,0.5294117647058824,0.47058823529411764,0.0,0.0,0.46875,UL,0.0625,0.03125,0.0,0.0,1,midline,midline,dr,0,0,0,0,0
3,4,size7_comp0.6_grid4_base_low,7,0.6,low,base,base,6,10,16,4,6,1,1,1,0,0,-1,32,0.0,0.4375,0.4375,0.0,9,9,5,9,6,9,8,8,23,8,0,6,0.1875,UR,0.9709505944546686,0,3,2,0,27,0.0,0.6,0.4,0.0,0.84375,UR,0.0,0.03125,0.0,0.0,1,midline,midline,dr,0,0,0,0,0
4,4,size7_comp0.6_grid4_base_low,7,0.6,low,base,base,6,10,16,4,6,1,1,1,0,0,-1,32,0.0,0.40625,0.40625,0.0,4,5,12,11,3,10,5,13,24,12,0,5,0.15625,UL,1.0,11,11,0,0,10,0.5,0.5,0.0,0.0,0.3125,UL,0.125,0.0,0.0,0.0,1,midline,midline,dr,0,0,0,0,0
5,4,size7_comp0.6_grid4_base_low,7,0.6,low,base,base,6,10,16,4,6,1,1,1,0,1,26,32,0.0,0.5625,0.5185185185185185,0.8,8,9,5,10,7,10,5,9,20,7,3,5,0.15625,UR,1.1883763717345073,1,12,0,7,12,0.05,0.6,0.0,0.35,0.375,UR,0.0,0.0625,0.0,0.0625,1,midline,midline,dr,0,0,0,0,0
6,4,size7_comp0.6_grid4_base_low,7,0.6,low,base,base,6,10,16,4,6,1,1,1,0,1,10,32,0.0,0.65625,0.7272727272727273,0.6190476190476191,8,8,10,6,4,8,12,7,21,7,2,4,0.125,UR,1.5090275125326515,4,9,0,6,13,0.21052631578947367,0.47368421052631576,0.0,0.3157894736842105,0.40625,DR,0.0,0.03125,0.0,0.0625,2,midline,midline,dr,0,0,0,0,0
7,4,size7_comp0.6_grid4_base_low,7,0.6,low,base,base,6,10,16,4,6,1,1,1,0,0,-1,32,0.0,0.40625,0.40625,0.0,9,7,7,9,9,10,3,9,21,8,0,6,0.1875,UR,0.6722948170756379,3,14,0,0,15,0.17647058823529413,0.8235294117647058,0.0,0.0,0.46875,UR,0.03125,0.125,0.0,0.0,2,midline,midline,dr,0,0,0,0,0
8,4,size7_comp0.6_grid4_base_low,7,0.6,low,base,base,6,10,16,4,6,1,1,1,0,0,-1,32,0.0,0.4375,0.4375,0.0,10,12,5,5,7,5,6,13,23,9,0,4,0.125,UR,0.5225593745369408,0,15,0,2,15,0.0,0.8823529411764706,0.0,0.11764705882352941,0.46875,,0.0,0.0,0.0,0.0,0,midline,midline,dr,0,0,0,0,0
9,4,size7_comp0.6_grid4_base_low,7,0.6,low,base,base,6,10,16,4,6,1,1,1,0,0,-1,32,0.0,0.4375,0.4375,0.0,8,9,8,7,7,12,7,5,20,3,0,3,0.09375,UR,0.4394969869215134,0,10,1,0,21,0.0,0.9090909090909091,0.09090909090909091,0.0,0.65625,UR,0.0,0.03125,0.0,0.0,1,midline,midline,dr,0,0,0,0,0
0,5,size7_comp0.6_grid5_base_low,7,0.6,low,base,base,5,3,8,4,2,1,1,1,1,0,-1,8,0.0,0.5,0.5,0.0,3,0,1,4,3,3,1,0,2,0,0,2,0.25,UR,-0.0,0,1,0,0,7,0.0,1.0,0.0,0.0,0.875,,0.0,0.0,0.0,0.0,0,midline,ur,dr,0,0,0,0,0
1,5,size7_comp0.6_grid5_base_low,7,0.6,low,base,base,5,3,8,4,2,1,1,1,0,0,-1,32,0.0,0.375,0.375,0.0,8,9,4,11,3,9,9,10,23,6,0,12,0.375,DL,0.4689955935892812,0,1,9,0,22,0.0,0.1,0.9,0.0,0.6875,DL,0.0,0.0,0.03125,0.0,1,midline,ur,dr,0,0,0,0,0
2,5,size7_comp0.6_grid5_base_low,7,0.6,low,base,base,5,3,8,4,2,1,1,1,1,0,-1,4,0.0,0.75,0.75,0.0,1,0,0,3,1,1,1,0,0,0,0,0,0.0,UL,0.0,0,0,0,0,4,0.0,0.0,0.0,0.0,1.0,,0.0,0.0,0.0,0.0,0,midline,ur,dr,0,0,0,0,0
3,5,size7_comp0.6_grid5_base_low,7,0.6,low,base,base,5,3,8,4,2,1,1,1,1,0,-1,18,0.0,0.5,0.5,0.0,5,4,3,6,4,7,0,6,9,5,0,2,0.1111111111111111,UR,0.9182958340544896,0,4,2,0,12,0.0,0.6666666666666666,0.3333333333333333,0.0,0.6666666666666666,UR,0.0,0.05555555555555555,0.0,0.0,1,midline,ur,dr,0,0,0,0,0
4,5,size7_comp0.6_grid5_base_low,7,0.6,low,base,base,5,3,8,4,2,1,1,1,0,0,-1,32,0.0,0.4375,0.4375,0.0,8,7,10,7,11,9,4,7,22,7,0,7,0.21875,UR,0.8683927290103626,1,13,2,0,16,0.0625,0.8125,0.125,0.0,0.5,UR,0.0,0.28125,0.0,0.0,4,midline,ur,dr,0,0,0,0,0
5,5,size7_comp0.6_grid5_base_low,7,0.6,low,base,base,5,3,8,4,2,1,1,1,1,1,12,18,0.4444444444444444,0.6666666666666666,0.6153846153846154,0.8,5,3,4,6,5,2,7,3,10,3,1,2,0.1111111111111111,DL,1.5,0,1,2,1,14,0.0,0.25,0.5,0.25,0.7777777777777778,,0.0,0.0,0.0,0.0,0,midline,ur,dr,0,0,0,0,0
6,5,size7_comp0.6_grid5_base_low,7,0.6,low,base,base,5,3,8,4,2,1,1,1,1,0,-1,32,0.0,0.40625,0.40625,0.0,8,7,7,10,4,7,9,11,22,9,0,8,0.25,DL,0.9456603046006401,4,0,7,0,21,0.36363636363636365,0.0,0.6363636363636364,0.0,0.65625,DL,0.0,0.0,0.0625,0.0,2,midline,ur,dr,0,0,0,0,0
7,5,size7_comp0.6_grid5_base_low,7,0.6,low,base,base,5,3,8,4,2,1,1,1,1,0,-1,28,0.0,0.42857142857142855,0.42857142857142855,0.0,7,6,6,9,3,10,10,4,18,4,0,6,0.21428571428571427,DL,0.7642045065086203,2,0,7,0,19,0.2222222222222222,0.0,0.7777777777777778,0.0,0.6785714285714286,DL,0.0,0.0,0.07142857142857142,0.0,1,midline,ur,dr,0,0,0,0,0
8,5,size7_comp0.6_grid5_base_low,7,0.6,low,base,base,5,3,8,4,2,1,1,1,1,0,-1,5,0.0,0.6,0.6,0.0,1,0,1,3,1,1,1,1,1,0,0,1,0.2,UL,0.0,0,0,0,0,5,0.0,0.0,0.0,0.0,1.0,,0.0,0.0,0.0,0.0,0,midline,ur,dr,0,0,0,0,0
9,5,size7_comp0.6_grid5_base_low,7,0.6,low,base,base,5,3,8,4,2,1,1,1,1,1,4,10,0.8,0.9,1.0,0.8,3,2,1,4,4,1,1,3,3,3,3,0,0.0,DR,0.9182958340544896,0,1,0,2,7,0.0,0.3333333333333333,0.0,0.6666666666666666,0.7,,0.0,0.0,0.0,0.0,0,midline,ur,dr,0,1,0,0,0
0,6,size7_comp0.6_grid6_base_low,7,0.6,low,base,base,6,3,9,5,2,1,1,1,1,0,-1,18,0.0,0.5,0.5,0.0,4,6,3,5,4,6,2,5,11,4,0,3,0.16666666666666666,UL,0.7219280948873623,4,1,0,0,13,0.8,0.2,0.0,0.0,0.7222222222222222,,0.0,0.0,0.0,0.0,0,midline,midline,dr,0,0,0,0,0
1,6,size7_comp0.6_grid6_base_low,7,0.6,low,base,base,6,3,9,5,2,1,1,1,1,0,-1,16,0.0,0.4375,0.4375,0.0,4,5,1,5,2,3,4,4,10,3,0,4,0.25,UL,1.0,2,0,2,0,12,0.5,0.0,0.5,0.0,0.75,,0.0,0.0,0.0,0.0,0,midline,midline,dr,0,0,0,0,0
2,6,size7_comp0.6_grid6_base_low,7,0.6,low,base,base,6,3,9,5,2,1,1,1,1,0,-1,17,0.0,0.5294117647058824,0.5294117647058824,0.0,4,4,3,6,2,2,4,8,11,7,0,2,0.11764705882352941,UL,-0.0,7,0,0,0,10,1.0,0.0,0.0,0.0,0.5882352941176471,,0.0,0.0,0.0,0.0,0,midline,midline,dr,0,0,0,0,0
3,6,size7_comp0.6_grid6_base_low,7,0.6,low,base,base,6,3,9,5,2,1,1,1,1,1,25,30,0.3,0.5333333333333333,0.5,0.75,7,7,7,9,9,5,7,8,18,7,1,7,0.23333333333333334,UL,1.568316493272887,7,0,7,5,11,0.3684210526315789,0.0,0.3684210526315789,0.2631578947368421,0.36666666666666664,UL,0.03333333333333333,0.0,0.03333333333333333,0.03333333333333333,1,midline,midline,dr,0,0,0,0,0
4,6,size7_comp0.6_grid6_base_low,7,0.6,low,base,base,6,3,9,5,2,1,1,1,1,1,7,11,0.8181818181818182,0.8181818181818182,0.75,1.0,1,3,3,4,5,4,1,0,2,0,0,2,0.18181818181818182,DL,0.9910760598382222,0,0,5,4,2,0.0,0.0,0.5555555555555556,0.4444444444444444,0.18181818181818182,DL,0.0,0.0,0.2727272727272727,0.09090909090909091,3,midline,midline,dr,0,0,0,0,0
5,6,size7_comp0.6_grid6_base_low,7,0.6,low,base,base,6,3,9,5,2,1,1,1,1,1,16,22,0.4090909090909091,0.6363636363636364,0.5882352941176471,0.8,7,7,2,6,8,4,4,5,10,5,0,3,0.13636363636363635,UL,1.5461796919474975,7,0,4,5,6,0.4375,0.0,0.25,0.3125,0.2727272727272727,UL,0.13636363636363635,0.0,0.045454545454545456,0.045454545454545456,2,midline,midline,dr,0,0,0,0,0
6,6,size7_comp0.6_grid6_base_low,7,0.6,low,base,base,6,3,9,5,2,1,1,1,1,0,-1,20,0.0,0.35,0.35,0.0,7,6,1,6,7,4,1,7,14,5,0,9,0.45,DL,0.8812908992306927,3,0,7,0,10,0.3,0.0,0.7,0.0,0.5,DL,0.0,0.0,0.1,0.0,2,midline,midline,dr,0,0,0,0,0
7,6,size7_comp0.6_grid6_base_low,7,0.6,low,base,base,6,3,9,5,2,1,1,1,0,1,20,32,0.0,0.375,0.42857142857142855,0.2727272727272727,8,7,6,11,8,5,9,9,22,6,0,12,0.375,DL,1.1180782093497093,0,3,16,3,10,0.0,0.13636363636363635,0.7272727272727273,0.13636363636363635,0.3125,DL,0.0,0.0,0.125,0.03125,2,midline,midline,dr,0,0,0,0,0
8,6,size7_comp0.6_grid6_base_low,7,0.6,low,base,base,6,3,9,5,2,1,1,1,1,0,-1,26,0.0,0.3076923076923077,0.3076923076923077,0.0,7,7,5,7,5,7,8,5,18,2,0,13,0.5,UL,1.0,8,0,8,0,10,0.5,0.0,0.5,0.0,0.38461538461538464,DL,0.0,0.0,0.15384615384615385,0.0,4,midline,midline,dr,0,0,0,0,0
9,6,size7_comp0.6_grid6_base_low,7,0.6,low,base,base,6,3,9,5,2,1,1,1,0,1,27,32,0.0,0.4375,0.4642857142857143,0.25,8,8,4,12,11,4,10,6,18,6,1,10,0.3125,UL,1.9852281360342514,4,4,3,3,18,0.2857142857142857,0.2857142857142857,0.21428571428571427,0.21428571428571427,0.5625,UR,0.0,0.03125,0.03125,0.03125,1,midline,midline,dr,0,0,0,0,0
0,7,size7_comp0.6_grid7_base_low,7,0.6,low,base,base,4,3,7,5,1,1,1,1,0,1,27,32,0.0,0.5,0.5,0.5,9,12,7,4,4,6,9,12,23,12,1,4,0.125,UR,0.954434002924965,0,15,0,9,8,0.0,0.625,0.0,0.375,0.25,DR,0.0,0.0,0.0,0.03125,1,ur,dl,dr,1,0,0,0,0
1,7,size7_comp0.6_grid7_base_low,7,0.6,low,base,base,4,3,7,5,1,1,1,1,1,0,-1,21,0.0,0.42857142857142855,0.42857142857142855,0.0,4,6,7,4,3,4,7,6,12,5,0,4,0.19047619047619047,UR,0.9456603046006401,0,7,0,4,10,0.0,0.6363636363636364,0.0,0.36363636363636365,0.47619047619047616,UR,0.0,0.047619047619047616,0.0,0.0,1,ur,dl,dr,1,0,0,0,0
2,7,size7_comp0.6_grid7_base_low,7,0.6,low,base,base,4,3,7,5,1,1,1,1,0,0,-1,32,0.0,0.40625,0.40625,0.0,7,10,8,7,6,11,8,6,23,4,0,8,0.25,UR,0.4262286569981449,0,21,0,2,9,0.0,0.9130434782608695,0.0,0.08695652173913043,0.28125,UR,0.0,0.1875,0.0,0.0,3,ur,dl,dr,1,0,0,0,0
3,7,size7_comp0.6_grid7_base_low,7,0.6,low,base,base,4,3,7,5,1,1,1,1,0,0,-1,32,0.0,0.40625,0.40625,0.0,8,7,8,9,6,10,5,10,25,9,0,6,0.1875,DR,0.8314743880097293,0,5,0,14,13,0.0,0.2631578947368421,0.0,0.7368421052631579,0.40625,,0.0,0.0,0.0,0.0,0,ur,dl,dr,0,1,0,0,0
4,7,size7_comp0.6_grid7_base_low,7,0.6,low,base,base,4,3,7,5,1,1,1,1,0,1,27,32,0.0,0.46875,0.5,0.25,9,7,8,8,4,8,10,9,21,7,1,4,0.125,DR,0.9886994082884974,0,7,0,9,16,0.0,0.4375,0.0,0.5625,0.5,DR,0.0,0.0,0.0,0.03125,1,ur,dl,dr,0,1,0,0,0
5,7,size7_comp0.6_grid7_base_low,7,0.6,low,base,base,4,3,7,5,1,1,1,1,1,0,-1,25,0.0,0.44,0.44,0.0,2,8,9,6,8,5,6,5,15,4,0,4,0.16,UR,0.9182958340544896,0,6,3,0,16,0.0,0.6666666666666666,0.3333333333333333,0.0,0.64,DL,0.0,0.04,0.08,0.0,2,ur,dl,dr,1,0,0,0,0
6,7,size7_comp0.6_grid7_base_low,7,0.6,low,base,base,4,3,7,5,1,1,1,1,1,1,28,32,0.21875,0.5625,0.5172413793103449,1.0,6,8,11,7,4,10,9,8,20,8,1,3,0.09375,UR,0.7424875695421236,0,15,0,4,13,0.0,0.7894736842105263,0.0,0.21052631578947367,0.40625,UR,0.0,0.0625,0.0,0.03125,1,ur,dl,dr,1,0,0,0,0
7,7,size7_comp0.6_grid7_base_low,7,0.6,low,base,base,4,3,7,5,1,1,1,1,0,1,28,32,0.0,0.46875,0.4827586206896552,0.3333333333333333,9,10,8,5,8,5,8,10,23,8,1,6,0.1875,UR,0.7642045065086203,0,21,0,6,5,0.0,0.7777777777777778,0.0,0.2222222222222222,0.15625,UR,0.0,0.09375,0.0,0.03125,2,ur,dl,dr,1,0,0,0,0
8,7,size7_comp0.6_grid7_base_low,7,0.6,low,base,base,4,3,7,5,1,1,1,1,0,0,-1,32,0.0,0.4375,0.4375,0.0,9,7,6,10,7,8,6,10,24,10,0,4,0.125,UR,-0.0,0,17,0,0,15,0.0,1.0,0.0,0.0,0.46875,UR,0.0,0.125,0.0,0.0,2,ur,dl,dr,1,0,0,0,0
9,7,size7_comp0.6_grid7_base_low,7,0.6,low,base,base,4,3,7,5,1,1,1,1,0,0,-1,32,0.0,0.4375,0.4375,0.0,5,6,11,10,6,5,9,11,24,8,0,7,0.21875,UR,0.9910760598382222,0,5,0,4,23,0.0,0.5555555555555556,0.0,0.4444444444444444,0.71875,,0.0,0.0,0.0,0.0,0,ur,dl,dr,1,0,0,0,0
0,8,size7_comp0.6_grid8_base_low,7,0.6,low,base,base,3,6,9,3,3,1,1,1,0,1,25,32,0.0,0.5625,0.5384615384615384,0.6666666666666666,8,8,8,8,4,7,14,6,21,5,2,2,0.0625,UR,0.8739810481273578,5,12,0,0,15,0.29411764705882354,0.7058823529411765,0.0,0.0,0.46875,UL,0.0625,0.03125,0.0,0.0,2,midline,midline,ul,0,0,0,0,0
1,8,size7_comp0.6_grid8_base_low,7,0.6,low,base,base,3,6,9,3,3,1,1,1,0,1,30,32,0.0,0.4375,0.41935483870967744,1.0,10,3,9,10,7,6,5,13,23,10,0,8,0.25,UR,0.6665783579949205,4,19,0,0,9,0.17391304347826086,0.8260869565217391,0.0,0.0,0.28125,UR,0.03125,0.0625,0.0,0.0,2,midline,midline,ul,0,0,0,0,0
2,8,size7_comp0.6_grid8_base_low,7,0.6,low,base,base,3,6,9,3,3,1,1,1,1,0,-1,7,0.0,0.2857142857142857,0.2857142857142857,0.0,1,2,1,3,1,1,2,2,3,2,0,0,0.0,UR,-0.0,0,6,0,0,1,0.0,1.0,0.0,0.0,0.14285714285714285,UR,0.0,0.14285714285714285,0.0,0.0,1,midline,midline,ul,0,0,0,0,0
3,8,size7_comp0.6_grid8_base_low,7,0.6,low,base,base,3,6,9,3,3,1,1,1,1,1,17,25,0.36,0.64,0.5555555555555556,0.8571428571428571,5,6,6,8,6,6,6,6,13,5,1,2,0.08,UL,0.9940302114769565,6,5,0,0,14,0.5454545454545454,0.45454545454545453,0.0,0.0,0.56,UL,0.04,0.04,0.0,0.0,1,midline,midline,ul,0,1,0,0,0
4,8,size7_comp0.6_grid8_base_low,7,0.6,low,base,base,3,6,9,3,3,1,1,1,1,0,-1,15,0.0,0.4,0.4,0.0,4,5,2,4,1,5,3,5,8,5,0,0,0.0,UR,-0.0,0,5,0,0,10,0.0,1.0,0.0,0.0,0.6666666666666666,,0.0,0.0,0.0,0.0,0,midline,midline,ul,0,0,0,0,0
5,8,size7_comp0.6_grid8_base_low,7,0.6,low,base,base,3,6,9,3,3,1,1,1,0,1,2,32,0.0,0.5625,1.0,0.5172413793103449,7,9,8,8,5,8,10,8,22,8,1,2,0.0625,UL,0.9182958340544896,8,0,4,0,20,0.6666666666666666,0.0,0.3333333333333333,0.0,0.625,UL,0.03125,0.0,0.03125,0.0,1,midline,midline,ul,0,1,0,0,0
6,8,size7_comp0.6_grid8_base_low,7,0.6,low,base,base,3,6,9,3,3,1,1,1,0,0,-1,32,0.0,0.28125,0.28125,0.0,8,2,6,16,9,10,4,8,27,6,0,14,0.4375,UR,-0.0,0,31,0,0,1,0.0,1.0,0.0,0.0,0.03125,UR,0.0,0.5625,0.0,0.0,6,midline,midline,ul,0,0,0,0,0
7,8,size7_comp0.6_grid8_base_low,7,0.6,low,base,base,3,6,9,3,3,1,1,1,1,1,25,32,0.28125,0.59375,0.5,1.0,8,6,8,10,10,7,5,9,22,9,1,3,0.09375,UR,0.6292492238560345,3,16,0,0,13,0.15789473684210525,0.8421052631578947,0.0,0.0,0.40625,UR,0.03125,0.15625,0.0,0.0,4,midline,midline,ul,0,0,0,0,0
8,8,size7_comp0.6_grid8_base_low,7,0.6,low,base,base,3,6,9,3,3,1,1,1,1,0,-1,19,0.0,0.42105263157894735,0.42105263157894735,0.0,3,4,5,7,2,4,3,9,13,9,0,0,0.0,UR,-0.0,0,4,0,0,15,0.0,1.0,0.0,0.0,0.7894736842105263,,0.0,0.0,0.0,0.0,0,midline,midline,ul,0,0,0,0,0
9,8,size7_comp0.6_grid8_base_low,7,0.6,low,base,base,3,6,9,3,3,1,1,1,0,0,-1,32,0.0,0.3125,0.3125,0.0,17,4,5,6,8,9,9,5,26,4,0,12,0.375,UR,-0.0,0,29,0,0,3,0.0,1.0,0.0,0.0,0.09375,UR,0.0,0.4375,0.0,0.0,6,midline,midline,ul,0,0,0,0,0
0,9,size7_comp0.6_grid9_base_low,7,0.6,low,base,base,4,6,10,4,3,1,1,1,1,1,18,28,0.35714285714285715,0.6071428571428571,0.5789473684210527,0.6666666666666666,7,6,7,8,4,11,6,6,18,4,1,4,0.14285714285714285,UL,0.9456603046006401,7,0,0,4,17,0.6363636363636364,0.0,0.0,0.36363636363636365,0.6071428571428571,,0.0,0.0,0.0,0.0,0,midline,ur,dr,0,0,0,0,0
1,9,size7_comp0.6_grid9_base_low,7,0.6,low,base,base,4,6,10,4,3,1,1,1,0,0,-1,32,0.0,0.3125,0.3125,0.0,12,3,4,13,9,9,11,2,23,2,0,15,0.46875,UL,-0.0,6,0,0,0,26,1.0,0.0,0.0,0.0,0.8125,UL,0.0625,0.0,0.0,0.0,2,midline,ur,dr,0,0,0,0,0
2,9,size7_comp0.6_grid9_base_low,7,0.6,low,base,base,4,6,10,4,3,1,1,1,0,0,-1,32,0.0,0.40625,0.40625,0.0,7,11,6,8,5,5,8,13,24,10,0,7,0.21875,UL,-0.0,9,0,0,0,23,1.0,0.0,0.0,0.0,0.71875,UL,0.03125,0.0,0.0,0.0,1,midline,ur,dr,0,0,0,0,0
3,9,size7_comp0.6_grid9_base_low,7,0.6,low,base,base,4,6,10,4,3,1,1,1,0,0,-1,32,0.0,0.34375,0.34375,0.0,6,11,6,9,7,8,7,9,25,6,0,10,0.3125,UL,-0.0,8,0,0,0,24,1.0,0.0,0.0,0.0,0.75,,0.0,0.0,0.0,0.0,0,midline,ur,dr,0,0,0,0,0
4,9,size7_comp0.6_grid9_base_low,7,0.6,low,base,base,4,6,10,4,3,1,1,1,0,1,30,32,0.0,0.46875,0.45161290322580644,1.0,5,6,10,11,5,7,8,11,20,8,0,7,0.21875,UL,1.4618381992568745,9,0,7,3,13,0.47368421052631576,0.0,0.3684210526315789,0.15789473684210525,0.40625,DL,0.0,0.0,0.0625,0.0,2,midline,ur,dr,0,0,0,0,0
5,9,size7_comp0.6_grid9_base_low,7,0.6,low,base,base,4,6,10,4,3,1,1,1,0,1,14,32,0.0,0.53125,0.5333333333333333,0.5294117647058824,9,8,8,7,3,13,7,8,21,7,0,4,0.125,UL,0.7642045065086203,7,0,0,2,23,0.7777777777777778,0.0,0.0,0.2222222222222222,0.71875,UL,0.03125,0.0,0.0,0.0,1,midline,ur,dr,0,0,0,0,0
6,9,size7_comp0.6_grid9_base_low,7,0.6,low,base,base,4,6,10,4,3,1,1,1,0,1,26,32,0.0,0.53125,0.5185185185185185,0.6,7,8,8,9,7,10,7,7,23,5,0,5,0.15625,UL,0.7219280948873623,8,0,0,2,22,0.8,0.0,0.0,0.2,0.6875,,0.0,0.0,0.0,0.0,0,midline,ur,dr,0,0,0,0,0
7,9,size7_comp0.6_grid9_base_low,7,0.6,low,base,base,4,6,10,4,3,1,1,1,1,1,20,31,0.3225806451612903,0.5806451612903226,0.5238095238095238,0.7,11,5,7,8,10,8,8,4,21,4,0,5,0.16129032258064516,DL,1.0,0,0,2,2,27,0.0,0.0,0.5,0.5,0.8709677419354839,,0.0,0.0,0.0,0.0,0,midline,ur,dr,0,0,0,0,0
8,9,size7_comp0.6_grid9_base_low,7,0.6,low,base,base,4,6,10,4,3,1,1,1,0,1,27,32,0.0,0.5,0.4642857142857143,0.75,5,9,9,9,5,9,8,9,24,7,0,6,0.1875,DR,0.8112781244591328,1,0,0,3,28,0.25,0.0,0.0,0.75,0.875,,0.0,0.0,0.0,0.0,0,midline,ur,dr,0,1,0,0,0
9,9,size7_comp0.6_grid9_base_low,7,0.6,low,base,base,4,6,10,4,3,1,1,1,0,0,-1,32,0.0,0.53125,0.53125,0.0,7,7,7,11,6,9,7,9,21,9,0,1,0.03125,UL,1.224394445405986,6,0,2,1,23,0.6666666666666666,0.0,0.2222222222222222,0.1111111111111111,0.71875,,0.0,0.0,0.0,0.0,0,midline,ur,dr,0,0,0,0,0
0,0,size9_comp0.0_grid0_base_low,9,0.0,low,base,base,3,5,8,8,0,1,1,1,0,1,30,48,0.0,0.5625,0.5483870967741935,0.5882352941176471,12,9,11,16,11,13,12,11,27,11,2,0,0.0,UL,1.4885252948977485,16,6,2,2,22,0.6153846153846154,0.23076923076923078,0.07692307692307693,0.07692307692307693,0.4583333333333333,UL,0.0625,0.020833333333333332,0.0,0.0,1,dl,ur,dr,0,0,0,0,0
1,0,size9_comp0.0_grid0_base_low,9,0.0,low,base,base,3,5,8,8,0,1,1,1,1,1,8,29,0.27586206896551724,0.6206896551724138,0.6666666666666666,0.6,8,4,7,10,11,6,4,7,11,7,1,1,0.034482758620689655,UL,1.3361602543738118,13,1,5,1,9,0.65,0.05,0.25,0.05,0.3103448275862069,UL,0.20689655172413793,0.0,0.0,0.0,3,dl,ur,dr,0,0,0,0,0
2,0,size9_comp0.0_grid0_base_low,9,0.0,low,base,base,3,5,8,8,0,1,1,1,0,1,28,48,0.0,0.5416666666666666,0.5517241379310345,0.5263157894736842,12,10,12,14,15,12,11,9,22,8,0,0,0.0,UR,1.5193308322365362,6,15,2,2,23,0.24,0.6,0.08,0.08,0.4791666666666667,UL,0.0625,0.020833333333333332,0.0,0.0,3,dl,ur,dr,0,0,0,0,0
3,0,size9_comp0.0_grid0_base_low,9,0.0,low,base,base,3,5,8,8,0,1,1,1,1,0,-1,19,0.0,0.3684210526315789,0.3684210526315789,0.0,6,0,5,8,8,6,1,3,8,2,0,3,0.15789473684210525,UL,1.1216407621868583,11,4,1,0,3,0.6875,0.25,0.0625,0.0,0.15789473684210525,UL,0.3684210526315789,0.0,0.0,0.0,4,dl,ur,dr,0,0,0,0,0
4,0,size9_comp0.0_grid0_base_low,9,0.0,low,base,base,3,5,8,8,0,1,1,1,0,1,34,48,0.0,0.5208333333333334,0.5428571428571428,0.46153846153846156,11,9,14,14,11,8,20,8,27,8,0,0,0.0,UL,1.7139350452807205,13,8,4,2,21,0.48148148148148145,0.2962962962962963,0.14814814814814814,0.07407407407407407,0.4375,UR,0.0,0.041666666666666664,0.0,0.0,1,dl,ur,dr,0,0,0,0,0
5,0,size9_comp0.0_grid0_base_low,9,0.0,low,base,base,3,5,8,8,0,1,1,1,0,1,8,48,0.0,0.5416666666666666,0.6666666666666666,0.5128205128205128,12,9,13,14,12,7,16,12,31,12,1,0,0.0,UL,1.4313076001654323,16,2,9,1,20,0.5714285714285714,0.07142857142857142,0.32142857142857145,0.03571428571428571,0.4166666666666667,UL,0.08333333333333333,0.0,0.0,0.0,3,dl,ur,dr,0,0,0,0,0
6,0,size9_comp0.0_grid0_base_low,9,0.0,low,base,base,3,5,8,8,0,1,1,1,1,1,8,18,0.4444444444444444,0.7222222222222222,0.6666666666666666,0.7777777777777778,5,1,4,8,2,6,6,3,4,3,1,0,0.0,DL,1.75,1,2,4,1,10,0.125,0.25,0.5,0.125,0.5555555555555556,,0.0,0.0,0.0,0.0,0,dl,ur,dr,1,0,0,0,0
7,0,size9_comp0.0_grid0_base_low,9,0.0,low,base,base,3,5,8,8,0,1,1,1,0,1,42,48,0.0,0.5416666666666666,0.5348837209302325,0.6,13,11,11,13,9,15,11,12,29,12,1,0,0.0,UL,1.5198391430437925,12,2,7,1,26,0.5454545454545454,0.09090909090909091,0.3181818181818182,0.045454545454545456,0.5416666666666666,,0.0,0.0,0.0,0.0,0,dl,ur,dr,0,0,0,0,0
8,0,size9_comp0.0_grid0_base_low,9,0.0,low,base,base,3,5,8,8,0,1,1,1,0,0,-1,48,0.0,0.4791666666666667,0.4791666666666667,0.0,13,10,11,14,6,15,16,10,28,9,0,1,0.020833333333333332,UR,1.1941737342569119,12,22,2,0,12,0.3333333333333333,0.6111111111111112,0.05555555555555555,0.0,0.25,UL,0.14583333333333334,0.125,0.0,0.0,4,dl,ur,dr,0,0,0,0,0
9,0,size9_comp0.0_grid0_base_low,9,0.0,low,base,base,3,5,8,8,0,1,1,1,0,1,42,48,0.0,0.5416666666666666,0.5348837209302325,0.6,11,9,13,15,7,20,7,13,27,12,0,0,0.0,UL,1.3793929556575797,17,7,2,1,21,0.6296296296296297,0.25925925925925924,0.07407407407407407,0.037037037037037035,0.4375,UL,0.0625,0.0,0.0,0.0,1,dl,ur,dr,0,0,0,0,0
0,1,size9_comp0.0_grid1_base_low,9,0.0,low,base,base,3,4,7,3,2,1,1,1,0,1,16,48,0.0,0.5208333333333334,0.5882352941176471,0.4838709677419355,13,16,10,9,7,12,12,16,29,16,6,0,0.0,UR,1.2197484934607565,0,11,1,10,26,0.0,0.5,0.045454545454545456,0.45454545454545453,0.5416666666666666,UR,0.0,0.020833333333333332,0.0,0.020833333333333332,1,ur,ur,midline,1,0,0,0,0
1,1,size9_comp0.0_grid1_base_low,9,0.0,low,base,base,3,4,7,3,2,1,1,1,1,0,-1,44,0.0,0.4318181818181818,0.4318181818181818,0.0,13,10,9,12,9,17,8,9,34,8,0,5,0.11363636363636363,UR,-0.0,0,41,0,0,3,0.0,1.0,0.0,0.0,0.06818181818181818,UR,0.0,0.5227272727272727,0.0,0.0,14,ur,ur,midline,1,0,0,0,0
2,1,size9_comp0.0_grid1_base_low,9,0.0,low,base,base,3,4,7,3,2,1,1,1,1,0,-1,7,0.0,0.42857142857142855,0.42857142857142855,0.0,1,2,1,3,0,2,3,1,1,1,0,0,0.0,UR,-0.0,0,5,0,0,2,0.0,1.0,0.0,0.0,0.2857142857142857,UR,0.0,0.14285714285714285,0.0,0.0,1,ur,ur,midline,1,0,0,0,0
3,1,size9_comp0.0_grid1_base_low,9,0.0,low,base,base,3,4,7,3,2,1,1,1,0,1,40,48,0.0,0.4791666666666667,0.4878048780487805,0.42857142857142855,17,16,8,7,12,8,12,15,37,14,5,4,0.08333333333333333,UR,-0.0,0,28,0,0,20,0.0,1.0,0.0,0.0,0.4166666666666667,UR,0.0,0.2708333333333333,0.0,0.0,4,ur,ur,midline,1,0,0,0,0
4,1,size9_comp0.0_grid1_base_low,9,0.0,low,base,base,3,4,7,3,2,1,1,1,1,1,2,39,0.1794871794871795,0.5897435897435898,1.0,0.5555555555555556,10,11,8,10,5,11,11,11,25,11,7,0,0.0,UR,0.9055872616982603,2,12,1,0,24,0.13333333333333333,0.8,0.06666666666666667,0.0,0.6153846153846154,,0.0,0.0,0.0,0.0,0,ur,ur,midline,1,0,0,0,0
5,1,size9_comp0.0_grid1_base_low,9,0.0,low,base,base,3,4,7,3,2,1,1,1,1,0,-1,3,0.0,0.3333333333333333,0.3333333333333333,0.0,0,1,0,2,0,1,1,0,0,0,0,0,0.0,UR,-0.0,0,3,0,0,0,0.0,1.0,0.0,0.0,0.0,UR,0.0,0.3333333333333333,0.0,0.0,1,ur,ur,midline,1,0,0,0,0
6,1,size9_comp0.0_grid1_base_low,9,0.0,low,base,base,3,4,7,3,2,1,1,1,1,1,16,25,0.28,0.64,0.5882352941176471,0.75,4,5,7,9,4,11,5,4,14,4,2,0,0.0,UR,1.2638091738835462,5,8,0,1,11,0.35714285714285715,0.5714285714285714,0.0,0.07142857142857142,0.44,,0.0,0.0,0.0,0.0,0,ur,ur,midline,1,0,0,0,0
7,1,size9_comp0.0_grid1_base_low,9,0.0,low,base,base,3,4,7,3,2,1,1,1,0,1,15,48,0.0,0.4791666666666667,0.5625,0.4375,13,17,10,8,8,13,17,9,28,8,1,1,0.020833333333333332,UR,1.2244883781338562,0,19,4,5,20,0.0,0.6785714285714286,0.14285714285714285,0.17857142857142858,0.4166666666666667,UR,0.0,0.14583333333333334,0.0,0.0,4,ur,ur,midline,1,0,0,0,0
8,1,size9_comp0.0_grid1_base_low,9,0.0,low,base,base,3,4,7,3,2,1,1,1,1,0,-1,7,0.0,0.42857142857142855,0.42857142857142855,0.0,1,2,1,3,2,0,3,1,2,1,0,0,0.0,UR,-0.0,0,7,0,0,0,0.0,1.0,0.0,0.0,0.0,UR,0.0,0.8571428571428571,0.0,0.0,6,ur,ur,midline,1,0,0,0,0
9,1,size9_comp0.0_grid1_base_low,9,0.0,low,base,base,3,4,7,3,2,1,1,1,1,0,-1,28,0.0,0.4642857142857143,0.4642857142857143,0.0,8,8,5,7,4,8,9,6,18,6,0,1,0.03571428571428571,UR,-0.0,0,21,0,0,7,0.0,1.0,0.0,0.0,0.25,UR,0.0,0.25,0.0,0.0,4,ur,ur,midline,1,0,0,0,0
0,2,size9_comp0.0_grid2_base_low,9,0.0,low,base,base,8,4,12,6,3,1,1,1,1,0,-1,22,0.0,0.5454545454545454,0.5454545454545454,0.0,8,6,3,5,4,7,7,3,8,2,0,2,0.09090909090909091,DL,0.5435644431995964,0,0,14,2,6,0.0,0.0,0.875,0.125,0.2727272727272727,DL,0.0,0.0,0.3181818181818182,0.0,4,dl,midline,midline,1,0,0,0,0
1,2,size9_comp0.0_grid2_base_low,9,0.0,low,base,base,8,4,12,6,3,1,1,1,1,0,-1,28,0.0,0.5714285714285714,0.5714285714285714,0.0,7,4,7,10,4,7,5,11,17,11,0,0,0.0,DL,0.7918583525674836,5,0,16,0,7,0.23809523809523808,0.0,0.7619047619047619,0.0,0.25,DL,0.0,0.0,0.07142857142857142,0.0,2,dl,midline,midline,1,0,0,0,0
2,2,size9_comp0.0_grid2_base_low,9,0.0,low,base,base,8,4,12,6,3,1,1,1,1,0,-1,42,0.0,0.5238095238095238,0.5238095238095238,0.0,9,6,12,15,13,7,9,12,18,10,0,2,0.047619047619047616,DR,1.8473832535694332,6,4,11,14,7,0.17142857142857143,0.11428571428571428,0.3142857142857143,0.4,0.16666666666666666,DL,0.0,0.023809523809523808,0.14285714285714285,0.11904761904761904,4,dl,midline,midline,0,0,0,0,0
3,2,size9_comp0.0_grid2_base_low,9,0.0,low,base,base,8,4,12,6,3,1,1,1,1,1,7,22,0.5454545454545454,0.7727272727272727,1.0,0.6428571428571429,5,2,6,9,6,7,6,2,7,2,0,0,0.0,DL,1.3092966682370037,0,2,7,2,11,0.0,0.18181818181818182,0.6363636363636364,0.18181818181818182,0.5,DL,0.0,0.0,0.09090909090909091,0.0,2,dl,midline,midline,1,0,0,0,0
4,2,size9_comp0.0_grid2_base_low,9,0.0,low,base,base,8,4,12,6,3,1,1,1,1,0,-1,27,0.0,0.5555555555555556,0.5555555555555556,0.0,8,5,6,8,5,7,7,7,12,7,0,1,0.037037037037037035,UR,0.8314743880097293,0,14,5,0,8,0.0,0.7368421052631579,0.2631578947368421,0.0,0.2962962962962963,UR,0.0,0.18518518518518517,0.07407407407407407,0.0,3,dl,midline,midline,0,0,0,0,0
5,2,size9_comp0.0_grid2_base_low,9,0.0,low,base,base,8,4,12,6,3,1,1,1,1,0,-1,34,0.0,0.5294117647058824,0.5294117647058824,0.0,8,5,10,11,3,14,5,11,19,11,0,2,0.058823529411764705,DL,0.49715018363696706,0,1,22,1,10,0.0,0.041666666666666664,0.9166666666666666,0.041666666666666664,0.29411764705882354,DL,0.0,0.0,0.29411764705882354,0.0,7,dl,midline,midline,1,0,0,0,0
6,2,size9_comp0.0_grid2_base_low,9,0.0,low,base,base,8,4,12,6,3,1,1,1,1,1,15,20,0.6,0.8,0.75,1.0,5,2,5,8,5,7,5,2,3,2,0,0,0.0,DR,1.4294732983598406,0,2,6,7,5,0.0,0.13333333333333333,0.4,0.4666666666666667,0.25,DR,0.0,0.0,0.1,0.15,3,dl,midline,midline,0,0,0,0,0
7,2,size9_comp0.0_grid2_base_low,9,0.0,low,base,base,8,4,12,6,3,1,1,1,0,0,-1,48,0.0,0.5,0.5,0.0,17,9,7,15,9,12,13,13,27,11,0,6,0.125,UR,1.0961085701090179,4,25,5,0,14,0.11764705882352941,0.7352941176470589,0.14705882352941177,0.0,0.2916666666666667,UR,0.0,0.3333333333333333,0.0625,0.0,13,dl,midline,midline,0,0,0,0,0
8,2,size9_comp0.0_grid2_base_low,9,0.0,low,base,base,8,4,12,6,3,1,1,1,1,1,13,19,0.631578947368421,0.7894736842105263,0.7857142857142857,0.8,4,1,5,9,8,5,3,2,7,2,1,1,0.05263157894736842,UR,1.0,0,4,4,0,11,0.0,0.5,0.5,0.0,0.5789473684210527,DL,0.0,0.0,0.10526315789473684,0.0,2,dl,midline,midline,0,0,0,0,0
9,2,size9_comp0.0_grid2_base_low,9,0.0,low,base,base,8,4,12,6,3,1,1,1,1,0,-1,10,0.0,0.6,0.6,0.0,3,0,3,4,5,2,2,0,2,0,0,2,0.2,DL,1.061278124459133,0,1,6,1,2,0.0,0.125,0.75,0.125,0.2,DL,0.0,0.0,0.3,0.0,3,dl,midline,midline,1,0,0,0,0
0,3,size9_comp0.0_grid3_base_low,9,0.0,low,base,base,3,6,9,9,0,1,1,1,0,1,6,48,0.0,0.4583333333333333,0.7142857142857143,0.4146341463414634,12,9,13,14,16,7,6,18,34,16,1,3,0.0625,UR,0.1792560669283215,1,36,0,0,11,0.02702702702702703,0.972972972972973,0.0,0.0,0.22916666666666666,UR,0.0,0.4166666666666667,0.0,0.0,5,ur,dl,midline,1,0,0,0,0
1,3,size9_comp0.0_grid3_base_low,9,0.0,low,base,base,3,6,9,9,0,1,1,1,0,1,16,48,0.0,0.4791666666666667,0.5882352941176471,0.41935483870967744,12,9,14,13,16,11,11,9,32,9,0,1,0.020833333333333332,UR,0.1792560669283215,0,36,0,1,11,0.0,0.972972972972973,0.0,0.02702702702702703,0.22916666666666666,UR,0.0,0.2916666666666667,0.0,0.0,3,ur,dl,midline,1,0,0,0,0
2,3,size9_comp0.0_grid3_base_low,9,0.0,low,base,base,3,6,9,9,0,1,1,1,0,1,40,48,0.0,0.4791666666666667,0.5365853658536586,0.14285714285714285,12,10,13,13,13,10,8,16,29,16,1,0,0.0,UR,0.9709505944546686,14,21,0,0,13,0.4,0.6,0.0,0.0,0.2708333333333333,UR,0.0,0.2708333333333333,0.0,0.0,11,ur,dl,midline,1,0,0,0,0
3,3,size9_comp0.0_grid3_base_low,9,0.0,low,base,base,3,6,9,9,0,1,1,1,0,1,16,48,0.0,0.4791666666666667,0.5882352941176471,0.41935483870967744,12,9,14,13,9,15,10,13,33,12,1,1,0.020833333333333332,UR,0.3095434291503252,2,34,0,0,12,0.05555555555555555,0.9444444444444444,0.0,0.0,0.25,UR,0.0,0.3333333333333333,0.0,0.0,7,ur,dl,midline,1,0,0,0,0
4,3,size9_comp0.0_grid3_base_low,9,0.0,low,base,base,3,6,9,9,0,1,1,1,1,0,-1,17,0.0,0.4117647058823529,0.4117647058823529,0.0,3,6,7,1,9,3,2,2,3,2,0,0,0.0,UR,1.5,0,6,3,3,5,0.0,0.5,0.25,0.25,0.29411764705882354,UR,0.0,0.23529411764705882,0.058823529411764705,0.058823529411764705,4,ur,dl,midline,1,0,0,0,0
5,3,size9_comp0.0_grid3_base_low,9,0.0,low,base,base,3,6,9,9,0,1,1,1,0,1,10,48,0.0,0.4583333333333333,0.6363636363636364,0.40540540540540543,13,10,12,13,16,9,10,12,31,12,1,2,0.041666666666666664,UR,0.7851515777256602,6,32,1,0,9,0.15384615384615385,0.8205128205128205,0.02564102564102564,0.0,0.1875,UR,0.020833333333333332,0.3541666666666667,0.0,0.0,7,ur,dl,midline,1,0,0,0,0
6,3,size9_comp0.0_grid3_base_low,9,0.0,low,base,base,3,6,9,9,0,1,1,1,0,0,-1,48,0.0,0.5208333333333334,0.5208333333333334,0.0,8,9,17,14,8,14,14,11,27,11,0,0,0.0,UL,0.7691928290130138,31,9,0,0,8,0.775,0.225,0.0,0.0,0.16666666666666666,UL,0.22916666666666666,0.0625,0.0,0.0,4,ur,dl,midline,0,0,0,0,0
7,3,size9_comp0.0_grid3_base_low,9,0.0,low,base,base,3,6,9,9,0,1,1,1,0,1,2,48,0.0,0.5,1.0,0.4666666666666667,10,8,16,14,9,15,8,15,34,15,0,1,0.020833333333333332,UR,0.49418293484978865,4,33,0,0,11,0.10810810810810811,0.8918918918918919,0.0,0.0,0.22916666666666666,UR,0.020833333333333332,0.3125,0.0,0.0,5,ur,dl,midline,1,0,0,0,0
8,3,size9_comp0.0_grid3_base_low,9,0.0,low,base,base,3,6,9,9,0,1,1,1,0,1,34,48,0.0,0.4791666666666667,0.5428571428571428,0.3076923076923077,11,9,14,14,12,16,5,14,31,14,1,0,0.0,UR,0.3227569588973982,2,32,0,0,14,0.058823529411764705,0.9411764705882353,0.0,0.0,0.2916666666666667,UR,0.0,0.25,0.0,0.0,2,ur,dl,midline,1,0,0,0,0
9,3,size9_comp0.0_grid3_base_low,9,0.0,low,base,base,3,6,9,9,0,1,1,1,0,1,19,48,0.0,0.4791666666666667,0.55,0.42857142857142855,12,10,13,13,16,15,10,6,33,6,3,1,0.020833333333333332,UR,0.4798320236161285,3,26,0,0,19,0.10344827586206896,0.896551724137931,0.0,0.0,0.3958333333333333,UR,0.0,0.16666666666666666,0.0,0.0,3,ur,dl,midline,1,0,0,0,0
0,4,size9_comp0.0_grid4_base_low,9,0.0,low,base,base,7,4,11,5,3,1,1,1,1,1,38,43,0.2558139534883721,0.627906976744186,0.5897435897435898,1.0,11,10,9,13,9,13,13,7,22,7,0,0,0.0,UL,0.996316519558962,15,13,0,0,15,0.5357142857142857,0.4642857142857143,0.0,0.0,0.3488372093023256,UL,0.11627906976744186,0.06976744186046512,0.0,0.0,2,ul,ur,midline,1,0,0,0,0
1,4,size9_comp0.0_grid4_base_low,9,0.0,low,base,base,7,4,11,5,3,1,1,1,1,0,-1,11,0.0,0.6363636363636364,0.6363636363636364,0.0,3,2,1,5,2,2,4,2,2,2,0,0,0.0,UL,0.7642045065086203,7,2,0,0,2,0.7777777777777778,0.2222222222222222,0.0,0.0,0.18181818181818182,UL,0.2727272727272727,0.0,0.0,0.0,3,ul,ur,midline,1,0,0,0,0
2,4,size9_comp0.0_grid4_base_low,9,0.0,low,base,base,7,4,11,5,3,1,1,1,1,1,42,48,0.22916666666666666,0.6041666666666666,0.5813953488372093,0.8,12,10,11,15,14,9,13,11,27,11,0,1,0.020833333333333332,UL,1.4093608652873644,11,11,3,0,23,0.44,0.44,0.12,0.0,0.4791666666666667,UL,0.0625,0.0625,0.0,0.0,3,ul,ur,midline,1,0,0,0,0
3,4,size9_comp0.0_grid4_base_low,9,0.0,low,base,base,7,4,11,5,3,1,1,1,1,1,22,30,0.36666666666666664,0.6333333333333333,0.6086956521739131,0.7142857142857143,9,7,4,10,6,9,7,7,17,7,2,3,0.1,UR,0.9426831892554922,9,16,0,0,5,0.36,0.64,0.0,0.0,0.16666666666666666,UR,0.13333333333333333,0.2,0.0,0.0,3,ul,ur,midline,0,0,0,0,0
4,4,size9_comp0.0_grid4_base_low,9,0.0,low,base,base,7,4,11,5,3,1,1,1,1,0,-1,22,0.0,0.5454545454545454,0.5454545454545454,0.0,7,5,3,7,11,6,3,1,5,1,0,1,0.045454545454545456,UL,1.1221136771091087,13,3,2,0,4,0.7222222222222222,0.16666666666666666,0.1111111111111111,0.0,0.18181818181818182,UL,0.22727272727272727,0.0,0.0,0.0,3,ul,ur,midline,1,0,0,0,0
5,4,size9_comp0.0_grid4_base_low,9,0.0,low,base,base,7,4,11,5,3,1,1,1,1,0,-1,19,0.0,0.5789473684210527,0.5789473684210527,0.0,5,4,3,7,3,6,5,4,8,4,0,0,0.0,UR,0.9940302114769565,5,6,0,0,8,0.45454545454545453,0.5454545454545454,0.0,0.0,0.42105263157894735,UL,0.05263157894736842,0.0,0.0,0.0,1,ul,ur,midline,0,0,0,0,0
6,4,size9_comp0.0_grid4_base_low,9,0.0,low,base,base,7,4,11,5,3,1,1,1,0,1,44,48,0.0,0.6041666666666666,0.5777777777777777,1.0,12,11,10,15,10,14,10,13,29,13,1,0,0.0,UR,1.4337802835795792,11,17,0,5,15,0.3333333333333333,0.5151515151515151,0.0,0.15151515151515152,0.3125,UR,0.041666666666666664,0.125,0.0,0.0,5,ul,ur,midline,0,0,0,0,0
7,4,size9_comp0.0_grid4_base_low,9,0.0,low,base,base,7,4,11,5,3,1,1,1,1,1,18,24,0.4583333333333333,0.7083333333333334,0.6842105263157895,0.8,8,6,3,7,9,6,4,4,8,4,0,1,0.041666666666666664,UR,1.2516291673878228,8,9,0,1,6,0.4444444444444444,0.5,0.0,0.05555555555555555,0.25,UL,0.16666666666666666,0.16666666666666666,0.0,0.0,3,ul,ur,midline,0,0,0,0,0
8,4,size9_comp0.0_grid4_base_low,9,0.0,low,base,base,7,4,11,5,3,1,1,1,1,1,29,47,0.23404255319148937,0.5957446808510638,0.6,0.5882352941176471,12,10,11,14,12,13,9,12,26,12,1,2,0.0425531914893617,UL,1.2060026902433665,14,2,5,0,26,0.6666666666666666,0.09523809523809523,0.23809523809523808,0.0,0.5531914893617021,UL,0.06382978723404255,0.0,0.02127659574468085,0.0,1,ul,ur,midline,1,0,0,0,0
9,4,size9_comp0.0_grid4_base_low,9,0.0,low,base,base,7,4,11,5,3,1,1,1,1,1,42,47,0.23404255319148937,0.6170212765957447,0.5813953488372093,1.0,13,12,9,13,10,16,13,7,28,7,0,0,0.0,UR,1.2695459925589747,8,18,1,1,19,0.2857142857142857,0.6428571428571429,0.03571428571428571,0.03571428571428571,0.40425531914893614,UR,0.0425531914893617,0.06382978723404255,0.0,0.0,1,ul,ur,midline,0,0,0,0,0
0,5,size9_comp0.0_grid5_base_low,9,0.0,low,base,base,9,6,15,5,5,1,1,1,1,0,-1,27,0.0,0.5555555555555556,0.5555555555555556,0.0,6,6,5,10,5,7,9,5,15,5,0,0,0.0,UL,0.4537163391869448,19,2,0,0,6,0.9047619047619048,0.09523809523809523,0.0,0.0,0.2222222222222222,UL,0.25925925925925924,0.0,0.0,0.0,2,ul,ur,dr,1,0,0,0,0
1,5,size9_comp0.0_grid5_base_low,9,0.0,low,base,base,9,6,15,5,5,1,1,1,1,1,40,47,0.3191489361702128,0.6595744680851063,0.6097560975609756,1.0,16,16,5,10,15,8,10,13,21,13,1,0,0.0,UL,1.949082295352821,8,4,7,5,23,0.3333333333333333,0.16666666666666666,0.2916666666666667,0.20833333333333334,0.48936170212765956,UL,0.0425531914893617,0.0,0.02127659574468085,0.0,2,ul,ur,dr,1,0,0,0,0
2,5,size9_comp0.0_grid5_base_low,9,0.0,low,base,base,9,6,15,5,5,1,1,1,0,0,-1,48,0.0,0.5625,0.5625,0.0,11,14,9,14,9,11,15,12,26,12,0,0,0.0,UL,1.4777369427952023,20,1,5,7,15,0.6060606060606061,0.030303030303030304,0.15151515151515152,0.21212121212121213,0.3125,UL,0.20833333333333334,0.0,0.0,0.0,5,ul,ur,dr,1,0,0,0,0
3,5,size9_comp0.0_grid5_base_low,9,0.0,low,base,base,9,6,15,5,5,1,1,1,1,1,19,30,0.5,0.7333333333333333,0.7,0.8,7,7,6,10,10,5,7,7,14,6,1,1,0.03333333333333333,UL,0.6998428398862386,13,1,0,1,15,0.8666666666666667,0.06666666666666667,0.0,0.06666666666666667,0.5,UL,0.16666666666666666,0.0,0.0,0.0,4,ul,ur,dr,1,0,0,0,0
4,5,size9_comp0.0_grid5_base_low,9,0.0,low,base,base,9,6,15,5,5,1,1,1,1,0,-1,31,0.0,0.5483870967741935,0.5483870967741935,0.0,8,8,5,10,8,7,8,7,15,7,0,0,0.0,UL,1.3015742892816131,13,8,0,2,8,0.5652173913043478,0.34782608695652173,0.0,0.08695652173913043,0.25806451612903225,UL,0.12903225806451613,0.0,0.0,0.0,2,ul,ur,dr,1,0,0,0,0
5,5,size9_comp0.0_grid5_base_low,9,0.0,low,base,base,9,6,15,5,5,1,1,1,0,1,28,48,0.0,0.6041666666666666,0.6551724137931034,0.5263157894736842,10,12,12,14,12,12,10,13,21,13,2,0,0.0,UL,1.6925241194390106,15,1,9,11,12,0.4166666666666667,0.027777777777777776,0.25,0.3055555555555556,0.25,DR,0.08333333333333333,0.0,0.020833333333333332,0.14583333333333334,6,ul,ur,dr,1,0,0,0,0
6,5,size9_comp0.0_grid5_base_low,9,0.0,low,base,base,9,6,15,5,5,1,1,1,0,0,-1,48,0.0,0.5625,0.5625,0.0,12,15,8,13,8,10,11,18,27,17,0,0,0.0,DR,1.4688153412087308,9,8,0,19,12,0.25,0.2222222222222222,0.0,0.5277777777777778,0.25,DR,0.08333333333333333,0.0,0.0,0.20833333333333334,6,ul,ur,dr,0,1,0,0,0
7,5,size9_comp0.0_grid5_base_low,9,0.0,low,base,base,9,6,15,5,5,1,1,1,1,0,-1,27,0.0,0.5555555555555556,0.5555555555555556,0.0,7,7,4,9,5,5,7,9,14,9,0,0,0.0,UL,1.2389012566026305,8,4,0,1,14,0.6153846153846154,0.3076923076923077,0.0,0.07692307692307693,0.5185185185185185,UL,0.1111111111111111,0.0,0.0,0.0,2,ul,ur,dr,1,0,0,0,0
8,5,size9_comp0.0_grid5_base_low,9,0.0,low,base,base,9,6,15,5,5,1,1,1,0,1,32,48,0.0,0.625,0.6363636363636364,0.6,13,13,10,12,14,10,13,10,26,10,1,0,0.0,UR,1.8193919108234178,6,10,2,9,21,0.2222222222222222,0.37037037037037035,0.07407407407407407,0.3333333333333333,0.4375,UL,0.041666666666666664,0.020833333333333332,0.0,0.0,2,ul,ur,dr,0,0,0,0,0
9,5,size9_comp0.0_grid5_base_low,9,0.0,low,base,base,9,6,15,5,5,1,1,1,1,0,-1,13,0.0,0.6153846153846154,0.6153846153846154,0.0,3,3,1,6,1,3,6,2,4,2,0,0,0.0,UL,0.6500224216483541,10,2,0,0,1,0.8333333333333334,0.16666666666666666,0.0,0.0,0.07692307692307693,UL,0.3076923076923077,0.0,0.0,0.0,2,ul,ur,dr,1,0,0,0,0
0,6,size9_comp0.0_grid6_base_low,9,0.0,low,base,base,5,11,16,8,4,1,1,1,0,1,14,48,0.0,0.5,0.6,0.45454545454545453,10,7,13,18,17,7,11,12,33,10,3,4,0.08333333333333333,UR,0.7897492536625221,9,29,0,0,10,0.23684210526315788,0.7631578947368421,0.0,0.0,0.20833333333333334,UR,0.020833333333333332,0.3958333333333333,0.0,0.0,11,ul,dl,ur,0,1,0,0,0
1,6,size9_comp0.0_grid6_base_low,9,0.0,low,base,base,5,11,16,8,4,1,1,1,0,1,23,48,0.0,0.5208333333333334,0.5833333333333334,0.4583333333333333,11,9,12,16,13,16,10,8,30,7,5,3,0.0625,UR,0.6997722217733069,7,30,0,0,11,0.1891891891891892,0.8108108108108109,0.0,0.0,0.22916666666666666,UR,0.0,0.4375,0.0,0.0,9,ul,dl,ur,0,1,0,0,0
2,6,size9_comp0.0_grid6_base_low,9,0.0,low,base,base,5,11,16,8,4,1,1,1,0,1,30,48,0.0,0.5,0.5806451612903226,0.35294117647058826,15,11,9,13,6,16,9,16,32,13,4,5,0.10416666666666667,UR,0.8296071030882031,11,31,0,0,6,0.2619047619047619,0.7380952380952381,0.0,0.0,0.125,UR,0.041666666666666664,0.4791666666666667,0.0,0.0,18,ul,dl,ur,0,1,0,0,0
3,6,size9_comp0.0_grid6_base_low,9,0.0,low,base,base,5,11,16,8,4,1,1,1,0,1,26,48,0.0,0.4791666666666667,0.5925925925925926,0.3333333333333333,14,11,8,15,14,15,4,14,27,12,3,6,0.125,UR,1.0270835132283895,9,23,1,0,15,0.2727272727272727,0.696969696969697,0.030303030303030304,0.0,0.3125,UR,0.125,0.3541666666666667,0.0,0.0,14,ul,dl,ur,0,1,0,0,0
4,6,size9_comp0.0_grid6_base_low,9,0.0,low,base,base,5,11,16,8,4,1,1,1,0,1,17,48,0.0,0.4791666666666667,0.6111111111111112,0.4,9,5,14,20,9,11,11,16,39,14,2,6,0.125,UR,0.2623112196143366,2,43,0,0,3,0.044444444444444446,0.9555555555555556,0.0,0.0,0.0625,UR,0.0,0.625,0.0,0.0,16,ul,dl,ur,0,1,0,0,0
5,6,size9_comp0.0_grid6_base_low,9,0.0,low,base,base,5,11,16,8,4,1,1,1,0,1,24,48,0.0,0.5,0.6,0.391304347826087,9,8,12,19,9,13,9,16,32,14,6,5,0.10416666666666667,UR,0.30337483608641397,2,35,0,0,11,0.05405405405405406,0.9459459459459459,0.0,0.0,0.22916666666666666,UR,0.0,0.5,0.0,0.0,24,ul,dl,ur,0,1,0,0,0
6,6,size9_comp0.0_grid6_base_low,9,0.0,low,base,base,5,11,16,8,4,1,1,1,0,1,8,48,0.0,0.5208333333333334,0.7777777777777778,0.46153846153846156,12,10,11,15,7,21,10,9,35,8,16,2,0.041666666666666664,UR,0.2623112196143366,2,43,0,0,3,0.044444444444444446,0.9555555555555556,0.0,0.0,0.0625,UR,0.0,0.6666666666666666,0.0,0.0,9,ul,dl,ur,0,1,0,0,0
7,6,size9_comp0.0_grid6_base_low,9,0.0,low,base,base,5,11,16,8,4,1,1,1,0,1,4,48,0.0,0.4791666666666667,1.0,0.4186046511627907,16,11,8,13,13,10,10,14,38,11,15,7,0.14583333333333334,UR,0.5032583347756457,5,40,0,0,3,0.1111111111111111,0.8888888888888888,0.0,0.0,0.0625,UR,0.0,0.7708333333333334,0.0,0.0,27,ul,dl,ur,0,1,0,0,0
8,6,size9_comp0.0_grid6_base_low,9,0.0,low,base,base,5,11,16,8,4,1,1,1,0,1,22,48,0.0,0.5,0.6086956521739131,0.4,10,7,13,18,13,13,7,14,29,12,3,5,0.10416666666666667,UR,0.8541802051521676,12,31,0,0,5,0.27906976744186046,0.7209302325581395,0.0,0.0,0.10416666666666667,UR,0.14583333333333334,0.5208333333333334,0.0,0.0,10,ul,dl,ur,0,1,0,0,0
9,6,size9_comp0.0_grid6_base_low,9,0.0,low,base,base,5,11,16,8,4,1,1,1,0,0,-1,48,0.0,0.5208333333333334,0.5208333333333334,0.0,9,8,13,18,12,11,12,12,31,11,0,2,0.041666666666666664,UL,0.783776947484701,23,7,0,0,18,0.7666666666666667,0.23333333333333334,0.0,0.0,0.375,UL,0.0625,0.0625,0.0,0.0,3,ul,dl,ur,1,0,0,0,0
0,7,size9_comp0.0_grid7_base_low,9,0.0,low,base,base,5,8,13,9,2,1,1,1,0,0,-1,48,0.0,0.4583333333333333,0.4583333333333333,0.0,17,10,12,9,7,11,11,18,32,17,0,3,0.0625,UR,0.39045213081320695,1,31,0,1,15,0.030303030303030304,0.9393939393939394,0.0,0.030303030303030304,0.3125,UR,0.0,0.20833333333333334,0.0,0.0,7,dr,ul,midline,0,0,0,0,0
1,7,size9_comp0.0_grid7_base_low,9,0.0,low,base,base,5,8,13,9,2,1,1,1,0,0,-1,48,0.0,0.4791666666666667,0.4791666666666667,0.0,15,12,12,9,16,9,10,12,23,12,0,1,0.020833333333333332,UL,1.7160269377413824,15,13,3,4,13,0.42857142857142855,0.37142857142857144,0.08571428571428572,0.11428571428571428,0.2708333333333333,UL,0.08333333333333333,0.08333333333333333,0.0,0.020833333333333332,3,dr,ul,midline,0,0,0,0,0
2,7,size9_comp0.0_grid7_base_low,9,0.0,low,base,base,5,8,13,9,2,1,1,1,1,0,-1,48,0.0,0.4583333333333333,0.4583333333333333,0.0,16,11,13,8,11,15,11,10,28,10,0,1,0.020833333333333332,UR,0.9957220057616336,6,25,0,2,15,0.18181818181818182,0.7575757575757576,0.0,0.06060606060606061,0.3125,UR,0.0,0.16666666666666666,0.0,0.0,5,dr,ul,midline,0,0,0,0,0
3,7,size9_comp0.0_grid7_base_low,9,0.0,low,base,base,5,8,13,9,2,1,1,1,0,0,-1,48,0.0,0.4791666666666667,0.4791666666666667,0.0,15,11,12,10,7,11,17,12,28,12,0,1,0.020833333333333332,DR,1.3896749186460426,3,10,0,13,22,0.11538461538461539,0.38461538461538464,0.0,0.5,0.4583333333333333,DR,0.0,0.0,0.0,0.020833333333333332,1,dr,ul,midline,1,0,0,0,0
4,7,size9_comp0.0_grid7_base_low,9,0.0,low,base,base,5,8,13,9,2,1,1,1,0,0,-1,48,0.0,0.375,0.375,0.0,22,10,8,8,18,6,7,16,30,14,0,8,0.16666666666666666,UR,0.7870046561900533,1,28,0,5,14,0.029411764705882353,0.8235294117647058,0.0,0.14705882352941177,0.2916666666666667,UR,0.0,0.3541666666666667,0.0,0.0,13,dr,ul,midline,0,0,0,0,0
5,7,size9_comp0.0_grid7_base_low,9,0.0,low,base,base,5,8,13,9,2,1,1,1,1,0,-1,27,0.0,0.37037037037037035,0.37037037037037035,0.0,9,4,8,6,10,6,2,8,14,8,0,4,0.14814814814814814,UR,0.785235442391543,1,20,0,3,3,0.041666666666666664,0.8333333333333334,0.0,0.125,0.1111111111111111,UR,0.0,0.18518518518518517,0.0,0.0,2,dr,ul,midline,0,0,0,0,0
6,7,size9_comp0.0_grid7_base_low,9,0.0,low,base,base,5,8,13,9,2,1,1,1,1,1,23,45,0.28888888888888886,0.6222222222222222,0.5833333333333334,0.6666666666666666,15,11,12,7,17,10,5,12,21,11,1,2,0.044444444444444446,UR,1.809140762186858,2,11,8,11,13,0.0625,0.34375,0.25,0.34375,0.28888888888888886,DL,0.0,0.0,0.1111111111111111,0.022222222222222223,5,dr,ul,midline,0,0,0,0,0
7,7,size9_comp0.0_grid7_base_low,9,0.0,low,base,base,5,8,13,9,2,1,1,1,1,0,-1,35,0.0,0.45714285714285713,0.45714285714285713,0.0,12,8,10,5,10,6,6,12,15,12,0,0,0.0,UL,1.2072100267448116,12,9,0,1,13,0.5454545454545454,0.4090909090909091,0.0,0.045454545454545456,0.37142857142857144,UL,0.17142857142857143,0.11428571428571428,0.0,0.0,4,dr,ul,midline,0,0,0,0,0
8,7,size9_comp0.0_grid7_base_low,9,0.0,low,base,base,5,8,13,9,2,1,1,1,1,0,-1,31,0.0,0.3548387096774194,0.3548387096774194,0.0,13,3,10,5,13,6,4,7,18,6,0,6,0.1935483870967742,UR,1.4836591643979626,3,8,0,6,14,0.17647058823529413,0.47058823529411764,0.0,0.35294117647058826,0.45161290322580644,UR,0.0,0.1935483870967742,0.0,0.0,6,dr,ul,midline,0,0,0,0,0
9,7,size9_comp0.0_grid7_base_low,9,0.0,low,base,base,5,8,13,9,2,1,1,1,0,0,-1,48,0.0,0.4583333333333333,0.4583333333333333,0.0,15,9,14,10,8,11,18,10,25,9,0,3,0.0625,UR,1.4265732850165125,7,15,0,5,21,0.25925925925925924,0.5555555555555556,0.0,0.18518518518518517,0.4375,UL,0.020833333333333332,0.020833333333333332,0.0,0.020833333333333332,1,dr,ul,midline,0,0,0,0,0
0,8,size9_comp0.0_grid8_base_low,9,0.0,low,base,base,7,4,11,5,3,1,1,1,1,0,-1,13,0.0,0.6153846153846154,0.6153846153846154,0.0,4,2,5,2,5,5,2,0,1,0,0,0,0.0,UL,0.9182958340544896,4,2,0,0,7,0.6666666666666666,0.3333333333333333,0.0,0.0,0.5384615384615384,UL,0.07692307692307693,0.0,0.0,0.0,1,midline,midline,ul,0,1,0,0,0
1,8,size9_comp0.0_grid8_base_low,9,0.0,low,base,base,7,4,11,5,3,1,1,1,1,0,-1,32,0.0,0.5,0.5,0.0,8,4,11,9,8,6,5,12,22,12,0,3,0.09375,UR,0.3809465857053901,2,25,0,0,5,0.07407407407407407,0.9259259259259259,0.0,0.0,0.15625,UR,0.0,0.40625,0.0,0.0,8,midline,midline,ul,0,0,0,0,0
2,8,size9_comp0.0_grid8_base_low,9,0.0,low,base,base,7,4,11,5,3,1,1,1,1,0,-1,19,0.0,0.5789473684210527,0.5789473684210527,0.0,5,3,7,4,5,3,5,5,9,5,0,0,0.0,UR,0.35335933502142136,0,14,0,1,4,0.0,0.9333333333333333,0.0,0.06666666666666667,0.21052631578947367,UR,0.0,0.21052631578947367,0.0,0.0,4,midline,midline,ul,0,0,0,0,0
3,8,size9_comp0.0_grid8_base_low,9,0.0,low,base,base,7,4,11,5,3,1,1,1,1,0,-1,9,0.0,0.6666666666666666,0.6666666666666666,0.0,3,1,4,1,3,4,0,1,1,1,0,0,0.0,UR,-0.0,0,7,0,0,2,0.0,1.0,0.0,0.0,0.2222222222222222,UR,0.0,0.3333333333333333,0.0,0.0,3,midline,midline,ul,0,0,0,0,0
4,8,size9_comp0.0_grid8_base_low,9,0.0,low,base,base,7,4,11,5,3,1,1,1,1,0,-1,13,0.0,0.6153846153846154,0.6153846153846154,0.0,6,4,3,0,4,2,2,4,5,4,0,0,0.0,UR,-0.0,0,11,0,0,2,0.0,1.0,0.0,0.0,0.15384615384615385,UR,0.0,0.46153846153846156,0.0,0.0,3,midline,midline,ul,0,0,0,0,0
5,8,size9_comp0.0_grid8_base_low,9,0.0,low,base,base,7,4,11,5,3,1,1,1,1,0,-1,6,0.0,0.6666666666666666,0.6666666666666666,0.0,2,0,3,1,3,2,0,0,1,0,0,1,0.16666666666666666,UR,-0.0,0,4,0,0,2,0.0,1.0,0.0,0.0,0.3333333333333333,UR,0.0,0.3333333333333333,0.0,0.0,2,midline,midline,ul,0,0,0,0,0
6,8,size9_comp0.0_grid8_base_low,9,0.0,low,base,base,7,4,11,5,3,1,1,1,1,0,-1,25,0.0,0.48,0.48,0.0,8,2,9,6,7,6,5,6,15,5,0,4,0.16,UR,-0.0,0,23,0,0,2,0.0,1.0,0.0,0.0,0.08,UR,0.0,0.52,0.0,0.0,8,midline,midline,ul,0,0,0,0,0
7,8,size9_comp0.0_grid8_base_low,9,0.0,low,base,base,7,4,11,5,3,1,1,1,1,0,-1,11,0.0,0.6363636363636364,0.6363636363636364,0.0,4,2,4,1,4,2,2,2,2,2,0,0,0.0,UR,0.6500224216483541,0,5,0,1,5,0.0,0.8333333333333334,0.0,0.16666666666666666,0.45454545454545453,UR,0.0,0.18181818181818182,0.0,0.0,2,midline,midline,ul,0,0,0,0,0
8,8,size9_comp0.0_grid8_base_low,9,0.0,low,base,base,7,4,11,5,3,1,1,1,1,0,-1,15,0.0,0.4,0.4,0.0,6,1,4,4,6,3,5,0,7,0,0,6,0.4,UR,-0.0,0,13,0,0,2,0.0,1.0,0.0,0.0,0.13333333333333333,UR,0.0,0.5333333333333333,0.0,0.0,6,midline,midline,ul,0,0,0,0,0
9,8,size9_comp0.0_grid8_base_low,9,0.0,low,base,base,7,4,11,5,3,1,1,1,1,0,-1,22,0.0,0.5454545454545454,0.5454545454545454,0.0,7,5,6,4,4,4,7,6,13,5,0,1,0.045454545454545456,UR,-0.0,0,21,0,0,1,0.0,1.0,0.0,0.0,0.045454545454545456,UR,0.0,0.7272727272727273,0.0,0.0,7,midline,midline,ul,0,0,0,0,0
0,9,size9_comp0.0_grid9_base_low,9,0.0,low,base,base,5,3,8,8,0,1,1,1,0,0,-1,48,0.0,0.5,0.5,0.0,10,10,14,14,10,11,16,10,30,9,0,2,0.041666666666666664,UR,0.6540471842463447,2,29,0,2,15,0.06060606060606061,0.8787878787878788,0.0,0.06060606060606061,0.3125,UR,0.0,0.375,0.0,0.0,6,ur,dl,ul,1,0,0,0,0
1,9,size9_comp0.0_grid9_base_low,9,0.0,low,base,base,5,3,8,8,0,1,1,1,0,1,20,48,0.0,0.5208333333333334,0.6190476190476191,0.4444444444444444,12,14,11,11,10,10,13,14,31,14,8,0,0.0,UR,1.2575318729867573,7,22,2,1,16,0.21875,0.6875,0.0625,0.03125,0.3333333333333333,UR,0.0,0.14583333333333334,0.0,0.0,3,ur,dl,ul,1,0,0,0,0
2,9,size9_comp0.0_grid9_base_low,9,0.0,low,base,base,5,3,8,8,0,1,1,1,0,0,-1,48,0.0,0.4791666666666667,0.4791666666666667,0.0,8,8,15,17,14,10,11,12,38,9,0,5,0.10416666666666667,UR,-0.0,0,45,0,0,3,0.0,1.0,0.0,0.0,0.0625,UR,0.0,0.4583333333333333,0.0,0.0,5,ur,dl,ul,1,0,0,0,0
3,9,size9_comp0.0_grid9_base_low,9,0.0,low,base,base,5,3,8,8,0,1,1,1,0,0,-1,48,0.0,0.5208333333333334,0.5208333333333334,0.0,13,12,13,10,9,11,12,15,37,15,0,2,0.041666666666666664,UR,-0.0,0,39,0,0,9,0.0,1.0,0.0,0.0,0.1875,UR,0.0,0.2708333333333333,0.0,0.0,3,ur,dl,ul,1,0,0,0,0
4,9,size9_comp0.0_grid9_base_low,9,0.0,low,base,base,5,3,8,8,0,1,1,1,0,1,6,48,0.0,0.4791666666666667,0.8571428571428571,0.4146341463414634,10,9,14,15,12,9,13,13,36,12,3,3,0.0625,UR,0.3095434291503252,2,34,0,0,12,0.05555555555555555,0.9444444444444444,0.0,0.0,0.25,UR,0.0,0.2916666666666667,0.0,0.0,7,ur,dl,ul,1,0,0,0,0
5,9,size9_comp0.0_grid9_base_low,9,0.0,low,base,base,5,3,8,8,0,1,1,1,1,1,18,26,0.3076923076923077,0.6538461538461539,0.631578947368421,0.7142857142857143,4,8,9,5,4,8,5,8,14,8,2,0,0.0,UR,0.6098403047164004,3,17,0,0,6,0.15,0.85,0.0,0.0,0.23076923076923078,UR,0.0,0.38461538461538464,0.0,0.0,6,ur,dl,ul,1,0,0,0,0
6,9,size9_comp0.0_grid9_base_low,9,0.0,low,base,base,5,3,8,8,0,1,1,1,0,1,44,48,0.0,0.4791666666666667,0.5111111111111111,0.0,13,9,14,12,9,14,10,14,35,13,1,4,0.08333333333333333,UR,0.5813214987637028,5,31,0,0,12,0.1388888888888889,0.8611111111111112,0.0,0.0,0.25,UR,0.020833333333333332,0.3541666666666667,0.0,0.0,6,ur,dl,ul,1,0,0,0,0
7,9,size9_comp0.0_grid9_base_low,9,0.0,low,base,base,5,3,8,8,0,1,1,1,0,1,21,48,0.0,0.5,0.5909090909090909,0.4230769230769231,12,13,11,12,13,13,9,12,33,11,5,1,0.020833333333333332,UR,0.6997722217733069,7,30,0,0,11,0.1891891891891892,0.8108108108108109,0.0,0.0,0.22916666666666666,UR,0.0,0.3958333333333333,0.0,0.0,7,ur,dl,ul,1,0,0,0,0
8,9,size9_comp0.0_grid9_base_low,9,0.0,low,base,base,5,3,8,8,0,1,1,1,0,0,-1,48,0.0,0.5208333333333334,0.5208333333333334,0.0,11,11,14,12,7,16,13,11,35,11,0,0,0.0,UR,0.1623261801753929,1,41,0,0,6,0.023809523809523808,0.9761904761904762,0.0,0.0,0.125,UR,0.0,0.3958333333333333,0.0,0.0,4,ur,dl,ul,1,0,0,0,0
9,9,size9_comp0.0_grid9_base_low,9,0.0,low,base,base,5,3,8,8,0,1,1,1,0,1,44,48,0.0,0.5208333333333334,0.5555555555555556,0.0,10,10,15,13,9,8,15,15,32,15,1,0,0.0,UR,0.7219280948873623,8,32,0,0,8,0.2,0.8,0.0,0.0,0.16666666666666666,UR,0.020833333333333332,0.2916666666666667,0.0,0.0,5,ur,dl,ul,1,0,0,0,0
0,0,size9_comp0.2_grid0_base_low,9,0.2,low,base,base,6,4,10,8,1,1,1,1,0,1,42,48,0.0,0.5625,0.5581395348837209,0.6,7,11,13,17,14,16,7,10,24,10,0,2,0.041666666666666664,UR,1.478845535995202,6,13,6,0,23,0.24,0.52,0.24,0.0,0.4791666666666667,UR,0.041666666666666664,0.0625,0.020833333333333332,0.0,2,ul,dr,dl,0,0,0,0,0
1,0,size9_comp0.2_grid0_base_low,9,0.2,low,base,base,6,4,10,8,1,1,1,1,1,0,-1,32,0.0,0.5,0.5,0.0,6,10,6,10,11,7,5,8,16,8,0,2,0.0625,UL,1.2957378005380122,14,10,0,2,6,0.5384615384615384,0.38461538461538464,0.0,0.07692307692307693,0.1875,UL,0.1875,0.125,0.0,0.0,3,ul,dr,dl,1,0,0,0,0
2,0,size9_comp0.2_grid0_base_low,9,0.2,low,base,base,6,4,10,8,1,1,1,1,0,0,-1,48,0.0,0.4583333333333333,0.4583333333333333,0.0,5,10,14,19,15,12,12,8,33,8,0,3,0.0625,UR,0.600608575413187,6,35,0,0,7,0.14634146341463414,0.8536585365853658,0.0,0.0,0.14583333333333334,UR,0.041666666666666664,0.2708333333333333,0.0,0.0,4,ul,dr,dl,0,0,0,0,0
3,0,size9_comp0.2_grid0_base_low,9,0.2,low,base,base,6,4,10,8,1,1,1,1,1,0,-1,13,0.0,0.5384615384615384,0.5384615384615384,0.0,2,5,1,5,3,3,2,4,4,3,0,1,0.07692307692307693,UL,-0.0,8,0,0,0,5,1.0,0.0,0.0,0.0,0.38461538461538464,UL,0.15384615384615385,0.0,0.0,0.0,2,ul,dr,dl,1,0,0,0,0
4,0,size9_comp0.2_grid0_base_low,9,0.2,low,base,base,6,4,10,8,1,1,1,1,0,0,-1,48,0.0,0.4166666666666667,0.4166666666666667,0.0,10,11,10,16,15,8,13,9,35,6,0,5,0.10416666666666667,UR,0.3424637724817959,3,44,0,0,1,0.06382978723404255,0.9361702127659575,0.0,0.0,0.020833333333333332,UR,0.041666666666666664,0.4375,0.0,0.0,5,ul,dr,dl,0,0,0,0,0
5,0,size9_comp0.2_grid0_base_low,9,0.2,low,base,base,6,4,10,8,1,1,1,1,0,1,43,48,0.0,0.5208333333333334,0.5,0.75,9,16,10,13,18,6,16,7,25,6,0,6,0.125,UR,1.2141272693763827,7,23,4,0,14,0.20588235294117646,0.6764705882352942,0.11764705882352941,0.0,0.2916666666666667,UR,0.041666666666666664,0.22916666666666666,0.020833333333333332,0.0,11,ul,dr,dl,0,0,0,0,0
6,0,size9_comp0.2_grid0_base_low,9,0.2,low,base,base,6,4,10,8,1,1,1,1,1,1,34,42,0.23809523809523808,0.5714285714285714,0.5428571428571428,0.7142857142857143,8,13,7,14,7,15,15,4,24,4,1,4,0.09523809523809523,UL,1.2722595663292233,15,2,9,0,16,0.5769230769230769,0.07692307692307693,0.34615384615384615,0.0,0.38095238095238093,UL,0.07142857142857142,0.0,0.023809523809523808,0.0,2,ul,dr,dl,1,0,0,0,0
7,0,size9_comp0.2_grid0_base_low,9,0.2,low,base,base,6,4,10,8,1,1,1,1,0,0,-1,48,0.0,0.375,0.375,0.0,11,14,9,14,7,16,9,15,35,11,0,10,0.20833333333333334,UR,0.6690158350565576,7,33,0,0,8,0.175,0.825,0.0,0.0,0.16666666666666666,UR,0.041666666666666664,0.14583333333333334,0.0,0.0,2,ul,dr,dl,0,0,0,0,0
8,0,size9_comp0.2_grid0_base_low,9,0.2,low,base,base,6,4,10,8,1,1,1,1,1,1,38,43,0.23255813953488372,0.6046511627906976,0.5641025641025641,1.0,7,11,10,15,8,9,9,16,27,15,0,1,0.023255813953488372,UL,0.4854607607459134,34,0,4,0,5,0.8947368421052632,0.0,0.10526315789473684,0.0,0.11627906976744186,UL,0.3488372093023256,0.0,0.023255813953488372,0.0,7,ul,dr,dl,1,0,0,0,0
9,0,size9_comp0.2_grid0_base_low,9,0.2,low,base,base,6,4,10,8,1,1,1,1,1,1,29,34,0.29411764705882354,0.6176470588235294,0.5666666666666667,1.0,3,9,9,13,7,10,7,9,16,9,0,2,0.058823529411764705,UL,1.2987207862212027,17,3,8,0,6,0.6071428571428571,0.10714285714285714,0.2857142857142857,0.0,0.17647058823529413,UL,0.2647058823529412,0.0,0.029411764705882353,0.0,7,ul,dr,dl,1,0,0,0,0
0,1,size9_comp0.2_grid1_base_low,9,0.2,low,base,base,4,5,9,5,2,1,1,1,1,0,-1,14,0.0,0.42857142857142855,0.42857142857142855,0.0,3,1,4,6,6,2,3,2,3,1,0,1,0.07142857142857142,UR,1.4353713907745331,2,6,3,0,3,0.18181818181818182,0.5454545454545454,0.2727272727272727,0.0,0.21428571428571427,,0.0,0.0,0.0,0.0,0,midline,midline,dl,0,0,0,0,0
1,1,size9_comp0.2_grid1_base_low,9,0.2,low,base,base,4,5,9,5,2,1,1,1,1,0,-1,47,0.0,0.425531914893617,0.425531914893617,0.0,15,10,9,12,9,14,14,7,30,5,0,5,0.10638297872340426,UR,0.9474351361840307,15,26,0,0,6,0.36585365853658536,0.6341463414634146,0.0,0.0,0.1276595744680851,UR,0.1276595744680851,0.3617021276595745,0.0,0.0,8,midline,midline,dl,0,0,0,0,0
2,1,size9_comp0.2_grid1_base_low,9,0.2,low,base,base,4,5,9,5,2,1,1,1,1,0,-1,14,0.0,0.42857142857142855,0.42857142857142855,0.0,4,2,3,5,4,5,3,1,2,1,0,1,0.07142857142857142,UR,1.75,1,4,2,1,6,0.125,0.5,0.25,0.125,0.42857142857142855,UR,0.0,0.07142857142857142,0.0,0.0,1,midline,midline,dl,0,0,0,0,0
3,1,size9_comp0.2_grid1_base_low,9,0.2,low,base,base,4,5,9,5,2,1,1,1,0,0,-1,48,0.0,0.375,0.375,0.0,14,9,10,15,13,15,11,8,28,5,0,12,0.25,DL,1.1462779945942128,8,0,25,3,12,0.2222222222222222,0.0,0.6944444444444444,0.08333333333333333,0.25,DL,0.041666666666666664,0.0,0.4166666666666667,0.0,14,midline,midline,dl,0,1,0,0,0
4,1,size9_comp0.2_grid1_base_low,9,0.2,low,base,base,4,5,9,5,2,1,1,1,0,0,-1,48,0.0,0.4583333333333333,0.4583333333333333,0.0,10,10,13,14,7,13,11,14,30,14,0,2,0.041666666666666664,UR,1.6408676019243735,9,12,4,1,22,0.34615384615384615,0.46153846153846156,0.15384615384615385,0.038461538461538464,0.4583333333333333,UR,0.0,0.020833333333333332,0.0,0.0,1,midline,midline,dl,0,0,0,0,0
5,1,size9_comp0.2_grid1_base_low,9,0.2,low,base,base,4,5,9,5,2,1,1,1,0,0,-1,48,0.0,0.375,0.375,0.0,16,12,7,13,7,14,13,13,29,12,0,7,0.14583333333333334,UR,1.2735555847112208,6,20,2,1,19,0.20689655172413793,0.6896551724137931,0.06896551724137931,0.034482758620689655,0.3958333333333333,UR,0.0,0.14583333333333334,0.0,0.0,2,midline,midline,dl,0,0,0,0,0
6,1,size9_comp0.2_grid1_base_low,9,0.2,low,base,base,4,5,9,5,2,1,1,1,1,1,40,48,0.1875,0.5833333333333334,0.5365853658536586,0.8571428571428571,12,10,11,15,11,14,7,15,31,15,1,1,0.020833333333333332,UL,1.9387084972868343,7,3,5,6,27,0.3333333333333333,0.14285714285714285,0.23809523809523808,0.2857142857142857,0.5625,,0.0,0.0,0.0,0.0,0,midline,midline,dl,0,0,0,0,0
7,1,size9_comp0.2_grid1_base_low,9,0.2,low,base,base,4,5,9,5,2,1,1,1,1,0,-1,41,0.0,0.4634146341463415,0.4634146341463415,0.0,12,10,8,11,15,11,5,9,19,9,0,2,0.04878048780487805,UR,1.5409399040885625,0,13,7,11,10,0.0,0.41935483870967744,0.22580645161290322,0.3548387096774194,0.24390243902439024,DL,0.0,0.024390243902439025,0.12195121951219512,0.04878048780487805,5,midline,midline,dl,0,0,0,0,0
8,1,size9_comp0.2_grid1_base_low,9,0.2,low,base,base,4,5,9,5,2,1,1,1,1,0,-1,30,0.0,0.4666666666666667,0.4666666666666667,0.0,9,7,6,8,7,6,5,11,16,10,0,1,0.03333333333333333,UR,1.568316493272887,5,7,0,7,11,0.2631578947368421,0.3684210526315789,0.0,0.3684210526315789,0.36666666666666664,UR,0.0,0.03333333333333333,0.0,0.0,1,midline,midline,dl,0,0,0,0,0
9,1,size9_comp0.2_grid1_base_low,9,0.2,low,base,base,4,5,9,5,2,1,1,1,0,0,-1,48,0.0,0.4166666666666667,0.4166666666666667,0.0,10,8,11,19,9,8,16,14,29,11,0,5,0.10416666666666667,UR,1.4127413029424614,9,12,1,1,25,0.391304347826087,0.5217391304347826,0.043478260869565216,0.043478260869565216,0.5208333333333334,UL,0.0625,0.041666666666666664,0.0,0.0,3,midline,midline,dl,0,0,0,0,0
0,2,size9_comp0.2_grid2_base_low,9,0.2,low,base,base,3,7,10,8,1,1,1,1,0,0,-1,48,0.0,0.2916666666666667,0.2916666666666667,0.0,10,8,18,12,15,12,10,10,36,6,0,18,0.375,DL,-0.0,0,0,41,0,7,0.0,0.0,1.0,0.0,0.14583333333333334,DL,0.0,0.0,0.6458333333333334,0.0,31,dl,midline,midline,1,0,0,0,0
1,2,size9_comp0.2_grid2_base_low,9,0.2,low,base,base,3,7,10,8,1,1,1,1,0,0,-1,48,0.0,0.4166666666666667,0.4166666666666667,0.0,15,11,9,13,11,12,14,10,31,9,0,5,0.10416666666666667,DR,0.9469919020221362,0,1,11,33,3,0.0,0.022222222222222223,0.24444444444444444,0.7333333333333333,0.0625,DR,0.0,0.0,0.16666666666666666,0.1875,8,dl,midline,midline,0,0,0,0,0
2,2,size9_comp0.2_grid2_base_low,9,0.2,low,base,base,3,7,10,8,1,1,1,1,1,0,-1,25,0.0,0.32,0.32,0.0,8,1,8,8,7,6,8,3,13,3,0,5,0.2,DL,0.7475846798245739,2,0,17,1,5,0.1,0.0,0.85,0.05,0.2,DL,0.0,0.0,0.16,0.0,4,dl,midline,midline,1,0,0,0,0
3,2,size9_comp0.2_grid2_base_low,9,0.2,low,base,base,3,7,10,8,1,1,1,1,1,1,19,47,0.2127659574468085,0.5319148936170213,0.5,0.5555555555555556,18,11,7,11,13,12,13,8,27,8,1,7,0.14893617021276595,UL,1.4049123157134114,15,0,15,4,13,0.4411764705882353,0.0,0.4411764705882353,0.11764705882352941,0.2765957446808511,DL,0.02127659574468085,0.0,0.0425531914893617,0.0,2,dl,midline,midline,0,0,0,0,0
4,2,size9_comp0.2_grid2_base_low,9,0.2,low,base,base,3,7,10,8,1,1,1,1,1,0,-1,37,0.0,0.2972972972972973,0.2972972972972973,0.0,10,5,9,13,8,6,13,9,23,6,0,11,0.2972972972972973,DL,0.9986359641585718,11,0,12,0,14,0.4782608695652174,0.0,0.5217391304347826,0.0,0.3783783783783784,DL,0.02702702702702703,0.0,0.08108108108108109,0.0,3,dl,midline,midline,1,0,0,0,0
5,2,size9_comp0.2_grid2_base_low,9,0.2,low,base,base,3,7,10,8,1,1,1,1,0,0,-1,48,0.0,0.3333333333333333,0.3333333333333333,0.0,17,9,7,15,13,10,14,10,29,8,0,11,0.22916666666666666,DL,0.8812908992306927,0,12,28,0,8,0.0,0.3,0.7,0.0,0.16666666666666666,DL,0.0,0.125,0.3958333333333333,0.0,7,dl,midline,midline,1,0,0,0,0
6,2,size9_comp0.2_grid2_base_low,9,0.2,low,base,base,3,7,10,8,1,1,1,1,0,0,-1,48,0.0,0.375,0.375,0.0,17,8,11,12,12,14,9,12,30,8,0,9,0.1875,DL,1.0949143184120975,0,3,30,9,6,0.0,0.07142857142857142,0.7142857142857143,0.21428571428571427,0.125,DL,0.0,0.020833333333333332,0.4375,0.020833333333333332,11,dl,midline,midline,1,0,0,0,0
7,2,size9_comp0.2_grid2_base_low,9,0.2,low,base,base,3,7,10,8,1,1,1,1,1,0,-1,23,0.0,0.391304347826087,0.391304347826087,0.0,6,2,6,9,8,5,2,7,9,6,0,1,0.043478260869565216,UL,1.3921472236645345,8,0,8,2,5,0.4444444444444444,0.0,0.4444444444444444,0.1111111111111111,0.21739130434782608,UL,0.13043478260869565,0.0,0.13043478260869565,0.0,3,dl,midline,midline,0,0,0,0,0
8,2,size9_comp0.2_grid2_base_low,9,0.2,low,base,base,3,7,10,8,1,1,1,1,1,1,28,37,0.2702702702702703,0.5945945945945946,0.5172413793103449,0.875,13,6,8,10,8,10,10,8,16,6,1,3,0.08108108108108109,DL,1.3377780971924957,2,0,11,10,14,0.08695652173913043,0.0,0.4782608695652174,0.43478260869565216,0.3783783783783784,DL,0.0,0.0,0.10810810810810811,0.02702702702702703,4,dl,midline,midline,1,0,0,0,0
9,2,size9_comp0.2_grid2_base_low,9,0.2,low,base,base,3,7,10,8,1,1,1,1,0,1,44,48,0.0,0.4166666666666667,0.4444444444444444,0.0,16,12,8,12,16,10,12,9,24,7,2,11,0.22916666666666666,DR,1.8655074211313076,9,3,8,12,16,0.28125,0.09375,0.25,0.375,0.3333333333333333,UL,0.125,0.0,0.041666666666666664,0.125,6,dl,midline,midline,0,0,0,0,0
0,3,size9_comp0.2_grid3_base_low,9,0.2,low,base,base,8,4,12,8,2,1,1,1,1,0,-1,16,0.0,0.5625,0.5625,0.0,6,1,4,5,4,4,7,0,3,0,0,2,0.125,UR,1.2806721295208872,1,7,4,0,4,0.08333333333333333,0.5833333333333334,0.3333333333333333,0.0,0.25,UR,0.0,0.125,0.0625,0.0,2,midline,midline,ul,0,0,0,0,0
1,3,size9_comp0.2_grid3_base_low,9,0.2,low,base,base,8,4,12,8,2,1,1,1,1,0,-1,17,0.0,0.47058823529411764,0.47058823529411764,0.0,9,1,3,4,5,3,6,2,7,0,0,5,0.29411764705882354,UR,0.6500224216483541,0,10,0,2,5,0.0,0.8333333333333334,0.0,0.16666666666666666,0.29411764705882354,UR,0.0,0.17647058823529413,0.0,0.0,3,midline,midline,ul,0,0,0,0,0
2,3,size9_comp0.2_grid3_base_low,9,0.2,low,base,base,8,4,12,8,2,1,1,1,0,1,30,48,0.0,0.5625,0.5806451612903226,0.5294117647058824,17,10,11,10,9,10,17,11,29,10,4,3,0.0625,UL,1.2415101887362598,18,4,2,1,23,0.72,0.16,0.08,0.04,0.4791666666666667,UL,0.20833333333333334,0.0,0.0,0.0,3,midline,midline,ul,0,1,0,0,0
3,3,size9_comp0.2_grid3_base_low,9,0.2,low,base,base,8,4,12,8,2,1,1,1,1,0,-1,25,0.0,0.56,0.56,0.0,10,4,5,6,3,9,4,8,12,8,0,1,0.04,DR,1.2389012566026305,0,4,1,8,12,0.0,0.3076923076923077,0.07692307692307693,0.6153846153846154,0.48,,0.0,0.0,0.0,0.0,0,midline,midline,ul,0,0,0,0,0
4,3,size9_comp0.2_grid3_base_low,9,0.2,low,base,base,8,4,12,8,2,1,1,1,1,0,-1,29,0.0,0.5517241379310345,0.5517241379310345,0.0,8,2,9,10,4,7,7,10,12,10,0,1,0.034482758620689655,UL,0.6500224216483541,15,0,0,3,11,0.8333333333333334,0.0,0.0,0.16666666666666666,0.3793103448275862,UL,0.13793103448275862,0.0,0.0,0.0,4,midline,midline,ul,0,1,0,0,0
5,3,size9_comp0.2_grid3_base_low,9,0.2,low,base,base,8,4,12,8,2,1,1,1,1,0,-1,46,0.0,0.32608695652173914,0.32608695652173914,0.0,20,5,10,11,15,14,10,6,35,5,0,20,0.43478260869565216,UR,0.4368248862161963,0,39,1,2,4,0.0,0.9285714285714286,0.023809523809523808,0.047619047619047616,0.08695652173913043,UR,0.0,0.45652173913043476,0.0,0.0,14,midline,midline,ul,0,0,0,0,0
6,3,size9_comp0.2_grid3_base_low,9,0.2,low,base,base,8,4,12,8,2,1,1,1,1,1,31,43,0.27906976744186046,0.6046511627906976,0.59375,0.6363636363636364,15,7,10,11,13,9,10,10,26,10,3,3,0.06976744186046512,UL,0.4426608980694471,26,1,1,0,15,0.9285714285714286,0.03571428571428571,0.03571428571428571,0.0,0.3488372093023256,UL,0.11627906976744186,0.0,0.0,0.0,2,midline,midline,ul,0,1,0,0,0
7,3,size9_comp0.2_grid3_base_low,9,0.2,low,base,base,8,4,12,8,2,1,1,1,1,0,-1,14,0.0,0.6428571428571429,0.6428571428571429,0.0,7,1,3,3,3,3,5,2,2,2,0,0,0.0,DL,0.9456603046006401,4,0,7,0,3,0.36363636363636365,0.0,0.6363636363636364,0.0,0.21428571428571427,DL,0.0,0.0,0.2857142857142857,0.0,4,midline,midline,ul,0,0,0,0,0
8,3,size9_comp0.2_grid3_base_low,9,0.2,low,base,base,8,4,12,8,2,1,1,1,1,0,-1,34,0.0,0.4117647058823529,0.4117647058823529,0.0,14,5,8,7,11,10,6,6,18,3,0,10,0.29411764705882354,UR,1.145235779471061,2,19,3,1,9,0.08,0.76,0.12,0.04,0.2647058823529412,,0.0,0.0,0.0,0.0,0,midline,midline,ul,0,0,0,0,0
9,3,size9_comp0.2_grid3_base_low,9,0.2,low,base,base,8,4,12,8,2,1,1,1,1,1,38,45,0.26666666666666666,0.6222222222222222,0.5897435897435898,0.8333333333333334,13,7,12,13,7,12,13,12,29,12,1,1,0.022222222222222223,UL,0.35335933502142136,28,0,0,2,15,0.9333333333333333,0.0,0.0,0.06666666666666667,0.3333333333333333,UL,0.17777777777777778,0.0,0.0,0.0,5,midline,midline,ul,0,1,0,0,0
0,4,size9_comp0.2_grid4_base_low,9,0.2,low,base,base,6,9,15,3,6,1,1,1,0,0,-1,48,0.0,0.4791666666666667,0.4791666666666667,0.0,14,6,12,16,11,10,15,11,25,11,0,4,0.08333333333333333,UR,1.3694711377961368,4,19,13,0,12,0.1111111111111111,0.5277777777777778,0.3611111111111111,0.0,0.25,DL,0.020833333333333332,0.08333333333333333,0.125,0.0,5,dl,midline,dr,0,0,0,0,0
1,4,size9_comp0.2_grid4_base_low,9,0.2,low,base,base,6,9,15,3,6,1,1,1,1,0,-1,3,0.0,0.0,0.0,0.0,2,0,1,0,0,1,1,0,0,0,0,0,0.0,DL,-0.0,0,0,3,0,0,0.0,0.0,1.0,0.0,0.0,DL,0.0,0.0,0.3333333333333333,0.0,1,dl,midline,dr,1,0,0,0,0
2,4,size9_comp0.2_grid4_base_low,9,0.2,low,base,base,6,9,15,3,6,1,1,1,0,0,-1,48,0.0,0.4583333333333333,0.4583333333333333,0.0,11,8,14,14,9,12,9,15,32,14,0,6,0.125,UR,1.4185644431995963,4,14,14,0,16,0.125,0.4375,0.4375,0.0,0.3333333333333333,DL,0.0,0.0,0.08333333333333333,0.0,2,dl,midline,dr,0,0,0,0,0
3,4,size9_comp0.2_grid4_base_low,9,0.2,low,base,base,6,9,15,3,6,1,1,1,1,0,-1,34,0.0,0.4411764705882353,0.4411764705882353,0.0,9,7,10,8,6,9,11,7,17,6,0,1,0.029411764705882353,UL,0.954434002924965,15,0,9,0,10,0.625,0.0,0.375,0.0,0.29411764705882354,DL,0.058823529411764705,0.0,0.14705882352941177,0.0,5,dl,midline,dr,0,0,0,0,0
4,4,size9_comp0.2_grid4_base_low,9,0.2,low,base,base,6,9,15,3,6,1,1,1,0,1,40,48,0.0,0.5416666666666666,0.5609756097560976,0.42857142857142855,17,12,7,12,11,16,8,12,28,12,1,2,0.041666666666666664,UR,0.956089075908847,1,31,3,3,10,0.02631578947368421,0.8157894736842105,0.07894736842105263,0.07894736842105263,0.20833333333333334,UR,0.0,0.22916666666666666,0.020833333333333332,0.0,5,dl,midline,dr,0,0,0,0,0
5,4,size9_comp0.2_grid4_base_low,9,0.2,low,base,base,6,9,15,3,6,1,1,1,1,0,-1,6,0.0,0.16666666666666666,0.16666666666666666,0.0,2,0,3,1,2,2,0,1,2,0,0,1,0.16666666666666666,DL,-0.0,0,0,5,0,1,0.0,0.0,1.0,0.0,0.16666666666666666,DL,0.0,0.0,0.6666666666666666,0.0,4,dl,midline,dr,1,0,0,0,0
6,4,size9_comp0.2_grid4_base_low,9,0.2,low,base,base,6,9,15,3,6,1,1,1,0,0,-1,48,0.0,0.4583333333333333,0.4583333333333333,0.0,10,9,9,19,15,11,14,5,26,4,0,7,0.14583333333333334,UL,1.3764550199430068,25,1,6,6,10,0.6578947368421053,0.02631578947368421,0.15789473684210525,0.15789473684210525,0.20833333333333334,UL,0.1875,0.0,0.020833333333333332,0.0625,4,dl,midline,dr,0,0,0,0,0
7,4,size9_comp0.2_grid4_base_low,9,0.2,low,base,base,6,9,15,3,6,1,1,1,0,0,-1,48,0.0,0.4791666666666667,0.4791666666666667,0.0,14,8,12,14,11,8,12,16,29,15,0,2,0.041666666666666664,UL,1.5837730791644518,12,12,11,0,13,0.34285714285714286,0.34285714285714286,0.3142857142857143,0.0,0.2708333333333333,DL,0.0,0.08333333333333333,0.14583333333333334,0.0,7,dl,midline,dr,0,0,0,0,0
8,4,size9_comp0.2_grid4_base_low,9,0.2,low,base,base,6,9,15,3,6,1,1,1,1,0,-1,3,0.0,0.0,0.0,0.0,2,0,1,0,1,0,1,0,0,0,0,0,0.0,DL,-0.0,0,0,3,0,0,0.0,0.0,1.0,0.0,0.0,DL,0.0,0.0,0.6666666666666666,0.0,2,dl,midline,dr,1,0,0,0,0
9,4,size9_comp0.2_grid4_base_low,9,0.2,low,base,base,6,9,15,3,6,1,1,1,1,0,-1,20,0.0,0.35,0.35,0.0,5,3,6,6,4,4,6,5,12,4,0,3,0.15,DL,-0.0,0,0,19,0,1,0.0,0.0,1.0,0.0,0.05,DL,0.0,0.0,0.15,0.0,2,dl,midline,dr,1,0,0,0,0
0,5,size9_comp0.2_grid5_base_low,9,0.2,low,base,base,4,4,8,4,2,1,1,1,1,1,22,33,0.24242424242424243,0.6060606060606061,0.5652173913043478,0.7,11,10,5,7,7,8,12,5,13,5,2,1,0.030303030303030304,UR,1.5810309627563695,6,7,0,6,14,0.3157894736842105,0.3684210526315789,0.0,0.3157894736842105,0.42424242424242425,UR,0.0,0.09090909090909091,0.0,0.030303030303030304,3,ul,ur,dr,0,0,0,0,0
1,5,size9_comp0.2_grid5_base_low,9,0.2,low,base,base,4,4,8,4,2,1,1,1,1,0,-1,26,0.0,0.4230769230769231,0.4230769230769231,0.0,8,4,6,8,6,7,6,6,16,6,0,4,0.15384615384615385,UR,0.9852281360342515,9,12,0,0,5,0.42857142857142855,0.5714285714285714,0.0,0.0,0.19230769230769232,UR,0.0,0.15384615384615385,0.0,0.0,2,ul,ur,dr,0,0,0,0,0
2,5,size9_comp0.2_grid5_base_low,9,0.2,low,base,base,4,4,8,4,2,1,1,1,1,1,11,24,0.3333333333333333,0.6666666666666666,0.6666666666666666,0.6666666666666666,6,5,5,8,7,6,6,4,8,4,0,0,0.0,UR,1.198183947911799,2,9,0,2,11,0.15384615384615385,0.6923076923076923,0.0,0.15384615384615385,0.4583333333333333,UR,0.0,0.125,0.0,0.0,3,ul,ur,dr,0,0,0,0,0
3,5,size9_comp0.2_grid5_base_low,9,0.2,low,base,base,4,4,8,4,2,1,1,1,1,0,-1,43,0.0,0.46511627906976744,0.46511627906976744,0.0,8,7,14,14,10,10,14,8,31,7,0,3,0.06976744186046512,UR,0.996316519558962,13,15,0,0,15,0.4642857142857143,0.5357142857142857,0.0,0.0,0.3488372093023256,UR,0.023255813953488372,0.06976744186046512,0.0,0.0,3,ul,ur,dr,0,0,0,0,0
4,5,size9_comp0.2_grid5_base_low,9,0.2,low,base,base,4,4,8,4,2,1,1,1,1,0,-1,12,0.0,0.5,0.5,0.0,4,3,1,4,2,1,4,4,4,4,0,0,0.0,UR,0.9182958340544896,1,2,0,0,9,0.3333333333333333,0.6666666666666666,0.0,0.0,0.75,,0.0,0.0,0.0,0.0,0,ul,ur,dr,0,0,0,0,0
5,5,size9_comp0.2_grid5_base_low,9,0.2,low,base,base,4,4,8,4,2,1,1,1,1,0,-1,6,0.0,0.5,0.5,0.0,2,1,0,3,0,3,2,0,0,0,0,0,0.0,UR,0.9182958340544896,1,2,0,0,3,0.3333333333333333,0.6666666666666666,0.0,0.0,0.5,,0.0,0.0,0.0,0.0,0,ul,ur,dr,0,0,0,0,0
6,5,size9_comp0.2_grid5_base_low,9,0.2,low,base,base,4,4,8,4,2,1,1,1,1,1,28,33,0.24242424242424243,0.6060606060606061,0.5517241379310345,1.0,7,6,9,11,11,5,7,9,18,9,1,1,0.030303030303030304,UL,1.0488412604661608,15,5,0,1,12,0.7142857142857143,0.23809523809523808,0.0,0.047619047619047616,0.36363636363636365,UL,0.12121212121212122,0.0,0.0,0.0,3,ul,ur,dr,1,0,0,0,0
7,5,size9_comp0.2_grid5_base_low,9,0.2,low,base,base,4,4,8,4,2,1,1,1,1,0,-1,12,0.0,0.5,0.5,0.0,3,2,2,5,3,2,6,0,5,0,0,0,0.0,UL,1.0,4,4,0,0,4,0.5,0.5,0.0,0.0,0.3333333333333333,,0.0,0.0,0.0,0.0,0,ul,ur,dr,1,0,0,0,0
8,5,size9_comp0.2_grid5_base_low,9,0.2,low,base,base,4,4,8,4,2,1,1,1,1,0,-1,4,0.0,0.5,0.5,0.0,1,0,0,3,2,0,1,0,0,0,0,0,0.0,UL,0.9182958340544896,2,1,0,0,1,0.6666666666666666,0.3333333333333333,0.0,0.0,0.25,,0.0,0.0,0.0,0.0,0,ul,ur,dr,1,0,0,0,0
9,5,size9_comp0.2_grid5_base_low,9,0.2,low,base,base,4,4,8,4,2,1,1,1,1,0,-1,31,0.0,0.4838709677419355,0.4838709677419355,0.0,8,7,7,9,7,13,4,6,22,5,0,1,0.03225806451612903,UR,1.2958363892911637,6,7,1,0,17,0.42857142857142855,0.5,0.07142857142857142,0.0,0.5483870967741935,,0.0,0.0,0.0,0.0,0,ul,ur,dr,0,0,0,0,0
0,6,size9_comp0.2_grid6_base_low,9,0.2,low,base,base,6,3,9,9,0,1,1,1,1,1,43,47,0.19148936170212766,0.574468085106383,0.5454545454545454,1.0,10,13,9,15,12,12,8,14,26,13,0,2,0.0425531914893617,UL,0.8510013145580397,27,0,4,2,14,0.8181818181818182,0.0,0.12121212121212122,0.06060606060606061,0.2978723404255319,UL,0.2127659574468085,0.0,0.0,0.02127659574468085,10,midline,dr,midline,0,0,0,0,0
1,6,size9_comp0.2_grid6_base_low,9,0.2,low,base,base,6,3,9,9,0,1,1,1,1,1,29,33,0.2727272727272727,0.6060606060606061,0.5666666666666667,1.0,7,10,6,10,10,6,12,4,13,4,0,2,0.06060606060606061,UR,1.2597218324096136,8,15,0,2,8,0.32,0.6,0.0,0.08,0.24242424242424243,UR,0.030303030303030304,0.12121212121212122,0.0,0.030303030303030304,2,midline,dr,midline,0,0,0,0,0
2,6,size9_comp0.2_grid6_base_low,9,0.2,low,base,base,6,3,9,9,0,1,1,1,0,1,46,48,0.0,0.5625,0.5531914893617021,1.0,11,11,10,16,7,8,16,16,29,15,0,1,0.020833333333333332,UL,1.476097176641546,13,0,13,5,17,0.41935483870967744,0.0,0.41935483870967744,0.16129032258064516,0.3541666666666667,DR,0.0,0.0,0.0,0.041666666666666664,2,midline,dr,midline,0,0,0,0,0
3,6,size9_comp0.2_grid6_base_low,9,0.2,low,base,base,6,3,9,9,0,1,1,1,1,1,38,44,0.20454545454545456,0.5909090909090909,0.5641025641025641,0.8,7,9,11,17,7,6,10,20,23,20,0,1,0.022727272727272728,UR,1.3981103143109408,4,21,2,4,13,0.12903225806451613,0.6774193548387096,0.06451612903225806,0.12903225806451613,0.29545454545454547,UR,0.0,0.11363636363636363,0.0,0.045454545454545456,2,midline,dr,midline,0,0,0,0,0
4,6,size9_comp0.2_grid6_base_low,9,0.2,low,base,base,6,3,9,9,0,1,1,1,0,0,-1,48,0.0,0.5208333333333334,0.5208333333333334,0.0,7,7,12,22,13,6,13,15,33,13,0,4,0.08333333333333333,UL,0.9510864799233876,25,4,1,1,17,0.8064516129032258,0.12903225806451613,0.03225806451612903,0.03225806451612903,0.3541666666666667,UL,0.041666666666666664,0.0,0.0,0.0,2,midline,dr,midline,0,0,0,0,0
5,6,size9_comp0.2_grid6_base_low,9,0.2,low,base,base,6,3,9,9,0,1,1,1,1,1,32,36,0.25,0.5833333333333334,0.5454545454545454,1.0,8,10,7,11,9,13,4,9,19,8,0,3,0.08333333333333333,UL,1.0219280948873624,16,1,1,2,16,0.8,0.05,0.05,0.1,0.4444444444444444,DR,0.0,0.0,0.0,0.027777777777777776,1,midline,dr,midline,0,0,0,0,0
6,6,size9_comp0.2_grid6_base_low,9,0.2,low,base,base,6,3,9,9,0,1,1,1,0,1,46,48,0.0,0.5208333333333334,0.5106382978723404,1.0,12,10,9,17,14,16,8,9,30,7,0,5,0.10416666666666667,UL,0.9363790159392478,27,4,0,3,14,0.7941176470588235,0.11764705882352941,0.0,0.08823529411764706,0.2916666666666667,UL,0.1875,0.0,0.0,0.0,9,midline,dr,midline,0,0,0,0,0
7,6,size9_comp0.2_grid6_base_low,9,0.2,low,base,base,6,3,9,9,0,1,1,1,1,1,39,48,0.1875,0.5416666666666666,0.525,0.625,9,11,11,17,8,12,13,14,28,13,3,5,0.10416666666666667,UL,1.359330832236536,15,6,0,4,23,0.6,0.24,0.0,0.16,0.4791666666666667,DR,0.0,0.0,0.0,0.041666666666666664,2,midline,dr,midline,0,0,0,0,0
8,6,size9_comp0.2_grid6_base_low,9,0.2,low,base,base,6,3,9,9,0,1,1,1,0,1,46,48,0.0,0.5208333333333334,0.5106382978723404,1.0,5,7,13,23,17,10,5,15,29,13,0,5,0.10416666666666667,UL,0.8739810481273578,24,10,0,0,14,0.7058823529411765,0.29411764705882354,0.0,0.0,0.2916666666666667,UR,0.0,0.0625,0.0,0.0,3,midline,dr,midline,0,0,0,0,0
9,6,size9_comp0.2_grid6_base_low,9,0.2,low,base,base,6,3,9,9,0,1,1,1,1,1,34,43,0.20930232558139536,0.5116279069767442,0.4857142857142857,0.625,8,9,9,17,9,10,10,13,27,11,1,8,0.18604651162790697,UL,0.9182958340544896,20,0,0,10,13,0.6666666666666666,0.0,0.0,0.3333333333333333,0.3023255813953488,UL,0.06976744186046512,0.0,0.0,0.06976744186046512,3,midline,dr,midline,0,0,0,0,0
0,7,size9_comp0.2_grid7_base_low,9,0.2,low,base,base,5,9,14,6,4,1,1,1,1,0,-1,48,0.0,0.4166666666666667,0.4166666666666667,0.0,11,8,14,14,7,11,11,16,32,15,0,3,0.0625,UR,1.472513749357935,0,14,5,12,17,0.0,0.45161290322580644,0.16129032258064516,0.3870967741935484,0.3541666666666667,DL,0.0,0.0,0.020833333333333332,0.0,1,midline,midline,dl,0,0,0,0,0
1,7,size9_comp0.2_grid7_base_low,9,0.2,low,base,base,5,9,14,6,4,1,1,1,1,1,11,31,0.45161290322580644,0.7096774193548387,0.6666666666666666,0.7368421052631579,9,6,6,10,5,7,8,10,15,9,1,1,0.03225806451612903,DL,0.9798687566511528,0,0,14,10,7,0.0,0.0,0.5833333333333334,0.4166666666666667,0.22580645161290322,DL,0.0,0.0,0.03225806451612903,0.03225806451612903,1,midline,midline,dl,0,1,0,0,0
2,7,size9_comp0.2_grid7_base_low,9,0.2,low,base,base,5,9,14,6,4,1,1,1,1,0,-1,32,0.0,0.3125,0.3125,0.0,7,4,11,10,13,8,3,7,17,4,0,8,0.25,DR,0.9988455359952018,0,12,0,13,7,0.0,0.48,0.0,0.52,0.21875,UR,0.0,0.25,0.0,0.0,4,midline,midline,dl,0,0,0,0,0
3,7,size9_comp0.2_grid7_base_low,9,0.2,low,base,base,5,9,14,6,4,1,1,1,1,0,-1,10,0.0,0.3,0.3,0.0,4,1,1,4,3,2,2,2,3,2,0,0,0.0,DR,0.8112781244591328,0,1,0,3,6,0.0,0.25,0.0,0.75,0.6,,0.0,0.0,0.0,0.0,0,midline,midline,dl,0,0,0,0,0
4,7,size9_comp0.2_grid7_base_low,9,0.2,low,base,base,5,9,14,6,4,1,1,1,0,0,-1,48,0.0,0.4791666666666667,0.4791666666666667,0.0,11,6,15,16,9,15,9,14,27,13,0,0,0.0,UR,1.418619670275654,6,17,7,0,18,0.2,0.5666666666666667,0.23333333333333334,0.0,0.375,UR,0.0,0.10416666666666667,0.041666666666666664,0.0,4,midline,midline,dl,0,0,0,0,0
5,7,size9_comp0.2_grid7_base_low,9,0.2,low,base,base,5,9,14,6,4,1,1,1,0,0,-1,48,0.0,0.4375,0.4375,0.0,16,8,11,13,11,8,19,9,31,9,0,2,0.041666666666666664,UR,0.37764632137370024,0,38,0,3,7,0.0,0.926829268292683,0.0,0.07317073170731707,0.14583333333333334,UR,0.0,0.4375,0.0,0.020833333333333332,12,midline,midline,dl,0,0,0,0,0
6,7,size9_comp0.2_grid7_base_low,9,0.2,low,base,base,5,9,14,6,4,1,1,1,0,1,14,48,0.0,0.5,0.6,0.45454545454545453,12,11,10,15,8,13,17,9,31,7,1,8,0.16666666666666666,DL,1.1818189193726576,2,11,22,0,13,0.05714285714285714,0.3142857142857143,0.6285714285714286,0.0,0.2708333333333333,DL,0.0,0.020833333333333332,0.10416666666666667,0.0,2,midline,midline,dl,0,1,0,0,0
7,7,size9_comp0.2_grid7_base_low,9,0.2,low,base,base,5,9,14,6,4,1,1,1,0,1,13,48,0.0,0.5625,0.5714285714285714,0.5588235294117647,14,13,8,13,9,11,13,14,31,10,1,7,0.14583333333333334,DL,0.6690158350565576,0,0,33,7,8,0.0,0.0,0.825,0.175,0.16666666666666666,DL,0.0,0.0,0.25,0.0625,5,midline,midline,dl,0,1,0,0,0
8,7,size9_comp0.2_grid7_base_low,9,0.2,low,base,base,5,9,14,6,4,1,1,1,0,1,27,48,0.0,0.4791666666666667,0.4642857142857143,0.5,13,7,11,17,13,12,13,9,33,7,0,11,0.22916666666666666,DL,1.0408520829727552,4,0,18,2,24,0.16666666666666666,0.0,0.75,0.08333333333333333,0.5,DL,0.0,0.0,0.0625,0.020833333333333332,2,midline,midline,dl,0,1,0,0,0
9,7,size9_comp0.2_grid7_base_low,9,0.2,low,base,base,5,9,14,6,4,1,1,1,1,0,-1,14,0.0,0.2857142857142857,0.2857142857142857,0.0,5,2,3,4,3,4,4,2,6,2,0,2,0.14285714285714285,DR,-0.0,0,0,0,9,5,0.0,0.0,0.0,1.0,0.35714285714285715,DR,0.0,0.0,0.0,0.07142857142857142,1,midline,midline,dl,0,0,0,0,0
0,8,size9_comp0.2_grid8_base_low,9,0.2,low,base,base,4,7,11,5,4,1,1,1,1,1,10,42,0.2619047619047619,0.5952380952380952,0.5454545454545454,0.6129032258064516,10,12,12,8,9,11,8,13,23,12,0,3,0.07142857142857142,UR,0.9123163027543336,4,18,0,1,19,0.17391304347826086,0.782608695652174,0.0,0.043478260869565216,0.4523809523809524,UR,0.0,0.16666666666666666,0.0,0.0,5,midline,dl,ur,0,1,0,0,0
1,8,size9_comp0.2_grid8_base_low,9,0.2,low,base,base,4,7,11,5,4,1,1,1,0,1,39,48,0.0,0.5833333333333334,0.55,0.75,10,10,15,13,14,11,10,12,27,12,2,0,0.0,UR,0.9587118829771318,8,13,0,0,27,0.38095238095238093,0.6190476190476191,0.0,0.0,0.5625,UL,0.08333333333333333,0.0625,0.0,0.0,4,midline,dl,ur,0,1,0,0,0
2,8,size9_comp0.2_grid8_base_low,9,0.2,low,base,base,4,7,11,5,4,1,1,1,1,1,15,44,0.25,0.5681818181818182,0.5,0.6071428571428571,12,14,11,7,9,11,9,14,29,12,10,5,0.11363636363636363,UR,0.30337483608641397,0,35,0,2,7,0.0,0.9459459459459459,0.0,0.05405405405405406,0.1590909090909091,UR,0.0,0.4772727272727273,0.0,0.0,10,midline,dl,ur,0,1,0,0,0
3,8,size9_comp0.2_grid8_base_low,9,0.2,low,base,base,4,7,11,5,4,1,1,1,1,0,-1,20,0.0,0.4,0.4,0.0,4,5,7,4,5,5,6,3,10,3,0,1,0.05,UR,0.7219280948873623,1,4,0,0,15,0.2,0.8,0.0,0.0,0.75,,0.0,0.0,0.0,0.0,0,midline,dl,ur,0,1,0,0,0
4,8,size9_comp0.2_grid8_base_low,9,0.2,low,base,base,4,7,11,5,4,1,1,1,1,0,-1,37,0.0,0.3783783783783784,0.3783783783783784,0.0,9,8,12,8,10,6,11,9,22,7,0,6,0.16216216216216217,UR,1.2674438038072335,2,12,0,5,18,0.10526315789473684,0.631578947368421,0.0,0.2631578947368421,0.4864864864864865,,0.0,0.0,0.0,0.0,0,midline,dl,ur,0,1,0,0,0
5,8,size9_comp0.2_grid8_base_low,9,0.2,low,base,base,4,7,11,5,4,1,1,1,0,1,7,48,0.0,0.5208333333333334,0.625,0.5,14,12,12,10,10,12,14,11,31,8,5,5,0.10416666666666667,UR,0.6180038597674269,3,30,0,1,14,0.08823529411764706,0.8823529411764706,0.0,0.029411764705882353,0.2916666666666667,UR,0.0,0.3333333333333333,0.0,0.0,7,midline,dl,ur,0,1,0,0,0
6,8,size9_comp0.2_grid8_base_low,9,0.2,low,base,base,4,7,11,5,4,1,1,1,1,1,3,33,0.3333333333333333,0.6666666666666666,1.0,0.6206896551724138,10,11,8,4,7,7,7,11,18,11,4,0,0.0,UR,0.3095434291503252,1,17,0,0,15,0.05555555555555555,0.9444444444444444,0.0,0.0,0.45454545454545453,UR,0.0,0.24242424242424243,0.0,0.0,8,midline,dl,ur,0,1,0,0,0
7,8,size9_comp0.2_grid8_base_low,9,0.2,low,base,base,4,7,11,5,4,1,1,1,1,1,7,29,0.3793103448275862,0.6551724137931034,0.625,0.6666666666666666,8,10,7,4,7,7,6,8,15,7,0,2,0.06896551724137931,UR,-0.0,0,13,0,0,16,0.0,1.0,0.0,0.0,0.5517241379310345,UR,0.0,0.1724137931034483,0.0,0.0,3,midline,dl,ur,0,1,0,0,0
8,8,size9_comp0.2_grid8_base_low,9,0.2,low,base,base,4,7,11,5,4,1,1,1,0,1,41,48,0.0,0.5,0.5,0.5,12,11,13,12,12,8,13,14,27,11,0,6,0.125,UR,1.3995812306460644,10,16,0,4,18,0.3333333333333333,0.5333333333333333,0.0,0.13333333333333333,0.375,UR,0.020833333333333332,0.08333333333333333,0.0,0.0,4,midline,dl,ur,0,1,0,0,0
9,8,size9_comp0.2_grid8_base_low,9,0.2,low,base,base,4,7,11,5,4,1,1,1,1,0,-1,13,0.0,0.38461538461538464,0.38461538461538464,0.0,3,4,5,1,3,2,4,3,5,3,0,0,0.0,UR,-0.0,0,6,0,0,7,0.0,1.0,0.0,0.0,0.5384615384615384,,0.0,0.0,0.0,0.0,0,midline,dl,ur,0,1,0,0,0
0,9,size9_comp0.2_grid9_base_low,9,0.2,low,base,base,7,7,14,8,3,1,1,1,0,0,-1,48,0.0,0.4375,0.4375,0.0,12,10,10,16,10,14,15,8,28,8,0,8,0.16666666666666666,UL,1.377922804797319,21,1,8,3,15,0.6363636363636364,0.030303030303030304,0.24242424242424243,0.09090909090909091,0.3125,UL,0.16666666666666666,0.0,0.0625,0.0,6,ul,dr,ur,1,0,0,0,0
1,9,size9_comp0.2_grid9_base_low,9,0.2,low,base,base,7,7,14,8,3,1,1,1,0,0,-1,48,0.0,0.5208333333333334,0.5208333333333334,0.0,12,10,10,16,11,18,7,11,32,9,0,4,0.08333333333333333,UL,1.2243814577244938,17,4,4,0,23,0.68,0.16,0.16,0.0,0.4791666666666667,UL,0.14583333333333334,0.0,0.0,0.0,5,ul,dr,ur,1,0,0,0,0
2,9,size9_comp0.2_grid9_base_low,9,0.2,low,base,base,7,7,14,8,3,1,1,1,0,1,39,48,0.0,0.5416666666666666,0.575,0.375,11,9,11,17,10,16,6,15,24,13,5,2,0.041666666666666664,UR,1.3875050161072766,13,25,2,2,6,0.30952380952380953,0.5952380952380952,0.047619047619047616,0.047619047619047616,0.125,UR,0.1875,0.3125,0.0,0.0,11,ul,dr,ur,0,1,0,0,0
3,9,size9_comp0.2_grid9_base_low,9,0.2,low,base,base,7,7,14,8,3,1,1,1,0,0,-1,48,0.0,0.5,0.5,0.0,13,11,12,12,13,15,10,9,28,8,0,5,0.10416666666666667,DL,1.5683615354202116,13,4,15,1,15,0.3939393939393939,0.12121212121212122,0.45454545454545453,0.030303030303030304,0.3125,DL,0.08333333333333333,0.0,0.16666666666666666,0.0,8,ul,dr,ur,0,0,0,0,0
4,9,size9_comp0.2_grid9_base_low,9,0.2,low,base,base,7,7,14,8,3,1,1,1,0,1,35,48,0.0,0.5625,0.5555555555555556,0.5833333333333334,11,14,9,14,9,13,12,13,26,11,0,5,0.10416666666666667,UR,1.1425175164144374,6,21,1,1,19,0.20689655172413793,0.7241379310344828,0.034482758620689655,0.034482758620689655,0.3958333333333333,UR,0.0,0.14583333333333334,0.0,0.0,4,ul,dr,ur,0,1,0,0,0
5,9,size9_comp0.2_grid9_base_low,9,0.2,low,base,base,7,7,14,8,3,1,1,1,0,1,28,48,0.0,0.5833333333333334,0.6206896551724138,0.5263157894736842,10,12,9,17,9,15,10,13,25,12,0,2,0.041666666666666664,UR,1.8739091031232593,7,11,3,9,18,0.23333333333333334,0.36666666666666664,0.1,0.3,0.375,UR,0.0,0.041666666666666664,0.0,0.041666666666666664,2,ul,dr,ur,0,1,0,0,0
6,9,size9_comp0.2_grid9_base_low,9,0.2,low,base,base,7,7,14,8,3,1,1,1,0,1,31,48,0.0,0.5625,0.5625,0.5625,11,12,11,14,13,12,11,11,30,10,0,5,0.10416666666666667,UL,1.4644264763856563,17,8,0,7,16,0.53125,0.25,0.0,0.21875,0.3333333333333333,DR,0.041666666666666664,0.0625,0.0,0.08333333333333333,4,ul,dr,ur,1,0,0,0,0
7,9,size9_comp0.2_grid9_base_low,9,0.2,low,base,base,7,7,14,8,3,1,1,1,0,1,42,48,0.0,0.6041666666666666,0.5813953488372093,0.8,11,13,9,15,14,14,8,11,26,11,1,0,0.0,UL,1.584587839977711,18,9,6,1,14,0.5294117647058824,0.2647058823529412,0.17647058823529413,0.029411764705882353,0.2916666666666667,UL,0.10416666666666667,0.0625,0.0,0.0,4,ul,dr,ur,1,0,0,0,0
8,9,size9_comp0.2_grid9_base_low,9,0.2,low,base,base,7,7,14,8,3,1,1,1,0,1,35,48,0.0,0.5208333333333334,0.5277777777777778,0.5,13,13,5,17,13,12,13,9,26,9,0,8,0.16666666666666666,UR,1.5052408149441479,12,14,0,6,16,0.375,0.4375,0.0,0.1875,0.3333333333333333,UR,0.0625,0.1875,0.0,0.0,7,ul,dr,ur,0,1,0,0,0
9,9,size9_comp0.2_grid9_base_low,9,0.2,low,base,base,7,7,14,8,3,1,1,1,0,1,40,48,0.0,0.5416666666666666,0.5365853658536586,0.5714285714285714,10,12,9,17,13,8,20,6,25,5,0,6,0.125,DL,1.3516441151533924,4,12,20,0,12,0.1111111111111111,0.3333333333333333,0.5555555555555556,0.0,0.25,DL,0.0,0.08333333333333333,0.1875,0.0,4,ul,dr,ur,0,0,0,0,0
0,0,size9_comp0.4_grid0_base_low,9,0.4,low,base,base,4,4,8,6,1,1,1,1,0,0,-1,48,0.0,0.2916666666666667,0.2916666666666667,0.0,11,13,10,14,9,15,11,12,33,11,0,18,0.375,DL,1.5143562668767137,12,6,13,0,17,0.3870967741935484,0.1935483870967742,0.41935483870967744,0.0,0.3541666666666667,DL,0.0625,0.020833333333333332,0.125,0.0,6,dl,ur,dr,1,0,0,0,0
1,0,size9_comp0.4_grid0_base_low,9,0.4,low,base,base,4,4,8,6,1,1,1,1,1,1,12,47,0.1702127659574468,0.3829787234042553,0.38461538461538464,0.38235294117647056,18,6,9,14,13,9,10,14,36,9,4,19,0.40425531914893614,UR,1.5663672668986361,0,10,10,7,20,0.0,0.37037037037037035,0.37037037037037035,0.25925925925925924,0.425531914893617,DL,0.0,0.0,0.1702127659574468,0.02127659574468085,8,dl,ur,dr,0,0,0,0,0
2,0,size9_comp0.4_grid0_base_low,9,0.4,low,base,base,4,4,8,6,1,1,1,1,1,0,-1,29,0.0,0.3793103448275862,0.3793103448275862,0.0,8,5,7,9,5,5,7,11,19,8,0,7,0.2413793103448276,UR,1.5566567074628228,2,3,2,0,22,0.2857142857142857,0.42857142857142855,0.2857142857142857,0.0,0.7586206896551724,,0.0,0.0,0.0,0.0,0,dl,ur,dr,0,0,0,0,0
3,0,size9_comp0.4_grid0_base_low,9,0.4,low,base,base,4,4,8,6,1,1,1,1,0,1,20,48,0.0,0.3958333333333333,0.47619047619047616,0.3333333333333333,11,10,11,16,14,16,6,11,32,8,1,13,0.2708333333333333,UL,1.9329316468984663,9,6,5,4,24,0.375,0.25,0.20833333333333334,0.16666666666666666,0.5,UL,0.041666666666666664,0.0,0.0,0.0,2,dl,ur,dr,0,0,0,0,0
4,0,size9_comp0.4_grid0_base_low,9,0.4,low,base,base,4,4,8,6,1,1,1,1,0,1,42,48,0.0,0.4375,0.4186046511627907,0.6,11,9,12,16,10,15,8,14,34,9,0,12,0.25,UL,1.821695404408628,11,4,6,3,24,0.4583333333333333,0.16666666666666666,0.25,0.125,0.5,DL,0.0,0.0,0.041666666666666664,0.0,2,dl,ur,dr,0,0,0,0,0
5,0,size9_comp0.4_grid0_base_low,9,0.4,low,base,base,4,4,8,6,1,1,1,1,1,0,-1,27,0.0,0.4444444444444444,0.4444444444444444,0.0,12,6,4,5,4,8,7,7,15,6,0,3,0.1111111111111111,DL,1.0540157730728,0,2,15,3,7,0.0,0.1,0.75,0.15,0.25925925925925924,DL,0.0,0.0,0.3333333333333333,0.0,6,dl,ur,dr,1,0,0,0,0
6,0,size9_comp0.4_grid0_base_low,9,0.4,low,base,base,4,4,8,6,1,1,1,1,1,1,18,23,0.34782608695652173,0.5217391304347826,0.42105263157894735,1.0,9,4,6,4,8,5,5,4,12,2,1,7,0.30434782608695654,UL,1.5694452621548822,11,2,2,3,5,0.6111111111111112,0.1111111111111111,0.1111111111111111,0.16666666666666666,0.21739130434782608,,0.0,0.0,0.0,0.0,0,dl,ur,dr,0,0,0,0,0
7,0,size9_comp0.4_grid0_base_low,9,0.4,low,base,base,4,4,8,6,1,1,1,1,1,0,-1,32,0.0,0.375,0.375,0.0,10,5,7,10,1,7,15,8,22,7,0,8,0.25,UL,1.9542473996920804,6,3,4,4,15,0.35294117647058826,0.17647058823529413,0.23529411764705882,0.23529411764705882,0.46875,,0.0,0.0,0.0,0.0,0,dl,ur,dr,0,0,0,0,0
8,0,size9_comp0.4_grid0_base_low,9,0.4,low,base,base,4,4,8,6,1,1,1,1,0,0,-1,48,0.0,0.4166666666666667,0.4166666666666667,0.0,15,9,11,13,10,8,14,15,39,12,0,10,0.20833333333333334,DL,0.4021791902022728,0,0,23,2,23,0.0,0.0,0.92,0.08,0.4791666666666667,DL,0.0,0.0,0.10416666666666667,0.0,3,dl,ur,dr,1,0,0,0,0
9,0,size9_comp0.4_grid0_base_low,9,0.4,low,base,base,4,4,8,6,1,1,1,1,1,0,-1,25,0.0,0.36,0.36,0.0,8,3,5,9,3,4,10,7,16,4,0,7,0.28,UL,1.4604846813131116,6,2,5,0,12,0.46153846153846156,0.15384615384615385,0.38461538461538464,0.0,0.48,,0.0,0.0,0.0,0.0,0,dl,ur,dr,0,0,0,0,0
0,1,size9_comp0.4_grid1_base_low,9,0.4,low,base,base,3,7,10,6,3,1,1,1,0,0,-1,48,0.0,0.375,0.375,0.0,7,11,12,17,11,11,8,15,37,14,0,10,0.20833333333333334,UR,0.46121604051390946,4,37,0,0,7,0.0975609756097561,0.9024390243902439,0.0,0.0,0.14583333333333334,UR,0.0,0.10416666666666667,0.0,0.0,1,ur,dl,ur,1,1,0,0,0
1,1,size9_comp0.4_grid1_base_low,9,0.4,low,base,base,3,7,10,6,3,1,1,1,0,1,41,48,0.0,0.4375,0.42857142857142855,0.5,11,15,10,12,12,13,17,5,34,4,1,12,0.25,UR,0.7691928290130138,9,31,0,0,8,0.225,0.775,0.0,0.0,0.16666666666666666,UR,0.0,0.1875,0.0,0.0,9,ur,dl,ur,1,1,0,0,0
2,1,size9_comp0.4_grid1_base_low,9,0.4,low,base,base,3,7,10,6,3,1,1,1,0,0,-1,48,0.0,0.4166666666666667,0.4166666666666667,0.0,12,10,10,16,9,10,13,15,37,14,0,10,0.20833333333333334,UR,0.4586858162005403,3,28,0,0,17,0.0967741935483871,0.9032258064516129,0.0,0.0,0.3541666666666667,UR,0.0,0.10416666666666667,0.0,0.0,4,ur,dl,ur,1,1,0,0,0
3,1,size9_comp0.4_grid1_base_low,9,0.4,low,base,base,3,7,10,6,3,1,1,1,0,1,3,48,0.0,0.5208333333333334,0.75,0.5,10,12,13,13,10,10,18,9,33,8,5,6,0.125,UR,0.6394571324851641,6,31,0,0,11,0.16216216216216217,0.8378378378378378,0.0,0.0,0.22916666666666666,UR,0.020833333333333332,0.25,0.0,0.0,8,ur,dl,ur,1,1,0,0,0
4,1,size9_comp0.4_grid1_base_low,9,0.4,low,base,base,3,7,10,6,3,1,1,1,0,1,37,48,0.0,0.4791666666666667,0.47368421052631576,0.5,11,10,14,13,13,7,15,12,33,12,3,7,0.14583333333333334,UR,0.9182958340544896,12,24,0,0,12,0.3333333333333333,0.6666666666666666,0.0,0.0,0.25,UR,0.0,0.22916666666666666,0.0,0.0,6,ur,dl,ur,1,1,0,0,0
5,1,size9_comp0.4_grid1_base_low,9,0.4,low,base,base,3,7,10,6,3,1,1,1,0,0,-1,48,0.0,0.3958333333333333,0.3958333333333333,0.0,6,14,13,15,13,13,11,10,35,9,0,11,0.22916666666666666,UR,0.9503376699710268,17,29,0,0,2,0.3695652173913043,0.6304347826086957,0.0,0.0,0.041666666666666664,UR,0.14583333333333334,0.3125,0.0,0.0,8,ur,dl,ur,1,1,0,0,0
6,1,size9_comp0.4_grid1_base_low,9,0.4,low,base,base,3,7,10,6,3,1,1,1,1,1,25,36,0.2777777777777778,0.5,0.4230769230769231,0.7,4,10,12,10,13,7,10,5,20,2,2,10,0.2777777777777778,UR,0.7219280948873623,6,24,0,0,6,0.2,0.8,0.0,0.0,0.16666666666666666,UR,0.05555555555555555,0.16666666666666666,0.0,0.0,4,ur,dl,ur,1,1,0,0,0
7,1,size9_comp0.4_grid1_base_low,9,0.4,low,base,base,3,7,10,6,3,1,1,1,0,1,41,48,0.0,0.4375,0.42857142857142855,0.5,7,13,14,14,12,13,9,13,34,11,1,12,0.25,UR,0.863120568566631,12,30,0,0,6,0.2857142857142857,0.7142857142857143,0.0,0.0,0.125,UR,0.10416666666666667,0.3333333333333333,0.0,0.0,11,ur,dl,ur,1,1,0,0,0
8,1,size9_comp0.4_grid1_base_low,9,0.4,low,base,base,3,7,10,6,3,1,1,1,0,0,-1,48,0.0,0.4583333333333333,0.4583333333333333,0.0,9,10,14,15,11,14,9,13,33,12,0,3,0.0625,UL,0.9629004147713269,19,12,0,0,17,0.6129032258064516,0.3870967741935484,0.0,0.0,0.3541666666666667,UL,0.0625,0.0625,0.0,0.0,3,ur,dl,ur,0,0,0,0,0
9,1,size9_comp0.4_grid1_base_low,9,0.4,low,base,base,3,7,10,6,3,1,1,1,0,1,39,48,0.0,0.3958333333333333,0.425,0.25,14,8,11,15,14,8,10,15,35,12,5,12,0.25,UR,0.5524951143251111,5,34,0,0,9,0.1282051282051282,0.8717948717948718,0.0,0.0,0.1875,UR,0.0,0.22916666666666666,0.0,0.0,6,ur,dl,ur,1,1,0,0,0
0,2,size9_comp0.4_grid2_base_low,9,0.4,low,base,base,6,6,12,8,3,1,1,1,0,0,-1,48,0.0,0.3958333333333333,0.3958333333333333,0.0,15,7,13,13,11,16,13,7,34,4,0,14,0.2916666666666667,UL,1.7810251512927027,14,12,2,9,11,0.3783783783783784,0.32432432432432434,0.05405405405405406,0.24324324324324326,0.22916666666666666,UL,0.020833333333333332,0.0,0.0,0.0,1,dl,ur,ul,0,1,0,0,0
1,2,size9_comp0.4_grid2_base_low,9,0.4,low,base,base,6,6,12,8,3,1,1,1,1,1,23,33,0.36363636363636365,0.6060606060606061,0.5416666666666666,0.7777777777777778,10,3,7,13,10,4,8,10,19,10,1,5,0.15151515151515152,UL,1.771782221599798,7,4,1,4,17,0.4375,0.25,0.0625,0.25,0.5151515151515151,,0.0,0.0,0.0,0.0,0,dl,ur,ul,0,1,0,0,0
2,2,size9_comp0.4_grid2_base_low,9,0.4,low,base,base,6,6,12,8,3,1,1,1,0,0,-1,48,0.0,0.4583333333333333,0.4583333333333333,0.0,15,5,13,15,10,11,12,14,30,14,0,8,0.16666666666666666,UR,1.3346791410515946,6,24,9,0,9,0.15384615384615385,0.6153846153846154,0.23076923076923078,0.0,0.1875,UL,0.10416666666666667,0.041666666666666664,0.020833333333333332,0.0,5,dl,ur,ul,0,0,0,0,0
3,2,size9_comp0.4_grid2_base_low,9,0.4,low,base,base,6,6,12,8,3,1,1,1,1,0,-1,12,0.0,0.4166666666666667,0.4166666666666667,0.0,7,1,0,4,6,2,1,2,4,2,0,2,0.16666666666666666,DR,0.4689955935892812,0,0,1,9,2,0.0,0.0,0.1,0.9,0.16666666666666666,DR,0.0,0.0,0.0,0.5,5,dl,ur,ul,0,0,0,0,0
4,2,size9_comp0.4_grid2_base_low,9,0.4,low,base,base,6,6,12,8,3,1,1,1,1,0,-1,21,0.0,0.38095238095238093,0.38095238095238093,0.0,8,1,3,8,5,8,2,3,10,3,0,4,0.19047619047619047,DR,0.9366673818775626,0,0,6,11,4,0.0,0.0,0.35294117647058826,0.6470588235294118,0.19047619047619047,,0.0,0.0,0.0,0.0,0,dl,ur,ul,0,0,0,0,0
5,2,size9_comp0.4_grid2_base_low,9,0.4,low,base,base,6,6,12,8,3,1,1,1,0,1,38,48,0.0,0.4583333333333333,0.5128205128205128,0.2222222222222222,11,6,16,15,13,11,10,13,29,13,5,9,0.1875,UR,1.7320165862168087,9,15,3,4,17,0.2903225806451613,0.4838709677419355,0.0967741935483871,0.12903225806451613,0.3541666666666667,,0.0,0.0,0.0,0.0,0,dl,ur,ul,0,0,0,0,0
6,2,size9_comp0.4_grid2_base_low,9,0.4,low,base,base,6,6,12,8,3,1,1,1,1,0,-1,27,0.0,0.4074074074074074,0.4074074074074074,0.0,9,3,5,10,7,6,7,6,16,6,0,5,0.18518518518518517,UR,1.95006375643621,3,4,2,4,14,0.23076923076923078,0.3076923076923077,0.15384615384615385,0.3076923076923077,0.5185185185185185,,0.0,0.0,0.0,0.0,0,dl,ur,ul,0,0,0,0,0
7,2,size9_comp0.4_grid2_base_low,9,0.4,low,base,base,6,6,12,8,3,1,1,1,0,1,33,48,0.0,0.4375,0.47058823529411764,0.35714285714285715,11,14,13,9,15,9,10,11,32,7,2,8,0.16666666666666666,UL,1.450467463408549,20,10,2,2,14,0.5882352941176471,0.29411764705882354,0.058823529411764705,0.058823529411764705,0.2916666666666667,UL,0.1875,0.0,0.0,0.0,4,dl,ur,ul,0,1,0,0,0
8,2,size9_comp0.4_grid2_base_low,9,0.4,low,base,base,6,6,12,8,3,1,1,1,0,0,-1,48,0.0,0.4375,0.4375,0.0,10,3,17,18,11,10,12,14,30,13,0,8,0.16666666666666666,UL,1.4593308859227299,19,10,7,0,12,0.5277777777777778,0.2777777777777778,0.19444444444444445,0.0,0.25,UL,0.08333333333333333,0.08333333333333333,0.0625,0.0,4,dl,ur,ul,0,1,0,0,0
9,2,size9_comp0.4_grid2_base_low,9,0.4,low,base,base,6,6,12,8,3,1,1,1,1,0,-1,11,0.0,0.45454545454545453,0.45454545454545453,0.0,5,0,1,5,4,1,4,1,2,1,0,1,0.09090909090909091,DL,1.5566567074628228,0,2,3,2,4,0.0,0.2857142857142857,0.42857142857142855,0.2857142857142857,0.36363636363636365,,0.0,0.0,0.0,0.0,0,dl,ur,ul,1,0,0,0,0
0,3,size9_comp0.4_grid3_base_low,9,0.4,low,base,base,5,8,13,5,5,1,1,1,0,0,-1,48,0.0,0.3958333333333333,0.3958333333333333,0.0,14,12,11,11,10,9,13,15,39,12,0,10,0.20833333333333334,DL,0.9967916319816366,14,0,16,0,18,0.4666666666666667,0.0,0.5333333333333333,0.0,0.375,,0.0,0.0,0.0,0.0,0,midline,midline,dl,0,1,0,0,0
1,3,size9_comp0.4_grid3_base_low,9,0.4,low,base,base,5,8,13,5,5,1,1,1,0,0,-1,48,0.0,0.3541666666666667,0.3541666666666667,0.0,6,15,13,14,17,6,7,17,38,14,0,13,0.2708333333333333,UR,0.9373012413074896,0,17,1,4,26,0.0,0.7727272727272727,0.045454545454545456,0.18181818181818182,0.5416666666666666,UR,0.0,0.0625,0.0,0.0,3,midline,midline,dl,0,0,0,0,0
2,3,size9_comp0.4_grid3_base_low,9,0.4,low,base,base,5,8,13,5,5,1,1,1,0,0,-1,48,0.0,0.4375,0.4375,0.0,13,11,10,14,13,9,9,16,34,15,0,2,0.041666666666666664,UR,1.349869837094248,8,19,2,1,18,0.26666666666666666,0.6333333333333333,0.06666666666666667,0.03333333333333333,0.375,UR,0.0,0.10416666666666667,0.0,0.0,1,midline,midline,dl,0,0,0,0,0
3,3,size9_comp0.4_grid3_base_low,9,0.4,low,base,base,5,8,13,5,5,1,1,1,1,0,-1,32,0.0,0.3125,0.3125,0.0,5,12,6,9,10,7,10,4,17,3,0,9,0.28125,UR,0.8935711016541907,9,20,0,0,3,0.3103448275862069,0.6896551724137931,0.0,0.0,0.09375,UR,0.09375,0.125,0.0,0.0,2,midline,midline,dl,0,0,0,0,0
4,3,size9_comp0.4_grid3_base_low,9,0.4,low,base,base,5,8,13,5,5,1,1,1,1,0,-1,39,0.0,0.358974358974359,0.358974358974359,0.0,13,10,8,8,10,11,8,9,20,8,0,8,0.20512820512820512,DR,1.9103083326692296,4,5,6,10,14,0.16,0.2,0.24,0.4,0.358974358974359,DR,0.0,0.0,0.0,0.07692307692307693,2,midline,midline,dl,0,0,0,0,0
5,3,size9_comp0.4_grid3_base_low,9,0.4,low,base,base,5,8,13,5,5,1,1,1,1,0,-1,44,0.0,0.4090909090909091,0.4090909090909091,0.0,9,9,10,16,12,12,7,12,27,10,0,5,0.11363636363636363,UR,0.8256265261578954,0,20,7,0,17,0.0,0.7407407407407407,0.25925925925925924,0.0,0.38636363636363635,UR,0.0,0.20454545454545456,0.0,0.0,6,midline,midline,dl,0,0,0,0,0
6,3,size9_comp0.4_grid3_base_low,9,0.4,low,base,base,5,8,13,5,5,1,1,1,0,0,-1,48,0.0,0.4375,0.4375,0.0,14,14,11,8,8,7,13,17,32,15,0,6,0.125,DR,0.9975025463691152,0,0,16,18,14,0.0,0.0,0.47058823529411764,0.5294117647058824,0.2916666666666667,DR,0.0,0.0,0.0,0.16666666666666666,4,midline,midline,dl,0,0,0,0,0
7,3,size9_comp0.4_grid3_base_low,9,0.4,low,base,base,5,8,13,5,5,1,1,1,0,1,16,48,0.0,0.4375,0.47058823529411764,0.41935483870967744,12,9,15,12,13,12,14,8,37,5,4,14,0.2916666666666667,DL,-0.0,0,0,32,0,16,0.0,0.0,1.0,0.0,0.3333333333333333,DL,0.0,0.0,0.10416666666666667,0.0,5,midline,midline,dl,0,1,0,0,0
8,3,size9_comp0.4_grid3_base_low,9,0.4,low,base,base,5,8,13,5,5,1,1,1,0,0,-1,48,0.0,0.4375,0.4375,0.0,16,14,8,10,7,14,8,18,36,17,0,8,0.16666666666666666,UL,1.0735519991730582,21,2,0,6,19,0.7241379310344828,0.06896551724137931,0.0,0.20689655172413793,0.3958333333333333,UL,0.020833333333333332,0.0,0.0,0.020833333333333332,1,midline,midline,dl,0,0,0,0,0
9,3,size9_comp0.4_grid3_base_low,9,0.4,low,base,base,5,8,13,5,5,1,1,1,0,0,-1,48,0.0,0.20833333333333334,0.20833333333333334,0.0,10,12,9,17,8,11,13,15,39,8,0,23,0.4791666666666667,UR,-0.0,0,10,0,0,38,0.0,1.0,0.0,0.0,0.7916666666666666,UR,0.0,0.14583333333333334,0.0,0.0,7,midline,midline,dl,0,0,0,0,0
0,4,size9_comp0.4_grid4_base_low,9,0.4,low,base,base,8,3,11,5,3,1,1,1,0,0,-1,48,0.0,0.4375,0.4375,0.0,12,8,14,14,12,16,9,10,31,10,0,7,0.14583333333333334,UL,1.6493974703476992,16,4,10,2,16,0.5,0.125,0.3125,0.0625,0.3333333333333333,DL,0.0,0.0,0.041666666666666664,0.0,1,midline,ur,ur,0,0,0,0,0
1,4,size9_comp0.4_grid4_base_low,9,0.4,low,base,base,8,3,11,5,3,1,1,1,1,0,-1,40,0.0,0.5,0.5,0.0,14,8,8,10,13,9,5,12,25,11,0,5,0.125,DL,1.3291408183242783,15,1,16,1,7,0.45454545454545453,0.030303030303030304,0.48484848484848486,0.030303030303030304,0.175,UL,0.275,0.0,0.0,0.0,6,midline,ur,ur,0,0,0,0,0
2,4,size9_comp0.4_grid4_base_low,9,0.4,low,base,base,8,3,11,5,3,1,1,1,0,0,-1,48,0.0,0.4583333333333333,0.4583333333333333,0.0,10,8,14,16,10,4,20,13,37,10,0,10,0.20833333333333334,UL,0.19590927087360493,32,0,1,0,15,0.9696969696969697,0.0,0.030303030303030304,0.0,0.3125,UL,0.25,0.0,0.0,0.0,8,midline,ur,ur,0,0,0,0,0
3,4,size9_comp0.4_grid4_base_low,9,0.4,low,base,base,8,3,11,5,3,1,1,1,1,0,-1,31,0.0,0.5161290322580645,0.5161290322580645,0.0,7,5,8,11,10,8,6,6,20,6,0,4,0.12903225806451613,UL,0.5159469300074474,23,3,0,0,5,0.8846153846153846,0.11538461538461539,0.0,0.0,0.16129032258064516,UL,0.41935483870967744,0.03225806451612903,0.0,0.0,10,midline,ur,ur,0,0,0,0,0
4,4,size9_comp0.4_grid4_base_low,9,0.4,low,base,base,8,3,11,5,3,1,1,1,1,0,-1,15,0.0,0.5333333333333333,0.5333333333333333,0.0,3,2,2,8,3,2,5,4,9,4,0,4,0.26666666666666666,UL,0.9864267287308425,7,1,1,0,6,0.7777777777777778,0.1111111111111111,0.1111111111111111,0.0,0.4,,0.0,0.0,0.0,0.0,0,midline,ur,ur,0,0,0,0,0
5,4,size9_comp0.4_grid4_base_low,9,0.4,low,base,base,8,3,11,5,3,1,1,1,1,0,-1,22,0.0,0.5,0.5,0.0,7,3,3,9,2,8,6,5,15,5,0,5,0.22727272727272727,UL,0.7732283485249176,11,1,1,0,9,0.8461538461538461,0.07692307692307693,0.07692307692307693,0.0,0.4090909090909091,,0.0,0.0,0.0,0.0,0,midline,ur,ur,0,0,0,0,0
6,4,size9_comp0.4_grid4_base_low,9,0.4,low,base,base,8,3,11,5,3,1,1,1,1,1,44,48,0.22916666666666666,0.5208333333333334,0.4888888888888889,1.0,16,9,9,14,12,7,20,8,30,8,0,9,0.1875,UL,1.4143324103387336,21,7,9,0,11,0.5675675675675675,0.1891891891891892,0.24324324324324326,0.0,0.22916666666666666,UR,0.041666666666666664,0.10416666666666667,0.041666666666666664,0.0,5,midline,ur,ur,0,0,0,0,0
7,4,size9_comp0.4_grid4_base_low,9,0.4,low,base,base,8,3,11,5,3,1,1,1,1,0,-1,12,0.0,0.6666666666666666,0.6666666666666666,0.0,3,1,2,6,3,4,1,3,3,2,0,1,0.08333333333333333,DL,0.7219280948873623,0,1,4,0,7,0.0,0.2,0.8,0.0,0.5833333333333334,,0.0,0.0,0.0,0.0,0,midline,ur,ur,0,0,0,0,0
8,4,size9_comp0.4_grid4_base_low,9,0.4,low,base,base,8,3,11,5,3,1,1,1,1,0,-1,13,0.0,0.6153846153846154,0.6153846153846154,0.0,3,1,2,7,4,4,1,3,6,3,0,2,0.15384615384615385,UL,0.5435644431995964,7,1,0,0,5,0.875,0.125,0.0,0.0,0.38461538461538464,,0.0,0.0,0.0,0.0,0,midline,ur,ur,0,0,0,0,0
9,4,size9_comp0.4_grid4_base_low,9,0.4,low,base,base,8,3,11,5,3,1,1,1,1,0,-1,48,0.0,0.4583333333333333,0.4583333333333333,0.0,17,8,10,13,7,17,11,12,33,12,0,9,0.1875,DL,1.301386299279609,11,3,19,0,15,0.3333333333333333,0.09090909090909091,0.5757575757575758,0.0,0.3125,DL,0.0,0.0,0.22916666666666666,0.0,7,midline,ur,ur,0,0,0,0,0
0,5,size9_comp0.4_grid5_base_low,9,0.4,low,base,base,6,6,12,4,4,1,1,1,0,1,39,48,0.0,0.5208333333333334,0.525,0.5,11,6,16,15,14,8,8,17,32,15,4,4,0.08333333333333333,UL,1.1092800210442264,21,1,12,0,14,0.6176470588235294,0.029411764705882353,0.35294117647058826,0.0,0.2916666666666667,UL,0.020833333333333332,0.0,0.020833333333333332,0.0,1,midline,midline,midline,0,0,0,0,0
1,5,size9_comp0.4_grid5_base_low,9,0.4,low,base,base,6,6,12,4,4,1,1,1,1,0,-1,37,0.0,0.32432432432432434,0.32432432432432434,0.0,16,5,10,6,7,5,13,11,29,10,0,13,0.35135135135135137,DL,-0.0,0,0,30,0,7,0.0,0.0,1.0,0.0,0.1891891891891892,DL,0.0,0.0,0.40540540540540543,0.0,9,midline,midline,midline,0,0,0,0,0
2,5,size9_comp0.4_grid5_base_low,9,0.4,low,base,base,6,6,12,4,4,1,1,1,1,0,-1,15,0.0,0.3333333333333333,0.3333333333333333,0.0,4,0,6,5,5,3,3,3,9,2,0,5,0.3333333333333333,DR,0.5435644431995964,0,0,1,7,7,0.0,0.0,0.125,0.875,0.4666666666666667,,0.0,0.0,0.0,0.0,0,midline,midline,midline,0,0,0,0,0
3,5,size9_comp0.4_grid5_base_low,9,0.4,low,base,base,6,6,12,4,4,1,1,1,0,1,24,48,0.0,0.5208333333333334,0.6,0.43478260869565216,8,5,17,18,17,9,7,14,29,14,15,3,0.0625,UR,1.5487360371215828,11,14,8,0,15,0.3333333333333333,0.42424242424242425,0.24242424242424243,0.0,0.3125,UR,0.041666666666666664,0.0625,0.020833333333333332,0.0,2,midline,midline,midline,0,0,0,0,0
4,5,size9_comp0.4_grid5_base_low,9,0.4,low,base,base,6,6,12,4,4,1,1,1,1,0,-1,8,0.0,0.375,0.375,0.0,1,0,4,3,2,0,2,3,4,2,0,2,0.25,DL,-0.0,0,0,1,0,7,0.0,0.0,1.0,0.0,0.875,,0.0,0.0,0.0,0.0,0,midline,midline,midline,0,0,0,0,0
5,5,size9_comp0.4_grid5_base_low,9,0.4,low,base,base,6,6,12,4,4,1,1,1,1,0,-1,6,0.0,0.5,0.5,0.0,2,1,3,0,2,2,1,0,0,0,0,0,0.0,UL,1.0,2,0,2,0,2,0.5,0.0,0.5,0.0,0.3333333333333333,,0.0,0.0,0.0,0.0,0,midline,midline,midline,0,0,0,0,0
6,5,size9_comp0.4_grid5_base_low,9,0.4,low,base,base,6,6,12,4,4,1,1,1,1,0,-1,19,0.0,0.42105263157894735,0.42105263157894735,0.0,7,3,6,3,1,5,7,5,12,5,0,3,0.15789473684210525,DL,1.0,0,0,5,5,9,0.0,0.0,0.5,0.5,0.47368421052631576,,0.0,0.0,0.0,0.0,0,midline,midline,midline,0,0,0,0,0
7,5,size9_comp0.4_grid5_base_low,9,0.4,low,base,base,6,6,12,4,4,1,1,1,1,0,-1,30,0.0,0.4,0.4,0.0,11,6,9,4,11,7,5,6,16,5,0,6,0.2,DL,1.419556298571613,4,0,14,8,4,0.15384615384615385,0.0,0.5384615384615384,0.3076923076923077,0.13333333333333333,DL,0.03333333333333333,0.0,0.16666666666666666,0.03333333333333333,5,midline,midline,midline,0,0,0,0,0
9,5,size9_comp0.4_grid5_base_low,9,0.4,low,base,base,6,6,12,4,4,1,1,1,0,1,35,48,0.0,0.3541666666666667,0.3888888888888889,0.25,20,5,12,11,15,12,12,8,34,7,9,18,0.375,UL,1.6644977792004614,9,3,1,8,27,0.42857142857142855,0.14285714285714285,0.047619047619047616,0.38095238095238093,0.5625,,0.0,0.0,0.0,0.0,0,midline,midline,midline,0,0,0,0,0
0,6,size9_comp0.4_grid6_base_low,9,0.4,low,base,base,6,3,9,5,3,1,1,1,1,0,-1,42,0.0,0.35714285714285715,0.35714285714285715,0.0,17,1,13,11,17,9,6,9,34,8,0,15,0.35714285714285715,UR,1.1639904575514164,6,17,2,0,17,0.24,0.68,0.08,0.0,0.40476190476190477,,0.0,0.0,0.0,0.0,0,dl,ul,ul,0,0,0,0,0
1,6,size9_comp0.4_grid6_base_low,9,0.4,low,base,base,6,3,9,5,3,1,1,1,1,0,-1,34,0.0,0.5294117647058824,0.5294117647058824,0.0,8,5,11,10,9,7,6,11,22,10,0,1,0.029411764705882353,DL,1.6163485660751644,1,2,8,8,15,0.05263157894736842,0.10526315789473684,0.42105263157894735,0.42105263157894735,0.4411764705882353,,0.0,0.0,0.0,0.0,0,dl,ul,ul,1,0,0,0,0
2,6,size9_comp0.4_grid6_base_low,9,0.4,low,base,base,6,3,9,5,3,1,1,1,1,0,-1,48,0.0,0.4375,0.4375,0.0,17,6,13,12,9,10,11,17,38,16,0,9,0.1875,UR,1.1559739978306767,4,21,1,2,20,0.14285714285714285,0.75,0.03571428571428571,0.07142857142857142,0.4166666666666667,,0.0,0.0,0.0,0.0,0,dl,ul,ul,0,0,0,0,0
3,6,size9_comp0.4_grid6_base_low,9,0.4,low,base,base,6,3,9,5,3,1,1,1,1,0,-1,21,0.0,0.5238095238095238,0.5238095238095238,0.0,8,3,5,5,8,3,4,5,10,5,0,2,0.09523809523809523,UR,1.4911148500551856,1,7,1,2,10,0.09090909090909091,0.6363636363636364,0.09090909090909091,0.18181818181818182,0.47619047619047616,,0.0,0.0,0.0,0.0,0,dl,ul,ul,0,0,0,0,0
4,6,size9_comp0.4_grid6_base_low,9,0.4,low,base,base,6,3,9,5,3,1,1,1,0,1,45,48,0.0,0.4375,0.41304347826086957,1.0,20,6,11,11,9,14,12,12,29,10,1,14,0.2916666666666667,UR,1.5009550787843395,5,18,6,1,18,0.16666666666666666,0.6,0.2,0.03333333333333333,0.375,UL,0.08333333333333333,0.08333333333333333,0.0,0.0,4,dl,ul,ul,0,0,0,0,0
5,6,size9_comp0.4_grid6_base_low,9,0.4,low,base,base,6,3,9,5,3,1,1,1,1,0,-1,40,0.0,0.425,0.425,0.0,15,4,10,11,10,10,9,10,29,10,0,9,0.225,DL,0.19590927087360493,1,0,32,0,7,0.030303030303030304,0.0,0.9696969696969697,0.0,0.175,DL,0.0,0.0,0.15,0.0,5,dl,ul,ul,1,0,0,0,0
6,6,size9_comp0.4_grid6_base_low,9,0.4,low,base,base,6,3,9,5,3,1,1,1,1,0,-1,17,0.0,0.5294117647058824,0.5294117647058824,0.0,6,2,5,4,4,3,6,3,9,3,0,2,0.11764705882352941,DL,0.9182958340544896,2,0,4,0,11,0.3333333333333333,0.0,0.6666666666666666,0.0,0.6470588235294118,,0.0,0.0,0.0,0.0,0,dl,ul,ul,1,0,0,0,0
7,6,size9_comp0.4_grid6_base_low,9,0.4,low,base,base,6,3,9,5,3,1,1,1,0,0,-1,48,0.0,0.4166666666666667,0.4166666666666667,0.0,15,3,15,15,16,8,10,13,37,13,0,10,0.20833333333333334,UR,1.0211191885631823,1,18,6,0,23,0.04,0.72,0.24,0.0,0.4791666666666667,,0.0,0.0,0.0,0.0,0,dl,ul,ul,0,0,0,0,0
8,6,size9_comp0.4_grid6_base_low,9,0.4,low,base,base,6,3,9,5,3,1,1,1,1,0,-1,35,0.0,0.4,0.4,0.0,11,2,9,13,9,11,8,6,21,6,0,10,0.2857142857142857,DL,1.4215541688301352,1,8,16,2,8,0.037037037037037035,0.2962962962962963,0.5925925925925926,0.07407407407407407,0.22857142857142856,DL,0.0,0.0,0.14285714285714285,0.0,5,dl,ul,ul,1,0,0,0,0
9,6,size9_comp0.4_grid6_base_low,9,0.4,low,base,base,6,3,9,5,3,1,1,1,1,1,41,45,0.2,0.5333333333333333,0.5,1.0,16,9,9,11,9,17,11,7,26,7,0,6,0.13333333333333333,DL,1.9627570473524412,6,8,9,5,17,0.21428571428571427,0.2857142857142857,0.32142857142857145,0.17857142857142858,0.37777777777777777,UL,0.08888888888888889,0.0,0.0,0.0,4,dl,ul,ul,1,0,0,0,0
0,7,size9_comp0.4_grid7_base_low,9,0.4,low,base,base,9,6,15,7,6,1,1,1,0,1,39,48,0.0,0.5,0.525,0.375,10,11,14,13,8,15,16,8,29,8,0,8,0.16666666666666666,UR,1.680422031791685,2,18,7,8,13,0.05714285714285714,0.5142857142857142,0.2,0.22857142857142856,0.2708333333333333,UR,0.0,0.16666666666666666,0.041666666666666664,0.0,3,ur,dr,dl,1,0,0,0,0
1,7,size9_comp0.4_grid7_base_low,9,0.4,low,base,base,9,6,15,7,6,1,1,1,0,0,-1,48,0.0,0.375,0.375,0.0,11,11,12,14,10,14,10,13,39,8,0,15,0.3125,UR,-0.0,0,44,0,0,4,0.0,1.0,0.0,0.0,0.08333333333333333,UR,0.0,0.1875,0.0,0.0,3,ur,dr,dl,1,0,0,0,0
2,7,size9_comp0.4_grid7_base_low,9,0.4,low,base,base,9,6,15,7,6,1,1,1,0,0,-1,48,0.0,0.3958333333333333,0.3958333333333333,0.0,14,8,13,13,11,12,10,14,39,13,0,12,0.25,UR,-0.0,0,44,0,0,4,0.0,1.0,0.0,0.0,0.08333333333333333,UR,0.0,0.4375,0.0,0.0,12,ur,dr,dl,1,0,0,0,0
3,7,size9_comp0.4_grid7_base_low,9,0.4,low,base,base,9,6,15,7,6,1,1,1,0,0,-1,48,0.0,0.3958333333333333,0.3958333333333333,0.0,9,9,16,14,14,13,6,14,39,14,0,12,0.25,UR,-0.0,0,44,0,0,4,0.0,1.0,0.0,0.0,0.08333333333333333,UR,0.0,0.4583333333333333,0.0,0.0,7,ur,dr,dl,1,0,0,0,0
4,7,size9_comp0.4_grid7_base_low,9,0.4,low,base,base,9,6,15,7,6,1,1,1,0,0,-1,48,0.0,0.4375,0.4375,0.0,10,10,14,13,9,12,8,16,29,14,0,7,0.14583333333333334,UR,0.8117103150186121,6,30,1,0,11,0.16216216216216217,0.8108108108108109,0.02702702702702703,0.0,0.22916666666666666,UR,0.0,0.3125,0.0,0.0,9,ur,dr,dl,1,0,0,0,0
5,7,size9_comp0.4_grid7_base_low,9,0.4,low,base,base,9,6,15,7,6,1,1,1,0,0,-1,48,0.0,0.4375,0.4375,0.0,7,13,17,11,11,7,13,16,32,15,0,9,0.1875,UR,0.8812908992306927,12,28,0,0,8,0.3,0.7,0.0,0.0,0.16666666666666666,UR,0.020833333333333332,0.3541666666666667,0.0,0.0,12,ur,dr,dl,1,0,0,0,0
6,7,size9_comp0.4_grid7_base_low,9,0.4,low,base,base,9,6,15,7,6,1,1,1,0,0,-1,48,0.0,0.4375,0.4375,0.0,12,13,14,9,13,8,13,13,32,9,0,13,0.2708333333333333,UR,0.9444885341662053,0,28,2,6,12,0.0,0.7777777777777778,0.05555555555555555,0.16666666666666666,0.25,UR,0.0,0.2708333333333333,0.0,0.020833333333333332,13,ur,dr,dl,1,0,0,0,0
7,7,size9_comp0.4_grid7_base_low,9,0.4,low,base,base,9,6,15,7,6,1,1,1,0,0,-1,48,0.0,0.4166666666666667,0.4166666666666667,0.0,9,13,12,13,8,12,13,12,30,12,0,9,0.1875,UR,1.3416320637123613,15,16,3,0,14,0.4411764705882353,0.47058823529411764,0.08823529411764706,0.0,0.2916666666666667,UR,0.0,0.020833333333333332,0.0,0.0,1,ur,dr,dl,1,0,0,0,0
8,7,size9_comp0.4_grid7_base_low,9,0.4,low,base,base,9,6,15,7,6,1,1,1,0,0,-1,48,0.0,0.4375,0.4375,0.0,8,13,12,15,11,12,6,18,38,16,0,9,0.1875,UR,-0.0,0,43,0,0,5,0.0,1.0,0.0,0.0,0.10416666666666667,UR,0.0,0.3958333333333333,0.0,0.0,7,ur,dr,dl,1,0,0,0,0
9,7,size9_comp0.4_grid7_base_low,9,0.4,low,base,base,9,6,15,7,6,1,1,1,0,0,-1,48,0.0,0.4375,0.4375,0.0,9,15,11,13,8,13,6,20,34,17,0,9,0.1875,UR,1.5850486634539933,5,20,2,8,13,0.14285714285714285,0.5714285714285714,0.05714285714285714,0.22857142857142856,0.2708333333333333,UR,0.0,0.2708333333333333,0.0,0.0,13,ur,dr,dl,1,0,0,0,0
0,8,size9_comp0.4_grid8_base_low,9,0.4,low,base,base,7,3,10,4,3,1,1,1,0,0,-1,48,0.0,0.5208333333333334,0.5208333333333334,0.0,10,11,15,12,10,8,13,16,35,14,0,3,0.0625,UR,0.691289869405789,5,22,0,0,21,0.18518518518518517,0.8148148148148148,0.0,0.0,0.4375,UR,0.0,0.25,0.0,0.0,4,ur,ur,ul,1,0,0,0,0
1,8,size9_comp0.4_grid8_base_low,9,0.4,low,base,base,7,3,10,4,3,1,1,1,0,0,-1,48,0.0,0.4375,0.4375,0.0,14,7,17,10,10,11,9,17,38,15,0,10,0.20833333333333334,UR,0.5665095065529053,6,39,0,0,3,0.13333333333333333,0.8666666666666667,0.0,0.0,0.0625,UR,0.0,0.4791666666666667,0.0,0.0,11,ur,ur,ul,1,0,0,0,0
2,8,size9_comp0.4_grid8_base_low,9,0.4,low,base,base,7,3,10,4,3,1,1,1,1,0,-1,10,0.0,0.6,0.6,0.0,1,2,4,3,0,2,2,5,5,3,0,2,0.2,UR,-0.0,0,10,0,0,0,0.0,1.0,0.0,0.0,0.0,UR,0.0,0.9,0.0,0.0,9,ur,ur,ul,1,0,0,0,0
3,8,size9_comp0.4_grid8_base_low,9,0.4,low,base,base,7,3,10,4,3,1,1,1,1,0,-1,27,0.0,0.5185185185185185,0.5185185185185185,0.0,7,7,7,6,4,6,8,8,18,7,0,3,0.1111111111111111,UR,-0.0,0,22,0,0,5,0.0,1.0,0.0,0.0,0.18518518518518517,UR,0.0,0.48148148148148145,0.0,0.0,6,ur,ur,ul,1,0,0,0,0
4,8,size9_comp0.4_grid8_base_low,9,0.4,low,base,base,7,3,10,4,3,1,1,1,0,1,24,48,0.0,0.5625,0.6,0.5217391304347826,13,13,13,9,10,14,11,12,29,12,5,2,0.041666666666666664,UR,1.4400876246432754,11,19,6,0,12,0.3055555555555556,0.5277777777777778,0.16666666666666666,0.0,0.25,UR,0.0,0.25,0.0,0.0,4,ur,ur,ul,1,0,0,0,0
5,8,size9_comp0.4_grid8_base_low,9,0.4,low,base,base,7,3,10,4,3,1,1,1,0,0,-1,48,0.0,0.4583333333333333,0.4583333333333333,0.0,15,8,14,11,9,14,8,16,40,14,0,9,0.1875,UR,-0.0,0,44,0,0,4,0.0,1.0,0.0,0.0,0.08333333333333333,UR,0.0,0.6041666666666666,0.0,0.0,8,ur,ur,ul,1,0,0,0,0
6,8,size9_comp0.4_grid8_base_low,9,0.4,low,base,base,7,3,10,4,3,1,1,1,0,1,44,48,0.0,0.5208333333333334,0.5333333333333333,0.3333333333333333,10,11,15,12,9,9,11,18,33,17,1,4,0.08333333333333333,UR,0.9568886656798212,14,23,0,0,11,0.3783783783783784,0.6216216216216216,0.0,0.0,0.22916666666666666,UR,0.020833333333333332,0.2916666666666667,0.0,0.0,9,ur,ur,ul,1,0,0,0,0
7,8,size9_comp0.4_grid8_base_low,9,0.4,low,base,base,7,3,10,4,3,1,1,1,0,1,39,48,0.0,0.5208333333333334,0.525,0.5,14,12,13,9,9,14,10,14,32,12,2,5,0.10416666666666667,UR,1.0805834026756465,9,31,3,0,5,0.20930232558139536,0.7209302325581395,0.06976744186046512,0.0,0.10416666666666667,UR,0.0,0.3958333333333333,0.0,0.0,7,ur,ur,ul,1,0,0,0,0
8,8,size9_comp0.4_grid8_base_low,9,0.4,low,base,base,7,3,10,4,3,1,1,1,1,1,11,16,0.625,0.75,0.75,0.75,4,4,5,3,4,4,5,2,5,2,2,2,0.125,UL,0.9940302114769565,6,5,0,0,5,0.5454545454545454,0.45454545454545453,0.0,0.0,0.3125,UR,0.0,0.25,0.0,0.0,4,ur,ur,ul,0,1,0,0,0
9,8,size9_comp0.4_grid8_base_low,9,0.4,low,base,base,7,3,10,4,3,1,1,1,0,1,44,48,0.0,0.5416666666666666,0.5333333333333333,0.6666666666666666,8,10,16,14,12,9,12,14,32,12,0,4,0.08333333333333333,UR,0.7120640548905479,8,33,0,0,7,0.1951219512195122,0.8048780487804879,0.0,0.0,0.14583333333333334,UR,0.041666666666666664,0.5625,0.0,0.0,10,ur,ur,ul,1,0,0,0,0
0,9,size9_comp0.4_grid9_base_low,9,0.4,low,base,base,10,9,19,5,8,1,1,1,0,0,-1,48,0.0,0.5208333333333334,0.5208333333333334,0.0,3,10,13,22,15,12,8,12,31,8,0,8,0.16666666666666666,UL,1.3087934145318991,22,8,0,5,13,0.6285714285714286,0.22857142857142856,0.0,0.14285714285714285,0.2708333333333333,UL,0.125,0.0,0.0,0.041666666666666664,4,ul,dl,dr,1,0,0,0,0
1,9,size9_comp0.4_grid9_base_low,9,0.4,low,base,base,10,9,19,5,8,1,1,1,1,0,-1,36,0.0,0.4722222222222222,0.4722222222222222,0.0,6,11,10,9,7,12,8,8,24,7,0,3,0.08333333333333333,UL,0.8453509366224364,16,6,0,0,14,0.7272727272727273,0.2727272727272727,0.0,0.0,0.3888888888888889,UL,0.08333333333333333,0.0,0.0,0.0,2,ul,dl,dr,1,0,0,0,0
2,9,size9_comp0.4_grid9_base_low,9,0.4,low,base,base,10,9,19,5,8,1,1,1,0,0,-1,48,0.0,0.5416666666666666,0.5416666666666666,0.0,10,12,10,16,14,10,13,10,31,10,0,4,0.08333333333333333,UL,0.6609623351442084,29,6,0,0,13,0.8285714285714286,0.17142857142857143,0.0,0.0,0.2708333333333333,UL,0.1875,0.0,0.0,0.0,5,ul,dl,dr,1,0,0,0,0
3,9,size9_comp0.4_grid9_base_low,9,0.4,low,base,base,10,9,19,5,8,1,1,1,0,0,-1,48,0.0,0.4375,0.4375,0.0,8,14,11,15,12,17,10,8,36,6,0,8,0.16666666666666666,UL,0.869137580612638,22,9,0,0,17,0.7096774193548387,0.2903225806451613,0.0,0.0,0.3541666666666667,UL,0.041666666666666664,0.0,0.0,0.0,1,ul,dl,dr,1,0,0,0,0
4,9,size9_comp0.4_grid9_base_low,9,0.4,low,base,base,10,9,19,5,8,1,1,1,0,0,-1,48,0.0,0.5208333333333334,0.5208333333333334,0.0,9,12,12,15,8,11,13,15,33,15,0,2,0.041666666666666664,UL,0.6193821946787638,33,6,0,0,9,0.8461538461538461,0.15384615384615385,0.0,0.0,0.1875,UL,0.22916666666666666,0.0,0.0,0.0,4,ul,dl,dr,1,0,0,0,0
5,9,size9_comp0.4_grid9_base_low,9,0.4,low,base,base,10,9,19,5,8,1,1,1,0,0,-1,48,0.0,0.4166666666666667,0.4166666666666667,0.0,9,13,12,14,9,10,14,14,36,12,0,12,0.25,UL,1.1635002846457883,21,9,0,2,16,0.65625,0.28125,0.0,0.0625,0.3333333333333333,UL,0.10416666666666667,0.0,0.0,0.0,4,ul,dl,dr,1,0,0,0,0
6,9,size9_comp0.4_grid9_base_low,9,0.4,low,base,base,10,9,19,5,8,1,1,1,0,0,-1,48,0.0,0.4375,0.4375,0.0,8,10,12,18,14,9,13,11,32,11,0,9,0.1875,UL,0.898058793450166,24,11,0,0,13,0.6857142857142857,0.3142857142857143,0.0,0.0,0.2708333333333333,UL,0.1875,0.020833333333333332,0.0,0.0,5,ul,dl,dr,1,0,0,0,0
7,9,size9_comp0.4_grid9_base_low,9,0.4,low,base,base,10,9,19,5,8,1,1,1,0,1,25,48,0.0,0.5416666666666666,0.5769230769230769,0.5,9,9,13,17,11,8,15,13,31,12,2,8,0.16666666666666666,UL,1.4013498193719665,20,6,0,9,13,0.5714285714285714,0.17142857142857143,0.0,0.2571428571428571,0.2708333333333333,UL,0.16666666666666666,0.0,0.0,0.0625,4,ul,dl,dr,1,0,0,0,0
8,9,size9_comp0.4_grid9_base_low,9,0.4,low,base,base,10,9,19,5,8,1,1,1,0,1,41,48,0.0,0.5,0.47619047619047616,0.6666666666666666,10,14,14,10,13,13,15,6,30,5,1,13,0.2708333333333333,DR,1.4505820084462417,5,6,0,13,24,0.20833333333333334,0.25,0.0,0.5416666666666666,0.5,DR,0.041666666666666664,0.020833333333333332,0.0,0.08333333333333333,4,ul,dl,dr,0,1,0,0,0
9,9,size9_comp0.4_grid9_base_low,9,0.4,low,base,base,10,9,19,5,8,1,1,1,0,1,17,48,0.0,0.5416666666666666,0.7777777777777778,0.4,10,8,15,14,11,10,11,13,33,13,1,7,0.14583333333333334,DR,1.81294527625988,6,2,3,8,29,0.3157894736842105,0.10526315789473684,0.15789473684210525,0.42105263157894735,0.6041666666666666,UL,0.020833333333333332,0.0,0.0,0.020833333333333332,1,ul,dl,dr,0,1,0,0,0
0,0,size9_comp0.6_grid0_base_low,9,0.6,low,base,base,4,4,8,4,4,1,1,1,1,0,-1,25,0.0,0.36,0.36,0.0,7,5,8,5,5,9,5,5,18,3,0,7,0.28,UR,-0.0,0,25,0,0,0,0.0,1.0,0.0,0.0,0.0,UR,0.0,0.72,0.0,0.0,9,ur,midline,ul,1,0,0,0,0
1,0,size9_comp0.6_grid0_base_low,9,0.6,low,base,base,4,4,8,4,4,1,1,1,1,0,-1,19,0.0,0.3157894736842105,0.3157894736842105,0.0,6,4,5,4,5,3,6,4,12,3,0,7,0.3684210526315789,UR,-0.0,0,19,0,0,0,0.0,1.0,0.0,0.0,0.0,UR,0.0,0.3157894736842105,0.0,0.0,5,ur,midline,ul,1,0,0,0,0
2,0,size9_comp0.6_grid0_base_low,9,0.6,low,base,base,4,4,8,4,4,1,1,1,1,1,24,34,0.23529411764705882,0.5588235294117647,0.52,0.6666666666666666,7,4,13,10,10,5,9,9,20,8,0,4,0.11764705882352941,UR,0.9833761901392235,14,19,0,0,1,0.42424242424242425,0.5757575757575758,0.0,0.0,0.029411764705882353,UR,0.11764705882352941,0.2647058823529412,0.0,0.0,9,ur,midline,ul,1,0,0,0,0
3,0,size9_comp0.6_grid0_base_low,9,0.6,low,base,base,4,4,8,4,4,1,1,1,1,0,-1,31,0.0,0.3225806451612903,0.3225806451612903,0.0,13,4,6,8,11,6,6,7,22,5,0,11,0.3548387096774194,UR,-0.0,0,30,0,0,1,0.0,1.0,0.0,0.0,0.03225806451612903,UR,0.0,0.6451612903225806,0.0,0.0,17,ur,midline,ul,1,0,0,0,0
4,0,size9_comp0.6_grid0_base_low,9,0.6,low,base,base,4,4,8,4,4,1,1,1,1,1,28,34,0.23529411764705882,0.5588235294117647,0.5172413793103449,0.8,7,5,11,11,6,9,11,7,19,5,1,4,0.11764705882352941,UR,0.9744894033980523,13,19,0,0,2,0.40625,0.59375,0.0,0.0,0.058823529411764705,UR,0.08823529411764706,0.2647058823529412,0.0,0.0,7,ur,midline,ul,1,0,0,0,0
5,0,size9_comp0.6_grid0_base_low,9,0.6,low,base,base,4,4,8,4,4,1,1,1,1,1,18,25,0.32,0.56,0.47368421052631576,0.8333333333333334,6,4,9,6,2,7,9,6,16,5,1,5,0.2,UR,0.9456603046006401,8,14,0,0,3,0.36363636363636365,0.6363636363636364,0.0,0.0,0.12,UR,0.04,0.12,0.0,0.0,2,ur,midline,ul,1,0,0,0,0
6,0,size9_comp0.6_grid0_base_low,9,0.6,low,base,base,4,4,8,4,4,1,1,1,1,1,33,45,0.17777777777777778,0.4888888888888889,0.4411764705882353,0.6363636363636364,13,5,14,13,11,9,10,14,30,12,1,9,0.2,UR,0.9740248644357521,15,22,0,0,8,0.40540540540540543,0.5945945945945946,0.0,0.0,0.17777777777777778,UL,0.2,0.044444444444444446,0.0,0.0,4,ur,midline,ul,1,0,0,0,0
7,0,size9_comp0.6_grid0_base_low,9,0.6,low,base,base,4,4,8,4,4,1,1,1,1,0,-1,16,0.0,0.4375,0.4375,0.0,7,5,3,1,4,3,4,4,7,4,0,2,0.125,UR,0.8112781244591328,3,9,0,0,4,0.25,0.75,0.0,0.0,0.25,UR,0.0,0.1875,0.0,0.0,3,ur,midline,ul,1,0,0,0,0
8,0,size9_comp0.6_grid0_base_low,9,0.6,low,base,base,4,4,8,4,4,1,1,1,1,1,43,48,0.16666666666666666,0.5208333333333334,0.4772727272727273,1.0,10,9,16,13,7,9,19,12,33,11,1,6,0.125,UR,0.9182958340544896,15,30,0,0,3,0.3333333333333333,0.6666666666666666,0.0,0.0,0.0625,UR,0.125,0.20833333333333334,0.0,0.0,5,ur,midline,ul,1,0,0,0,0
9,0,size9_comp0.6_grid0_base_low,9,0.6,low,base,base,4,4,8,4,4,1,1,1,1,0,-1,27,0.0,0.37037037037037035,0.37037037037037035,0.0,10,5,8,4,4,9,9,4,20,3,0,7,0.25925925925925924,UR,-0.0,0,27,0,0,0,0.0,1.0,0.0,0.0,0.0,UR,0.0,0.5555555555555556,0.0,0.0,9,ur,midline,ul,1,0,0,0,0
0,1,size9_comp0.6_grid1_base_low,9,0.6,low,base,base,7,6,13,3,5,1,1,1,0,1,39,48,0.0,0.4791666666666667,0.5,0.375,14,8,13,13,11,13,10,13,31,13,2,8,0.16666666666666666,DR,1.3854839520814966,0,4,16,17,11,0.0,0.10810810810810811,0.43243243243243246,0.4594594594594595,0.22916666666666666,DL,0.0,0.020833333333333332,0.20833333333333334,0.0,8,dl,midline,midline,0,0,0,0,0
1,1,size9_comp0.6_grid1_base_low,9,0.6,low,base,base,7,6,13,3,5,1,1,1,0,1,14,48,0.0,0.4375,0.6,0.36363636363636365,12,6,16,14,11,15,10,11,31,6,3,13,0.2708333333333333,UR,1.1249554939387574,0,28,4,7,9,0.0,0.717948717948718,0.10256410256410256,0.1794871794871795,0.1875,UR,0.0,0.10416666666666667,0.0,0.0,4,dl,midline,midline,0,0,0,0,0
2,1,size9_comp0.6_grid1_base_low,9,0.6,low,base,base,7,6,13,3,5,1,1,1,0,1,44,48,0.0,0.4791666666666667,0.4888888888888889,0.3333333333333333,10,6,14,18,14,7,15,11,32,10,1,8,0.16666666666666666,DR,1.154648091032148,0,1,14,18,15,0.0,0.030303030303030304,0.42424242424242425,0.5454545454545454,0.3125,DL,0.0,0.0,0.08333333333333333,0.0,4,dl,midline,midline,0,0,0,0,0
3,1,size9_comp0.6_grid1_base_low,9,0.6,low,base,base,7,6,13,3,5,1,1,1,1,0,-1,33,0.0,0.48484848484848486,0.48484848484848486,0.0,7,3,12,11,14,7,3,8,23,8,0,2,0.06060606060606061,DL,0.6998578570269279,1,0,19,2,11,0.045454545454545456,0.0,0.8636363636363636,0.09090909090909091,0.3333333333333333,,0.0,0.0,0.0,0.0,0,dl,midline,midline,1,0,0,0,0
4,1,size9_comp0.6_grid1_base_low,9,0.6,low,base,base,7,6,13,3,5,1,1,1,1,0,-1,44,0.0,0.3409090909090909,0.3409090909090909,0.0,13,4,15,12,9,9,12,13,36,11,0,15,0.3409090909090909,DL,0.5032583347756457,0,0,32,4,8,0.0,0.0,0.8888888888888888,0.1111111111111111,0.18181818181818182,DL,0.0,0.0,0.4318181818181818,0.0,12,dl,midline,midline,1,0,0,0,0
6,1,size9_comp0.6_grid1_base_low,9,0.6,low,base,base,7,6,13,3,5,1,1,1,1,1,19,40,0.325,0.6,0.65,0.55,10,5,13,12,12,9,11,7,25,6,0,5,0.125,DR,1.5631922012781003,0,9,8,12,11,0.0,0.3103448275862069,0.27586206896551724,0.41379310344827586,0.275,UR,0.0,0.05,0.0,0.0,2,dl,midline,midline,0,0,0,0,0
7,1,size9_comp0.6_grid1_base_low,9,0.6,low,base,base,7,6,13,3,5,1,1,1,1,1,23,35,0.37142857142857144,0.5714285714285714,0.5416666666666666,0.6363636363636364,9,4,11,11,7,9,13,5,24,5,4,8,0.22857142857142856,DL,0.7793498372920851,0,0,20,6,9,0.0,0.0,0.7692307692307693,0.23076923076923078,0.2571428571428571,DL,0.0,0.0,0.2571428571428571,0.0,5,dl,midline,midline,1,0,0,0,0
8,1,size9_comp0.6_grid1_base_low,9,0.6,low,base,base,7,6,13,3,5,1,1,1,1,0,-1,14,0.0,0.5,0.5,0.0,4,1,4,5,4,1,3,5,8,5,0,1,0.07142857142857142,DL,0.9456603046006401,0,0,7,4,3,0.0,0.0,0.6363636363636364,0.36363636363636365,0.21428571428571427,,0.0,0.0,0.0,0.0,0,dl,midline,midline,1,0,0,0,0
9,1,size9_comp0.6_grid1_base_low,9,0.6,low,base,base,7,6,13,3,5,1,1,1,0,1,25,48,0.0,0.5208333333333334,0.5769230769230769,0.45454545454545453,14,8,13,13,10,11,9,17,33,16,6,4,0.08333333333333333,UR,1.5782431388871618,0,11,9,9,19,0.0,0.3793103448275862,0.3103448275862069,0.3103448275862069,0.3958333333333333,UR,0.0,0.020833333333333332,0.0,0.0,1,dl,midline,midline,0,0,0,0,0
0,2,size9_comp0.6_grid2_base_low,9,0.6,low,base,base,5,6,11,3,4,1,1,1,1,0,-1,6,0.0,0.3333333333333333,0.3333333333333333,0.0,3,0,1,2,1,1,3,0,1,0,0,1,0.16666666666666666,DR,-0.0,0,0,0,4,2,0.0,0.0,0.0,1.0,0.3333333333333333,DR,0.0,0.0,0.0,0.16666666666666666,1,dr,midline,midline,1,0,0,0,0
1,2,size9_comp0.6_grid2_base_low,9,0.6,low,base,base,5,6,11,3,4,1,1,1,1,1,13,48,0.22916666666666666,0.5,0.5,0.5,15,11,12,10,12,10,10,15,35,13,9,11,0.22916666666666666,DR,0.8779620013943912,0,0,11,26,11,0.0,0.0,0.2972972972972973,0.7027027027027027,0.22916666666666666,DR,0.0,0.0,0.0,0.0625,1,dr,midline,midline,1,0,0,0,0
2,2,size9_comp0.6_grid2_base_low,9,0.6,low,base,base,5,6,11,3,4,1,1,1,1,1,4,19,0.5789473684210527,0.7368421052631579,1.0,0.6428571428571429,4,2,7,6,7,4,1,6,11,5,2,2,0.10526315789473684,DR,1.0957952550009336,1,0,2,8,8,0.09090909090909091,0.0,0.18181818181818182,0.7272727272727273,0.42105263157894735,DR,0.0,0.0,0.0,0.05263157894736842,1,dr,midline,midline,1,0,0,0,0
3,2,size9_comp0.6_grid2_base_low,9,0.6,low,base,base,5,6,11,3,4,1,1,1,1,1,4,27,0.4074074074074074,0.6666666666666666,1.0,0.5909090909090909,9,7,5,6,6,5,7,8,18,7,1,2,0.07407407407407407,DR,0.6500224216483541,0,0,3,15,9,0.0,0.0,0.16666666666666666,0.8333333333333334,0.3333333333333333,DR,0.0,0.0,0.0,0.14814814814814814,1,dr,midline,midline,1,0,0,0,0
4,2,size9_comp0.6_grid2_base_low,9,0.6,low,base,base,5,6,11,3,4,1,1,1,1,0,-1,5,0.0,0.2,0.2,0.0,2,0,2,1,2,1,0,1,2,0,0,2,0.4,DR,-0.0,0,0,0,2,3,0.0,0.0,0.0,1.0,0.6,DR,0.0,0.0,0.0,0.2,1,dr,midline,midline,1,0,0,0,0
5,2,size9_comp0.6_grid2_base_low,9,0.6,low,base,base,5,6,11,3,4,1,1,1,1,0,-1,3,0.0,0.3333333333333333,0.3333333333333333,0.0,2,0,0,1,1,0,1,0,0,0,0,0,0.0,DR,-0.0,0,0,0,2,1,0.0,0.0,0.0,1.0,0.3333333333333333,DR,0.0,0.0,0.0,0.3333333333333333,1,dr,midline,midline,1,0,0,0,0
6,2,size9_comp0.6_grid2_base_low,9,0.6,low,base,base,5,6,11,3,4,1,1,1,1,0,-1,7,0.0,0.42857142857142855,0.42857142857142855,0.0,3,1,1,2,0,2,2,2,3,2,0,0,0.0,DR,-0.0,0,0,0,7,0,0.0,0.0,0.0,1.0,0.0,DR,0.0,0.0,0.0,0.2857142857142857,1,dr,midline,midline,1,0,0,0,0
7,2,size9_comp0.6_grid2_base_low,9,0.6,low,base,base,5,6,11,3,4,1,1,1,1,0,-1,25,0.0,0.28,0.28,0.0,7,4,7,7,6,11,4,3,19,2,0,10,0.4,DR,-0.0,0,0,0,17,8,0.0,0.0,0.0,1.0,0.32,DR,0.0,0.0,0.0,0.16,2,dr,midline,midline,1,0,0,0,0
8,2,size9_comp0.6_grid2_base_low,9,0.6,low,base,base,5,6,11,3,4,1,1,1,1,0,-1,11,0.0,0.45454545454545453,0.45454545454545453,0.0,3,1,3,4,2,3,2,3,5,3,0,0,0.0,DR,-0.0,0,0,0,10,1,0.0,0.0,0.0,1.0,0.09090909090909091,DR,0.0,0.0,0.0,0.09090909090909091,1,dr,midline,midline,1,0,0,0,0
9,2,size9_comp0.6_grid2_base_low,9,0.6,low,base,base,5,6,11,3,4,1,1,1,0,1,8,48,0.0,0.5208333333333334,0.7777777777777778,0.46153846153846156,8,8,17,15,11,8,10,18,37,16,1,4,0.08333333333333333,DR,0.2761954276479391,0,0,2,40,6,0.0,0.0,0.047619047619047616,0.9523809523809523,0.125,DR,0.0,0.0,0.0,0.3125,6,dr,midline,midline,1,0,0,0,0
0,3,size9_comp0.6_grid3_base_low,9,0.6,low,base,base,7,3,10,8,1,1,1,1,1,0,-1,39,0.0,0.46153846153846156,0.46153846153846156,0.0,7,11,9,12,11,8,6,13,28,11,0,7,0.1794871794871795,UL,0.8997437586982626,26,0,12,0,1,0.6842105263157895,0.0,0.3157894736842105,0.0,0.02564102564102564,UL,0.41025641025641024,0.0,0.10256410256410256,0.0,6,ul,dl,midline,1,0,0,0,0
1,3,size9_comp0.6_grid3_base_low,9,0.6,low,base,base,7,3,10,8,1,1,1,1,1,1,29,46,0.21739130434782608,0.5217391304347826,0.5333333333333333,0.5,6,13,12,15,13,7,12,13,31,12,2,8,0.17391304347826086,UL,0.7531979910695014,29,8,0,0,9,0.7837837837837838,0.21621621621621623,0.0,0.0,0.1956521739130435,UL,0.391304347826087,0.0,0.0,0.0,11,ul,dl,midline,1,0,0,0,0
2,3,size9_comp0.6_grid3_base_low,9,0.6,low,base,base,7,3,10,8,1,1,1,1,0,1,45,48,0.0,0.4583333333333333,0.45652173913043476,0.5,11,11,13,13,9,11,10,17,38,12,0,11,0.22916666666666666,UL,0.15109697051711368,45,1,0,0,2,0.9782608695652174,0.021739130434782608,0.0,0.0,0.041666666666666664,UL,0.3333333333333333,0.0,0.0,0.0,9,ul,dl,midline,1,0,0,0,0
3,3,size9_comp0.6_grid3_base_low,9,0.6,low,base,base,7,3,10,8,1,1,1,1,0,1,41,48,0.0,0.4791666666666667,0.47619047619047616,0.5,13,14,11,10,14,10,9,14,33,12,2,9,0.1875,UL,0.9089420171620173,29,1,8,0,10,0.7631578947368421,0.02631578947368421,0.21052631578947367,0.0,0.20833333333333334,UL,0.20833333333333334,0.0,0.08333333333333333,0.0,5,ul,dl,midline,1,0,0,0,0
4,3,size9_comp0.6_grid3_base_low,9,0.6,low,base,base,7,3,10,8,1,1,1,1,0,1,46,48,0.0,0.3958333333333333,0.3829787234042553,1.0,8,13,13,14,14,19,8,6,38,4,0,18,0.375,UL,-0.0,39,0,0,0,9,1.0,0.0,0.0,0.0,0.1875,UL,0.14583333333333334,0.0,0.0,0.0,3,ul,dl,midline,1,0,0,0,0
5,3,size9_comp0.6_grid3_base_low,9,0.6,low,base,base,7,3,10,8,1,1,1,1,1,1,16,31,0.3225806451612903,0.5483870967741935,0.5882352941176471,0.5,1,9,9,12,10,6,5,9,19,8,0,7,0.22580645161290322,UL,0.3227569588973982,16,1,0,0,14,0.9411764705882353,0.058823529411764705,0.0,0.0,0.45161290322580644,UL,0.0967741935483871,0.0,0.0,0.0,3,ul,dl,midline,1,0,0,0,0
6,3,size9_comp0.6_grid3_base_low,9,0.6,low,base,base,7,3,10,8,1,1,1,1,0,1,27,48,0.0,0.4375,0.42857142857142855,0.45,10,12,10,16,8,17,16,6,34,5,9,11,0.22916666666666666,UL,0.7578784625383954,25,7,0,0,16,0.78125,0.21875,0.0,0.0,0.3333333333333333,UL,0.20833333333333334,0.0,0.0,0.0,4,ul,dl,midline,1,0,0,0,0
7,3,size9_comp0.6_grid3_base_low,9,0.6,low,base,base,7,3,10,8,1,1,1,1,0,1,43,48,0.0,0.4791666666666667,0.5,0.25,10,10,13,15,12,9,7,19,33,16,1,7,0.14583333333333334,UL,0.8812908992306927,28,0,12,0,8,0.7,0.0,0.3,0.0,0.16666666666666666,UL,0.10416666666666667,0.0,0.0625,0.0,4,ul,dl,midline,1,0,0,0,0
8,3,size9_comp0.6_grid3_base_low,9,0.6,low,base,base,7,3,10,8,1,1,1,1,0,1,14,48,0.0,0.5208333333333334,0.6,0.48484848484848486,10,13,12,13,9,6,15,17,29,15,7,6,0.125,UR,0.9975025463691152,16,18,0,0,14,0.47058823529411764,0.5294117647058824,0.0,0.0,0.2916666666666667,UL,0.14583333333333334,0.14583333333333334,0.0,0.0,6,ul,dl,midline,0,0,0,0,0
9,3,size9_comp0.6_grid3_base_low,9,0.6,low,base,base,7,3,10,8,1,1,1,1,1,1,26,32,0.3125,0.59375,0.5555555555555556,0.8,3,8,10,11,8,7,4,12,20,10,0,4,0.125,UL,0.222284830685688,27,1,0,0,4,0.9642857142857143,0.03571428571428571,0.0,0.0,0.125,UL,0.53125,0.0,0.0,0.0,7,ul,dl,midline,1,0,0,0,0
0,4,size9_comp0.6_grid4_base_low,9,0.6,low,base,base,6,7,13,7,6,1,1,1,0,0,-1,48,0.0,0.4166666666666667,0.4166666666666667,0.0,13,10,12,13,10,7,14,16,35,13,0,5,0.10416666666666667,UR,0.8256265261578954,7,20,0,0,21,0.25925925925925924,0.7407407407407407,0.0,0.0,0.4375,UR,0.0,0.2916666666666667,0.0,0.0,7,midline,midline,dl,0,0,0,0,0
1,4,size9_comp0.6_grid4_base_low,9,0.6,low,base,base,6,7,13,7,6,1,1,1,0,0,-1,48,0.0,0.375,0.375,0.0,10,10,11,16,8,17,8,12,30,11,0,6,0.125,UR,1.0270835132283895,9,23,1,0,15,0.2727272727272727,0.696969696969697,0.030303030303030304,0.0,0.3125,UR,0.0625,0.1875,0.0,0.0,4,midline,midline,dl,0,0,0,0,0
2,4,size9_comp0.6_grid4_base_low,9,0.6,low,base,base,6,7,13,7,6,1,1,1,1,0,-1,42,0.0,0.40476190476190477,0.40476190476190477,0.0,9,10,9,14,10,15,7,9,29,9,0,7,0.16666666666666666,UR,1.5655962303576019,4,6,5,0,27,0.26666666666666666,0.4,0.3333333333333333,0.0,0.6428571428571429,UR,0.0,0.047619047619047616,0.0,0.0,2,midline,midline,dl,0,0,0,0,0
3,4,size9_comp0.6_grid4_base_low,9,0.6,low,base,base,6,7,13,7,6,1,1,1,0,0,-1,48,0.0,0.4375,0.4375,0.0,12,12,11,12,3,14,14,14,37,12,0,4,0.08333333333333333,UL,0.9940302114769565,12,10,0,0,26,0.5454545454545454,0.45454545454545453,0.0,0.0,0.5416666666666666,UR,0.0,0.020833333333333332,0.0,0.0,1,midline,midline,dl,0,0,0,0,0
4,4,size9_comp0.6_grid4_base_low,9,0.6,low,base,base,6,7,13,7,6,1,1,1,1,0,-1,23,0.0,0.391304347826087,0.391304347826087,0.0,4,5,5,9,5,9,3,5,11,4,0,4,0.17391304347826086,UR,-0.0,0,12,0,0,11,0.0,1.0,0.0,0.0,0.4782608695652174,UR,0.0,0.17391304347826086,0.0,0.0,2,midline,midline,dl,0,0,0,0,0
5,4,size9_comp0.6_grid4_base_low,9,0.6,low,base,base,6,7,13,7,6,1,1,1,0,0,-1,48,0.0,0.3125,0.3125,0.0,12,14,9,13,8,9,15,15,33,10,0,14,0.2916666666666667,UR,0.7703437707962479,1,25,0,4,18,0.03333333333333333,0.8333333333333334,0.0,0.13333333333333333,0.375,UR,0.0,0.125,0.0,0.0,5,midline,midline,dl,0,0,0,0,0
6,4,size9_comp0.6_grid4_base_low,9,0.6,low,base,base,6,7,13,7,6,1,1,1,0,0,-1,48,0.0,0.375,0.375,0.0,10,13,11,14,13,9,12,13,36,11,0,7,0.14583333333333334,UR,-0.0,0,41,0,0,7,0.0,1.0,0.0,0.0,0.14583333333333334,UR,0.0,0.4791666666666667,0.0,0.0,7,midline,midline,dl,0,0,0,0,0
7,4,size9_comp0.6_grid4_base_low,9,0.6,low,base,base,6,7,13,7,6,1,1,1,0,1,41,48,0.0,0.4791666666666667,0.5,0.3333333333333333,11,12,14,11,11,17,12,7,30,5,2,8,0.16666666666666666,DL,1.583143101527774,9,9,10,0,20,0.32142857142857145,0.32142857142857145,0.35714285714285715,0.0,0.4166666666666667,DL,0.0,0.0,0.0625,0.0,2,midline,midline,dl,0,1,0,0,0
8,4,size9_comp0.6_grid4_base_low,9,0.6,low,base,base,6,7,13,7,6,1,1,1,0,1,24,48,0.0,0.4583333333333333,0.48,0.43478260869565216,10,14,13,11,12,13,11,11,33,8,8,10,0.20833333333333334,DL,0.4426608980694471,1,0,26,1,20,0.03571428571428571,0.0,0.9285714285714286,0.03571428571428571,0.4166666666666667,DL,0.0,0.0,0.25,0.0,3,midline,midline,dl,0,1,0,0,0
9,4,size9_comp0.6_grid4_base_low,9,0.6,low,base,base,6,7,13,7,6,1,1,1,0,0,-1,48,0.0,0.4583333333333333,0.4583333333333333,0.0,8,8,14,18,13,10,9,15,31,14,0,4,0.08333333333333333,UR,0.8497511372532974,8,21,0,0,19,0.27586206896551724,0.7241379310344828,0.0,0.0,0.3958333333333333,UR,0.0625,0.22916666666666666,0.0,0.0,5,midline,midline,dl,0,0,0,0,0
0,5,size9_comp0.6_grid5_base_low,9,0.6,low,base,base,5,5,10,6,2,1,1,1,1,1,5,23,0.43478260869565216,0.6086956521739131,0.8333333333333334,0.5294117647058824,5,3,6,9,5,5,6,6,14,5,1,5,0.21739130434782608,UR,1.4833557549816874,0,5,2,5,11,0.0,0.4166666666666667,0.16666666666666666,0.4166666666666667,0.4782608695652174,,0.0,0.0,0.0,0.0,0,dl,ur,dr,0,0,0,0,0
1,5,size9_comp0.6_grid5_base_low,9,0.6,low,base,base,5,5,10,6,2,1,1,1,1,1,18,24,0.4166666666666667,0.625,0.5263157894736842,1.0,7,1,7,9,5,8,6,4,14,4,1,4,0.16666666666666666,DL,1.2326602568158205,0,1,10,7,6,0.0,0.05555555555555555,0.5555555555555556,0.3888888888888889,0.25,DL,0.0,0.0,0.041666666666666664,0.0,1,dl,ur,dr,1,0,0,0,0
2,5,size9_comp0.6_grid5_base_low,9,0.6,low,base,base,5,5,10,6,2,1,1,1,0,1,15,48,0.0,0.4791666666666667,0.625,0.40625,14,3,15,16,18,8,10,11,39,11,1,10,0.20833333333333334,DL,0.9366673818775626,0,0,22,12,14,0.0,0.0,0.6470588235294118,0.35294117647058826,0.2916666666666667,DL,0.0,0.0,0.041666666666666664,0.0,1,dl,ur,dr,1,0,0,0,0
3,5,size9_comp0.6_grid5_base_low,9,0.6,low,base,base,5,5,10,6,2,1,1,1,0,1,26,48,0.0,0.4583333333333333,0.48148148148148145,0.42857142857142855,12,6,13,17,17,11,9,10,36,9,1,12,0.25,DL,1.0606655462587962,0,1,25,12,10,0.0,0.02631578947368421,0.6578947368421053,0.3157894736842105,0.20833333333333334,DL,0.0,0.0,0.14583333333333334,0.0,4,dl,ur,dr,1,0,0,0,0
4,5,size9_comp0.6_grid5_base_low,9,0.6,low,base,base,5,5,10,6,2,1,1,1,0,1,18,48,0.0,0.4583333333333333,0.5263157894736842,0.41379310344827586,9,4,14,21,19,7,11,10,36,9,3,11,0.22916666666666666,DL,0.954434002924965,0,0,20,12,16,0.0,0.0,0.625,0.375,0.3333333333333333,DL,0.0,0.0,0.125,0.0,3,dl,ur,dr,1,0,0,0,0
5,5,size9_comp0.6_grid5_base_low,9,0.6,low,base,base,5,5,10,6,2,1,1,1,1,0,-1,35,0.0,0.3142857142857143,0.3142857142857143,0.0,12,4,6,13,9,10,7,8,26,7,0,13,0.37142857142857144,UR,1.2344977967946407,0,10,9,1,15,0.0,0.5,0.45,0.05,0.42857142857142855,,0.0,0.0,0.0,0.0,0,dl,ur,dr,0,0,0,0,0
6,5,size9_comp0.6_grid5_base_low,9,0.6,low,base,base,5,5,10,6,2,1,1,1,0,1,25,48,0.0,0.4583333333333333,0.5384615384615384,0.36363636363636365,14,6,13,15,13,14,8,12,34,9,2,10,0.20833333333333334,DL,1.5409399040885625,0,7,13,11,17,0.0,0.22580645161290322,0.41935483870967744,0.3548387096774194,0.3541666666666667,DL,0.0,0.0,0.041666666666666664,0.0,1,dl,ur,dr,1,0,0,0,0
7,5,size9_comp0.6_grid5_base_low,9,0.6,low,base,base,5,5,10,6,2,1,1,1,0,1,32,48,0.0,0.4375,0.42424242424242425,0.4666666666666667,15,9,8,16,16,12,10,9,31,9,1,12,0.25,DL,1.87412761699852,8,3,11,10,16,0.25,0.09375,0.34375,0.3125,0.3333333333333333,UL,0.041666666666666664,0.0,0.020833333333333332,0.0,1,dl,ur,dr,1,0,0,0,0
8,5,size9_comp0.6_grid5_base_low,9,0.6,low,base,base,5,5,10,6,2,1,1,1,1,0,-1,19,0.0,0.3157894736842105,0.3157894736842105,0.0,5,1,6,7,8,4,6,0,8,0,0,7,0.3684210526315789,DL,0.7732283485249176,0,1,11,1,6,0.0,0.07692307692307693,0.8461538461538461,0.07692307692307693,0.3157894736842105,DL,0.0,0.0,0.3157894736842105,0.0,6,dl,ur,dr,1,0,0,0,0
9,5,size9_comp0.6_grid5_base_low,9,0.6,low,base,base,5,5,10,6,2,1,1,1,0,1,7,48,0.0,0.4583333333333333,0.75,0.4,12,7,13,16,12,8,13,14,40,13,1,10,0.20833333333333334,DL,0.8739810481273578,0,0,24,10,14,0.0,0.0,0.7058823529411765,0.29411764705882354,0.2916666666666667,,0.0,0.0,0.0,0.0,0,dl,ur,dr,1,0,0,0,0
0,6,size9_comp0.6_grid6_base_low,9,0.6,low,base,base,6,11,17,5,6,1,1,1,1,0,-1,45,0.0,0.3111111111111111,0.3111111111111111,0.0,16,13,5,11,9,11,15,9,36,8,0,12,0.26666666666666666,DL,0.3095434291503252,2,0,34,0,9,0.05555555555555555,0.0,0.9444444444444444,0.0,0.2,DL,0.0,0.0,0.3111111111111111,0.0,8,dl,ul,dr,1,0,0,0,0
1,6,size9_comp0.6_grid6_base_low,9,0.6,low,base,base,6,11,17,5,6,1,1,1,0,0,-1,48,0.0,0.4791666666666667,0.4791666666666667,0.0,10,8,13,17,9,10,9,19,33,16,0,6,0.125,DL,0.8196004346196011,0,0,35,12,1,0.0,0.0,0.7446808510638298,0.2553191489361702,0.020833333333333332,DL,0.0,0.0,0.375,0.10416666666666667,6,dl,ul,dr,1,0,0,0,0
2,6,size9_comp0.6_grid6_base_low,9,0.6,low,base,base,6,11,17,5,6,1,1,1,1,0,-1,45,0.0,0.3333333333333333,0.3333333333333333,0.0,16,11,4,12,8,12,6,15,39,14,0,8,0.17777777777777778,DL,0.9283620723948676,11,0,21,0,13,0.34375,0.0,0.65625,0.0,0.28888888888888886,DL,0.0,0.0,0.06666666666666667,0.0,3,dl,ul,dr,1,0,0,0,0
3,6,size9_comp0.6_grid6_base_low,9,0.6,low,base,base,6,11,17,5,6,1,1,1,0,0,-1,48,0.0,0.3541666666666667,0.3541666666666667,0.0,15,10,9,13,14,9,11,11,31,7,0,13,0.2708333333333333,DL,0.8747689961890863,0,2,36,7,3,0.0,0.044444444444444446,0.8,0.15555555555555556,0.0625,DL,0.0,0.0,0.2708333333333333,0.041666666666666664,7,dl,ul,dr,1,0,0,0,0
4,6,size9_comp0.6_grid6_base_low,9,0.6,low,base,base,6,11,17,5,6,1,1,1,1,0,-1,37,0.0,0.2972972972972973,0.2972972972972973,0.0,17,6,7,7,12,5,9,10,27,7,0,10,0.2702702702702703,DL,0.35335933502142136,2,0,28,0,7,0.06666666666666667,0.0,0.9333333333333333,0.0,0.1891891891891892,DL,0.0,0.0,0.21621621621621623,0.0,3,dl,ul,dr,1,0,0,0,0
5,6,size9_comp0.6_grid6_base_low,9,0.6,low,base,base,6,11,17,5,6,1,1,1,1,1,13,38,0.4473684210526316,0.6052631578947368,0.6428571428571429,0.5833333333333334,12,4,12,10,11,11,8,7,18,7,0,9,0.23684210526315788,DR,1.8094701116163225,3,9,6,14,6,0.09375,0.28125,0.1875,0.4375,0.15789473684210525,DL,0.02631578947368421,0.0,0.10526315789473684,0.10526315789473684,4,dl,ul,dr,0,1,0,0,0
6,6,size9_comp0.6_grid6_base_low,9,0.6,low,base,base,6,11,17,5,6,1,1,1,0,1,40,48,0.0,0.5208333333333334,0.4634146341463415,0.8571428571428571,15,7,13,13,18,8,8,13,30,10,0,9,0.1875,DL,0.8325668802427404,0,3,38,5,2,0.0,0.06521739130434782,0.8260869565217391,0.10869565217391304,0.041666666666666664,DL,0.0,0.0,0.3333333333333333,0.0625,5,dl,ul,dr,1,0,0,0,0
7,6,size9_comp0.6_grid6_base_low,9,0.6,low,base,base,6,11,17,5,6,1,1,1,0,0,-1,48,0.0,0.3958333333333333,0.3958333333333333,0.0,13,12,11,12,7,10,16,14,34,13,0,6,0.125,UL,0.8582307926411411,28,0,11,0,9,0.717948717948718,0.0,0.28205128205128205,0.0,0.1875,UL,0.25,0.0,0.08333333333333333,0.0,4,dl,ul,dr,0,0,0,0,0
8,6,size9_comp0.6_grid6_base_low,9,0.6,low,base,base,6,11,17,5,6,1,1,1,1,1,17,47,0.3617021276595745,0.574468085106383,0.4444444444444444,0.6551724137931034,15,5,14,13,17,10,6,13,24,11,0,10,0.2127659574468085,DR,1.9668103133536556,9,10,6,11,11,0.25,0.2777777777777778,0.16666666666666666,0.3055555555555556,0.23404255319148937,UR,0.0851063829787234,0.10638297872340426,0.0851063829787234,0.06382978723404255,5,dl,ul,dr,0,1,0,0,0
9,6,size9_comp0.6_grid6_base_low,9,0.6,low,base,base,6,11,17,5,6,1,1,1,1,1,14,42,0.40476190476190477,0.5952380952380952,0.6,0.5925925925925926,15,6,12,9,11,13,10,7,21,7,0,9,0.21428571428571427,UR,1.691825420878613,1,15,9,12,5,0.02702702702702703,0.40540540540540543,0.24324324324324326,0.32432432432432434,0.11904761904761904,DR,0.0,0.047619047619047616,0.09523809523809523,0.14285714285714285,6,dl,ul,dr,0,0,0,0,0
0,7,size9_comp0.6_grid7_base_low,9,0.6,low,base,base,3,7,10,10,0,1,1,1,0,1,28,48,0.0,0.3958333333333333,0.3793103448275862,0.42105263157894735,17,14,9,8,12,9,9,17,37,16,6,14,0.2916666666666667,DL,0.7871265862012691,8,0,26,0,14,0.23529411764705882,0.0,0.7647058823529411,0.0,0.2916666666666667,DL,0.0,0.0,0.4166666666666667,0.0,17,dl,ur,midline,1,0,0,0,0
1,7,size9_comp0.6_grid7_base_low,9,0.6,low,base,base,3,7,10,10,0,1,1,1,0,0,-1,48,0.0,0.3541666666666667,0.3541666666666667,0.0,17,10,9,12,19,7,8,13,31,9,0,12,0.25,UR,1.5989675537656407,12,18,6,1,11,0.32432432432432434,0.4864864864864865,0.16216216216216217,0.02702702702702703,0.22916666666666666,DL,0.0,0.0,0.0625,0.0,3,dl,ur,midline,0,0,0,0,0
2,7,size9_comp0.6_grid7_base_low,9,0.6,low,base,base,3,7,10,10,0,1,1,1,1,0,-1,41,0.0,0.2682926829268293,0.2682926829268293,0.0,10,7,11,13,13,6,11,10,26,7,0,15,0.36585365853658536,DL,1.3416320637123613,0,15,16,3,7,0.0,0.4411764705882353,0.47058823529411764,0.08823529411764706,0.17073170731707318,DL,0.0,0.17073170731707318,0.34146341463414637,0.0,14,dl,ur,midline,1,0,0,0,0
3,7,size9_comp0.6_grid7_base_low,9,0.6,low,base,base,3,7,10,10,0,1,1,1,1,0,-1,42,0.0,0.2857142857142857,0.2857142857142857,0.0,12,8,11,11,10,15,7,9,24,4,0,14,0.3333333333333333,UR,1.315245024597922,0,19,14,3,6,0.0,0.5277777777777778,0.3888888888888889,0.08333333333333333,0.14285714285714285,DL,0.0,0.0,0.23809523809523808,0.0,10,dl,ur,midline,0,0,0,0,0
4,7,size9_comp0.6_grid7_base_low,9,0.6,low,base,base,3,7,10,10,0,1,1,1,1,1,8,25,0.4,0.52,0.4444444444444444,0.5625,7,5,4,9,2,9,10,3,14,0,4,9,0.36,DL,1.2309595631140104,1,5,9,0,10,0.06666666666666667,0.3333333333333333,0.6,0.0,0.4,DL,0.0,0.0,0.2,0.0,5,dl,ur,midline,1,0,0,0,0
5,7,size9_comp0.6_grid7_base_low,9,0.6,low,base,base,3,7,10,10,0,1,1,1,1,1,7,19,0.5263157894736842,0.6842105263157895,0.625,0.7272727272727273,8,3,1,7,8,1,4,5,9,5,0,3,0.15789473684210525,DL,1.3250112108241772,5,1,6,0,7,0.4166666666666667,0.08333333333333333,0.5,0.0,0.3684210526315789,DL,0.0,0.0,0.15789473684210525,0.0,2,dl,ur,midline,1,0,0,0,0
6,7,size9_comp0.6_grid7_base_low,9,0.6,low,base,base,3,7,10,10,0,1,1,1,0,1,11,48,0.0,0.4791666666666667,0.5,0.4722222222222222,17,12,5,14,7,12,12,16,32,14,6,10,0.20833333333333334,UL,1.5147239826031003,14,7,8,0,19,0.4827586206896552,0.2413793103448276,0.27586206896551724,0.0,0.3958333333333333,DL,0.0,0.0,0.041666666666666664,0.0,1,dl,ur,midline,0,0,0,0,0
7,7,size9_comp0.6_grid7_base_low,9,0.6,low,base,base,3,7,10,10,0,1,1,1,1,1,8,19,0.5263157894736842,0.5789473684210527,0.4444444444444444,0.7,7,2,3,7,3,6,6,3,8,1,0,7,0.3684210526315789,DL,1.4591479170272448,2,4,6,0,7,0.16666666666666666,0.3333333333333333,0.5,0.0,0.3684210526315789,DL,0.0,0.0,0.10526315789473684,0.0,2,dl,ur,midline,1,0,0,0,0
8,7,size9_comp0.6_grid7_base_low,9,0.6,low,base,base,3,7,10,10,0,1,1,1,1,1,22,33,0.30303030303030304,0.48484848484848486,0.34782608695652173,0.8,12,6,4,11,11,6,7,8,22,6,0,11,0.3333333333333333,UL,1.1238561897747246,16,1,8,0,8,0.64,0.04,0.32,0.0,0.24242424242424243,DL,0.0,0.0,0.06060606060606061,0.0,1,dl,ur,midline,0,0,0,0,0
9,7,size9_comp0.6_grid7_base_low,9,0.6,low,base,base,3,7,10,10,0,1,1,1,1,1,2,30,0.3333333333333333,0.5333333333333333,1.0,0.48148148148148145,11,3,5,11,6,10,7,6,19,4,8,8,0.26666666666666666,UL,1.0529815751302694,11,1,3,0,15,0.7333333333333333,0.06666666666666667,0.2,0.0,0.5,DL,0.0,0.0,0.03333333333333333,0.0,1,dl,ur,midline,0,0,0,0,0
0,8,size9_comp0.6_grid8_base_low,9,0.6,low,base,base,9,7,16,8,4,1,1,1,0,0,-1,48,0.0,0.3958333333333333,0.3958333333333333,0.0,14,12,9,13,15,15,5,12,36,9,0,10,0.20833333333333334,UR,0.9876925088958034,10,13,0,0,25,0.43478260869565216,0.5652173913043478,0.0,0.0,0.5208333333333334,UR,0.0,0.16666666666666666,0.0,0.0,7,ur,dl,dr,1,0,0,0,0
1,8,size9_comp0.6_grid8_base_low,9,0.6,low,base,base,9,7,16,8,4,1,1,1,0,0,-1,48,0.0,0.4583333333333333,0.4583333333333333,0.0,15,14,12,7,11,7,12,17,34,16,0,5,0.10416666666666667,UR,0.6962122601251458,6,26,0,0,16,0.1875,0.8125,0.0,0.0,0.3333333333333333,UR,0.0,0.3958333333333333,0.0,0.0,8,ur,dl,dr,1,0,0,0,0
2,8,size9_comp0.6_grid8_base_low,9,0.6,low,base,base,9,7,16,8,4,1,1,1,0,0,-1,48,0.0,0.375,0.375,0.0,7,17,9,15,9,15,7,16,40,10,0,12,0.25,UR,-0.0,0,28,0,0,20,0.0,1.0,0.0,0.0,0.4166666666666667,UR,0.0,0.14583333333333334,0.0,0.0,2,ur,dl,dr,1,0,0,0,0
3,8,size9_comp0.6_grid8_base_low,9,0.6,low,base,base,9,7,16,8,4,1,1,1,1,1,39,48,0.3333333333333333,0.6041666666666666,0.55,0.875,7,11,17,13,10,12,7,18,32,16,0,6,0.125,DL,1.5435747081679947,2,5,21,7,13,0.05714285714285714,0.14285714285714285,0.6,0.2,0.2708333333333333,DR,0.0,0.020833333333333332,0.0,0.041666666666666664,2,ur,dl,dr,0,0,0,0,0
4,8,size9_comp0.6_grid8_base_low,9,0.6,low,base,base,9,7,16,8,4,1,1,1,0,0,-1,48,0.0,0.3541666666666667,0.3541666666666667,0.0,8,11,12,17,11,16,9,11,33,8,0,13,0.2708333333333333,UR,0.41381685030363374,3,33,0,0,12,0.08333333333333333,0.9166666666666666,0.0,0.0,0.25,UR,0.0,0.2916666666666667,0.0,0.0,8,ur,dl,dr,1,0,0,0,0
5,8,size9_comp0.6_grid8_base_low,9,0.6,low,base,base,9,7,16,8,4,1,1,1,0,0,-1,48,0.0,0.4166666666666667,0.4166666666666667,0.0,6,11,15,16,18,9,9,11,32,10,0,9,0.1875,UL,0.9784493292686189,17,12,0,0,19,0.5862068965517241,0.41379310344827586,0.0,0.0,0.3958333333333333,UL,0.1875,0.0625,0.0,0.0,5,ur,dl,dr,0,0,0,0,0
6,8,size9_comp0.6_grid8_base_low,9,0.6,low,base,base,9,7,16,8,4,1,1,1,1,0,-1,34,0.0,0.3235294117647059,0.3235294117647059,0.0,7,11,11,5,8,9,8,8,24,2,0,14,0.4117647058823529,DL,1.5566567074628228,4,4,6,0,20,0.2857142857142857,0.2857142857142857,0.42857142857142855,0.0,0.5882352941176471,,0.0,0.0,0.0,0.0,0,ur,dl,dr,0,0,0,0,0
7,8,size9_comp0.6_grid8_base_low,9,0.6,low,base,base,9,7,16,8,4,1,1,1,1,1,28,48,0.3333333333333333,0.5833333333333334,0.5862068965517241,0.5789473684210527,8,9,19,12,14,15,9,9,31,8,1,8,0.16666666666666666,DR,1.5009550787843395,5,1,6,18,18,0.16666666666666666,0.03333333333333333,0.2,0.6,0.375,DR,0.020833333333333332,0.0,0.0,0.125,3,ur,dl,dr,0,1,0,0,0
8,8,size9_comp0.6_grid8_base_low,9,0.6,low,base,base,9,7,16,8,4,1,1,1,0,0,-1,48,0.0,0.3958333333333333,0.3958333333333333,0.0,13,13,10,12,13,12,10,12,38,9,0,9,0.1875,UR,-0.0,0,41,0,0,7,0.0,1.0,0.0,0.0,0.14583333333333334,UR,0.0,0.4791666666666667,0.0,0.0,10,ur,dl,dr,1,0,0,0,0
9,8,size9_comp0.6_grid8_base_low,9,0.6,low,base,base,9,7,16,8,4,1,1,1,0,0,-1,48,0.0,0.4166666666666667,0.4166666666666667,0.0,9,16,14,9,6,13,13,15,36,11,0,12,0.25,UL,1.896686511734913,11,4,6,10,17,0.3548387096774194,0.12903225806451613,0.1935483870967742,0.3225806451612903,0.3541666666666667,UR,0.0,0.020833333333333332,0.0,0.0,1,ur,dl,dr,0,0,0,0,0
0,9,size9_comp0.6_grid9_base_low,9,0.6,low,base,base,8,7,15,3,6,1,1,1,0,0,-1,48,0.0,0.4375,0.4375,0.0,7,14,13,14,9,12,14,12,33,11,0,9,0.1875,UL,0.946686086912346,25,0,2,5,16,0.78125,0.0,0.0625,0.15625,0.3333333333333333,UL,0.10416666666666667,0.0,0.0,0.0,3,ul,ur,midline,1,0,0,0,0
1,9,size9_comp0.6_grid9_base_low,9,0.6,low,base,base,8,7,15,3,6,1,1,1,0,0,-1,48,0.0,0.4166666666666667,0.4166666666666667,0.0,15,12,10,11,14,14,12,7,31,6,0,9,0.1875,DR,1.4787069142481561,9,0,7,17,15,0.2727272727272727,0.0,0.21212121212121213,0.5151515151515151,0.3125,UL,0.08333333333333333,0.0,0.0,0.0,4,ul,ur,midline,0,0,0,0,0
2,9,size9_comp0.6_grid9_base_low,9,0.6,low,base,base,8,7,15,3,6,1,1,1,1,0,-1,30,0.0,0.43333333333333335,0.43333333333333335,0.0,8,6,6,10,7,9,7,6,21,6,0,5,0.16666666666666666,UL,1.4604846813131116,6,0,2,5,17,0.46153846153846156,0.0,0.15384615384615385,0.38461538461538464,0.5666666666666667,,0.0,0.0,0.0,0.0,0,ul,ur,midline,1,0,0,0,0
3,9,size9_comp0.6_grid9_base_low,9,0.6,low,base,base,8,7,15,3,6,1,1,1,1,0,-1,7,0.0,0.5714285714285714,0.5714285714285714,0.0,2,2,0,3,2,1,0,3,3,3,0,0,0.0,UL,-0.0,6,0,0,0,1,1.0,0.0,0.0,0.0,0.14285714285714285,UL,0.2857142857142857,0.0,0.0,0.0,1,ul,ur,midline,1,0,0,0,0
4,9,size9_comp0.6_grid9_base_low,9,0.6,low,base,base,8,7,15,3,6,1,1,1,0,1,40,48,0.0,0.4166666666666667,0.4878048780487805,0.0,19,14,7,8,16,11,10,10,34,7,6,16,0.3333333333333333,DR,0.9899927915575186,15,0,0,19,14,0.4411764705882353,0.0,0.0,0.5588235294117647,0.2916666666666667,UL,0.0625,0.0,0.0,0.0,2,ul,ur,midline,0,0,0,0,0
5,9,size9_comp0.6_grid9_base_low,9,0.6,low,base,base,8,7,15,3,6,1,1,1,1,1,32,48,0.3125,0.5625,0.5757575757575758,0.5333333333333333,10,9,13,16,11,12,12,12,34,12,2,9,0.1875,UL,1.1050139971135322,26,0,2,10,10,0.6842105263157895,0.0,0.05263157894736842,0.2631578947368421,0.20833333333333334,UL,0.041666666666666664,0.0,0.0,0.0,1,ul,ur,midline,1,0,0,0,0
6,9,size9_comp0.6_grid9_base_low,9,0.6,low,base,base,8,7,15,3,6,1,1,1,0,1,32,48,0.0,0.5625,0.6060606060606061,0.4666666666666667,15,14,9,10,8,12,12,15,33,15,4,6,0.125,DR,1.4530732564535926,9,0,5,15,19,0.3103448275862069,0.0,0.1724137931034483,0.5172413793103449,0.3958333333333333,UL,0.020833333333333332,0.0,0.0,0.0,1,ul,ur,midline,0,0,0,0,0
7,9,size9_comp0.6_grid9_base_low,9,0.6,low,base,base,8,7,15,3,6,1,1,1,0,0,-1,48,0.0,0.4791666666666667,0.4791666666666667,0.0,10,12,11,15,12,9,6,20,35,16,0,7,0.14583333333333334,DR,1.5566567074628228,10,0,10,15,13,0.2857142857142857,0.0,0.2857142857142857,0.42857142857142855,0.2708333333333333,UL,0.041666666666666664,0.0,0.0,0.0,1,ul,ur,midline,0,0,0,0,0
8,9,size9_comp0.6_grid9_base_low,9,0.6,low,base,base,8,7,15,3,6,1,1,1,0,0,-1,48,0.0,0.4583333333333333,0.4583333333333333,0.0,16,15,7,10,8,13,10,16,33,13,0,6,0.125,DR,1.4381755585938847,8,0,6,17,17,0.25806451612903225,0.0,0.1935483870967742,0.5483870967741935,0.3541666666666667,UL,0.020833333333333332,0.0,0.0,0.0,1,ul,ur,midline,0,0,0,0,0
9,9,size9_comp0.6_grid9_base_low,9,0.6,low,base,base,8,7,15,3,6,1,1,1,1,0,-1,3,0.0,0.6666666666666666,0.6666666666666666,0.0,0,0,0,3,2,0,0,0,0,0,0,0,0.0,UL,-0.0,2,0,0,0,1,1.0,0.0,0.0,0.0,0.3333333333333333,,0.0,0.0,0.0,0.0,0,ul,ur,midline,1,0,0,0,0
