grid_id,grid_size,density,instance_id,reasoning_effort,transform_type,trajectory_category,collect_mode,start_to_coin1_distance,start_to_coin2_distance,coin1_to_coin2_distance,coin2_to_coin1_distance,coin1_to_goal_distance,coin2_to_goal_distance,optimal_total_distance,coin1_reachable_from_start,coin2_reachable_from_start,goal_reachable_from_start,goal_reachable_from_coin1,goal_reachable_from_coin2,num_trajectories,num_trajectories_0_coins,num_trajectories_1_coin,num_trajectories_2_coins,mean_coins_collected,success_rate,mean_trajectory_length,mean_action_accuracy,mean_action_accuracy_phase1,mean_action_accuracy_phase2,mean_action_accuracy_phase3,spl,mean_entropy,mean_optimal_entropy,mean_jsd,ece,mean_step_accuracy,total_steps,mean_actions_up,mean_actions_down,mean_actions_left,mean_actions_right,mean_steps_front,mean_steps_left_turn,mean_steps_right_turn,mean_steps_back,mean_cell_revisits,mean_immediate_revisits,mean_coin_oscillations,mean_invalid_actions
collect_all_size11_comp0.0_grid0_base_low,11,0.0,0,low,base,base,collect_all,4,6,4,4,11,13,21,1,1,1,1,1,10,0,0,10,2.0,0.0,64.0,0.51875,0.5840336134453782,0.7228915662650602,0.4169278996865204,0.0,1.1486465860256616,0.8529411764705882,0.6150351451696647,0.22890419072252038,0.51875,640,19.2,15.0,11.2,18.6,14.3,11.4,17.1,20.2,45.3,17.9,14.2,5.7
collect_all_size11_comp0.0_grid0_base_medium,11,0.0,0,medium,base,base,collect_all,8,9,7,7,10,3,18,1,1,1,1,1,10,0,0,10,2.0,1.0,23.8,0.8697478991596639,0.8454545454545455,0.9069767441860465,0.8571428571428571,0.7755907046476762,0.6482749572735892,0.8367346938775511,0.43340952023173457,0.07548041527633362,0.8697478991596639,238,4.4,8.0,6.7,4.7,10.6,5.7,4.8,1.7,2.5,1.7,0.8,0.4
collect_all_size11_comp0.0_grid1_base_low,11,0.0,1,low,base,base,collect_all,10,5,9,9,7,12,21,1,1,1,1,1,10,0,1,9,1.9,0.8,48.5,0.6659793814432989,0.6639344262295082,0.6290322580645161,0.7478260869565218,0.4086081942356551,1.0427364370150731,0.8125,0.3738213443301741,0.15999440674936682,0.6659793814432989,485,12.8,15.4,7.9,12.2,14.4,12.0,12.0,8.7,20.9,7.9,1.9,3.7
collect_all_size11_comp0.0_grid1_base_medium,11,0.0,1,medium,base,base,collect_all,4,3,3,3,4,3,10,1,1,1,1,1,10,0,0,10,2.0,1.0,17.9,0.776536312849162,0.96875,0.7272727272727273,0.7407407407407407,0.5923058221971266,0.9186786502070783,0.7142857142857143,0.26663565330987654,0.21759847295561577,0.776536312849162,179,6.2,3.1,5.8,2.8,3.9,4.5,4.5,4.0,5.3,4.0,2.2,0.1
collect_all_size11_comp0.0_grid2_base_low,11,0.0,2,low,base,base,collect_all,7,10,3,3,6,3,13,1,1,1,1,1,10,1,1,8,1.7,0.2,49.9,0.561122244488978,0.7913043478260869,0.6166666666666667,0.4691358024691358,0.06608751608751609,0.9193508035761442,0.7307692307692307,0.3510877720060647,0.11560980844941564,0.561122244488978,499,15.7,17.4,5.5,11.2,16.1,7.2,9.3,16.1,33.0,14.9,10.5,2.4
collect_all_size11_comp0.0_grid2_base_medium,11,0.0,2,medium,base,base,collect_all,7,4,3,3,12,9,19,1,1,1,1,1,10,0,0,10,2.0,0.9,31.9,0.7962382445141066,0.8909090909090909,0.7777777777777778,0.7761904761904762,0.6287182555735076,1.106162677130117,0.8076923076923077,0.29236350923437304,0.14070466832061854,0.7962382445141066,319,9.7,8.8,4.7,8.7,9.5,7.8,8.7,4.9,9.7,4.9,1.6,0.0
collect_all_size11_comp0.0_grid3_base_low,11,0.0,3,low,base,base,collect_all,6,13,7,7,3,6,19,1,1,1,1,1,10,0,3,7,1.7,0.0,61.3,0.531810766721044,0.6555023923444976,0.5844748858447488,0.32972972972972975,0.0,1.20330648802087,0.8035714285714286,0.43387750240596246,0.14609679925541805,0.531810766721044,613,25.5,11.6,10.0,13.9,19.1,12.6,13.4,14.6,32.8,13.4,1.2,8.5
collect_all_size11_comp0.0_grid3_base_medium,11,0.0,3,medium,base,base,collect_all,8,4,6,6,8,10,18,1,1,1,1,1,10,0,0,10,2.0,1.0,22.5,0.8844444444444445,0.8771929824561403,0.8,0.9659090909090909,0.8116115189158668,0.594725195602167,0.8,0.36651832878969626,0.14031815766744526,0.8844444444444445,225,4.8,6.5,7.1,4.1,10.8,4.3,4.3,2.1,4.9,2.0,1.1,1.3
collect_all_size11_comp0.0_grid4_base_low,11,0.0,4,low,base,base,collect_all,8,6,12,12,9,3,23,1,1,1,1,1,10,0,3,7,1.7,0.3,61.5,0.5398373983739837,0.3355048859934853,0.7383177570093458,0.7553191489361702,0.12533372641509435,1.1069555608794481,0.7894736842105263,0.44833248492500327,0.20335166040531089,0.5398373983739837,615,15.8,13.5,21.7,10.4,21.9,12.7,16.4,9.3,34.6,8.3,1.2,16.7
collect_all_size11_comp0.0_grid4_base_medium,11,0.0,4,medium,base,base,collect_all,5,15,10,10,6,4,19,1,1,1,1,1,10,0,1,9,1.9,0.9,26.5,0.8301886792452831,0.8405797101449275,0.8187919463087249,0.851063829787234,0.6597875813334738,0.7775679596188443,0.7551020408163265,0.3528162254112419,0.1375915750915751,0.8301886792452831,265,4.1,9.8,8.9,3.6,10.8,4.6,6.2,3.7,6.7,3.5,1.5,0.6
collect_all_size11_comp0.0_grid5_base_low,11,0.0,5,low,base,base,collect_all,5,9,10,10,11,3,18,1,1,1,1,1,10,3,0,7,1.4,0.2,45.1,0.5942350332594235,0.6066666666666667,0.752,0.4715909090909091,0.1532608695652174,0.9110751613146122,0.7922077922077922,0.4182847926714677,0.09259717650011569,0.5942350332594235,451,16.6,6.6,12.7,9.1,15.4,10.4,10.7,7.4,17.7,6.8,1.1,5.2
collect_all_size11_comp0.0_grid5_base_medium,11,0.0,5,medium,base,base,collect_all,3,7,10,10,3,11,20,1,1,1,1,1,10,0,0,10,2.0,1.0,23.2,0.9353448275862069,0.8636363636363636,0.9901960784313726,0.9523809523809523,0.8686480186480188,0.8003161565871999,0.7857142857142857,0.33131631763381675,0.11164843948457401,0.9353448275862069,232,4.6,8.4,5.1,5.1,10.4,5.5,4.9,1.4,3.0,1.3,0.4,0.2
collect_all_size11_comp0.0_grid6_base_low,11,0.0,6,low,base,base,collect_all,3,12,9,9,4,5,17,1,1,1,1,1,10,0,1,9,1.9,0.6,44.5,0.5842696629213483,0.7692307692307693,0.6108597285067874,0.4941860465116279,0.34395547812620986,0.9750734987274917,0.7818181818181819,0.4713132722499976,0.1748139597707432,0.5842696629213483,445,14.9,15.2,4.4,10.0,18.4,8.7,6.4,10.0,19.7,8.2,0.2,6.2
collect_all_size11_comp0.0_grid6_base_medium,11,0.0,6,medium,base,base,collect_all,12,3,9,9,4,5,16,1,1,1,1,1,10,0,0,10,2.0,1.0,22.6,0.8539823008849557,0.875,0.8461538461538461,0.8571428571428571,0.7181529581529581,0.7832771878357648,0.7428571428571429,0.3070574569770116,0.17040665683522827,0.8539823008849557,226,3.4,8.4,6.9,3.9,8.1,4.3,5.0,4.2,5.7,4.2,2.0,0.0
collect_all_size11_comp0.0_grid7_base_low,11,0.0,7,low,base,base,collect_all,8,5,9,9,3,6,17,1,1,1,1,1,10,0,2,8,1.8,0.5,48.0,0.5375,0.37254901960784315,0.8947368421052632,0.7468354430379747,0.20652996054506007,1.0237393103634516,0.75,0.48370560797709367,0.2342525658447535,0.5375,480,12.2,6.5,22.0,7.0,22.7,10.0,9.1,4.6,24.6,3.2,0.7,15.8
collect_all_size11_comp0.0_grid7_base_medium,11,0.0,7,medium,base,base,collect_all,4,6,4,4,8,4,12,1,1,1,1,1,10,0,0,10,2.0,1.0,16.2,0.8827160493827161,0.847457627118644,0.9545454545454546,0.864406779661017,0.775026026604974,0.7515364127089806,0.6666666666666666,0.22154761444943497,0.18947182689012754,0.8827160493827161,162,2.5,4.5,8.6,0.6,7.0,3.6,2.8,1.8,2.8,1.8,0.8,0.2
collect_all_size11_comp0.0_grid8_base_low,11,0.0,8,low,base,base,collect_all,3,5,8,8,7,7,18,1,1,1,1,1,10,3,5,2,0.9,0.1,51.2,0.4921875,0.5157232704402516,0.4707692307692308,0.6071428571428571,0.047368421052631574,1.000464414232969,0.796875,0.4560922471631713,0.11582417445463923,0.4921875,512,18.1,15.9,8.0,9.0,14.3,9.8,11.1,14.6,30.2,14.1,0.6,2.7
collect_all_size11_comp0.0_grid8_base_medium,11,0.0,8,medium,base,base,collect_all,5,7,4,4,13,9,18,1,1,1,1,1,10,0,0,10,2.0,1.0,25.5,0.8588235294117647,0.8157894736842105,0.7631578947368421,0.9611650485436893,0.7394151654796816,0.7113423396916171,0.8444444444444444,0.33785292625289715,0.11560513560513562,0.8588235294117647,255,7.7,6.4,8.9,2.5,10.3,4.8,5.9,3.5,5.4,3.5,0.6,0.9
collect_all_size11_comp0.0_grid9_base_low,11,0.0,9,low,base,base,collect_all,6,4,6,6,6,12,16,1,1,1,1,1,10,6,1,3,0.7,0.3,56.6,0.5017667844522968,0.46265060240963857,0.5288461538461539,0.7872340425531915,0.13369788106630212,1.0775106088345663,0.8253968253968254,0.39115637431558914,0.10632584921429766,0.5017667844522968,566,21.8,8.6,13.1,13.1,16.1,13.5,13.0,13.0,31.8,12.0,0.2,5.7
collect_all_size11_comp0.0_grid9_base_medium,11,0.0,9,medium,base,base,collect_all,5,3,4,4,4,4,11,1,1,1,1,1,10,0,0,10,2.0,1.0,15.2,0.8618421052631579,0.875,0.8125,0.9166666666666666,0.7712160038104311,0.7144109325033524,0.6785714285714286,0.28100727431415556,0.19109105180533756,0.8618421052631579,152,6.4,2.4,4.7,1.7,4.4,3.0,4.6,2.2,2.9,2.2,1.1,0.0
collect_all_size11_comp0.2_grid0_base_low,11,0.2,0,low,base,base,collect_all,4,4,6,6,8,10,18,1,1,1,1,1,10,1,2,7,1.6,0.0,64.0,0.53125,0.5560975609756098,0.5195530726256983,0.51953125,0.0,1.456881825843871,0.7441860465116279,0.48383865565339046,0.19468081868963807,0.53125,640,19.7,18.4,11.7,14.2,17.4,11.5,15.6,18.5,43.0,17.3,3.3,6.8
collect_all_size11_comp0.2_grid0_base_medium,11,0.2,0,medium,base,base,collect_all,4,9,5,5,8,13,22,1,1,1,1,1,10,0,0,10,2.0,1.0,38.5,0.7584415584415585,0.8166666666666667,0.7019230769230769,0.7692307692307693,0.5894875817414389,1.1184215395796078,0.6388888888888888,0.3365832060845384,0.09168832186911381,0.7584415584415585,385,10.2,11.0,10.1,7.1,13.5,7.0,9.3,7.5,18.3,7.3,4.1,2.0
collect_all_size11_comp0.2_grid1_base_low,11,0.2,1,low,base,base,collect_all,5,5,4,4,10,14,19,1,1,1,1,1,10,0,0,10,2.0,0.0,64.0,0.4546875,0.7717391304347826,0.6574074074074074,0.3386363636363636,0.0,1.2887521230312973,0.8928571428571429,0.5646983989165518,0.3479847563311433,0.4546875,640,26.9,11.1,11.8,14.2,18.8,13.6,13.6,17.0,46.8,14.3,18.6,14.1
collect_all_size11_comp0.2_grid1_base_medium,11,0.2,1,medium,base,base,collect_all,4,4,8,8,7,5,17,1,1,1,1,1,10,0,0,10,2.0,1.0,22.0,0.8863636363636364,0.8301886792452831,0.8888888888888888,0.9264705882352942,0.7939292090025933,0.7814192905166644,0.6744186046511628,0.43258200808508646,0.0957121367005088,0.8863636363636364,220,4.4,6.3,5.3,5.9,9.3,4.3,4.6,2.6,5.2,2.6,1.5,0.7
collect_all_size11_comp0.2_grid2_base_low,11,0.2,2,low,base,base,collect_all,5,3,6,6,7,11,16,1,1,1,1,1,10,0,1,9,1.9,0.0,64.0,0.540625,0.6446280991735537,0.5612903225806452,0.44976076555023925,0.0,1.2737414548831518,0.735851829303471,0.5009290385115164,0.2598349179472383,0.540625,640,17.4,14.5,15.2,16.9,17.5,12.5,15.2,17.8,41.2,16.3,3.2,5.1
collect_all_size11_comp0.2_grid2_base_medium,11,0.2,2,medium,base,base,collect_all,4,11,11,11,5,14,27,1,1,1,1,1,10,0,0,10,2.0,1.0,44.8,0.8169642857142857,0.8545454545454545,0.77,0.8549222797927462,0.6138831499079191,1.1337849464783771,0.6862745098039216,0.4053321304075494,0.06369599428417082,0.8169642857142857,448,13.4,12.2,8.5,10.6,17.5,8.0,9.4,8.7,18.0,8.6,2.6,0.5
collect_all_size11_comp0.2_grid3_base_low,11,0.2,3,low,base,base,collect_all,5,15,10,10,4,10,25,1,1,1,1,1,10,7,0,3,0.6,0.1,23.3,0.5879828326180258,0.5378151260504201,0.660377358490566,0.6229508196721312,0.06756756756756757,0.8461645985074016,0.6956521739130435,0.44912012281211466,0.08347166118905247,0.5879828326180258,233,6.1,6.4,3.3,7.5,9.2,4.9,3.8,4.4,9.6,3.4,0.7,3.1
collect_all_size11_comp0.2_grid3_base_medium,11,0.2,3,medium,base,base,collect_all,8,10,4,4,12,8,20,1,1,1,1,1,10,0,0,10,2.0,1.0,28.4,0.8556338028169014,0.8292682926829268,0.8979591836734694,0.8660714285714286,0.7238276106263484,0.6813343684593878,0.7013193396498549,0.3847125780697289,0.05840003811701924,0.8556338028169014,284,3.4,9.7,6.7,8.6,12.7,5.9,5.4,3.4,5.4,3.1,0.4,1.0
collect_all_size11_comp0.2_grid4_base_low,11,0.2,4,low,base,base,collect_all,4,7,9,9,11,4,17,1,1,1,1,1,10,5,0,5,1.0,0.2,59.3,0.403035413153457,0.32717678100263853,0.6274509803921569,0.45535714285714285,0.08396341463414633,1.2846909593092732,0.6062090725922766,0.41347489733569015,0.06689522456245305,0.403035413153457,593,21.5,13.5,10.9,13.4,18.0,14.4,14.1,11.8,37.1,10.2,0.7,13.5
collect_all_size11_comp0.2_grid4_base_medium,11,0.2,4,medium,base,base,collect_all,8,5,9,9,7,8,21,1,1,1,1,1,9,0,0,9,2.0,1.0,28.77777777777778,0.833976833976834,0.803030303030303,0.7966101694915254,0.92,0.744887827550871,0.8545883089539507,0.5549972561503286,0.29365981026654653,0.11094762283786674,0.833976833976834,259,9.0,9.88888888888889,7.666666666666667,2.111111111111111,11.88888888888889,5.888888888888889,5.333333333333333,4.444444444444445,8.222222222222221,4.222222222222222,2.2222222222222223,1.6666666666666667
collect_all_size11_comp0.2_grid5_base_low,11,0.2,5,low,base,base,collect_all,4,11,7,7,5,8,19,1,1,1,1,1,10,2,3,5,1.3,0.0,51.8,0.4691119691119691,0.5961538461538461,0.49743589743589745,0.31736526946107785,0.0,1.2373731741985703,0.6271186440677966,0.570981738350433,0.30610007882598006,0.4691119691119691,518,20.1,9.9,10.8,10.9,18.4,11.0,11.8,9.4,26.9,7.8,0.7,11.3
collect_all_size11_comp0.2_grid5_base_medium,11,0.2,5,medium,base,base,collect_all,5,12,7,7,3,6,18,1,1,1,1,1,10,0,0,10,2.0,1.0,23.6,0.8686440677966102,0.8870967741935484,0.9047619047619048,0.8222222222222222,0.7948613671908561,0.8288725340983077,0.4642857142857143,0.2968199669623602,0.1591902145473574,0.8686440677966102,236,1.9,10.2,5.7,5.7,10.6,4.0,5.3,2.5,4.3,2.4,0.6,0.5
collect_all_size11_comp0.2_grid6_base_low,11,0.2,6,low,base,base,collect_all,13,10,9,9,5,4,24,1,1,1,1,1,10,1,3,6,1.5,0.4,48.9,0.6155419222903885,0.7267080745341615,0.5566037735849056,0.5689655172413793,0.22407941633241343,1.0895337413200745,0.6226415094339622,0.38101087471601575,0.038419812265884735,0.6155419222903885,489,12.0,17.2,6.8,12.9,16.9,7.5,12.3,11.2,24.0,9.9,2.0,7.0
collect_all_size11_comp0.2_grid6_base_medium,11,0.2,6,medium,base,base,collect_all,4,3,5,5,6,7,14,1,1,1,1,1,10,0,0,10,2.0,1.0,22.2,0.7927927927927928,0.74,0.7926829268292683,0.8222222222222222,0.6528083649797205,1.0052522999908484,0.6,0.30929191830716435,0.23417032674927415,0.7927927927927928,222,5.2,6.1,4.2,6.7,8.6,4.2,5.1,3.3,8.2,3.3,1.4,1.0
collect_all_size11_comp0.2_grid7_base_low,11,0.2,7,low,base,base,collect_all,8,3,7,7,6,3,16,1,1,1,1,1,10,1,8,1,1.0,0.0,64.0,0.4109375,0.5157894736842106,0.40160642570281124,0.2978723404255319,0.0,1.2354756451493882,0.6666666666666666,0.5213354701023145,0.21495750988484297,0.4109375,640,24.0,13.4,13.8,12.5,16.8,13.6,15.5,16.5,42.2,14.3,3.1,12.7
collect_all_size11_comp0.2_grid7_base_medium,11,0.2,7,medium,base,base,collect_all,13,8,5,5,9,6,22,1,1,1,1,1,10,0,0,10,2.0,1.0,27.3,0.8901098901098901,0.9052631578947369,0.9122807017543859,0.8677685950413223,0.8143060013771916,0.7135816067140278,0.5952380952380952,0.4056929603223934,0.19266130694702124,0.8901098901098901,273,8.7,9.9,2.7,5.8,12.9,6.8,4.0,2.2,3.9,2.2,0.3,0.5
collect_all_size11_comp0.2_grid8_base_low,11,0.2,8,low,base,base,collect_all,5,3,4,4,4,8,11,1,1,1,1,1,10,1,4,5,1.4,0.3,47.4,0.46835443037974683,0.4793388429752066,0.4489795918367347,0.47058823529411764,0.16672794117647058,1.2048630805185614,0.6507936507936508,0.4424070453541733,0.15859540325079172,0.46835443037974683,474,13.6,13.6,8.7,11.5,13.8,9.5,11.4,11.7,27.0,10.1,0.8,7.0
collect_all_size11_comp0.2_grid8_base_medium,11,0.2,8,medium,base,base,collect_all,5,11,8,8,7,7,20,1,1,1,1,1,10,0,0,10,2.0,1.0,28.0,0.8107142857142857,0.8813559322033898,0.7575757575757576,0.8426966292134831,0.738677229557456,0.739986047905901,0.5581395348837209,0.3839838811397771,0.10664103338521944,0.8107142857142857,280,6.2,9.0,8.8,3.9,11.9,4.5,8.0,2.4,6.2,2.4,1.1,2.5
collect_all_size11_comp0.2_grid9_base_low,11,0.2,9,low,base,base,collect_all,5,6,7,7,3,8,16,1,1,1,1,1,10,0,1,9,1.9,0.8,50.7,0.5956607495069034,0.7391304347826086,0.5643564356435643,0.5168539325842697,0.2965902451616737,1.1992279970633564,0.48058382361425367,0.29192776692652045,0.291332869979576,0.5956607495069034,507,14.3,13.5,9.8,13.0,10.7,10.9,15.3,12.6,31.7,11.5,2.5,5.2
collect_all_size11_comp0.2_grid9_base_medium,11,0.2,9,medium,base,base,collect_all,11,12,3,3,7,4,18,1,1,1,1,1,10,0,0,10,2.0,1.0,22.6,0.9026548672566371,1.0,0.8947368421052632,0.7662337662337663,0.8125827505827505,0.48659131448034104,0.6744186046511628,0.3857690378211954,0.10164138187394003,0.9026548672566371,226,6.8,4.8,9.4,1.6,8.1,5.9,4.8,2.8,3.6,2.8,2.2,0.2
collect_all_size11_comp0.4_grid0_base_low,11,0.4,0,low,base,base,collect_all,11,10,11,11,7,10,28,1,1,1,1,1,10,0,8,2,1.2,0.0,64.0,0.5,0.5909090909090909,0.4597402597402597,0.37142857142857144,0.0,1.3551981925900587,0.41156015629507225,0.4757709280677239,0.16708289098639484,0.5,640,14.0,21.5,14.6,13.6,20.3,13.8,15.9,12.4,37.3,10.2,1.8,15.2
collect_all_size11_comp0.4_grid0_base_medium,11,0.4,0,medium,base,base,collect_all,6,3,5,5,9,6,17,1,1,1,1,1,7,0,0,7,2.0,1.0,26.714285714285715,0.7754010695187166,0.7547169811320755,0.7333333333333333,0.8243243243243243,0.6618882638525496,0.9264956220696712,0.2769342742168115,0.2623716230470916,0.07398058930316995,0.7754010695187166,187,8.428571428571429,6.714285714285714,6.142857142857143,5.428571428571429,10.0,6.428571428571429,4.714285714285714,4.571428571428571,11.0,4.142857142857143,2.142857142857143,2.2857142857142856
collect_all_size11_comp0.4_grid1_base_low,11,0.4,1,low,base,base,collect_all,3,11,10,10,10,6,19,1,1,1,1,1,10,0,5,5,1.5,0.0,64.0,0.4359375,0.378125,0.5152671755725191,0.39655172413793105,0.0,1.3460964044002368,0.4568743303700206,0.44961011138197277,0.09013712360190647,0.4359375,640,13.3,16.7,15.3,18.4,17.1,15.8,14.7,14.8,40.8,11.1,0.9,18.6
collect_all_size11_comp0.4_grid1_base_medium,11,0.4,1,medium,base,base,collect_all,3,5,8,8,7,13,20,1,1,1,1,1,7,0,0,7,2.0,1.0,37.142857142857146,0.7884615384615384,0.65625,0.8421052631578947,0.825,0.5475304332003611,0.9355599279490361,0.5506037879224943,0.28192281438414896,0.1572646076234593,0.7884615384615384,260,12.142857142857142,8.285714285714286,10.857142857142858,5.714285714285714,13.285714285714286,9.285714285714286,6.571428571428571,6.714285714285714,15.714285714285714,6.285714285714286,2.2857142857142856,1.8571428571428572
collect_all_size11_comp0.4_grid2_base_low,11,0.4,2,low,base,base,collect_all,3,6,7,7,7,14,20,1,1,1,1,1,10,2,2,6,1.4,0.2,62.8,0.4601910828025478,0.3838383838383838,0.47808764940239046,0.5195530726256983,0.06915052160953801,1.2892140829081034,0.5,0.4871458427653405,0.23777427928440018,0.4601910828025478,628,21.3,14.2,13.5,13.8,18.8,15.2,12.8,15.0,41.2,12.4,0.3,19.1
collect_all_size11_comp0.4_grid2_base_medium,11,0.4,2,medium,base,base,collect_all,10,10,8,8,10,6,24,1,1,1,1,1,9,0,0,9,2.0,1.0,48.333333333333336,0.7149425287356321,0.7027027027027027,0.7039473684210527,0.7551020408163265,0.5065000727695228,0.8730281616996303,0.41830047172532664,0.45878402092781984,0.2104583571564704,0.7149425287356321,435,15.11111111111111,12.555555555555555,8.88888888888889,10.88888888888889,14.222222222222221,10.777777777777779,10.444444444444445,10.333333333333334,20.666666666666668,9.88888888888889,1.7777777777777777,2.7777777777777777
collect_all_size11_comp0.4_grid3_base_low,11,0.4,3,low,base,base,collect_all,9,7,6,6,10,6,21,1,1,1,1,1,10,4,2,4,1.0,0.2,49.5,0.503030303030303,0.4942528735632184,0.4619289340101523,0.7837837837837838,0.08103896103896105,1.1491269072012755,0.4291473404562194,0.4311841160406424,0.18234184729613798,0.503030303030303,495,12.0,11.1,11.3,15.1,12.9,12.2,11.6,11.8,31.9,10.1,2.6,9.7
collect_all_size11_comp0.4_grid3_base_medium,11,0.4,3,medium,base,base,collect_all,15,9,6,6,4,6,19,1,1,1,1,1,9,0,0,9,2.0,1.0,24.77777777777778,0.8475336322869955,0.7966101694915254,0.9047619047619048,0.9047619047619048,0.7718950775472515,0.7318008669740417,0.4290726852118947,0.32071778909796994,0.13699592588481477,0.8475336322869955,223,5.777777777777778,8.333333333333334,9.333333333333334,1.1111111111111112,9.666666666666666,5.666666666666667,5.444444444444445,2.5555555555555554,4.555555555555555,2.4444444444444446,0.8888888888888888,1.5555555555555556
collect_all_size11_comp0.4_grid4_base_low,11,0.4,4,low,base,base,collect_all,13,3,10,10,9,5,22,1,1,1,1,1,10,1,3,6,1.5,0.0,64.0,0.4703125,0.4697508896797153,0.5168067226890757,0.38016528925619836,0.0,1.3722209772356218,0.4750977500432694,0.49537247123336803,0.1454286641718205,0.4703125,640,21.6,14.6,10.3,17.5,18.7,15.2,15.6,13.5,41.3,10.5,4.6,16.2
collect_all_size11_comp0.4_grid4_base_medium,11,0.4,4,medium,base,base,collect_all,6,8,4,4,10,12,22,1,1,1,1,1,7,0,0,7,2.0,1.0,26.857142857142858,0.898936170212766,0.8461538461538461,0.9375,0.9230769230769231,0.8314251430014977,0.5666699893740491,0.5348837209302325,0.4564074708645585,0.04904023624953856,0.898936170212766,188,7.857142857142857,3.5714285714285716,7.714285714285714,7.714285714285714,14.857142857142858,3.7142857142857144,4.571428571428571,2.7142857142857144,4.0,2.7142857142857144,0.8571428571428571,0.5714285714285714
collect_all_size11_comp0.4_grid5_base_low,11,0.4,5,low,base,base,collect_all,5,9,12,12,3,11,24,1,1,1,1,1,10,0,1,9,1.9,0.2,58.3,0.5300171526586621,0.6296296296296297,0.6785714285714286,0.27918781725888325,0.13545310015898254,1.4769928229566995,0.5490196078431373,0.5090190082318887,0.13960324479820702,0.5300171526586621,583,18.0,15.5,12.6,12.2,23.6,11.9,12.7,9.1,31.3,8.3,2.4,12.1
collect_all_size11_comp0.4_grid5_base_medium,11,0.4,5,medium,base,base,collect_all,6,3,5,5,12,11,20,1,1,1,1,1,10,0,0,10,2.0,1.0,28.6,0.8216783216783217,0.967741935483871,0.8769230769230769,0.7789473684210526,0.7170451416018386,0.742367351734075,0.4787200581563059,0.2674229979955612,0.10683447689261646,0.8216783216783217,286,10.2,5.0,5.6,7.7,10.3,7.4,6.4,3.4,6.7,3.3,1.4,1.5
collect_all_size11_comp0.4_grid6_base_low,11,0.4,6,low,base,base,collect_all,5,9,6,6,8,8,19,1,1,1,1,1,10,0,1,9,1.9,0.2,59.3,0.5598650927487352,0.5891089108910891,0.6081081081081081,0.5061728395061729,0.09630788485607009,1.151521270567393,0.47966583334935897,0.4740235066990067,0.10998568711001969,0.5598650927487352,593,18.5,17.4,9.4,14.0,15.7,11.2,15.3,16.1,34.8,14.3,4.1,8.3
collect_all_size11_comp0.4_grid6_base_medium,11,0.4,6,medium,base,base,collect_all,7,6,5,5,8,7,19,1,1,1,1,1,7,0,0,7,2.0,1.0,26.428571428571427,0.8324324324324325,0.7833333333333333,0.7868852459016393,0.921875,0.7393048408174459,0.6205853629534607,0.5142857142857142,0.2549850471110929,0.10931457431457431,0.8324324324324325,185,1.8571428571428572,9.0,4.428571428571429,11.142857142857142,10.571428571428571,5.571428571428571,6.428571428571429,2.857142857142857,5.714285714285714,2.7142857142857144,1.0,1.4285714285714286
collect_all_size11_comp0.4_grid7_base_low,11,0.4,7,low,base,base,collect_all,10,11,5,5,5,4,19,1,1,1,1,1,10,6,3,1,0.5,0.1,52.6,0.37072243346007605,0.3524416135881104,0.4878048780487805,0.6428571428571429,0.03275862068965517,1.0363387308341152,0.4212152027221934,0.3594513290317065,0.23725420602177336,0.37072243346007605,526,13.7,6.8,24.2,7.9,18.5,10.9,11.1,11.1,39.1,8.1,0.3,20.0
collect_all_size11_comp0.4_grid7_base_medium,11,0.4,7,medium,base,base,collect_all,8,4,4,4,11,7,19,1,1,1,1,1,7,0,0,7,2.0,1.0,26.571428571428573,0.8440860215053764,0.7906976744186046,0.8461538461538461,0.8653846153846154,0.7405726275184403,0.9445360121666415,0.4827586206896552,0.29223475573976754,0.2337229144531376,0.8440860215053764,186,7.285714285714286,8.285714285714286,6.714285714285714,4.285714285714286,10.285714285714286,5.0,5.285714285714286,5.0,10.571428571428571,4.857142857142857,2.2857142857142856,0.7142857142857143
collect_all_size11_comp0.4_grid8_base_low,11,0.4,8,low,base,base,collect_all,7,13,10,10,7,9,26,1,1,1,1,1,10,3,7,0,0.7,0.0,47.1,0.4861995753715499,0.5974025974025974,0.43217665615141954,0.0,0.0,1.1322538605396049,0.525,0.4699584611316676,0.17711023662768657,0.4861995753715499,471,8.8,13.8,8.7,15.7,13.6,8.5,10.7,13.1,31.3,11.2,4.4,8.4
collect_all_size11_comp0.4_grid8_base_medium,11,0.4,8,medium,base,base,collect_all,3,6,9,9,9,4,16,1,1,1,1,1,9,0,0,9,2.0,1.0,32.666666666666664,0.7108843537414966,0.7777777777777778,0.6410256410256411,0.9333333333333333,0.538049700129744,0.9946788851811066,0.3783783783783784,0.3331629187624908,0.17550400491576967,0.7108843537414966,294,13.555555555555555,5.777777777777778,7.222222222222222,6.111111111111111,12.444444444444445,5.777777777777778,6.555555555555555,6.888888888888889,15.444444444444445,6.333333333333333,4.777777777777778,3.111111111111111
collect_all_size11_comp0.4_grid9_base_low,11,0.4,9,low,base,base,collect_all,4,7,11,11,8,7,22,1,1,1,1,1,10,4,6,0,0.6,0.0,64.0,0.3859375,0.3630573248407643,0.44970414201183434,0.0,0.0,1.2254275285758216,0.38659414896685773,0.4747940248303013,0.1394213200580535,0.3859375,640,15.1,21.5,16.0,11.4,19.6,12.3,14.2,16.9,46.3,12.6,1.3,18.9
collect_all_size11_comp0.4_grid9_base_medium,11,0.4,9,medium,base,base,collect_all,8,7,3,3,8,11,18,1,1,1,1,1,8,0,0,8,2.0,1.0,22.375,0.88268156424581,0.9076923076923077,0.9259259259259259,0.8505747126436781,0.8164610389610389,0.6121131949603555,0.4594594594594595,0.23606695504961558,0.09257829257829259,0.88268156424581,179,1.0,9.375,5.875,5.75,9.0,5.25,4.375,2.0,3.125,2.0,0.625,0.5
collect_all_size7_comp0.0_grid0_base_low,7,0.0,0,low,base,base,collect_all,4,3,3,3,6,3,10,1,1,1,1,1,10,1,0,9,1.8,0.9,19.8,0.7727272727272727,0.813953488372093,0.9354838709677419,0.717741935483871,0.4614774114774115,0.8325184476589332,0.7058823529411765,0.29316935594925136,0.1798416980942932,0.7727272727272727,198,6.5,7.5,1.4,4.4,5.9,3.1,5.1,4.7,8.6,4.7,3.1,0.0
collect_all_size7_comp0.0_grid0_base_medium,7,0.0,0,medium,base,base,collect_all,4,3,5,5,4,3,12,1,1,1,1,1,10,0,0,10,2.0,1.0,13.6,0.9264705882352942,0.9393939393939394,0.9444444444444444,0.8979591836734694,0.887087912087912,0.9436159355375333,0.7058823529411765,0.2362870810840624,0.17918796889385125,0.9264705882352942,136,6.1,3.3,0.6,3.5,5.1,3.4,3.1,0.8,1.9,0.8,0.8,0.3
collect_all_size7_comp0.0_grid1_base_low,7,0.0,1,low,base,base,collect_all,5,3,4,4,3,5,10,1,1,1,1,1,10,0,0,10,2.0,1.0,16.9,0.7751479289940828,0.7924528301886793,0.875,0.6911764705882353,0.623867724347264,0.9303011323808098,0.7058823529411765,0.3898423304481162,0.20285400873636167,0.7751479289940828,169,7.4,3.5,3.5,2.5,3.9,5.5,3.6,2.9,5.5,2.5,1.8,1.5
collect_all_size7_comp0.0_grid1_base_medium,7,0.0,1,medium,base,base,collect_all,6,4,4,4,3,3,11,1,1,1,1,1,10,3,0,7,1.4,0.7,10.6,0.8773584905660378,0.9069767441860465,0.7857142857142857,1.0,0.5797974574445163,0.6052990390624903,0.6111111111111112,0.36003049851338054,0.129040404040404,0.8773584905660378,106,4.1,1.7,2.9,1.9,4.9,2.7,0.8,1.2,1.7,1.2,1.0,0.4
collect_all_size7_comp0.0_grid2_base_low,7,0.0,2,low,base,base,collect_all,4,5,3,3,7,4,11,1,1,1,1,1,10,0,0,10,2.0,1.0,19.7,0.7614213197969543,0.7567567567567568,0.7058823529411765,0.8363636363636363,0.6271871817552932,1.216669881466271,0.65,0.36500539251040115,0.06057066299713357,0.7614213197969543,197,7.7,4.2,3.8,4.0,6.6,5.2,3.2,3.7,6.6,3.6,0.8,1.5
collect_all_size7_comp0.0_grid2_base_medium,7,0.0,2,medium,base,base,collect_all,3,6,3,3,4,3,9,1,1,1,1,1,10,0,0,10,2.0,1.0,11.7,0.8632478632478633,0.875,0.9375,0.8,0.8048863636363637,0.757535586862365,0.6666666666666666,0.33352608435300557,0.23547008547008544,0.8632478632478633,117,4.5,2.2,3.9,0.9,3.8,3.0,2.5,1.0,2.1,0.9,1.4,0.3
collect_all_size7_comp0.0_grid3_base_low,7,0.0,3,low,base,base,collect_all,4,3,7,7,3,4,13,1,1,1,1,1,10,0,0,10,2.0,1.0,22.8,0.7763157894736842,0.7236842105263158,0.8113207547169812,0.782608695652174,0.6080705235310498,1.153438157092341,0.6363636363636364,0.3193800063101318,0.19788464791455218,0.7763157894736842,228,3.8,7.5,3.8,7.7,7.3,4.4,5.7,4.4,8.9,4.2,2.3,1.6
collect_all_size7_comp0.0_grid3_base_medium,7,0.0,3,medium,base,base,collect_all,4,4,6,6,3,3,13,1,1,1,1,1,10,0,2,8,1.8,0.8,14.8,0.8851351351351351,0.9761904761904762,0.8289473684210527,0.9,0.6760027519779841,0.8809076780072758,0.631578947368421,0.3696738358238964,0.19736535394430127,0.8851351351351351,148,4.7,3.7,4.1,2.0,4.8,2.3,4.2,1.9,3.1,1.9,1.1,0.1
collect_all_size7_comp0.0_grid4_base_low,7,0.0,4,low,base,base,collect_all,5,3,4,4,3,5,10,1,1,1,1,1,10,0,0,10,2.0,1.0,17.2,0.8197674418604651,0.8461538461538461,0.9148936170212766,0.7397260273972602,0.5997145828028181,0.8890243834430169,0.6111111111111112,0.3550195435516135,0.17894895590974025,0.8197674418604651,172,6.6,3.4,4.1,3.1,4.3,4.6,3.8,3.5,5.5,3.4,2.1,0.6
collect_all_size7_comp0.0_grid4_base_medium,7,0.0,4,medium,base,base,collect_all,5,3,4,4,5,5,12,1,1,1,1,1,10,0,0,10,2.0,1.0,14.5,0.896551724137931,0.9090909090909091,0.9333333333333333,0.8656716417910447,0.8546886446886447,0.7750246764108077,0.7,0.344983164543177,0.24808954933954935,0.896551724137931,145,4.5,2.7,4.6,2.6,3.6,4.8,3.3,1.6,2.2,1.5,0.5,0.4
collect_all_size7_comp0.0_grid5_base_low,7,0.0,5,low,base,base,collect_all,6,3,3,3,5,6,11,1,1,1,1,1,10,0,0,10,2.0,1.0,15.3,0.8496732026143791,0.8222222222222222,0.8409090909090909,0.875,0.7411303900777585,0.7836405820827113,0.7222222222222222,0.33409200187254096,0.18464806798140124,0.8496732026143791,153,2.2,5.3,2.9,4.9,5.1,3.7,3.1,2.4,3.0,2.3,0.6,0.3
collect_all_size7_comp0.0_grid5_base_medium,7,0.0,5,medium,base,base,collect_all,3,4,3,3,6,3,9,1,1,1,1,1,10,0,0,10,2.0,1.0,9.8,0.9489795918367347,0.9166666666666666,1.0,0.9375,0.9254545454545454,0.4279102532294091,0.6923076923076923,0.2903315847213283,0.07173659673659676,0.9489795918367347,98,0.3,3.4,2.0,4.0,3.4,3.0,1.8,0.4,0.7,0.4,0.4,0.1
collect_all_size7_comp0.0_grid6_base_low,7,0.0,6,low,base,base,collect_all,4,6,4,4,3,3,11,1,1,1,1,1,10,2,0,8,1.6,0.8,11.5,0.9304347826086956,0.9387755102040817,0.9,0.9615384615384616,0.6616239316239316,0.8900593230322931,0.5555555555555556,0.29858550834736897,0.2583012666345999,0.9304347826086956,115,4.3,2.2,3.0,2.0,3.5,2.7,3.3,1.0,1.7,1.0,0.8,0.1
collect_all_size7_comp0.0_grid6_base_medium,7,0.0,6,medium,base,base,collect_all,4,5,3,3,5,4,11,1,1,1,1,1,10,0,0,10,2.0,1.0,13.3,0.8872180451127819,0.9545454545454546,0.8888888888888888,0.8301886792452831,0.8478926955397543,0.8695179055834624,0.7058823529411765,0.3533942176159397,0.19823020117137766,0.8872180451127819,133,4.9,1.3,4.5,2.5,3.6,3.8,3.2,1.5,2.1,1.4,0.6,0.6
collect_all_size7_comp0.0_grid7_base_low,7,0.0,7,low,base,base,collect_all,6,3,3,3,4,5,10,1,1,1,1,1,10,0,0,10,2.0,1.0,14.4,0.8333333333333334,0.7692307692307693,0.8260869565217391,0.9130434782608695,0.7465478220273617,0.5758876749018957,0.6,0.3561260759885201,0.23563131313131316,0.8333333333333334,144,5.4,4.4,3.8,0.8,6.1,1.9,3.5,1.9,3.0,1.8,1.1,0.4
collect_all_size7_comp0.0_grid7_base_medium,7,0.0,7,medium,base,base,collect_all,7,5,4,4,3,3,12,1,1,1,1,1,10,0,0,10,2.0,1.0,13.5,0.9333333333333333,0.9166666666666666,0.9302325581395349,0.96875,0.9014285714285715,0.6575284485612866,0.6111111111111112,0.3705943550252273,0.14946149529482866,0.9333333333333333,135,1.2,4.2,4.3,3.5,5.6,1.6,3.5,1.2,1.7,1.2,0.8,0.2
collect_all_size7_comp0.0_grid8_base_low,7,0.0,8,low,base,base,collect_all,3,4,3,3,4,3,9,1,1,1,1,1,10,0,0,10,2.0,1.0,16.3,0.8098159509202454,1.0,0.7872340425531915,0.7341772151898734,0.6672797202797203,1.0815955417539438,0.6666666666666666,0.3428069678603125,0.22070554717613539,0.8098159509202454,163,4.1,5.1,4.7,2.4,4.2,3.4,4.6,3.1,6.1,3.1,2.3,0.3
collect_all_size7_comp0.0_grid8_base_medium,7,0.0,8,medium,base,base,collect_all,4,3,5,5,3,4,11,1,1,1,1,1,10,0,0,10,2.0,1.0,11.7,0.9487179487179487,0.8823529411764706,1.0,0.9393939393939394,0.9442307692307692,0.5511747658992149,0.625,0.3283669426651795,0.22982390873015873,0.9487179487179487,117,2.1,4.1,2.4,3.0,3.5,2.2,4.0,0.8,1.4,0.8,0.8,0.4
collect_all_size7_comp0.0_grid9_base_low,7,0.0,9,low,base,base,collect_all,4,3,7,7,5,4,15,1,1,1,1,1,10,0,0,10,2.0,1.0,23.3,0.8025751072961373,0.746268656716418,0.9166666666666666,0.7317073170731707,0.689234787736605,1.1181950778401721,0.75,0.36371768127257903,0.16357327721298312,0.8025751072961373,233,8.6,5.9,5.8,2.9,7.7,4.6,5.1,4.7,8.9,4.6,2.0,0.8
collect_all_size7_comp0.0_grid9_base_medium,7,0.0,9,medium,base,base,collect_all,3,3,6,6,3,3,12,1,1,1,1,1,10,0,0,10,2.0,1.0,13.0,0.9384615384615385,0.967741935483871,0.9230769230769231,0.9411764705882353,0.9310439560439561,1.0709751116893542,0.6,0.29839346267866707,0.32391402714932127,0.9384615384615385,130,4.8,3.0,1.6,3.4,5.3,3.4,2.0,0.9,3.1,0.8,0.8,0.4
collect_all_size7_comp0.2_grid0_base_low,7,0.2,0,low,base,base,collect_all,3,6,3,3,4,3,9,1,1,1,1,1,10,0,0,10,2.0,1.0,15.0,0.6733333333333333,0.6557377049180327,0.9393939393939394,0.5357142857142857,0.6357533256217467,0.6861121496863376,0.6389975000480771,0.46765053832895614,0.1598579198579199,0.6733333333333333,150,3.4,3.4,1.8,6.4,5.5,3.0,4.4,1.1,5.0,1.1,1.3,3.8
collect_all_size7_comp0.2_grid0_base_medium,7,0.2,0,medium,base,base,collect_all,3,3,6,6,5,5,14,1,1,1,1,1,10,0,0,10,2.0,1.0,16.5,0.9030303030303031,0.9411764705882353,0.9402985074626866,0.84375,0.8581286549707603,0.8696712935870113,0.41681477279283236,0.1941800137306669,0.1178350059031877,0.9030303030303031,165,0.9,5.2,4.0,6.2,7.2,3.2,3.0,1.7,4.2,1.7,1.6,0.5
collect_all_size7_comp0.2_grid1_base_low,7,0.2,1,low,base,base,collect_all,5,4,3,3,3,6,10,1,1,1,1,1,10,0,0,10,2.0,0.9,27.2,0.6066176470588235,0.6216216216216216,0.5476190476190477,0.6493506493506493,0.3992233945026299,1.2810677876653467,0.45,0.3621469942785896,0.11236221578932576,0.6066176470588235,272,8.5,6.8,5.0,6.9,7.5,6.6,5.9,6.2,14.3,5.1,3.7,5.8
collect_all_size7_comp0.2_grid1_base_medium,7,0.2,1,medium,base,base,collect_all,3,4,3,3,6,3,9,1,1,1,1,1,10,0,0,10,2.0,1.0,12.4,0.8951612903225806,0.8780487804878049,0.8918918918918919,0.9130434782608695,0.7596203796203796,0.931801213549635,0.42857142857142855,0.3717729240162116,0.30098235098235093,0.8951612903225806,124,5.4,2.1,2.4,2.4,5.6,3.3,1.3,1.0,2.9,1.0,1.0,0.7
collect_all_size7_comp0.2_grid2_base_low,7,0.2,2,low,base,base,collect_all,5,3,4,4,5,3,12,1,1,1,1,1,10,0,0,10,2.0,1.0,20.8,0.6682692307692307,0.5,0.7794117647058824,0.7285714285714285,0.6224550190342616,1.0483929434608117,0.42999605270749014,0.2743469416838755,0.304538456860047,0.6682692307692307,208,9.8,2.5,5.8,2.7,8.6,3.2,5.7,2.3,8.5,2.2,3.2,5.0
collect_all_size7_comp0.2_grid2_base_medium,7,0.2,2,medium,base,base,collect_all,4,3,3,3,4,5,10,1,1,1,1,1,10,0,0,10,2.0,1.0,12.7,0.8740157480314961,0.875,0.9117647058823529,0.8490566037735849,0.8249582718622965,0.7848453300715643,0.6111111111111112,0.28532497877879703,0.10087011753678418,0.8740157480314961,127,1.9,4.0,2.2,4.3,3.5,3.3,2.4,1.9,2.6,1.9,0.9,0.2
collect_all_size7_comp0.2_grid3_base_low,7,0.2,3,low,base,base,collect_all,5,4,3,3,4,7,11,1,1,1,1,1,10,0,0,10,2.0,1.0,23.3,0.6223175965665236,0.647887323943662,0.5638297872340425,0.6764705882352942,0.5519215893782786,0.9275150917530841,0.47368421052631576,0.4532827585113072,0.20344255667362807,0.6223175965665236,233,9.3,4.2,4.7,5.1,9.2,5.6,4.5,3.0,10.4,2.3,1.0,6.1
collect_all_size7_comp0.2_grid3_base_medium,7,0.2,3,medium,base,base,collect_all,3,4,3,3,4,5,11,1,1,1,1,1,10,0,0,10,2.0,1.0,12.6,0.9206349206349206,1.0,0.85,0.9215686274509803,0.9014661654135339,0.9288588423896027,0.5,0.25367431402671853,0.19459298871063574,0.9206349206349206,126,3.5,2.6,2.1,4.2,4.4,3.5,2.1,1.3,3.0,1.3,1.1,0.2
collect_all_size7_comp0.2_grid4_base_low,7,0.2,4,low,base,base,collect_all,4,3,5,5,5,4,13,1,1,1,1,1,10,0,0,10,2.0,1.0,26.4,0.6060606060606061,0.44285714285714284,0.626984126984127,0.7352941176470589,0.5090719416161211,1.0158395506446538,0.47368421052631576,0.38063350831484294,0.18941533951718076,0.6060606060606061,264,12.2,3.5,5.6,5.1,11.0,6.4,4.4,3.6,12.8,3.4,1.1,7.4
collect_all_size7_comp0.2_grid4_base_medium,7,0.2,4,medium,base,base,collect_all,3,6,3,3,5,4,10,1,1,1,1,1,10,0,0,10,2.0,1.0,13.2,0.8257575757575758,0.9411764705882353,0.8181818181818182,0.7592592592592593,0.8077884104199894,0.6719724847128316,0.5333333333333333,0.2866883233720312,0.13382413882413882,0.8257575757575758,132,5.4,0.3,4.6,2.6,5.3,3.1,2.3,0.9,2.9,0.9,0.9,1.1
collect_all_size7_comp0.2_grid5_base_low,7,0.2,5,low,base,base,collect_all,5,3,6,6,3,5,12,1,1,1,1,1,10,0,0,10,2.0,1.0,26.0,0.6692307692307692,0.7285714285714285,0.7037037037037037,0.573170731707317,0.5064359228166192,1.2295402812101126,0.45,0.31708945438710007,0.25737300189430956,0.6692307692307692,260,4.1,9.3,4.1,8.5,8.3,5.6,6.4,4.7,12.9,3.8,5.5,4.8
collect_all_size7_comp0.2_grid5_base_medium,7,0.2,5,medium,base,base,collect_all,3,5,6,6,3,7,14,1,1,1,1,1,10,0,0,10,2.0,1.0,20.3,0.8620689655172413,0.8863636363636364,0.8043478260869565,0.9253731343283582,0.7082347155768208,0.9113289460670011,0.5,0.3021153562310065,0.2533730158730159,0.8620689655172413,203,6.9,4.0,6.3,2.9,6.2,5.1,4.7,2.9,5.5,2.6,2.2,0.7
collect_all_size7_comp0.2_grid6_base_low,7,0.2,6,low,base,base,collect_all,7,4,7,7,4,3,15,1,1,1,1,1,10,0,2,8,1.8,0.8,22.8,0.706140350877193,0.6060606060606061,0.7647058823529411,0.8181818181818182,0.4977696816545968,1.2915677453672958,0.5454545454545454,0.40073493069600463,0.2272260019295592,0.706140350877193,228,6.4,4.9,5.1,6.4,9.1,6.2,3.6,2.9,9.2,2.0,1.6,4.6
collect_all_size7_comp0.2_grid6_base_medium,7,0.2,6,medium,base,base,collect_all,5,3,6,6,3,5,12,1,1,1,1,1,10,0,0,10,2.0,1.0,15.0,0.8733333333333333,0.8809523809523809,0.8493150684931506,0.9142857142857143,0.8187362637362637,0.642542267783245,0.4444444444444444,0.36818393380030295,0.16678290844957508,0.8733333333333333,150,4.7,2.5,2.9,4.6,6.7,2.0,3.6,1.1,2.7,1.0,0.6,0.9
collect_all_size7_comp0.2_grid7_base_low,7,0.2,7,low,base,base,collect_all,5,6,3,3,3,4,12,1,1,1,1,1,10,0,0,10,2.0,1.0,25.9,0.667953667953668,0.704225352112676,0.49382716049382713,0.9166666666666666,0.5105272025272025,1.026747882064095,0.5263157894736842,0.3155978309707645,0.10648107399981281,0.667953667953668,259,4.8,10.3,4.8,6.0,6.9,4.5,6.7,6.8,14.6,6.4,2.7,3.3
collect_all_size7_comp0.2_grid7_base_medium,7,0.2,7,medium,base,base,collect_all,3,7,4,4,5,5,12,1,1,1,1,1,10,0,0,10,2.0,1.0,14.3,0.8881118881118881,0.9375,0.9130434782608695,0.8461538461538461,0.8460439560439561,0.5287242831963428,0.5044717105642714,0.3773509406044009,0.1327628511839038,0.8881118881118881,143,3.1,4.1,1.9,5.0,5.7,2.1,4.1,1.0,2.2,0.9,0.6,0.7
collect_all_size7_comp0.2_grid8_base_low,7,0.2,8,low,base,base,collect_all,4,3,3,3,3,6,9,1,1,1,1,1,10,1,0,9,1.8,0.8,20.4,0.6470588235294118,0.7804878048780488,0.8823529411764706,0.5426356589147286,0.4596388865362466,1.1048285306552788,0.6132116071943683,0.34397189887769625,0.16030844155844157,0.6470588235294118,204,6.9,4.8,3.4,5.3,5.6,3.8,3.7,6.3,11.0,5.9,1.5,1.5
collect_all_size7_comp0.2_grid8_base_medium,7,0.2,8,medium,base,base,collect_all,4,5,5,5,3,4,13,1,1,1,1,1,10,0,0,10,2.0,1.0,14.6,0.9315068493150684,0.8979591836734694,0.9444444444444444,0.9534883720930233,0.9076610644257703,0.7508640701153428,0.5238095238095238,0.2680454324586632,0.18472479901051328,0.9315068493150684,146,0.4,4.3,5.4,4.3,4.8,3.1,3.3,2.0,2.6,2.0,1.2,0.2
collect_all_size7_comp0.2_grid9_base_low,7,0.2,9,low,base,base,collect_all,3,3,4,4,4,4,11,1,1,1,1,1,10,0,0,10,2.0,0.6,35.6,0.5561797752808989,0.5,0.9534883720930233,0.502127659574468,0.2701532567049808,1.1946627691618181,0.5571032895116398,0.28320076013565093,0.1430839512830293,0.5561797752808989,356,13.2,9.8,5.0,7.6,10.3,5.6,8.3,10.4,23.0,9.5,3.6,5.8
collect_all_size7_comp0.2_grid9_base_medium,7,0.2,9,medium,base,base,collect_all,5,6,3,3,6,3,11,1,1,1,1,1,10,0,0,10,2.0,1.0,13.2,0.8863636363636364,0.9803921568627451,0.868421052631579,0.7906976744186046,0.8477461753932343,0.4593918292372826,0.5,0.481224030103067,0.16911552499787794,0.8863636363636364,132,4.6,3.4,1.3,3.4,6.4,1.6,1.9,1.3,2.3,1.3,1.7,0.3
collect_all_size7_comp0.4_grid0_base_low,7,0.4,0,low,base,base,collect_all,4,7,3,3,3,6,13,1,1,1,1,1,10,0,0,10,2.0,1.0,18.1,0.8121546961325967,0.7183098591549296,0.8888888888888888,0.8648648648648649,0.7379737579242224,1.1031403935334407,0.3274973214800826,0.2851230132215951,0.19051376454098412,0.8121546961325967,181,6.8,3.4,4.0,3.9,6.3,3.9,4.6,2.3,7.1,2.1,2.1,1.7
collect_all_size7_comp0.4_grid0_base_medium,7,0.4,0,medium,base,base,collect_all,6,3,3,3,7,4,13,1,1,1,1,1,10,0,0,10,2.0,1.0,15.4,0.9090909090909091,0.875,0.8857142857142857,0.9367088607594937,0.853080065359477,0.5014696214459478,0.3333333333333333,0.21104261531687454,0.16865800865800865,0.9090909090909091,154,2.6,6.7,2.4,3.5,4.6,3.6,3.4,2.4,4.8,2.4,2.7,0.2
collect_all_size7_comp0.4_grid1_base_low,7,0.4,1,low,base,base,collect_all,4,7,3,3,3,4,11,1,1,1,1,1,10,0,0,10,2.0,1.0,16.1,0.7888198757763976,0.86,0.8108108108108109,0.7297297297297297,0.7385444069230147,0.9074096514023013,0.375,0.357812392187177,0.1367029671717172,0.7888198757763976,161,6.2,1.2,3.9,4.8,6.9,2.8,3.1,2.3,5.9,2.1,2.2,1.7
collect_all_size7_comp0.4_grid1_base_medium,7,0.4,1,medium,base,base,collect_all,5,5,4,4,7,3,12,1,1,1,1,1,10,0,0,10,2.0,1.0,18.2,0.8131868131868132,0.8888888888888888,0.9090909090909091,0.6933333333333334,0.6770372591916541,0.8090378066788635,0.2777777777777778,0.4276268421642801,0.21045397957162665,0.8131868131868132,182,4.9,2.5,6.5,4.3,7.3,4.9,1.6,3.4,5.4,3.1,2.5,1.0
collect_all_size7_comp0.4_grid2_base_low,7,0.4,2,low,base,base,collect_all,4,8,4,4,7,5,13,1,1,1,1,1,10,0,0,10,2.0,0.4,36.1,0.5623268698060941,0.8958333333333334,0.7413793103448276,0.4588235294117647,0.29285945842868044,0.9889145841043282,0.21428571428571427,0.39172487573919706,0.2755558349822142,0.5623268698060941,361,6.6,6.9,10.1,12.5,13.8,4.7,5.4,11.2,25.2,10.8,4.8,5.1
collect_all_size7_comp0.4_grid2_base_medium,7,0.4,2,medium,base,base,collect_all,4,4,8,8,4,4,16,1,1,1,1,1,10,0,1,9,1.9,0.9,18.2,0.8791208791208791,0.851063829787234,0.8804347826086957,0.9069767441860465,0.7637351846639773,1.0013317865933637,0.3,0.2790857050423339,0.19387667887667892,0.8791208791208791,182,5.5,2.7,3.6,6.1,9.4,2.4,3.0,1.8,5.4,1.7,1.6,1.1
collect_all_size7_comp0.4_grid3_base_low,7,0.4,3,low,base,base,collect_all,5,8,5,5,3,4,14,1,1,1,1,1,10,4,1,5,1.1,0.4,20.7,0.5458937198067633,0.5384615384615384,0.5238095238095238,0.6,0.25277777777777777,1.1861870821323302,0.35,0.45861825032397235,0.11194503376878788,0.5458937198067633,207,8.6,3.2,6.5,2.4,8.3,4.4,4.6,2.4,11.2,1.9,2.8,7.0
collect_all_size7_comp0.4_grid3_base_medium,7,0.4,3,medium,base,base,collect_all,6,5,7,7,3,4,15,1,1,1,1,1,10,0,2,8,1.8,0.7,26.7,0.7191011235955056,0.8072289156626506,0.6577181208053692,0.7714285714285715,0.39993055555555557,1.2066318543470136,0.3157894736842105,0.3696775400902464,0.15480419460403375,0.7191011235955056,267,9.2,6.6,6.0,4.9,10.8,4.7,4.8,5.4,13.6,4.9,3.1,2.3
collect_all_size7_comp0.4_grid4_base_low,7,0.4,4,low,base,base,collect_all,7,4,5,5,3,6,12,1,1,1,1,1,10,0,0,10,2.0,1.0,19.2,0.7447916666666666,0.6129032258064516,0.9107142857142857,0.813953488372093,0.6704438525982475,0.9458732143999945,0.3157894736842105,0.4097309474181707,0.20468017870763866,0.7447916666666666,192,5.9,4.1,3.4,5.8,7.3,3.4,5.1,2.4,6.3,1.6,0.4,3.2
collect_all_size7_comp0.4_grid4_base_medium,7,0.4,4,medium,base,base,collect_all,3,4,7,7,3,6,14,1,1,1,1,1,10,0,0,10,2.0,0.9,21.5,0.8186046511627907,0.7708333333333334,0.8928571428571429,0.7710843373493976,0.6401659549482225,1.0771251446098697,0.2792481250360578,0.2457368079881197,0.27239167455986685,0.8186046511627907,215,4.3,5.9,7.4,3.7,9.5,3.4,3.6,3.7,7.4,3.4,2.8,1.3
collect_all_size7_comp0.4_grid5_base_low,7,0.4,5,low,base,base,collect_all,6,3,5,5,4,5,12,1,1,1,1,1,10,0,0,10,2.0,1.0,27.7,0.6245487364620939,0.8125,0.515527950310559,0.75,0.5318736526631264,0.9860596802587798,0.2292481250360578,0.26286003265397617,0.12912091182320062,0.6245487364620939,277,4.9,8.5,7.9,6.4,7.2,6.2,7.3,6.0,15.2,5.3,4.3,5.5
collect_all_size7_comp0.4_grid5_base_medium,7,0.4,5,medium,base,base,collect_all,9,3,8,8,5,3,16,1,1,1,1,1,10,0,10,0,1.0,0.0,14.5,0.6758620689655173,0.9166666666666666,0.5963302752293578,0.0,0.0,1.2924316204887492,0.5454545454545454,0.26195373607729305,0.3754656959202413,0.6758620689655173,145,1.7,2.6,6.3,3.5,2.8,3.3,3.3,3.3,7.2,3.3,2.5,0.1
collect_all_size7_comp0.4_grid6_base_low,7,0.4,6,low,base,base,collect_all,3,4,3,3,4,3,9,1,1,1,1,1,10,0,0,10,2.0,1.0,14.4,0.8194444444444444,0.851063829787234,1.0,0.7164179104477612,0.6943082320904902,0.9318731952122119,0.3888888888888889,0.2764697192715292,0.24660329517785656,0.8194444444444444,144,4.2,2.7,4.9,2.6,4.2,4.0,3.2,2.0,5.3,1.7,2.2,1.2
collect_all_size7_comp0.4_grid6_base_medium,7,0.4,6,medium,base,base,collect_all,4,4,4,4,7,3,11,1,1,1,1,1,9,0,0,9,2.0,1.0,13.333333333333334,0.8916666666666667,0.925,0.8444444444444444,0.9142857142857143,0.8400883430295195,0.5049181000348222,0.2777777777777778,0.22922211142699128,0.1786420369753703,0.8916666666666667,120,4.666666666666667,0.7777777777777778,4.444444444444445,3.2222222222222223,5.888888888888889,2.111111111111111,3.0,0.8888888888888888,2.0,0.7777777777777778,0.6666666666666666,0.7777777777777778
collect_all_size7_comp0.4_grid7_base_low,7,0.4,7,low,base,base,collect_all,6,5,3,3,6,3,12,1,1,1,1,1,10,0,0,10,2.0,0.9,25.6,0.67578125,0.7051282051282052,0.85,0.6086956521739131,0.49747124728818093,1.1367507430326773,0.2631578947368421,0.32002851569642216,0.32265811289356994,0.67578125,256,5.9,7.2,4.3,8.2,8.1,5.0,7.2,4.3,13.7,3.4,4.6,4.4
collect_all_size7_comp0.4_grid7_base_medium,7,0.4,7,medium,base,base,collect_all,8,5,3,3,3,6,11,1,1,1,1,1,10,0,0,10,2.0,1.0,14.3,0.8601398601398601,0.8615384615384616,0.8648648648648649,0.8536585365853658,0.7818212669683258,0.5390572461761475,0.35294117647058826,0.3704940491022324,0.1010112436583025,0.8601398601398601,143,3.7,3.9,1.7,4.8,4.9,4.2,2.2,1.6,2.2,1.5,0.5,0.5
collect_all_size7_comp0.4_grid8_base_low,7,0.4,8,low,base,base,collect_all,4,4,8,8,5,3,15,1,1,1,1,1,10,0,2,8,1.8,0.8,38.2,0.5261780104712042,0.44642857142857145,0.5714285714285714,0.5340909090909091,0.3462513753994484,1.4852839301078191,0.3157894736842105,0.42022987708356085,0.19103726196738247,0.5261780104712042,382,10.3,7.7,10.0,10.2,11.3,9.6,9.7,6.6,24.0,4.4,3.9,13.1
collect_all_size7_comp0.4_grid8_base_medium,7,0.4,8,medium,base,base,collect_all,6,3,3,3,7,4,13,1,1,1,1,1,10,0,0,10,2.0,1.0,20.2,0.806930693069307,0.7959183673469388,0.7735849056603774,0.83,0.6573241144919701,1.0263436223690894,0.3125,0.28322793018914666,0.13482142857142856,0.806930693069307,202,4.3,5.9,4.4,5.4,5.8,4.7,4.3,4.0,8.8,4.0,3.0,0.4
collect_all_size7_comp0.4_grid9_base_low,7,0.4,9,low,base,base,collect_all,5,4,7,7,6,3,15,1,1,1,1,1,10,0,0,10,2.0,0.5,37.4,0.6310160427807486,0.631578947368421,0.891566265060241,0.5302325581395348,0.28989059391872696,1.260930915507454,0.23529411764705882,0.380619995578438,0.20072245819460358,0.6310160427807486,374,8.1,7.8,12.4,9.1,11.0,7.7,7.1,10.6,24.6,9.8,2.0,4.7
collect_all_size7_comp0.4_grid9_base_medium,7,0.4,9,medium,base,base,collect_all,10,7,5,5,7,4,19,1,1,1,1,1,10,0,0,10,2.0,0.9,24.9,0.8433734939759037,0.8636363636363636,0.8115942028985508,0.8478260869565217,0.7190986760477015,1.1066827161106692,0.35,0.34577409131569914,0.2734419298022239,0.8433734939759037,249,8.8,6.5,4.0,5.4,10.4,4.0,5.7,3.4,9.9,3.1,2.4,1.6
collect_all_size9_comp0.0_grid0_base_low,9,0.0,0,low,base,base,collect_all,5,7,4,4,5,7,16,1,1,1,1,1,10,0,0,10,2.0,1.0,23.4,0.8076923076923077,0.9285714285714286,0.7014925373134329,0.8108108108108109,0.7437155115415985,0.8426297439759206,0.7837837837837838,0.3718855965159986,0.1171396171396171,0.8076923076923077,234,7.6,5.6,4.8,5.4,9.3,4.3,6.0,2.8,5.5,2.7,0.7,1.6
collect_all_size9_comp0.0_grid0_base_medium,9,0.0,0,medium,base,base,collect_all,6,11,7,7,3,10,21,1,1,1,1,1,10,0,0,10,2.0,1.0,31.1,0.842443729903537,0.7985074626865671,0.896551724137931,0.8555555555555555,0.6942604814340075,1.0493292830063374,0.7,0.48529408533222806,0.1980225391438627,0.842443729903537,311,8.6,6.6,8.7,7.2,12.4,7.9,5.8,4.0,10.0,3.9,1.1,0.7
collect_all_size9_comp0.0_grid1_base_low,9,0.0,1,low,base,base,collect_all,5,7,8,8,5,5,18,1,1,1,1,1,10,0,4,6,1.6,0.6,22.4,0.7946428571428571,0.9454545454545454,0.7288135593220338,0.7843137254901961,0.4244569579863698,0.76938324829144,0.6896551724137931,0.3504192079201564,0.1831760981862402,0.7946428571428571,224,5.1,8.2,1.8,7.3,8.1,3.4,5.8,4.1,6.9,4.0,0.5,0.8
collect_all_size9_comp0.0_grid1_base_medium,9,0.0,1,medium,base,base,collect_all,9,3,6,6,6,4,15,1,1,1,1,1,10,0,0,10,2.0,1.0,16.9,0.9349112426035503,1.0,0.9142857142857143,0.927536231884058,0.8959383753501401,0.661162571374761,0.68,0.40609846543538525,0.10538354129530601,0.9349112426035503,169,4.7,1.7,5.3,5.1,7.1,3.7,4.0,0.9,3.6,0.9,0.7,0.2
collect_all_size9_comp0.0_grid2_base_low,9,0.0,2,low,base,base,collect_all,4,4,6,6,3,3,13,1,1,1,1,1,10,0,8,2,1.2,0.2,65.5,0.47480916030534354,0.8225806451612904,0.4334470989761092,0.8571428571428571,0.07452830188679245,1.1246917218356625,0.7058823529411765,0.39659744889668097,0.1249949180630948,0.47480916030534354,655,18.3,17.5,9.0,20.1,16.2,14.4,13.6,19.1,47.9,17.7,7.8,6.9
collect_all_size9_comp0.0_grid2_base_medium,9,0.0,2,medium,base,base,collect_all,4,4,8,8,9,3,15,1,1,1,1,1,10,0,0,10,2.0,1.0,24.0,0.8125,0.7111111111111111,0.8623853211009175,0.9024390243902439,0.6566903303483249,0.8899797403079427,0.8,0.43234068752015686,0.15012677381098433,0.8125,240,8.4,6.3,2.9,6.2,10.3,2.5,6.2,3.6,6.6,3.6,0.9,0.4
collect_all_size9_comp0.0_grid3_base_low,9,0.0,3,low,base,base,collect_all,5,8,7,7,6,11,21,1,1,1,1,1,10,0,0,10,2.0,1.0,31.9,0.7774294670846394,0.7217391304347827,0.8070175438596491,0.8111111111111111,0.6809788066530443,0.8691286367122458,0.8157894736842105,0.42842431373784157,0.08858040179634609,0.7774294670846394,319,10.2,8.7,5.5,7.5,12.4,6.9,7.4,4.2,9.3,4.0,1.7,3.3
collect_all_size9_comp0.0_grid3_base_medium,9,0.0,3,medium,base,base,collect_all,5,7,6,6,7,3,14,1,1,1,1,1,10,0,0,10,2.0,1.0,21.7,0.8525345622119815,0.7978723404255319,0.868421052631579,0.9361702127659575,0.6801592851592851,1.2023050701450038,0.6923076923076923,0.3166974800370316,0.14658098311944473,0.8525345622119815,217,6.5,5.0,6.6,3.6,6.2,6.1,5.6,2.8,4.9,2.6,1.2,0.5
collect_all_size9_comp0.0_grid4_base_low,9,0.0,4,low,base,base,collect_all,9,5,4,4,4,4,13,1,1,1,1,1,10,0,0,10,2.0,1.0,26.5,0.7358490566037735,0.7105263157894737,0.7111111111111111,0.819672131147541,0.5016464849403337,1.0408230877033862,0.7272727272727273,0.36898147091880285,0.12626994226581437,0.7358490566037735,265,5.7,7.5,8.1,5.0,7.9,6.0,7.0,4.2,8.2,4.1,1.5,0.3
collect_all_size9_comp0.0_grid4_base_medium,9,0.0,4,medium,base,base,collect_all,3,6,3,3,6,9,15,1,1,1,1,1,10,0,0,10,2.0,1.0,17.5,0.92,0.9230769230769231,0.9375,0.9134615384615384,0.8885494987468672,0.8718407618304436,0.8214285714285714,0.3180593819532135,0.15354853479853475,0.92,175,4.8,5.6,2.5,4.6,7.3,4.4,3.8,1.0,3.8,0.9,0.9,0.3
collect_all_size9_comp0.0_grid5_base_low,9,0.0,5,low,base,base,collect_all,8,7,3,3,5,4,15,1,1,1,1,1,10,1,0,9,1.8,0.9,20.6,0.8300970873786407,0.925,0.782608695652174,0.7625,0.6256656934322165,0.8676875508590508,0.7575757575757576,0.41745909609981335,0.12803471780744505,0.8300970873786407,206,5.3,7.2,3.5,4.5,8.0,3.7,5.0,2.7,5.5,2.7,0.4,0.1
collect_all_size9_comp0.0_grid5_base_medium,9,0.0,5,medium,base,base,collect_all,5,3,6,6,5,3,14,1,1,1,1,1,10,0,0,10,2.0,1.0,17.3,0.9017341040462428,0.8823529411764706,0.9285714285714286,0.8846153846153846,0.8192397660818713,0.8375528564883586,0.7142857142857143,0.316663448298906,0.1472850562136277,0.9017341040462428,173,2.4,6.3,5.3,3.3,6.4,4.6,3.8,1.5,3.0,1.4,0.8,0.1
collect_all_size9_comp0.0_grid6_base_low,9,0.0,6,low,base,base,collect_all,6,7,3,3,6,5,14,1,1,1,1,1,10,1,0,9,1.8,0.9,42.3,0.6312056737588653,0.571917808219178,0.8205128205128205,0.7391304347826086,0.37205915646203336,1.217305349502009,0.7,0.33996228012813196,0.11250911439370517,0.6312056737588653,423,14.9,12.4,8.9,5.9,13.2,10.0,8.1,9.6,22.1,9.1,1.1,2.6
collect_all_size9_comp0.0_grid6_base_medium,9,0.0,6,medium,base,base,collect_all,3,3,4,4,9,9,16,1,1,1,1,1,10,0,0,10,2.0,1.0,27.0,0.7888888888888889,1.0,0.9534883720930233,0.7208121827411168,0.6218181818181818,1.0006731921689396,0.8620689655172413,0.33871982664419825,0.16014649242948886,0.7888888888888889,270,7.1,10.0,6.4,3.4,8.2,5.1,6.2,6.3,11.2,6.2,1.2,0.3
collect_all_size9_comp0.0_grid7_base_low,9,0.0,7,low,base,base,collect_all,6,3,3,3,3,4,9,1,1,1,1,1,10,0,0,10,2.0,0.3,58.8,0.532312925170068,0.6369426751592356,0.6511627906976745,0.45507246376811594,0.10714285714285714,1.216521966825901,0.8214285714285714,0.4178951035796622,0.1029184022030383,0.532312925170068,588,17.7,17.6,11.7,11.7,12.9,13.3,13.7,17.8,40.7,16.5,4.2,3.0
collect_all_size9_comp0.0_grid7_base_medium,9,0.0,7,medium,base,base,collect_all,3,5,6,6,3,3,12,1,1,1,1,1,10,0,1,9,1.9,0.9,12.8,0.9453125,0.8947368421052632,0.9523809523809523,1.0,0.8113025210084034,0.7922786154867354,0.6190476190476191,0.2634075756679486,0.22499656428227857,0.9453125,128,5.3,1.5,2.0,4.0,4.3,2.6,3.9,1.0,1.3,0.8,0.6,0.2
collect_all_size9_comp0.0_grid8_base_low,9,0.0,8,low,base,base,collect_all,8,5,3,3,11,8,19,1,1,1,1,1,10,0,0,10,2.0,1.0,35.9,0.6323119777158774,0.5241379310344828,0.7727272727272727,0.6882352941176471,0.5590824111454399,0.8950546263151679,0.75,0.4098017589784801,0.13504177657138178,0.6323119777158774,359,8.6,8.1,9.4,9.5,16.2,7.0,8.0,3.1,15.2,2.4,0.8,9.2
collect_all_size9_comp0.0_grid8_base_medium,9,0.0,8,medium,base,base,collect_all,4,7,3,3,6,3,10,1,1,1,1,1,10,0,0,10,2.0,1.0,11.5,0.9130434782608695,0.8888888888888888,0.8947368421052632,0.96875,0.8909090909090909,0.40702931633833395,0.6153846153846154,0.19388417684814854,0.12914009067855223,0.9130434782608695,115,0.6,5.1,5.4,0.4,6.4,2.4,1.1,0.6,1.2,0.6,0.6,0.5
collect_all_size9_comp0.0_grid9_base_low,9,0.0,9,low,base,base,collect_all,9,6,5,5,8,3,17,1,1,1,1,1,10,4,0,6,1.2,0.6,21.3,0.7887323943661971,0.7948717948717948,0.875,0.7473684210526316,0.33585952473452474,0.895730926637749,0.6666666666666666,0.3482908576912285,0.12582491582491584,0.7887323943661971,213,4.4,7.3,3.7,5.9,7.2,3.5,4.8,4.8,7.6,4.7,1.4,0.3
collect_all_size9_comp0.0_grid9_base_medium,9,0.0,9,medium,base,base,collect_all,4,5,3,3,4,5,12,1,1,1,1,1,10,0,0,10,2.0,1.0,15.0,0.8933333333333333,1.0,0.8085106382978723,0.8793103448275862,0.8325768434464086,0.8586069147763742,0.72,0.285994297684846,0.14022816399286991,0.8933333333333333,150,5.3,2.2,2.2,5.3,6.7,3.3,2.6,1.4,2.7,1.3,0.7,0.2
collect_all_size9_comp0.2_grid0_base_low,9,0.2,0,low,base,base,collect_all,8,9,3,3,6,7,18,1,1,1,1,1,10,0,0,10,2.0,1.0,27.6,0.7789855072463768,0.8303571428571429,0.7368421052631579,0.7476635514018691,0.6888756352343309,1.034855370507283,0.5581395348837209,0.32758170089032207,0.15560282740515297,0.7789855072463768,276,8.2,6.1,4.5,8.8,10.8,5.7,6.9,3.2,8.7,3.0,1.6,2.6
collect_all_size9_comp0.2_grid0_base_medium,9,0.2,0,medium,base,base,collect_all,3,5,4,4,7,3,10,1,1,1,1,1,10,0,0,10,2.0,1.0,12.2,0.9016393442622951,0.96875,0.8679245283018868,0.8918918918918919,0.8530085110967465,0.44989389261718826,0.6666666666666666,0.23683795165665755,0.14726477226477228,0.9016393442622951,122,4.8,0.8,1.3,5.3,5.0,1.7,3.1,1.4,1.9,1.4,1.0,0.2
collect_all_size9_comp0.2_grid1_base_low,9,0.2,1,low,base,base,collect_all,4,5,5,5,5,6,15,1,1,1,1,1,10,0,3,7,1.7,0.7,52.4,0.5744274809160306,0.8461538461538461,0.5147058823529411,0.6212121212121212,0.24611029591587186,1.1191275290555827,0.68,0.3793909732622381,0.23906498481964322,0.5744274809160306,524,15.1,15.0,11.4,10.8,12.6,11.6,12.8,14.2,36.8,13.3,4.1,4.9
collect_all_size9_comp0.2_grid1_base_medium,9,0.2,1,medium,base,base,collect_all,8,4,6,6,3,7,13,1,1,1,1,1,10,0,0,10,2.0,1.0,18.4,0.8369565217391305,0.7272727272727273,0.927536231884058,0.8947368421052632,0.7649319879466938,0.6304208093263833,0.5666666666666667,0.382712067976742,0.21651875901875905,0.8369565217391305,184,6.6,3.7,5.1,3.0,8.5,2.2,4.9,1.8,3.0,1.8,0.2,0.6
collect_all_size9_comp0.2_grid2_base_low,9,0.2,2,low,base,base,collect_all,3,6,9,9,6,3,15,1,1,1,1,1,10,0,5,5,1.5,0.4,45.0,0.56,0.5277777777777778,0.5366795366795367,0.7872340425531915,0.1581910736322501,1.2180971104182137,0.5945945945945946,0.5109137903418851,0.08971222787012259,0.56,450,14.8,10.6,9.5,9.9,14.4,12.4,8.1,8.7,27.5,7.5,0.8,9.4
collect_all_size9_comp0.2_grid2_base_medium,9,0.2,2,medium,base,base,collect_all,4,6,6,6,9,5,15,1,1,1,1,1,10,0,0,10,2.0,1.0,19.1,0.9162303664921466,0.8928571428571429,0.9154929577464789,0.9375,0.8197478991596638,0.6762256880913002,0.5333333333333333,0.3004993546679708,0.1713781588781589,0.9162303664921466,191,5.8,3.7,6.3,3.3,9.2,2.3,4.4,2.2,3.1,2.1,0.7,0.3
collect_all_size9_comp0.2_grid3_base_low,9,0.2,3,low,base,base,collect_all,7,3,4,4,5,3,12,1,1,1,1,1,10,0,0,10,2.0,0.9,38.5,0.548051948051948,0.96875,0.4076923076923077,0.5695067264573991,0.3250387204533546,1.0169907279046098,0.5618490741274931,0.3076841847456477,0.07942206104486806,0.548051948051948,385,19.2,8.1,4.4,6.8,15.4,6.8,7.0,8.3,23.9,8.1,8.7,7.9
collect_all_size9_comp0.2_grid3_base_medium,9,0.2,3,medium,base,base,collect_all,9,4,9,9,3,6,16,1,1,1,1,1,10,0,0,10,2.0,1.0,22.8,0.8114035087719298,0.803030303030303,0.8440366972477065,0.7547169811320755,0.7182389292853689,0.9934789826166179,0.6451612903225806,0.3111146679135017,0.19110053755514658,0.8114035087719298,228,3.2,8.3,4.7,6.6,8.5,6.2,4.9,2.2,4.7,2.1,0.3,1.8
collect_all_size9_comp0.2_grid4_base_low,9,0.2,4,low,base,base,collect_all,4,7,3,3,5,4,11,1,1,1,1,1,10,0,1,9,1.9,0.5,47.4,0.5443037974683544,0.84375,0.5294117647058824,0.487012987012987,0.19435644257703083,1.3132408702138316,0.6060606060606061,0.4231268791487712,0.1343670184811493,0.5443037974683544,474,13.3,13.7,8.7,11.5,13.4,9.6,10.1,12.9,30.4,12.1,2.9,3.8
collect_all_size9_comp0.2_grid4_base_medium,9,0.2,4,medium,base,base,collect_all,5,5,6,6,6,4,15,1,1,1,1,1,10,0,0,10,2.0,1.0,19.8,0.8737373737373737,0.9310344827586207,0.9117647058823529,0.7916666666666666,0.8045983297051166,0.8799378721134455,0.6153846153846154,0.3269891355447215,0.18116071962225802,0.8737373737373737,198,5.9,3.3,6.8,3.8,8.1,4.9,3.9,1.9,4.4,1.8,1.9,0.6
collect_all_size9_comp0.2_grid5_base_low,9,0.2,5,low,base,base,collect_all,8,3,5,5,5,6,13,1,1,1,1,1,10,0,0,10,2.0,0.0,72.0,0.5319444444444444,0.697986577181208,0.8082191780821918,0.44176706827309237,0.0,1.0855011466170417,0.5231008621187004,0.45756347642339606,0.1634338046738598,0.5319444444444444,720,21.1,20.3,15.8,14.6,16.3,13.9,12.9,27.5,53.2,25.0,8.6,6.5
collect_all_size9_comp0.2_grid5_base_medium,9,0.2,5,medium,base,base,collect_all,3,8,9,9,7,6,18,1,1,1,1,1,10,0,0,10,2.0,1.0,22.6,0.8805309734513275,0.9393939393939394,0.8828828828828829,0.8536585365853658,0.8187820922074849,0.7282492461804011,0.5769230769230769,0.31351516256349476,0.08810172283856495,0.8805309734513275,226,7.3,3.7,6.3,5.3,9.7,4.3,4.3,3.3,7.3,3.3,2.8,0.8
collect_all_size9_comp0.2_grid6_base_low,9,0.2,6,low,base,base,collect_all,4,3,7,7,3,6,13,1,1,1,1,1,10,0,1,9,1.9,0.9,39.5,0.6354430379746835,0.5874125874125874,0.6302083333333334,0.7666666666666667,0.35326468220138296,1.380809862789721,0.49182958340544897,0.36729145062546104,0.30866441983518644,0.6354430379746835,395,12.3,9.7,9.2,8.3,8.8,9.7,11.5,8.5,22.5,7.9,2.5,3.6
collect_all_size9_comp0.2_grid6_base_medium,9,0.2,6,medium,base,base,collect_all,9,8,7,7,8,5,21,1,1,1,1,1,10,0,0,10,2.0,1.0,28.4,0.852112676056338,0.868421052631579,0.9036144578313253,0.7816091954022989,0.7721228559526846,0.8704391362364261,0.6,0.4629152040986261,0.1325535453108982,0.852112676056338,284,7.8,8.3,5.2,7.0,11.3,5.1,6.9,3.9,6.4,3.9,0.7,0.9
collect_all_size9_comp0.2_grid7_base_low,9,0.2,7,low,base,base,collect_all,3,6,7,7,9,4,14,1,1,1,1,1,10,0,0,10,2.0,1.0,42.5,0.6423529411764706,0.75,0.6526946107784432,0.5804597701149425,0.35709070696256207,1.2712566332629955,0.4827586206896552,0.34957670279947756,0.1055852585436931,0.6423529411764706,425,16.1,8.9,9.6,7.8,14.4,8.1,11.6,7.2,23.1,6.4,5.8,7.4
collect_all_size9_comp0.2_grid7_base_medium,9,0.2,7,medium,base,base,collect_all,3,4,7,7,9,6,16,1,1,1,1,1,10,0,0,10,2.0,1.0,22.5,0.8488888888888889,0.7818181818181819,0.8875,0.8555555555555555,0.7309973296180192,0.9755689404943639,0.76,0.32078531091603585,0.17242846275185755,0.8488888888888889,225,3.0,6.1,7.6,5.8,9.4,4.5,4.8,2.8,7.1,2.8,1.6,1.1
collect_all_size9_comp0.2_grid8_base_low,9,0.2,8,low,base,base,collect_all,6,5,9,9,5,10,19,1,1,1,1,1,10,0,1,9,1.9,0.4,61.1,0.5286415711947627,0.6576576576576577,0.5106382978723404,0.48623853211009177,0.1729235894129511,1.2407172500061043,0.631578947368421,0.41026524451834107,0.13586073693314654,0.5286415711947627,611,17.5,20.3,10.7,12.5,19.0,13.2,14.5,13.2,36.6,11.3,2.7,11.1
collect_all_size9_comp0.2_grid8_base_medium,9,0.2,8,medium,base,base,collect_all,8,9,3,3,4,7,16,1,1,1,1,1,10,0,0,10,2.0,1.0,22.6,0.827433628318584,0.8294573643410853,0.8857142857142857,0.7903225806451613,0.7181225080538581,0.709827200037533,0.5595703571634616,0.43808460483807693,0.13327684920121896,0.827433628318584,226,6.0,7.1,1.9,7.4,9.5,3.3,5.6,2.8,4.8,2.7,0.3,1.0
collect_all_size9_comp0.2_grid9_base_low,9,0.2,9,low,base,base,collect_all,8,9,3,3,3,4,15,1,1,1,1,1,10,9,0,1,0.2,0.1,36.4,0.5027472527472527,0.49441340782122906,1.0,1.0,0.1,0.8150685671654879,0.6666666666666666,0.4463632031511819,0.08705870341629182,0.5027472527472527,364,7.3,8.7,12.5,7.9,7.1,10.1,7.7,10.5,26.9,9.8,0.1,5.3
collect_all_size9_comp0.2_grid9_base_medium,9,0.2,9,medium,base,base,collect_all,4,5,5,5,4,9,14,1,1,1,1,1,10,0,0,10,2.0,1.0,23.8,0.8361344537815126,0.8727272727272727,0.7875,0.8543689320388349,0.6461373487844077,1.0142078441907398,0.64,0.36515564984218357,0.0971980145458406,0.8361344537815126,238,8.8,5.9,4.3,4.8,9.0,4.3,5.3,4.2,8.7,4.1,2.5,0.8
collect_all_size9_comp0.4_grid0_base_low,9,0.4,0,low,base,base,collect_all,6,9,7,7,6,3,16,1,1,1,1,1,10,4,1,5,1.1,0.4,46.6,0.5171673819742489,0.4931972789115646,0.5555555555555556,0.5652173913043478,0.11966884531590413,1.307933809196021,0.42424242424242425,0.3692358087835851,0.08446535174769533,0.5171673819742489,466,15.9,10.2,9.5,10.9,14.1,10.6,8.6,12.1,29.7,10.6,1.4,9.9
collect_all_size9_comp0.4_grid0_base_medium,9,0.4,0,medium,base,base,collect_all,10,4,6,6,4,4,14,1,1,1,1,1,10,0,1,9,1.9,0.9,22.5,0.7733333333333333,0.7702702702702703,0.75,0.8297872340425532,0.6005259979659293,0.8353831237142852,0.3333333333333333,0.26687986591855467,0.09467333592333596,0.7733333333333333,225,3.7,9.0,6.4,3.4,8.7,4.5,4.0,4.3,8.0,4.1,1.5,1.5
collect_all_size9_comp0.4_grid1_base_low,9,0.4,1,low,base,base,collect_all,8,5,7,7,7,4,19,1,1,1,1,1,10,0,3,7,1.7,0.7,58.0,0.5448275862068965,0.539568345323741,0.5238095238095238,0.6086956521739131,0.2589725241545894,1.4560737573309708,0.4166666666666667,0.3426925251893312,0.14933311951813666,0.5448275862068965,580,11.8,18.8,12.6,14.6,16.0,12.8,15.9,11.9,36.7,9.7,3.4,11.2
collect_all_size9_comp0.4_grid1_base_medium,9,0.4,1,medium,base,base,collect_all,7,8,3,3,4,3,13,1,1,1,1,1,10,0,0,10,2.0,1.0,18.5,0.827027027027027,0.8645833333333334,0.9090909090909091,0.7142857142857143,0.7374077777564115,0.7013813416494231,0.3305159483007295,0.26273966718600056,0.13776620888689858,0.827027027027027,185,2.0,7.8,4.3,4.4,7.1,5.0,3.7,1.7,3.8,1.7,0.7,0.9
collect_all_size9_comp0.4_grid2_base_low,9,0.4,2,low,base,base,collect_all,3,4,3,3,3,4,10,1,1,1,1,1,10,0,1,9,1.9,0.9,24.8,0.5766129032258065,0.6,0.49074074074074076,0.68,0.41904538963861004,1.168253431390462,0.4666666666666667,0.2909567949168631,0.22973017723017725,0.5766129032258065,248,8.9,4.3,5.4,6.2,8.5,4.9,4.9,5.5,14.7,4.7,3.8,5.6
collect_all_size9_comp0.4_grid2_base_medium,9,0.4,2,medium,base,base,collect_all,6,7,5,5,8,3,14,1,1,1,1,1,10,0,0,10,2.0,1.0,20.0,0.805,0.7872340425531915,0.7794117647058824,0.8947368421052632,0.7351178451178451,0.6223011188286782,0.5,0.4635447683170177,0.16885235976145066,0.805,200,3.3,7.0,3.3,6.4,9.0,4.8,2.6,2.6,4.8,2.6,1.4,1.8
collect_all_size9_comp0.4_grid3_base_low,9,0.4,3,low,base,base,collect_all,7,5,10,10,8,4,21,1,1,1,1,1,10,0,3,7,1.7,0.6,44.1,0.5873015873015873,0.6142857142857143,0.6235294117647059,0.5114503816793893,0.2694455963323888,1.1296463828783807,0.3510486842864375,0.37437108073339836,0.2003141044231348,0.5873015873015873,441,10.4,13.2,7.7,12.7,16.5,8.8,10.6,7.0,22.8,5.5,2.1,11.1
collect_all_size9_comp0.4_grid3_base_medium,9,0.4,3,medium,base,base,collect_all,4,5,3,3,8,5,12,1,1,1,1,1,10,0,0,10,2.0,1.0,17.4,0.8275862068965517,0.8627450980392157,0.7049180327868853,0.9193548387096774,0.7334286697134994,0.9084296352823195,0.5,0.2879882329674116,0.11708062770562772,0.8275862068965517,174,4.1,4.8,6.5,2.0,6.7,3.0,4.5,2.2,4.8,2.2,1.9,1.4
collect_all_size9_comp0.4_grid4_base_low,9,0.4,4,low,base,base,collect_all,9,5,6,6,9,3,18,1,1,1,1,1,10,0,4,6,1.6,0.5,47.2,0.510593220338983,0.5271317829457365,0.45454545454545453,0.5934959349593496,0.1995827969591088,1.0435042076447019,0.34375,0.33652385085332004,0.09951388502978975,0.510593220338983,472,16.6,9.6,13.5,7.5,14.4,10.1,9.9,11.8,30.2,10.1,8.3,11.3
collect_all_size9_comp0.4_grid4_base_medium,9,0.4,4,medium,base,base,collect_all,11,3,10,10,3,9,16,1,1,1,1,1,10,0,1,9,1.9,0.9,30.1,0.7242524916943521,0.967741935483871,0.673728813559322,0.8529411764705882,0.5541493992656783,0.853260762892556,0.4461742647483033,0.2662579601036277,0.07491794785438051,0.7242524916943521,301,4.1,7.8,8.9,9.2,10.0,5.5,5.6,7.8,12.9,7.5,2.2,1.2
collect_all_size9_comp0.4_grid5_base_low,9,0.4,5,low,base,base,collect_all,8,3,7,7,5,8,15,1,1,1,1,1,10,0,2,8,1.8,0.8,37.8,0.5582010582010583,0.4722222222222222,0.5566502463054187,0.6213592233009708,0.36358897337193646,0.9557716112266511,0.32142857142857145,0.30917984497258905,0.1744625093627194,0.5582010582010583,378,11.2,9.2,6.1,11.3,11.3,6.4,10.0,9.1,21.7,8.2,1.4,9.1
collect_all_size9_comp0.4_grid5_base_medium,9,0.4,5,medium,base,base,collect_all,9,3,10,10,6,4,19,1,1,1,1,1,10,0,0,10,2.0,1.0,29.9,0.7658862876254181,0.7209302325581395,0.774390243902439,0.7717391304347826,0.6667014306954939,1.097206429931094,0.45,0.42209740869909895,0.12300234487734485,0.7658862876254181,299,8.3,4.9,8.1,8.5,11.9,5.6,6.4,4.8,10.0,4.4,2.0,3.0
collect_all_size9_comp0.4_grid6_base_low,9,0.4,6,low,base,base,collect_all,4,3,5,5,10,5,14,1,1,1,1,1,10,0,1,9,1.9,0.5,57.7,0.5424610051993067,0.7450980392156863,0.5625,0.49337748344370863,0.1694631662160687,1.2781041003856686,0.45454545454545453,0.4006227902213376,0.21519197266309437,0.5424610051993067,577,17.6,13.8,11.6,14.3,14.7,12.5,12.8,15.9,38.8,14.7,4.2,8.0
collect_all_size9_comp0.4_grid6_base_medium,9,0.4,6,medium,base,base,collect_all,4,4,6,6,5,5,15,1,1,1,1,1,10,0,0,10,2.0,1.0,20.4,0.8529411764705882,0.8166666666666667,0.9130434782608695,0.8266666666666667,0.7485823364726986,0.9814489281059935,0.47619047619047616,0.27055623269340734,0.10105793677222244,0.8529411764705882,204,2.6,5.5,7.9,4.3,5.8,5.6,4.3,3.6,6.3,3.4,1.5,0.5
collect_all_size9_comp0.4_grid7_base_low,9,0.4,7,low,base,base,collect_all,8,5,3,3,8,5,16,1,1,1,1,1,10,1,0,9,1.8,0.3,61.3,0.4535073409461664,0.5021097046413502,0.4853801169590643,0.37073170731707317,0.1376998154694413,1.4509088740548848,0.3793103448275862,0.3947940955466974,0.14029884132355402,0.4535073409461664,613,19.9,13.1,14.8,13.4,15.2,14.2,14.4,16.3,44.8,13.3,9.2,16.3
collect_all_size9_comp0.4_grid7_base_medium,9,0.4,7,medium,base,base,collect_all,9,8,3,3,13,12,24,1,1,1,1,1,10,0,0,10,2.0,1.0,30.4,0.8782894736842105,0.8877551020408163,0.8947368421052632,0.8690476190476191,0.8047082723451892,1.0009384839538003,0.38461538461538464,0.30860358036070196,0.21504437610070937,0.8782894736842105,304,10.1,6.2,7.2,6.8,14.5,4.1,6.9,3.7,11.6,3.5,1.6,0.9
collect_all_size9_comp0.4_grid8_base_low,9,0.4,8,low,base,base,collect_all,7,10,5,5,11,6,18,1,1,1,1,1,10,2,4,4,1.2,0.2,69.1,0.48191027496382055,0.4959016393442623,0.41830065359477125,0.54,0.06341911764705883,1.4900646859323634,0.3684210526315789,0.38796494096823403,0.17842685006658027,0.48191027496382055,691,20.1,17.8,13.0,17.7,16.2,17.4,15.4,18.1,48.4,16.0,1.3,13.5
collect_all_size9_comp0.4_grid8_base_medium,9,0.4,8,medium,base,base,collect_all,4,6,10,10,5,5,19,1,1,1,1,1,10,0,1,9,1.9,0.9,32.4,0.7469135802469136,0.7777777777777778,0.7225433526011561,0.7714285714285715,0.5178037674432361,1.081347153673008,0.4,0.2846184444892987,0.10331542294471359,0.7469135802469136,324,8.2,8.9,6.9,8.2,10.2,6.3,7.4,7.2,18.0,6.8,4.1,2.6
collect_all_size9_comp0.4_grid9_base_low,9,0.4,9,low,base,base,collect_all,4,4,4,4,6,4,12,1,1,1,1,1,10,0,2,8,1.8,0.8,44.7,0.5324384787472036,0.5333333333333333,0.5024875621890548,0.59375,0.2620750413605265,1.3119040492304372,0.43333333333333335,0.32421466212608513,0.15597538441946623,0.5324384787472036,447,15.2,10.2,7.4,11.8,12.3,8.5,9.8,12.9,29.9,11.9,2.7,7.8
collect_all_size9_comp0.4_grid9_base_medium,9,0.4,9,medium,base,base,collect_all,9,3,12,12,4,8,19,1,1,1,1,1,10,0,1,9,1.9,0.9,31.8,0.7547169811320755,0.8947368421052632,0.7012448132780082,0.9487179487179487,0.5600189786059351,0.9562284508126073,0.5357142857142857,0.35632130184266947,0.1380738044819204,0.7547169811320755,318,4.9,7.1,9.1,10.7,13.8,5.4,6.2,5.4,12.2,5.2,1.5,2.0
collect_one_size11_comp0.0_grid0_base_low,11,0.0,0,low,base,base,collect_one,9,12,9,9,8,5,17,1,1,1,1,1,10,1,3,6,1.5,0.2,52.8,0.4678030303030303,0.7207792207792207,0.36363636363636365,0.0,0.1015993265993266,0.8392987451072503,0.8064516129032258,0.5124616487322704,0.17770409083157593,0.4678030303030303,528,14.9,21.3,5.6,10.2,21.0,10.0,9.7,9.6,28.1,7.7,0.9,13.6
collect_one_size11_comp0.0_grid0_base_medium,11,0.0,0,medium,base,base,collect_one,8,5,5,5,8,13,16,1,1,1,1,1,10,0,0,10,2.0,1.0,34.6,0.7369942196531792,0.9204545454545454,0.6744186046511628,0.0,0.49884626314293834,0.9156796965256797,0.8297872340425532,0.3205347130593686,0.17084357523171198,0.7369942196531792,346,8.8,8.8,12.5,4.5,11.5,7.9,8.7,5.5,9.9,5.5,2.4,0.0
collect_one_size11_comp0.0_grid1_base_low,11,0.0,1,low,base,base,collect_one,8,6,10,10,7,3,9,1,1,1,1,1,10,6,3,1,0.5,0.1,55.4,0.22382671480144403,0.19290465631929046,0.3592233009708738,0.0,0.01764705882352941,0.7375242368435639,0.7021276595744681,0.601480732626276,0.23042457840070701,0.22382671480144403,554,10.5,4.3,35.0,5.5,29.1,10.2,9.9,5.0,42.2,3.2,0.2,33.8
collect_one_size11_comp0.0_grid1_base_medium,11,0.0,1,medium,base,base,collect_one,11,4,11,11,4,7,11,1,1,1,1,1,10,0,0,10,2.0,1.0,22.9,0.7292576419213974,0.7727272727272727,0.7116564417177914,0.0,0.48826662065792503,0.687607432225871,0.7441860465116279,0.39244971733176537,0.10616463639719456,0.7292576419213974,229,9.2,3.5,5.6,4.6,8.0,5.7,5.2,3.0,3.8,2.6,0.6,0.5
collect_one_size11_comp0.0_grid2_base_low,11,0.0,2,low,base,base,collect_one,9,4,5,5,9,4,8,1,1,1,1,1,10,0,0,10,2.0,0.8,40.6,0.5665024630541872,0.7763157894736842,0.5181818181818182,0.0,0.1935433717275959,1.1572926703354303,0.765625,0.32655305629707454,0.08170418990731489,0.5665024630541872,406,12.0,10.6,5.0,13.0,13.4,8.6,9.9,7.7,17.2,7.1,0.8,2.8
collect_one_size11_comp0.0_grid2_base_medium,11,0.0,2,medium,base,base,collect_one,7,6,5,5,4,7,11,1,1,1,1,1,10,0,1,9,1.9,1.0,20.8,0.7932692307692307,0.9444444444444444,0.7132352941176471,0.0,0.5569805907405528,0.7794931325948683,0.7560975609756098,0.32491383586486405,0.10646974976243274,0.7932692307692307,208,6.5,4.5,2.4,7.4,7.8,3.9,5.3,2.8,4.3,2.8,1.2,0.0
collect_one_size11_comp0.0_grid3_base_low,11,0.0,3,low,base,base,collect_one,9,6,7,7,12,9,15,1,1,1,1,1,10,0,3,7,1.7,0.7,46.7,0.6102783725910065,0.782608695652174,0.5539772727272727,0.0,0.26809940657822556,0.9263313416942867,0.8059701492537313,0.46472740896486625,0.12023075525671241,0.6102783725910065,467,16.6,10.3,8.4,11.3,14.9,11.4,11.2,8.0,17.0,7.1,1.2,4.4
collect_one_size11_comp0.0_grid3_base_medium,11,0.0,3,medium,base,base,collect_one,7,9,6,6,4,8,11,1,1,1,1,1,10,0,0,10,2.0,1.0,28.2,0.6950354609929078,0.8365384615384616,0.6123595505617978,0.0,0.40139098704615944,0.7791578357865591,0.8157894736842105,0.29323039640513743,0.06669488192431705,0.6950354609929078,282,3.6,9.6,6.0,9.0,12.6,4.9,5.5,4.2,8.2,4.2,2.0,0.0
collect_one_size11_comp0.0_grid4_base_low,11,0.0,4,low,base,base,collect_one,4,4,6,6,9,3,7,1,1,1,1,1,10,6,1,3,0.7,0.1,60.5,0.4132231404958678,0.3896353166986564,0.5595238095238095,0.0,0.02413793103448276,0.9834938556941107,0.7727272727272727,0.4605331288393955,0.2165041266496085,0.4132231404958678,605,22.4,10.5,13.5,14.1,16.2,13.1,15.2,15.0,44.4,13.4,0.3,12.7
collect_one_size11_comp0.0_grid4_base_medium,11,0.0,4,medium,base,base,collect_one,4,5,9,9,4,9,8,1,1,1,1,1,10,0,0,10,2.0,1.0,28.3,0.6501766784452296,0.847457627118644,0.5982142857142857,0.0,0.2881081663434605,0.9228249243783079,0.7659574468085106,0.37536392874424335,0.11784486199379814,0.6501766784452296,283,7.0,10.9,5.2,5.2,11.1,5.6,6.2,4.4,7.4,4.3,0.9,0.1
collect_one_size11_comp0.0_grid5_base_low,11,0.0,5,low,base,base,collect_one,7,11,8,8,4,8,11,1,1,1,1,1,10,8,0,2,0.4,0.0,28.1,0.5231316725978647,0.5495495495495496,0.423728813559322,0.0,0.0,0.8468488648167241,0.8837209302325582,0.5721703962136891,0.12159334171811173,0.5231316725978647,281,8.1,6.3,6.2,7.5,7.6,5.7,7.4,6.4,15.8,5.8,0.2,1.7
collect_one_size11_comp0.0_grid5_base_medium,11,0.0,5,medium,base,base,collect_one,3,9,6,6,8,8,11,1,1,1,1,1,10,0,0,10,2.0,1.0,22.3,0.7309417040358744,0.9166666666666666,0.6951871657754011,0.0,0.5024440832993802,0.6286252800637125,0.7777777777777778,0.3726563196992999,0.19974426807760146,0.7309417040358744,223,6.8,3.8,5.2,6.5,10.6,3.4,5.8,1.5,2.4,1.4,0.4,0.7
collect_one_size11_comp0.0_grid6_base_low,11,0.0,6,low,base,base,collect_one,3,5,8,8,10,10,13,1,1,1,1,1,10,0,7,3,1.3,0.2,63.3,0.4960505529225908,0.65625,0.46741154562383613,0.0,0.04311951754385965,1.1680977634825431,0.8823529411764706,0.4829255760076001,0.20163433929191218,0.4960505529225908,633,19.2,17.2,14.2,12.4,16.1,13.0,12.7,19.9,43.4,18.4,5.0,5.5
collect_one_size11_comp0.0_grid6_base_medium,11,0.0,6,medium,base,base,collect_one,5,5,8,8,13,5,10,1,1,1,1,1,10,0,0,10,2.0,1.0,29.8,0.6610738255033557,0.8024691358024691,0.6082949308755761,0.0,0.34043870359659834,0.8354647323784705,0.8,0.31406704289969034,0.13467965367965368,0.6610738255033557,298,6.8,9.7,4.1,9.1,13.2,6.5,6.4,2.5,6.1,2.5,1.2,0.3
collect_one_size11_comp0.0_grid7_base_low,11,0.0,7,low,base,base,collect_one,3,4,3,3,10,7,11,1,1,1,1,1,10,2,3,5,1.3,0.5,51.9,0.535645472061657,0.5056818181818182,0.5510204081632653,0.0,0.1582160752949494,1.1701833021010783,0.7592592592592593,0.37100288849010554,0.1776500255286198,0.535645472061657,519,18.5,14.2,6.7,12.5,12.3,10.9,13.0,14.7,29.9,14.0,4.3,2.4
collect_one_size11_comp0.0_grid7_base_medium,11,0.0,7,medium,base,base,collect_one,4,11,7,7,7,12,11,1,1,1,1,1,10,0,0,10,2.0,1.0,29.7,0.6835016835016835,0.8979591836734694,0.6411290322580645,0.0,0.3818072338745136,0.7588536971501938,0.8070175438596491,0.330261688349407,0.07522786667523512,0.6835016835016835,297,2.8,10.8,7.6,8.5,11.6,5.2,8.2,3.7,4.2,3.7,0.9,0.1
collect_one_size11_comp0.0_grid8_base_low,11,0.0,8,low,base,base,collect_one,7,4,7,7,9,6,10,1,1,1,1,1,10,2,6,2,1.0,0.6,47.1,0.5307855626326964,0.4870848708487085,0.59,0.0,0.22100713670481112,1.2082165052234302,0.7916666666666666,0.3960871917457218,0.09046586256506839,0.5307855626326964,471,11.2,11.3,11.6,12.9,13.0,10.8,11.6,10.5,24.4,9.9,1.1,4.6
collect_one_size11_comp0.0_grid8_base_medium,11,0.0,8,medium,base,base,collect_one,9,10,9,9,6,5,15,1,1,1,1,1,10,1,0,9,1.8,0.9,25.4,0.7559055118110236,0.8942307692307693,0.66,0.0,0.5015905991896525,0.6249951585234339,0.8125,0.46395574561492725,0.05707799145299148,0.7559055118110236,254,6.0,7.2,8.1,4.0,11.3,5.7,5.1,2.1,3.4,1.7,1.3,0.7
collect_one_size11_comp0.0_grid9_base_low,11,0.0,9,low,base,base,collect_one,14,10,4,4,6,4,14,1,1,1,1,1,10,6,1,3,0.7,0.0,64.0,0.5171875,0.5415162454873647,0.36046511627906974,0.0,0.0,1.0368182911911228,0.8214285714285714,0.49721188970266145,0.15742167030729282,0.5171875,640,18.4,21.3,8.6,15.6,18.5,11.4,12.2,20.7,39.3,19.3,0.7,3.8
collect_one_size11_comp0.0_grid9_base_medium,11,0.0,9,medium,base,base,collect_one,11,8,7,7,3,8,14,1,1,1,1,1,10,0,1,9,1.9,1.0,29.4,0.7414965986394558,0.9333333333333333,0.6091954022988506,0.0,0.5243023129429155,0.7939208263806448,0.8148148148148148,0.24490683780406708,0.15007136841932162,0.7414965986394558,294,10.5,2.3,10.3,6.3,12.8,5.8,6.8,3.0,6.1,3.0,1.6,0.2
collect_one_size11_comp0.2_grid0_base_low,11,0.2,0,low,base,base,collect_one,8,8,4,4,12,8,16,1,1,1,1,1,10,2,2,6,1.4,0.0,64.0,0.48125,0.6013745704467354,0.38108882521489973,0.0,0.0,1.1355688462985676,0.6808510638297872,0.4705512299833743,0.13224174610436804,0.48125,640,16.8,22.3,12.1,12.8,16.0,14.5,14.4,18.1,42.6,16.5,8.1,7.7
collect_one_size11_comp0.2_grid0_base_medium,11,0.2,0,medium,base,base,collect_one,8,3,9,9,3,6,9,1,1,1,1,1,10,0,1,9,1.9,1.0,21.5,0.7023255813953488,0.9047619047619048,0.653179190751445,0.0,0.4306079168509509,0.8644098983321634,0.5548402344426084,0.2797870050256982,0.2140753318372804,0.7023255813953488,215,8.4,2.3,5.8,5.0,7.0,4.7,5.2,3.6,5.8,3.6,1.5,0.5
collect_one_size11_comp0.2_grid1_base_low,11,0.2,1,low,base,base,collect_one,7,8,5,5,7,12,14,1,1,1,1,1,10,0,3,7,1.7,0.4,58.2,0.5343642611683849,0.83,0.4730290456431535,0.0,0.11576585059635906,1.1966767840208197,0.6883319444711539,0.44742777231675307,0.06725003678048053,0.5343642611683849,582,16.3,21.1,8.8,11.9,16.0,11.5,13.0,16.5,35.3,14.9,3.9,5.8
collect_one_size11_comp0.2_grid1_base_medium,11,0.2,1,medium,base,base,collect_one,6,9,9,9,4,5,10,1,1,1,1,1,10,0,2,8,1.8,1.0,28.0,0.6571428571428571,0.7931034482758621,0.5958549222797928,0.0,0.3815393941310419,0.7664989263976251,0.5021785256595168,0.37743229266010164,0.09190164410752646,0.6571428571428571,280,6.1,8.6,8.0,5.2,12.0,3.7,5.3,5.8,9.1,5.5,1.5,1.1
collect_one_size11_comp0.2_grid2_base_low,11,0.2,2,low,base,base,collect_one,6,3,3,3,15,12,15,1,1,1,1,1,10,3,2,5,1.2,0.2,59.4,0.4208754208754209,0.4224137931034483,0.4186991869918699,0.0,0.07477203647416412,1.1823712986267088,0.6111111111111112,0.4279775991845072,0.14425620077989593,0.4208754208754209,594,16.4,14.2,14.2,14.5,18.9,13.2,13.0,13.1,39.3,10.6,0.8,15.9
collect_one_size11_comp0.2_grid2_base_medium,11,0.2,2,medium,base,base,collect_one,11,8,11,11,5,8,16,1,1,1,1,1,10,0,0,10,2.0,1.0,39.7,0.6649874055415617,0.7248322147651006,0.6290322580645161,0.0,0.4334999975364444,1.0337945897398142,0.59375,0.28426512927436365,0.1774044111015618,0.6649874055415617,397,5.4,12.1,14.8,7.2,17.1,8.7,6.9,5.6,11.8,5.0,0.8,2.7
collect_one_size11_comp0.2_grid3_base_low,11,0.2,3,low,base,base,collect_one,4,10,6,6,3,3,7,1,1,1,1,1,10,1,9,0,0.9,0.5,42.9,0.4731934731934732,0.46774193548387094,0.48739495798319327,0.0,0.1439375,0.9867560551158242,0.6166666666666667,0.39841973947312237,0.06210131272631276,0.4731934731934732,429,8.6,10.5,5.5,18.3,17.7,6.3,10.0,7.9,23.7,7.2,0.4,11.4
collect_one_size11_comp0.2_grid3_base_medium,11,0.2,3,medium,base,base,collect_one,11,5,8,8,3,7,12,1,1,1,1,1,10,0,0,10,2.0,1.0,20.9,0.784688995215311,0.8888888888888888,0.7397260273972602,0.0,0.5812648221343873,0.7544369263369562,0.6928101562950723,0.377398595937733,0.14314513611388613,0.784688995215311,209,3.5,7.4,7.0,3.0,7.0,5.4,4.9,2.6,3.8,2.5,1.4,0.1
collect_one_size11_comp0.2_grid4_base_low,11,0.2,4,low,base,base,collect_one,4,5,3,3,8,11,12,1,1,1,1,1,10,0,0,10,2.0,0.6,51.6,0.5387596899224806,0.43243243243243246,0.5679012345679012,0.0,0.17027752892870474,1.0807647057007546,0.6589807870503918,0.36204099771323744,0.14596740440565686,0.5387596899224806,516,16.8,10.4,15.5,8.8,17.3,10.5,11.1,11.5,25.7,11.0,2.8,6.5
collect_one_size11_comp0.2_grid4_base_medium,11,0.2,4,medium,base,base,collect_one,6,5,9,9,5,10,11,1,1,1,1,1,10,0,0,10,2.0,1.0,35.7,0.6582633053221288,0.7378640776699029,0.6259842519685039,0.0,0.318517329159196,0.9900065690360071,0.5142537234349428,0.2931534620051774,0.1429711819261256,0.6582633053221288,357,9.0,12.6,5.1,9.0,13.0,6.3,7.3,8.1,13.5,7.9,2.0,1.7
collect_one_size11_comp0.2_grid5_base_low,11,0.2,5,low,base,base,collect_one,10,5,5,5,10,5,10,1,1,1,1,1,10,1,0,9,1.8,0.0,64.0,0.45625,0.47368421052631576,0.44660194174757284,0.0,0.0,1.2358519296656238,0.7205200520983573,0.42369548113458855,0.10460138051915055,0.45625,640,20.8,12.3,16.2,14.6,21.4,15.5,11.7,14.2,38.4,12.5,1.4,10.4
collect_one_size11_comp0.2_grid5_base_medium,11,0.2,5,medium,base,base,collect_one,5,7,10,10,10,8,15,1,1,1,1,1,10,0,0,10,2.0,1.0,38.7,0.6718346253229974,0.9012345679012346,0.6111111111111112,0.0,0.3963841900867875,0.8894592757542578,0.6333333333333333,0.40542792744861067,0.0917474898395951,0.6718346253229974,387,8.0,10.4,8.9,11.4,16.6,7.5,7.4,6.2,13.7,5.9,1.8,1.7
collect_one_size11_comp0.2_grid6_base_low,11,0.2,6,low,base,base,collect_one,8,6,6,6,10,4,10,1,1,1,1,1,10,0,3,7,1.7,0.0,64.0,0.4453125,0.4981949458483754,0.4049586776859504,0.0,0.0,1.2446131385310737,0.5834586539016274,0.4811651151050654,0.2150110445827149,0.4453125,640,19.3,17.4,7.5,19.6,18.6,14.9,15.2,14.0,39.1,11.7,1.3,13.7
collect_one_size11_comp0.2_grid6_base_medium,11,0.2,6,medium,base,base,collect_one,4,6,6,6,8,8,12,1,1,1,1,1,10,0,0,10,2.0,1.0,29.2,0.6815068493150684,0.8333333333333334,0.6422413793103449,0.0,0.4247662000846585,0.8460429384544769,0.5813953488372093,0.34459739477229195,0.0950786299933811,0.6815068493150684,292,5.9,7.5,6.3,9.5,10.8,6.0,6.3,5.1,9.8,5.1,1.7,1.4
collect_one_size11_comp0.2_grid7_base_low,11,0.2,7,low,base,base,collect_one,6,6,10,10,5,9,11,1,1,1,1,1,10,3,4,3,1.0,0.1,52.5,0.44,0.4017857142857143,0.5079365079365079,0.0,0.017741935483870968,1.0367370357469308,0.6069797170083454,0.4304789489516487,0.054568292293481396,0.44,525,15.5,8.2,12.6,16.2,16.9,11.8,10.2,12.6,33.9,11.0,2.7,14.8
collect_one_size11_comp0.2_grid7_base_medium,11,0.2,7,medium,base,base,collect_one,9,4,13,13,4,9,13,1,1,1,1,1,10,0,1,9,1.9,1.0,35.5,0.6591549295774648,0.8229166666666666,0.5984555984555985,0.0,0.38600935238866274,1.0114461054409687,0.6521739130434783,0.36377175327289657,0.08139165167701981,0.6591549295774648,355,7.3,10.1,10.5,7.5,15.3,5.6,8.3,5.1,13.4,4.9,2.0,1.6
collect_one_size11_comp0.2_grid8_base_low,11,0.2,8,low,base,base,collect_one,7,4,3,3,3,4,8,1,1,1,1,1,10,0,2,8,1.8,0.8,35.8,0.5195530726256983,0.6421052631578947,0.4752851711026616,0.0,0.3054891749003036,1.1975203948300899,0.6153846153846154,0.37771427437693395,0.2472220069955846,0.5195530726256983,358,12.6,8.3,9.5,5.2,9.7,8.6,8.5,7.6,20.8,5.9,2.5,5.7
collect_one_size11_comp0.2_grid8_base_medium,11,0.2,8,medium,base,base,collect_one,3,7,4,4,5,3,8,1,1,1,1,1,10,0,0,10,2.0,1.0,11.3,0.831858407079646,0.9393939393939394,0.7875,0.0,0.7188811188811189,0.49722270753832787,0.75,0.2876112055538258,0.18289141414141413,0.831858407079646,113,5.4,1.1,4.4,0.3,4.0,3.5,2.1,0.5,1.0,0.4,0.3,0.4
collect_one_size11_comp0.2_grid9_base_low,11,0.2,9,low,base,base,collect_one,12,8,4,4,5,9,17,1,1,1,1,1,10,1,4,5,1.4,0.7,47.5,0.5452631578947369,0.6310160427807486,0.4895833333333333,0.0,0.2594371601083092,0.9840820567714886,0.5576923076923077,0.4019483136967237,0.12009862450699972,0.5452631578947369,475,13.7,7.5,16.9,9.4,17.6,8.7,11.6,8.6,25.3,7.1,2.3,10.1
collect_one_size11_comp0.2_grid9_base_medium,11,0.2,9,medium,base,base,collect_one,6,3,5,5,10,7,10,1,1,1,1,1,10,0,0,10,2.0,1.0,23.7,0.70042194092827,0.8260869565217391,0.6701570680628273,0.0,0.4314063951134889,0.9036713963595936,0.6570544118495478,0.28285289558360655,0.09651614725144146,0.70042194092827,237,8.2,5.0,5.8,4.7,9.4,6.2,4.0,3.1,4.7,2.9,0.5,0.5
collect_one_size11_comp0.4_grid0_base_low,11,0.4,0,low,base,base,collect_one,6,5,9,9,6,11,12,1,1,1,1,1,10,1,1,8,1.7,0.4,58.0,0.4810344827586207,0.3879310344827586,0.5431034482758621,0.0,0.10093282596057292,1.2851081796495858,0.5238095238095238,0.44131250078386536,0.06590908627890112,0.4810344827586207,580,17.2,14.5,13.8,12.5,20.3,10.3,11.9,14.5,35.5,11.7,4.1,14.3
collect_one_size11_comp0.4_grid0_base_medium,11,0.4,0,medium,base,base,collect_one,11,5,12,12,11,3,8,1,1,1,1,1,10,0,4,6,1.6,1.0,29.2,0.6061643835616438,0.8307692307692308,0.5418502202643172,0.0,0.4541372241495584,1.1260833345832666,0.42424242424242425,0.2902047147317198,0.10913311545722613,0.6061643835616438,292,9.5,7.7,4.1,7.9,12.5,4.9,6.6,4.2,11.2,3.8,1.0,1.8
collect_one_size11_comp0.4_grid1_base_low,11,0.4,1,low,base,base,collect_one,11,3,8,8,4,12,15,1,1,1,1,1,10,0,2,8,1.8,0.7,47.0,0.5085106382978724,0.75,0.45897435897435895,0.0,0.30746868055188237,1.1579001595920282,0.4543122549302414,0.37714602261449937,0.19286336756924996,0.5085106382978724,470,18.2,5.9,17.8,5.1,16.7,10.9,12.9,5.5,24.3,4.3,1.8,12.9
collect_one_size11_comp0.4_grid1_base_medium,11,0.4,1,medium,base,base,collect_one,10,13,3,3,3,6,13,1,1,1,1,1,10,0,0,10,2.0,1.0,37.2,0.6424731182795699,0.6779661016949152,0.5808823529411765,0.0,0.35891349790818367,0.8694788582208205,0.3954247340578969,0.3669348267625996,0.12694817767408506,0.6424731182795699,372,12.0,7.9,5.8,10.4,12.0,6.5,9.1,6.5,13.9,6.1,1.8,3.1
collect_one_size11_comp0.4_grid2_base_low,11,0.4,2,low,base,base,collect_one,10,7,3,3,10,7,14,1,1,1,1,1,10,0,4,6,1.6,0.0,64.0,0.421875,0.7264957264957265,0.35372848948374763,0.0,0.0,1.3736248111666447,0.5714285714285714,0.49207813779277937,0.23273778790540456,0.421875,640,16.1,23.0,11.9,12.9,19.1,14.5,15.1,14.1,42.2,11.4,3.4,13.3
collect_one_size11_comp0.4_grid2_base_medium,11,0.4,2,medium,base,base,collect_one,7,3,4,4,8,4,7,1,1,1,1,1,10,0,0,10,2.0,1.0,25.4,0.6299212598425197,0.8947368421052632,0.5833333333333334,0.0,0.3052632329358672,1.0118242913756235,0.2857142857142857,0.29695054880245647,0.1498732521284585,0.6299212598425197,254,6.2,5.1,8.1,6.0,8.9,4.7,4.8,6.0,11.6,6.0,3.5,0.4
collect_one_size11_comp0.4_grid3_base_low,11,0.4,3,low,base,base,collect_one,6,5,9,9,12,3,8,1,1,1,1,1,10,0,5,5,1.5,0.4,53.5,0.502803738317757,0.569620253164557,0.47480106100795755,0.0,0.0907967057967058,1.1462957851251387,0.5388354651498212,0.4078291839847477,0.10723294037501266,0.502803738317757,535,17.3,11.4,14.3,10.5,15.4,11.3,12.8,13.0,34.5,10.9,4.0,9.4
collect_one_size11_comp0.4_grid3_base_medium,11,0.4,3,medium,base,base,collect_one,5,11,8,8,3,5,8,1,1,1,1,1,10,0,0,10,2.0,1.0,26.2,0.6106870229007634,0.7808219178082192,0.544973544973545,0.0,0.3148262331786359,0.8096554857335234,0.3548387096774194,0.3015953653105931,0.12702604163704734,0.6106870229007634,262,8.7,7.3,9.1,1.1,12.0,4.2,5.3,3.7,7.8,3.6,1.3,2.2
collect_one_size11_comp0.4_grid4_base_low,11,0.4,4,low,base,base,collect_one,4,7,5,5,4,9,8,1,1,1,1,1,10,0,2,8,1.8,0.1,61.3,0.42251223491027734,0.5686274509803921,0.3739130434782609,0.0,0.021621621621621623,1.3258481348710904,0.52,0.42583611420777806,0.13183207727826068,0.42251223491027734,613,18.2,14.5,16.9,11.6,16.1,15.5,14.2,14.3,38.4,11.6,3.9,12.3
collect_one_size11_comp0.4_grid4_base_medium,11,0.4,4,medium,base,base,collect_one,9,4,5,5,6,3,7,1,1,1,1,1,10,0,0,10,2.0,1.0,23.2,0.625,0.84,0.5659340659340659,0.0,0.3172936067851242,0.8863258009486598,0.5033985000288462,0.2708341180975085,0.15795027195027192,0.625,232,7.7,4.6,7.9,2.9,7.6,5.7,5.3,3.4,6.4,3.4,1.6,1.1
collect_one_size11_comp0.4_grid5_base_low,11,0.4,5,low,base,base,collect_one,9,5,8,8,6,10,15,1,1,1,1,1,10,9,0,1,0.2,0.0,42.6,0.31690140845070425,0.3182957393483709,0.2962962962962963,0.0,0.0,1.0106817075521088,0.475,0.5400942422741064,0.12031570710794216,0.31690140845070425,426,11.6,10.3,13.9,6.8,12.8,10.0,7.6,11.2,30.6,9.4,0.0,11.8
collect_one_size11_comp0.4_grid5_base_medium,11,0.4,5,medium,base,base,collect_one,6,13,7,7,4,3,10,1,1,1,1,1,10,0,0,10,2.0,1.0,21.3,0.7136150234741784,0.8470588235294118,0.625,0.0,0.4802229002457835,0.5501499498033577,0.5454545454545454,0.32152893224574924,0.03684312320675956,0.7136150234741784,213,6.5,3.8,1.9,9.1,9.5,4.1,4.3,2.4,4.1,2.3,1.4,0.9
collect_one_size11_comp0.4_grid6_base_low,11,0.4,6,low,base,base,collect_one,7,8,9,9,5,4,12,1,1,1,1,1,10,2,5,3,1.1,0.5,40.1,0.5561097256857855,0.6666666666666666,0.4857142857142857,0.0,0.187513266874969,1.206542707588673,0.5416666666666666,0.3383582814312429,0.12957969835767152,0.5561097256857855,401,15.3,8.2,8.9,7.7,11.3,9.5,8.2,10.1,21.3,9.3,2.5,4.6
collect_one_size11_comp0.4_grid6_base_medium,11,0.4,6,medium,base,base,collect_one,5,8,7,7,5,4,10,1,1,1,1,1,10,0,0,10,2.0,1.0,27.6,0.6739130434782609,0.8,0.6129032258064516,0.0,0.3812714097496706,0.9523286074065771,0.2647058823529412,0.24171568838347982,0.18801864630038,0.6739130434782609,276,4.3,8.4,5.4,9.4,10.7,5.4,5.3,5.0,8.6,4.9,1.3,0.7
collect_one_size11_comp0.4_grid7_base_low,11,0.4,7,low,base,base,collect_one,9,6,15,15,9,8,14,1,1,1,1,1,10,0,1,9,1.9,0.2,61.0,0.4278688524590164,0.7078651685393258,0.3800383877159309,0.0,0.06017543859649123,1.1562228558637875,0.4918032786885246,0.47431247975335383,0.18375164233993943,0.4278688524590164,610,19.1,17.4,11.0,13.3,23.4,14.0,12.4,9.8,32.1,8.0,3.4,14.6
collect_one_size11_comp0.4_grid7_base_medium,11,0.4,7,medium,base,base,collect_one,8,6,14,14,9,7,13,1,1,1,1,1,10,0,0,10,2.0,1.0,38.4,0.6536458333333334,0.927536231884058,0.5936507936507937,0.0,0.34159382012400347,0.8902268664464085,0.4692383152330686,0.24498006295181926,0.1022247388626699,0.6536458333333334,384,10.2,3.9,14.7,9.5,19.0,5.2,6.5,6.5,13.5,6.3,2.0,1.1
collect_one_size11_comp0.4_grid8_base_low,11,0.4,8,low,base,base,collect_one,6,9,3,3,4,5,10,1,1,1,1,1,10,0,0,10,2.0,0.8,42.8,0.5280373831775701,0.7804878048780488,0.4682080924855491,0.0,0.2592228225436594,0.8891407088143894,0.49182958340544897,0.3091034660111579,0.15062939944941806,0.5280373831775701,428,11.5,12.2,5.5,13.5,10.9,9.6,9.8,11.3,26.6,10.3,6.3,6.7
collect_one_size11_comp0.4_grid8_base_medium,11,0.4,8,medium,base,base,collect_one,12,11,3,3,3,4,15,1,1,1,1,1,10,0,0,10,2.0,1.0,21.2,0.8160377358490566,0.8769230769230769,0.7195121951219512,0.0,0.7189533441835232,0.5508037093244299,0.42424242424242425,0.32340628414178996,0.14267483358392452,0.8160377358490566,212,8.9,3.9,6.6,1.8,10.0,5.3,3.3,1.6,3.3,1.5,0.7,1.6
collect_one_size11_comp0.4_grid9_base_low,11,0.4,9,low,base,base,collect_one,7,8,7,7,7,4,12,1,1,1,1,1,10,6,2,2,0.6,0.2,59.7,0.45226130653266333,0.43470149253731344,0.6065573770491803,0.0,0.05944055944055944,1.2216789574099278,0.5,0.38416259522018303,0.07582217500207819,0.45226130653266333,597,17.5,10.6,15.9,15.7,14.3,15.8,12.0,16.6,44.8,14.3,1.5,12.2
collect_one_size11_comp0.4_grid9_base_medium,11,0.4,9,medium,base,base,collect_one,9,10,5,5,11,6,16,1,1,1,1,1,10,0,0,10,2.0,1.0,38.3,0.6814621409921671,0.7922077922077922,0.6069868995633187,0.0,0.4328774639300955,0.8790967610923822,0.4528301886792453,0.276333893991623,0.17286022087485378,0.6814621409921671,383,8.6,11.0,12.9,5.6,15.3,8.7,7.2,5.7,12.4,5.5,2.1,1.9
collect_one_size7_comp0.0_grid0_base_low,7,0.0,0,low,base,base,collect_one,6,3,3,3,4,3,6,1,1,1,1,1,10,0,0,10,2.0,1.0,20.3,0.5960591133004927,0.675,0.5447154471544715,0.0,0.307994186718443,1.0126917441895027,0.65,0.3917541611337251,0.2155661708772654,0.5960591133004927,203,6.3,5.2,6.5,2.0,5.6,3.8,5.6,3.7,7.7,3.5,1.1,1.8
collect_one_size7_comp0.0_grid0_base_medium,7,0.0,0,medium,base,base,collect_one,5,4,3,3,4,3,7,1,1,1,1,1,10,0,0,10,2.0,1.0,13.6,0.7573529411764706,0.9761904761904762,0.6595744680851063,0.0,0.5324338406691348,0.6385834544673943,0.625,0.30205363077868597,0.1547539470333588,0.7573529411764706,136,2.8,3.8,2.5,4.5,5.4,2.4,1.9,2.9,4.4,2.9,1.5,0.0
collect_one_size7_comp0.0_grid1_base_low,7,0.0,1,low,base,base,collect_one,4,5,3,3,6,3,8,1,1,1,1,1,10,0,0,10,2.0,1.0,17.3,0.7225433526011561,0.6808510638297872,0.7721518987341772,0.0,0.5170755467695234,0.9519846806587922,0.6666666666666666,0.36556576272423447,0.1487902309330881,0.7225433526011561,173,3.5,5.8,4.4,3.4,5.8,5.4,2.7,2.0,4.8,1.7,0.8,1.3
collect_one_size7_comp0.0_grid1_base_medium,7,0.0,1,medium,base,base,collect_one,5,6,3,3,6,3,9,1,1,1,1,1,10,0,0,10,2.0,1.0,15.4,0.8116883116883117,1.0,0.7040816326530612,0.0,0.5981813039901275,0.8715816845005845,0.7142857142857143,0.2782467813797007,0.10609546849042645,0.8116883116883117,154,3.3,4.2,6.0,1.9,5.6,3.6,4.2,1.0,2.7,0.8,0.9,0.2
collect_one_size7_comp0.0_grid2_base_low,7,0.0,2,low,base,base,collect_one,5,3,8,8,5,3,6,1,1,1,1,1,10,0,1,9,1.9,1.0,26.0,0.573076923076923,0.96875,0.5175438596491229,0.0,0.30176499446369737,0.9915481700575425,0.6,0.38089349032938596,0.16364924714033374,0.573076923076923,260,8.5,4.5,7.6,4.6,7.8,4.1,5.2,6.4,12.6,5.8,2.7,1.4
collect_one_size7_comp0.0_grid2_base_medium,7,0.0,2,medium,base,base,collect_one,4,4,6,6,3,3,7,1,1,1,1,1,10,0,2,8,1.8,1.0,16.3,0.7055214723926381,0.9534883720930233,0.6166666666666667,0.0,0.4866473729079733,1.0717718801139766,0.6190476190476191,0.2404705584801437,0.11179920297567356,0.7055214723926381,163,5.3,2.3,5.4,3.3,5.0,4.1,4.1,2.1,3.8,2.0,1.4,0.3
collect_one_size7_comp0.0_grid3_base_low,7,0.0,3,low,base,base,collect_one,3,4,3,3,6,3,7,1,1,1,1,1,10,0,0,10,2.0,1.0,18.9,0.6507936507936508,0.8064516129032258,0.5748031496062992,0.0,0.39923109896046804,1.021353496557731,0.6666666666666666,0.48289240604203265,0.16588609213093217,0.6507936507936508,189,7.4,3.9,4.2,3.3,6.1,4.2,4.3,3.1,8.3,3.0,2.6,1.6
collect_one_size7_comp0.0_grid3_base_medium,7,0.0,3,medium,base,base,collect_one,3,3,6,6,5,5,8,1,1,1,1,1,10,0,0,10,2.0,1.0,19.8,0.6818181818181818,0.9411764705882353,0.6280487804878049,0.0,0.41811594202898555,1.2603013015893862,0.7222222222222222,0.30598032386992974,0.23400323804735573,0.6818181818181818,198,6.7,5.3,5.2,2.6,5.9,5.3,4.6,3.0,6.5,2.8,2.0,0.8
collect_one_size7_comp0.0_grid4_base_low,7,0.0,4,low,base,base,collect_one,3,4,3,3,6,5,9,1,1,1,1,1,10,0,0,10,2.0,1.0,23.6,0.6186440677966102,0.8113207547169812,0.5628415300546448,0.0,0.4456770296386844,1.2565856660498844,0.75,0.38915195274385456,0.15654098460573795,0.6186440677966102,236,8.8,4.9,4.9,4.9,7.3,5.8,4.6,4.7,11.4,4.5,4.6,3.3
collect_one_size7_comp0.0_grid4_base_medium,7,0.0,4,medium,base,base,collect_one,3,3,4,4,7,3,6,1,1,1,1,1,10,0,0,10,2.0,1.0,20.4,0.6323529411764706,0.7678571428571429,0.581081081081081,0.0,0.30335689672646193,1.1335626638103464,0.7,0.35787749987993034,0.2634842241092241,0.6323529411764706,204,7.2,4.9,5.0,3.3,7.4,4.6,4.3,3.1,7.3,2.9,2.6,0.6
collect_one_size7_comp0.0_grid5_base_low,7,0.0,5,low,base,base,collect_one,4,6,4,4,5,3,9,1,1,1,1,1,10,0,2,8,1.8,0.9,23.8,0.6260504201680672,0.7083333333333334,0.5903614457831325,0.0,0.44638961038961045,1.0518183690691032,0.631578947368421,0.38679634683594155,0.2172913258052577,0.6260504201680672,238,8.1,6.3,3.6,5.4,6.3,5.2,4.2,6.4,11.5,5.8,4.9,2.2
collect_one_size7_comp0.0_grid5_base_medium,7,0.0,5,medium,base,base,collect_one,3,5,4,4,7,3,8,1,1,1,1,1,10,0,0,10,2.0,1.0,18.4,0.7119565217391305,0.9423076923076923,0.6212121212121212,0.0,0.45183109288372447,1.0905649076758581,0.7,0.3313981696921375,0.17852737175105599,0.7119565217391305,184,4.0,4.1,3.2,7.1,6.1,6.0,4.1,1.2,4.7,1.1,1.6,0.4
collect_one_size7_comp0.0_grid6_base_low,7,0.0,6,low,base,base,collect_one,3,6,3,3,3,4,6,1,1,1,1,1,10,0,0,10,2.0,1.0,20.7,0.5410628019323671,0.7166666666666667,0.46938775510204084,0.0,0.31054190907132084,1.071424388945196,0.5882352941176471,0.3244997017293605,0.30880488833351327,0.5410628019323671,207,8.7,1.6,6.0,3.9,5.9,4.0,6.0,2.8,9.9,2.6,3.3,3.8
collect_one_size7_comp0.0_grid6_base_medium,7,0.0,6,medium,base,base,collect_one,4,6,4,4,6,4,10,1,1,1,1,1,10,0,0,10,2.0,1.0,14.8,0.8243243243243243,0.9574468085106383,0.7623762376237624,0.0,0.7068482242395286,0.826145041274102,0.7272727272727273,0.42155623841948875,0.1789518562245835,0.8243243243243243,148,4.8,1.7,3.8,4.5,6.2,2.3,4.2,1.1,2.5,1.1,0.6,0.4
collect_one_size7_comp0.0_grid7_base_low,7,0.0,7,low,base,base,collect_one,3,5,6,6,3,3,6,1,1,1,1,1,10,0,2,8,1.8,1.0,11.5,0.7565217391304347,0.9411764705882353,0.6790123456790124,0.0,0.5568681318681319,0.7013657046078627,0.6428571428571429,0.27810097463205014,0.13350855493712635,0.7565217391304347,115,1.0,4.0,1.7,4.7,4.0,1.8,3.9,0.6,1.5,0.6,0.5,0.0
collect_one_size7_comp0.0_grid7_base_medium,7,0.0,7,medium,base,base,collect_one,3,6,3,3,4,5,7,1,1,1,1,1,10,0,0,10,2.0,1.0,13.8,0.7318840579710145,0.8947368421052632,0.67,0.0,0.5226799670917318,0.8057957788013261,0.7647058823529411,0.3680766433711466,0.1763682396035337,0.7318840579710145,138,5.4,0.8,4.3,3.3,5.4,3.3,2.7,1.4,2.3,1.4,0.1,0.6
collect_one_size7_comp0.0_grid8_base_low,7,0.0,8,low,base,base,collect_one,3,3,4,4,6,4,7,1,1,1,1,1,10,0,0,10,2.0,1.0,17.3,0.7341040462427746,0.9090909090909091,0.6928571428571428,0.0,0.459177995179693,1.022570795403556,0.6818181818181818,0.2823266807273966,0.10592968809968534,0.7341040462427746,173,4.2,6.1,3.0,4.0,6.3,4.1,3.5,2.4,5.2,2.4,0.9,0.7
collect_one_size7_comp0.0_grid8_base_medium,7,0.0,8,medium,base,base,collect_one,7,4,3,3,4,5,9,1,1,1,1,1,10,0,0,10,2.0,1.0,12.8,0.8359375,0.8913043478260869,0.8048780487804879,0.0,0.7166958041958041,0.6693746443114058,0.6875,0.36230453758555936,0.24384469696969696,0.8359375,128,1.6,3.2,4.5,3.5,5.9,2.1,2.5,1.3,1.9,1.3,1.1,0.4
collect_one_size7_comp0.0_grid9_base_low,7,0.0,9,low,base,base,collect_one,4,3,5,5,3,6,7,1,1,1,1,1,10,0,0,10,2.0,1.0,23.8,0.634453781512605,0.8863636363636364,0.5773195876288659,0.0,0.3161191567141224,1.214535307976271,0.6956521739130435,0.2435735056395581,0.20247090653517874,0.634453781512605,238,4.5,8.5,3.4,7.2,7.2,4.1,5.2,5.9,9.7,5.5,1.9,1.2
collect_one_size7_comp0.0_grid9_base_medium,7,0.0,9,medium,base,base,collect_one,5,4,7,7,4,3,7,1,1,1,1,1,10,0,1,9,1.9,1.0,15.9,0.7169811320754716,1.0,0.6186440677966102,0.0,0.47836988304093564,0.9042564712687512,0.6190476190476191,0.32138244420237694,0.17933155718427723,0.7169811320754716,159,4.9,1.6,5.7,3.7,6.9,3.0,3.8,1.2,3.0,1.2,0.9,0.3
collect_one_size7_comp0.2_grid0_base_low,7,0.2,0,low,base,base,collect_one,3,4,3,3,6,3,7,1,1,1,1,1,10,0,0,10,2.0,1.0,13.8,0.7463768115942029,0.813953488372093,0.7157894736842105,0.0,0.5392938283766456,1.117632042756982,0.6153846153846154,0.22989687099080147,0.20443826304150192,0.7463768115942029,138,5.1,1.5,2.9,4.3,4.9,2.8,3.3,1.8,4.1,1.5,1.4,1.2
collect_one_size7_comp0.2_grid0_base_medium,7,0.2,0,medium,base,base,collect_one,3,4,5,5,6,3,7,1,1,1,1,1,10,0,0,10,2.0,1.0,17.5,0.6857142857142857,0.8695652173913043,0.6201550387596899,0.0,0.41697964297708545,0.7196643858581127,0.4,0.19266901597044273,0.07473019670388094,0.6857142857142857,175,3.0,3.9,4.1,6.5,7.6,2.3,3.4,3.2,7.2,3.1,2.2,1.1
collect_one_size7_comp0.2_grid1_base_low,7,0.2,1,low,base,base,collect_one,4,6,4,4,5,3,9,1,1,1,1,1,10,0,0,10,2.0,1.0,20.9,0.6267942583732058,0.6593406593406593,0.6016949152542372,0.0,0.4789330882694727,1.108968163168932,0.47368421052631576,0.4158578377121209,0.16780987556610824,0.6267942583732058,209,7.8,4.6,3.2,5.1,6.9,5.4,3.8,3.4,8.7,3.0,2.0,3.5
collect_one_size7_comp0.2_grid1_base_medium,7,0.2,1,medium,base,base,collect_one,4,6,4,4,3,3,7,1,1,1,1,1,10,0,0,10,2.0,1.0,14.4,0.7083333333333334,0.9,0.6063829787234043,0.0,0.5002855477855478,0.5766081700619021,0.5,0.4926732268402892,0.11380471380471377,0.7083333333333334,144,4.6,3.0,2.5,4.3,4.5,5.4,2.5,1.0,2.3,1.0,0.8,1.0
collect_one_size7_comp0.2_grid2_base_low,7,0.2,2,low,base,base,collect_one,6,5,3,3,5,4,9,1,1,1,1,1,10,1,1,8,1.7,0.9,29.3,0.5392491467576792,0.603448275862069,0.4971751412429379,0.0,0.2700795982317722,1.2610988184654928,0.5,0.335722763252619,0.13784685552557938,0.5392491467576792,293,6.3,10.5,5.6,6.4,7.3,6.7,7.3,6.1,17.1,5.5,5.1,6.2
collect_one_size7_comp0.2_grid2_base_medium,7,0.2,2,medium,base,base,collect_one,5,3,6,6,5,7,10,1,1,1,1,1,10,0,0,10,2.0,1.0,19.3,0.7357512953367875,0.8723404255319149,0.6917808219178082,0.0,0.531834757314297,1.041427604834307,0.631578947368421,0.27033002958636415,0.09630237896491767,0.7357512953367875,193,6.3,5.3,5.2,2.5,6.7,4.3,3.9,3.4,5.6,3.3,1.7,0.9
collect_one_size7_comp0.2_grid3_base_low,7,0.2,3,low,base,base,collect_one,6,4,4,4,3,7,9,1,1,1,1,1,10,0,0,10,2.0,1.0,19.3,0.7564766839378239,0.8387096774193549,0.7175572519083969,0.0,0.49049765754503943,0.8371994814442655,0.48262763165485856,0.3722961724610273,0.21653454904228897,0.7564766839378239,193,3.6,7.6,3.6,4.5,6.2,2.6,4.5,5.0,7.1,4.8,0.6,0.9
collect_one_size7_comp0.2_grid3_base_medium,7,0.2,3,medium,base,base,collect_one,3,5,6,6,3,3,6,1,1,1,1,1,10,0,0,10,2.0,1.0,13.3,0.706766917293233,0.9375,0.6336633663366337,0.0,0.45661279896574014,0.703677835572789,0.42105263157894735,0.30697418608011845,0.16460177249650934,0.706766917293233,133,4.3,3.4,1.3,4.3,4.1,2.9,4.1,1.2,2.3,1.2,0.9,0.5
collect_one_size7_comp0.2_grid4_base_low,7,0.2,4,low,base,base,collect_one,4,5,7,7,4,3,8,1,1,1,1,1,10,0,2,8,1.8,1.0,24.4,0.5942622950819673,0.6022727272727273,0.5897435897435898,0.0,0.36754443751011256,1.2422667486298768,0.42105263157894735,0.2810800394818469,0.23509316846859615,0.5942622950819673,244,3.0,8.8,4.8,7.7,6.9,4.5,6.2,5.6,11.6,5.5,2.4,3.3
collect_one_size7_comp0.2_grid4_base_medium,7,0.2,4,medium,base,base,collect_one,6,4,4,4,3,5,9,1,1,1,1,1,10,0,0,10,2.0,1.0,12.8,0.8203125,0.9318181818181818,0.7619047619047619,0.0,0.7182567432567433,0.44685072745230253,0.4375,0.5206545405932388,0.24590322871572876,0.8203125,128,1.4,4.3,3.3,3.8,4.9,2.0,4.3,0.6,1.5,0.6,0.3,0.8
collect_one_size7_comp0.2_grid5_base_low,7,0.2,5,low,base,base,collect_one,4,8,4,4,5,5,9,1,1,1,1,1,10,0,0,10,2.0,1.0,25.3,0.6086956521739131,0.7341772151898734,0.5517241379310345,0.0,0.3666466685488424,1.2564022927854341,0.5238095238095238,0.36835337117726696,0.16969601485730515,0.6086956521739131,253,5.3,7.7,5.3,6.9,7.3,7.4,5.0,4.4,11.1,4.1,3.2,3.8
collect_one_size7_comp0.2_grid5_base_medium,7,0.2,5,medium,base,base,collect_one,3,3,4,4,3,3,6,1,1,1,1,1,10,0,0,10,2.0,1.0,12.1,0.7272727272727273,0.9411764705882353,0.6436781609195402,0.0,0.5114935064935064,0.8097562426696123,0.5294117647058824,0.25444040516214683,0.1631588999236058,0.7272727272727273,121,4.0,1.7,5.3,1.1,3.6,2.5,3.4,1.6,2.8,1.6,1.7,0.5
collect_one_size7_comp0.2_grid6_base_low,7,0.2,6,low,base,base,collect_one,7,3,4,4,5,5,8,1,1,1,1,1,10,0,0,10,2.0,0.9,28.1,0.5195729537366548,0.9142857142857143,0.4634146341463415,0.0,0.3117426478040289,1.044625463889057,0.4117647058823529,0.4814295534260836,0.19111067709683627,0.5195729537366548,281,5.6,9.5,5.1,7.4,9.3,4.9,7.0,4.9,15.8,4.3,2.9,6.3
collect_one_size7_comp0.2_grid6_base_medium,7,0.2,6,medium,base,base,collect_one,3,4,3,3,4,3,7,1,1,1,1,1,10,0,0,10,2.0,1.0,10.4,0.8269230769230769,0.8974358974358975,0.7846153846153846,0.0,0.6911616161616162,0.5933573165449013,0.5625,0.274237176765301,0.15134379509379514,0.8269230769230769,104,1.0,3.1,1.7,4.6,3.8,2.6,2.2,0.8,1.3,0.8,0.7,0.2
collect_one_size7_comp0.2_grid7_base_low,7,0.2,7,low,base,base,collect_one,4,3,5,5,4,3,6,1,1,1,1,1,10,0,2,8,1.8,1.0,26.3,0.6007604562737643,0.6666666666666666,0.5647058823529412,0.0,0.2526470087626424,1.286549518687077,0.55,0.30169309223152,0.1908463486404663,0.6007604562737643,263,4.0,7.5,7.6,6.7,6.1,6.9,4.5,6.8,14.2,6.3,2.7,1.6
collect_one_size7_comp0.2_grid7_base_medium,7,0.2,7,medium,base,base,collect_one,4,4,4,4,7,3,7,1,1,1,1,1,10,0,0,10,2.0,0.9,20.2,0.6435643564356436,0.9761904761904762,0.55625,0.0,0.33740985708477966,0.9591078207011444,0.5625,0.32819940211230575,0.06544425941920136,0.6435643564356436,202,7.3,3.6,4.1,5.2,7.9,4.4,3.3,3.6,6.7,3.5,3.6,0.8
collect_one_size7_comp0.2_grid8_base_low,7,0.2,8,low,base,base,collect_one,6,3,3,3,5,4,7,1,1,1,1,1,10,1,0,9,1.8,0.9,19.9,0.592964824120603,0.711864406779661,0.5428571428571428,0.0,0.32758160810045084,1.1948646527131874,0.5882352941176471,0.35927320913125843,0.25534029864658664,0.592964824120603,199,7.3,4.5,5.1,3.0,5.5,5.6,4.5,3.3,8.3,3.1,1.3,2.5
collect_one_size7_comp0.2_grid8_base_medium,7,0.2,8,medium,base,base,collect_one,3,7,4,4,4,4,7,1,1,1,1,1,10,0,0,10,2.0,1.0,16.1,0.7329192546583851,0.8653846153846154,0.6697247706422018,0.0,0.44407324014135163,0.9220348025893534,0.55,0.24895851625694831,0.1614897602397602,0.7329192546583851,161,3.8,4.8,5.9,1.6,5.7,3.5,3.1,2.8,4.1,2.8,1.8,0.3
collect_one_size7_comp0.2_grid9_base_low,7,0.2,9,low,base,base,collect_one,3,7,4,4,4,4,7,1,1,1,1,1,10,0,0,10,2.0,1.0,16.4,0.6646341463414634,0.8947368421052632,0.5952380952380952,0.0,0.4556160066134491,1.0664243089380374,0.47058823529411764,0.3311170757920154,0.3039979628214923,0.6646341463414634,164,5.3,5.1,4.6,1.3,5.7,3.8,3.5,2.2,5.2,2.1,1.5,1.5
collect_one_size7_comp0.2_grid9_base_medium,7,0.2,9,medium,base,base,collect_one,3,6,3,3,6,5,9,1,1,1,1,1,10,0,0,10,2.0,1.0,15.1,0.7615894039735099,0.8260869565217391,0.7333333333333333,0.0,0.6130676289654617,0.7697098096782219,0.41681477279283236,0.2681369127950397,0.15565804145349602,0.7615894039735099,151,5.6,1.1,3.8,4.6,7.4,3.2,2.0,1.5,3.3,1.5,0.9,1.3
collect_one_size7_comp0.4_grid0_base_low,7,0.4,0,low,base,base,collect_one,8,4,4,4,5,3,7,1,1,1,1,1,10,2,1,7,1.5,0.8,19.2,0.5364583333333334,0.6515151515151515,0.47619047619047616,0.0,0.28771792225662196,1.0742850971809872,0.2631578947368421,0.3986298065071562,0.13447034217538856,0.5364583333333334,192,6.6,2.9,5.1,4.4,6.0,4.3,5.1,2.4,9.2,2.3,2.1,4.2
collect_one_size7_comp0.4_grid0_base_medium,7,0.4,0,medium,base,base,collect_one,8,7,3,3,6,3,10,1,1,1,1,1,10,0,0,10,2.0,0.9,21.2,0.7169811320754716,0.958904109589041,0.5899280575539568,0.0,0.454669818485608,1.1405370017131793,0.4,0.298606794743794,0.24821159834317727,0.7169811320754716,212,3.1,7.2,5.5,5.4,6.6,5.0,4.6,4.0,8.4,4.0,2.6,0.7
collect_one_size7_comp0.4_grid1_base_low,7,0.4,1,low,base,base,collect_one,6,3,3,3,5,8,11,1,1,1,1,1,10,0,0,10,2.0,1.0,16.6,0.7289156626506024,0.6956521739130435,0.7416666666666667,0.0,0.7070273109243697,0.7267229443419855,0.2757663462093197,0.359545165943832,0.14179845445830103,0.7289156626506024,166,2.9,6.0,2.7,5.0,6.0,4.1,3.6,1.9,5.5,1.6,2.1,3.4
collect_one_size7_comp0.4_grid1_base_medium,7,0.4,1,medium,base,base,collect_one,3,7,6,6,3,5,6,1,1,1,1,1,10,0,0,10,2.0,1.0,16.1,0.6770186335403726,0.9375,0.6124031007751938,0.0,0.38370600414078676,0.8065160667009157,0.4,0.20478377624161023,0.1332754282754283,0.6770186335403726,161,2.8,4.8,6.2,2.3,5.9,3.7,3.7,1.8,4.4,1.7,1.1,0.3
collect_one_size7_comp0.4_grid2_base_low,7,0.4,2,low,base,base,collect_one,4,3,5,5,3,6,7,1,1,1,1,1,10,0,1,9,1.9,0.9,28.7,0.5156794425087108,0.7543859649122807,0.45652173913043476,0.0,0.2646472849696847,1.1352501737697185,0.2631578947368421,0.3520827380224412,0.2439816813431772,0.5156794425087108,287,5.1,12.3,6.0,5.3,9.0,5.2,7.2,6.3,17.4,5.6,7.0,7.1
collect_one_size7_comp0.4_grid2_base_medium,7,0.4,2,medium,base,base,collect_one,3,3,4,4,5,3,6,1,1,1,1,1,10,0,0,10,2.0,1.0,16.4,0.6829268292682927,0.9166666666666666,0.6171875,0.0,0.385013013302487,0.9730187567482627,0.2857142857142857,0.27259835583862607,0.19817759879871677,0.6829268292682927,164,4.9,6.0,1.0,4.5,6.6,2.9,2.8,3.1,6.2,2.9,2.0,0.8
collect_one_size7_comp0.4_grid3_base_low,7,0.4,3,low,base,base,collect_one,6,6,4,4,3,3,9,1,1,1,1,1,10,1,2,7,1.6,0.9,23.1,0.5238095238095238,0.4931506849315068,0.5764705882352941,0.0,0.3305927727658271,0.894889160089988,0.2222222222222222,0.40323168857069125,0.24062000302080724,0.5238095238095238,231,8.1,5.0,8.1,1.8,8.8,4.3,4.4,4.4,12.5,3.6,2.1,7.2
collect_one_size7_comp0.4_grid3_base_medium,7,0.4,3,medium,base,base,collect_one,5,6,5,5,6,3,9,1,1,1,1,1,10,0,0,10,2.0,0.9,20.8,0.6971153846153846,0.9253731343283582,0.5886524822695035,0.0,0.4166698162518596,1.130423287913006,0.3333333333333333,0.2784428697696199,0.09985912872688232,0.6971153846153846,208,5.1,4.9,7.0,3.8,4.2,6.1,5.3,4.2,9.3,4.0,2.3,0.7
collect_one_size7_comp0.4_grid4_base_low,7,0.4,4,low,base,base,collect_one,7,3,4,4,4,6,9,1,1,1,1,1,10,0,0,10,2.0,1.0,22.6,0.5929203539823009,0.6666666666666666,0.5680473372781065,0.0,0.41571686559317744,1.1389728440035207,0.3157894736842105,0.3818249068095537,0.25629474707456795,0.5929203539823009,226,8.6,3.3,5.0,5.7,8.9,6.4,3.3,3.0,10.0,2.7,1.5,5.0
collect_one_size7_comp0.4_grid4_base_medium,7,0.4,4,medium,base,base,collect_one,4,3,3,3,7,6,9,1,1,1,1,1,10,0,0,10,2.0,1.0,16.0,0.75625,0.8918918918918919,0.7154471544715447,0.0,0.5821719327583172,0.8788226715961289,0.2,0.20093106954820036,0.22235984627288974,0.75625,160,4.5,2.7,5.0,3.8,6.9,2.5,3.3,2.3,6.5,2.3,2.1,0.8
collect_one_size7_comp0.4_grid5_base_low,7,0.4,5,low,base,base,collect_one,3,3,4,4,5,5,8,1,1,1,1,1,10,1,1,8,1.7,0.5,40.9,0.5330073349633252,0.5432692307692307,0.5223880597014925,0.0,0.12082086397625902,1.3446252131633578,0.3684210526315789,0.27440737325576686,0.2458428740162486,0.5330073349633252,409,9.7,12.7,9.3,9.1,9.0,7.5,10.5,12.7,27.6,12.0,3.3,3.4
collect_one_size7_comp0.4_grid5_base_medium,7,0.4,5,medium,base,base,collect_one,3,3,6,6,5,3,6,1,1,1,1,1,10,0,0,10,2.0,1.0,18.7,0.6256684491978609,0.75,0.5827338129496403,0.0,0.3290705931495405,0.9397926834208747,0.3333333333333333,0.3005043743937244,0.22265877126988237,0.6256684491978609,187,5.0,6.0,2.6,5.1,6.0,3.8,4.6,3.3,6.9,3.1,1.4,1.3
collect_one_size7_comp0.4_grid6_base_low,7,0.4,6,low,base,base,collect_one,5,8,7,7,4,3,9,1,1,1,1,1,10,1,7,2,1.1,0.8,36.5,0.5178082191780822,0.5025380710659898,0.5357142857142857,0.0,0.23601051762811412,1.3000226022916153,0.3,0.3309994186158812,0.20666520085595694,0.5178082191780822,365,9.3,10.7,9.2,7.3,10.3,8.2,7.5,9.5,24.0,8.1,1.8,6.7
collect_one_size7_comp0.4_grid6_base_medium,7,0.4,6,medium,base,base,collect_one,7,4,5,5,3,4,8,1,1,1,1,1,10,0,1,9,1.9,1.0,15.0,0.7533333333333333,0.9318181818181818,0.6792452830188679,0.0,0.5665079365079364,0.529357465979799,0.3333333333333333,0.1806150904859541,0.08117405943492903,0.7533333333333333,150,4.1,1.9,2.6,6.4,6.4,2.6,2.1,2.9,4.1,2.8,2.0,0.4
collect_one_size7_comp0.4_grid7_base_low,7,0.4,7,low,base,base,collect_one,6,6,8,8,3,5,9,1,1,1,1,1,10,1,9,0,0.9,0.8,23.0,0.6260869565217392,0.8939393939393939,0.5182926829268293,0.0,0.39774555714933224,1.1125996933156896,0.3684210526315789,0.34166896725154855,0.19524728514805562,0.6260869565217392,230,8.2,6.8,5.6,2.4,5.7,3.9,5.3,7.1,14.1,6.6,5.4,2.6
collect_one_size7_comp0.4_grid7_base_medium,7,0.4,7,medium,base,base,collect_one,3,6,3,3,3,6,6,1,1,1,1,1,10,0,0,10,2.0,1.0,16.7,0.6526946107784432,0.782608695652174,0.6033057851239669,0.0,0.36536566800633297,1.0292490885272767,0.3333333333333333,0.24211345618913283,0.26610560286694357,0.6526946107784432,167,4.1,5.2,2.2,5.1,4.1,3.7,5.2,2.5,6.1,2.3,2.8,0.8
collect_one_size7_comp0.4_grid8_base_low,7,0.4,8,low,base,base,collect_one,4,4,6,6,8,4,8,1,1,1,1,1,10,0,0,10,2.0,1.0,27.5,0.5636363636363636,0.7162162162162162,0.5074626865671642,0.0,0.2981112181936897,1.3983253751906386,0.4666666666666667,0.39442794679851606,0.3091038783144046,0.5636363636363636,275,10.1,5.9,6.2,4.8,9.4,6.6,5.1,4.5,15.1,4.1,1.9,4.4
collect_one_size7_comp0.4_grid8_base_medium,7,0.4,8,medium,base,base,collect_one,3,4,5,5,3,4,6,1,1,1,1,1,10,0,1,9,1.9,1.0,15.6,0.6794871794871795,0.8947368421052632,0.6101694915254238,0.0,0.39749469828417194,0.9087233166143011,0.26666666666666666,0.21203170228054477,0.19150482415188297,0.6794871794871795,156,2.3,6.2,3.6,3.5,4.0,3.0,4.1,3.5,5.9,3.5,2.0,0.6
collect_one_size7_comp0.4_grid9_base_low,7,0.4,9,low,base,base,collect_one,5,4,3,3,4,5,9,1,1,1,1,1,10,0,0,10,2.0,0.5,40.0,0.4675,0.4342105263157895,0.4879032258064516,0.0,0.18465612648221344,1.1975100081332344,0.2792481250360578,0.3348600772779127,0.1298163055700188,0.4675,400,10.1,12.5,8.7,8.3,11.2,9.2,7.9,9.9,26.0,8.0,6.4,8.9
collect_one_size7_comp0.4_grid9_base_medium,7,0.4,9,medium,base,base,collect_one,6,3,3,3,10,7,10,1,1,1,1,1,10,0,0,10,2.0,1.0,19.4,0.7268041237113402,0.9090909090909091,0.6894409937888198,0.0,0.5219709813750061,1.0260553170828661,0.26666666666666666,0.25772288544108746,0.16527072681534924,0.7268041237113402,194,3.0,5.8,5.5,5.1,7.8,3.3,5.1,2.2,7.4,2.0,3.4,1.2
collect_one_size9_comp0.0_grid0_base_low,9,0.0,0,low,base,base,collect_one,8,10,6,6,12,6,16,1,1,1,1,1,10,0,4,6,1.6,0.6,53.2,0.5808270676691729,0.8102189781021898,0.5012658227848101,0.0,0.23944198440765946,1.2958570542307937,0.75,0.4082830526055105,0.1385504969531672,0.5808270676691729,532,14.9,15.6,11.9,10.0,18.3,11.0,10.1,11.3,29.5,10.3,1.9,5.7
collect_one_size9_comp0.0_grid0_base_medium,9,0.0,0,medium,base,base,collect_one,6,9,7,7,4,3,10,1,1,1,1,1,10,0,1,9,1.9,1.0,18.3,0.7704918032786885,0.9411764705882353,0.6695652173913044,0.0,0.5689014202172097,0.8379128736355054,0.7037037037037037,0.22835133726603316,0.20483672705894926,0.7704918032786885,183,1.7,6.8,2.4,7.4,6.7,3.9,5.1,1.6,2.6,1.5,0.8,0.1
collect_one_size9_comp0.0_grid1_base_low,9,0.0,1,low,base,base,collect_one,4,5,3,3,6,7,10,1,1,1,1,1,10,0,0,10,2.0,1.0,17.1,0.7602339181286549,0.9302325581395349,0.703125,0.0,0.6015113541429331,0.923201716690078,0.7142857142857143,0.318621822059198,0.09167647828362115,0.7602339181286549,171,4.6,3.6,3.1,5.5,6.1,3.8,4.4,1.2,2.6,1.0,1.1,0.8
collect_one_size9_comp0.0_grid1_base_medium,9,0.0,1,medium,base,base,collect_one,8,5,3,3,4,3,8,1,1,1,1,1,10,0,0,10,2.0,1.0,15.0,0.7733333333333333,0.9047619047619048,0.6781609195402298,0.0,0.5539889579020014,0.7272318838811626,0.7142857142857143,0.41617565457849226,0.19333900226757372,0.7733333333333333,150,5.0,2.9,4.6,2.5,5.7,3.7,3.4,1.2,2.0,1.2,0.6,0.2
collect_one_size9_comp0.0_grid2_base_low,9,0.0,2,low,base,base,collect_one,6,4,8,8,4,4,8,1,1,1,1,1,10,0,1,9,1.9,1.0,26.4,0.6174242424242424,0.7205882352941176,0.5816326530612245,0.0,0.3815775721038879,0.97279991796171,0.7222222222222222,0.38314090369151715,0.14997696423135018,0.6174242424242424,264,5.5,8.8,6.8,4.8,9.2,7.3,3.4,4.6,8.7,4.5,0.3,1.3
collect_one_size9_comp0.0_grid2_base_medium,9,0.0,2,medium,base,base,collect_one,3,4,7,7,8,3,7,1,1,1,1,1,10,0,0,10,2.0,1.0,22.0,0.65,0.8846153846153846,0.5773809523809523,0.0,0.32512002504861337,0.9660994197090766,0.71875,0.23904457503350482,0.16088723368135133,0.65,220,5.1,9.7,3.6,3.6,9.7,5.6,4.3,1.4,6.5,1.4,1.5,0.4
collect_one_size9_comp0.0_grid3_base_low,9,0.0,3,low,base,base,collect_one,7,5,4,4,5,9,12,1,1,1,1,1,10,0,0,10,2.0,0.2,67.5,0.4785185185185185,0.8117647058823529,0.43050847457627117,0.0,0.04909090909090909,1.1417828797647127,0.8055555555555556,0.47749116685989546,0.30292764267433125,0.4785185185185185,675,22.8,16.1,11.8,13.2,17.7,13.3,12.1,16.6,47.2,15.6,10.7,5.1
collect_one_size9_comp0.0_grid3_base_medium,9,0.0,3,medium,base,base,collect_one,6,4,10,10,6,8,12,1,1,1,1,1,10,0,0,10,2.0,1.0,24.9,0.7309236947791165,0.8627450980392157,0.696969696969697,0.0,0.49899264882773126,0.9536634034852707,0.75,0.32795246543676354,0.1321872934618033,0.7309236947791165,249,2.5,8.3,7.9,6.2,9.4,5.7,6.0,2.8,4.8,2.8,1.4,0.5
collect_one_size9_comp0.0_grid4_base_low,9,0.0,4,low,base,base,collect_one,4,4,8,8,5,3,7,1,1,1,1,1,10,0,0,10,2.0,1.0,27.2,0.6102941176470589,0.6931818181818182,0.5706521739130435,0.0,0.2712782325788434,0.9766722878092939,0.7209302325581395,0.36895675507492587,0.2127873418571093,0.6102941176470589,272,9.5,6.4,4.8,6.2,10.2,6.2,5.1,4.1,7.8,4.0,1.1,0.7
collect_one_size9_comp0.0_grid4_base_medium,9,0.0,4,medium,base,base,collect_one,9,5,6,6,6,8,13,1,1,1,1,1,10,0,0,10,2.0,1.0,23.5,0.7829787234042553,0.8522727272727273,0.7414965986394558,0.0,0.5815050603476088,0.9845256989266089,0.7272727272727273,0.33144391601193596,0.13053587826315097,0.7829787234042553,235,6.6,6.3,6.8,3.8,10.2,5.4,5.1,1.8,4.1,1.8,0.4,0.3
collect_one_size9_comp0.0_grid5_base_low,9,0.0,5,low,base,base,collect_one,3,3,4,4,6,4,7,1,1,1,1,1,10,0,5,5,1.5,0.5,55.4,0.5,0.7959183673469388,0.47128712871287126,0.0,0.1180353368256594,1.2036916857246793,0.75,0.3676392350918876,0.21803353206140352,0.5,554,16.6,17.1,6.2,15.0,14.7,10.6,13.2,15.0,37.3,13.9,1.0,5.8
collect_one_size9_comp0.0_grid5_base_medium,9,0.0,5,medium,base,base,collect_one,5,6,7,7,3,4,8,1,1,1,1,1,10,0,0,10,2.0,1.0,19.0,0.6894736842105263,0.9807692307692307,0.5797101449275363,0.0,0.42680876880257684,0.7896198415175809,0.6666666666666666,0.34913571759280887,0.2083632190249837,0.6894736842105263,190,7.5,2.7,5.4,3.4,6.2,4.8,4.9,2.1,4.0,1.8,1.7,0.8
collect_one_size9_comp0.0_grid6_base_low,9,0.0,6,low,base,base,collect_one,4,5,9,9,6,7,10,1,1,1,1,1,10,0,0,10,2.0,0.6,56.2,0.498220640569395,0.5287356321839081,0.4926315789473684,0.0,0.13737522639961663,1.0986274465194334,0.8461538461538461,0.44741915338845684,0.155603572481705,0.498220640569395,562,18.6,15.8,11.5,8.0,18.1,13.2,9.8,9.7,31.0,8.8,1.2,5.4
collect_one_size9_comp0.0_grid6_base_medium,9,0.0,6,medium,base,base,collect_one,3,4,5,5,6,9,9,1,1,1,1,1,10,0,0,10,2.0,1.0,17.9,0.7374301675977654,0.96875,0.6870748299319728,0.0,0.5044427244582044,0.6247508758545139,0.7647058823529411,0.21271177985296547,0.07673372379254732,0.7374301675977654,179,4.1,8.2,0.1,5.5,8.8,3.8,3.3,1.0,2.0,1.0,0.7,0.5
collect_one_size9_comp0.0_grid7_base_low,9,0.0,7,low,base,base,collect_one,8,4,8,8,4,4,8,1,1,1,1,1,10,0,1,9,1.9,0.9,34.9,0.5501432664756447,0.6014492753623188,0.5165876777251185,0.0,0.2587745610260823,1.2450264280006855,0.7105263157894737,0.4115786316086589,0.15472217681885872,0.5501432664756447,349,11.9,6.1,9.4,7.0,12.1,8.2,7.9,4.8,16.3,4.4,1.0,5.1
collect_one_size9_comp0.0_grid7_base_medium,9,0.0,7,medium,base,base,collect_one,8,6,4,4,8,4,10,1,1,1,1,1,10,0,0,10,2.0,1.0,22.3,0.7130044843049327,0.9545454545454546,0.6114649681528662,0.0,0.45500415763573654,0.5964549700321716,0.8,0.4489839484961967,0.1369272883978766,0.7130044843049327,223,4.5,7.0,6.4,4.4,10.7,6.1,3.1,1.4,3.7,1.4,0.7,0.5
collect_one_size9_comp0.0_grid8_base_low,9,0.0,8,low,base,base,collect_one,3,3,4,4,7,5,8,1,1,1,1,1,10,0,0,10,2.0,0.6,57.1,0.46935201401050786,0.8222222222222222,0.4391634980988593,0.0,0.12718501010612604,1.4249666625736388,0.7368421052631579,0.38096112040524693,0.26570284598649235,0.46935201401050786,571,21.3,14.4,9.6,9.9,17.1,10.4,10.4,14.4,43.0,12.5,10.1,10.2
collect_one_size9_comp0.0_grid8_base_medium,9,0.0,8,medium,base,base,collect_one,4,7,7,7,3,10,7,1,1,1,1,1,10,0,0,10,2.0,1.0,34.9,0.5873925501432665,0.9523809523809523,0.5374592833876222,0.0,0.2073926298847084,1.2128297475705618,0.8,0.42127406695943426,0.2939035601290503,0.5873925501432665,349,10.7,12.7,6.0,5.5,11.2,7.8,7.2,7.7,15.7,7.5,2.4,0.9
collect_one_size9_comp0.0_grid9_base_low,9,0.0,9,low,base,base,collect_one,5,4,5,5,6,3,7,1,1,1,1,1,10,0,0,10,2.0,0.9,28.0,0.625,0.8382352941176471,0.5566037735849056,0.0,0.28384238151799235,1.0032653138768517,0.7777777777777778,0.44370702038376875,0.08055804268618919,0.625,280,8.0,9.1,3.0,7.3,9.3,5.7,5.5,5.4,11.5,5.1,2.0,2.0
collect_one_size9_comp0.0_grid9_base_medium,9,0.0,9,medium,base,base,collect_one,5,5,6,6,5,9,10,1,1,1,1,1,10,0,0,10,2.0,1.0,27.1,0.6826568265682657,0.9310344827586207,0.6150234741784038,0.0,0.38021843747650197,0.9755755284731983,0.75,0.3021837843064397,0.0871455344728371,0.6826568265682657,271,4.7,6.6,8.9,6.9,9.1,6.7,6.9,3.4,9.4,3.4,1.5,0.1
collect_one_size9_comp0.2_grid0_base_low,9,0.2,0,low,base,base,collect_one,4,7,3,3,4,5,8,1,1,1,1,1,10,0,0,10,2.0,0.5,52.9,0.46880907372400754,0.5175879396984925,0.4393939393939394,0.0,0.14371946039161637,1.0637197221904835,0.5526315789473685,0.44974443493863836,0.3243147675965843,0.46880907372400754,529,17.4,14.6,10.7,9.5,12.9,12.8,12.0,12.9,33.8,11.6,0.4,7.8
collect_one_size9_comp0.2_grid0_base_medium,9,0.2,0,medium,base,base,collect_one,9,4,5,5,6,5,9,1,1,1,1,1,10,0,0,10,2.0,1.0,19.9,0.7135678391959799,0.9761904761904762,0.643312101910828,0.0,0.46472215730157573,0.8872961060987247,0.5925925925925926,0.3106368819962163,0.1489265364265364,0.7135678391959799,199,1.7,5.8,5.5,6.6,6.7,5.1,5.3,1.2,3.7,1.2,1.4,0.2
collect_one_size9_comp0.2_grid1_base_low,9,0.2,1,low,base,base,collect_one,8,4,4,4,4,8,12,1,1,1,1,1,10,1,0,9,1.8,0.9,29.7,0.6094276094276094,0.572463768115942,0.6415094339622641,0.0,0.46970125768794296,0.8602760879663671,0.625,0.416047706432437,0.28380018674136315,0.6094276094276094,297,11.2,6.8,6.1,5.1,10.8,4.5,5.9,6.6,14.1,6.0,2.5,3.4
collect_one_size9_comp0.2_grid1_base_medium,9,0.2,1,medium,base,base,collect_one,6,5,11,11,4,7,10,1,1,1,1,1,10,0,0,10,2.0,1.0,32.0,0.596875,0.7325581395348837,0.5470085470085471,0.0,0.3216303664800787,0.9874251522646803,0.5388354651498212,0.44205670421298277,0.1474684230498184,0.596875,320,7.1,10.5,7.0,6.7,12.9,7.1,6.4,3.3,10.4,3.2,1.7,3.3
collect_one_size9_comp0.2_grid2_base_low,9,0.2,2,low,base,base,collect_one,8,3,7,7,7,6,9,1,1,1,1,1,10,0,0,10,2.0,0.0,72.0,0.4041666666666667,0.5942028985507246,0.359106529209622,0.0,0.0,1.379837398161165,0.7446616667628209,0.5353613349294937,0.22588015152725396,0.4041666666666667,720,25.6,15.6,14.1,15.0,21.2,14.8,15.9,16.0,50.7,12.3,2.2,17.5
collect_one_size9_comp0.2_grid2_base_medium,9,0.2,2,medium,base,base,collect_one,6,3,5,5,8,3,6,1,1,1,1,1,9,0,0,9,2.0,1.0,22.333333333333332,0.6119402985074627,0.8787878787878788,0.5595238095238095,0.0,0.27372098619238205,1.113092589415055,0.5263157894736842,0.36534419939253254,0.15440118017517393,0.6119402985074627,201,6.888888888888889,3.7777777777777777,5.444444444444445,6.111111111111111,8.333333333333334,4.333333333333333,5.222222222222222,3.2222222222222223,7.888888888888889,3.111111111111111,1.7777777777777777,0.8888888888888888
collect_one_size9_comp0.2_grid3_base_low,9,0.2,3,low,base,base,collect_one,4,3,3,3,6,7,10,1,1,1,1,1,10,0,1,9,1.9,0.7,52.4,0.5362595419847328,0.6012269938650306,0.5069252077562327,0.0,0.18937501921054353,1.2769300966400465,0.6215682143475277,0.4123839699738756,0.19130036068280015,0.5362595419847328,524,12.4,14.9,8.9,16.2,12.1,11.3,13.3,14.7,33.9,14.2,1.9,5.0
collect_one_size9_comp0.2_grid3_base_medium,9,0.2,3,medium,base,base,collect_one,7,8,3,3,3,6,10,1,1,1,1,1,10,0,0,10,2.0,1.0,22.9,0.6986899563318777,0.8090909090909091,0.5966386554621849,0.0,0.4474843425072258,0.781845068855605,0.6666666666666666,0.25731256716863654,0.14685774504615084,0.6986899563318777,229,2.8,9.0,7.2,3.4,5.5,7.5,4.3,3.6,7.5,3.6,1.9,0.4
collect_one_size9_comp0.2_grid4_base_low,9,0.2,4,low,base,base,collect_one,6,7,3,3,7,4,11,1,1,1,1,1,10,2,3,5,1.3,0.3,65.0,0.5076923076923077,0.5021551724137931,0.521505376344086,0.0,0.06863945578231292,1.4215003885546673,0.6334264286126375,0.40156714103202085,0.20598853552381696,0.5076923076923077,650,22.0,19.8,11.9,11.3,17.5,14.4,13.2,18.9,46.0,17.5,0.4,6.9
collect_one_size9_comp0.2_grid4_base_medium,9,0.2,4,medium,base,base,collect_one,5,7,10,10,7,3,10,1,1,1,1,1,10,1,0,9,1.8,0.9,23.0,0.6956521739130435,0.8285714285714286,0.6375,0.0,0.384443173150267,0.8836981251244178,0.6666666666666666,0.39634667940184337,0.18879104901832178,0.6956521739130435,230,4.2,8.0,3.9,6.4,10.4,2.5,5.4,2.7,5.0,2.6,0.9,0.7
collect_one_size9_comp0.2_grid5_base_low,9,0.2,5,low,base,base,collect_one,6,3,3,3,3,6,9,1,1,1,1,1,10,0,0,10,2.0,1.0,30.3,0.5478547854785478,0.558282208588957,0.5357142857142857,0.0,0.4465915512303667,1.1210600317804718,0.49447758630636635,0.4157280184655578,0.19066810459239245,0.5478547854785478,303,6.3,11.1,3.1,9.6,8.2,7.0,6.7,7.0,17.3,6.2,3.1,5.9
collect_one_size9_comp0.2_grid5_base_medium,9,0.2,5,medium,base,base,collect_one,5,5,4,4,3,7,8,1,1,1,1,1,10,0,0,10,2.0,1.0,17.6,0.7272727272727273,0.9032258064516129,0.631578947368421,0.0,0.46783907183287987,0.9260036380653087,0.5,0.24778051085725394,0.2239711269123034,0.7272727272727273,176,7.6,3.2,2.3,4.5,7.8,4.1,3.2,1.5,3.7,1.5,1.2,0.8
collect_one_size9_comp0.2_grid6_base_low,9,0.2,6,low,base,base,collect_one,6,6,8,8,4,6,10,1,1,1,1,1,10,0,5,5,1.5,0.4,61.3,0.5089722675367048,0.8117647058823529,0.4602272727272727,0.0,0.0923909423909424,1.1043006152291777,0.5277777777777778,0.3453174373186388,0.11907110688993922,0.5089722675367048,613,23.4,16.4,11.6,9.3,14.2,14.4,11.5,19.1,43.7,16.5,11.1,6.9
collect_one_size9_comp0.2_grid6_base_medium,9,0.2,6,medium,base,base,collect_one,6,5,7,7,5,4,9,1,1,1,1,1,10,0,0,10,2.0,1.0,28.8,0.625,0.8571428571428571,0.5504587155963303,0.0,0.32602759257237934,0.9233957096437042,0.449462946454327,0.2707878264154996,0.15536698730528894,0.625,288,10.6,5.8,8.0,3.6,8.7,6.2,6.3,5.1,12.0,4.8,3.1,1.6
collect_one_size9_comp0.2_grid7_base_low,9,0.2,7,low,base,base,collect_one,7,6,7,7,3,4,10,1,1,1,1,1,10,0,7,3,1.3,1.0,30.5,0.580327868852459,0.7978723404255319,0.4834123222748815,0.0,0.3978061673542722,1.102798973867828,0.5294117647058824,0.3894690153509214,0.11059287719504435,0.580327868852459,305,7.1,10.4,4.1,8.8,8.5,6.7,7.7,6.4,15.8,5.9,3.9,5.0
collect_one_size9_comp0.2_grid7_base_medium,9,0.2,7,medium,base,base,collect_one,7,4,7,7,4,3,7,1,1,1,1,1,10,0,3,7,1.7,1.0,22.1,0.6380090497737556,0.7654320987654321,0.5642857142857143,0.0,0.38312415824915824,0.8871215469806617,0.375,0.3005035801529667,0.08361008544832071,0.6380090497737556,221,3.8,6.2,3.9,7.2,7.4,3.4,4.5,3.8,9.5,3.8,2.5,1.1
collect_one_size9_comp0.2_grid8_base_low,9,0.2,8,low,base,base,collect_one,11,4,7,7,8,3,7,1,1,1,1,1,10,1,0,9,1.8,0.9,33.2,0.4939759036144578,0.6086956521739131,0.45,0.0,0.19845001295001294,0.960557033638586,0.5581395348837209,0.3449143723186907,0.11297117155530283,0.4939759036144578,332,12.4,5.6,7.5,6.8,13.5,6.7,6.4,3.8,15.4,3.7,3.0,5.9
collect_one_size9_comp0.2_grid8_base_medium,9,0.2,8,medium,base,base,collect_one,3,9,6,6,3,5,6,1,1,1,1,1,10,0,0,10,2.0,1.0,15.7,0.6815286624203821,0.96875,0.608,0.0,0.39099453178400545,0.6311582270568018,0.5,0.3771550751967215,0.11245837495837496,0.6815286624203821,157,6.2,2.0,3.8,3.7,6.8,3.0,4.2,0.7,1.9,0.7,0.4,0.3
collect_one_size9_comp0.2_grid9_base_low,9,0.2,9,low,base,base,collect_one,5,4,7,7,4,5,9,1,1,1,1,1,10,0,1,9,1.9,0.9,36.0,0.5666666666666667,0.7282608695652174,0.5111940298507462,0.0,0.28609745923016705,1.2634116000299924,0.6129032258064516,0.3080163577988086,0.15870390948476934,0.5666666666666667,360,10.5,12.4,3.6,9.3,10.0,7.7,7.6,9.3,18.8,8.4,3.1,3.8
collect_one_size9_comp0.2_grid9_base_medium,9,0.2,9,medium,base,base,collect_one,6,3,3,3,3,4,7,1,1,1,1,1,10,0,0,10,2.0,1.0,10.8,0.8055555555555556,0.7954545454545454,0.8125,0.0,0.6647552447552447,0.7374728543971886,0.38461538461538464,0.17589881339989347,0.08837039029346722,0.8055555555555556,108,6.6,0.3,2.5,1.4,3.7,1.9,3.3,0.9,1.4,0.9,0.0,0.4
collect_one_size9_comp0.4_grid0_base_low,9,0.4,0,low,base,base,collect_one,5,5,6,6,3,9,8,1,1,1,1,1,10,1,1,8,1.7,0.9,35.2,0.5142045454545454,0.40641711229946526,0.6363636363636364,0.0,0.24274013479684106,0.9253257587469621,0.3870967741935484,0.33319797378529425,0.08986792465754598,0.5142045454545454,352,8.4,9.4,3.9,13.2,12.9,6.6,7.2,6.9,20.2,5.1,2.3,9.1
collect_one_size9_comp0.4_grid0_base_medium,9,0.4,0,medium,base,base,collect_one,9,8,5,5,4,9,13,1,1,1,1,1,7,0,0,7,2.0,1.0,28.428571428571427,0.7236180904522613,0.7075471698113207,0.7419354838709677,0.0,0.47901673827425706,0.8332121990770527,0.3620300781475361,0.4001432107559412,0.04026650432900432,0.7236180904522613,199,6.285714285714286,9.571428571428571,7.857142857142857,4.285714285714286,13.714285714285714,5.857142857142857,3.4285714285714284,3.5714285714285716,8.714285714285714,3.5714285714285716,1.4285714285714286,2.7142857142857144
collect_one_size9_comp0.4_grid1_base_low,9,0.4,1,low,base,base,collect_one,5,3,6,6,10,4,7,1,1,1,1,1,10,2,1,7,1.5,0.7,53.0,0.5188679245283019,0.5130718954248366,0.5267857142857143,0.0,0.1281214070182164,1.1564174918064998,0.40540540540540543,0.3386417088403264,0.0841543537909817,0.5188679245283019,530,13.2,15.3,9.7,14.7,12.1,13.8,10.0,15.9,36.1,15.2,2.4,5.8
collect_one_size9_comp0.4_grid1_base_medium,9,0.4,1,medium,base,base,collect_one,9,5,8,8,3,9,12,1,1,1,1,1,7,0,0,7,2.0,1.0,27.285714285714285,0.6701570680628273,0.7183098591549296,0.6416666666666667,0.0,0.4585030023739701,1.020573507733512,0.45161290322580644,0.38885706659115676,0.1522622986332664,0.6701570680628273,191,5.285714285714286,9.571428571428571,5.714285714285714,5.714285714285714,9.285714285714286,5.714285714285714,5.714285714285714,3.7142857142857144,9.428571428571429,2.857142857142857,2.142857142857143,2.857142857142857
collect_one_size9_comp0.4_grid2_base_low,9,0.4,2,low,base,base,collect_one,7,8,7,7,3,4,10,1,1,1,1,1,10,2,5,3,1.1,0.2,62.5,0.4224,0.42363112391930835,0.420863309352518,0.0,0.051658163265306124,1.02692633260271,0.3447266892476613,0.3164733726205911,0.10477223172167498,0.4224,625,16.5,19.5,12.2,14.3,16.4,14.2,15.8,15.1,45.2,12.9,3.4,15.9
collect_one_size9_comp0.4_grid2_base_medium,9,0.4,2,medium,base,base,collect_one,6,3,7,7,3,6,9,1,1,1,1,1,8,0,0,8,2.0,1.0,20.0,0.68125,0.9655172413793104,0.6183206106870229,0.0,0.48304031326729535,0.6680367225591399,0.4,0.23730181279596466,0.14075879675879677,0.68125,160,2.125,7.125,2.875,7.0,8.375,2.5,3.5,3.125,6.75,3.125,1.375,0.875
collect_one_size9_comp0.4_grid3_base_low,9,0.4,3,low,base,base,collect_one,8,3,5,5,8,5,8,1,1,1,1,1,10,0,0,10,2.0,0.8,47.0,0.4553191489361702,0.5480769230769231,0.42896174863387976,0.0,0.16349475969997862,1.0998559087567885,0.4375,0.3910878101793524,0.15533536618756422,0.4553191489361702,470,13.9,12.0,11.5,8.5,15.6,9.4,8.8,10.1,27.8,8.8,5.3,10.3
collect_one_size9_comp0.4_grid3_base_medium,9,0.4,3,medium,base,base,collect_one,8,8,4,4,5,7,13,1,1,1,1,1,8,1,0,7,1.75,0.875,22.125,0.7344632768361582,0.8589743589743589,0.6363636363636364,0.0,0.4962609649122807,0.7878830136644148,0.48148148148148145,0.4105906855165006,0.2295725032653137,0.7344632768361582,177,6.125,3.875,5.25,6.125,8.0,4.0,4.875,2.75,7.75,2.75,1.75,0.625
collect_one_size9_comp0.4_grid4_base_low,9,0.4,4,low,base,base,collect_one,6,6,6,6,9,7,13,1,1,1,1,1,10,0,4,6,1.6,0.5,59.8,0.5301003344481605,0.6696428571428571,0.49794238683127573,0.0,0.14532753029527223,1.0801508092931549,0.3570464744514303,0.41025902482799326,0.18232654447795715,0.5301003344481605,598,14.9,12.9,14.9,17.0,15.7,12.5,14.5,15.9,40.6,14.9,14.4,6.9
collect_one_size9_comp0.4_grid4_base_medium,9,0.4,4,medium,base,base,collect_one,5,3,6,6,3,9,8,1,1,1,1,1,8,0,0,8,2.0,1.0,26.75,0.6401869158878505,0.7121212121212122,0.6081081081081081,0.0,0.3441358579421783,0.8100326680483654,0.37037037037037035,0.26625206163207277,0.13890295736700967,0.6401869158878505,214,6.75,11.25,2.0,5.875,12.0,3.625,3.625,4.75,12.75,4.5,2.75,1.125
collect_one_size9_comp0.4_grid5_base_low,9,0.4,5,low,base,base,collect_one,3,6,7,7,6,9,9,1,1,1,1,1,10,0,0,10,2.0,0.0,72.0,0.4236111111111111,0.6904761904761905,0.38836477987421386,0.0,0.0,1.1404549974819633,0.3939393939393939,0.455711491717565,0.26637861224142473,0.4236111111111111,720,22.0,13.3,17.0,18.7,18.6,15.5,15.8,19.2,54.0,16.2,6.2,13.4
collect_one_size9_comp0.4_grid5_base_medium,9,0.4,5,medium,base,base,collect_one,3,3,6,6,9,3,6,1,1,1,1,1,7,0,0,7,2.0,1.0,26.142857142857142,0.5355191256830601,1.0,0.47530864197530864,0.0,0.2326705825527843,0.9291209578177546,0.4782608695652174,0.2956620523565163,0.1772381603903343,0.5355191256830601,183,10.285714285714286,6.142857142857143,6.142857142857143,2.857142857142857,11.285714285714286,5.285714285714286,4.285714285714286,3.0,12.428571428571429,2.857142857142857,4.428571428571429,3.4285714285714284
collect_one_size9_comp0.4_grid6_base_low,9,0.4,6,low,base,base,collect_one,3,5,8,8,3,11,6,1,1,1,1,1,10,0,2,8,1.8,1.0,47.0,0.4702127659574468,0.49411764705882355,0.4649350649350649,0.0,0.17814718630286652,1.2946491632235613,0.3933294872534519,0.3877185201288104,0.1569055472381945,0.4702127659574468,470,16.5,11.1,7.3,11.9,15.3,10.1,12.5,7.7,25.1,6.6,3.8,8.6
collect_one_size9_comp0.4_grid6_base_medium,9,0.4,6,medium,base,base,collect_one,4,6,6,6,3,3,7,1,1,1,1,1,8,0,0,8,2.0,1.0,19.875,0.6477987421383647,0.8666666666666667,0.5614035087719298,0.0,0.3674699786180975,0.9338725429117309,0.5384615384615384,0.36433109828390386,0.17538919413919413,0.6477987421383647,159,6.0,4.125,5.125,4.25,5.875,6.5,3.5,2.25,5.0,2.25,1.75,1.0
collect_one_size9_comp0.4_grid7_base_low,9,0.4,7,low,base,base,collect_one,4,4,4,4,8,4,8,1,1,1,1,1,10,0,4,6,1.6,0.6,51.5,0.4155339805825243,0.4931506849315068,0.38482384823848237,0.0,0.13953864534509694,1.2379073535252607,0.3793103448275862,0.47118582508911006,0.12350425444896669,0.4155339805825243,515,16.7,13.4,11.5,9.5,16.7,10.7,11.8,10.6,34.9,9.2,1.9,13.0
collect_one_size9_comp0.4_grid7_base_medium,9,0.4,7,medium,base,base,collect_one,3,4,5,5,6,5,9,1,1,1,1,1,9,0,0,9,2.0,1.0,18.0,0.7160493827160493,0.8378378378378378,0.68,0.0,0.5147226281817074,0.7124424228816456,0.34477102276005256,0.3656165232079129,0.19410501115046572,0.7160493827160493,162,5.555555555555555,3.3333333333333335,4.777777777777778,3.888888888888889,6.777777777777778,2.5555555555555554,4.444444444444445,2.4444444444444446,5.0,2.3333333333333335,1.5555555555555556,0.7777777777777778
collect_one_size9_comp0.4_grid8_base_low,9,0.4,8,low,base,base,collect_one,3,4,7,7,4,11,7,1,1,1,1,1,9,0,1,8,1.8888888888888888,0.6666666666666666,48.666666666666664,0.4429223744292237,0.4132231404958678,0.45425867507886436,0.0,0.13687966354633022,1.1348148953273691,0.4,0.42695879911359796,0.11551415251415253,0.4429223744292237,438,11.11111111111111,11.88888888888889,12.333333333333334,13.11111111111111,16.0,10.444444444444445,10.11111111111111,10.666666666666666,31.77777777777778,8.333333333333334,3.5555555555555554,12.222222222222221
collect_one_size9_comp0.4_grid8_base_medium,9,0.4,8,medium,base,base,collect_one,6,5,9,9,5,4,9,1,1,1,1,1,8,0,0,8,2.0,1.0,30.75,0.6219512195121951,0.8064516129032258,0.5597826086956522,0.0,0.3144459436567468,1.0618042054775763,0.3793103448275862,0.2682753001362295,0.1823829427277703,0.6219512195121951,246,6.375,9.5,6.0,8.125,10.25,5.875,6.5,5.625,14.0,5.25,2.25,1.25
collect_one_size9_comp0.4_grid9_base_low,9,0.4,9,low,base,base,collect_one,9,3,12,12,5,9,12,1,1,1,1,1,10,0,9,1,1.1,0.2,66.6,0.4159159159159159,0.5211267605633803,0.38740458015267176,0.0,0.05818965517241379,1.442932519649881,0.375,0.4497341742864793,0.22446211181067555,0.4159159159159159,666,14.9,15.3,13.8,22.6,17.7,14.9,15.3,17.7,54.9,13.2,5.2,19.0
collect_one_size9_comp0.4_grid9_base_medium,9,0.4,9,medium,base,base,collect_one,6,4,8,8,9,3,7,1,1,1,1,1,6,0,0,6,2.0,1.0,33.166666666666664,0.5778894472361809,0.96,0.5229885057471264,0.0,0.21467748971340925,0.8694269410105339,0.39285714285714285,0.24751783009148992,0.11937675711310165,0.5778894472361809,199,5.166666666666667,10.333333333333334,8.666666666666666,8.333333333333334,11.833333333333334,6.666666666666667,6.833333333333333,5.5,15.0,5.0,3.3333333333333335,1.1666666666666667
