trajectory_id,grid_id,grid_key,grid_size,density,reasoning_effort,transform_type,trajectory_category,start_to_coin_distance,coin_to_goal_distance,start_to_goal_via_coin_distance,start_to_goal_distance,coin_detour_distance,coin_reachable_from_start,goal_reachable_from_start,goal_reachable_from_coin,reached_goal,coin_collected,coin_collection_step,trajectory_length,spl,action_accuracy,action_accuracy_phase1,action_accuracy_phase2,num_actions_up,num_actions_down,num_actions_left,num_actions_right,num_steps_front,num_steps_left_turn,num_steps_right_turn,num_steps_back,num_cell_revisits,num_immediate_revisits,num_coin_oscillations,num_invalid_actions,invalid_action_rate,preferred_quadrant,quadrant_entropy,quadrant_count_ul,quadrant_count_ur,quadrant_count_dl,quadrant_count_dr,quadrant_count_midline,quadrant_fraction_ul,quadrant_fraction_ur,quadrant_fraction_dl,quadrant_fraction_dr,quadrant_fraction_midline,preferred_corner,corner_fraction_ul,corner_fraction_ur,corner_fraction_dl,corner_fraction_dr,max_corner_dwell_run,start_quadrant,terminal_quadrant,coin_quadrant,preferred_quadrant_contains_start,preferred_quadrant_contains_coin,preferred_corner_contains_start,preferred_corner_contains_goal,preferred_corner_contains_coin
0,0,size11_comp0.0_grid0_base_low,11,0.0,low,base,base,5,7,12,10,1,1,1,1,1,0,-1,30,0.0,0.4666666666666667,0.4666666666666667,0.0,4,0,10,16,10,4,3,12,15,12,0,0,0.0,UR,0.4262286569981449,0,21,2,0,7,0.0,0.9130434782608695,0.08695652173913043,0.0,0.23333333333333334,,0.0,0.0,0.0,0.0,0,dl,ur,midline,0,0,0,0,0
1,0,size11_comp0.0_grid0_base_low,11,0.0,low,base,base,5,7,12,10,1,1,1,1,0,0,-1,64,0.0,0.484375,0.484375,0.0,3,0,27,34,22,2,2,37,49,35,0,2,0.03125,UR,1.2974084380411406,0,33,5,20,6,0.0,0.5689655172413793,0.08620689655172414,0.3448275862068966,0.09375,,0.0,0.0,0.0,0.0,0,dl,ur,midline,0,0,0,0,0
2,0,size11_comp0.0_grid0_base_low,11,0.0,low,base,base,5,7,12,10,1,1,1,1,1,0,-1,56,0.0,0.48214285714285715,0.48214285714285715,0.0,6,2,21,27,19,5,6,25,38,25,0,0,0.0,UR,0.9666108463978046,0,40,5,6,5,0.0,0.7843137254901961,0.09803921568627451,0.11764705882352941,0.08928571428571429,,0.0,0.0,0.0,0.0,0,dl,ur,midline,0,0,0,0,0
3,0,size11_comp0.0_grid0_base_low,11,0.0,low,base,base,5,7,12,10,1,1,1,1,1,0,-1,33,0.0,0.45454545454545453,0.45454545454545453,0.0,5,1,10,17,13,5,3,11,15,10,0,1,0.030303030303030304,UR,1.0575851584676956,0,21,4,3,5,0.0,0.75,0.14285714285714285,0.10714285714285714,0.15151515151515152,,0.0,0.0,0.0,0.0,0,dl,ur,midline,0,0,0,0,0
4,0,size11_comp0.0_grid0_base_low,11,0.0,low,base,base,5,7,12,10,1,1,1,1,1,0,-1,26,0.0,0.46153846153846156,0.46153846153846156,0.0,4,0,8,14,11,4,4,6,7,6,0,0,0.0,UR,1.5566567074628228,0,9,6,6,5,0.0,0.42857142857142855,0.2857142857142857,0.2857142857142857,0.19230769230769232,,0.0,0.0,0.0,0.0,0,dl,ur,midline,0,0,0,0,0
5,0,size11_comp0.0_grid0_base_low,11,0.0,low,base,base,5,7,12,10,1,1,1,1,1,0,-1,24,0.0,0.4583333333333333,0.4583333333333333,0.0,4,0,7,13,6,2,4,11,11,11,0,0,0.0,DR,1.509968612636817,0,8,4,9,3,0.0,0.38095238095238093,0.19047619047619047,0.42857142857142855,0.125,,0.0,0.0,0.0,0.0,0,dl,ur,midline,0,0,0,0,0
6,0,size11_comp0.0_grid0_base_low,11,0.0,low,base,base,5,7,12,10,1,1,1,1,1,0,-1,29,0.0,0.4482758620689655,0.4482758620689655,0.0,4,0,9,16,14,2,3,9,12,8,0,1,0.034482758620689655,UR,1.1056124005414156,0,19,4,3,3,0.0,0.7307692307692307,0.15384615384615385,0.11538461538461539,0.10344827586206896,,0.0,0.0,0.0,0.0,0,dl,ur,midline,0,0,0,0,0
7,0,size11_comp0.0_grid0_base_low,11,0.0,low,base,base,5,7,12,10,1,1,1,1,0,0,-1,64,0.0,0.484375,0.484375,0.0,5,2,25,32,20,7,6,30,45,30,0,0,0.0,UR,0.998606771487225,1,43,6,4,10,0.018518518518518517,0.7962962962962963,0.1111111111111111,0.07407407407407407,0.15625,,0.0,0.0,0.0,0.0,0,dl,ur,midline,0,0,0,0,0
8,0,size11_comp0.0_grid0_base_low,11,0.0,low,base,base,5,7,12,10,1,1,1,1,1,0,-1,48,0.0,0.4791666666666667,0.4791666666666667,0.0,4,0,19,25,21,3,0,23,33,23,0,0,0.0,UR,1.3015742892816131,0,26,4,16,2,0.0,0.5652173913043478,0.08695652173913043,0.34782608695652173,0.041666666666666664,,0.0,0.0,0.0,0.0,0,dl,ur,midline,0,0,0,0,0
9,0,size11_comp0.0_grid0_base_low,11,0.0,low,base,base,5,7,12,10,1,1,1,1,1,0,-1,44,0.0,0.4772727272727273,0.4772727272727273,0.0,6,2,15,21,14,10,2,17,27,17,0,0,0.0,UR,0.39124356362925566,0,36,3,0,5,0.0,0.9230769230769231,0.07692307692307693,0.0,0.11363636363636363,UR,0.0,0.09090909090909091,0.0,0.0,4,dl,ur,midline,0,0,0,0,0
0,1,size11_comp0.0_grid1_base_low,11,0.0,low,base,base,6,7,13,7,3,1,1,1,1,0,-1,9,0.0,0.4444444444444444,0.4444444444444444,0.0,3,0,5,1,2,2,3,1,1,1,0,0,0.0,DL,-0.0,0,0,5,0,4,0.0,0.0,1.0,0.0,0.4444444444444444,,0.0,0.0,0.0,0.0,0,midline,midline,midline,0,0,0,0,0
1,1,size11_comp0.0_grid1_base_low,11,0.0,low,base,base,6,7,13,7,3,1,1,1,1,0,-1,11,0.0,0.45454545454545453,0.45454545454545453,0.0,3,0,6,2,4,3,1,2,2,2,0,0,0.0,DR,0.7219280948873623,0,0,1,4,6,0.0,0.0,0.2,0.8,0.5454545454545454,,0.0,0.0,0.0,0.0,0,midline,midline,midline,0,0,0,0,0
2,1,size11_comp0.0_grid1_base_low,11,0.0,low,base,base,6,7,13,7,3,1,1,1,1,0,-1,11,0.0,0.45454545454545453,0.45454545454545453,0.0,4,1,5,1,3,2,4,1,1,1,0,0,0.0,DL,-0.0,0,0,9,0,2,0.0,0.0,1.0,0.0,0.18181818181818182,DL,0.0,0.0,0.18181818181818182,0.0,2,midline,midline,midline,0,0,0,0,0
3,1,size11_comp0.0_grid1_base_low,11,0.0,low,base,base,6,7,13,7,3,1,1,1,1,0,-1,13,0.0,0.46153846153846156,0.46153846153846156,0.0,3,0,7,3,7,2,1,2,3,2,0,0,0.0,DR,0.8112781244591328,0,0,1,3,9,0.0,0.0,0.25,0.75,0.6923076923076923,,0.0,0.0,0.0,0.0,0,midline,midline,midline,0,0,0,0,0
4,1,size11_comp0.0_grid1_base_low,11,0.0,low,base,base,6,7,13,7,3,1,1,1,1,0,-1,13,0.0,0.46153846153846156,0.46153846153846156,0.0,4,1,6,2,3,6,1,2,3,2,0,0,0.0,DL,-0.0,0,0,7,0,6,0.0,0.0,1.0,0.0,0.46153846153846156,,0.0,0.0,0.0,0.0,0,midline,midline,midline,0,0,0,0,0
5,1,size11_comp0.0_grid1_base_low,11,0.0,low,base,base,6,7,13,7,3,1,1,1,1,0,-1,15,0.0,0.4666666666666667,0.4666666666666667,0.0,3,0,8,4,8,3,0,3,4,3,0,0,0.0,DL,1.0,0,0,3,3,9,0.0,0.0,0.5,0.5,0.6,,0.0,0.0,0.0,0.0,0,midline,midline,midline,0,0,0,0,0
6,1,size11_comp0.0_grid1_base_low,11,0.0,low,base,base,6,7,13,7,3,1,1,1,1,0,-1,15,0.0,0.4666666666666667,0.4666666666666667,0.0,4,1,7,3,5,5,3,1,4,1,0,0,0.0,DL,-0.0,0,0,12,0,3,0.0,0.0,1.0,0.0,0.2,DL,0.0,0.0,0.06666666666666667,0.0,1,midline,midline,midline,0,0,0,0,0
7,1,size11_comp0.0_grid1_base_low,11,0.0,low,base,base,6,7,13,7,3,1,1,1,1,0,-1,7,0.0,0.42857142857142855,0.42857142857142855,0.0,3,0,4,0,5,1,0,0,0,0,0,0,0.0,UL,0.0,0,0,0,0,7,0.0,0.0,0.0,0.0,1.0,,0.0,0.0,0.0,0.0,0,midline,midline,midline,0,0,0,0,0
8,1,size11_comp0.0_grid1_base_low,11,0.0,low,base,base,6,7,13,7,3,1,1,1,1,0,-1,25,0.0,0.48,0.48,0.0,5,2,11,7,9,5,7,3,9,3,0,0,0.0,DL,0.6193821946787638,0,0,11,2,12,0.0,0.0,0.8461538461538461,0.15384615384615385,0.48,DL,0.0,0.0,0.04,0.0,1,midline,midline,midline,0,0,0,0,0
9,1,size11_comp0.0_grid1_base_low,11,0.0,low,base,base,6,7,13,7,3,1,1,1,1,0,-1,9,0.0,0.4444444444444444,0.4444444444444444,0.0,3,0,5,1,6,2,0,0,0,0,0,0,0.0,DR,-0.0,0,0,0,3,6,0.0,0.0,0.0,1.0,0.6666666666666666,,0.0,0.0,0.0,0.0,0,midline,midline,midline,0,0,0,0,0
0,2,size11_comp0.0_grid2_base_low,11,0.0,low,base,base,4,8,12,8,2,1,1,1,1,0,-1,56,0.0,0.4642857142857143,0.4642857142857143,0.0,1,3,29,23,18,4,4,29,41,29,0,0,0.0,DR,1.5579307850867268,0,8,7,11,30,0.0,0.3076923076923077,0.2692307692307692,0.4230769230769231,0.5357142857142857,,0.0,0.0,0.0,0.0,0,midline,dl,dr,0,1,0,0,0
1,2,size11_comp0.0_grid2_base_low,11,0.0,low,base,base,4,8,12,8,2,1,1,1,1,0,-1,46,0.0,0.45652173913043476,0.45652173913043476,0.0,1,3,24,18,14,3,5,23,32,23,0,0,0.0,UR,1.0056659577324911,0,22,5,2,17,0.0,0.7586206896551724,0.1724137931034483,0.06896551724137931,0.3695652173913043,,0.0,0.0,0.0,0.0,0,midline,dl,dr,0,0,0,0,0
2,2,size11_comp0.0_grid2_base_low,11,0.0,low,base,base,4,8,12,8,2,1,1,1,1,0,-1,12,0.0,0.3333333333333333,0.3333333333333333,0.0,0,2,8,2,5,3,1,2,2,2,0,0,0.0,DR,0.863120568566631,0,0,2,5,5,0.0,0.0,0.2857142857142857,0.7142857142857143,0.4166666666666667,,0.0,0.0,0.0,0.0,0,midline,dl,dr,0,1,0,0,0
3,2,size11_comp0.0_grid2_base_low,11,0.0,low,base,base,4,8,12,8,2,1,1,1,1,0,-1,50,0.0,0.46,0.46,0.0,1,3,26,20,14,4,4,27,35,27,0,0,0.0,DR,1.4329831210560051,0,12,6,20,12,0.0,0.3157894736842105,0.15789473684210525,0.5263157894736842,0.24,,0.0,0.0,0.0,0.0,0,midline,dl,dr,0,1,0,0,0
4,2,size11_comp0.0_grid2_base_low,11,0.0,low,base,base,4,8,12,8,2,1,1,1,1,0,-1,26,0.0,0.4230769230769231,0.4230769230769231,0.0,0,2,15,9,10,2,0,13,17,13,0,0,0.0,DR,0.9980008838722996,0,0,9,10,7,0.0,0.0,0.47368421052631576,0.5263157894736842,0.2692307692307692,,0.0,0.0,0.0,0.0,0,midline,dl,dr,0,1,0,0,0
5,2,size11_comp0.0_grid2_base_low,11,0.0,low,base,base,4,8,12,8,2,1,1,1,1,0,-1,28,0.0,0.42857142857142855,0.42857142857142855,0.0,1,3,15,9,11,4,2,10,15,10,0,0,0.0,DR,1.2896085583481507,0,3,3,11,11,0.0,0.17647058823529413,0.17647058823529413,0.6470588235294118,0.39285714285714285,,0.0,0.0,0.0,0.0,0,midline,dl,dr,0,1,0,0,0
6,2,size11_comp0.0_grid2_base_low,11,0.0,low,base,base,4,8,12,8,2,1,1,1,1,0,-1,14,0.0,0.35714285714285715,0.35714285714285715,0.0,0,2,9,3,4,1,2,6,6,6,0,0,0.0,DR,0.6500224216483541,0,0,2,10,2,0.0,0.0,0.16666666666666666,0.8333333333333334,0.14285714285714285,,0.0,0.0,0.0,0.0,0,midline,dl,dr,0,1,0,0,0
7,2,size11_comp0.0_grid2_base_low,11,0.0,low,base,base,4,8,12,8,2,1,1,1,1,0,-1,26,0.0,0.4230769230769231,0.4230769230769231,0.0,0,2,15,9,9,0,3,13,17,13,0,0,0.0,DR,0.5916727785823275,0,0,3,18,5,0.0,0.0,0.14285714285714285,0.8571428571428571,0.19230769230769232,,0.0,0.0,0.0,0.0,0,midline,dl,dr,0,1,0,0,0
8,2,size11_comp0.0_grid2_base_low,11,0.0,low,base,base,4,8,12,8,2,1,1,1,1,0,-1,22,0.0,0.4090909090909091,0.4090909090909091,0.0,1,3,12,6,7,4,2,8,10,8,0,0,0.0,UR,1.022420703848328,0,13,2,2,5,0.0,0.7647058823529411,0.11764705882352941,0.11764705882352941,0.22727272727272727,,0.0,0.0,0.0,0.0,0,midline,dl,dr,0,0,0,0,0
9,2,size11_comp0.0_grid2_base_low,11,0.0,low,base,base,4,8,12,8,2,1,1,1,1,0,-1,38,0.0,0.4473684210526316,0.4473684210526316,0.0,1,3,20,14,12,3,3,19,26,19,0,0,0.0,UR,1.3730174851339658,0,17,9,4,8,0.0,0.5666666666666667,0.3,0.13333333333333333,0.21052631578947367,,0.0,0.0,0.0,0.0,0,midline,dl,dr,0,0,0,0,0
0,3,size11_comp0.0_grid3_base_low,11,0.0,low,base,base,8,13,21,5,8,1,1,1,0,0,-1,64,0.0,0.5,0.5,0.0,3,0,28,33,14,4,2,43,49,41,0,1,0.015625,UR,1.0696174156505,0,29,1,16,18,0.0,0.6304347826086957,0.021739130434782608,0.34782608695652173,0.28125,,0.0,0.0,0.0,0.0,0,dl,ul,dr,0,0,0,0,0
1,3,size11_comp0.0_grid3_base_low,11,0.0,low,base,base,8,13,21,5,8,1,1,1,0,0,-1,64,0.0,0.46875,0.46875,0.0,3,1,25,35,19,6,2,36,48,30,0,6,0.09375,DR,1.1089705156188954,0,27,1,29,7,0.0,0.47368421052631576,0.017543859649122806,0.5087719298245614,0.109375,,0.0,0.0,0.0,0.0,0,dl,ul,dr,0,1,0,0,0
2,3,size11_comp0.0_grid3_base_low,11,0.0,low,base,base,8,13,21,5,8,1,1,1,0,0,-1,64,0.0,0.515625,0.515625,0.0,4,1,27,32,18,6,4,35,46,35,0,0,0.0,UR,0.7360310599614004,0,49,1,9,5,0.0,0.8305084745762712,0.01694915254237288,0.15254237288135594,0.078125,,0.0,0.0,0.0,0.0,0,dl,ul,dr,0,0,0,0,0
3,3,size11_comp0.0_grid3_base_low,11,0.0,low,base,base,8,13,21,5,8,1,1,1,0,0,-1,64,0.0,0.5,0.5,0.0,3,0,28,33,8,5,1,49,51,47,0,1,0.015625,UR,0.830774222099454,0,48,1,12,3,0.0,0.7868852459016393,0.01639344262295082,0.19672131147540983,0.046875,,0.0,0.0,0.0,0.0,0,dl,ul,dr,0,0,0,0,0
4,3,size11_comp0.0_grid3_base_low,11,0.0,low,base,base,8,13,21,5,8,1,1,1,0,0,-1,64,0.0,0.453125,0.453125,0.0,3,0,25,36,14,3,3,43,50,37,0,7,0.109375,UR,0.855344109894999,0,45,1,12,6,0.0,0.7758620689655172,0.017241379310344827,0.20689655172413793,0.09375,,0.0,0.0,0.0,0.0,0,dl,ul,dr,0,0,0,0,0
5,3,size11_comp0.0_grid3_base_low,11,0.0,low,base,base,8,13,21,5,8,1,1,1,0,0,-1,64,0.0,0.484375,0.484375,0.0,3,0,27,34,16,2,2,43,52,40,0,3,0.046875,UR,0.6249155108508989,0,54,1,7,2,0.0,0.8709677419354839,0.016129032258064516,0.11290322580645161,0.03125,,0.0,0.0,0.0,0.0,0,dl,ul,dr,0,0,0,0,0
6,3,size11_comp0.0_grid3_base_low,11,0.0,low,base,base,8,13,21,5,8,1,1,1,0,0,-1,64,0.0,0.484375,0.484375,0.0,5,2,24,33,10,8,3,42,47,37,0,4,0.0625,UR,0.9158945926726128,0,44,2,11,7,0.0,0.7719298245614035,0.03508771929824561,0.19298245614035087,0.109375,,0.0,0.0,0.0,0.0,0,dl,ul,dr,0,0,0,0,0
7,3,size11_comp0.0_grid3_base_low,11,0.0,low,base,base,8,13,21,5,8,1,1,1,0,0,-1,64,0.0,0.484375,0.484375,0.0,3,0,27,34,14,5,1,43,49,39,0,3,0.046875,UR,1.0209259427337767,0,39,1,19,5,0.0,0.6610169491525424,0.01694915254237288,0.3220338983050847,0.078125,,0.0,0.0,0.0,0.0,0,dl,ul,dr,0,0,0,0,0
8,3,size11_comp0.0_grid3_base_low,11,0.0,low,base,base,8,13,21,5,8,1,1,1,0,0,-1,64,0.0,0.515625,0.515625,0.0,3,0,28,33,13,5,1,44,49,44,0,0,0.0,UR,0.8785904108759165,0,45,1,13,5,0.0,0.7627118644067796,0.01694915254237288,0.22033898305084745,0.078125,,0.0,0.0,0.0,0.0,0,dl,ul,dr,0,0,0,0,0
9,3,size11_comp0.0_grid3_base_low,11,0.0,low,base,base,8,13,21,5,8,1,1,1,0,0,-1,64,0.0,0.5,0.5,0.0,3,0,27,34,14,4,2,43,50,40,0,2,0.03125,UR,0.47397752487758066,0,55,1,4,4,0.0,0.9166666666666666,0.016666666666666666,0.06666666666666667,0.0625,,0.0,0.0,0.0,0.0,0,dl,ul,dr,0,0,0,0,0
0,4,size11_comp0.0_grid4_base_low,11,0.0,low,base,base,4,3,7,3,2,1,1,1,1,0,-1,3,0.0,0.6666666666666666,0.6666666666666666,0.0,0,0,0,3,2,0,0,0,0,0,0,0,0.0,DL,1.0,0,0,1,1,1,0.0,0.0,0.5,0.5,0.3333333333333333,,0.0,0.0,0.0,0.0,0,dl,dr,ur,1,0,0,0,0
1,4,size11_comp0.0_grid4_base_low,11,0.0,low,base,base,4,3,7,3,2,1,1,1,1,0,-1,3,0.0,0.6666666666666666,0.6666666666666666,0.0,0,0,0,3,2,0,0,0,0,0,0,0,0.0,DL,1.0,0,0,1,1,1,0.0,0.0,0.5,0.5,0.3333333333333333,,0.0,0.0,0.0,0.0,0,dl,dr,ur,1,0,0,0,0
2,4,size11_comp0.0_grid4_base_low,11,0.0,low,base,base,4,3,7,3,2,1,1,1,1,0,-1,3,0.0,0.6666666666666666,0.6666666666666666,0.0,0,0,0,3,2,0,0,0,0,0,0,0,0.0,DL,1.0,0,0,1,1,1,0.0,0.0,0.5,0.5,0.3333333333333333,,0.0,0.0,0.0,0.0,0,dl,dr,ur,1,0,0,0,0
3,4,size11_comp0.0_grid4_base_low,11,0.0,low,base,base,4,3,7,3,2,1,1,1,1,0,-1,3,0.0,0.6666666666666666,0.6666666666666666,0.0,0,0,0,3,2,0,0,0,0,0,0,0,0.0,DL,1.0,0,0,1,1,1,0.0,0.0,0.5,0.5,0.3333333333333333,,0.0,0.0,0.0,0.0,0,dl,dr,ur,1,0,0,0,0
4,4,size11_comp0.0_grid4_base_low,11,0.0,low,base,base,4,3,7,3,2,1,1,1,1,0,-1,3,0.0,0.6666666666666666,0.6666666666666666,0.0,0,0,0,3,2,0,0,0,0,0,0,0,0.0,DL,1.0,0,0,1,1,1,0.0,0.0,0.5,0.5,0.3333333333333333,,0.0,0.0,0.0,0.0,0,dl,dr,ur,1,0,0,0,0
5,4,size11_comp0.0_grid4_base_low,11,0.0,low,base,base,4,3,7,3,2,1,1,1,1,0,-1,3,0.0,0.6666666666666666,0.6666666666666666,0.0,0,0,0,3,2,0,0,0,0,0,0,0,0.0,DL,1.0,0,0,1,1,1,0.0,0.0,0.5,0.5,0.3333333333333333,,0.0,0.0,0.0,0.0,0,dl,dr,ur,1,0,0,0,0
6,4,size11_comp0.0_grid4_base_low,11,0.0,low,base,base,4,3,7,3,2,1,1,1,1,0,-1,3,0.0,0.6666666666666666,0.6666666666666666,0.0,0,0,0,3,2,0,0,0,0,0,0,0,0.0,DL,1.0,0,0,1,1,1,0.0,0.0,0.5,0.5,0.3333333333333333,,0.0,0.0,0.0,0.0,0,dl,dr,ur,1,0,0,0,0
7,4,size11_comp0.0_grid4_base_low,11,0.0,low,base,base,4,3,7,3,2,1,1,1,1,0,-1,3,0.0,0.6666666666666666,0.6666666666666666,0.0,0,0,0,3,2,0,0,0,0,0,0,0,0.0,DL,1.0,0,0,1,1,1,0.0,0.0,0.5,0.5,0.3333333333333333,,0.0,0.0,0.0,0.0,0,dl,dr,ur,1,0,0,0,0
8,4,size11_comp0.0_grid4_base_low,11,0.0,low,base,base,4,3,7,3,2,1,1,1,1,0,-1,3,0.0,0.6666666666666666,0.6666666666666666,0.0,0,0,0,3,2,0,0,0,0,0,0,0,0.0,DL,1.0,0,0,1,1,1,0.0,0.0,0.5,0.5,0.3333333333333333,,0.0,0.0,0.0,0.0,0,dl,dr,ur,1,0,0,0,0
9,4,size11_comp0.0_grid4_base_low,11,0.0,low,base,base,4,3,7,3,2,1,1,1,1,0,-1,3,0.0,0.6666666666666666,0.6666666666666666,0.0,0,0,0,3,2,0,0,0,0,0,0,0,0.0,DL,1.0,0,0,1,1,1,0.0,0.0,0.5,0.5,0.3333333333333333,,0.0,0.0,0.0,0.0,0,dl,dr,ur,1,0,0,0,0
0,5,size11_comp0.0_grid5_base_low,11,0.0,low,base,base,5,5,10,6,2,1,1,1,1,0,-1,6,0.0,0.5,0.5,0.0,3,0,3,0,4,1,0,0,0,0,0,0,0.0,DR,-0.0,0,0,0,3,3,0.0,0.0,0.0,1.0,0.5,,0.0,0.0,0.0,0.0,0,dr,midline,ur,1,0,0,0,0
1,5,size11_comp0.0_grid5_base_low,11,0.0,low,base,base,5,5,10,6,2,1,1,1,1,0,-1,8,0.0,0.5,0.5,0.0,3,0,4,1,5,0,1,1,1,1,0,0,0.0,DR,-0.0,0,0,0,3,5,0.0,0.0,0.0,1.0,0.625,,0.0,0.0,0.0,0.0,0,dr,midline,ur,1,0,0,0,0
2,5,size11_comp0.0_grid5_base_low,11,0.0,low,base,base,5,5,10,6,2,1,1,1,1,0,-1,12,0.0,0.5,0.5,0.0,4,1,5,2,3,2,2,4,4,4,0,0,0.0,DL,0.9456603046006401,0,0,7,4,1,0.0,0.0,0.6363636363636364,0.36363636363636365,0.08333333333333333,,0.0,0.0,0.0,0.0,0,dr,midline,ur,0,0,0,0,0
3,5,size11_comp0.0_grid5_base_low,11,0.0,low,base,base,5,5,10,6,2,1,1,1,1,0,-1,6,0.0,0.5,0.5,0.0,3,0,3,0,4,1,0,0,0,0,0,0,0.0,DR,-0.0,0,0,0,3,3,0.0,0.0,0.0,1.0,0.5,,0.0,0.0,0.0,0.0,0,dr,midline,ur,1,0,0,0,0
4,5,size11_comp0.0_grid5_base_low,11,0.0,low,base,base,5,5,10,6,2,1,1,1,1,0,-1,10,0.0,0.5,0.5,0.0,3,0,5,2,4,1,0,4,4,4,0,0,0.0,DR,-0.0,0,0,0,3,7,0.0,0.0,0.0,1.0,0.7,,0.0,0.0,0.0,0.0,0,dr,midline,ur,1,0,0,0,0
5,5,size11_comp0.0_grid5_base_low,11,0.0,low,base,base,5,5,10,6,2,1,1,1,1,0,-1,6,0.0,0.5,0.5,0.0,3,0,3,0,3,1,1,0,0,0,0,0,0.0,DR,0.9709505944546686,0,0,2,3,1,0.0,0.0,0.4,0.6,0.16666666666666666,,0.0,0.0,0.0,0.0,0,dr,midline,ur,1,0,0,0,0
6,5,size11_comp0.0_grid5_base_low,11,0.0,low,base,base,5,5,10,6,2,1,1,1,1,0,-1,14,0.0,0.5,0.5,0.0,3,0,7,4,6,2,1,4,5,4,0,0,0.0,DR,-0.0,0,0,0,4,10,0.0,0.0,0.0,1.0,0.7142857142857143,,0.0,0.0,0.0,0.0,0,dr,midline,ur,1,0,0,0,0
7,5,size11_comp0.0_grid5_base_low,11,0.0,low,base,base,5,5,10,6,2,1,1,1,1,0,-1,6,0.0,0.5,0.5,0.0,3,0,3,0,4,1,0,0,0,0,0,0,0.0,DR,-0.0,0,0,0,3,3,0.0,0.0,0.0,1.0,0.5,,0.0,0.0,0.0,0.0,0,dr,midline,ur,1,0,0,0,0
8,5,size11_comp0.0_grid5_base_low,11,0.0,low,base,base,5,5,10,6,2,1,1,1,1,0,-1,10,0.0,0.5,0.5,0.0,3,0,5,2,4,2,1,2,2,2,0,0,0.0,DR,-0.0,0,0,0,4,6,0.0,0.0,0.0,1.0,0.6,,0.0,0.0,0.0,0.0,0,dr,midline,ur,1,0,0,0,0
9,5,size11_comp0.0_grid5_base_low,11,0.0,low,base,base,5,5,10,6,2,1,1,1,1,0,-1,6,0.0,0.5,0.5,0.0,3,0,3,0,4,1,0,0,0,0,0,0,0.0,DR,-0.0,0,0,0,3,3,0.0,0.0,0.0,1.0,0.5,,0.0,0.0,0.0,0.0,0,dr,midline,ur,1,0,0,0,0
0,6,size11_comp0.0_grid6_base_low,11,0.0,low,base,base,5,6,11,3,4,1,1,1,0,0,-1,64,0.0,0.515625,0.515625,0.0,0,1,31,32,21,1,1,40,56,39,0,0,0.0,UR,0.30540057087920036,3,52,0,0,9,0.05454545454545454,0.9454545454545454,0.0,0.0,0.140625,UR,0.0,0.3125,0.0,0.0,3,ur,ul,ur,1,1,0,0,0
1,6,size11_comp0.0_grid6_base_low,11,0.0,low,base,base,5,6,11,3,4,1,1,1,0,0,-1,64,0.0,0.5,0.5,0.0,0,0,32,32,25,0,0,38,59,38,0,0,0.0,UR,-0.0,0,59,0,0,5,0.0,1.0,0.0,0.0,0.078125,UR,0.0,0.296875,0.0,0.0,5,ur,ul,ur,1,1,0,0,0
2,6,size11_comp0.0_grid6_base_low,11,0.0,low,base,base,5,6,11,3,4,1,1,1,0,0,-1,64,0.0,0.5,0.5,0.0,0,0,32,32,23,0,0,40,59,39,0,0,0.0,UR,0.24988229283318544,2,46,0,0,16,0.041666666666666664,0.9583333333333334,0.0,0.0,0.25,UR,0.0,0.09375,0.0,0.0,1,ur,ul,ur,1,1,0,0,0
3,6,size11_comp0.0_grid6_base_low,11,0.0,low,base,base,5,6,11,3,4,1,1,1,0,0,-1,64,0.0,0.5,0.5,0.0,0,0,31,33,21,0,0,42,58,40,0,1,0.015625,UR,0.23519338181924143,2,50,0,0,12,0.038461538461538464,0.9615384615384616,0.0,0.0,0.1875,UR,0.0,0.296875,0.0,0.0,6,ur,ul,ur,1,1,0,0,0
4,6,size11_comp0.0_grid6_base_low,11,0.0,low,base,base,5,6,11,3,4,1,1,1,0,0,-1,64,0.0,0.5,0.5,0.0,0,0,32,32,30,0,0,33,58,32,0,0,0.0,UR,0.32744491915447627,3,47,0,0,14,0.06,0.94,0.0,0.0,0.21875,UR,0.0,0.3125,0.0,0.0,5,ur,ul,ur,1,1,0,0,0
5,6,size11_comp0.0_grid6_base_low,11,0.0,low,base,base,5,6,11,3,4,1,1,1,0,0,-1,64,0.0,0.5,0.5,0.0,0,0,32,32,21,0,0,42,59,42,0,0,0.0,UR,0.13503620280212764,1,52,0,0,11,0.018867924528301886,0.9811320754716981,0.0,0.0,0.171875,UR,0.0,0.09375,0.0,0.0,1,ur,ul,ur,1,1,0,0,0
6,6,size11_comp0.0_grid6_base_low,11,0.0,low,base,base,5,6,11,3,4,1,1,1,0,0,-1,64,0.0,0.5,0.5,0.0,0,0,32,32,30,0,0,33,58,32,0,0,0.0,UR,0.2318130500245902,2,51,0,0,11,0.03773584905660377,0.9622641509433962,0.0,0.0,0.171875,UR,0.0,0.21875,0.0,0.0,3,ur,ul,ur,1,1,0,0,0
7,6,size11_comp0.0_grid6_base_low,11,0.0,low,base,base,5,6,11,3,4,1,1,1,0,0,-1,64,0.0,0.5,0.5,0.0,0,0,32,32,22,0,0,41,59,40,0,0,0.0,UR,0.3227569588973982,3,48,0,0,13,0.058823529411764705,0.9411764705882353,0.0,0.0,0.203125,UR,0.0,0.09375,0.0,0.0,1,ur,ul,ur,1,1,0,0,0
8,6,size11_comp0.0_grid6_base_low,11,0.0,low,base,base,5,6,11,3,4,1,1,1,0,0,-1,64,0.0,0.484375,0.484375,0.0,0,0,32,32,23,0,0,40,58,38,0,1,0.015625,UR,0.14144054254182067,1,49,0,0,14,0.02,0.98,0.0,0.0,0.21875,UR,0.0,0.171875,0.0,0.0,6,ur,ul,ur,1,1,0,0,0
9,6,size11_comp0.0_grid6_base_low,11,0.0,low,base,base,5,6,11,3,4,1,1,1,0,0,-1,64,0.0,0.5,0.5,0.0,0,0,32,32,20,0,0,43,59,42,0,0,0.0,UR,-0.0,0,52,0,0,12,0.0,1.0,0.0,0.0,0.1875,UR,0.0,0.234375,0.0,0.0,3,ur,ul,ur,1,1,0,0,0
0,7,size11_comp0.0_grid7_base_low,11,0.0,low,base,base,9,8,17,3,7,1,1,1,0,0,-1,64,0.0,0.546875,0.546875,0.0,0,2,35,27,13,3,1,46,51,44,0,1,0.015625,DL,0.9969954265557696,0,0,33,29,2,0.0,0.0,0.532258064516129,0.46774193548387094,0.03125,DL,0.0,0.0,0.296875,0.109375,19,dr,dr,dl,0,1,0,0,0
1,7,size11_comp0.0_grid7_base_low,11,0.0,low,base,base,9,8,17,3,7,1,1,1,0,0,-1,64,0.0,0.546875,0.546875,0.0,4,6,30,24,20,4,3,36,47,35,0,0,0.0,DL,0.9160438682138364,0,1,43,14,6,0.0,0.017241379310344827,0.7413793103448276,0.2413793103448276,0.09375,DL,0.0,0.0,0.484375,0.09375,15,dr,dr,dl,0,1,0,0,0
2,7,size11_comp0.0_grid7_base_low,11,0.0,low,base,base,9,8,17,3,7,1,1,1,0,0,-1,64,0.0,0.53125,0.53125,0.0,0,3,35,26,21,4,1,37,52,35,0,3,0.046875,DL,0.7473944462440387,0,0,48,13,3,0.0,0.0,0.7868852459016393,0.21311475409836064,0.046875,DL,0.0,0.0,0.484375,0.0625,10,dr,dr,dl,0,1,0,0,0
3,7,size11_comp0.0_grid7_base_low,11,0.0,low,base,base,9,8,17,3,7,1,1,1,1,0,-1,7,0.0,0.5714285714285714,0.5714285714285714,0.0,0,2,3,2,1,2,1,2,2,2,0,0,0.0,DR,-0.0,0,0,0,7,0,0.0,0.0,0.0,1.0,0.0,DR,0.0,0.0,0.0,0.5714285714285714,3,dr,dr,dl,1,0,0,0,0
4,7,size11_comp0.0_grid7_base_low,11,0.0,low,base,base,9,8,17,3,7,1,1,1,1,0,-1,3,0.0,0.6666666666666666,0.6666666666666666,0.0,0,2,1,0,1,0,1,0,0,0,0,0,0.0,DR,-0.0,0,0,0,3,0,0.0,0.0,0.0,1.0,0.0,DR,0.0,0.0,0.0,0.6666666666666666,2,dr,dr,dl,1,0,0,0,0
5,7,size11_comp0.0_grid7_base_low,11,0.0,low,base,base,9,8,17,3,7,1,1,1,0,0,-1,64,0.0,0.515625,0.515625,0.0,0,2,37,25,20,2,2,39,53,34,0,5,0.078125,DL,0.5491087450260073,0,0,55,8,1,0.0,0.0,0.873015873015873,0.12698412698412698,0.015625,DL,0.0,0.0,0.640625,0.03125,13,dr,dr,dl,0,1,0,0,0
6,7,size11_comp0.0_grid7_base_low,11,0.0,low,base,base,9,8,17,3,7,1,1,1,1,0,-1,3,0.0,0.6666666666666666,0.6666666666666666,0.0,0,2,1,0,1,0,1,0,0,0,0,0,0.0,DR,-0.0,0,0,0,3,0,0.0,0.0,0.0,1.0,0.0,DR,0.0,0.0,0.0,0.6666666666666666,2,dr,dr,dl,1,0,0,0,0
7,7,size11_comp0.0_grid7_base_low,11,0.0,low,base,base,9,8,17,3,7,1,1,1,1,0,-1,11,0.0,0.5454545454545454,0.5454545454545454,0.0,0,2,5,4,3,2,2,3,4,3,0,0,0.0,DR,-0.0,0,0,0,10,1,0.0,0.0,0.0,1.0,0.09090909090909091,DR,0.0,0.0,0.0,0.09090909090909091,1,dr,dr,dl,1,0,0,0,0
8,7,size11_comp0.0_grid7_base_low,11,0.0,low,base,base,9,8,17,3,7,1,1,1,1,1,47,56,0.30357142857142855,0.625,0.5625,1.0,2,4,26,24,21,2,6,26,41,25,1,3,0.05357142857142857,DL,0.9852281360342515,0,0,28,21,7,0.0,0.0,0.5714285714285714,0.42857142857142855,0.125,DL,0.0,0.0,0.2857142857142857,0.125,9,dr,dr,dl,0,1,0,0,0
9,7,size11_comp0.0_grid7_base_low,11,0.0,low,base,base,9,8,17,3,7,1,1,1,0,0,-1,64,0.0,0.53125,0.53125,0.0,0,4,33,27,16,4,4,39,52,38,0,2,0.03125,DL,0.631263018091612,0,0,53,10,1,0.0,0.0,0.8412698412698413,0.15873015873015872,0.015625,DL,0.0,0.0,0.59375,0.0625,14,dr,dr,dl,0,1,0,0,0
0,8,size11_comp0.0_grid8_base_low,11,0.0,low,base,base,10,8,18,4,7,1,1,1,0,0,-1,64,0.0,0.453125,0.453125,0.0,0,0,29,35,16,0,0,47,61,41,0,7,0.109375,UR,-0.0,0,64,0,0,0,0.0,1.0,0.0,0.0,0.0,,0.0,0.0,0.0,0.0,0,ur,dr,dl,1,0,0,0,0
1,8,size11_comp0.0_grid8_base_low,11,0.0,low,base,base,10,8,18,4,7,1,1,1,0,0,-1,64,0.0,0.4375,0.4375,0.0,0,0,28,36,19,0,0,44,61,38,0,7,0.109375,UR,-0.0,0,64,0,0,0,0.0,1.0,0.0,0.0,0.0,,0.0,0.0,0.0,0.0,0,ur,dr,dl,1,0,0,0,0
2,8,size11_comp0.0_grid8_base_low,11,0.0,low,base,base,10,8,18,4,7,1,1,1,0,0,-1,64,0.0,0.421875,0.421875,0.0,1,1,26,36,16,1,3,43,58,37,0,9,0.140625,UR,-0.0,0,64,0,0,0,0.0,1.0,0.0,0.0,0.0,,0.0,0.0,0.0,0.0,0,ur,dr,dl,1,0,0,0,0
3,8,size11_comp0.0_grid8_base_low,11,0.0,low,base,base,10,8,18,4,7,1,1,1,0,0,-1,64,0.0,0.421875,0.421875,0.0,0,0,27,37,12,0,0,51,61,43,0,10,0.15625,UR,-0.0,0,64,0,0,0,0.0,1.0,0.0,0.0,0.0,,0.0,0.0,0.0,0.0,0,ur,dr,dl,1,0,0,0,0
4,8,size11_comp0.0_grid8_base_low,11,0.0,low,base,base,10,8,18,4,7,1,1,1,0,0,-1,64,0.0,0.421875,0.421875,0.0,0,0,27,37,11,0,0,52,61,45,0,9,0.140625,UR,-0.0,0,64,0,0,0,0.0,1.0,0.0,0.0,0.0,,0.0,0.0,0.0,0.0,0,ur,dr,dl,1,0,0,0,0
5,8,size11_comp0.0_grid8_base_low,11,0.0,low,base,base,10,8,18,4,7,1,1,1,0,0,-1,64,0.0,0.4375,0.4375,0.0,0,0,28,36,13,0,0,50,61,42,0,8,0.125,UR,-0.0,0,64,0,0,0,0.0,1.0,0.0,0.0,0.0,,0.0,0.0,0.0,0.0,0,ur,dr,dl,1,0,0,0,0
6,8,size11_comp0.0_grid8_base_low,11,0.0,low,base,base,10,8,18,4,7,1,1,1,0,0,-1,64,0.0,0.453125,0.453125,0.0,0,0,29,35,14,0,0,49,61,42,0,6,0.09375,UR,-0.0,0,64,0,0,0,0.0,1.0,0.0,0.0,0.0,,0.0,0.0,0.0,0.0,0,ur,dr,dl,1,0,0,0,0
7,8,size11_comp0.0_grid8_base_low,11,0.0,low,base,base,10,8,18,4,7,1,1,1,0,0,-1,64,0.0,0.453125,0.453125,0.0,0,0,29,35,14,0,0,49,61,42,0,6,0.09375,UR,-0.0,0,64,0,0,0,0.0,1.0,0.0,0.0,0.0,,0.0,0.0,0.0,0.0,0,ur,dr,dl,1,0,0,0,0
8,8,size11_comp0.0_grid8_base_low,11,0.0,low,base,base,10,8,18,4,7,1,1,1,0,0,-1,64,0.0,0.421875,0.421875,0.0,0,0,27,37,15,0,0,48,61,41,0,9,0.140625,UR,-0.0,0,64,0,0,0,0.0,1.0,0.0,0.0,0.0,,0.0,0.0,0.0,0.0,0,ur,dr,dl,1,0,0,0,0
9,8,size11_comp0.0_grid8_base_low,11,0.0,low,base,base,10,8,18,4,7,1,1,1,0,0,-1,64,0.0,0.484375,0.484375,0.0,0,2,29,33,8,0,4,51,57,48,0,4,0.0625,UR,-0.0,0,61,0,0,3,0.0,1.0,0.0,0.0,0.046875,,0.0,0.0,0.0,0.0,0,ur,dr,dl,1,0,0,0,0
0,9,size11_comp0.0_grid9_base_low,11,0.0,low,base,base,8,5,13,7,3,1,1,1,0,0,-1,64,0.0,0.40625,0.40625,0.0,0,1,25,38,22,2,0,39,56,32,0,9,0.140625,UR,0.1222915970693747,1,59,0,0,4,0.016666666666666666,0.9833333333333333,0.0,0.0,0.0625,UR,0.0,0.6875,0.0,0.0,17,midline,dl,midline,0,0,0,0,0
1,9,size11_comp0.0_grid9_base_low,11,0.0,low,base,base,8,5,13,7,3,1,1,1,0,0,-1,64,0.0,0.53125,0.53125,0.0,0,5,30,29,25,3,5,30,48,30,0,0,0.0,UR,-0.0,0,8,0,0,56,0.0,1.0,0.0,0.0,0.875,,0.0,0.0,0.0,0.0,0,midline,dl,midline,0,0,0,0,0
2,9,size11_comp0.0_grid9_base_low,11,0.0,low,base,base,8,5,13,7,3,1,1,1,0,0,-1,64,0.0,0.46875,0.46875,0.0,0,1,29,34,16,1,1,45,55,41,0,3,0.046875,UR,0.12394986771100759,1,58,0,0,5,0.01694915254237288,0.9830508474576272,0.0,0.0,0.078125,UR,0.0,0.65625,0.0,0.0,15,midline,dl,midline,0,0,0,0,0
3,9,size11_comp0.0_grid9_base_low,11,0.0,low,base,base,8,5,13,7,3,1,1,1,0,0,-1,64,0.0,0.46875,0.46875,0.0,0,2,28,34,22,3,1,37,52,32,0,4,0.0625,UR,0.205592508185083,2,60,0,0,2,0.03225806451612903,0.967741935483871,0.0,0.0,0.03125,UR,0.0,0.515625,0.0,0.0,11,midline,dl,midline,0,0,0,0,0
4,9,size11_comp0.0_grid9_base_low,11,0.0,low,base,base,8,5,13,7,3,1,1,1,0,0,-1,64,0.0,0.46875,0.46875,0.0,0,1,29,34,19,2,0,42,57,38,0,4,0.0625,UR,-0.0,0,63,0,0,1,0.0,1.0,0.0,0.0,0.015625,UR,0.0,0.6875,0.0,0.0,10,midline,dl,midline,0,0,0,0,0
5,9,size11_comp0.0_grid9_base_low,11,0.0,low,base,base,8,5,13,7,3,1,1,1,0,0,-1,64,0.0,0.484375,0.484375,0.0,0,2,29,33,15,1,3,44,56,42,0,1,0.015625,UR,-0.0,0,63,0,0,1,0.0,1.0,0.0,0.0,0.015625,UR,0.0,0.015625,0.0,0.0,1,midline,dl,midline,0,0,0,0,0
6,9,size11_comp0.0_grid9_base_low,11,0.0,low,base,base,8,5,13,7,3,1,1,1,0,0,-1,64,0.0,0.515625,0.515625,0.0,0,4,29,31,15,3,5,40,50,39,0,1,0.015625,UR,-0.0,0,62,0,0,2,0.0,1.0,0.0,0.0,0.03125,UR,0.0,0.09375,0.0,0.0,6,midline,dl,midline,0,0,0,0,0
7,9,size11_comp0.0_grid9_base_low,11,0.0,low,base,base,8,5,13,7,3,1,1,1,0,0,-1,64,0.0,0.484375,0.484375,0.0,0,4,27,33,21,4,4,34,49,31,0,4,0.0625,UR,-0.0,0,57,0,0,7,0.0,1.0,0.0,0.0,0.109375,UR,0.0,0.5625,0.0,0.0,12,midline,dl,midline,0,0,0,0,0
8,9,size11_comp0.0_grid9_base_low,11,0.0,low,base,base,8,5,13,7,3,1,1,1,0,0,-1,64,0.0,0.484375,0.484375,0.0,0,2,29,33,21,2,0,40,54,38,0,2,0.03125,UR,0.4186843105268563,5,54,0,0,5,0.0847457627118644,0.9152542372881356,0.0,0.0,0.078125,,0.0,0.0,0.0,0.0,0,midline,dl,midline,0,0,0,0,0
9,9,size11_comp0.0_grid9_base_low,11,0.0,low,base,base,8,5,13,7,3,1,1,1,0,0,-1,64,0.0,0.5,0.5,0.0,0,2,30,32,21,3,1,38,53,38,0,0,0.0,UR,-0.0,0,62,0,0,2,0.0,1.0,0.0,0.0,0.03125,UR,0.0,0.171875,0.0,0.0,10,midline,dl,midline,0,0,0,0,0
0,0,size11_comp0.2_grid0_base_low,11,0.2,low,base,base,5,9,14,10,2,1,1,1,0,0,-1,64,0.0,0.203125,0.203125,0.0,1,0,52,11,42,0,2,19,57,12,0,38,0.59375,UR,-0.0,0,17,0,0,47,0.0,1.0,0.0,0.0,0.734375,UR,0.0,0.015625,0.0,0.0,1,ur,ul,midline,1,0,0,0,0
1,0,size11_comp0.2_grid0_base_low,11,0.2,low,base,base,5,9,14,10,2,1,1,1,0,0,-1,64,0.0,0.125,0.125,0.0,1,0,57,6,52,1,1,9,57,4,0,49,0.765625,UR,-0.0,0,10,0,0,54,0.0,1.0,0.0,0.0,0.84375,UR,0.0,0.015625,0.0,0.0,1,ur,ul,midline,1,0,0,0,0
2,0,size11_comp0.2_grid0_base_low,11,0.2,low,base,base,5,9,14,10,2,1,1,1,0,0,-1,64,0.0,0.296875,0.296875,0.0,1,0,46,17,40,1,1,21,56,16,0,26,0.40625,UR,-0.0,0,28,0,0,36,0.0,1.0,0.0,0.0,0.5625,UR,0.0,0.078125,0.0,0.0,3,ur,ul,midline,1,0,0,0,0
3,0,size11_comp0.2_grid0_base_low,11,0.2,low,base,base,5,9,14,10,2,1,1,1,0,0,-1,64,0.0,0.4375,0.4375,0.0,0,0,38,26,38,0,0,25,59,21,0,10,0.15625,UR,-0.0,0,49,0,0,15,0.0,1.0,0.0,0.0,0.234375,UR,0.0,0.25,0.0,0.0,3,ur,ul,midline,1,0,0,0,0
4,0,size11_comp0.2_grid0_base_low,11,0.2,low,base,base,5,9,14,10,2,1,1,1,0,0,-1,64,0.0,0.390625,0.390625,0.0,1,0,40,23,28,0,2,33,57,30,0,14,0.21875,UR,-0.0,0,44,0,0,20,0.0,1.0,0.0,0.0,0.3125,UR,0.0,0.078125,0.0,0.0,1,ur,ul,midline,1,0,0,0,0
5,0,size11_comp0.2_grid0_base_low,11,0.2,low,base,base,5,9,14,10,2,1,1,1,0,0,-1,64,0.0,0.328125,0.328125,0.0,1,0,43,20,36,1,1,25,56,19,0,22,0.34375,UR,-0.0,0,33,0,0,31,0.0,1.0,0.0,0.0,0.484375,UR,0.0,0.046875,0.0,0.0,1,ur,ul,midline,1,0,0,0,0
6,0,size11_comp0.2_grid0_base_low,11,0.2,low,base,base,5,9,14,10,2,1,1,1,0,0,-1,64,0.0,0.203125,0.203125,0.0,1,0,52,11,44,1,1,17,57,13,0,38,0.59375,UR,-0.0,0,21,0,0,43,0.0,1.0,0.0,0.0,0.671875,UR,0.0,0.125,0.0,0.0,3,ur,ul,midline,1,0,0,0,0
7,0,size11_comp0.2_grid0_base_low,11,0.2,low,base,base,5,9,14,10,2,1,1,1,0,0,-1,64,0.0,0.203125,0.203125,0.0,1,0,52,11,43,1,1,18,56,10,0,38,0.59375,UR,-0.0,0,18,0,0,46,0.0,1.0,0.0,0.0,0.71875,UR,0.0,0.046875,0.0,0.0,1,ur,ul,midline,1,0,0,0,0
8,0,size11_comp0.2_grid0_base_low,11,0.2,low,base,base,5,9,14,10,2,1,1,1,0,0,-1,64,0.0,0.25,0.25,0.0,1,0,48,15,42,0,2,19,57,18,0,32,0.5,UR,-0.0,0,29,0,0,35,0.0,1.0,0.0,0.0,0.546875,UR,0.0,0.1875,0.0,0.0,4,ur,ul,midline,1,0,0,0,0
9,0,size11_comp0.2_grid0_base_low,11,0.2,low,base,base,5,9,14,10,2,1,1,1,0,0,-1,64,0.0,0.234375,0.234375,0.0,1,0,50,13,45,0,2,16,55,9,0,34,0.53125,UR,-0.0,0,22,0,0,42,0.0,1.0,0.0,0.0,0.65625,UR,0.0,0.078125,0.0,0.0,3,ur,ul,midline,1,0,0,0,0
0,1,size11_comp0.2_grid1_base_low,11,0.2,low,base,base,8,12,20,4,8,1,1,1,0,0,-1,64,0.0,0.203125,0.203125,0.0,3,1,48,12,38,4,2,19,59,11,0,38,0.59375,UR,-0.0,0,46,0,0,18,0.0,1.0,0.0,0.0,0.28125,,0.0,0.0,0.0,0.0,0,ur,dr,ul,1,0,0,0,0
1,1,size11_comp0.2_grid1_base_low,11,0.2,low,base,base,8,12,20,4,8,1,1,1,0,0,-1,64,0.0,0.171875,0.171875,0.0,0,0,53,11,41,0,0,22,62,12,0,42,0.65625,UR,-0.0,0,64,0,0,0,0.0,1.0,0.0,0.0,0.0,,0.0,0.0,0.0,0.0,0,ur,dr,ul,1,0,0,0,0
2,1,size11_comp0.2_grid1_base_low,11,0.2,low,base,base,8,12,20,4,8,1,1,1,0,0,-1,64,0.0,0.390625,0.390625,0.0,1,0,41,22,34,2,0,27,58,24,0,17,0.265625,UR,-0.0,0,64,0,0,0,0.0,1.0,0.0,0.0,0.0,,0.0,0.0,0.0,0.0,0,ur,dr,ul,1,0,0,0,0
3,1,size11_comp0.2_grid1_base_low,11,0.2,low,base,base,8,12,20,4,8,1,1,1,0,0,-1,64,0.0,0.359375,0.359375,0.0,3,2,37,22,24,5,5,29,56,25,0,17,0.265625,DR,0.7642045065086203,0,4,0,14,46,0.0,0.2222222222222222,0.0,0.7777777777777778,0.71875,,0.0,0.0,0.0,0.0,0,ur,dr,ul,0,0,0,0,0
4,1,size11_comp0.2_grid1_base_low,11,0.2,low,base,base,8,12,20,4,8,1,1,1,0,0,-1,64,0.0,0.3125,0.3125,0.0,2,3,40,19,29,6,3,25,59,22,0,23,0.359375,UR,-0.0,0,20,0,0,44,0.0,1.0,0.0,0.0,0.6875,,0.0,0.0,0.0,0.0,0,ur,dr,ul,1,0,0,0,0
5,1,size11_comp0.2_grid1_base_low,11,0.2,low,base,base,8,12,20,4,8,1,1,1,0,0,-1,64,0.0,0.296875,0.296875,0.0,1,1,41,21,32,2,2,27,59,20,0,24,0.375,UR,-0.0,0,19,0,0,45,0.0,1.0,0.0,0.0,0.703125,,0.0,0.0,0.0,0.0,0,ur,dr,ul,1,0,0,0,0
6,1,size11_comp0.2_grid1_base_low,11,0.2,low,base,base,8,12,20,4,8,1,1,1,0,0,-1,64,0.0,0.109375,0.109375,0.0,0,0,56,8,50,0,0,13,62,8,0,50,0.78125,UR,-0.0,0,64,0,0,0,0.0,1.0,0.0,0.0,0.0,,0.0,0.0,0.0,0.0,0,ur,dr,ul,1,0,0,0,0
7,1,size11_comp0.2_grid1_base_low,11,0.2,low,base,base,8,12,20,4,8,1,1,1,0,0,-1,64,0.0,0.3125,0.3125,0.0,2,2,39,21,28,5,3,27,56,21,0,23,0.359375,UR,0.7424875695421236,0,15,0,4,45,0.0,0.7894736842105263,0.0,0.21052631578947367,0.703125,,0.0,0.0,0.0,0.0,0,ur,dr,ul,1,0,0,0,0
8,1,size11_comp0.2_grid1_base_low,11,0.2,low,base,base,8,12,20,4,8,1,1,1,0,0,-1,64,0.0,0.46875,0.46875,0.0,1,0,34,29,17,2,0,44,58,43,0,5,0.078125,UR,-0.0,0,64,0,0,0,0.0,1.0,0.0,0.0,0.0,,0.0,0.0,0.0,0.0,0,ur,dr,ul,1,0,0,0,0
9,1,size11_comp0.2_grid1_base_low,11,0.2,low,base,base,8,12,20,4,8,1,1,1,0,0,-1,64,0.0,0.328125,0.328125,0.0,3,1,38,22,23,2,5,33,60,23,0,20,0.3125,UR,-0.0,0,1,0,0,63,0.0,1.0,0.0,0.0,0.984375,,0.0,0.0,0.0,0.0,0,ur,dr,ul,1,0,0,0,0
0,2,size11_comp0.2_grid2_base_low,11,0.2,low,base,base,11,3,14,8,3,1,1,1,1,0,-1,64,0.0,0.203125,0.203125,0.0,0,2,5,57,53,2,1,7,54,4,0,46,0.71875,DR,0.3411538931451762,0,0,4,59,1,0.0,0.0,0.06349206349206349,0.9365079365079365,0.015625,,0.0,0.0,0.0,0.0,0,dl,dr,dr,0,1,0,0,0
1,2,size11_comp0.2_grid2_base_low,11,0.2,low,base,base,11,3,14,8,3,1,1,1,0,0,-1,64,0.0,0.171875,0.171875,0.0,0,1,5,58,51,1,1,10,57,5,0,48,0.75,DR,0.3999380474390277,0,0,5,58,1,0.0,0.0,0.07936507936507936,0.9206349206349206,0.015625,,0.0,0.0,0.0,0.0,0,dl,dr,dr,0,1,0,0,0
2,2,size11_comp0.2_grid2_base_low,11,0.2,low,base,base,11,3,14,8,3,1,1,1,0,0,-1,64,0.0,0.109375,0.109375,0.0,0,1,1,62,59,1,1,2,57,1,0,56,0.875,DR,0.3999380474390277,0,0,5,58,1,0.0,0.0,0.07936507936507936,0.9206349206349206,0.015625,,0.0,0.0,0.0,0.0,0,dl,dr,dr,0,1,0,0,0
3,2,size11_comp0.2_grid2_base_low,11,0.2,low,base,base,11,3,14,8,3,1,1,1,0,0,-1,64,0.0,0.203125,0.203125,0.0,0,0,7,57,49,0,0,14,57,8,0,44,0.6875,DR,0.4537163391869448,0,0,6,57,1,0.0,0.0,0.09523809523809523,0.9047619047619048,0.015625,,0.0,0.0,0.0,0.0,0,dl,dr,dr,0,1,0,0,0
4,2,size11_comp0.2_grid2_base_low,11,0.2,low,base,base,11,3,14,8,3,1,1,1,0,0,-1,64,0.0,0.1875,0.1875,0.0,0,0,6,58,51,0,0,12,57,8,0,46,0.71875,DR,0.4537163391869448,0,0,6,57,1,0.0,0.0,0.09523809523809523,0.9047619047619048,0.015625,,0.0,0.0,0.0,0.0,0,dl,dr,dr,0,1,0,0,0
5,2,size11_comp0.2_grid2_base_low,11,0.2,low,base,base,11,3,14,8,3,1,1,1,0,0,-1,64,0.0,0.1875,0.1875,0.0,0,0,6,58,51,0,0,12,57,8,0,46,0.71875,DR,0.3411538931451762,0,0,4,59,1,0.0,0.0,0.06349206349206349,0.9365079365079365,0.015625,,0.0,0.0,0.0,0.0,0,dl,dr,dr,0,1,0,0,0
6,2,size11_comp0.2_grid2_base_low,11,0.2,low,base,base,11,3,14,8,3,1,1,1,0,0,-1,64,0.0,0.171875,0.171875,0.0,0,0,5,59,53,0,0,10,57,6,0,48,0.75,DR,0.4537163391869448,0,0,6,57,1,0.0,0.0,0.09523809523809523,0.9047619047619048,0.015625,,0.0,0.0,0.0,0.0,0,dl,dr,dr,0,1,0,0,0
7,2,size11_comp0.2_grid2_base_low,11,0.2,low,base,base,11,3,14,8,3,1,1,1,0,0,-1,64,0.0,0.28125,0.28125,0.0,0,1,10,53,45,0,2,16,53,14,0,36,0.5625,DR,0.3411538931451762,0,0,4,59,1,0.0,0.0,0.06349206349206349,0.9365079365079365,0.015625,,0.0,0.0,0.0,0.0,0,dl,dr,dr,0,1,0,0,0
8,2,size11_comp0.2_grid2_base_low,11,0.2,low,base,base,11,3,14,8,3,1,1,1,1,0,-1,28,0.0,0.5714285714285714,0.5714285714285714,0.0,0,2,8,18,14,2,2,9,17,7,0,4,0.14285714285714285,DR,0.6193821946787638,0,0,4,22,2,0.0,0.0,0.15384615384615385,0.8461538461538461,0.07142857142857142,DR,0.0,0.0,0.0,0.03571428571428571,1,dl,dr,dr,0,1,0,0,0
9,2,size11_comp0.2_grid2_base_low,11,0.2,low,base,base,11,3,14,8,3,1,1,1,0,0,-1,64,0.0,0.25,0.25,0.0,0,1,8,55,46,1,1,15,54,9,0,40,0.625,DR,0.3411538931451762,0,0,4,59,1,0.0,0.0,0.06349206349206349,0.9365079365079365,0.015625,,0.0,0.0,0.0,0.0,0,dl,dr,dr,0,1,0,0,0
0,3,size11_comp0.2_grid3_base_low,11,0.2,low,base,base,8,4,12,4,4,1,1,1,0,0,-1,64,0.0,0.21875,0.21875,0.0,4,2,36,22,25,6,6,26,59,15,0,33,0.515625,UR,-0.0,0,33,0,0,31,0.0,1.0,0.0,0.0,0.484375,,0.0,0.0,0.0,0.0,0,midline,dl,dl,0,0,0,0,0
1,3,size11_comp0.2_grid3_base_low,11,0.2,low,base,base,8,4,12,4,4,1,1,1,1,0,-1,5,0.0,0.8,0.8,0.0,0,2,2,1,1,1,2,0,1,0,0,1,0.2,DR,-0.0,0,0,0,3,2,0.0,0.0,0.0,1.0,0.4,,0.0,0.0,0.0,0.0,0,midline,dl,dl,0,0,0,0,0
2,3,size11_comp0.2_grid3_base_low,11,0.2,low,base,base,8,4,12,4,4,1,1,1,1,0,-1,12,0.0,0.5833333333333334,0.5833333333333334,0.0,0,2,5,5,4,2,2,3,6,3,0,2,0.16666666666666666,DR,-0.0,0,0,0,4,8,0.0,0.0,0.0,1.0,0.6666666666666666,,0.0,0.0,0.0,0.0,0,midline,dl,dl,0,0,0,0,0
3,3,size11_comp0.2_grid3_base_low,11,0.2,low,base,base,8,4,12,4,4,1,1,1,1,0,-1,25,0.0,0.48,0.48,0.0,1,2,14,8,11,1,5,7,14,5,0,5,0.2,DR,-0.0,0,0,0,17,8,0.0,0.0,0.0,1.0,0.32,,0.0,0.0,0.0,0.0,0,midline,dl,dl,0,0,0,0,0
4,3,size11_comp0.2_grid3_base_low,11,0.2,low,base,base,8,4,12,4,4,1,1,1,1,0,-1,15,0.0,0.6,0.6,0.0,0,2,8,5,6,1,3,4,7,4,0,1,0.06666666666666667,DR,-0.0,0,0,0,10,5,0.0,0.0,0.0,1.0,0.3333333333333333,,0.0,0.0,0.0,0.0,0,midline,dl,dl,0,0,0,0,0
5,3,size11_comp0.2_grid3_base_low,11,0.2,low,base,base,8,4,12,4,4,1,1,1,0,0,-1,64,0.0,0.296875,0.296875,0.0,0,3,43,18,34,3,3,23,56,18,0,28,0.4375,DR,-0.0,0,0,0,38,26,0.0,0.0,0.0,1.0,0.40625,,0.0,0.0,0.0,0.0,0,midline,dl,dl,0,0,0,0,0
6,3,size11_comp0.2_grid3_base_low,11,0.2,low,base,base,8,4,12,4,4,1,1,1,1,0,-1,25,0.0,0.44,0.44,0.0,0,2,16,7,11,2,2,9,16,9,0,7,0.28,DR,-0.0,0,0,0,20,5,0.0,0.0,0.0,1.0,0.2,,0.0,0.0,0.0,0.0,0,midline,dl,dl,0,0,0,0,0
7,3,size11_comp0.2_grid3_base_low,11,0.2,low,base,base,8,4,12,4,4,1,1,1,1,0,-1,30,0.0,0.43333333333333335,0.43333333333333335,0.0,0,2,19,9,14,0,4,11,19,8,0,8,0.26666666666666666,DR,-0.0,0,0,0,24,6,0.0,0.0,0.0,1.0,0.2,,0.0,0.0,0.0,0.0,0,midline,dl,dl,0,0,0,0,0
8,3,size11_comp0.2_grid3_base_low,11,0.2,low,base,base,8,4,12,4,4,1,1,1,1,0,-1,15,0.0,0.6,0.6,0.0,0,2,7,6,7,2,2,3,5,2,0,1,0.06666666666666667,DR,-0.0,0,0,0,6,9,0.0,0.0,0.0,1.0,0.6,,0.0,0.0,0.0,0.0,0,midline,dl,dl,0,0,0,0,0
9,3,size11_comp0.2_grid3_base_low,11,0.2,low,base,base,8,4,12,4,4,1,1,1,1,0,-1,35,0.0,0.42857142857142855,0.42857142857142855,0.0,1,3,17,14,11,4,4,15,23,10,0,9,0.2571428571428571,DR,0.934068055375491,0,7,0,13,15,0.0,0.35,0.0,0.65,0.42857142857142855,,0.0,0.0,0.0,0.0,0,midline,dl,dl,0,0,0,0,0
0,4,size11_comp0.2_grid4_base_low,11,0.2,low,base,base,7,3,10,8,1,1,1,1,0,0,-1,64,0.0,0.46875,0.46875,0.0,0,1,29,34,20,1,1,41,57,38,0,3,0.046875,UR,-0.0,0,63,0,0,1,0.0,1.0,0.0,0.0,0.015625,UR,0.0,0.703125,0.0,0.0,10,ur,midline,midline,1,0,0,0,0
1,4,size11_comp0.2_grid4_base_low,11,0.2,low,base,base,7,3,10,8,1,1,1,1,0,0,-1,64,0.0,0.46875,0.46875,0.0,0,1,29,34,21,2,0,40,58,36,0,5,0.078125,UR,-0.0,0,64,0,0,0,0.0,1.0,0.0,0.0,0.0,UR,0.0,0.78125,0.0,0.0,11,ur,midline,midline,1,0,0,0,0
2,4,size11_comp0.2_grid4_base_low,11,0.2,low,base,base,7,3,10,8,1,1,1,1,1,0,-1,22,0.0,0.5909090909090909,0.5909090909090909,0.0,0,4,11,7,7,3,3,8,11,8,0,0,0.0,UR,-0.0,0,17,0,0,5,0.0,1.0,0.0,0.0,0.22727272727272727,UR,0.0,0.13636363636363635,0.0,0.0,1,ur,midline,midline,1,0,0,0,0
3,4,size11_comp0.2_grid4_base_low,11,0.2,low,base,base,7,3,10,8,1,1,1,1,0,0,-1,64,0.0,0.5,0.5,0.0,0,3,30,31,28,3,3,29,51,28,0,2,0.03125,UR,0.49123734182433315,6,50,0,0,8,0.10714285714285714,0.8928571428571429,0.0,0.0,0.125,UR,0.0,0.078125,0.0,0.0,3,ur,midline,midline,1,0,0,0,0
4,4,size11_comp0.2_grid4_base_low,11,0.2,low,base,base,7,3,10,8,1,1,1,1,0,0,-1,64,0.0,0.46875,0.46875,0.0,0,1,29,34,22,2,0,39,58,36,0,3,0.046875,UR,-0.0,0,64,0,0,0,0.0,1.0,0.0,0.0,0.0,UR,0.0,0.65625,0.0,0.0,9,ur,midline,midline,1,0,0,0,0
5,4,size11_comp0.2_grid4_base_low,11,0.2,low,base,base,7,3,10,8,1,1,1,1,0,0,-1,64,0.0,0.5,0.5,0.0,0,1,31,32,25,1,0,37,57,36,0,1,0.015625,UR,0.1222915970693747,1,59,0,0,4,0.016666666666666666,0.9833333333333333,0.0,0.0,0.0625,UR,0.0,0.640625,0.0,0.0,9,ur,midline,midline,1,0,0,0,0
6,4,size11_comp0.2_grid4_base_low,11,0.2,low,base,base,7,3,10,8,1,1,1,1,0,0,-1,64,0.0,0.46875,0.46875,0.0,0,1,29,34,26,0,2,35,58,34,0,3,0.046875,UR,-0.0,0,64,0,0,0,0.0,1.0,0.0,0.0,0.0,UR,0.0,0.703125,0.0,0.0,9,ur,midline,midline,1,0,0,0,0
7,4,size11_comp0.2_grid4_base_low,11,0.2,low,base,base,7,3,10,8,1,1,1,1,0,0,-1,64,0.0,0.484375,0.484375,0.0,0,1,30,33,18,1,1,43,56,40,0,2,0.03125,UR,-0.0,0,62,0,0,2,0.0,1.0,0.0,0.0,0.03125,UR,0.0,0.609375,0.0,0.0,11,ur,midline,midline,1,0,0,0,0
8,4,size11_comp0.2_grid4_base_low,11,0.2,low,base,base,7,3,10,8,1,1,1,1,0,0,-1,64,0.0,0.484375,0.484375,0.0,0,1,30,33,23,0,2,38,56,35,0,3,0.046875,UR,0.21357981533827733,2,57,0,0,5,0.03389830508474576,0.9661016949152542,0.0,0.0,0.078125,UR,0.0,0.625,0.0,0.0,12,ur,midline,midline,1,0,0,0,0
9,4,size11_comp0.2_grid4_base_low,11,0.2,low,base,base,7,3,10,8,1,1,1,1,0,0,-1,64,0.0,0.484375,0.484375,0.0,0,1,30,33,20,2,0,41,57,39,0,1,0.015625,UR,-0.0,0,64,0,0,0,0.0,1.0,0.0,0.0,0.0,UR,0.0,0.703125,0.0,0.0,13,ur,midline,midline,1,0,0,0,0
0,5,size11_comp0.2_grid5_base_low,11,0.2,low,base,base,9,9,18,10,4,1,1,1,0,0,-1,64,0.0,0.53125,0.53125,0.0,2,2,27,33,20,2,3,38,49,37,0,1,0.015625,UR,0.3491843735073079,4,57,0,0,3,0.06557377049180328,0.9344262295081968,0.0,0.0,0.046875,,0.0,0.0,0.0,0.0,0,ul,dr,ur,0,1,0,0,0
1,5,size11_comp0.2_grid5_base_low,11,0.2,low,base,base,9,9,18,10,4,1,1,1,0,0,-1,64,0.0,0.515625,0.515625,0.0,0,0,28,36,22,0,0,41,56,37,0,3,0.046875,UR,0.2761954276479391,3,60,0,0,1,0.047619047619047616,0.9523809523809523,0.0,0.0,0.015625,,0.0,0.0,0.0,0.0,0,ul,dr,ur,0,1,0,0,0
2,5,size11_comp0.2_grid5_base_low,11,0.2,low,base,base,9,9,18,10,4,1,1,1,0,0,-1,64,0.0,0.53125,0.53125,0.0,0,0,29,35,18,0,0,45,56,44,0,1,0.015625,UR,0.2761954276479391,3,60,0,0,1,0.047619047619047616,0.9523809523809523,0.0,0.0,0.015625,,0.0,0.0,0.0,0.0,0,ul,dr,ur,0,1,0,0,0
3,5,size11_comp0.2_grid5_base_low,11,0.2,low,base,base,9,9,18,10,4,1,1,1,0,0,-1,64,0.0,0.515625,0.515625,0.0,2,2,25,35,22,4,3,34,47,31,0,4,0.0625,UR,0.37123232664087563,4,52,0,0,8,0.07142857142857142,0.9285714285714286,0.0,0.0,0.125,,0.0,0.0,0.0,0.0,0,ul,dr,ur,0,1,0,0,0
4,5,size11_comp0.2_grid5_base_low,11,0.2,low,base,base,9,9,18,10,4,1,1,1,0,0,-1,64,0.0,0.53125,0.53125,0.0,0,0,28,36,21,0,0,42,56,40,0,2,0.03125,UR,0.2761954276479391,3,60,0,0,1,0.047619047619047616,0.9523809523809523,0.0,0.0,0.015625,,0.0,0.0,0.0,0.0,0,ul,dr,ur,0,1,0,0,0
5,5,size11_comp0.2_grid5_base_low,11,0.2,low,base,base,9,9,18,10,4,1,1,1,0,0,-1,64,0.0,0.53125,0.53125,0.0,3,3,26,32,21,4,3,35,48,34,0,1,0.015625,UR,0.2460225782203316,2,47,0,0,15,0.04081632653061224,0.9591836734693877,0.0,0.0,0.234375,,0.0,0.0,0.0,0.0,0,ul,dr,ur,0,1,0,0,0
6,5,size11_comp0.2_grid5_base_low,11,0.2,low,base,base,9,9,18,10,4,1,1,1,0,0,-1,64,0.0,0.21875,0.21875,0.0,2,13,7,42,43,8,3,9,53,8,0,39,0.609375,DL,0.3227569588973982,2,0,32,0,30,0.058823529411764705,0.0,0.9411764705882353,0.0,0.46875,,0.0,0.0,0.0,0.0,0,ul,dr,ur,0,0,0,0,0
7,5,size11_comp0.2_grid5_base_low,11,0.2,low,base,base,9,9,18,10,4,1,1,1,0,0,-1,64,0.0,0.53125,0.53125,0.0,0,0,27,37,19,0,0,44,56,42,0,3,0.046875,UR,0.2761954276479391,3,60,0,0,1,0.047619047619047616,0.9523809523809523,0.0,0.0,0.015625,,0.0,0.0,0.0,0.0,0,ul,dr,ur,0,1,0,0,0
8,5,size11_comp0.2_grid5_base_low,11,0.2,low,base,base,9,9,18,10,4,1,1,1,0,0,-1,64,0.0,0.53125,0.53125,0.0,0,0,28,36,20,0,0,43,56,40,0,2,0.03125,UR,0.2761954276479391,3,60,0,0,1,0.047619047619047616,0.9523809523809523,0.0,0.0,0.015625,,0.0,0.0,0.0,0.0,0,ul,dr,ur,0,1,0,0,0
9,5,size11_comp0.2_grid5_base_low,11,0.2,low,base,base,9,9,18,10,4,1,1,1,0,0,-1,64,0.0,0.53125,0.53125,0.0,0,0,27,37,21,0,0,42,56,38,0,3,0.046875,UR,0.345117314944953,4,58,0,0,2,0.06451612903225806,0.9354838709677419,0.0,0.0,0.03125,,0.0,0.0,0.0,0.0,0,ul,dr,ur,0,1,0,0,0
0,6,size11_comp0.2_grid6_base_low,11,0.2,low,base,base,5,6,11,7,3,1,1,1,0,0,-1,64,0.0,0.4375,0.4375,0.0,3,0,36,25,29,3,3,28,51,27,0,9,0.140625,UL,0.23868451135100135,49,2,0,0,13,0.9607843137254902,0.0392156862745098,0.0,0.0,0.203125,,0.0,0.0,0.0,0.0,0,midline,ul,ur,0,0,0,0,0
1,6,size11_comp0.2_grid6_base_low,11,0.2,low,base,base,5,6,11,7,3,1,1,1,0,0,-1,64,0.0,0.453125,0.453125,0.0,3,0,32,29,26,0,6,31,51,28,0,7,0.109375,UL,0.1792560669283215,36,1,0,0,27,0.972972972972973,0.02702702702702703,0.0,0.0,0.421875,,0.0,0.0,0.0,0.0,0,midline,ul,ur,0,0,0,0,0
2,6,size11_comp0.2_grid6_base_low,11,0.2,low,base,base,5,6,11,7,3,1,1,1,0,0,-1,64,0.0,0.484375,0.484375,0.0,2,0,32,30,24,4,0,35,49,32,0,2,0.03125,UL,0.7467366074830679,37,10,0,0,17,0.7872340425531915,0.2127659574468085,0.0,0.0,0.265625,,0.0,0.0,0.0,0.0,0,midline,ul,ur,0,0,0,0,0
3,6,size11_comp0.2_grid6_base_low,11,0.2,low,base,base,5,6,11,7,3,1,1,1,0,0,-1,64,0.0,0.4375,0.4375,0.0,2,2,33,27,12,1,7,43,54,39,0,7,0.109375,UL,-0.0,55,0,0,0,9,1.0,0.0,0.0,0.0,0.140625,,0.0,0.0,0.0,0.0,0,midline,ul,ur,0,0,0,0,0
4,6,size11_comp0.2_grid6_base_low,11,0.2,low,base,base,5,6,11,7,3,1,1,1,0,0,-1,64,0.0,0.46875,0.46875,0.0,2,1,32,29,28,4,2,29,48,29,0,2,0.03125,UL,0.83294582353614,39,14,0,0,11,0.7358490566037735,0.2641509433962264,0.0,0.0,0.171875,,0.0,0.0,0.0,0.0,0,midline,ul,ur,0,0,0,0,0
5,6,size11_comp0.2_grid6_base_low,11,0.2,low,base,base,5,6,11,7,3,1,1,1,0,0,-1,64,0.0,0.484375,0.484375,0.0,2,0,29,33,27,4,0,32,52,31,0,5,0.078125,UL,0.9023932827949788,30,14,0,0,20,0.6818181818181818,0.3181818181818182,0.0,0.0,0.3125,,0.0,0.0,0.0,0.0,0,midline,ul,ur,0,0,0,0,0
6,6,size11_comp0.2_grid6_base_low,11,0.2,low,base,base,5,6,11,7,3,1,1,1,0,0,-1,64,0.0,0.484375,0.484375,0.0,3,0,32,29,21,4,2,36,50,35,0,1,0.015625,UL,0.6343095546405662,42,8,0,0,14,0.84,0.16,0.0,0.0,0.21875,,0.0,0.0,0.0,0.0,0,midline,ul,ur,0,0,0,0,0
7,6,size11_comp0.2_grid6_base_low,11,0.2,low,base,base,5,6,11,7,3,1,1,1,0,0,-1,64,0.0,0.484375,0.484375,0.0,1,0,31,32,23,2,0,38,56,36,0,3,0.046875,UL,0.9997226475394072,26,25,0,0,13,0.5098039215686274,0.49019607843137253,0.0,0.0,0.203125,,0.0,0.0,0.0,0.0,0,midline,ul,ur,0,0,0,0,0
8,6,size11_comp0.2_grid6_base_low,11,0.2,low,base,base,5,6,11,7,3,1,1,1,0,0,-1,64,0.0,0.46875,0.46875,0.0,2,1,30,31,24,3,3,33,51,32,0,4,0.0625,UL,0.5185697317883058,38,5,0,0,21,0.8837209302325582,0.11627906976744186,0.0,0.0,0.328125,,0.0,0.0,0.0,0.0,0,midline,ul,ur,0,0,0,0,0
9,6,size11_comp0.2_grid6_base_low,11,0.2,low,base,base,5,6,11,7,3,1,1,1,0,0,-1,64,0.0,0.4375,0.4375,0.0,3,1,30,30,23,6,2,32,49,30,0,7,0.109375,UL,0.9996437496778561,23,22,0,0,19,0.5111111111111111,0.4888888888888889,0.0,0.0,0.296875,,0.0,0.0,0.0,0.0,0,midline,ul,ur,0,0,0,0,0
0,7,size11_comp0.2_grid7_base_low,11,0.2,low,base,base,6,4,10,10,0,1,1,1,1,1,24,43,0.23255813953488372,0.6046511627906976,0.6,0.6111111111111112,6,0,21,16,17,6,4,15,19,15,0,1,0.023255813953488372,UR,1.828780264334116,2,10,7,9,15,0.07142857142857142,0.35714285714285715,0.25,0.32142857142857145,0.3488372093023256,DR,0.0,0.0,0.0,0.046511627906976744,2,dr,ul,midline,0,0,0,0,0
1,7,size11_comp0.2_grid7_base_low,11,0.2,low,base,base,6,4,10,10,0,1,1,1,1,1,17,26,0.38461538461538464,0.6538461538461539,0.6111111111111112,0.75,6,0,12,8,9,5,5,6,8,5,0,2,0.07692307692307693,DL,1.494193430493157,1,4,13,3,5,0.047619047619047616,0.19047619047619047,0.6190476190476191,0.14285714285714285,0.19230769230769232,,0.0,0.0,0.0,0.0,0,dr,ul,midline,0,0,0,0,0
2,7,size11_comp0.2_grid7_base_low,11,0.2,low,base,base,6,4,10,10,0,1,1,1,1,1,28,39,0.2564102564102564,0.5384615384615384,0.5172413793103449,0.6,9,0,17,13,16,7,7,8,16,6,0,7,0.1794871794871795,DR,1.6699095137731645,1,5,10,12,11,0.03571428571428571,0.17857142857142858,0.35714285714285715,0.42857142857142855,0.28205128205128205,DR,0.0,0.0,0.0,0.07692307692307693,2,dr,ul,midline,1,0,0,0,0
3,7,size11_comp0.2_grid7_base_low,11,0.2,low,base,base,6,4,10,10,0,1,1,1,1,1,30,58,0.1724137931034483,0.4827586206896552,0.41935483870967744,0.5555555555555556,7,0,28,23,17,6,7,27,40,21,1,12,0.20689655172413793,DR,1.2073301426780854,3,16,0,30,9,0.061224489795918366,0.32653061224489793,0.0,0.6122448979591837,0.15517241379310345,DR,0.0,0.0,0.0,0.27586206896551724,16,dr,ul,midline,1,0,0,0,0
4,7,size11_comp0.2_grid7_base_low,11,0.2,low,base,base,6,4,10,10,0,1,1,1,0,1,38,64,0.0,0.46875,0.46153846153846156,0.48,6,0,24,34,22,5,7,29,44,23,0,13,0.203125,DL,1.2410527929518878,1,16,32,2,13,0.0196078431372549,0.3137254901960784,0.6274509803921569,0.0392156862745098,0.203125,,0.0,0.0,0.0,0.0,0,dr,ul,midline,0,0,0,0,0
5,7,size11_comp0.2_grid7_base_low,11,0.2,low,base,base,6,4,10,10,0,1,1,1,1,1,11,43,0.23255813953488372,0.6046511627906976,0.75,0.5483870967741935,6,0,20,17,13,5,3,21,27,20,1,1,0.023255813953488372,UR,0.998689844084022,1,23,0,8,11,0.03125,0.71875,0.0,0.25,0.2558139534883721,,0.0,0.0,0.0,0.0,0,dr,ul,midline,0,0,0,0,0
6,7,size11_comp0.2_grid7_base_low,11,0.2,low,base,base,6,4,10,10,0,1,1,1,1,1,38,53,0.18867924528301888,0.5094339622641509,0.46153846153846156,0.6428571428571429,6,0,30,17,21,7,3,21,32,19,0,9,0.16981132075471697,DL,1.5045039047620745,1,10,26,8,8,0.022222222222222223,0.2222222222222222,0.5777777777777777,0.17777777777777778,0.1509433962264151,DR,0.0,0.0,0.0,0.03773584905660377,2,dr,ul,midline,0,0,0,0,0
7,7,size11_comp0.2_grid7_base_low,11,0.2,low,base,base,6,4,10,10,0,1,1,1,1,1,20,32,0.3125,0.59375,0.5714285714285714,0.6363636363636364,8,0,14,10,13,5,6,7,12,5,1,4,0.125,DR,1.0230370655328809,2,3,0,16,11,0.09523809523809523,0.14285714285714285,0.0,0.7619047619047619,0.34375,DR,0.0,0.0,0.0,0.03125,1,dr,ul,midline,1,0,0,0,0
8,7,size11_comp0.2_grid7_base_low,11,0.2,low,base,base,6,4,10,10,0,1,1,1,1,1,12,26,0.38461538461538464,0.6538461538461539,0.6923076923076923,0.6153846153846154,7,0,11,8,10,5,5,5,6,4,0,2,0.07692307692307693,DR,1.8496017527145814,4,3,2,7,10,0.25,0.1875,0.125,0.4375,0.38461538461538464,DR,0.0,0.0,0.0,0.07692307692307693,2,dr,ul,midline,1,0,0,0,0
9,7,size11_comp0.2_grid7_base_low,11,0.2,low,base,base,6,4,10,10,0,1,1,1,1,1,37,48,0.20833333333333334,0.5208333333333334,0.47368421052631576,0.7,8,0,19,21,15,6,8,18,28,14,2,8,0.16666666666666666,DR,0.6338054550605168,1,4,0,35,8,0.025,0.1,0.0,0.875,0.16666666666666666,DR,0.0,0.0,0.0,0.0625,3,dr,ul,midline,1,0,0,0,0
0,8,size11_comp0.2_grid8_base_low,11,0.2,low,base,base,6,9,15,5,6,1,1,1,0,0,-1,64,0.0,0.484375,0.484375,0.0,0,1,31,32,26,2,0,35,59,35,0,1,0.015625,UR,-0.0,0,61,0,0,3,0.0,1.0,0.0,0.0,0.046875,UR,0.0,0.453125,0.0,0.0,7,ur,dr,ul,1,0,0,0,0
1,8,size11_comp0.2_grid8_base_low,11,0.2,low,base,base,6,9,15,5,6,1,1,1,0,0,-1,64,0.0,0.484375,0.484375,0.0,0,2,31,31,21,2,2,38,59,37,0,2,0.03125,UR,-0.0,0,63,0,0,1,0.0,1.0,0.0,0.0,0.015625,UR,0.0,0.609375,0.0,0.0,7,ur,dr,ul,1,0,0,0,0
2,8,size11_comp0.2_grid8_base_low,11,0.2,low,base,base,6,9,15,5,6,1,1,1,0,0,-1,64,0.0,0.515625,0.515625,0.0,0,0,33,31,26,0,0,37,59,36,0,0,0.0,UR,-0.0,0,60,0,0,4,0.0,1.0,0.0,0.0,0.0625,UR,0.0,0.390625,0.0,0.0,5,ur,dr,ul,1,0,0,0,0
3,8,size11_comp0.2_grid8_base_low,11,0.2,low,base,base,6,9,15,5,6,1,1,1,0,0,-1,64,0.0,0.5,0.5,0.0,0,0,32,32,22,0,0,41,59,40,0,0,0.0,UR,-0.0,0,60,0,0,4,0.0,1.0,0.0,0.0,0.0625,UR,0.0,0.359375,0.0,0.0,4,ur,dr,ul,1,0,0,0,0
4,8,size11_comp0.2_grid8_base_low,11,0.2,low,base,base,6,9,15,5,6,1,1,1,0,0,-1,64,0.0,0.515625,0.515625,0.0,0,2,33,29,23,3,1,36,58,36,0,2,0.03125,UR,0.12394986771100759,1,58,0,0,5,0.01694915254237288,0.9830508474576272,0.0,0.0,0.078125,UR,0.0,0.3125,0.0,0.0,5,ur,dr,ul,1,0,0,0,0
5,8,size11_comp0.2_grid8_base_low,11,0.2,low,base,base,6,9,15,5,6,1,1,1,0,0,-1,64,0.0,0.5,0.5,0.0,0,1,32,31,20,2,0,41,59,40,0,1,0.015625,UR,-0.0,0,63,0,0,1,0.0,1.0,0.0,0.0,0.015625,UR,0.0,0.3125,0.0,0.0,3,ur,dr,ul,1,0,0,0,0
6,8,size11_comp0.2_grid8_base_low,11,0.2,low,base,base,6,9,15,5,6,1,1,1,0,0,-1,64,0.0,0.5,0.5,0.0,0,2,32,30,20,4,0,39,59,38,0,2,0.03125,UR,-0.0,0,63,0,0,1,0.0,1.0,0.0,0.0,0.015625,UR,0.0,0.4375,0.0,0.0,5,ur,dr,ul,1,0,0,0,0
7,8,size11_comp0.2_grid8_base_low,11,0.2,low,base,base,6,9,15,5,6,1,1,1,0,0,-1,64,0.0,0.5,0.5,0.0,0,1,32,31,26,2,0,35,59,35,0,1,0.015625,UR,-0.0,0,63,0,0,1,0.0,1.0,0.0,0.0,0.015625,UR,0.0,0.46875,0.0,0.0,7,ur,dr,ul,1,0,0,0,0
8,8,size11_comp0.2_grid8_base_low,11,0.2,low,base,base,6,9,15,5,6,1,1,1,0,0,-1,64,0.0,0.453125,0.453125,0.0,0,4,30,30,18,3,5,37,56,35,0,4,0.0625,UR,0.1222915970693747,1,59,0,0,4,0.016666666666666666,0.9833333333333333,0.0,0.0,0.0625,UR,0.0,0.421875,0.0,0.0,9,ur,dr,ul,1,0,0,0,0
9,8,size11_comp0.2_grid8_base_low,11,0.2,low,base,base,6,9,15,5,6,1,1,1,0,0,-1,64,0.0,0.28125,0.28125,0.0,0,1,40,23,26,0,2,35,60,21,0,26,0.40625,UR,-0.0,0,64,0,0,0,0.0,1.0,0.0,0.0,0.0,UR,0.0,1.0,0.0,0.0,64,ur,dr,ul,1,0,0,0,0
0,9,size11_comp0.2_grid9_base_low,11,0.2,low,base,base,3,10,13,9,2,1,1,1,0,0,-1,64,0.0,0.1875,0.1875,0.0,3,0,45,16,41,2,3,17,53,12,0,35,0.546875,DR,0.4537163391869448,0,0,6,57,1,0.0,0.0,0.09523809523809523,0.9047619047619048,0.015625,DL,0.0,0.0,0.03125,0.015625,2,dl,dr,dl,0,0,0,0,0
1,9,size11_comp0.2_grid9_base_low,11,0.2,low,base,base,3,10,13,9,2,1,1,1,0,1,2,64,0.0,0.234375,1.0,0.19672131147540983,5,4,5,50,42,4,8,9,55,6,42,42,0.65625,DL,-0.0,0,0,54,0,10,0.0,0.0,1.0,0.0,0.15625,DL,0.0,0.0,0.140625,0.0,3,dl,dr,dl,1,1,0,0,0
2,9,size11_comp0.2_grid9_base_low,11,0.2,low,base,base,3,10,13,9,2,1,1,1,0,0,-1,64,0.0,0.359375,0.359375,0.0,2,0,32,30,30,2,2,29,57,16,0,17,0.265625,DL,-0.0,0,0,48,0,16,0.0,0.0,1.0,0.0,0.25,DL,0.0,0.0,0.015625,0.0,1,dl,dr,dl,1,1,0,0,0
3,9,size11_comp0.2_grid9_base_low,11,0.2,low,base,base,3,10,13,9,2,1,1,1,0,0,-1,64,0.0,0.1875,0.1875,0.0,3,0,45,16,40,2,4,17,51,12,0,35,0.546875,DR,0.5916727785823275,0,0,9,54,1,0.0,0.0,0.14285714285714285,0.8571428571428571,0.015625,DL,0.0,0.0,0.078125,0.015625,5,dl,dr,dl,0,0,0,0,0
4,9,size11_comp0.2_grid9_base_low,11,0.2,low,base,base,3,10,13,9,2,1,1,1,0,0,-1,64,0.0,0.140625,0.140625,0.0,2,0,49,13,48,2,1,12,53,7,0,41,0.640625,DR,0.3411538931451762,0,0,4,59,1,0.0,0.0,0.06349206349206349,0.9365079365079365,0.015625,DL,0.0,0.0,0.03125,0.015625,2,dl,dr,dl,0,0,0,0,0
5,9,size11_comp0.2_grid9_base_low,11,0.2,low,base,base,3,10,13,9,2,1,1,1,0,0,-1,64,0.0,0.375,0.375,0.0,4,0,30,30,26,2,1,34,58,24,0,15,0.234375,DL,-0.0,0,0,47,0,17,0.0,0.0,1.0,0.0,0.265625,DL,0.0,0.0,0.0625,0.0,4,dl,dr,dl,1,1,0,0,0
6,9,size11_comp0.2_grid9_base_low,11,0.2,low,base,base,3,10,13,9,2,1,1,1,0,0,-1,64,0.0,0.359375,0.359375,0.0,2,0,34,28,26,1,2,34,58,24,0,15,0.234375,DL,-0.0,0,0,54,0,10,0.0,0.0,1.0,0.0,0.15625,DL,0.0,0.0,0.03125,0.0,2,dl,dr,dl,1,1,0,0,0
7,9,size11_comp0.2_grid9_base_low,11,0.2,low,base,base,3,10,13,9,2,1,1,1,0,0,-1,64,0.0,0.359375,0.359375,0.0,2,0,36,26,28,2,2,31,56,21,0,17,0.265625,DL,-0.0,0,0,53,0,11,0.0,0.0,1.0,0.0,0.171875,DL,0.0,0.0,0.046875,0.0,2,dl,dr,dl,1,1,0,0,0
8,9,size11_comp0.2_grid9_base_low,11,0.2,low,base,base,3,10,13,9,2,1,1,1,0,0,-1,64,0.0,0.328125,0.328125,0.0,3,0,35,26,29,1,2,31,57,21,0,21,0.328125,DL,-0.0,0,0,54,0,10,0.0,0.0,1.0,0.0,0.15625,DL,0.0,0.0,0.046875,0.0,3,dl,dr,dl,1,1,0,0,0
9,9,size11_comp0.2_grid9_base_low,11,0.2,low,base,base,3,10,13,9,2,1,1,1,0,0,-1,64,0.0,0.21875,0.21875,0.0,5,0,40,19,34,5,1,23,53,13,0,31,0.484375,DR,0.5491087450260073,0,0,8,55,1,0.0,0.0,0.12698412698412698,0.873015873015873,0.015625,DL,0.0,0.0,0.046875,0.0,1,dl,dr,dl,0,0,0,0,0
0,0,size11_comp0.4_grid0_base_low,11,0.4,low,base,base,3,7,10,6,2,1,1,1,0,1,4,64,0.0,0.375,0.8,0.3389830508474576,3,0,40,21,35,2,3,23,51,18,1,24,0.375,DR,0.12068101401352381,0,0,1,60,3,0.0,0.0,0.01639344262295082,0.9836065573770492,0.046875,DR,0.0,0.0,0.0,0.015625,1,dr,midline,dl,1,0,0,0,0
1,0,size11_comp0.4_grid0_base_low,11,0.4,low,base,base,3,7,10,6,2,1,1,1,0,1,2,64,0.0,0.484375,1.0,0.45901639344262296,4,0,32,28,29,3,4,27,49,20,1,10,0.15625,DR,0.12741851179235877,0,0,1,56,7,0.0,0.0,0.017543859649122806,0.9824561403508771,0.109375,DR,0.0,0.0,0.0,0.171875,6,dr,midline,dl,1,0,0,0,0
2,0,size11_comp0.4_grid0_base_low,11,0.4,low,base,base,3,7,10,6,2,1,1,1,0,1,4,64,0.0,0.515625,0.8,0.4915254237288136,4,0,30,30,23,5,2,33,50,30,4,6,0.09375,DR,0.2974722489192896,0,0,3,54,7,0.0,0.0,0.05263157894736842,0.9473684210526315,0.109375,DR,0.0,0.0,0.0,0.09375,3,dr,midline,dl,1,0,0,0,0
3,0,size11_comp0.4_grid0_base_low,11,0.4,low,base,base,3,7,10,6,2,1,1,1,0,0,-1,64,0.0,0.3125,0.3125,0.0,3,0,38,23,33,2,4,24,51,20,0,22,0.34375,DR,-0.0,0,0,0,64,0,0.0,0.0,0.0,1.0,0.0,DR,0.0,0.0,0.0,0.171875,11,dr,midline,dl,1,0,0,0,0
4,0,size11_comp0.4_grid0_base_low,11,0.4,low,base,base,3,7,10,6,2,1,1,1,0,1,2,64,0.0,0.4375,1.0,0.4098360655737705,3,0,37,24,29,2,3,29,52,23,3,16,0.25,DR,0.208180945557171,0,0,2,59,3,0.0,0.0,0.03278688524590164,0.9672131147540983,0.046875,DR,0.0,0.0,0.0,0.0625,1,dr,midline,dl,1,0,0,0,0
5,0,size11_comp0.4_grid0_base_low,11,0.4,low,base,base,3,7,10,6,2,1,1,1,0,1,2,64,0.0,0.25,1.0,0.21311475409836064,3,0,38,23,28,4,1,30,53,11,1,38,0.59375,DR,0.26676498780302604,0,0,1,21,42,0.0,0.0,0.045454545454545456,0.9545454545454546,0.65625,,0.0,0.0,0.0,0.0,0,dr,midline,dl,1,0,0,0,0
6,0,size11_comp0.4_grid0_base_low,11,0.4,low,base,base,3,7,10,6,2,1,1,1,0,1,6,64,0.0,0.484375,0.7142857142857143,0.45614035087719296,3,0,30,31,26,2,4,31,55,26,21,8,0.125,DR,0.8403586716091171,0,0,14,38,12,0.0,0.0,0.2692307692307692,0.7307692307692307,0.1875,DR,0.0,0.0,0.0,0.34375,7,dr,midline,dl,1,0,0,0,0
7,0,size11_comp0.4_grid0_base_low,11,0.4,low,base,base,3,7,10,6,2,1,1,1,0,1,2,64,0.0,0.53125,1.0,0.5081967213114754,5,0,28,31,23,3,6,31,50,29,8,4,0.0625,DR,0.4798320236161285,0,0,6,52,6,0.0,0.0,0.10344827586206896,0.896551724137931,0.09375,DR,0.0,0.0,0.0,0.0625,4,dr,midline,dl,1,0,0,0,0
8,0,size11_comp0.4_grid0_base_low,11,0.4,low,base,base,3,7,10,6,2,1,1,1,0,0,-1,64,0.0,0.3125,0.3125,0.0,3,0,39,22,34,2,3,24,53,16,0,21,0.328125,DR,-0.0,0,0,0,62,2,0.0,0.0,0.0,1.0,0.03125,,0.0,0.0,0.0,0.0,0,dr,midline,dl,1,0,0,0,0
9,0,size11_comp0.4_grid0_base_low,11,0.4,low,base,base,3,7,10,6,2,1,1,1,0,1,4,64,0.0,0.515625,0.8,0.4915254237288136,5,0,30,29,23,4,6,30,52,28,6,6,0.09375,DR,0.42368057157091055,0,0,5,53,6,0.0,0.0,0.08620689655172414,0.9137931034482759,0.09375,,0.0,0.0,0.0,0.0,0,dr,midline,dl,1,0,0,0,0
0,1,size11_comp0.4_grid1_base_low,11,0.4,low,base,base,11,5,16,6,5,1,1,1,0,0,-1,64,0.0,0.359375,0.359375,0.0,0,1,20,43,34,2,0,27,56,18,0,23,0.359375,UL,0.8879763195151349,25,11,0,0,28,0.6944444444444444,0.3055555555555556,0.0,0.0,0.4375,,0.0,0.0,0.0,0.0,0,ul,midline,dr,1,0,0,0,0
1,1,size11_comp0.4_grid1_base_low,11,0.4,low,base,base,11,5,16,6,5,1,1,1,0,0,-1,64,0.0,0.203125,0.203125,0.0,0,0,11,53,41,0,0,22,61,13,0,40,0.625,UL,-0.0,13,0,0,0,51,1.0,0.0,0.0,0.0,0.796875,,0.0,0.0,0.0,0.0,0,ul,midline,dr,1,0,0,0,0
2,1,size11_comp0.4_grid1_base_low,11,0.4,low,base,base,11,5,16,6,5,1,1,1,0,0,-1,64,0.0,0.25,0.25,0.0,0,0,14,50,39,0,0,24,61,14,0,34,0.53125,UL,-0.0,18,0,0,0,46,1.0,0.0,0.0,0.0,0.71875,,0.0,0.0,0.0,0.0,0,ul,midline,dr,1,0,0,0,0
3,1,size11_comp0.4_grid1_base_low,11,0.4,low,base,base,11,5,16,6,5,1,1,1,0,0,-1,64,0.0,0.234375,0.234375,0.0,0,0,17,47,37,0,0,26,61,17,0,35,0.546875,UL,-0.0,19,0,0,0,45,1.0,0.0,0.0,0.0,0.703125,,0.0,0.0,0.0,0.0,0,ul,midline,dr,1,0,0,0,0
4,1,size11_comp0.4_grid1_base_low,11,0.4,low,base,base,11,5,16,6,5,1,1,1,1,0,-1,15,0.0,0.6666666666666666,0.6666666666666666,0.0,0,2,4,9,6,1,1,6,9,6,0,1,0.06666666666666667,UR,0.8112781244591328,3,9,0,0,3,0.25,0.75,0.0,0.0,0.2,,0.0,0.0,0.0,0.0,0,ul,midline,dr,0,0,0,0,0
5,1,size11_comp0.4_grid1_base_low,11,0.4,low,base,base,11,5,16,6,5,1,1,1,0,0,-1,64,0.0,0.265625,0.265625,0.0,0,0,16,48,37,0,0,26,61,16,0,32,0.5,UL,-0.0,20,0,0,0,44,1.0,0.0,0.0,0.0,0.6875,,0.0,0.0,0.0,0.0,0,ul,midline,dr,1,0,0,0,0
6,1,size11_comp0.4_grid1_base_low,11,0.4,low,base,base,11,5,16,6,5,1,1,1,0,0,-1,64,0.0,0.28125,0.28125,0.0,0,0,16,48,35,0,0,28,61,20,0,30,0.46875,UL,-0.0,22,0,0,0,42,1.0,0.0,0.0,0.0,0.65625,,0.0,0.0,0.0,0.0,0,ul,midline,dr,1,0,0,0,0
7,1,size11_comp0.4_grid1_base_low,11,0.4,low,base,base,11,5,16,6,5,1,1,1,0,0,-1,64,0.0,0.203125,0.203125,0.0,0,0,11,53,43,0,0,20,61,13,0,40,0.625,UL,-0.0,14,0,0,0,50,1.0,0.0,0.0,0.0,0.78125,,0.0,0.0,0.0,0.0,0,ul,midline,dr,1,0,0,0,0
8,1,size11_comp0.4_grid1_base_low,11,0.4,low,base,base,11,5,16,6,5,1,1,1,1,0,-1,29,0.0,0.3793103448275862,0.3793103448275862,0.0,0,2,5,22,18,2,1,7,21,4,0,13,0.4482758620689655,UL,0.9182958340544896,8,4,0,0,17,0.6666666666666666,0.3333333333333333,0.0,0.0,0.5862068965517241,,0.0,0.0,0.0,0.0,0,ul,midline,dr,1,0,0,0,0
9,1,size11_comp0.4_grid1_base_low,11,0.4,low,base,base,11,5,16,6,5,1,1,1,0,0,-1,64,0.0,0.203125,0.203125,0.0,0,0,11,53,45,0,0,18,61,11,0,40,0.625,UL,-0.0,15,0,0,0,49,1.0,0.0,0.0,0.0,0.765625,,0.0,0.0,0.0,0.0,0,ul,midline,dr,1,0,0,0,0
0,2,size11_comp0.4_grid2_base_low,11,0.4,low,base,base,14,4,18,12,4,1,1,1,0,0,-1,64,0.0,0.40625,0.40625,0.0,5,0,23,36,32,1,5,25,56,19,0,16,0.25,DL,-0.0,0,0,41,0,23,0.0,0.0,1.0,0.0,0.359375,DL,0.0,0.0,0.109375,0.0,5,dl,ur,ur,1,0,0,0,0
1,2,size11_comp0.4_grid2_base_low,11,0.4,low,base,base,14,4,18,12,4,1,1,1,0,0,-1,64,0.0,0.21875,0.21875,0.0,9,0,8,47,40,5,7,11,53,10,0,41,0.640625,DL,0.8179252501386403,15,0,44,0,5,0.2542372881355932,0.0,0.7457627118644068,0.0,0.078125,DL,0.0,0.0,0.1875,0.0,6,dl,ur,ur,1,0,0,0,0
2,2,size11_comp0.4_grid2_base_low,11,0.4,low,base,base,14,4,18,12,4,1,1,1,0,0,-1,64,0.0,0.0,0.0,0.0,1,0,1,62,60,0,1,2,62,0,0,63,0.984375,DL,-0.0,0,0,64,0,0,0.0,0.0,1.0,0.0,0.0,DL,0.0,0.0,0.015625,0.0,1,dl,ur,ur,1,0,0,0,0
3,2,size11_comp0.4_grid2_base_low,11,0.4,low,base,base,14,4,18,12,4,1,1,1,0,0,-1,64,0.0,0.421875,0.421875,0.0,7,0,24,33,21,9,5,28,51,19,0,22,0.34375,DL,0.863120568566631,0,8,20,0,36,0.0,0.2857142857142857,0.7142857142857143,0.0,0.5625,DL,0.0,0.0,0.03125,0.0,2,dl,ur,ur,1,0,0,0,0
4,2,size11_comp0.4_grid2_base_low,11,0.4,low,base,base,14,4,18,12,4,1,1,1,0,0,-1,64,0.0,0.296875,0.296875,0.0,3,0,14,47,34,2,4,23,58,14,0,31,0.484375,DL,-0.0,0,0,23,0,41,0.0,0.0,1.0,0.0,0.640625,DL,0.0,0.0,0.046875,0.0,3,dl,ur,ur,1,0,0,0,0
5,2,size11_comp0.4_grid2_base_low,11,0.4,low,base,base,14,4,18,12,4,1,1,1,0,0,-1,64,0.0,0.328125,0.328125,0.0,4,0,16,44,33,1,5,24,58,18,0,27,0.421875,DL,-0.0,0,0,33,0,31,0.0,0.0,1.0,0.0,0.484375,DL,0.0,0.0,0.09375,0.0,3,dl,ur,ur,1,0,0,0,0
6,2,size11_comp0.4_grid2_base_low,11,0.4,low,base,base,14,4,18,12,4,1,1,1,0,0,-1,64,0.0,0.3125,0.3125,0.0,5,0,14,45,38,4,5,16,54,13,0,29,0.453125,UL,0.8196004346196011,35,0,12,0,17,0.7446808510638298,0.0,0.2553191489361702,0.0,0.265625,DL,0.0,0.0,0.015625,0.0,1,dl,ur,ur,0,0,0,0,0
7,2,size11_comp0.4_grid2_base_low,11,0.4,low,base,base,14,4,18,12,4,1,1,1,0,0,-1,64,0.0,0.40625,0.40625,0.0,6,0,23,35,27,4,4,28,51,18,0,19,0.296875,UR,1.5201460725593479,17,19,9,0,19,0.37777777777777777,0.4222222222222222,0.2,0.0,0.296875,DL,0.0,0.0,0.046875,0.0,3,dl,ur,ur,0,1,0,0,0
8,2,size11_comp0.4_grid2_base_low,11,0.4,low,base,base,14,4,18,12,4,1,1,1,0,0,-1,64,0.0,0.296875,0.296875,0.0,6,0,10,48,40,4,5,14,51,13,0,34,0.53125,UL,1.4053323384608651,24,6,19,0,15,0.4897959183673469,0.12244897959183673,0.3877551020408163,0.0,0.234375,UL,0.0625,0.0,0.015625,0.0,4,dl,ur,ur,0,0,0,0,0
9,2,size11_comp0.4_grid2_base_low,11,0.4,low,base,base,14,4,18,12,4,1,1,1,0,0,-1,64,0.0,0.21875,0.21875,0.0,5,0,23,36,31,4,6,22,54,8,0,44,0.6875,DL,-0.0,0,0,14,0,50,0.0,0.0,1.0,0.0,0.78125,DL,0.0,0.0,0.140625,0.0,7,dl,ur,ur,1,0,0,0,0
0,3,size11_comp0.4_grid3_base_low,11,0.4,low,base,base,3,7,10,10,0,1,1,1,0,1,28,64,0.0,0.25,0.2413793103448276,0.2571428571428571,1,6,15,42,37,6,8,12,50,9,0,35,0.546875,DR,0.9612366047228759,5,0,0,8,51,0.38461538461538464,0.0,0.0,0.6153846153846154,0.796875,,0.0,0.0,0.0,0.0,0,midline,dl,ul,0,0,0,0,0
1,3,size11_comp0.4_grid3_base_low,11,0.4,low,base,base,3,7,10,10,0,1,1,1,0,1,24,64,0.0,0.40625,0.44,0.38461538461538464,2,10,24,28,21,9,11,22,41,17,1,13,0.203125,DR,0.7981943390667416,6,1,0,31,26,0.15789473684210525,0.02631578947368421,0.0,0.8157894736842105,0.40625,,0.0,0.0,0.0,0.0,0,midline,dl,ul,0,0,0,0,0
2,3,size11_comp0.4_grid3_base_low,11,0.4,low,base,base,3,7,10,10,0,1,1,1,0,1,4,64,0.0,0.40625,0.8,0.3728813559322034,3,7,24,30,26,10,6,21,46,20,0,13,0.203125,DR,0.47543164626872064,5,0,0,44,15,0.10204081632653061,0.0,0.0,0.8979591836734694,0.234375,,0.0,0.0,0.0,0.0,0,midline,dl,ul,0,0,0,0,0
3,3,size11_comp0.4_grid3_base_low,11,0.4,low,base,base,3,7,10,10,0,1,1,1,0,1,8,64,0.0,0.421875,0.4444444444444444,0.41818181818181815,3,6,28,27,26,9,7,21,45,17,0,11,0.171875,DR,0.5225593745369408,6,0,0,45,13,0.11764705882352941,0.0,0.0,0.8823529411764706,0.203125,,0.0,0.0,0.0,0.0,0,midline,dl,ul,0,0,0,0,0
4,3,size11_comp0.4_grid3_base_low,11,0.4,low,base,base,3,7,10,10,0,1,1,1,0,1,9,64,0.0,0.359375,0.4,0.35185185185185186,2,9,23,30,23,12,9,19,49,16,0,22,0.34375,DR,0.4488644887230294,3,0,0,29,32,0.09375,0.0,0.0,0.90625,0.5,,0.0,0.0,0.0,0.0,0,midline,dl,ul,0,0,0,0,0
5,3,size11_comp0.4_grid3_base_low,11,0.4,low,base,base,3,7,10,10,0,1,1,1,0,1,3,64,0.0,0.40625,0.75,0.38333333333333336,2,8,21,33,26,5,7,25,48,21,0,14,0.21875,DR,0.4059770384755711,3,0,0,34,27,0.08108108108108109,0.0,0.0,0.918918918918919,0.421875,,0.0,0.0,0.0,0.0,0,midline,dl,ul,0,0,0,0,0
6,3,size11_comp0.4_grid3_base_low,11,0.4,low,base,base,3,7,10,10,0,1,1,1,0,1,6,64,0.0,0.453125,0.5714285714285714,0.43859649122807015,4,10,23,27,17,16,10,20,46,18,0,8,0.125,DR,0.32744491915447627,3,0,0,47,14,0.06,0.0,0.0,0.94,0.21875,,0.0,0.0,0.0,0.0,0,midline,dl,ul,0,0,0,0,0
7,3,size11_comp0.4_grid3_base_low,11,0.4,low,base,base,3,7,10,10,0,1,1,1,0,1,7,64,0.0,0.421875,0.5,0.4107142857142857,2,7,29,26,24,11,4,24,48,20,0,12,0.1875,DR,0.3138129641688651,3,0,0,50,11,0.05660377358490566,0.0,0.0,0.9433962264150944,0.171875,,0.0,0.0,0.0,0.0,0,midline,dl,ul,0,0,0,0,0
8,3,size11_comp0.4_grid3_base_low,11,0.4,low,base,base,3,7,10,10,0,1,1,1,0,1,9,64,0.0,0.421875,0.6,0.3888888888888889,2,5,29,28,20,8,6,29,46,27,1,11,0.171875,DR,0.5335263227828173,4,1,0,46,13,0.0784313725490196,0.0196078431372549,0.0,0.9019607843137255,0.203125,,0.0,0.0,0.0,0.0,0,midline,dl,ul,0,0,0,0,0
9,3,size11_comp0.4_grid3_base_low,11,0.4,low,base,base,3,7,10,10,0,1,1,1,0,1,6,64,0.0,0.484375,0.5714285714285714,0.47368421052631576,2,7,26,29,21,12,4,26,48,25,1,4,0.0625,DR,0.3013786435930858,3,0,0,53,8,0.05357142857142857,0.0,0.0,0.9464285714285714,0.125,,0.0,0.0,0.0,0.0,0,midline,dl,ul,0,0,0,0,0
0,4,size11_comp0.4_grid4_base_low,11,0.4,low,base,base,7,7,14,12,1,1,1,1,0,0,-1,64,0.0,0.5,0.5,0.0,0,2,32,30,18,1,3,41,54,41,0,0,0.0,UR,-0.0,0,64,0,0,0,0.0,1.0,0.0,0.0,0.0,UR,0.0,0.421875,0.0,0.0,5,ur,dl,dr,1,0,0,0,0
1,4,size11_comp0.4_grid4_base_low,11,0.4,low,base,base,7,7,14,12,1,1,1,1,0,0,-1,64,0.0,0.5,0.5,0.0,0,2,31,31,22,4,0,37,52,35,0,1,0.015625,UR,-0.0,0,63,0,0,1,0.0,1.0,0.0,0.0,0.015625,UR,0.0,0.28125,0.0,0.0,3,ur,dl,dr,1,0,0,0,0
2,4,size11_comp0.4_grid4_base_low,11,0.4,low,base,base,7,7,14,12,1,1,1,1,0,0,-1,64,0.0,0.515625,0.515625,0.0,0,2,31,31,22,2,2,37,52,36,0,0,0.0,UR,-0.0,0,63,0,0,1,0.0,1.0,0.0,0.0,0.015625,UR,0.0,0.328125,0.0,0.0,5,ur,dl,dr,1,0,0,0,0
3,4,size11_comp0.4_grid4_base_low,11,0.4,low,base,base,7,7,14,12,1,1,1,1,0,0,-1,64,0.0,0.484375,0.484375,0.0,0,1,31,32,24,0,2,37,58,35,0,2,0.03125,UR,-0.0,0,64,0,0,0,0.0,1.0,0.0,0.0,0.0,UR,0.0,0.59375,0.0,0.0,5,ur,dl,dr,1,0,0,0,0
4,4,size11_comp0.4_grid4_base_low,11,0.4,low,base,base,7,7,14,12,1,1,1,1,0,0,-1,64,0.0,0.515625,0.515625,0.0,0,2,31,31,21,1,2,39,56,39,0,0,0.0,UR,-0.0,0,62,0,0,2,0.0,1.0,0.0,0.0,0.03125,UR,0.0,0.53125,0.0,0.0,7,ur,dl,dr,1,0,0,0,0
5,4,size11_comp0.4_grid4_base_low,11,0.4,low,base,base,7,7,14,12,1,1,1,1,0,0,-1,64,0.0,0.5,0.5,0.0,0,2,30,32,14,3,1,45,55,43,0,2,0.03125,UR,-0.0,0,64,0,0,0,0.0,1.0,0.0,0.0,0.0,UR,0.0,0.34375,0.0,0.0,10,ur,dl,dr,1,0,0,0,0
6,4,size11_comp0.4_grid4_base_low,11,0.4,low,base,base,7,7,14,12,1,1,1,1,0,0,-1,64,0.0,0.5,0.5,0.0,0,2,30,32,19,0,4,40,53,38,0,2,0.03125,UR,-0.0,0,64,0,0,0,0.0,1.0,0.0,0.0,0.0,UR,0.0,0.125,0.0,0.0,5,ur,dl,dr,1,0,0,0,0
7,4,size11_comp0.4_grid4_base_low,11,0.4,low,base,base,7,7,14,12,1,1,1,1,0,0,-1,64,0.0,0.5,0.5,0.0,0,2,31,31,19,1,1,42,55,40,0,1,0.015625,UR,-0.0,0,64,0,0,0,0.0,1.0,0.0,0.0,0.0,UR,0.0,0.3125,0.0,0.0,7,ur,dl,dr,1,0,0,0,0
8,4,size11_comp0.4_grid4_base_low,11,0.4,low,base,base,7,7,14,12,1,1,1,1,0,0,-1,64,0.0,0.5,0.5,0.0,0,2,30,32,21,2,2,38,53,37,0,1,0.015625,UR,-0.0,0,64,0,0,0,0.0,1.0,0.0,0.0,0.0,UR,0.0,0.375,0.0,0.0,4,ur,dl,dr,1,0,0,0,0
9,4,size11_comp0.4_grid4_base_low,11,0.4,low,base,base,7,7,14,12,1,1,1,1,0,0,-1,64,0.0,0.484375,0.484375,0.0,0,1,33,30,24,0,2,37,57,36,0,1,0.015625,UR,-0.0,0,64,0,0,0,0.0,1.0,0.0,0.0,0.0,UR,0.0,0.65625,0.0,0.0,5,ur,dl,dr,1,0,0,0,0
0,5,size11_comp0.4_grid5_base_low,11,0.4,low,base,base,7,7,14,4,5,1,1,1,1,0,-1,15,0.0,0.3333333333333333,0.3333333333333333,0.0,0,1,3,11,8,1,1,4,9,3,0,5,0.3333333333333333,UL,-0.0,9,0,0,0,6,1.0,0.0,0.0,0.0,0.4,,0.0,0.0,0.0,0.0,0,ul,midline,dl,1,0,0,0,0
1,5,size11_comp0.4_grid5_base_low,11,0.4,low,base,base,7,7,14,4,5,1,1,1,0,0,-1,64,0.0,0.375,0.375,0.0,0,0,23,41,29,0,0,34,60,27,0,15,0.234375,UL,-0.0,33,0,0,0,31,1.0,0.0,0.0,0.0,0.484375,,0.0,0.0,0.0,0.0,0,ul,midline,dl,1,0,0,0,0
2,5,size11_comp0.4_grid5_base_low,11,0.4,low,base,base,7,7,14,4,5,1,1,1,1,0,-1,10,0.0,0.5,0.5,0.0,0,1,3,6,4,0,1,4,6,4,0,0,0.0,UL,-0.0,8,0,0,0,2,1.0,0.0,0.0,0.0,0.2,,0.0,0.0,0.0,0.0,0,ul,midline,dl,1,0,0,0,0
3,5,size11_comp0.4_grid5_base_low,11,0.4,low,base,base,7,7,14,4,5,1,1,1,1,0,-1,9,0.0,0.4444444444444444,0.4444444444444444,0.0,0,1,2,6,5,0,1,2,5,1,0,1,0.1111111111111111,UL,-0.0,6,0,0,0,3,1.0,0.0,0.0,0.0,0.3333333333333333,,0.0,0.0,0.0,0.0,0,ul,midline,dl,1,0,0,0,0
4,5,size11_comp0.4_grid5_base_low,11,0.4,low,base,base,7,7,14,4,5,1,1,1,1,0,-1,7,0.0,0.42857142857142855,0.42857142857142855,0.0,0,1,1,5,3,0,1,2,3,2,0,1,0.14285714285714285,UL,-0.0,5,0,0,0,2,1.0,0.0,0.0,0.0,0.2857142857142857,,0.0,0.0,0.0,0.0,0,ul,midline,dl,1,0,0,0,0
5,5,size11_comp0.4_grid5_base_low,11,0.4,low,base,base,7,7,14,4,5,1,1,1,1,0,-1,6,0.0,0.5,0.5,0.0,0,1,1,4,1,1,1,2,2,2,0,0,0.0,UL,-0.0,6,0,0,0,0,1.0,0.0,0.0,0.0,0.0,,0.0,0.0,0.0,0.0,0,ul,midline,dl,1,0,0,0,0
6,5,size11_comp0.4_grid5_base_low,11,0.4,low,base,base,7,7,14,4,5,1,1,1,1,0,-1,12,0.0,0.5,0.5,0.0,0,1,4,7,3,1,1,6,7,6,0,0,0.0,UL,-0.0,11,0,0,0,1,1.0,0.0,0.0,0.0,0.08333333333333333,,0.0,0.0,0.0,0.0,0,ul,midline,dl,1,0,0,0,0
7,5,size11_comp0.4_grid5_base_low,11,0.4,low,base,base,7,7,14,4,5,1,1,1,1,0,-1,8,0.0,0.5,0.5,0.0,0,1,2,5,3,0,1,3,3,3,0,0,0.0,UL,-0.0,7,0,0,0,1,1.0,0.0,0.0,0.0,0.125,,0.0,0.0,0.0,0.0,0,ul,midline,dl,1,0,0,0,0
8,5,size11_comp0.4_grid5_base_low,11,0.4,low,base,base,7,7,14,4,5,1,1,1,1,0,-1,33,0.0,0.42424242424242425,0.42424242424242425,0.0,0,1,12,20,11,2,0,19,28,17,0,5,0.15151515151515152,UL,-0.0,21,0,0,0,12,1.0,0.0,0.0,0.0,0.36363636363636365,,0.0,0.0,0.0,0.0,0,ul,midline,dl,1,0,0,0,0
9,5,size11_comp0.4_grid5_base_low,11,0.4,low,base,base,7,7,14,4,5,1,1,1,1,0,-1,4,0.0,0.5,0.5,0.0,0,1,0,3,1,1,1,0,0,0,0,0,0.0,UL,-0.0,4,0,0,0,0,1.0,0.0,0.0,0.0,0.0,,0.0,0.0,0.0,0.0,0,ul,midline,dl,1,0,0,0,0
0,6,size11_comp0.4_grid6_base_low,11,0.4,low,base,base,4,8,12,4,4,1,1,1,0,0,-1,64,0.0,0.234375,0.234375,0.0,5,1,20,38,26,5,4,28,54,16,0,33,0.515625,UR,-0.0,0,54,0,0,10,0.0,1.0,0.0,0.0,0.15625,,0.0,0.0,0.0,0.0,0,midline,dr,ul,0,0,0,0,0
1,6,size11_comp0.4_grid6_base_low,11,0.4,low,base,base,4,8,12,4,4,1,1,1,0,0,-1,64,0.0,0.0625,0.0625,0.0,1,0,17,46,34,0,2,27,59,5,0,55,0.859375,UR,-0.0,0,63,0,0,1,0.0,1.0,0.0,0.0,0.015625,,0.0,0.0,0.0,0.0,0,midline,dr,ul,0,0,0,0,0
2,6,size11_comp0.4_grid6_base_low,11,0.4,low,base,base,4,8,12,4,4,1,1,1,0,0,-1,64,0.0,0.125,0.125,0.0,1,0,18,45,36,1,1,25,58,10,0,47,0.734375,UR,-0.0,0,63,0,0,1,0.0,1.0,0.0,0.0,0.015625,,0.0,0.0,0.0,0.0,0,midline,dr,ul,0,0,0,0,0
3,6,size11_comp0.4_grid6_base_low,11,0.4,low,base,base,4,8,12,4,4,1,1,1,0,0,-1,64,0.0,0.140625,0.140625,0.0,2,0,21,41,23,3,1,36,59,14,0,45,0.703125,UR,-0.0,0,63,0,0,1,0.0,1.0,0.0,0.0,0.015625,,0.0,0.0,0.0,0.0,0,midline,dr,ul,0,0,0,0,0
4,6,size11_comp0.4_grid6_base_low,11,0.4,low,base,base,4,8,12,4,4,1,1,1,0,0,-1,64,0.0,0.0625,0.0625,0.0,1,0,16,47,40,0,2,21,58,3,0,55,0.859375,UR,-0.0,0,63,0,0,1,0.0,1.0,0.0,0.0,0.015625,,0.0,0.0,0.0,0.0,0,midline,dr,ul,0,0,0,0,0
5,6,size11_comp0.4_grid6_base_low,11,0.4,low,base,base,4,8,12,4,4,1,1,1,0,0,-1,64,0.0,0.453125,0.453125,0.0,4,1,28,31,18,7,3,35,57,34,0,3,0.046875,UR,-0.0,0,61,0,0,3,0.0,1.0,0.0,0.0,0.046875,,0.0,0.0,0.0,0.0,0,midline,dr,ul,0,0,0,0,0
6,6,size11_comp0.4_grid6_base_low,11,0.4,low,base,base,4,8,12,4,4,1,1,1,0,0,-1,64,0.0,0.265625,0.265625,0.0,5,0,20,39,26,3,5,29,58,21,0,29,0.453125,UR,-0.0,0,63,0,0,1,0.0,1.0,0.0,0.0,0.015625,,0.0,0.0,0.0,0.0,0,midline,dr,ul,0,0,0,0,0
7,6,size11_comp0.4_grid6_base_low,11,0.4,low,base,base,4,8,12,4,4,1,1,1,0,0,-1,64,0.0,0.453125,0.453125,0.0,4,0,29,31,14,4,4,41,59,40,0,4,0.0625,UR,-0.0,0,63,0,0,1,0.0,1.0,0.0,0.0,0.015625,,0.0,0.0,0.0,0.0,0,midline,dr,ul,0,0,0,0,0
8,6,size11_comp0.4_grid6_base_low,11,0.4,low,base,base,4,8,12,4,4,1,1,1,0,0,-1,64,0.0,0.171875,0.171875,0.0,2,1,21,40,31,2,3,27,54,11,0,41,0.640625,UR,-0.0,0,55,0,0,9,0.0,1.0,0.0,0.0,0.140625,,0.0,0.0,0.0,0.0,0,midline,dr,ul,0,0,0,0,0
9,6,size11_comp0.4_grid6_base_low,11,0.4,low,base,base,4,8,12,4,4,1,1,1,0,0,-1,64,0.0,0.46875,0.46875,0.0,5,3,27,29,18,9,6,30,54,29,0,2,0.03125,UR,-0.0,0,36,0,0,28,0.0,1.0,0.0,0.0,0.4375,,0.0,0.0,0.0,0.0,0,midline,dr,ul,0,0,0,0,0
0,7,size11_comp0.4_grid7_base_low,11,0.4,low,base,base,7,3,10,10,0,1,1,1,0,0,-1,64,0.0,0.375,0.375,0.0,0,7,22,35,30,4,3,26,51,19,0,16,0.25,DR,0.9655272622660829,10,0,4,48,2,0.16129032258064516,0.0,0.06451612903225806,0.7741935483870968,0.03125,,0.0,0.0,0.0,0.0,0,ul,dr,dl,0,0,0,0,0
1,7,size11_comp0.4_grid7_base_low,11,0.4,low,base,base,7,3,10,10,0,1,1,1,1,0,-1,13,0.0,0.6153846153846154,0.6153846153846154,0.0,0,6,1,6,5,2,3,2,3,2,0,1,0.07692307692307693,UL,1.5219280948873621,4,0,4,2,3,0.4,0.0,0.4,0.2,0.23076923076923078,,0.0,0.0,0.0,0.0,0,ul,dr,dl,1,0,0,0,0
2,7,size11_comp0.4_grid7_base_low,11,0.4,low,base,base,7,3,10,10,0,1,1,1,1,0,-1,18,0.0,0.4444444444444444,0.4444444444444444,0.0,1,6,1,10,5,5,4,3,7,1,0,6,0.3333333333333333,UL,1.4854752972273344,5,0,3,2,8,0.5,0.0,0.3,0.2,0.4444444444444444,,0.0,0.0,0.0,0.0,0,ul,dr,dl,1,0,0,0,0
3,7,size11_comp0.4_grid7_base_low,11,0.4,low,base,base,7,3,10,10,0,1,1,1,1,0,-1,43,0.0,0.46511627906976744,0.46511627906976744,0.0,0,8,17,18,17,5,6,14,26,12,0,7,0.16279069767441862,DR,0.5524951143251111,5,0,0,34,4,0.1282051282051282,0.0,0.0,0.8717948717948718,0.09302325581395349,DR,0.0,0.0,0.0,0.06976744186046512,3,ul,dr,dl,0,0,0,0,0
4,7,size11_comp0.4_grid7_base_low,11,0.4,low,base,base,7,3,10,10,0,1,1,1,1,1,22,34,0.29411764705882354,0.5882352941176471,0.5652173913043478,0.6363636363636364,2,6,10,16,10,7,5,11,19,10,6,4,0.11764705882352941,DL,1.3105673797344795,4,0,17,6,7,0.14814814814814814,0.0,0.6296296296296297,0.2222222222222222,0.20588235294117646,DL,0.0,0.0,0.08823529411764706,0.0,3,ul,dr,dl,0,1,0,0,0
5,7,size11_comp0.4_grid7_base_low,11,0.4,low,base,base,7,3,10,10,0,1,1,1,1,0,-1,33,0.0,0.36363636363636365,0.36363636363636365,0.0,0,7,6,20,16,5,7,4,17,2,0,13,0.3939393939393939,DR,1.1400457981819088,8,0,2,21,2,0.25806451612903225,0.0,0.06451612903225806,0.6774193548387096,0.06060606060606061,DR,0.0,0.0,0.0,0.12121212121212122,4,ul,dr,dl,0,0,0,0,0
6,7,size11_comp0.4_grid7_base_low,11,0.4,low,base,base,7,3,10,10,0,1,1,1,0,0,-1,64,0.0,0.40625,0.40625,0.0,0,7,26,31,21,7,5,30,51,25,0,11,0.171875,DR,0.28998604703320907,3,0,0,56,5,0.05084745762711865,0.0,0.0,0.9491525423728814,0.078125,,0.0,0.0,0.0,0.0,0,ul,dr,dl,0,0,0,0,0
7,7,size11_comp0.4_grid7_base_low,11,0.4,low,base,base,7,3,10,10,0,1,1,1,1,1,23,27,0.37037037037037035,0.5555555555555556,0.5,1.0,0,7,5,15,12,6,3,5,12,5,0,7,0.25925925925925924,DL,1.3382689280764646,4,0,9,2,12,0.26666666666666666,0.0,0.6,0.13333333333333333,0.4444444444444444,,0.0,0.0,0.0,0.0,0,ul,dr,dl,0,1,0,0,0
8,7,size11_comp0.4_grid7_base_low,11,0.4,low,base,base,7,3,10,10,0,1,1,1,1,0,-1,48,0.0,0.4791666666666667,0.4791666666666667,0.0,0,7,19,22,14,6,6,21,31,20,0,6,0.125,DR,0.7465983254034368,5,0,2,39,2,0.10869565217391304,0.0,0.043478260869565216,0.8478260869565217,0.041666666666666664,DR,0.0,0.0,0.0,0.08333333333333333,4,ul,dr,dl,0,0,0,0,0
9,7,size11_comp0.4_grid7_base_low,11,0.4,low,base,base,7,3,10,10,0,1,1,1,0,0,-1,64,0.0,0.375,0.375,0.0,1,8,26,29,22,7,11,23,48,20,0,17,0.265625,DR,0.4743454375622397,6,0,0,53,5,0.1016949152542373,0.0,0.0,0.8983050847457628,0.078125,DR,0.0,0.0,0.0,0.0625,2,ul,dr,dl,0,0,0,0,0
0,8,size11_comp0.4_grid8_base_low,11,0.4,low,base,base,7,7,14,4,5,1,1,1,1,0,-1,18,0.0,0.5,0.5,0.0,2,0,9,7,9,0,1,7,10,7,0,0,0.0,DR,0.41381685030363374,0,0,1,11,6,0.0,0.0,0.08333333333333333,0.9166666666666666,0.3333333333333333,,0.0,0.0,0.0,0.0,0,midline,dl,dr,0,1,0,0,0
1,8,size11_comp0.4_grid8_base_low,11,0.4,low,base,base,7,7,14,4,5,1,1,1,1,0,-1,4,0.0,0.5,0.5,0.0,2,0,2,0,1,1,1,0,0,0,0,0,0.0,DL,-0.0,0,0,3,0,1,0.0,0.0,1.0,0.0,0.25,,0.0,0.0,0.0,0.0,0,midline,dl,dr,0,0,0,0,0
2,8,size11_comp0.4_grid8_base_low,11,0.4,low,base,base,7,7,14,4,5,1,1,1,1,0,-1,8,0.0,0.5,0.5,0.0,2,0,4,2,3,2,1,1,1,1,0,0,0.0,DL,-0.0,0,0,7,0,1,0.0,0.0,1.0,0.0,0.125,DL,0.0,0.0,0.5,0.0,4,midline,dl,dr,0,0,0,0,0
3,8,size11_comp0.4_grid8_base_low,11,0.4,low,base,base,7,7,14,4,5,1,1,1,1,0,-1,9,0.0,0.4444444444444444,0.4444444444444444,0.0,2,0,4,3,3,0,3,2,3,1,0,1,0.1111111111111111,DL,0.8112781244591328,0,0,3,1,5,0.0,0.0,0.75,0.25,0.5555555555555556,,0.0,0.0,0.0,0.0,0,midline,dl,dr,0,0,0,0,0
4,8,size11_comp0.4_grid8_base_low,11,0.4,low,base,base,7,7,14,4,5,1,1,1,1,0,-1,4,0.0,0.5,0.5,0.0,2,0,2,0,0,2,1,0,0,0,0,0,0.0,DL,-0.0,0,0,2,0,2,0.0,0.0,1.0,0.0,0.5,,0.0,0.0,0.0,0.0,0,midline,dl,dr,0,0,0,0,0
5,8,size11_comp0.4_grid8_base_low,11,0.4,low,base,base,7,7,14,4,5,1,1,1,1,0,-1,10,0.0,0.5,0.5,0.0,2,0,5,3,1,2,2,4,4,4,0,0,0.0,DL,-0.0,0,0,7,0,3,0.0,0.0,1.0,0.0,0.3,,0.0,0.0,0.0,0.0,0,midline,dl,dr,0,0,0,0,0
6,8,size11_comp0.4_grid8_base_low,11,0.4,low,base,base,7,7,14,4,5,1,1,1,1,0,-1,26,0.0,0.4230769230769231,0.4230769230769231,0.0,6,0,11,9,8,3,7,7,15,7,0,4,0.15384615384615385,DR,0.26676498780302604,0,0,1,21,4,0.0,0.0,0.045454545454545456,0.9545454545454546,0.15384615384615385,DR,0.0,0.0,0.0,0.15384615384615385,4,midline,dl,dr,0,1,0,0,0
7,8,size11_comp0.4_grid8_base_low,11,0.4,low,base,base,7,7,14,4,5,1,1,1,1,0,-1,21,0.0,0.38095238095238093,0.38095238095238093,0.0,3,0,10,8,10,4,2,4,9,2,0,5,0.23809523809523808,DR,0.2974722489192896,0,0,1,18,2,0.0,0.0,0.05263157894736842,0.9473684210526315,0.09523809523809523,DR,0.0,0.0,0.0,0.47619047619047616,9,midline,dl,dr,0,1,0,0,0
8,8,size11_comp0.4_grid8_base_low,11,0.4,low,base,base,7,7,14,4,5,1,1,1,1,0,-1,25,0.0,0.44,0.44,0.0,5,0,11,9,9,4,2,9,12,9,0,3,0.12,DR,0.4537163391869448,0,0,2,19,4,0.0,0.0,0.09523809523809523,0.9047619047619048,0.16,DR,0.0,0.0,0.0,0.12,3,midline,dl,dr,0,1,0,0,0
9,8,size11_comp0.4_grid8_base_low,11,0.4,low,base,base,7,7,14,4,5,1,1,1,1,0,-1,5,0.0,0.4,0.4,0.0,2,0,2,1,0,1,2,1,1,0,0,1,0.2,DL,-0.0,0,0,2,0,3,0.0,0.0,1.0,0.0,0.6,,0.0,0.0,0.0,0.0,0,midline,dl,dr,0,0,0,0,0
0,9,size11_comp0.4_grid9_base_low,11,0.4,low,base,base,10,7,17,7,6,1,1,1,0,0,-1,64,0.0,0.546875,0.546875,0.0,0,0,29,35,22,0,0,41,55,40,0,0,0.0,UR,0.345117314944953,4,58,0,0,2,0.06451612903225806,0.9354838709677419,0.0,0.0,0.03125,,0.0,0.0,0.0,0.0,0,ul,ur,midline,0,0,0,0,0
1,9,size11_comp0.4_grid9_base_low,11,0.4,low,base,base,10,7,17,7,6,1,1,1,0,0,-1,64,0.0,0.546875,0.546875,0.0,0,0,29,35,24,0,0,39,55,39,0,0,0.0,UR,0.345117314944953,4,58,0,0,2,0.06451612903225806,0.9354838709677419,0.0,0.0,0.03125,,0.0,0.0,0.0,0.0,0,ul,ur,midline,0,0,0,0,0
2,9,size11_comp0.4_grid9_base_low,11,0.4,low,base,base,10,7,17,7,6,1,1,1,0,0,-1,64,0.0,0.515625,0.515625,0.0,0,0,29,35,24,0,0,39,55,38,0,2,0.03125,UR,0.3411538931451762,4,59,0,0,1,0.06349206349206349,0.9365079365079365,0.0,0.0,0.015625,,0.0,0.0,0.0,0.0,0,ul,ur,midline,0,0,0,0,0
3,9,size11_comp0.4_grid9_base_low,11,0.4,low,base,base,10,7,17,7,6,1,1,1,0,0,-1,64,0.0,0.53125,0.53125,0.0,0,0,30,34,22,0,0,41,55,41,0,0,0.0,UR,0.3491843735073079,4,57,0,0,3,0.06557377049180328,0.9344262295081968,0.0,0.0,0.046875,,0.0,0.0,0.0,0.0,0,ul,ur,midline,0,0,0,0,0
4,9,size11_comp0.4_grid9_base_low,11,0.4,low,base,base,10,7,17,7,6,1,1,1,0,0,-1,64,0.0,0.546875,0.546875,0.0,0,0,29,35,23,0,0,40,55,39,0,0,0.0,UR,0.4044483864864383,5,57,0,0,2,0.08064516129032258,0.9193548387096774,0.0,0.0,0.03125,,0.0,0.0,0.0,0.0,0,ul,ur,midline,0,0,0,0,0
5,9,size11_comp0.4_grid9_base_low,11,0.4,low,base,base,10,7,17,7,6,1,1,1,0,0,-1,64,0.0,0.5625,0.5625,0.0,0,0,28,36,23,0,0,40,55,40,0,0,0.0,UR,0.345117314944953,4,58,0,0,2,0.06451612903225806,0.9354838709677419,0.0,0.0,0.03125,,0.0,0.0,0.0,0.0,0,ul,ur,midline,0,0,0,0,0
6,9,size11_comp0.4_grid9_base_low,11,0.4,low,base,base,10,7,17,7,6,1,1,1,0,0,-1,64,0.0,0.53125,0.53125,0.0,0,0,29,35,30,0,0,33,55,32,0,1,0.015625,UR,0.3491843735073079,4,57,0,0,3,0.06557377049180328,0.9344262295081968,0.0,0.0,0.046875,,0.0,0.0,0.0,0.0,0,ul,ur,midline,0,0,0,0,0
7,9,size11_comp0.4_grid9_base_low,11,0.4,low,base,base,10,7,17,7,6,1,1,1,0,0,-1,64,0.0,0.546875,0.546875,0.0,0,0,28,36,27,0,0,36,55,34,0,1,0.015625,UR,0.345117314944953,4,58,0,0,2,0.06451612903225806,0.9354838709677419,0.0,0.0,0.03125,,0.0,0.0,0.0,0.0,0,ul,ur,midline,0,0,0,0,0
8,9,size11_comp0.4_grid9_base_low,11,0.4,low,base,base,10,7,17,7,6,1,1,1,0,0,-1,64,0.0,0.546875,0.546875,0.0,0,0,29,35,25,0,0,38,55,37,0,0,0.0,UR,0.345117314944953,4,58,0,0,2,0.06451612903225806,0.9354838709677419,0.0,0.0,0.03125,,0.0,0.0,0.0,0.0,0,ul,ur,midline,0,0,0,0,0
9,9,size11_comp0.4_grid9_base_low,11,0.4,low,base,base,10,7,17,7,6,1,1,1,0,0,-1,64,0.0,0.546875,0.546875,0.0,0,0,28,36,24,0,0,39,55,37,0,1,0.015625,UR,0.345117314944953,4,58,0,0,2,0.06451612903225806,0.9354838709677419,0.0,0.0,0.03125,,0.0,0.0,0.0,0.0,0,ul,ur,midline,0,0,0,0,0
0,0,size11_comp0.6_grid0_base_low,11,0.6,low,base,base,7,9,16,4,6,1,1,1,0,0,-1,64,0.0,0.3125,0.3125,0.0,1,0,19,44,28,1,1,33,58,25,0,26,0.40625,UL,-0.0,15,0,0,0,49,1.0,0.0,0.0,0.0,0.765625,,0.0,0.0,0.0,0.0,0,midline,dl,ur,0,0,0,0,0
1,0,size11_comp0.6_grid0_base_low,11,0.6,low,base,base,7,9,16,4,6,1,1,1,0,0,-1,64,0.0,0.328125,0.328125,0.0,1,0,22,41,28,2,0,33,56,24,0,23,0.359375,UL,-0.0,14,0,0,0,50,1.0,0.0,0.0,0.0,0.78125,,0.0,0.0,0.0,0.0,0,midline,dl,ur,0,0,0,0,0
2,0,size11_comp0.6_grid0_base_low,11,0.6,low,base,base,7,9,16,4,6,1,1,1,1,0,-1,24,0.0,0.4583333333333333,0.4583333333333333,0.0,0,1,13,10,11,2,0,10,18,10,0,0,0.0,DL,-0.0,0,0,1,0,23,0.0,0.0,1.0,0.0,0.9583333333333334,,0.0,0.0,0.0,0.0,0,midline,dl,ur,0,0,0,0,0
3,0,size11_comp0.6_grid0_base_low,11,0.6,low,base,base,7,9,16,4,6,1,1,1,0,0,-1,64,0.0,0.453125,0.453125,0.0,3,1,32,28,19,2,5,37,57,37,0,3,0.046875,UL,0.0,0,0,0,0,64,0.0,0.0,0.0,0.0,1.0,,0.0,0.0,0.0,0.0,0,midline,dl,ur,0,0,0,0,0
4,0,size11_comp0.6_grid0_base_low,11,0.6,low,base,base,7,9,16,4,6,1,1,1,0,0,-1,64,0.0,0.28125,0.28125,0.0,1,0,18,45,31,0,2,30,59,19,0,30,0.46875,UL,-0.0,16,0,0,0,48,1.0,0.0,0.0,0.0,0.75,,0.0,0.0,0.0,0.0,0,midline,dl,ur,0,0,0,0,0
5,0,size11_comp0.6_grid0_base_low,11,0.6,low,base,base,7,9,16,4,6,1,1,1,0,0,-1,64,0.0,0.109375,0.109375,0.0,0,1,57,6,49,1,1,12,60,6,0,50,0.78125,DR,-0.0,0,0,0,6,58,0.0,0.0,0.0,1.0,0.90625,,0.0,0.0,0.0,0.0,0,midline,dl,ur,0,0,0,0,0
6,0,size11_comp0.6_grid0_base_low,11,0.6,low,base,base,7,9,16,4,6,1,1,1,1,0,-1,12,0.0,0.4166666666666667,0.4166666666666667,0.0,0,1,7,4,4,1,0,6,7,6,0,0,0.0,UL,0.0,0,0,0,0,12,0.0,0.0,0.0,0.0,1.0,,0.0,0.0,0.0,0.0,0,midline,dl,ur,0,0,0,0,0
7,0,size11_comp0.6_grid0_base_low,11,0.6,low,base,base,7,9,16,4,6,1,1,1,1,0,-1,14,0.0,0.42857142857142855,0.42857142857142855,0.0,0,1,8,5,5,1,1,6,6,6,0,0,0.0,DL,-0.0,0,0,1,0,13,0.0,0.0,1.0,0.0,0.9285714285714286,,0.0,0.0,0.0,0.0,0,midline,dl,ur,0,0,0,0,0
8,0,size11_comp0.6_grid0_base_low,11,0.6,low,base,base,7,9,16,4,6,1,1,1,0,0,-1,64,0.0,0.34375,0.34375,0.0,2,0,25,37,23,1,3,36,58,26,0,22,0.34375,UL,-0.0,14,0,0,0,50,1.0,0.0,0.0,0.0,0.78125,,0.0,0.0,0.0,0.0,0,midline,dl,ur,0,0,0,0,0
9,0,size11_comp0.6_grid0_base_low,11,0.6,low,base,base,7,9,16,4,6,1,1,1,0,0,-1,64,0.0,0.390625,0.390625,0.0,6,0,24,34,18,6,6,33,57,27,0,16,0.25,UL,-0.0,6,0,0,0,58,1.0,0.0,0.0,0.0,0.90625,,0.0,0.0,0.0,0.0,0,midline,dl,ur,0,0,0,0,0
0,1,size11_comp0.6_grid1_base_low,11,0.6,low,base,base,6,10,16,6,5,1,1,1,0,0,-1,64,0.0,0.0,0.0,0.0,0,0,54,10,47,0,0,16,63,0,0,64,1.0,UL,0.0,0,0,0,0,64,0.0,0.0,0.0,0.0,1.0,,0.0,0.0,0.0,0.0,0,midline,midline,midline,0,0,0,0,0
1,1,size11_comp0.6_grid1_base_low,11,0.6,low,base,base,6,10,16,6,5,1,1,1,0,0,-1,64,0.0,0.0,0.0,0.0,0,0,52,12,45,0,0,18,63,0,0,64,1.0,UL,0.0,0,0,0,0,64,0.0,0.0,0.0,0.0,1.0,,0.0,0.0,0.0,0.0,0,midline,midline,midline,0,0,0,0,0
2,1,size11_comp0.6_grid1_base_low,11,0.6,low,base,base,6,10,16,6,5,1,1,1,0,0,-1,64,0.0,0.0,0.0,0.0,0,0,51,13,43,0,0,20,63,0,0,64,1.0,UL,0.0,0,0,0,0,64,0.0,0.0,0.0,0.0,1.0,,0.0,0.0,0.0,0.0,0,midline,midline,midline,0,0,0,0,0
3,1,size11_comp0.6_grid1_base_low,11,0.6,low,base,base,6,10,16,6,5,1,1,1,0,0,-1,64,0.0,0.0,0.0,0.0,0,0,59,5,53,0,0,10,63,0,0,64,1.0,UL,0.0,0,0,0,0,64,0.0,0.0,0.0,0.0,1.0,,0.0,0.0,0.0,0.0,0,midline,midline,midline,0,0,0,0,0
4,1,size11_comp0.6_grid1_base_low,11,0.6,low,base,base,6,10,16,6,5,1,1,1,0,0,-1,64,0.0,0.0,0.0,0.0,0,0,50,14,42,0,0,21,63,0,0,64,1.0,UL,0.0,0,0,0,0,64,0.0,0.0,0.0,0.0,1.0,,0.0,0.0,0.0,0.0,0,midline,midline,midline,0,0,0,0,0
5,1,size11_comp0.6_grid1_base_low,11,0.6,low,base,base,6,10,16,6,5,1,1,1,0,0,-1,64,0.0,0.0,0.0,0.0,0,0,45,19,30,0,0,33,63,0,0,64,1.0,UL,0.0,0,0,0,0,64,0.0,0.0,0.0,0.0,1.0,,0.0,0.0,0.0,0.0,0,midline,midline,midline,0,0,0,0,0
6,1,size11_comp0.6_grid1_base_low,11,0.6,low,base,base,6,10,16,6,5,1,1,1,0,0,-1,64,0.0,0.0,0.0,0.0,0,0,57,7,49,0,0,14,63,0,0,64,1.0,UL,0.0,0,0,0,0,64,0.0,0.0,0.0,0.0,1.0,,0.0,0.0,0.0,0.0,0,midline,midline,midline,0,0,0,0,0
7,1,size11_comp0.6_grid1_base_low,11,0.6,low,base,base,6,10,16,6,5,1,1,1,0,0,-1,64,0.0,0.0,0.0,0.0,0,0,55,9,45,0,0,18,63,0,0,64,1.0,UL,0.0,0,0,0,0,64,0.0,0.0,0.0,0.0,1.0,,0.0,0.0,0.0,0.0,0,midline,midline,midline,0,0,0,0,0
8,1,size11_comp0.6_grid1_base_low,11,0.6,low,base,base,6,10,16,6,5,1,1,1,0,0,-1,64,0.0,0.0,0.0,0.0,0,0,51,13,41,0,0,22,63,0,0,64,1.0,UL,0.0,0,0,0,0,64,0.0,0.0,0.0,0.0,1.0,,0.0,0.0,0.0,0.0,0,midline,midline,midline,0,0,0,0,0
9,1,size11_comp0.6_grid1_base_low,11,0.6,low,base,base,6,10,16,6,5,1,1,1,0,0,-1,64,0.0,0.0,0.0,0.0,0,0,55,9,47,0,0,16,63,0,0,64,1.0,UL,0.0,0,0,0,0,64,0.0,0.0,0.0,0.0,1.0,,0.0,0.0,0.0,0.0,0,midline,midline,midline,0,0,0,0,0
0,2,size11_comp0.6_grid2_base_low,11,0.6,low,base,base,11,4,15,7,4,1,1,1,0,0,-1,64,0.0,0.078125,0.078125,0.0,0,2,5,57,53,2,2,6,59,2,0,56,0.875,UR,0.9910760598382222,4,5,0,0,55,0.4444444444444444,0.5555555555555556,0.0,0.0,0.859375,,0.0,0.0,0.0,0.0,0,ur,midline,dl,1,0,0,0,0
1,2,size11_comp0.6_grid2_base_low,11,0.6,low,base,base,11,4,15,7,4,1,1,1,0,0,-1,64,0.0,0.078125,0.078125,0.0,0,3,4,57,55,3,1,4,59,2,0,56,0.875,UR,0.8812908992306927,3,7,0,0,54,0.3,0.7,0.0,0.0,0.84375,,0.0,0.0,0.0,0.0,0,ur,midline,dl,1,0,0,0,0
2,2,size11_comp0.6_grid2_base_low,11,0.6,low,base,base,11,4,15,7,4,1,1,1,0,0,-1,64,0.0,0.078125,0.078125,0.0,0,4,4,56,49,5,3,6,61,3,0,56,0.875,UR,-0.0,0,24,0,0,40,0.0,1.0,0.0,0.0,0.625,,0.0,0.0,0.0,0.0,0,ur,midline,dl,1,0,0,0,0
3,2,size11_comp0.6_grid2_base_low,11,0.6,low,base,base,11,4,15,7,4,1,1,1,0,0,-1,64,0.0,0.046875,0.046875,0.0,0,1,2,61,60,2,0,1,59,0,0,60,0.9375,UR,0.9709505944546686,2,3,0,0,59,0.4,0.6,0.0,0.0,0.921875,,0.0,0.0,0.0,0.0,0,ur,midline,dl,1,0,0,0,0
4,2,size11_comp0.6_grid2_base_low,11,0.6,low,base,base,11,4,15,7,4,1,1,1,0,0,-1,64,0.0,0.078125,0.078125,0.0,0,2,4,58,56,2,1,4,59,2,0,56,0.875,UL,0.9182958340544896,4,2,0,0,58,0.6666666666666666,0.3333333333333333,0.0,0.0,0.90625,,0.0,0.0,0.0,0.0,0,ur,midline,dl,0,0,0,0,0
5,2,size11_comp0.6_grid2_base_low,11,0.6,low,base,base,11,4,15,7,4,1,1,1,0,0,-1,64,0.0,0.09375,0.09375,0.0,0,1,5,58,53,2,0,8,60,4,0,54,0.84375,UL,0.7219280948873623,4,1,0,0,59,0.8,0.2,0.0,0.0,0.921875,,0.0,0.0,0.0,0.0,0,ur,midline,dl,0,0,0,0,0
6,2,size11_comp0.6_grid2_base_low,11,0.6,low,base,base,11,4,15,7,4,1,1,1,0,0,-1,64,0.0,0.09375,0.09375,0.0,0,2,6,56,52,3,1,7,59,4,0,54,0.84375,UL,1.0,6,6,0,0,52,0.5,0.5,0.0,0.0,0.8125,,0.0,0.0,0.0,0.0,0,ur,midline,dl,0,0,0,0,0
7,2,size11_comp0.6_grid2_base_low,11,0.6,low,base,base,11,4,15,7,4,1,1,1,0,0,-1,64,0.0,0.109375,0.109375,0.0,0,5,6,53,47,6,2,8,59,5,0,52,0.8125,UR,0.9366673818775626,6,11,0,0,47,0.35294117647058826,0.6470588235294118,0.0,0.0,0.734375,,0.0,0.0,0.0,0.0,0,ur,midline,dl,1,0,0,0,0
8,2,size11_comp0.6_grid2_base_low,11,0.6,low,base,base,11,4,15,7,4,1,1,1,0,0,-1,64,0.0,0.046875,0.046875,0.0,0,1,2,61,61,2,0,0,59,0,0,60,0.9375,UL,0.9182958340544896,2,1,0,0,61,0.6666666666666666,0.3333333333333333,0.0,0.0,0.953125,,0.0,0.0,0.0,0.0,0,ur,midline,dl,0,0,0,0,0
9,2,size11_comp0.6_grid2_base_low,11,0.6,low,base,base,11,4,15,7,4,1,1,1,0,0,-1,64,0.0,0.0625,0.0625,0.0,0,1,3,60,58,2,0,3,59,2,0,58,0.90625,UL,1.0,3,3,0,0,58,0.5,0.5,0.0,0.0,0.90625,,0.0,0.0,0.0,0.0,0,ur,midline,dl,0,0,0,0,0
0,3,size11_comp0.6_grid3_base_low,11,0.6,low,base,base,6,5,11,11,0,1,1,1,0,0,-1,64,0.0,0.140625,0.140625,0.0,0,1,46,17,42,0,2,19,59,7,0,47,0.734375,UR,0.12394986771100759,1,58,0,0,5,0.01694915254237288,0.9830508474576272,0.0,0.0,0.078125,,0.0,0.0,0.0,0.0,0,midline,dr,ur,0,1,0,0,0
1,3,size11_comp0.6_grid3_base_low,11,0.6,low,base,base,6,5,11,11,0,1,1,1,0,0,-1,64,0.0,0.03125,0.03125,0.0,0,2,47,15,41,1,3,18,60,0,0,61,0.953125,UR,-0.0,0,63,0,0,1,0.0,1.0,0.0,0.0,0.015625,,0.0,0.0,0.0,0.0,0,midline,dr,ur,0,1,0,0,0
2,3,size11_comp0.6_grid3_base_low,11,0.6,low,base,base,6,5,11,11,0,1,1,1,0,0,-1,64,0.0,0.375,0.375,0.0,0,1,33,30,31,2,0,30,58,24,0,17,0.265625,UR,-0.0,0,63,0,0,1,0.0,1.0,0.0,0.0,0.015625,UR,0.0,0.5,0.0,0.0,6,midline,dr,ur,0,1,0,0,0
3,3,size11_comp0.6_grid3_base_low,11,0.6,low,base,base,6,5,11,11,0,1,1,1,0,0,-1,64,0.0,0.296875,0.296875,0.0,0,1,34,29,24,1,1,37,58,22,0,27,0.421875,UR,-0.0,0,62,0,0,2,0.0,1.0,0.0,0.0,0.03125,UR,0.0,0.203125,0.0,0.0,5,midline,dr,ur,0,1,0,0,0
4,3,size11_comp0.6_grid3_base_low,11,0.6,low,base,base,6,5,11,11,0,1,1,1,0,0,-1,64,0.0,0.078125,0.078125,0.0,0,1,42,21,32,1,1,29,59,5,0,55,0.859375,UR,-0.0,0,63,0,0,1,0.0,1.0,0.0,0.0,0.015625,UR,0.0,0.015625,0.0,0.0,1,midline,dr,ur,0,1,0,0,0
5,3,size11_comp0.6_grid3_base_low,11,0.6,low,base,base,6,5,11,11,0,1,1,1,0,0,-1,64,0.0,0.46875,0.46875,0.0,0,1,31,32,24,0,2,37,57,35,0,5,0.078125,UR,0.12068101401352381,1,60,0,0,3,0.01639344262295082,0.9836065573770492,0.0,0.0,0.046875,UR,0.0,0.46875,0.0,0.0,10,midline,dr,ur,0,1,0,0,0
6,3,size11_comp0.6_grid3_base_low,11,0.6,low,base,base,6,5,11,11,0,1,1,1,0,0,-1,64,0.0,0.46875,0.46875,0.0,0,2,32,30,21,1,3,38,58,38,0,5,0.078125,UR,-0.0,0,57,0,0,7,0.0,1.0,0.0,0.0,0.109375,UR,0.0,0.1875,0.0,0.0,5,midline,dr,ur,0,1,0,0,0
7,3,size11_comp0.6_grid3_base_low,11,0.6,low,base,base,6,5,11,11,0,1,1,1,0,0,-1,64,0.0,0.234375,0.234375,0.0,0,2,39,23,28,2,2,31,58,19,0,35,0.546875,UR,-0.0,0,62,0,0,2,0.0,1.0,0.0,0.0,0.03125,UR,0.0,0.0625,0.0,0.0,3,midline,dr,ur,0,1,0,0,0
8,3,size11_comp0.6_grid3_base_low,11,0.6,low,base,base,6,5,11,11,0,1,1,1,0,0,-1,64,0.0,0.046875,0.046875,0.0,0,1,40,23,39,1,1,22,60,2,0,59,0.921875,UR,-0.0,0,62,0,0,2,0.0,1.0,0.0,0.0,0.03125,,0.0,0.0,0.0,0.0,0,midline,dr,ur,0,1,0,0,0
9,3,size11_comp0.6_grid3_base_low,11,0.6,low,base,base,6,5,11,11,0,1,1,1,0,0,-1,64,0.0,0.40625,0.40625,0.0,0,1,32,31,18,1,1,43,58,33,0,13,0.203125,UR,-0.0,0,62,0,0,2,0.0,1.0,0.0,0.0,0.03125,UR,0.0,0.25,0.0,0.0,5,midline,dr,ur,0,1,0,0,0
0,4,size11_comp0.6_grid4_base_low,11,0.6,low,base,base,3,5,8,8,0,1,1,1,0,0,-1,64,0.0,0.328125,0.328125,0.0,6,2,33,23,24,11,3,25,56,20,0,22,0.34375,UR,-0.0,0,20,0,0,44,0.0,1.0,0.0,0.0,0.6875,,0.0,0.0,0.0,0.0,0,midline,dl,midline,0,0,0,0,0
1,4,size11_comp0.6_grid4_base_low,11,0.6,low,base,base,3,5,8,8,0,1,1,1,0,0,-1,64,0.0,0.28125,0.28125,0.0,4,2,29,29,25,6,4,28,56,18,0,28,0.4375,UR,-0.0,0,24,0,0,40,0.0,1.0,0.0,0.0,0.625,,0.0,0.0,0.0,0.0,0,midline,dl,midline,0,0,0,0,0
2,4,size11_comp0.6_grid4_base_low,11,0.6,low,base,base,3,5,8,8,0,1,1,1,1,0,-1,32,0.0,0.3125,0.3125,0.0,0,8,15,9,8,5,6,12,23,10,0,10,0.3125,DL,0.41381685030363374,0,0,22,2,8,0.0,0.0,0.9166666666666666,0.08333333333333333,0.25,,0.0,0.0,0.0,0.0,0,midline,dl,midline,0,0,0,0,0
3,4,size11_comp0.6_grid4_base_low,11,0.6,low,base,base,3,5,8,8,0,1,1,1,0,0,-1,64,0.0,0.265625,0.265625,0.0,5,1,32,26,32,8,4,19,56,13,0,27,0.421875,UR,-0.0,0,21,0,0,43,0.0,1.0,0.0,0.0,0.671875,,0.0,0.0,0.0,0.0,0,midline,dl,midline,0,0,0,0,0
4,4,size11_comp0.6_grid4_base_low,11,0.6,low,base,base,3,5,8,8,0,1,1,1,0,0,-1,64,0.0,0.421875,0.421875,0.0,2,5,25,32,20,8,6,29,51,29,0,11,0.171875,DR,1.0783220795483648,0,7,1,17,39,0.0,0.28,0.04,0.68,0.609375,,0.0,0.0,0.0,0.0,0,midline,dl,midline,0,0,0,0,0
5,4,size11_comp0.6_grid4_base_low,11,0.6,low,base,base,3,5,8,8,0,1,1,1,0,0,-1,64,0.0,0.171875,0.171875,0.0,4,2,26,32,30,6,6,21,55,6,0,39,0.609375,UR,-0.0,0,39,0,0,25,0.0,1.0,0.0,0.0,0.390625,,0.0,0.0,0.0,0.0,0,midline,dl,midline,0,0,0,0,0
6,4,size11_comp0.6_grid4_base_low,11,0.6,low,base,base,3,5,8,8,0,1,1,1,1,0,-1,53,0.0,0.41509433962264153,0.41509433962264153,0.0,0,4,25,24,20,5,3,24,35,22,0,7,0.1320754716981132,DR,0.24229218908241482,0,0,1,24,28,0.0,0.0,0.04,0.96,0.5283018867924528,,0.0,0.0,0.0,0.0,0,midline,dl,midline,0,0,0,0,0
7,4,size11_comp0.6_grid4_base_low,11,0.6,low,base,base,3,5,8,8,0,1,1,1,0,0,-1,64,0.0,0.3125,0.3125,0.0,7,3,22,32,17,10,8,28,56,20,0,21,0.328125,UR,-0.0,0,21,0,0,43,0.0,1.0,0.0,0.0,0.671875,,0.0,0.0,0.0,0.0,0,midline,dl,midline,0,0,0,0,0
8,4,size11_comp0.6_grid4_base_low,11,0.6,low,base,base,3,5,8,8,0,1,1,1,0,0,-1,64,0.0,0.34375,0.34375,0.0,5,3,27,29,22,8,8,25,56,19,0,18,0.28125,UR,-0.0,0,12,0,0,52,0.0,1.0,0.0,0.0,0.8125,,0.0,0.0,0.0,0.0,0,midline,dl,midline,0,0,0,0,0
9,4,size11_comp0.6_grid4_base_low,11,0.6,low,base,base,3,5,8,8,0,1,1,1,0,0,-1,64,0.0,0.34375,0.34375,0.0,1,0,31,32,23,2,0,38,56,29,0,17,0.265625,UR,-0.0,0,16,0,0,48,0.0,1.0,0.0,0.0,0.75,,0.0,0.0,0.0,0.0,0,midline,dl,midline,0,0,0,0,0
0,5,size11_comp0.6_grid5_base_low,11,0.6,low,base,base,9,4,13,7,3,1,1,1,0,0,-1,64,0.0,0.515625,0.515625,0.0,0,0,33,31,25,0,0,38,59,37,0,0,0.0,UR,-0.0,0,60,0,0,4,0.0,1.0,0.0,0.0,0.0625,,0.0,0.0,0.0,0.0,0,ur,ul,ul,1,0,0,0,0
1,5,size11_comp0.6_grid5_base_low,11,0.6,low,base,base,9,4,13,7,3,1,1,1,0,0,-1,64,0.0,0.515625,0.515625,0.0,0,0,33,31,32,0,0,31,58,30,0,0,0.0,UR,0.21639693245126462,2,56,0,0,6,0.034482758620689655,0.9655172413793104,0.0,0.0,0.09375,,0.0,0.0,0.0,0.0,0,ur,ul,ul,1,0,0,0,0
2,5,size11_comp0.6_grid5_base_low,11,0.6,low,base,base,9,4,13,7,3,1,1,1,0,0,-1,64,0.0,0.53125,0.53125,0.0,0,0,34,30,31,0,0,32,59,32,0,0,0.0,UR,-0.0,0,60,0,0,4,0.0,1.0,0.0,0.0,0.0625,,0.0,0.0,0.0,0.0,0,ur,ul,ul,1,0,0,0,0
3,5,size11_comp0.6_grid5_base_low,11,0.6,low,base,base,9,4,13,7,3,1,1,1,0,0,-1,64,0.0,0.53125,0.53125,0.0,0,0,34,30,23,0,0,40,59,40,0,0,0.0,UR,-0.0,0,62,0,0,2,0.0,1.0,0.0,0.0,0.03125,,0.0,0.0,0.0,0.0,0,ur,ul,ul,1,0,0,0,0
4,5,size11_comp0.6_grid5_base_low,11,0.6,low,base,base,9,4,13,7,3,1,1,1,0,0,-1,64,0.0,0.53125,0.53125,0.0,0,0,34,30,25,0,0,38,59,38,0,0,0.0,UR,-0.0,0,63,0,0,1,0.0,1.0,0.0,0.0,0.015625,,0.0,0.0,0.0,0.0,0,ur,ul,ul,1,0,0,0,0
5,5,size11_comp0.6_grid5_base_low,11,0.6,low,base,base,9,4,13,7,3,1,1,1,0,0,-1,64,0.0,0.515625,0.515625,0.0,0,0,33,31,22,0,0,41,60,40,0,0,0.0,UR,-0.0,0,64,0,0,0,0.0,1.0,0.0,0.0,0.0,,0.0,0.0,0.0,0.0,0,ur,ul,ul,1,0,0,0,0
6,5,size11_comp0.6_grid5_base_low,11,0.6,low,base,base,9,4,13,7,3,1,1,1,0,0,-1,64,0.0,0.5,0.5,0.0,0,0,32,32,26,0,0,37,58,37,0,0,0.0,UR,0.12394986771100759,1,58,0,0,5,0.01694915254237288,0.9830508474576272,0.0,0.0,0.078125,,0.0,0.0,0.0,0.0,0,ur,ul,ul,1,0,0,0,0
7,5,size11_comp0.6_grid5_base_low,11,0.6,low,base,base,9,4,13,7,3,1,1,1,0,0,-1,64,0.0,0.515625,0.515625,0.0,0,0,33,31,23,0,0,40,59,39,0,0,0.0,UR,-0.0,0,62,0,0,2,0.0,1.0,0.0,0.0,0.03125,,0.0,0.0,0.0,0.0,0,ur,ul,ul,1,0,0,0,0
8,5,size11_comp0.6_grid5_base_low,11,0.6,low,base,base,9,4,13,7,3,1,1,1,0,0,-1,64,0.0,0.515625,0.515625,0.0,0,0,33,31,31,0,0,32,59,31,0,0,0.0,UR,-0.0,0,61,0,0,3,0.0,1.0,0.0,0.0,0.046875,,0.0,0.0,0.0,0.0,0,ur,ul,ul,1,0,0,0,0
9,5,size11_comp0.6_grid5_base_low,11,0.6,low,base,base,9,4,13,7,3,1,1,1,0,0,-1,64,0.0,0.515625,0.515625,0.0,0,0,33,31,19,0,0,44,59,43,0,0,0.0,UR,-0.0,0,60,0,0,4,0.0,1.0,0.0,0.0,0.0625,,0.0,0.0,0.0,0.0,0,ur,ul,ul,1,0,0,0,0
0,6,size11_comp0.6_grid6_base_low,11,0.6,low,base,base,8,6,14,4,6,1,1,1,0,0,-1,64,0.0,0.46875,0.46875,0.0,0,1,33,30,27,1,1,34,57,31,0,3,0.046875,UR,-0.0,0,64,0,0,0,0.0,1.0,0.0,0.0,0.0,UR,0.0,0.5625,0.0,0.0,3,ur,ur,ul,1,0,0,0,0
1,6,size11_comp0.6_grid6_base_low,11,0.6,low,base,base,8,6,14,4,6,1,1,1,0,0,-1,64,0.0,0.515625,0.515625,0.0,0,0,33,31,25,0,0,38,60,38,0,0,0.0,UR,-0.0,0,64,0,0,0,0.0,1.0,0.0,0.0,0.0,UR,0.0,0.453125,0.0,0.0,5,ur,ur,ul,1,0,0,0,0
2,6,size11_comp0.6_grid6_base_low,11,0.6,low,base,base,8,6,14,4,6,1,1,1,0,0,-1,64,0.0,0.5,0.5,0.0,0,0,32,32,15,0,0,48,60,47,0,0,0.0,UR,-0.0,0,64,0,0,0,0.0,1.0,0.0,0.0,0.0,UR,0.0,0.5625,0.0,0.0,9,ur,ur,ul,1,0,0,0,0
3,6,size11_comp0.6_grid6_base_low,11,0.6,low,base,base,8,6,14,4,6,1,1,1,0,0,-1,64,0.0,0.5,0.5,0.0,0,0,32,32,27,0,0,36,60,35,0,0,0.0,UR,-0.0,0,64,0,0,0,0.0,1.0,0.0,0.0,0.0,UR,0.0,0.40625,0.0,0.0,4,ur,ur,ul,1,0,0,0,0
4,6,size11_comp0.6_grid6_base_low,11,0.6,low,base,base,8,6,14,4,6,1,1,1,0,0,-1,64,0.0,0.515625,0.515625,0.0,0,0,33,31,19,0,0,44,59,43,0,0,0.0,UR,-0.0,0,62,0,0,2,0.0,1.0,0.0,0.0,0.03125,UR,0.0,0.578125,0.0,0.0,7,ur,ur,ul,1,0,0,0,0
5,6,size11_comp0.6_grid6_base_low,11,0.6,low,base,base,8,6,14,4,6,1,1,1,0,0,-1,64,0.0,0.5,0.5,0.0,0,0,32,32,26,0,0,37,58,35,0,1,0.015625,UR,0.12068101401352381,1,60,0,0,3,0.01639344262295082,0.9836065573770492,0.0,0.0,0.046875,UR,0.0,0.5625,0.0,0.0,9,ur,ur,ul,1,0,0,0,0
6,6,size11_comp0.6_grid6_base_low,11,0.6,low,base,base,8,6,14,4,6,1,1,1,0,0,-1,64,0.0,0.484375,0.484375,0.0,0,1,33,30,16,2,0,45,58,45,0,2,0.03125,UR,-0.0,0,64,0,0,0,0.0,1.0,0.0,0.0,0.0,UR,0.0,0.5,0.0,0.0,5,ur,ur,ul,1,0,0,0,0
7,6,size11_comp0.6_grid6_base_low,11,0.6,low,base,base,8,6,14,4,6,1,1,1,0,0,-1,64,0.0,0.46875,0.46875,0.0,0,1,30,33,25,1,1,36,57,34,0,3,0.046875,UR,-0.0,0,64,0,0,0,0.0,1.0,0.0,0.0,0.0,UR,0.0,0.625,0.0,0.0,9,ur,ur,ul,1,0,0,0,0
8,6,size11_comp0.6_grid6_base_low,11,0.6,low,base,base,8,6,14,4,6,1,1,1,0,0,-1,64,0.0,0.5,0.5,0.0,0,0,32,32,22,0,0,41,60,40,0,0,0.0,UR,-0.0,0,64,0,0,0,0.0,1.0,0.0,0.0,0.0,UR,0.0,0.453125,0.0,0.0,5,ur,ur,ul,1,0,0,0,0
9,6,size11_comp0.6_grid6_base_low,11,0.6,low,base,base,8,6,14,4,6,1,1,1,0,0,-1,64,0.0,0.5,0.5,0.0,0,0,32,32,24,0,0,39,59,38,0,0,0.0,UR,-0.0,0,63,0,0,1,0.0,1.0,0.0,0.0,0.015625,UR,0.0,0.421875,0.0,0.0,7,ur,ur,ul,1,0,0,0,0
0,7,size11_comp0.6_grid7_base_low,11,0.6,low,base,base,7,10,17,3,7,1,1,1,0,0,-1,64,0.0,0.484375,0.484375,0.0,0,0,31,33,5,0,0,58,61,56,0,1,0.015625,UR,-0.0,0,64,0,0,0,0.0,1.0,0.0,0.0,0.0,,0.0,0.0,0.0,0.0,0,ur,ur,ul,1,0,0,0,0
1,7,size11_comp0.6_grid7_base_low,11,0.6,low,base,base,7,10,17,3,7,1,1,1,0,0,-1,64,0.0,0.46875,0.46875,0.0,0,0,30,34,5,0,0,58,61,55,0,3,0.046875,UR,-0.0,0,64,0,0,0,0.0,1.0,0.0,0.0,0.0,,0.0,0.0,0.0,0.0,0,ur,ur,ul,1,0,0,0,0
2,7,size11_comp0.6_grid7_base_low,11,0.6,low,base,base,7,10,17,3,7,1,1,1,0,0,-1,64,0.0,0.453125,0.453125,0.0,0,0,29,35,11,0,0,52,61,47,0,5,0.078125,UR,-0.0,0,64,0,0,0,0.0,1.0,0.0,0.0,0.0,,0.0,0.0,0.0,0.0,0,ur,ur,ul,1,0,0,0,0
3,7,size11_comp0.6_grid7_base_low,11,0.6,low,base,base,7,10,17,3,7,1,1,1,0,0,-1,64,0.0,0.46875,0.46875,0.0,0,0,30,34,5,0,0,58,61,54,0,3,0.046875,UR,-0.0,0,64,0,0,0,0.0,1.0,0.0,0.0,0.0,,0.0,0.0,0.0,0.0,0,ur,ur,ul,1,0,0,0,0
4,7,size11_comp0.6_grid7_base_low,11,0.6,low,base,base,7,10,17,3,7,1,1,1,0,0,-1,64,0.0,0.5,0.5,0.0,0,0,32,32,4,0,0,59,61,58,0,0,0.0,UR,-0.0,0,64,0,0,0,0.0,1.0,0.0,0.0,0.0,,0.0,0.0,0.0,0.0,0,ur,ur,ul,1,0,0,0,0
5,7,size11_comp0.6_grid7_base_low,11,0.6,low,base,base,7,10,17,3,7,1,1,1,0,0,-1,64,0.0,0.453125,0.453125,0.0,0,0,29,35,8,0,0,55,61,48,0,6,0.09375,UR,-0.0,0,64,0,0,0,0.0,1.0,0.0,0.0,0.0,,0.0,0.0,0.0,0.0,0,ur,ur,ul,1,0,0,0,0
6,7,size11_comp0.6_grid7_base_low,11,0.6,low,base,base,7,10,17,3,7,1,1,1,0,0,-1,64,0.0,0.46875,0.46875,0.0,0,0,30,34,3,0,0,60,62,57,0,3,0.046875,UR,-0.0,0,64,0,0,0,0.0,1.0,0.0,0.0,0.0,,0.0,0.0,0.0,0.0,0,ur,ur,ul,1,0,0,0,0
7,7,size11_comp0.6_grid7_base_low,11,0.6,low,base,base,7,10,17,3,7,1,1,1,0,0,-1,64,0.0,0.46875,0.46875,0.0,0,0,30,34,6,0,0,57,61,52,0,4,0.0625,UR,-0.0,0,64,0,0,0,0.0,1.0,0.0,0.0,0.0,,0.0,0.0,0.0,0.0,0,ur,ur,ul,1,0,0,0,0
8,7,size11_comp0.6_grid7_base_low,11,0.6,low,base,base,7,10,17,3,7,1,1,1,0,0,-1,64,0.0,0.484375,0.484375,0.0,0,0,31,33,5,0,0,58,61,56,0,1,0.015625,UR,-0.0,0,64,0,0,0,0.0,1.0,0.0,0.0,0.0,,0.0,0.0,0.0,0.0,0,ur,ur,ul,1,0,0,0,0
9,7,size11_comp0.6_grid7_base_low,11,0.6,low,base,base,7,10,17,3,7,1,1,1,0,0,-1,64,0.0,0.484375,0.484375,0.0,0,0,31,33,10,0,0,53,61,51,0,2,0.03125,UR,-0.0,0,64,0,0,0,0.0,1.0,0.0,0.0,0.0,,0.0,0.0,0.0,0.0,0,ur,ur,ul,1,0,0,0,0
0,8,size11_comp0.6_grid8_base_low,11,0.6,low,base,base,8,4,12,10,4,1,1,1,0,0,-1,64,0.0,0.3125,0.3125,0.0,0,1,16,47,31,1,1,30,58,18,0,28,0.4375,UL,-0.0,7,0,0,0,57,1.0,0.0,0.0,0.0,0.890625,,0.0,0.0,0.0,0.0,0,ul,midline,ur,1,0,0,0,0
1,8,size11_comp0.6_grid8_base_low,11,0.6,low,base,base,8,4,12,10,4,1,1,1,0,0,-1,64,0.0,0.21875,0.21875,0.0,0,1,10,53,41,1,1,20,59,12,0,40,0.625,UL,-0.0,3,0,0,0,61,1.0,0.0,0.0,0.0,0.953125,,0.0,0.0,0.0,0.0,0,ul,midline,ur,1,0,0,0,0
2,8,size11_comp0.6_grid8_base_low,11,0.6,low,base,base,8,4,12,10,4,1,1,1,0,0,-1,64,0.0,0.328125,0.328125,0.0,0,1,17,46,29,1,1,32,58,24,0,26,0.40625,UL,-0.0,7,0,0,0,57,1.0,0.0,0.0,0.0,0.890625,,0.0,0.0,0.0,0.0,0,ul,midline,ur,1,0,0,0,0
3,8,size11_comp0.6_grid8_base_low,11,0.6,low,base,base,8,4,12,10,4,1,1,1,0,0,-1,64,0.0,0.328125,0.328125,0.0,0,1,18,45,27,0,2,34,58,21,0,25,0.390625,UL,-0.0,3,0,0,0,61,1.0,0.0,0.0,0.0,0.953125,,0.0,0.0,0.0,0.0,0,ul,midline,ur,1,0,0,0,0
4,8,size11_comp0.6_grid8_base_low,11,0.6,low,base,base,8,4,12,10,4,1,1,1,0,0,-1,64,0.0,0.375,0.375,0.0,0,1,20,43,26,1,0,36,59,24,0,20,0.3125,UL,-0.0,1,0,0,0,63,1.0,0.0,0.0,0.0,0.984375,,0.0,0.0,0.0,0.0,0,ul,midline,ur,1,0,0,0,0
5,8,size11_comp0.6_grid8_base_low,11,0.6,low,base,base,8,4,12,10,4,1,1,1,0,0,-1,64,0.0,0.3125,0.3125,0.0,0,1,16,47,31,1,1,30,59,20,0,28,0.4375,UL,-0.0,2,0,0,0,62,1.0,0.0,0.0,0.0,0.96875,,0.0,0.0,0.0,0.0,0,ul,midline,ur,1,0,0,0,0
6,8,size11_comp0.6_grid8_base_low,11,0.6,low,base,base,8,4,12,10,4,1,1,1,0,0,-1,64,0.0,0.390625,0.390625,0.0,0,1,22,41,20,1,1,41,58,29,0,17,0.265625,UL,-0.0,10,0,0,0,54,1.0,0.0,0.0,0.0,0.84375,,0.0,0.0,0.0,0.0,0,ul,midline,ur,1,0,0,0,0
7,8,size11_comp0.6_grid8_base_low,11,0.6,low,base,base,8,4,12,10,4,1,1,1,0,0,-1,64,0.0,0.34375,0.34375,0.0,0,1,18,45,29,1,1,32,59,24,0,24,0.375,UL,-0.0,4,0,0,0,60,1.0,0.0,0.0,0.0,0.9375,,0.0,0.0,0.0,0.0,0,ul,midline,ur,1,0,0,0,0
8,8,size11_comp0.6_grid8_base_low,11,0.6,low,base,base,8,4,12,10,4,1,1,1,0,0,-1,64,0.0,0.296875,0.296875,0.0,0,1,15,48,34,2,0,27,57,17,0,30,0.46875,UL,-0.0,3,0,0,0,61,1.0,0.0,0.0,0.0,0.953125,,0.0,0.0,0.0,0.0,0,ul,midline,ur,1,0,0,0,0
9,8,size11_comp0.6_grid8_base_low,11,0.6,low,base,base,8,4,12,10,4,1,1,1,0,0,-1,64,0.0,0.28125,0.28125,0.0,0,1,14,49,34,1,0,28,59,19,0,32,0.5,UL,-0.0,1,0,0,0,63,1.0,0.0,0.0,0.0,0.984375,,0.0,0.0,0.0,0.0,0,ul,midline,ur,1,0,0,0,0
0,9,size11_comp0.6_grid9_base_low,11,0.6,low,base,base,8,7,15,5,6,1,1,1,0,0,-1,64,0.0,0.15625,0.15625,0.0,6,0,21,37,35,4,4,20,54,4,0,49,0.765625,DL,0.345117314944953,0,0,58,4,2,0.0,0.0,0.9354838709677419,0.06451612903225806,0.03125,,0.0,0.0,0.0,0.0,0,midline,dr,midline,0,0,0,0,0
1,9,size11_comp0.6_grid9_base_low,11,0.6,low,base,base,8,7,15,5,6,1,1,1,1,0,-1,15,0.0,0.4,0.4,0.0,5,0,5,5,2,6,4,2,6,2,0,4,0.26666666666666666,DR,-0.0,0,0,0,14,1,0.0,0.0,0.0,1.0,0.06666666666666667,DR,0.0,0.0,0.0,0.26666666666666666,3,midline,dr,midline,0,0,0,0,0
2,9,size11_comp0.6_grid9_base_low,11,0.6,low,base,base,8,7,15,5,6,1,1,1,0,0,-1,64,0.0,0.125,0.125,0.0,3,0,22,39,33,3,2,25,56,4,0,53,0.828125,DL,0.1370994788998177,0,0,51,1,12,0.0,0.0,0.9807692307692307,0.019230769230769232,0.1875,,0.0,0.0,0.0,0.0,0,midline,dr,midline,0,0,0,0,0
3,9,size11_comp0.6_grid9_base_low,11,0.6,low,base,base,8,7,15,5,6,1,1,1,0,0,-1,64,0.0,0.046875,0.046875,0.0,3,0,33,28,33,1,2,27,60,0,0,61,0.953125,UL,0.0,0,0,0,0,64,0.0,0.0,0.0,0.0,1.0,,0.0,0.0,0.0,0.0,0,midline,dr,midline,0,0,0,0,0
4,9,size11_comp0.6_grid9_base_low,11,0.6,low,base,base,8,7,15,5,6,1,1,1,0,0,-1,64,0.0,0.140625,0.140625,0.0,3,0,6,55,53,2,4,4,56,4,0,53,0.828125,DL,-0.0,0,0,63,0,1,0.0,0.0,1.0,0.0,0.015625,,0.0,0.0,0.0,0.0,0,midline,dr,midline,0,0,0,0,0
5,9,size11_comp0.6_grid9_base_low,11,0.6,low,base,base,8,7,15,5,6,1,1,1,0,0,-1,64,0.0,0.078125,0.078125,0.0,4,0,29,31,21,4,4,34,58,1,0,57,0.890625,DL,-0.0,0,0,3,0,61,0.0,0.0,1.0,0.0,0.953125,,0.0,0.0,0.0,0.0,0,midline,dr,midline,0,0,0,0,0
6,9,size11_comp0.6_grid9_base_low,11,0.6,low,base,base,8,7,15,5,6,1,1,1,0,0,-1,64,0.0,0.125,0.125,0.0,5,0,33,26,26,7,3,27,54,3,0,51,0.796875,DR,-0.0,0,0,0,13,51,0.0,0.0,0.0,1.0,0.796875,DR,0.0,0.0,0.0,0.0625,2,midline,dr,midline,0,0,0,0,0
7,9,size11_comp0.6_grid9_base_low,11,0.6,low,base,base,8,7,15,5,6,1,1,1,0,0,-1,64,0.0,0.078125,0.078125,0.0,3,0,23,38,32,3,1,27,58,2,0,57,0.890625,DL,1.0,0,0,1,1,62,0.0,0.0,0.5,0.5,0.96875,,0.0,0.0,0.0,0.0,0,midline,dr,midline,0,0,0,0,0
8,9,size11_comp0.6_grid9_base_low,11,0.6,low,base,base,8,7,15,5,6,1,1,1,0,0,-1,64,0.0,0.125,0.125,0.0,4,0,5,55,55,4,4,0,55,0,0,55,0.859375,DL,0.205592508185083,0,0,60,2,2,0.0,0.0,0.967741935483871,0.03225806451612903,0.03125,,0.0,0.0,0.0,0.0,0,midline,dr,midline,0,0,0,0,0
9,9,size11_comp0.6_grid9_base_low,11,0.6,low,base,base,8,7,15,5,6,1,1,1,0,0,-1,64,0.0,0.234375,0.234375,0.0,7,1,20,36,26,10,4,23,52,8,0,39,0.609375,DL,0.3491843735073079,0,0,57,4,3,0.0,0.0,0.9344262295081968,0.06557377049180328,0.046875,DL,0.0,0.0,0.09375,0.0,4,midline,dr,midline,0,0,0,0,0
0,0,size7_comp0.0_grid0_base_low,7,0.0,low,base,base,3,3,6,4,1,1,1,1,1,0,-1,4,0.0,0.5,0.5,0.0,0,2,2,0,0,1,2,0,0,0,0,0,0.0,UR,-0.0,0,3,0,0,1,0.0,1.0,0.0,0.0,0.25,UR,0.0,0.25,0.0,0.0,1,ur,midline,dr,1,0,0,0,0
1,0,size7_comp0.0_grid0_base_low,7,0.0,low,base,base,3,3,6,4,1,1,1,1,1,0,-1,4,0.0,0.5,0.5,0.0,0,2,2,0,0,1,2,0,0,0,0,0,0.0,UR,-0.0,0,3,0,0,1,0.0,1.0,0.0,0.0,0.25,UR,0.0,0.25,0.0,0.0,1,ur,midline,dr,1,0,0,0,0
2,0,size7_comp0.0_grid0_base_low,7,0.0,low,base,base,3,3,6,4,1,1,1,1,1,0,-1,17,0.0,0.4117647058823529,0.4117647058823529,0.0,0,2,7,8,7,2,1,6,11,4,0,3,0.17647058823529413,UR,0.39124356362925566,1,12,0,0,4,0.07692307692307693,0.9230769230769231,0.0,0.0,0.23529411764705882,UR,0.0,0.23529411764705882,0.0,0.0,3,ur,midline,dr,1,0,0,0,0
3,0,size7_comp0.0_grid0_base_low,7,0.0,low,base,base,3,3,6,4,1,1,1,1,1,0,-1,4,0.0,0.5,0.5,0.0,0,2,2,0,2,1,0,0,0,0,0,0,0.0,UR,-0.0,0,2,0,0,2,0.0,1.0,0.0,0.0,0.5,UR,0.0,0.25,0.0,0.0,1,ur,midline,dr,1,0,0,0,0
4,0,size7_comp0.0_grid0_base_low,7,0.0,low,base,base,3,3,6,4,1,1,1,1,1,0,-1,8,0.0,0.5,0.5,0.0,0,2,4,2,3,2,2,0,0,0,0,0,0.0,UR,-0.0,0,4,0,0,4,0.0,1.0,0.0,0.0,0.5,UR,0.0,0.125,0.0,0.0,1,ur,midline,dr,1,0,0,0,0
5,0,size7_comp0.0_grid0_base_low,7,0.0,low,base,base,3,3,6,4,1,1,1,1,1,0,-1,6,0.0,0.5,0.5,0.0,0,2,3,1,1,2,2,0,0,0,0,0,0.0,UR,-0.0,0,4,0,0,2,0.0,1.0,0.0,0.0,0.3333333333333333,UR,0.0,0.16666666666666666,0.0,0.0,1,ur,midline,dr,1,0,0,0,0
6,0,size7_comp0.0_grid0_base_low,7,0.0,low,base,base,3,3,6,4,1,1,1,1,1,0,-1,4,0.0,0.5,0.5,0.0,0,2,2,0,2,0,1,0,0,0,0,0,0.0,UR,-0.0,0,2,0,0,2,0.0,1.0,0.0,0.0,0.5,UR,0.0,0.25,0.0,0.0,1,ur,midline,dr,1,0,0,0,0
7,0,size7_comp0.0_grid0_base_low,7,0.0,low,base,base,3,3,6,4,1,1,1,1,1,0,-1,6,0.0,0.5,0.5,0.0,0,2,3,1,1,0,3,1,1,1,0,0,0.0,UR,-0.0,0,4,0,0,2,0.0,1.0,0.0,0.0,0.3333333333333333,UR,0.0,0.16666666666666666,0.0,0.0,1,ur,midline,dr,1,0,0,0,0
8,0,size7_comp0.0_grid0_base_low,7,0.0,low,base,base,3,3,6,4,1,1,1,1,1,0,-1,6,0.0,0.5,0.5,0.0,0,2,3,1,1,2,1,1,1,1,0,0,0.0,UR,-0.0,0,3,0,0,3,0.0,1.0,0.0,0.0,0.5,UR,0.0,0.16666666666666666,0.0,0.0,1,ur,midline,dr,1,0,0,0,0
9,0,size7_comp0.0_grid0_base_low,7,0.0,low,base,base,3,3,6,4,1,1,1,1,1,0,-1,8,0.0,0.375,0.375,0.0,0,2,3,3,2,2,1,2,3,1,0,2,0.25,UR,-0.0,0,7,0,0,1,0.0,1.0,0.0,0.0,0.125,UR,0.0,0.375,0.0,0.0,2,ur,midline,dr,1,0,0,0,0
0,1,size7_comp0.0_grid1_base_low,7,0.0,low,base,base,5,3,8,4,2,1,1,1,0,0,-1,32,0.0,0.53125,0.53125,0.0,4,3,14,11,3,4,9,15,22,14,0,1,0.03125,UL,0.9444885341662053,14,0,3,1,14,0.7777777777777778,0.0,0.16666666666666666,0.05555555555555555,0.4375,,0.0,0.0,0.0,0.0,0,midline,ur,ul,0,1,0,0,0
1,1,size7_comp0.0_grid1_base_low,7,0.0,low,base,base,5,3,8,4,2,1,1,1,0,0,-1,32,0.0,0.53125,0.53125,0.0,4,2,13,12,6,5,4,14,23,13,0,0,0.0,UL,0.6998428398862386,13,1,1,0,17,0.8666666666666667,0.06666666666666667,0.06666666666666667,0.0,0.53125,,0.0,0.0,0.0,0.0,0,midline,ur,ul,0,1,0,0,0
2,1,size7_comp0.0_grid1_base_low,7,0.0,low,base,base,5,3,8,4,2,1,1,1,1,1,16,20,0.4,0.7,0.6470588235294118,1.0,3,0,8,9,4,0,4,11,11,11,0,0,0.0,UL,0.9366673818775626,11,0,6,0,3,0.6470588235294118,0.0,0.35294117647058826,0.0,0.15,UL,0.05,0.0,0.0,0.0,1,midline,ur,ul,0,1,0,0,0
3,1,size7_comp0.0_grid1_base_low,7,0.0,low,base,base,5,3,8,4,2,1,1,1,0,0,-1,32,0.0,0.53125,0.53125,0.0,2,0,16,14,7,1,3,20,24,19,0,1,0.03125,UL,0.6395563653739031,22,0,2,1,7,0.88,0.0,0.08,0.04,0.21875,,0.0,0.0,0.0,0.0,0,midline,ur,ul,0,1,0,0,0
4,1,size7_comp0.0_grid1_base_low,7,0.0,low,base,base,5,3,8,4,2,1,1,1,0,0,-1,32,0.0,0.5625,0.5625,0.0,3,1,15,13,2,2,4,23,23,22,0,0,0.0,UL,0.8453509366224364,16,0,6,0,10,0.7272727272727273,0.0,0.2727272727272727,0.0,0.3125,,0.0,0.0,0.0,0.0,0,midline,ur,ul,0,1,0,0,0
5,1,size7_comp0.0_grid1_base_low,7,0.0,low,base,base,5,3,8,4,2,1,1,1,0,0,-1,32,0.0,0.53125,0.53125,0.0,4,3,13,11,2,3,11,14,25,14,0,0,0.0,UL,0.3227569588973982,16,0,1,0,15,0.9411764705882353,0.0,0.058823529411764705,0.0,0.46875,,0.0,0.0,0.0,0.0,0,midline,ur,ul,0,1,0,0,0
6,1,size7_comp0.0_grid1_base_low,7,0.0,low,base,base,5,3,8,4,2,1,1,1,0,0,-1,32,0.0,0.53125,0.53125,0.0,4,2,14,11,2,2,9,16,25,14,0,1,0.03125,UL,0.4537163391869448,19,0,2,0,11,0.9047619047619048,0.0,0.09523809523809523,0.0,0.34375,,0.0,0.0,0.0,0.0,0,midline,ur,ul,0,1,0,0,0
7,1,size7_comp0.0_grid1_base_low,7,0.0,low,base,base,5,3,8,4,2,1,1,1,0,0,-1,32,0.0,0.53125,0.53125,0.0,2,0,15,14,5,1,0,23,26,22,0,0,0.0,UL,0.24229218908241482,24,1,0,0,7,0.96,0.04,0.0,0.0,0.21875,,0.0,0.0,0.0,0.0,0,midline,ur,ul,0,1,0,0,0
8,1,size7_comp0.0_grid1_base_low,7,0.0,low,base,base,5,3,8,4,2,1,1,1,0,0,-1,32,0.0,0.53125,0.53125,0.0,2,0,17,13,11,1,3,16,23,15,0,2,0.0625,UL,0.9530138853315973,15,2,0,2,13,0.7894736842105263,0.10526315789473684,0.0,0.10526315789473684,0.40625,,0.0,0.0,0.0,0.0,0,midline,ur,ul,0,1,0,0,0
9,1,size7_comp0.0_grid1_base_low,7,0.0,low,base,base,5,3,8,4,2,1,1,1,0,0,-1,32,0.0,0.53125,0.53125,0.0,2,0,15,14,6,2,2,20,23,19,0,0,0.0,UL,1.1050139971135322,13,0,5,1,13,0.6842105263157895,0.0,0.2631578947368421,0.05263157894736842,0.40625,,0.0,0.0,0.0,0.0,0,midline,ur,ul,0,1,0,0,0
0,2,size7_comp0.0_grid2_base_low,7,0.0,low,base,base,4,5,9,5,2,1,1,1,1,0,-1,6,0.0,0.3333333333333333,0.3333333333333333,0.0,0,2,3,0,2,0,1,0,1,0,0,0,0.0,UR,-0.0,0,2,0,0,4,0.0,1.0,0.0,0.0,0.6666666666666666,,0.0,0.0,0.0,0.0,0,ur,midline,dr,1,0,0,0,0
1,2,size7_comp0.0_grid2_base_low,7,0.0,low,base,base,4,5,9,5,2,1,1,1,1,0,-1,5,0.0,0.4,0.4,0.0,0,2,3,0,0,2,2,0,0,0,0,0,0.0,UL,1.0,1,1,0,0,3,0.5,0.5,0.0,0.0,0.6,,0.0,0.0,0.0,0.0,0,ur,midline,dr,0,0,0,0,0
2,2,size7_comp0.0_grid2_base_low,7,0.0,low,base,base,4,5,9,5,2,1,1,1,1,0,-1,5,0.0,0.4,0.4,0.0,0,2,3,0,1,2,1,0,0,0,0,0,0.0,UL,0.9182958340544896,2,1,0,0,2,0.6666666666666666,0.3333333333333333,0.0,0.0,0.4,,0.0,0.0,0.0,0.0,0,ur,midline,dr,0,0,0,0,0
3,2,size7_comp0.0_grid2_base_low,7,0.0,low,base,base,4,5,9,5,2,1,1,1,1,0,-1,6,0.0,0.3333333333333333,0.3333333333333333,0.0,0,2,3,0,1,1,1,0,1,0,0,0,0.0,UL,0.7219280948873623,4,1,0,0,1,0.8,0.2,0.0,0.0,0.16666666666666666,,0.0,0.0,0.0,0.0,0,ur,midline,dr,0,0,0,0,0
4,2,size7_comp0.0_grid2_base_low,7,0.0,low,base,base,4,5,9,5,2,1,1,1,1,0,-1,8,0.0,0.375,0.375,0.0,0,2,4,1,1,2,1,1,2,1,0,0,0.0,UR,-0.0,0,2,0,0,6,0.0,1.0,0.0,0.0,0.75,,0.0,0.0,0.0,0.0,0,ur,midline,dr,1,0,0,0,0
5,2,size7_comp0.0_grid2_base_low,7,0.0,low,base,base,4,5,9,5,2,1,1,1,1,0,-1,5,0.0,0.4,0.4,0.0,0,2,3,0,1,1,2,0,0,0,0,0,0.0,UR,0.9182958340544896,1,2,0,0,2,0.3333333333333333,0.6666666666666666,0.0,0.0,0.4,,0.0,0.0,0.0,0.0,0,ur,midline,dr,1,0,0,0,0
6,2,size7_comp0.0_grid2_base_low,7,0.0,low,base,base,4,5,9,5,2,1,1,1,1,0,-1,5,0.0,0.4,0.4,0.0,0,2,3,0,1,2,1,0,0,0,0,0,0.0,UL,0.8112781244591328,3,1,0,0,1,0.75,0.25,0.0,0.0,0.2,,0.0,0.0,0.0,0.0,0,ur,midline,dr,0,0,0,0,0
7,2,size7_comp0.0_grid2_base_low,7,0.0,low,base,base,4,5,9,5,2,1,1,1,1,0,-1,9,0.0,0.3333333333333333,0.3333333333333333,0.0,0,2,4,1,2,0,1,1,4,1,0,0,0.0,UR,-0.0,0,2,0,0,7,0.0,1.0,0.0,0.0,0.7777777777777778,,0.0,0.0,0.0,0.0,0,ur,midline,dr,1,0,0,0,0
8,2,size7_comp0.0_grid2_base_low,7,0.0,low,base,base,4,5,9,5,2,1,1,1,1,0,-1,5,0.0,0.4,0.4,0.0,0,2,3,0,2,1,1,0,0,0,0,0,0.0,UR,-0.0,0,1,0,0,4,0.0,1.0,0.0,0.0,0.8,,0.0,0.0,0.0,0.0,0,ur,midline,dr,1,0,0,0,0
9,2,size7_comp0.0_grid2_base_low,7,0.0,low,base,base,4,5,9,5,2,1,1,1,1,0,-1,5,0.0,0.4,0.4,0.0,0,2,3,0,3,0,1,0,0,0,0,0,0.0,UR,-0.0,0,2,0,0,3,0.0,1.0,0.0,0.0,0.6,,0.0,0.0,0.0,0.0,0,ur,midline,dr,1,0,0,0,0
0,3,size7_comp0.0_grid3_base_low,7,0.0,low,base,base,4,6,10,6,2,1,1,1,1,0,-1,6,0.0,0.3333333333333333,0.3333333333333333,0.0,0,2,4,0,3,1,1,0,0,0,0,0,0.0,DL,-0.0,0,0,1,0,5,0.0,0.0,1.0,0.0,0.8333333333333334,,0.0,0.0,0.0,0.0,0,midline,dl,midline,0,0,0,0,0
1,3,size7_comp0.0_grid3_base_low,7,0.0,low,base,base,4,6,10,6,2,1,1,1,1,0,-1,6,0.0,0.3333333333333333,0.3333333333333333,0.0,0,2,4,0,1,2,2,0,0,0,0,0,0.0,DL,-0.0,0,0,2,0,4,0.0,0.0,1.0,0.0,0.6666666666666666,,0.0,0.0,0.0,0.0,0,midline,dl,midline,0,0,0,0,0
2,3,size7_comp0.0_grid3_base_low,7,0.0,low,base,base,4,6,10,6,2,1,1,1,1,0,-1,10,0.0,0.4,0.4,0.0,2,4,4,0,2,3,1,3,3,3,0,0,0.0,DL,-0.0,0,0,2,0,8,0.0,0.0,1.0,0.0,0.8,,0.0,0.0,0.0,0.0,0,midline,dl,midline,0,0,0,0,0
3,3,size7_comp0.0_grid3_base_low,7,0.0,low,base,base,4,6,10,6,2,1,1,1,1,0,-1,11,0.0,0.36363636363636365,0.36363636363636365,0.0,2,4,4,0,3,2,2,1,3,1,0,0,0.0,UR,1.0,0,1,1,0,9,0.0,0.5,0.5,0.0,0.8181818181818182,,0.0,0.0,0.0,0.0,0,midline,dl,midline,0,0,0,0,0
4,3,size7_comp0.0_grid3_base_low,7,0.0,low,base,base,4,6,10,6,2,1,1,1,1,0,-1,8,0.0,0.375,0.375,0.0,1,3,4,0,1,3,2,1,1,1,0,0,0.0,DR,0.9182958340544896,0,0,1,2,5,0.0,0.0,0.3333333333333333,0.6666666666666666,0.625,,0.0,0.0,0.0,0.0,0,midline,dl,midline,0,0,0,0,0
5,3,size7_comp0.0_grid3_base_low,7,0.0,low,base,base,4,6,10,6,2,1,1,1,1,0,-1,6,0.0,0.3333333333333333,0.3333333333333333,0.0,0,2,4,0,1,2,2,0,0,0,0,0,0.0,DL,1.0,0,0,1,1,4,0.0,0.0,0.5,0.5,0.6666666666666666,,0.0,0.0,0.0,0.0,0,midline,dl,midline,0,0,0,0,0
6,3,size7_comp0.0_grid3_base_low,7,0.0,low,base,base,4,6,10,6,2,1,1,1,1,0,-1,12,0.0,0.4166666666666667,0.4166666666666667,0.0,3,5,4,0,3,1,4,3,3,3,0,0,0.0,DL,1.0,0,0,2,2,8,0.0,0.0,0.5,0.5,0.6666666666666666,,0.0,0.0,0.0,0.0,0,midline,dl,midline,0,0,0,0,0
7,3,size7_comp0.0_grid3_base_low,7,0.0,low,base,base,4,6,10,6,2,1,1,1,1,0,-1,15,0.0,0.4,0.4,0.0,4,6,5,0,4,3,3,4,6,4,0,1,0.06666666666666667,UL,1.3787834934861753,4,0,1,2,8,0.5714285714285714,0.0,0.14285714285714285,0.2857142857142857,0.5333333333333333,,0.0,0.0,0.0,0.0,0,midline,dl,midline,0,0,0,0,0
8,3,size7_comp0.0_grid3_base_low,7,0.0,low,base,base,4,6,10,6,2,1,1,1,1,0,-1,12,0.0,0.4166666666666667,0.4166666666666667,0.0,3,5,4,0,0,4,3,4,4,4,0,0,0.0,UR,0.9709505944546686,0,3,2,0,7,0.0,0.6,0.4,0.0,0.5833333333333334,,0.0,0.0,0.0,0.0,0,midline,dl,midline,0,0,0,0,0
9,3,size7_comp0.0_grid3_base_low,7,0.0,low,base,base,4,6,10,6,2,1,1,1,1,0,-1,10,0.0,0.4,0.4,0.0,1,3,5,1,5,0,4,0,1,0,0,0,0.0,UL,1.0,2,0,2,0,6,0.5,0.0,0.5,0.0,0.6,,0.0,0.0,0.0,0.0,0,midline,dl,midline,0,0,0,0,0
0,4,size7_comp0.0_grid4_base_low,7,0.0,low,base,base,4,5,9,3,3,1,1,1,1,0,-1,13,0.0,0.46153846153846156,0.46153846153846156,0.0,2,1,4,6,4,2,1,5,7,5,0,0,0.0,DL,0.9852281360342515,0,0,4,3,6,0.0,0.0,0.5714285714285714,0.42857142857142855,0.46153846153846156,,0.0,0.0,0.0,0.0,0,midline,dr,midline,0,0,0,0,0
1,4,size7_comp0.0_grid4_base_low,7,0.0,low,base,base,4,5,9,3,3,1,1,1,1,0,-1,27,0.0,0.48148148148148145,0.48148148148148145,0.0,2,1,11,13,9,1,2,14,21,14,0,0,0.0,DL,0.7219280948873623,0,0,16,4,7,0.0,0.0,0.8,0.2,0.25925925925925924,,0.0,0.0,0.0,0.0,0,midline,dr,midline,0,0,0,0,0
2,4,size7_comp0.0_grid4_base_low,7,0.0,low,base,base,4,5,9,3,3,1,1,1,1,0,-1,29,0.0,0.4827586206896552,0.4827586206896552,0.0,3,2,11,13,6,2,5,15,22,15,0,0,0.0,DL,0.24229218908241482,0,0,24,1,4,0.0,0.0,0.96,0.04,0.13793103448275862,DL,0.0,0.0,0.034482758620689655,0.0,1,midline,dr,midline,0,0,0,0,0
3,4,size7_comp0.0_grid4_base_low,7,0.0,low,base,base,4,5,9,3,3,1,1,1,1,0,-1,9,0.0,0.4444444444444444,0.4444444444444444,0.0,1,0,3,5,3,1,1,3,3,3,0,0,0.0,DL,0.9182958340544896,0,0,4,2,3,0.0,0.0,0.6666666666666666,0.3333333333333333,0.3333333333333333,,0.0,0.0,0.0,0.0,0,midline,dr,midline,0,0,0,0,0
4,4,size7_comp0.0_grid4_base_low,7,0.0,low,base,base,4,5,9,3,3,1,1,1,0,0,-1,32,0.0,0.5625,0.5625,0.0,2,0,16,14,11,1,2,17,25,17,0,0,0.0,DL,0.7219280948873623,0,0,16,4,12,0.0,0.0,0.8,0.2,0.375,,0.0,0.0,0.0,0.0,0,midline,dr,midline,0,0,0,0,0
5,4,size7_comp0.0_grid4_base_low,7,0.0,low,base,base,4,5,9,3,3,1,1,1,1,0,-1,3,0.0,0.3333333333333333,0.3333333333333333,0.0,1,0,0,2,1,0,1,0,0,0,0,0,0.0,DR,-0.0,0,0,0,1,2,0.0,0.0,0.0,1.0,0.6666666666666666,,0.0,0.0,0.0,0.0,0,midline,dr,midline,0,0,0,0,0
6,4,size7_comp0.0_grid4_base_low,7,0.0,low,base,base,4,5,9,3,3,1,1,1,1,0,-1,7,0.0,0.42857142857142855,0.42857142857142855,0.0,1,0,2,4,3,0,1,2,3,2,0,0,0.0,DR,0.9182958340544896,0,0,1,2,4,0.0,0.0,0.3333333333333333,0.6666666666666666,0.5714285714285714,,0.0,0.0,0.0,0.0,0,midline,dr,midline,0,0,0,0,0
7,4,size7_comp0.0_grid4_base_low,7,0.0,low,base,base,4,5,9,3,3,1,1,1,1,0,-1,5,0.0,0.4,0.4,0.0,1,0,1,3,2,0,2,0,0,0,0,0,0.0,DL,0.9182958340544896,0,0,2,1,2,0.0,0.0,0.6666666666666666,0.3333333333333333,0.4,,0.0,0.0,0.0,0.0,0,midline,dr,midline,0,0,0,0,0
8,4,size7_comp0.0_grid4_base_low,7,0.0,low,base,base,4,5,9,3,3,1,1,1,1,1,13,23,0.391304347826087,0.6521739130434783,0.6428571428571429,0.6666666666666666,3,2,7,11,5,2,6,9,12,9,0,2,0.08695652173913043,DL,-0.0,0,0,12,0,11,0.0,0.0,1.0,0.0,0.4782608695652174,DL,0.0,0.0,0.043478260869565216,0.0,1,midline,dr,midline,0,0,0,0,0
9,4,size7_comp0.0_grid4_base_low,7,0.0,low,base,base,4,5,9,3,3,1,1,1,1,0,-1,5,0.0,0.4,0.4,0.0,1,0,1,3,1,0,1,2,2,2,0,0,0.0,DR,-0.0,0,0,0,2,3,0.0,0.0,0.0,1.0,0.6,,0.0,0.0,0.0,0.0,0,midline,dr,midline,0,0,0,0,0
0,5,size7_comp0.0_grid5_base_low,7,0.0,low,base,base,3,5,8,4,2,1,1,1,1,0,-1,5,0.0,0.2,0.2,0.0,1,0,3,0,0,1,1,0,1,0,0,0,0.0,DL,0.9182958340544896,0,0,2,1,2,0.0,0.0,0.6666666666666666,0.3333333333333333,0.4,,0.0,0.0,0.0,0.0,0,dr,dl,ur,0,0,0,0,0
1,5,size7_comp0.0_grid5_base_low,7,0.0,low,base,base,3,5,8,4,2,1,1,1,1,0,-1,4,0.0,0.25,0.25,0.0,1,0,3,0,2,1,0,0,0,0,0,0,0.0,DR,0.9182958340544896,0,0,1,2,1,0.0,0.0,0.3333333333333333,0.6666666666666666,0.25,,0.0,0.0,0.0,0.0,0,dr,dl,ur,1,0,0,0,0
2,5,size7_comp0.0_grid5_base_low,7,0.0,low,base,base,3,5,8,4,2,1,1,1,1,0,-1,4,0.0,0.25,0.25,0.0,1,0,3,0,2,1,0,0,0,0,0,0,0.0,DR,0.9182958340544896,0,0,1,2,1,0.0,0.0,0.3333333333333333,0.6666666666666666,0.25,,0.0,0.0,0.0,0.0,0,dr,dl,ur,1,0,0,0,0
3,5,size7_comp0.0_grid5_base_low,7,0.0,low,base,base,3,5,8,4,2,1,1,1,1,0,-1,5,0.0,0.2,0.2,0.0,1,0,3,0,1,0,1,0,1,0,0,0,0.0,DL,1.0,0,0,1,1,3,0.0,0.0,0.5,0.5,0.6,,0.0,0.0,0.0,0.0,0,dr,dl,ur,0,0,0,0,0
4,5,size7_comp0.0_grid5_base_low,7,0.0,low,base,base,3,5,8,4,2,1,1,1,1,0,-1,4,0.0,0.25,0.25,0.0,1,0,3,0,2,1,0,0,0,0,0,0,0.0,DR,0.9182958340544896,0,0,1,2,1,0.0,0.0,0.3333333333333333,0.6666666666666666,0.25,,0.0,0.0,0.0,0.0,0,dr,dl,ur,1,0,0,0,0
5,5,size7_comp0.0_grid5_base_low,7,0.0,low,base,base,3,5,8,4,2,1,1,1,1,0,-1,6,0.0,0.3333333333333333,0.3333333333333333,0.0,1,0,4,1,2,1,0,2,2,2,0,0,0.0,DR,0.8112781244591328,0,0,1,3,2,0.0,0.0,0.25,0.75,0.3333333333333333,,0.0,0.0,0.0,0.0,0,dr,dl,ur,1,0,0,0,0
6,5,size7_comp0.0_grid5_base_low,7,0.0,low,base,base,3,5,8,4,2,1,1,1,1,0,-1,4,0.0,0.25,0.25,0.0,1,0,3,0,2,1,0,0,0,0,0,0,0.0,DR,0.9182958340544896,0,0,1,2,1,0.0,0.0,0.3333333333333333,0.6666666666666666,0.25,,0.0,0.0,0.0,0.0,0,dr,dl,ur,1,0,0,0,0
7,5,size7_comp0.0_grid5_base_low,7,0.0,low,base,base,3,5,8,4,2,1,1,1,1,0,-1,4,0.0,0.25,0.25,0.0,1,0,3,0,2,1,0,0,0,0,0,0,0.0,DR,0.9182958340544896,0,0,1,2,1,0.0,0.0,0.3333333333333333,0.6666666666666666,0.25,,0.0,0.0,0.0,0.0,0,dr,dl,ur,1,0,0,0,0
8,5,size7_comp0.0_grid5_base_low,7,0.0,low,base,base,3,5,8,4,2,1,1,1,1,0,-1,4,0.0,0.25,0.25,0.0,1,0,3,0,1,1,1,0,0,0,0,0,0.0,DL,1.0,0,0,1,1,2,0.0,0.0,0.5,0.5,0.5,,0.0,0.0,0.0,0.0,0,dr,dl,ur,0,0,0,0,0
9,5,size7_comp0.0_grid5_base_low,7,0.0,low,base,base,3,5,8,4,2,1,1,1,1,0,-1,4,0.0,0.25,0.25,0.0,1,0,3,0,2,1,0,0,0,0,0,0,0.0,DR,0.9182958340544896,0,0,1,2,1,0.0,0.0,0.3333333333333333,0.6666666666666666,0.25,,0.0,0.0,0.0,0.0,0,dr,dl,ur,1,0,0,0,0
0,6,size7_comp0.0_grid6_base_low,7,0.0,low,base,base,4,5,9,3,3,1,1,1,0,1,9,32,0.0,0.5625,0.7,0.5,4,4,14,10,8,2,9,12,20,11,4,1,0.03125,DL,1.2806721295208872,4,0,7,1,20,0.3333333333333333,0.0,0.5833333333333334,0.08333333333333333,0.625,,0.0,0.0,0.0,0.0,0,midline,ur,dl,0,1,0,0,0
1,6,size7_comp0.0_grid6_base_low,7,0.0,low,base,base,4,5,9,3,3,1,1,1,0,1,12,32,0.0,0.53125,0.6153846153846154,0.47368421052631576,7,8,11,6,7,4,4,16,20,14,11,2,0.0625,DL,1.1238561897747246,8,1,16,0,7,0.32,0.04,0.64,0.0,0.21875,DL,0.0,0.0,0.03125,0.0,1,midline,ur,dl,0,1,0,0,0
2,6,size7_comp0.0_grid6_base_low,7,0.0,low,base,base,4,5,9,3,3,1,1,1,0,1,3,32,0.0,0.5,1.0,0.42857142857142855,7,11,9,5,8,9,7,7,23,7,8,3,0.09375,DL,-0.0,0,0,24,0,8,0.0,0.0,1.0,0.0,0.25,DL,0.0,0.0,0.125,0.0,1,midline,ur,dl,0,1,0,0,0
3,6,size7_comp0.0_grid6_base_low,7,0.0,low,base,base,4,5,9,3,3,1,1,1,0,1,3,32,0.0,0.53125,1.0,0.4642857142857143,8,10,9,5,6,4,15,6,20,5,9,2,0.0625,DL,0.7228578977329688,2,0,18,1,11,0.09523809523809523,0.0,0.8571428571428571,0.047619047619047616,0.34375,DL,0.0,0.0,0.0625,0.0,1,midline,ur,dl,0,1,0,0,0
4,6,size7_comp0.0_grid6_base_low,7,0.0,low,base,base,4,5,9,3,3,1,1,1,1,0,-1,3,0.0,0.3333333333333333,0.3333333333333333,0.0,2,0,1,0,0,1,1,0,0,0,0,0,0.0,UR,-0.0,0,2,0,0,1,0.0,1.0,0.0,0.0,0.3333333333333333,,0.0,0.0,0.0,0.0,0,midline,ur,dl,0,0,0,0,0
5,6,size7_comp0.0_grid6_base_low,7,0.0,low,base,base,4,5,9,3,3,1,1,1,0,1,11,32,0.0,0.5625,0.6666666666666666,0.5,3,2,16,11,8,7,1,15,21,13,1,1,0.03125,UL,0.9132829641650988,15,1,3,0,13,0.7894736842105263,0.05263157894736842,0.15789473684210525,0.0,0.40625,,0.0,0.0,0.0,0.0,0,midline,ur,dl,0,0,0,0,0
6,6,size7_comp0.0_grid6_base_low,7,0.0,low,base,base,4,5,9,3,3,1,1,1,0,1,15,32,0.0,0.59375,0.625,0.5625,6,5,12,9,4,3,11,13,23,12,0,0,0.0,UL,0.74959525725948,11,0,3,0,18,0.7857142857142857,0.0,0.21428571428571427,0.0,0.5625,,0.0,0.0,0.0,0.0,0,midline,ur,dl,0,0,0,0,0
7,6,size7_comp0.0_grid6_base_low,7,0.0,low,base,base,4,5,9,3,3,1,1,1,0,1,7,32,0.0,0.59375,0.75,0.5416666666666666,4,3,14,11,7,7,5,12,17,11,3,0,0.0,DL,1.4056390622295665,6,0,8,2,16,0.375,0.0,0.5,0.125,0.5,DL,0.0,0.0,0.03125,0.0,1,midline,ur,dl,0,1,0,0,0
8,6,size7_comp0.0_grid6_base_low,7,0.0,low,base,base,4,5,9,3,3,1,1,1,0,1,25,32,0.0,0.5625,0.5769230769230769,0.5,4,4,14,10,8,6,3,14,21,14,2,0,0.0,DL,0.9709505944546686,4,0,6,0,22,0.4,0.0,0.6,0.0,0.6875,DL,0.0,0.0,0.03125,0.0,1,midline,ur,dl,0,1,0,0,0
9,6,size7_comp0.0_grid6_base_low,7,0.0,low,base,base,4,5,9,3,3,1,1,1,0,1,9,32,0.0,0.59375,0.7,0.5454545454545454,5,4,13,10,5,1,11,14,21,13,5,0,0.0,UL,1.0,9,0,9,0,14,0.5,0.0,0.5,0.0,0.4375,DL,0.0,0.0,0.03125,0.0,1,midline,ur,dl,0,0,0,0,0
0,7,size7_comp0.0_grid7_base_low,7,0.0,low,base,base,3,7,10,4,3,1,1,1,1,0,-1,4,0.0,0.0,0.0,0.0,1,0,3,0,2,1,0,0,0,0,0,0,0.0,UL,1.0,1,1,0,0,2,0.5,0.5,0.0,0.0,0.5,,0.0,0.0,0.0,0.0,0,midline,ul,dr,0,0,0,0,0
1,7,size7_comp0.0_grid7_base_low,7,0.0,low,base,base,3,7,10,4,3,1,1,1,1,0,-1,4,0.0,0.0,0.0,0.0,1,0,3,0,2,0,1,0,0,0,0,0,0.0,UL,0.0,0,0,0,0,4,0.0,0.0,0.0,0.0,1.0,,0.0,0.0,0.0,0.0,0,midline,ul,dr,0,0,0,0,0
2,7,size7_comp0.0_grid7_base_low,7,0.0,low,base,base,3,7,10,4,3,1,1,1,1,0,-1,8,0.0,0.25,0.25,0.0,1,0,5,2,3,0,2,2,2,2,0,0,0.0,UL,1.0,1,1,0,0,6,0.5,0.5,0.0,0.0,0.75,,0.0,0.0,0.0,0.0,0,midline,ul,dr,0,0,0,0,0
3,7,size7_comp0.0_grid7_base_low,7,0.0,low,base,base,3,7,10,4,3,1,1,1,1,0,-1,17,0.0,0.35294117647058826,0.35294117647058826,0.0,2,1,8,6,5,3,3,5,10,5,0,1,0.058823529411764705,UR,1.1567796494470395,1,7,0,2,7,0.1,0.7,0.0,0.2,0.4117647058823529,,0.0,0.0,0.0,0.0,0,midline,ul,dr,0,0,0,0,0
4,7,size7_comp0.0_grid7_base_low,7,0.0,low,base,base,3,7,10,4,3,1,1,1,1,0,-1,12,0.0,0.3333333333333333,0.3333333333333333,0.0,2,1,6,3,3,2,1,5,7,5,0,0,0.0,UL,0.0,0,0,0,0,12,0.0,0.0,0.0,0.0,1.0,,0.0,0.0,0.0,0.0,0,midline,ul,dr,0,0,0,0,0
5,7,size7_comp0.0_grid7_base_low,7,0.0,low,base,base,3,7,10,4,3,1,1,1,1,0,-1,10,0.0,0.3,0.3,0.0,2,1,5,2,3,2,1,3,4,3,0,0,0.0,DL,-0.0,0,0,3,0,7,0.0,0.0,1.0,0.0,0.7,,0.0,0.0,0.0,0.0,0,midline,ul,dr,0,0,0,0,0
6,7,size7_comp0.0_grid7_base_low,7,0.0,low,base,base,3,7,10,4,3,1,1,1,1,0,-1,20,0.0,0.4,0.4,0.0,4,3,8,5,6,1,10,2,8,2,0,0,0.0,DL,0.7642045065086203,0,0,7,2,11,0.0,0.0,0.7777777777777778,0.2222222222222222,0.55,DL,0.0,0.0,0.05,0.0,1,midline,ul,dr,0,0,0,0,0
7,7,size7_comp0.0_grid7_base_low,7,0.0,low,base,base,3,7,10,4,3,1,1,1,0,0,-1,32,0.0,0.46875,0.46875,0.0,6,7,11,8,4,5,10,12,22,11,0,1,0.03125,DL,0.6193821946787638,0,0,11,2,19,0.0,0.0,0.8461538461538461,0.15384615384615385,0.59375,DL,0.0,0.0,0.0625,0.0,2,midline,ul,dr,0,0,0,0,0
8,7,size7_comp0.0_grid7_base_low,7,0.0,low,base,base,3,7,10,4,3,1,1,1,0,0,-1,32,0.0,0.4375,0.4375,0.0,6,6,12,8,7,4,10,10,21,9,0,1,0.03125,DL,0.4689955935892812,0,0,18,2,12,0.0,0.0,0.9,0.1,0.375,DL,0.0,0.0,0.1875,0.0,2,midline,ul,dr,0,0,0,0,0
9,7,size7_comp0.0_grid7_base_low,7,0.0,low,base,base,3,7,10,4,3,1,1,1,1,0,-1,6,0.0,0.16666666666666666,0.16666666666666666,0.0,1,0,4,1,2,0,1,2,2,2,0,0,0.0,UL,0.0,0,0,0,0,6,0.0,0.0,0.0,0.0,1.0,,0.0,0.0,0.0,0.0,0,midline,ul,dr,0,0,0,0,0
0,8,size7_comp0.0_grid8_base_low,7,0.0,low,base,base,3,4,7,3,2,1,1,1,1,0,-1,3,0.0,0.3333333333333333,0.3333333333333333,0.0,0,1,0,2,1,1,0,0,0,0,0,0,0.0,UL,-0.0,3,0,0,0,0,1.0,0.0,0.0,0.0,0.0,UL,0.3333333333333333,0.0,0.0,0.0,1,ul,midline,dl,1,0,0,0,0
1,8,size7_comp0.0_grid8_base_low,7,0.0,low,base,base,3,4,7,3,2,1,1,1,1,0,-1,3,0.0,0.3333333333333333,0.3333333333333333,0.0,0,1,0,2,1,1,0,0,0,0,0,0,0.0,UL,-0.0,3,0,0,0,0,1.0,0.0,0.0,0.0,0.0,UL,0.3333333333333333,0.0,0.0,0.0,1,ul,midline,dl,1,0,0,0,0
2,8,size7_comp0.0_grid8_base_low,7,0.0,low,base,base,3,4,7,3,2,1,1,1,1,0,-1,5,0.0,0.4,0.4,0.0,0,1,1,3,1,1,0,2,2,2,0,0,0.0,UL,-0.0,5,0,0,0,0,1.0,0.0,0.0,0.0,0.0,UL,0.2,0.0,0.0,0.0,1,ul,midline,dl,1,0,0,0,0
3,8,size7_comp0.0_grid8_base_low,7,0.0,low,base,base,3,4,7,3,2,1,1,1,1,0,-1,3,0.0,0.3333333333333333,0.3333333333333333,0.0,0,1,0,2,0,1,1,0,0,0,0,0,0.0,UL,-0.0,3,0,0,0,0,1.0,0.0,0.0,0.0,0.0,UL,0.3333333333333333,0.0,0.0,0.0,1,ul,midline,dl,1,0,0,0,0
4,8,size7_comp0.0_grid8_base_low,7,0.0,low,base,base,3,4,7,3,2,1,1,1,1,0,-1,3,0.0,0.3333333333333333,0.3333333333333333,0.0,0,1,0,2,1,0,1,0,0,0,0,0,0.0,UL,-0.0,2,0,0,0,1,1.0,0.0,0.0,0.0,0.3333333333333333,UL,0.3333333333333333,0.0,0.0,0.0,1,ul,midline,dl,1,0,0,0,0
5,8,size7_comp0.0_grid8_base_low,7,0.0,low,base,base,3,4,7,3,2,1,1,1,1,0,-1,3,0.0,0.3333333333333333,0.3333333333333333,0.0,0,1,0,2,1,1,0,0,0,0,0,0,0.0,UL,-0.0,3,0,0,0,0,1.0,0.0,0.0,0.0,0.0,UL,0.3333333333333333,0.0,0.0,0.0,1,ul,midline,dl,1,0,0,0,0
6,8,size7_comp0.0_grid8_base_low,7,0.0,low,base,base,3,4,7,3,2,1,1,1,1,0,-1,5,0.0,0.4,0.4,0.0,0,1,1,3,2,1,0,1,1,1,0,0,0.0,UL,0.9182958340544896,2,1,0,0,2,0.6666666666666666,0.3333333333333333,0.0,0.0,0.4,UL,0.2,0.0,0.0,0.0,1,ul,midline,dl,1,0,0,0,0
7,8,size7_comp0.0_grid8_base_low,7,0.0,low,base,base,3,4,7,3,2,1,1,1,1,0,-1,3,0.0,0.3333333333333333,0.3333333333333333,0.0,0,1,0,2,0,1,1,0,0,0,0,0,0.0,UL,-0.0,3,0,0,0,0,1.0,0.0,0.0,0.0,0.0,UL,0.3333333333333333,0.0,0.0,0.0,1,ul,midline,dl,1,0,0,0,0
8,8,size7_comp0.0_grid8_base_low,7,0.0,low,base,base,3,4,7,3,2,1,1,1,1,0,-1,3,0.0,0.3333333333333333,0.3333333333333333,0.0,0,1,0,2,0,1,1,0,0,0,0,0,0.0,UL,-0.0,3,0,0,0,0,1.0,0.0,0.0,0.0,0.0,UL,0.3333333333333333,0.0,0.0,0.0,1,ul,midline,dl,1,0,0,0,0
9,8,size7_comp0.0_grid8_base_low,7,0.0,low,base,base,3,4,7,3,2,1,1,1,1,0,-1,3,0.0,0.3333333333333333,0.3333333333333333,0.0,0,1,0,2,1,1,0,0,0,0,0,0,0.0,UL,-0.0,3,0,0,0,0,1.0,0.0,0.0,0.0,0.0,UL,0.3333333333333333,0.0,0.0,0.0,1,ul,midline,dl,1,0,0,0,0
0,9,size7_comp0.0_grid9_base_low,7,0.0,low,base,base,3,7,10,4,3,1,1,1,0,0,-1,32,0.0,0.5,0.5,0.0,2,4,14,12,8,6,2,15,22,14,0,0,0.0,DL,1.1540157730728,3,1,15,1,12,0.15,0.05,0.75,0.05,0.375,,0.0,0.0,0.0,0.0,0,midline,dr,ul,0,0,0,0,0
1,9,size7_comp0.0_grid9_base_low,7,0.0,low,base,base,3,7,10,4,3,1,1,1,1,0,-1,24,0.0,0.4166666666666667,0.4166666666666667,0.0,1,3,9,11,9,5,1,8,13,8,0,0,0.0,UR,1.9219280948873623,2,4,2,2,14,0.2,0.4,0.2,0.2,0.5833333333333334,,0.0,0.0,0.0,0.0,0,midline,dr,ul,0,0,0,0,0
2,9,size7_comp0.0_grid9_base_low,7,0.0,low,base,base,3,7,10,4,3,1,1,1,1,0,-1,20,0.0,0.4,0.4,0.0,1,3,7,9,6,3,3,7,11,7,0,0,0.0,DL,1.3221793455166666,1,0,6,4,9,0.09090909090909091,0.0,0.5454545454545454,0.36363636363636365,0.45,,0.0,0.0,0.0,0.0,0,midline,dr,ul,0,0,0,0,0
3,9,size7_comp0.0_grid9_base_low,7,0.0,low,base,base,3,7,10,4,3,1,1,1,1,0,-1,10,0.0,0.3,0.3,0.0,1,3,2,4,1,2,3,3,4,3,0,0,0.0,UR,1.0,0,1,0,1,8,0.0,0.5,0.0,0.5,0.8,,0.0,0.0,0.0,0.0,0,midline,dr,ul,0,0,0,0,0
4,9,size7_comp0.0_grid9_base_low,7,0.0,low,base,base,3,7,10,4,3,1,1,1,1,0,-1,21,0.0,0.38095238095238093,0.38095238095238093,0.0,0,2,8,11,7,3,1,9,13,8,0,1,0.047619047619047616,UR,0.7219280948873623,0,8,0,2,11,0.0,0.8,0.0,0.2,0.5238095238095238,,0.0,0.0,0.0,0.0,0,midline,dr,ul,0,0,0,0,0
5,9,size7_comp0.0_grid9_base_low,7,0.0,low,base,base,3,7,10,4,3,1,1,1,1,0,-1,6,0.0,0.16666666666666666,0.16666666666666666,0.0,0,2,1,3,2,0,2,1,1,1,0,0,0.0,DR,0.9182958340544896,0,1,0,2,3,0.0,0.3333333333333333,0.0,0.6666666666666666,0.5,,0.0,0.0,0.0,0.0,0,midline,dr,ul,0,0,0,0,0
6,9,size7_comp0.0_grid9_base_low,7,0.0,low,base,base,3,7,10,4,3,1,1,1,1,0,-1,24,0.0,0.4166666666666667,0.4166666666666667,0.0,0,2,10,12,5,1,3,14,16,14,0,0,0.0,DL,1.014097655573916,3,0,12,1,8,0.1875,0.0,0.75,0.0625,0.3333333333333333,,0.0,0.0,0.0,0.0,0,midline,dr,ul,0,0,0,0,0
7,9,size7_comp0.0_grid9_base_low,7,0.0,low,base,base,3,7,10,4,3,1,1,1,1,0,-1,8,0.0,0.25,0.25,0.0,0,2,2,4,3,1,1,2,2,2,0,0,0.0,UR,0.9709505944546686,0,3,0,2,3,0.0,0.6,0.0,0.4,0.375,,0.0,0.0,0.0,0.0,0,midline,dr,ul,0,0,0,0,0
8,9,size7_comp0.0_grid9_base_low,7,0.0,low,base,base,3,7,10,4,3,1,1,1,1,0,-1,14,0.0,0.35714285714285715,0.35714285714285715,0.0,0,2,5,7,5,0,1,7,8,7,0,0,0.0,DL,0.4689955935892812,0,0,9,1,4,0.0,0.0,0.9,0.1,0.2857142857142857,,0.0,0.0,0.0,0.0,0,midline,dr,ul,0,0,0,0,0
9,9,size7_comp0.0_grid9_base_low,7,0.0,low,base,base,3,7,10,4,3,1,1,1,1,0,-1,18,0.0,0.3888888888888889,0.3888888888888889,0.0,1,3,6,8,4,4,3,6,8,6,0,0,0.0,UL,0.9709505944546686,3,2,0,0,13,0.6,0.4,0.0,0.0,0.7222222222222222,,0.0,0.0,0.0,0.0,0,midline,dr,ul,0,1,0,0,0
0,0,size7_comp0.2_grid0_base_low,7,0.2,low,base,base,5,4,9,3,3,1,1,1,1,0,-1,21,0.0,0.2857142857142857,0.2857142857142857,0.0,11,1,5,4,10,5,3,2,15,2,0,10,0.47619047619047616,DL,0.2974722489192896,1,0,18,0,2,0.05263157894736842,0.0,0.9473684210526315,0.0,0.09523809523809523,DL,0.0,0.0,0.19047619047619047,0.0,2,dl,ul,dr,1,0,0,0,0
1,0,size7_comp0.2_grid0_base_low,7,0.2,low,base,base,5,4,9,3,3,1,1,1,1,0,-1,3,0.0,0.6666666666666666,0.6666666666666666,0.0,2,0,0,1,1,0,1,0,0,0,0,0,0.0,UL,1.0,1,0,1,0,1,0.5,0.0,0.5,0.0,0.3333333333333333,,0.0,0.0,0.0,0.0,0,dl,ul,dr,0,0,0,0,0
2,0,size7_comp0.2_grid0_base_low,7,0.2,low,base,base,5,4,9,3,3,1,1,1,1,0,-1,13,0.0,0.15384615384615385,0.15384615384615385,0.0,2,0,5,3,3,2,1,1,10,0,0,7,0.5384615384615384,DL,-0.0,0,0,8,0,5,0.0,0.0,1.0,0.0,0.38461538461538464,,0.0,0.0,0.0,0.0,0,dl,ul,dr,1,0,0,0,0
3,0,size7_comp0.2_grid0_base_low,7,0.2,low,base,base,5,4,9,3,3,1,1,1,1,0,-1,5,0.0,0.4,0.4,0.0,2,0,0,2,1,1,1,0,2,0,0,1,0.2,DL,0.8112781244591328,1,0,3,0,1,0.25,0.0,0.75,0.0,0.2,,0.0,0.0,0.0,0.0,0,dl,ul,dr,1,0,0,0,0
4,0,size7_comp0.2_grid0_base_low,7,0.2,low,base,base,5,4,9,3,3,1,1,1,1,0,-1,4,0.0,0.5,0.5,0.0,2,0,1,1,1,0,2,0,1,0,0,1,0.25,DL,0.9182958340544896,1,0,2,0,1,0.3333333333333333,0.0,0.6666666666666666,0.0,0.25,,0.0,0.0,0.0,0.0,0,dl,ul,dr,1,0,0,0,0
5,0,size7_comp0.2_grid0_base_low,7,0.2,low,base,base,5,4,9,3,3,1,1,1,1,0,-1,16,0.0,0.25,0.25,0.0,3,1,4,6,3,3,2,3,12,2,0,7,0.4375,DL,0.4689955935892812,1,0,9,0,6,0.1,0.0,0.9,0.0,0.375,,0.0,0.0,0.0,0.0,0,dl,ul,dr,1,0,0,0,0
6,0,size7_comp0.2_grid0_base_low,7,0.2,low,base,base,5,4,9,3,3,1,1,1,1,0,-1,3,0.0,0.6666666666666666,0.6666666666666666,0.0,2,0,0,1,1,0,1,0,0,0,0,0,0.0,UL,1.0,1,0,1,0,1,0.5,0.0,0.5,0.0,0.3333333333333333,,0.0,0.0,0.0,0.0,0,dl,ul,dr,0,0,0,0,0
7,0,size7_comp0.2_grid0_base_low,7,0.2,low,base,base,5,4,9,3,3,1,1,1,1,0,-1,7,0.0,0.2857142857142857,0.2857142857142857,0.0,2,0,2,2,2,1,0,1,4,0,0,3,0.42857142857142855,DL,0.9182958340544896,2,0,4,0,1,0.3333333333333333,0.0,0.6666666666666666,0.0,0.14285714285714285,,0.0,0.0,0.0,0.0,0,dl,ul,dr,1,0,0,0,0
8,0,size7_comp0.2_grid0_base_low,7,0.2,low,base,base,5,4,9,3,3,1,1,1,1,0,-1,3,0.0,0.6666666666666666,0.6666666666666666,0.0,2,0,0,1,1,0,1,0,0,0,0,0,0.0,UL,1.0,1,0,1,0,1,0.5,0.0,0.5,0.0,0.3333333333333333,,0.0,0.0,0.0,0.0,0,dl,ul,dr,0,0,0,0,0
9,0,size7_comp0.2_grid0_base_low,7,0.2,low,base,base,5,4,9,3,3,1,1,1,1,0,-1,3,0.0,0.6666666666666666,0.6666666666666666,0.0,2,0,0,1,1,0,1,0,0,0,0,0,0.0,UL,1.0,1,0,1,0,1,0.5,0.0,0.5,0.0,0.3333333333333333,,0.0,0.0,0.0,0.0,0,dl,ul,dr,0,0,0,0,0
0,1,size7_comp0.2_grid1_base_low,7,0.2,low,base,base,3,4,7,3,2,1,1,1,0,0,-1,32,0.0,0.40625,0.40625,0.0,7,3,12,10,0,15,5,11,27,8,0,6,0.1875,DL,-0.0,0,0,31,0,1,0.0,0.0,1.0,0.0,0.03125,DL,0.0,0.0,0.15625,0.0,2,dl,midline,dr,1,0,0,0,0
1,1,size7_comp0.2_grid1_base_low,7,0.2,low,base,base,3,4,7,3,2,1,1,1,0,0,-1,32,0.0,0.46875,0.46875,0.0,6,7,9,10,6,5,5,15,26,14,0,2,0.0625,DL,-0.0,0,0,24,0,8,0.0,0.0,1.0,0.0,0.25,DL,0.0,0.0,0.0625,0.0,1,dl,midline,dr,1,0,0,0,0
2,1,size7_comp0.2_grid1_base_low,7,0.2,low,base,base,3,4,7,3,2,1,1,1,1,0,-1,11,0.0,0.36363636363636365,0.36363636363636365,0.0,4,0,3,4,2,3,3,2,5,2,0,2,0.18181818181818182,DL,0.7642045065086203,2,0,7,0,2,0.2222222222222222,0.0,0.7777777777777778,0.0,0.18181818181818182,,0.0,0.0,0.0,0.0,0,dl,midline,dr,1,0,0,0,0
3,1,size7_comp0.2_grid1_base_low,7,0.2,low,base,base,3,4,7,3,2,1,1,1,0,0,-1,32,0.0,0.4375,0.4375,0.0,8,8,9,7,1,13,7,10,24,8,0,3,0.09375,DL,0.28639695711595625,0,0,19,1,12,0.0,0.0,0.95,0.05,0.375,DL,0.0,0.0,0.0625,0.0,1,dl,midline,dr,1,0,0,0,0
4,1,size7_comp0.2_grid1_base_low,7,0.2,low,base,base,3,4,7,3,2,1,1,1,0,0,-1,32,0.0,0.46875,0.46875,0.0,6,5,11,10,5,9,1,16,24,15,0,1,0.03125,DL,0.23519338181924143,0,0,25,1,6,0.0,0.0,0.9615384615384616,0.038461538461538464,0.1875,DL,0.0,0.0,0.03125,0.0,1,dl,midline,dr,1,0,0,0,0
5,1,size7_comp0.2_grid1_base_low,7,0.2,low,base,base,3,4,7,3,2,1,1,1,1,0,-1,5,0.0,0.4,0.4,0.0,2,0,1,2,2,0,2,0,0,0,0,0,0.0,UL,1.0,2,0,2,0,1,0.5,0.0,0.5,0.0,0.2,,0.0,0.0,0.0,0.0,0,dl,midline,dr,0,0,0,0,0
6,1,size7_comp0.2_grid1_base_low,7,0.2,low,base,base,3,4,7,3,2,1,1,1,1,0,-1,29,0.0,0.1724137931034483,0.1724137931034483,0.0,3,1,21,4,18,2,3,5,25,5,0,18,0.6206896551724138,DL,-0.0,0,0,1,0,28,0.0,0.0,1.0,0.0,0.9655172413793104,,0.0,0.0,0.0,0.0,0,dl,midline,dr,1,0,0,0,0
7,1,size7_comp0.2_grid1_base_low,7,0.2,low,base,base,3,4,7,3,2,1,1,1,1,0,-1,19,0.0,0.3684210526315789,0.3684210526315789,0.0,6,1,5,7,4,3,6,5,13,5,0,4,0.21052631578947367,DL,0.5665095065529053,2,0,13,0,4,0.13333333333333333,0.0,0.8666666666666667,0.0,0.21052631578947367,,0.0,0.0,0.0,0.0,0,dl,midline,dr,1,0,0,0,0
8,1,size7_comp0.2_grid1_base_low,7,0.2,low,base,base,3,4,7,3,2,1,1,1,1,0,-1,5,0.0,0.4,0.4,0.0,2,0,1,2,2,0,2,0,0,0,0,0,0.0,UL,1.0,2,0,2,0,1,0.5,0.0,0.5,0.0,0.2,,0.0,0.0,0.0,0.0,0,dl,midline,dr,0,0,0,0,0
9,1,size7_comp0.2_grid1_base_low,7,0.2,low,base,base,3,4,7,3,2,1,1,1,1,0,-1,12,0.0,0.25,0.25,0.0,2,0,3,7,4,1,3,3,6,1,0,5,0.4166666666666667,DL,0.9709505944546686,2,0,3,0,7,0.4,0.0,0.6,0.0,0.5833333333333334,,0.0,0.0,0.0,0.0,0,dl,midline,dr,1,0,0,0,0
0,2,size7_comp0.2_grid2_base_low,7,0.2,low,base,base,3,3,6,4,1,1,1,1,1,0,-1,5,0.0,0.4,0.4,0.0,2,0,2,1,2,0,1,1,1,0,0,1,0.2,DR,-0.0,0,0,0,3,2,0.0,0.0,0.0,1.0,0.4,DR,0.0,0.0,0.0,0.4,2,dr,midline,ur,1,0,0,0,0
1,2,size7_comp0.2_grid2_base_low,7,0.2,low,base,base,3,3,6,4,1,1,1,1,1,0,-1,5,0.0,0.4,0.4,0.0,2,0,3,0,3,0,1,0,1,0,0,1,0.2,DR,-0.0,0,0,0,2,3,0.0,0.0,0.0,1.0,0.6,DR,0.0,0.0,0.0,0.2,1,dr,midline,ur,1,0,0,0,0
2,2,size7_comp0.2_grid2_base_low,7,0.2,low,base,base,3,3,6,4,1,1,1,1,1,0,-1,4,0.0,0.5,0.5,0.0,2,0,2,0,2,1,0,0,0,0,0,0,0.0,DR,-0.0,0,0,0,2,2,0.0,0.0,0.0,1.0,0.5,DR,0.0,0.0,0.0,0.25,1,dr,midline,ur,1,0,0,0,0
3,2,size7_comp0.2_grid2_base_low,7,0.2,low,base,base,3,3,6,4,1,1,1,1,1,0,-1,13,0.0,0.38461538461538464,0.38461538461538464,0.0,3,0,5,5,3,1,5,3,5,2,0,3,0.23076923076923078,DR,0.9182958340544896,0,0,2,4,7,0.0,0.0,0.3333333333333333,0.6666666666666666,0.5384615384615384,DR,0.0,0.0,0.0,0.07692307692307693,1,dr,midline,ur,1,0,0,0,0
4,2,size7_comp0.2_grid2_base_low,7,0.2,low,base,base,3,3,6,4,1,1,1,1,1,0,-1,4,0.0,0.5,0.5,0.0,2,0,2,0,2,1,0,0,0,0,0,0,0.0,DR,-0.0,0,0,0,2,2,0.0,0.0,0.0,1.0,0.5,DR,0.0,0.0,0.0,0.25,1,dr,midline,ur,1,0,0,0,0
5,2,size7_comp0.2_grid2_base_low,7,0.2,low,base,base,3,3,6,4,1,1,1,1,1,0,-1,7,0.0,0.42857142857142855,0.42857142857142855,0.0,2,0,4,1,1,3,1,1,2,1,0,1,0.14285714285714285,DR,-0.0,0,0,0,5,2,0.0,0.0,0.0,1.0,0.2857142857142857,DR,0.0,0.0,0.0,0.2857142857142857,1,dr,midline,ur,1,0,0,0,0
6,2,size7_comp0.2_grid2_base_low,7,0.2,low,base,base,3,3,6,4,1,1,1,1,1,0,-1,4,0.0,0.5,0.5,0.0,2,0,2,0,2,1,0,0,0,0,0,0,0.0,DR,-0.0,0,0,0,2,2,0.0,0.0,0.0,1.0,0.5,DR,0.0,0.0,0.0,0.25,1,dr,midline,ur,1,0,0,0,0
7,2,size7_comp0.2_grid2_base_low,7,0.2,low,base,base,3,3,6,4,1,1,1,1,1,0,-1,6,0.0,0.3333333333333333,0.3333333333333333,0.0,3,0,3,0,2,1,2,0,2,0,0,2,0.3333333333333333,DR,-0.0,0,0,0,3,3,0.0,0.0,0.0,1.0,0.5,DR,0.0,0.0,0.0,0.16666666666666666,1,dr,midline,ur,1,0,0,0,0
8,2,size7_comp0.2_grid2_base_low,7,0.2,low,base,base,3,3,6,4,1,1,1,1,1,0,-1,9,0.0,0.3333333333333333,0.3333333333333333,0.0,2,0,4,3,3,1,2,2,5,1,0,3,0.3333333333333333,DR,-0.0,0,0,0,3,6,0.0,0.0,0.0,1.0,0.6666666666666666,DR,0.0,0.0,0.0,0.1111111111111111,1,dr,midline,ur,1,0,0,0,0
9,2,size7_comp0.2_grid2_base_low,7,0.2,low,base,base,3,3,6,4,1,1,1,1,1,0,-1,13,0.0,0.46153846153846156,0.46153846153846156,0.0,3,0,6,4,2,2,4,4,5,4,0,1,0.07692307692307693,DL,0.9182958340544896,0,0,6,3,4,0.0,0.0,0.6666666666666666,0.3333333333333333,0.3076923076923077,DR,0.0,0.0,0.0,0.07692307692307693,1,dr,midline,ur,0,0,0,0,0
0,3,size7_comp0.2_grid3_base_low,7,0.2,low,base,base,4,5,9,3,3,1,1,1,1,0,-1,3,0.0,0.3333333333333333,0.3333333333333333,0.0,0,1,0,2,0,1,1,0,0,0,0,0,0.0,UL,-0.0,1,0,0,0,2,1.0,0.0,0.0,0.0,0.6666666666666666,,0.0,0.0,0.0,0.0,0,ul,midline,dl,1,0,0,0,0
1,3,size7_comp0.2_grid3_base_low,7,0.2,low,base,base,4,5,9,3,3,1,1,1,1,0,-1,7,0.0,0.42857142857142855,0.42857142857142855,0.0,0,1,2,4,3,1,0,2,3,2,0,0,0.0,UL,-0.0,1,0,0,0,6,1.0,0.0,0.0,0.0,0.8571428571428571,,0.0,0.0,0.0,0.0,0,ul,midline,dl,1,0,0,0,0
2,3,size7_comp0.2_grid3_base_low,7,0.2,low,base,base,4,5,9,3,3,1,1,1,1,0,-1,3,0.0,0.3333333333333333,0.3333333333333333,0.0,0,1,0,2,1,1,0,0,0,0,0,0,0.0,UL,-0.0,1,0,0,0,2,1.0,0.0,0.0,0.0,0.6666666666666666,,0.0,0.0,0.0,0.0,0,ul,midline,dl,1,0,0,0,0
3,3,size7_comp0.2_grid3_base_low,7,0.2,low,base,base,4,5,9,3,3,1,1,1,1,0,-1,3,0.0,0.3333333333333333,0.3333333333333333,0.0,0,1,0,2,1,1,0,0,0,0,0,0,0.0,UL,-0.0,1,0,0,0,2,1.0,0.0,0.0,0.0,0.6666666666666666,,0.0,0.0,0.0,0.0,0,ul,midline,dl,1,0,0,0,0
4,3,size7_comp0.2_grid3_base_low,7,0.2,low,base,base,4,5,9,3,3,1,1,1,1,0,-1,9,0.0,0.4444444444444444,0.4444444444444444,0.0,0,1,3,5,2,2,0,4,4,4,0,0,0.0,UL,-0.0,6,0,0,0,3,1.0,0.0,0.0,0.0,0.3333333333333333,,0.0,0.0,0.0,0.0,0,ul,midline,dl,1,0,0,0,0
5,3,size7_comp0.2_grid3_base_low,7,0.2,low,base,base,4,5,9,3,3,1,1,1,1,0,-1,7,0.0,0.42857142857142855,0.42857142857142855,0.0,0,1,2,4,2,0,2,2,2,2,0,0,0.0,UL,-0.0,3,0,0,0,4,1.0,0.0,0.0,0.0,0.5714285714285714,,0.0,0.0,0.0,0.0,0,ul,midline,dl,1,0,0,0,0
6,3,size7_comp0.2_grid3_base_low,7,0.2,low,base,base,4,5,9,3,3,1,1,1,1,0,-1,3,0.0,0.3333333333333333,0.3333333333333333,0.0,0,1,0,2,1,1,0,0,0,0,0,0,0.0,UL,-0.0,1,0,0,0,2,1.0,0.0,0.0,0.0,0.6666666666666666,,0.0,0.0,0.0,0.0,0,ul,midline,dl,1,0,0,0,0
7,3,size7_comp0.2_grid3_base_low,7,0.2,low,base,base,4,5,9,3,3,1,1,1,1,0,-1,3,0.0,0.3333333333333333,0.3333333333333333,0.0,0,1,0,2,1,1,0,0,0,0,0,0,0.0,UL,-0.0,1,0,0,0,2,1.0,0.0,0.0,0.0,0.6666666666666666,,0.0,0.0,0.0,0.0,0,ul,midline,dl,1,0,0,0,0
8,3,size7_comp0.2_grid3_base_low,7,0.2,low,base,base,4,5,9,3,3,1,1,1,1,0,-1,7,0.0,0.42857142857142855,0.42857142857142855,0.0,0,1,2,4,2,0,1,3,3,3,0,0,0.0,UL,-0.0,1,0,0,0,6,1.0,0.0,0.0,0.0,0.8571428571428571,,0.0,0.0,0.0,0.0,0,ul,midline,dl,1,0,0,0,0
9,3,size7_comp0.2_grid3_base_low,7,0.2,low,base,base,4,5,9,3,3,1,1,1,1,0,-1,3,0.0,0.3333333333333333,0.3333333333333333,0.0,0,1,0,2,1,1,0,0,0,0,0,0,0.0,UL,-0.0,1,0,0,0,2,1.0,0.0,0.0,0.0,0.6666666666666666,,0.0,0.0,0.0,0.0,0,ul,midline,dl,1,0,0,0,0
0,4,size7_comp0.2_grid4_base_low,7,0.2,low,base,base,4,3,7,3,2,1,1,1,1,0,-1,7,0.0,0.42857142857142855,0.42857142857142855,0.0,2,0,4,1,1,1,2,2,4,1,0,2,0.2857142857142857,DL,-0.0,0,0,5,0,2,0.0,0.0,1.0,0.0,0.2857142857142857,,0.0,0.0,0.0,0.0,0,dl,ul,midline,1,0,0,0,0
1,4,size7_comp0.2_grid4_base_low,7,0.2,low,base,base,4,3,7,3,2,1,1,1,1,0,-1,6,0.0,0.5,0.5,0.0,2,0,2,1,0,0,1,2,3,2,0,0,0.0,DL,-0.0,0,0,4,0,2,0.0,0.0,1.0,0.0,0.3333333333333333,,0.0,0.0,0.0,0.0,0,dl,ul,midline,1,0,0,0,0
2,4,size7_comp0.2_grid4_base_low,7,0.2,low,base,base,4,3,7,3,2,1,1,1,1,0,-1,4,0.0,0.5,0.5,0.0,2,0,1,0,0,1,0,0,1,0,0,0,0.0,UL,1.0,1,0,1,0,2,0.5,0.0,0.5,0.0,0.5,,0.0,0.0,0.0,0.0,0,dl,ul,midline,0,0,0,0,0
3,4,size7_comp0.2_grid4_base_low,7,0.2,low,base,base,4,3,7,3,2,1,1,1,1,0,-1,9,0.0,0.5555555555555556,0.5555555555555556,0.0,3,1,3,2,1,1,3,3,4,3,0,0,0.0,DL,0.6500224216483541,1,0,5,0,3,0.16666666666666666,0.0,0.8333333333333334,0.0,0.3333333333333333,,0.0,0.0,0.0,0.0,0,dl,ul,midline,1,0,0,0,0
4,4,size7_comp0.2_grid4_base_low,7,0.2,low,base,base,4,3,7,3,2,1,1,1,1,0,-1,6,0.0,0.5,0.5,0.0,2,0,2,2,1,1,2,1,2,0,0,1,0.16666666666666666,DL,-0.0,0,0,2,0,4,0.0,0.0,1.0,0.0,0.6666666666666666,,0.0,0.0,0.0,0.0,0,dl,ul,midline,1,0,0,0,0
5,4,size7_comp0.2_grid4_base_low,7,0.2,low,base,base,4,3,7,3,2,1,1,1,1,0,-1,8,0.0,0.375,0.375,0.0,2,0,4,1,1,1,2,1,5,1,0,2,0.25,DL,-0.0,0,0,6,0,2,0.0,0.0,1.0,0.0,0.25,,0.0,0.0,0.0,0.0,0,dl,ul,midline,1,0,0,0,0
6,4,size7_comp0.2_grid4_base_low,7,0.2,low,base,base,4,3,7,3,2,1,1,1,1,0,-1,4,0.0,0.5,0.5,0.0,2,0,1,0,1,0,0,0,1,0,0,0,0.0,DL,-0.0,0,0,3,0,1,0.0,0.0,1.0,0.0,0.25,,0.0,0.0,0.0,0.0,0,dl,ul,midline,1,0,0,0,0
7,4,size7_comp0.2_grid4_base_low,7,0.2,low,base,base,4,3,7,3,2,1,1,1,1,0,-1,6,0.0,0.5,0.5,0.0,2,0,2,1,0,3,0,0,2,0,0,0,0.0,UL,1.0,1,0,1,0,4,0.5,0.0,0.5,0.0,0.6666666666666666,,0.0,0.0,0.0,0.0,0,dl,ul,midline,0,0,0,0,0
8,4,size7_comp0.2_grid4_base_low,7,0.2,low,base,base,4,3,7,3,2,1,1,1,1,0,-1,9,0.0,0.3333333333333333,0.3333333333333333,0.0,2,0,4,1,1,1,2,0,4,0,0,2,0.2222222222222222,DL,0.863120568566631,2,0,5,0,2,0.2857142857142857,0.0,0.7142857142857143,0.0,0.2222222222222222,,0.0,0.0,0.0,0.0,0,dl,ul,midline,1,0,0,0,0
9,4,size7_comp0.2_grid4_base_low,7,0.2,low,base,base,4,3,7,3,2,1,1,1,1,0,-1,4,0.0,0.5,0.5,0.0,2,0,2,0,0,1,2,0,1,0,0,1,0.25,DL,-0.0,0,0,2,0,2,0.0,0.0,1.0,0.0,0.5,,0.0,0.0,0.0,0.0,0,dl,ul,midline,1,0,0,0,0
0,5,size7_comp0.2_grid5_base_low,7,0.2,low,base,base,4,6,10,4,3,1,1,1,1,0,-1,20,0.0,0.35,0.35,0.0,1,4,6,7,3,3,7,2,10,2,0,2,0.1,UL,1.1401156785146092,9,3,1,0,7,0.6923076923076923,0.23076923076923078,0.07692307692307693,0.0,0.35,UR,0.0,0.05,0.0,0.0,1,ur,dr,ul,0,1,0,0,0
1,5,size7_comp0.2_grid5_base_low,7,0.2,low,base,base,4,6,10,4,3,1,1,1,0,1,7,32,0.0,0.3125,0.625,0.20833333333333334,1,4,16,10,14,2,4,9,25,3,1,19,0.59375,UR,0.5293608652873644,3,22,0,0,7,0.12,0.88,0.0,0.0,0.21875,UR,0.03125,0.0625,0.0,0.0,2,ur,dr,ul,1,0,0,0,0
2,5,size7_comp0.2_grid5_base_low,7,0.2,low,base,base,4,6,10,4,3,1,1,1,1,1,8,27,0.37037037037037035,0.4444444444444444,0.5555555555555556,0.3888888888888889,0,5,11,9,8,3,4,8,19,4,1,11,0.4074074074074074,UR,0.7424875695421236,4,15,0,0,8,0.21052631578947367,0.7894736842105263,0.0,0.0,0.2962962962962963,UR,0.037037037037037035,0.07407407407407407,0.0,0.0,2,ur,dr,ul,1,0,0,0,0
3,5,size7_comp0.2_grid5_base_low,7,0.2,low,base,base,4,6,10,4,3,1,1,1,1,1,5,21,0.47619047619047616,0.7142857142857143,0.8333333333333334,0.6666666666666666,0,3,9,9,6,4,2,8,9,7,1,1,0.047619047619047616,UL,0.8453509366224364,8,3,0,0,10,0.7272727272727273,0.2727272727272727,0.0,0.0,0.47619047619047616,UL,0.047619047619047616,0.047619047619047616,0.0,0.0,1,ur,dr,ul,0,1,0,0,0
4,5,size7_comp0.2_grid5_base_low,7,0.2,low,base,base,4,6,10,4,3,1,1,1,1,1,5,12,0.8333333333333334,0.9166666666666666,0.8333333333333334,1.0,0,3,5,4,4,3,2,2,2,2,0,0,0.0,UL,0.9852281360342515,4,3,0,0,5,0.5714285714285714,0.42857142857142855,0.0,0.0,0.4166666666666667,UL,0.08333333333333333,0.08333333333333333,0.0,0.0,1,ur,dr,ul,0,1,0,0,0
5,5,size7_comp0.2_grid5_base_low,7,0.2,low,base,base,4,6,10,4,3,1,1,1,1,1,3,13,0.7692307692307693,0.8461538461538461,1.0,0.7777777777777778,1,3,5,4,5,1,4,2,3,2,1,1,0.07692307692307693,UL,0.9182958340544896,4,2,0,0,7,0.6666666666666666,0.3333333333333333,0.0,0.0,0.5384615384615384,UL,0.07692307692307693,0.07692307692307693,0.0,0.0,1,ur,dr,ul,0,1,0,0,0
6,5,size7_comp0.2_grid5_base_low,7,0.2,low,base,base,4,6,10,4,3,1,1,1,1,1,4,15,0.6666666666666666,0.8,0.8,0.8,0,3,6,5,6,3,1,2,4,2,0,0,0.0,UL,1.4488156357251847,3,3,1,0,8,0.42857142857142855,0.42857142857142855,0.14285714285714285,0.0,0.5333333333333333,UL,0.06666666666666667,0.06666666666666667,0.0,0.0,1,ur,dr,ul,0,1,0,0,0
7,5,size7_comp0.2_grid5_base_low,7,0.2,low,base,base,4,6,10,4,3,1,1,1,1,1,7,18,0.5555555555555556,0.7777777777777778,0.75,0.8,0,3,8,7,6,5,1,5,7,5,0,0,0.0,UL,0.8812908992306927,7,3,0,0,8,0.7,0.3,0.0,0.0,0.4444444444444444,UL,0.05555555555555555,0.05555555555555555,0.0,0.0,1,ur,dr,ul,0,1,0,0,0
8,5,size7_comp0.2_grid5_base_low,7,0.2,low,base,base,4,6,10,4,3,1,1,1,1,1,8,17,0.5882352941176471,0.7647058823529411,0.6666666666666666,0.875,0,3,7,6,6,1,3,4,7,4,1,0,0.0,UL,1.2806721295208872,7,4,1,0,5,0.5833333333333334,0.3333333333333333,0.08333333333333333,0.0,0.29411764705882354,UL,0.058823529411764705,0.058823529411764705,0.0,0.0,1,ur,dr,ul,0,1,0,0,0
9,5,size7_comp0.2_grid5_base_low,7,0.2,low,base,base,4,6,10,4,3,1,1,1,0,0,-1,32,0.0,0.40625,0.40625,0.0,0,0,13,11,5,0,0,12,28,12,0,0,0.0,UL,0.964078764808229,11,7,0,0,14,0.6111111111111112,0.3888888888888889,0.0,0.0,0.4375,UR,0.0,0.03125,0.0,0.0,1,ur,dr,ul,0,1,0,0,0
0,6,size7_comp0.2_grid6_base_low,7,0.2,low,base,base,5,5,10,4,3,1,1,1,1,0,-1,13,0.0,0.46153846153846156,0.46153846153846156,0.0,2,0,7,4,2,1,3,6,7,5,0,1,0.07692307692307693,UL,-0.0,10,0,0,0,3,1.0,0.0,0.0,0.0,0.23076923076923078,UL,0.07692307692307693,0.0,0.0,0.0,1,midline,ul,dl,0,0,0,0,0
1,6,size7_comp0.2_grid6_base_low,7,0.2,low,base,base,5,5,10,4,3,1,1,1,0,1,13,32,0.0,0.5,0.42857142857142855,0.5555555555555556,5,4,17,6,11,1,12,7,19,6,0,8,0.25,DR,1.509871837193956,5,0,7,11,9,0.21739130434782608,0.0,0.30434782608695654,0.4782608695652174,0.28125,DL,0.0,0.0,0.03125,0.0,1,midline,ul,dl,0,0,0,0,0
2,6,size7_comp0.2_grid6_base_low,7,0.2,low,base,base,5,5,10,4,3,1,1,1,0,1,16,32,0.0,0.5625,0.6470588235294118,0.4666666666666667,7,6,12,6,7,8,10,4,19,3,0,4,0.125,UL,1.5090275125326515,9,0,4,6,13,0.47368421052631576,0.0,0.21052631578947367,0.3157894736842105,0.40625,DL,0.0,0.0,0.03125,0.0,1,midline,ul,dl,0,0,0,0,0
3,6,size7_comp0.2_grid6_base_low,7,0.2,low,base,base,5,5,10,4,3,1,1,1,0,1,27,32,0.0,0.5625,0.5714285714285714,0.5,5,7,11,9,3,7,9,12,22,11,0,1,0.03125,DL,0.6840384356390417,2,0,9,0,21,0.18181818181818182,0.0,0.8181818181818182,0.0,0.65625,DL,0.0,0.0,0.03125,0.0,1,midline,ul,dl,0,1,0,0,0
4,6,size7_comp0.2_grid6_base_low,7,0.2,low,base,base,5,5,10,4,3,1,1,1,0,1,10,32,0.0,0.59375,0.7272727272727273,0.5238095238095238,8,7,11,6,7,2,9,13,22,11,7,2,0.0625,DL,0.39124356362925566,2,0,24,0,6,0.07692307692307693,0.0,0.9230769230769231,0.0,0.1875,DL,0.0,0.0,0.125,0.0,1,midline,ul,dl,0,1,0,0,0
5,6,size7_comp0.2_grid6_base_low,7,0.2,low,base,base,5,5,10,4,3,1,1,1,0,0,-1,32,0.0,0.40625,0.40625,0.0,5,3,17,7,9,1,12,9,22,5,0,8,0.25,UL,1.3995812306460644,8,0,2,5,17,0.5333333333333333,0.0,0.13333333333333333,0.3333333333333333,0.53125,,0.0,0.0,0.0,0.0,0,midline,ul,dl,0,0,0,0,0
6,6,size7_comp0.2_grid6_base_low,7,0.2,low,base,base,5,5,10,4,3,1,1,1,1,0,-1,15,0.0,0.4,0.4,0.0,2,0,9,4,4,1,3,6,8,5,0,3,0.2,UL,-0.0,9,0,0,0,6,1.0,0.0,0.0,0.0,0.4,UL,0.06666666666666667,0.0,0.0,0.0,1,midline,ul,dl,0,0,0,0,0
7,6,size7_comp0.2_grid6_base_low,7,0.2,low,base,base,5,5,10,4,3,1,1,1,0,1,4,32,0.0,0.625,1.0,0.5555555555555556,4,3,14,11,7,2,4,18,21,16,2,1,0.03125,UL,0.876716288999464,19,0,8,0,5,0.7037037037037037,0.0,0.2962962962962963,0.0,0.15625,DL,0.0,0.0,0.0625,0.0,1,midline,ul,dl,0,0,0,0,0
8,6,size7_comp0.2_grid6_base_low,7,0.2,low,base,base,5,5,10,4,3,1,1,1,1,0,-1,8,0.0,0.5,0.5,0.0,2,0,4,2,2,1,2,2,2,2,0,0,0.0,UL,-0.0,4,0,0,0,4,1.0,0.0,0.0,0.0,0.5,,0.0,0.0,0.0,0.0,0,midline,ul,dl,0,0,0,0,0
9,6,size7_comp0.2_grid6_base_low,7,0.2,low,base,base,5,5,10,4,3,1,1,1,0,1,23,32,0.0,0.625,0.5833333333333334,0.75,6,5,12,9,6,2,10,13,23,12,3,1,0.03125,UL,0.9182958340544896,14,0,7,0,11,0.6666666666666666,0.0,0.3333333333333333,0.0,0.34375,DL,0.0,0.0,0.0625,0.0,1,midline,ul,dl,0,0,0,0,0
0,7,size7_comp0.2_grid7_base_low,7,0.2,low,base,base,5,3,8,4,2,1,1,1,1,0,-1,13,0.0,0.23076923076923078,0.23076923076923078,0.0,11,0,0,2,8,2,2,0,9,0,0,9,0.6923076923076923,DL,0.4394969869215134,0,0,10,1,2,0.0,0.0,0.9090909090909091,0.09090909090909091,0.15384615384615385,,0.0,0.0,0.0,0.0,0,dl,midline,ul,1,0,0,0,0
1,7,size7_comp0.2_grid7_base_low,7,0.2,low,base,base,5,3,8,4,2,1,1,1,1,0,-1,23,0.0,0.34782608695652173,0.34782608695652173,0.0,11,0,5,7,12,3,2,5,17,5,0,9,0.391304347826087,DL,-0.0,0,0,14,0,9,0.0,0.0,1.0,0.0,0.391304347826087,DL,0.0,0.0,0.08695652173913043,0.0,1,dl,midline,ul,1,0,0,0,0
2,7,size7_comp0.2_grid7_base_low,7,0.2,low,base,base,5,3,8,4,2,1,1,1,1,0,-1,8,0.0,0.5,0.5,0.0,3,0,2,3,1,3,2,1,3,1,0,2,0.25,DL,-0.0,0,0,2,0,6,0.0,0.0,1.0,0.0,0.75,,0.0,0.0,0.0,0.0,0,dl,midline,ul,1,0,0,0,0
3,7,size7_comp0.2_grid7_base_low,7,0.2,low,base,base,5,3,8,4,2,1,1,1,1,0,-1,21,0.0,0.19047619047619047,0.19047619047619047,0.0,17,0,1,3,15,2,2,1,16,1,0,15,0.7142857142857143,DL,-0.0,0,0,18,0,3,0.0,0.0,1.0,0.0,0.14285714285714285,DL,0.0,0.0,0.047619047619047616,0.0,1,dl,midline,ul,1,0,0,0,0
4,7,size7_comp0.2_grid7_base_low,7,0.2,low,base,base,5,3,8,4,2,1,1,1,1,0,-1,16,0.0,0.1875,0.1875,0.0,12,0,2,2,10,2,3,0,12,0,0,12,0.75,DL,-0.0,0,0,11,0,5,0.0,0.0,1.0,0.0,0.3125,,0.0,0.0,0.0,0.0,0,dl,midline,ul,1,0,0,0,0
5,7,size7_comp0.2_grid7_base_low,7,0.2,low,base,base,5,3,8,4,2,1,1,1,1,0,-1,9,0.0,0.5555555555555556,0.5555555555555556,0.0,2,0,3,4,3,1,1,3,3,2,0,1,0.1111111111111111,DL,-0.0,0,0,5,0,4,0.0,0.0,1.0,0.0,0.4444444444444444,DL,0.0,0.0,0.2222222222222222,0.0,1,dl,midline,ul,1,0,0,0,0
6,7,size7_comp0.2_grid7_base_low,7,0.2,low,base,base,5,3,8,4,2,1,1,1,1,0,-1,11,0.0,0.36363636363636365,0.36363636363636365,0.0,6,0,1,3,5,1,2,0,5,0,0,4,0.36363636363636365,DL,-0.0,0,0,7,0,4,0.0,0.0,1.0,0.0,0.36363636363636365,DL,0.0,0.0,0.09090909090909091,0.0,1,dl,midline,ul,1,0,0,0,0
7,7,size7_comp0.2_grid7_base_low,7,0.2,low,base,base,5,3,8,4,2,1,1,1,1,0,-1,19,0.0,0.2631578947368421,0.2631578947368421,0.0,13,0,2,4,12,3,2,1,13,1,0,11,0.5789473684210527,DL,-0.0,0,0,16,0,3,0.0,0.0,1.0,0.0,0.15789473684210525,DL,0.0,0.0,0.10526315789473684,0.0,1,dl,midline,ul,1,0,0,0,0
8,7,size7_comp0.2_grid7_base_low,7,0.2,low,base,base,5,3,8,4,2,1,1,1,1,0,-1,7,0.0,0.5714285714285714,0.5714285714285714,0.0,3,0,1,3,3,1,2,0,1,0,0,1,0.14285714285714285,DL,-0.0,0,0,4,0,3,0.0,0.0,1.0,0.0,0.42857142857142855,DL,0.0,0.0,0.14285714285714285,0.0,1,dl,midline,ul,1,0,0,0,0
9,7,size7_comp0.2_grid7_base_low,7,0.2,low,base,base,5,3,8,4,2,1,1,1,1,0,-1,23,0.0,0.2608695652173913,0.2608695652173913,0.0,10,0,7,5,13,3,2,2,17,2,0,12,0.5217391304347826,DL,-0.0,0,0,9,0,14,0.0,0.0,1.0,0.0,0.6086956521739131,,0.0,0.0,0.0,0.0,0,dl,midline,ul,1,0,0,0,0
0,8,size7_comp0.2_grid8_base_low,7,0.2,low,base,base,4,7,11,5,3,1,1,1,0,0,-1,32,0.0,0.4375,0.4375,0.0,0,2,13,17,14,3,1,13,24,12,0,3,0.09375,UR,0.8812908992306927,6,14,0,0,12,0.3,0.7,0.0,0.0,0.375,,0.0,0.0,0.0,0.0,0,ul,midline,dl,0,0,0,0,0
1,8,size7_comp0.2_grid8_base_low,7,0.2,low,base,base,4,7,11,5,3,1,1,1,1,0,-1,6,0.0,0.16666666666666666,0.16666666666666666,0.0,0,2,0,4,2,1,2,0,1,0,0,1,0.16666666666666666,UR,0.7219280948873623,1,4,0,0,1,0.2,0.8,0.0,0.0,0.16666666666666666,,0.0,0.0,0.0,0.0,0,ul,midline,dl,0,0,0,0,0
2,8,size7_comp0.2_grid8_base_low,7,0.2,low,base,base,4,7,11,5,3,1,1,1,0,0,-1,32,0.0,0.21875,0.21875,0.0,0,2,5,25,22,3,1,5,23,4,0,19,0.59375,UR,0.7219280948873623,1,4,0,0,27,0.2,0.8,0.0,0.0,0.84375,,0.0,0.0,0.0,0.0,0,ul,midline,dl,0,0,0,0,0
3,8,size7_comp0.2_grid8_base_low,7,0.2,low,base,base,4,7,11,5,3,1,1,1,1,0,-1,12,0.0,0.25,0.25,0.0,0,3,2,7,5,2,2,2,6,1,0,3,0.25,UR,0.9456603046006401,4,7,0,0,1,0.36363636363636365,0.6363636363636364,0.0,0.0,0.08333333333333333,,0.0,0.0,0.0,0.0,0,ul,midline,dl,0,0,0,0,0
4,8,size7_comp0.2_grid8_base_low,7,0.2,low,base,base,4,7,11,5,3,1,1,1,0,0,-1,32,0.0,0.4375,0.4375,0.0,0,5,12,15,10,4,2,15,22,11,0,6,0.1875,UR,0.26676498780302604,1,21,0,0,10,0.045454545454545456,0.9545454545454546,0.0,0.0,0.3125,UR,0.0,0.03125,0.0,0.0,1,ul,midline,dl,0,0,0,0,0
5,8,size7_comp0.2_grid8_base_low,7,0.2,low,base,base,4,7,11,5,3,1,1,1,0,0,-1,32,0.0,0.3125,0.3125,0.0,0,2,8,22,17,1,2,11,26,5,0,14,0.4375,UL,-0.0,4,0,0,0,28,1.0,0.0,0.0,0.0,0.875,,0.0,0.0,0.0,0.0,0,ul,midline,dl,1,0,0,0,0
6,8,size7_comp0.2_grid8_base_low,7,0.2,low,base,base,4,7,11,5,3,1,1,1,0,0,-1,32,0.0,0.25,0.25,0.0,0,2,6,24,20,3,1,7,24,5,0,17,0.53125,UL,1.0,2,2,0,0,28,0.5,0.5,0.0,0.0,0.875,,0.0,0.0,0.0,0.0,0,ul,midline,dl,1,0,0,0,0
7,8,size7_comp0.2_grid8_base_low,7,0.2,low,base,base,4,7,11,5,3,1,1,1,0,0,-1,32,0.0,0.09375,0.09375,0.0,0,2,1,29,27,3,0,1,27,1,0,27,0.84375,UL,0.9182958340544896,2,1,0,0,29,0.6666666666666666,0.3333333333333333,0.0,0.0,0.90625,,0.0,0.0,0.0,0.0,0,ul,midline,dl,1,0,0,0,0
8,8,size7_comp0.2_grid8_base_low,7,0.2,low,base,base,4,7,11,5,3,1,1,1,0,0,-1,32,0.0,0.21875,0.21875,0.0,0,2,5,25,21,2,0,8,27,5,0,20,0.625,UL,-0.0,3,0,0,0,29,1.0,0.0,0.0,0.0,0.90625,,0.0,0.0,0.0,0.0,0,ul,midline,dl,1,0,0,0,0
9,8,size7_comp0.2_grid8_base_low,7,0.2,low,base,base,4,7,11,5,3,1,1,1,0,0,-1,32,0.0,0.28125,0.28125,0.0,0,4,7,21,15,6,2,8,25,7,0,15,0.46875,UR,0.5435644431995964,2,14,0,0,16,0.125,0.875,0.0,0.0,0.5,,0.0,0.0,0.0,0.0,0,ul,midline,dl,0,0,0,0,0
0,9,size7_comp0.2_grid9_base_low,7,0.2,low,base,base,6,7,13,3,5,1,1,1,1,0,-1,21,0.0,0.38095238095238093,0.38095238095238093,0.0,1,4,8,8,8,1,5,6,13,4,0,4,0.19047619047619047,DR,-0.0,0,0,0,3,18,0.0,0.0,0.0,1.0,0.8571428571428571,DR,0.0,0.0,0.0,0.047619047619047616,1,midline,dr,ul,0,0,0,0,0
1,9,size7_comp0.2_grid9_base_low,7,0.2,low,base,base,6,7,13,3,5,1,1,1,0,0,-1,32,0.0,0.375,0.375,0.0,2,2,21,7,16,4,2,9,23,6,0,13,0.40625,DR,0.9637459942073318,1,4,0,16,11,0.047619047619047616,0.19047619047619047,0.0,0.7619047619047619,0.34375,,0.0,0.0,0.0,0.0,0,midline,dr,ul,0,0,0,0,0
2,9,size7_comp0.2_grid9_base_low,7,0.2,low,base,base,6,7,13,3,5,1,1,1,0,0,-1,32,0.0,0.40625,0.40625,0.0,2,8,11,8,7,6,6,6,23,6,0,6,0.1875,UL,0.7219280948873623,4,1,0,0,27,0.8,0.2,0.0,0.0,0.84375,,0.0,0.0,0.0,0.0,0,midline,dr,ul,0,1,0,0,0
3,9,size7_comp0.2_grid9_base_low,7,0.2,low,base,base,6,7,13,3,5,1,1,1,0,0,-1,32,0.0,0.375,0.375,0.0,4,11,9,8,7,8,10,6,24,5,0,9,0.28125,UL,1.0,4,0,4,0,24,0.5,0.0,0.5,0.0,0.75,,0.0,0.0,0.0,0.0,0,midline,dr,ul,0,1,0,0,0
4,9,size7_comp0.2_grid9_base_low,7,0.2,low,base,base,6,7,13,3,5,1,1,1,1,0,-1,17,0.0,0.29411764705882354,0.29411764705882354,0.0,0,4,8,4,6,4,3,1,10,1,0,5,0.29411764705882354,DR,-0.0,0,0,0,5,12,0.0,0.0,0.0,1.0,0.7058823529411765,,0.0,0.0,0.0,0.0,0,midline,dr,ul,0,0,0,0,0
5,9,size7_comp0.2_grid9_base_low,7,0.2,low,base,base,6,7,13,3,5,1,1,1,0,0,-1,32,0.0,0.46875,0.46875,0.0,4,7,11,9,6,4,6,13,22,10,0,4,0.125,DL,0.9709505944546686,2,0,3,0,27,0.4,0.0,0.6,0.0,0.84375,DL,0.0,0.0,0.03125,0.0,1,midline,dr,ul,0,0,0,0,0
6,9,size7_comp0.2_grid9_base_low,7,0.2,low,base,base,6,7,13,3,5,1,1,1,1,0,-1,6,0.0,0.3333333333333333,0.3333333333333333,0.0,0,2,3,1,0,2,1,2,3,2,0,1,0.16666666666666666,DR,-0.0,0,0,0,2,4,0.0,0.0,0.0,1.0,0.6666666666666666,,0.0,0.0,0.0,0.0,0,midline,dr,ul,0,0,0,0,0
7,9,size7_comp0.2_grid9_base_low,7,0.2,low,base,base,6,7,13,3,5,1,1,1,0,0,-1,32,0.0,0.4375,0.4375,0.0,5,8,9,7,4,5,4,12,24,10,0,5,0.15625,UL,0.6840384356390417,9,0,2,0,21,0.8181818181818182,0.0,0.18181818181818182,0.0,0.65625,,0.0,0.0,0.0,0.0,0,midline,dr,ul,0,1,0,0,0
8,9,size7_comp0.2_grid9_base_low,7,0.2,low,base,base,6,7,13,3,5,1,1,1,0,0,-1,32,0.0,0.4375,0.4375,0.0,3,6,12,9,5,4,8,10,23,10,0,4,0.125,UL,0.8366407419411672,11,4,0,0,17,0.7333333333333333,0.26666666666666666,0.0,0.0,0.53125,,0.0,0.0,0.0,0.0,0,midline,dr,ul,0,1,0,0,0
9,9,size7_comp0.2_grid9_base_low,7,0.2,low,base,base,6,7,13,3,5,1,1,1,1,0,-1,29,0.0,0.27586206896551724,0.27586206896551724,0.0,2,5,16,5,12,4,4,6,20,3,0,11,0.3793103448275862,DR,0.7424875695421236,4,0,0,15,10,0.21052631578947367,0.0,0.0,0.7894736842105263,0.3448275862068966,,0.0,0.0,0.0,0.0,0,midline,dr,ul,0,0,0,0,0
0,0,size7_comp0.4_grid0_base_low,7,0.4,low,base,base,3,7,10,4,3,1,1,1,1,0,-1,15,0.0,0.2,0.2,0.0,0,3,9,3,4,3,2,5,10,3,0,5,0.3333333333333333,UR,-0.0,0,2,0,0,13,0.0,1.0,0.0,0.0,0.8666666666666667,,0.0,0.0,0.0,0.0,0,midline,dl,midline,0,0,0,0,0
1,0,size7_comp0.4_grid0_base_low,7,0.4,low,base,base,3,7,10,4,3,1,1,1,1,0,-1,7,0.0,0.14285714285714285,0.14285714285714285,0.0,0,3,3,1,0,3,2,1,2,1,0,1,0.14285714285714285,UR,-0.0,0,1,0,0,6,0.0,1.0,0.0,0.0,0.8571428571428571,,0.0,0.0,0.0,0.0,0,midline,dl,midline,0,0,0,0,0
2,0,size7_comp0.4_grid0_base_low,7,0.4,low,base,base,3,7,10,4,3,1,1,1,1,0,-1,5,0.0,0.0,0.0,0.0,0,2,2,0,1,1,1,0,1,0,0,0,0.0,UL,0.0,0,0,0,0,5,0.0,0.0,0.0,0.0,1.0,,0.0,0.0,0.0,0.0,0,midline,dl,midline,0,0,0,0,0
3,0,size7_comp0.4_grid0_base_low,7,0.4,low,base,base,3,7,10,4,3,1,1,1,1,0,-1,5,0.0,0.0,0.0,0.0,0,2,3,0,1,2,1,0,1,0,0,1,0.2,UL,0.0,0,0,0,0,5,0.0,0.0,0.0,0.0,1.0,,0.0,0.0,0.0,0.0,0,midline,dl,midline,0,0,0,0,0
4,0,size7_comp0.4_grid0_base_low,7,0.4,low,base,base,3,7,10,4,3,1,1,1,1,0,-1,8,0.0,0.25,0.25,0.0,0,2,4,2,1,2,1,3,3,3,0,0,0.0,UR,-0.0,0,1,0,0,7,0.0,1.0,0.0,0.0,0.875,,0.0,0.0,0.0,0.0,0,midline,dl,midline,0,0,0,0,0
5,0,size7_comp0.4_grid0_base_low,7,0.4,low,base,base,3,7,10,4,3,1,1,1,1,0,-1,15,0.0,0.0,0.0,0.0,0,3,9,0,6,1,2,0,11,0,0,8,0.5333333333333333,UL,0.0,0,0,0,0,15,0.0,0.0,0.0,0.0,1.0,,0.0,0.0,0.0,0.0,0,midline,dl,midline,0,0,0,0,0
6,0,size7_comp0.4_grid0_base_low,7,0.4,low,base,base,3,7,10,4,3,1,1,1,0,0,-1,32,0.0,0.09375,0.09375,0.0,0,2,26,2,23,0,0,4,28,2,0,24,0.75,DR,-0.0,0,0,0,2,30,0.0,0.0,0.0,1.0,0.9375,,0.0,0.0,0.0,0.0,0,midline,dl,midline,0,0,0,0,0
7,0,size7_comp0.4_grid0_base_low,7,0.4,low,base,base,3,7,10,4,3,1,1,1,1,0,-1,5,0.0,0.0,0.0,0.0,0,2,3,0,2,1,1,0,1,0,0,1,0.2,UL,0.0,0,0,0,0,5,0.0,0.0,0.0,0.0,1.0,,0.0,0.0,0.0,0.0,0,midline,dl,midline,0,0,0,0,0
8,0,size7_comp0.4_grid0_base_low,7,0.4,low,base,base,3,7,10,4,3,1,1,1,1,0,-1,6,0.0,0.0,0.0,0.0,0,3,2,0,0,2,2,0,2,0,0,1,0.16666666666666666,UL,0.0,0,0,0,0,6,0.0,0.0,0.0,0.0,1.0,,0.0,0.0,0.0,0.0,0,midline,dl,midline,0,0,0,0,0
9,0,size7_comp0.4_grid0_base_low,7,0.4,low,base,base,3,7,10,4,3,1,1,1,1,0,-1,5,0.0,0.0,0.0,0.0,0,2,3,0,1,2,1,0,1,0,0,1,0.2,UL,0.0,0,0,0,0,5,0.0,0.0,0.0,0.0,1.0,,0.0,0.0,0.0,0.0,0,midline,dl,midline,0,0,0,0,0
0,1,size7_comp0.4_grid1_base_low,7,0.4,low,base,base,5,6,11,3,5,1,1,1,0,0,-1,32,0.0,0.34375,0.34375,0.0,9,11,6,1,2,1,8,11,28,11,0,5,0.15625,UL,-0.0,14,0,0,0,18,1.0,0.0,0.0,0.0,0.5625,UL,0.03125,0.0,0.0,0.0,1,ul,dl,ur,1,0,0,0,0
1,1,size7_comp0.4_grid1_base_low,7,0.4,low,base,base,5,6,11,3,5,1,1,1,0,0,-1,32,0.0,0.21875,0.21875,0.0,3,5,15,8,12,4,4,9,26,3,0,18,0.5625,UL,-0.0,5,0,0,0,27,1.0,0.0,0.0,0.0,0.84375,UL,0.03125,0.0,0.0,0.0,1,ul,dl,ur,1,0,0,0,0
2,1,size7_comp0.4_grid1_base_low,7,0.4,low,base,base,5,6,11,3,5,1,1,1,0,0,-1,32,0.0,0.28125,0.28125,0.0,8,9,9,4,3,1,15,9,28,7,0,11,0.34375,UL,-0.0,15,0,0,0,17,1.0,0.0,0.0,0.0,0.53125,UL,0.03125,0.0,0.0,0.0,1,ul,dl,ur,1,0,0,0,0
3,1,size7_comp0.4_grid1_base_low,7,0.4,low,base,base,5,6,11,3,5,1,1,1,0,0,-1,32,0.0,0.40625,0.40625,0.0,6,9,10,7,2,3,11,15,27,13,0,6,0.1875,UL,-0.0,11,0,0,0,21,1.0,0.0,0.0,0.0,0.65625,UL,0.0625,0.0,0.0,0.0,1,ul,dl,ur,1,0,0,0,0
4,1,size7_comp0.4_grid1_base_low,7,0.4,low,base,base,5,6,11,3,5,1,1,1,0,0,-1,32,0.0,0.34375,0.34375,0.0,5,8,10,8,7,6,7,9,26,9,0,9,0.28125,UL,-0.0,11,0,0,0,21,1.0,0.0,0.0,0.0,0.65625,UL,0.03125,0.0,0.0,0.0,1,ul,dl,ur,1,0,0,0,0
5,1,size7_comp0.4_grid1_base_low,7,0.4,low,base,base,5,6,11,3,5,1,1,1,0,0,-1,32,0.0,0.21875,0.21875,0.0,0,17,5,7,13,2,7,3,28,3,0,17,0.53125,UL,0.35335933502142136,28,2,0,0,2,0.9333333333333333,0.06666666666666667,0.0,0.0,0.0625,UL,0.125,0.0,0.0,0.0,1,ul,dl,ur,1,0,0,0,0
6,1,size7_comp0.4_grid1_base_low,7,0.4,low,base,base,5,6,11,3,5,1,1,1,0,0,-1,32,0.0,0.3125,0.3125,0.0,5,8,11,6,6,4,4,13,26,11,0,9,0.28125,UL,-0.0,15,0,0,0,17,1.0,0.0,0.0,0.0,0.53125,UL,0.09375,0.0,0.0,0.0,1,ul,dl,ur,1,0,0,0,0
7,1,size7_comp0.4_grid1_base_low,7,0.4,low,base,base,5,6,11,3,5,1,1,1,0,0,-1,32,0.0,0.28125,0.28125,0.0,6,7,12,5,5,4,8,10,28,7,0,11,0.34375,UL,-0.0,10,0,0,0,22,1.0,0.0,0.0,0.0,0.6875,UL,0.03125,0.0,0.0,0.0,1,ul,dl,ur,1,0,0,0,0
8,1,size7_comp0.4_grid1_base_low,7,0.4,low,base,base,5,6,11,3,5,1,1,1,0,0,-1,32,0.0,0.4375,0.4375,0.0,8,11,7,6,5,5,5,16,27,16,0,5,0.15625,UL,-0.0,12,0,0,0,20,1.0,0.0,0.0,0.0,0.625,UL,0.03125,0.0,0.0,0.0,1,ul,dl,ur,1,0,0,0,0
9,1,size7_comp0.4_grid1_base_low,7,0.4,low,base,base,5,6,11,3,5,1,1,1,0,0,-1,32,0.0,0.375,0.375,0.0,7,10,9,6,4,6,7,14,28,13,0,7,0.21875,UL,-0.0,10,0,0,0,22,1.0,0.0,0.0,0.0,0.6875,UL,0.0625,0.0,0.0,0.0,2,ul,dl,ur,1,0,0,0,0
0,2,size7_comp0.4_grid2_base_low,7,0.4,low,base,base,3,3,6,4,1,1,1,1,0,0,-1,32,0.0,0.1875,0.1875,0.0,1,0,5,26,20,0,2,9,28,7,0,20,0.625,UL,-0.0,25,0,0,0,7,1.0,0.0,0.0,0.0,0.21875,,0.0,0.0,0.0,0.0,0,midline,ur,midline,0,0,0,0,0
1,2,size7_comp0.4_grid2_base_low,7,0.4,low,base,base,3,3,6,4,1,1,1,1,0,0,-1,32,0.0,0.125,0.125,0.0,1,0,3,28,23,1,1,6,28,4,0,24,0.75,UL,-0.0,30,0,0,0,2,1.0,0.0,0.0,0.0,0.0625,,0.0,0.0,0.0,0.0,0,midline,ur,midline,0,0,0,0,0
2,2,size7_comp0.4_grid2_base_low,7,0.4,low,base,base,3,3,6,4,1,1,1,1,0,0,-1,32,0.0,0.375,0.375,0.0,2,1,11,18,7,5,1,18,27,17,0,8,0.25,UL,-0.0,10,0,0,0,22,1.0,0.0,0.0,0.0,0.6875,,0.0,0.0,0.0,0.0,0,midline,ur,midline,0,0,0,0,0
3,2,size7_comp0.4_grid2_base_low,7,0.4,low,base,base,3,3,6,4,1,1,1,1,0,0,-1,32,0.0,0.25,0.25,0.0,1,0,7,23,15,0,2,12,28,10,0,15,0.46875,UL,-0.0,24,0,0,0,8,1.0,0.0,0.0,0.0,0.25,,0.0,0.0,0.0,0.0,0,midline,ur,midline,0,0,0,0,0
4,2,size7_comp0.4_grid2_base_low,7,0.4,low,base,base,3,3,6,4,1,1,1,1,0,0,-1,32,0.0,0.1875,0.1875,0.0,1,0,5,26,20,0,1,10,29,6,0,20,0.625,UL,-0.0,31,0,0,0,1,1.0,0.0,0.0,0.0,0.03125,,0.0,0.0,0.0,0.0,0,midline,ur,midline,0,0,0,0,0
5,2,size7_comp0.4_grid2_base_low,7,0.4,low,base,base,3,3,6,4,1,1,1,1,0,0,-1,32,0.0,0.25,0.25,0.0,3,2,7,18,12,5,4,6,27,5,0,14,0.4375,UL,-0.0,16,0,0,0,16,1.0,0.0,0.0,0.0,0.5,,0.0,0.0,0.0,0.0,0,midline,ur,midline,0,0,0,0,0
6,2,size7_comp0.4_grid2_base_low,7,0.4,low,base,base,3,3,6,4,1,1,1,1,0,0,-1,32,0.0,0.125,0.125,0.0,1,0,3,28,24,0,1,6,29,4,0,24,0.75,UL,-0.0,31,0,0,0,1,1.0,0.0,0.0,0.0,0.03125,,0.0,0.0,0.0,0.0,0,midline,ur,midline,0,0,0,0,0
7,2,size7_comp0.4_grid2_base_low,7,0.4,low,base,base,3,3,6,4,1,1,1,1,0,0,-1,32,0.0,0.0625,0.0625,0.0,1,0,2,29,26,1,1,3,29,2,0,27,0.84375,UL,-0.0,28,0,0,0,4,1.0,0.0,0.0,0.0,0.125,,0.0,0.0,0.0,0.0,0,midline,ur,midline,0,0,0,0,0
8,2,size7_comp0.4_grid2_base_low,7,0.4,low,base,base,3,3,6,4,1,1,1,1,0,0,-1,32,0.0,0.28125,0.28125,0.0,1,1,9,20,11,1,3,14,27,11,0,12,0.375,UL,-0.0,16,0,0,0,16,1.0,0.0,0.0,0.0,0.5,,0.0,0.0,0.0,0.0,0,midline,ur,midline,0,0,0,0,0
9,2,size7_comp0.4_grid2_base_low,7,0.4,low,base,base,3,3,6,4,1,1,1,1,0,0,-1,32,0.0,0.21875,0.21875,0.0,1,0,6,23,15,1,1,10,28,9,0,16,0.5,UL,-0.0,18,0,0,0,14,1.0,0.0,0.0,0.0,0.4375,,0.0,0.0,0.0,0.0,0,midline,ur,midline,0,0,0,0,0
0,3,size7_comp0.4_grid3_base_low,7,0.4,low,base,base,5,4,9,5,2,1,1,1,0,0,-1,32,0.0,0.4375,0.4375,0.0,2,9,11,10,7,2,11,11,25,11,0,5,0.15625,UL,-0.0,3,0,0,0,29,1.0,0.0,0.0,0.0,0.90625,,0.0,0.0,0.0,0.0,0,midline,dr,ur,0,0,0,0,0
1,3,size7_comp0.4_grid3_base_low,7,0.4,low,base,base,5,4,9,5,2,1,1,1,0,0,-1,32,0.0,0.34375,0.34375,0.0,3,4,16,9,14,3,2,12,24,9,0,12,0.375,DR,-0.0,0,0,0,2,30,0.0,0.0,0.0,1.0,0.9375,,0.0,0.0,0.0,0.0,0,midline,dr,ur,0,0,0,0,0
2,3,size7_comp0.4_grid3_base_low,7,0.4,low,base,base,5,4,9,5,2,1,1,1,0,0,-1,32,0.0,0.3125,0.3125,0.0,2,13,8,7,8,0,11,8,26,7,0,10,0.3125,UL,-0.0,8,0,0,0,24,1.0,0.0,0.0,0.0,0.75,,0.0,0.0,0.0,0.0,0,midline,dr,ur,0,0,0,0,0
3,3,size7_comp0.4_grid3_base_low,7,0.4,low,base,base,5,4,9,5,2,1,1,1,0,0,-1,32,0.0,0.40625,0.40625,0.0,6,5,11,10,8,5,6,12,22,9,0,8,0.25,DR,0.9852281360342515,3,0,0,4,25,0.42857142857142855,0.0,0.0,0.5714285714285714,0.78125,,0.0,0.0,0.0,0.0,0,midline,dr,ur,0,0,0,0,0
4,3,size7_comp0.4_grid3_base_low,7,0.4,low,base,base,5,4,9,5,2,1,1,1,0,0,-1,32,0.0,0.40625,0.40625,0.0,3,10,11,8,8,6,11,6,23,6,0,6,0.1875,UL,-0.0,3,0,0,0,29,1.0,0.0,0.0,0.0,0.90625,,0.0,0.0,0.0,0.0,0,midline,dr,ur,0,0,0,0,0
5,3,size7_comp0.4_grid3_base_low,7,0.4,low,base,base,5,4,9,5,2,1,1,1,0,0,-1,32,0.0,0.46875,0.46875,0.0,3,6,12,11,5,4,9,13,24,12,0,3,0.09375,UL,-0.0,6,0,0,0,26,1.0,0.0,0.0,0.0,0.8125,,0.0,0.0,0.0,0.0,0,midline,dr,ur,0,0,0,0,0
6,3,size7_comp0.4_grid3_base_low,7,0.4,low,base,base,5,4,9,5,2,1,1,1,0,0,-1,32,0.0,0.4375,0.4375,0.0,3,5,15,9,9,2,8,12,22,10,0,5,0.15625,UL,0.7219280948873623,4,0,0,1,27,0.8,0.0,0.0,0.2,0.84375,,0.0,0.0,0.0,0.0,0,midline,dr,ur,0,0,0,0,0
7,3,size7_comp0.4_grid3_base_low,7,0.4,low,base,base,5,4,9,5,2,1,1,1,0,0,-1,32,0.0,0.375,0.375,0.0,0,8,12,10,7,3,8,10,26,9,0,8,0.25,UL,0.0,0,0,0,0,32,0.0,0.0,0.0,0.0,1.0,,0.0,0.0,0.0,0.0,0,midline,dr,ur,0,0,0,0,0
8,3,size7_comp0.4_grid3_base_low,7,0.4,low,base,base,5,4,9,5,2,1,1,1,0,0,-1,32,0.0,0.46875,0.46875,0.0,2,6,11,13,6,4,12,9,24,9,0,4,0.125,UL,-0.0,5,0,0,0,27,1.0,0.0,0.0,0.0,0.84375,,0.0,0.0,0.0,0.0,0,midline,dr,ur,0,0,0,0,0
9,3,size7_comp0.4_grid3_base_low,7,0.4,low,base,base,5,4,9,5,2,1,1,1,0,0,-1,32,0.0,0.34375,0.34375,0.0,2,9,14,7,11,2,7,11,25,9,0,11,0.34375,DR,-0.0,0,0,0,1,31,0.0,0.0,0.0,1.0,0.96875,,0.0,0.0,0.0,0.0,0,midline,dr,ur,0,0,0,0,0
0,4,size7_comp0.4_grid4_base_low,7,0.4,low,base,base,4,3,7,7,0,1,1,1,0,1,29,32,0.0,0.3125,0.3333333333333333,0.0,3,0,21,7,12,3,2,12,26,9,0,14,0.4375,DR,-0.0,0,0,0,29,3,0.0,0.0,0.0,1.0,0.09375,DR,0.0,0.0,0.0,0.09375,3,dr,ul,midline,1,0,0,0,0
1,4,size7_comp0.4_grid4_base_low,7,0.4,low,base,base,4,3,7,7,0,1,1,1,0,1,5,32,0.0,0.1875,0.6666666666666666,0.07692307692307693,3,0,27,2,23,3,3,2,24,1,0,23,0.71875,DR,0.954434002924965,0,3,0,5,24,0.0,0.375,0.0,0.625,0.75,DR,0.0,0.0,0.0,0.03125,1,dr,ul,midline,1,0,0,0,0
2,4,size7_comp0.4_grid4_base_low,7,0.4,low,base,base,4,3,7,7,0,1,1,1,0,0,-1,32,0.0,0.3125,0.3125,0.0,1,0,21,10,13,0,1,17,29,10,0,14,0.4375,DR,-0.0,0,0,0,32,0,0.0,0.0,0.0,1.0,0.0,DR,0.0,0.0,0.0,0.03125,1,dr,ul,midline,1,0,0,0,0
3,4,size7_comp0.4_grid4_base_low,7,0.4,low,base,base,4,3,7,7,0,1,1,1,0,0,-1,32,0.0,0.21875,0.21875,0.0,7,0,17,6,17,3,3,4,26,2,0,20,0.625,DR,-0.0,0,0,0,25,7,0.0,0.0,0.0,1.0,0.21875,DR,0.0,0.0,0.0,0.03125,1,dr,ul,midline,1,0,0,0,0
4,4,size7_comp0.4_grid4_base_low,7,0.4,low,base,base,4,3,7,7,0,1,1,1,1,1,11,15,0.4666666666666667,0.5333333333333333,0.4166666666666667,1.0,3,0,11,1,8,2,2,2,8,2,0,6,0.4,DR,-0.0,0,0,0,11,4,0.0,0.0,0.0,1.0,0.26666666666666666,DR,0.0,0.0,0.0,0.06666666666666667,1,dr,ul,midline,1,0,0,0,0
5,4,size7_comp0.4_grid4_base_low,7,0.4,low,base,base,4,3,7,7,0,1,1,1,1,1,4,14,0.5,0.7142857142857143,0.8,0.6666666666666666,3,0,8,3,3,2,2,6,7,6,0,1,0.07142857142857142,DR,-0.0,0,0,0,4,10,0.0,0.0,0.0,1.0,0.7142857142857143,DR,0.0,0.0,0.0,0.07142857142857142,1,dr,ul,midline,1,0,0,0,0
6,4,size7_comp0.4_grid4_base_low,7,0.4,low,base,base,4,3,7,7,0,1,1,1,0,1,9,32,0.0,0.375,0.6,0.2727272727272727,3,0,19,10,12,5,1,13,23,11,2,11,0.34375,DR,0.9852281360342515,0,6,0,8,18,0.0,0.42857142857142855,0.0,0.5714285714285714,0.5625,DR,0.0,0.0,0.0,0.0625,2,dr,ul,midline,1,0,0,0,0
7,4,size7_comp0.4_grid4_base_low,7,0.4,low,base,base,4,3,7,7,0,1,1,1,1,1,14,20,0.35,0.4,0.26666666666666666,0.8,3,0,14,1,9,2,2,2,13,2,0,9,0.45,DR,-0.0,0,0,0,14,6,0.0,0.0,0.0,1.0,0.3,DR,0.0,0.0,0.0,0.05,1,dr,ul,midline,1,0,0,0,0
8,4,size7_comp0.4_grid4_base_low,7,0.4,low,base,base,4,3,7,7,0,1,1,1,1,0,-1,19,0.0,0.3684210526315789,0.3684210526315789,0.0,7,0,8,3,3,5,6,2,11,1,0,5,0.2631578947368421,DL,0.8812908992306927,0,0,7,3,9,0.0,0.0,0.7,0.3,0.47368421052631576,DL,0.0,0.0,0.05263157894736842,0.05263157894736842,1,dr,ul,midline,0,0,0,0,0
9,4,size7_comp0.4_grid4_base_low,7,0.4,low,base,base,4,3,7,7,0,1,1,1,0,1,3,32,0.0,0.21875,1.0,0.10714285714285714,3,0,26,3,23,3,0,5,24,3,1,21,0.65625,UR,1.0,0,2,0,2,28,0.0,0.5,0.0,0.5,0.875,DR,0.0,0.0,0.0,0.03125,1,dr,ul,midline,0,0,0,0,0
0,5,size7_comp0.4_grid5_base_low,7,0.4,low,base,base,4,5,9,5,2,1,1,1,0,0,-1,32,0.0,0.03125,0.03125,0.0,0,0,1,30,28,0,0,1,30,0,0,29,0.90625,UL,-0.0,1,0,0,0,31,1.0,0.0,0.0,0.0,0.96875,,0.0,0.0,0.0,0.0,0,ul,ur,midline,1,0,0,0,0
1,5,size7_comp0.4_grid5_base_low,7,0.4,low,base,base,4,5,9,5,2,1,1,1,0,0,-1,32,0.0,0.09375,0.09375,0.0,0,0,2,29,25,0,0,4,30,2,0,26,0.8125,UL,-0.0,3,0,0,0,29,1.0,0.0,0.0,0.0,0.90625,,0.0,0.0,0.0,0.0,0,ul,ur,midline,1,0,0,0,0
2,5,size7_comp0.4_grid5_base_low,7,0.4,low,base,base,4,5,9,5,2,1,1,1,0,0,-1,32,0.0,0.125,0.125,0.0,0,0,4,24,16,0,0,7,30,3,0,20,0.625,UL,-0.0,4,0,0,0,28,1.0,0.0,0.0,0.0,0.875,,0.0,0.0,0.0,0.0,0,ul,ur,midline,1,0,0,0,0
3,5,size7_comp0.4_grid5_base_low,7,0.4,low,base,base,4,5,9,5,2,1,1,1,0,0,-1,32,0.0,0.0625,0.0625,0.0,0,0,2,30,28,0,0,3,30,1,0,28,0.875,UL,-0.0,2,0,0,0,30,1.0,0.0,0.0,0.0,0.9375,,0.0,0.0,0.0,0.0,0,ul,ur,midline,1,0,0,0,0
4,5,size7_comp0.4_grid5_base_low,7,0.4,low,base,base,4,5,9,5,2,1,1,1,0,0,-1,32,0.0,0.09375,0.09375,0.0,0,0,2,29,25,0,0,4,30,2,0,26,0.8125,UL,-0.0,3,0,0,0,29,1.0,0.0,0.0,0.0,0.90625,,0.0,0.0,0.0,0.0,0,ul,ur,midline,1,0,0,0,0
5,5,size7_comp0.4_grid5_base_low,7,0.4,low,base,base,4,5,9,5,2,1,1,1,0,0,-1,32,0.0,0.03125,0.03125,0.0,0,0,0,29,26,0,0,0,30,0,0,28,0.875,UL,-0.0,1,0,0,0,31,1.0,0.0,0.0,0.0,0.96875,,0.0,0.0,0.0,0.0,0,ul,ur,midline,1,0,0,0,0
6,5,size7_comp0.4_grid5_base_low,7,0.4,low,base,base,4,5,9,5,2,1,1,1,0,0,-1,32,0.0,0.125,0.125,0.0,0,0,3,28,24,0,0,5,30,3,0,24,0.75,UL,-0.0,4,0,0,0,28,1.0,0.0,0.0,0.0,0.875,,0.0,0.0,0.0,0.0,0,ul,ur,midline,1,0,0,0,0
7,5,size7_comp0.4_grid5_base_low,7,0.4,low,base,base,4,5,9,5,2,1,1,1,0,0,-1,32,0.0,0.09375,0.09375,0.0,0,0,2,29,25,0,0,4,30,2,0,26,0.8125,UL,-0.0,3,0,0,0,29,1.0,0.0,0.0,0.0,0.90625,,0.0,0.0,0.0,0.0,0,ul,ur,midline,1,0,0,0,0
8,5,size7_comp0.4_grid5_base_low,7,0.4,low,base,base,4,5,9,5,2,1,1,1,0,0,-1,32,0.0,0.09375,0.09375,0.0,0,0,2,29,25,0,0,4,30,2,0,26,0.8125,UL,-0.0,3,0,0,0,29,1.0,0.0,0.0,0.0,0.90625,,0.0,0.0,0.0,0.0,0,ul,ur,midline,1,0,0,0,0
9,5,size7_comp0.4_grid5_base_low,7,0.4,low,base,base,4,5,9,5,2,1,1,1,0,0,-1,32,0.0,0.09375,0.09375,0.0,0,0,2,30,27,0,0,4,30,2,0,27,0.84375,UL,-0.0,3,0,0,0,29,1.0,0.0,0.0,0.0,0.90625,,0.0,0.0,0.0,0.0,0,ul,ur,midline,1,0,0,0,0
0,6,size7_comp0.4_grid6_base_low,7,0.4,low,base,base,4,6,10,4,4,1,1,1,1,0,-1,6,0.0,0.16666666666666666,0.16666666666666666,0.0,0,3,0,3,2,1,2,0,2,0,0,2,0.3333333333333333,UL,0.7219280948873623,4,1,0,0,1,0.8,0.2,0.0,0.0,0.16666666666666666,UL,0.16666666666666666,0.0,0.0,0.0,1,ul,ur,dl,1,0,0,0,0
1,6,size7_comp0.4_grid6_base_low,7,0.4,low,base,base,4,6,10,4,4,1,1,1,1,0,-1,17,0.0,0.35294117647058826,0.35294117647058826,0.0,0,2,5,8,6,1,3,2,11,2,0,1,0.058823529411764705,UR,0.9957274520849255,6,7,0,0,4,0.46153846153846156,0.5384615384615384,0.0,0.0,0.23529411764705882,UR,0.11764705882352941,0.17647058823529413,0.0,0.0,2,ul,ur,dl,0,0,0,0,0
2,6,size7_comp0.4_grid6_base_low,7,0.4,low,base,base,4,6,10,4,4,1,1,1,0,0,-1,32,0.0,0.03125,0.03125,0.0,0,1,0,31,30,1,0,0,30,0,0,31,0.96875,UL,-0.0,32,0,0,0,0,1.0,0.0,0.0,0.0,0.0,UL,0.03125,0.0,0.0,0.0,1,ul,ur,dl,1,0,0,0,0
3,6,size7_comp0.4_grid6_base_low,7,0.4,low,base,base,4,6,10,4,4,1,1,1,1,0,-1,9,0.0,0.2222222222222222,0.2222222222222222,0.0,0,4,1,4,4,2,1,1,5,1,0,3,0.3333333333333333,UL,0.5916727785823275,6,1,0,0,2,0.8571428571428571,0.14285714285714285,0.0,0.0,0.2222222222222222,UL,0.1111111111111111,0.0,0.0,0.0,1,ul,ur,dl,1,0,0,0,0
4,6,size7_comp0.4_grid6_base_low,7,0.4,low,base,base,4,6,10,4,4,1,1,1,0,0,-1,32,0.0,0.0625,0.0625,0.0,0,2,1,29,27,2,2,0,29,0,0,29,0.90625,UL,-0.0,32,0,0,0,0,1.0,0.0,0.0,0.0,0.0,UL,0.0625,0.0,0.0,0.0,1,ul,ur,dl,1,0,0,0,0
5,6,size7_comp0.4_grid6_base_low,7,0.4,low,base,base,4,6,10,4,4,1,1,1,1,0,-1,6,0.0,0.3333333333333333,0.3333333333333333,0.0,0,1,1,4,2,0,1,2,2,2,0,0,0.0,UL,1.0,2,2,0,0,2,0.5,0.5,0.0,0.0,0.3333333333333333,UL,0.16666666666666666,0.0,0.0,0.0,1,ul,ur,dl,1,0,0,0,0
6,6,size7_comp0.4_grid6_base_low,7,0.4,low,base,base,4,6,10,4,4,1,1,1,1,0,-1,11,0.0,0.18181818181818182,0.18181818181818182,0.0,0,5,2,4,4,2,2,2,6,1,0,5,0.45454545454545453,UL,0.5916727785823275,6,1,0,0,4,0.8571428571428571,0.14285714285714285,0.0,0.0,0.36363636363636365,UL,0.09090909090909091,0.0,0.0,0.0,1,ul,ur,dl,1,0,0,0,0
7,6,size7_comp0.4_grid6_base_low,7,0.4,low,base,base,4,6,10,4,4,1,1,1,1,0,-1,8,0.0,0.375,0.375,0.0,0,1,2,5,3,1,1,2,3,2,0,0,0.0,UL,0.8112781244591328,3,1,0,0,4,0.75,0.25,0.0,0.0,0.5,UL,0.125,0.0,0.0,0.0,1,ul,ur,dl,1,0,0,0,0
8,6,size7_comp0.4_grid6_base_low,7,0.4,low,base,base,4,6,10,4,4,1,1,1,0,0,-1,32,0.0,0.09375,0.09375,0.0,1,2,1,28,25,2,2,2,28,2,0,27,0.84375,UL,-0.0,31,0,0,0,1,1.0,0.0,0.0,0.0,0.03125,UL,0.0625,0.0,0.0,0.0,1,ul,ur,dl,1,0,0,0,0
9,6,size7_comp0.4_grid6_base_low,7,0.4,low,base,base,4,6,10,4,4,1,1,1,1,0,-1,7,0.0,0.2857142857142857,0.2857142857142857,0.0,0,2,1,4,1,3,1,1,2,1,0,1,0.14285714285714285,UL,0.8112781244591328,3,1,0,0,3,0.75,0.25,0.0,0.0,0.42857142857142855,UL,0.14285714285714285,0.0,0.0,0.0,1,ul,ur,dl,1,0,0,0,0
0,7,size7_comp0.4_grid7_base_low,7,0.4,low,base,base,5,3,8,6,1,1,1,1,1,0,-1,7,0.0,0.5714285714285714,0.5714285714285714,0.0,2,0,5,0,4,1,1,0,1,0,0,1,0.14285714285714285,DR,-0.0,0,0,0,2,5,0.0,0.0,0.0,1.0,0.7142857142857143,DR,0.0,0.0,0.0,0.14285714285714285,1,dr,midline,midline,1,0,0,0,0
1,7,size7_comp0.4_grid7_base_low,7,0.4,low,base,base,5,3,8,6,1,1,1,1,1,0,-1,12,0.0,0.5,0.5,0.0,2,0,8,2,5,2,2,2,5,2,0,2,0.16666666666666666,DR,-0.0,0,0,0,6,6,0.0,0.0,0.0,1.0,0.5,DR,0.0,0.0,0.0,0.08333333333333333,1,dr,midline,midline,1,0,0,0,0
2,7,size7_comp0.4_grid7_base_low,7,0.4,low,base,base,5,3,8,6,1,1,1,1,1,0,-1,8,0.0,0.625,0.625,0.0,2,0,5,1,4,2,0,1,1,1,0,0,0.0,DR,-0.0,0,0,0,4,4,0.0,0.0,0.0,1.0,0.5,DR,0.0,0.0,0.0,0.25,1,dr,midline,midline,1,0,0,0,0
3,7,size7_comp0.4_grid7_base_low,7,0.4,low,base,base,5,3,8,6,1,1,1,1,1,0,-1,7,0.0,0.5714285714285714,0.5714285714285714,0.0,2,0,5,0,3,2,1,0,1,0,0,1,0.14285714285714285,DR,-0.0,0,0,0,3,4,0.0,0.0,0.0,1.0,0.5714285714285714,DR,0.0,0.0,0.0,0.14285714285714285,1,dr,midline,midline,1,0,0,0,0
4,7,size7_comp0.4_grid7_base_low,7,0.4,low,base,base,5,3,8,6,1,1,1,1,1,0,-1,6,0.0,0.6666666666666666,0.6666666666666666,0.0,2,0,4,0,4,1,0,0,0,0,0,0,0.0,DR,-0.0,0,0,0,2,4,0.0,0.0,0.0,1.0,0.6666666666666666,DR,0.0,0.0,0.0,0.16666666666666666,1,dr,midline,midline,1,0,0,0,0
5,7,size7_comp0.4_grid7_base_low,7,0.4,low,base,base,5,3,8,6,1,1,1,1,1,0,-1,9,0.0,0.4444444444444444,0.4444444444444444,0.0,2,0,6,1,3,2,2,1,3,0,0,3,0.3333333333333333,DR,-0.0,0,0,0,4,5,0.0,0.0,0.0,1.0,0.5555555555555556,DR,0.0,0.0,0.0,0.2222222222222222,2,dr,midline,midline,1,0,0,0,0
6,7,size7_comp0.4_grid7_base_low,7,0.4,low,base,base,5,3,8,6,1,1,1,1,1,0,-1,6,0.0,0.6666666666666666,0.6666666666666666,0.0,2,0,4,0,2,2,1,0,0,0,0,0,0.0,DR,-0.0,0,0,0,3,3,0.0,0.0,0.0,1.0,0.5,DR,0.0,0.0,0.0,0.16666666666666666,1,dr,midline,midline,1,0,0,0,0
7,7,size7_comp0.4_grid7_base_low,7,0.4,low,base,base,5,3,8,6,1,1,1,1,1,0,-1,6,0.0,0.6666666666666666,0.6666666666666666,0.0,2,0,4,0,4,1,0,0,0,0,0,0,0.0,DR,-0.0,0,0,0,2,4,0.0,0.0,0.0,1.0,0.6666666666666666,DR,0.0,0.0,0.0,0.16666666666666666,1,dr,midline,midline,1,0,0,0,0
8,7,size7_comp0.4_grid7_base_low,7,0.4,low,base,base,5,3,8,6,1,1,1,1,1,0,-1,10,0.0,0.4,0.4,0.0,2,0,4,2,2,1,2,1,4,0,0,2,0.2,DR,-0.0,0,0,0,5,5,0.0,0.0,0.0,1.0,0.5,DR,0.0,0.0,0.0,0.1,1,dr,midline,midline,1,0,0,0,0
9,7,size7_comp0.4_grid7_base_low,7,0.4,low,base,base,5,3,8,6,1,1,1,1,1,0,-1,6,0.0,0.6666666666666666,0.6666666666666666,0.0,2,0,4,0,4,1,0,0,0,0,0,0,0.0,DR,-0.0,0,0,0,2,4,0.0,0.0,0.0,1.0,0.6666666666666666,DR,0.0,0.0,0.0,0.16666666666666666,1,dr,midline,midline,1,0,0,0,0
0,8,size7_comp0.4_grid8_base_low,7,0.4,low,base,base,8,6,14,4,6,1,1,1,0,0,-1,32,0.0,0.4375,0.4375,0.0,4,1,12,14,6,2,4,18,26,15,0,6,0.1875,DL,-0.0,0,0,21,0,11,0.0,0.0,1.0,0.0,0.34375,DL,0.0,0.0,0.34375,0.0,2,dl,dr,midline,1,0,0,0,0
1,8,size7_comp0.4_grid8_base_low,7,0.4,low,base,base,8,6,14,4,6,1,1,1,0,0,-1,32,0.0,0.40625,0.40625,0.0,4,3,14,11,5,11,1,14,27,11,0,8,0.25,DL,0.5435644431995964,0,0,14,2,16,0.0,0.0,0.875,0.125,0.5,DL,0.0,0.0,0.1875,0.0,1,dl,dr,midline,1,0,0,0,0
2,8,size7_comp0.4_grid8_base_low,7,0.4,low,base,base,8,6,14,4,6,1,1,1,0,0,-1,32,0.0,0.34375,0.34375,0.0,4,2,13,11,6,3,6,13,29,11,0,9,0.28125,DL,-0.0,0,0,30,0,2,0.0,0.0,1.0,0.0,0.0625,DL,0.0,0.0,0.53125,0.0,5,dl,dr,midline,1,0,0,0,0
3,8,size7_comp0.4_grid8_base_low,7,0.4,low,base,base,8,6,14,4,6,1,1,1,0,0,-1,32,0.0,0.34375,0.34375,0.0,2,5,10,13,4,5,6,13,25,8,0,10,0.3125,DL,-0.0,0,0,10,0,22,0.0,0.0,1.0,0.0,0.6875,DL,0.0,0.0,0.125,0.0,2,dl,dr,midline,1,0,0,0,0
4,8,size7_comp0.4_grid8_base_low,7,0.4,low,base,base,8,6,14,4,6,1,1,1,0,0,-1,32,0.0,0.375,0.375,0.0,9,5,8,7,5,6,2,13,26,10,0,9,0.28125,DL,-0.0,0,0,7,0,25,0.0,0.0,1.0,0.0,0.78125,DL,0.0,0.0,0.125,0.0,2,dl,dr,midline,1,0,0,0,0
5,8,size7_comp0.4_grid8_base_low,7,0.4,low,base,base,8,6,14,4,6,1,1,1,0,0,-1,32,0.0,0.46875,0.46875,0.0,2,1,14,15,4,2,4,21,28,21,0,3,0.09375,DL,0.21084230031853213,0,0,29,1,2,0.0,0.0,0.9666666666666667,0.03333333333333333,0.0625,DL,0.0,0.0,0.4375,0.0,2,dl,dr,midline,1,0,0,0,0
6,8,size7_comp0.4_grid8_base_low,7,0.4,low,base,base,8,6,14,4,6,1,1,1,0,0,-1,32,0.0,0.46875,0.46875,0.0,1,0,14,15,4,1,1,22,28,20,0,3,0.09375,DL,-0.0,0,0,27,0,5,0.0,0.0,1.0,0.0,0.15625,DL,0.0,0.0,0.4375,0.0,3,dl,dr,midline,1,0,0,0,0
7,8,size7_comp0.4_grid8_base_low,7,0.4,low,base,base,8,6,14,4,6,1,1,1,0,0,-1,32,0.0,0.4375,0.4375,0.0,4,0,14,14,12,4,3,12,28,11,0,4,0.125,DL,0.39124356362925566,0,0,24,2,6,0.0,0.0,0.9230769230769231,0.07692307692307693,0.1875,DL,0.0,0.0,0.3125,0.0,2,dl,dr,midline,1,0,0,0,0
8,8,size7_comp0.4_grid8_base_low,7,0.4,low,base,base,8,6,14,4,6,1,1,1,0,0,-1,32,0.0,0.40625,0.40625,0.0,2,4,13,13,5,1,7,18,29,16,0,8,0.25,DL,-0.0,0,0,30,0,2,0.0,0.0,1.0,0.0,0.0625,DL,0.0,0.0,0.4375,0.0,3,dl,dr,midline,1,0,0,0,0
9,8,size7_comp0.4_grid8_base_low,7,0.4,low,base,base,8,6,14,4,6,1,1,1,0,0,-1,32,0.0,0.40625,0.40625,0.0,4,2,12,13,3,1,9,16,29,15,0,6,0.1875,DL,-0.0,0,0,30,0,2,0.0,0.0,1.0,0.0,0.0625,DL,0.0,0.0,0.46875,0.0,3,dl,dr,midline,1,0,0,0,0
0,9,size7_comp0.4_grid9_base_low,7,0.4,low,base,base,4,5,9,7,4,1,1,1,0,0,-1,32,0.0,0.3125,0.3125,0.0,2,9,9,12,6,7,8,10,26,8,0,10,0.3125,DL,0.7642045065086203,2,0,7,0,23,0.2222222222222222,0.0,0.7777777777777778,0.0,0.71875,UL,0.03125,0.0,0.0,0.0,1,ul,dr,ur,0,0,0,0,0
1,9,size7_comp0.4_grid9_base_low,7,0.4,low,base,base,4,5,9,7,4,1,1,1,0,0,-1,32,0.0,0.3125,0.3125,0.0,1,14,7,9,8,3,11,7,25,6,0,11,0.34375,UL,-0.0,4,0,0,0,28,1.0,0.0,0.0,0.0,0.875,UL,0.03125,0.0,0.0,0.0,1,ul,dr,ur,1,0,0,0,0
2,9,size7_comp0.4_grid9_base_low,7,0.4,low,base,base,4,5,9,7,4,1,1,1,0,0,-1,32,0.0,0.375,0.375,0.0,1,10,9,12,8,9,5,9,23,8,0,8,0.25,UL,-0.0,7,0,0,0,25,1.0,0.0,0.0,0.0,0.78125,UL,0.03125,0.0,0.0,0.0,1,ul,dr,ur,1,0,0,0,0
3,9,size7_comp0.4_grid9_base_low,7,0.4,low,base,base,4,5,9,7,4,1,1,1,1,0,-1,30,0.0,0.4,0.4,0.0,2,7,7,11,3,6,4,10,21,10,0,2,0.06666666666666667,DL,0.9402859586706311,5,0,9,0,16,0.35714285714285715,0.0,0.6428571428571429,0.0,0.5333333333333333,DL,0.03333333333333333,0.0,0.1,0.0,1,ul,dr,ur,0,0,0,0,0
4,9,size7_comp0.4_grid9_base_low,7,0.4,low,base,base,4,5,9,7,4,1,1,1,0,0,-1,32,0.0,0.40625,0.40625,0.0,3,6,10,12,4,6,5,14,24,14,0,3,0.09375,UL,0.7793498372920851,10,0,3,0,19,0.7692307692307693,0.0,0.23076923076923078,0.0,0.59375,UL,0.03125,0.0,0.0,0.0,1,ul,dr,ur,1,0,0,0,0
5,9,size7_comp0.4_grid9_base_low,7,0.4,low,base,base,4,5,9,7,4,1,1,1,0,0,-1,32,0.0,0.375,0.375,0.0,1,8,11,11,4,4,7,14,23,13,0,6,0.1875,UL,-0.0,4,0,0,0,28,1.0,0.0,0.0,0.0,0.875,UL,0.03125,0.0,0.0,0.0,1,ul,dr,ur,1,0,0,0,0
6,9,size7_comp0.4_grid9_base_low,7,0.4,low,base,base,4,5,9,7,4,1,1,1,0,0,-1,32,0.0,0.34375,0.34375,0.0,2,6,10,14,7,6,6,12,23,10,0,7,0.21875,DL,0.5159469300074474,3,0,23,0,6,0.11538461538461539,0.0,0.8846153846153846,0.0,0.1875,DL,0.03125,0.0,0.28125,0.0,2,ul,dr,ur,0,0,0,0,0
7,9,size7_comp0.4_grid9_base_low,7,0.4,low,base,base,4,5,9,7,4,1,1,1,0,0,-1,32,0.0,0.375,0.375,0.0,1,8,11,11,4,4,13,8,23,8,0,5,0.15625,UL,-0.0,6,0,0,0,26,1.0,0.0,0.0,0.0,0.8125,UL,0.03125,0.0,0.0,0.0,1,ul,dr,ur,1,0,0,0,0
8,9,size7_comp0.4_grid9_base_low,7,0.4,low,base,base,4,5,9,7,4,1,1,1,0,0,-1,32,0.0,0.46875,0.46875,0.0,2,6,10,13,7,3,8,11,24,11,0,2,0.0625,UL,-0.0,6,0,0,0,26,1.0,0.0,0.0,0.0,0.8125,UL,0.03125,0.0,0.0,0.0,1,ul,dr,ur,1,0,0,0,0
9,9,size7_comp0.4_grid9_base_low,7,0.4,low,base,base,4,5,9,7,4,1,1,1,0,0,-1,32,0.0,0.375,0.375,0.0,2,9,9,10,9,3,10,5,22,5,0,6,0.1875,UL,0.5032583347756457,8,1,0,0,23,0.8888888888888888,0.1111111111111111,0.0,0.0,0.71875,UL,0.03125,0.0,0.0,0.0,1,ul,dr,ur,1,0,0,0,0
0,0,size7_comp0.6_grid0_base_low,7,0.6,low,base,base,5,3,8,4,3,1,1,1,1,1,15,27,0.2962962962962963,0.5555555555555556,0.5,0.6363636363636364,1,7,10,9,6,4,5,11,16,11,4,5,0.18518518518518517,DL,0.4394969869215134,0,1,10,0,16,0.0,0.09090909090909091,0.9090909090909091,0.0,0.5925925925925926,DL,0.0,0.0,0.07407407407407407,0.0,1,ur,dr,dl,0,1,0,0,0
1,0,size7_comp0.6_grid0_base_low,7,0.6,low,base,base,5,3,8,4,3,1,1,1,0,0,-1,32,0.0,0.125,0.125,0.0,1,6,22,3,20,5,3,3,27,1,0,25,0.78125,DR,0.4537163391869448,0,2,0,19,11,0.0,0.09523809523809523,0.0,0.9047619047619048,0.34375,,0.0,0.0,0.0,0.0,0,ur,dr,dl,0,0,0,0,0
2,0,size7_comp0.6_grid0_base_low,7,0.6,low,base,base,5,3,8,4,3,1,1,1,1,1,12,18,0.4444444444444444,0.5,0.38461538461538464,0.8,0,4,11,3,11,4,2,0,8,0,0,8,0.4444444444444444,UR,0.9182958340544896,0,8,4,0,6,0.0,0.6666666666666666,0.3333333333333333,0.0,0.3333333333333333,DL,0.0,0.0,0.05555555555555555,0.0,1,ur,dr,dl,1,0,0,0,0
3,0,size7_comp0.6_grid0_base_low,7,0.6,low,base,base,5,3,8,4,3,1,1,1,0,1,23,32,0.0,0.3125,0.25,0.5,1,3,22,6,16,2,6,7,22,3,4,18,0.5625,UR,0.9043814577244937,0,17,8,0,7,0.0,0.68,0.32,0.0,0.21875,DL,0.0,0.0,0.03125,0.0,1,ur,dr,dl,1,0,0,0,0
4,0,size7_comp0.6_grid0_base_low,7,0.6,low,base,base,5,3,8,4,3,1,1,1,1,1,5,11,0.7272727272727273,0.8181818181818182,0.8333333333333334,0.8,0,3,5,3,4,3,1,2,3,2,0,1,0.09090909090909091,DL,0.9709505944546686,0,2,3,0,6,0.0,0.4,0.6,0.0,0.5454545454545454,,0.0,0.0,0.0,0.0,0,ur,dr,dl,0,1,0,0,0
5,0,size7_comp0.6_grid0_base_low,7,0.6,low,base,base,5,3,8,4,3,1,1,1,1,1,11,28,0.2857142857142857,0.5,0.5,0.5,1,9,9,9,7,8,5,7,18,4,4,8,0.2857142857142857,DL,0.35335933502142136,0,1,14,0,13,0.0,0.06666666666666667,0.9333333333333333,0.0,0.4642857142857143,DL,0.0,0.0,0.14285714285714285,0.0,2,ur,dr,dl,0,1,0,0,0
6,0,size7_comp0.6_grid0_base_low,7,0.6,low,base,base,5,3,8,4,3,1,1,1,0,1,29,32,0.0,0.4375,0.43333333333333335,0.5,2,7,13,8,3,9,5,10,25,9,0,7,0.21875,UR,1.0,0,2,2,0,28,0.0,0.5,0.5,0.0,0.875,,0.0,0.0,0.0,0.0,0,ur,dr,dl,1,0,0,0,0
7,0,size7_comp0.6_grid0_base_low,7,0.6,low,base,base,5,3,8,4,3,1,1,1,0,1,15,32,0.0,0.40625,0.375,0.4375,1,3,20,7,11,3,5,10,24,9,9,9,0.28125,DL,0.9852281360342515,0,9,12,0,11,0.0,0.42857142857142855,0.5714285714285714,0.0,0.34375,,0.0,0.0,0.0,0.0,0,ur,dr,dl,0,1,0,0,0
8,0,size7_comp0.6_grid0_base_low,7,0.6,low,base,base,5,3,8,4,3,1,1,1,1,0,-1,24,0.0,0.125,0.125,0.0,0,3,19,2,17,2,2,2,20,0,0,20,0.8333333333333334,DR,0.26676498780302604,0,1,0,21,2,0.0,0.045454545454545456,0.0,0.9545454545454546,0.08333333333333333,,0.0,0.0,0.0,0.0,0,ur,dr,dl,0,0,0,0,0
9,0,size7_comp0.6_grid0_base_low,7,0.6,low,base,base,5,3,8,4,3,1,1,1,1,0,-1,25,0.0,0.28,0.28,0.0,0,3,18,4,14,2,3,5,19,5,0,13,0.52,DR,0.8366407419411672,0,4,0,11,10,0.0,0.26666666666666666,0.0,0.7333333333333333,0.4,,0.0,0.0,0.0,0.0,0,ur,dr,dl,0,0,0,0,0
0,1,size7_comp0.6_grid1_base_low,7,0.6,low,base,base,6,3,9,7,1,1,1,1,1,0,-1,20,0.0,0.3,0.3,0.0,0,3,14,1,8,3,3,1,13,1,0,9,0.45,UR,0.7219280948873623,0,8,2,0,10,0.0,0.8,0.2,0.0,0.5,,0.0,0.0,0.0,0.0,0,ur,dl,ul,1,0,0,0,0
1,1,size7_comp0.6_grid1_base_low,7,0.6,low,base,base,6,3,9,7,1,1,1,1,1,0,-1,14,0.0,0.35714285714285715,0.35714285714285715,0.0,0,3,7,2,3,1,4,1,7,0,0,5,0.35714285714285715,UR,0.9182958340544896,0,2,1,0,11,0.0,0.6666666666666666,0.3333333333333333,0.0,0.7857142857142857,,0.0,0.0,0.0,0.0,0,ur,dl,ul,1,0,0,0,0
2,1,size7_comp0.6_grid1_base_low,7,0.6,low,base,base,6,3,9,7,1,1,1,1,1,0,-1,23,0.0,0.34782608695652173,0.34782608695652173,0.0,2,5,14,1,8,4,5,3,15,3,0,9,0.391304347826087,UR,1.5,0,2,1,1,19,0.0,0.5,0.25,0.25,0.8260869565217391,,0.0,0.0,0.0,0.0,0,ur,dl,ul,1,0,0,0,0
3,1,size7_comp0.6_grid1_base_low,7,0.6,low,base,base,6,3,9,7,1,1,1,1,0,1,18,32,0.0,0.28125,0.3684210526315789,0.15384615384615385,2,11,13,4,14,5,3,5,25,2,1,18,0.5625,UR,0.4689955935892812,1,9,0,0,22,0.1,0.9,0.0,0.0,0.6875,,0.0,0.0,0.0,0.0,0,ur,dl,ul,1,0,0,0,0
4,1,size7_comp0.6_grid1_base_low,7,0.6,low,base,base,6,3,9,7,1,1,1,1,0,0,-1,32,0.0,0.21875,0.21875,0.0,1,4,21,4,14,3,5,5,27,4,0,19,0.59375,UR,-0.0,0,18,0,0,14,0.0,1.0,0.0,0.0,0.4375,,0.0,0.0,0.0,0.0,0,ur,dl,ul,1,0,0,0,0
5,1,size7_comp0.6_grid1_base_low,7,0.6,low,base,base,6,3,9,7,1,1,1,1,0,0,-1,32,0.0,0.34375,0.34375,0.0,2,11,13,4,8,5,9,5,25,4,0,13,0.40625,UR,0.954434002924965,0,5,3,0,24,0.0,0.625,0.375,0.0,0.75,,0.0,0.0,0.0,0.0,0,ur,dl,ul,1,0,0,0,0
6,1,size7_comp0.6_grid1_base_low,7,0.6,low,base,base,6,3,9,7,1,1,1,1,0,0,-1,32,0.0,0.34375,0.34375,0.0,3,9,11,3,3,8,6,4,24,3,0,8,0.25,UR,0.8112781244591328,0,3,1,0,28,0.0,0.75,0.25,0.0,0.875,,0.0,0.0,0.0,0.0,0,ur,dl,ul,1,0,0,0,0
7,1,size7_comp0.6_grid1_base_low,7,0.6,low,base,base,6,3,9,7,1,1,1,1,1,0,-1,25,0.0,0.24,0.24,0.0,1,4,19,0,16,2,2,2,18,2,0,15,0.6,UR,0.5032583347756457,0,16,2,0,7,0.0,0.8888888888888888,0.1111111111111111,0.0,0.28,,0.0,0.0,0.0,0.0,0,ur,dl,ul,1,0,0,0,0
8,1,size7_comp0.6_grid1_base_low,7,0.6,low,base,base,6,3,9,7,1,1,1,1,1,0,-1,24,0.0,0.25,0.25,0.0,0,3,18,1,15,1,3,0,16,0,0,13,0.5416666666666666,UR,0.3372900666170139,0,15,1,0,8,0.0,0.9375,0.0625,0.0,0.3333333333333333,,0.0,0.0,0.0,0.0,0,ur,dl,ul,1,0,0,0,0
9,1,size7_comp0.6_grid1_base_low,7,0.6,low,base,base,6,3,9,7,1,1,1,1,0,0,-1,32,0.0,0.0,0.0,0.0,0,0,23,4,16,0,0,7,31,0,0,27,0.84375,UR,-0.0,0,32,0,0,0,0.0,1.0,0.0,0.0,0.0,,0.0,0.0,0.0,0.0,0,ur,dl,ul,1,0,0,0,0
0,2,size7_comp0.6_grid2_base_low,7,0.6,low,base,base,8,3,11,5,3,1,1,1,1,0,-1,12,0.0,0.6666666666666666,0.6666666666666666,0.0,3,1,3,5,2,1,5,3,6,3,0,1,0.08333333333333333,DL,-0.0,0,0,9,0,3,0.0,0.0,1.0,0.0,0.25,DL,0.0,0.0,0.25,0.0,2,dl,midline,dr,1,0,0,0,0
1,2,size7_comp0.6_grid2_base_low,7,0.6,low,base,base,8,3,11,5,3,1,1,1,1,0,-1,11,0.0,0.45454545454545453,0.45454545454545453,0.0,2,1,0,8,5,1,3,1,6,0,0,6,0.5454545454545454,DL,-0.0,0,0,9,0,2,0.0,0.0,1.0,0.0,0.18181818181818182,DL,0.0,0.0,0.5454545454545454,0.0,6,dl,midline,dr,1,0,0,0,0
2,2,size7_comp0.6_grid2_base_low,7,0.6,low,base,base,8,3,11,5,3,1,1,1,1,0,-1,6,0.0,0.8333333333333334,0.8333333333333334,0.0,2,0,0,4,3,1,1,0,1,0,0,1,0.16666666666666666,DL,-0.0,0,0,3,0,3,0.0,0.0,1.0,0.0,0.5,DL,0.0,0.0,0.3333333333333333,0.0,2,dl,midline,dr,1,0,0,0,0
3,2,size7_comp0.6_grid2_base_low,7,0.6,low,base,base,8,3,11,5,3,1,1,1,1,0,-1,10,0.0,0.5,0.5,0.0,2,0,1,7,5,2,2,0,5,0,0,5,0.5,DL,-0.0,0,0,7,0,3,0.0,0.0,1.0,0.0,0.3,DL,0.0,0.0,0.5,0.0,5,dl,midline,dr,1,0,0,0,0
4,2,size7_comp0.6_grid2_base_low,7,0.6,low,base,base,8,3,11,5,3,1,1,1,1,0,-1,7,0.0,0.7142857142857143,0.7142857142857143,0.0,2,0,0,5,4,1,1,0,2,0,0,2,0.2857142857142857,DL,-0.0,0,0,4,0,3,0.0,0.0,1.0,0.0,0.42857142857142855,DL,0.0,0.0,0.42857142857142855,0.0,3,dl,midline,dr,1,0,0,0,0
5,2,size7_comp0.6_grid2_base_low,7,0.6,low,base,base,8,3,11,5,3,1,1,1,1,0,-1,13,0.0,0.5384615384615384,0.5384615384615384,0.0,2,0,2,9,5,1,3,3,7,3,0,4,0.3076923076923077,DL,-0.0,0,0,8,0,5,0.0,0.0,1.0,0.0,0.38461538461538464,DL,0.0,0.0,0.38461538461538464,0.0,5,dl,midline,dr,1,0,0,0,0
6,2,size7_comp0.6_grid2_base_low,7,0.6,low,base,base,8,3,11,5,3,1,1,1,1,0,-1,10,0.0,0.6,0.6,0.0,2,1,1,5,1,2,2,2,5,2,0,2,0.2,DL,-0.0,0,0,7,0,3,0.0,0.0,1.0,0.0,0.3,DL,0.0,0.0,0.1,0.0,1,dl,midline,dr,1,0,0,0,0
7,2,size7_comp0.6_grid2_base_low,7,0.6,low,base,base,8,3,11,5,3,1,1,1,1,0,-1,17,0.0,0.5294117647058824,0.5294117647058824,0.0,2,1,5,9,4,1,5,6,11,5,0,4,0.23529411764705882,DL,-0.0,0,0,14,0,3,0.0,0.0,1.0,0.0,0.17647058823529413,DL,0.0,0.0,0.17647058823529413,0.0,3,dl,midline,dr,1,0,0,0,0
8,2,size7_comp0.6_grid2_base_low,7,0.6,low,base,base,8,3,11,5,3,1,1,1,1,0,-1,22,0.0,0.5,0.5,0.0,3,3,5,11,5,2,6,8,14,7,0,5,0.22727272727272727,DL,-0.0,0,0,15,0,7,0.0,0.0,1.0,0.0,0.3181818181818182,DL,0.0,0.0,0.13636363636363635,0.0,3,dl,midline,dr,1,0,0,0,0
9,2,size7_comp0.6_grid2_base_low,7,0.6,low,base,base,8,3,11,5,3,1,1,1,1,0,-1,16,0.0,0.3125,0.3125,0.0,2,0,2,10,5,1,1,4,11,0,0,9,0.5625,DL,-0.0,0,0,13,0,3,0.0,0.0,1.0,0.0,0.1875,DL,0.0,0.0,0.75,0.0,12,dl,midline,dr,1,0,0,0,0
0,3,size7_comp0.6_grid3_base_low,7,0.6,low,base,base,3,4,7,3,2,1,1,1,1,0,-1,3,0.0,0.3333333333333333,0.3333333333333333,0.0,1,0,2,0,1,0,1,0,0,0,0,0,0.0,DL,1.0,0,0,1,1,1,0.0,0.0,0.5,0.5,0.3333333333333333,,0.0,0.0,0.0,0.0,0,dr,dl,midline,0,0,0,0,0
1,3,size7_comp0.6_grid3_base_low,7,0.6,low,base,base,3,4,7,3,2,1,1,1,1,0,-1,4,0.0,0.25,0.25,0.0,1,1,2,0,1,1,0,1,1,0,0,1,0.25,DR,-0.0,0,0,0,3,1,0.0,0.0,0.0,1.0,0.25,,0.0,0.0,0.0,0.0,0,dr,dl,midline,1,0,0,0,0
2,3,size7_comp0.6_grid3_base_low,7,0.6,low,base,base,3,4,7,3,2,1,1,1,1,0,-1,5,0.0,0.4,0.4,0.0,1,0,3,1,1,1,0,2,2,2,0,0,0.0,DR,-0.0,0,0,0,3,2,0.0,0.0,0.0,1.0,0.4,,0.0,0.0,0.0,0.0,0,dr,dl,midline,1,0,0,0,0
3,3,size7_comp0.6_grid3_base_low,7,0.6,low,base,base,3,4,7,3,2,1,1,1,1,0,-1,3,0.0,0.3333333333333333,0.3333333333333333,0.0,1,0,2,0,0,1,1,0,0,0,0,0,0.0,DR,-0.0,0,0,0,1,2,0.0,0.0,0.0,1.0,0.6666666666666666,,0.0,0.0,0.0,0.0,0,dr,dl,midline,1,0,0,0,0
4,3,size7_comp0.6_grid3_base_low,7,0.6,low,base,base,3,4,7,3,2,1,1,1,1,0,-1,3,0.0,0.3333333333333333,0.3333333333333333,0.0,1,0,2,0,1,1,0,0,0,0,0,0,0.0,DR,-0.0,0,0,0,2,1,0.0,0.0,0.0,1.0,0.3333333333333333,,0.0,0.0,0.0,0.0,0,dr,dl,midline,1,0,0,0,0
5,3,size7_comp0.6_grid3_base_low,7,0.6,low,base,base,3,4,7,3,2,1,1,1,1,0,-1,3,0.0,0.3333333333333333,0.3333333333333333,0.0,1,0,2,0,0,1,1,0,0,0,0,0,0.0,DR,-0.0,0,0,0,1,2,0.0,0.0,0.0,1.0,0.6666666666666666,,0.0,0.0,0.0,0.0,0,dr,dl,midline,1,0,0,0,0
6,3,size7_comp0.6_grid3_base_low,7,0.6,low,base,base,3,4,7,3,2,1,1,1,1,0,-1,3,0.0,0.3333333333333333,0.3333333333333333,0.0,1,0,2,0,1,1,0,0,0,0,0,0,0.0,DR,-0.0,0,0,0,2,1,0.0,0.0,0.0,1.0,0.3333333333333333,,0.0,0.0,0.0,0.0,0,dr,dl,midline,1,0,0,0,0
7,3,size7_comp0.6_grid3_base_low,7,0.6,low,base,base,3,4,7,3,2,1,1,1,1,0,-1,6,0.0,0.3333333333333333,0.3333333333333333,0.0,1,1,3,1,1,1,0,3,3,2,0,1,0.16666666666666666,DR,-0.0,0,0,0,4,2,0.0,0.0,0.0,1.0,0.3333333333333333,,0.0,0.0,0.0,0.0,0,dr,dl,midline,1,0,0,0,0
8,3,size7_comp0.6_grid3_base_low,7,0.6,low,base,base,3,4,7,3,2,1,1,1,1,0,-1,3,0.0,0.3333333333333333,0.3333333333333333,0.0,1,0,2,0,1,1,0,0,0,0,0,0,0.0,DR,-0.0,0,0,0,2,1,0.0,0.0,0.0,1.0,0.3333333333333333,,0.0,0.0,0.0,0.0,0,dr,dl,midline,1,0,0,0,0
9,3,size7_comp0.6_grid3_base_low,7,0.6,low,base,base,3,4,7,3,2,1,1,1,1,0,-1,4,0.0,0.25,0.25,0.0,1,1,2,0,1,1,0,1,1,0,0,1,0.25,DR,-0.0,0,0,0,3,1,0.0,0.0,0.0,1.0,0.25,,0.0,0.0,0.0,0.0,0,dr,dl,midline,1,0,0,0,0
0,4,size7_comp0.6_grid4_base_low,7,0.6,low,base,base,10,6,16,4,6,1,1,1,0,0,-1,32,0.0,0.1875,0.1875,0.0,2,8,9,13,9,6,5,11,29,5,0,19,0.59375,UL,-0.0,20,0,0,0,12,1.0,0.0,0.0,0.0,0.375,,0.0,0.0,0.0,0.0,0,ul,ur,dr,1,0,0,0,0
1,4,size7_comp0.6_grid4_base_low,7,0.6,low,base,base,10,6,16,4,6,1,1,1,0,0,-1,32,0.0,0.1875,0.1875,0.0,1,3,13,14,8,7,1,14,29,7,0,18,0.5625,UL,-0.0,19,0,0,0,13,1.0,0.0,0.0,0.0,0.40625,,0.0,0.0,0.0,0.0,0,ul,ur,dr,1,0,0,0,0
2,4,size7_comp0.6_grid4_base_low,7,0.6,low,base,base,10,6,16,4,6,1,1,1,0,0,-1,32,0.0,0.21875,0.21875,0.0,0,5,15,12,8,4,4,15,29,9,0,17,0.53125,UL,-0.0,22,0,0,0,10,1.0,0.0,0.0,0.0,0.3125,,0.0,0.0,0.0,0.0,0,ul,ur,dr,1,0,0,0,0
3,4,size7_comp0.6_grid4_base_low,7,0.6,low,base,base,10,6,16,4,6,1,1,1,0,0,-1,32,0.0,0.1875,0.1875,0.0,2,4,11,15,9,8,4,10,29,6,0,19,0.59375,UL,-0.0,14,0,0,0,18,1.0,0.0,0.0,0.0,0.5625,,0.0,0.0,0.0,0.0,0,ul,ur,dr,1,0,0,0,0
4,4,size7_comp0.6_grid4_base_low,7,0.6,low,base,base,10,6,16,4,6,1,1,1,1,0,-1,31,0.0,0.3870967741935484,0.3870967741935484,0.0,3,6,8,14,6,5,10,9,25,7,0,11,0.3548387096774194,UL,-0.0,20,0,0,0,11,1.0,0.0,0.0,0.0,0.3548387096774194,UL,0.03225806451612903,0.0,0.0,0.0,1,ul,ur,dr,1,0,0,0,0
5,4,size7_comp0.6_grid4_base_low,7,0.6,low,base,base,10,6,16,4,6,1,1,1,0,0,-1,32,0.0,0.375,0.375,0.0,1,1,19,11,6,2,2,21,29,17,0,9,0.28125,UL,-0.0,30,0,0,0,2,1.0,0.0,0.0,0.0,0.0625,,0.0,0.0,0.0,0.0,0,ul,ur,dr,1,0,0,0,0
6,4,size7_comp0.6_grid4_base_low,7,0.6,low,base,base,10,6,16,4,6,1,1,1,0,0,-1,32,0.0,0.3125,0.3125,0.0,2,3,13,14,9,5,3,14,29,10,0,12,0.375,UL,-0.0,26,0,0,0,6,1.0,0.0,0.0,0.0,0.1875,,0.0,0.0,0.0,0.0,0,ul,ur,dr,1,0,0,0,0
7,4,size7_comp0.6_grid4_base_low,7,0.6,low,base,base,10,6,16,4,6,1,1,1,0,0,-1,32,0.0,0.21875,0.21875,0.0,2,4,14,10,11,4,3,9,29,6,0,15,0.46875,UL,-0.0,22,0,0,0,10,1.0,0.0,0.0,0.0,0.3125,,0.0,0.0,0.0,0.0,0,ul,ur,dr,1,0,0,0,0
8,4,size7_comp0.6_grid4_base_low,7,0.6,low,base,base,10,6,16,4,6,1,1,1,0,0,-1,32,0.0,0.25,0.25,0.0,3,5,9,14,6,9,5,9,29,5,0,15,0.46875,UL,-0.0,18,0,0,0,14,1.0,0.0,0.0,0.0,0.4375,,0.0,0.0,0.0,0.0,0,ul,ur,dr,1,0,0,0,0
9,4,size7_comp0.6_grid4_base_low,7,0.6,low,base,base,10,6,16,4,6,1,1,1,0,0,-1,32,0.0,0.25,0.25,0.0,1,3,12,16,11,4,4,12,29,5,0,17,0.53125,UL,-0.0,23,0,0,0,9,1.0,0.0,0.0,0.0,0.28125,,0.0,0.0,0.0,0.0,0,ul,ur,dr,1,0,0,0,0
0,5,size7_comp0.6_grid5_base_low,7,0.6,low,base,base,4,3,7,3,3,1,1,1,0,0,-1,32,0.0,0.3125,0.3125,0.0,1,1,11,14,8,2,2,11,27,9,0,7,0.21875,DR,-0.0,0,0,0,2,30,0.0,0.0,0.0,1.0,0.9375,,0.0,0.0,0.0,0.0,0,midline,dr,ur,0,0,0,0,0
1,5,size7_comp0.6_grid5_base_low,7,0.6,low,base,base,4,3,7,3,3,1,1,1,0,0,-1,32,0.0,0.34375,0.34375,0.0,2,2,12,15,7,5,3,14,28,9,0,9,0.28125,UL,0.0,0,0,0,0,32,0.0,0.0,0.0,0.0,1.0,,0.0,0.0,0.0,0.0,0,midline,dr,ur,0,0,0,0,0
2,5,size7_comp0.6_grid5_base_low,7,0.6,low,base,base,4,3,7,3,3,1,1,1,0,0,-1,32,0.0,0.3125,0.3125,0.0,1,4,10,14,8,2,4,11,28,10,0,8,0.25,UL,-0.0,5,0,0,0,27,1.0,0.0,0.0,0.0,0.84375,,0.0,0.0,0.0,0.0,0,midline,dr,ur,0,0,0,0,0
3,5,size7_comp0.6_grid5_base_low,7,0.6,low,base,base,4,3,7,3,3,1,1,1,1,0,-1,3,0.0,0.6666666666666666,0.6666666666666666,0.0,0,1,0,2,1,1,0,0,0,0,0,0,0.0,DR,-0.0,0,0,0,1,2,0.0,0.0,0.0,1.0,0.6666666666666666,,0.0,0.0,0.0,0.0,0,midline,dr,ur,0,0,0,0,0
4,5,size7_comp0.6_grid5_base_low,7,0.6,low,base,base,4,3,7,3,3,1,1,1,1,0,-1,11,0.0,0.45454545454545453,0.45454545454545453,0.0,0,1,3,6,4,1,0,3,6,3,0,1,0.09090909090909091,DR,-0.0,0,0,0,1,10,0.0,0.0,0.0,1.0,0.9090909090909091,,0.0,0.0,0.0,0.0,0,midline,dr,ur,0,0,0,0,0
5,5,size7_comp0.6_grid5_base_low,7,0.6,low,base,base,4,3,7,3,3,1,1,1,0,0,-1,32,0.0,0.3125,0.3125,0.0,0,1,18,12,13,1,1,14,27,10,0,10,0.3125,DR,-0.0,0,0,0,6,26,0.0,0.0,0.0,1.0,0.8125,,0.0,0.0,0.0,0.0,0,midline,dr,ur,0,0,0,0,0
6,5,size7_comp0.6_grid5_base_low,7,0.6,low,base,base,4,3,7,3,3,1,1,1,0,0,-1,32,0.0,0.28125,0.28125,0.0,1,1,12,16,14,2,1,10,28,9,0,10,0.3125,UL,0.0,0,0,0,0,32,0.0,0.0,0.0,0.0,1.0,,0.0,0.0,0.0,0.0,0,midline,dr,ur,0,0,0,0,0
7,5,size7_comp0.6_grid5_base_low,7,0.6,low,base,base,4,3,7,3,3,1,1,1,0,0,-1,32,0.0,0.3125,0.3125,0.0,1,5,13,12,8,6,5,10,28,8,0,10,0.3125,UL,0.0,0,0,0,0,32,0.0,0.0,0.0,0.0,1.0,,0.0,0.0,0.0,0.0,0,midline,dr,ur,0,0,0,0,0
8,5,size7_comp0.6_grid5_base_low,7,0.6,low,base,base,4,3,7,3,3,1,1,1,0,0,-1,32,0.0,0.34375,0.34375,0.0,2,4,10,13,6,1,5,15,27,11,0,6,0.1875,UL,0.0,0,0,0,0,32,0.0,0.0,0.0,0.0,1.0,,0.0,0.0,0.0,0.0,0,midline,dr,ur,0,0,0,0,0
9,5,size7_comp0.6_grid5_base_low,7,0.6,low,base,base,4,3,7,3,3,1,1,1,0,0,-1,32,0.0,0.21875,0.21875,0.0,3,5,13,7,5,3,6,9,27,5,0,13,0.40625,DR,-0.0,0,0,0,2,30,0.0,0.0,0.0,1.0,0.9375,,0.0,0.0,0.0,0.0,0,midline,dr,ur,0,0,0,0,0
0,6,size7_comp0.6_grid6_base_low,7,0.6,low,base,base,6,5,11,5,3,1,1,1,1,0,-1,13,0.0,0.23076923076923078,0.23076923076923078,0.0,0,3,6,0,3,1,0,0,8,0,0,4,0.3076923076923077,DL,-0.0,0,0,1,0,12,0.0,0.0,1.0,0.0,0.9230769230769231,,0.0,0.0,0.0,0.0,0,midline,dl,dr,0,0,0,0,0
1,6,size7_comp0.6_grid6_base_low,7,0.6,low,base,base,6,5,11,5,3,1,1,1,1,0,-1,16,0.0,0.25,0.25,0.0,0,6,8,1,7,2,3,1,10,0,0,8,0.5,UR,0.6500224216483541,0,5,1,0,10,0.0,0.8333333333333334,0.16666666666666666,0.0,0.625,,0.0,0.0,0.0,0.0,0,midline,dl,dr,0,0,0,0,0
2,6,size7_comp0.6_grid6_base_low,7,0.6,low,base,base,6,5,11,5,3,1,1,1,1,0,-1,28,0.0,0.14285714285714285,0.14285714285714285,0.0,0,3,15,4,7,1,2,5,23,2,0,15,0.5357142857142857,DL,-0.0,0,0,2,0,26,0.0,0.0,1.0,0.0,0.9285714285714286,,0.0,0.0,0.0,0.0,0,midline,dl,dr,0,0,0,0,0
3,6,size7_comp0.6_grid6_base_low,7,0.6,low,base,base,6,5,11,5,3,1,1,1,1,0,-1,19,0.0,0.2631578947368421,0.2631578947368421,0.0,0,3,9,3,0,3,3,4,14,4,0,6,0.3157894736842105,DL,-0.0,0,0,4,0,15,0.0,0.0,1.0,0.0,0.7894736842105263,,0.0,0.0,0.0,0.0,0,midline,dl,dr,0,0,0,0,0
4,6,size7_comp0.6_grid6_base_low,7,0.6,low,base,base,6,5,11,5,3,1,1,1,1,0,-1,17,0.0,0.29411764705882354,0.29411764705882354,0.0,0,3,7,5,6,2,0,4,10,1,0,6,0.35294117647058826,DR,0.8112781244591328,0,0,1,3,13,0.0,0.0,0.25,0.75,0.7647058823529411,,0.0,0.0,0.0,0.0,0,midline,dl,dr,0,1,0,0,0
5,6,size7_comp0.6_grid6_base_low,7,0.6,low,base,base,6,5,11,5,3,1,1,1,1,0,-1,8,0.0,0.5,0.5,0.0,0,3,3,1,3,0,1,2,3,2,0,0,0.0,DL,-0.0,0,0,2,0,6,0.0,0.0,1.0,0.0,0.75,,0.0,0.0,0.0,0.0,0,midline,dl,dr,0,0,0,0,0
6,6,size7_comp0.6_grid6_base_low,7,0.6,low,base,base,6,5,11,5,3,1,1,1,1,0,-1,9,0.0,0.4444444444444444,0.4444444444444444,0.0,0,3,4,1,2,1,1,2,4,2,0,1,0.1111111111111111,DL,-0.0,0,0,3,0,6,0.0,0.0,1.0,0.0,0.6666666666666666,,0.0,0.0,0.0,0.0,0,midline,dl,dr,0,0,0,0,0
7,6,size7_comp0.6_grid6_base_low,7,0.6,low,base,base,6,5,11,5,3,1,1,1,1,0,-1,6,0.0,0.5,0.5,0.0,0,3,3,0,3,1,1,0,1,0,0,1,0.16666666666666666,DL,-0.0,0,0,1,0,5,0.0,0.0,1.0,0.0,0.8333333333333334,,0.0,0.0,0.0,0.0,0,midline,dl,dr,0,0,0,0,0
8,6,size7_comp0.6_grid6_base_low,7,0.6,low,base,base,6,5,11,5,3,1,1,1,1,0,-1,6,0.0,0.5,0.5,0.0,0,3,2,0,3,0,0,0,1,0,0,0,0.0,DL,-0.0,0,0,1,0,5,0.0,0.0,1.0,0.0,0.8333333333333334,,0.0,0.0,0.0,0.0,0,midline,dl,dr,0,0,0,0,0
9,6,size7_comp0.6_grid6_base_low,7,0.6,low,base,base,6,5,11,5,3,1,1,1,1,0,-1,12,0.0,0.3333333333333333,0.3333333333333333,0.0,0,3,6,2,4,2,1,2,6,1,0,4,0.3333333333333333,UR,1.0,0,1,1,0,10,0.0,0.5,0.5,0.0,0.8333333333333334,,0.0,0.0,0.0,0.0,0,midline,dl,dr,0,0,0,0,0
0,7,size7_comp0.6_grid7_base_low,7,0.6,low,base,base,3,6,9,9,0,1,1,1,0,1,2,32,0.0,0.4375,1.0,0.3793103448275862,7,3,11,9,3,8,7,9,26,9,19,7,0.21875,UL,-0.0,5,0,0,0,27,1.0,0.0,0.0,0.0,0.84375,,0.0,0.0,0.0,0.0,0,midline,ur,midline,0,0,0,0,0
1,7,size7_comp0.6_grid7_base_low,7,0.6,low,base,base,3,6,9,9,0,1,1,1,1,0,-1,14,0.0,0.21428571428571427,0.21428571428571427,0.0,7,0,4,3,5,3,5,0,5,0,0,5,0.35714285714285715,DL,0.9709505944546686,4,0,6,0,4,0.4,0.0,0.6,0.0,0.2857142857142857,UL,0.07142857142857142,0.0,0.07142857142857142,0.0,1,midline,ur,midline,0,0,0,0,0
2,7,size7_comp0.6_grid7_base_low,7,0.6,low,base,base,3,6,9,9,0,1,1,1,0,1,4,32,0.0,0.40625,0.6,0.37037037037037035,4,1,14,12,11,3,5,11,26,9,18,8,0.25,UL,-0.0,4,0,0,0,28,1.0,0.0,0.0,0.0,0.875,,0.0,0.0,0.0,0.0,0,midline,ur,midline,0,0,0,0,0
3,7,size7_comp0.6_grid7_base_low,7,0.6,low,base,base,3,6,9,9,0,1,1,1,0,1,8,32,0.0,0.4375,0.5555555555555556,0.391304347826087,5,2,14,10,5,5,5,14,25,11,18,7,0.21875,DL,0.8112781244591328,0,0,3,1,28,0.0,0.0,0.75,0.25,0.875,,0.0,0.0,0.0,0.0,0,midline,ur,midline,0,0,0,0,0
4,7,size7_comp0.6_grid7_base_low,7,0.6,low,base,base,3,6,9,9,0,1,1,1,0,1,4,32,0.0,0.4375,0.8,0.37037037037037035,5,1,12,11,8,3,2,12,26,12,20,4,0.125,UL,0.0,0,0,0,0,32,0.0,0.0,0.0,0.0,1.0,,0.0,0.0,0.0,0.0,0,midline,ur,midline,0,0,0,0,0
5,7,size7_comp0.6_grid7_base_low,7,0.6,low,base,base,3,6,9,9,0,1,1,1,1,1,3,19,0.47368421052631576,0.5789473684210527,0.75,0.5333333333333333,4,0,7,7,4,2,5,5,10,3,5,5,0.2631578947368421,UL,-0.0,6,0,0,0,13,1.0,0.0,0.0,0.0,0.6842105263157895,UL,0.05263157894736842,0.0,0.0,0.0,1,midline,ur,midline,0,0,0,0,0
6,7,size7_comp0.6_grid7_base_low,7,0.6,low,base,base,3,6,9,9,0,1,1,1,0,1,4,32,0.0,0.40625,0.8,0.3333333333333333,5,1,12,9,5,3,5,8,23,7,12,6,0.1875,UL,0.9182958340544896,2,0,0,1,29,0.6666666666666666,0.0,0.0,0.3333333333333333,0.90625,,0.0,0.0,0.0,0.0,0,midline,ur,midline,0,0,0,0,0
7,7,size7_comp0.6_grid7_base_low,7,0.6,low,base,base,3,6,9,9,0,1,1,1,1,1,8,25,0.36,0.44,0.4444444444444444,0.4375,4,0,9,11,12,4,3,3,14,1,3,11,0.44,UL,0.4689955935892812,9,0,0,1,15,0.9,0.0,0.0,0.1,0.6,UL,0.04,0.0,0.0,0.0,1,midline,ur,midline,0,0,0,0,0
8,7,size7_comp0.6_grid7_base_low,7,0.6,low,base,base,3,6,9,9,0,1,1,1,0,1,9,32,0.0,0.34375,0.6,0.22727272727272727,3,0,11,18,11,1,4,15,25,11,6,15,0.46875,UL,0.6722948170756379,14,0,0,3,15,0.8235294117647058,0.0,0.0,0.17647058823529413,0.46875,,0.0,0.0,0.0,0.0,0,midline,ur,midline,0,0,0,0,0
9,7,size7_comp0.6_grid7_base_low,7,0.6,low,base,base,3,6,9,9,0,1,1,1,0,1,8,32,0.0,0.25,0.5555555555555556,0.13043478260869565,4,1,10,17,16,2,5,8,24,2,0,21,0.65625,UL,0.5586293734521992,20,0,0,3,9,0.8695652173913043,0.0,0.0,0.13043478260869565,0.28125,,0.0,0.0,0.0,0.0,0,midline,ur,midline,0,0,0,0,0
0,8,size7_comp0.6_grid8_base_low,7,0.6,low,base,base,4,3,7,7,0,1,1,1,1,0,-1,30,0.0,0.16666666666666666,0.16666666666666666,0.0,0,9,16,2,10,5,7,1,23,1,0,18,0.6,UR,0.5586293734521992,0,20,0,3,7,0.0,0.8695652173913043,0.0,0.13043478260869565,0.23333333333333334,,0.0,0.0,0.0,0.0,0,ur,dl,dr,1,0,0,0,0
1,8,size7_comp0.6_grid8_base_low,7,0.6,low,base,base,4,3,7,7,0,1,1,1,0,0,-1,32,0.0,0.09375,0.09375,0.0,0,18,7,1,11,4,6,0,27,0,0,22,0.6875,UR,0.35335933502142136,0,28,0,2,2,0.0,0.9333333333333333,0.0,0.06666666666666667,0.0625,,0.0,0.0,0.0,0.0,0,ur,dl,dr,1,0,0,0,0
2,8,size7_comp0.6_grid8_base_low,7,0.6,low,base,base,4,3,7,7,0,1,1,1,0,0,-1,32,0.0,0.1875,0.1875,0.0,1,6,20,4,13,7,3,6,27,3,0,21,0.65625,DR,0.9980008838722996,0,9,0,10,13,0.0,0.47368421052631576,0.0,0.5263157894736842,0.40625,,0.0,0.0,0.0,0.0,0,ur,dl,dr,0,1,0,0,0
3,8,size7_comp0.6_grid8_base_low,7,0.6,low,base,base,4,3,7,7,0,1,1,1,1,1,18,24,0.2916666666666667,0.375,0.2631578947368421,0.8,0,10,10,4,8,7,4,4,17,3,2,13,0.5416666666666666,UR,0.8524051786494786,0,13,0,5,6,0.0,0.7222222222222222,0.0,0.2777777777777778,0.25,DR,0.0,0.0,0.0,0.08333333333333333,1,ur,dl,dr,1,0,0,0,0
4,8,size7_comp0.6_grid8_base_low,7,0.6,low,base,base,4,3,7,7,0,1,1,1,0,0,-1,32,0.0,0.28125,0.28125,0.0,0,9,14,7,7,7,3,10,29,7,0,15,0.46875,UR,-0.0,0,31,0,0,1,0.0,1.0,0.0,0.0,0.03125,,0.0,0.0,0.0,0.0,0,ur,dl,dr,1,0,0,0,0
5,8,size7_comp0.6_grid8_base_low,7,0.6,low,base,base,4,3,7,7,0,1,1,1,0,0,-1,32,0.0,0.09375,0.09375,0.0,0,15,9,3,6,8,5,3,30,2,0,21,0.65625,UR,-0.0,0,32,0,0,0,0.0,1.0,0.0,0.0,0.0,,0.0,0.0,0.0,0.0,0,ur,dl,dr,1,0,0,0,0
6,8,size7_comp0.6_grid8_base_low,7,0.6,low,base,base,4,3,7,7,0,1,1,1,1,0,-1,24,0.0,0.20833333333333334,0.20833333333333334,0.0,0,6,15,2,12,3,4,2,17,1,0,14,0.5833333333333334,DR,0.8524051786494786,0,5,0,13,6,0.0,0.2777777777777778,0.0,0.7222222222222222,0.25,,0.0,0.0,0.0,0.0,0,ur,dl,dr,0,1,0,0,0
7,8,size7_comp0.6_grid8_base_low,7,0.6,low,base,base,4,3,7,7,0,1,1,1,1,1,15,19,0.3684210526315789,0.3684210526315789,0.25,1.0,0,9,8,1,7,4,5,0,12,0,0,11,0.5789473684210527,UR,0.6722948170756379,0,14,0,3,2,0.0,0.8235294117647058,0.0,0.17647058823529413,0.10526315789473684,DR,0.0,0.0,0.0,0.05263157894736842,1,ur,dl,dr,1,0,0,0,0
8,8,size7_comp0.6_grid8_base_low,7,0.6,low,base,base,4,3,7,7,0,1,1,1,1,1,19,23,0.30434782608695654,0.34782608695652173,0.25,1.0,0,9,9,4,8,4,5,4,16,2,0,13,0.5652173913043478,UR,0.6962122601251458,0,13,0,3,7,0.0,0.8125,0.0,0.1875,0.30434782608695654,DR,0.0,0.0,0.0,0.043478260869565216,1,ur,dl,dr,1,0,0,0,0
9,8,size7_comp0.6_grid8_base_low,7,0.6,low,base,base,4,3,7,7,0,1,1,1,0,0,-1,32,0.0,0.09375,0.09375,0.0,0,15,7,4,9,5,4,3,30,2,0,20,0.625,UR,-0.0,0,32,0,0,0,0.0,1.0,0.0,0.0,0.0,,0.0,0.0,0.0,0.0,0,ur,dl,dr,1,0,0,0,0
0,9,size7_comp0.6_grid9_base_low,7,0.6,low,base,base,5,4,9,3,3,1,1,1,1,0,-1,15,0.0,0.3333333333333333,0.3333333333333333,0.0,1,3,6,5,4,0,5,5,11,2,0,6,0.4,UL,-0.0,2,0,0,0,13,1.0,0.0,0.0,0.0,0.8666666666666667,,0.0,0.0,0.0,0.0,0,midline,midline,dr,0,0,0,0,0
1,9,size7_comp0.6_grid9_base_low,7,0.6,low,base,base,5,4,9,3,3,1,1,1,1,0,-1,4,0.0,0.5,0.5,0.0,1,1,0,2,0,2,1,0,1,0,0,1,0.25,UL,-0.0,1,0,0,0,3,1.0,0.0,0.0,0.0,0.75,,0.0,0.0,0.0,0.0,0,midline,midline,dr,0,0,0,0,0
2,9,size7_comp0.6_grid9_base_low,7,0.6,low,base,base,5,4,9,3,3,1,1,1,1,0,-1,13,0.0,0.46153846153846156,0.46153846153846156,0.0,1,0,6,6,3,0,2,7,9,6,0,2,0.15384615384615385,UL,-0.0,2,0,0,0,11,1.0,0.0,0.0,0.0,0.8461538461538461,,0.0,0.0,0.0,0.0,0,midline,midline,dr,0,0,0,0,0
3,9,size7_comp0.6_grid9_base_low,7,0.6,low,base,base,5,4,9,3,3,1,1,1,1,0,-1,24,0.0,0.4166666666666667,0.4166666666666667,0.0,1,1,11,10,3,1,3,14,20,11,0,4,0.16666666666666666,UL,-0.0,2,0,0,0,22,1.0,0.0,0.0,0.0,0.9166666666666666,,0.0,0.0,0.0,0.0,0,midline,midline,dr,0,0,0,0,0
4,9,size7_comp0.6_grid9_base_low,7,0.6,low,base,base,5,4,9,3,3,1,1,1,1,0,-1,9,0.0,0.4444444444444444,0.4444444444444444,0.0,1,2,2,4,1,1,3,3,5,2,0,2,0.2222222222222222,UL,-0.0,2,0,0,0,7,1.0,0.0,0.0,0.0,0.7777777777777778,,0.0,0.0,0.0,0.0,0,midline,midline,dr,0,0,0,0,0
5,9,size7_comp0.6_grid9_base_low,7,0.6,low,base,base,5,4,9,3,3,1,1,1,1,0,-1,7,0.0,0.5714285714285714,0.5714285714285714,0.0,1,0,2,4,1,0,2,3,3,3,0,0,0.0,UL,-0.0,2,0,0,0,5,1.0,0.0,0.0,0.0,0.7142857142857143,,0.0,0.0,0.0,0.0,0,midline,midline,dr,0,0,0,0,0
6,9,size7_comp0.6_grid9_base_low,7,0.6,low,base,base,5,4,9,3,3,1,1,1,1,0,-1,3,0.0,0.6666666666666666,0.6666666666666666,0.0,1,0,0,2,0,1,1,0,0,0,0,0,0.0,UL,-0.0,1,0,0,0,2,1.0,0.0,0.0,0.0,0.6666666666666666,,0.0,0.0,0.0,0.0,0,midline,midline,dr,0,0,0,0,0
7,9,size7_comp0.6_grid9_base_low,7,0.6,low,base,base,5,4,9,3,3,1,1,1,1,0,-1,3,0.0,0.6666666666666666,0.6666666666666666,0.0,1,0,0,2,1,0,1,0,0,0,0,0,0.0,UL,-0.0,2,0,0,0,1,1.0,0.0,0.0,0.0,0.3333333333333333,,0.0,0.0,0.0,0.0,0,midline,midline,dr,0,0,0,0,0
8,9,size7_comp0.6_grid9_base_low,7,0.6,low,base,base,5,4,9,3,3,1,1,1,1,0,-1,5,0.0,0.6,0.6,0.0,1,0,1,3,1,0,2,1,1,1,0,0,0.0,UL,-0.0,2,0,0,0,3,1.0,0.0,0.0,0.0,0.6,,0.0,0.0,0.0,0.0,0,midline,midline,dr,0,0,0,0,0
9,9,size7_comp0.6_grid9_base_low,7,0.6,low,base,base,5,4,9,3,3,1,1,1,1,0,-1,4,0.0,0.5,0.5,0.0,1,0,1,2,1,0,2,0,1,0,0,1,0.25,UL,-0.0,2,0,0,0,2,1.0,0.0,0.0,0.0,0.5,,0.0,0.0,0.0,0.0,0,midline,midline,dr,0,0,0,0,0
0,0,size9_comp0.0_grid0_base_low,9,0.0,low,base,base,5,3,8,4,2,1,1,1,1,1,8,16,0.5,0.75,0.7777777777777778,0.7142857142857143,2,5,5,4,6,4,1,4,4,4,0,0,0.0,DL,0.9182958340544896,0,4,8,0,4,0.0,0.3333333333333333,0.6666666666666666,0.0,0.25,DL,0.0,0.0,0.25,0.0,4,ur,midline,dl,0,1,0,0,0
1,0,size9_comp0.0_grid0_base_low,9,0.0,low,base,base,5,3,8,4,2,1,1,1,1,1,4,8,1.0,1.0,1.0,1.0,0,3,3,2,3,3,1,0,0,0,0,0,0.0,DL,0.7219280948873623,0,1,4,0,3,0.0,0.2,0.8,0.0,0.375,DL,0.0,0.0,0.125,0.0,1,ur,midline,dl,0,1,0,0,0
2,0,size9_comp0.0_grid0_base_low,9,0.0,low,base,base,5,3,8,4,2,1,1,1,1,1,6,32,0.25,0.625,0.8571428571428571,0.56,6,9,9,8,8,6,5,12,23,12,1,0,0.0,DL,1.384431504340598,0,3,7,2,20,0.0,0.25,0.5833333333333334,0.16666666666666666,0.625,,0.0,0.0,0.0,0.0,0,ur,midline,dl,0,1,0,0,0
3,0,size9_comp0.0_grid0_base_low,9,0.0,low,base,base,5,3,8,4,2,1,1,1,1,1,6,12,0.6666666666666666,0.8333333333333334,0.8571428571428571,0.8,0,3,5,4,5,2,2,2,2,2,1,0,0.0,DL,0.9182958340544896,0,3,6,0,3,0.0,0.3333333333333333,0.6666666666666666,0.0,0.25,DL,0.0,0.0,0.08333333333333333,0.0,1,ur,midline,dl,0,1,0,0,0
4,0,size9_comp0.0_grid0_base_low,9,0.0,low,base,base,5,3,8,4,2,1,1,1,1,1,14,32,0.25,0.625,0.6666666666666666,0.5882352941176471,3,6,12,11,13,7,5,6,17,6,1,0,0.0,DL,1.8710191208788398,4,2,7,6,13,0.21052631578947367,0.10526315789473684,0.3684210526315789,0.3157894736842105,0.40625,DL,0.0,0.0,0.03125,0.0,1,ur,midline,dl,0,1,0,0,0
5,0,size9_comp0.0_grid0_base_low,9,0.0,low,base,base,5,3,8,4,2,1,1,1,1,1,6,10,0.8,0.9,0.8571428571428571,1.0,0,3,4,3,4,3,1,1,1,1,0,0,0.0,DL,1.4056390622295665,1,3,4,0,2,0.125,0.375,0.5,0.0,0.2,DL,0.0,0.0,0.1,0.0,1,ur,midline,dl,0,1,0,0,0
6,0,size9_comp0.0_grid0_base_low,9,0.0,low,base,base,5,3,8,4,2,1,1,1,1,1,10,22,0.36363636363636365,0.6818181818181818,0.7272727272727273,0.6363636363636364,1,4,9,8,9,3,3,6,9,6,8,0,0.0,DL,1.2516291673878228,0,3,12,3,4,0.0,0.16666666666666666,0.6666666666666666,0.16666666666666666,0.18181818181818182,,0.0,0.0,0.0,0.0,0,ur,midline,dl,0,1,0,0,0
7,0,size9_comp0.0_grid0_base_low,9,0.0,low,base,base,5,3,8,4,2,1,1,1,1,1,6,20,0.4,0.7,0.8571428571428571,0.6153846153846154,2,5,7,6,5,3,4,7,9,7,5,0,0.0,DL,1.207518749639422,1,1,9,1,8,0.08333333333333333,0.08333333333333333,0.75,0.08333333333333333,0.4,,0.0,0.0,0.0,0.0,0,ur,midline,dl,0,1,0,0,0
8,0,size9_comp0.0_grid0_base_low,9,0.0,low,base,base,5,3,8,4,2,1,1,1,1,1,4,8,1.0,1.0,1.0,1.0,0,3,3,2,3,3,1,0,0,0,0,0,0.0,DL,0.7219280948873623,0,1,4,0,3,0.0,0.2,0.8,0.0,0.375,DL,0.0,0.0,0.125,0.0,1,ur,midline,dl,0,1,0,0,0
9,0,size9_comp0.0_grid0_base_low,9,0.0,low,base,base,5,3,8,4,2,1,1,1,1,1,4,8,1.0,1.0,1.0,1.0,0,3,3,2,3,3,1,0,0,0,0,0,0.0,DL,0.7219280948873623,0,1,4,0,3,0.0,0.2,0.8,0.0,0.375,DL,0.0,0.0,0.125,0.0,1,ur,midline,dl,0,1,0,0,0
0,1,size9_comp0.0_grid1_base_low,9,0.0,low,base,base,9,5,14,4,5,1,1,1,1,0,-1,14,0.0,0.6428571428571429,0.6428571428571429,0.0,4,1,4,5,2,0,6,5,6,5,0,0,0.0,DL,0.9182958340544896,4,0,8,0,2,0.3333333333333333,0.0,0.6666666666666666,0.0,0.14285714285714285,UL,0.07142857142857142,0.0,0.0,0.0,1,dl,ul,ur,1,0,0,0,0
1,1,size9_comp0.0_grid1_base_low,9,0.0,low,base,base,9,5,14,4,5,1,1,1,1,0,-1,4,0.0,1.0,1.0,0.0,3,0,0,1,1,1,1,0,0,0,0,0,0.0,UL,0.9182958340544896,2,0,1,0,1,0.6666666666666666,0.0,0.3333333333333333,0.0,0.25,,0.0,0.0,0.0,0.0,0,dl,ul,ur,0,0,0,0,0
2,1,size9_comp0.0_grid1_base_low,9,0.0,low,base,base,9,5,14,4,5,1,1,1,1,0,-1,12,0.0,0.6666666666666666,0.6666666666666666,0.0,5,2,2,3,1,1,5,4,6,4,0,0,0.0,UL,0.5916727785823275,6,0,1,0,5,0.8571428571428571,0.0,0.14285714285714285,0.0,0.4166666666666667,,0.0,0.0,0.0,0.0,0,dl,ul,ur,0,0,0,0,0
3,1,size9_comp0.0_grid1_base_low,9,0.0,low,base,base,9,5,14,4,5,1,1,1,1,0,-1,4,0.0,1.0,1.0,0.0,3,0,0,1,2,0,1,0,0,0,0,0,0.0,UL,0.9182958340544896,2,0,1,0,1,0.6666666666666666,0.0,0.3333333333333333,0.0,0.25,UL,0.25,0.0,0.0,0.0,1,dl,ul,ur,0,0,0,0,0
4,1,size9_comp0.0_grid1_base_low,9,0.0,low,base,base,9,5,14,4,5,1,1,1,1,0,-1,10,0.0,0.7,0.7,0.0,4,1,2,3,3,4,1,1,2,1,0,0,0.0,UL,0.5916727785823275,6,0,1,0,3,0.8571428571428571,0.0,0.14285714285714285,0.0,0.3,,0.0,0.0,0.0,0.0,0,dl,ul,ur,0,0,0,0,0
5,1,size9_comp0.0_grid1_base_low,9,0.0,low,base,base,9,5,14,4,5,1,1,1,1,0,-1,8,0.0,0.75,0.75,0.0,3,0,2,3,1,0,3,3,3,3,0,0,0.0,UL,0.5916727785823275,6,0,1,0,1,0.8571428571428571,0.0,0.14285714285714285,0.0,0.125,UL,0.125,0.0,0.0,0.0,1,dl,ul,ur,0,0,0,0,0
6,1,size9_comp0.0_grid1_base_low,9,0.0,low,base,base,9,5,14,4,5,1,1,1,1,0,-1,4,0.0,1.0,1.0,0.0,3,0,0,1,2,0,1,0,0,0,0,0,0.0,UL,0.9182958340544896,2,0,1,0,1,0.6666666666666666,0.0,0.3333333333333333,0.0,0.25,UL,0.25,0.0,0.0,0.0,1,dl,ul,ur,0,0,0,0,0
7,1,size9_comp0.0_grid1_base_low,9,0.0,low,base,base,9,5,14,4,5,1,1,1,1,0,-1,6,0.0,0.8333333333333334,0.8333333333333334,0.0,3,0,1,2,1,1,1,2,2,2,0,0,0.0,UL,0.7219280948873623,4,0,1,0,1,0.8,0.0,0.2,0.0,0.16666666666666666,,0.0,0.0,0.0,0.0,0,dl,ul,ur,0,0,0,0,0
8,1,size9_comp0.0_grid1_base_low,9,0.0,low,base,base,9,5,14,4,5,1,1,1,1,0,-1,14,0.0,0.6428571428571429,0.6428571428571429,0.0,5,2,3,4,3,1,6,3,7,3,0,0,0.0,UL,0.8812908992306927,7,0,3,0,4,0.7,0.0,0.3,0.0,0.2857142857142857,,0.0,0.0,0.0,0.0,0,dl,ul,ur,0,0,0,0,0
9,1,size9_comp0.0_grid1_base_low,9,0.0,low,base,base,9,5,14,4,5,1,1,1,1,0,-1,11,0.0,0.6363636363636364,0.6363636363636364,0.0,5,2,2,2,2,5,0,3,4,2,0,1,0.09090909090909091,DL,0.954434002924965,3,0,5,0,3,0.375,0.0,0.625,0.0,0.2727272727272727,,0.0,0.0,0.0,0.0,0,dl,ul,ur,1,0,0,0,0
0,2,size9_comp0.0_grid2_base_low,9,0.0,low,base,base,4,4,8,8,0,1,1,1,1,1,3,20,0.4,0.7,1.0,0.625,8,3,6,3,6,5,4,4,8,4,0,0,0.0,UL,0.8453509366224364,8,0,3,0,9,0.7272727272727273,0.0,0.2727272727272727,0.0,0.45,UL,0.05,0.0,0.0,0.0,1,midline,ul,midline,0,0,0,0,0
1,2,size9_comp0.0_grid2_base_low,9,0.0,low,base,base,4,4,8,8,0,1,1,1,1,1,5,10,0.8,0.9,0.8333333333333334,1.0,5,0,4,1,3,2,3,1,1,1,0,0,0.0,UL,1.4591479170272448,3,0,2,1,4,0.5,0.0,0.3333333333333333,0.16666666666666666,0.4,UL,0.1,0.0,0.0,0.0,1,midline,ul,midline,0,0,0,0,0
2,2,size9_comp0.0_grid2_base_low,9,0.0,low,base,base,4,4,8,8,0,1,1,1,1,0,-1,12,0.0,0.5,0.5,0.0,6,1,4,1,3,3,3,2,2,2,0,0,0.0,DL,0.5916727785823275,1,0,6,0,5,0.14285714285714285,0.0,0.8571428571428571,0.0,0.4166666666666667,DL,0.0,0.0,0.08333333333333333,0.0,1,midline,ul,midline,0,0,0,0,0
3,2,size9_comp0.0_grid2_base_low,9,0.0,low,base,base,4,4,8,8,0,1,1,1,1,1,3,10,0.8,0.9,1.0,0.8333333333333334,5,0,4,1,3,4,1,1,1,1,0,0,0.0,UL,-0.0,5,0,0,0,5,1.0,0.0,0.0,0.0,0.5,UL,0.1,0.0,0.0,0.0,1,midline,ul,midline,0,0,0,0,0
4,2,size9_comp0.0_grid2_base_low,9,0.0,low,base,base,4,4,8,8,0,1,1,1,1,1,3,12,0.6666666666666666,0.8333333333333334,1.0,0.75,5,0,5,2,7,2,2,0,0,0,0,0,0.0,UL,1.561278124459133,3,2,3,0,4,0.375,0.25,0.375,0.0,0.3333333333333333,UL,0.08333333333333333,0.0,0.0,0.0,1,midline,ul,midline,0,0,0,0,0
5,2,size9_comp0.0_grid2_base_low,9,0.0,low,base,base,4,4,8,8,0,1,1,1,1,1,5,22,0.36363636363636365,0.6818181818181818,0.8333333333333334,0.625,10,5,5,2,5,4,5,7,7,7,0,0,0.0,DL,1.2389012566026305,4,0,8,1,9,0.3076923076923077,0.0,0.6153846153846154,0.07692307692307693,0.4090909090909091,DL,0.045454545454545456,0.0,0.18181818181818182,0.0,2,midline,ul,midline,0,0,0,0,0
6,2,size9_comp0.0_grid2_base_low,9,0.0,low,base,base,4,4,8,8,0,1,1,1,1,1,3,10,0.8,0.9,1.0,0.8333333333333334,5,0,4,1,4,1,3,1,1,1,0,0,0.0,UL,0.9182958340544896,4,0,2,0,4,0.6666666666666666,0.0,0.3333333333333333,0.0,0.4,,0.0,0.0,0.0,0.0,0,midline,ul,midline,0,0,0,0,0
7,2,size9_comp0.0_grid2_base_low,9,0.0,low,base,base,4,4,8,8,0,1,1,1,1,1,3,8,1.0,1.0,1.0,1.0,5,0,3,0,4,2,1,0,0,0,0,0,0.0,UL,-0.0,2,0,0,0,6,1.0,0.0,0.0,0.0,0.75,UL,0.125,0.0,0.0,0.0,1,midline,ul,midline,0,0,0,0,0
8,2,size9_comp0.0_grid2_base_low,9,0.0,low,base,base,4,4,8,8,0,1,1,1,1,1,4,15,0.5333333333333333,0.7333333333333333,0.8,0.7,7,2,4,1,4,1,5,2,4,2,0,0,0.0,DL,0.5435644431995964,1,0,7,0,7,0.125,0.0,0.875,0.0,0.4666666666666667,,0.0,0.0,0.0,0.0,0,midline,ul,midline,0,0,0,0,0
9,2,size9_comp0.0_grid2_base_low,9,0.0,low,base,base,4,4,8,8,0,1,1,1,1,1,3,8,1.0,1.0,1.0,1.0,5,0,3,0,3,2,2,0,0,0,0,0,0.0,UL,-0.0,3,0,0,0,5,1.0,0.0,0.0,0.0,0.625,,0.0,0.0,0.0,0.0,0,midline,ul,midline,0,0,0,0,0
0,3,size9_comp0.0_grid3_base_low,9,0.0,low,base,base,7,7,14,4,5,1,1,1,1,0,-1,34,0.0,0.5,0.5,0.0,2,4,13,15,9,8,4,12,24,12,0,0,0.0,UR,0.24229218908241482,1,24,0,0,9,0.04,0.96,0.0,0.0,0.2647058823529412,UR,0.0,0.35294117647058826,0.0,0.0,6,midline,ur,dl,0,0,0,0,0
1,3,size9_comp0.0_grid3_base_low,9,0.0,low,base,base,7,7,14,4,5,1,1,1,1,0,-1,14,0.0,0.5,0.5,0.0,0,2,5,7,2,1,2,8,9,8,0,0,0.0,UR,-0.0,0,12,0,0,2,0.0,1.0,0.0,0.0,0.14285714285714285,UR,0.0,0.35714285714285715,0.0,0.0,1,midline,ur,dl,0,0,0,0,0
2,3,size9_comp0.0_grid3_base_low,9,0.0,low,base,base,7,7,14,4,5,1,1,1,1,0,-1,10,0.0,0.5,0.5,0.0,0,2,3,5,4,2,0,3,4,3,0,0,0.0,UR,0.6500224216483541,1,5,0,0,4,0.16666666666666666,0.8333333333333334,0.0,0.0,0.4,UR,0.0,0.3,0.0,0.0,3,midline,ur,dl,0,0,0,0,0
3,3,size9_comp0.0_grid3_base_low,9,0.0,low,base,base,7,7,14,4,5,1,1,1,1,0,-1,12,0.0,0.5,0.5,0.0,0,2,4,6,4,0,3,4,5,4,0,0,0.0,UR,0.9852281360342515,3,4,0,0,5,0.42857142857142855,0.5714285714285714,0.0,0.0,0.4166666666666667,UL,0.08333333333333333,0.0,0.0,0.0,1,midline,ur,dl,0,0,0,0,0
4,3,size9_comp0.0_grid3_base_low,9,0.0,low,base,base,7,7,14,4,5,1,1,1,1,0,-1,4,0.0,0.5,0.5,0.0,0,2,0,2,1,1,1,0,0,0,0,0,0.0,UR,-0.0,0,3,0,0,1,0.0,1.0,0.0,0.0,0.25,,0.0,0.0,0.0,0.0,0,midline,ur,dl,0,0,0,0,0
5,3,size9_comp0.0_grid3_base_low,9,0.0,low,base,base,7,7,14,4,5,1,1,1,1,0,-1,6,0.0,0.5,0.5,0.0,0,2,1,3,0,2,1,2,2,2,0,0,0.0,UR,-0.0,0,3,0,0,3,0.0,1.0,0.0,0.0,0.5,,0.0,0.0,0.0,0.0,0,midline,ur,dl,0,0,0,0,0
6,3,size9_comp0.0_grid3_base_low,9,0.0,low,base,base,7,7,14,4,5,1,1,1,1,0,-1,8,0.0,0.5,0.5,0.0,0,2,2,4,3,1,2,1,2,1,0,0,0.0,UL,0.8112781244591328,3,1,0,0,4,0.75,0.25,0.0,0.0,0.5,UL,0.125,0.0,0.0,0.0,1,midline,ur,dl,0,0,0,0,0
7,3,size9_comp0.0_grid3_base_low,9,0.0,low,base,base,7,7,14,4,5,1,1,1,1,0,-1,14,0.0,0.5,0.5,0.0,1,3,4,6,5,2,3,3,5,3,0,0,0.0,UR,0.6500224216483541,2,10,0,0,2,0.16666666666666666,0.8333333333333334,0.0,0.0,0.14285714285714285,UR,0.0,0.42857142857142855,0.0,0.0,3,midline,ur,dl,0,0,0,0,0
8,3,size9_comp0.0_grid3_base_low,9,0.0,low,base,base,7,7,14,4,5,1,1,1,1,0,-1,14,0.0,0.5,0.5,0.0,0,2,5,7,4,3,0,6,8,6,0,0,0.0,UR,-0.0,0,12,0,0,2,0.0,1.0,0.0,0.0,0.14285714285714285,UR,0.0,0.6428571428571429,0.0,0.0,6,midline,ur,dl,0,0,0,0,0
9,3,size9_comp0.0_grid3_base_low,9,0.0,low,base,base,7,7,14,4,5,1,1,1,1,0,-1,24,0.0,0.5,0.5,0.0,1,3,9,11,9,3,4,7,14,7,0,0,0.0,UL,0.5665095065529053,13,2,0,0,9,0.8666666666666667,0.13333333333333333,0.0,0.0,0.375,,0.0,0.0,0.0,0.0,0,midline,ur,dl,0,0,0,0,0
0,4,size9_comp0.0_grid4_base_low,9,0.0,low,base,base,4,4,8,4,2,1,1,1,1,0,-1,6,0.0,0.5,0.5,0.0,0,2,1,3,2,1,0,2,2,2,0,0,0.0,UL,-0.0,2,0,0,0,4,1.0,0.0,0.0,0.0,0.6666666666666666,UL,0.16666666666666666,0.0,0.0,0.0,1,ul,midline,dl,1,0,0,0,0
1,4,size9_comp0.0_grid4_base_low,9,0.0,low,base,base,4,4,8,4,2,1,1,1,1,0,-1,10,0.0,0.5,0.5,0.0,1,3,2,4,3,4,2,0,2,0,0,0,0.0,UL,-0.0,7,0,0,0,3,1.0,0.0,0.0,0.0,0.3,UL,0.4,0.0,0.0,0.0,2,ul,midline,dl,1,0,0,0,0
2,4,size9_comp0.0_grid4_base_low,9,0.0,low,base,base,4,4,8,4,2,1,1,1,1,0,-1,4,0.0,0.5,0.5,0.0,0,2,0,2,1,1,1,0,0,0,0,0,0.0,UL,-0.0,4,0,0,0,0,1.0,0.0,0.0,0.0,0.0,UL,0.25,0.0,0.0,0.0,1,ul,midline,dl,1,0,0,0,0
3,4,size9_comp0.0_grid4_base_low,9,0.0,low,base,base,4,4,8,4,2,1,1,1,1,0,-1,6,0.0,0.5,0.5,0.0,0,2,1,3,1,2,2,0,0,0,0,0,0.0,UL,-0.0,4,0,0,0,2,1.0,0.0,0.0,0.0,0.3333333333333333,UL,0.3333333333333333,0.0,0.0,0.0,2,ul,midline,dl,1,0,0,0,0
4,4,size9_comp0.0_grid4_base_low,9,0.0,low,base,base,4,4,8,4,2,1,1,1,1,0,-1,6,0.0,0.5,0.5,0.0,0,2,1,3,2,1,2,0,0,0,0,0,0.0,UL,-0.0,4,0,0,0,2,1.0,0.0,0.0,0.0,0.3333333333333333,UL,0.3333333333333333,0.0,0.0,0.0,2,ul,midline,dl,1,0,0,0,0
5,4,size9_comp0.0_grid4_base_low,9,0.0,low,base,base,4,4,8,4,2,1,1,1,1,0,-1,4,0.0,0.5,0.5,0.0,0,2,0,2,1,1,1,0,0,0,0,0,0.0,UL,-0.0,3,0,0,0,1,1.0,0.0,0.0,0.0,0.25,UL,0.5,0.0,0.0,0.0,2,ul,midline,dl,1,0,0,0,0
6,4,size9_comp0.0_grid4_base_low,9,0.0,low,base,base,4,4,8,4,2,1,1,1,1,0,-1,4,0.0,0.5,0.5,0.0,0,2,0,2,0,2,1,0,0,0,0,0,0.0,UL,-0.0,3,0,0,0,1,1.0,0.0,0.0,0.0,0.25,UL,0.25,0.0,0.0,0.0,1,ul,midline,dl,1,0,0,0,0
7,4,size9_comp0.0_grid4_base_low,9,0.0,low,base,base,4,4,8,4,2,1,1,1,1,0,-1,6,0.0,0.5,0.5,0.0,0,2,1,3,0,1,3,1,1,1,0,0,0.0,UL,-0.0,5,0,0,0,1,1.0,0.0,0.0,0.0,0.16666666666666666,UL,0.3333333333333333,0.0,0.0,0.0,2,ul,midline,dl,1,0,0,0,0
8,4,size9_comp0.0_grid4_base_low,9,0.0,low,base,base,4,4,8,4,2,1,1,1,1,0,-1,4,0.0,0.5,0.5,0.0,0,2,0,2,1,1,1,0,0,0,0,0,0.0,UL,-0.0,3,0,0,0,1,1.0,0.0,0.0,0.0,0.25,UL,0.5,0.0,0.0,0.0,2,ul,midline,dl,1,0,0,0,0
9,4,size9_comp0.0_grid4_base_low,9,0.0,low,base,base,4,4,8,4,2,1,1,1,1,0,-1,4,0.0,0.5,0.5,0.0,0,2,0,2,2,1,0,0,0,0,0,0,0.0,UL,-0.0,2,0,0,0,2,1.0,0.0,0.0,0.0,0.5,UL,0.25,0.0,0.0,0.0,1,ul,midline,dl,1,0,0,0,0
0,5,size9_comp0.0_grid5_base_low,9,0.0,low,base,base,3,7,10,10,0,1,1,1,1,1,21,43,0.23255813953488372,0.5813953488372093,0.5454545454545454,0.6190476190476191,1,7,14,21,15,6,4,17,26,15,1,3,0.06976744186046512,UR,1.3516441151533924,2,10,0,6,25,0.1111111111111111,0.5555555555555556,0.0,0.3333333333333333,0.5813953488372093,UR,0.0,0.13953488372093023,0.0,0.06976744186046512,6,ul,dr,midline,0,0,0,0,0
1,5,size9_comp0.0_grid5_base_low,9,0.0,low,base,base,3,7,10,10,0,1,1,1,1,1,7,17,0.5882352941176471,0.7647058823529411,0.625,0.8888888888888888,0,6,3,7,6,6,1,1,3,1,0,0,0.0,DL,1.5304930567574826,3,0,4,2,8,0.3333333333333333,0.0,0.4444444444444444,0.2222222222222222,0.47058823529411764,DR,0.0,0.0,0.0,0.058823529411764705,1,ul,dr,midline,0,0,0,0,0
2,5,size9_comp0.0_grid5_base_low,9,0.0,low,base,base,3,7,10,10,0,1,1,1,0,1,10,48,0.0,0.4583333333333333,0.6363636363636364,0.40540540540540543,2,4,15,27,18,5,6,18,32,13,1,9,0.1875,UR,0.9463729359854419,2,22,0,4,20,0.07142857142857142,0.7857142857142857,0.0,0.14285714285714285,0.4166666666666667,UR,0.0,0.041666666666666664,0.0,0.0,2,ul,dr,midline,0,0,0,0,0
3,5,size9_comp0.0_grid5_base_low,9,0.0,low,base,base,3,7,10,10,0,1,1,1,0,1,18,48,0.0,0.5625,0.5789473684210527,0.5517241379310345,2,6,17,23,15,6,10,16,30,13,1,2,0.041666666666666664,DR,1.0942658959797504,1,10,0,20,17,0.03225806451612903,0.3225806451612903,0.0,0.6451612903225806,0.3541666666666667,UR,0.0,0.041666666666666664,0.0,0.0,2,ul,dr,midline,0,0,0,0,0
4,5,size9_comp0.0_grid5_base_low,9,0.0,low,base,base,3,7,10,10,0,1,1,1,0,1,21,48,0.0,0.5208333333333334,0.5,0.5384615384615384,2,6,15,25,9,10,6,22,33,17,1,6,0.125,UR,1.0488412604661608,1,15,0,5,27,0.047619047619047616,0.7142857142857143,0.0,0.23809523809523808,0.5625,UR,0.0,0.14583333333333334,0.0,0.0,6,ul,dr,midline,0,0,0,0,0
5,5,size9_comp0.0_grid5_base_low,9,0.0,low,base,base,3,7,10,10,0,1,1,1,0,1,28,48,0.0,0.4791666666666667,0.5172413793103449,0.42105263157894735,4,5,14,24,14,6,8,17,29,16,1,6,0.125,UR,0.7870046561900533,1,28,0,5,14,0.029411764705882353,0.8235294117647058,0.0,0.14705882352941177,0.2916666666666667,UR,0.0,0.4791666666666667,0.0,0.0,11,ul,dr,midline,0,0,0,0,0
6,5,size9_comp0.0_grid5_base_low,9,0.0,low,base,base,3,7,10,10,0,1,1,1,0,1,2,48,0.0,0.4583333333333333,1.0,0.4222222222222222,3,5,13,27,14,8,3,22,34,16,0,10,0.20833333333333334,UR,1.1331842537834438,3,24,0,7,14,0.08823529411764706,0.7058823529411765,0.0,0.20588235294117646,0.2916666666666667,UR,0.0,0.22916666666666666,0.0,0.0,11,ul,dr,midline,0,0,0,0,0
7,5,size9_comp0.0_grid5_base_low,9,0.0,low,base,base,3,7,10,10,0,1,1,1,0,1,32,48,0.0,0.5,0.5151515151515151,0.4666666666666667,2,4,16,26,20,7,2,18,30,16,1,6,0.125,UR,0.28639695711595625,2,38,0,0,8,0.05,0.95,0.0,0.0,0.16666666666666666,UR,0.0,0.4166666666666667,0.0,0.0,9,ul,dr,midline,0,0,0,0,0
8,5,size9_comp0.0_grid5_base_low,9,0.0,low,base,base,3,7,10,10,0,1,1,1,1,1,2,20,0.5,0.75,1.0,0.7058823529411765,0,6,5,9,5,7,0,7,7,7,0,0,0.0,DR,0.8112781244591328,3,0,0,9,8,0.25,0.0,0.0,0.75,0.4,DR,0.0,0.0,0.0,0.2,4,ul,dr,midline,0,0,0,0,0
9,5,size9_comp0.0_grid5_base_low,9,0.0,low,base,base,3,7,10,10,0,1,1,1,0,1,40,48,0.0,0.5625,0.5365853658536586,0.7142857142857143,2,5,18,23,12,10,4,21,34,21,1,1,0.020833333333333332,UR,0.228538143953528,1,26,0,0,21,0.037037037037037035,0.9629629629629629,0.0,0.0,0.4375,UR,0.0,0.14583333333333334,0.0,0.0,4,ul,dr,midline,0,0,0,0,0
0,6,size9_comp0.0_grid6_base_low,9,0.0,low,base,base,6,9,15,3,6,1,1,1,0,0,-1,48,0.0,0.5,0.5,0.0,9,7,15,16,17,4,11,13,31,13,0,0,0.0,DL,0.9366673818775626,6,0,11,0,31,0.35294117647058826,0.0,0.6470588235294118,0.0,0.6458333333333334,DL,0.0,0.0,0.10416666666666667,0.0,5,dl,dr,ul,1,0,0,0,0
1,6,size9_comp0.0_grid6_base_low,9,0.0,low,base,base,6,9,15,3,6,1,1,1,0,1,39,48,0.0,0.5625,0.55,0.625,9,5,14,18,17,7,10,9,22,8,1,0,0.0,UR,1.4983958159908184,8,15,7,0,18,0.26666666666666666,0.5,0.23333333333333334,0.0,0.375,UR,0.020833333333333332,0.16666666666666666,0.020833333333333332,0.0,4,dl,dr,ul,0,0,0,0,0
2,6,size9_comp0.0_grid6_base_low,9,0.0,low,base,base,6,9,15,3,6,1,1,1,1,1,26,42,0.35714285714285715,0.6666666666666666,0.5925925925925926,0.8,9,10,10,12,12,11,9,7,17,7,1,0,0.0,UR,1.8451000659284962,5,12,5,4,16,0.19230769230769232,0.46153846153846156,0.19230769230769232,0.15384615384615385,0.38095238095238093,UR,0.023809523809523808,0.11904761904761904,0.0,0.0,2,dl,dr,ul,0,0,0,0,0
3,6,size9_comp0.0_grid6_base_low,9,0.0,low,base,base,6,9,15,3,6,1,1,1,0,1,46,48,0.0,0.5416666666666666,0.5319148936170213,1.0,11,6,14,14,10,11,7,13,28,12,0,0,0.0,UR,0.9434210438421161,5,30,3,0,10,0.13157894736842105,0.7894736842105263,0.07894736842105263,0.0,0.20833333333333334,UR,0.020833333333333332,0.3125,0.0,0.0,15,dl,dr,ul,0,0,0,0,0
4,6,size9_comp0.0_grid6_base_low,9,0.0,low,base,base,6,9,15,3,6,1,1,1,0,0,-1,48,0.0,0.5208333333333334,0.5208333333333334,0.0,8,4,17,18,11,6,10,18,29,18,0,0,0.0,UR,1.3628980971151297,5,18,7,0,18,0.16666666666666666,0.6,0.23333333333333334,0.0,0.375,UR,0.0,0.16666666666666666,0.041666666666666664,0.0,6,dl,dr,ul,0,0,0,0,0
5,6,size9_comp0.0_grid6_base_low,9,0.0,low,base,base,6,9,15,3,6,1,1,1,1,1,27,37,0.40540540540540543,0.7027027027027027,0.6071428571428571,1.0,8,9,9,11,12,7,9,8,17,8,1,0,0.0,UL,1.6193821946787637,11,11,2,2,11,0.4230769230769231,0.4230769230769231,0.07692307692307693,0.07692307692307693,0.2972972972972973,UR,0.05405405405405406,0.08108108108108109,0.0,0.0,3,dl,dr,ul,0,1,0,0,0
6,6,size9_comp0.0_grid6_base_low,9,0.0,low,base,base,6,9,15,3,6,1,1,1,0,1,33,48,0.0,0.5625,0.5294117647058824,0.6428571428571429,6,3,16,19,14,8,6,11,26,10,1,0,0.0,UL,1.6706340179209038,12,11,3,2,20,0.42857142857142855,0.39285714285714285,0.10714285714285714,0.07142857142857142,0.4166666666666667,UR,0.020833333333333332,0.10416666666666667,0.0,0.0,3,dl,dr,ul,0,1,0,0,0
7,6,size9_comp0.0_grid6_base_low,9,0.0,low,base,base,6,9,15,3,6,1,1,1,0,0,-1,48,0.0,0.5208333333333334,0.5208333333333334,0.0,11,6,14,13,14,6,7,13,30,13,0,0,0.0,UR,0.7732283485249176,2,22,2,0,22,0.07692307692307693,0.8461538461538461,0.07692307692307693,0.0,0.4583333333333333,UR,0.0,0.0625,0.0,0.0,3,dl,dr,ul,0,0,0,0,0
8,6,size9_comp0.0_grid6_base_low,9,0.0,low,base,base,6,9,15,3,6,1,1,1,0,0,-1,48,0.0,0.5,0.5,0.0,11,6,13,14,8,6,15,10,30,10,0,0,0.0,UL,1.3830637132486205,13,12,3,0,20,0.4642857142857143,0.42857142857142855,0.10714285714285714,0.0,0.4166666666666667,UL,0.020833333333333332,0.0,0.0,0.0,1,dl,dr,ul,0,1,0,0,0
9,6,size9_comp0.0_grid6_base_low,9,0.0,low,base,base,6,9,15,3,6,1,1,1,0,1,31,48,0.0,0.5625,0.5625,0.5625,7,5,14,20,14,11,8,10,23,10,1,2,0.041666666666666664,UL,1.5470056993294026,15,12,2,2,17,0.4838709677419355,0.3870967741935484,0.06451612903225806,0.06451612903225806,0.3541666666666667,UL,0.10416666666666667,0.041666666666666664,0.0,0.0,2,dl,dr,ul,0,1,0,0,0
0,7,size9_comp0.0_grid7_base_low,9,0.0,low,base,base,4,4,8,6,1,1,1,1,1,0,-1,6,0.0,0.5,0.5,0.0,3,0,0,3,4,0,1,0,0,0,0,0,0.0,UL,1.5,2,1,1,0,2,0.5,0.25,0.25,0.0,0.3333333333333333,,0.0,0.0,0.0,0.0,0,dl,ur,ul,0,1,0,0,0
1,7,size9_comp0.0_grid7_base_low,9,0.0,low,base,base,4,4,8,6,1,1,1,1,1,0,-1,14,0.0,0.42857142857142855,0.42857142857142855,0.0,3,0,3,6,3,0,1,5,8,5,0,0,0.0,UL,0.9864267287308425,7,1,1,0,5,0.7777777777777778,0.1111111111111111,0.1111111111111111,0.0,0.35714285714285715,,0.0,0.0,0.0,0.0,0,dl,ur,ul,0,1,0,0,0
2,7,size9_comp0.0_grid7_base_low,9,0.0,low,base,base,4,4,8,6,1,1,1,1,1,0,-1,8,0.0,0.5,0.5,0.0,3,0,1,4,4,1,2,0,0,0,0,0,0.0,UL,1.3709505944546687,3,1,1,0,3,0.6,0.2,0.2,0.0,0.375,UL,0.125,0.0,0.0,0.0,1,dl,ur,ul,0,1,0,0,0
3,7,size9_comp0.0_grid7_base_low,9,0.0,low,base,base,4,4,8,6,1,1,1,1,1,0,-1,8,0.0,0.5,0.5,0.0,3,0,1,4,3,0,3,1,1,1,0,0,0.0,UL,1.3709505944546687,3,1,1,0,3,0.6,0.2,0.2,0.0,0.375,,0.0,0.0,0.0,0.0,0,dl,ur,ul,0,1,0,0,0
4,7,size9_comp0.0_grid7_base_low,9,0.0,low,base,base,4,4,8,6,1,1,1,1,1,0,-1,10,0.0,0.5,0.5,0.0,4,1,1,4,4,0,1,4,4,4,0,0,0.0,UL,1.2516291673878228,4,1,1,0,4,0.6666666666666666,0.16666666666666666,0.16666666666666666,0.0,0.4,,0.0,0.0,0.0,0.0,0,dl,ur,ul,0,1,0,0,0
5,7,size9_comp0.0_grid7_base_low,9,0.0,low,base,base,4,4,8,6,1,1,1,1,1,0,-1,14,0.0,0.42857142857142855,0.42857142857142855,0.0,3,0,3,6,5,0,1,3,6,3,0,0,0.0,UL,1.4488156357251847,3,3,1,0,7,0.42857142857142855,0.42857142857142855,0.14285714285714285,0.0,0.5,,0.0,0.0,0.0,0.0,0,dl,ur,ul,0,1,0,0,0
6,7,size9_comp0.0_grid7_base_low,9,0.0,low,base,base,4,4,8,6,1,1,1,1,1,0,-1,6,0.0,0.5,0.5,0.0,3,0,0,3,4,0,1,0,0,0,0,0,0.0,UL,1.5,2,1,1,0,2,0.5,0.25,0.25,0.0,0.3333333333333333,,0.0,0.0,0.0,0.0,0,dl,ur,ul,0,1,0,0,0
7,7,size9_comp0.0_grid7_base_low,9,0.0,low,base,base,4,4,8,6,1,1,1,1,1,0,-1,10,0.0,0.5,0.5,0.0,3,0,2,5,3,2,1,3,3,3,0,0,0.0,UL,1.1488348542809166,5,1,1,0,3,0.7142857142857143,0.14285714285714285,0.14285714285714285,0.0,0.3,,0.0,0.0,0.0,0.0,0,dl,ur,ul,0,1,0,0,0
8,7,size9_comp0.0_grid7_base_low,9,0.0,low,base,base,4,4,8,6,1,1,1,1,1,0,-1,13,0.0,0.46153846153846156,0.46153846153846156,0.0,5,2,1,4,4,1,2,3,6,3,0,0,0.0,UL,0.9864267287308425,7,1,1,0,4,0.7777777777777778,0.1111111111111111,0.1111111111111111,0.0,0.3076923076923077,,0.0,0.0,0.0,0.0,0,dl,ur,ul,0,1,0,0,0
9,7,size9_comp0.0_grid7_base_low,9,0.0,low,base,base,4,4,8,6,1,1,1,1,1,0,-1,11,0.0,0.45454545454545453,0.45454545454545453,0.0,3,0,2,5,3,0,1,4,5,4,0,0,0.0,UR,1.4591479170272448,2,3,1,0,5,0.3333333333333333,0.5,0.16666666666666666,0.0,0.45454545454545453,,0.0,0.0,0.0,0.0,0,dl,ur,ul,0,0,0,0,0
0,8,size9_comp0.0_grid8_base_low,9,0.0,low,base,base,6,6,12,4,4,1,1,1,1,0,-1,18,0.0,0.5,0.5,0.0,0,2,7,9,4,1,3,9,11,9,0,0,0.0,UL,-0.0,17,0,0,0,1,1.0,0.0,0.0,0.0,0.05555555555555555,UL,0.2777777777777778,0.0,0.0,0.0,3,ul,midline,ur,1,0,0,0,0
1,8,size9_comp0.0_grid8_base_low,9,0.0,low,base,base,6,6,12,4,4,1,1,1,1,0,-1,20,0.0,0.5,0.5,0.0,0,2,8,10,7,0,4,8,12,8,0,0,0.0,UL,-0.0,16,0,0,0,4,1.0,0.0,0.0,0.0,0.2,UL,0.5,0.0,0.0,0.0,4,ul,midline,ur,1,0,0,0,0
2,8,size9_comp0.0_grid8_base_low,9,0.0,low,base,base,6,6,12,4,4,1,1,1,1,0,-1,11,0.0,0.45454545454545453,0.45454545454545453,0.0,0,2,3,5,4,1,1,2,4,2,0,0,0.0,UL,0.6500224216483541,5,1,0,0,5,0.8333333333333334,0.16666666666666666,0.0,0.0,0.45454545454545453,UL,0.18181818181818182,0.0,0.0,0.0,2,ul,midline,ur,1,0,0,0,0
3,8,size9_comp0.0_grid8_base_low,9,0.0,low,base,base,6,6,12,4,4,1,1,1,1,0,-1,24,0.0,0.5,0.5,0.0,1,3,9,11,8,5,3,7,13,7,0,0,0.0,UL,-0.0,18,0,0,0,6,1.0,0.0,0.0,0.0,0.25,UL,0.375,0.0,0.0,0.0,3,ul,midline,ur,1,0,0,0,0
4,8,size9_comp0.0_grid8_base_low,9,0.0,low,base,base,6,6,12,4,4,1,1,1,1,0,-1,40,0.0,0.5,0.5,0.0,3,5,15,17,10,2,9,18,30,18,0,0,0.0,UL,0.19143325481419343,33,1,0,0,6,0.9705882352941176,0.029411764705882353,0.0,0.0,0.15,UL,0.325,0.0,0.0,0.0,4,ul,midline,ur,1,0,0,0,0
5,8,size9_comp0.0_grid8_base_low,9,0.0,low,base,base,6,6,12,4,4,1,1,1,1,0,-1,44,0.0,0.5,0.5,0.0,2,4,18,20,7,4,4,28,36,28,0,0,0.0,UL,-0.0,41,0,0,0,3,1.0,0.0,0.0,0.0,0.06818181818181818,UL,0.5909090909090909,0.0,0.0,0.0,9,ul,midline,ur,1,0,0,0,0
6,8,size9_comp0.0_grid8_base_low,9,0.0,low,base,base,6,6,12,4,4,1,1,1,1,0,-1,10,0.0,0.5,0.5,0.0,0,2,3,5,1,0,4,4,4,4,0,0,0.0,UL,-0.0,7,0,0,0,3,1.0,0.0,0.0,0.0,0.3,UL,0.2,0.0,0.0,0.0,2,ul,midline,ur,1,0,0,0,0
7,8,size9_comp0.0_grid8_base_low,9,0.0,low,base,base,6,6,12,4,4,1,1,1,1,1,11,38,0.3157894736842105,0.631578947368421,0.75,0.5769230769230769,5,5,13,15,14,7,4,12,27,12,4,2,0.05263157894736842,UL,0.783776947484701,23,7,0,0,8,0.7666666666666667,0.23333333333333334,0.0,0.0,0.21052631578947367,UL,0.21052631578947367,0.10526315789473684,0.0,0.0,4,ul,midline,ur,1,0,0,0,0
8,8,size9_comp0.0_grid8_base_low,9,0.0,low,base,base,6,6,12,4,4,1,1,1,1,0,-1,14,0.0,0.5,0.5,0.0,0,2,5,7,5,2,2,4,7,4,0,0,0.0,UL,-0.0,12,0,0,0,2,1.0,0.0,0.0,0.0,0.14285714285714285,UL,0.14285714285714285,0.0,0.0,0.0,2,ul,midline,ur,1,0,0,0,0
9,8,size9_comp0.0_grid8_base_low,9,0.0,low,base,base,6,6,12,4,4,1,1,1,1,0,-1,38,0.0,0.5,0.5,0.0,2,4,15,17,11,4,4,18,27,18,0,0,0.0,UL,0.5665095065529053,26,4,0,0,8,0.8666666666666667,0.13333333333333333,0.0,0.0,0.21052631578947367,UL,0.23684210526315788,0.02631578947368421,0.0,0.0,2,ul,midline,ur,1,0,0,0,0
0,9,size9_comp0.0_grid9_base_low,9,0.0,low,base,base,4,3,7,7,0,1,1,1,0,0,-1,48,0.0,0.5,0.5,0.0,5,4,20,19,8,8,5,26,38,25,0,2,0.041666666666666664,UL,0.26676498780302604,42,0,2,0,4,0.9545454545454546,0.0,0.045454545454545456,0.0,0.08333333333333333,UL,0.6458333333333334,0.0,0.0,0.0,16,dl,midline,midline,0,0,0,0,0
1,9,size9_comp0.0_grid9_base_low,9,0.0,low,base,base,4,3,7,7,0,1,1,1,0,0,-1,48,0.0,0.4791666666666667,0.4791666666666667,0.0,11,8,15,14,14,6,5,22,34,21,0,1,0.020833333333333332,UL,0.9494520153879484,24,0,14,0,10,0.631578947368421,0.0,0.3684210526315789,0.0,0.20833333333333334,UL,0.3125,0.0,0.0625,0.0,9,dl,midline,midline,0,0,0,0,0
2,9,size9_comp0.0_grid9_base_low,9,0.0,low,base,base,4,3,7,7,0,1,1,1,0,0,-1,48,0.0,0.4583333333333333,0.4583333333333333,0.0,11,10,16,11,3,14,8,22,42,21,0,5,0.10416666666666667,UL,0.9182958340544896,14,0,7,0,27,0.6666666666666666,0.0,0.3333333333333333,0.0,0.5625,,0.0,0.0,0.0,0.0,0,dl,midline,midline,0,0,0,0,0
3,9,size9_comp0.0_grid9_base_low,9,0.0,low,base,base,4,3,7,7,0,1,1,1,0,0,-1,48,0.0,0.4791666666666667,0.4791666666666667,0.0,10,9,16,13,10,6,13,18,36,17,0,3,0.0625,UL,1.0,10,0,10,0,28,0.5,0.0,0.5,0.0,0.5833333333333334,UL,0.041666666666666664,0.0,0.020833333333333332,0.0,2,dl,midline,midline,0,0,0,0,0
4,9,size9_comp0.0_grid9_base_low,9,0.0,low,base,base,4,3,7,7,0,1,1,1,0,0,-1,48,0.0,0.5,0.5,0.0,8,7,17,16,7,5,11,24,38,23,0,1,0.020833333333333332,UL,0.5617526078313282,33,0,5,0,10,0.868421052631579,0.0,0.13157894736842105,0.0,0.20833333333333334,UL,0.4166666666666667,0.0,0.0,0.0,12,dl,midline,midline,0,0,0,0,0
5,9,size9_comp0.0_grid9_base_low,9,0.0,low,base,base,4,3,7,7,0,1,1,1,1,0,-1,44,0.0,0.5,0.5,0.0,8,4,15,17,6,4,10,23,32,23,0,1,0.022727272727272728,UL,0.8680403986166403,27,0,11,0,6,0.7105263157894737,0.0,0.2894736842105263,0.0,0.13636363636363635,UL,0.45454545454545453,0.0,0.045454545454545456,0.0,10,dl,midline,midline,0,0,0,0,0
6,9,size9_comp0.0_grid9_base_low,9,0.0,low,base,base,4,3,7,7,0,1,1,1,0,1,28,48,0.0,0.5,0.5517241379310345,0.42105263157894735,7,5,19,17,12,1,13,21,32,18,0,2,0.041666666666666664,UL,0.5813214987637028,31,0,5,0,12,0.8611111111111112,0.0,0.1388888888888889,0.0,0.25,UL,0.3333333333333333,0.0,0.041666666666666664,0.0,7,dl,midline,midline,0,0,0,0,0
7,9,size9_comp0.0_grid9_base_low,9,0.0,low,base,base,4,3,7,7,0,1,1,1,0,0,-1,48,0.0,0.5,0.5,0.0,7,6,18,17,3,10,9,25,36,24,0,2,0.041666666666666664,DL,0.9992492479956565,15,0,16,0,17,0.4838709677419355,0.0,0.5161290322580645,0.0,0.3541666666666667,UL,0.08333333333333333,0.0,0.041666666666666664,0.0,4,dl,midline,midline,1,0,0,0,0
8,9,size9_comp0.0_grid9_base_low,9,0.0,low,base,base,4,3,7,7,0,1,1,1,0,0,-1,48,0.0,0.4791666666666667,0.4791666666666667,0.0,7,4,19,18,13,5,9,20,35,18,0,2,0.041666666666666664,UL,0.5349436990971066,36,0,5,0,7,0.8780487804878049,0.0,0.12195121951219512,0.0,0.14583333333333334,UL,0.4791666666666667,0.0,0.020833333333333332,0.0,6,dl,midline,midline,0,0,0,0,0
9,9,size9_comp0.0_grid9_base_low,9,0.0,low,base,base,4,3,7,7,0,1,1,1,0,0,-1,48,0.0,0.5,0.5,0.0,8,7,17,16,11,13,8,15,34,12,0,2,0.041666666666666664,UL,0.8453509366224364,24,0,9,0,15,0.7272727272727273,0.0,0.2727272727272727,0.0,0.3125,UL,0.2708333333333333,0.0,0.020833333333333332,0.0,6,dl,midline,midline,0,0,0,0,0
0,0,size9_comp0.2_grid0_base_low,9,0.2,low,base,base,4,5,9,9,0,1,1,1,1,1,12,18,0.5,0.7222222222222222,0.6153846153846154,1.0,4,0,4,10,7,3,5,2,2,1,0,1,0.05555555555555555,UL,1.1488348542809166,10,2,2,0,4,0.7142857142857143,0.14285714285714285,0.14285714285714285,0.0,0.2222222222222222,UL,0.2222222222222222,0.05555555555555555,0.0,0.0,4,dl,ur,ul,0,1,0,0,0
1,0,size9_comp0.2_grid0_base_low,9,0.2,low,base,base,4,5,9,9,0,1,1,1,0,0,-1,48,0.0,0.4791666666666667,0.4791666666666667,0.0,4,1,19,24,14,4,2,27,37,24,0,4,0.08333333333333333,UL,0.9389320105807948,29,0,16,0,3,0.6444444444444445,0.0,0.35555555555555557,0.0,0.0625,UL,0.3125,0.0,0.0,0.0,3,dl,ur,ul,0,1,0,0,0
2,0,size9_comp0.2_grid0_base_low,9,0.2,low,base,base,4,5,9,9,0,1,1,1,1,1,30,38,0.23684210526315788,0.6052631578947368,0.5483870967741935,0.8571428571428571,4,0,14,20,13,4,4,16,20,15,1,1,0.02631578947368421,UL,1.2550327083958783,18,3,7,0,10,0.6428571428571429,0.10714285714285714,0.25,0.0,0.2631578947368421,UL,0.15789473684210525,0.02631578947368421,0.0,0.0,5,dl,ur,ul,0,1,0,0,0
3,0,size9_comp0.2_grid0_base_low,9,0.2,low,base,base,4,5,9,9,0,1,1,1,0,0,-1,48,0.0,0.4583333333333333,0.4583333333333333,0.0,3,0,20,25,16,4,2,25,36,24,0,4,0.08333333333333333,DL,1.374252785132226,10,3,14,0,21,0.37037037037037035,0.1111111111111111,0.5185185185185185,0.0,0.4375,,0.0,0.0,0.0,0.0,0,dl,ur,ul,1,0,0,0,0
4,0,size9_comp0.2_grid0_base_low,9,0.2,low,base,base,4,5,9,9,0,1,1,1,0,0,-1,48,0.0,0.4375,0.4375,0.0,3,0,22,23,18,3,1,25,35,24,0,4,0.08333333333333333,UR,1.3634719607258323,13,23,5,0,7,0.3170731707317073,0.5609756097560976,0.12195121951219512,0.0,0.14583333333333334,UR,0.0,0.14583333333333334,0.0,0.0,3,dl,ur,ul,0,0,0,0,0
5,0,size9_comp0.2_grid0_base_low,9,0.2,low,base,base,4,5,9,9,0,1,1,1,0,0,-1,48,0.0,0.3958333333333333,0.3958333333333333,0.0,4,0,17,27,17,4,4,22,37,19,0,12,0.25,UL,0.863120568566631,30,0,12,0,6,0.7142857142857143,0.0,0.2857142857142857,0.0,0.125,UL,0.10416666666666667,0.0,0.0,0.0,1,dl,ur,ul,0,1,0,0,0
6,0,size9_comp0.2_grid0_base_low,9,0.2,low,base,base,4,5,9,9,0,1,1,1,0,0,-1,48,0.0,0.4375,0.4375,0.0,3,0,18,26,15,2,2,26,40,23,0,7,0.14583333333333334,UL,0.15109697051711368,45,0,1,0,2,0.9782608695652174,0.0,0.021739130434782608,0.0,0.041666666666666664,UL,0.4583333333333333,0.0,0.0,0.0,3,dl,ur,ul,0,1,0,0,0
7,0,size9_comp0.2_grid0_base_low,9,0.2,low,base,base,4,5,9,9,0,1,1,1,0,0,-1,48,0.0,0.375,0.375,0.0,3,0,26,19,21,3,3,20,35,17,0,11,0.22916666666666666,UR,1.2582658857615794,16,25,3,0,4,0.36363636363636365,0.5681818181818182,0.06818181818181818,0.0,0.08333333333333333,UR,0.0,0.1875,0.0,0.0,5,dl,ur,ul,0,0,0,0,0
8,0,size9_comp0.2_grid0_base_low,9,0.2,low,base,base,4,5,9,9,0,1,1,1,0,0,-1,48,0.0,0.4791666666666667,0.4791666666666667,0.0,3,2,21,22,15,4,4,24,37,22,0,3,0.0625,UL,0.7401470427139037,34,0,9,0,5,0.7906976744186046,0.0,0.20930232558139536,0.0,0.10416666666666667,UL,0.22916666666666666,0.0,0.0,0.0,5,dl,ur,ul,0,1,0,0,0
9,0,size9_comp0.2_grid0_base_low,9,0.2,low,base,base,4,5,9,9,0,1,1,1,1,1,29,35,0.2571428571428571,0.5142857142857142,0.43333333333333335,1.0,4,0,13,18,17,4,4,9,19,9,1,8,0.22857142857142856,UR,1.4806183023614379,5,13,8,0,9,0.19230769230769232,0.5,0.3076923076923077,0.0,0.2571428571428571,UR,0.02857142857142857,0.05714285714285714,0.0,0.0,1,dl,ur,ul,0,0,0,0,0
0,1,size9_comp0.2_grid1_base_low,9,0.2,low,base,base,11,5,16,6,5,1,1,1,1,0,-1,34,0.0,0.47058823529411764,0.47058823529411764,0.0,7,5,5,17,11,5,7,10,23,10,0,8,0.23529411764705882,DL,1.2364405016961446,3,5,16,0,10,0.125,0.20833333333333334,0.6666666666666666,0.0,0.29411764705882354,DL,0.0,0.0,0.2647058823529412,0.0,3,dl,midline,ur,1,0,0,0,0
1,1,size9_comp0.2_grid1_base_low,9,0.2,low,base,base,11,5,16,6,5,1,1,1,0,0,-1,48,0.0,0.4791666666666667,0.4791666666666667,0.0,10,7,13,18,6,9,19,13,39,11,0,7,0.14583333333333334,DL,0.2623112196143366,2,0,43,0,3,0.044444444444444446,0.0,0.9555555555555556,0.0,0.0625,DL,0.0,0.0,0.625,0.0,12,dl,midline,ur,1,0,0,0,0
2,1,size9_comp0.2_grid1_base_low,9,0.2,low,base,base,11,5,16,6,5,1,1,1,0,0,-1,48,0.0,0.20833333333333334,0.20833333333333334,0.0,4,1,7,36,32,2,6,7,39,5,0,32,0.6666666666666666,DL,0.9975025463691152,8,0,9,0,31,0.47058823529411764,0.0,0.5294117647058824,0.0,0.6458333333333334,DL,0.041666666666666664,0.0,0.16666666666666666,0.0,8,dl,midline,ur,1,0,0,0,0
3,1,size9_comp0.2_grid1_base_low,9,0.2,low,base,base,11,5,16,6,5,1,1,1,1,0,-1,46,0.0,0.30434782608695654,0.30434782608695654,0.0,6,5,8,27,26,3,7,9,34,5,0,24,0.5217391304347826,DL,0.9123163027543336,4,1,18,0,23,0.17391304347826086,0.043478260869565216,0.782608695652174,0.0,0.5,DL,0.0,0.0,0.30434782608695654,0.0,8,dl,midline,ur,1,0,0,0,0
4,1,size9_comp0.2_grid1_base_low,9,0.2,low,base,base,11,5,16,6,5,1,1,1,0,0,-1,48,0.0,0.4583333333333333,0.4583333333333333,0.0,6,4,13,25,17,8,8,14,33,14,0,11,0.22916666666666666,UL,1.1096153217888276,20,1,11,0,16,0.625,0.03125,0.34375,0.0,0.3333333333333333,DL,0.10416666666666667,0.0,0.20833333333333334,0.0,10,dl,midline,ur,0,0,0,0,0
5,1,size9_comp0.2_grid1_base_low,9,0.2,low,base,base,11,5,16,6,5,1,1,1,0,0,-1,48,0.0,0.5,0.5,0.0,10,7,14,17,9,10,12,16,37,15,0,4,0.08333333333333333,DL,0.8454801825506668,8,1,34,0,5,0.18604651162790697,0.023255813953488372,0.7906976744186046,0.0,0.10416666666666667,DL,0.0,0.0,0.375,0.0,4,dl,midline,ur,1,0,0,0,0
6,1,size9_comp0.2_grid1_base_low,9,0.2,low,base,base,11,5,16,6,5,1,1,1,0,0,-1,48,0.0,0.4166666666666667,0.4166666666666667,0.0,6,3,14,25,19,2,7,19,38,18,0,12,0.25,DL,1.1766796675107105,14,1,15,0,18,0.4666666666666667,0.03333333333333333,0.5,0.0,0.375,DL,0.0,0.0,0.20833333333333334,0.0,5,dl,midline,ur,1,0,0,0,0
7,1,size9_comp0.2_grid1_base_low,9,0.2,low,base,base,11,5,16,6,5,1,1,1,0,0,-1,48,0.0,0.5208333333333334,0.5208333333333334,0.0,5,2,16,25,15,5,7,20,32,19,0,5,0.10416666666666667,UL,1.3829839249845157,21,5,12,0,10,0.5526315789473685,0.13157894736842105,0.3157894736842105,0.0,0.20833333333333334,UL,0.14583333333333334,0.0,0.14583333333333334,0.0,7,dl,midline,ur,0,0,0,0,0
8,1,size9_comp0.2_grid1_base_low,9,0.2,low,base,base,11,5,16,6,5,1,1,1,0,0,-1,48,0.0,0.4791666666666667,0.4791666666666667,0.0,5,2,22,18,16,3,7,19,32,16,0,7,0.14583333333333334,UL,1.461720593819944,15,5,11,0,17,0.4838709677419355,0.16129032258064516,0.3548387096774194,0.0,0.3541666666666667,UL,0.041666666666666664,0.0,0.041666666666666664,0.0,2,dl,midline,ur,0,0,0,0,0
9,1,size9_comp0.2_grid1_base_low,9,0.2,low,base,base,11,5,16,6,5,1,1,1,0,0,-1,48,0.0,0.3125,0.3125,0.0,6,4,10,28,20,3,9,15,41,13,0,22,0.4583333333333333,DL,0.74959525725948,6,0,22,0,20,0.21428571428571427,0.0,0.7857142857142857,0.0,0.4166666666666667,DL,0.0,0.0,0.375,0.0,7,dl,midline,ur,1,0,0,0,0
0,2,size9_comp0.2_grid2_base_low,9,0.2,low,base,base,6,7,13,5,4,1,1,1,1,0,-1,5,0.0,0.4,0.4,0.0,2,0,3,0,1,2,1,0,0,0,0,0,0.0,DR,-0.0,0,0,0,3,2,0.0,0.0,0.0,1.0,0.4,DR,0.0,0.0,0.0,0.2,1,dr,midline,ur,1,0,0,0,0
1,2,size9_comp0.2_grid2_base_low,9,0.2,low,base,base,6,7,13,5,4,1,1,1,1,0,-1,10,0.0,0.4,0.4,0.0,2,0,5,3,4,2,2,1,2,0,0,1,0.1,DR,-0.0,0,0,0,4,6,0.0,0.0,0.0,1.0,0.6,DR,0.0,0.0,0.0,0.2,2,dr,midline,ur,1,0,0,0,0
2,2,size9_comp0.2_grid2_base_low,9,0.2,low,base,base,6,7,13,5,4,1,1,1,1,0,-1,7,0.0,0.42857142857142855,0.42857142857142855,0.0,2,0,4,1,3,2,1,0,0,0,0,0,0.0,DR,-0.0,0,0,0,3,4,0.0,0.0,0.0,1.0,0.5714285714285714,DR,0.0,0.0,0.0,0.14285714285714285,1,dr,midline,ur,1,0,0,0,0
3,2,size9_comp0.2_grid2_base_low,9,0.2,low,base,base,6,7,13,5,4,1,1,1,1,0,-1,5,0.0,0.4,0.4,0.0,2,0,3,0,1,2,1,0,0,0,0,0,0.0,DR,-0.0,0,0,0,3,2,0.0,0.0,0.0,1.0,0.4,DR,0.0,0.0,0.0,0.2,1,dr,midline,ur,1,0,0,0,0
4,2,size9_comp0.2_grid2_base_low,9,0.2,low,base,base,6,7,13,5,4,1,1,1,1,0,-1,9,0.0,0.4444444444444444,0.4444444444444444,0.0,3,1,4,1,2,1,3,2,2,2,0,0,0.0,DL,0.863120568566631,0,0,5,2,2,0.0,0.0,0.7142857142857143,0.2857142857142857,0.2222222222222222,DR,0.0,0.0,0.0,0.1111111111111111,1,dr,midline,ur,0,0,0,0,0
5,2,size9_comp0.2_grid2_base_low,9,0.2,low,base,base,6,7,13,5,4,1,1,1,1,0,-1,11,0.0,0.45454545454545453,0.45454545454545453,0.0,4,2,4,1,4,1,2,3,5,3,0,0,0.0,DR,-0.0,0,0,0,7,4,0.0,0.0,0.0,1.0,0.36363636363636365,DR,0.0,0.0,0.0,0.18181818181818182,1,dr,midline,ur,1,0,0,0,0
6,2,size9_comp0.2_grid2_base_low,9,0.2,low,base,base,6,7,13,5,4,1,1,1,1,0,-1,7,0.0,0.42857142857142855,0.42857142857142855,0.0,2,0,4,1,3,0,2,1,1,1,0,0,0.0,DR,-0.0,0,0,0,3,4,0.0,0.0,0.0,1.0,0.5714285714285714,DR,0.0,0.0,0.0,0.14285714285714285,1,dr,midline,ur,1,0,0,0,0
7,2,size9_comp0.2_grid2_base_low,9,0.2,low,base,base,6,7,13,5,4,1,1,1,1,0,-1,25,0.0,0.48,0.48,0.0,5,3,10,7,5,7,6,6,12,6,0,0,0.0,DL,0.8112781244591328,0,0,15,5,5,0.0,0.0,0.75,0.25,0.2,DL,0.0,0.0,0.24,0.04,3,dr,midline,ur,0,0,0,0,0
8,2,size9_comp0.2_grid2_base_low,9,0.2,low,base,base,6,7,13,5,4,1,1,1,1,0,-1,9,0.0,0.4444444444444444,0.4444444444444444,0.0,4,2,3,0,3,3,2,0,0,0,0,0,0.0,DR,-0.0,0,0,0,5,4,0.0,0.0,0.0,1.0,0.4444444444444444,DR,0.0,0.0,0.0,0.1111111111111111,1,dr,midline,ur,1,0,0,0,0
9,2,size9_comp0.2_grid2_base_low,9,0.2,low,base,base,6,7,13,5,4,1,1,1,1,0,-1,5,0.0,0.4,0.4,0.0,2,0,3,0,3,1,0,0,0,0,0,0,0.0,DR,-0.0,0,0,0,2,3,0.0,0.0,0.0,1.0,0.6,DR,0.0,0.0,0.0,0.2,1,dr,midline,ur,1,0,0,0,0
0,3,size9_comp0.2_grid3_base_low,9,0.2,low,base,base,7,4,11,7,2,1,1,1,0,1,44,48,0.0,0.4375,0.4222222222222222,0.6666666666666666,7,4,24,13,12,7,8,20,33,13,1,14,0.2916666666666667,UR,1.747167197306934,5,8,4,1,30,0.2777777777777778,0.4444444444444444,0.2222222222222222,0.05555555555555555,0.625,,0.0,0.0,0.0,0.0,0,dr,dl,midline,0,0,0,0,0
1,3,size9_comp0.2_grid3_base_low,9,0.2,low,base,base,7,4,11,7,2,1,1,1,0,0,-1,48,0.0,0.020833333333333332,0.020833333333333332,0.0,1,0,38,9,29,1,1,16,46,0,0,47,0.9791666666666666,DR,-0.0,0,0,0,12,36,0.0,0.0,0.0,1.0,0.75,,0.0,0.0,0.0,0.0,0,dr,dl,midline,1,0,0,0,0
2,3,size9_comp0.2_grid3_base_low,9,0.2,low,base,base,7,4,11,7,2,1,1,1,0,0,-1,48,0.0,0.1875,0.1875,0.0,2,1,40,5,34,4,1,8,37,1,0,36,0.75,UL,1.4488156357251847,3,3,0,1,41,0.42857142857142855,0.42857142857142855,0.0,0.14285714285714285,0.8541666666666666,,0.0,0.0,0.0,0.0,0,dr,dl,midline,0,0,0,0,0
3,3,size9_comp0.2_grid3_base_low,9,0.2,low,base,base,7,4,11,7,2,1,1,1,0,0,-1,48,0.0,0.020833333333333332,0.020833333333333332,0.0,1,0,43,4,37,1,1,8,46,0,0,47,0.9791666666666666,DR,-0.0,0,0,0,5,43,0.0,0.0,0.0,1.0,0.8958333333333334,,0.0,0.0,0.0,0.0,0,dr,dl,midline,1,0,0,0,0
4,3,size9_comp0.2_grid3_base_low,9,0.2,low,base,base,7,4,11,7,2,1,1,1,0,0,-1,48,0.0,0.020833333333333332,0.020833333333333332,0.0,1,0,44,3,39,1,1,6,46,0,0,47,0.9791666666666666,DR,-0.0,0,0,0,11,37,0.0,0.0,0.0,1.0,0.7708333333333334,,0.0,0.0,0.0,0.0,0,dr,dl,midline,1,0,0,0,0
5,3,size9_comp0.2_grid3_base_low,9,0.2,low,base,base,7,4,11,7,2,1,1,1,0,0,-1,48,0.0,0.020833333333333332,0.020833333333333332,0.0,1,0,44,3,39,1,1,6,46,0,0,47,0.9791666666666666,DR,-0.0,0,0,0,4,44,0.0,0.0,0.0,1.0,0.9166666666666666,,0.0,0.0,0.0,0.0,0,dr,dl,midline,1,0,0,0,0
6,3,size9_comp0.2_grid3_base_low,9,0.2,low,base,base,7,4,11,7,2,1,1,1,0,0,-1,48,0.0,0.020833333333333332,0.020833333333333332,0.0,1,0,43,4,38,1,0,8,46,0,0,47,0.9791666666666666,DR,-0.0,0,0,0,1,47,0.0,0.0,0.0,1.0,0.9791666666666666,,0.0,0.0,0.0,0.0,0,dr,dl,midline,1,0,0,0,0
7,3,size9_comp0.2_grid3_base_low,9,0.2,low,base,base,7,4,11,7,2,1,1,1,0,0,-1,48,0.0,0.020833333333333332,0.020833333333333332,0.0,1,0,40,7,32,1,1,13,46,0,0,47,0.9791666666666666,DR,-0.0,0,0,0,4,44,0.0,0.0,0.0,1.0,0.9166666666666666,,0.0,0.0,0.0,0.0,0,dr,dl,midline,1,0,0,0,0
8,3,size9_comp0.2_grid3_base_low,9,0.2,low,base,base,7,4,11,7,2,1,1,1,0,0,-1,48,0.0,0.020833333333333332,0.020833333333333332,0.0,1,0,41,6,36,1,0,10,46,0,0,47,0.9791666666666666,DR,-0.0,0,0,0,1,47,0.0,0.0,0.0,1.0,0.9791666666666666,,0.0,0.0,0.0,0.0,0,dr,dl,midline,1,0,0,0,0
9,3,size9_comp0.2_grid3_base_low,9,0.2,low,base,base,7,4,11,7,2,1,1,1,0,0,-1,48,0.0,0.375,0.375,0.0,5,6,29,8,18,8,8,13,32,11,0,16,0.3333333333333333,DL,1.9268875817332631,4,9,10,7,18,0.13333333333333333,0.3,0.3333333333333333,0.23333333333333334,0.375,DL,0.0,0.0,0.041666666666666664,0.0,2,dr,dl,midline,0,0,0,0,0
0,4,size9_comp0.2_grid4_base_low,9,0.2,low,base,base,7,4,11,9,1,1,1,1,1,1,35,46,0.2391304347826087,0.5217391304347826,0.4722222222222222,0.7,1,5,13,27,20,6,4,15,31,13,0,9,0.1956521739130435,DR,1.4949188482339508,4,0,8,10,24,0.18181818181818182,0.0,0.36363636363636365,0.45454545454545453,0.5217391304347826,UL,0.021739130434782608,0.0,0.021739130434782608,0.0,1,ul,dr,midline,0,0,0,0,0
1,4,size9_comp0.2_grid4_base_low,9,0.2,low,base,base,7,4,11,9,1,1,1,1,0,0,-1,48,0.0,0.4583333333333333,0.4583333333333333,0.0,1,6,16,25,18,7,4,18,31,15,0,9,0.1875,UR,1.5645247207974509,4,14,2,3,25,0.17391304347826086,0.6086956521739131,0.08695652173913043,0.13043478260869565,0.5208333333333334,UR,0.041666666666666664,0.125,0.0,0.0,4,ul,dr,midline,0,0,0,0,0
2,4,size9_comp0.2_grid4_base_low,9,0.2,low,base,base,7,4,11,9,1,1,1,1,1,0,-1,47,0.0,0.2553191489361702,0.2553191489361702,0.0,0,4,6,37,32,0,4,10,36,8,0,26,0.5531914893617021,DR,0.9709505944546686,2,0,0,3,42,0.4,0.0,0.0,0.6,0.8936170212765957,UL,0.02127659574468085,0.0,0.0,0.0,1,ul,dr,midline,0,0,0,0,0
3,4,size9_comp0.2_grid4_base_low,9,0.2,low,base,base,7,4,11,9,1,1,1,1,0,0,-1,48,0.0,0.4791666666666667,0.4791666666666667,0.0,1,5,18,24,18,5,7,17,31,16,0,6,0.125,UR,1.7380616187463653,5,15,3,6,19,0.1724137931034483,0.5172413793103449,0.10344827586206896,0.20689655172413793,0.3958333333333333,UL,0.020833333333333332,0.0,0.0,0.0,1,ul,dr,midline,0,0,0,0,0
4,4,size9_comp0.2_grid4_base_low,9,0.2,low,base,base,7,4,11,9,1,1,1,1,1,0,-1,13,0.0,0.6153846153846154,0.6153846153846154,0.0,0,4,2,7,4,2,2,4,4,4,0,0,0.0,DR,0.9910760598382222,4,0,0,5,4,0.4444444444444444,0.0,0.0,0.5555555555555556,0.3076923076923077,UL,0.07692307692307693,0.0,0.0,0.0,1,ul,dr,midline,0,0,0,0,0
5,4,size9_comp0.2_grid4_base_low,9,0.2,low,base,base,7,4,11,9,1,1,1,1,0,0,-1,48,0.0,0.4375,0.4375,0.0,3,8,14,23,12,9,8,18,37,16,0,8,0.16666666666666666,UR,0.4394969869215134,4,40,0,0,4,0.09090909090909091,0.9090909090909091,0.0,0.0,0.08333333333333333,UR,0.041666666666666664,0.2708333333333333,0.0,0.0,8,ul,dr,midline,0,0,0,0,0
6,4,size9_comp0.2_grid4_base_low,9,0.2,low,base,base,7,4,11,9,1,1,1,1,0,0,-1,48,0.0,0.4375,0.4375,0.0,2,8,16,22,17,9,6,15,31,11,0,10,0.20833333333333334,UR,1.0529815751302694,6,22,0,2,18,0.2,0.7333333333333333,0.0,0.06666666666666667,0.375,UR,0.0625,0.10416666666666667,0.0,0.0,3,ul,dr,midline,0,0,0,0,0
7,4,size9_comp0.2_grid4_base_low,9,0.2,low,base,base,7,4,11,9,1,1,1,1,1,0,-1,22,0.0,0.45454545454545453,0.45454545454545453,0.0,0,5,4,13,8,4,3,6,11,6,0,5,0.22727272727272727,DR,0.9957274520849255,6,0,0,7,9,0.46153846153846156,0.0,0.0,0.5384615384615384,0.4090909090909091,UL,0.09090909090909091,0.0,0.0,0.0,2,ul,dr,midline,0,0,0,0,0
8,4,size9_comp0.2_grid4_base_low,9,0.2,low,base,base,7,4,11,9,1,1,1,1,0,0,-1,48,0.0,0.4166666666666667,0.4166666666666667,0.0,1,7,15,25,18,7,4,18,38,15,0,10,0.20833333333333334,UR,0.3424637724817959,3,44,0,0,1,0.06382978723404255,0.9361702127659575,0.0,0.0,0.020833333333333332,UR,0.020833333333333332,0.14583333333333334,0.0,0.0,6,ul,dr,midline,0,0,0,0,0
9,4,size9_comp0.2_grid4_base_low,9,0.2,low,base,base,7,4,11,9,1,1,1,1,0,0,-1,48,0.0,0.4375,0.4375,0.0,1,6,17,24,14,8,6,19,29,11,0,12,0.25,UR,0.6402064333604701,2,30,2,0,14,0.058823529411764705,0.8823529411764706,0.058823529411764705,0.0,0.2916666666666667,UR,0.020833333333333332,0.125,0.0,0.0,6,ul,dr,midline,0,0,0,0,0
0,5,size9_comp0.2_grid5_base_low,9,0.2,low,base,base,7,3,10,4,3,1,1,1,0,0,-1,48,0.0,0.4791666666666667,0.4791666666666667,0.0,7,7,16,18,8,11,10,18,36,18,0,6,0.125,DL,-0.0,0,0,27,0,21,0.0,0.0,1.0,0.0,0.4375,DL,0.0,0.0,0.3958333333333333,0.0,11,dl,dr,midline,1,0,0,0,0
1,5,size9_comp0.2_grid5_base_low,9,0.2,low,base,base,7,3,10,4,3,1,1,1,0,0,-1,48,0.0,0.4375,0.4375,0.0,8,3,20,17,9,12,3,23,38,17,0,9,0.1875,DL,-0.0,0,0,43,0,5,0.0,0.0,1.0,0.0,0.10416666666666667,DL,0.0,0.0,0.7291666666666666,0.0,18,dl,dr,midline,1,0,0,0,0
2,5,size9_comp0.2_grid5_base_low,9,0.2,low,base,base,7,3,10,4,3,1,1,1,1,0,-1,45,0.0,0.5333333333333333,0.5333333333333333,0.0,4,4,17,20,8,6,6,24,35,24,0,1,0.022222222222222223,DL,0.1623261801753929,0,0,41,1,3,0.0,0.0,0.9761904761904762,0.023809523809523808,0.06666666666666667,DL,0.0,0.0,0.5555555555555556,0.0,12,dl,dr,midline,1,0,0,0,0
3,5,size9_comp0.2_grid5_base_low,9,0.2,low,base,base,7,3,10,4,3,1,1,1,1,0,-1,45,0.0,0.4666666666666667,0.4666666666666667,0.0,3,4,18,20,13,6,3,22,35,20,0,7,0.15555555555555556,DL,0.16866093149667025,0,0,39,1,5,0.0,0.0,0.975,0.025,0.1111111111111111,DL,0.0,0.0,0.6,0.0,13,dl,dr,midline,1,0,0,0,0
4,5,size9_comp0.2_grid5_base_low,9,0.2,low,base,base,7,3,10,4,3,1,1,1,1,0,-1,16,0.0,0.625,0.625,0.0,0,0,6,10,6,0,0,9,11,9,0,0,0.0,DL,0.35335933502142136,0,0,14,1,1,0.0,0.0,0.9333333333333333,0.06666666666666667,0.0625,DL,0.0,0.0,0.75,0.0,9,dl,dr,midline,1,0,0,0,0
5,5,size9_comp0.2_grid5_base_low,9,0.2,low,base,base,7,3,10,4,3,1,1,1,0,1,42,48,0.0,0.4791666666666667,0.5348837209302325,0.0,6,3,18,21,17,6,8,16,34,15,1,7,0.14583333333333334,DL,0.4854607607459134,0,2,17,0,29,0.0,0.10526315789473684,0.8947368421052632,0.0,0.6041666666666666,DL,0.0,0.0,0.22916666666666666,0.0,7,dl,dr,midline,1,0,0,0,0
6,5,size9_comp0.2_grid5_base_low,9,0.2,low,base,base,7,3,10,4,3,1,1,1,1,0,-1,16,0.0,0.625,0.625,0.0,0,0,6,10,4,0,0,11,11,11,0,0,0.0,DL,0.35335933502142136,0,0,14,1,1,0.0,0.0,0.9333333333333333,0.06666666666666667,0.0625,DL,0.0,0.0,0.625,0.0,7,dl,dr,midline,1,0,0,0,0
7,5,size9_comp0.2_grid5_base_low,9,0.2,low,base,base,7,3,10,4,3,1,1,1,0,1,16,48,0.0,0.4583333333333333,0.7058823529411765,0.3225806451612903,5,0,16,27,18,2,6,21,33,17,5,9,0.1875,UR,1.2806721295208872,2,14,8,0,24,0.08333333333333333,0.5833333333333334,0.3333333333333333,0.0,0.5,DL,0.0,0.0,0.125,0.0,6,dl,dr,midline,0,0,0,0,0
8,5,size9_comp0.2_grid5_base_low,9,0.2,low,base,base,7,3,10,4,3,1,1,1,1,0,-1,42,0.0,0.5238095238095238,0.5238095238095238,0.0,2,1,18,21,18,3,3,17,35,16,0,2,0.047619047619047616,DL,0.5435644431995964,0,0,28,4,10,0.0,0.0,0.875,0.125,0.23809523809523808,DL,0.0,0.0,0.4523809523809524,0.0,10,dl,dr,midline,1,0,0,0,0
9,5,size9_comp0.2_grid5_base_low,9,0.2,low,base,base,7,3,10,4,3,1,1,1,0,1,28,48,0.0,0.4375,0.5862068965517241,0.21052631578947367,7,2,16,23,14,10,6,17,30,13,1,10,0.20833333333333334,DL,0.9709505944546686,0,14,21,0,13,0.0,0.4,0.6,0.0,0.2708333333333333,DL,0.0,0.041666666666666664,0.2916666666666667,0.0,8,dl,dr,midline,1,0,0,0,0
0,6,size9_comp0.2_grid6_base_low,9,0.2,low,base,base,5,7,12,4,4,1,1,1,1,0,-1,6,0.0,0.3333333333333333,0.3333333333333333,0.0,1,0,4,1,3,2,0,0,0,0,0,0,0.0,DR,0.7219280948873623,0,0,1,4,1,0.0,0.0,0.2,0.8,0.16666666666666666,DR,0.0,0.0,0.0,0.3333333333333333,2,dr,dl,ur,1,0,0,0,0
1,6,size9_comp0.2_grid6_base_low,9,0.2,low,base,base,5,7,12,4,4,1,1,1,1,0,-1,4,0.0,0.25,0.25,0.0,1,0,3,0,2,1,0,0,0,0,0,0,0.0,DR,0.9182958340544896,0,0,1,2,1,0.0,0.0,0.3333333333333333,0.6666666666666666,0.25,,0.0,0.0,0.0,0.0,0,dr,dl,ur,1,0,0,0,0
2,6,size9_comp0.2_grid6_base_low,9,0.2,low,base,base,5,7,12,4,4,1,1,1,1,0,-1,4,0.0,0.25,0.25,0.0,1,0,3,0,2,1,0,0,0,0,0,0,0.0,DR,0.9182958340544896,0,0,1,2,1,0.0,0.0,0.3333333333333333,0.6666666666666666,0.25,,0.0,0.0,0.0,0.0,0,dr,dl,ur,1,0,0,0,0
3,6,size9_comp0.2_grid6_base_low,9,0.2,low,base,base,5,7,12,4,4,1,1,1,1,0,-1,4,0.0,0.25,0.25,0.0,1,0,3,0,2,1,0,0,0,0,0,0,0.0,DR,0.9182958340544896,0,0,1,2,1,0.0,0.0,0.3333333333333333,0.6666666666666666,0.25,,0.0,0.0,0.0,0.0,0,dr,dl,ur,1,0,0,0,0
4,6,size9_comp0.2_grid6_base_low,9,0.2,low,base,base,5,7,12,4,4,1,1,1,1,0,-1,13,0.0,0.38461538461538464,0.38461538461538464,0.0,1,0,7,5,5,1,1,5,6,4,0,1,0.07692307692307693,DR,0.4689955935892812,0,0,1,9,3,0.0,0.0,0.1,0.9,0.23076923076923078,DR,0.0,0.0,0.0,0.38461538461538464,5,dr,dl,ur,1,0,0,0,0
5,6,size9_comp0.2_grid6_base_low,9,0.2,low,base,base,5,7,12,4,4,1,1,1,1,0,-1,4,0.0,0.25,0.25,0.0,1,0,3,0,1,1,1,0,0,0,0,0,0.0,DL,1.0,0,0,1,1,2,0.0,0.0,0.5,0.5,0.5,,0.0,0.0,0.0,0.0,0,dr,dl,ur,0,0,0,0,0
6,6,size9_comp0.2_grid6_base_low,9,0.2,low,base,base,5,7,12,4,4,1,1,1,1,0,-1,4,0.0,0.25,0.25,0.0,1,0,3,0,2,1,0,0,0,0,0,0,0.0,DR,0.9182958340544896,0,0,1,2,1,0.0,0.0,0.3333333333333333,0.6666666666666666,0.25,,0.0,0.0,0.0,0.0,0,dr,dl,ur,1,0,0,0,0
7,6,size9_comp0.2_grid6_base_low,9,0.2,low,base,base,5,7,12,4,4,1,1,1,1,0,-1,4,0.0,0.25,0.25,0.0,1,0,3,0,2,1,0,0,0,0,0,0,0.0,DR,0.9182958340544896,0,0,1,2,1,0.0,0.0,0.3333333333333333,0.6666666666666666,0.25,,0.0,0.0,0.0,0.0,0,dr,dl,ur,1,0,0,0,0
8,6,size9_comp0.2_grid6_base_low,9,0.2,low,base,base,5,7,12,4,4,1,1,1,1,0,-1,4,0.0,0.25,0.25,0.0,1,0,3,0,2,1,0,0,0,0,0,0,0.0,DR,0.9182958340544896,0,0,1,2,1,0.0,0.0,0.3333333333333333,0.6666666666666666,0.25,,0.0,0.0,0.0,0.0,0,dr,dl,ur,1,0,0,0,0
9,6,size9_comp0.2_grid6_base_low,9,0.2,low,base,base,5,7,12,4,4,1,1,1,1,0,-1,6,0.0,0.3333333333333333,0.3333333333333333,0.0,1,0,4,1,3,0,1,1,1,1,0,0,0.0,DR,0.7219280948873623,0,0,1,4,1,0.0,0.0,0.2,0.8,0.16666666666666666,DR,0.0,0.0,0.0,0.16666666666666666,1,dr,dl,ur,1,0,0,0,0
0,7,size9_comp0.2_grid7_base_low,9,0.2,low,base,base,10,3,13,11,3,1,1,1,1,0,-1,28,0.0,0.5357142857142857,0.5357142857142857,0.0,2,9,13,4,7,6,7,7,15,6,0,5,0.17857142857142858,UR,1.4836591643979626,6,8,3,0,11,0.35294117647058826,0.47058823529411764,0.17647058823529413,0.0,0.39285714285714285,UR,0.0,0.21428571428571427,0.0,0.0,6,ur,dl,dl,1,0,0,0,0
1,7,size9_comp0.2_grid7_base_low,9,0.2,low,base,base,10,3,13,11,3,1,1,1,0,0,-1,48,0.0,0.1875,0.1875,0.0,0,5,39,4,32,5,3,7,38,0,0,39,0.8125,DL,0.5834725675409083,1,4,40,0,3,0.022222222222222223,0.08888888888888889,0.8888888888888888,0.0,0.0625,UR,0.0,0.041666666666666664,0.0,0.0,2,ur,dl,dl,0,1,0,0,0
2,7,size9_comp0.2_grid7_base_low,9,0.2,low,base,base,10,3,13,11,3,1,1,1,1,0,-1,23,0.0,0.6086956521739131,0.6086956521739131,0.0,1,7,10,5,5,7,6,4,8,4,0,2,0.08695652173913043,UL,1.4315602842833155,7,5,2,0,9,0.5,0.35714285714285715,0.14285714285714285,0.0,0.391304347826087,UR,0.0,0.08695652173913043,0.0,0.0,2,ur,dl,dl,0,0,0,0,0
3,7,size9_comp0.2_grid7_base_low,9,0.2,low,base,base,10,3,13,11,3,1,1,1,1,0,-1,28,0.0,0.5714285714285714,0.5714285714285714,0.0,1,6,14,7,5,5,2,15,17,14,0,3,0.10714285714285714,UR,1.5485806065228545,3,5,5,0,15,0.23076923076923078,0.38461538461538464,0.38461538461538464,0.0,0.5357142857142857,UR,0.03571428571428571,0.10714285714285714,0.0,0.0,3,ur,dl,dl,1,0,0,0,0
4,7,size9_comp0.2_grid7_base_low,9,0.2,low,base,base,10,3,13,11,3,1,1,1,0,0,-1,48,0.0,0.25,0.25,0.0,1,7,33,7,28,6,4,9,35,2,0,33,0.6875,DL,0.7469500388278212,3,3,35,0,7,0.07317073170731707,0.07317073170731707,0.8536585365853658,0.0,0.14583333333333334,UR,0.020833333333333332,0.041666666666666664,0.0,0.0,2,ur,dl,dl,0,1,0,0,0
5,7,size9_comp0.2_grid7_base_low,9,0.2,low,base,base,10,3,13,11,3,1,1,1,1,0,-1,36,0.0,0.4722222222222222,0.4722222222222222,0.0,4,10,17,5,8,5,12,10,24,9,0,9,0.25,UL,1.5574319619297041,8,5,6,0,17,0.42105263157894735,0.2631578947368421,0.3157894736842105,0.0,0.4722222222222222,UL,0.05555555555555555,0.05555555555555555,0.0,0.0,2,ur,dl,dl,0,0,0,0,0
6,7,size9_comp0.2_grid7_base_low,9,0.2,low,base,base,10,3,13,11,3,1,1,1,1,0,-1,17,0.0,0.5882352941176471,0.5882352941176471,0.0,0,9,7,1,10,2,3,1,5,1,0,4,0.23529411764705882,UL,1.295461844238322,6,3,1,0,7,0.6,0.3,0.1,0.0,0.4117647058823529,UL,0.11764705882352941,0.11764705882352941,0.0,0.0,2,ur,dl,dl,0,0,0,0,0
7,7,size9_comp0.2_grid7_base_low,9,0.2,low,base,base,10,3,13,11,3,1,1,1,0,0,-1,48,0.0,0.3333333333333333,0.3333333333333333,0.0,2,7,34,5,23,5,9,10,36,9,0,25,0.5208333333333334,DL,0.8435670886982392,1,7,31,0,9,0.02564102564102564,0.1794871794871795,0.7948717948717948,0.0,0.1875,UR,0.0,0.08333333333333333,0.0,0.0,3,ur,dl,dl,0,1,0,0,0
8,7,size9_comp0.2_grid7_base_low,9,0.2,low,base,base,10,3,13,11,3,1,1,1,1,0,-1,31,0.0,0.5483870967741935,0.5483870967741935,0.0,3,9,14,5,6,11,8,5,15,3,0,4,0.12903225806451613,UL,1.2607717938967942,11,4,2,0,14,0.6470588235294118,0.23529411764705882,0.11764705882352941,0.0,0.45161290322580644,UL,0.12903225806451613,0.06451612903225806,0.0,0.0,4,ur,dl,dl,0,0,0,0,0
9,7,size9_comp0.2_grid7_base_low,9,0.2,low,base,base,10,3,13,11,3,1,1,1,1,0,-1,34,0.0,0.5294117647058824,0.5294117647058824,0.0,3,10,14,7,7,8,9,9,20,9,0,5,0.14705882352941177,UL,1.3787834934861753,12,3,6,0,13,0.5714285714285714,0.14285714285714285,0.2857142857142857,0.0,0.38235294117647056,UL,0.08823529411764706,0.058823529411764705,0.0,0.0,2,ur,dl,dl,0,0,0,0,0
0,8,size9_comp0.2_grid8_base_low,9,0.2,low,base,base,8,5,13,5,4,1,1,1,1,0,-1,5,0.0,0.8,0.8,0.0,0,0,0,5,4,0,0,0,0,0,0,0,0.0,UL,1.0,2,2,0,0,1,0.5,0.5,0.0,0.0,0.2,UL,0.2,0.2,0.0,0.0,1,ul,ur,dr,1,0,0,0,0
1,8,size9_comp0.2_grid8_base_low,9,0.2,low,base,base,8,5,13,5,4,1,1,1,1,0,-1,7,0.0,0.7142857142857143,0.7142857142857143,0.0,0,0,1,6,4,0,0,2,2,2,0,0,0.0,UR,0.9182958340544896,2,4,0,0,1,0.3333333333333333,0.6666666666666666,0.0,0.0,0.14285714285714285,UR,0.14285714285714285,0.2857142857142857,0.0,0.0,1,ul,ur,dr,0,0,0,0,0
2,8,size9_comp0.2_grid8_base_low,9,0.2,low,base,base,8,5,13,5,4,1,1,1,1,0,-1,9,0.0,0.6666666666666666,0.6666666666666666,0.0,0,0,2,7,4,0,0,4,4,4,0,0,0.0,UL,0.9182958340544896,4,2,0,0,3,0.6666666666666666,0.3333333333333333,0.0,0.0,0.3333333333333333,UL,0.1111111111111111,0.1111111111111111,0.0,0.0,1,ul,ur,dr,1,0,0,0,0
3,8,size9_comp0.2_grid8_base_low,9,0.2,low,base,base,8,5,13,5,4,1,1,1,1,0,-1,5,0.0,0.8,0.8,0.0,0,0,0,5,4,0,0,0,0,0,0,0,0.0,UL,1.0,2,2,0,0,1,0.5,0.5,0.0,0.0,0.2,UL,0.2,0.2,0.0,0.0,1,ul,ur,dr,1,0,0,0,0
4,8,size9_comp0.2_grid8_base_low,9,0.2,low,base,base,8,5,13,5,4,1,1,1,1,0,-1,5,0.0,0.8,0.8,0.0,0,0,0,5,4,0,0,0,0,0,0,0,0.0,UL,1.0,2,2,0,0,1,0.5,0.5,0.0,0.0,0.2,UL,0.2,0.2,0.0,0.0,1,ul,ur,dr,1,0,0,0,0
5,8,size9_comp0.2_grid8_base_low,9,0.2,low,base,base,8,5,13,5,4,1,1,1,1,0,-1,5,0.0,0.8,0.8,0.0,0,0,0,5,4,0,0,0,0,0,0,0,0.0,UL,1.0,2,2,0,0,1,0.5,0.5,0.0,0.0,0.2,UL,0.2,0.2,0.0,0.0,1,ul,ur,dr,1,0,0,0,0
6,8,size9_comp0.2_grid8_base_low,9,0.2,low,base,base,8,5,13,5,4,1,1,1,1,0,-1,5,0.0,0.8,0.8,0.0,0,0,0,5,4,0,0,0,0,0,0,0,0.0,UL,1.0,2,2,0,0,1,0.5,0.5,0.0,0.0,0.2,UL,0.2,0.2,0.0,0.0,1,ul,ur,dr,1,0,0,0,0
7,8,size9_comp0.2_grid8_base_low,9,0.2,low,base,base,8,5,13,5,4,1,1,1,1,0,-1,5,0.0,0.8,0.8,0.0,0,0,0,5,4,0,0,0,0,0,0,0,0.0,UL,1.0,2,2,0,0,1,0.5,0.5,0.0,0.0,0.2,UL,0.2,0.2,0.0,0.0,1,ul,ur,dr,1,0,0,0,0
8,8,size9_comp0.2_grid8_base_low,9,0.2,low,base,base,8,5,13,5,4,1,1,1,1,0,-1,5,0.0,0.8,0.8,0.0,0,0,0,5,4,0,0,0,0,0,0,0,0.0,UL,1.0,2,2,0,0,1,0.5,0.5,0.0,0.0,0.2,UL,0.2,0.2,0.0,0.0,1,ul,ur,dr,1,0,0,0,0
9,8,size9_comp0.2_grid8_base_low,9,0.2,low,base,base,8,5,13,5,4,1,1,1,1,0,-1,7,0.0,0.7142857142857143,0.7142857142857143,0.0,0,0,1,6,4,0,0,2,2,2,0,0,0.0,UR,0.9709505944546686,2,3,0,0,2,0.4,0.6,0.0,0.0,0.2857142857142857,UL,0.14285714285714285,0.14285714285714285,0.0,0.0,1,ul,ur,dr,0,0,0,0,0
0,9,size9_comp0.2_grid9_base_low,9,0.2,low,base,base,10,4,14,6,4,1,1,1,1,0,-1,16,0.0,0.5625,0.5625,0.0,1,5,7,3,6,3,3,3,7,3,0,4,0.25,UR,0.74959525725948,3,11,0,0,2,0.21428571428571427,0.7857142857142857,0.0,0.0,0.125,UR,0.0,0.5,0.0,0.0,4,ur,midline,dl,1,0,0,0,0
1,9,size9_comp0.2_grid9_base_low,9,0.2,low,base,base,10,4,14,6,4,1,1,1,1,0,-1,28,0.0,0.5714285714285714,0.5714285714285714,0.0,0,3,15,10,9,4,2,12,17,12,0,2,0.07142857142857142,UL,0.5746356978376794,19,3,0,0,6,0.8636363636363636,0.13636363636363635,0.0,0.0,0.21428571428571427,UR,0.0,0.07142857142857142,0.0,0.0,2,ur,midline,dl,0,0,0,0,0
2,9,size9_comp0.2_grid9_base_low,9,0.2,low,base,base,10,4,14,6,4,1,1,1,1,0,-1,14,0.0,0.7142857142857143,0.7142857142857143,0.0,0,3,7,4,3,4,2,4,4,4,0,0,0.0,UL,0.954434002924965,5,3,0,0,6,0.625,0.375,0.0,0.0,0.42857142857142855,UR,0.0,0.14285714285714285,0.0,0.0,2,ur,midline,dl,0,0,0,0,0
3,9,size9_comp0.2_grid9_base_low,9,0.2,low,base,base,10,4,14,6,4,1,1,1,1,0,-1,28,0.0,0.5,0.5,0.0,1,7,12,8,10,5,5,7,15,5,0,6,0.21428571428571427,UR,0.9656361333706098,9,14,0,0,5,0.391304347826087,0.6086956521739131,0.0,0.0,0.17857142857142858,UR,0.0,0.42857142857142855,0.0,0.0,7,ur,midline,dl,1,0,0,0,0
4,9,size9_comp0.2_grid9_base_low,9,0.2,low,base,base,10,4,14,6,4,1,1,1,1,0,-1,19,0.0,0.5789473684210527,0.5789473684210527,0.0,0,3,8,8,9,1,2,6,11,3,0,3,0.15789473684210525,UR,0.6193821946787638,2,11,0,0,6,0.15384615384615385,0.8461538461538461,0.0,0.0,0.3157894736842105,UR,0.0,0.15789473684210525,0.0,0.0,3,ur,midline,dl,1,0,0,0,0
5,9,size9_comp0.2_grid9_base_low,9,0.2,low,base,base,10,4,14,6,4,1,1,1,1,0,-1,15,0.0,0.6666666666666666,0.6666666666666666,0.0,1,4,6,4,6,4,2,2,3,1,0,1,0.06666666666666667,UR,0.8112781244591328,2,6,0,0,7,0.25,0.75,0.0,0.0,0.4666666666666667,UR,0.0,0.13333333333333333,0.0,0.0,2,ur,midline,dl,1,0,0,0,0
6,9,size9_comp0.2_grid9_base_low,9,0.2,low,base,base,10,4,14,6,4,1,1,1,0,0,-1,48,0.0,0.25,0.25,0.0,5,8,28,7,22,7,6,12,34,3,0,27,0.5625,UR,0.7131467486384921,9,37,0,0,2,0.1956521739130435,0.8043478260869565,0.0,0.0,0.041666666666666664,UR,0.041666666666666664,0.25,0.0,0.0,8,ur,midline,dl,1,0,0,0,0
7,9,size9_comp0.2_grid9_base_low,9,0.2,low,base,base,10,4,14,6,4,1,1,1,1,0,-1,12,0.0,0.6666666666666666,0.6666666666666666,0.0,0,4,6,2,3,1,5,2,4,1,0,2,0.16666666666666666,UR,0.954434002924965,3,5,0,0,4,0.375,0.625,0.0,0.0,0.3333333333333333,UR,0.0,0.3333333333333333,0.0,0.0,4,ur,midline,dl,1,0,0,0,0
8,9,size9_comp0.2_grid9_base_low,9,0.2,low,base,base,10,4,14,6,4,1,1,1,1,0,-1,13,0.0,0.6923076923076923,0.6923076923076923,0.0,0,3,7,3,5,5,1,1,2,1,0,1,0.07692307692307693,UL,0.954434002924965,5,3,0,0,5,0.625,0.375,0.0,0.0,0.38461538461538464,UR,0.0,0.15384615384615385,0.0,0.0,2,ur,midline,dl,0,0,0,0,0
9,9,size9_comp0.2_grid9_base_low,9,0.2,low,base,base,10,4,14,6,4,1,1,1,0,0,-1,48,0.0,0.4166666666666667,0.4166666666666667,0.0,2,4,27,15,19,7,5,16,35,12,0,11,0.22916666666666666,UL,0.8997437586982626,26,12,0,0,10,0.6842105263157895,0.3157894736842105,0.0,0.0,0.20833333333333334,UR,0.041666666666666664,0.1875,0.0,0.0,9,ur,midline,dl,0,0,0,0,0
0,0,size9_comp0.4_grid0_base_low,9,0.4,low,base,base,5,5,10,8,3,1,1,1,0,0,-1,48,0.0,0.25,0.25,0.0,5,6,20,17,16,11,4,16,36,6,0,24,0.5,UR,1.620335265838344,7,11,1,3,26,0.3181818181818182,0.5,0.045454545454545456,0.13636363636363635,0.5416666666666666,,0.0,0.0,0.0,0.0,0,ul,dr,dl,0,0,0,0,0
1,0,size9_comp0.4_grid0_base_low,9,0.4,low,base,base,5,5,10,8,3,1,1,1,0,0,-1,48,0.0,0.2708333333333333,0.2708333333333333,0.0,4,5,13,26,18,5,9,15,36,7,0,21,0.4375,UL,1.0414727634685104,25,0,4,4,15,0.7575757575757576,0.0,0.12121212121212122,0.12121212121212122,0.3125,,0.0,0.0,0.0,0.0,0,ul,dr,dl,1,0,0,0,0
2,0,size9_comp0.4_grid0_base_low,9,0.4,low,base,base,5,5,10,8,3,1,1,1,0,0,-1,48,0.0,0.3125,0.3125,0.0,1,3,14,30,19,5,3,20,44,13,0,17,0.3541666666666667,UL,-0.0,45,0,0,0,3,1.0,0.0,0.0,0.0,0.0625,,0.0,0.0,0.0,0.0,0,ul,dr,dl,1,0,0,0,0
3,0,size9_comp0.4_grid0_base_low,9,0.4,low,base,base,5,5,10,8,3,1,1,1,0,0,-1,48,0.0,0.25,0.25,0.0,2,2,23,21,25,4,4,14,36,11,0,22,0.4583333333333333,UL,1.3778903318832147,14,1,2,4,27,0.6666666666666666,0.047619047619047616,0.09523809523809523,0.19047619047619047,0.5625,,0.0,0.0,0.0,0.0,0,ul,dr,dl,1,0,0,0,0
4,0,size9_comp0.4_grid0_base_low,9,0.4,low,base,base,5,5,10,8,3,1,1,1,0,0,-1,48,0.0,0.3333333333333333,0.3333333333333333,0.0,0,4,13,31,21,6,2,18,41,15,0,17,0.3541666666666667,UL,0.3650551896402848,40,0,3,0,5,0.9302325581395349,0.0,0.06976744186046512,0.0,0.10416666666666667,,0.0,0.0,0.0,0.0,0,ul,dr,dl,1,0,0,0,0
5,0,size9_comp0.4_grid0_base_low,9,0.4,low,base,base,5,5,10,8,3,1,1,1,0,0,-1,48,0.0,0.3125,0.3125,0.0,1,6,13,28,18,6,8,15,44,10,0,18,0.375,UL,-0.0,48,0,0,0,0,1.0,0.0,0.0,0.0,0.0,UL,0.10416666666666667,0.0,0.0,0.0,5,ul,dr,dl,1,0,0,0,0
6,0,size9_comp0.4_grid0_base_low,9,0.4,low,base,base,5,5,10,8,3,1,1,1,0,0,-1,48,0.0,0.22916666666666666,0.22916666666666666,0.0,3,3,18,24,13,5,5,24,40,9,0,26,0.5416666666666666,UL,0.9895875212220556,14,0,11,0,23,0.56,0.0,0.44,0.0,0.4791666666666667,,0.0,0.0,0.0,0.0,0,ul,dr,dl,1,0,0,0,0
7,0,size9_comp0.4_grid0_base_low,9,0.4,low,base,base,5,5,10,8,3,1,1,1,0,0,-1,48,0.0,0.2708333333333333,0.2708333333333333,0.0,7,6,16,19,18,10,6,13,37,9,0,20,0.4166666666666667,UL,1.7295739585136223,12,6,2,4,24,0.5,0.25,0.08333333333333333,0.16666666666666666,0.5,,0.0,0.0,0.0,0.0,0,ul,dr,dl,1,0,0,0,0
8,0,size9_comp0.4_grid0_base_low,9,0.4,low,base,base,5,5,10,8,3,1,1,1,0,0,-1,48,0.0,0.4166666666666667,0.4166666666666667,0.0,0,2,17,29,21,2,0,24,39,19,0,9,0.1875,UL,0.6111417341594979,40,0,3,2,3,0.8888888888888888,0.0,0.06666666666666667,0.044444444444444446,0.0625,,0.0,0.0,0.0,0.0,0,ul,dr,dl,1,0,0,0,0
9,0,size9_comp0.4_grid0_base_low,9,0.4,low,base,base,5,5,10,8,3,1,1,1,0,0,-1,48,0.0,0.2708333333333333,0.2708333333333333,0.0,2,3,9,34,27,4,5,11,37,10,0,20,0.4166666666666667,UL,1.4452458201097456,13,0,9,4,22,0.5,0.0,0.34615384615384615,0.15384615384615385,0.4583333333333333,,0.0,0.0,0.0,0.0,0,ul,dr,dl,1,0,0,0,0
0,1,size9_comp0.4_grid1_base_low,9,0.4,low,base,base,3,6,9,5,2,1,1,1,0,0,-1,48,0.0,0.2916666666666667,0.2916666666666667,0.0,1,1,13,33,31,3,1,12,42,10,0,19,0.3958333333333333,UL,0.4021791902022728,23,2,0,0,23,0.92,0.08,0.0,0.0,0.4791666666666667,,0.0,0.0,0.0,0.0,0,ul,midline,ul,1,1,0,0,0
1,1,size9_comp0.4_grid1_base_low,9,0.4,low,base,base,3,6,9,5,2,1,1,1,0,0,-1,48,0.0,0.4375,0.4375,0.0,1,0,20,27,20,0,2,25,43,21,0,5,0.10416666666666667,UL,0.8739810481273578,24,10,0,0,14,0.7058823529411765,0.29411764705882354,0.0,0.0,0.2916666666666667,,0.0,0.0,0.0,0.0,0,ul,midline,ul,1,1,0,0,0
2,1,size9_comp0.4_grid1_base_low,9,0.4,low,base,base,3,6,9,5,2,1,1,1,0,0,-1,48,0.0,0.3958333333333333,0.3958333333333333,0.0,7,3,20,18,15,4,9,19,43,19,0,10,0.20833333333333334,UL,-0.0,37,0,0,0,11,1.0,0.0,0.0,0.0,0.22916666666666666,,0.0,0.0,0.0,0.0,0,ul,midline,ul,1,1,0,0,0
3,1,size9_comp0.4_grid1_base_low,9,0.4,low,base,base,3,6,9,5,2,1,1,1,0,0,-1,48,0.0,0.4583333333333333,0.4583333333333333,0.0,2,0,21,25,23,2,2,20,43,19,0,3,0.0625,UL,0.4689955935892812,36,4,0,0,8,0.9,0.1,0.0,0.0,0.16666666666666666,,0.0,0.0,0.0,0.0,0,ul,midline,ul,1,1,0,0,0
4,1,size9_comp0.4_grid1_base_low,9,0.4,low,base,base,3,6,9,5,2,1,1,1,0,0,-1,48,0.0,0.3541666666666667,0.3541666666666667,0.0,5,3,15,25,13,6,10,18,42,16,0,14,0.2916666666666667,UL,0.2974722489192896,36,2,0,0,10,0.9473684210526315,0.05263157894736842,0.0,0.0,0.20833333333333334,,0.0,0.0,0.0,0.0,0,ul,midline,ul,1,1,0,0,0
5,1,size9_comp0.4_grid1_base_low,9,0.4,low,base,base,3,6,9,5,2,1,1,1,0,0,-1,48,0.0,0.4583333333333333,0.4583333333333333,0.0,2,1,21,24,18,5,1,23,43,22,0,4,0.08333333333333333,UL,0.4059770384755711,34,3,0,0,11,0.918918918918919,0.08108108108108109,0.0,0.0,0.22916666666666666,,0.0,0.0,0.0,0.0,0,ul,midline,ul,1,1,0,0,0
6,1,size9_comp0.4_grid1_base_low,9,0.4,low,base,base,3,6,9,5,2,1,1,1,0,0,-1,48,0.0,0.4375,0.4375,0.0,2,0,23,23,16,2,2,27,43,23,0,7,0.14583333333333334,UL,0.4689955935892812,36,4,0,0,8,0.9,0.1,0.0,0.0,0.16666666666666666,,0.0,0.0,0.0,0.0,0,ul,midline,ul,1,1,0,0,0
7,1,size9_comp0.4_grid1_base_low,9,0.4,low,base,base,3,6,9,5,2,1,1,1,1,0,-1,36,0.0,0.4166666666666667,0.4166666666666667,0.0,1,3,14,18,14,3,5,13,29,11,0,3,0.08333333333333333,UL,0.5586293734521992,20,3,0,0,13,0.8695652173913043,0.13043478260869565,0.0,0.0,0.3611111111111111,,0.0,0.0,0.0,0.0,0,ul,midline,ul,1,1,0,0,0
8,1,size9_comp0.4_grid1_base_low,9,0.4,low,base,base,3,6,9,5,2,1,1,1,0,0,-1,48,0.0,0.375,0.375,0.0,1,2,24,21,18,3,3,23,41,19,0,11,0.22916666666666666,UL,0.9736680645496201,25,17,0,0,6,0.5952380952380952,0.40476190476190477,0.0,0.0,0.125,UR,0.0,0.041666666666666664,0.0,0.0,1,ul,midline,ul,1,1,0,0,0
9,1,size9_comp0.4_grid1_base_low,9,0.4,low,base,base,3,6,9,5,2,1,1,1,1,0,-1,40,0.0,0.375,0.375,0.0,0,2,19,19,10,1,3,25,33,22,0,7,0.175,UL,0.7219280948873623,20,5,0,0,15,0.8,0.2,0.0,0.0,0.375,,0.0,0.0,0.0,0.0,0,ul,midline,ul,1,1,0,0,0
0,2,size9_comp0.4_grid2_base_low,9,0.4,low,base,base,3,6,9,7,3,1,1,1,1,1,4,36,0.25,0.4722222222222222,0.8,0.41935483870967744,17,2,10,7,17,4,6,8,22,6,0,11,0.3055555555555556,DL,1.198192411043098,1,0,10,5,20,0.0625,0.0,0.625,0.3125,0.5555555555555556,DL,0.0,0.0,0.1111111111111111,0.08333333333333333,4,dr,midline,midline,0,0,0,0,0
1,2,size9_comp0.4_grid2_base_low,9,0.4,low,base,base,3,6,9,7,3,1,1,1,0,1,3,48,0.0,0.4791666666666667,0.75,0.45454545454545453,8,4,18,18,10,10,12,15,33,14,0,6,0.125,DL,1.0772523556276747,5,0,26,4,13,0.14285714285714285,0.0,0.7428571428571429,0.11428571428571428,0.2708333333333333,DL,0.0,0.0,0.10416666666666667,0.0625,5,dr,midline,midline,0,0,0,0,0
2,2,size9_comp0.4_grid2_base_low,9,0.4,low,base,base,3,6,9,7,3,1,1,1,1,1,2,28,0.32142857142857145,0.6428571428571429,1.0,0.6,4,0,13,11,5,3,5,14,15,14,0,1,0.03571428571428571,DL,0.785235442391543,1,0,20,3,4,0.041666666666666664,0.0,0.8333333333333334,0.125,0.14285714285714285,DL,0.0,0.0,0.5,0.07142857142857142,14,dr,midline,midline,0,0,0,0,0
3,2,size9_comp0.4_grid2_base_low,9,0.4,low,base,base,3,6,9,7,3,1,1,1,1,1,4,13,0.6923076923076923,0.7692307692307693,0.8,0.75,5,0,6,2,5,2,2,3,4,2,0,2,0.15384615384615385,DR,1.2987949406953985,2,0,1,5,5,0.25,0.0,0.125,0.625,0.38461538461538464,DR,0.0,0.0,0.0,0.23076923076923078,2,dr,midline,midline,1,0,0,0,0
4,2,size9_comp0.4_grid2_base_low,9,0.4,low,base,base,3,6,9,7,3,1,1,1,0,1,2,48,0.0,0.3125,1.0,0.26666666666666666,27,8,8,5,18,6,8,15,39,9,0,23,0.4791666666666667,DR,0.8112781244591328,0,0,3,9,36,0.0,0.0,0.25,0.75,0.75,DR,0.0,0.0,0.0,0.041666666666666664,2,dr,midline,midline,1,0,0,0,0
5,2,size9_comp0.4_grid2_base_low,9,0.4,low,base,base,3,6,9,7,3,1,1,1,0,1,2,48,0.0,0.1875,1.0,0.13333333333333333,4,0,8,36,38,1,5,3,36,3,0,34,0.7083333333333334,UL,0.8842635042284789,34,0,5,3,6,0.8095238095238095,0.0,0.11904761904761904,0.07142857142857142,0.125,DL,0.0,0.0,0.041666666666666664,0.041666666666666664,2,dr,midline,midline,0,0,0,0,0
6,2,size9_comp0.4_grid2_base_low,9,0.4,low,base,base,3,6,9,7,3,1,1,1,0,1,3,48,0.0,0.16666666666666666,0.75,0.11363636363636363,8,1,6,33,37,2,6,2,36,0,0,36,0.75,UL,0.7742433029172697,32,0,2,4,10,0.8421052631578947,0.0,0.05263157894736842,0.10526315789473684,0.20833333333333334,DR,0.0,0.0,0.0,0.0625,3,dr,midline,midline,0,0,0,0,0
7,2,size9_comp0.4_grid2_base_low,9,0.4,low,base,base,3,6,9,7,3,1,1,1,1,1,2,40,0.225,0.475,1.0,0.43243243243243246,17,5,9,9,12,10,6,11,27,8,0,11,0.275,DL,1.2806721295208872,1,0,7,4,28,0.08333333333333333,0.0,0.5833333333333334,0.3333333333333333,0.7,DR,0.0,0.0,0.025,0.05,2,dr,midline,midline,0,0,0,0,0
8,2,size9_comp0.4_grid2_base_low,9,0.4,low,base,base,3,6,9,7,3,1,1,1,1,1,2,21,0.42857142857142855,0.7142857142857143,1.0,0.6666666666666666,5,1,9,6,6,5,3,6,7,6,0,0,0.0,DL,1.188721875540867,1,0,8,3,9,0.08333333333333333,0.0,0.6666666666666666,0.25,0.42857142857142855,DL,0.0,0.0,0.09523809523809523,0.09523809523809523,2,dr,midline,midline,0,0,0,0,0
9,2,size9_comp0.4_grid2_base_low,9,0.4,low,base,base,3,6,9,7,3,1,1,1,0,1,4,48,0.0,0.22916666666666666,0.8,0.16279069767441862,4,0,10,34,35,0,6,6,35,6,0,30,0.625,UL,1.1430830704669603,30,0,7,5,6,0.7142857142857143,0.0,0.16666666666666666,0.11904761904761904,0.125,DL,0.0,0.0,0.10416666666666667,0.08333333333333333,5,dr,midline,midline,0,0,0,0,0
0,3,size9_comp0.4_grid3_base_low,9,0.4,low,base,base,9,7,16,4,7,1,1,1,1,0,-1,31,0.0,0.41935483870967744,0.41935483870967744,0.0,0,3,18,10,13,2,3,12,23,11,0,7,0.22580645161290322,UL,0.9043814577244937,17,8,0,0,6,0.68,0.32,0.0,0.0,0.1935483870967742,UR,0.0,0.12903225806451613,0.0,0.0,3,midline,midline,dr,0,0,0,0,0
1,3,size9_comp0.4_grid3_base_low,9,0.4,low,base,base,9,7,16,4,7,1,1,1,1,0,-1,10,0.0,0.5,0.5,0.0,0,3,5,2,4,3,0,2,4,2,0,2,0.2,UL,0.5916727785823275,6,1,0,0,3,0.8571428571428571,0.14285714285714285,0.0,0.0,0.3,,0.0,0.0,0.0,0.0,0,midline,midline,dr,0,0,0,0,0
2,3,size9_comp0.4_grid3_base_low,9,0.4,low,base,base,9,7,16,4,7,1,1,1,0,0,-1,48,0.0,0.4166666666666667,0.4166666666666667,0.0,0,10,19,19,15,7,6,19,40,17,0,11,0.22916666666666666,UR,0.8403586716091171,7,19,0,0,22,0.2692307692307692,0.7307692307692307,0.0,0.0,0.4583333333333333,UR,0.0,0.0625,0.0,0.0,1,midline,midline,dr,0,0,0,0,0
3,3,size9_comp0.4_grid3_base_low,9,0.4,low,base,base,9,7,16,4,7,1,1,1,1,0,-1,46,0.0,0.391304347826087,0.391304347826087,0.0,0,3,26,17,18,2,3,22,37,17,0,12,0.2608695652173913,UR,0.6500224216483541,6,30,0,0,10,0.16666666666666666,0.8333333333333334,0.0,0.0,0.21739130434782608,UR,0.0,0.021739130434782608,0.0,0.0,1,midline,midline,dr,0,0,0,0,0
4,3,size9_comp0.4_grid3_base_low,9,0.4,low,base,base,9,7,16,4,7,1,1,1,1,0,-1,22,0.0,0.36363636363636365,0.36363636363636365,0.0,0,3,9,10,9,4,1,7,15,3,0,8,0.36363636363636365,UL,0.7871265862012691,13,4,0,0,5,0.7647058823529411,0.23529411764705882,0.0,0.0,0.22727272727272727,,0.0,0.0,0.0,0.0,0,midline,midline,dr,0,0,0,0,0
5,3,size9_comp0.4_grid3_base_low,9,0.4,low,base,base,9,7,16,4,7,1,1,1,1,0,-1,11,0.0,0.5454545454545454,0.5454545454545454,0.0,0,4,4,3,2,3,3,2,3,2,0,1,0.09090909090909091,UL,0.5916727785823275,6,1,0,0,4,0.8571428571428571,0.14285714285714285,0.0,0.0,0.36363636363636365,,0.0,0.0,0.0,0.0,0,midline,midline,dr,0,0,0,0,0
6,3,size9_comp0.4_grid3_base_low,9,0.4,low,base,base,9,7,16,4,7,1,1,1,1,0,-1,9,0.0,0.4444444444444444,0.4444444444444444,0.0,0,3,4,2,1,5,1,1,3,0,0,3,0.3333333333333333,UL,-0.0,7,0,0,0,2,1.0,0.0,0.0,0.0,0.2222222222222222,,0.0,0.0,0.0,0.0,0,midline,midline,dr,0,0,0,0,0
7,3,size9_comp0.4_grid3_base_low,9,0.4,low,base,base,9,7,16,4,7,1,1,1,0,0,-1,48,0.0,0.3125,0.3125,0.0,3,8,19,18,21,7,6,13,40,8,0,21,0.4375,UL,0.9994730201859836,19,18,0,0,11,0.5135135135135135,0.4864864864864865,0.0,0.0,0.22916666666666666,,0.0,0.0,0.0,0.0,0,midline,midline,dr,0,0,0,0,0
8,3,size9_comp0.4_grid3_base_low,9,0.4,low,base,base,9,7,16,4,7,1,1,1,0,0,-1,48,0.0,0.3333333333333333,0.3333333333333333,0.0,2,2,27,17,15,2,6,24,40,19,0,16,0.3333333333333333,UR,0.7990485210442682,8,25,0,0,15,0.24242424242424243,0.7575757575757576,0.0,0.0,0.3125,,0.0,0.0,0.0,0.0,0,midline,midline,dr,0,0,0,0,0
9,3,size9_comp0.4_grid3_base_low,9,0.4,low,base,base,9,7,16,4,7,1,1,1,1,0,-1,11,0.0,0.45454545454545453,0.45454545454545453,0.0,0,3,5,3,3,2,4,1,3,0,0,3,0.2727272727272727,UR,0.8112781244591328,2,6,0,0,3,0.25,0.75,0.0,0.0,0.2727272727272727,,0.0,0.0,0.0,0.0,0,midline,midline,dr,0,0,0,0,0
0,4,size9_comp0.4_grid4_base_low,9,0.4,low,base,base,7,3,10,6,3,1,1,1,0,0,-1,48,0.0,0.2708333333333333,0.2708333333333333,0.0,3,12,10,22,16,8,11,10,41,3,0,27,0.5625,DL,0.4586858162005403,3,0,28,0,17,0.0967741935483871,0.0,0.9032258064516129,0.0,0.3541666666666667,DL,0.041666666666666664,0.0,0.1875,0.0,7,ul,dl,dl,0,1,0,0,0
1,4,size9_comp0.4_grid4_base_low,9,0.4,low,base,base,7,3,10,6,3,1,1,1,0,0,-1,48,0.0,0.3958333333333333,0.3958333333333333,0.0,3,10,17,17,12,7,9,17,37,15,0,12,0.25,UL,0.9910760598382222,10,0,8,0,30,0.5555555555555556,0.0,0.4444444444444444,0.0,0.625,UL,0.0625,0.0,0.0,0.0,3,ul,dl,dl,1,0,0,0,0
2,4,size9_comp0.4_grid4_base_low,9,0.4,low,base,base,7,3,10,6,3,1,1,1,0,0,-1,48,0.0,0.5,0.5,0.0,4,7,18,19,15,8,9,15,33,15,0,2,0.041666666666666664,UL,0.7025645142191262,32,3,2,0,11,0.8648648648648649,0.08108108108108109,0.05405405405405406,0.0,0.22916666666666666,UL,0.20833333333333334,0.0,0.0,0.0,3,ul,dl,dl,1,0,0,0,0
3,4,size9_comp0.4_grid4_base_low,9,0.4,low,base,base,7,3,10,6,3,1,1,1,0,0,-1,48,0.0,0.5,0.5,0.0,3,7,20,18,18,6,8,15,35,14,0,3,0.0625,UL,0.5713549744279549,32,5,0,0,11,0.8648648648648649,0.13513513513513514,0.0,0.0,0.22916666666666666,UL,0.10416666666666667,0.0,0.0,0.0,4,ul,dl,dl,1,0,0,0,0
4,4,size9_comp0.4_grid4_base_low,9,0.4,low,base,base,7,3,10,6,3,1,1,1,0,0,-1,48,0.0,0.4791666666666667,0.4791666666666667,0.0,6,9,16,17,12,6,13,16,35,13,0,3,0.0625,UL,0.2761954276479391,20,0,1,0,27,0.9523809523809523,0.0,0.047619047619047616,0.0,0.5625,UL,0.08333333333333333,0.0,0.0,0.0,4,ul,dl,dl,1,0,0,0,0
5,4,size9_comp0.4_grid4_base_low,9,0.4,low,base,base,7,3,10,6,3,1,1,1,0,0,-1,48,0.0,0.25,0.25,0.0,0,5,7,33,24,7,3,7,37,7,0,27,0.5625,DL,0.6892019851173655,7,0,31,0,10,0.18421052631578946,0.0,0.8157894736842105,0.0,0.20833333333333334,DL,0.10416666666666667,0.0,0.5625,0.0,27,ul,dl,dl,0,1,0,0,0
6,4,size9_comp0.4_grid4_base_low,9,0.4,low,base,base,7,3,10,6,3,1,1,1,0,0,-1,48,0.0,0.2708333333333333,0.2708333333333333,0.0,4,9,7,28,29,7,4,7,38,3,0,28,0.5833333333333334,DL,0.6892019851173655,7,0,31,0,10,0.18421052631578946,0.0,0.8157894736842105,0.0,0.20833333333333334,DL,0.041666666666666664,0.0,0.3958333333333333,0.0,18,ul,dl,dl,0,1,0,0,0
7,4,size9_comp0.4_grid4_base_low,9,0.4,low,base,base,7,3,10,6,3,1,1,1,0,0,-1,48,0.0,0.20833333333333334,0.20833333333333334,0.0,2,6,7,33,29,4,4,10,38,4,0,33,0.6875,DL,0.600608575413187,6,0,35,0,7,0.14634146341463414,0.0,0.8536585365853658,0.0,0.14583333333333334,DL,0.020833333333333332,0.0,0.5,0.0,24,ul,dl,dl,0,1,0,0,0
8,4,size9_comp0.4_grid4_base_low,9,0.4,low,base,base,7,3,10,6,3,1,1,1,0,0,-1,48,0.0,0.5,0.5,0.0,4,7,18,18,7,9,11,18,34,18,0,2,0.041666666666666664,UL,0.21639693245126462,28,1,0,0,19,0.9655172413793104,0.034482758620689655,0.0,0.0,0.3958333333333333,UL,0.1875,0.0,0.0,0.0,3,ul,dl,dl,1,0,0,0,0
9,4,size9_comp0.4_grid4_base_low,9,0.4,low,base,base,7,3,10,6,3,1,1,1,0,0,-1,48,0.0,0.4791666666666667,0.4791666666666667,0.0,5,9,15,19,9,7,15,16,34,15,0,5,0.10416666666666667,UL,0.6840384356390417,27,0,6,0,15,0.8181818181818182,0.0,0.18181818181818182,0.0,0.3125,UL,0.10416666666666667,0.0,0.0,0.0,2,ul,dl,dl,1,0,0,0,0
0,5,size9_comp0.4_grid5_base_low,9,0.4,low,base,base,4,6,10,10,0,1,1,1,0,0,-1,48,0.0,0.1875,0.1875,0.0,14,5,24,5,17,11,10,9,39,3,0,26,0.5416666666666666,DR,0.15649106290570153,0,0,1,43,4,0.0,0.0,0.022727272727272728,0.9772727272727273,0.08333333333333333,DR,0.0,0.0,0.0,0.375,15,dr,ul,ur,1,0,0,0,0
1,5,size9_comp0.4_grid5_base_low,9,0.4,low,base,base,4,6,10,10,0,1,1,1,0,1,11,48,0.0,0.2916666666666667,0.5,0.2222222222222222,6,1,32,9,28,4,6,9,33,2,18,28,0.5833333333333334,UR,1.3384750923531303,6,26,0,11,5,0.13953488372093023,0.6046511627906976,0.0,0.2558139534883721,0.10416666666666667,UR,0.0,0.0625,0.0,0.0625,3,dr,ul,ur,0,1,0,0,0
2,5,size9_comp0.4_grid5_base_low,9,0.4,low,base,base,4,6,10,10,0,1,1,1,0,0,-1,48,0.0,0.22916666666666666,0.22916666666666666,0.0,12,3,21,12,12,10,11,14,32,8,0,21,0.4375,DR,0.9011701959974223,0,0,13,28,7,0.0,0.0,0.3170731707317073,0.6829268292682927,0.14583333333333334,DR,0.0,0.0,0.0625,0.16666666666666666,7,dr,ul,ur,1,0,0,0,0
3,5,size9_comp0.4_grid5_base_low,9,0.4,low,base,base,4,6,10,10,0,1,1,1,0,0,-1,48,0.0,0.3125,0.3125,0.0,11,4,21,12,13,11,13,10,30,8,0,16,0.3333333333333333,DR,1.25352321250397,11,0,4,26,7,0.2682926829268293,0.0,0.0975609756097561,0.6341463414634146,0.14583333333333334,UL,0.14583333333333334,0.0,0.0,0.10416666666666667,5,dr,ul,ur,1,0,0,0,0
4,5,size9_comp0.4_grid5_base_low,9,0.4,low,base,base,4,6,10,10,0,1,1,1,0,0,-1,48,0.0,0.16666666666666666,0.16666666666666666,0.0,13,4,27,4,17,12,10,8,39,5,0,30,0.625,DR,0.15109697051711368,0,0,1,45,2,0.0,0.0,0.021739130434782608,0.9782608695652174,0.041666666666666664,DR,0.0,0.0,0.0,0.125,5,dr,ul,ur,1,0,0,0,0
5,5,size9_comp0.4_grid5_base_low,9,0.4,low,base,base,4,6,10,10,0,1,1,1,0,0,-1,48,0.0,0.3333333333333333,0.3333333333333333,0.0,8,5,20,15,13,6,15,13,30,9,0,14,0.2916666666666667,UL,1.4793559414885658,21,0,8,13,6,0.5,0.0,0.19047619047619047,0.30952380952380953,0.125,UL,0.20833333333333334,0.0,0.041666666666666664,0.041666666666666664,6,dr,ul,ur,0,0,0,0,0
6,5,size9_comp0.4_grid5_base_low,9,0.4,low,base,base,4,6,10,10,0,1,1,1,0,0,-1,48,0.0,0.3125,0.3125,0.0,13,5,17,13,9,12,10,16,35,12,0,14,0.2916666666666667,DR,1.4591479170272448,8,0,4,12,24,0.3333333333333333,0.0,0.16666666666666666,0.5,0.5,DR,0.0,0.0,0.020833333333333332,0.10416666666666667,5,dr,ul,ur,1,0,0,0,0
7,5,size9_comp0.4_grid5_base_low,9,0.4,low,base,base,4,6,10,10,0,1,1,1,0,0,-1,48,0.0,0.22916666666666666,0.22916666666666666,0.0,11,2,28,7,18,12,9,8,41,5,0,27,0.5625,DR,-0.0,0,0,0,46,2,0.0,0.0,0.0,1.0,0.041666666666666664,DR,0.0,0.0,0.0,0.08333333333333333,3,dr,ul,ur,1,0,0,0,0
8,5,size9_comp0.4_grid5_base_low,9,0.4,low,base,base,4,6,10,10,0,1,1,1,0,0,-1,48,0.0,0.20833333333333334,0.20833333333333334,0.0,13,4,24,7,17,13,9,8,35,6,0,22,0.4583333333333333,DR,0.7935912300117064,0,0,11,35,2,0.0,0.0,0.2391304347826087,0.7608695652173914,0.041666666666666664,DL,0.0,0.0,0.0625,0.041666666666666664,3,dr,ul,ur,1,0,0,0,0
9,5,size9_comp0.4_grid5_base_low,9,0.4,low,base,base,4,6,10,10,0,1,1,1,0,0,-1,48,0.0,0.20833333333333334,0.20833333333333334,0.0,10,3,25,10,15,10,9,13,33,7,0,22,0.4583333333333333,DR,0.7691928290130138,0,0,9,31,8,0.0,0.0,0.225,0.775,0.16666666666666666,DR,0.0,0.0,0.020833333333333332,0.2708333333333333,12,dr,ul,ur,1,0,0,0,0
0,6,size9_comp0.4_grid6_base_low,9,0.4,low,base,base,6,6,12,10,3,1,1,1,0,0,-1,48,0.0,0.3541666666666667,0.3541666666666667,0.0,7,3,23,15,15,4,11,17,34,12,0,13,0.2708333333333333,UL,1.0772523556276747,26,0,5,4,13,0.7428571428571429,0.0,0.14285714285714285,0.11428571428571428,0.2708333333333333,,0.0,0.0,0.0,0.0,0,dr,ul,ur,0,0,0,0,0
1,6,size9_comp0.4_grid6_base_low,9,0.4,low,base,base,6,6,12,10,3,1,1,1,0,0,-1,48,0.0,0.3125,0.3125,0.0,8,0,19,21,22,5,3,17,34,9,0,18,0.375,UL,1.2674626659936306,25,0,7,6,10,0.6578947368421053,0.0,0.18421052631578946,0.15789473684210525,0.20833333333333334,UL,0.2916666666666667,0.0,0.0,0.08333333333333333,14,dr,ul,ur,0,0,0,0,0
2,6,size9_comp0.4_grid6_base_low,9,0.4,low,base,base,6,6,12,10,3,1,1,1,1,0,-1,34,0.0,0.35294117647058826,0.35294117647058826,0.0,7,1,11,15,12,6,6,9,20,8,0,10,0.29411764705882354,UL,1.2192407046368487,11,0,8,1,14,0.55,0.0,0.4,0.05,0.4117647058823529,UL,0.08823529411764706,0.0,0.0,0.0,3,dr,ul,ur,0,0,0,0,0
3,6,size9_comp0.4_grid6_base_low,9,0.4,low,base,base,6,6,12,10,3,1,1,1,0,0,-1,48,0.0,0.3333333333333333,0.3333333333333333,0.0,9,5,22,12,12,8,12,15,35,11,0,16,0.3333333333333333,UL,0.9821914812600294,28,0,10,1,9,0.717948717948718,0.0,0.2564102564102564,0.02564102564102564,0.1875,UL,0.125,0.0,0.0,0.0,5,dr,ul,ur,0,0,0,0,0
4,6,size9_comp0.4_grid6_base_low,9,0.4,low,base,base,6,6,12,10,3,1,1,1,0,1,20,48,0.0,0.5208333333333334,0.47619047619047616,0.5555555555555556,11,0,20,17,12,8,8,19,30,18,6,8,0.16666666666666666,UL,1.7884804558265077,14,10,2,11,11,0.3783783783783784,0.2702702702702703,0.05405405405405406,0.2972972972972973,0.22916666666666666,UL,0.20833333333333334,0.0,0.0,0.0,10,dr,ul,ur,0,0,0,0,0
5,6,size9_comp0.4_grid6_base_low,9,0.4,low,base,base,6,6,12,10,3,1,1,1,0,0,-1,48,0.0,0.3541666666666667,0.3541666666666667,0.0,8,3,27,10,18,3,9,17,36,11,0,14,0.2916666666666667,DL,1.2228229793778245,11,1,23,1,12,0.3055555555555556,0.027777777777777776,0.6388888888888888,0.027777777777777776,0.25,,0.0,0.0,0.0,0.0,0,dr,ul,ur,0,0,0,0,0
6,6,size9_comp0.4_grid6_base_low,9,0.4,low,base,base,6,6,12,10,3,1,1,1,0,0,-1,48,0.0,0.375,0.375,0.0,10,4,20,14,11,7,13,16,34,15,0,12,0.25,UL,1.130644890668444,28,0,13,2,5,0.6511627906976745,0.0,0.3023255813953488,0.046511627906976744,0.10416666666666667,UL,0.2708333333333333,0.0,0.0,0.0,12,dr,ul,ur,0,0,0,0,0
7,6,size9_comp0.4_grid6_base_low,9,0.4,low,base,base,6,6,12,10,3,1,1,1,0,0,-1,48,0.0,0.3541666666666667,0.3541666666666667,0.0,8,1,25,14,23,9,5,10,30,7,0,18,0.375,DR,1.6266487892315213,7,9,1,17,14,0.20588235294117646,0.2647058823529412,0.029411764705882353,0.5,0.2916666666666667,DR,0.0,0.08333333333333333,0.0,0.2708333333333333,13,dr,ul,ur,1,0,0,0,0
8,6,size9_comp0.4_grid6_base_low,9,0.4,low,base,base,6,6,12,10,3,1,1,1,0,0,-1,48,0.0,0.4583333333333333,0.4583333333333333,0.0,8,3,20,17,7,8,8,24,34,22,0,6,0.125,UL,0.4804334574529622,34,0,2,1,11,0.918918918918919,0.0,0.05405405405405406,0.02702702702702703,0.22916666666666666,UL,0.14583333333333334,0.0,0.0,0.0,7,dr,ul,ur,0,0,0,0,0
9,6,size9_comp0.4_grid6_base_low,9,0.4,low,base,base,6,6,12,10,3,1,1,1,1,0,-1,30,0.0,0.4,0.4,0.0,7,1,15,7,8,3,7,11,18,9,0,6,0.2,DL,1.1964209471916636,10,0,13,1,6,0.4166666666666667,0.0,0.5416666666666666,0.041666666666666664,0.2,UL,0.1,0.0,0.0,0.0,3,dr,ul,ur,0,0,0,0,0
0,7,size9_comp0.4_grid7_base_low,9,0.4,low,base,base,5,4,9,5,2,1,1,1,1,0,-1,37,0.0,0.2702702702702703,0.2702702702702703,0.0,17,5,6,6,8,7,8,8,29,4,0,15,0.40540540540540543,DL,0.4305518670104394,3,0,31,0,3,0.08823529411764706,0.0,0.9117647058823529,0.0,0.08108108108108109,DL,0.0,0.0,0.08108108108108109,0.0,1,dl,ul,ul,1,0,0,0,0
1,7,size9_comp0.4_grid7_base_low,9,0.4,low,base,base,5,4,9,5,2,1,1,1,1,0,-1,36,0.0,0.2777777777777778,0.2777777777777778,0.0,21,5,4,6,14,8,3,10,29,5,0,17,0.4722222222222222,DL,0.31599713297842463,2,0,33,0,1,0.05714285714285714,0.0,0.9428571428571428,0.0,0.027777777777777776,DL,0.0,0.0,0.2222222222222222,0.0,3,dl,ul,ul,1,0,0,0,0
2,7,size9_comp0.4_grid7_base_low,9,0.4,low,base,base,5,4,9,5,2,1,1,1,1,0,-1,7,0.0,0.5714285714285714,0.5714285714285714,0.0,2,0,3,2,3,1,1,1,1,1,0,0,0.0,UL,0.9709505944546686,3,0,2,0,2,0.6,0.0,0.4,0.0,0.2857142857142857,,0.0,0.0,0.0,0.0,0,dl,ul,ul,0,1,0,0,0
3,7,size9_comp0.4_grid7_base_low,9,0.4,low,base,base,5,4,9,5,2,1,1,1,0,0,-1,48,0.0,0.1875,0.1875,0.0,19,4,17,8,17,7,7,16,42,5,0,33,0.6875,DL,-0.0,0,0,40,0,8,0.0,0.0,1.0,0.0,0.16666666666666666,DL,0.0,0.0,0.3541666666666667,0.0,16,dl,ul,ul,1,0,0,0,0
4,7,size9_comp0.4_grid7_base_low,9,0.4,low,base,base,5,4,9,5,2,1,1,1,1,0,-1,17,0.0,0.29411764705882354,0.29411764705882354,0.0,11,1,3,2,9,3,2,2,10,1,0,8,0.47058823529411764,DL,0.5435644431995964,2,0,14,0,1,0.125,0.0,0.875,0.0,0.058823529411764705,DL,0.0,0.0,0.058823529411764705,0.0,1,dl,ul,ul,1,0,0,0,0
5,7,size9_comp0.4_grid7_base_low,9,0.4,low,base,base,5,4,9,5,2,1,1,1,1,0,-1,9,0.0,0.4444444444444444,0.4444444444444444,0.0,4,1,2,2,1,3,2,2,3,1,0,2,0.2222222222222222,DL,0.863120568566631,2,0,5,0,2,0.2857142857142857,0.0,0.7142857142857143,0.0,0.2222222222222222,DL,0.0,0.0,0.1111111111111111,0.0,1,dl,ul,ul,1,0,0,0,0
6,7,size9_comp0.4_grid7_base_low,9,0.4,low,base,base,5,4,9,5,2,1,1,1,1,0,-1,10,0.0,0.3,0.3,0.0,4,0,4,1,2,3,2,0,5,0,0,4,0.4,DL,0.9852281360342515,3,0,4,0,3,0.42857142857142855,0.0,0.5714285714285714,0.0,0.3,,0.0,0.0,0.0,0.0,0,dl,ul,ul,1,0,0,0,0
7,7,size9_comp0.4_grid7_base_low,9,0.4,low,base,base,5,4,9,5,2,1,1,1,1,0,-1,7,0.0,0.5714285714285714,0.5714285714285714,0.0,2,0,3,2,3,1,1,1,1,1,0,0,0.0,UL,0.9709505944546686,3,0,2,0,2,0.6,0.0,0.4,0.0,0.2857142857142857,,0.0,0.0,0.0,0.0,0,dl,ul,ul,0,1,0,0,0
8,7,size9_comp0.4_grid7_base_low,9,0.4,low,base,base,5,4,9,5,2,1,1,1,1,0,-1,41,0.0,0.2926829268292683,0.2926829268292683,0.0,10,5,16,9,9,7,12,10,31,5,0,17,0.4146341463414634,DL,0.7380636700495734,4,0,27,1,9,0.125,0.0,0.84375,0.03125,0.21951219512195122,DL,0.0,0.0,0.3170731707317073,0.0,6,dl,ul,ul,1,0,0,0,0
9,7,size9_comp0.4_grid7_base_low,9,0.4,low,base,base,5,4,9,5,2,1,1,1,1,0,-1,10,0.0,0.4,0.4,0.0,2,0,5,3,3,1,3,2,4,1,0,3,0.3,UL,0.9709505944546686,3,0,2,0,5,0.6,0.0,0.4,0.0,0.5,,0.0,0.0,0.0,0.0,0,dl,ul,ul,0,1,0,0,0
0,8,size9_comp0.4_grid8_base_low,9,0.4,low,base,base,3,6,9,7,1,1,1,1,0,1,33,48,0.0,0.3958333333333333,0.4411764705882353,0.2857142857142857,8,5,18,17,13,9,11,14,38,8,7,14,0.2916666666666667,DL,0.3574288901404681,1,0,35,1,11,0.02702702702702703,0.0,0.9459459459459459,0.02702702702702703,0.22916666666666666,DL,0.0,0.0,0.4166666666666667,0.0,7,dl,dr,midline,1,0,0,0,0
1,8,size9_comp0.4_grid8_base_low,9,0.4,low,base,base,3,6,9,7,1,1,1,1,0,0,-1,48,0.0,0.4375,0.4375,0.0,2,2,21,23,12,0,8,27,43,22,0,6,0.125,DL,-0.0,0,0,48,0,0,0.0,0.0,1.0,0.0,0.0,DL,0.0,0.0,0.7708333333333334,0.0,17,dl,dr,midline,1,0,0,0,0
2,8,size9_comp0.4_grid8_base_low,9,0.4,low,base,base,3,6,9,7,1,1,1,1,0,1,7,48,0.0,0.25,0.625,0.175,8,4,7,29,22,3,11,11,38,7,13,26,0.5416666666666666,UL,0.6997722217733069,30,0,7,0,11,0.8108108108108109,0.0,0.1891891891891892,0.0,0.22916666666666666,DL,0.0,0.0,0.041666666666666664,0.0,2,dl,dr,midline,0,0,0,0,0
3,8,size9_comp0.4_grid8_base_low,9,0.4,low,base,base,3,6,9,7,1,1,1,1,0,1,36,48,0.0,0.4375,0.5135135135135135,0.18181818181818182,6,5,15,22,11,5,9,22,38,20,4,9,0.1875,DL,0.5830194167347008,6,0,37,0,5,0.13953488372093023,0.0,0.8604651162790697,0.0,0.10416666666666667,DL,0.0,0.0,0.625,0.0,14,dl,dr,midline,1,0,0,0,0
4,8,size9_comp0.4_grid8_base_low,9,0.4,low,base,base,3,6,9,7,1,1,1,1,0,1,2,48,0.0,0.20833333333333334,1.0,0.15555555555555556,8,4,7,29,23,11,9,4,38,2,15,32,0.6666666666666666,UL,1.0178015074140134,22,1,4,1,20,0.7857142857142857,0.03571428571428571,0.14285714285714285,0.03571428571428571,0.4166666666666667,DL,0.0,0.0,0.020833333333333332,0.0,1,dl,dr,midline,0,0,0,0,0
5,8,size9_comp0.4_grid8_base_low,9,0.4,low,base,base,3,6,9,7,1,1,1,1,0,1,18,48,0.0,0.2916666666666667,0.5263157894736842,0.13793103448275862,6,3,13,26,15,7,7,18,38,9,17,21,0.4375,DL,0.9744894033980523,13,0,19,0,16,0.40625,0.0,0.59375,0.0,0.3333333333333333,DL,0.0,0.0,0.20833333333333334,0.0,8,dl,dr,midline,1,0,0,0,0
6,8,size9_comp0.4_grid8_base_low,9,0.4,low,base,base,3,6,9,7,1,1,1,1,0,0,-1,48,0.0,0.4583333333333333,0.4583333333333333,0.0,4,5,21,18,5,4,6,32,42,27,0,4,0.08333333333333333,DL,-0.0,0,0,48,0,0,0.0,0.0,1.0,0.0,0.0,DL,0.0,0.0,0.8958333333333334,0.0,21,dl,dr,midline,1,0,0,0,0
7,8,size9_comp0.4_grid8_base_low,9,0.4,low,base,base,3,6,9,7,1,1,1,1,0,0,-1,48,0.0,0.4583333333333333,0.4583333333333333,0.0,5,3,20,20,6,3,11,27,42,23,0,5,0.10416666666666667,DL,-0.0,0,0,48,0,0,0.0,0.0,1.0,0.0,0.0,DL,0.0,0.0,0.6666666666666666,0.0,15,dl,dr,midline,1,0,0,0,0
8,8,size9_comp0.4_grid8_base_low,9,0.4,low,base,base,3,6,9,7,1,1,1,1,0,1,8,48,0.0,0.22916666666666666,0.4444444444444444,0.1794871794871795,7,3,15,23,16,9,3,19,38,6,1,30,0.625,UR,1.2833970266917707,0,26,10,5,7,0.0,0.6341463414634146,0.24390243902439024,0.12195121951219512,0.14583333333333334,DL,0.0,0.0,0.020833333333333332,0.0,1,dl,dr,midline,0,0,0,0,0
9,8,size9_comp0.4_grid8_base_low,9,0.4,low,base,base,3,6,9,7,1,1,1,1,0,1,5,48,0.0,0.2916666666666667,0.6666666666666666,0.23809523809523808,6,7,11,24,15,8,8,16,39,9,24,24,0.5,UL,0.8554508105601306,18,0,7,0,23,0.72,0.0,0.28,0.0,0.4791666666666667,DL,0.0,0.0,0.0625,0.0,3,dl,dr,midline,0,0,0,0,0
0,9,size9_comp0.4_grid9_base_low,9,0.4,low,base,base,4,9,13,5,4,1,1,1,0,0,-1,48,0.0,0.125,0.125,0.0,6,5,32,5,25,7,4,11,43,4,0,35,0.7291666666666666,UL,-0.0,45,0,0,0,3,1.0,0.0,0.0,0.0,0.0625,,0.0,0.0,0.0,0.0,0,midline,dl,ur,0,0,0,0,0
1,9,size9_comp0.4_grid9_base_low,9,0.4,low,base,base,4,9,13,5,4,1,1,1,0,0,-1,48,0.0,0.22916666666666666,0.22916666666666666,0.0,5,4,32,7,21,8,8,10,42,3,0,25,0.5208333333333334,UL,0.21084230031853213,29,1,0,0,18,0.9666666666666667,0.03333333333333333,0.0,0.0,0.375,,0.0,0.0,0.0,0.0,0,midline,dl,ur,0,0,0,0,0
2,9,size9_comp0.4_grid9_base_low,9,0.4,low,base,base,4,9,13,5,4,1,1,1,0,0,-1,48,0.0,0.3125,0.3125,0.0,4,4,29,11,20,5,9,13,38,9,0,19,0.3958333333333333,UL,0.512709142030877,31,4,0,0,13,0.8857142857142857,0.11428571428571428,0.0,0.0,0.2708333333333333,,0.0,0.0,0.0,0.0,0,midline,dl,ur,0,0,0,0,0
3,9,size9_comp0.4_grid9_base_low,9,0.4,low,base,base,4,9,13,5,4,1,1,1,0,0,-1,48,0.0,0.2708333333333333,0.2708333333333333,0.0,6,5,28,9,15,10,8,14,42,9,0,22,0.4583333333333333,UL,0.19143325481419343,33,1,0,0,14,0.9705882352941176,0.029411764705882353,0.0,0.0,0.2916666666666667,,0.0,0.0,0.0,0.0,0,midline,dl,ur,0,0,0,0,0
4,9,size9_comp0.4_grid9_base_low,9,0.4,low,base,base,4,9,13,5,4,1,1,1,0,0,-1,48,0.0,0.14583333333333334,0.14583333333333334,0.0,7,7,11,23,19,8,14,6,39,3,0,30,0.625,UL,-0.0,42,0,0,0,6,1.0,0.0,0.0,0.0,0.125,UL,0.3125,0.0,0.0,0.0,10,midline,dl,ur,0,0,0,0,0
5,9,size9_comp0.4_grid9_base_low,9,0.4,low,base,base,4,9,13,5,4,1,1,1,0,0,-1,48,0.0,0.08333333333333333,0.08333333333333333,0.0,3,10,10,25,24,10,8,5,40,1,0,36,0.75,UL,-0.0,47,0,0,0,1,1.0,0.0,0.0,0.0,0.020833333333333332,UL,0.7083333333333334,0.0,0.0,0.0,21,midline,dl,ur,0,0,0,0,0
6,9,size9_comp0.4_grid9_base_low,9,0.4,low,base,base,4,9,13,5,4,1,1,1,0,0,-1,48,0.0,0.25,0.25,0.0,2,2,34,10,26,3,3,15,40,11,0,23,0.4791666666666667,UL,0.6252624052234231,27,5,0,0,16,0.84375,0.15625,0.0,0.0,0.3333333333333333,,0.0,0.0,0.0,0.0,0,midline,dl,ur,0,0,0,0,0
7,9,size9_comp0.4_grid9_base_low,9,0.4,low,base,base,4,9,13,5,4,1,1,1,0,0,-1,48,0.0,0.2708333333333333,0.2708333333333333,0.0,5,4,30,9,19,7,2,19,43,13,0,21,0.4375,UL,0.18312206830137276,35,1,0,0,12,0.9722222222222222,0.027777777777777776,0.0,0.0,0.25,,0.0,0.0,0.0,0.0,0,midline,dl,ur,0,0,0,0,0
8,9,size9_comp0.4_grid9_base_low,9,0.4,low,base,base,4,9,13,5,4,1,1,1,0,0,-1,48,0.0,0.1875,0.1875,0.0,5,4,32,7,23,6,9,9,42,7,0,28,0.5833333333333334,UL,-0.0,40,0,0,0,8,1.0,0.0,0.0,0.0,0.16666666666666666,,0.0,0.0,0.0,0.0,0,midline,dl,ur,0,0,0,0,0
9,9,size9_comp0.4_grid9_base_low,9,0.4,low,base,base,4,9,13,5,4,1,1,1,0,0,-1,48,0.0,0.25,0.25,0.0,3,3,32,10,22,5,4,16,44,10,0,23,0.4791666666666667,UL,0.2974722489192896,36,2,0,0,10,0.9473684210526315,0.05263157894736842,0.0,0.0,0.20833333333333334,,0.0,0.0,0.0,0.0,0,midline,dl,ur,0,0,0,0,0
0,0,size9_comp0.6_grid0_base_low,9,0.6,low,base,base,8,5,13,3,5,1,1,1,1,0,-1,22,0.0,0.2727272727272727,0.2727272727272727,0.0,1,0,18,3,14,1,1,5,18,3,0,13,0.5909090909090909,UL,-0.0,19,0,0,0,3,1.0,0.0,0.0,0.0,0.13636363636363635,UL,0.045454545454545456,0.0,0.0,0.0,1,ul,ul,dl,1,0,0,0,0
1,0,size9_comp0.6_grid0_base_low,9,0.6,low,base,base,8,5,13,3,5,1,1,1,1,0,-1,4,0.0,0.75,0.75,0.0,1,0,3,0,1,1,1,0,1,0,0,1,0.25,UL,-0.0,4,0,0,0,0,1.0,0.0,0.0,0.0,0.0,UL,0.25,0.0,0.0,0.0,1,ul,ul,dl,1,0,0,0,0
2,0,size9_comp0.6_grid0_base_low,9,0.6,low,base,base,8,5,13,3,5,1,1,1,1,0,-1,27,0.0,0.25925925925925924,0.25925925925925924,0.0,1,1,20,5,16,2,2,6,22,2,0,16,0.5925925925925926,UL,0.4262286569981449,21,2,0,0,4,0.9130434782608695,0.08695652173913043,0.0,0.0,0.14814814814814814,UL,0.037037037037037035,0.0,0.0,0.0,1,ul,ul,dl,1,0,0,0,0
3,0,size9_comp0.6_grid0_base_low,9,0.6,low,base,base,8,5,13,3,5,1,1,1,1,0,-1,18,0.0,0.5,0.5,0.0,1,2,9,6,1,4,2,10,14,9,0,3,0.16666666666666666,UL,-0.0,12,0,0,0,6,1.0,0.0,0.0,0.0,0.3333333333333333,UL,0.05555555555555555,0.0,0.0,0.0,1,ul,ul,dl,1,0,0,0,0
4,0,size9_comp0.6_grid0_base_low,9,0.6,low,base,base,8,5,13,3,5,1,1,1,1,0,-1,10,0.0,0.3,0.3,0.0,1,0,9,0,7,1,1,0,7,0,0,7,0.7,UL,-0.0,10,0,0,0,0,1.0,0.0,0.0,0.0,0.0,UL,0.1,0.0,0.0,0.0,1,ul,ul,dl,1,0,0,0,0
5,0,size9_comp0.6_grid0_base_low,9,0.6,low,base,base,8,5,13,3,5,1,1,1,1,0,-1,13,0.0,0.5384615384615384,0.5384615384615384,0.0,1,0,7,5,6,2,0,4,7,2,0,2,0.15384615384615385,UL,0.5916727785823275,6,1,0,0,6,0.8571428571428571,0.14285714285714285,0.0,0.0,0.46153846153846156,UL,0.07692307692307693,0.0,0.0,0.0,1,ul,ul,dl,1,0,0,0,0
6,0,size9_comp0.6_grid0_base_low,9,0.6,low,base,base,8,5,13,3,5,1,1,1,1,0,-1,19,0.0,0.2631578947368421,0.2631578947368421,0.0,1,0,16,2,12,1,1,4,15,2,0,12,0.631578947368421,UL,-0.0,17,0,0,0,2,1.0,0.0,0.0,0.0,0.10526315789473684,UL,0.05263157894736842,0.0,0.0,0.0,1,ul,ul,dl,1,0,0,0,0
7,0,size9_comp0.6_grid0_base_low,9,0.6,low,base,base,8,5,13,3,5,1,1,1,1,0,-1,15,0.0,0.3333333333333333,0.3333333333333333,0.0,1,1,11,2,7,1,3,3,10,2,0,8,0.5333333333333333,UL,-0.0,13,0,0,0,2,1.0,0.0,0.0,0.0,0.13333333333333333,UL,0.06666666666666667,0.0,0.0,0.0,1,ul,ul,dl,1,0,0,0,0
8,0,size9_comp0.6_grid0_base_low,9,0.6,low,base,base,8,5,13,3,5,1,1,1,1,0,-1,26,0.0,0.34615384615384615,0.34615384615384615,0.0,2,4,15,5,9,6,2,8,20,4,0,11,0.4230769230769231,UL,0.2974722489192896,18,1,0,0,7,0.9473684210526315,0.05263157894736842,0.0,0.0,0.2692307692307692,UL,0.038461538461538464,0.0,0.0,0.0,1,ul,ul,dl,1,0,0,0,0
9,0,size9_comp0.6_grid0_base_low,9,0.6,low,base,base,8,5,13,3,5,1,1,1,1,0,-1,4,0.0,0.75,0.75,0.0,1,0,3,0,1,1,1,0,1,0,0,1,0.25,UL,-0.0,4,0,0,0,0,1.0,0.0,0.0,0.0,0.0,UL,0.25,0.0,0.0,0.0,1,ul,ul,dl,1,0,0,0,0
0,1,size9_comp0.6_grid1_base_low,9,0.6,low,base,base,6,3,9,3,3,1,1,1,0,0,-1,48,0.0,0.3958333333333333,0.3958333333333333,0.0,1,1,25,21,9,2,2,34,43,30,0,8,0.16666666666666666,UL,-0.0,40,0,0,0,8,1.0,0.0,0.0,0.0,0.16666666666666666,,0.0,0.0,0.0,0.0,0,midline,dl,dr,0,0,0,0,0
1,1,size9_comp0.6_grid1_base_low,9,0.6,low,base,base,6,3,9,3,3,1,1,1,0,0,-1,48,0.0,0.4583333333333333,0.4583333333333333,0.0,5,6,16,21,6,3,8,30,41,27,0,5,0.10416666666666667,DL,0.8112781244591328,5,0,15,0,28,0.25,0.0,0.75,0.0,0.5833333333333334,,0.0,0.0,0.0,0.0,0,midline,dl,dr,0,0,0,0,0
2,1,size9_comp0.6_grid1_base_low,9,0.6,low,base,base,6,3,9,3,3,1,1,1,0,0,-1,48,0.0,0.4375,0.4375,0.0,3,2,20,23,7,3,7,30,41,25,0,5,0.10416666666666667,UL,0.4854607607459134,17,0,2,0,29,0.8947368421052632,0.0,0.10526315789473684,0.0,0.6041666666666666,,0.0,0.0,0.0,0.0,0,midline,dl,dr,0,0,0,0,0
3,1,size9_comp0.6_grid1_base_low,9,0.6,low,base,base,6,3,9,3,3,1,1,1,1,0,-1,11,0.0,0.6363636363636364,0.6363636363636364,0.0,0,3,4,4,0,2,3,5,5,5,0,0,0.0,DL,-0.0,0,0,8,0,3,0.0,0.0,1.0,0.0,0.2727272727272727,DL,0.0,0.0,0.45454545454545453,0.0,5,midline,dl,dr,0,0,0,0,0
4,1,size9_comp0.6_grid1_base_low,9,0.6,low,base,base,6,3,9,3,3,1,1,1,0,0,-1,48,0.0,0.4791666666666667,0.4791666666666667,0.0,1,2,21,24,15,1,5,26,41,23,0,4,0.08333333333333333,DL,0.2974722489192896,0,0,36,2,10,0.0,0.0,0.9473684210526315,0.05263157894736842,0.20833333333333334,,0.0,0.0,0.0,0.0,0,midline,dl,dr,0,0,0,0,0
5,1,size9_comp0.6_grid1_base_low,9,0.6,low,base,base,6,3,9,3,3,1,1,1,0,0,-1,48,0.0,0.4375,0.4375,0.0,2,1,21,24,10,2,4,31,43,26,0,5,0.10416666666666667,UL,-0.0,24,0,0,0,24,1.0,0.0,0.0,0.0,0.5,,0.0,0.0,0.0,0.0,0,midline,dl,dr,0,0,0,0,0
6,1,size9_comp0.6_grid1_base_low,9,0.6,low,base,base,6,3,9,3,3,1,1,1,0,0,-1,48,0.0,0.4583333333333333,0.4583333333333333,0.0,3,2,21,22,2,2,6,37,41,35,0,2,0.041666666666666664,UL,0.6500224216483541,25,0,5,0,18,0.8333333333333334,0.0,0.16666666666666666,0.0,0.375,,0.0,0.0,0.0,0.0,0,midline,dl,dr,0,0,0,0,0
7,1,size9_comp0.6_grid1_base_low,9,0.6,low,base,base,6,3,9,3,3,1,1,1,0,0,-1,48,0.0,0.5,0.5,0.0,2,2,21,23,11,5,1,30,40,29,0,2,0.041666666666666664,DL,0.6500224216483541,5,0,25,0,18,0.16666666666666666,0.0,0.8333333333333334,0.0,0.375,,0.0,0.0,0.0,0.0,0,midline,dl,dr,0,0,0,0,0
8,1,size9_comp0.6_grid1_base_low,9,0.6,low,base,base,6,3,9,3,3,1,1,1,0,0,-1,48,0.0,0.4166666666666667,0.4166666666666667,0.0,1,0,21,26,15,1,1,30,43,27,0,6,0.125,UL,-0.0,43,0,0,0,5,1.0,0.0,0.0,0.0,0.10416666666666667,,0.0,0.0,0.0,0.0,0,midline,dl,dr,0,0,0,0,0
9,1,size9_comp0.6_grid1_base_low,9,0.6,low,base,base,6,3,9,3,3,1,1,1,0,0,-1,48,0.0,0.3958333333333333,0.3958333333333333,0.0,6,4,15,23,9,7,9,22,40,19,0,9,0.1875,UL,0.9182958340544896,18,0,9,0,21,0.6666666666666666,0.0,0.3333333333333333,0.0,0.4375,,0.0,0.0,0.0,0.0,0,midline,dl,dr,0,0,0,0,0
0,2,size9_comp0.6_grid2_base_low,9,0.6,low,base,base,12,11,23,3,10,1,1,1,1,0,-1,13,0.0,0.15384615384615385,0.15384615384615385,0.0,1,0,9,3,6,1,1,4,10,0,0,10,0.7692307692307693,DR,-0.0,0,0,0,13,0,0.0,0.0,0.0,1.0,0.0,DR,0.0,0.0,0.0,0.8461538461538461,11,dr,dr,ul,1,0,0,0,0
1,2,size9_comp0.6_grid2_base_low,9,0.6,low,base,base,12,11,23,3,10,1,1,1,1,0,-1,4,0.0,0.5,0.5,0.0,1,0,3,0,1,1,1,0,1,0,0,1,0.25,DR,-0.0,0,0,0,4,0,0.0,0.0,0.0,1.0,0.0,DR,0.0,0.0,0.0,0.5,2,dr,dr,ul,1,0,0,0,0
2,2,size9_comp0.6_grid2_base_low,9,0.6,low,base,base,12,11,23,3,10,1,1,1,1,0,-1,8,0.0,0.25,0.25,0.0,1,0,6,1,3,1,1,2,5,0,0,5,0.625,DR,-0.0,0,0,0,8,0,0.0,0.0,0.0,1.0,0.0,DR,0.0,0.0,0.0,0.75,6,dr,dr,ul,1,0,0,0,0
3,2,size9_comp0.6_grid2_base_low,9,0.6,low,base,base,12,11,23,3,10,1,1,1,1,0,-1,7,0.0,0.2857142857142857,0.2857142857142857,0.0,1,0,6,0,4,1,1,0,4,0,0,4,0.5714285714285714,DR,-0.0,0,0,0,7,0,0.0,0.0,0.0,1.0,0.0,DR,0.0,0.0,0.0,0.7142857142857143,5,dr,dr,ul,1,0,0,0,0
4,2,size9_comp0.6_grid2_base_low,9,0.6,low,base,base,12,11,23,3,10,1,1,1,1,0,-1,13,0.0,0.15384615384615385,0.15384615384615385,0.0,1,0,11,1,8,1,1,2,10,0,0,10,0.7692307692307693,DR,-0.0,0,0,0,13,0,0.0,0.0,0.0,1.0,0.0,DR,0.0,0.0,0.0,0.8461538461538461,11,dr,dr,ul,1,0,0,0,0
5,2,size9_comp0.6_grid2_base_low,9,0.6,low,base,base,12,11,23,3,10,1,1,1,1,0,-1,14,0.0,0.14285714285714285,0.14285714285714285,0.0,1,0,10,3,6,0,2,5,11,0,0,11,0.7857142857142857,DR,-0.0,0,0,0,14,0,0.0,0.0,0.0,1.0,0.0,DR,0.0,0.0,0.0,0.7857142857142857,11,dr,dr,ul,1,0,0,0,0
6,2,size9_comp0.6_grid2_base_low,9,0.6,low,base,base,12,11,23,3,10,1,1,1,1,0,-1,4,0.0,0.5,0.5,0.0,1,0,3,0,1,1,1,0,1,0,0,1,0.25,DR,-0.0,0,0,0,4,0,0.0,0.0,0.0,1.0,0.0,DR,0.0,0.0,0.0,0.5,2,dr,dr,ul,1,0,0,0,0
7,2,size9_comp0.6_grid2_base_low,9,0.6,low,base,base,12,11,23,3,10,1,1,1,1,0,-1,8,0.0,0.25,0.25,0.0,1,0,7,0,5,1,1,0,5,0,0,5,0.625,DR,-0.0,0,0,0,8,0,0.0,0.0,0.0,1.0,0.0,DR,0.0,0.0,0.0,0.75,6,dr,dr,ul,1,0,0,0,0
8,2,size9_comp0.6_grid2_base_low,9,0.6,low,base,base,12,11,23,3,10,1,1,1,1,0,-1,4,0.0,0.5,0.5,0.0,1,0,2,1,1,0,1,1,1,0,0,1,0.25,DR,-0.0,0,0,0,4,0,0.0,0.0,0.0,1.0,0.0,DR,0.0,0.0,0.0,0.25,1,dr,dr,ul,1,0,0,0,0
9,2,size9_comp0.6_grid2_base_low,9,0.6,low,base,base,12,11,23,3,10,1,1,1,1,0,-1,15,0.0,0.13333333333333333,0.13333333333333333,0.0,1,0,8,6,8,2,0,4,12,0,0,12,0.8,DR,-0.0,0,0,0,15,0,0.0,0.0,0.0,1.0,0.0,DR,0.0,0.0,0.0,0.8666666666666667,13,dr,dr,ul,1,0,0,0,0
0,3,size9_comp0.6_grid3_base_low,9,0.6,low,base,base,10,4,14,10,2,1,1,1,0,0,-1,48,0.0,0.0625,0.0625,0.0,3,2,37,6,29,2,2,14,44,3,0,42,0.875,DR,-0.0,0,0,0,1,47,0.0,0.0,0.0,1.0,0.9791666666666666,,0.0,0.0,0.0,0.0,0,dr,ul,ur,1,0,0,0,0
1,3,size9_comp0.6_grid3_base_low,9,0.6,low,base,base,10,4,14,10,2,1,1,1,1,0,-1,40,0.0,0.35,0.35,0.0,13,2,17,8,15,4,11,9,30,6,0,18,0.45,DL,1.0676111603502403,4,0,17,2,17,0.17391304347826086,0.0,0.7391304347826086,0.08695652173913043,0.425,,0.0,0.0,0.0,0.0,0,dr,ul,ur,0,0,0,0,0
2,3,size9_comp0.6_grid3_base_low,9,0.6,low,base,base,10,4,14,10,2,1,1,1,1,0,-1,17,0.0,0.5294117647058824,0.5294117647058824,0.0,7,0,7,3,6,6,4,0,7,0,0,5,0.29411764705882354,DR,0.7219280948873623,0,3,0,12,2,0.0,0.2,0.0,0.8,0.11764705882352941,DR,0.0,0.0,0.0,0.47058823529411764,6,dr,ul,ur,1,0,0,0,0
3,3,size9_comp0.6_grid3_base_low,9,0.6,low,base,base,10,4,14,10,2,1,1,1,1,0,-1,23,0.0,0.391304347826087,0.391304347826087,0.0,7,0,12,4,10,5,6,1,12,0,0,11,0.4782608695652174,DR,0.6098403047164004,0,3,0,17,3,0.0,0.15,0.0,0.85,0.13043478260869565,DR,0.0,0.0,0.0,0.43478260869565216,10,dr,ul,ur,1,0,0,0,0
4,3,size9_comp0.6_grid3_base_low,9,0.6,low,base,base,10,4,14,10,2,1,1,1,1,0,-1,29,0.0,0.3448275862068966,0.3448275862068966,0.0,7,0,17,5,12,7,5,4,19,2,0,15,0.5172413793103449,DR,0.7024665512903903,0,4,0,17,8,0.0,0.19047619047619047,0.0,0.8095238095238095,0.27586206896551724,DR,0.0,0.0,0.0,0.4482758620689655,11,dr,ul,ur,1,0,0,0,0
5,3,size9_comp0.6_grid3_base_low,9,0.6,low,base,base,10,4,14,10,2,1,1,1,0,0,-1,48,0.0,0.1875,0.1875,0.0,13,4,24,7,17,9,11,10,40,2,0,30,0.625,DL,0.7219280948873623,0,0,12,3,33,0.0,0.0,0.8,0.2,0.6875,DL,0.0,0.0,0.125,0.020833333333333332,6,dr,ul,ur,0,0,0,0,0
6,3,size9_comp0.6_grid3_base_low,9,0.6,low,base,base,10,4,14,10,2,1,1,1,0,0,-1,48,0.0,0.125,0.125,0.0,6,5,28,9,22,4,8,13,41,3,0,37,0.7708333333333334,DR,-0.0,0,0,0,16,32,0.0,0.0,0.0,1.0,0.6666666666666666,DR,0.0,0.0,0.0,0.020833333333333332,1,dr,ul,ur,1,0,0,0,0
7,3,size9_comp0.6_grid3_base_low,9,0.6,low,base,base,10,4,14,10,2,1,1,1,0,0,-1,48,0.0,0.14583333333333334,0.14583333333333334,0.0,9,3,29,7,24,3,5,15,40,5,0,34,0.7083333333333334,DL,0.2580186686648155,0,0,22,1,25,0.0,0.0,0.9565217391304348,0.043478260869565216,0.5208333333333334,DL,0.0,0.0,0.2708333333333333,0.0,13,dr,ul,ur,0,0,0,0,0
8,3,size9_comp0.6_grid3_base_low,9,0.6,low,base,base,10,4,14,10,2,1,1,1,0,0,-1,48,0.0,0.2916666666666667,0.2916666666666667,0.0,17,5,17,9,11,9,14,13,38,7,0,21,0.4375,DL,0.8112781244591328,0,0,21,7,20,0.0,0.0,0.75,0.25,0.4166666666666667,DL,0.0,0.0,0.020833333333333332,0.020833333333333332,1,dr,ul,ur,0,0,0,0,0
9,3,size9_comp0.6_grid3_base_low,9,0.6,low,base,base,10,4,14,10,2,1,1,1,1,0,-1,20,0.0,0.55,0.55,0.0,5,0,9,6,6,4,4,5,10,5,0,4,0.2,DR,0.8524051786494786,0,5,0,13,2,0.0,0.2777777777777778,0.0,0.7222222222222222,0.1,DR,0.0,0.0,0.0,0.5,10,dr,ul,ur,1,0,0,0,0
0,4,size9_comp0.6_grid4_base_low,9,0.6,low,base,base,5,8,13,5,4,1,1,1,0,0,-1,48,0.0,0.22916666666666666,0.22916666666666666,0.0,5,3,28,12,22,6,5,14,39,10,0,22,0.4583333333333333,DL,1.4355205042826666,2,0,5,2,39,0.2222222222222222,0.0,0.5555555555555556,0.2222222222222222,0.8125,,0.0,0.0,0.0,0.0,0,dr,midline,dr,0,0,0,0,0
1,4,size9_comp0.6_grid4_base_low,9,0.6,low,base,base,5,8,13,5,4,1,1,1,0,0,-1,48,0.0,0.3125,0.3125,0.0,2,2,21,23,16,4,4,23,40,16,0,16,0.3333333333333333,UL,1.0863128407412879,24,0,8,2,14,0.7058823529411765,0.0,0.23529411764705882,0.058823529411764705,0.2916666666666667,,0.0,0.0,0.0,0.0,0,dr,midline,dr,0,0,0,0,0
2,4,size9_comp0.6_grid4_base_low,9,0.6,low,base,base,5,8,13,5,4,1,1,1,1,0,-1,16,0.0,0.1875,0.1875,0.0,4,0,9,3,6,6,2,1,9,0,0,7,0.4375,UR,0.5916727785823275,0,12,0,2,2,0.0,0.8571428571428571,0.0,0.14285714285714285,0.125,,0.0,0.0,0.0,0.0,0,dr,midline,dr,0,0,0,0,0
3,4,size9_comp0.6_grid4_base_low,9,0.6,low,base,base,5,8,13,5,4,1,1,1,1,0,-1,30,0.0,0.26666666666666666,0.26666666666666666,0.0,3,0,18,9,17,3,1,8,22,6,0,11,0.36666666666666664,UR,0.7355085815538398,0,23,0,6,1,0.0,0.7931034482758621,0.0,0.20689655172413793,0.03333333333333333,,0.0,0.0,0.0,0.0,0,dr,midline,dr,0,0,0,0,0
4,4,size9_comp0.6_grid4_base_low,9,0.6,low,base,base,5,8,13,5,4,1,1,1,1,0,-1,27,0.0,0.2962962962962963,0.2962962962962963,0.0,3,0,15,9,9,3,3,11,19,8,0,8,0.2962962962962963,UR,0.9456603046006401,0,7,0,4,16,0.0,0.6363636363636364,0.0,0.36363636363636365,0.5925925925925926,,0.0,0.0,0.0,0.0,0,dr,midline,dr,0,0,0,0,0
5,4,size9_comp0.6_grid4_base_low,9,0.6,low,base,base,5,8,13,5,4,1,1,1,0,0,-1,48,0.0,0.2708333333333333,0.2708333333333333,0.0,9,5,17,17,13,8,8,18,40,12,0,17,0.3541666666666667,UL,0.5007115883735379,32,0,1,2,13,0.9142857142857143,0.0,0.02857142857142857,0.05714285714285714,0.2708333333333333,,0.0,0.0,0.0,0.0,0,dr,midline,dr,0,0,0,0,0
6,4,size9_comp0.6_grid4_base_low,9,0.6,low,base,base,5,8,13,5,4,1,1,1,0,0,-1,48,0.0,0.25,0.25,0.0,3,1,17,27,25,0,6,16,38,11,0,19,0.3958333333333333,UL,0.7888711179456015,37,0,4,3,4,0.8409090909090909,0.0,0.09090909090909091,0.06818181818181818,0.08333333333333333,UL,0.4583333333333333,0.0,0.0,0.0,22,dr,midline,dr,0,0,0,0,0
7,4,size9_comp0.6_grid4_base_low,9,0.6,low,base,base,5,8,13,5,4,1,1,1,1,0,-1,38,0.0,0.2631578947368421,0.2631578947368421,0.0,3,0,26,9,16,3,3,15,30,11,0,15,0.39473684210526316,UR,0.5159469300074474,0,23,0,3,12,0.0,0.8846153846153846,0.0,0.11538461538461539,0.3157894736842105,,0.0,0.0,0.0,0.0,0,dr,midline,dr,0,0,0,0,0
8,4,size9_comp0.6_grid4_base_low,9,0.6,low,base,base,5,8,13,5,4,1,1,1,0,0,-1,48,0.0,0.16666666666666666,0.16666666666666666,0.0,3,1,14,30,31,0,6,10,38,6,0,27,0.5625,UL,0.7578334077676068,38,0,5,2,3,0.8444444444444444,0.0,0.1111111111111111,0.044444444444444446,0.0625,UL,0.5416666666666666,0.0,0.0,0.0,26,dr,midline,dr,0,0,0,0,0
9,4,size9_comp0.6_grid4_base_low,9,0.6,low,base,base,5,8,13,5,4,1,1,1,0,0,-1,48,0.0,0.2916666666666667,0.2916666666666667,0.0,4,2,24,18,15,5,7,20,40,16,0,17,0.3541666666666667,DL,0.37123232664087563,0,0,39,3,6,0.0,0.0,0.9285714285714286,0.07142857142857142,0.125,DL,0.0,0.0,0.3958333333333333,0.0,13,dr,midline,dr,0,0,0,0,0
0,5,size9_comp0.6_grid5_base_low,9,0.6,low,base,base,7,7,14,10,2,1,1,1,0,0,-1,48,0.0,0.125,0.125,0.0,0,29,13,6,15,17,12,3,45,3,0,36,0.75,UL,-0.0,48,0,0,0,0,1.0,0.0,0.0,0.0,0.0,,0.0,0.0,0.0,0.0,0,ul,dl,dr,1,0,0,0,0
1,5,size9_comp0.6_grid5_base_low,9,0.6,low,base,base,7,7,14,10,2,1,1,1,0,0,-1,48,0.0,0.22916666666666666,0.22916666666666666,0.0,0,21,16,11,14,13,14,6,44,4,0,27,0.5625,UL,-0.0,47,0,0,0,1,1.0,0.0,0.0,0.0,0.020833333333333332,,0.0,0.0,0.0,0.0,0,ul,dl,dr,1,0,0,0,0
2,5,size9_comp0.6_grid5_base_low,9,0.6,low,base,base,7,7,14,10,2,1,1,1,0,0,-1,48,0.0,0.16666666666666666,0.16666666666666666,0.0,0,22,18,8,19,11,9,8,46,5,0,33,0.6875,UL,-0.0,48,0,0,0,0,1.0,0.0,0.0,0.0,0.0,,0.0,0.0,0.0,0.0,0,ul,dl,dr,1,0,0,0,0
3,5,size9_comp0.6_grid5_base_low,9,0.6,low,base,base,7,7,14,10,2,1,1,1,1,0,-1,41,0.0,0.34146341463414637,0.34146341463414637,0.0,1,10,17,13,12,11,7,10,31,9,0,13,0.3170731707317073,UL,1.0,15,0,15,0,11,0.5,0.0,0.5,0.0,0.2682926829268293,DL,0.0,0.0,0.04878048780487805,0.0,2,ul,dl,dr,1,0,0,0,0
4,5,size9_comp0.6_grid5_base_low,9,0.6,low,base,base,7,7,14,10,2,1,1,1,0,0,-1,48,0.0,0.1875,0.1875,0.0,1,26,15,6,22,12,9,4,41,4,0,34,0.7083333333333334,UL,0.1654270339962668,40,0,0,1,7,0.975609756097561,0.0,0.0,0.024390243902439025,0.14583333333333334,,0.0,0.0,0.0,0.0,0,ul,dl,dr,1,0,0,0,0
5,5,size9_comp0.6_grid5_base_low,9,0.6,low,base,base,7,7,14,10,2,1,1,1,0,0,-1,48,0.0,0.125,0.125,0.0,0,32,10,6,20,14,11,2,46,2,0,36,0.75,UL,-0.0,48,0,0,0,0,1.0,0.0,0.0,0.0,0.0,,0.0,0.0,0.0,0.0,0,ul,dl,dr,1,0,0,0,0
6,5,size9_comp0.6_grid5_base_low,9,0.6,low,base,base,7,7,14,10,2,1,1,1,1,0,-1,29,0.0,0.3103448275862069,0.3103448275862069,0.0,1,12,9,7,7,8,7,6,19,5,0,11,0.3793103448275862,UL,0.9182958340544896,14,0,7,0,8,0.6666666666666666,0.0,0.3333333333333333,0.0,0.27586206896551724,DL,0.0,0.0,0.034482758620689655,0.0,1,ul,dl,dr,1,0,0,0,0
7,5,size9_comp0.6_grid5_base_low,9,0.6,low,base,base,7,7,14,10,2,1,1,1,0,0,-1,48,0.0,0.22916666666666666,0.22916666666666666,0.0,1,18,18,11,21,14,6,6,43,5,0,26,0.5416666666666666,UL,-0.0,43,0,0,0,5,1.0,0.0,0.0,0.0,0.10416666666666667,,0.0,0.0,0.0,0.0,0,ul,dl,dr,1,0,0,0,0
8,5,size9_comp0.6_grid5_base_low,9,0.6,low,base,base,7,7,14,10,2,1,1,1,0,0,-1,48,0.0,0.14583333333333334,0.14583333333333334,0.0,0,27,14,7,16,12,14,5,46,3,0,35,0.7291666666666666,UL,-0.0,48,0,0,0,0,1.0,0.0,0.0,0.0,0.0,,0.0,0.0,0.0,0.0,0,ul,dl,dr,1,0,0,0,0
9,5,size9_comp0.6_grid5_base_low,9,0.6,low,base,base,7,7,14,10,2,1,1,1,1,0,-1,45,0.0,0.28888888888888886,0.28888888888888886,0.0,1,18,13,13,9,11,13,11,35,8,0,19,0.4222222222222222,UL,0.863120568566631,25,0,10,0,10,0.7142857142857143,0.0,0.2857142857142857,0.0,0.2222222222222222,DL,0.0,0.0,0.08888888888888889,0.0,4,ul,dl,dr,1,0,0,0,0
0,6,size9_comp0.6_grid6_base_low,9,0.6,low,base,base,9,5,14,6,5,1,1,1,0,0,-1,48,0.0,0.3958333333333333,0.3958333333333333,0.0,7,4,20,17,16,9,10,12,35,6,0,13,0.2708333333333333,DL,1.971335285306981,3,4,5,5,31,0.17647058823529413,0.23529411764705882,0.29411764705882354,0.29411764705882354,0.6458333333333334,,0.0,0.0,0.0,0.0,0,dl,dr,ur,1,0,0,0,0
1,6,size9_comp0.6_grid6_base_low,9,0.6,low,base,base,9,5,14,6,5,1,1,1,0,0,-1,48,0.0,0.4166666666666667,0.4166666666666667,0.0,3,2,17,26,19,7,3,18,37,14,0,14,0.2916666666666667,UR,1.187993939413456,5,23,5,0,15,0.15151515151515152,0.696969696969697,0.15151515151515152,0.0,0.3125,UR,0.0,0.020833333333333332,0.0,0.0,1,dl,dr,ur,0,1,0,0,0
2,6,size9_comp0.6_grid6_base_low,9,0.6,low,base,base,9,5,14,6,5,1,1,1,0,0,-1,48,0.0,0.4791666666666667,0.4791666666666667,0.0,3,2,21,22,10,6,2,29,42,26,0,4,0.08333333333333333,DL,0.1792560669283215,0,0,36,1,11,0.0,0.0,0.972972972972973,0.02702702702702703,0.22916666666666666,,0.0,0.0,0.0,0.0,0,dl,dr,ur,1,0,0,0,0
3,6,size9_comp0.6_grid6_base_low,9,0.6,low,base,base,9,5,14,6,5,1,1,1,0,0,-1,48,0.0,0.5,0.5,0.0,2,0,20,26,20,2,0,25,36,24,0,4,0.08333333333333333,DR,1.8961399650265074,4,7,7,12,18,0.13333333333333333,0.23333333333333334,0.23333333333333334,0.4,0.375,,0.0,0.0,0.0,0.0,0,dl,dr,ur,0,0,0,0,0
4,6,size9_comp0.6_grid6_base_low,9,0.6,low,base,base,9,5,14,6,5,1,1,1,1,0,-1,8,0.0,0.75,0.75,0.0,0,0,1,7,5,0,0,2,2,2,0,0,0.0,DR,0.9852281360342515,0,0,3,4,1,0.0,0.0,0.42857142857142855,0.5714285714285714,0.125,,0.0,0.0,0.0,0.0,0,dl,dr,ur,0,0,0,0,0
5,6,size9_comp0.6_grid6_base_low,9,0.6,low,base,base,9,5,14,6,5,1,1,1,0,0,-1,48,0.0,0.5,0.5,0.0,3,0,18,27,19,2,2,24,38,20,0,6,0.125,UR,1.6790648526406933,10,13,6,1,18,0.3333333333333333,0.43333333333333335,0.2,0.03333333333333333,0.375,,0.0,0.0,0.0,0.0,0,dl,dr,ur,0,1,0,0,0
6,6,size9_comp0.6_grid6_base_low,9,0.6,low,base,base,9,5,14,6,5,1,1,1,1,0,-1,38,0.0,0.42105263157894735,0.42105263157894735,0.0,3,2,17,16,16,5,3,13,31,11,0,10,0.2631578947368421,DL,0.4021791902022728,0,0,23,2,13,0.0,0.0,0.92,0.08,0.34210526315789475,,0.0,0.0,0.0,0.0,0,dl,dr,ur,1,0,0,0,0
7,6,size9_comp0.6_grid6_base_low,9,0.6,low,base,base,9,5,14,6,5,1,1,1,0,0,-1,48,0.0,0.3541666666666667,0.3541666666666667,0.0,5,2,14,27,16,5,7,19,39,13,0,20,0.4166666666666667,UR,1.5309937134931262,11,14,7,0,16,0.34375,0.4375,0.21875,0.0,0.3333333333333333,,0.0,0.0,0.0,0.0,0,dl,dr,ur,0,1,0,0,0
8,6,size9_comp0.6_grid6_base_low,9,0.6,low,base,base,9,5,14,6,5,1,1,1,1,0,-1,20,0.0,0.6,0.6,0.0,0,0,7,13,9,0,0,10,14,10,0,0,0.0,DL,0.5225593745369408,0,0,15,2,3,0.0,0.0,0.8823529411764706,0.11764705882352941,0.15,,0.0,0.0,0.0,0.0,0,dl,dr,ur,1,0,0,0,0
9,6,size9_comp0.6_grid6_base_low,9,0.6,low,base,base,9,5,14,6,5,1,1,1,0,0,-1,48,0.0,0.4583333333333333,0.4583333333333333,0.0,7,0,19,22,18,5,3,21,43,20,0,7,0.14583333333333334,DL,0.676941869780886,0,0,23,5,20,0.0,0.0,0.8214285714285714,0.17857142857142858,0.4166666666666667,,0.0,0.0,0.0,0.0,0,dl,dr,ur,1,0,0,0,0
0,7,size9_comp0.6_grid7_base_low,9,0.6,low,base,base,6,6,12,8,2,1,1,1,0,1,16,48,0.0,0.4791666666666667,0.5294117647058824,0.45161290322580644,4,4,16,24,14,10,4,19,39,15,1,11,0.22916666666666666,UR,0.9709505944546686,10,15,0,0,23,0.4,0.6,0.0,0.0,0.4791666666666667,,0.0,0.0,0.0,0.0,0,midline,dr,midline,0,0,0,0,0
1,7,size9_comp0.6_grid7_base_low,9,0.6,low,base,base,6,6,12,8,2,1,1,1,0,1,16,48,0.0,0.4791666666666667,0.5882352941176471,0.41935483870967744,3,2,16,27,14,7,3,23,36,18,5,9,0.1875,UR,0.4689955935892812,3,27,0,0,18,0.1,0.9,0.0,0.0,0.375,UR,0.0,0.10416666666666667,0.0,0.0,5,midline,dr,midline,0,0,0,0,0
2,7,size9_comp0.6_grid7_base_low,9,0.6,low,base,base,6,6,12,8,2,1,1,1,0,1,20,48,0.0,0.4375,0.5238095238095238,0.37037037037037035,7,3,15,23,12,10,4,21,38,13,1,14,0.2916666666666667,UR,0.9059282160429991,9,19,0,0,20,0.32142857142857145,0.6785714285714286,0.0,0.0,0.4166666666666667,,0.0,0.0,0.0,0.0,0,midline,dr,midline,0,0,0,0,0
3,7,size9_comp0.6_grid7_base_low,9,0.6,low,base,base,6,6,12,8,2,1,1,1,0,0,-1,48,0.0,0.4166666666666667,0.4166666666666667,0.0,3,1,17,27,22,4,4,17,40,13,0,13,0.2708333333333333,UR,0.996316519558962,13,15,0,0,20,0.4642857142857143,0.5357142857142857,0.0,0.0,0.4166666666666667,,0.0,0.0,0.0,0.0,0,midline,dr,midline,0,0,0,0,0
4,7,size9_comp0.6_grid7_base_low,9,0.6,low,base,base,6,6,12,8,2,1,1,1,0,0,-1,48,0.0,0.3125,0.3125,0.0,3,3,12,30,24,4,6,13,41,9,0,21,0.4375,UR,0.8497511372532974,8,21,0,0,19,0.27586206896551724,0.7241379310344828,0.0,0.0,0.3958333333333333,,0.0,0.0,0.0,0.0,0,midline,dr,midline,0,0,0,0,0
5,7,size9_comp0.6_grid7_base_low,9,0.6,low,base,base,6,6,12,8,2,1,1,1,0,0,-1,48,0.0,0.4791666666666667,0.4791666666666667,0.0,2,0,19,27,19,2,2,24,42,21,0,6,0.125,UL,0.9672947789468944,20,13,0,0,15,0.6060606060606061,0.3939393939393939,0.0,0.0,0.3125,,0.0,0.0,0.0,0.0,0,midline,dr,midline,0,0,0,0,0
6,7,size9_comp0.6_grid7_base_low,9,0.6,low,base,base,6,6,12,8,2,1,1,1,0,0,-1,48,0.0,0.22916666666666666,0.22916666666666666,0.0,4,4,16,24,17,4,8,18,37,3,0,29,0.6041666666666666,DL,0.6948053635662363,4,0,30,1,13,0.11428571428571428,0.0,0.8571428571428571,0.02857142857142857,0.2708333333333333,,0.0,0.0,0.0,0.0,0,midline,dr,midline,0,0,0,0,0
7,7,size9_comp0.6_grid7_base_low,9,0.6,low,base,base,6,6,12,8,2,1,1,1,0,0,-1,48,0.0,0.3333333333333333,0.3333333333333333,0.0,1,1,12,34,25,2,2,18,42,13,0,19,0.3958333333333333,UR,0.9456603046006401,12,21,0,0,15,0.36363636363636365,0.6363636363636364,0.0,0.0,0.3125,,0.0,0.0,0.0,0.0,0,midline,dr,midline,0,0,0,0,0
8,7,size9_comp0.6_grid7_base_low,9,0.6,low,base,base,6,6,12,8,2,1,1,1,0,1,43,48,0.0,0.3958333333333333,0.38636363636363635,0.5,6,3,12,27,19,10,2,16,37,12,1,16,0.3333333333333333,UR,0.8366407419411672,8,22,0,0,18,0.26666666666666666,0.7333333333333333,0.0,0.0,0.375,UR,0.0,0.020833333333333332,0.0,0.0,1,midline,dr,midline,0,0,0,0,0
9,7,size9_comp0.6_grid7_base_low,9,0.6,low,base,base,6,6,12,8,2,1,1,1,0,0,-1,48,0.0,0.3333333333333333,0.3333333333333333,0.0,4,3,20,21,22,8,4,13,40,7,0,19,0.3958333333333333,UR,0.6840384356390417,4,18,0,0,26,0.18181818181818182,0.8181818181818182,0.0,0.0,0.5416666666666666,,0.0,0.0,0.0,0.0,0,midline,dr,midline,0,0,0,0,0
0,8,size9_comp0.6_grid8_base_low,9,0.6,low,base,base,9,5,14,10,5,1,1,1,0,0,-1,48,0.0,0.375,0.375,0.0,3,3,21,21,13,9,3,22,40,14,0,15,0.3125,DL,0.9444885341662053,1,3,14,0,30,0.05555555555555555,0.16666666666666666,0.7777777777777778,0.0,0.625,,0.0,0.0,0.0,0.0,0,dl,ur,dr,1,0,0,0,0
1,8,size9_comp0.6_grid8_base_low,9,0.6,low,base,base,9,5,14,10,5,1,1,1,0,0,-1,48,0.0,0.3958333333333333,0.3958333333333333,0.0,5,4,18,21,14,5,8,20,38,16,0,12,0.25,UL,1.4000745152068985,18,5,9,0,16,0.5625,0.15625,0.28125,0.0,0.3333333333333333,,0.0,0.0,0.0,0.0,0,dl,ur,dr,0,0,0,0,0
2,8,size9_comp0.6_grid8_base_low,9,0.6,low,base,base,9,5,14,10,5,1,1,1,0,0,-1,48,0.0,0.4791666666666667,0.4791666666666667,0.0,7,3,18,20,10,6,8,23,37,22,0,4,0.08333333333333333,DL,1.1050139971135322,10,2,26,0,10,0.2631578947368421,0.05263157894736842,0.6842105263157895,0.0,0.20833333333333334,DL,0.0,0.0,0.0625,0.0,2,dl,ur,dr,1,0,0,0,0
3,8,size9_comp0.6_grid8_base_low,9,0.6,low,base,base,9,5,14,10,5,1,1,1,0,0,-1,48,0.0,0.16666666666666666,0.16666666666666666,0.0,3,1,25,19,19,4,2,22,39,4,0,34,0.7083333333333334,UL,0.8812908992306927,7,0,3,0,38,0.7,0.0,0.3,0.0,0.7916666666666666,,0.0,0.0,0.0,0.0,0,dl,ur,dr,0,0,0,0,0
4,8,size9_comp0.6_grid8_base_low,9,0.6,low,base,base,9,5,14,10,5,1,1,1,0,0,-1,48,0.0,0.4375,0.4375,0.0,4,1,17,26,17,4,2,24,37,19,0,8,0.16666666666666666,UL,1.5614027904621763,14,11,9,0,14,0.4117647058823529,0.3235294117647059,0.2647058823529412,0.0,0.2916666666666667,,0.0,0.0,0.0,0.0,0,dl,ur,dr,0,0,0,0,0
5,8,size9_comp0.6_grid8_base_low,9,0.6,low,base,base,9,5,14,10,5,1,1,1,0,0,-1,48,0.0,0.4166666666666667,0.4166666666666667,0.0,5,3,19,21,12,11,5,19,38,14,0,9,0.1875,UL,1.5061046842206038,11,5,11,0,21,0.4074074074074074,0.18518518518518517,0.4074074074074074,0.0,0.4375,DL,0.0,0.0,0.0625,0.0,3,dl,ur,dr,0,0,0,0,0
6,8,size9_comp0.6_grid8_base_low,9,0.6,low,base,base,9,5,14,10,5,1,1,1,0,0,-1,48,0.0,0.20833333333333334,0.20833333333333334,0.0,5,0,23,20,23,5,5,14,39,6,0,30,0.625,UR,1.3709505944546687,2,6,2,0,38,0.2,0.6,0.2,0.0,0.7916666666666666,,0.0,0.0,0.0,0.0,0,dl,ur,dr,0,0,0,0,0
7,8,size9_comp0.6_grid8_base_low,9,0.6,low,base,base,9,5,14,10,5,1,1,1,0,0,-1,48,0.0,0.3541666666666667,0.3541666666666667,0.0,4,1,17,26,18,6,3,20,38,14,0,18,0.375,UL,1.5566567074628228,9,6,6,0,27,0.42857142857142855,0.2857142857142857,0.2857142857142857,0.0,0.5625,,0.0,0.0,0.0,0.0,0,dl,ur,dr,0,0,0,0,0
8,8,size9_comp0.6_grid8_base_low,9,0.6,low,base,base,9,5,14,10,5,1,1,1,0,0,-1,48,0.0,0.4166666666666667,0.4166666666666667,0.0,5,4,18,21,15,2,10,20,40,14,0,12,0.25,DL,0.9321115676166747,8,0,15,0,25,0.34782608695652173,0.0,0.6521739130434783,0.0,0.5208333333333334,,0.0,0.0,0.0,0.0,0,dl,ur,dr,1,0,0,0,0
9,8,size9_comp0.6_grid8_base_low,9,0.6,low,base,base,9,5,14,10,5,1,1,1,0,0,-1,48,0.0,0.4791666666666667,0.4791666666666667,0.0,4,2,20,22,9,7,5,26,39,24,0,4,0.08333333333333333,DL,0.9330252953592911,15,0,28,0,5,0.3488372093023256,0.0,0.6511627906976745,0.0,0.10416666666666667,,0.0,0.0,0.0,0.0,0,dl,ur,dr,1,0,0,0,0
0,9,size9_comp0.6_grid9_base_low,9,0.6,low,base,base,3,6,9,3,3,1,1,1,0,0,-1,48,0.0,0.22916666666666666,0.22916666666666666,0.0,2,0,30,16,23,3,1,20,42,9,0,23,0.4791666666666667,UR,-0.0,0,35,0,0,13,0.0,1.0,0.0,0.0,0.2708333333333333,UR,0.0,0.020833333333333332,0.0,0.0,1,midline,ur,dr,0,0,0,0,0
1,9,size9_comp0.6_grid9_base_low,9,0.6,low,base,base,3,6,9,3,3,1,1,1,0,0,-1,48,0.0,0.20833333333333334,0.20833333333333334,0.0,2,0,35,11,24,1,3,19,41,10,0,24,0.5,UR,-0.0,0,43,0,0,5,0.0,1.0,0.0,0.0,0.10416666666666667,UR,0.0,0.20833333333333334,0.0,0.0,3,midline,ur,dr,0,0,0,0,0
2,9,size9_comp0.6_grid9_base_low,9,0.6,low,base,base,3,6,9,3,3,1,1,1,0,0,-1,48,0.0,0.2708333333333333,0.2708333333333333,0.0,2,0,27,19,19,2,1,25,44,14,0,18,0.375,UR,-0.0,0,38,0,0,10,0.0,1.0,0.0,0.0,0.20833333333333334,,0.0,0.0,0.0,0.0,0,midline,ur,dr,0,0,0,0,0
3,9,size9_comp0.6_grid9_base_low,9,0.6,low,base,base,3,6,9,3,3,1,1,1,0,0,-1,48,0.0,0.2916666666666667,0.2916666666666667,0.0,2,0,29,17,23,2,2,20,42,10,0,17,0.3541666666666667,UR,-0.0,0,45,0,0,3,0.0,1.0,0.0,0.0,0.0625,UR,0.0,0.3958333333333333,0.0,0.0,4,midline,ur,dr,0,0,0,0,0
4,9,size9_comp0.6_grid9_base_low,9,0.6,low,base,base,3,6,9,3,3,1,1,1,0,0,-1,48,0.0,0.25,0.25,0.0,2,0,31,15,25,0,4,18,41,11,0,20,0.4166666666666667,UR,-0.0,0,44,0,0,4,0.0,1.0,0.0,0.0,0.08333333333333333,UR,0.0,0.3333333333333333,0.0,0.0,4,midline,ur,dr,0,0,0,0,0
5,9,size9_comp0.6_grid9_base_low,9,0.6,low,base,base,3,6,9,3,3,1,1,1,0,0,-1,48,0.0,0.3125,0.3125,0.0,2,1,27,18,20,3,3,21,41,13,0,16,0.3333333333333333,UR,-0.0,0,46,0,0,2,0.0,1.0,0.0,0.0,0.041666666666666664,UR,0.0,0.3333333333333333,0.0,0.0,9,midline,ur,dr,0,0,0,0,0
6,9,size9_comp0.6_grid9_base_low,9,0.6,low,base,base,3,6,9,3,3,1,1,1,0,0,-1,48,0.0,0.3125,0.3125,0.0,2,0,30,16,20,2,2,23,41,18,0,14,0.2916666666666667,UR,-0.0,0,41,0,0,7,0.0,1.0,0.0,0.0,0.14583333333333334,UR,0.0,0.2916666666666667,0.0,0.0,9,midline,ur,dr,0,0,0,0,0
7,9,size9_comp0.6_grid9_base_low,9,0.6,low,base,base,3,6,9,3,3,1,1,1,0,0,-1,48,0.0,0.2708333333333333,0.2708333333333333,0.0,2,0,32,14,27,1,1,18,43,11,0,19,0.3958333333333333,UR,-0.0,0,34,0,0,14,0.0,1.0,0.0,0.0,0.2916666666666667,UR,0.0,0.4375,0.0,0.0,6,midline,ur,dr,0,0,0,0,0
8,9,size9_comp0.6_grid9_base_low,9,0.6,low,base,base,3,6,9,3,3,1,1,1,0,0,-1,48,0.0,0.041666666666666664,0.041666666666666664,0.0,2,0,39,7,33,0,3,11,44,3,0,40,0.8333333333333334,UR,-0.0,0,12,0,0,36,0.0,1.0,0.0,0.0,0.75,,0.0,0.0,0.0,0.0,0,midline,ur,dr,0,0,0,0,0
9,9,size9_comp0.6_grid9_base_low,9,0.6,low,base,base,3,6,9,3,3,1,1,1,0,0,-1,48,0.0,0.22916666666666666,0.22916666666666666,0.0,2,0,31,15,19,3,1,24,43,15,0,23,0.4791666666666667,UR,-0.0,0,31,0,0,17,0.0,1.0,0.0,0.0,0.3541666666666667,UR,0.0,0.2708333333333333,0.0,0.0,3,midline,ur,dr,0,0,0,0,0
