trajectory_id,grid_id,grid_key,grid_size,density,reasoning_effort,transform_type,trajectory_category,start_to_coin_distance,coin_to_goal_distance,start_to_goal_via_coin_distance,start_to_goal_distance,coin_detour_distance,coin_reachable_from_start,goal_reachable_from_start,goal_reachable_from_coin,reached_goal,coin_collected,coin_collection_step,trajectory_length,spl,action_accuracy,action_accuracy_phase1,action_accuracy_phase2,num_actions_up,num_actions_down,num_actions_left,num_actions_right,num_steps_front,num_steps_left_turn,num_steps_right_turn,num_steps_back,num_cell_revisits,num_immediate_revisits,num_coin_oscillations,num_invalid_actions,invalid_action_rate
0,0,size11_comp0.0_grid0_base_medium,11,0.0,medium,base,base,7,11,18,8,5,1,1,1,1,0,-1,8,0.0,0.25,0.25,0.0,0,5,0,3,3,2,2,0,0,0,0,0,0.0
1,0,size11_comp0.0_grid0_base_medium,11,0.0,medium,base,base,7,11,18,8,5,1,1,1,1,0,-1,8,0.0,0.25,0.25,0.0,0,5,0,3,6,0,1,0,0,0,0,0,0.0
2,0,size11_comp0.0_grid0_base_medium,11,0.0,medium,base,base,7,11,18,8,5,1,1,1,1,0,-1,8,0.0,0.25,0.25,0.0,0,5,0,3,5,1,1,0,0,0,0,0,0.0
3,0,size11_comp0.0_grid0_base_medium,11,0.0,medium,base,base,7,11,18,8,5,1,1,1,1,0,-1,9,0.0,0.2222222222222222,0.2222222222222222,0.0,0,5,0,4,3,2,3,0,1,0,0,1,0.1111111111111111
5,0,size11_comp0.0_grid0_base_medium,11,0.0,medium,base,base,7,11,18,8,5,1,1,1,1,0,-1,9,0.0,0.2222222222222222,0.2222222222222222,0.0,0,5,0,4,2,3,3,0,1,0,0,1,0.1111111111111111
6,0,size11_comp0.0_grid0_base_medium,11,0.0,medium,base,base,7,11,18,8,5,1,1,1,1,0,-1,9,0.0,0.2222222222222222,0.2222222222222222,0.0,0,5,0,4,3,2,3,0,1,0,0,1,0.1111111111111111
7,0,size11_comp0.0_grid0_base_medium,11,0.0,medium,base,base,7,11,18,8,5,1,1,1,1,0,-1,8,0.0,0.25,0.25,0.0,0,5,0,3,4,1,2,0,0,0,0,0,0.0
8,0,size11_comp0.0_grid0_base_medium,11,0.0,medium,base,base,7,11,18,8,5,1,1,1,1,0,-1,8,0.0,0.25,0.25,0.0,0,5,0,3,6,0,1,0,0,0,0,0,0.0
9,0,size11_comp0.0_grid0_base_medium,11,0.0,medium,base,base,7,11,18,8,5,1,1,1,1,0,-1,8,0.0,0.25,0.25,0.0,0,5,0,3,2,2,3,0,0,0,0,0,0.0
0,1,size11_comp0.0_grid1_base_medium,11,0.0,medium,base,base,4,4,8,4,2,1,1,1,1,0,-1,4,0.0,0.5,0.5,0.0,0,0,0,4,3,0,0,0,0,0,0,0,0.0
1,1,size11_comp0.0_grid1_base_medium,11,0.0,medium,base,base,4,4,8,4,2,1,1,1,1,0,-1,4,0.0,0.5,0.5,0.0,0,0,0,4,3,0,0,0,0,0,0,0,0.0
2,1,size11_comp0.0_grid1_base_medium,11,0.0,medium,base,base,4,4,8,4,2,1,1,1,1,0,-1,4,0.0,0.5,0.5,0.0,0,0,0,4,3,0,0,0,0,0,0,0,0.0
3,1,size11_comp0.0_grid1_base_medium,11,0.0,medium,base,base,4,4,8,4,2,1,1,1,1,0,-1,8,0.0,0.5,0.5,0.0,1,1,1,5,2,1,3,1,2,1,0,0,0.0
4,1,size11_comp0.0_grid1_base_medium,11,0.0,medium,base,base,4,4,8,4,2,1,1,1,1,0,-1,4,0.0,0.5,0.5,0.0,0,0,0,4,3,0,0,0,0,0,0,0,0.0
5,1,size11_comp0.0_grid1_base_medium,11,0.0,medium,base,base,4,4,8,4,2,1,1,1,1,0,-1,4,0.0,0.5,0.5,0.0,0,0,0,4,3,0,0,0,0,0,0,0,0.0
6,1,size11_comp0.0_grid1_base_medium,11,0.0,medium,base,base,4,4,8,4,2,1,1,1,1,0,-1,4,0.0,0.5,0.5,0.0,0,0,0,4,3,0,0,0,0,0,0,0,0.0
7,1,size11_comp0.0_grid1_base_medium,11,0.0,medium,base,base,4,4,8,4,2,1,1,1,1,0,-1,4,0.0,0.5,0.5,0.0,0,0,0,4,3,0,0,0,0,0,0,0,0.0
8,1,size11_comp0.0_grid1_base_medium,11,0.0,medium,base,base,4,4,8,4,2,1,1,1,1,0,-1,4,0.0,0.5,0.5,0.0,0,0,0,4,3,0,0,0,0,0,0,0,0.0
9,1,size11_comp0.0_grid1_base_medium,11,0.0,medium,base,base,4,4,8,4,2,1,1,1,1,0,-1,4,0.0,0.5,0.5,0.0,0,0,0,4,3,0,0,0,0,0,0,0,0.0
0,2,size11_comp0.0_grid2_base_medium,11,0.0,medium,base,base,6,4,10,6,2,1,1,1,1,0,-1,10,0.0,0.6,0.6,0.0,5,2,3,0,3,1,2,3,3,3,0,0,0.0
1,2,size11_comp0.0_grid2_base_medium,11,0.0,medium,base,base,6,4,10,6,2,1,1,1,1,0,-1,8,0.0,0.625,0.625,0.0,4,1,3,0,4,2,1,0,0,0,0,0,0.0
2,2,size11_comp0.0_grid2_base_medium,11,0.0,medium,base,base,6,4,10,6,2,1,1,1,1,0,-1,10,0.0,0.6,0.6,0.0,5,2,3,0,4,2,2,1,1,1,0,0,0.0
3,2,size11_comp0.0_grid2_base_medium,11,0.0,medium,base,base,6,4,10,6,2,1,1,1,1,0,-1,8,0.0,0.625,0.625,0.0,4,1,3,0,3,3,1,0,0,0,0,0,0.0
5,2,size11_comp0.0_grid2_base_medium,11,0.0,medium,base,base,6,4,10,6,2,1,1,1,1,0,-1,8,0.0,0.625,0.625,0.0,4,1,3,0,3,3,1,0,0,0,0,0,0.0
6,2,size11_comp0.0_grid2_base_medium,11,0.0,medium,base,base,6,4,10,6,2,1,1,1,1,0,-1,8,0.0,0.625,0.625,0.0,4,1,3,0,2,3,2,0,0,0,0,0,0.0
8,2,size11_comp0.0_grid2_base_medium,11,0.0,medium,base,base,6,4,10,6,2,1,1,1,1,0,-1,6,0.0,0.6666666666666666,0.6666666666666666,0.0,3,0,3,0,0,3,2,0,0,0,0,0,0.0
0,3,size11_comp0.0_grid3_base_medium,11,0.0,medium,base,base,7,5,12,10,1,1,1,1,1,0,-1,10,0.0,0.6,0.6,0.0,0,3,0,7,4,2,3,0,0,0,0,0,0.0
1,3,size11_comp0.0_grid3_base_medium,11,0.0,medium,base,base,7,5,12,10,1,1,1,1,1,0,-1,10,0.0,0.6,0.6,0.0,0,3,0,7,5,2,2,0,0,0,0,0,0.0
2,3,size11_comp0.0_grid3_base_medium,11,0.0,medium,base,base,7,5,12,10,1,1,1,1,1,0,-1,11,0.0,0.5454545454545454,0.5454545454545454,0.0,0,3,0,7,4,2,2,0,1,0,0,0,0.0
3,3,size11_comp0.0_grid3_base_medium,11,0.0,medium,base,base,7,5,12,10,1,1,1,1,1,0,-1,10,0.0,0.6,0.6,0.0,0,3,0,7,4,2,3,0,0,0,0,0,0.0
4,3,size11_comp0.0_grid3_base_medium,11,0.0,medium,base,base,7,5,12,10,1,1,1,1,1,0,-1,12,0.0,0.5833333333333334,0.5833333333333334,0.0,1,4,0,7,5,3,3,0,0,0,0,0,0.0
5,3,size11_comp0.0_grid3_base_medium,11,0.0,medium,base,base,7,5,12,10,1,1,1,1,1,0,-1,10,0.0,0.6,0.6,0.0,0,3,0,7,6,1,2,0,0,0,0,0,0.0
6,3,size11_comp0.0_grid3_base_medium,11,0.0,medium,base,base,7,5,12,10,1,1,1,1,1,0,-1,10,0.0,0.6,0.6,0.0,0,3,0,7,5,2,2,0,0,0,0,0,0.0
7,3,size11_comp0.0_grid3_base_medium,11,0.0,medium,base,base,7,5,12,10,1,1,1,1,1,0,-1,11,0.0,0.5454545454545454,0.5454545454545454,0.0,0,3,0,8,5,2,3,0,1,0,0,1,0.09090909090909091
8,3,size11_comp0.0_grid3_base_medium,11,0.0,medium,base,base,7,5,12,10,1,1,1,1,1,0,-1,12,0.0,0.5,0.5,0.0,0,3,0,9,8,1,2,0,2,0,0,2,0.16666666666666666
9,3,size11_comp0.0_grid3_base_medium,11,0.0,medium,base,base,7,5,12,10,1,1,1,1,1,0,-1,10,0.0,0.6,0.6,0.0,0,3,0,7,4,2,3,0,0,0,0,0,0.0
0,4,size11_comp0.0_grid4_base_medium,11,0.0,medium,base,base,9,5,14,4,5,1,1,1,1,0,-1,14,0.0,0.6428571428571429,0.6428571428571429,0.0,3,6,2,3,3,3,2,5,5,5,0,0,0.0
1,4,size11_comp0.0_grid4_base_medium,11,0.0,medium,base,base,9,5,14,4,5,1,1,1,1,0,-1,8,0.0,0.75,0.75,0.0,1,4,1,2,2,0,4,1,1,1,0,0,0.0
2,4,size11_comp0.0_grid4_base_medium,11,0.0,medium,base,base,9,5,14,4,5,1,1,1,1,0,-1,8,0.0,0.75,0.75,0.0,1,4,1,2,4,3,0,0,1,0,0,0,0.0
3,4,size11_comp0.0_grid4_base_medium,11,0.0,medium,base,base,9,5,14,4,5,1,1,1,1,0,-1,15,0.0,0.6,0.6,0.0,3,6,2,3,3,2,1,6,8,6,0,0,0.0
5,4,size11_comp0.0_grid4_base_medium,11,0.0,medium,base,base,9,5,14,4,5,1,1,1,1,0,-1,4,0.0,1.0,1.0,0.0,0,3,0,1,1,1,1,0,0,0,0,0,0.0
9,4,size11_comp0.0_grid4_base_medium,11,0.0,medium,base,base,9,5,14,4,5,1,1,1,1,0,-1,16,0.0,0.5625,0.5625,0.0,3,5,3,5,5,7,2,1,7,0,0,2,0.125
0,5,size11_comp0.0_grid5_base_medium,11,0.0,medium,base,base,4,7,11,3,4,1,1,1,1,0,-1,3,0.0,0.0,0.0,0.0,0,1,0,2,1,0,1,0,0,0,0,0,0.0
1,5,size11_comp0.0_grid5_base_medium,11,0.0,medium,base,base,4,7,11,3,4,1,1,1,1,0,-1,3,0.0,0.0,0.0,0.0,0,1,0,2,0,1,1,0,0,0,0,0,0.0
2,5,size11_comp0.0_grid5_base_medium,11,0.0,medium,base,base,4,7,11,3,4,1,1,1,1,0,-1,3,0.0,0.0,0.0,0.0,0,1,0,2,1,0,1,0,0,0,0,0,0.0
3,5,size11_comp0.0_grid5_base_medium,11,0.0,medium,base,base,4,7,11,3,4,1,1,1,1,0,-1,3,0.0,0.0,0.0,0.0,0,1,0,2,1,1,0,0,0,0,0,0,0.0
4,5,size11_comp0.0_grid5_base_medium,11,0.0,medium,base,base,4,7,11,3,4,1,1,1,1,0,-1,3,0.0,0.0,0.0,0.0,0,1,0,2,1,0,1,0,0,0,0,0,0.0
5,5,size11_comp0.0_grid5_base_medium,11,0.0,medium,base,base,4,7,11,3,4,1,1,1,1,0,-1,3,0.0,0.0,0.0,0.0,0,1,0,2,1,0,1,0,0,0,0,0,0.0
6,5,size11_comp0.0_grid5_base_medium,11,0.0,medium,base,base,4,7,11,3,4,1,1,1,1,0,-1,3,0.0,0.0,0.0,0.0,0,1,0,2,1,0,1,0,0,0,0,0,0.0
7,5,size11_comp0.0_grid5_base_medium,11,0.0,medium,base,base,4,7,11,3,4,1,1,1,1,0,-1,3,0.0,0.0,0.0,0.0,0,1,0,2,1,0,1,0,0,0,0,0,0.0
8,5,size11_comp0.0_grid5_base_medium,11,0.0,medium,base,base,4,7,11,3,4,1,1,1,1,0,-1,3,0.0,0.0,0.0,0.0,0,1,0,2,0,1,1,0,0,0,0,0,0.0
9,5,size11_comp0.0_grid5_base_medium,11,0.0,medium,base,base,4,7,11,3,4,1,1,1,1,0,-1,3,0.0,0.0,0.0,0.0,0,1,0,2,0,1,1,0,0,0,0,0,0.0
0,6,size11_comp0.0_grid6_base_medium,11,0.0,medium,base,base,9,7,16,4,6,1,1,1,1,0,-1,8,0.0,0.625,0.625,0.0,2,2,4,0,3,1,2,1,1,1,0,0,0.0
1,6,size11_comp0.0_grid6_base_medium,11,0.0,medium,base,base,9,7,16,4,6,1,1,1,1,0,-1,8,0.0,0.625,0.625,0.0,2,2,4,0,1,2,2,2,2,2,0,0,0.0
2,6,size11_comp0.0_grid6_base_medium,11,0.0,medium,base,base,9,7,16,4,6,1,1,1,1,0,-1,8,0.0,0.625,0.625,0.0,2,2,4,0,2,1,3,1,1,1,0,0,0.0
3,6,size11_comp0.0_grid6_base_medium,11,0.0,medium,base,base,9,7,16,4,6,1,1,1,1,0,-1,10,0.0,0.6,0.6,0.0,3,3,4,0,2,4,2,1,1,1,0,0,0.0
4,6,size11_comp0.0_grid6_base_medium,11,0.0,medium,base,base,9,7,16,4,6,1,1,1,1,0,-1,4,0.0,0.75,0.75,0.0,0,0,4,0,3,0,0,0,0,0,0,0,0.0
5,6,size11_comp0.0_grid6_base_medium,11,0.0,medium,base,base,9,7,16,4,6,1,1,1,1,0,-1,4,0.0,0.75,0.75,0.0,0,0,4,0,3,0,0,0,0,0,0,0,0.0
6,6,size11_comp0.0_grid6_base_medium,11,0.0,medium,base,base,9,7,16,4,6,1,1,1,1,0,-1,4,0.0,0.75,0.75,0.0,0,0,4,0,3,0,0,0,0,0,0,0,0.0
8,6,size11_comp0.0_grid6_base_medium,11,0.0,medium,base,base,9,7,16,4,6,1,1,1,1,0,-1,4,0.0,0.75,0.75,0.0,0,0,4,0,3,0,0,0,0,0,0,0,0.0
9,6,size11_comp0.0_grid6_base_medium,11,0.0,medium,base,base,9,7,16,4,6,1,1,1,1,0,-1,6,0.0,0.6666666666666666,0.6666666666666666,0.0,1,1,4,0,2,2,1,0,0,0,0,0,0.0
0,7,size11_comp0.0_grid7_base_medium,11,0.0,medium,base,base,6,5,11,5,3,1,1,1,1,0,-1,5,0.0,0.6,0.6,0.0,2,0,3,0,1,2,1,0,0,0,0,0,0.0
1,7,size11_comp0.0_grid7_base_medium,11,0.0,medium,base,base,6,5,11,5,3,1,1,1,1,0,-1,5,0.0,0.6,0.6,0.0,2,0,3,0,1,1,2,0,0,0,0,0,0.0
3,7,size11_comp0.0_grid7_base_medium,11,0.0,medium,base,base,6,5,11,5,3,1,1,1,1,0,-1,5,0.0,0.6,0.6,0.0,2,0,3,0,3,1,0,0,0,0,0,0,0.0
5,7,size11_comp0.0_grid7_base_medium,11,0.0,medium,base,base,6,5,11,5,3,1,1,1,1,0,-1,5,0.0,0.6,0.6,0.0,2,0,3,0,0,2,2,0,0,0,0,0,0.0
8,7,size11_comp0.0_grid7_base_medium,11,0.0,medium,base,base,6,5,11,5,3,1,1,1,1,0,-1,5,0.0,0.6,0.6,0.0,2,0,3,0,0,2,2,0,0,0,0,0,0.0
9,7,size11_comp0.0_grid7_base_medium,11,0.0,medium,base,base,6,5,11,5,3,1,1,1,1,0,-1,5,0.0,0.6,0.6,0.0,2,0,3,0,3,0,1,0,0,0,0,0,0.0
0,8,size11_comp0.0_grid8_base_medium,11,0.0,medium,base,base,5,6,11,5,3,1,1,1,1,0,-1,7,0.0,0.2857142857142857,0.2857142857142857,0.0,2,2,3,0,1,3,2,0,2,0,0,2,0.2857142857142857
1,8,size11_comp0.0_grid8_base_medium,11,0.0,medium,base,base,5,6,11,5,3,1,1,1,1,0,-1,5,0.0,0.4,0.4,0.0,0,2,3,0,3,1,0,0,0,0,0,0,0.0
2,8,size11_comp0.0_grid8_base_medium,11,0.0,medium,base,base,5,6,11,5,3,1,1,1,1,0,-1,11,0.0,0.45454545454545453,0.45454545454545453,0.0,2,4,4,1,0,3,3,4,6,4,0,0,0.0
4,8,size11_comp0.0_grid8_base_medium,11,0.0,medium,base,base,5,6,11,5,3,1,1,1,1,0,-1,9,0.0,0.3333333333333333,0.3333333333333333,0.0,2,2,4,1,3,4,0,1,3,1,0,2,0.2222222222222222
6,8,size11_comp0.0_grid8_base_medium,11,0.0,medium,base,base,5,6,11,5,3,1,1,1,1,0,-1,6,0.0,0.3333333333333333,0.3333333333333333,0.0,1,2,3,0,1,1,2,1,1,0,0,1,0.16666666666666666
7,8,size11_comp0.0_grid8_base_medium,11,0.0,medium,base,base,5,6,11,5,3,1,1,1,1,0,-1,7,0.0,0.42857142857142855,0.42857142857142855,0.0,0,2,4,1,2,1,1,2,2,2,0,0,0.0
8,8,size11_comp0.0_grid8_base_medium,11,0.0,medium,base,base,5,6,11,5,3,1,1,1,1,0,-1,7,0.0,0.42857142857142855,0.42857142857142855,0.0,1,3,3,0,1,1,2,2,2,2,0,0,0.0
9,8,size11_comp0.0_grid8_base_medium,11,0.0,medium,base,base,5,6,11,5,3,1,1,1,1,0,-1,13,0.0,0.38461538461538464,0.38461538461538464,0.0,2,2,6,3,3,3,5,1,5,1,0,2,0.15384615384615385
0,9,size11_comp0.0_grid9_base_medium,11,0.0,medium,base,base,7,3,10,4,3,1,1,1,1,0,-1,12,0.0,0.6666666666666666,0.6666666666666666,0.0,1,4,4,3,2,2,4,3,5,3,0,0,0.0
1,9,size11_comp0.0_grid9_base_medium,11,0.0,medium,base,base,7,3,10,4,3,1,1,1,1,0,-1,10,0.0,0.7,0.7,0.0,2,5,2,1,0,2,4,3,4,3,0,0,0.0
2,9,size11_comp0.0_grid9_base_medium,11,0.0,medium,base,base,7,3,10,4,3,1,1,1,1,0,-1,6,0.0,0.8333333333333334,0.8333333333333334,0.0,1,4,1,0,2,2,0,1,1,1,0,0,0.0
3,9,size11_comp0.0_grid9_base_medium,11,0.0,medium,base,base,7,3,10,4,3,1,1,1,1,0,-1,4,0.0,1.0,1.0,0.0,0,3,1,0,1,1,1,0,0,0,0,0,0.0
4,9,size11_comp0.0_grid9_base_medium,11,0.0,medium,base,base,7,3,10,4,3,1,1,1,1,0,-1,6,0.0,0.8333333333333334,0.8333333333333334,0.0,0,3,2,1,0,3,2,0,0,0,0,0,0.0
5,9,size11_comp0.0_grid9_base_medium,11,0.0,medium,base,base,7,3,10,4,3,1,1,1,1,0,-1,4,0.0,1.0,1.0,0.0,0,3,1,0,2,1,0,0,0,0,0,0,0.0
7,9,size11_comp0.0_grid9_base_medium,11,0.0,medium,base,base,7,3,10,4,3,1,1,1,1,0,-1,4,0.0,1.0,1.0,0.0,0,3,1,0,2,1,0,0,0,0,0,0,0.0
9,9,size11_comp0.0_grid9_base_medium,11,0.0,medium,base,base,7,3,10,4,3,1,1,1,1,0,-1,6,0.0,0.8333333333333334,0.8333333333333334,0.0,0,3,2,1,2,2,0,1,1,1,0,0,0.0
0,0,size11_comp0.2_grid0_base_medium,11,0.2,medium,base,base,6,3,9,5,2,1,1,1,1,0,-1,9,0.0,0.6666666666666666,0.6666666666666666,0.0,4,2,3,0,3,2,1,2,2,2,0,0,0.0
1,0,size11_comp0.2_grid0_base_medium,11,0.2,medium,base,base,6,3,9,5,2,1,1,1,1,0,-1,5,0.0,0.8,0.8,0.0,2,0,3,0,2,1,1,0,0,0,0,0,0.0
2,0,size11_comp0.2_grid0_base_medium,11,0.2,medium,base,base,6,3,9,5,2,1,1,1,1,0,-1,11,0.0,0.6363636363636364,0.6363636363636364,0.0,4,2,4,1,4,2,0,4,4,4,0,0,0.0
3,0,size11_comp0.2_grid0_base_medium,11,0.2,medium,base,base,6,3,9,5,2,1,1,1,1,0,-1,5,0.0,0.8,0.8,0.0,2,0,3,0,3,1,0,0,0,0,0,0,0.0
4,0,size11_comp0.2_grid0_base_medium,11,0.2,medium,base,base,6,3,9,5,2,1,1,1,1,0,-1,7,0.0,0.7142857142857143,0.7142857142857143,0.0,3,1,3,0,2,3,1,0,0,0,0,0,0.0
6,0,size11_comp0.2_grid0_base_medium,11,0.2,medium,base,base,6,3,9,5,2,1,1,1,1,0,-1,5,0.0,0.8,0.8,0.0,2,0,3,0,3,1,0,0,0,0,0,0,0.0
7,0,size11_comp0.2_grid0_base_medium,11,0.2,medium,base,base,6,3,9,5,2,1,1,1,1,0,-1,12,0.0,0.5833333333333334,0.5833333333333334,0.0,5,2,4,1,3,3,3,2,4,2,0,1,0.08333333333333333
8,0,size11_comp0.2_grid0_base_medium,11,0.2,medium,base,base,6,3,9,5,2,1,1,1,1,0,-1,6,0.0,0.6666666666666666,0.6666666666666666,0.0,2,0,4,0,2,2,1,0,1,0,0,1,0.16666666666666666
9,0,size11_comp0.2_grid0_base_medium,11,0.2,medium,base,base,6,3,9,5,2,1,1,1,1,0,-1,8,0.0,0.625,0.625,0.0,3,1,3,1,3,1,2,1,1,0,0,1,0.125
0,1,size11_comp0.2_grid1_base_medium,11,0.2,medium,base,base,5,7,12,4,4,1,1,1,1,0,-1,4,0.0,0.25,0.25,0.0,0,0,0,4,3,0,0,0,0,0,0,0,0.0
2,1,size11_comp0.2_grid1_base_medium,11,0.2,medium,base,base,5,7,12,4,4,1,1,1,1,0,-1,4,0.0,0.25,0.25,0.0,0,0,0,4,3,0,0,0,0,0,0,0,0.0
3,1,size11_comp0.2_grid1_base_medium,11,0.2,medium,base,base,5,7,12,4,4,1,1,1,1,0,-1,4,0.0,0.25,0.25,0.0,0,0,0,4,3,0,0,0,0,0,0,0,0.0
4,1,size11_comp0.2_grid1_base_medium,11,0.2,medium,base,base,5,7,12,4,4,1,1,1,1,0,-1,4,0.0,0.25,0.25,0.0,0,0,0,4,3,0,0,0,0,0,0,0,0.0
6,1,size11_comp0.2_grid1_base_medium,11,0.2,medium,base,base,5,7,12,4,4,1,1,1,1,0,-1,4,0.0,0.25,0.25,0.0,0,0,0,4,3,0,0,0,0,0,0,0,0.0
7,1,size11_comp0.2_grid1_base_medium,11,0.2,medium,base,base,5,7,12,4,4,1,1,1,1,0,-1,4,0.0,0.25,0.25,0.0,0,0,0,4,3,0,0,0,0,0,0,0,0.0
8,1,size11_comp0.2_grid1_base_medium,11,0.2,medium,base,base,5,7,12,4,4,1,1,1,1,0,-1,8,0.0,0.375,0.375,0.0,2,2,0,4,2,0,3,2,2,2,0,0,0.0
9,1,size11_comp0.2_grid1_base_medium,11,0.2,medium,base,base,5,7,12,4,4,1,1,1,1,0,-1,4,0.0,0.25,0.25,0.0,0,0,0,4,3,0,0,0,0,0,0,0,0.0
0,2,size11_comp0.2_grid2_base_medium,11,0.2,medium,base,base,13,5,18,8,5,1,1,1,1,0,-1,22,0.0,0.6818181818181818,0.6818181818181818,0.0,6,4,9,3,6,3,10,2,7,2,0,0,0.0
1,2,size11_comp0.2_grid2_base_medium,11,0.2,medium,base,base,13,5,18,8,5,1,1,1,1,0,-1,10,0.0,0.9,0.9,0.0,3,1,6,0,2,4,3,0,0,0,0,0,0.0
2,2,size11_comp0.2_grid2_base_medium,11,0.2,medium,base,base,13,5,18,8,5,1,1,1,1,0,-1,8,0.0,1.0,1.0,0.0,2,0,6,0,5,1,1,0,0,0,0,0,0.0
3,2,size11_comp0.2_grid2_base_medium,11,0.2,medium,base,base,13,5,18,8,5,1,1,1,1,0,-1,16,0.0,0.6875,0.6875,0.0,5,3,8,0,5,6,3,1,3,1,0,2,0.125
4,2,size11_comp0.2_grid2_base_medium,11,0.2,medium,base,base,13,5,18,8,5,1,1,1,1,0,-1,10,0.0,0.9,0.9,0.0,3,1,6,0,6,2,1,0,0,0,0,0,0.0
6,2,size11_comp0.2_grid2_base_medium,11,0.2,medium,base,base,13,5,18,8,5,1,1,1,1,0,-1,12,0.0,0.8333333333333334,0.8333333333333334,0.0,4,2,6,0,5,2,3,1,2,1,0,0,0.0
7,2,size11_comp0.2_grid2_base_medium,11,0.2,medium,base,base,13,5,18,8,5,1,1,1,1,0,-1,16,0.0,0.75,0.75,0.0,5,3,7,1,4,4,3,4,4,4,0,0,0.0
8,2,size11_comp0.2_grid2_base_medium,11,0.2,medium,base,base,13,5,18,8,5,1,1,1,1,0,-1,22,0.0,0.6818181818181818,0.6818181818181818,0.0,6,4,9,3,9,2,7,3,7,3,0,0,0.0
0,3,size11_comp0.2_grid3_base_medium,11,0.2,medium,base,base,7,3,10,8,1,1,1,1,1,0,-1,10,0.0,0.7,0.7,0.0,8,0,1,1,6,2,0,1,1,1,0,0,0.0
2,3,size11_comp0.2_grid3_base_medium,11,0.2,medium,base,base,7,3,10,8,1,1,1,1,1,0,-1,9,0.0,0.6666666666666666,0.6666666666666666,0.0,8,0,1,0,6,1,1,0,1,0,0,1,0.1111111111111111
3,3,size11_comp0.2_grid3_base_medium,11,0.2,medium,base,base,7,3,10,8,1,1,1,1,1,0,-1,8,0.0,0.75,0.75,0.0,8,0,0,0,7,0,0,0,0,0,0,0,0.0
4,3,size11_comp0.2_grid3_base_medium,11,0.2,medium,base,base,7,3,10,8,1,1,1,1,1,0,-1,14,0.0,0.6428571428571429,0.6428571428571429,0.0,8,0,3,3,8,2,3,0,0,0,0,0,0.0
5,3,size11_comp0.2_grid3_base_medium,11,0.2,medium,base,base,7,3,10,8,1,1,1,1,1,0,-1,10,0.0,0.7,0.7,0.0,8,0,1,1,6,1,2,0,0,0,0,0,0.0
6,3,size11_comp0.2_grid3_base_medium,11,0.2,medium,base,base,7,3,10,8,1,1,1,1,1,0,-1,8,0.0,0.75,0.75,0.0,8,0,0,0,7,0,0,0,0,0,0,0,0.0
7,3,size11_comp0.2_grid3_base_medium,11,0.2,medium,base,base,7,3,10,8,1,1,1,1,1,0,-1,10,0.0,0.7,0.7,0.0,8,0,1,1,6,2,0,1,1,1,0,0,0.0
8,3,size11_comp0.2_grid3_base_medium,11,0.2,medium,base,base,7,3,10,8,1,1,1,1,1,0,-1,12,0.0,0.6666666666666666,0.6666666666666666,0.0,8,0,2,2,5,4,0,2,2,2,0,0,0.0
9,3,size11_comp0.2_grid3_base_medium,11,0.2,medium,base,base,7,3,10,8,1,1,1,1,1,0,-1,10,0.0,0.7,0.7,0.0,8,0,1,1,6,2,0,1,1,1,0,0,0.0
0,4,size11_comp0.2_grid4_base_medium,11,0.2,medium,base,base,9,9,18,4,7,1,1,1,1,0,-1,6,0.0,0.5,0.5,0.0,2,0,1,3,1,2,1,1,1,1,0,0,0.0
1,4,size11_comp0.2_grid4_base_medium,11,0.2,medium,base,base,9,9,18,4,7,1,1,1,1,0,-1,4,0.0,0.5,0.5,0.0,2,0,0,2,2,0,1,0,0,0,0,0,0.0
2,4,size11_comp0.2_grid4_base_medium,11,0.2,medium,base,base,9,9,18,4,7,1,1,1,1,0,-1,6,0.0,0.5,0.5,0.0,3,1,0,2,2,0,1,2,2,2,0,0,0.0
4,4,size11_comp0.2_grid4_base_medium,11,0.2,medium,base,base,9,9,18,4,7,1,1,1,1,0,-1,4,0.0,0.5,0.5,0.0,2,0,0,2,2,0,1,0,0,0,0,0,0.0
5,4,size11_comp0.2_grid4_base_medium,11,0.2,medium,base,base,9,9,18,4,7,1,1,1,1,0,-1,4,0.0,0.5,0.5,0.0,2,0,0,2,2,0,1,0,0,0,0,0,0.0
6,4,size11_comp0.2_grid4_base_medium,11,0.2,medium,base,base,9,9,18,4,7,1,1,1,1,0,-1,4,0.0,0.5,0.5,0.0,2,0,0,2,2,0,1,0,0,0,0,0,0.0
7,4,size11_comp0.2_grid4_base_medium,11,0.2,medium,base,base,9,9,18,4,7,1,1,1,1,0,-1,4,0.0,0.5,0.5,0.0,2,0,0,2,2,0,1,0,0,0,0,0,0.0
8,4,size11_comp0.2_grid4_base_medium,11,0.2,medium,base,base,9,9,18,4,7,1,1,1,1,0,-1,4,0.0,0.5,0.5,0.0,2,0,0,2,2,0,1,0,0,0,0,0,0.0
9,4,size11_comp0.2_grid4_base_medium,11,0.2,medium,base,base,9,9,18,4,7,1,1,1,1,0,-1,4,0.0,0.5,0.5,0.0,2,0,0,2,0,1,2,0,0,0,0,0,0.0
0,5,size11_comp0.2_grid5_base_medium,11,0.2,medium,base,base,5,4,9,7,1,1,1,1,1,0,-1,9,0.0,0.5555555555555556,0.5555555555555556,0.0,1,7,1,0,5,2,0,1,1,1,0,0,0.0
2,5,size11_comp0.2_grid5_base_medium,11,0.2,medium,base,base,5,4,9,7,1,1,1,1,1,0,-1,15,0.0,0.5333333333333333,0.5333333333333333,0.0,1,7,4,3,2,3,6,3,5,3,0,0,0.0
3,5,size11_comp0.2_grid5_base_medium,11,0.2,medium,base,base,5,4,9,7,1,1,1,1,1,0,-1,17,0.0,0.47058823529411764,0.47058823529411764,0.0,3,9,2,3,5,6,3,2,7,2,0,2,0.11764705882352941
4,5,size11_comp0.2_grid5_base_medium,11,0.2,medium,base,base,5,4,9,7,1,1,1,1,1,0,-1,14,0.0,0.5,0.5,0.0,1,7,3,3,4,3,4,2,3,2,0,1,0.07142857142857142
5,5,size11_comp0.2_grid5_base_medium,11,0.2,medium,base,base,5,4,9,7,1,1,1,1,1,0,-1,7,0.0,0.5714285714285714,0.5714285714285714,0.0,0,6,1,0,4,1,1,0,0,0,0,0,0.0
6,5,size11_comp0.2_grid5_base_medium,11,0.2,medium,base,base,5,4,9,7,1,1,1,1,1,0,-1,9,0.0,0.5555555555555556,0.5555555555555556,0.0,0,6,2,1,5,2,0,1,1,1,0,0,0.0
7,5,size11_comp0.2_grid5_base_medium,11,0.2,medium,base,base,5,4,9,7,1,1,1,1,1,0,-1,7,0.0,0.5714285714285714,0.5714285714285714,0.0,0,6,1,0,4,1,1,0,0,0,0,0,0.0
8,5,size11_comp0.2_grid5_base_medium,11,0.2,medium,base,base,5,4,9,7,1,1,1,1,1,0,-1,7,0.0,0.5714285714285714,0.5714285714285714,0.0,0,6,1,0,5,0,1,0,0,0,0,0,0.0
9,5,size11_comp0.2_grid5_base_medium,11,0.2,medium,base,base,5,4,9,7,1,1,1,1,1,0,-1,18,0.0,0.5,0.5,0.0,3,9,3,2,2,3,4,6,7,6,0,0,0.0
0,6,size11_comp0.2_grid6_base_medium,11,0.2,medium,base,base,7,9,16,4,6,1,1,1,1,0,-1,4,0.0,0.25,0.25,0.0,1,0,0,3,2,0,1,0,0,0,0,0,0.0
1,6,size11_comp0.2_grid6_base_medium,11,0.2,medium,base,base,7,9,16,4,6,1,1,1,1,0,-1,4,0.0,0.25,0.25,0.0,1,0,0,3,2,0,1,0,0,0,0,0,0.0
2,6,size11_comp0.2_grid6_base_medium,11,0.2,medium,base,base,7,9,16,4,6,1,1,1,1,0,-1,4,0.0,0.25,0.25,0.0,1,0,0,3,1,1,1,0,0,0,0,0,0.0
3,6,size11_comp0.2_grid6_base_medium,11,0.2,medium,base,base,7,9,16,4,6,1,1,1,1,0,-1,4,0.0,0.25,0.25,0.0,1,0,0,3,1,1,1,0,0,0,0,0,0.0
4,6,size11_comp0.2_grid6_base_medium,11,0.2,medium,base,base,7,9,16,4,6,1,1,1,1,0,-1,4,0.0,0.25,0.25,0.0,1,0,0,3,1,1,1,0,0,0,0,0,0.0
6,6,size11_comp0.2_grid6_base_medium,11,0.2,medium,base,base,7,9,16,4,6,1,1,1,1,0,-1,4,0.0,0.25,0.25,0.0,1,0,0,3,2,0,1,0,0,0,0,0,0.0
7,6,size11_comp0.2_grid6_base_medium,11,0.2,medium,base,base,7,9,16,4,6,1,1,1,1,0,-1,6,0.0,0.3333333333333333,0.3333333333333333,0.0,2,1,0,3,1,3,1,0,0,0,0,0,0.0
8,6,size11_comp0.2_grid6_base_medium,11,0.2,medium,base,base,7,9,16,4,6,1,1,1,1,0,-1,4,0.0,0.25,0.25,0.0,1,0,0,3,2,0,1,0,0,0,0,0,0.0
0,7,size11_comp0.2_grid7_base_medium,11,0.2,medium,base,base,13,9,22,8,9,1,1,1,1,0,-1,8,0.0,0.75,0.75,0.0,0,2,0,6,6,1,0,0,0,0,0,0,0.0
2,7,size11_comp0.2_grid7_base_medium,11,0.2,medium,base,base,13,9,22,8,9,1,1,1,1,0,-1,12,0.0,0.5833333333333334,0.5833333333333334,0.0,1,4,0,6,6,1,2,0,2,0,0,1,0.08333333333333333
3,7,size11_comp0.2_grid7_base_medium,11,0.2,medium,base,base,13,9,22,8,9,1,1,1,1,0,-1,8,0.0,0.75,0.75,0.0,0,2,0,6,6,1,0,0,0,0,0,0,0.0
4,7,size11_comp0.2_grid7_base_medium,11,0.2,medium,base,base,13,9,22,8,9,1,1,1,1,0,-1,11,0.0,0.6363636363636364,0.6363636363636364,0.0,1,3,0,7,4,3,2,1,2,1,0,1,0.09090909090909091
6,7,size11_comp0.2_grid7_base_medium,11,0.2,medium,base,base,13,9,22,8,9,1,1,1,1,0,-1,17,0.0,0.5882352941176471,0.5882352941176471,0.0,2,4,2,9,5,5,3,3,5,2,0,1,0.058823529411764705
7,7,size11_comp0.2_grid7_base_medium,11,0.2,medium,base,base,13,9,22,8,9,1,1,1,1,0,-1,10,0.0,0.6,0.6,0.0,0,4,0,6,5,2,2,0,2,0,0,2,0.2
8,7,size11_comp0.2_grid7_base_medium,11,0.2,medium,base,base,13,9,22,8,9,1,1,1,1,0,-1,12,0.0,0.6666666666666666,0.6666666666666666,0.0,2,4,0,6,4,2,3,2,2,2,0,0,0.0
9,7,size11_comp0.2_grid7_base_medium,11,0.2,medium,base,base,13,9,22,8,9,1,1,1,1,0,-1,16,0.0,0.5625,0.5625,0.0,3,6,1,6,4,4,5,2,3,1,0,2,0.125
1,8,size11_comp0.2_grid8_base_medium,11,0.2,medium,base,base,4,7,11,5,3,1,1,1,1,0,-1,5,0.0,0.2,0.2,0.0,0,4,0,1,2,1,1,0,0,0,0,0,0.0
2,8,size11_comp0.2_grid8_base_medium,11,0.2,medium,base,base,4,7,11,5,3,1,1,1,1,0,-1,5,0.0,0.2,0.2,0.0,0,4,0,1,2,1,1,0,0,0,0,0,0.0
3,8,size11_comp0.2_grid8_base_medium,11,0.2,medium,base,base,4,7,11,5,3,1,1,1,1,0,-1,5,0.0,0.2,0.2,0.0,0,4,0,1,3,1,0,0,0,0,0,0,0.0
4,8,size11_comp0.2_grid8_base_medium,11,0.2,medium,base,base,4,7,11,5,3,1,1,1,1,0,-1,11,0.0,0.36363636363636365,0.36363636363636365,0.0,1,5,2,3,1,5,3,1,3,1,0,0,0.0
8,8,size11_comp0.2_grid8_base_medium,11,0.2,medium,base,base,4,7,11,5,3,1,1,1,1,0,-1,9,0.0,0.3333333333333333,0.3333333333333333,0.0,1,5,1,2,3,1,2,2,2,2,0,0,0.0
9,8,size11_comp0.2_grid8_base_medium,11,0.2,medium,base,base,4,7,11,5,3,1,1,1,1,0,-1,5,0.0,0.2,0.2,0.0,0,4,0,1,2,1,1,0,0,0,0,0,0.0
0,9,size11_comp0.2_grid9_base_medium,11,0.2,medium,base,base,15,6,21,9,6,1,1,1,1,0,-1,11,0.0,0.9090909090909091,0.9090909090909091,0.0,6,0,1,4,6,1,1,2,2,2,0,0,0.0
2,9,size11_comp0.2_grid9_base_medium,11,0.2,medium,base,base,15,6,21,9,6,1,1,1,1,0,-1,13,0.0,0.8461538461538461,0.8461538461538461,0.0,7,1,1,4,6,1,1,4,4,4,0,0,0.0
3,9,size11_comp0.2_grid9_base_medium,11,0.2,medium,base,base,15,6,21,9,6,1,1,1,1,0,-1,13,0.0,0.8461538461538461,0.8461538461538461,0.0,8,2,0,3,7,0,1,4,4,4,0,0,0.0
4,9,size11_comp0.2_grid9_base_medium,11,0.2,medium,base,base,15,6,21,9,6,1,1,1,1,0,-1,13,0.0,0.8461538461538461,0.8461538461538461,0.0,8,2,0,3,7,0,1,4,4,4,0,0,0.0
5,9,size11_comp0.2_grid9_base_medium,11,0.2,medium,base,base,15,6,21,9,6,1,1,1,1,0,-1,9,0.0,1.0,1.0,0.0,6,0,0,3,7,0,1,0,0,0,0,0,0.0
6,9,size11_comp0.2_grid9_base_medium,11,0.2,medium,base,base,15,6,21,9,6,1,1,1,1,0,-1,9,0.0,1.0,1.0,0.0,6,0,0,3,4,2,2,0,0,0,0,0,0.0
7,9,size11_comp0.2_grid9_base_medium,11,0.2,medium,base,base,15,6,21,9,6,1,1,1,1,0,-1,9,0.0,1.0,1.0,0.0,6,0,0,3,7,0,1,0,0,0,0,0,0.0
8,9,size11_comp0.2_grid9_base_medium,11,0.2,medium,base,base,15,6,21,9,6,1,1,1,1,0,-1,13,0.0,0.8461538461538461,0.8461538461538461,0.0,6,0,2,5,3,4,3,2,2,2,0,0,0.0
0,0,size11_comp0.4_grid0_base_medium,11,0.4,medium,base,base,6,3,9,7,1,1,1,1,1,0,-1,12,0.0,0.5833333333333334,0.5833333333333334,0.0,1,4,1,6,5,2,3,1,2,1,0,1,0.08333333333333333
1,0,size11_comp0.4_grid0_base_medium,11,0.4,medium,base,base,6,3,9,7,1,1,1,1,1,0,-1,9,0.0,0.6666666666666666,0.6666666666666666,0.0,0,3,1,5,5,2,1,0,0,0,0,0,0.0
2,0,size11_comp0.4_grid0_base_medium,11,0.4,medium,base,base,6,3,9,7,1,1,1,1,1,0,-1,9,0.0,0.6666666666666666,0.6666666666666666,0.0,0,3,1,5,3,2,2,1,1,1,0,0,0.0
3,0,size11_comp0.4_grid0_base_medium,11,0.4,medium,base,base,6,3,9,7,1,1,1,1,1,0,-1,13,0.0,0.6153846153846154,0.6153846153846154,0.0,2,5,1,5,6,2,3,1,1,1,0,0,0.0
4,0,size11_comp0.4_grid0_base_medium,11,0.4,medium,base,base,6,3,9,7,1,1,1,1,1,0,-1,8,0.0,0.625,0.625,0.0,0,3,0,5,2,2,3,0,1,0,0,1,0.125
5,0,size11_comp0.4_grid0_base_medium,11,0.4,medium,base,base,6,3,9,7,1,1,1,1,1,0,-1,7,0.0,0.7142857142857143,0.7142857142857143,0.0,0,3,0,4,3,1,2,0,0,0,0,0,0.0
6,0,size11_comp0.4_grid0_base_medium,11,0.4,medium,base,base,6,3,9,7,1,1,1,1,1,0,-1,9,0.0,0.6666666666666666,0.6666666666666666,0.0,1,4,0,4,3,1,2,2,2,2,0,0,0.0
7,0,size11_comp0.4_grid0_base_medium,11,0.4,medium,base,base,6,3,9,7,1,1,1,1,1,0,-1,7,0.0,0.7142857142857143,0.7142857142857143,0.0,0,3,0,4,2,2,2,0,0,0,0,0,0.0
8,0,size11_comp0.4_grid0_base_medium,11,0.4,medium,base,base,6,3,9,7,1,1,1,1,1,0,-1,7,0.0,0.7142857142857143,0.7142857142857143,0.0,0,3,0,4,3,1,2,0,0,0,0,0,0.0
9,0,size11_comp0.4_grid0_base_medium,11,0.4,medium,base,base,6,3,9,7,1,1,1,1,1,0,-1,12,0.0,0.5833333333333334,0.5833333333333334,0.0,2,5,0,5,6,1,2,2,3,2,0,1,0.08333333333333333
0,1,size11_comp0.4_grid1_base_medium,11,0.4,medium,base,base,5,4,9,7,1,1,1,1,1,0,-1,11,0.0,0.5454545454545454,0.5454545454545454,0.0,1,4,5,1,4,3,0,3,3,3,0,0,0.0
1,1,size11_comp0.4_grid1_base_medium,11,0.4,medium,base,base,5,4,9,7,1,1,1,1,1,0,-1,9,0.0,0.5555555555555556,0.5555555555555556,0.0,0,3,5,1,3,2,1,2,2,2,0,0,0.0
2,1,size11_comp0.4_grid1_base_medium,11,0.4,medium,base,base,5,4,9,7,1,1,1,1,1,0,-1,11,0.0,0.5454545454545454,0.5454545454545454,0.0,1,4,5,1,3,2,4,1,1,1,0,0,0.0
3,1,size11_comp0.4_grid1_base_medium,11,0.4,medium,base,base,5,4,9,7,1,1,1,1,1,0,-1,15,0.0,0.5333333333333333,0.5333333333333333,0.0,3,6,5,1,3,4,2,5,5,5,0,0,0.0
4,1,size11_comp0.4_grid1_base_medium,11,0.4,medium,base,base,5,4,9,7,1,1,1,1,1,0,-1,9,0.0,0.5555555555555556,0.5555555555555556,0.0,0,3,5,1,5,1,0,2,2,2,0,0,0.0
5,1,size11_comp0.4_grid1_base_medium,11,0.4,medium,base,base,5,4,9,7,1,1,1,1,1,0,-1,13,0.0,0.5384615384615384,0.5384615384615384,0.0,2,5,5,1,4,2,3,3,4,3,0,0,0.0
6,1,size11_comp0.4_grid1_base_medium,11,0.4,medium,base,base,5,4,9,7,1,1,1,1,1,0,-1,14,0.0,0.5,0.5,0.0,1,5,6,2,5,2,3,3,5,3,0,1,0.07142857142857142
7,1,size11_comp0.4_grid1_base_medium,11,0.4,medium,base,base,5,4,9,7,1,1,1,1,1,0,-1,11,0.0,0.5454545454545454,0.5454545454545454,0.0,1,4,5,1,5,0,3,2,2,2,0,0,0.0
9,1,size11_comp0.4_grid1_base_medium,11,0.4,medium,base,base,5,4,9,7,1,1,1,1,1,0,-1,8,0.0,0.5,0.5,0.0,0,3,4,0,3,2,1,0,1,0,0,0,0.0
0,2,size11_comp0.4_grid2_base_medium,11,0.4,medium,base,base,6,3,9,5,2,1,1,1,1,0,-1,5,0.0,0.8,0.8,0.0,1,1,0,3,1,1,2,0,0,0,0,0,0.0
1,2,size11_comp0.4_grid2_base_medium,11,0.4,medium,base,base,6,3,9,5,2,1,1,1,1,0,-1,5,0.0,0.8,0.8,0.0,1,1,0,3,2,0,2,0,0,0,0,0,0.0
2,2,size11_comp0.4_grid2_base_medium,11,0.4,medium,base,base,6,3,9,5,2,1,1,1,1,0,-1,7,0.0,0.7142857142857143,0.7142857142857143,0.0,1,1,1,4,1,1,2,2,2,2,0,0,0.0
3,2,size11_comp0.4_grid2_base_medium,11,0.4,medium,base,base,6,3,9,5,2,1,1,1,1,0,-1,5,0.0,0.8,0.8,0.0,1,1,0,3,1,1,2,0,0,0,0,0,0.0
5,2,size11_comp0.4_grid2_base_medium,11,0.4,medium,base,base,6,3,9,5,2,1,1,1,1,0,-1,7,0.0,0.7142857142857143,0.7142857142857143,0.0,2,2,0,3,2,1,3,0,0,0,0,0,0.0
6,2,size11_comp0.4_grid2_base_medium,11,0.4,medium,base,base,6,3,9,5,2,1,1,1,1,0,-1,5,0.0,0.8,0.8,0.0,1,1,0,3,1,1,2,0,0,0,0,0,0.0
7,2,size11_comp0.4_grid2_base_medium,11,0.4,medium,base,base,6,3,9,5,2,1,1,1,1,0,-1,9,0.0,0.6666666666666666,0.6666666666666666,0.0,2,2,1,4,2,1,4,1,1,1,0,0,0.0
8,2,size11_comp0.4_grid2_base_medium,11,0.4,medium,base,base,6,3,9,5,2,1,1,1,1,0,-1,5,0.0,0.8,0.8,0.0,1,1,0,3,2,2,0,0,0,0,0,0,0.0
9,2,size11_comp0.4_grid2_base_medium,11,0.4,medium,base,base,6,3,9,5,2,1,1,1,1,0,-1,7,0.0,0.7142857142857143,0.7142857142857143,0.0,2,2,0,3,2,2,1,1,1,1,0,0,0.0
0,3,size11_comp0.4_grid3_base_medium,11,0.4,medium,base,base,12,6,18,6,6,1,1,1,1,0,-1,7,0.0,0.8571428571428571,0.8571428571428571,0.0,5,0,2,0,2,2,2,0,1,0,0,1,0.14285714285714285
1,3,size11_comp0.4_grid3_base_medium,11,0.4,medium,base,base,12,6,18,6,6,1,1,1,1,0,-1,6,0.0,1.0,1.0,0.0,5,0,1,0,4,1,0,0,0,0,0,0,0.0
3,3,size11_comp0.4_grid3_base_medium,11,0.4,medium,base,base,12,6,18,6,6,1,1,1,1,0,-1,8,0.0,0.875,0.875,0.0,6,1,1,0,3,1,1,2,2,2,0,0,0.0
4,3,size11_comp0.4_grid3_base_medium,11,0.4,medium,base,base,12,6,18,6,6,1,1,1,1,0,-1,6,0.0,1.0,1.0,0.0,5,0,1,0,4,1,0,0,0,0,0,0,0.0
6,3,size11_comp0.4_grid3_base_medium,11,0.4,medium,base,base,12,6,18,6,6,1,1,1,1,0,-1,6,0.0,1.0,1.0,0.0,5,0,1,0,4,1,0,0,0,0,0,0,0.0
7,3,size11_comp0.4_grid3_base_medium,11,0.4,medium,base,base,12,6,18,6,6,1,1,1,1,0,-1,6,0.0,1.0,1.0,0.0,5,0,1,0,4,1,0,0,0,0,0,0,0.0
8,3,size11_comp0.4_grid3_base_medium,11,0.4,medium,base,base,12,6,18,6,6,1,1,1,1,0,-1,6,0.0,1.0,1.0,0.0,5,0,1,0,3,1,1,0,0,0,0,0,0.0
9,3,size11_comp0.4_grid3_base_medium,11,0.4,medium,base,base,12,6,18,6,6,1,1,1,1,0,-1,6,0.0,1.0,1.0,0.0,5,0,1,0,3,1,1,0,0,0,0,0,0.0
0,4,size11_comp0.4_grid4_base_medium,11,0.4,medium,base,base,13,4,17,9,4,1,1,1,1,0,-1,13,0.0,0.8461538461538461,0.8461538461538461,0.0,5,1,1,6,3,3,2,4,4,4,0,0,0.0
1,4,size11_comp0.4_grid4_base_medium,11,0.4,medium,base,base,13,4,17,9,4,1,1,1,1,0,-1,11,0.0,0.9090909090909091,0.9090909090909091,0.0,4,0,1,6,7,1,2,0,0,0,0,0,0.0
2,4,size11_comp0.4_grid4_base_medium,11,0.4,medium,base,base,13,4,17,9,4,1,1,1,1,0,-1,10,0.0,0.9,0.9,0.0,4,0,0,5,1,4,2,0,1,0,0,0,0.0
3,4,size11_comp0.4_grid4_base_medium,11,0.4,medium,base,base,13,4,17,9,4,1,1,1,1,0,-1,9,0.0,1.0,1.0,0.0,4,0,0,5,5,2,1,0,0,0,0,0,0.0
4,4,size11_comp0.4_grid4_base_medium,11,0.4,medium,base,base,13,4,17,9,4,1,1,1,1,0,-1,9,0.0,1.0,1.0,0.0,4,0,0,5,1,4,3,0,0,0,0,0,0.0
5,4,size11_comp0.4_grid4_base_medium,11,0.4,medium,base,base,13,4,17,9,4,1,1,1,1,0,-1,11,0.0,0.9090909090909091,0.9090909090909091,0.0,4,0,1,6,5,3,2,0,0,0,0,0,0.0
6,4,size11_comp0.4_grid4_base_medium,11,0.4,medium,base,base,13,4,17,9,4,1,1,1,1,0,-1,11,0.0,0.9090909090909091,0.9090909090909091,0.0,4,0,1,6,5,2,1,2,2,2,0,0,0.0
7,4,size11_comp0.4_grid4_base_medium,11,0.4,medium,base,base,13,4,17,9,4,1,1,1,1,0,-1,9,0.0,1.0,1.0,0.0,4,0,0,5,3,3,2,0,0,0,0,0,0.0
8,4,size11_comp0.4_grid4_base_medium,11,0.4,medium,base,base,13,4,17,9,4,1,1,1,1,0,-1,11,0.0,0.9090909090909091,0.9090909090909091,0.0,5,1,0,5,3,3,2,2,2,2,0,0,0.0
9,4,size11_comp0.4_grid4_base_medium,11,0.4,medium,base,base,13,4,17,9,4,1,1,1,1,0,-1,12,0.0,0.8333333333333334,0.8333333333333334,0.0,6,1,0,5,2,5,3,1,2,1,0,1,0.08333333333333333
0,5,size11_comp0.4_grid5_base_medium,11,0.4,medium,base,base,9,8,17,7,5,1,1,1,1,0,-1,8,0.0,0.5,0.5,0.0,1,3,4,0,3,2,2,0,1,0,0,1,0.125
1,5,size11_comp0.4_grid5_base_medium,11,0.4,medium,base,base,9,8,17,7,5,1,1,1,1,0,-1,9,0.0,0.5555555555555556,0.5555555555555556,0.0,0,3,5,1,3,2,1,2,2,2,0,0,0.0
2,5,size11_comp0.4_grid5_base_medium,11,0.4,medium,base,base,9,8,17,7,5,1,1,1,1,0,-1,8,0.0,0.5,0.5,0.0,0,3,4,1,4,2,0,1,1,0,0,1,0.125
3,5,size11_comp0.4_grid5_base_medium,11,0.4,medium,base,base,9,8,17,7,5,1,1,1,1,0,-1,9,0.0,0.5555555555555556,0.5555555555555556,0.0,1,4,4,0,5,0,1,2,2,2,0,0,0.0
5,5,size11_comp0.4_grid5_base_medium,11,0.4,medium,base,base,9,8,17,7,5,1,1,1,1,0,-1,9,0.0,0.5555555555555556,0.5555555555555556,0.0,0,3,5,1,3,2,1,2,2,2,0,0,0.0
6,5,size11_comp0.4_grid5_base_medium,11,0.4,medium,base,base,9,8,17,7,5,1,1,1,1,0,-1,11,0.0,0.5454545454545454,0.5454545454545454,0.0,2,5,4,0,4,1,1,4,4,4,0,0,0.0
7,5,size11_comp0.4_grid5_base_medium,11,0.4,medium,base,base,9,8,17,7,5,1,1,1,1,0,-1,9,0.0,0.5555555555555556,0.5555555555555556,0.0,1,4,4,0,4,0,3,1,1,1,0,0,0.0
8,5,size11_comp0.4_grid5_base_medium,11,0.4,medium,base,base,9,8,17,7,5,1,1,1,1,0,-1,9,0.0,0.5555555555555556,0.5555555555555556,0.0,0,3,5,1,4,2,2,0,0,0,0,0,0.0
9,5,size11_comp0.4_grid5_base_medium,11,0.4,medium,base,base,9,8,17,7,5,1,1,1,1,0,-1,7,0.0,0.5714285714285714,0.5714285714285714,0.0,0,3,4,0,4,1,1,0,0,0,0,0,0.0
0,6,size11_comp0.4_grid6_base_medium,11,0.4,medium,base,base,9,6,15,7,4,1,1,1,1,0,-1,7,0.0,0.7142857142857143,0.7142857142857143,0.0,0,3,4,0,5,1,0,0,0,0,0,0,0.0
1,6,size11_comp0.4_grid6_base_medium,11,0.4,medium,base,base,9,6,15,7,4,1,1,1,1,0,-1,7,0.0,0.7142857142857143,0.7142857142857143,0.0,0,3,4,0,5,1,0,0,0,0,0,0,0.0
3,6,size11_comp0.4_grid6_base_medium,11,0.4,medium,base,base,9,6,15,7,4,1,1,1,1,0,-1,7,0.0,0.7142857142857143,0.7142857142857143,0.0,0,3,4,0,5,1,0,0,0,0,0,0,0.0
4,6,size11_comp0.4_grid6_base_medium,11,0.4,medium,base,base,9,6,15,7,4,1,1,1,1,0,-1,7,0.0,0.7142857142857143,0.7142857142857143,0.0,0,3,4,0,4,1,1,0,0,0,0,0,0.0
5,6,size11_comp0.4_grid6_base_medium,11,0.4,medium,base,base,9,6,15,7,4,1,1,1,1,0,-1,10,0.0,0.6,0.6,0.0,1,3,5,1,3,2,3,1,2,1,0,1,0.1
6,6,size11_comp0.4_grid6_base_medium,11,0.4,medium,base,base,9,6,15,7,4,1,1,1,1,0,-1,10,0.0,0.6,0.6,0.0,0,3,5,1,4,1,0,2,3,2,0,0,0.0
7,6,size11_comp0.4_grid6_base_medium,11,0.4,medium,base,base,9,6,15,7,4,1,1,1,1,0,-1,12,0.0,0.5,0.5,0.0,2,3,5,2,3,4,2,2,5,2,0,3,0.25
9,6,size11_comp0.4_grid6_base_medium,11,0.4,medium,base,base,9,6,15,7,4,1,1,1,1,0,-1,12,0.0,0.5833333333333334,0.5833333333333334,0.0,1,5,5,1,4,3,1,3,4,3,0,1,0.08333333333333333
1,7,size11_comp0.4_grid7_base_medium,11,0.4,medium,base,base,7,3,10,4,3,1,1,1,1,0,-1,4,0.0,1.0,1.0,0.0,3,0,1,0,1,1,1,0,0,0,0,0,0.0
4,7,size11_comp0.4_grid7_base_medium,11,0.4,medium,base,base,7,3,10,4,3,1,1,1,1,0,-1,6,0.0,0.8333333333333334,0.8333333333333334,0.0,3,0,2,1,2,1,2,0,0,0,0,0,0.0
6,7,size11_comp0.4_grid7_base_medium,11,0.4,medium,base,base,7,3,10,4,3,1,1,1,1,0,-1,4,0.0,1.0,1.0,0.0,3,0,1,0,2,1,0,0,0,0,0,0,0.0
8,7,size11_comp0.4_grid7_base_medium,11,0.4,medium,base,base,7,3,10,4,3,1,1,1,1,0,-1,4,0.0,1.0,1.0,0.0,3,0,1,0,1,1,1,0,0,0,0,0,0.0
9,7,size11_comp0.4_grid7_base_medium,11,0.4,medium,base,base,7,3,10,4,3,1,1,1,1,0,-1,8,0.0,0.75,0.75,0.0,4,1,2,1,2,4,1,0,2,0,0,0,0.0
0,8,size11_comp0.4_grid8_base_medium,11,0.4,medium,base,base,5,4,9,9,0,1,1,1,1,0,-1,13,0.0,0.5384615384615384,0.5384615384615384,0.0,4,4,5,0,10,2,0,0,0,0,0,0,0.0
1,8,size11_comp0.4_grid8_base_medium,11,0.4,medium,base,base,5,4,9,9,0,1,1,1,1,0,-1,13,0.0,0.5384615384615384,0.5384615384615384,0.0,3,3,6,1,4,1,4,3,3,3,0,0,0.0
2,8,size11_comp0.4_grid8_base_medium,11,0.4,medium,base,base,5,4,9,9,0,1,1,1,1,0,-1,15,0.0,0.5333333333333333,0.5333333333333333,0.0,4,4,6,1,10,3,1,0,0,0,0,0,0.0
3,8,size11_comp0.4_grid8_base_medium,11,0.4,medium,base,base,5,4,9,9,0,1,1,1,1,0,-1,16,0.0,0.5,0.5,0.0,4,4,6,1,7,3,1,2,3,2,0,0,0.0
5,8,size11_comp0.4_grid8_base_medium,11,0.4,medium,base,base,5,4,9,9,0,1,1,1,1,0,-1,16,0.0,0.5,0.5,0.0,4,5,6,1,9,4,2,0,1,0,0,1,0.0625
6,8,size11_comp0.4_grid8_base_medium,11,0.4,medium,base,base,5,4,9,9,0,1,1,1,1,0,-1,15,0.0,0.4666666666666667,0.4666666666666667,0.0,4,4,5,0,6,3,2,0,2,0,0,0,0.0
7,8,size11_comp0.4_grid8_base_medium,11,0.4,medium,base,base,5,4,9,9,0,1,1,1,1,0,-1,16,0.0,0.5,0.5,0.0,5,6,5,0,10,3,1,1,1,0,0,1,0.0625
8,8,size11_comp0.4_grid8_base_medium,11,0.4,medium,base,base,5,4,9,9,0,1,1,1,1,0,-1,20,0.0,0.5,0.5,0.0,5,5,7,3,8,4,3,4,5,4,0,1,0.05
9,8,size11_comp0.4_grid8_base_medium,11,0.4,medium,base,base,5,4,9,9,0,1,1,1,1,1,14,19,0.47368421052631576,0.631578947368421,0.5333333333333333,1.0,4,4,6,3,4,3,5,2,10,2,0,2,0.10526315789473684
0,9,size11_comp0.4_grid9_base_medium,11,0.4,medium,base,base,7,4,11,3,4,1,1,1,1,0,-1,3,0.0,1.0,1.0,0.0,0,0,3,0,2,0,0,0,0,0,0,0,0.0
1,9,size11_comp0.4_grid9_base_medium,11,0.4,medium,base,base,7,4,11,3,4,1,1,1,1,0,-1,3,0.0,1.0,1.0,0.0,0,0,3,0,2,0,0,0,0,0,0,0,0.0
2,9,size11_comp0.4_grid9_base_medium,11,0.4,medium,base,base,7,4,11,3,4,1,1,1,1,0,-1,7,0.0,0.7142857142857143,0.7142857142857143,0.0,2,2,3,0,2,1,2,1,1,1,0,0,0.0
3,9,size11_comp0.4_grid9_base_medium,11,0.4,medium,base,base,7,4,11,3,4,1,1,1,1,0,-1,3,0.0,1.0,1.0,0.0,0,0,3,0,2,0,0,0,0,0,0,0,0.0
4,9,size11_comp0.4_grid9_base_medium,11,0.4,medium,base,base,7,4,11,3,4,1,1,1,1,0,-1,3,0.0,1.0,1.0,0.0,0,0,3,0,2,0,0,0,0,0,0,0,0.0
5,9,size11_comp0.4_grid9_base_medium,11,0.4,medium,base,base,7,4,11,3,4,1,1,1,1,0,-1,6,0.0,0.6666666666666666,0.6666666666666666,0.0,1,1,3,1,1,2,1,1,1,0,0,1,0.16666666666666666
6,9,size11_comp0.4_grid9_base_medium,11,0.4,medium,base,base,7,4,11,3,4,1,1,1,1,0,-1,3,0.0,1.0,1.0,0.0,0,0,3,0,2,0,0,0,0,0,0,0,0.0
7,9,size11_comp0.4_grid9_base_medium,11,0.4,medium,base,base,7,4,11,3,4,1,1,1,1,0,-1,5,0.0,0.8,0.8,0.0,1,1,3,0,1,2,1,0,0,0,0,0,0.0
8,9,size11_comp0.4_grid9_base_medium,11,0.4,medium,base,base,7,4,11,3,4,1,1,1,1,0,-1,5,0.0,0.8,0.8,0.0,1,1,3,0,0,2,2,0,0,0,0,0,0.0
9,9,size11_comp0.4_grid9_base_medium,11,0.4,medium,base,base,7,4,11,3,4,1,1,1,1,0,-1,3,0.0,1.0,1.0,0.0,0,0,3,0,2,0,0,0,0,0,0,0,0.0
0,0,size11_comp0.6_grid0_base_medium,11,0.6,medium,base,base,13,8,21,5,8,1,1,1,1,0,-1,6,0.0,0.8333333333333334,0.8333333333333334,0.0,0,2,1,3,3,0,1,1,1,0,0,1,0.16666666666666666
1,0,size11_comp0.6_grid0_base_medium,11,0.6,medium,base,base,13,8,21,5,8,1,1,1,1,0,-1,5,0.0,1.0,1.0,0.0,0,2,0,3,3,1,0,0,0,0,0,0,0.0
2,0,size11_comp0.6_grid0_base_medium,11,0.6,medium,base,base,13,8,21,5,8,1,1,1,1,0,-1,6,0.0,0.8333333333333334,0.8333333333333334,0.0,0,2,1,3,3,0,1,1,1,0,0,1,0.16666666666666666
3,0,size11_comp0.6_grid0_base_medium,11,0.6,medium,base,base,13,8,21,5,8,1,1,1,1,0,-1,13,0.0,0.5384615384615384,0.5384615384615384,0.0,2,3,4,4,5,2,2,3,7,3,0,4,0.3076923076923077
4,0,size11_comp0.6_grid0_base_medium,11,0.6,medium,base,base,13,8,21,5,8,1,1,1,1,0,-1,7,0.0,0.8571428571428571,0.8571428571428571,0.0,1,3,0,3,3,1,2,0,0,0,0,0,0.0
5,0,size11_comp0.6_grid0_base_medium,11,0.6,medium,base,base,13,8,21,5,8,1,1,1,1,0,-1,8,0.0,0.625,0.625,0.0,0,2,0,6,5,1,1,0,3,0,0,3,0.375
7,0,size11_comp0.6_grid0_base_medium,11,0.6,medium,base,base,13,8,21,5,8,1,1,1,1,0,-1,9,0.0,0.6666666666666666,0.6666666666666666,0.0,0,2,1,6,4,1,1,2,4,2,0,2,0.2222222222222222
0,1,size11_comp0.6_grid1_base_medium,11,0.6,medium,base,base,7,7,14,14,0,1,1,1,1,0,-1,17,0.0,0.4117647058823529,0.4117647058823529,0.0,0,10,1,6,6,5,5,0,3,0,0,3,0.17647058823529413
1,1,size11_comp0.6_grid1_base_medium,11,0.6,medium,base,base,7,7,14,14,0,1,1,1,1,0,-1,20,0.0,0.4,0.4,0.0,1,9,1,9,7,5,4,3,6,2,0,4,0.2
2,1,size11_comp0.6_grid1_base_medium,11,0.6,medium,base,base,7,7,14,14,0,1,1,1,1,0,-1,20,0.0,0.45,0.45,0.0,1,10,2,7,9,5,2,3,4,2,0,2,0.1
4,1,size11_comp0.6_grid1_base_medium,11,0.6,medium,base,base,7,7,14,14,0,1,1,1,1,0,-1,17,0.0,0.47058823529411764,0.47058823529411764,0.0,0,8,2,7,7,5,3,1,2,0,0,1,0.058823529411764705
5,1,size11_comp0.6_grid1_base_medium,11,0.6,medium,base,base,7,7,14,14,0,1,1,1,1,0,-1,19,0.0,0.47368421052631576,0.47368421052631576,0.0,1,9,2,7,9,5,3,1,3,1,0,1,0.05263157894736842
6,1,size11_comp0.6_grid1_base_medium,11,0.6,medium,base,base,7,7,14,14,0,1,1,1,1,0,-1,16,0.0,0.5,0.5,0.0,0,8,2,6,6,5,3,1,1,1,0,0,0.0
8,1,size11_comp0.6_grid1_base_medium,11,0.6,medium,base,base,7,7,14,14,0,1,1,1,1,0,-1,14,0.0,0.5,0.5,0.0,0,8,1,5,7,3,3,0,0,0,0,0,0.0
9,1,size11_comp0.6_grid1_base_medium,11,0.6,medium,base,base,7,7,14,14,0,1,1,1,1,0,-1,21,0.0,0.42857142857142855,0.42857142857142855,0.0,1,9,2,9,6,5,5,4,7,4,0,3,0.14285714285714285
0,2,size11_comp0.6_grid2_base_medium,11,0.6,medium,base,base,12,15,27,9,11,1,1,1,1,0,-1,11,0.0,0.36363636363636365,0.36363636363636365,0.0,9,1,1,0,7,1,0,2,2,2,0,0,0.0
1,2,size11_comp0.6_grid2_base_medium,11,0.6,medium,base,base,12,15,27,9,11,1,1,1,1,0,-1,9,0.0,0.3333333333333333,0.3333333333333333,0.0,8,0,1,0,7,1,0,0,0,0,0,0,0.0
2,2,size11_comp0.6_grid2_base_medium,11,0.6,medium,base,base,12,15,27,9,11,1,1,1,1,0,-1,10,0.0,0.3,0.3,0.0,8,0,2,0,6,2,1,0,1,0,0,1,0.1
3,2,size11_comp0.6_grid2_base_medium,11,0.6,medium,base,base,12,15,27,9,11,1,1,1,1,0,-1,10,0.0,0.3,0.3,0.0,8,0,2,0,6,2,1,0,1,0,0,1,0.1
4,2,size11_comp0.6_grid2_base_medium,11,0.6,medium,base,base,12,15,27,9,11,1,1,1,1,0,-1,15,0.0,0.4,0.4,0.0,8,0,4,3,9,1,2,2,3,2,0,0,0.0
5,2,size11_comp0.6_grid2_base_medium,11,0.6,medium,base,base,12,15,27,9,11,1,1,1,1,0,-1,12,0.0,0.3333333333333333,0.3333333333333333,0.0,8,0,3,1,7,1,3,0,1,0,0,1,0.08333333333333333
6,2,size11_comp0.6_grid2_base_medium,11,0.6,medium,base,base,12,15,27,9,11,1,1,1,1,0,-1,13,0.0,0.38461538461538464,0.38461538461538464,0.0,8,0,3,2,6,2,4,0,0,0,0,0,0.0
7,2,size11_comp0.6_grid2_base_medium,11,0.6,medium,base,base,12,15,27,9,11,1,1,1,1,0,-1,9,0.0,0.3333333333333333,0.3333333333333333,0.0,8,0,1,0,7,1,0,0,0,0,0,0,0.0
8,2,size11_comp0.6_grid2_base_medium,11,0.6,medium,base,base,12,15,27,9,11,1,1,1,1,0,-1,14,0.0,0.35714285714285715,0.35714285714285715,0.0,9,1,3,1,8,2,3,0,2,0,0,1,0.07142857142857142
9,2,size11_comp0.6_grid2_base_medium,11,0.6,medium,base,base,12,15,27,9,11,1,1,1,1,0,-1,13,0.0,0.38461538461538464,0.38461538461538464,0.0,8,0,3,2,5,3,3,1,1,1,0,0,0.0
0,3,size11_comp0.6_grid3_base_medium,11,0.6,medium,base,base,6,5,11,9,1,1,1,1,1,0,-1,16,0.0,0.5,0.5,0.0,5,2,7,2,3,4,6,2,5,2,0,1,0.0625
1,3,size11_comp0.6_grid3_base_medium,11,0.6,medium,base,base,6,5,11,9,1,1,1,1,1,0,-1,9,0.0,0.5555555555555556,0.5555555555555556,0.0,3,0,6,0,5,2,1,0,0,0,0,0,0.0
2,3,size11_comp0.6_grid3_base_medium,11,0.6,medium,base,base,6,5,11,9,1,1,1,1,1,0,-1,17,0.0,0.5294117647058824,0.5294117647058824,0.0,7,4,6,0,6,5,2,3,3,3,0,0,0.0
3,3,size11_comp0.6_grid3_base_medium,11,0.6,medium,base,base,6,5,11,9,1,1,1,1,1,0,-1,13,0.0,0.5384615384615384,0.5384615384615384,0.0,5,2,6,0,2,4,4,2,2,2,0,0,0.0
4,3,size11_comp0.6_grid3_base_medium,11,0.6,medium,base,base,6,5,11,9,1,1,1,1,1,0,-1,14,0.0,0.5,0.5,0.0,6,2,6,0,5,4,4,0,1,0,0,1,0.07142857142857142
5,3,size11_comp0.6_grid3_base_medium,11,0.6,medium,base,base,6,5,11,9,1,1,1,1,1,0,-1,11,0.0,0.5454545454545454,0.5454545454545454,0.0,4,1,6,0,3,2,4,1,1,1,0,0,0.0
6,3,size11_comp0.6_grid3_base_medium,11,0.6,medium,base,base,6,5,11,9,1,1,1,1,1,0,-1,9,0.0,0.5555555555555556,0.5555555555555556,0.0,3,0,6,0,4,2,2,0,0,0,0,0,0.0
7,3,size11_comp0.6_grid3_base_medium,11,0.6,medium,base,base,6,5,11,9,1,1,1,1,1,0,-1,10,0.0,0.5,0.5,0.0,4,0,6,0,5,2,2,0,1,0,0,1,0.1
8,3,size11_comp0.6_grid3_base_medium,11,0.6,medium,base,base,6,5,11,9,1,1,1,1,1,0,-1,13,0.0,0.5384615384615384,0.5384615384615384,0.0,4,1,7,1,6,1,5,0,2,0,0,0,0.0
9,3,size11_comp0.6_grid3_base_medium,11,0.6,medium,base,base,6,5,11,9,1,1,1,1,1,0,-1,19,0.0,0.47368421052631576,0.47368421052631576,0.0,8,4,6,1,6,4,5,3,5,3,0,2,0.10526315789473684
0,4,size11_comp0.6_grid4_base_medium,11,0.6,medium,base,base,12,9,21,11,8,1,1,1,1,0,-1,12,0.0,0.5833333333333334,0.5833333333333334,0.0,4,0,8,0,9,1,1,0,1,0,0,1,0.08333333333333333
1,4,size11_comp0.6_grid4_base_medium,11,0.6,medium,base,base,12,9,21,11,8,1,1,1,1,0,-1,19,0.0,0.42105263157894735,0.42105263157894735,0.0,6,1,10,0,7,4,3,0,6,0,0,4,0.21052631578947367
2,4,size11_comp0.6_grid4_base_medium,11,0.6,medium,base,base,12,9,21,11,8,1,1,1,1,0,-1,11,0.0,0.6363636363636364,0.6363636363636364,0.0,3,0,8,0,9,0,1,0,0,0,0,0,0.0
3,4,size11_comp0.6_grid4_base_medium,11,0.6,medium,base,base,12,9,21,11,8,1,1,1,1,0,-1,12,0.0,0.5833333333333334,0.5833333333333334,0.0,4,0,8,0,9,1,1,0,1,0,0,1,0.08333333333333333
4,4,size11_comp0.6_grid4_base_medium,11,0.6,medium,base,base,12,9,21,11,8,1,1,1,1,0,-1,15,0.0,0.5333333333333333,0.5333333333333333,0.0,5,1,9,0,7,4,2,1,3,1,0,2,0.13333333333333333
5,4,size11_comp0.6_grid4_base_medium,11,0.6,medium,base,base,12,9,21,11,8,1,1,1,1,0,-1,17,0.0,0.47058823529411764,0.47058823529411764,0.0,6,1,10,0,9,2,4,1,5,1,0,4,0.23529411764705882
6,4,size11_comp0.6_grid4_base_medium,11,0.6,medium,base,base,12,9,21,11,8,1,1,1,1,0,-1,16,0.0,0.5625,0.5625,0.0,5,1,9,1,6,4,3,2,3,2,0,1,0.0625
7,4,size11_comp0.6_grid4_base_medium,11,0.6,medium,base,base,12,9,21,11,8,1,1,1,1,0,-1,16,0.0,0.5,0.5,0.0,7,1,8,0,6,5,4,0,3,0,0,3,0.1875
8,4,size11_comp0.6_grid4_base_medium,11,0.6,medium,base,base,12,9,21,11,8,1,1,1,1,0,-1,12,0.0,0.5833333333333334,0.5833333333333334,0.0,3,0,9,0,10,0,1,0,1,0,0,1,0.08333333333333333
9,4,size11_comp0.6_grid4_base_medium,11,0.6,medium,base,base,12,9,21,11,8,1,1,1,1,0,-1,13,0.0,0.6153846153846154,0.6153846153846154,0.0,4,1,8,0,9,2,1,0,0,0,0,0,0.0
0,5,size11_comp0.6_grid5_base_medium,11,0.6,medium,base,base,6,14,20,10,5,1,1,1,1,0,-1,11,0.0,0.09090909090909091,0.09090909090909091,0.0,5,0,6,0,6,2,2,0,1,0,0,1,0.09090909090909091
1,5,size11_comp0.6_grid5_base_medium,11,0.6,medium,base,base,6,14,20,10,5,1,1,1,1,0,-1,10,0.0,0.1,0.1,0.0,4,0,6,0,7,1,1,0,0,0,0,0,0.0
2,5,size11_comp0.6_grid5_base_medium,11,0.6,medium,base,base,6,14,20,10,5,1,1,1,1,0,-1,13,0.0,0.15384615384615385,0.15384615384615385,0.0,4,0,7,2,6,1,2,3,3,2,0,1,0.07692307692307693
3,5,size11_comp0.6_grid5_base_medium,11,0.6,medium,base,base,6,14,20,10,5,1,1,1,1,0,-1,11,0.0,0.09090909090909091,0.09090909090909091,0.0,5,0,6,0,5,3,2,0,1,0,0,1,0.09090909090909091
4,5,size11_comp0.6_grid5_base_medium,11,0.6,medium,base,base,6,14,20,10,5,1,1,1,1,0,-1,12,0.0,0.16666666666666666,0.16666666666666666,0.0,4,0,7,1,6,2,1,2,2,2,0,0,0.0
5,5,size11_comp0.6_grid5_base_medium,11,0.6,medium,base,base,6,14,20,10,5,1,1,1,1,0,-1,12,0.0,0.16666666666666666,0.16666666666666666,0.0,5,1,6,0,5,2,3,1,1,1,0,0,0.0
6,5,size11_comp0.6_grid5_base_medium,11,0.6,medium,base,base,6,14,20,10,5,1,1,1,1,0,-1,17,0.0,0.23529411764705882,0.23529411764705882,0.0,7,3,6,1,4,6,3,3,5,3,0,1,0.058823529411764705
7,5,size11_comp0.6_grid5_base_medium,11,0.6,medium,base,base,6,14,20,10,5,1,1,1,1,0,-1,16,0.0,0.25,0.25,0.0,5,1,8,2,6,2,4,3,4,3,0,0,0.0
8,5,size11_comp0.6_grid5_base_medium,11,0.6,medium,base,base,6,14,20,10,5,1,1,1,1,0,-1,12,0.0,0.16666666666666666,0.16666666666666666,0.0,5,1,6,0,6,1,3,1,1,1,0,0,0.0
9,5,size11_comp0.6_grid5_base_medium,11,0.6,medium,base,base,6,14,20,10,5,1,1,1,1,0,-1,15,0.0,0.2,0.2,0.0,4,0,8,3,5,3,2,4,5,4,0,1,0.06666666666666667
0,6,size11_comp0.6_grid6_base_medium,11,0.6,medium,base,base,12,10,22,6,10,1,1,1,1,0,-1,6,0.0,0.6666666666666666,0.6666666666666666,0.0,4,0,2,0,3,1,1,0,0,0,0,0,0.0
1,6,size11_comp0.6_grid6_base_medium,11,0.6,medium,base,base,12,10,22,6,10,1,1,1,1,0,-1,6,0.0,0.6666666666666666,0.6666666666666666,0.0,4,0,2,0,3,1,1,0,0,0,0,0,0.0
2,6,size11_comp0.6_grid6_base_medium,11,0.6,medium,base,base,12,10,22,6,10,1,1,1,1,0,-1,8,0.0,0.625,0.625,0.0,5,1,2,0,4,0,2,1,1,1,0,0,0.0
3,6,size11_comp0.6_grid6_base_medium,11,0.6,medium,base,base,12,10,22,6,10,1,1,1,1,0,-1,7,0.0,0.5714285714285714,0.5714285714285714,0.0,4,0,3,0,2,2,2,0,1,0,0,1,0.14285714285714285
4,6,size11_comp0.6_grid6_base_medium,11,0.6,medium,base,base,12,10,22,6,10,1,1,1,1,0,-1,9,0.0,0.5555555555555556,0.5555555555555556,0.0,5,1,3,0,4,1,3,0,1,0,0,1,0.1111111111111111
5,6,size11_comp0.6_grid6_base_medium,11,0.6,medium,base,base,12,10,22,6,10,1,1,1,1,0,-1,7,0.0,0.5714285714285714,0.5714285714285714,0.0,5,0,2,0,2,2,2,0,1,0,0,1,0.14285714285714285
6,6,size11_comp0.6_grid6_base_medium,11,0.6,medium,base,base,12,10,22,6,10,1,1,1,1,0,-1,7,0.0,0.5714285714285714,0.5714285714285714,0.0,4,0,3,0,4,1,1,0,1,0,0,1,0.14285714285714285
7,6,size11_comp0.6_grid6_base_medium,11,0.6,medium,base,base,12,10,22,6,10,1,1,1,1,0,-1,6,0.0,0.6666666666666666,0.6666666666666666,0.0,4,0,2,0,3,1,1,0,0,0,0,0,0.0
8,6,size11_comp0.6_grid6_base_medium,11,0.6,medium,base,base,12,10,22,6,10,1,1,1,1,0,-1,8,0.0,0.5,0.5,0.0,4,0,4,0,5,1,1,0,2,0,0,2,0.25
9,6,size11_comp0.6_grid6_base_medium,11,0.6,medium,base,base,12,10,22,6,10,1,1,1,1,0,-1,7,0.0,0.5714285714285714,0.5714285714285714,0.0,4,0,3,0,2,2,2,0,1,0,0,1,0.14285714285714285
0,7,size11_comp0.6_grid7_base_medium,11,0.6,medium,base,base,16,7,23,15,5,1,1,1,1,0,-1,21,0.0,0.7142857142857143,0.7142857142857143,0.0,4,10,6,1,11,2,1,6,6,6,0,0,0.0
1,7,size11_comp0.6_grid7_base_medium,11,0.6,medium,base,base,16,7,23,15,5,1,1,1,1,0,-1,26,0.0,0.6538461538461539,0.6538461538461539,0.0,3,9,9,4,11,5,4,3,5,3,0,0,0.0
2,7,size11_comp0.6_grid7_base_medium,11,0.6,medium,base,base,16,7,23,15,5,1,1,1,1,0,-1,27,0.0,0.5555555555555556,0.5555555555555556,0.0,3,13,7,2,11,3,4,5,10,3,0,4,0.14814814814814814
3,7,size11_comp0.6_grid7_base_medium,11,0.6,medium,base,base,16,7,23,15,5,1,1,1,1,0,-1,46,0.0,0.5869565217391305,0.5869565217391305,0.0,12,17,11,6,14,13,1,17,25,16,0,1,0.021739130434782608
4,7,size11_comp0.6_grid7_base_medium,11,0.6,medium,base,base,16,7,23,15,5,1,1,1,1,0,-1,30,0.0,0.6,0.6,0.0,4,11,9,4,13,4,3,5,12,5,0,1,0.03333333333333333
5,7,size11_comp0.6_grid7_base_medium,11,0.6,medium,base,base,16,7,23,15,5,1,1,1,1,0,-1,40,0.0,0.525,0.525,0.0,9,18,8,3,11,8,5,11,21,8,0,5,0.125
6,7,size11_comp0.6_grid7_base_medium,11,0.6,medium,base,base,16,7,23,15,5,1,1,1,1,0,-1,22,0.0,0.6818181818181818,0.6818181818181818,0.0,5,11,6,0,10,3,2,6,7,6,0,1,0.045454545454545456
7,7,size11_comp0.6_grid7_base_medium,11,0.6,medium,base,base,16,7,23,15,5,1,1,1,1,0,-1,21,0.0,0.6666666666666666,0.6666666666666666,0.0,3,9,7,1,8,5,3,2,4,2,0,1,0.047619047619047616
8,7,size11_comp0.6_grid7_base_medium,11,0.6,medium,base,base,16,7,23,15,5,1,1,1,1,0,-1,30,0.0,0.6,0.6,0.0,5,11,9,4,10,5,4,8,13,7,0,2,0.06666666666666667
9,7,size11_comp0.6_grid7_base_medium,11,0.6,medium,base,base,16,7,23,15,5,1,1,1,1,0,-1,32,0.0,0.59375,0.59375,0.0,7,13,8,3,12,5,4,8,15,8,0,2,0.0625
0,8,size11_comp0.6_grid8_base_medium,11,0.6,medium,base,base,8,5,13,13,0,1,1,1,1,0,-1,24,0.0,0.5416666666666666,0.5416666666666666,0.0,6,0,6,12,12,2,1,8,11,8,0,1,0.041666666666666664
1,8,size11_comp0.6_grid8_base_medium,11,0.6,medium,base,base,8,5,13,13,0,1,1,1,1,0,-1,24,0.0,0.4583333333333333,0.4583333333333333,0.0,10,4,1,8,11,5,2,3,9,1,0,4,0.16666666666666666
2,8,size11_comp0.6_grid8_base_medium,11,0.6,medium,base,base,8,5,13,13,0,1,1,1,1,0,-1,18,0.0,0.5,0.5,0.0,8,1,1,8,8,2,4,3,5,2,0,3,0.16666666666666666
3,8,size11_comp0.6_grid8_base_medium,11,0.6,medium,base,base,8,5,13,13,0,1,1,1,1,0,-1,20,0.0,0.55,0.55,0.0,7,1,2,10,7,3,4,5,6,5,0,1,0.05
4,8,size11_comp0.6_grid8_base_medium,11,0.6,medium,base,base,8,5,13,13,0,1,1,1,1,0,-1,24,0.0,0.5416666666666666,0.5416666666666666,0.0,9,2,3,10,7,6,3,7,9,7,0,1,0.041666666666666664
5,8,size11_comp0.6_grid8_base_medium,11,0.6,medium,base,base,8,5,13,13,0,1,1,1,1,0,-1,39,0.0,0.46153846153846156,0.46153846153846156,0.0,14,2,8,15,14,6,7,11,23,11,0,6,0.15384615384615385
6,8,size11_comp0.6_grid8_base_medium,11,0.6,medium,base,base,8,5,13,13,0,1,1,1,1,1,14,22,0.5909090909090909,0.7727272727272727,0.7333333333333333,0.8571428571428571,10,3,1,8,6,5,4,6,8,6,1,1,0.045454545454545456
7,8,size11_comp0.6_grid8_base_medium,11,0.6,medium,base,base,8,5,13,13,0,1,1,1,1,0,-1,14,0.0,0.5714285714285714,0.5714285714285714,0.0,7,0,0,7,10,2,1,0,1,0,0,1,0.07142857142857142
8,8,size11_comp0.6_grid8_base_medium,11,0.6,medium,base,base,8,5,13,13,0,1,1,1,1,0,-1,20,0.0,0.5,0.5,0.0,8,1,2,9,10,3,2,4,7,3,0,3,0.15
9,8,size11_comp0.6_grid8_base_medium,11,0.6,medium,base,base,8,5,13,13,0,1,1,1,1,0,-1,24,0.0,0.5,0.5,0.0,9,0,4,11,13,6,2,2,9,2,0,3,0.125
0,9,size11_comp0.6_grid9_base_medium,11,0.6,medium,base,base,3,11,14,8,3,1,1,1,1,0,-1,15,0.0,0.2,0.2,0.0,5,5,5,0,4,1,4,5,5,4,0,1,0.06666666666666667
1,9,size11_comp0.6_grid9_base_medium,11,0.6,medium,base,base,3,11,14,8,3,1,1,1,1,0,-1,10,0.0,0.1,0.1,0.0,2,1,6,1,5,2,1,1,1,1,0,0,0.0
2,9,size11_comp0.6_grid9_base_medium,11,0.6,medium,base,base,3,11,14,8,3,1,1,1,1,0,-1,15,0.0,0.13333333333333333,0.13333333333333333,0.0,4,3,8,0,6,3,3,2,6,2,0,3,0.2
3,9,size11_comp0.6_grid9_base_medium,11,0.6,medium,base,base,3,11,14,8,3,1,1,1,1,0,-1,9,0.0,0.0,0.0,0.0,3,1,5,0,3,2,3,0,1,0,0,1,0.1111111111111111
4,9,size11_comp0.6_grid9_base_medium,11,0.6,medium,base,base,3,11,14,8,3,1,1,1,1,0,-1,8,0.0,0.0,0.0,0.0,2,1,5,0,4,1,2,0,0,0,0,0,0.0
5,9,size11_comp0.6_grid9_base_medium,11,0.6,medium,base,base,3,11,14,8,3,1,1,1,1,0,-1,13,0.0,0.07692307692307693,0.07692307692307693,0.0,3,2,8,0,5,2,4,1,4,1,0,3,0.23076923076923078
6,9,size11_comp0.6_grid9_base_medium,11,0.6,medium,base,base,3,11,14,8,3,1,1,1,1,0,-1,18,0.0,0.16666666666666666,0.16666666666666666,0.0,6,5,6,1,2,4,6,5,9,4,0,4,0.2222222222222222
7,9,size11_comp0.6_grid9_base_medium,11,0.6,medium,base,base,3,11,14,8,3,1,1,1,1,0,-1,8,0.0,0.0,0.0,0.0,2,1,5,0,4,1,2,0,0,0,0,0,0.0
8,9,size11_comp0.6_grid9_base_medium,11,0.6,medium,base,base,3,11,14,8,3,1,1,1,1,0,-1,8,0.0,0.0,0.0,0.0,2,1,5,0,4,1,2,0,0,0,0,0,0.0
9,9,size11_comp0.6_grid9_base_medium,11,0.6,medium,base,base,3,11,14,8,3,1,1,1,1,0,-1,11,0.0,0.09090909090909091,0.09090909090909091,0.0,4,2,5,0,4,1,4,1,2,1,0,1,0.09090909090909091
0,0,size7_comp0.0_grid0_base_medium,7,0.0,medium,base,base,7,3,10,4,3,1,1,1,1,0,-1,7,0.0,0.7142857142857143,0.7142857142857143,0.0,2,3,2,0,2,3,1,0,1,0,0,1,0.14285714285714285
1,0,size7_comp0.0_grid0_base_medium,7,0.0,medium,base,base,7,3,10,4,3,1,1,1,1,0,-1,4,0.0,1.0,1.0,0.0,0,2,2,0,0,2,1,0,0,0,0,0,0.0
2,0,size7_comp0.0_grid0_base_medium,7,0.0,medium,base,base,7,3,10,4,3,1,1,1,1,0,-1,4,0.0,1.0,1.0,0.0,0,2,2,0,2,1,0,0,0,0,0,0,0.0
3,0,size7_comp0.0_grid0_base_medium,7,0.0,medium,base,base,7,3,10,4,3,1,1,1,1,0,-1,6,0.0,0.8333333333333334,0.8333333333333334,0.0,1,3,2,0,1,2,1,1,1,1,0,0,0.0
4,0,size7_comp0.0_grid0_base_medium,7,0.0,medium,base,base,7,3,10,4,3,1,1,1,1,0,-1,6,0.0,0.8333333333333334,0.8333333333333334,0.0,1,3,2,0,2,2,0,1,1,1,0,0,0.0
5,0,size7_comp0.0_grid0_base_medium,7,0.0,medium,base,base,7,3,10,4,3,1,1,1,1,0,-1,6,0.0,0.8333333333333334,0.8333333333333334,0.0,0,2,3,1,2,0,2,1,1,1,0,0,0.0
6,0,size7_comp0.0_grid0_base_medium,7,0.0,medium,base,base,7,3,10,4,3,1,1,1,1,0,-1,6,0.0,0.8333333333333334,0.8333333333333334,0.0,1,3,2,0,2,2,1,0,0,0,0,0,0.0
7,0,size7_comp0.0_grid0_base_medium,7,0.0,medium,base,base,7,3,10,4,3,1,1,1,1,0,-1,6,0.0,0.8333333333333334,0.8333333333333334,0.0,1,3,2,0,0,3,1,1,1,1,0,0,0.0
8,0,size7_comp0.0_grid0_base_medium,7,0.0,medium,base,base,7,3,10,4,3,1,1,1,1,0,-1,4,0.0,1.0,1.0,0.0,0,2,2,0,0,2,1,0,0,0,0,0,0.0
9,0,size7_comp0.0_grid0_base_medium,7,0.0,medium,base,base,7,3,10,4,3,1,1,1,1,0,-1,7,0.0,0.7142857142857143,0.7142857142857143,0.0,2,3,2,0,4,2,0,0,1,0,0,1,0.14285714285714285
0,1,size7_comp0.0_grid1_base_medium,7,0.0,medium,base,base,4,4,8,8,0,1,1,1,1,0,-1,10,0.0,0.5,0.5,0.0,5,1,0,4,5,0,3,1,1,1,0,0,0.0
1,1,size7_comp0.0_grid1_base_medium,7,0.0,medium,base,base,4,4,8,8,0,1,1,1,1,0,-1,10,0.0,0.5,0.5,0.0,5,1,0,4,6,0,1,2,2,2,0,0,0.0
2,1,size7_comp0.0_grid1_base_medium,7,0.0,medium,base,base,4,4,8,8,0,1,1,1,1,0,-1,10,0.0,0.5,0.5,0.0,5,1,0,4,3,3,2,1,1,1,0,0,0.0
3,1,size7_comp0.0_grid1_base_medium,7,0.0,medium,base,base,4,4,8,8,0,1,1,1,1,0,-1,8,0.0,0.5,0.5,0.0,4,0,0,4,6,0,1,0,0,0,0,0,0.0
4,1,size7_comp0.0_grid1_base_medium,7,0.0,medium,base,base,4,4,8,8,0,1,1,1,1,0,-1,10,0.0,0.5,0.5,0.0,5,1,0,4,4,2,3,0,0,0,0,0,0.0
5,1,size7_comp0.0_grid1_base_medium,7,0.0,medium,base,base,4,4,8,8,0,1,1,1,1,0,-1,8,0.0,0.5,0.5,0.0,4,0,0,4,6,0,1,0,0,0,0,0,0.0
6,1,size7_comp0.0_grid1_base_medium,7,0.0,medium,base,base,4,4,8,8,0,1,1,1,1,0,-1,10,0.0,0.5,0.5,0.0,5,1,0,4,6,0,1,2,2,2,0,0,0.0
7,1,size7_comp0.0_grid1_base_medium,7,0.0,medium,base,base,4,4,8,8,0,1,1,1,1,0,-1,13,0.0,0.46153846153846156,0.46153846153846156,0.0,6,2,1,4,2,5,5,0,1,0,0,1,0.07692307692307693
8,1,size7_comp0.0_grid1_base_medium,7,0.0,medium,base,base,4,4,8,8,0,1,1,1,1,0,-1,11,0.0,0.45454545454545453,0.45454545454545453,0.0,5,1,1,4,4,1,3,2,3,2,0,1,0.09090909090909091
9,1,size7_comp0.0_grid1_base_medium,7,0.0,medium,base,base,4,4,8,8,0,1,1,1,1,0,-1,13,0.0,0.46153846153846156,0.46153846153846156,0.0,6,2,1,4,4,2,5,1,2,1,0,1,0.07692307692307693
0,2,size7_comp0.0_grid2_base_medium,7,0.0,medium,base,base,3,6,9,3,3,1,1,1,1,0,-1,5,0.0,0.2,0.2,0.0,3,0,1,1,1,1,2,0,0,0,0,0,0.0
1,2,size7_comp0.0_grid2_base_medium,7,0.0,medium,base,base,3,6,9,3,3,1,1,1,1,0,-1,5,0.0,0.2,0.2,0.0,3,0,1,1,0,2,2,0,0,0,0,0,0.0
2,2,size7_comp0.0_grid2_base_medium,7,0.0,medium,base,base,3,6,9,3,3,1,1,1,1,0,-1,5,0.0,0.2,0.2,0.0,3,0,1,1,1,2,0,1,1,1,0,0,0.0
3,2,size7_comp0.0_grid2_base_medium,7,0.0,medium,base,base,3,6,9,3,3,1,1,1,1,0,-1,3,0.0,0.0,0.0,0.0,3,0,0,0,2,0,0,0,0,0,0,0,0.0
4,2,size7_comp0.0_grid2_base_medium,7,0.0,medium,base,base,3,6,9,3,3,1,1,1,1,0,-1,3,0.0,0.0,0.0,0.0,3,0,0,0,2,0,0,0,0,0,0,0,0.0
5,2,size7_comp0.0_grid2_base_medium,7,0.0,medium,base,base,3,6,9,3,3,1,1,1,1,0,-1,7,0.0,0.2857142857142857,0.2857142857142857,0.0,3,0,2,2,1,0,4,1,1,1,0,0,0.0
6,2,size7_comp0.0_grid2_base_medium,7,0.0,medium,base,base,3,6,9,3,3,1,1,1,1,0,-1,3,0.0,0.0,0.0,0.0,3,0,0,0,2,0,0,0,0,0,0,0,0.0
7,2,size7_comp0.0_grid2_base_medium,7,0.0,medium,base,base,3,6,9,3,3,1,1,1,1,0,-1,3,0.0,0.0,0.0,0.0,3,0,0,0,2,0,0,0,0,0,0,0,0.0
8,2,size7_comp0.0_grid2_base_medium,7,0.0,medium,base,base,3,6,9,3,3,1,1,1,1,0,-1,3,0.0,0.0,0.0,0.0,3,0,0,0,2,0,0,0,0,0,0,0,0.0
9,2,size7_comp0.0_grid2_base_medium,7,0.0,medium,base,base,3,6,9,3,3,1,1,1,1,0,-1,3,0.0,0.0,0.0,0.0,3,0,0,0,2,0,0,0,0,0,0,0,0.0
0,3,size7_comp0.0_grid3_base_medium,7,0.0,medium,base,base,3,6,9,3,3,1,1,1,1,0,-1,3,0.0,0.0,0.0,0.0,0,3,0,0,2,0,0,0,0,0,0,0,0.0
1,3,size7_comp0.0_grid3_base_medium,7,0.0,medium,base,base,3,6,9,3,3,1,1,1,1,0,-1,3,0.0,0.0,0.0,0.0,0,3,0,0,2,0,0,0,0,0,0,0,0.0
2,3,size7_comp0.0_grid3_base_medium,7,0.0,medium,base,base,3,6,9,3,3,1,1,1,1,0,-1,4,0.0,0.0,0.0,0.0,0,3,1,0,2,1,0,0,1,0,0,1,0.25
3,3,size7_comp0.0_grid3_base_medium,7,0.0,medium,base,base,3,6,9,3,3,1,1,1,1,0,-1,3,0.0,0.0,0.0,0.0,0,3,0,0,2,0,0,0,0,0,0,0,0.0
4,3,size7_comp0.0_grid3_base_medium,7,0.0,medium,base,base,3,6,9,3,3,1,1,1,1,0,-1,5,0.0,0.2,0.2,0.0,0,3,1,1,1,1,2,0,0,0,0,0,0.0
5,3,size7_comp0.0_grid3_base_medium,7,0.0,medium,base,base,3,6,9,3,3,1,1,1,1,0,-1,3,0.0,0.0,0.0,0.0,0,3,0,0,2,0,0,0,0,0,0,0,0.0
6,3,size7_comp0.0_grid3_base_medium,7,0.0,medium,base,base,3,6,9,3,3,1,1,1,1,0,-1,3,0.0,0.0,0.0,0.0,0,3,0,0,2,0,0,0,0,0,0,0,0.0
7,3,size7_comp0.0_grid3_base_medium,7,0.0,medium,base,base,3,6,9,3,3,1,1,1,1,0,-1,3,0.0,0.0,0.0,0.0,0,3,0,0,2,0,0,0,0,0,0,0,0.0
8,3,size7_comp0.0_grid3_base_medium,7,0.0,medium,base,base,3,6,9,3,3,1,1,1,1,0,-1,3,0.0,0.0,0.0,0.0,0,3,0,0,2,0,0,0,0,0,0,0,0.0
9,3,size7_comp0.0_grid3_base_medium,7,0.0,medium,base,base,3,6,9,3,3,1,1,1,1,0,-1,3,0.0,0.0,0.0,0.0,0,3,0,0,2,0,0,0,0,0,0,0,0.0
0,4,size7_comp0.0_grid4_base_medium,7,0.0,medium,base,base,3,3,6,4,1,1,1,1,1,0,-1,4,0.0,0.5,0.5,0.0,2,0,2,0,1,1,1,0,0,0,0,0,0.0
1,4,size7_comp0.0_grid4_base_medium,7,0.0,medium,base,base,3,3,6,4,1,1,1,1,1,0,-1,6,0.0,0.5,0.5,0.0,3,1,2,0,1,1,2,1,1,1,0,0,0.0
2,4,size7_comp0.0_grid4_base_medium,7,0.0,medium,base,base,3,3,6,4,1,1,1,1,1,0,-1,4,0.0,0.5,0.5,0.0,2,0,2,0,0,1,2,0,0,0,0,0,0.0
3,4,size7_comp0.0_grid4_base_medium,7,0.0,medium,base,base,3,3,6,4,1,1,1,1,1,0,-1,4,0.0,0.5,0.5,0.0,2,0,2,0,0,1,2,0,0,0,0,0,0.0
4,4,size7_comp0.0_grid4_base_medium,7,0.0,medium,base,base,3,3,6,4,1,1,1,1,1,0,-1,6,0.0,0.5,0.5,0.0,3,1,2,0,2,2,1,0,0,0,0,0,0.0
5,4,size7_comp0.0_grid4_base_medium,7,0.0,medium,base,base,3,3,6,4,1,1,1,1,1,0,-1,4,0.0,0.5,0.5,0.0,2,0,2,0,2,1,0,0,0,0,0,0,0.0
6,4,size7_comp0.0_grid4_base_medium,7,0.0,medium,base,base,3,3,6,4,1,1,1,1,1,0,-1,4,0.0,0.5,0.5,0.0,2,0,2,0,2,1,0,0,0,0,0,0,0.0
7,4,size7_comp0.0_grid4_base_medium,7,0.0,medium,base,base,3,3,6,4,1,1,1,1,1,0,-1,6,0.0,0.5,0.5,0.0,3,1,2,0,1,1,2,1,1,1,0,0,0.0
8,4,size7_comp0.0_grid4_base_medium,7,0.0,medium,base,base,3,3,6,4,1,1,1,1,1,0,-1,4,0.0,0.5,0.5,0.0,2,0,2,0,2,1,0,0,0,0,0,0,0.0
9,4,size7_comp0.0_grid4_base_medium,7,0.0,medium,base,base,3,3,6,4,1,1,1,1,1,0,-1,4,0.0,0.5,0.5,0.0,2,0,2,0,1,1,1,0,0,0,0,0,0.0
0,5,size7_comp0.0_grid5_base_medium,7,0.0,medium,base,base,4,3,7,5,1,1,1,1,1,0,-1,5,0.0,0.6,0.6,0.0,3,0,2,0,1,2,1,0,0,0,0,0,0.0
1,5,size7_comp0.0_grid5_base_medium,7,0.0,medium,base,base,4,3,7,5,1,1,1,1,1,0,-1,5,0.0,0.6,0.6,0.0,3,0,2,0,3,1,0,0,0,0,0,0,0.0
2,5,size7_comp0.0_grid5_base_medium,7,0.0,medium,base,base,4,3,7,5,1,1,1,1,1,0,-1,5,0.0,0.6,0.6,0.0,3,0,2,0,3,1,0,0,0,0,0,0,0.0
3,5,size7_comp0.0_grid5_base_medium,7,0.0,medium,base,base,4,3,7,5,1,1,1,1,1,0,-1,5,0.0,0.6,0.6,0.0,3,0,2,0,3,1,0,0,0,0,0,0,0.0
4,5,size7_comp0.0_grid5_base_medium,7,0.0,medium,base,base,4,3,7,5,1,1,1,1,1,0,-1,5,0.0,0.6,0.6,0.0,3,0,2,0,3,1,0,0,0,0,0,0,0.0
5,5,size7_comp0.0_grid5_base_medium,7,0.0,medium,base,base,4,3,7,5,1,1,1,1,1,0,-1,6,0.0,0.5,0.5,0.0,4,0,2,0,2,2,1,0,1,0,0,1,0.16666666666666666
6,5,size7_comp0.0_grid5_base_medium,7,0.0,medium,base,base,4,3,7,5,1,1,1,1,1,0,-1,5,0.0,0.6,0.6,0.0,3,0,2,0,3,1,0,0,0,0,0,0,0.0
7,5,size7_comp0.0_grid5_base_medium,7,0.0,medium,base,base,4,3,7,5,1,1,1,1,1,0,-1,6,0.0,0.5,0.5,0.0,4,0,2,0,3,1,1,0,1,0,0,1,0.16666666666666666
8,5,size7_comp0.0_grid5_base_medium,7,0.0,medium,base,base,4,3,7,5,1,1,1,1,1,0,-1,6,0.0,0.5,0.5,0.0,4,0,2,0,2,2,1,0,1,0,0,1,0.16666666666666666
9,5,size7_comp0.0_grid5_base_medium,7,0.0,medium,base,base,4,3,7,5,1,1,1,1,1,0,-1,5,0.0,0.6,0.6,0.0,3,0,2,0,3,1,0,0,0,0,0,0,0.0
0,6,size7_comp0.0_grid6_base_medium,7,0.0,medium,base,base,3,4,7,7,0,1,1,1,1,0,-1,7,0.0,0.42857142857142855,0.42857142857142855,0.0,4,0,3,0,3,2,1,0,0,0,0,0,0.0
1,6,size7_comp0.0_grid6_base_medium,7,0.0,medium,base,base,3,4,7,7,0,1,1,1,1,0,-1,7,0.0,0.42857142857142855,0.42857142857142855,0.0,4,0,3,0,2,2,2,0,0,0,0,0,0.0
2,6,size7_comp0.0_grid6_base_medium,7,0.0,medium,base,base,3,4,7,7,0,1,1,1,1,0,-1,7,0.0,0.42857142857142855,0.42857142857142855,0.0,4,0,3,0,2,2,2,0,0,0,0,0,0.0
3,6,size7_comp0.0_grid6_base_medium,7,0.0,medium,base,base,3,4,7,7,0,1,1,1,1,0,-1,7,0.0,0.42857142857142855,0.42857142857142855,0.0,4,0,3,0,3,1,2,0,0,0,0,0,0.0
4,6,size7_comp0.0_grid6_base_medium,7,0.0,medium,base,base,3,4,7,7,0,1,1,1,1,0,-1,7,0.0,0.42857142857142855,0.42857142857142855,0.0,4,0,3,0,3,2,1,0,0,0,0,0,0.0
5,6,size7_comp0.0_grid6_base_medium,7,0.0,medium,base,base,3,4,7,7,0,1,1,1,1,0,-1,7,0.0,0.42857142857142855,0.42857142857142855,0.0,4,0,3,0,3,2,1,0,0,0,0,0,0.0
6,6,size7_comp0.0_grid6_base_medium,7,0.0,medium,base,base,3,4,7,7,0,1,1,1,1,0,-1,7,0.0,0.42857142857142855,0.42857142857142855,0.0,4,0,3,0,2,2,2,0,0,0,0,0,0.0
7,6,size7_comp0.0_grid6_base_medium,7,0.0,medium,base,base,3,4,7,7,0,1,1,1,1,0,-1,7,0.0,0.42857142857142855,0.42857142857142855,0.0,4,0,3,0,3,2,1,0,0,0,0,0,0.0
8,6,size7_comp0.0_grid6_base_medium,7,0.0,medium,base,base,3,4,7,7,0,1,1,1,1,0,-1,7,0.0,0.42857142857142855,0.42857142857142855,0.0,4,0,3,0,3,2,1,0,0,0,0,0,0.0
9,6,size7_comp0.0_grid6_base_medium,7,0.0,medium,base,base,3,4,7,7,0,1,1,1,1,1,2,7,1.0,1.0,1.0,1.0,4,0,3,0,3,2,1,0,0,0,0,0,0.0
0,7,size7_comp0.0_grid7_base_medium,7,0.0,medium,base,base,4,3,7,5,1,1,1,1,1,0,-1,9,0.0,0.5555555555555556,0.5555555555555556,0.0,2,4,3,0,0,3,2,3,3,3,0,0,0.0
1,7,size7_comp0.0_grid7_base_medium,7,0.0,medium,base,base,4,3,7,5,1,1,1,1,1,0,-1,5,0.0,0.6,0.6,0.0,0,2,3,0,3,0,1,0,0,0,0,0,0.0
2,7,size7_comp0.0_grid7_base_medium,7,0.0,medium,base,base,4,3,7,5,1,1,1,1,1,0,-1,7,0.0,0.5714285714285714,0.5714285714285714,0.0,0,2,4,1,2,2,2,0,0,0,0,0,0.0
3,7,size7_comp0.0_grid7_base_medium,7,0.0,medium,base,base,4,3,7,5,1,1,1,1,1,0,-1,9,0.0,0.5555555555555556,0.5555555555555556,0.0,2,4,3,0,1,1,2,4,4,4,0,0,0.0
4,7,size7_comp0.0_grid7_base_medium,7,0.0,medium,base,base,4,3,7,5,1,1,1,1,1,0,-1,7,0.0,0.5714285714285714,0.5714285714285714,0.0,1,3,3,0,2,2,2,0,0,0,0,0,0.0
5,7,size7_comp0.0_grid7_base_medium,7,0.0,medium,base,base,4,3,7,5,1,1,1,1,1,0,-1,5,0.0,0.6,0.6,0.0,0,2,3,0,1,1,2,0,0,0,0,0,0.0
6,7,size7_comp0.0_grid7_base_medium,7,0.0,medium,base,base,4,3,7,5,1,1,1,1,1,0,-1,7,0.0,0.5714285714285714,0.5714285714285714,0.0,1,3,3,0,2,1,2,1,1,1,0,0,0.0
7,7,size7_comp0.0_grid7_base_medium,7,0.0,medium,base,base,4,3,7,5,1,1,1,1,1,0,-1,7,0.0,0.5714285714285714,0.5714285714285714,0.0,1,3,3,0,2,1,1,2,2,2,0,0,0.0
8,7,size7_comp0.0_grid7_base_medium,7,0.0,medium,base,base,4,3,7,5,1,1,1,1,1,0,-1,5,0.0,0.6,0.6,0.0,0,2,3,0,1,1,2,0,0,0,0,0,0.0
9,7,size7_comp0.0_grid7_base_medium,7,0.0,medium,base,base,4,3,7,5,1,1,1,1,1,0,-1,7,0.0,0.5714285714285714,0.5714285714285714,0.0,1,3,3,0,1,3,1,1,1,1,0,0,0.0
0,8,size7_comp0.0_grid8_base_medium,7,0.0,medium,base,base,3,7,10,4,3,1,1,1,1,0,-1,4,0.0,0.0,0.0,0.0,2,0,2,0,0,2,1,0,0,0,0,0,0.0
1,8,size7_comp0.0_grid8_base_medium,7,0.0,medium,base,base,3,7,10,4,3,1,1,1,1,0,-1,4,0.0,0.0,0.0,0.0,2,0,2,0,2,1,0,0,0,0,0,0,0.0
2,8,size7_comp0.0_grid8_base_medium,7,0.0,medium,base,base,3,7,10,4,3,1,1,1,1,0,-1,4,0.0,0.0,0.0,0.0,2,0,2,0,0,2,1,0,0,0,0,0,0.0
3,8,size7_comp0.0_grid8_base_medium,7,0.0,medium,base,base,3,7,10,4,3,1,1,1,1,0,-1,6,0.0,0.0,0.0,0.0,4,0,2,0,4,1,0,0,2,0,0,2,0.3333333333333333
4,8,size7_comp0.0_grid8_base_medium,7,0.0,medium,base,base,3,7,10,4,3,1,1,1,1,0,-1,4,0.0,0.0,0.0,0.0,2,0,2,0,2,1,0,0,0,0,0,0,0.0
5,8,size7_comp0.0_grid8_base_medium,7,0.0,medium,base,base,3,7,10,4,3,1,1,1,1,0,-1,4,0.0,0.0,0.0,0.0,2,0,2,0,2,1,0,0,0,0,0,0,0.0
6,8,size7_comp0.0_grid8_base_medium,7,0.0,medium,base,base,3,7,10,4,3,1,1,1,1,0,-1,5,0.0,0.0,0.0,0.0,3,0,2,0,3,1,0,0,1,0,0,1,0.2
7,8,size7_comp0.0_grid8_base_medium,7,0.0,medium,base,base,3,7,10,4,3,1,1,1,1,0,-1,6,0.0,0.0,0.0,0.0,4,0,2,0,4,1,0,0,2,0,0,2,0.3333333333333333
8,8,size7_comp0.0_grid8_base_medium,7,0.0,medium,base,base,3,7,10,4,3,1,1,1,1,0,-1,4,0.0,0.0,0.0,0.0,2,0,2,0,2,1,0,0,0,0,0,0,0.0
9,8,size7_comp0.0_grid8_base_medium,7,0.0,medium,base,base,3,7,10,4,3,1,1,1,1,0,-1,4,0.0,0.0,0.0,0.0,2,0,2,0,2,1,0,0,0,0,0,0,0.0
0,9,size7_comp0.0_grid9_base_medium,7,0.0,medium,base,base,6,3,9,3,3,1,1,1,1,0,-1,5,0.0,0.8,0.8,0.0,1,4,0,0,2,0,0,2,2,2,0,0,0.0
1,9,size7_comp0.0_grid9_base_medium,7,0.0,medium,base,base,6,3,9,3,3,1,1,1,1,0,-1,3,0.0,1.0,1.0,0.0,0,3,0,0,2,0,0,0,0,0,0,0,0.0
2,9,size7_comp0.0_grid9_base_medium,7,0.0,medium,base,base,6,3,9,3,3,1,1,1,1,0,-1,3,0.0,1.0,1.0,0.0,0,3,0,0,2,0,0,0,0,0,0,0,0.0
3,9,size7_comp0.0_grid9_base_medium,7,0.0,medium,base,base,6,3,9,3,3,1,1,1,1,0,-1,3,0.0,1.0,1.0,0.0,0,3,0,0,2,0,0,0,0,0,0,0,0.0
4,9,size7_comp0.0_grid9_base_medium,7,0.0,medium,base,base,6,3,9,3,3,1,1,1,1,0,-1,4,0.0,0.75,0.75,0.0,0,3,0,1,1,1,1,0,1,0,0,1,0.25
5,9,size7_comp0.0_grid9_base_medium,7,0.0,medium,base,base,6,3,9,3,3,1,1,1,1,0,-1,3,0.0,1.0,1.0,0.0,0,3,0,0,2,0,0,0,0,0,0,0,0.0
6,9,size7_comp0.0_grid9_base_medium,7,0.0,medium,base,base,6,3,9,3,3,1,1,1,1,0,-1,3,0.0,1.0,1.0,0.0,0,3,0,0,2,0,0,0,0,0,0,0,0.0
7,9,size7_comp0.0_grid9_base_medium,7,0.0,medium,base,base,6,3,9,3,3,1,1,1,1,0,-1,5,0.0,0.6,0.6,0.0,0,3,0,2,2,1,1,0,2,0,0,2,0.4
8,9,size7_comp0.0_grid9_base_medium,7,0.0,medium,base,base,6,3,9,3,3,1,1,1,1,0,-1,3,0.0,1.0,1.0,0.0,0,3,0,0,2,0,0,0,0,0,0,0,0.0
9,9,size7_comp0.0_grid9_base_medium,7,0.0,medium,base,base,6,3,9,3,3,1,1,1,1,0,-1,3,0.0,1.0,1.0,0.0,0,3,0,0,2,0,0,0,0,0,0,0,0.0
0,0,size7_comp0.2_grid0_base_medium,7,0.2,medium,base,base,6,5,11,5,4,1,1,1,1,0,-1,5,0.0,0.6,0.6,0.0,3,0,0,2,1,1,2,0,0,0,0,0,0.0
1,0,size7_comp0.2_grid0_base_medium,7,0.2,medium,base,base,6,5,11,5,4,1,1,1,1,0,-1,5,0.0,0.6,0.6,0.0,3,0,0,2,3,0,1,0,0,0,0,0,0.0
2,0,size7_comp0.2_grid0_base_medium,7,0.2,medium,base,base,6,5,11,5,4,1,1,1,1,0,-1,5,0.0,0.6,0.6,0.0,3,0,0,2,3,0,1,0,0,0,0,0,0.0
3,0,size7_comp0.2_grid0_base_medium,7,0.2,medium,base,base,6,5,11,5,4,1,1,1,1,0,-1,6,0.0,0.5,0.5,0.0,3,0,1,2,2,1,2,0,1,0,0,1,0.16666666666666666
4,0,size7_comp0.2_grid0_base_medium,7,0.2,medium,base,base,6,5,11,5,4,1,1,1,1,0,-1,5,0.0,0.6,0.6,0.0,3,0,0,2,3,0,1,0,0,0,0,0,0.0
5,0,size7_comp0.2_grid0_base_medium,7,0.2,medium,base,base,6,5,11,5,4,1,1,1,1,0,-1,5,0.0,0.6,0.6,0.0,3,0,0,2,2,1,1,0,0,0,0,0,0.0
6,0,size7_comp0.2_grid0_base_medium,7,0.2,medium,base,base,6,5,11,5,4,1,1,1,1,0,-1,5,0.0,0.6,0.6,0.0,3,0,0,2,1,1,2,0,0,0,0,0,0.0
7,0,size7_comp0.2_grid0_base_medium,7,0.2,medium,base,base,6,5,11,5,4,1,1,1,1,0,-1,6,0.0,0.5,0.5,0.0,3,0,1,2,0,2,3,0,1,0,0,1,0.16666666666666666
8,0,size7_comp0.2_grid0_base_medium,7,0.2,medium,base,base,6,5,11,5,4,1,1,1,1,0,-1,5,0.0,0.6,0.6,0.0,3,0,0,2,3,0,1,0,0,0,0,0,0.0
9,0,size7_comp0.2_grid0_base_medium,7,0.2,medium,base,base,6,5,11,5,4,1,1,1,1,0,-1,5,0.0,0.6,0.6,0.0,3,0,0,2,3,0,1,0,0,0,0,0,0.0
0,1,size7_comp0.2_grid1_base_medium,7,0.2,medium,base,base,4,4,8,4,3,1,1,1,1,0,-1,7,0.0,0.42857142857142855,0.42857142857142855,0.0,1,2,0,4,2,2,1,1,2,1,0,1,0.14285714285714285
1,1,size7_comp0.2_grid1_base_medium,7,0.2,medium,base,base,4,4,8,4,3,1,1,1,1,0,-1,4,0.0,0.5,0.5,0.0,0,1,0,3,2,0,1,0,0,0,0,0,0.0
2,1,size7_comp0.2_grid1_base_medium,7,0.2,medium,base,base,4,4,8,4,3,1,1,1,1,0,-1,5,0.0,0.4,0.4,0.0,0,1,0,4,3,0,1,0,1,0,0,1,0.2
3,1,size7_comp0.2_grid1_base_medium,7,0.2,medium,base,base,4,4,8,4,3,1,1,1,1,0,-1,4,0.0,0.5,0.5,0.0,0,1,0,3,2,0,1,0,0,0,0,0,0.0
4,1,size7_comp0.2_grid1_base_medium,7,0.2,medium,base,base,4,4,8,4,3,1,1,1,1,0,-1,6,0.0,0.5,0.5,0.0,1,2,0,3,1,0,3,1,1,1,0,0,0.0
5,1,size7_comp0.2_grid1_base_medium,7,0.2,medium,base,base,4,4,8,4,3,1,1,1,1,0,-1,5,0.0,0.4,0.4,0.0,0,1,0,4,3,0,1,0,1,0,0,1,0.2
6,1,size7_comp0.2_grid1_base_medium,7,0.2,medium,base,base,4,4,8,4,3,1,1,1,1,0,-1,4,0.0,0.5,0.5,0.0,0,1,0,3,2,0,1,0,0,0,0,0,0.0
7,1,size7_comp0.2_grid1_base_medium,7,0.2,medium,base,base,4,4,8,4,3,1,1,1,1,0,-1,4,0.0,0.5,0.5,0.0,0,1,0,3,2,0,1,0,0,0,0,0,0.0
8,1,size7_comp0.2_grid1_base_medium,7,0.2,medium,base,base,4,4,8,4,3,1,1,1,1,0,-1,5,0.0,0.4,0.4,0.0,0,1,0,4,3,0,1,0,1,0,0,1,0.2
9,1,size7_comp0.2_grid1_base_medium,7,0.2,medium,base,base,4,4,8,4,3,1,1,1,1,0,-1,5,0.0,0.4,0.4,0.0,0,1,0,4,3,0,1,0,1,0,0,1,0.2
0,2,size7_comp0.2_grid2_base_medium,7,0.2,medium,base,base,3,4,7,5,1,1,1,1,1,0,-1,5,0.0,0.4,0.4,0.0,2,0,3,0,3,1,0,0,0,0,0,0,0.0
1,2,size7_comp0.2_grid2_base_medium,7,0.2,medium,base,base,3,4,7,5,1,1,1,1,1,0,-1,7,0.0,0.2857142857142857,0.2857142857142857,0.0,4,0,3,0,4,1,1,0,2,0,0,2,0.2857142857142857
2,2,size7_comp0.2_grid2_base_medium,7,0.2,medium,base,base,3,4,7,5,1,1,1,1,1,0,-1,5,0.0,0.4,0.4,0.0,2,0,3,0,2,1,1,0,0,0,0,0,0.0
3,2,size7_comp0.2_grid2_base_medium,7,0.2,medium,base,base,3,4,7,5,1,1,1,1,1,0,-1,5,0.0,0.4,0.4,0.0,2,0,3,0,2,1,1,0,0,0,0,0,0.0
4,2,size7_comp0.2_grid2_base_medium,7,0.2,medium,base,base,3,4,7,5,1,1,1,1,1,0,-1,5,0.0,0.4,0.4,0.0,2,0,3,0,0,2,2,0,0,0,0,0,0.0
5,2,size7_comp0.2_grid2_base_medium,7,0.2,medium,base,base,3,4,7,5,1,1,1,1,1,0,-1,6,0.0,0.3333333333333333,0.3333333333333333,0.0,3,0,3,0,3,1,1,0,1,0,0,1,0.16666666666666666
6,2,size7_comp0.2_grid2_base_medium,7,0.2,medium,base,base,3,4,7,5,1,1,1,1,1,0,-1,5,0.0,0.4,0.4,0.0,2,0,3,0,2,1,1,0,0,0,0,0,0.0
7,2,size7_comp0.2_grid2_base_medium,7,0.2,medium,base,base,3,4,7,5,1,1,1,1,1,0,-1,9,0.0,0.3333333333333333,0.3333333333333333,0.0,5,1,3,0,2,2,3,1,3,1,0,2,0.2222222222222222
8,2,size7_comp0.2_grid2_base_medium,7,0.2,medium,base,base,3,4,7,5,1,1,1,1,1,0,-1,6,0.0,0.3333333333333333,0.3333333333333333,0.0,2,0,3,1,3,0,1,1,1,0,0,1,0.16666666666666666
9,2,size7_comp0.2_grid2_base_medium,7,0.2,medium,base,base,3,4,7,5,1,1,1,1,1,0,-1,6,0.0,0.3333333333333333,0.3333333333333333,0.0,3,0,3,0,2,2,1,0,1,0,0,1,0.16666666666666666
0,3,size7_comp0.2_grid3_base_medium,7,0.2,medium,base,base,7,3,10,6,3,1,1,1,1,0,-1,6,0.0,0.8333333333333334,0.8333333333333334,0.0,0,2,0,4,4,0,1,0,0,0,0,0,0.0
1,3,size7_comp0.2_grid3_base_medium,7,0.2,medium,base,base,7,3,10,6,3,1,1,1,1,0,-1,6,0.0,0.8333333333333334,0.8333333333333334,0.0,0,2,0,4,4,0,1,0,0,0,0,0,0.0
2,3,size7_comp0.2_grid3_base_medium,7,0.2,medium,base,base,7,3,10,6,3,1,1,1,1,0,-1,7,0.0,0.7142857142857143,0.7142857142857143,0.0,0,2,0,5,3,1,2,0,1,0,0,1,0.14285714285714285
3,3,size7_comp0.2_grid3_base_medium,7,0.2,medium,base,base,7,3,10,6,3,1,1,1,1,0,-1,13,0.0,0.6153846153846154,0.6153846153846154,0.0,3,5,0,5,7,1,3,1,4,1,0,1,0.07692307692307693
4,3,size7_comp0.2_grid3_base_medium,7,0.2,medium,base,base,7,3,10,6,3,1,1,1,1,0,-1,7,0.0,0.7142857142857143,0.7142857142857143,0.0,0,2,0,5,5,0,1,0,1,0,0,1,0.14285714285714285
5,3,size7_comp0.2_grid3_base_medium,7,0.2,medium,base,base,7,3,10,6,3,1,1,1,1,0,-1,7,0.0,0.7142857142857143,0.7142857142857143,0.0,0,3,0,4,3,1,2,0,1,0,0,1,0.14285714285714285
6,3,size7_comp0.2_grid3_base_medium,7,0.2,medium,base,base,7,3,10,6,3,1,1,1,1,0,-1,8,0.0,0.625,0.625,0.0,0,2,0,6,6,0,1,0,2,0,0,2,0.25
7,3,size7_comp0.2_grid3_base_medium,7,0.2,medium,base,base,7,3,10,6,3,1,1,1,1,0,-1,6,0.0,0.8333333333333334,0.8333333333333334,0.0,0,2,0,4,4,0,1,0,0,0,0,0,0.0
8,3,size7_comp0.2_grid3_base_medium,7,0.2,medium,base,base,7,3,10,6,3,1,1,1,1,0,-1,7,0.0,0.7142857142857143,0.7142857142857143,0.0,0,2,0,5,3,1,2,0,1,0,0,1,0.14285714285714285
9,3,size7_comp0.2_grid3_base_medium,7,0.2,medium,base,base,7,3,10,6,3,1,1,1,1,0,-1,9,0.0,0.6666666666666666,0.6666666666666666,0.0,2,3,0,4,1,4,3,0,1,0,0,1,0.1111111111111111
0,4,size7_comp0.2_grid4_base_medium,7,0.2,medium,base,base,3,4,7,5,2,1,1,1,1,0,-1,5,0.0,0.4,0.4,0.0,1,0,4,0,3,1,0,0,0,0,0,0,0.0
1,4,size7_comp0.2_grid4_base_medium,7,0.2,medium,base,base,3,4,7,5,2,1,1,1,1,0,-1,6,0.0,0.3333333333333333,0.3333333333333333,0.0,1,0,4,1,3,2,0,0,1,0,0,1,0.16666666666666666
2,4,size7_comp0.2_grid4_base_medium,7,0.2,medium,base,base,3,4,7,5,2,1,1,1,1,0,-1,9,0.0,0.4444444444444444,0.4444444444444444,0.0,3,2,4,0,4,1,2,1,2,1,0,0,0.0
3,4,size7_comp0.2_grid4_base_medium,7,0.2,medium,base,base,3,4,7,5,2,1,1,1,1,0,-1,5,0.0,0.4,0.4,0.0,1,0,4,0,3,1,0,0,0,0,0,0,0.0
4,4,size7_comp0.2_grid4_base_medium,7,0.2,medium,base,base,3,4,7,5,2,1,1,1,1,0,-1,7,0.0,0.42857142857142855,0.42857142857142855,0.0,2,1,4,0,2,1,2,1,1,1,0,0,0.0
5,4,size7_comp0.2_grid4_base_medium,7,0.2,medium,base,base,3,4,7,5,2,1,1,1,1,0,-1,7,0.0,0.42857142857142855,0.42857142857142855,0.0,2,1,4,0,2,1,2,1,1,1,0,0,0.0
6,4,size7_comp0.2_grid4_base_medium,7,0.2,medium,base,base,3,4,7,5,2,1,1,1,1,0,-1,5,0.0,0.4,0.4,0.0,1,0,4,0,3,1,0,0,0,0,0,0,0.0
7,4,size7_comp0.2_grid4_base_medium,7,0.2,medium,base,base,3,4,7,5,2,1,1,1,1,0,-1,6,0.0,0.3333333333333333,0.3333333333333333,0.0,1,0,4,1,3,2,0,0,1,0,0,1,0.16666666666666666
8,4,size7_comp0.2_grid4_base_medium,7,0.2,medium,base,base,3,4,7,5,2,1,1,1,1,0,-1,5,0.0,0.4,0.4,0.0,1,0,4,0,3,1,0,0,0,0,0,0,0.0
9,4,size7_comp0.2_grid4_base_medium,7,0.2,medium,base,base,3,4,7,5,2,1,1,1,1,0,-1,5,0.0,0.4,0.4,0.0,1,0,4,0,3,1,0,0,0,0,0,0,0.0
0,5,size7_comp0.2_grid5_base_medium,7,0.2,medium,base,base,5,3,8,4,3,1,1,1,1,0,-1,5,0.0,0.6,0.6,0.0,0,4,1,0,2,1,1,0,1,0,0,1,0.2
1,5,size7_comp0.2_grid5_base_medium,7,0.2,medium,base,base,5,3,8,4,3,1,1,1,1,0,-1,6,0.0,0.6666666666666666,0.6666666666666666,0.0,0,3,2,1,2,1,2,0,0,0,0,0,0.0
2,5,size7_comp0.2_grid5_base_medium,7,0.2,medium,base,base,5,3,8,4,3,1,1,1,1,0,-1,4,0.0,0.75,0.75,0.0,0,3,1,0,1,1,1,0,0,0,0,0,0.0
3,5,size7_comp0.2_grid5_base_medium,7,0.2,medium,base,base,5,3,8,4,3,1,1,1,1,0,-1,4,0.0,0.75,0.75,0.0,0,3,1,0,2,1,0,0,0,0,0,0,0.0
4,5,size7_comp0.2_grid5_base_medium,7,0.2,medium,base,base,5,3,8,4,3,1,1,1,1,0,-1,4,0.0,0.75,0.75,0.0,0,3,1,0,1,1,1,0,0,0,0,0,0.0
5,5,size7_comp0.2_grid5_base_medium,7,0.2,medium,base,base,5,3,8,4,3,1,1,1,1,0,-1,5,0.0,0.6,0.6,0.0,0,4,1,0,2,1,1,0,1,0,0,1,0.2
6,5,size7_comp0.2_grid5_base_medium,7,0.2,medium,base,base,5,3,8,4,3,1,1,1,1,0,-1,4,0.0,0.75,0.75,0.0,0,3,1,0,2,1,0,0,0,0,0,0,0.0
7,5,size7_comp0.2_grid5_base_medium,7,0.2,medium,base,base,5,3,8,4,3,1,1,1,1,0,-1,4,0.0,0.75,0.75,0.0,0,3,1,0,1,1,1,0,0,0,0,0,0.0
8,5,size7_comp0.2_grid5_base_medium,7,0.2,medium,base,base,5,3,8,4,3,1,1,1,1,0,-1,4,0.0,0.75,0.75,0.0,0,3,1,0,2,1,0,0,0,0,0,0,0.0
9,5,size7_comp0.2_grid5_base_medium,7,0.2,medium,base,base,5,3,8,4,3,1,1,1,1,0,-1,4,0.0,0.75,0.75,0.0,0,3,1,0,2,1,0,0,0,0,0,0,0.0
0,6,size7_comp0.2_grid6_base_medium,7,0.2,medium,base,base,3,4,7,3,2,1,1,1,1,0,-1,3,0.0,0.3333333333333333,0.3333333333333333,0.0,0,1,0,2,0,1,1,0,0,0,0,0,0.0
1,6,size7_comp0.2_grid6_base_medium,7,0.2,medium,base,base,3,4,7,3,2,1,1,1,1,0,-1,3,0.0,0.3333333333333333,0.3333333333333333,0.0,0,1,0,2,1,0,1,0,0,0,0,0,0.0
2,6,size7_comp0.2_grid6_base_medium,7,0.2,medium,base,base,3,4,7,3,2,1,1,1,1,0,-1,3,0.0,0.3333333333333333,0.3333333333333333,0.0,0,1,0,2,1,0,1,0,0,0,0,0,0.0
3,6,size7_comp0.2_grid6_base_medium,7,0.2,medium,base,base,3,4,7,3,2,1,1,1,1,0,-1,3,0.0,0.3333333333333333,0.3333333333333333,0.0,0,1,0,2,1,1,0,0,0,0,0,0,0.0
4,6,size7_comp0.2_grid6_base_medium,7,0.2,medium,base,base,3,4,7,3,2,1,1,1,1,0,-1,3,0.0,0.3333333333333333,0.3333333333333333,0.0,0,1,0,2,1,0,1,0,0,0,0,0,0.0
5,6,size7_comp0.2_grid6_base_medium,7,0.2,medium,base,base,3,4,7,3,2,1,1,1,1,0,-1,3,0.0,0.3333333333333333,0.3333333333333333,0.0,0,1,0,2,1,0,1,0,0,0,0,0,0.0
6,6,size7_comp0.2_grid6_base_medium,7,0.2,medium,base,base,3,4,7,3,2,1,1,1,1,0,-1,3,0.0,0.3333333333333333,0.3333333333333333,0.0,0,1,0,2,0,1,1,0,0,0,0,0,0.0
7,6,size7_comp0.2_grid6_base_medium,7,0.2,medium,base,base,3,4,7,3,2,1,1,1,1,0,-1,3,0.0,0.3333333333333333,0.3333333333333333,0.0,0,1,0,2,1,1,0,0,0,0,0,0,0.0
8,6,size7_comp0.2_grid6_base_medium,7,0.2,medium,base,base,3,4,7,3,2,1,1,1,1,0,-1,3,0.0,0.3333333333333333,0.3333333333333333,0.0,0,1,0,2,1,0,1,0,0,0,0,0,0.0
9,6,size7_comp0.2_grid6_base_medium,7,0.2,medium,base,base,3,4,7,3,2,1,1,1,1,0,-1,3,0.0,0.3333333333333333,0.3333333333333333,0.0,0,1,0,2,1,0,1,0,0,0,0,0,0.0
0,7,size7_comp0.2_grid7_base_medium,7,0.2,medium,base,base,8,5,13,3,5,1,1,1,1,0,-1,3,0.0,1.0,1.0,0.0,0,1,0,2,0,1,1,0,0,0,0,0,0.0
1,7,size7_comp0.2_grid7_base_medium,7,0.2,medium,base,base,8,5,13,3,5,1,1,1,1,0,-1,3,0.0,1.0,1.0,0.0,0,1,0,2,0,1,1,0,0,0,0,0,0.0
2,7,size7_comp0.2_grid7_base_medium,7,0.2,medium,base,base,8,5,13,3,5,1,1,1,1,0,-1,3,0.0,1.0,1.0,0.0,0,1,0,2,0,1,1,0,0,0,0,0,0.0
3,7,size7_comp0.2_grid7_base_medium,7,0.2,medium,base,base,8,5,13,3,5,1,1,1,1,0,-1,3,0.0,1.0,1.0,0.0,0,1,0,2,1,0,1,0,0,0,0,0,0.0
4,7,size7_comp0.2_grid7_base_medium,7,0.2,medium,base,base,8,5,13,3,5,1,1,1,1,0,-1,3,0.0,1.0,1.0,0.0,0,1,0,2,0,1,1,0,0,0,0,0,0.0
5,7,size7_comp0.2_grid7_base_medium,7,0.2,medium,base,base,8,5,13,3,5,1,1,1,1,0,-1,3,0.0,1.0,1.0,0.0,0,1,0,2,1,0,1,0,0,0,0,0,0.0
6,7,size7_comp0.2_grid7_base_medium,7,0.2,medium,base,base,8,5,13,3,5,1,1,1,1,0,-1,3,0.0,1.0,1.0,0.0,0,1,0,2,0,1,1,0,0,0,0,0,0.0
7,7,size7_comp0.2_grid7_base_medium,7,0.2,medium,base,base,8,5,13,3,5,1,1,1,1,0,-1,3,0.0,1.0,1.0,0.0,0,1,0,2,1,0,1,0,0,0,0,0,0.0
8,7,size7_comp0.2_grid7_base_medium,7,0.2,medium,base,base,8,5,13,3,5,1,1,1,1,0,-1,5,0.0,0.8,0.8,0.0,0,1,1,3,2,1,0,1,1,1,0,0,0.0
9,7,size7_comp0.2_grid7_base_medium,7,0.2,medium,base,base,8,5,13,3,5,1,1,1,1,0,-1,3,0.0,1.0,1.0,0.0,0,1,0,2,1,0,1,0,0,0,0,0,0.0
0,8,size7_comp0.2_grid8_base_medium,7,0.2,medium,base,base,4,3,7,3,2,1,1,1,1,0,-1,3,0.0,0.6666666666666666,0.6666666666666666,0.0,1,0,2,0,1,0,1,0,0,0,0,0,0.0
1,8,size7_comp0.2_grid8_base_medium,7,0.2,medium,base,base,4,3,7,3,2,1,1,1,1,0,-1,4,0.0,0.5,0.5,0.0,2,0,2,0,1,1,1,0,1,0,0,1,0.25
2,8,size7_comp0.2_grid8_base_medium,7,0.2,medium,base,base,4,3,7,3,2,1,1,1,1,0,-1,3,0.0,0.6666666666666666,0.6666666666666666,0.0,1,0,2,0,0,1,1,0,0,0,0,0,0.0
3,8,size7_comp0.2_grid8_base_medium,7,0.2,medium,base,base,4,3,7,3,2,1,1,1,1,0,-1,5,0.0,0.4,0.4,0.0,3,0,2,0,1,2,1,0,2,0,0,2,0.4
4,8,size7_comp0.2_grid8_base_medium,7,0.2,medium,base,base,4,3,7,3,2,1,1,1,1,0,-1,3,0.0,0.6666666666666666,0.6666666666666666,0.0,1,0,2,0,1,0,1,0,0,0,0,0,0.0
5,8,size7_comp0.2_grid8_base_medium,7,0.2,medium,base,base,4,3,7,3,2,1,1,1,1,0,-1,3,0.0,0.6666666666666666,0.6666666666666666,0.0,1,0,2,0,0,1,1,0,0,0,0,0,0.0
6,8,size7_comp0.2_grid8_base_medium,7,0.2,medium,base,base,4,3,7,3,2,1,1,1,1,0,-1,5,0.0,0.6,0.6,0.0,2,1,2,0,1,2,1,0,0,0,0,0,0.0
7,8,size7_comp0.2_grid8_base_medium,7,0.2,medium,base,base,4,3,7,3,2,1,1,1,1,0,-1,3,0.0,0.6666666666666666,0.6666666666666666,0.0,1,0,2,0,0,1,1,0,0,0,0,0,0.0
8,8,size7_comp0.2_grid8_base_medium,7,0.2,medium,base,base,4,3,7,3,2,1,1,1,1,0,-1,3,0.0,0.6666666666666666,0.6666666666666666,0.0,1,0,2,0,0,1,1,0,0,0,0,0,0.0
9,8,size7_comp0.2_grid8_base_medium,7,0.2,medium,base,base,4,3,7,3,2,1,1,1,1,0,-1,5,0.0,0.4,0.4,0.0,3,0,2,0,1,2,1,0,2,0,0,2,0.4
0,9,size7_comp0.2_grid9_base_medium,7,0.2,medium,base,base,5,6,11,3,5,1,1,1,1,0,-1,4,0.0,0.25,0.25,0.0,0,1,0,3,1,1,1,0,1,0,0,1,0.25
1,9,size7_comp0.2_grid9_base_medium,7,0.2,medium,base,base,5,6,11,3,5,1,1,1,1,0,-1,3,0.0,0.3333333333333333,0.3333333333333333,0.0,0,0,0,3,2,0,0,0,0,0,0,0,0.0
2,9,size7_comp0.2_grid9_base_medium,7,0.2,medium,base,base,5,6,11,3,5,1,1,1,1,0,-1,4,0.0,0.25,0.25,0.0,0,1,0,3,2,1,0,0,1,0,0,1,0.25
3,9,size7_comp0.2_grid9_base_medium,7,0.2,medium,base,base,5,6,11,3,5,1,1,1,1,0,-1,3,0.0,0.3333333333333333,0.3333333333333333,0.0,0,0,0,3,2,0,0,0,0,0,0,0,0.0
4,9,size7_comp0.2_grid9_base_medium,7,0.2,medium,base,base,5,6,11,3,5,1,1,1,1,0,-1,3,0.0,0.3333333333333333,0.3333333333333333,0.0,0,0,0,3,2,0,0,0,0,0,0,0,0.0
5,9,size7_comp0.2_grid9_base_medium,7,0.2,medium,base,base,5,6,11,3,5,1,1,1,1,0,-1,3,0.0,0.3333333333333333,0.3333333333333333,0.0,0,0,0,3,2,0,0,0,0,0,0,0,0.0
6,9,size7_comp0.2_grid9_base_medium,7,0.2,medium,base,base,5,6,11,3,5,1,1,1,1,0,-1,3,0.0,0.3333333333333333,0.3333333333333333,0.0,0,0,0,3,2,0,0,0,0,0,0,0,0.0
7,9,size7_comp0.2_grid9_base_medium,7,0.2,medium,base,base,5,6,11,3,5,1,1,1,1,0,-1,4,0.0,0.25,0.25,0.0,0,1,0,3,2,1,0,0,1,0,0,1,0.25
8,9,size7_comp0.2_grid9_base_medium,7,0.2,medium,base,base,5,6,11,3,5,1,1,1,1,0,-1,4,0.0,0.25,0.25,0.0,0,1,0,3,2,1,0,0,1,0,0,1,0.25
9,9,size7_comp0.2_grid9_base_medium,7,0.2,medium,base,base,5,6,11,3,5,1,1,1,1,0,-1,3,0.0,0.3333333333333333,0.3333333333333333,0.0,0,0,0,3,2,0,0,0,0,0,0,0,0.0
0,0,size7_comp0.4_grid0_base_medium,7,0.4,medium,base,base,3,5,8,4,2,1,1,1,1,0,-1,4,0.0,0.25,0.25,0.0,0,4,0,0,3,0,0,0,0,0,0,0,0.0
1,0,size7_comp0.4_grid0_base_medium,7,0.4,medium,base,base,3,5,8,4,2,1,1,1,1,0,-1,4,0.0,0.25,0.25,0.0,0,4,0,0,3,0,0,0,0,0,0,0,0.0
2,0,size7_comp0.4_grid0_base_medium,7,0.4,medium,base,base,3,5,8,4,2,1,1,1,1,0,-1,5,0.0,0.2,0.2,0.0,0,4,0,1,2,1,1,0,1,0,0,1,0.2
3,0,size7_comp0.4_grid0_base_medium,7,0.4,medium,base,base,3,5,8,4,2,1,1,1,1,0,-1,4,0.0,0.25,0.25,0.0,0,4,0,0,3,0,0,0,0,0,0,0,0.0
4,0,size7_comp0.4_grid0_base_medium,7,0.4,medium,base,base,3,5,8,4,2,1,1,1,1,0,-1,6,0.0,0.3333333333333333,0.3333333333333333,0.0,0,4,1,1,2,1,2,0,0,0,0,0,0.0
5,0,size7_comp0.4_grid0_base_medium,7,0.4,medium,base,base,3,5,8,4,2,1,1,1,1,0,-1,8,0.0,0.25,0.25,0.0,1,4,1,2,1,5,1,0,3,0,0,2,0.25
6,0,size7_comp0.4_grid0_base_medium,7,0.4,medium,base,base,3,5,8,4,2,1,1,1,1,0,-1,6,0.0,0.3333333333333333,0.3333333333333333,0.0,0,4,1,1,2,2,0,1,1,1,0,0,0.0
7,0,size7_comp0.4_grid0_base_medium,7,0.4,medium,base,base,3,5,8,4,2,1,1,1,1,0,-1,6,0.0,0.3333333333333333,0.3333333333333333,0.0,0,4,1,1,2,2,0,1,1,1,0,0,0.0
8,0,size7_comp0.4_grid0_base_medium,7,0.4,medium,base,base,3,5,8,4,2,1,1,1,1,0,-1,6,0.0,0.3333333333333333,0.3333333333333333,0.0,0,4,1,1,3,1,0,1,1,1,0,0,0.0
9,0,size7_comp0.4_grid0_base_medium,7,0.4,medium,base,base,3,5,8,4,2,1,1,1,1,0,-1,4,0.0,0.25,0.25,0.0,0,4,0,0,3,0,0,0,0,0,0,0,0.0
0,1,size7_comp0.4_grid1_base_medium,7,0.4,medium,base,base,4,3,7,3,2,1,1,1,1,0,-1,3,0.0,0.6666666666666666,0.6666666666666666,0.0,0,0,0,3,2,0,0,0,0,0,0,0,0.0
1,1,size7_comp0.4_grid1_base_medium,7,0.4,medium,base,base,4,3,7,3,2,1,1,1,1,0,-1,3,0.0,0.6666666666666666,0.6666666666666666,0.0,0,0,0,3,2,0,0,0,0,0,0,0,0.0
2,1,size7_comp0.4_grid1_base_medium,7,0.4,medium,base,base,4,3,7,3,2,1,1,1,1,0,-1,3,0.0,0.6666666666666666,0.6666666666666666,0.0,0,0,0,3,2,0,0,0,0,0,0,0,0.0
3,1,size7_comp0.4_grid1_base_medium,7,0.4,medium,base,base,4,3,7,3,2,1,1,1,1,0,-1,3,0.0,0.6666666666666666,0.6666666666666666,0.0,0,0,0,3,2,0,0,0,0,0,0,0,0.0
4,1,size7_comp0.4_grid1_base_medium,7,0.4,medium,base,base,4,3,7,3,2,1,1,1,1,0,-1,5,0.0,0.6,0.6,0.0,1,1,0,3,1,0,2,1,1,1,0,0,0.0
5,1,size7_comp0.4_grid1_base_medium,7,0.4,medium,base,base,4,3,7,3,2,1,1,1,1,0,-1,3,0.0,0.6666666666666666,0.6666666666666666,0.0,0,0,0,3,2,0,0,0,0,0,0,0,0.0
6,1,size7_comp0.4_grid1_base_medium,7,0.4,medium,base,base,4,3,7,3,2,1,1,1,1,0,-1,3,0.0,0.6666666666666666,0.6666666666666666,0.0,0,0,0,3,2,0,0,0,0,0,0,0,0.0
7,1,size7_comp0.4_grid1_base_medium,7,0.4,medium,base,base,4,3,7,3,2,1,1,1,1,0,-1,3,0.0,0.6666666666666666,0.6666666666666666,0.0,0,0,0,3,2,0,0,0,0,0,0,0,0.0
8,1,size7_comp0.4_grid1_base_medium,7,0.4,medium,base,base,4,3,7,3,2,1,1,1,1,0,-1,3,0.0,0.6666666666666666,0.6666666666666666,0.0,0,0,0,3,2,0,0,0,0,0,0,0,0.0
9,1,size7_comp0.4_grid1_base_medium,7,0.4,medium,base,base,4,3,7,3,2,1,1,1,1,0,-1,3,0.0,0.6666666666666666,0.6666666666666666,0.0,0,0,0,3,2,0,0,0,0,0,0,0,0.0
0,2,size7_comp0.4_grid2_base_medium,7,0.4,medium,base,base,3,6,9,3,3,1,1,1,1,0,-1,4,0.0,0.0,0.0,0.0,2,0,2,0,2,1,0,0,1,0,0,1,0.25
1,2,size7_comp0.4_grid2_base_medium,7,0.4,medium,base,base,3,6,9,3,3,1,1,1,1,0,-1,4,0.0,0.0,0.0,0.0,2,0,2,0,0,2,1,0,1,0,0,1,0.25
2,2,size7_comp0.4_grid2_base_medium,7,0.4,medium,base,base,3,6,9,3,3,1,1,1,1,0,-1,4,0.0,0.0,0.0,0.0,2,0,2,0,2,1,0,0,1,0,0,1,0.25
3,2,size7_comp0.4_grid2_base_medium,7,0.4,medium,base,base,3,6,9,3,3,1,1,1,1,0,-1,3,0.0,0.0,0.0,0.0,1,0,2,0,1,1,0,0,0,0,0,0,0.0
4,2,size7_comp0.4_grid2_base_medium,7,0.4,medium,base,base,3,6,9,3,3,1,1,1,1,0,-1,5,0.0,0.0,0.0,0.0,3,0,2,0,1,2,1,0,2,0,0,2,0.4
5,2,size7_comp0.4_grid2_base_medium,7,0.4,medium,base,base,3,6,9,3,3,1,1,1,1,0,-1,5,0.0,0.0,0.0,0.0,3,0,2,0,3,1,0,0,2,0,0,2,0.4
6,2,size7_comp0.4_grid2_base_medium,7,0.4,medium,base,base,3,6,9,3,3,1,1,1,1,0,-1,4,0.0,0.0,0.0,0.0,2,0,2,0,2,1,0,0,1,0,0,1,0.25
7,2,size7_comp0.4_grid2_base_medium,7,0.4,medium,base,base,3,6,9,3,3,1,1,1,1,0,-1,3,0.0,0.0,0.0,0.0,1,0,2,0,1,1,0,0,0,0,0,0,0.0
8,2,size7_comp0.4_grid2_base_medium,7,0.4,medium,base,base,3,6,9,3,3,1,1,1,1,0,-1,4,0.0,0.0,0.0,0.0,2,0,2,0,2,1,0,0,1,0,0,1,0.25
9,2,size7_comp0.4_grid2_base_medium,7,0.4,medium,base,base,3,6,9,3,3,1,1,1,1,0,-1,4,0.0,0.0,0.0,0.0,2,0,2,0,0,2,1,0,1,0,0,1,0.25
0,3,size7_comp0.4_grid3_base_medium,7,0.4,medium,base,base,5,5,10,6,4,1,1,1,1,0,-1,7,0.0,0.42857142857142855,0.42857142857142855,0.0,3,0,3,1,2,1,2,1,1,0,0,1,0.14285714285714285
1,3,size7_comp0.4_grid3_base_medium,7,0.4,medium,base,base,5,5,10,6,4,1,1,1,1,0,-1,6,0.0,0.5,0.5,0.0,3,0,3,0,3,1,1,0,0,0,0,0,0.0
2,3,size7_comp0.4_grid3_base_medium,7,0.4,medium,base,base,5,5,10,6,4,1,1,1,1,0,-1,7,0.0,0.42857142857142855,0.42857142857142855,0.0,3,0,3,1,2,3,1,0,1,0,0,1,0.14285714285714285
3,3,size7_comp0.4_grid3_base_medium,7,0.4,medium,base,base,5,5,10,6,4,1,1,1,1,0,-1,7,0.0,0.42857142857142855,0.42857142857142855,0.0,4,0,3,0,3,2,1,0,1,0,0,1,0.14285714285714285
4,3,size7_comp0.4_grid3_base_medium,7,0.4,medium,base,base,5,5,10,6,4,1,1,1,1,0,-1,7,0.0,0.42857142857142855,0.42857142857142855,0.0,3,0,3,1,2,3,1,0,1,0,0,1,0.14285714285714285
5,3,size7_comp0.4_grid3_base_medium,7,0.4,medium,base,base,5,5,10,6,4,1,1,1,1,0,-1,7,0.0,0.42857142857142855,0.42857142857142855,0.0,4,0,3,0,3,2,1,0,1,0,0,1,0.14285714285714285
6,3,size7_comp0.4_grid3_base_medium,7,0.4,medium,base,base,5,5,10,6,4,1,1,1,1,0,-1,7,0.0,0.42857142857142855,0.42857142857142855,0.0,3,0,3,1,2,3,1,0,1,0,0,1,0.14285714285714285
7,3,size7_comp0.4_grid3_base_medium,7,0.4,medium,base,base,5,5,10,6,4,1,1,1,1,0,-1,7,0.0,0.42857142857142855,0.42857142857142855,0.0,3,0,3,1,3,2,1,0,1,0,0,1,0.14285714285714285
8,3,size7_comp0.4_grid3_base_medium,7,0.4,medium,base,base,5,5,10,6,4,1,1,1,1,0,-1,7,0.0,0.42857142857142855,0.42857142857142855,0.0,4,0,3,0,3,2,1,0,1,0,0,1,0.14285714285714285
9,3,size7_comp0.4_grid3_base_medium,7,0.4,medium,base,base,5,5,10,6,4,1,1,1,1,0,-1,7,0.0,0.42857142857142855,0.42857142857142855,0.0,4,0,3,0,1,3,2,0,1,0,0,1,0.14285714285714285
0,4,size7_comp0.4_grid4_base_medium,7,0.4,medium,base,base,3,4,7,5,2,1,1,1,1,0,-1,5,0.0,0.4,0.4,0.0,0,4,0,1,2,1,1,0,0,0,0,0,0.0
1,4,size7_comp0.4_grid4_base_medium,7,0.4,medium,base,base,3,4,7,5,2,1,1,1,1,0,-1,7,0.0,0.42857142857142855,0.42857142857142855,0.0,0,4,1,2,2,2,1,1,1,1,0,0,0.0
2,4,size7_comp0.4_grid4_base_medium,7,0.4,medium,base,base,3,4,7,5,2,1,1,1,1,0,-1,5,0.0,0.4,0.4,0.0,0,4,0,1,3,0,1,0,0,0,0,0,0.0
3,4,size7_comp0.4_grid4_base_medium,7,0.4,medium,base,base,3,4,7,5,2,1,1,1,1,0,-1,11,0.0,0.45454545454545453,0.45454545454545453,0.0,0,4,3,4,0,3,3,4,4,4,0,0,0.0
4,4,size7_comp0.4_grid4_base_medium,7,0.4,medium,base,base,3,4,7,5,2,1,1,1,1,0,-1,5,0.0,0.4,0.4,0.0,0,4,0,1,3,0,1,0,0,0,0,0,0.0
5,4,size7_comp0.4_grid4_base_medium,7,0.4,medium,base,base,3,4,7,5,2,1,1,1,1,0,-1,10,0.0,0.4,0.4,0.0,1,4,2,3,1,2,4,2,3,2,0,1,0.1
6,4,size7_comp0.4_grid4_base_medium,7,0.4,medium,base,base,3,4,7,5,2,1,1,1,1,0,-1,5,0.0,0.4,0.4,0.0,0,4,0,1,3,0,1,0,0,0,0,0,0.0
7,4,size7_comp0.4_grid4_base_medium,7,0.4,medium,base,base,3,4,7,5,2,1,1,1,1,0,-1,7,0.0,0.42857142857142855,0.42857142857142855,0.0,0,4,1,2,2,2,1,1,1,1,0,0,0.0
8,4,size7_comp0.4_grid4_base_medium,7,0.4,medium,base,base,3,4,7,5,2,1,1,1,1,0,-1,5,0.0,0.4,0.4,0.0,0,4,0,1,3,0,1,0,0,0,0,0,0.0
9,4,size7_comp0.4_grid4_base_medium,7,0.4,medium,base,base,3,4,7,5,2,1,1,1,1,0,-1,5,0.0,0.4,0.4,0.0,0,4,0,1,2,1,1,0,0,0,0,0,0.0
0,5,size7_comp0.4_grid5_base_medium,7,0.4,medium,base,base,3,5,8,8,0,1,1,1,1,0,-1,8,0.0,0.375,0.375,0.0,3,1,4,0,3,3,1,0,0,0,0,0,0.0
1,5,size7_comp0.4_grid5_base_medium,7,0.4,medium,base,base,3,5,8,8,0,1,1,1,1,0,-1,12,0.0,0.4166666666666667,0.4166666666666667,0.0,5,3,4,0,3,3,1,4,4,4,0,0,0.0
2,5,size7_comp0.4_grid5_base_medium,7,0.4,medium,base,base,3,5,8,8,0,1,1,1,1,0,-1,10,0.0,0.3,0.3,0.0,4,1,5,0,3,2,4,0,2,0,0,2,0.2
3,5,size7_comp0.4_grid5_base_medium,7,0.4,medium,base,base,3,5,8,8,0,1,1,1,1,0,-1,9,0.0,0.3333333333333333,0.3333333333333333,0.0,4,1,4,0,2,4,2,0,1,0,0,1,0.1111111111111111
4,5,size7_comp0.4_grid5_base_medium,7,0.4,medium,base,base,3,5,8,8,0,1,1,1,1,0,-1,8,0.0,0.375,0.375,0.0,3,1,4,0,3,3,1,0,0,0,0,0,0.0
5,5,size7_comp0.4_grid5_base_medium,7,0.4,medium,base,base,3,5,8,8,0,1,1,1,1,0,-1,12,0.0,0.3333333333333333,0.3333333333333333,0.0,4,1,6,1,3,5,2,1,3,1,0,2,0.16666666666666666
6,5,size7_comp0.4_grid5_base_medium,7,0.4,medium,base,base,3,5,8,8,0,1,1,1,1,0,-1,8,0.0,0.375,0.375,0.0,3,1,4,0,3,3,1,0,0,0,0,0,0.0
7,5,size7_comp0.4_grid5_base_medium,7,0.4,medium,base,base,3,5,8,8,0,1,1,1,1,0,-1,12,0.0,0.4166666666666667,0.4166666666666667,0.0,4,2,5,1,4,4,0,3,3,3,0,0,0.0
8,5,size7_comp0.4_grid5_base_medium,7,0.4,medium,base,base,3,5,8,8,0,1,1,1,1,0,-1,8,0.0,0.375,0.375,0.0,3,1,4,0,2,3,2,0,0,0,0,0,0.0
9,5,size7_comp0.4_grid5_base_medium,7,0.4,medium,base,base,3,5,8,8,0,1,1,1,1,0,-1,11,0.0,0.2727272727272727,0.2727272727272727,0.0,5,1,5,0,0,6,4,0,3,0,0,3,0.2727272727272727
0,6,size7_comp0.4_grid6_base_medium,7,0.4,medium,base,base,3,5,8,6,1,1,1,1,1,0,-1,10,0.0,0.4,0.4,0.0,6,2,0,2,4,0,1,4,4,4,0,0,0.0
1,6,size7_comp0.4_grid6_base_medium,7,0.4,medium,base,base,3,5,8,6,1,1,1,1,1,0,-1,6,0.0,0.3333333333333333,0.3333333333333333,0.0,4,0,0,2,4,0,1,0,0,0,0,0,0.0
2,6,size7_comp0.4_grid6_base_medium,7,0.4,medium,base,base,3,5,8,6,1,1,1,1,1,0,-1,6,0.0,0.3333333333333333,0.3333333333333333,0.0,4,0,0,2,4,0,1,0,0,0,0,0,0.0
3,6,size7_comp0.4_grid6_base_medium,7,0.4,medium,base,base,3,5,8,6,1,1,1,1,1,0,-1,7,0.0,0.2857142857142857,0.2857142857142857,0.0,4,0,1,2,3,1,2,0,1,0,0,1,0.14285714285714285
4,6,size7_comp0.4_grid6_base_medium,7,0.4,medium,base,base,3,5,8,6,1,1,1,1,1,0,-1,10,0.0,0.4,0.4,0.0,6,2,0,2,4,0,1,4,4,4,0,0,0.0
5,6,size7_comp0.4_grid6_base_medium,7,0.4,medium,base,base,3,5,8,6,1,1,1,1,1,0,-1,10,0.0,0.4,0.4,0.0,5,1,1,3,4,0,2,3,3,3,0,0,0.0
6,6,size7_comp0.4_grid6_base_medium,7,0.4,medium,base,base,3,5,8,6,1,1,1,1,1,0,-1,11,0.0,0.2727272727272727,0.2727272727272727,0.0,5,1,2,3,3,3,3,1,4,0,0,3,0.2727272727272727
7,6,size7_comp0.4_grid6_base_medium,7,0.4,medium,base,base,3,5,8,6,1,1,1,1,1,0,-1,6,0.0,0.3333333333333333,0.3333333333333333,0.0,4,0,0,2,4,0,1,0,0,0,0,0,0.0
8,6,size7_comp0.4_grid6_base_medium,7,0.4,medium,base,base,3,5,8,6,1,1,1,1,1,0,-1,10,0.0,0.4,0.4,0.0,6,2,0,2,4,0,1,4,4,4,0,0,0.0
9,6,size7_comp0.4_grid6_base_medium,7,0.4,medium,base,base,3,5,8,6,1,1,1,1,1,0,-1,6,0.0,0.3333333333333333,0.3333333333333333,0.0,4,0,0,2,4,0,1,0,0,0,0,0,0.0
0,7,size7_comp0.4_grid7_base_medium,7,0.4,medium,base,base,6,5,11,3,5,1,1,1,1,0,-1,3,0.0,0.6666666666666666,0.6666666666666666,0.0,2,0,1,0,1,0,1,0,0,0,0,0,0.0
1,7,size7_comp0.4_grid7_base_medium,7,0.4,medium,base,base,6,5,11,3,5,1,1,1,1,0,-1,3,0.0,0.6666666666666666,0.6666666666666666,0.0,2,0,1,0,1,0,1,0,0,0,0,0,0.0
2,7,size7_comp0.4_grid7_base_medium,7,0.4,medium,base,base,6,5,11,3,5,1,1,1,1,0,-1,9,0.0,0.5555555555555556,0.5555555555555556,0.0,4,2,2,1,5,3,0,0,0,0,0,0,0.0
3,7,size7_comp0.4_grid7_base_medium,7,0.4,medium,base,base,6,5,11,3,5,1,1,1,1,0,-1,4,0.0,0.5,0.5,0.0,2,1,1,0,1,0,2,0,1,0,0,1,0.25
4,7,size7_comp0.4_grid7_base_medium,7,0.4,medium,base,base,6,5,11,3,5,1,1,1,1,0,-1,3,0.0,0.6666666666666666,0.6666666666666666,0.0,2,0,1,0,1,0,1,0,0,0,0,0,0.0
5,7,size7_comp0.4_grid7_base_medium,7,0.4,medium,base,base,6,5,11,3,5,1,1,1,1,0,-1,3,0.0,0.6666666666666666,0.6666666666666666,0.0,2,0,1,0,1,0,1,0,0,0,0,0,0.0
6,7,size7_comp0.4_grid7_base_medium,7,0.4,medium,base,base,6,5,11,3,5,1,1,1,1,0,-1,5,0.0,0.4,0.4,0.0,2,0,3,0,1,1,2,0,2,0,0,2,0.4
7,7,size7_comp0.4_grid7_base_medium,7,0.4,medium,base,base,6,5,11,3,5,1,1,1,1,0,-1,3,0.0,0.6666666666666666,0.6666666666666666,0.0,2,0,1,0,1,0,1,0,0,0,0,0,0.0
8,7,size7_comp0.4_grid7_base_medium,7,0.4,medium,base,base,6,5,11,3,5,1,1,1,1,0,-1,3,0.0,0.6666666666666666,0.6666666666666666,0.0,2,0,1,0,1,0,1,0,0,0,0,0,0.0
9,7,size7_comp0.4_grid7_base_medium,7,0.4,medium,base,base,6,5,11,3,5,1,1,1,1,0,-1,3,0.0,0.6666666666666666,0.6666666666666666,0.0,2,0,1,0,1,0,1,0,0,0,0,0,0.0
0,8,size7_comp0.4_grid8_base_medium,7,0.4,medium,base,base,4,5,9,3,4,1,1,1,1,0,-1,3,0.0,0.3333333333333333,0.3333333333333333,0.0,2,0,1,0,1,1,0,0,0,0,0,0,0.0
1,8,size7_comp0.4_grid8_base_medium,7,0.4,medium,base,base,4,5,9,3,4,1,1,1,1,0,-1,3,0.0,0.3333333333333333,0.3333333333333333,0.0,2,0,1,0,0,1,1,0,0,0,0,0,0.0
2,8,size7_comp0.4_grid8_base_medium,7,0.4,medium,base,base,4,5,9,3,4,1,1,1,1,0,-1,3,0.0,0.3333333333333333,0.3333333333333333,0.0,2,0,1,0,1,1,0,0,0,0,0,0,0.0
3,8,size7_comp0.4_grid8_base_medium,7,0.4,medium,base,base,4,5,9,3,4,1,1,1,1,0,-1,3,0.0,0.3333333333333333,0.3333333333333333,0.0,2,0,1,0,0,1,1,0,0,0,0,0,0.0
4,8,size7_comp0.4_grid8_base_medium,7,0.4,medium,base,base,4,5,9,3,4,1,1,1,1,0,-1,3,0.0,0.3333333333333333,0.3333333333333333,0.0,2,0,1,0,1,1,0,0,0,0,0,0,0.0
5,8,size7_comp0.4_grid8_base_medium,7,0.4,medium,base,base,4,5,9,3,4,1,1,1,1,0,-1,3,0.0,0.3333333333333333,0.3333333333333333,0.0,2,0,1,0,1,1,0,0,0,0,0,0,0.0
6,8,size7_comp0.4_grid8_base_medium,7,0.4,medium,base,base,4,5,9,3,4,1,1,1,1,0,-1,3,0.0,0.3333333333333333,0.3333333333333333,0.0,2,0,1,0,0,1,1,0,0,0,0,0,0.0
7,8,size7_comp0.4_grid8_base_medium,7,0.4,medium,base,base,4,5,9,3,4,1,1,1,1,0,-1,3,0.0,0.3333333333333333,0.3333333333333333,0.0,2,0,1,0,1,1,0,0,0,0,0,0,0.0
8,8,size7_comp0.4_grid8_base_medium,7,0.4,medium,base,base,4,5,9,3,4,1,1,1,1,0,-1,3,0.0,0.3333333333333333,0.3333333333333333,0.0,2,0,1,0,1,1,0,0,0,0,0,0,0.0
9,8,size7_comp0.4_grid8_base_medium,7,0.4,medium,base,base,4,5,9,3,4,1,1,1,1,0,-1,3,0.0,0.3333333333333333,0.3333333333333333,0.0,2,0,1,0,1,1,0,0,0,0,0,0,0.0
0,9,size7_comp0.4_grid9_base_medium,7,0.4,medium,base,base,4,3,7,3,2,1,1,1,1,0,-1,5,0.0,0.6,0.6,0.0,3,0,1,1,2,1,0,1,1,1,0,0,0.0
1,9,size7_comp0.4_grid9_base_medium,7,0.4,medium,base,base,4,3,7,3,2,1,1,1,1,0,-1,6,0.0,0.5,0.5,0.0,3,0,2,1,1,2,1,1,2,1,0,1,0.16666666666666666
2,9,size7_comp0.4_grid9_base_medium,7,0.4,medium,base,base,4,3,7,3,2,1,1,1,1,0,-1,3,0.0,0.6666666666666666,0.6666666666666666,0.0,3,0,0,0,2,0,0,0,0,0,0,0,0.0
3,9,size7_comp0.4_grid9_base_medium,7,0.4,medium,base,base,4,3,7,3,2,1,1,1,1,0,-1,3,0.0,0.6666666666666666,0.6666666666666666,0.0,3,0,0,0,2,0,0,0,0,0,0,0,0.0
4,9,size7_comp0.4_grid9_base_medium,7,0.4,medium,base,base,4,3,7,3,2,1,1,1,1,0,-1,3,0.0,0.6666666666666666,0.6666666666666666,0.0,3,0,0,0,2,0,0,0,0,0,0,0,0.0
5,9,size7_comp0.4_grid9_base_medium,7,0.4,medium,base,base,4,3,7,3,2,1,1,1,1,0,-1,5,0.0,0.6,0.6,0.0,3,0,1,1,2,1,0,1,1,1,0,0,0.0
6,9,size7_comp0.4_grid9_base_medium,7,0.4,medium,base,base,4,3,7,3,2,1,1,1,1,0,-1,6,0.0,0.5,0.5,0.0,4,0,1,1,2,1,2,0,2,0,0,1,0.16666666666666666
7,9,size7_comp0.4_grid9_base_medium,7,0.4,medium,base,base,4,3,7,3,2,1,1,1,1,0,-1,3,0.0,0.6666666666666666,0.6666666666666666,0.0,3,0,0,0,2,0,0,0,0,0,0,0,0.0
8,9,size7_comp0.4_grid9_base_medium,7,0.4,medium,base,base,4,3,7,3,2,1,1,1,1,0,-1,3,0.0,0.6666666666666666,0.6666666666666666,0.0,3,0,0,0,2,0,0,0,0,0,0,0,0.0
9,9,size7_comp0.4_grid9_base_medium,7,0.4,medium,base,base,4,3,7,3,2,1,1,1,1,0,-1,3,0.0,0.6666666666666666,0.6666666666666666,0.0,3,0,0,0,2,0,0,0,0,0,0,0,0.0
0,0,size7_comp0.6_grid0_base_medium,7,0.6,medium,base,base,3,6,9,5,2,1,1,1,1,0,-1,5,0.0,0.2,0.2,0.0,3,0,2,0,2,1,1,0,0,0,0,0,0.0
1,0,size7_comp0.6_grid0_base_medium,7,0.6,medium,base,base,3,6,9,5,2,1,1,1,1,0,-1,6,0.0,0.16666666666666666,0.16666666666666666,0.0,3,0,3,0,4,0,1,0,1,0,0,1,0.16666666666666666
2,0,size7_comp0.6_grid0_base_medium,7,0.6,medium,base,base,3,6,9,5,2,1,1,1,1,0,-1,5,0.0,0.2,0.2,0.0,3,0,2,0,2,1,1,0,0,0,0,0,0.0
3,0,size7_comp0.6_grid0_base_medium,7,0.6,medium,base,base,3,6,9,5,2,1,1,1,1,0,-1,5,0.0,0.2,0.2,0.0,3,0,2,0,1,1,2,0,0,0,0,0,0.0
4,0,size7_comp0.6_grid0_base_medium,7,0.6,medium,base,base,3,6,9,5,2,1,1,1,1,0,-1,6,0.0,0.16666666666666666,0.16666666666666666,0.0,3,0,2,1,2,0,2,1,1,0,0,1,0.16666666666666666
5,0,size7_comp0.6_grid0_base_medium,7,0.6,medium,base,base,3,6,9,5,2,1,1,1,1,0,-1,6,0.0,0.16666666666666666,0.16666666666666666,0.0,3,0,3,0,2,1,2,0,1,0,0,1,0.16666666666666666
6,0,size7_comp0.6_grid0_base_medium,7,0.6,medium,base,base,3,6,9,5,2,1,1,1,1,0,-1,6,0.0,0.16666666666666666,0.16666666666666666,0.0,3,0,3,0,1,2,2,0,1,0,0,1,0.16666666666666666
7,0,size7_comp0.6_grid0_base_medium,7,0.6,medium,base,base,3,6,9,5,2,1,1,1,1,0,-1,5,0.0,0.2,0.2,0.0,3,0,2,0,1,1,2,0,0,0,0,0,0.0
8,0,size7_comp0.6_grid0_base_medium,7,0.6,medium,base,base,3,6,9,5,2,1,1,1,1,0,-1,5,0.0,0.2,0.2,0.0,3,0,2,0,1,1,2,0,0,0,0,0,0.0
9,0,size7_comp0.6_grid0_base_medium,7,0.6,medium,base,base,3,6,9,5,2,1,1,1,1,0,-1,6,0.0,0.16666666666666666,0.16666666666666666,0.0,3,0,3,0,2,1,2,0,1,0,0,1,0.16666666666666666
0,1,size7_comp0.6_grid1_base_medium,7,0.6,medium,base,base,7,3,10,8,1,1,1,1,1,0,-1,13,0.0,0.6153846153846154,0.6153846153846154,0.0,5,2,3,3,3,1,5,3,4,3,0,1,0.07692307692307693
1,1,size7_comp0.6_grid1_base_medium,7,0.6,medium,base,base,7,3,10,8,1,1,1,1,1,0,-1,11,0.0,0.6363636363636364,0.6363636363636364,0.0,5,1,2,3,5,2,2,1,3,1,0,1,0.09090909090909091
2,1,size7_comp0.6_grid1_base_medium,7,0.6,medium,base,base,7,3,10,8,1,1,1,1,1,0,-1,9,0.0,0.6666666666666666,0.6666666666666666,0.0,5,0,2,2,4,2,2,0,1,0,0,1,0.1111111111111111
3,1,size7_comp0.6_grid1_base_medium,7,0.6,medium,base,base,7,3,10,8,1,1,1,1,1,0,-1,10,0.0,0.6,0.6,0.0,6,0,2,2,6,1,2,0,2,0,0,2,0.2
4,1,size7_comp0.6_grid1_base_medium,7,0.6,medium,base,base,7,3,10,8,1,1,1,1,1,0,-1,8,0.0,0.75,0.75,0.0,4,0,2,2,5,0,2,0,0,0,0,0,0.0
5,1,size7_comp0.6_grid1_base_medium,7,0.6,medium,base,base,7,3,10,8,1,1,1,1,1,0,-1,8,0.0,0.75,0.75,0.0,4,0,2,2,5,0,2,0,0,0,0,0,0.0
6,1,size7_comp0.6_grid1_base_medium,7,0.6,medium,base,base,7,3,10,8,1,1,1,1,1,0,-1,10,0.0,0.6,0.6,0.0,6,0,2,2,5,1,3,0,2,0,0,2,0.2
7,1,size7_comp0.6_grid1_base_medium,7,0.6,medium,base,base,7,3,10,8,1,1,1,1,1,0,-1,9,0.0,0.6666666666666666,0.6666666666666666,0.0,4,0,2,3,4,1,3,0,1,0,0,1,0.1111111111111111
8,1,size7_comp0.6_grid1_base_medium,7,0.6,medium,base,base,7,3,10,8,1,1,1,1,1,0,-1,11,0.0,0.5454545454545454,0.5454545454545454,0.0,4,0,5,2,4,2,4,0,3,0,0,3,0.2727272727272727
9,1,size7_comp0.6_grid1_base_medium,7,0.6,medium,base,base,7,3,10,8,1,1,1,1,1,0,-1,9,0.0,0.6666666666666666,0.6666666666666666,0.0,4,0,3,2,4,1,3,0,1,0,0,1,0.1111111111111111
0,2,size7_comp0.6_grid2_base_medium,7,0.6,medium,base,base,4,4,8,4,4,1,1,1,1,0,-1,6,0.0,0.3333333333333333,0.3333333333333333,0.0,3,0,3,0,2,1,2,0,2,0,0,2,0.3333333333333333
1,2,size7_comp0.6_grid2_base_medium,7,0.6,medium,base,base,4,4,8,4,4,1,1,1,1,0,-1,6,0.0,0.3333333333333333,0.3333333333333333,0.0,3,0,3,0,2,1,2,0,2,0,0,2,0.3333333333333333
2,2,size7_comp0.6_grid2_base_medium,7,0.6,medium,base,base,4,4,8,4,4,1,1,1,1,0,-1,4,0.0,0.5,0.5,0.0,3,0,1,0,2,0,1,0,0,0,0,0,0.0
3,2,size7_comp0.6_grid2_base_medium,7,0.6,medium,base,base,4,4,8,4,4,1,1,1,1,0,-1,6,0.0,0.3333333333333333,0.3333333333333333,0.0,3,0,3,0,2,1,2,0,2,0,0,2,0.3333333333333333
4,2,size7_comp0.6_grid2_base_medium,7,0.6,medium,base,base,4,4,8,4,4,1,1,1,1,0,-1,5,0.0,0.4,0.4,0.0,3,0,2,0,1,1,2,0,1,0,0,1,0.2
5,2,size7_comp0.6_grid2_base_medium,7,0.6,medium,base,base,4,4,8,4,4,1,1,1,1,0,-1,4,0.0,0.5,0.5,0.0,3,0,1,0,2,0,1,0,0,0,0,0,0.0
6,2,size7_comp0.6_grid2_base_medium,7,0.6,medium,base,base,4,4,8,4,4,1,1,1,1,0,-1,4,0.0,0.5,0.5,0.0,3,0,1,0,2,0,1,0,0,0,0,0,0.0
7,2,size7_comp0.6_grid2_base_medium,7,0.6,medium,base,base,4,4,8,4,4,1,1,1,1,0,-1,5,0.0,0.4,0.4,0.0,3,0,2,0,1,1,2,0,1,0,0,1,0.2
8,2,size7_comp0.6_grid2_base_medium,7,0.6,medium,base,base,4,4,8,4,4,1,1,1,1,0,-1,6,0.0,0.3333333333333333,0.3333333333333333,0.0,3,0,3,0,2,1,2,0,2,0,0,2,0.3333333333333333
9,2,size7_comp0.6_grid2_base_medium,7,0.6,medium,base,base,4,4,8,4,4,1,1,1,1,0,-1,4,0.0,0.5,0.5,0.0,3,0,1,0,2,0,1,0,0,0,0,0,0.0
0,3,size7_comp0.6_grid3_base_medium,7,0.6,medium,base,base,3,5,8,4,2,1,1,1,1,0,-1,5,0.0,0.2,0.2,0.0,0,3,0,2,1,2,1,0,1,0,0,1,0.2
1,3,size7_comp0.6_grid3_base_medium,7,0.6,medium,base,base,3,5,8,4,2,1,1,1,1,0,-1,6,0.0,0.3333333333333333,0.3333333333333333,0.0,0,2,1,3,3,2,0,0,0,0,0,0,0.0
2,3,size7_comp0.6_grid3_base_medium,7,0.6,medium,base,base,3,5,8,4,2,1,1,1,1,0,-1,4,0.0,0.25,0.25,0.0,0,2,0,2,1,1,1,0,0,0,0,0,0.0
3,3,size7_comp0.6_grid3_base_medium,7,0.6,medium,base,base,3,5,8,4,2,1,1,1,1,0,-1,6,0.0,0.3333333333333333,0.3333333333333333,0.0,0,2,1,3,2,2,0,1,1,1,0,0,0.0
4,3,size7_comp0.6_grid3_base_medium,7,0.6,medium,base,base,3,5,8,4,2,1,1,1,1,0,-1,5,0.0,0.2,0.2,0.0,0,3,0,2,2,1,1,0,1,0,0,1,0.2
5,3,size7_comp0.6_grid3_base_medium,7,0.6,medium,base,base,3,5,8,4,2,1,1,1,1,0,-1,4,0.0,0.25,0.25,0.0,0,2,0,2,1,1,1,0,0,0,0,0,0.0
6,3,size7_comp0.6_grid3_base_medium,7,0.6,medium,base,base,3,5,8,4,2,1,1,1,1,0,-1,4,0.0,0.25,0.25,0.0,0,2,0,2,1,1,1,0,0,0,0,0,0.0
7,3,size7_comp0.6_grid3_base_medium,7,0.6,medium,base,base,3,5,8,4,2,1,1,1,1,0,-1,4,0.0,0.25,0.25,0.0,0,2,0,2,1,1,1,0,0,0,0,0,0.0
8,3,size7_comp0.6_grid3_base_medium,7,0.6,medium,base,base,3,5,8,4,2,1,1,1,1,0,-1,8,0.0,0.375,0.375,0.0,1,3,1,3,2,2,2,1,2,1,0,0,0.0
9,3,size7_comp0.6_grid3_base_medium,7,0.6,medium,base,base,3,5,8,4,2,1,1,1,1,0,-1,4,0.0,0.25,0.25,0.0,0,2,0,2,1,1,1,0,0,0,0,0,0.0
0,4,size7_comp0.6_grid4_base_medium,7,0.6,medium,base,base,6,4,10,10,0,1,1,1,1,0,-1,10,0.0,0.6,0.6,0.0,2,4,4,0,5,3,1,0,0,0,0,0,0.0
1,4,size7_comp0.6_grid4_base_medium,7,0.6,medium,base,base,6,4,10,10,0,1,1,1,1,0,-1,14,0.0,0.5,0.5,0.0,3,4,6,1,6,5,1,1,3,1,0,2,0.14285714285714285
2,4,size7_comp0.6_grid4_base_medium,7,0.6,medium,base,base,6,4,10,10,0,1,1,1,1,0,-1,12,0.0,0.5,0.5,0.0,4,4,4,0,7,3,1,0,2,0,0,2,0.16666666666666666
3,4,size7_comp0.6_grid4_base_medium,7,0.6,medium,base,base,6,4,10,10,0,1,1,1,1,0,-1,11,0.0,0.5454545454545454,0.5454545454545454,0.0,2,5,4,0,6,3,1,0,1,0,0,1,0.09090909090909091
4,4,size7_comp0.6_grid4_base_medium,7,0.6,medium,base,base,6,4,10,10,0,1,1,1,1,1,7,12,0.8333333333333334,0.9166666666666666,0.875,1.0,2,4,5,1,6,4,0,1,1,1,1,0,0.0
5,4,size7_comp0.6_grid4_base_medium,7,0.6,medium,base,base,6,4,10,10,0,1,1,1,1,0,-1,14,0.0,0.5,0.5,0.0,3,5,5,1,5,4,2,2,3,1,0,2,0.14285714285714285
6,4,size7_comp0.6_grid4_base_medium,7,0.6,medium,base,base,6,4,10,10,0,1,1,1,1,0,-1,16,0.0,0.5,0.5,0.0,4,4,6,2,10,4,0,1,6,1,0,2,0.125
7,4,size7_comp0.6_grid4_base_medium,7,0.6,medium,base,base,6,4,10,10,0,1,1,1,1,1,7,14,0.7142857142857143,0.7857142857142857,0.75,0.8333333333333334,4,5,5,0,3,6,3,1,3,1,1,2,0.14285714285714285
8,4,size7_comp0.6_grid4_base_medium,7,0.6,medium,base,base,6,4,10,10,0,1,1,1,1,0,-1,14,0.0,0.42857142857142855,0.42857142857142855,0.0,4,5,5,0,5,4,2,2,4,0,0,4,0.2857142857142857
9,4,size7_comp0.6_grid4_base_medium,7,0.6,medium,base,base,6,4,10,10,0,1,1,1,1,0,-1,14,0.0,0.5714285714285714,0.5714285714285714,0.0,3,5,5,1,4,5,1,3,3,3,0,0,0.0
0,5,size7_comp0.6_grid5_base_medium,7,0.6,medium,base,base,3,4,7,7,0,1,1,1,1,0,-1,9,0.0,0.3333333333333333,0.3333333333333333,0.0,5,0,4,0,1,4,3,0,2,0,0,2,0.2222222222222222
1,5,size7_comp0.6_grid5_base_medium,7,0.6,medium,base,base,3,4,7,7,0,1,1,1,1,0,-1,12,0.0,0.3333333333333333,0.3333333333333333,0.0,6,1,5,0,3,3,3,2,5,2,0,3,0.25
2,5,size7_comp0.6_grid5_base_medium,7,0.6,medium,base,base,3,4,7,7,0,1,1,1,1,0,-1,8,0.0,0.375,0.375,0.0,4,0,4,0,2,3,2,0,1,0,0,1,0.125
3,5,size7_comp0.6_grid5_base_medium,7,0.6,medium,base,base,3,4,7,7,0,1,1,1,1,0,-1,7,0.0,0.42857142857142855,0.42857142857142855,0.0,3,0,4,0,3,2,1,0,0,0,0,0,0.0
4,5,size7_comp0.6_grid5_base_medium,7,0.6,medium,base,base,3,4,7,7,0,1,1,1,1,0,-1,13,0.0,0.3076923076923077,0.3076923076923077,0.0,4,1,4,4,3,5,4,0,6,0,0,4,0.3076923076923077
5,5,size7_comp0.6_grid5_base_medium,7,0.6,medium,base,base,3,4,7,7,0,1,1,1,1,0,-1,8,0.0,0.375,0.375,0.0,3,0,5,0,3,2,2,0,1,0,0,1,0.125
6,5,size7_comp0.6_grid5_base_medium,7,0.6,medium,base,base,3,4,7,7,0,1,1,1,1,0,-1,7,0.0,0.42857142857142855,0.42857142857142855,0.0,3,0,4,0,3,2,1,0,0,0,0,0,0.0
7,5,size7_comp0.6_grid5_base_medium,7,0.6,medium,base,base,3,4,7,7,0,1,1,1,1,0,-1,9,0.0,0.3333333333333333,0.3333333333333333,0.0,4,0,4,1,2,2,3,1,2,0,0,2,0.2222222222222222
8,5,size7_comp0.6_grid5_base_medium,7,0.6,medium,base,base,3,4,7,7,0,1,1,1,1,0,-1,9,0.0,0.3333333333333333,0.3333333333333333,0.0,3,0,5,1,3,2,2,1,2,0,0,2,0.2222222222222222
9,5,size7_comp0.6_grid5_base_medium,7,0.6,medium,base,base,3,4,7,7,0,1,1,1,1,0,-1,8,0.0,0.375,0.375,0.0,3,0,5,0,4,2,1,0,1,0,0,1,0.125
0,6,size7_comp0.6_grid6_base_medium,7,0.6,medium,base,base,5,3,8,8,0,1,1,1,1,0,-1,9,0.0,0.5555555555555556,0.5555555555555556,0.0,5,0,3,1,5,2,1,0,1,0,0,1,0.1111111111111111
1,6,size7_comp0.6_grid6_base_medium,7,0.6,medium,base,base,5,3,8,8,0,1,1,1,1,0,-1,12,0.0,0.4166666666666667,0.4166666666666667,0.0,5,0,3,4,6,3,2,0,4,0,0,4,0.3333333333333333
2,6,size7_comp0.6_grid6_base_medium,7,0.6,medium,base,base,5,3,8,8,0,1,1,1,1,0,-1,8,0.0,0.625,0.625,0.0,4,0,3,1,5,2,0,0,0,0,0,0,0.0
3,6,size7_comp0.6_grid6_base_medium,7,0.6,medium,base,base,5,3,8,8,0,1,1,1,1,0,-1,8,0.0,0.625,0.625,0.0,4,0,3,1,5,2,0,0,0,0,0,0,0.0
4,6,size7_comp0.6_grid6_base_medium,7,0.6,medium,base,base,5,3,8,8,0,1,1,1,1,0,-1,9,0.0,0.5555555555555556,0.5555555555555556,0.0,4,0,3,2,5,1,1,1,1,0,0,1,0.1111111111111111
5,6,size7_comp0.6_grid6_base_medium,7,0.6,medium,base,base,5,3,8,8,0,1,1,1,1,0,-1,12,0.0,0.5833333333333334,0.5833333333333334,0.0,5,1,4,2,5,2,0,4,4,4,0,0,0.0
6,6,size7_comp0.6_grid6_base_medium,7,0.6,medium,base,base,5,3,8,8,0,1,1,1,1,0,-1,9,0.0,0.5555555555555556,0.5555555555555556,0.0,5,0,3,1,5,2,1,0,1,0,0,1,0.1111111111111111
7,6,size7_comp0.6_grid6_base_medium,7,0.6,medium,base,base,5,3,8,8,0,1,1,1,1,0,-1,15,0.0,0.5333333333333333,0.5333333333333333,0.0,5,1,5,4,5,1,3,5,5,4,0,1,0.06666666666666667
8,6,size7_comp0.6_grid6_base_medium,7,0.6,medium,base,base,5,3,8,8,0,1,1,1,1,0,-1,10,0.0,0.5,0.5,0.0,4,0,3,3,3,4,2,0,2,0,0,2,0.2
9,6,size7_comp0.6_grid6_base_medium,7,0.6,medium,base,base,5,3,8,8,0,1,1,1,1,0,-1,11,0.0,0.5454545454545454,0.5454545454545454,0.0,5,1,3,2,4,3,1,2,3,2,0,1,0.09090909090909091
0,7,size7_comp0.6_grid7_base_medium,7,0.6,medium,base,base,9,6,15,5,5,1,1,1,1,0,-1,5,0.0,0.8,0.8,0.0,1,0,4,0,3,1,0,0,0,0,0,0,0.0
1,7,size7_comp0.6_grid7_base_medium,7,0.6,medium,base,base,9,6,15,5,5,1,1,1,1,0,-1,5,0.0,0.8,0.8,0.0,1,0,4,0,2,1,1,0,0,0,0,0,0.0
2,7,size7_comp0.6_grid7_base_medium,7,0.6,medium,base,base,9,6,15,5,5,1,1,1,1,0,-1,7,0.0,0.5714285714285714,0.5714285714285714,0.0,3,0,4,0,3,2,1,0,2,0,0,2,0.2857142857142857
3,7,size7_comp0.6_grid7_base_medium,7,0.6,medium,base,base,9,6,15,5,5,1,1,1,1,0,-1,6,0.0,0.6666666666666666,0.6666666666666666,0.0,2,0,4,0,2,2,1,0,1,0,0,1,0.16666666666666666
4,7,size7_comp0.6_grid7_base_medium,7,0.6,medium,base,base,9,6,15,5,5,1,1,1,1,0,-1,5,0.0,0.8,0.8,0.0,1,0,4,0,3,1,0,0,0,0,0,0,0.0
5,7,size7_comp0.6_grid7_base_medium,7,0.6,medium,base,base,9,6,15,5,5,1,1,1,1,0,-1,6,0.0,0.6666666666666666,0.6666666666666666,0.0,2,0,4,0,2,2,1,0,1,0,0,1,0.16666666666666666
6,7,size7_comp0.6_grid7_base_medium,7,0.6,medium,base,base,9,6,15,5,5,1,1,1,1,0,-1,5,0.0,0.8,0.8,0.0,1,0,4,0,3,1,0,0,0,0,0,0,0.0
7,7,size7_comp0.6_grid7_base_medium,7,0.6,medium,base,base,9,6,15,5,5,1,1,1,1,0,-1,6,0.0,0.6666666666666666,0.6666666666666666,0.0,2,0,4,0,2,2,1,0,1,0,0,1,0.16666666666666666
8,7,size7_comp0.6_grid7_base_medium,7,0.6,medium,base,base,9,6,15,5,5,1,1,1,1,0,-1,5,0.0,0.8,0.8,0.0,1,0,4,0,2,1,1,0,0,0,0,0,0.0
9,7,size7_comp0.6_grid7_base_medium,7,0.6,medium,base,base,9,6,15,5,5,1,1,1,1,0,-1,5,0.0,0.8,0.8,0.0,1,0,4,0,3,1,0,0,0,0,0,0,0.0
0,8,size7_comp0.6_grid8_base_medium,7,0.6,medium,base,base,6,3,9,5,2,1,1,1,1,0,-1,17,0.0,0.5882352941176471,0.5882352941176471,0.0,5,4,6,2,2,3,4,7,9,7,0,0,0.0
1,8,size7_comp0.6_grid8_base_medium,7,0.6,medium,base,base,6,3,9,5,2,1,1,1,1,0,-1,8,0.0,0.625,0.625,0.0,2,1,5,0,3,1,2,1,2,1,0,1,0.125
2,8,size7_comp0.6_grid8_base_medium,7,0.6,medium,base,base,6,3,9,5,2,1,1,1,1,0,-1,5,0.0,0.8,0.8,0.0,1,0,4,0,2,1,1,0,0,0,0,0,0.0
3,8,size7_comp0.6_grid8_base_medium,7,0.6,medium,base,base,6,3,9,5,2,1,1,1,1,0,-1,7,0.0,0.7142857142857143,0.7142857142857143,0.0,2,1,4,0,3,0,2,1,1,1,0,0,0.0
4,8,size7_comp0.6_grid8_base_medium,7,0.6,medium,base,base,6,3,9,5,2,1,1,1,1,0,-1,7,0.0,0.7142857142857143,0.7142857142857143,0.0,2,1,4,0,1,1,3,1,1,1,0,0,0.0
5,8,size7_comp0.6_grid8_base_medium,7,0.6,medium,base,base,6,3,9,5,2,1,1,1,1,0,-1,5,0.0,0.8,0.8,0.0,1,0,4,0,2,1,1,0,0,0,0,0,0.0
6,8,size7_comp0.6_grid8_base_medium,7,0.6,medium,base,base,6,3,9,5,2,1,1,1,1,0,-1,9,0.0,0.6666666666666666,0.6666666666666666,0.0,3,2,4,0,5,2,1,0,0,0,0,0,0.0
7,8,size7_comp0.6_grid8_base_medium,7,0.6,medium,base,base,6,3,9,5,2,1,1,1,1,0,-1,5,0.0,0.8,0.8,0.0,1,0,4,0,2,1,1,0,0,0,0,0,0.0
8,8,size7_comp0.6_grid8_base_medium,7,0.6,medium,base,base,6,3,9,5,2,1,1,1,1,0,-1,5,0.0,0.8,0.8,0.0,1,0,4,0,2,1,1,0,0,0,0,0,0.0
9,8,size7_comp0.6_grid8_base_medium,7,0.6,medium,base,base,6,3,9,5,2,1,1,1,1,0,-1,11,0.0,0.6363636363636364,0.6363636363636364,0.0,4,3,4,0,4,1,2,3,4,3,0,0,0.0
0,9,size7_comp0.6_grid9_base_medium,7,0.6,medium,base,base,5,3,8,4,2,1,1,1,1,0,-1,4,0.0,0.75,0.75,0.0,1,0,3,0,2,0,1,0,0,0,0,0,0.0
1,9,size7_comp0.6_grid9_base_medium,7,0.6,medium,base,base,5,3,8,4,2,1,1,1,1,0,-1,6,0.0,0.6666666666666666,0.6666666666666666,0.0,2,1,3,0,1,2,2,0,0,0,0,0,0.0
2,9,size7_comp0.6_grid9_base_medium,7,0.6,medium,base,base,5,3,8,4,2,1,1,1,1,0,-1,5,0.0,0.6,0.6,0.0,2,0,3,0,1,1,2,0,1,0,0,1,0.2
3,9,size7_comp0.6_grid9_base_medium,7,0.6,medium,base,base,5,3,8,4,2,1,1,1,1,0,-1,4,0.0,0.75,0.75,0.0,1,0,3,0,2,0,1,0,0,0,0,0,0.0
4,9,size7_comp0.6_grid9_base_medium,7,0.6,medium,base,base,5,3,8,4,2,1,1,1,1,0,-1,14,0.0,0.42857142857142855,0.42857142857142855,0.0,5,3,6,0,3,3,3,4,8,4,0,4,0.2857142857142857
5,9,size7_comp0.6_grid9_base_medium,7,0.6,medium,base,base,5,3,8,4,2,1,1,1,1,0,-1,7,0.0,0.5714285714285714,0.5714285714285714,0.0,3,1,3,0,2,2,2,0,1,0,0,1,0.14285714285714285
6,9,size7_comp0.6_grid9_base_medium,7,0.6,medium,base,base,5,3,8,4,2,1,1,1,1,0,-1,5,0.0,0.6,0.6,0.0,1,0,4,0,3,0,1,0,1,0,0,1,0.2
7,9,size7_comp0.6_grid9_base_medium,7,0.6,medium,base,base,5,3,8,4,2,1,1,1,1,0,-1,6,0.0,0.5,0.5,0.0,1,0,5,0,4,0,1,0,2,0,0,2,0.3333333333333333
8,9,size7_comp0.6_grid9_base_medium,7,0.6,medium,base,base,5,3,8,4,2,1,1,1,1,0,-1,5,0.0,0.6,0.6,0.0,1,0,4,0,3,0,1,0,1,0,0,1,0.2
9,9,size7_comp0.6_grid9_base_medium,7,0.6,medium,base,base,5,3,8,4,2,1,1,1,1,0,-1,5,0.0,0.6,0.6,0.0,1,0,4,0,3,0,1,0,1,0,0,1,0.2
0,0,size9_comp0.0_grid0_base_medium,9,0.0,medium,base,base,5,7,12,8,2,1,1,1,1,0,-1,14,0.0,0.42857142857142855,0.42857142857142855,0.0,5,3,6,0,2,3,5,3,3,3,0,0,0.0
1,0,size9_comp0.0_grid0_base_medium,9,0.0,medium,base,base,5,7,12,8,2,1,1,1,1,0,-1,8,0.0,0.375,0.375,0.0,2,0,6,0,3,2,2,0,0,0,0,0,0.0
2,0,size9_comp0.0_grid0_base_medium,9,0.0,medium,base,base,5,7,12,8,2,1,1,1,1,0,-1,12,0.0,0.4166666666666667,0.4166666666666667,0.0,4,2,6,0,1,5,5,0,0,0,0,0,0.0
3,0,size9_comp0.0_grid0_base_medium,9,0.0,medium,base,base,5,7,12,8,2,1,1,1,1,1,4,12,1.0,1.0,1.0,1.0,4,2,6,0,5,2,3,1,1,1,1,0,0.0
4,0,size9_comp0.0_grid0_base_medium,9,0.0,medium,base,base,5,7,12,8,2,1,1,1,1,0,-1,10,0.0,0.4,0.4,0.0,3,1,6,0,5,3,1,0,0,0,0,0,0.0
5,0,size9_comp0.0_grid0_base_medium,9,0.0,medium,base,base,5,7,12,8,2,1,1,1,1,0,-1,10,0.0,0.4,0.4,0.0,3,1,6,0,1,4,4,0,0,0,0,0,0.0
6,0,size9_comp0.0_grid0_base_medium,9,0.0,medium,base,base,5,7,12,8,2,1,1,1,1,0,-1,8,0.0,0.375,0.375,0.0,2,0,6,0,4,2,1,0,0,0,0,0,0.0
7,0,size9_comp0.0_grid0_base_medium,9,0.0,medium,base,base,5,7,12,8,2,1,1,1,1,0,-1,8,0.0,0.375,0.375,0.0,2,0,6,0,5,1,1,0,0,0,0,0,0.0
8,0,size9_comp0.0_grid0_base_medium,9,0.0,medium,base,base,5,7,12,8,2,1,1,1,1,0,-1,10,0.0,0.4,0.4,0.0,3,1,6,0,1,4,4,0,0,0,0,0,0.0
9,0,size9_comp0.0_grid0_base_medium,9,0.0,medium,base,base,5,7,12,8,2,1,1,1,1,0,-1,12,0.0,0.4166666666666667,0.4166666666666667,0.0,4,2,6,0,5,4,2,0,0,0,0,0,0.0
0,1,size9_comp0.0_grid1_base_medium,9,0.0,medium,base,base,3,3,6,6,0,1,1,1,1,0,-1,6,0.0,0.5,0.5,0.0,0,1,0,5,3,1,1,0,0,0,0,0,0.0
1,1,size9_comp0.0_grid1_base_medium,9,0.0,medium,base,base,3,3,6,6,0,1,1,1,1,1,2,6,1.0,1.0,1.0,1.0,0,1,0,5,3,1,1,0,0,0,0,0,0.0
2,1,size9_comp0.0_grid1_base_medium,9,0.0,medium,base,base,3,3,6,6,0,1,1,1,1,0,-1,8,0.0,0.5,0.5,0.0,1,2,0,5,2,1,3,1,1,1,0,0,0.0
3,1,size9_comp0.0_grid1_base_medium,9,0.0,medium,base,base,3,3,6,6,0,1,1,1,1,0,-1,8,0.0,0.5,0.5,0.0,1,2,0,5,3,1,2,1,1,1,0,0,0.0
4,1,size9_comp0.0_grid1_base_medium,9,0.0,medium,base,base,3,3,6,6,0,1,1,1,1,0,-1,6,0.0,0.5,0.5,0.0,0,1,0,5,3,1,1,0,0,0,0,0,0.0
5,1,size9_comp0.0_grid1_base_medium,9,0.0,medium,base,base,3,3,6,6,0,1,1,1,1,0,-1,6,0.0,0.5,0.5,0.0,0,1,0,5,3,1,1,0,0,0,0,0,0.0
6,1,size9_comp0.0_grid1_base_medium,9,0.0,medium,base,base,3,3,6,6,0,1,1,1,1,0,-1,6,0.0,0.5,0.5,0.0,0,1,0,5,3,1,1,0,0,0,0,0,0.0
7,1,size9_comp0.0_grid1_base_medium,9,0.0,medium,base,base,3,3,6,6,0,1,1,1,1,0,-1,8,0.0,0.5,0.5,0.0,1,2,0,5,2,1,3,1,1,1,0,0,0.0
8,1,size9_comp0.0_grid1_base_medium,9,0.0,medium,base,base,3,3,6,6,0,1,1,1,1,0,-1,10,0.0,0.5,0.5,0.0,2,3,0,5,2,1,3,3,3,3,0,0,0.0
9,1,size9_comp0.0_grid1_base_medium,9,0.0,medium,base,base,3,3,6,6,0,1,1,1,1,0,-1,6,0.0,0.5,0.5,0.0,0,1,0,5,3,1,1,0,0,0,0,0,0.0
0,2,size9_comp0.0_grid2_base_medium,9,0.0,medium,base,base,6,3,9,5,2,1,1,1,1,0,-1,7,0.0,0.7142857142857143,0.7142857142857143,0.0,0,1,1,5,4,1,0,1,1,1,0,0,0.0
1,2,size9_comp0.0_grid2_base_medium,9,0.0,medium,base,base,6,3,9,5,2,1,1,1,1,0,-1,5,0.0,0.8,0.8,0.0,0,1,0,4,3,0,1,0,0,0,0,0,0.0
2,2,size9_comp0.0_grid2_base_medium,9,0.0,medium,base,base,6,3,9,5,2,1,1,1,1,0,-1,5,0.0,0.8,0.8,0.0,0,1,0,4,2,1,1,0,0,0,0,0,0.0
3,2,size9_comp0.0_grid2_base_medium,9,0.0,medium,base,base,6,3,9,5,2,1,1,1,1,0,-1,5,0.0,0.8,0.8,0.0,0,1,0,4,3,1,0,0,0,0,0,0,0.0
4,2,size9_comp0.0_grid2_base_medium,9,0.0,medium,base,base,6,3,9,5,2,1,1,1,1,0,-1,9,0.0,0.6666666666666666,0.6666666666666666,0.0,2,3,0,4,2,0,4,2,2,2,0,0,0.0
5,2,size9_comp0.0_grid2_base_medium,9,0.0,medium,base,base,6,3,9,5,2,1,1,1,1,0,-1,5,0.0,0.8,0.8,0.0,0,1,0,4,3,0,1,0,0,0,0,0,0.0
6,2,size9_comp0.0_grid2_base_medium,9,0.0,medium,base,base,6,3,9,5,2,1,1,1,1,0,-1,5,0.0,0.8,0.8,0.0,0,1,0,4,3,0,1,0,0,0,0,0,0.0
7,2,size9_comp0.0_grid2_base_medium,9,0.0,medium,base,base,6,3,9,5,2,1,1,1,1,0,-1,8,0.0,0.625,0.625,0.0,0,1,1,6,5,1,0,1,2,0,0,1,0.125
8,2,size9_comp0.0_grid2_base_medium,9,0.0,medium,base,base,6,3,9,5,2,1,1,1,1,0,-1,5,0.0,0.8,0.8,0.0,0,1,0,4,3,0,1,0,0,0,0,0,0.0
9,2,size9_comp0.0_grid2_base_medium,9,0.0,medium,base,base,6,3,9,5,2,1,1,1,1,0,-1,5,0.0,0.8,0.8,0.0,0,1,0,4,3,0,1,0,0,0,0,0,0.0
0,3,size9_comp0.0_grid3_base_medium,9,0.0,medium,base,base,4,11,15,7,4,1,1,1,1,0,-1,7,0.0,0.0,0.0,0.0,5,0,2,0,5,1,0,0,0,0,0,0,0.0
1,3,size9_comp0.0_grid3_base_medium,9,0.0,medium,base,base,4,11,15,7,4,1,1,1,1,0,-1,7,0.0,0.0,0.0,0.0,5,0,2,0,3,2,1,0,0,0,0,0,0.0
2,3,size9_comp0.0_grid3_base_medium,9,0.0,medium,base,base,4,11,15,7,4,1,1,1,1,0,-1,8,0.0,0.0,0.0,0.0,6,0,2,0,6,1,0,0,1,0,0,1,0.125
3,3,size9_comp0.0_grid3_base_medium,9,0.0,medium,base,base,4,11,15,7,4,1,1,1,1,0,-1,8,0.0,0.0,0.0,0.0,6,0,2,0,4,2,1,0,1,0,0,1,0.125
4,3,size9_comp0.0_grid3_base_medium,9,0.0,medium,base,base,4,11,15,7,4,1,1,1,1,0,-1,7,0.0,0.0,0.0,0.0,5,0,2,0,5,1,0,0,0,0,0,0,0.0
5,3,size9_comp0.0_grid3_base_medium,9,0.0,medium,base,base,4,11,15,7,4,1,1,1,1,0,-1,11,0.0,0.0,0.0,0.0,9,0,2,0,7,2,1,0,4,0,0,4,0.36363636363636365
6,3,size9_comp0.0_grid3_base_medium,9,0.0,medium,base,base,4,11,15,7,4,1,1,1,1,0,-1,7,0.0,0.0,0.0,0.0,5,0,2,0,4,1,1,0,0,0,0,0,0.0
7,3,size9_comp0.0_grid3_base_medium,9,0.0,medium,base,base,4,11,15,7,4,1,1,1,1,0,-1,9,0.0,0.0,0.0,0.0,7,0,2,0,7,1,0,0,2,0,0,2,0.2222222222222222
8,3,size9_comp0.0_grid3_base_medium,9,0.0,medium,base,base,4,11,15,7,4,1,1,1,1,0,-1,7,0.0,0.0,0.0,0.0,5,0,2,0,3,2,1,0,0,0,0,0,0.0
9,3,size9_comp0.0_grid3_base_medium,9,0.0,medium,base,base,4,11,15,7,4,1,1,1,1,0,-1,7,0.0,0.0,0.0,0.0,5,0,2,0,3,2,1,0,0,0,0,0,0.0
0,4,size9_comp0.0_grid4_base_medium,9,0.0,medium,base,base,6,3,9,7,1,1,1,1,1,1,5,9,1.0,1.0,1.0,1.0,3,1,5,0,3,3,2,0,0,0,0,0,0.0
1,4,size9_comp0.0_grid4_base_medium,9,0.0,medium,base,base,6,3,9,7,1,1,1,1,1,0,-1,11,0.0,0.6363636363636364,0.6363636363636364,0.0,4,2,5,0,5,3,2,0,0,0,0,0,0.0
2,4,size9_comp0.0_grid4_base_medium,9,0.0,medium,base,base,6,3,9,7,1,1,1,1,1,0,-1,11,0.0,0.6363636363636364,0.6363636363636364,0.0,3,1,6,1,4,1,2,3,3,3,0,0,0.0
3,4,size9_comp0.0_grid4_base_medium,9,0.0,medium,base,base,6,3,9,7,1,1,1,1,1,0,-1,7,0.0,0.7142857142857143,0.7142857142857143,0.0,2,0,5,0,3,2,1,0,0,0,0,0,0.0
4,4,size9_comp0.0_grid4_base_medium,9,0.0,medium,base,base,6,3,9,7,1,1,1,1,1,0,-1,9,0.0,0.6666666666666666,0.6666666666666666,0.0,3,1,5,0,3,3,2,0,0,0,0,0,0.0
5,4,size9_comp0.0_grid4_base_medium,9,0.0,medium,base,base,6,3,9,7,1,1,1,1,1,0,-1,9,0.0,0.6666666666666666,0.6666666666666666,0.0,3,1,5,0,3,3,2,0,0,0,0,0,0.0
6,4,size9_comp0.0_grid4_base_medium,9,0.0,medium,base,base,6,3,9,7,1,1,1,1,1,0,-1,7,0.0,0.7142857142857143,0.7142857142857143,0.0,2,0,5,0,4,1,1,0,0,0,0,0,0.0
7,4,size9_comp0.0_grid4_base_medium,9,0.0,medium,base,base,6,3,9,7,1,1,1,1,1,0,-1,7,0.0,0.7142857142857143,0.7142857142857143,0.0,2,0,5,0,4,1,1,0,0,0,0,0,0.0
8,4,size9_comp0.0_grid4_base_medium,9,0.0,medium,base,base,6,3,9,7,1,1,1,1,1,0,-1,7,0.0,0.7142857142857143,0.7142857142857143,0.0,2,0,5,0,3,2,1,0,0,0,0,0,0.0
9,4,size9_comp0.0_grid4_base_medium,9,0.0,medium,base,base,6,3,9,7,1,1,1,1,1,0,-1,7,0.0,0.7142857142857143,0.7142857142857143,0.0,2,0,5,0,2,2,2,0,0,0,0,0,0.0
0,5,size9_comp0.0_grid5_base_medium,9,0.0,medium,base,base,3,9,12,6,3,1,1,1,1,0,-1,10,0.0,0.2,0.2,0.0,4,2,0,4,3,4,1,1,1,1,0,0,0.0
1,5,size9_comp0.0_grid5_base_medium,9,0.0,medium,base,base,3,9,12,6,3,1,1,1,1,0,-1,8,0.0,0.125,0.125,0.0,3,1,0,4,2,1,2,2,2,2,0,0,0.0
2,5,size9_comp0.0_grid5_base_medium,9,0.0,medium,base,base,3,9,12,6,3,1,1,1,1,0,-1,6,0.0,0.0,0.0,0.0,2,0,0,4,2,1,2,0,0,0,0,0,0.0
3,5,size9_comp0.0_grid5_base_medium,9,0.0,medium,base,base,3,9,12,6,3,1,1,1,1,0,-1,6,0.0,0.0,0.0,0.0,2,0,0,4,2,2,1,0,0,0,0,0,0.0
4,5,size9_comp0.0_grid5_base_medium,9,0.0,medium,base,base,3,9,12,6,3,1,1,1,1,0,-1,6,0.0,0.0,0.0,0.0,2,0,0,4,1,2,2,0,0,0,0,0,0.0
5,5,size9_comp0.0_grid5_base_medium,9,0.0,medium,base,base,3,9,12,6,3,1,1,1,1,0,-1,6,0.0,0.0,0.0,0.0,2,0,0,4,4,0,1,0,0,0,0,0,0.0
6,5,size9_comp0.0_grid5_base_medium,9,0.0,medium,base,base,3,9,12,6,3,1,1,1,1,0,-1,6,0.0,0.0,0.0,0.0,2,0,0,4,3,1,1,0,0,0,0,0,0.0
7,5,size9_comp0.0_grid5_base_medium,9,0.0,medium,base,base,3,9,12,6,3,1,1,1,1,0,-1,8,0.0,0.125,0.125,0.0,3,1,0,4,2,1,3,1,1,1,0,0,0.0
8,5,size9_comp0.0_grid5_base_medium,9,0.0,medium,base,base,3,9,12,6,3,1,1,1,1,0,-1,6,0.0,0.0,0.0,0.0,2,0,0,4,2,1,2,0,0,0,0,0,0.0
9,5,size9_comp0.0_grid5_base_medium,9,0.0,medium,base,base,3,9,12,6,3,1,1,1,1,0,-1,6,0.0,0.0,0.0,0.0,2,0,0,4,2,1,2,0,0,0,0,0,0.0
0,6,size9_comp0.0_grid6_base_medium,9,0.0,medium,base,base,4,4,8,6,1,1,1,1,1,0,-1,6,0.0,0.5,0.5,0.0,0,5,1,0,3,1,1,0,0,0,0,0,0.0
1,6,size9_comp0.0_grid6_base_medium,9,0.0,medium,base,base,4,4,8,6,1,1,1,1,1,0,-1,8,0.0,0.5,0.5,0.0,1,6,1,0,4,2,0,1,1,1,0,0,0.0
2,6,size9_comp0.0_grid6_base_medium,9,0.0,medium,base,base,4,4,8,6,1,1,1,1,1,0,-1,6,0.0,0.5,0.5,0.0,0,5,1,0,3,1,1,0,0,0,0,0,0.0
3,6,size9_comp0.0_grid6_base_medium,9,0.0,medium,base,base,4,4,8,6,1,1,1,1,1,0,-1,6,0.0,0.5,0.5,0.0,0,5,1,0,3,1,1,0,0,0,0,0,0.0
4,6,size9_comp0.0_grid6_base_medium,9,0.0,medium,base,base,4,4,8,6,1,1,1,1,1,0,-1,6,0.0,0.5,0.5,0.0,0,5,1,0,3,1,1,0,0,0,0,0,0.0
5,6,size9_comp0.0_grid6_base_medium,9,0.0,medium,base,base,4,4,8,6,1,1,1,1,1,0,-1,8,0.0,0.5,0.5,0.0,0,5,2,1,2,3,2,0,0,0,0,0,0.0
6,6,size9_comp0.0_grid6_base_medium,9,0.0,medium,base,base,4,4,8,6,1,1,1,1,1,0,-1,6,0.0,0.5,0.5,0.0,0,5,1,0,4,1,0,0,0,0,0,0,0.0
7,6,size9_comp0.0_grid6_base_medium,9,0.0,medium,base,base,4,4,8,6,1,1,1,1,1,0,-1,6,0.0,0.5,0.5,0.0,0,5,1,0,4,0,1,0,0,0,0,0,0.0
8,6,size9_comp0.0_grid6_base_medium,9,0.0,medium,base,base,4,4,8,6,1,1,1,1,1,0,-1,6,0.0,0.5,0.5,0.0,0,5,1,0,3,1,1,0,0,0,0,0,0.0
9,6,size9_comp0.0_grid6_base_medium,9,0.0,medium,base,base,4,4,8,6,1,1,1,1,1,0,-1,18,0.0,0.5,0.5,0.0,4,9,3,2,3,4,3,7,8,7,0,0,0.0
0,7,size9_comp0.0_grid7_base_medium,9,0.0,medium,base,base,5,8,13,7,3,1,1,1,1,0,-1,7,0.0,0.2857142857142857,0.2857142857142857,0.0,0,5,0,2,5,1,0,0,0,0,0,0,0.0
1,7,size9_comp0.0_grid7_base_medium,9,0.0,medium,base,base,5,8,13,7,3,1,1,1,1,0,-1,9,0.0,0.3333333333333333,0.3333333333333333,0.0,0,5,1,3,1,3,4,0,0,0,0,0,0.0
2,7,size9_comp0.0_grid7_base_medium,9,0.0,medium,base,base,5,8,13,7,3,1,1,1,1,0,-1,9,0.0,0.3333333333333333,0.3333333333333333,0.0,0,5,1,3,3,2,3,0,0,0,0,0,0.0
3,7,size9_comp0.0_grid7_base_medium,9,0.0,medium,base,base,5,8,13,7,3,1,1,1,1,0,-1,7,0.0,0.2857142857142857,0.2857142857142857,0.0,0,5,0,2,2,2,2,0,0,0,0,0,0.0
4,7,size9_comp0.0_grid7_base_medium,9,0.0,medium,base,base,5,8,13,7,3,1,1,1,1,0,-1,7,0.0,0.2857142857142857,0.2857142857142857,0.0,0,5,0,2,4,1,1,0,0,0,0,0,0.0
5,7,size9_comp0.0_grid7_base_medium,9,0.0,medium,base,base,5,8,13,7,3,1,1,1,1,0,-1,14,0.0,0.35714285714285715,0.35714285714285715,0.0,2,7,1,4,4,5,2,2,5,2,0,1,0.07142857142857142
6,7,size9_comp0.0_grid7_base_medium,9,0.0,medium,base,base,5,8,13,7,3,1,1,1,1,0,-1,19,0.0,0.42105263157894735,0.42105263157894735,0.0,3,8,3,5,5,9,2,2,8,2,0,0,0.0
7,7,size9_comp0.0_grid7_base_medium,9,0.0,medium,base,base,5,8,13,7,3,1,1,1,1,0,-1,7,0.0,0.2857142857142857,0.2857142857142857,0.0,0,5,0,2,2,2,2,0,0,0,0,0,0.0
8,7,size9_comp0.0_grid7_base_medium,9,0.0,medium,base,base,5,8,13,7,3,1,1,1,1,0,-1,11,0.0,0.36363636363636365,0.36363636363636365,0.0,0,5,2,4,4,3,2,1,1,1,0,0,0.0
9,7,size9_comp0.0_grid7_base_medium,9,0.0,medium,base,base,5,8,13,7,3,1,1,1,1,0,-1,9,0.0,0.3333333333333333,0.3333333333333333,0.0,1,6,0,2,4,2,1,1,1,1,0,0,0.0
0,8,size9_comp0.0_grid8_base_medium,9,0.0,medium,base,base,7,3,10,4,3,1,1,1,1,0,-1,4,0.0,1.0,1.0,0.0,3,0,1,0,1,1,1,0,0,0,0,0,0.0
1,8,size9_comp0.0_grid8_base_medium,9,0.0,medium,base,base,7,3,10,4,3,1,1,1,1,0,-1,4,0.0,1.0,1.0,0.0,3,0,1,0,2,0,1,0,0,0,0,0,0.0
2,8,size9_comp0.0_grid8_base_medium,9,0.0,medium,base,base,7,3,10,4,3,1,1,1,1,0,-1,4,0.0,1.0,1.0,0.0,3,0,1,0,2,1,0,0,0,0,0,0,0.0
3,8,size9_comp0.0_grid8_base_medium,9,0.0,medium,base,base,7,3,10,4,3,1,1,1,1,0,-1,6,0.0,0.8333333333333334,0.8333333333333334,0.0,3,0,2,1,1,2,2,0,0,0,0,0,0.0
4,8,size9_comp0.0_grid8_base_medium,9,0.0,medium,base,base,7,3,10,4,3,1,1,1,1,0,-1,4,0.0,1.0,1.0,0.0,3,0,1,0,2,1,0,0,0,0,0,0,0.0
5,8,size9_comp0.0_grid8_base_medium,9,0.0,medium,base,base,7,3,10,4,3,1,1,1,1,0,-1,6,0.0,0.8333333333333334,0.8333333333333334,0.0,4,1,1,0,3,2,0,0,0,0,0,0,0.0
6,8,size9_comp0.0_grid8_base_medium,9,0.0,medium,base,base,7,3,10,4,3,1,1,1,1,0,-1,4,0.0,1.0,1.0,0.0,3,0,1,0,2,1,0,0,0,0,0,0,0.0
7,8,size9_comp0.0_grid8_base_medium,9,0.0,medium,base,base,7,3,10,4,3,1,1,1,1,0,-1,4,0.0,1.0,1.0,0.0,3,0,1,0,2,1,0,0,0,0,0,0,0.0
8,8,size9_comp0.0_grid8_base_medium,9,0.0,medium,base,base,7,3,10,4,3,1,1,1,1,0,-1,6,0.0,0.8333333333333334,0.8333333333333334,0.0,4,1,1,0,3,0,1,1,1,1,0,0,0.0
9,8,size9_comp0.0_grid8_base_medium,9,0.0,medium,base,base,7,3,10,4,3,1,1,1,1,0,-1,4,0.0,1.0,1.0,0.0,3,0,1,0,2,1,0,0,0,0,0,0,0.0
0,9,size9_comp0.0_grid9_base_medium,9,0.0,medium,base,base,4,9,13,7,3,1,1,1,1,0,-1,7,0.0,0.14285714285714285,0.14285714285714285,0.0,0,6,0,1,4,1,1,0,0,0,0,0,0.0
1,9,size9_comp0.0_grid9_base_medium,9,0.0,medium,base,base,4,9,13,7,3,1,1,1,1,0,-1,7,0.0,0.14285714285714285,0.14285714285714285,0.0,0,6,0,1,4,1,1,0,0,0,0,0,0.0
2,9,size9_comp0.0_grid9_base_medium,9,0.0,medium,base,base,4,9,13,7,3,1,1,1,1,0,-1,7,0.0,0.14285714285714285,0.14285714285714285,0.0,0,6,0,1,5,1,0,0,0,0,0,0,0.0
3,9,size9_comp0.0_grid9_base_medium,9,0.0,medium,base,base,4,9,13,7,3,1,1,1,1,0,-1,7,0.0,0.14285714285714285,0.14285714285714285,0.0,0,6,0,1,4,1,1,0,0,0,0,0,0.0
4,9,size9_comp0.0_grid9_base_medium,9,0.0,medium,base,base,4,9,13,7,3,1,1,1,1,0,-1,7,0.0,0.14285714285714285,0.14285714285714285,0.0,0,6,0,1,5,0,1,0,0,0,0,0,0.0
5,9,size9_comp0.0_grid9_base_medium,9,0.0,medium,base,base,4,9,13,7,3,1,1,1,1,0,-1,7,0.0,0.14285714285714285,0.14285714285714285,0.0,0,6,0,1,4,1,1,0,0,0,0,0,0.0
6,9,size9_comp0.0_grid9_base_medium,9,0.0,medium,base,base,4,9,13,7,3,1,1,1,1,0,-1,7,0.0,0.14285714285714285,0.14285714285714285,0.0,0,6,0,1,4,1,1,0,0,0,0,0,0.0
7,9,size9_comp0.0_grid9_base_medium,9,0.0,medium,base,base,4,9,13,7,3,1,1,1,1,0,-1,7,0.0,0.14285714285714285,0.14285714285714285,0.0,0,6,0,1,4,1,1,0,0,0,0,0,0.0
8,9,size9_comp0.0_grid9_base_medium,9,0.0,medium,base,base,4,9,13,7,3,1,1,1,1,0,-1,7,0.0,0.14285714285714285,0.14285714285714285,0.0,0,6,0,1,5,0,1,0,0,0,0,0,0.0
9,9,size9_comp0.0_grid9_base_medium,9,0.0,medium,base,base,4,9,13,7,3,1,1,1,1,0,-1,9,0.0,0.2222222222222222,0.2222222222222222,0.0,0,6,1,2,4,2,1,1,1,1,0,0,0.0
0,0,size9_comp0.2_grid0_base_medium,9,0.2,medium,base,base,7,6,13,3,6,1,1,1,1,0,-1,7,0.0,0.5714285714285714,0.5714285714285714,0.0,2,3,0,2,1,4,0,1,1,1,0,0,0.0
1,0,size9_comp0.2_grid0_base_medium,9,0.2,medium,base,base,7,6,13,3,6,1,1,1,1,0,-1,3,0.0,0.6666666666666666,0.6666666666666666,0.0,0,1,0,2,1,1,0,0,0,0,0,0,0.0
2,0,size9_comp0.2_grid0_base_medium,9,0.2,medium,base,base,7,6,13,3,6,1,1,1,1,0,-1,3,0.0,0.6666666666666666,0.6666666666666666,0.0,0,1,0,2,1,1,0,0,0,0,0,0,0.0
3,0,size9_comp0.2_grid0_base_medium,9,0.2,medium,base,base,7,6,13,3,6,1,1,1,1,0,-1,3,0.0,0.6666666666666666,0.6666666666666666,0.0,0,1,0,2,1,1,0,0,0,0,0,0,0.0
4,0,size9_comp0.2_grid0_base_medium,9,0.2,medium,base,base,7,6,13,3,6,1,1,1,1,0,-1,3,0.0,0.6666666666666666,0.6666666666666666,0.0,0,1,0,2,1,1,0,0,0,0,0,0,0.0
5,0,size9_comp0.2_grid0_base_medium,9,0.2,medium,base,base,7,6,13,3,6,1,1,1,1,0,-1,6,0.0,0.5,0.5,0.0,1,2,1,2,2,0,3,0,2,0,0,1,0.16666666666666666
6,0,size9_comp0.2_grid0_base_medium,9,0.2,medium,base,base,7,6,13,3,6,1,1,1,1,0,-1,3,0.0,0.6666666666666666,0.6666666666666666,0.0,0,1,0,2,1,1,0,0,0,0,0,0,0.0
7,0,size9_comp0.2_grid0_base_medium,9,0.2,medium,base,base,7,6,13,3,6,1,1,1,1,0,-1,5,0.0,0.6,0.6,0.0,1,2,0,2,1,1,0,2,2,2,0,0,0.0
8,0,size9_comp0.2_grid0_base_medium,9,0.2,medium,base,base,7,6,13,3,6,1,1,1,1,0,-1,5,0.0,0.6,0.6,0.0,1,2,0,2,2,1,0,1,1,1,0,0,0.0
9,0,size9_comp0.2_grid0_base_medium,9,0.2,medium,base,base,7,6,13,3,6,1,1,1,1,0,-1,3,0.0,0.6666666666666666,0.6666666666666666,0.0,0,1,0,2,1,1,0,0,0,0,0,0,0.0
0,1,size9_comp0.2_grid1_base_medium,9,0.2,medium,base,base,5,3,8,4,2,1,1,1,1,0,-1,6,0.0,0.6666666666666666,0.6666666666666666,0.0,3,1,2,0,2,2,1,0,0,0,0,0,0.0
1,1,size9_comp0.2_grid1_base_medium,9,0.2,medium,base,base,5,3,8,4,2,1,1,1,1,0,-1,4,0.0,0.75,0.75,0.0,2,0,2,0,2,1,0,0,0,0,0,0,0.0
2,1,size9_comp0.2_grid1_base_medium,9,0.2,medium,base,base,5,3,8,4,2,1,1,1,1,1,10,14,0.5714285714285714,0.7857142857142857,0.7272727272727273,1.0,5,3,4,2,1,5,3,4,7,4,1,0,0.0
3,1,size9_comp0.2_grid1_base_medium,9,0.2,medium,base,base,5,3,8,4,2,1,1,1,1,0,-1,4,0.0,0.75,0.75,0.0,2,0,2,0,2,1,0,0,0,0,0,0,0.0
4,1,size9_comp0.2_grid1_base_medium,9,0.2,medium,base,base,5,3,8,4,2,1,1,1,1,0,-1,4,0.0,0.75,0.75,0.0,2,0,2,0,2,1,0,0,0,0,0,0,0.0
5,1,size9_comp0.2_grid1_base_medium,9,0.2,medium,base,base,5,3,8,4,2,1,1,1,1,0,-1,4,0.0,0.75,0.75,0.0,2,0,2,0,1,1,1,0,0,0,0,0,0.0
6,1,size9_comp0.2_grid1_base_medium,9,0.2,medium,base,base,5,3,8,4,2,1,1,1,1,0,-1,6,0.0,0.6666666666666666,0.6666666666666666,0.0,3,1,2,0,3,2,0,0,0,0,0,0,0.0
7,1,size9_comp0.2_grid1_base_medium,9,0.2,medium,base,base,5,3,8,4,2,1,1,1,1,0,-1,4,0.0,0.75,0.75,0.0,2,0,2,0,2,1,0,0,0,0,0,0,0.0
8,1,size9_comp0.2_grid1_base_medium,9,0.2,medium,base,base,5,3,8,4,2,1,1,1,1,0,-1,6,0.0,0.6666666666666666,0.6666666666666666,0.0,3,1,2,0,1,3,1,0,0,0,0,0,0.0
9,1,size9_comp0.2_grid1_base_medium,9,0.2,medium,base,base,5,3,8,4,2,1,1,1,1,0,-1,4,0.0,0.75,0.75,0.0,2,0,2,0,2,1,0,0,0,0,0,0,0.0
0,2,size9_comp0.2_grid2_base_medium,9,0.2,medium,base,base,7,3,10,4,3,1,1,1,1,0,-1,6,0.0,0.8333333333333334,0.8333333333333334,0.0,3,1,0,2,2,0,1,2,2,2,0,0,0.0
1,2,size9_comp0.2_grid2_base_medium,9,0.2,medium,base,base,7,3,10,4,3,1,1,1,1,0,-1,4,0.0,1.0,1.0,0.0,2,0,0,2,1,1,1,0,0,0,0,0,0.0
2,2,size9_comp0.2_grid2_base_medium,9,0.2,medium,base,base,7,3,10,4,3,1,1,1,1,0,-1,8,0.0,0.75,0.75,0.0,4,2,0,2,3,2,0,2,2,2,0,0,0.0
3,2,size9_comp0.2_grid2_base_medium,9,0.2,medium,base,base,7,3,10,4,3,1,1,1,1,0,-1,6,0.0,0.8333333333333334,0.8333333333333334,0.0,2,0,1,3,2,0,2,1,1,1,0,0,0.0
4,2,size9_comp0.2_grid2_base_medium,9,0.2,medium,base,base,7,3,10,4,3,1,1,1,1,0,-1,4,0.0,1.0,1.0,0.0,2,0,0,2,2,0,1,0,0,0,0,0,0.0
5,2,size9_comp0.2_grid2_base_medium,9,0.2,medium,base,base,7,3,10,4,3,1,1,1,1,0,-1,4,0.0,1.0,1.0,0.0,2,0,0,2,1,1,1,0,0,0,0,0,0.0
6,2,size9_comp0.2_grid2_base_medium,9,0.2,medium,base,base,7,3,10,4,3,1,1,1,1,0,-1,4,0.0,1.0,1.0,0.0,2,0,0,2,1,1,1,0,0,0,0,0,0.0
7,2,size9_comp0.2_grid2_base_medium,9,0.2,medium,base,base,7,3,10,4,3,1,1,1,1,0,-1,4,0.0,1.0,1.0,0.0,2,0,0,2,2,1,0,0,0,0,0,0,0.0
8,2,size9_comp0.2_grid2_base_medium,9,0.2,medium,base,base,7,3,10,4,3,1,1,1,1,0,-1,4,0.0,1.0,1.0,0.0,2,0,0,2,0,1,2,0,0,0,0,0,0.0
9,2,size9_comp0.2_grid2_base_medium,9,0.2,medium,base,base,7,3,10,4,3,1,1,1,1,0,-1,8,0.0,0.75,0.75,0.0,4,2,0,2,1,0,3,3,3,3,0,0,0.0
0,3,size9_comp0.2_grid3_base_medium,9,0.2,medium,base,base,5,5,10,6,2,1,1,1,1,0,-1,8,0.0,0.5,0.5,0.0,3,0,4,1,2,2,3,0,0,0,0,0,0.0
1,3,size9_comp0.2_grid3_base_medium,9,0.2,medium,base,base,5,5,10,6,2,1,1,1,1,0,-1,6,0.0,0.5,0.5,0.0,3,0,3,0,4,1,0,0,0,0,0,0,0.0
2,3,size9_comp0.2_grid3_base_medium,9,0.2,medium,base,base,5,5,10,6,2,1,1,1,1,0,-1,6,0.0,0.5,0.5,0.0,3,0,3,0,2,1,2,0,0,0,0,0,0.0
3,3,size9_comp0.2_grid3_base_medium,9,0.2,medium,base,base,5,5,10,6,2,1,1,1,1,0,-1,8,0.0,0.375,0.375,0.0,5,0,3,0,4,2,1,0,2,0,0,2,0.25
4,3,size9_comp0.2_grid3_base_medium,9,0.2,medium,base,base,5,5,10,6,2,1,1,1,1,0,-1,6,0.0,0.5,0.5,0.0,3,0,3,0,2,2,1,0,0,0,0,0,0.0
5,3,size9_comp0.2_grid3_base_medium,9,0.2,medium,base,base,5,5,10,6,2,1,1,1,1,0,-1,7,0.0,0.42857142857142855,0.42857142857142855,0.0,4,0,3,0,3,2,1,0,1,0,0,1,0.14285714285714285
6,3,size9_comp0.2_grid3_base_medium,9,0.2,medium,base,base,5,5,10,6,2,1,1,1,1,0,-1,10,0.0,0.3,0.3,0.0,7,0,3,0,8,1,0,0,4,0,0,4,0.4
7,3,size9_comp0.2_grid3_base_medium,9,0.2,medium,base,base,5,5,10,6,2,1,1,1,1,0,-1,8,0.0,0.5,0.5,0.0,3,0,4,1,0,3,2,2,2,2,0,0,0.0
8,3,size9_comp0.2_grid3_base_medium,9,0.2,medium,base,base,5,5,10,6,2,1,1,1,1,0,-1,6,0.0,0.5,0.5,0.0,3,0,3,0,1,2,2,0,0,0,0,0,0.0
9,3,size9_comp0.2_grid3_base_medium,9,0.2,medium,base,base,5,5,10,6,2,1,1,1,1,0,-1,6,0.0,0.5,0.5,0.0,3,0,3,0,0,2,3,0,0,0,0,0,0.0
0,4,size9_comp0.2_grid4_base_medium,9,0.2,medium,base,base,6,8,14,6,4,1,1,1,1,0,-1,6,0.0,0.3333333333333333,0.3333333333333333,0.0,4,0,1,1,3,0,2,0,0,0,0,0,0.0
1,4,size9_comp0.2_grid4_base_medium,9,0.2,medium,base,base,6,8,14,6,4,1,1,1,1,0,-1,6,0.0,0.3333333333333333,0.3333333333333333,0.0,4,0,1,1,2,1,2,0,0,0,0,0,0.0
2,4,size9_comp0.2_grid4_base_medium,9,0.2,medium,base,base,6,8,14,6,4,1,1,1,1,0,-1,10,0.0,0.4,0.4,0.0,6,2,1,1,3,2,1,3,3,3,0,0,0.0
3,4,size9_comp0.2_grid4_base_medium,9,0.2,medium,base,base,6,8,14,6,4,1,1,1,1,0,-1,6,0.0,0.3333333333333333,0.3333333333333333,0.0,4,0,1,1,2,1,2,0,0,0,0,0,0.0
4,4,size9_comp0.2_grid4_base_medium,9,0.2,medium,base,base,6,8,14,6,4,1,1,1,1,0,-1,12,0.0,0.4166666666666667,0.4166666666666667,0.0,6,2,2,2,4,2,2,3,3,3,0,0,0.0
5,4,size9_comp0.2_grid4_base_medium,9,0.2,medium,base,base,6,8,14,6,4,1,1,1,1,0,-1,13,0.0,0.38461538461538464,0.38461538461538464,0.0,6,2,3,2,2,3,5,2,5,2,0,1,0.07692307692307693
6,4,size9_comp0.2_grid4_base_medium,9,0.2,medium,base,base,6,8,14,6,4,1,1,1,1,0,-1,12,0.0,0.4166666666666667,0.4166666666666667,0.0,5,1,3,3,0,2,7,2,3,2,0,0,0.0
7,4,size9_comp0.2_grid4_base_medium,9,0.2,medium,base,base,6,8,14,6,4,1,1,1,1,0,-1,6,0.0,0.3333333333333333,0.3333333333333333,0.0,4,0,1,1,2,1,2,0,0,0,0,0,0.0
8,4,size9_comp0.2_grid4_base_medium,9,0.2,medium,base,base,6,8,14,6,4,1,1,1,1,0,-1,7,0.0,0.2857142857142857,0.2857142857142857,0.0,4,1,1,1,3,1,1,1,1,0,0,1,0.14285714285714285
9,4,size9_comp0.2_grid4_base_medium,9,0.2,medium,base,base,6,8,14,6,4,1,1,1,1,0,-1,6,0.0,0.3333333333333333,0.3333333333333333,0.0,4,0,1,1,3,0,2,0,0,0,0,0,0.0
0,5,size9_comp0.2_grid5_base_medium,9,0.2,medium,base,base,7,9,16,6,5,1,1,1,1,0,-1,6,0.0,0.3333333333333333,0.3333333333333333,0.0,4,0,2,0,2,2,1,0,0,0,0,0,0.0
1,5,size9_comp0.2_grid5_base_medium,9,0.2,medium,base,base,7,9,16,6,5,1,1,1,1,0,-1,6,0.0,0.3333333333333333,0.3333333333333333,0.0,4,0,2,0,2,2,1,0,0,0,0,0,0.0
2,5,size9_comp0.2_grid5_base_medium,9,0.2,medium,base,base,7,9,16,6,5,1,1,1,1,0,-1,6,0.0,0.3333333333333333,0.3333333333333333,0.0,4,0,2,0,2,2,1,0,0,0,0,0,0.0
3,5,size9_comp0.2_grid5_base_medium,9,0.2,medium,base,base,7,9,16,6,5,1,1,1,1,0,-1,8,0.0,0.375,0.375,0.0,5,1,2,0,5,2,0,0,0,0,0,0,0.0
4,5,size9_comp0.2_grid5_base_medium,9,0.2,medium,base,base,7,9,16,6,5,1,1,1,1,0,-1,8,0.0,0.375,0.375,0.0,5,1,2,0,3,3,1,0,0,0,0,0,0.0
5,5,size9_comp0.2_grid5_base_medium,9,0.2,medium,base,base,7,9,16,6,5,1,1,1,1,0,-1,8,0.0,0.375,0.375,0.0,5,1,2,0,5,0,1,1,1,1,0,0,0.0
6,5,size9_comp0.2_grid5_base_medium,9,0.2,medium,base,base,7,9,16,6,5,1,1,1,1,0,-1,12,0.0,0.4166666666666667,0.4166666666666667,0.0,7,3,2,0,3,3,1,4,4,4,0,0,0.0
7,5,size9_comp0.2_grid5_base_medium,9,0.2,medium,base,base,7,9,16,6,5,1,1,1,1,0,-1,21,0.0,0.42857142857142855,0.42857142857142855,0.0,6,2,8,5,4,3,4,9,12,9,0,1,0.047619047619047616
8,5,size9_comp0.2_grid5_base_medium,9,0.2,medium,base,base,7,9,16,6,5,1,1,1,1,0,-1,8,0.0,0.375,0.375,0.0,5,1,2,0,5,2,0,0,0,0,0,0,0.0
9,5,size9_comp0.2_grid5_base_medium,9,0.2,medium,base,base,7,9,16,6,5,1,1,1,1,0,-1,6,0.0,0.3333333333333333,0.3333333333333333,0.0,4,0,2,0,3,1,1,0,0,0,0,0,0.0
0,6,size9_comp0.2_grid6_base_medium,9,0.2,medium,base,base,5,9,14,4,5,1,1,1,1,0,-1,5,0.0,0.0,0.0,0.0,0,3,0,2,1,1,2,0,1,0,0,1,0.2
1,6,size9_comp0.2_grid6_base_medium,9,0.2,medium,base,base,5,9,14,4,5,1,1,1,1,0,-1,4,0.0,0.0,0.0,0.0,0,3,0,1,2,1,0,0,0,0,0,0,0.0
2,6,size9_comp0.2_grid6_base_medium,9,0.2,medium,base,base,5,9,14,4,5,1,1,1,1,0,-1,4,0.0,0.0,0.0,0.0,0,3,0,1,2,1,0,0,0,0,0,0,0.0
3,6,size9_comp0.2_grid6_base_medium,9,0.2,medium,base,base,5,9,14,4,5,1,1,1,1,0,-1,4,0.0,0.0,0.0,0.0,0,3,0,1,1,1,1,0,0,0,0,0,0.0
4,6,size9_comp0.2_grid6_base_medium,9,0.2,medium,base,base,5,9,14,4,5,1,1,1,1,0,-1,4,0.0,0.0,0.0,0.0,0,3,0,1,2,1,0,0,0,0,0,0,0.0
5,6,size9_comp0.2_grid6_base_medium,9,0.2,medium,base,base,5,9,14,4,5,1,1,1,1,0,-1,5,0.0,0.0,0.0,0.0,0,3,0,2,1,1,2,0,1,0,0,1,0.2
6,6,size9_comp0.2_grid6_base_medium,9,0.2,medium,base,base,5,9,14,4,5,1,1,1,1,0,-1,4,0.0,0.0,0.0,0.0,0,3,0,1,1,1,1,0,0,0,0,0,0.0
7,6,size9_comp0.2_grid6_base_medium,9,0.2,medium,base,base,5,9,14,4,5,1,1,1,1,0,-1,4,0.0,0.0,0.0,0.0,0,3,0,1,1,1,1,0,0,0,0,0,0.0
8,6,size9_comp0.2_grid6_base_medium,9,0.2,medium,base,base,5,9,14,4,5,1,1,1,1,0,-1,4,0.0,0.0,0.0,0.0,0,3,0,1,1,1,1,0,0,0,0,0,0.0
9,6,size9_comp0.2_grid6_base_medium,9,0.2,medium,base,base,5,9,14,4,5,1,1,1,1,0,-1,8,0.0,0.25,0.25,0.0,1,4,1,2,2,3,1,1,2,1,0,0,0.0
0,7,size9_comp0.2_grid7_base_medium,9,0.2,medium,base,base,3,7,10,10,0,1,1,1,1,0,-1,12,0.0,0.3333333333333333,0.3333333333333333,0.0,0,6,1,5,6,3,1,1,1,1,0,0,0.0
1,7,size9_comp0.2_grid7_base_medium,9,0.2,medium,base,base,3,7,10,10,0,1,1,1,1,0,-1,13,0.0,0.3076923076923077,0.3076923076923077,0.0,0,6,1,6,2,5,5,0,1,0,0,1,0.07692307692307693
2,7,size9_comp0.2_grid7_base_medium,9,0.2,medium,base,base,3,7,10,10,0,1,1,1,1,0,-1,10,0.0,0.3,0.3,0.0,0,6,0,4,4,3,2,0,0,0,0,0,0.0
3,7,size9_comp0.2_grid7_base_medium,9,0.2,medium,base,base,3,7,10,10,0,1,1,1,1,0,-1,17,0.0,0.35294117647058826,0.35294117647058826,0.0,1,8,2,6,4,4,4,4,5,4,0,1,0.058823529411764705
4,7,size9_comp0.2_grid7_base_medium,9,0.2,medium,base,base,3,7,10,10,0,1,1,1,1,0,-1,14,0.0,0.21428571428571427,0.21428571428571427,0.0,0,6,0,8,8,2,3,0,4,0,0,4,0.2857142857142857
5,7,size9_comp0.2_grid7_base_medium,9,0.2,medium,base,base,3,7,10,10,0,1,1,1,1,0,-1,10,0.0,0.3,0.3,0.0,0,6,0,4,6,2,1,0,0,0,0,0,0.0
6,7,size9_comp0.2_grid7_base_medium,9,0.2,medium,base,base,3,7,10,10,0,1,1,1,1,0,-1,11,0.0,0.2727272727272727,0.2727272727272727,0.0,0,6,0,5,4,3,3,0,1,0,0,1,0.09090909090909091
7,7,size9_comp0.2_grid7_base_medium,9,0.2,medium,base,base,3,7,10,10,0,1,1,1,1,0,-1,13,0.0,0.3076923076923077,0.3076923076923077,0.0,1,6,1,5,8,2,1,1,3,1,0,1,0.07692307692307693
8,7,size9_comp0.2_grid7_base_medium,9,0.2,medium,base,base,3,7,10,10,0,1,1,1,1,1,2,10,1.0,1.0,1.0,1.0,0,6,0,4,6,1,2,0,0,0,0,0,0.0
9,7,size9_comp0.2_grid7_base_medium,9,0.2,medium,base,base,3,7,10,10,0,1,1,1,1,0,-1,14,0.0,0.2857142857142857,0.2857142857142857,0.0,1,7,0,6,8,1,2,2,4,2,0,2,0.14285714285714285
0,8,size9_comp0.2_grid8_base_medium,9,0.2,medium,base,base,6,5,11,3,4,1,1,1,1,0,-1,9,0.0,0.5555555555555556,0.5555555555555556,0.0,2,3,1,3,1,2,1,4,4,4,0,0,0.0
1,8,size9_comp0.2_grid8_base_medium,9,0.2,medium,base,base,6,5,11,3,4,1,1,1,1,0,-1,3,0.0,0.6666666666666666,0.6666666666666666,0.0,0,1,0,2,1,1,0,0,0,0,0,0,0.0
2,8,size9_comp0.2_grid8_base_medium,9,0.2,medium,base,base,6,5,11,3,4,1,1,1,1,0,-1,3,0.0,0.6666666666666666,0.6666666666666666,0.0,0,1,0,2,0,1,1,0,0,0,0,0,0.0
3,8,size9_comp0.2_grid8_base_medium,9,0.2,medium,base,base,6,5,11,3,4,1,1,1,1,0,-1,3,0.0,0.6666666666666666,0.6666666666666666,0.0,0,1,0,2,1,1,0,0,0,0,0,0,0.0
4,8,size9_comp0.2_grid8_base_medium,9,0.2,medium,base,base,6,5,11,3,4,1,1,1,1,0,-1,6,0.0,0.5,0.5,0.0,1,1,1,3,2,1,1,1,1,0,0,1,0.16666666666666666
5,8,size9_comp0.2_grid8_base_medium,9,0.2,medium,base,base,6,5,11,3,4,1,1,1,1,0,-1,3,0.0,0.6666666666666666,0.6666666666666666,0.0,0,1,0,2,0,1,1,0,0,0,0,0,0.0
6,8,size9_comp0.2_grid8_base_medium,9,0.2,medium,base,base,6,5,11,3,4,1,1,1,1,0,-1,3,0.0,0.6666666666666666,0.6666666666666666,0.0,0,1,0,2,0,1,1,0,0,0,0,0,0.0
7,8,size9_comp0.2_grid8_base_medium,9,0.2,medium,base,base,6,5,11,3,4,1,1,1,1,0,-1,3,0.0,0.6666666666666666,0.6666666666666666,0.0,0,1,0,2,1,0,1,0,0,0,0,0,0.0
8,8,size9_comp0.2_grid8_base_medium,9,0.2,medium,base,base,6,5,11,3,4,1,1,1,1,0,-1,5,0.0,0.6,0.6,0.0,1,2,0,2,2,1,0,1,1,1,0,0,0.0
9,8,size9_comp0.2_grid8_base_medium,9,0.2,medium,base,base,6,5,11,3,4,1,1,1,1,0,-1,3,0.0,0.6666666666666666,0.6666666666666666,0.0,0,1,0,2,1,0,1,0,0,0,0,0,0.0
0,9,size9_comp0.2_grid9_base_medium,9,0.2,medium,base,base,5,6,11,3,4,1,1,1,1,0,-1,3,0.0,0.3333333333333333,0.3333333333333333,0.0,2,0,0,1,1,0,1,0,0,0,0,0,0.0
1,9,size9_comp0.2_grid9_base_medium,9,0.2,medium,base,base,5,6,11,3,4,1,1,1,1,0,-1,3,0.0,0.3333333333333333,0.3333333333333333,0.0,2,0,0,1,1,0,1,0,0,0,0,0,0.0
2,9,size9_comp0.2_grid9_base_medium,9,0.2,medium,base,base,5,6,11,3,4,1,1,1,1,0,-1,3,0.0,0.3333333333333333,0.3333333333333333,0.0,2,0,0,1,1,0,1,0,0,0,0,0,0.0
3,9,size9_comp0.2_grid9_base_medium,9,0.2,medium,base,base,5,6,11,3,4,1,1,1,1,0,-1,5,0.0,0.4,0.4,0.0,3,1,0,1,1,0,1,2,2,2,0,0,0.0
4,9,size9_comp0.2_grid9_base_medium,9,0.2,medium,base,base,5,6,11,3,4,1,1,1,1,0,-1,3,0.0,0.3333333333333333,0.3333333333333333,0.0,2,0,0,1,0,1,1,0,0,0,0,0,0.0
5,9,size9_comp0.2_grid9_base_medium,9,0.2,medium,base,base,5,6,11,3,4,1,1,1,1,0,-1,3,0.0,0.3333333333333333,0.3333333333333333,0.0,2,0,0,1,1,0,1,0,0,0,0,0,0.0
6,9,size9_comp0.2_grid9_base_medium,9,0.2,medium,base,base,5,6,11,3,4,1,1,1,1,0,-1,5,0.0,0.4,0.4,0.0,2,0,1,2,2,0,2,0,0,0,0,0,0.0
7,9,size9_comp0.2_grid9_base_medium,9,0.2,medium,base,base,5,6,11,3,4,1,1,1,1,0,-1,3,0.0,0.3333333333333333,0.3333333333333333,0.0,2,0,0,1,1,0,1,0,0,0,0,0,0.0
8,9,size9_comp0.2_grid9_base_medium,9,0.2,medium,base,base,5,6,11,3,4,1,1,1,1,0,-1,3,0.0,0.3333333333333333,0.3333333333333333,0.0,2,0,0,1,1,0,1,0,0,0,0,0,0.0
9,9,size9_comp0.2_grid9_base_medium,9,0.2,medium,base,base,5,6,11,3,4,1,1,1,1,0,-1,5,0.0,0.4,0.4,0.0,2,0,1,2,2,0,2,0,0,0,0,0,0.0
0,0,size9_comp0.4_grid0_base_medium,9,0.4,medium,base,base,8,4,12,8,3,1,1,1,1,0,-1,11,0.0,0.6363636363636364,0.6363636363636364,0.0,1,4,5,1,2,5,2,1,2,1,0,1,0.09090909090909091
1,0,size9_comp0.4_grid0_base_medium,9,0.4,medium,base,base,8,4,12,8,3,1,1,1,1,0,-1,12,0.0,0.5833333333333334,0.5833333333333334,0.0,3,5,4,0,6,2,1,2,4,2,0,2,0.16666666666666666
2,0,size9_comp0.4_grid0_base_medium,9,0.4,medium,base,base,8,4,12,8,3,1,1,1,1,0,-1,14,0.0,0.6428571428571429,0.6428571428571429,0.0,2,6,5,1,4,3,2,4,5,4,0,0,0.0
3,0,size9_comp0.4_grid0_base_medium,9,0.4,medium,base,base,8,4,12,8,3,1,1,1,1,0,-1,14,0.0,0.6428571428571429,0.6428571428571429,0.0,2,6,5,1,4,2,1,6,6,6,0,0,0.0
4,0,size9_comp0.4_grid0_base_medium,9,0.4,medium,base,base,8,4,12,8,3,1,1,1,1,0,-1,9,0.0,0.6666666666666666,0.6666666666666666,0.0,1,4,4,0,2,4,2,0,1,0,0,1,0.1111111111111111
5,0,size9_comp0.4_grid0_base_medium,9,0.4,medium,base,base,8,4,12,8,3,1,1,1,1,0,-1,12,0.0,0.5833333333333334,0.5833333333333334,0.0,3,5,4,0,3,2,3,3,4,2,0,2,0.16666666666666666
6,0,size9_comp0.4_grid0_base_medium,9,0.4,medium,base,base,8,4,12,8,3,1,1,1,1,0,-1,16,0.0,0.5625,0.5625,0.0,4,6,5,1,4,5,2,4,7,3,0,2,0.125
7,0,size9_comp0.4_grid0_base_medium,9,0.4,medium,base,base,8,4,12,8,3,1,1,1,1,0,-1,10,0.0,0.7,0.7,0.0,1,5,4,0,4,2,1,2,2,2,0,0,0.0
8,0,size9_comp0.4_grid0_base_medium,9,0.4,medium,base,base,8,4,12,8,3,1,1,1,1,0,-1,12,0.0,0.5833333333333334,0.5833333333333334,0.0,2,4,5,1,4,5,1,1,3,1,0,2,0.16666666666666666
9,0,size9_comp0.4_grid0_base_medium,9,0.4,medium,base,base,8,4,12,8,3,1,1,1,1,0,-1,8,0.0,0.75,0.75,0.0,0,4,4,0,4,2,1,0,0,0,0,0,0.0
0,1,size9_comp0.4_grid1_base_medium,9,0.4,medium,base,base,4,10,14,6,4,1,1,1,1,0,-1,17,0.0,0.29411764705882354,0.29411764705882354,0.0,4,6,4,3,3,3,6,4,8,4,0,1,0.058823529411764705
1,1,size9_comp0.4_grid1_base_medium,9,0.4,medium,base,base,4,10,14,6,4,1,1,1,1,0,-1,10,0.0,0.2,0.2,0.0,1,4,3,2,4,0,3,2,2,2,0,0,0.0
2,1,size9_comp0.4_grid1_base_medium,9,0.4,medium,base,base,4,10,14,6,4,1,1,1,1,0,-1,10,0.0,0.2,0.2,0.0,2,5,2,1,4,0,3,2,2,2,0,0,0.0
3,1,size9_comp0.4_grid1_base_medium,9,0.4,medium,base,base,4,10,14,6,4,1,1,1,1,0,-1,8,0.0,0.125,0.125,0.0,1,4,2,1,4,0,3,0,0,0,0,0,0.0
4,1,size9_comp0.4_grid1_base_medium,9,0.4,medium,base,base,4,10,14,6,4,1,1,1,1,0,-1,17,0.0,0.29411764705882354,0.29411764705882354,0.0,3,5,5,4,4,1,7,4,7,3,0,1,0.058823529411764705
5,1,size9_comp0.4_grid1_base_medium,9,0.4,medium,base,base,4,10,14,6,4,1,1,1,1,0,-1,10,0.0,0.2,0.2,0.0,2,5,2,1,3,0,2,4,4,4,0,0,0.0
6,1,size9_comp0.4_grid1_base_medium,9,0.4,medium,base,base,4,10,14,6,4,1,1,1,1,0,-1,19,0.0,0.3157894736842105,0.3157894736842105,0.0,6,9,3,1,6,2,3,7,11,7,0,1,0.05263157894736842
7,1,size9_comp0.4_grid1_base_medium,9,0.4,medium,base,base,4,10,14,6,4,1,1,1,1,0,-1,18,0.0,0.3333333333333333,0.3333333333333333,0.0,4,7,4,3,4,2,6,5,7,5,0,0,0.0
8,1,size9_comp0.4_grid1_base_medium,9,0.4,medium,base,base,4,10,14,6,4,1,1,1,1,0,-1,15,0.0,0.26666666666666666,0.26666666666666666,0.0,5,7,2,1,4,1,3,6,9,6,0,1,0.06666666666666667
9,1,size9_comp0.4_grid1_base_medium,9,0.4,medium,base,base,4,10,14,6,4,1,1,1,1,0,-1,10,0.0,0.2,0.2,0.0,2,5,2,1,5,0,2,2,3,2,0,0,0.0
0,2,size9_comp0.4_grid2_base_medium,9,0.4,medium,base,base,5,4,9,3,3,1,1,1,1,0,-1,3,0.0,0.6666666666666666,0.6666666666666666,0.0,0,2,0,1,1,0,1,0,0,0,0,0,0.0
1,2,size9_comp0.4_grid2_base_medium,9,0.4,medium,base,base,5,4,9,3,3,1,1,1,1,0,-1,3,0.0,0.6666666666666666,0.6666666666666666,0.0,0,2,0,1,1,0,1,0,0,0,0,0,0.0
2,2,size9_comp0.4_grid2_base_medium,9,0.4,medium,base,base,5,4,9,3,3,1,1,1,1,0,-1,5,0.0,0.6,0.6,0.0,0,2,1,2,0,2,1,1,1,1,0,0,0.0
3,2,size9_comp0.4_grid2_base_medium,9,0.4,medium,base,base,5,4,9,3,3,1,1,1,1,0,-1,3,0.0,0.6666666666666666,0.6666666666666666,0.0,0,2,0,1,1,1,0,0,0,0,0,0,0.0
4,2,size9_comp0.4_grid2_base_medium,9,0.4,medium,base,base,5,4,9,3,3,1,1,1,1,0,-1,3,0.0,0.6666666666666666,0.6666666666666666,0.0,0,2,0,1,1,0,1,0,0,0,0,0,0.0
5,2,size9_comp0.4_grid2_base_medium,9,0.4,medium,base,base,5,4,9,3,3,1,1,1,1,0,-1,3,0.0,0.6666666666666666,0.6666666666666666,0.0,0,2,0,1,0,1,1,0,0,0,0,0,0.0
6,2,size9_comp0.4_grid2_base_medium,9,0.4,medium,base,base,5,4,9,3,3,1,1,1,1,0,-1,3,0.0,0.6666666666666666,0.6666666666666666,0.0,0,2,0,1,1,0,1,0,0,0,0,0,0.0
7,2,size9_comp0.4_grid2_base_medium,9,0.4,medium,base,base,5,4,9,3,3,1,1,1,1,0,-1,3,0.0,0.6666666666666666,0.6666666666666666,0.0,0,2,0,1,1,0,1,0,0,0,0,0,0.0
8,2,size9_comp0.4_grid2_base_medium,9,0.4,medium,base,base,5,4,9,3,3,1,1,1,1,0,-1,3,0.0,0.6666666666666666,0.6666666666666666,0.0,0,2,0,1,0,1,1,0,0,0,0,0,0.0
9,2,size9_comp0.4_grid2_base_medium,9,0.4,medium,base,base,5,4,9,3,3,1,1,1,1,0,-1,5,0.0,0.6,0.6,0.0,0,2,1,2,2,1,0,1,1,1,0,0,0.0
0,3,size9_comp0.4_grid3_base_medium,9,0.4,medium,base,base,5,8,13,3,5,1,1,1,1,0,-1,3,0.0,0.0,0.0,0.0,0,1,0,2,1,1,0,0,0,0,0,0,0.0
1,3,size9_comp0.4_grid3_base_medium,9,0.4,medium,base,base,5,8,13,3,5,1,1,1,1,0,-1,3,0.0,0.0,0.0,0.0,0,1,0,2,1,1,0,0,0,0,0,0,0.0
2,3,size9_comp0.4_grid3_base_medium,9,0.4,medium,base,base,5,8,13,3,5,1,1,1,1,0,-1,3,0.0,0.0,0.0,0.0,0,1,0,2,1,1,0,0,0,0,0,0,0.0
3,3,size9_comp0.4_grid3_base_medium,9,0.4,medium,base,base,5,8,13,3,5,1,1,1,1,0,-1,3,0.0,0.0,0.0,0.0,0,1,0,2,1,1,0,0,0,0,0,0,0.0
4,3,size9_comp0.4_grid3_base_medium,9,0.4,medium,base,base,5,8,13,3,5,1,1,1,1,0,-1,3,0.0,0.0,0.0,0.0,0,1,0,2,1,1,0,0,0,0,0,0,0.0
5,3,size9_comp0.4_grid3_base_medium,9,0.4,medium,base,base,5,8,13,3,5,1,1,1,1,0,-1,3,0.0,0.0,0.0,0.0,0,1,0,2,1,1,0,0,0,0,0,0,0.0
6,3,size9_comp0.4_grid3_base_medium,9,0.4,medium,base,base,5,8,13,3,5,1,1,1,1,0,-1,7,0.0,0.2857142857142857,0.2857142857142857,0.0,2,3,0,2,1,2,1,2,2,2,0,0,0.0
7,3,size9_comp0.4_grid3_base_medium,9,0.4,medium,base,base,5,8,13,3,5,1,1,1,1,0,-1,3,0.0,0.0,0.0,0.0,0,1,0,2,1,1,0,0,0,0,0,0,0.0
8,3,size9_comp0.4_grid3_base_medium,9,0.4,medium,base,base,5,8,13,3,5,1,1,1,1,0,-1,3,0.0,0.0,0.0,0.0,0,1,0,2,1,1,0,0,0,0,0,0,0.0
9,3,size9_comp0.4_grid3_base_medium,9,0.4,medium,base,base,5,8,13,3,5,1,1,1,1,0,-1,3,0.0,0.0,0.0,0.0,0,1,0,2,1,1,0,0,0,0,0,0,0.0
0,4,size9_comp0.4_grid4_base_medium,9,0.4,medium,base,base,4,7,11,3,4,1,1,1,1,0,-1,3,0.0,0.0,0.0,0.0,2,0,1,0,1,1,0,0,0,0,0,0,0.0
1,4,size9_comp0.4_grid4_base_medium,9,0.4,medium,base,base,4,7,11,3,4,1,1,1,1,0,-1,3,0.0,0.0,0.0,0.0,2,0,1,0,1,1,0,0,0,0,0,0,0.0
2,4,size9_comp0.4_grid4_base_medium,9,0.4,medium,base,base,4,7,11,3,4,1,1,1,1,0,-1,3,0.0,0.0,0.0,0.0,2,0,1,0,1,1,0,0,0,0,0,0,0.0
3,4,size9_comp0.4_grid4_base_medium,9,0.4,medium,base,base,4,7,11,3,4,1,1,1,1,0,-1,3,0.0,0.0,0.0,0.0,2,0,1,0,0,1,1,0,0,0,0,0,0.0
4,4,size9_comp0.4_grid4_base_medium,9,0.4,medium,base,base,4,7,11,3,4,1,1,1,1,0,-1,3,0.0,0.0,0.0,0.0,2,0,1,0,1,1,0,0,0,0,0,0,0.0
5,4,size9_comp0.4_grid4_base_medium,9,0.4,medium,base,base,4,7,11,3,4,1,1,1,1,0,-1,3,0.0,0.0,0.0,0.0,2,0,1,0,1,1,0,0,0,0,0,0,0.0
6,4,size9_comp0.4_grid4_base_medium,9,0.4,medium,base,base,4,7,11,3,4,1,1,1,1,0,-1,3,0.0,0.0,0.0,0.0,2,0,1,0,1,1,0,0,0,0,0,0,0.0
7,4,size9_comp0.4_grid4_base_medium,9,0.4,medium,base,base,4,7,11,3,4,1,1,1,1,0,-1,3,0.0,0.0,0.0,0.0,2,0,1,0,0,1,1,0,0,0,0,0,0.0
8,4,size9_comp0.4_grid4_base_medium,9,0.4,medium,base,base,4,7,11,3,4,1,1,1,1,0,-1,3,0.0,0.0,0.0,0.0,2,0,1,0,0,1,1,0,0,0,0,0,0.0
9,4,size9_comp0.4_grid4_base_medium,9,0.4,medium,base,base,4,7,11,3,4,1,1,1,1,0,-1,3,0.0,0.0,0.0,0.0,2,0,1,0,1,1,0,0,0,0,0,0,0.0
0,5,size9_comp0.4_grid5_base_medium,9,0.4,medium,base,base,3,4,7,5,2,1,1,1,1,0,-1,5,0.0,0.4,0.4,0.0,0,2,3,0,2,1,1,0,0,0,0,0,0.0
1,5,size9_comp0.4_grid5_base_medium,9,0.4,medium,base,base,3,4,7,5,2,1,1,1,1,0,-1,13,0.0,0.38461538461538464,0.38461538461538464,0.0,2,4,4,3,5,3,2,2,4,2,0,2,0.15384615384615385
2,5,size9_comp0.4_grid5_base_medium,9,0.4,medium,base,base,3,4,7,5,2,1,1,1,1,0,-1,13,0.0,0.46153846153846156,0.46153846153846156,0.0,3,5,4,1,6,1,3,2,4,2,0,0,0.0
3,5,size9_comp0.4_grid5_base_medium,9,0.4,medium,base,base,3,4,7,5,2,1,1,1,1,0,-1,9,0.0,0.4444444444444444,0.4444444444444444,0.0,2,4,3,0,2,1,1,4,4,4,0,0,0.0
4,5,size9_comp0.4_grid5_base_medium,9,0.4,medium,base,base,3,4,7,5,2,1,1,1,1,0,-1,5,0.0,0.4,0.4,0.0,0,2,3,0,2,1,1,0,0,0,0,0,0.0
5,5,size9_comp0.4_grid5_base_medium,9,0.4,medium,base,base,3,4,7,5,2,1,1,1,1,0,-1,5,0.0,0.4,0.4,0.0,0,2,3,0,2,1,1,0,0,0,0,0,0.0
6,5,size9_comp0.4_grid5_base_medium,9,0.4,medium,base,base,3,4,7,5,2,1,1,1,1,0,-1,7,0.0,0.42857142857142855,0.42857142857142855,0.0,1,3,3,0,3,0,2,1,1,1,0,0,0.0
7,5,size9_comp0.4_grid5_base_medium,9,0.4,medium,base,base,3,4,7,5,2,1,1,1,1,0,-1,7,0.0,0.42857142857142855,0.42857142857142855,0.0,1,3,3,0,2,1,1,2,2,2,0,0,0.0
8,5,size9_comp0.4_grid5_base_medium,9,0.4,medium,base,base,3,4,7,5,2,1,1,1,1,0,-1,9,0.0,0.4444444444444444,0.4444444444444444,0.0,2,4,3,0,2,1,1,4,4,4,0,0,0.0
9,5,size9_comp0.4_grid5_base_medium,9,0.4,medium,base,base,3,4,7,5,2,1,1,1,1,0,-1,6,0.0,0.3333333333333333,0.3333333333333333,0.0,1,2,3,0,2,2,1,0,1,0,0,1,0.16666666666666666
0,6,size9_comp0.4_grid6_base_medium,9,0.4,medium,base,base,10,5,15,5,5,1,1,1,1,0,-1,5,0.0,1.0,1.0,0.0,0,3,0,2,1,2,1,0,0,0,0,0,0.0
1,6,size9_comp0.4_grid6_base_medium,9,0.4,medium,base,base,10,5,15,5,5,1,1,1,1,0,-1,5,0.0,1.0,1.0,0.0,0,3,0,2,2,1,1,0,0,0,0,0,0.0
2,6,size9_comp0.4_grid6_base_medium,9,0.4,medium,base,base,10,5,15,5,5,1,1,1,1,0,-1,5,0.0,1.0,1.0,0.0,0,3,0,2,1,2,1,0,0,0,0,0,0.0
3,6,size9_comp0.4_grid6_base_medium,9,0.4,medium,base,base,10,5,15,5,5,1,1,1,1,0,-1,9,0.0,0.7777777777777778,0.7777777777777778,0.0,2,5,0,2,5,0,1,2,2,2,0,0,0.0
4,6,size9_comp0.4_grid6_base_medium,9,0.4,medium,base,base,10,5,15,5,5,1,1,1,1,0,-1,7,0.0,0.8571428571428571,0.8571428571428571,0.0,1,4,0,2,3,2,0,1,1,1,0,0,0.0
5,6,size9_comp0.4_grid6_base_medium,9,0.4,medium,base,base,10,5,15,5,5,1,1,1,1,0,-1,6,0.0,0.8333333333333334,0.8333333333333334,0.0,0,3,0,3,1,2,2,0,1,0,0,1,0.16666666666666666
6,6,size9_comp0.4_grid6_base_medium,9,0.4,medium,base,base,10,5,15,5,5,1,1,1,1,0,-1,6,0.0,0.8333333333333334,0.8333333333333334,0.0,0,3,0,3,3,1,1,0,1,0,0,1,0.16666666666666666
7,6,size9_comp0.4_grid6_base_medium,9,0.4,medium,base,base,10,5,15,5,5,1,1,1,1,0,-1,6,0.0,0.8333333333333334,0.8333333333333334,0.0,0,3,0,3,0,2,3,0,1,0,0,1,0.16666666666666666
8,6,size9_comp0.4_grid6_base_medium,9,0.4,medium,base,base,10,5,15,5,5,1,1,1,1,0,-1,5,0.0,1.0,1.0,0.0,0,3,0,2,2,1,1,0,0,0,0,0,0.0
9,6,size9_comp0.4_grid6_base_medium,9,0.4,medium,base,base,10,5,15,5,5,1,1,1,1,0,-1,5,0.0,1.0,1.0,0.0,0,3,0,2,0,2,2,0,0,0,0,0,0.0
0,7,size9_comp0.4_grid7_base_medium,9,0.4,medium,base,base,3,5,8,8,0,1,1,1,1,0,-1,11,0.0,0.36363636363636365,0.36363636363636365,0.0,3,2,0,6,4,1,4,1,2,1,0,1,0.09090909090909091
1,7,size9_comp0.4_grid7_base_medium,9,0.4,medium,base,base,3,5,8,8,0,1,1,1,1,1,4,12,0.6666666666666666,0.8333333333333334,0.8,0.8571428571428571,4,2,0,6,5,0,3,3,3,3,3,0,0.0
2,7,size9_comp0.4_grid7_base_medium,9,0.4,medium,base,base,3,5,8,8,0,1,1,1,1,0,-1,11,0.0,0.36363636363636365,0.36363636363636365,0.0,3,1,1,6,4,1,4,1,2,1,0,1,0.09090909090909091
3,7,size9_comp0.4_grid7_base_medium,9,0.4,medium,base,base,3,5,8,8,0,1,1,1,1,0,-1,9,0.0,0.3333333333333333,0.3333333333333333,0.0,2,1,0,6,5,1,2,0,1,0,0,1,0.1111111111111111
4,7,size9_comp0.4_grid7_base_medium,9,0.4,medium,base,base,3,5,8,8,0,1,1,1,1,0,-1,12,0.0,0.3333333333333333,0.3333333333333333,0.0,3,2,1,6,4,2,3,2,4,2,0,2,0.16666666666666666
5,7,size9_comp0.4_grid7_base_medium,9,0.4,medium,base,base,3,5,8,8,0,1,1,1,1,0,-1,10,0.0,0.4,0.4,0.0,3,1,0,6,5,0,3,1,1,1,0,0,0.0
6,7,size9_comp0.4_grid7_base_medium,9,0.4,medium,base,base,3,5,8,8,0,1,1,1,1,0,-1,12,0.0,0.4166666666666667,0.4166666666666667,0.0,4,2,0,6,5,0,3,3,3,3,0,0,0.0
7,7,size9_comp0.4_grid7_base_medium,9,0.4,medium,base,base,3,5,8,8,0,1,1,1,1,0,-1,11,0.0,0.36363636363636365,0.36363636363636365,0.0,3,1,1,6,5,1,2,2,3,2,0,1,0.09090909090909091
8,7,size9_comp0.4_grid7_base_medium,9,0.4,medium,base,base,3,5,8,8,0,1,1,1,1,0,-1,9,0.0,0.3333333333333333,0.3333333333333333,0.0,3,0,0,6,5,1,2,0,1,0,0,1,0.1111111111111111
9,7,size9_comp0.4_grid7_base_medium,9,0.4,medium,base,base,3,5,8,8,0,1,1,1,1,0,-1,8,0.0,0.375,0.375,0.0,2,0,0,6,4,1,2,0,0,0,0,0,0.0
0,8,size9_comp0.4_grid8_base_medium,9,0.4,medium,base,base,7,3,10,4,3,1,1,1,1,0,-1,8,0.0,0.75,0.75,0.0,4,1,1,2,2,1,1,3,3,3,0,0,0.0
1,8,size9_comp0.4_grid8_base_medium,9,0.4,medium,base,base,7,3,10,4,3,1,1,1,1,0,-1,4,0.0,1.0,1.0,0.0,3,0,0,1,1,1,1,0,0,0,0,0,0.0
2,8,size9_comp0.4_grid8_base_medium,9,0.4,medium,base,base,7,3,10,4,3,1,1,1,1,0,-1,4,0.0,1.0,1.0,0.0,3,0,0,1,2,1,0,0,0,0,0,0,0.0
3,8,size9_comp0.4_grid8_base_medium,9,0.4,medium,base,base,7,3,10,4,3,1,1,1,1,0,-1,6,0.0,0.8333333333333334,0.8333333333333334,0.0,3,0,1,2,2,1,0,2,2,2,0,0,0.0
4,8,size9_comp0.4_grid8_base_medium,9,0.4,medium,base,base,7,3,10,4,3,1,1,1,1,0,-1,4,0.0,1.0,1.0,0.0,3,0,0,1,1,1,1,0,0,0,0,0,0.0
5,8,size9_comp0.4_grid8_base_medium,9,0.4,medium,base,base,7,3,10,4,3,1,1,1,1,0,-1,4,0.0,1.0,1.0,0.0,3,0,0,1,1,1,1,0,0,0,0,0,0.0
6,8,size9_comp0.4_grid8_base_medium,9,0.4,medium,base,base,7,3,10,4,3,1,1,1,1,0,-1,8,0.0,0.75,0.75,0.0,4,1,1,2,3,3,0,1,2,1,0,0,0.0
7,8,size9_comp0.4_grid8_base_medium,9,0.4,medium,base,base,7,3,10,4,3,1,1,1,1,0,-1,8,0.0,0.75,0.75,0.0,3,0,2,3,2,1,0,4,4,4,0,0,0.0
8,8,size9_comp0.4_grid8_base_medium,9,0.4,medium,base,base,7,3,10,4,3,1,1,1,1,0,-1,4,0.0,1.0,1.0,0.0,3,0,0,1,1,1,1,0,0,0,0,0,0.0
9,8,size9_comp0.4_grid8_base_medium,9,0.4,medium,base,base,7,3,10,4,3,1,1,1,1,0,-1,5,0.0,0.8,0.8,0.0,3,0,1,1,1,2,1,0,1,0,0,1,0.2
0,9,size9_comp0.4_grid9_base_medium,9,0.4,medium,base,base,3,6,9,7,2,1,1,1,1,0,-1,9,0.0,0.2222222222222222,0.2222222222222222,0.0,6,0,3,0,3,3,2,0,2,0,0,2,0.2222222222222222
1,9,size9_comp0.4_grid9_base_medium,9,0.4,medium,base,base,3,6,9,7,2,1,1,1,1,1,3,10,0.9,0.9,0.75,1.0,6,0,3,1,2,3,4,0,1,0,0,1,0.1
2,9,size9_comp0.4_grid9_base_medium,9,0.4,medium,base,base,3,6,9,7,2,1,1,1,1,0,-1,9,0.0,0.3333333333333333,0.3333333333333333,0.0,5,0,3,1,4,2,2,0,0,0,0,0,0.0
3,9,size9_comp0.4_grid9_base_medium,9,0.4,medium,base,base,3,6,9,7,2,1,1,1,1,0,-1,10,0.0,0.3,0.3,0.0,5,0,4,1,3,3,3,0,1,0,0,1,0.1
4,9,size9_comp0.4_grid9_base_medium,9,0.4,medium,base,base,3,6,9,7,2,1,1,1,1,0,-1,8,0.0,0.25,0.25,0.0,6,0,2,0,4,2,1,0,1,0,0,1,0.125
5,9,size9_comp0.4_grid9_base_medium,9,0.4,medium,base,base,3,6,9,7,2,1,1,1,1,0,-1,7,0.0,0.2857142857142857,0.2857142857142857,0.0,5,0,2,0,2,2,2,0,0,0,0,0,0.0
6,9,size9_comp0.4_grid9_base_medium,9,0.4,medium,base,base,3,6,9,7,2,1,1,1,1,0,-1,7,0.0,0.2857142857142857,0.2857142857142857,0.0,5,0,2,0,3,2,1,0,0,0,0,0,0.0
7,9,size9_comp0.4_grid9_base_medium,9,0.4,medium,base,base,3,6,9,7,2,1,1,1,1,0,-1,9,0.0,0.3333333333333333,0.3333333333333333,0.0,5,0,3,1,3,3,1,1,1,1,0,0,0.0
8,9,size9_comp0.4_grid9_base_medium,9,0.4,medium,base,base,3,6,9,7,2,1,1,1,1,0,-1,9,0.0,0.3333333333333333,0.3333333333333333,0.0,5,0,3,1,3,3,1,1,1,1,0,0,0.0
9,9,size9_comp0.4_grid9_base_medium,9,0.4,medium,base,base,3,6,9,7,2,1,1,1,1,0,-1,7,0.0,0.2857142857142857,0.2857142857142857,0.0,5,0,2,0,3,2,1,0,0,0,0,0,0.0
0,0,size9_comp0.6_grid0_base_medium,9,0.6,medium,base,base,4,6,10,4,3,1,1,1,1,0,-1,4,0.0,0.25,0.25,0.0,0,2,0,2,2,1,0,0,0,0,0,0,0.0
1,0,size9_comp0.6_grid0_base_medium,9,0.6,medium,base,base,4,6,10,4,3,1,1,1,1,0,-1,6,0.0,0.3333333333333333,0.3333333333333333,0.0,1,3,0,2,3,2,0,0,0,0,0,0,0.0
2,0,size9_comp0.6_grid0_base_medium,9,0.6,medium,base,base,4,6,10,4,3,1,1,1,1,0,-1,4,0.0,0.25,0.25,0.0,0,2,0,2,2,1,0,0,0,0,0,0,0.0
3,0,size9_comp0.6_grid0_base_medium,9,0.6,medium,base,base,4,6,10,4,3,1,1,1,1,0,-1,4,0.0,0.25,0.25,0.0,0,2,0,2,2,1,0,0,0,0,0,0,0.0
4,0,size9_comp0.6_grid0_base_medium,9,0.6,medium,base,base,4,6,10,4,3,1,1,1,1,0,-1,4,0.0,0.25,0.25,0.0,0,2,0,2,2,1,0,0,0,0,0,0,0.0
5,0,size9_comp0.6_grid0_base_medium,9,0.6,medium,base,base,4,6,10,4,3,1,1,1,1,0,-1,4,0.0,0.25,0.25,0.0,0,2,0,2,2,1,0,0,0,0,0,0,0.0
6,0,size9_comp0.6_grid0_base_medium,9,0.6,medium,base,base,4,6,10,4,3,1,1,1,1,0,-1,6,0.0,0.16666666666666666,0.16666666666666666,0.0,0,2,0,4,2,2,1,0,2,0,0,2,0.3333333333333333
7,0,size9_comp0.6_grid0_base_medium,9,0.6,medium,base,base,4,6,10,4,3,1,1,1,1,0,-1,6,0.0,0.16666666666666666,0.16666666666666666,0.0,0,2,0,4,2,2,1,0,2,0,0,2,0.3333333333333333
8,0,size9_comp0.6_grid0_base_medium,9,0.6,medium,base,base,4,6,10,4,3,1,1,1,1,0,-1,4,0.0,0.25,0.25,0.0,0,2,0,2,2,1,0,0,0,0,0,0,0.0
9,0,size9_comp0.6_grid0_base_medium,9,0.6,medium,base,base,4,6,10,4,3,1,1,1,1,0,-1,4,0.0,0.25,0.25,0.0,0,2,0,2,2,1,0,0,0,0,0,0,0.0
0,1,size9_comp0.6_grid1_base_medium,9,0.6,medium,base,base,9,6,15,3,6,1,1,1,1,0,-1,5,0.0,0.6,0.6,0.0,0,3,0,2,3,1,0,0,2,0,0,2,0.4
1,1,size9_comp0.6_grid1_base_medium,9,0.6,medium,base,base,9,6,15,3,6,1,1,1,1,0,-1,4,0.0,0.75,0.75,0.0,0,2,0,2,0,2,1,0,1,0,0,1,0.25
2,1,size9_comp0.6_grid1_base_medium,9,0.6,medium,base,base,9,6,15,3,6,1,1,1,1,0,-1,4,0.0,0.75,0.75,0.0,0,2,0,2,0,2,1,0,1,0,0,1,0.25
3,1,size9_comp0.6_grid1_base_medium,9,0.6,medium,base,base,9,6,15,3,6,1,1,1,1,0,-1,3,0.0,1.0,1.0,0.0,0,1,0,2,1,1,0,0,0,0,0,0,0.0
4,1,size9_comp0.6_grid1_base_medium,9,0.6,medium,base,base,9,6,15,3,6,1,1,1,1,0,-1,6,0.0,0.5,0.5,0.0,0,4,0,2,2,2,1,0,3,0,0,3,0.5
5,1,size9_comp0.6_grid1_base_medium,9,0.6,medium,base,base,9,6,15,3,6,1,1,1,1,0,-1,7,0.0,0.42857142857142855,0.42857142857142855,0.0,0,5,0,2,3,2,1,0,4,0,0,4,0.5714285714285714
6,1,size9_comp0.6_grid1_base_medium,9,0.6,medium,base,base,9,6,15,3,6,1,1,1,1,0,-1,3,0.0,1.0,1.0,0.0,0,1,0,2,1,1,0,0,0,0,0,0,0.0
7,1,size9_comp0.6_grid1_base_medium,9,0.6,medium,base,base,9,6,15,3,6,1,1,1,1,0,-1,3,0.0,1.0,1.0,0.0,0,1,0,2,1,1,0,0,0,0,0,0,0.0
8,1,size9_comp0.6_grid1_base_medium,9,0.6,medium,base,base,9,6,15,3,6,1,1,1,1,0,-1,4,0.0,0.75,0.75,0.0,0,2,0,2,2,1,0,0,1,0,0,1,0.25
9,1,size9_comp0.6_grid1_base_medium,9,0.6,medium,base,base,9,6,15,3,6,1,1,1,1,0,-1,4,0.0,0.75,0.75,0.0,0,2,0,2,2,1,0,0,1,0,0,1,0.25
0,2,size9_comp0.6_grid2_base_medium,9,0.6,medium,base,base,8,4,12,4,4,1,1,1,1,0,-1,4,0.0,1.0,1.0,0.0,0,2,2,0,2,0,1,0,0,0,0,0,0.0
1,2,size9_comp0.6_grid2_base_medium,9,0.6,medium,base,base,8,4,12,4,4,1,1,1,1,0,-1,5,0.0,0.8,0.8,0.0,1,2,2,0,1,1,2,0,1,0,0,1,0.2
2,2,size9_comp0.6_grid2_base_medium,9,0.6,medium,base,base,8,4,12,4,4,1,1,1,1,0,-1,4,0.0,1.0,1.0,0.0,0,2,2,0,2,0,1,0,0,0,0,0,0.0
3,2,size9_comp0.6_grid2_base_medium,9,0.6,medium,base,base,8,4,12,4,4,1,1,1,1,0,-1,6,0.0,0.8333333333333334,0.8333333333333334,0.0,1,3,2,0,2,0,1,2,2,2,0,0,0.0
4,2,size9_comp0.6_grid2_base_medium,9,0.6,medium,base,base,8,4,12,4,4,1,1,1,1,0,-1,4,0.0,1.0,1.0,0.0,0,2,2,0,2,0,1,0,0,0,0,0,0.0
5,2,size9_comp0.6_grid2_base_medium,9,0.6,medium,base,base,8,4,12,4,4,1,1,1,1,0,-1,6,0.0,0.8333333333333334,0.8333333333333334,0.0,1,3,2,0,2,0,1,2,2,2,0,0,0.0
6,2,size9_comp0.6_grid2_base_medium,9,0.6,medium,base,base,8,4,12,4,4,1,1,1,1,0,-1,13,0.0,0.6153846153846154,0.6153846153846154,0.0,4,6,2,1,2,3,1,6,7,6,0,1,0.07692307692307693
7,2,size9_comp0.6_grid2_base_medium,9,0.6,medium,base,base,8,4,12,4,4,1,1,1,1,0,-1,8,0.0,0.75,0.75,0.0,1,3,3,1,3,1,2,1,2,1,0,0,0.0
8,2,size9_comp0.6_grid2_base_medium,9,0.6,medium,base,base,8,4,12,4,4,1,1,1,1,0,-1,4,0.0,1.0,1.0,0.0,0,2,2,0,2,0,1,0,0,0,0,0,0.0
9,2,size9_comp0.6_grid2_base_medium,9,0.6,medium,base,base,8,4,12,4,4,1,1,1,1,0,-1,17,0.0,0.5882352941176471,0.5882352941176471,0.0,6,8,2,1,6,0,3,7,12,7,0,1,0.058823529411764705
0,3,size9_comp0.6_grid3_base_medium,9,0.6,medium,base,base,5,7,12,8,5,1,1,1,1,0,-1,8,0.0,0.375,0.375,0.0,0,3,0,5,4,1,2,0,0,0,0,0,0.0
1,3,size9_comp0.6_grid3_base_medium,9,0.6,medium,base,base,5,7,12,8,5,1,1,1,1,0,-1,9,0.0,0.3333333333333333,0.3333333333333333,0.0,0,3,1,5,3,2,3,0,1,0,0,1,0.1111111111111111
2,3,size9_comp0.6_grid3_base_medium,9,0.6,medium,base,base,5,7,12,8,5,1,1,1,1,0,-1,10,0.0,0.4,0.4,0.0,1,4,0,5,4,1,2,2,2,2,0,0,0.0
3,3,size9_comp0.6_grid3_base_medium,9,0.6,medium,base,base,5,7,12,8,5,1,1,1,1,0,-1,13,0.0,0.3076923076923077,0.3076923076923077,0.0,2,5,0,6,3,4,5,0,3,0,0,3,0.23076923076923078
4,3,size9_comp0.6_grid3_base_medium,9,0.6,medium,base,base,5,7,12,8,5,1,1,1,1,0,-1,9,0.0,0.3333333333333333,0.3333333333333333,0.0,0,3,0,6,5,1,2,0,1,0,0,1,0.1111111111111111
5,3,size9_comp0.6_grid3_base_medium,9,0.6,medium,base,base,5,7,12,8,5,1,1,1,1,0,-1,8,0.0,0.375,0.375,0.0,0,3,0,5,4,1,2,0,0,0,0,0,0.0
6,3,size9_comp0.6_grid3_base_medium,9,0.6,medium,base,base,5,7,12,8,5,1,1,1,1,0,-1,11,0.0,0.2727272727272727,0.2727272727272727,0.0,0,4,0,7,3,3,4,0,3,0,0,3,0.2727272727272727
7,3,size9_comp0.6_grid3_base_medium,9,0.6,medium,base,base,5,7,12,8,5,1,1,1,1,0,-1,12,0.0,0.4166666666666667,0.4166666666666667,0.0,1,4,1,6,4,2,3,2,3,2,0,0,0.0
8,3,size9_comp0.6_grid3_base_medium,9,0.6,medium,base,base,5,7,12,8,5,1,1,1,1,0,-1,11,0.0,0.36363636363636365,0.36363636363636365,0.0,0,4,1,6,2,3,4,1,2,1,0,1,0.09090909090909091
9,3,size9_comp0.6_grid3_base_medium,9,0.6,medium,base,base,5,7,12,8,5,1,1,1,1,0,-1,13,0.0,0.23076923076923078,0.23076923076923078,0.0,0,6,0,7,7,2,3,0,5,0,0,5,0.38461538461538464
0,4,size9_comp0.6_grid4_base_medium,9,0.6,medium,base,base,7,6,13,7,4,1,1,1,1,0,-1,7,0.0,0.5714285714285714,0.5714285714285714,0.0,0,3,0,4,3,1,2,0,0,0,0,0,0.0
1,4,size9_comp0.6_grid4_base_medium,9,0.6,medium,base,base,7,6,13,7,4,1,1,1,1,0,-1,11,0.0,0.5454545454545454,0.5454545454545454,0.0,1,4,1,5,2,4,3,1,2,1,0,0,0.0
2,4,size9_comp0.6_grid4_base_medium,9,0.6,medium,base,base,7,6,13,7,4,1,1,1,1,0,-1,11,0.0,0.5454545454545454,0.5454545454545454,0.0,2,5,0,4,5,3,1,1,1,1,0,0,0.0
3,4,size9_comp0.6_grid4_base_medium,9,0.6,medium,base,base,7,6,13,7,4,1,1,1,1,0,-1,7,0.0,0.5714285714285714,0.5714285714285714,0.0,0,3,0,4,4,1,1,0,0,0,0,0,0.0
4,4,size9_comp0.6_grid4_base_medium,9,0.6,medium,base,base,7,6,13,7,4,1,1,1,1,0,-1,9,0.0,0.5555555555555556,0.5555555555555556,0.0,0,3,1,5,3,2,3,0,0,0,0,0,0.0
5,4,size9_comp0.6_grid4_base_medium,9,0.6,medium,base,base,7,6,13,7,4,1,1,1,1,0,-1,7,0.0,0.5714285714285714,0.5714285714285714,0.0,0,3,0,4,4,1,1,0,0,0,0,0,0.0
6,4,size9_comp0.6_grid4_base_medium,9,0.6,medium,base,base,7,6,13,7,4,1,1,1,1,0,-1,7,0.0,0.5714285714285714,0.5714285714285714,0.0,0,3,0,4,3,1,2,0,0,0,0,0,0.0
7,4,size9_comp0.6_grid4_base_medium,9,0.6,medium,base,base,7,6,13,7,4,1,1,1,1,0,-1,7,0.0,0.5714285714285714,0.5714285714285714,0.0,0,3,0,4,3,1,2,0,0,0,0,0,0.0
8,4,size9_comp0.6_grid4_base_medium,9,0.6,medium,base,base,7,6,13,7,4,1,1,1,1,0,-1,11,0.0,0.5454545454545454,0.5454545454545454,0.0,0,3,2,6,3,2,3,2,2,2,0,0,0.0
9,4,size9_comp0.6_grid4_base_medium,9,0.6,medium,base,base,7,6,13,7,4,1,1,1,1,0,-1,7,0.0,0.5714285714285714,0.5714285714285714,0.0,0,3,0,4,3,1,2,0,0,0,0,0,0.0
0,5,size9_comp0.6_grid5_base_medium,9,0.6,medium,base,base,9,3,12,6,3,1,1,1,1,0,-1,16,0.0,0.625,0.625,0.0,4,5,5,2,5,5,3,2,6,2,0,2,0.125
1,5,size9_comp0.6_grid5_base_medium,9,0.6,medium,base,base,9,3,12,6,3,1,1,1,1,0,-1,7,0.0,0.8571428571428571,0.8571428571428571,0.0,1,3,3,0,3,1,2,0,1,0,0,1,0.14285714285714285
2,5,size9_comp0.6_grid5_base_medium,9,0.6,medium,base,base,9,3,12,6,3,1,1,1,1,0,-1,10,0.0,0.7,0.7,0.0,2,4,3,1,2,2,3,2,4,2,0,2,0.2
3,5,size9_comp0.6_grid5_base_medium,9,0.6,medium,base,base,9,3,12,6,3,1,1,1,1,0,-1,11,0.0,0.7272727272727273,0.7272727272727273,0.0,2,4,4,1,2,3,2,3,4,3,0,1,0.09090909090909091
4,5,size9_comp0.6_grid5_base_medium,9,0.6,medium,base,base,9,3,12,6,3,1,1,1,1,0,-1,13,0.0,0.6153846153846154,0.6153846153846154,0.0,4,5,4,0,4,2,3,3,6,3,0,3,0.23076923076923078
5,5,size9_comp0.6_grid5_base_medium,9,0.6,medium,base,base,9,3,12,6,3,1,1,1,1,0,-1,8,0.0,0.75,0.75,0.0,1,3,4,0,2,2,3,0,2,0,0,2,0.25
6,5,size9_comp0.6_grid5_base_medium,9,0.6,medium,base,base,9,3,12,6,3,1,1,1,1,0,-1,12,0.0,0.75,0.75,0.0,3,6,3,0,6,0,1,4,6,4,0,0,0.0
7,5,size9_comp0.6_grid5_base_medium,9,0.6,medium,base,base,9,3,12,6,3,1,1,1,1,0,-1,10,0.0,0.8,0.8,0.0,2,5,3,0,4,0,1,4,4,4,0,0,0.0
8,5,size9_comp0.6_grid5_base_medium,9,0.6,medium,base,base,9,3,12,6,3,1,1,1,1,0,-1,6,0.0,1.0,1.0,0.0,0,3,3,0,4,0,1,0,0,0,0,0,0.0
9,5,size9_comp0.6_grid5_base_medium,9,0.6,medium,base,base,9,3,12,6,3,1,1,1,1,0,-1,12,0.0,0.75,0.75,0.0,2,5,4,1,5,1,4,1,4,1,0,0,0.0
0,6,size9_comp0.6_grid6_base_medium,9,0.6,medium,base,base,4,5,9,3,4,1,1,1,1,0,-1,3,0.0,0.3333333333333333,0.3333333333333333,0.0,0,1,0,2,0,1,1,0,0,0,0,0,0.0
1,6,size9_comp0.6_grid6_base_medium,9,0.6,medium,base,base,4,5,9,3,4,1,1,1,1,0,-1,3,0.0,0.3333333333333333,0.3333333333333333,0.0,0,1,0,2,0,1,1,0,0,0,0,0,0.0
2,6,size9_comp0.6_grid6_base_medium,9,0.6,medium,base,base,4,5,9,3,4,1,1,1,1,0,-1,7,0.0,0.42857142857142855,0.42857142857142855,0.0,2,3,0,2,1,1,2,2,2,2,0,0,0.0
3,6,size9_comp0.6_grid6_base_medium,9,0.6,medium,base,base,4,5,9,3,4,1,1,1,1,0,-1,5,0.0,0.4,0.4,0.0,1,2,0,2,0,2,1,1,1,1,0,0,0.0
4,6,size9_comp0.6_grid6_base_medium,9,0.6,medium,base,base,4,5,9,3,4,1,1,1,1,0,-1,3,0.0,0.3333333333333333,0.3333333333333333,0.0,0,1,0,2,0,1,1,0,0,0,0,0,0.0
5,6,size9_comp0.6_grid6_base_medium,9,0.6,medium,base,base,4,5,9,3,4,1,1,1,1,0,-1,3,0.0,0.3333333333333333,0.3333333333333333,0.0,0,1,0,2,0,1,1,0,0,0,0,0,0.0
6,6,size9_comp0.6_grid6_base_medium,9,0.6,medium,base,base,4,5,9,3,4,1,1,1,1,0,-1,9,0.0,0.4444444444444444,0.4444444444444444,0.0,2,3,1,3,1,2,3,2,4,2,0,0,0.0
7,6,size9_comp0.6_grid6_base_medium,9,0.6,medium,base,base,4,5,9,3,4,1,1,1,1,0,-1,3,0.0,0.3333333333333333,0.3333333333333333,0.0,0,1,0,2,0,1,1,0,0,0,0,0,0.0
8,6,size9_comp0.6_grid6_base_medium,9,0.6,medium,base,base,4,5,9,3,4,1,1,1,1,0,-1,3,0.0,0.3333333333333333,0.3333333333333333,0.0,0,1,0,2,0,1,1,0,0,0,0,0,0.0
9,6,size9_comp0.6_grid6_base_medium,9,0.6,medium,base,base,4,5,9,3,4,1,1,1,1,0,-1,5,0.0,0.4,0.4,0.0,1,2,0,2,1,2,0,1,1,1,0,0,0.0
0,7,size9_comp0.6_grid7_base_medium,9,0.6,medium,base,base,10,5,15,5,5,1,1,1,1,0,-1,5,0.0,1.0,1.0,0.0,0,3,1,1,2,0,2,0,0,0,0,0,0.0
1,7,size9_comp0.6_grid7_base_medium,9,0.6,medium,base,base,10,5,15,5,5,1,1,1,1,0,-1,7,0.0,0.7142857142857143,0.7142857142857143,0.0,2,3,1,1,3,1,1,1,2,0,0,2,0.2857142857142857
2,7,size9_comp0.6_grid7_base_medium,9,0.6,medium,base,base,10,5,15,5,5,1,1,1,1,0,-1,9,0.0,0.5555555555555556,0.5555555555555556,0.0,4,3,1,1,5,1,1,1,4,0,0,4,0.4444444444444444
3,7,size9_comp0.6_grid7_base_medium,9,0.6,medium,base,base,10,5,15,5,5,1,1,1,1,0,-1,5,0.0,1.0,1.0,0.0,0,3,1,1,2,0,2,0,0,0,0,0,0.0
4,7,size9_comp0.6_grid7_base_medium,9,0.6,medium,base,base,10,5,15,5,5,1,1,1,1,0,-1,5,0.0,1.0,1.0,0.0,0,3,1,1,2,0,2,0,0,0,0,0,0.0
5,7,size9_comp0.6_grid7_base_medium,9,0.6,medium,base,base,10,5,15,5,5,1,1,1,1,0,-1,7,0.0,0.8571428571428571,0.8571428571428571,0.0,0,3,2,2,2,0,2,2,2,2,0,0,0.0
6,7,size9_comp0.6_grid7_base_medium,9,0.6,medium,base,base,10,5,15,5,5,1,1,1,1,0,-1,9,0.0,0.7777777777777778,0.7777777777777778,0.0,1,4,2,2,2,1,3,2,4,2,0,0,0.0
7,7,size9_comp0.6_grid7_base_medium,9,0.6,medium,base,base,10,5,15,5,5,1,1,1,1,0,-1,5,0.0,1.0,1.0,0.0,0,3,1,1,2,0,2,0,0,0,0,0,0.0
8,7,size9_comp0.6_grid7_base_medium,9,0.6,medium,base,base,10,5,15,5,5,1,1,1,1,0,-1,9,0.0,0.5555555555555556,0.5555555555555556,0.0,1,3,2,1,1,1,2,1,4,0,0,2,0.2222222222222222
9,7,size9_comp0.6_grid7_base_medium,9,0.6,medium,base,base,10,5,15,5,5,1,1,1,1,0,-1,5,0.0,1.0,1.0,0.0,0,3,1,1,2,0,2,0,0,0,0,0,0.0
0,8,size9_comp0.6_grid8_base_medium,9,0.6,medium,base,base,3,8,11,7,3,1,1,1,1,0,-1,10,0.0,0.1,0.1,0.0,6,0,4,0,4,3,2,0,3,0,0,3,0.3
1,8,size9_comp0.6_grid8_base_medium,9,0.6,medium,base,base,3,8,11,7,3,1,1,1,1,0,-1,11,0.0,0.09090909090909091,0.09090909090909091,0.0,5,0,6,0,6,2,2,0,4,0,0,4,0.36363636363636365
2,8,size9_comp0.6_grid8_base_medium,9,0.6,medium,base,base,3,8,11,7,3,1,1,1,1,0,-1,7,0.0,0.14285714285714285,0.14285714285714285,0.0,3,0,4,0,3,2,1,0,0,0,0,0,0.0
3,8,size9_comp0.6_grid8_base_medium,9,0.6,medium,base,base,3,8,11,7,3,1,1,1,1,0,-1,9,0.0,0.1111111111111111,0.1111111111111111,0.0,4,0,4,1,3,3,2,0,2,0,0,2,0.2222222222222222
4,8,size9_comp0.6_grid8_base_medium,9,0.6,medium,base,base,3,8,11,7,3,1,1,1,1,0,-1,13,0.0,0.07692307692307693,0.07692307692307693,0.0,9,0,4,0,7,3,2,0,6,0,0,6,0.46153846153846156
5,8,size9_comp0.6_grid8_base_medium,9,0.6,medium,base,base,3,8,11,7,3,1,1,1,1,0,-1,11,0.0,0.09090909090909091,0.09090909090909091,0.0,7,0,4,0,5,3,2,0,4,0,0,4,0.36363636363636365
6,8,size9_comp0.6_grid8_base_medium,9,0.6,medium,base,base,3,8,11,7,3,1,1,1,1,0,-1,12,0.0,0.08333333333333333,0.08333333333333333,0.0,8,0,4,0,8,2,1,0,5,0,0,5,0.4166666666666667
7,8,size9_comp0.6_grid8_base_medium,9,0.6,medium,base,base,3,8,11,7,3,1,1,1,1,0,-1,11,0.0,0.09090909090909091,0.09090909090909091,0.0,7,0,4,0,5,3,2,0,4,0,0,4,0.36363636363636365
8,8,size9_comp0.6_grid8_base_medium,9,0.6,medium,base,base,3,8,11,7,3,1,1,1,1,0,-1,8,0.0,0.125,0.125,0.0,4,0,4,0,4,2,1,0,1,0,0,1,0.125
9,8,size9_comp0.6_grid8_base_medium,9,0.6,medium,base,base,3,8,11,7,3,1,1,1,1,0,-1,11,0.0,0.09090909090909091,0.09090909090909091,0.0,6,0,5,0,6,2,2,0,4,0,0,4,0.36363636363636365
0,9,size9_comp0.6_grid9_base_medium,9,0.6,medium,base,base,8,6,14,4,6,1,1,1,1,0,-1,7,0.0,0.5714285714285714,0.5714285714285714,0.0,0,4,1,2,1,3,1,1,2,1,0,1,0.14285714285714285
1,9,size9_comp0.6_grid9_base_medium,9,0.6,medium,base,base,8,6,14,4,6,1,1,1,1,0,-1,10,0.0,0.6,0.6,0.0,0,4,3,3,4,2,0,3,4,3,0,0,0.0
2,9,size9_comp0.6_grid9_base_medium,9,0.6,medium,base,base,8,6,14,4,6,1,1,1,1,0,-1,4,0.0,0.75,0.75,0.0,0,4,0,0,3,0,0,0,0,0,0,0,0.0
3,9,size9_comp0.6_grid9_base_medium,9,0.6,medium,base,base,8,6,14,4,6,1,1,1,1,0,-1,7,0.0,0.5714285714285714,0.5714285714285714,0.0,1,4,1,1,2,2,1,1,1,0,0,1,0.14285714285714285
4,9,size9_comp0.6_grid9_base_medium,9,0.6,medium,base,base,8,6,14,4,6,1,1,1,1,0,-1,6,0.0,0.6666666666666666,0.6666666666666666,0.0,0,4,1,1,2,1,2,0,0,0,0,0,0.0
5,9,size9_comp0.6_grid9_base_medium,9,0.6,medium,base,base,8,6,14,4,6,1,1,1,1,0,-1,4,0.0,0.75,0.75,0.0,0,4,0,0,3,0,0,0,0,0,0,0,0.0
6,9,size9_comp0.6_grid9_base_medium,9,0.6,medium,base,base,8,6,14,4,6,1,1,1,1,0,-1,4,0.0,0.75,0.75,0.0,0,4,0,0,3,0,0,0,0,0,0,0,0.0
7,9,size9_comp0.6_grid9_base_medium,9,0.6,medium,base,base,8,6,14,4,6,1,1,1,1,0,-1,4,0.0,0.75,0.75,0.0,0,4,0,0,3,0,0,0,0,0,0,0,0.0
8,9,size9_comp0.6_grid9_base_medium,9,0.6,medium,base,base,8,6,14,4,6,1,1,1,1,0,-1,4,0.0,0.75,0.75,0.0,0,4,0,0,3,0,0,0,0,0,0,0,0.0
9,9,size9_comp0.6_grid9_base_medium,9,0.6,medium,base,base,8,6,14,4,6,1,1,1,1,0,-1,8,0.0,0.625,0.625,0.0,0,4,2,2,2,2,0,3,3,3,0,0,0.0
