trajectory_id,grid_id,grid_key,grid_size,density,reasoning_effort,transform_type,trajectory_category,start_to_coin_distance,coin_to_goal_distance,start_to_goal_via_coin_distance,start_to_goal_distance,coin_detour_distance,coin_reachable_from_start,goal_reachable_from_start,goal_reachable_from_coin,reached_goal,coin_collected,coin_collection_step,trajectory_length,spl,action_accuracy,action_accuracy_phase1,action_accuracy_phase2,num_actions_up,num_actions_down,num_actions_left,num_actions_right,num_steps_front,num_steps_left_turn,num_steps_right_turn,num_steps_back,num_cell_revisits,num_immediate_revisits,num_coin_oscillations,num_invalid_actions,invalid_action_rate,preferred_quadrant,quadrant_entropy,quadrant_count_ul,quadrant_count_ur,quadrant_count_dl,quadrant_count_dr,quadrant_count_midline,quadrant_fraction_ul,quadrant_fraction_ur,quadrant_fraction_dl,quadrant_fraction_dr,quadrant_fraction_midline,preferred_corner,corner_fraction_ul,corner_fraction_ur,corner_fraction_dl,corner_fraction_dr,max_corner_dwell_run,start_quadrant,terminal_quadrant,coin_quadrant,preferred_quadrant_contains_start,preferred_quadrant_contains_coin,preferred_corner_contains_start,preferred_corner_contains_goal,preferred_corner_contains_coin
0,0,size11_comp0.0_grid0_base_medium,11,0.0,medium,base,base,7,4,11,9,1,1,1,1,0,1,8,64,0.0,0.5625,0.8888888888888888,0.509090909090909,2,1,28,33,19,1,3,40,52,40,19,0,0.0,DR,0.2829047929798921,0,0,3,58,3,0.0,0.0,0.04918032786885246,0.9508196721311475,0.046875,,0.0,0.0,0.0,0.0,0,dl,ur,dr,0,1,0,0,0
1,0,size11_comp0.0_grid0_base_medium,11,0.0,medium,base,base,7,4,11,9,1,1,1,1,0,1,14,64,0.0,0.5625,0.7333333333333333,0.5102040816326531,3,0,28,33,26,2,3,32,47,31,6,1,0.015625,DR,0.531340014180167,0,0,7,51,6,0.0,0.0,0.1206896551724138,0.8793103448275862,0.09375,,0.0,0.0,0.0,0.0,0,dl,ur,dr,0,1,0,0,0
2,0,size11_comp0.0_grid0_base_medium,11,0.0,medium,base,base,7,4,11,9,1,1,1,1,1,1,14,61,0.18032786885245902,0.5901639344262295,0.7333333333333333,0.5434782608695652,4,1,25,31,16,5,5,34,44,34,2,0,0.0,DR,0.5832068350054544,0,2,3,43,13,0.0,0.041666666666666664,0.0625,0.8958333333333334,0.21311475409836064,,0.0,0.0,0.0,0.0,0,dl,ur,dr,0,1,0,0,0
3,0,size11_comp0.0_grid0_base_medium,11,0.0,medium,base,base,7,4,11,9,1,1,1,1,1,1,20,37,0.2972972972972973,0.6486486486486487,0.6666666666666666,0.625,3,0,14,20,13,4,2,17,21,17,4,0,0.0,DR,1.0910862444927811,0,1,9,19,8,0.0,0.034482758620689655,0.3103448275862069,0.6551724137931034,0.21621621621621623,,0.0,0.0,0.0,0.0,0,dl,ur,dr,0,1,0,0,0
4,0,size11_comp0.0_grid0_base_medium,11,0.0,medium,base,base,7,4,11,9,1,1,1,1,1,1,24,47,0.23404255319148937,0.6170212765957447,0.64,0.5909090909090909,3,0,19,25,16,4,2,24,31,24,0,0,0.0,DR,0.7085966983474103,0,1,4,29,13,0.0,0.029411764705882353,0.11764705882352941,0.8529411764705882,0.2765957446808511,,0.0,0.0,0.0,0.0,0,dl,ur,dr,0,1,0,0,0
5,0,size11_comp0.0_grid0_base_medium,11,0.0,medium,base,base,7,4,11,9,1,1,1,1,1,1,12,62,0.1774193548387097,0.5806451612903226,0.7692307692307693,0.5306122448979592,3,0,26,33,22,3,2,34,49,33,6,1,0.016129032258064516,DR,0.5095157180881823,0,0,6,47,9,0.0,0.0,0.11320754716981132,0.8867924528301887,0.14516129032258066,,0.0,0.0,0.0,0.0,0,dl,ur,dr,0,1,0,0,0
6,0,size11_comp0.0_grid0_base_medium,11,0.0,medium,base,base,7,4,11,9,1,1,1,1,0,1,14,64,0.0,0.5625,0.7333333333333333,0.5102040816326531,1,0,28,35,23,2,0,38,51,38,6,0,0.0,DR,0.3999380474390277,0,0,5,58,1,0.0,0.0,0.07936507936507936,0.9206349206349206,0.015625,,0.0,0.0,0.0,0.0,0,dl,ur,dr,0,1,0,0,0
7,0,size11_comp0.0_grid0_base_medium,11,0.0,medium,base,base,7,4,11,9,1,1,1,1,0,1,38,64,0.0,0.578125,0.5897435897435898,0.56,2,0,28,34,21,1,3,38,44,38,3,0,0.0,DR,0.8112781244591328,0,0,13,39,12,0.0,0.0,0.25,0.75,0.1875,,0.0,0.0,0.0,0.0,0,dl,ur,dr,0,1,0,0,0
8,0,size11_comp0.0_grid0_base_medium,11,0.0,medium,base,base,7,4,11,9,1,1,1,1,1,1,10,40,0.275,0.625,0.8181818181818182,0.5517241379310345,3,0,15,22,19,6,0,14,23,14,2,1,0.025,DR,0.659459211658581,0,1,3,27,9,0.0,0.03225806451612903,0.0967741935483871,0.8709677419354839,0.225,,0.0,0.0,0.0,0.0,0,dl,ur,dr,0,1,0,0,0
9,0,size11_comp0.0_grid0_base_medium,11,0.0,medium,base,base,7,4,11,9,1,1,1,1,0,1,18,64,0.0,0.546875,0.6842105263157895,0.4888888888888889,1,0,28,35,28,2,0,33,51,33,12,2,0.03125,DR,0.4637773498877516,0,0,6,55,3,0.0,0.0,0.09836065573770492,0.9016393442622951,0.046875,,0.0,0.0,0.0,0.0,0,dl,ur,dr,0,1,0,0,0
0,1,size11_comp0.0_grid1_base_medium,11,0.0,medium,base,base,7,5,12,4,4,1,1,1,1,0,-1,6,0.0,0.6666666666666666,0.6666666666666666,0.0,3,0,1,2,1,2,2,0,0,0,0,0,0.0,DR,-0.0,0,0,0,2,4,0.0,0.0,0.0,1.0,0.6666666666666666,,0.0,0.0,0.0,0.0,0,midline,midline,ul,0,0,0,0,0
1,1,size11_comp0.0_grid1_base_medium,11,0.0,medium,base,base,7,5,12,4,4,1,1,1,1,0,-1,12,0.0,0.5833333333333334,0.5833333333333334,0.0,3,0,4,5,3,1,3,4,4,4,0,0,0.0,DL,-0.0,0,0,7,0,5,0.0,0.0,1.0,0.0,0.4166666666666667,,0.0,0.0,0.0,0.0,0,midline,midline,ul,0,0,0,0,0
2,1,size11_comp0.0_grid1_base_medium,11,0.0,medium,base,base,7,5,12,4,4,1,1,1,1,0,-1,12,0.0,0.5833333333333334,0.5833333333333334,0.0,4,1,3,4,0,7,2,2,4,2,0,0,0.0,DR,0.6500224216483541,0,0,1,5,6,0.0,0.0,0.16666666666666666,0.8333333333333334,0.5,,0.0,0.0,0.0,0.0,0,midline,midline,ul,0,0,0,0,0
3,1,size11_comp0.0_grid1_base_medium,11,0.0,medium,base,base,7,5,12,4,4,1,1,1,1,0,-1,6,0.0,0.6666666666666666,0.6666666666666666,0.0,3,0,1,2,1,3,1,0,0,0,0,0,0.0,DR,-0.0,0,0,0,4,2,0.0,0.0,0.0,1.0,0.3333333333333333,,0.0,0.0,0.0,0.0,0,midline,midline,ul,0,0,0,0,0
4,1,size11_comp0.0_grid1_base_medium,11,0.0,medium,base,base,7,5,12,4,4,1,1,1,1,0,-1,10,0.0,0.6,0.6,0.0,3,0,3,4,3,2,2,2,3,2,0,0,0.0,DR,0.9852281360342515,0,0,3,4,3,0.0,0.0,0.42857142857142855,0.5714285714285714,0.3,,0.0,0.0,0.0,0.0,0,midline,midline,ul,0,0,0,0,0
5,1,size11_comp0.0_grid1_base_medium,11,0.0,medium,base,base,7,5,12,4,4,1,1,1,1,0,-1,26,0.0,0.5384615384615384,0.5384615384615384,0.0,3,0,11,12,10,3,3,9,13,9,0,0,0.0,DL,-0.0,0,0,7,0,19,0.0,0.0,1.0,0.0,0.7307692307692307,,0.0,0.0,0.0,0.0,0,midline,midline,ul,0,0,0,0,0
6,1,size11_comp0.0_grid1_base_medium,11,0.0,medium,base,base,7,5,12,4,4,1,1,1,1,0,-1,4,0.0,0.75,0.75,0.0,3,0,0,1,1,1,1,0,0,0,0,0,0.0,DR,-0.0,0,0,0,2,2,0.0,0.0,0.0,1.0,0.5,,0.0,0.0,0.0,0.0,0,midline,midline,ul,0,0,0,0,0
7,1,size11_comp0.0_grid1_base_medium,11,0.0,medium,base,base,7,5,12,4,4,1,1,1,1,0,-1,10,0.0,0.6,0.6,0.0,3,0,3,4,4,1,2,2,3,2,0,0,0.0,DR,-0.0,0,0,0,1,9,0.0,0.0,0.0,1.0,0.9,,0.0,0.0,0.0,0.0,0,midline,midline,ul,0,0,0,0,0
8,1,size11_comp0.0_grid1_base_medium,11,0.0,medium,base,base,7,5,12,4,4,1,1,1,1,0,-1,10,0.0,0.6,0.6,0.0,3,0,3,4,5,1,3,0,0,0,0,0,0.0,DL,-0.0,0,0,5,0,5,0.0,0.0,1.0,0.0,0.5,,0.0,0.0,0.0,0.0,0,midline,midline,ul,0,0,0,0,0
9,1,size11_comp0.0_grid1_base_medium,11,0.0,medium,base,base,7,5,12,4,4,1,1,1,1,0,-1,22,0.0,0.5454545454545454,0.5454545454545454,0.0,3,0,9,10,8,2,2,9,12,9,0,0,0.0,DL,-0.0,0,0,4,0,18,0.0,0.0,1.0,0.0,0.8181818181818182,,0.0,0.0,0.0,0.0,0,midline,midline,ul,0,0,0,0,0
0,2,size11_comp0.0_grid2_base_medium,11,0.0,medium,base,base,8,4,12,12,0,1,1,1,0,0,-1,64,0.0,0.515625,0.515625,0.0,1,4,26,33,13,4,4,42,50,41,0,1,0.015625,UR,0.3999380474390277,5,58,0,0,1,0.07936507936507936,0.9206349206349206,0.0,0.0,0.015625,UL,0.015625,0.0,0.0,0.0,1,ul,dr,midline,0,0,0,0,0
1,2,size11_comp0.0_grid2_base_medium,11,0.0,medium,base,base,8,4,12,12,0,1,1,1,0,0,-1,64,0.0,0.515625,0.515625,0.0,0,3,27,34,20,4,2,37,47,34,0,2,0.03125,UR,0.2761954276479391,3,60,0,0,1,0.047619047619047616,0.9523809523809523,0.0,0.0,0.015625,UR,0.015625,0.25,0.0,0.0,7,ul,dr,midline,0,0,0,0,0
2,2,size11_comp0.0_grid2_base_medium,11,0.0,medium,base,base,8,4,12,12,0,1,1,1,0,1,62,64,0.0,0.5625,0.5555555555555556,1.0,0,5,27,32,15,5,5,38,43,36,0,1,0.015625,UR,0.5009682592094553,3,54,0,2,5,0.05084745762711865,0.9152542372881356,0.0,0.03389830508474576,0.078125,UR,0.015625,0.09375,0.0,0.0,4,ul,dr,midline,0,0,0,0,0
3,2,size11_comp0.0_grid2_base_medium,11,0.0,medium,base,base,8,4,12,12,0,1,1,1,1,1,27,38,0.3157894736842105,0.6578947368421053,0.6428571428571429,0.7,0,8,13,17,15,6,4,12,14,12,1,0,0.0,UR,1.2946258909859782,3,20,0,12,3,0.08571428571428572,0.5714285714285714,0.0,0.34285714285714286,0.07894736842105263,UR,0.02631578947368421,0.15789473684210525,0.0,0.07894736842105263,5,ul,dr,midline,0,0,0,0,0
4,2,size11_comp0.0_grid2_base_medium,11,0.0,medium,base,base,8,4,12,12,0,1,1,1,0,1,62,64,0.0,0.5625,0.5555555555555556,1.0,0,5,27,32,17,9,1,36,39,34,0,1,0.015625,UR,0.5349676898707153,3,49,0,2,10,0.05555555555555555,0.9074074074074074,0.0,0.037037037037037035,0.15625,UR,0.015625,0.09375,0.0,0.0,5,ul,dr,midline,0,0,0,0,0
5,2,size11_comp0.0_grid2_base_medium,11,0.0,medium,base,base,8,4,12,12,0,1,1,1,0,1,25,64,0.0,0.5625,0.6538461538461539,0.5,2,8,24,30,19,7,9,28,41,27,1,0,0.0,DR,0.9780155566622414,3,9,0,39,13,0.058823529411764705,0.17647058823529413,0.0,0.7647058823529411,0.203125,UL,0.015625,0.015625,0.0,0.0,1,ul,dr,midline,0,0,0,0,0
6,2,size11_comp0.0_grid2_base_medium,11,0.0,medium,base,base,8,4,12,12,0,1,1,1,1,1,26,53,0.22641509433962265,0.6037735849056604,0.6296296296296297,0.5769230769230769,3,11,17,22,13,12,9,18,27,17,1,1,0.018867924528301886,DR,1.2504757050130604,3,19,0,27,4,0.061224489795918366,0.3877551020408163,0.0,0.5510204081632653,0.07547169811320754,UR,0.018867924528301886,0.18867924528301888,0.0,0.09433962264150944,8,ul,dr,midline,0,0,0,0,0
7,2,size11_comp0.0_grid2_base_medium,11,0.0,medium,base,base,8,4,12,12,0,1,1,1,0,1,15,64,0.0,0.484375,0.75,0.3958333333333333,4,10,17,33,20,8,6,29,41,25,1,9,0.140625,DR,0.869553964935036,5,6,0,49,4,0.08333333333333333,0.1,0.0,0.8166666666666667,0.0625,DR,0.015625,0.0,0.0,0.046875,1,ul,dr,midline,0,0,0,0,0
8,2,size11_comp0.0_grid2_base_medium,11,0.0,medium,base,base,8,4,12,12,0,1,1,1,0,1,22,64,0.0,0.515625,0.6521739130434783,0.43902439024390244,7,12,17,28,14,19,10,20,42,16,1,5,0.078125,UR,1.413943106579768,6,23,0,18,17,0.1276595744680851,0.48936170212765956,0.0,0.3829787234042553,0.265625,UL,0.03125,0.0,0.0,0.0,2,ul,dr,midline,0,0,0,0,0
9,2,size11_comp0.0_grid2_base_medium,11,0.0,medium,base,base,8,4,12,12,0,1,1,1,0,1,29,64,0.0,0.546875,0.6333333333333333,0.47058823529411764,1,6,25,32,17,5,7,34,44,32,1,1,0.015625,DR,1.3810633626945608,5,20,0,22,17,0.10638297872340426,0.425531914893617,0.0,0.46808510638297873,0.265625,UL,0.015625,0.0,0.0,0.0,1,ul,dr,midline,0,0,0,0,0
0,3,size11_comp0.0_grid3_base_medium,11,0.0,medium,base,base,4,4,8,6,1,1,1,1,1,0,-1,10,0.0,0.5,0.5,0.0,0,2,6,2,4,2,2,1,1,1,0,0,0.0,DR,0.9709505944546686,0,0,2,3,5,0.0,0.0,0.4,0.6,0.5,,0.0,0.0,0.0,0.0,0,midline,dl,midline,0,0,0,0,0
1,3,size11_comp0.0_grid3_base_medium,11,0.0,medium,base,base,4,4,8,6,1,1,1,1,1,0,-1,14,0.0,0.5,0.5,0.0,0,2,8,4,7,1,3,2,4,2,0,0,0.0,DL,1.0,0,0,3,3,8,0.0,0.0,0.5,0.5,0.5714285714285714,,0.0,0.0,0.0,0.0,0,midline,dl,midline,0,0,0,0,0
2,3,size11_comp0.0_grid3_base_medium,11,0.0,medium,base,base,4,4,8,6,1,1,1,1,1,0,-1,26,0.0,0.5,0.5,0.0,0,2,14,10,10,1,3,11,13,11,0,0,0.0,DR,0.6292492238560345,0,0,3,16,7,0.0,0.0,0.15789473684210525,0.8421052631578947,0.2692307692307692,,0.0,0.0,0.0,0.0,0,midline,dl,midline,0,0,0,0,0
3,3,size11_comp0.0_grid3_base_medium,11,0.0,medium,base,base,4,4,8,6,1,1,1,1,0,0,-1,64,0.0,0.421875,0.421875,0.0,1,0,27,36,21,1,1,40,56,34,0,7,0.109375,UR,-0.0,0,57,0,0,7,0.0,1.0,0.0,0.0,0.109375,,0.0,0.0,0.0,0.0,0,midline,dl,midline,0,0,0,0,0
4,3,size11_comp0.0_grid3_base_medium,11,0.0,medium,base,base,4,4,8,6,1,1,1,1,1,0,-1,10,0.0,0.5,0.5,0.0,0,2,6,2,1,2,2,4,4,4,0,0,0.0,DL,-0.0,0,0,3,0,7,0.0,0.0,1.0,0.0,0.7,,0.0,0.0,0.0,0.0,0,midline,dl,midline,0,0,0,0,0
5,3,size11_comp0.0_grid3_base_medium,11,0.0,medium,base,base,4,4,8,6,1,1,1,1,1,0,-1,16,0.0,0.5,0.5,0.0,0,2,9,5,8,0,2,5,7,5,0,0,0.0,DR,0.863120568566631,0,0,2,5,9,0.0,0.0,0.2857142857142857,0.7142857142857143,0.5625,,0.0,0.0,0.0,0.0,0,midline,dl,midline,0,0,0,0,0
6,3,size11_comp0.0_grid3_base_medium,11,0.0,medium,base,base,4,4,8,6,1,1,1,1,1,0,-1,16,0.0,0.5,0.5,0.0,0,2,9,5,6,1,3,5,5,5,0,0,0.0,DR,0.954434002924965,0,0,3,5,8,0.0,0.0,0.375,0.625,0.5,,0.0,0.0,0.0,0.0,0,midline,dl,midline,0,0,0,0,0
7,3,size11_comp0.0_grid3_base_medium,11,0.0,medium,base,base,4,4,8,6,1,1,1,1,1,1,15,28,0.2857142857142857,0.6428571428571429,0.625,0.6666666666666666,1,3,14,10,8,3,3,13,16,13,1,0,0.0,DR,0.5435644431995964,0,0,2,14,12,0.0,0.0,0.125,0.875,0.42857142857142855,,0.0,0.0,0.0,0.0,0,midline,dl,midline,0,0,0,0,0
8,3,size11_comp0.0_grid3_base_medium,11,0.0,medium,base,base,4,4,8,6,1,1,1,1,1,0,-1,16,0.0,0.5,0.5,0.0,0,2,9,5,6,3,1,5,5,5,0,0,0.0,DR,0.863120568566631,0,0,2,5,9,0.0,0.0,0.2857142857142857,0.7142857142857143,0.5625,,0.0,0.0,0.0,0.0,0,midline,dl,midline,0,0,0,0,0
9,3,size11_comp0.0_grid3_base_medium,11,0.0,medium,base,base,4,4,8,6,1,1,1,1,1,0,-1,20,0.0,0.5,0.5,0.0,0,2,11,7,9,0,4,6,7,6,0,0,0.0,DR,0.9709505944546686,0,0,4,6,10,0.0,0.0,0.4,0.6,0.5,,0.0,0.0,0.0,0.0,0,midline,dl,midline,0,0,0,0,0
0,4,size11_comp0.0_grid4_base_medium,11,0.0,medium,base,base,11,4,15,9,3,1,1,1,0,0,-1,64,0.0,0.5625,0.5625,0.0,1,3,27,33,14,5,3,41,50,40,0,0,0.0,UR,0.205592508185083,2,60,0,0,2,0.03225806451612903,0.967741935483871,0.0,0.0,0.03125,UR,0.0,0.078125,0.0,0.0,3,ul,dr,dr,0,0,0,0,0
1,4,size11_comp0.0_grid4_base_medium,11,0.0,medium,base,base,11,4,15,9,3,1,1,1,0,0,-1,64,0.0,0.546875,0.546875,0.0,3,6,23,32,13,8,4,38,49,36,0,3,0.046875,UR,0.2318130500245902,2,51,0,0,11,0.03773584905660377,0.9622641509433962,0.0,0.0,0.171875,,0.0,0.0,0.0,0.0,0,ul,dr,dr,0,0,0,0,0
2,4,size11_comp0.0_grid4_base_medium,11,0.0,medium,base,base,11,4,15,9,3,1,1,1,0,0,-1,64,0.0,0.578125,0.578125,0.0,1,5,26,32,8,4,5,46,52,46,0,0,0.0,UR,0.3411538931451762,4,59,0,0,1,0.06349206349206349,0.9365079365079365,0.0,0.0,0.015625,,0.0,0.0,0.0,0.0,0,ul,dr,dr,0,0,0,0,0
3,4,size11_comp0.0_grid4_base_medium,11,0.0,medium,base,base,11,4,15,9,3,1,1,1,0,0,-1,64,0.0,0.515625,0.515625,0.0,1,3,26,34,14,5,2,42,51,39,0,4,0.0625,UR,0.2761954276479391,3,60,0,0,1,0.047619047619047616,0.9523809523809523,0.0,0.0,0.015625,UR,0.0,0.3125,0.0,0.0,11,ul,dr,dr,0,0,0,0,0
4,4,size11_comp0.0_grid4_base_medium,11,0.0,medium,base,base,11,4,15,9,3,1,1,1,0,1,36,64,0.0,0.609375,0.6486486486486487,0.5555555555555556,1,6,27,30,14,5,5,39,46,39,3,0,0.0,DR,1.1723471763252837,2,21,0,30,11,0.03773584905660377,0.39622641509433965,0.0,0.5660377358490566,0.171875,UR,0.0,0.078125,0.0,0.0,1,ul,dr,dr,0,1,0,0,0
5,4,size11_comp0.0_grid4_base_medium,11,0.0,medium,base,base,11,4,15,9,3,1,1,1,0,0,-1,64,0.0,0.5625,0.5625,0.0,1,6,26,31,16,5,6,36,49,35,0,1,0.015625,UR,0.4921379905974296,4,52,0,1,7,0.07017543859649122,0.9122807017543859,0.0,0.017543859649122806,0.109375,,0.0,0.0,0.0,0.0,0,ul,dr,dr,0,0,0,0,0
6,4,size11_comp0.0_grid4_base_medium,11,0.0,medium,base,base,11,4,15,9,3,1,1,1,1,1,18,26,0.5769230769230769,0.7692307692307693,0.7894736842105263,0.7142857142857143,0,6,8,12,9,4,3,9,11,8,2,1,0.038461538461538464,DR,0.7553754125614287,5,0,0,18,3,0.21739130434782608,0.0,0.0,0.782608695652174,0.11538461538461539,,0.0,0.0,0.0,0.0,0,ul,dr,dr,0,1,0,0,0
7,4,size11_comp0.0_grid4_base_medium,11,0.0,medium,base,base,11,4,15,9,3,1,1,1,0,0,-1,64,0.0,0.546875,0.546875,0.0,0,5,26,33,12,3,7,41,46,38,0,3,0.046875,UR,0.420026001688088,2,56,0,2,4,0.03333333333333333,0.9333333333333333,0.0,0.03333333333333333,0.0625,UR,0.0,0.25,0.0,0.0,8,ul,dr,dr,0,0,0,0,0
8,4,size11_comp0.0_grid4_base_medium,11,0.0,medium,base,base,11,4,15,9,3,1,1,1,0,0,-1,64,0.0,0.5625,0.5625,0.0,2,4,26,32,15,4,1,43,49,42,0,0,0.0,UR,0.4689955935892812,5,45,0,0,14,0.1,0.9,0.0,0.0,0.21875,,0.0,0.0,0.0,0.0,0,ul,dr,dr,0,0,0,0,0
9,4,size11_comp0.0_grid4_base_medium,11,0.0,medium,base,base,11,4,15,9,3,1,1,1,1,1,26,41,0.36585365853658536,0.6829268292682927,0.7037037037037037,0.6428571428571429,0,6,16,19,17,4,4,15,22,15,5,0,0.0,UR,1.2427303803729566,2,19,0,17,3,0.05263157894736842,0.5,0.0,0.4473684210526316,0.07317073170731707,UR,0.0,0.14634146341463414,0.0,0.0,3,ul,dr,dr,0,0,0,0,0
0,5,size11_comp0.0_grid5_base_medium,11,0.0,medium,base,base,11,5,16,8,4,1,1,1,1,0,-1,22,0.0,0.6363636363636364,0.6363636363636364,0.0,2,5,10,5,6,3,8,4,9,4,0,0,0.0,UL,0.5665095065529053,13,2,0,0,7,0.8666666666666667,0.13333333333333333,0.0,0.0,0.3181818181818182,,0.0,0.0,0.0,0.0,0,ur,ul,dl,0,0,0,0,0
1,5,size11_comp0.0_grid5_base_medium,11,0.0,medium,base,base,11,5,16,8,4,1,1,1,1,0,-1,18,0.0,0.6666666666666666,0.6666666666666666,0.0,1,4,9,4,6,3,6,2,3,2,0,0,0.0,UR,0.41381685030363374,1,11,0,0,6,0.08333333333333333,0.9166666666666666,0.0,0.0,0.3333333333333333,UR,0.0,0.16666666666666666,0.0,0.0,2,ur,ul,dl,1,0,0,0,0
2,5,size11_comp0.0_grid5_base_medium,11,0.0,medium,base,base,11,5,16,8,4,1,1,1,1,1,20,26,0.6153846153846154,0.8076923076923077,0.7619047619047619,1.0,4,7,10,5,10,4,7,4,4,4,0,0,0.0,UL,1.4958242288403436,7,3,7,0,9,0.4117647058823529,0.17647058823529413,0.4117647058823529,0.0,0.34615384615384615,DL,0.0,0.0,0.038461538461538464,0.0,1,ur,ul,dl,0,0,0,0,0
3,5,size11_comp0.0_grid5_base_medium,11,0.0,medium,base,base,11,5,16,8,4,1,1,1,1,0,-1,16,0.0,0.6875,0.6875,0.0,1,4,8,3,4,2,5,4,4,4,0,0,0.0,UR,-0.0,0,10,0,0,6,0.0,1.0,0.0,0.0,0.375,,0.0,0.0,0.0,0.0,0,ur,ul,dl,1,0,0,0,0
4,5,size11_comp0.0_grid5_base_medium,11,0.0,medium,base,base,11,5,16,8,4,1,1,1,1,0,-1,16,0.0,0.6875,0.6875,0.0,0,3,9,4,7,0,3,5,6,5,0,0,0.0,UR,0.7793498372920851,3,10,0,0,3,0.23076923076923078,0.7692307692307693,0.0,0.0,0.1875,,0.0,0.0,0.0,0.0,0,ur,ul,dl,1,0,0,0,0
5,5,size11_comp0.0_grid5_base_medium,11,0.0,medium,base,base,11,5,16,8,4,1,1,1,1,0,-1,10,0.0,0.8,0.8,0.0,0,3,6,1,5,0,3,1,1,1,0,0,0.0,UR,0.954434002924965,3,5,0,0,2,0.375,0.625,0.0,0.0,0.2,,0.0,0.0,0.0,0.0,0,ur,ul,dl,1,0,0,0,0
6,5,size11_comp0.0_grid5_base_medium,11,0.0,medium,base,base,11,5,16,8,4,1,1,1,1,0,-1,15,0.0,0.6666666666666666,0.6666666666666666,0.0,2,5,7,1,5,3,4,2,4,1,0,1,0.06666666666666667,UL,1.061278124459133,6,1,1,0,7,0.75,0.125,0.125,0.0,0.4666666666666667,,0.0,0.0,0.0,0.0,0,ur,ul,dl,0,0,0,0,0
7,5,size11_comp0.0_grid5_base_medium,11,0.0,medium,base,base,11,5,16,8,4,1,1,1,1,0,-1,15,0.0,0.6666666666666666,0.6666666666666666,0.0,0,3,9,3,6,2,2,4,7,4,0,1,0.06666666666666667,UL,0.6500224216483541,10,2,0,0,3,0.8333333333333334,0.16666666666666666,0.0,0.0,0.2,,0.0,0.0,0.0,0.0,0,ur,ul,dl,0,0,0,0,0
8,5,size11_comp0.0_grid5_base_medium,11,0.0,medium,base,base,11,5,16,8,4,1,1,1,1,0,-1,21,0.0,0.6190476190476191,0.6190476190476191,0.0,3,6,9,3,7,4,7,2,3,2,0,1,0.047619047619047616,DL,1.2806721295208872,0,4,7,1,9,0.0,0.3333333333333333,0.5833333333333334,0.08333333333333333,0.42857142857142855,,0.0,0.0,0.0,0.0,0,ur,ul,dl,0,1,0,0,0
9,5,size11_comp0.0_grid5_base_medium,11,0.0,medium,base,base,11,5,16,8,4,1,1,1,1,0,-1,14,0.0,0.7142857142857143,0.7142857142857143,0.0,1,4,7,2,4,4,2,3,4,3,0,0,0.0,UL,0.5435644431995964,7,1,0,0,6,0.875,0.125,0.0,0.0,0.42857142857142855,,0.0,0.0,0.0,0.0,0,ur,ul,dl,0,0,0,0,0
0,6,size11_comp0.0_grid6_base_medium,11,0.0,medium,base,base,6,5,11,5,3,1,1,1,0,0,-1,64,0.0,0.515625,0.515625,0.0,3,0,33,28,27,1,2,33,53,30,0,2,0.03125,DL,-0.0,0,0,2,0,62,0.0,0.0,1.0,0.0,0.96875,,0.0,0.0,0.0,0.0,0,midline,midline,ul,0,0,0,0,0
1,6,size11_comp0.0_grid6_base_medium,11,0.0,medium,base,base,6,5,11,5,3,1,1,1,1,1,45,52,0.21153846153846154,0.5961538461538461,0.5652173913043478,0.8333333333333334,4,1,22,24,12,4,4,29,39,29,1,0,0.0,DL,0.5032583347756457,1,0,8,0,43,0.1111111111111111,0.0,0.8888888888888888,0.0,0.8269230769230769,,0.0,0.0,0.0,0.0,0,midline,midline,ul,0,0,0,0,0
2,6,size11_comp0.0_grid6_base_medium,11,0.0,medium,base,base,6,5,11,5,3,1,1,1,0,1,61,64,0.0,0.5625,0.5483870967741935,1.0,4,0,30,30,19,2,5,37,52,37,0,0,0.0,DL,0.9709505944546686,2,0,3,0,59,0.4,0.0,0.6,0.0,0.921875,,0.0,0.0,0.0,0.0,0,midline,midline,ul,0,0,0,0,0
3,6,size11_comp0.0_grid6_base_medium,11,0.0,medium,base,base,6,5,11,5,3,1,1,1,1,1,40,46,0.2391304347826087,0.6086956521739131,0.5609756097560976,1.0,4,1,20,21,19,4,3,19,33,18,1,1,0.021739130434782608,UL,1.0,3,0,3,0,40,0.5,0.0,0.5,0.0,0.8695652173913043,,0.0,0.0,0.0,0.0,0,midline,midline,ul,0,1,0,0,0
4,6,size11_comp0.0_grid6_base_medium,11,0.0,medium,base,base,6,5,11,5,3,1,1,1,0,1,11,64,0.0,0.515625,0.75,0.46153846153846156,4,0,25,34,21,4,1,35,50,31,1,5,0.078125,UR,0.5349676898707153,3,49,2,0,10,0.05555555555555555,0.9074074074074074,0.037037037037037035,0.0,0.15625,,0.0,0.0,0.0,0.0,0,midline,midline,ul,0,0,0,0,0
5,6,size11_comp0.0_grid6_base_medium,11,0.0,medium,base,base,6,5,11,5,3,1,1,1,0,1,11,64,0.0,0.546875,0.75,0.5,4,0,27,33,19,4,1,39,48,35,1,3,0.046875,UR,0.5349676898707153,3,49,0,2,10,0.05555555555555555,0.9074074074074074,0.0,0.037037037037037035,0.15625,,0.0,0.0,0.0,0.0,0,midline,midline,ul,0,0,0,0,0
6,6,size11_comp0.0_grid6_base_medium,11,0.0,medium,base,base,6,5,11,5,3,1,1,1,0,1,14,64,0.0,0.515625,0.6666666666666666,0.46938775510204084,5,0,26,33,19,5,4,35,42,30,0,5,0.078125,UR,0.6219041416291193,4,46,0,2,12,0.07692307692307693,0.8846153846153846,0.0,0.038461538461538464,0.1875,,0.0,0.0,0.0,0.0,0,midline,midline,ul,0,0,0,0,0
7,6,size11_comp0.0_grid6_base_medium,11,0.0,medium,base,base,6,5,11,5,3,1,1,1,0,1,15,64,0.0,0.546875,0.6875,0.5,4,0,27,30,10,4,3,42,48,41,3,0,0.0,UR,0.898581781495293,5,42,5,0,12,0.09615384615384616,0.8076923076923077,0.09615384615384616,0.0,0.1875,,0.0,0.0,0.0,0.0,0,midline,midline,ul,0,0,0,0,0
8,6,size11_comp0.0_grid6_base_medium,11,0.0,medium,base,base,6,5,11,5,3,1,1,1,0,0,-1,64,0.0,0.515625,0.515625,0.0,3,0,33,28,25,2,2,34,54,31,0,3,0.046875,DL,-0.0,0,0,4,0,60,0.0,0.0,1.0,0.0,0.9375,,0.0,0.0,0.0,0.0,0,midline,midline,ul,0,0,0,0,0
9,6,size11_comp0.0_grid6_base_medium,11,0.0,medium,base,base,6,5,11,5,3,1,1,1,0,0,-1,64,0.0,0.53125,0.53125,0.0,3,0,32,29,26,3,2,32,51,32,0,0,0.0,DL,0.9709505944546686,0,0,3,2,59,0.0,0.0,0.6,0.4,0.921875,,0.0,0.0,0.0,0.0,0,midline,midline,ul,0,0,0,0,0
0,7,size11_comp0.0_grid7_base_medium,11,0.0,medium,base,base,9,10,19,3,8,1,1,1,0,0,-1,64,0.0,0.546875,0.546875,0.0,2,0,33,29,25,1,0,37,53,37,0,0,0.0,UL,0.9967916319816366,32,28,0,0,4,0.5333333333333333,0.4666666666666667,0.0,0.0,0.0625,,0.0,0.0,0.0,0.0,0,midline,dr,ul,0,1,0,0,0
1,7,size11_comp0.0_grid7_base_medium,11,0.0,medium,base,base,9,10,19,3,8,1,1,1,0,0,-1,64,0.0,0.546875,0.546875,0.0,3,0,34,27,30,4,2,27,47,27,0,0,0.0,UR,0.964078764808229,21,33,0,0,10,0.3888888888888889,0.6111111111111112,0.0,0.0,0.15625,UL,0.078125,0.0,0.0,0.0,3,midline,dr,ul,0,0,0,0,0
2,7,size11_comp0.0_grid7_base_medium,11,0.0,medium,base,base,9,10,19,3,8,1,1,1,0,0,-1,64,0.0,0.546875,0.546875,0.0,3,0,33,28,20,1,5,37,48,35,0,1,0.015625,UR,0.4743454375622397,6,53,0,0,5,0.1016949152542373,0.8983050847457628,0.0,0.0,0.078125,UL,0.03125,0.0,0.0,0.0,1,midline,dr,ul,0,0,0,0,0
3,7,size11_comp0.0_grid7_base_medium,11,0.0,medium,base,base,9,10,19,3,8,1,1,1,0,0,-1,64,0.0,0.53125,0.53125,0.0,2,0,32,30,21,0,4,38,49,37,0,0,0.0,UR,0.2761954276479391,2,40,0,0,22,0.047619047619047616,0.9523809523809523,0.0,0.0,0.34375,,0.0,0.0,0.0,0.0,0,midline,dr,ul,0,0,0,0,0
4,7,size11_comp0.0_grid7_base_medium,11,0.0,medium,base,base,9,10,19,3,8,1,1,1,0,0,-1,64,0.0,0.546875,0.546875,0.0,2,0,34,28,20,1,2,40,50,39,0,0,0.0,UL,0.9182958340544896,32,16,0,0,16,0.6666666666666666,0.3333333333333333,0.0,0.0,0.25,,0.0,0.0,0.0,0.0,0,midline,dr,ul,0,1,0,0,0
5,7,size11_comp0.0_grid7_base_medium,11,0.0,medium,base,base,9,10,19,3,8,1,1,1,0,0,-1,64,0.0,0.546875,0.546875,0.0,2,0,33,29,30,2,2,29,45,29,0,0,0.0,UR,0.863120568566631,14,35,0,0,15,0.2857142857142857,0.7142857142857143,0.0,0.0,0.234375,,0.0,0.0,0.0,0.0,0,midline,dr,ul,0,0,0,0,0
6,7,size11_comp0.0_grid7_base_medium,11,0.0,medium,base,base,9,10,19,3,8,1,1,1,0,0,-1,64,0.0,0.546875,0.546875,0.0,3,0,34,27,16,4,2,41,46,40,0,0,0.0,UR,0.9940302114769565,25,30,0,0,9,0.45454545454545453,0.5454545454545454,0.0,0.0,0.140625,UL,0.078125,0.0,0.0,0.0,3,midline,dr,ul,0,0,0,0,0
7,7,size11_comp0.0_grid7_base_medium,11,0.0,medium,base,base,9,10,19,3,8,1,1,1,0,0,-1,64,0.0,0.546875,0.546875,0.0,2,0,33,29,31,3,1,28,44,28,0,0,0.0,UR,0.9587118829771318,16,26,0,0,22,0.38095238095238093,0.6190476190476191,0.0,0.0,0.34375,,0.0,0.0,0.0,0.0,0,midline,dr,ul,0,0,0,0,0
8,7,size11_comp0.0_grid7_base_medium,11,0.0,medium,base,base,9,10,19,3,8,1,1,1,0,0,-1,64,0.0,0.53125,0.53125,0.0,2,0,32,30,30,3,0,30,48,29,0,0,0.0,UL,0.9990797181805819,29,27,0,0,8,0.5178571428571429,0.48214285714285715,0.0,0.0,0.125,,0.0,0.0,0.0,0.0,0,midline,dr,ul,0,1,0,0,0
9,7,size11_comp0.0_grid7_base_medium,11,0.0,medium,base,base,9,10,19,3,8,1,1,1,0,0,-1,64,0.0,0.53125,0.53125,0.0,2,0,32,30,25,1,2,35,55,34,0,0,0.0,UR,-0.0,0,62,0,0,2,0.0,1.0,0.0,0.0,0.03125,,0.0,0.0,0.0,0.0,0,midline,dr,ul,0,0,0,0,0
0,8,size11_comp0.0_grid8_base_medium,11,0.0,medium,base,base,9,7,16,6,5,1,1,1,0,1,10,64,0.0,0.578125,0.9090909090909091,0.5094339622641509,5,4,24,31,17,6,6,34,44,33,8,0,0.0,UR,0.6219041416291193,4,46,2,0,12,0.07692307692307693,0.8846153846153846,0.038461538461538464,0.0,0.1875,,0.0,0.0,0.0,0.0,0,dl,midline,ur,0,1,0,0,0
1,8,size11_comp0.0_grid8_base_medium,11,0.0,medium,base,base,9,7,16,6,5,1,1,1,0,1,22,64,0.0,0.5625,0.6956521739130435,0.4878048780487805,8,7,20,29,17,17,7,22,46,20,1,2,0.03125,UR,0.2580186686648155,0,44,2,0,18,0.0,0.9565217391304348,0.043478260869565216,0.0,0.28125,,0.0,0.0,0.0,0.0,0,dl,midline,ur,0,1,0,0,0
2,8,size11_comp0.0_grid8_base_medium,11,0.0,medium,base,base,9,7,16,6,5,1,1,1,0,1,27,64,0.0,0.5625,0.6428571428571429,0.5,3,1,26,34,22,3,5,33,47,31,10,1,0.015625,UR,0.225363639127395,0,53,2,0,9,0.0,0.9636363636363636,0.03636363636363636,0.0,0.140625,,0.0,0.0,0.0,0.0,0,dl,midline,ur,0,1,0,0,0
3,8,size11_comp0.0_grid8_base_medium,11,0.0,medium,base,base,9,7,16,6,5,1,1,1,0,1,48,64,0.0,0.578125,0.5918367346938775,0.5333333333333333,8,6,22,28,15,13,6,29,47,29,1,0,0.0,UR,0.6125608863913521,4,37,1,0,22,0.09523809523809523,0.8809523809523809,0.023809523809523808,0.0,0.34375,,0.0,0.0,0.0,0.0,0,dl,midline,ur,0,1,0,0,0
4,8,size11_comp0.0_grid8_base_medium,11,0.0,medium,base,base,9,7,16,6,5,1,1,1,0,1,26,64,0.0,0.578125,0.6666666666666666,0.5135135135135135,4,3,25,32,17,3,10,33,48,32,7,0,0.0,UR,0.13303964861069895,0,53,1,0,10,0.0,0.9814814814814815,0.018518518518518517,0.0,0.15625,,0.0,0.0,0.0,0.0,0,dl,midline,ur,0,1,0,0,0
5,8,size11_comp0.0_grid8_base_medium,11,0.0,medium,base,base,9,7,16,6,5,1,1,1,0,1,26,64,0.0,0.5625,0.6666666666666666,0.4864864864864865,7,5,22,30,12,7,9,35,47,34,12,0,0.0,UR,0.6355097379726913,5,51,2,0,6,0.08620689655172414,0.8793103448275862,0.034482758620689655,0.0,0.09375,,0.0,0.0,0.0,0.0,0,dl,midline,ur,0,1,0,0,0
6,8,size11_comp0.0_grid8_base_medium,11,0.0,medium,base,base,9,7,16,6,5,1,1,1,0,1,32,64,0.0,0.578125,0.6363636363636364,0.5161290322580645,4,4,24,32,21,8,8,26,44,26,0,0,0.0,UR,1.4235481424134198,0,25,7,16,16,0.0,0.5208333333333334,0.14583333333333334,0.3333333333333333,0.25,,0.0,0.0,0.0,0.0,0,dl,midline,ur,0,1,0,0,0
7,8,size11_comp0.0_grid8_base_medium,11,0.0,medium,base,base,9,7,16,6,5,1,1,1,0,1,28,64,0.0,0.5625,0.6551724137931034,0.4857142857142857,6,4,23,31,16,11,6,30,46,29,1,1,0.015625,UR,0.1460942501201363,0,47,1,0,16,0.0,0.9791666666666666,0.020833333333333332,0.0,0.25,,0.0,0.0,0.0,0.0,0,dl,midline,ur,0,1,0,0,0
8,8,size11_comp0.0_grid8_base_medium,11,0.0,medium,base,base,9,7,16,6,5,1,1,1,0,1,48,64,0.0,0.5625,0.5918367346938775,0.4666666666666667,6,3,24,31,19,11,7,26,46,25,5,0,0.0,UR,0.785235442391543,0,40,6,2,16,0.0,0.8333333333333334,0.125,0.041666666666666664,0.25,,0.0,0.0,0.0,0.0,0,dl,midline,ur,0,1,0,0,0
9,8,size11_comp0.0_grid8_base_medium,11,0.0,medium,base,base,9,7,16,6,5,1,1,1,1,1,12,48,0.3333333333333333,0.6666666666666666,0.8461538461538461,0.6,4,6,17,21,14,3,8,22,26,22,0,0,0.0,DR,1.5028112947659684,3,5,5,23,12,0.08333333333333333,0.1388888888888889,0.1388888888888889,0.6388888888888888,0.25,,0.0,0.0,0.0,0.0,0,dl,midline,ur,0,0,0,0,0
0,9,size11_comp0.0_grid9_base_medium,11,0.0,medium,base,base,8,6,14,6,4,1,1,1,1,0,-1,49,0.0,0.5102040816326531,0.5102040816326531,0.0,5,0,22,22,14,3,5,26,34,25,0,1,0.02040816326530612,DL,0.19590927087360493,1,0,32,0,16,0.030303030303030304,0.0,0.9696969696969697,0.0,0.32653061224489793,DL,0.0,0.0,0.04081632653061224,0.0,2,dl,ul,dr,1,0,0,0,0
1,9,size11_comp0.0_grid9_base_medium,11,0.0,medium,base,base,8,6,14,6,4,1,1,1,1,1,31,56,0.25,0.625,0.625,0.625,6,1,24,25,18,8,3,26,38,26,7,0,0.0,DR,0.6500224216483541,0,0,8,40,8,0.0,0.0,0.16666666666666666,0.8333333333333334,0.14285714285714285,,0.0,0.0,0.0,0.0,0,dl,ul,dr,0,1,0,0,0
2,9,size11_comp0.0_grid9_base_medium,11,0.0,medium,base,base,8,6,14,6,4,1,1,1,0,1,57,64,0.0,0.578125,0.5689655172413793,0.6666666666666666,5,1,27,31,21,5,5,32,46,32,3,0,0.0,DL,0.99819587904281,0,0,21,19,24,0.0,0.0,0.525,0.475,0.375,,0.0,0.0,0.0,0.0,0,dl,ul,dr,1,0,0,0,0
3,9,size11_comp0.0_grid9_base_medium,11,0.0,medium,base,base,8,6,14,6,4,1,1,1,1,0,-1,38,0.0,0.5263157894736842,0.5263157894736842,0.0,6,1,15,16,12,8,3,14,19,14,0,0,0.0,DL,0.7075696535050607,0,3,24,1,10,0.0,0.10714285714285714,0.8571428571428571,0.03571428571428571,0.2631578947368421,DL,0.0,0.0,0.07894736842105263,0.0,3,dl,ul,dr,1,0,0,0,0
4,9,size11_comp0.0_grid9_base_medium,11,0.0,medium,base,base,8,6,14,6,4,1,1,1,0,0,-1,64,0.0,0.515625,0.515625,0.0,5,2,29,28,22,4,6,31,51,29,0,2,0.03125,DL,0.39662777277837885,0,0,47,4,13,0.0,0.0,0.9215686274509803,0.0784313725490196,0.203125,DL,0.0,0.0,0.03125,0.0,2,dl,ul,dr,1,0,0,0,0
5,9,size11_comp0.0_grid9_base_medium,11,0.0,medium,base,base,8,6,14,6,4,1,1,1,1,1,39,54,0.25925925925925924,0.6296296296296297,0.6,0.7142857142857143,5,0,24,25,15,6,2,30,35,30,5,0,0.0,DR,1.1720147574921704,0,2,19,29,4,0.0,0.04,0.38,0.58,0.07407407407407407,DL,0.0,0.0,0.07407407407407407,0.0,4,dl,ul,dr,0,1,0,0,0
6,9,size11_comp0.0_grid9_base_medium,11,0.0,medium,base,base,8,6,14,6,4,1,1,1,0,0,-1,64,0.0,0.546875,0.546875,0.0,6,3,26,29,20,9,4,30,51,29,0,0,0.0,DL,0.8507707040532599,0,0,34,13,17,0.0,0.0,0.723404255319149,0.2765957446808511,0.265625,,0.0,0.0,0.0,0.0,0,dl,ul,dr,1,0,0,0,0
7,9,size11_comp0.0_grid9_base_medium,11,0.0,medium,base,base,8,6,14,6,4,1,1,1,1,1,34,43,0.32558139534883723,0.6511627906976745,0.6,0.875,5,0,19,19,20,3,3,16,21,15,0,1,0.023255813953488372,DL,0.9864267287308425,0,4,28,4,7,0.0,0.1111111111111111,0.7777777777777778,0.1111111111111111,0.16279069767441862,DL,0.0,0.0,0.09302325581395349,0.0,4,dl,ul,dr,1,0,0,0,0
8,9,size11_comp0.0_grid9_base_medium,11,0.0,medium,base,base,8,6,14,6,4,1,1,1,1,1,9,46,0.30434782608695654,0.6521739130434783,0.9,0.5833333333333334,5,0,20,21,16,4,3,22,29,22,16,0,0.0,DR,1.231120013701481,0,8,6,29,3,0.0,0.18604651162790697,0.13953488372093023,0.6744186046511628,0.06521739130434782,,0.0,0.0,0.0,0.0,0,dl,ul,dr,0,1,0,0,0
9,9,size11_comp0.0_grid9_base_medium,11,0.0,medium,base,base,8,6,14,6,4,1,1,1,1,1,29,38,0.3684210526315789,0.6842105263157895,0.6333333333333333,0.875,6,1,15,16,11,5,5,16,23,16,3,0,0.0,DL,0.8256265261578954,0,0,20,7,11,0.0,0.0,0.7407407407407407,0.25925925925925924,0.2894736842105263,,0.0,0.0,0.0,0.0,0,dl,ul,dr,1,0,0,0,0
0,0,size11_comp0.2_grid0_base_medium,11,0.2,medium,base,base,5,9,14,4,5,1,1,1,1,0,-1,18,0.0,0.3333333333333333,0.3333333333333333,0.0,0,1,11,6,7,2,0,8,12,6,0,2,0.1111111111111111,DL,-0.0,0,0,17,0,1,0.0,0.0,1.0,0.0,0.05555555555555555,,0.0,0.0,0.0,0.0,0,midline,dl,midline,0,0,0,0,0
1,0,size11_comp0.2_grid0_base_medium,11,0.2,medium,base,base,5,9,14,4,5,1,1,1,1,0,-1,11,0.0,0.2727272727272727,0.2727272727272727,0.0,0,1,7,3,3,1,1,5,5,4,0,1,0.09090909090909091,DL,-0.0,0,0,10,0,1,0.0,0.0,1.0,0.0,0.09090909090909091,,0.0,0.0,0.0,0.0,0,midline,dl,midline,0,0,0,0,0
2,0,size11_comp0.2_grid0_base_medium,11,0.2,medium,base,base,5,9,14,4,5,1,1,1,1,0,-1,6,0.0,0.16666666666666666,0.16666666666666666,0.0,0,1,4,1,2,0,2,1,1,1,0,0,0.0,DL,-0.0,0,0,5,0,1,0.0,0.0,1.0,0.0,0.16666666666666666,,0.0,0.0,0.0,0.0,0,midline,dl,midline,0,0,0,0,0
3,0,size11_comp0.2_grid0_base_medium,11,0.2,medium,base,base,5,9,14,4,5,1,1,1,1,0,-1,12,0.0,0.3333333333333333,0.3333333333333333,0.0,0,1,7,4,3,2,0,6,6,6,0,0,0.0,DL,-0.0,0,0,11,0,1,0.0,0.0,1.0,0.0,0.08333333333333333,,0.0,0.0,0.0,0.0,0,midline,dl,midline,0,0,0,0,0
4,0,size11_comp0.2_grid0_base_medium,11,0.2,medium,base,base,5,9,14,4,5,1,1,1,1,0,-1,10,0.0,0.3,0.3,0.0,0,1,6,3,3,2,0,4,4,4,0,0,0.0,DL,-0.0,0,0,9,0,1,0.0,0.0,1.0,0.0,0.1,,0.0,0.0,0.0,0.0,0,midline,dl,midline,0,0,0,0,0
5,0,size11_comp0.2_grid0_base_medium,11,0.2,medium,base,base,5,9,14,4,5,1,1,1,1,0,-1,18,0.0,0.3888888888888889,0.3888888888888889,0.0,0,1,10,7,8,0,2,7,11,7,0,0,0.0,DL,-0.0,0,0,17,0,1,0.0,0.0,1.0,0.0,0.05555555555555555,,0.0,0.0,0.0,0.0,0,midline,dl,midline,0,0,0,0,0
6,0,size11_comp0.2_grid0_base_medium,11,0.2,medium,base,base,5,9,14,4,5,1,1,1,1,0,-1,6,0.0,0.16666666666666666,0.16666666666666666,0.0,0,1,4,1,1,1,1,2,2,2,0,0,0.0,DL,-0.0,0,0,5,0,1,0.0,0.0,1.0,0.0,0.16666666666666666,,0.0,0.0,0.0,0.0,0,midline,dl,midline,0,0,0,0,0
7,0,size11_comp0.2_grid0_base_medium,11,0.2,medium,base,base,5,9,14,4,5,1,1,1,1,0,-1,4,0.0,0.0,0.0,0.0,0,1,3,0,1,1,1,0,0,0,0,0,0.0,DL,-0.0,0,0,3,0,1,0.0,0.0,1.0,0.0,0.25,,0.0,0.0,0.0,0.0,0,midline,dl,midline,0,0,0,0,0
8,0,size11_comp0.2_grid0_base_medium,11,0.2,medium,base,base,5,9,14,4,5,1,1,1,1,0,-1,21,0.0,0.38095238095238093,0.38095238095238093,0.0,0,1,12,8,9,0,2,9,14,8,0,1,0.047619047619047616,DL,-0.0,0,0,19,0,2,0.0,0.0,1.0,0.0,0.09523809523809523,,0.0,0.0,0.0,0.0,0,midline,dl,midline,0,0,0,0,0
9,0,size11_comp0.2_grid0_base_medium,11,0.2,medium,base,base,5,9,14,4,5,1,1,1,1,0,-1,4,0.0,0.0,0.0,0.0,0,1,3,0,1,1,1,0,0,0,0,0,0.0,DL,-0.0,0,0,3,0,1,0.0,0.0,1.0,0.0,0.25,,0.0,0.0,0.0,0.0,0,midline,dl,midline,0,0,0,0,0
0,1,size11_comp0.2_grid1_base_medium,11,0.2,medium,base,base,12,7,19,5,7,1,1,1,0,0,-1,64,0.0,0.546875,0.546875,0.0,0,2,27,35,25,3,1,34,50,32,0,2,0.03125,UR,0.2761954276479391,3,60,0,0,1,0.047619047619047616,0.9523809523809523,0.0,0.0,0.015625,UR,0.015625,0.0625,0.0,0.0,3,ul,ul,dr,0,0,0,0,0
1,1,size11_comp0.2_grid1_base_medium,11,0.2,medium,base,base,12,7,19,5,7,1,1,1,0,0,-1,64,0.0,0.46875,0.46875,0.0,0,1,24,39,26,1,1,35,55,30,0,10,0.15625,UR,0.3999380474390277,5,58,0,0,1,0.07936507936507936,0.9206349206349206,0.0,0.0,0.015625,UR,0.015625,0.734375,0.0,0.0,18,ul,ul,dr,0,0,0,0,0
2,1,size11_comp0.2_grid1_base_medium,11,0.2,medium,base,base,12,7,19,5,7,1,1,1,1,0,-1,58,0.0,0.27586206896551724,0.27586206896551724,0.0,0,4,12,42,29,4,4,20,51,11,0,31,0.5344827586206896,UL,-0.0,58,0,0,0,0,1.0,0.0,0.0,0.0,0.0,UL,0.017241379310344827,0.0,0.0,0.0,1,ul,ul,dr,1,0,0,0,0
3,1,size11_comp0.2_grid1_base_medium,11,0.2,medium,base,base,12,7,19,5,7,1,1,1,0,0,-1,64,0.0,0.53125,0.53125,0.0,0,0,30,34,22,0,0,41,56,40,0,0,0.0,UR,0.2829047929798921,3,58,0,0,3,0.04918032786885246,0.9508196721311475,0.0,0.0,0.046875,UR,0.015625,0.203125,0.0,0.0,5,ul,ul,dr,0,0,0,0,0
4,1,size11_comp0.2_grid1_base_medium,11,0.2,medium,base,base,12,7,19,5,7,1,1,1,0,0,-1,64,0.0,0.546875,0.546875,0.0,0,0,29,35,27,0,0,36,56,36,0,0,0.0,UR,0.4186843105268563,5,54,0,0,5,0.0847457627118644,0.9152542372881356,0.0,0.0,0.078125,UR,0.03125,0.203125,0.0,0.0,3,ul,ul,dr,0,0,0,0,0
5,1,size11_comp0.2_grid1_base_medium,11,0.2,medium,base,base,12,7,19,5,7,1,1,1,1,0,-1,43,0.0,0.2558139534883721,0.2558139534883721,0.0,0,3,6,34,29,3,1,9,35,5,0,26,0.6046511627906976,UL,-0.0,43,0,0,0,0,1.0,0.0,0.0,0.0,0.0,UL,0.023255813953488372,0.0,0.0,0.0,1,ul,ul,dr,1,0,0,0,0
6,1,size11_comp0.2_grid1_base_medium,11,0.2,medium,base,base,12,7,19,5,7,1,1,1,0,0,-1,64,0.0,0.546875,0.546875,0.0,0,0,29,35,25,0,0,38,56,38,0,0,0.0,UR,0.4186843105268563,5,54,0,0,5,0.0847457627118644,0.9152542372881356,0.0,0.0,0.078125,UR,0.015625,0.375,0.0,0.0,7,ul,ul,dr,0,0,0,0,0
7,1,size11_comp0.2_grid1_base_medium,11,0.2,medium,base,base,12,7,19,5,7,1,1,1,0,0,-1,64,0.0,0.546875,0.546875,0.0,0,2,28,34,20,4,0,39,49,38,0,1,0.015625,UR,0.2761954276479391,3,60,0,0,1,0.047619047619047616,0.9523809523809523,0.0,0.0,0.015625,UR,0.015625,0.265625,0.0,0.0,12,ul,ul,dr,0,0,0,0,0
8,1,size11_comp0.2_grid1_base_medium,11,0.2,medium,base,base,12,7,19,5,7,1,1,1,0,0,-1,64,0.0,0.171875,0.171875,0.0,0,4,10,50,38,3,5,17,60,9,0,43,0.671875,UL,-0.0,64,0,0,0,0,1.0,0.0,0.0,0.0,0.0,UL,0.015625,0.0,0.0,0.0,1,ul,ul,dr,1,0,0,0,0
9,1,size11_comp0.2_grid1_base_medium,11,0.2,medium,base,base,12,7,19,5,7,1,1,1,0,0,-1,64,0.0,0.546875,0.546875,0.0,0,2,29,33,25,1,3,34,50,33,0,0,0.0,UR,0.4044483864864383,5,57,0,0,2,0.08064516129032258,0.9193548387096774,0.0,0.0,0.03125,UR,0.015625,0.390625,0.0,0.0,5,ul,ul,dr,0,0,0,0,0
0,2,size11_comp0.2_grid2_base_medium,11,0.2,medium,base,base,8,8,16,6,5,1,1,1,0,0,-1,64,0.0,0.484375,0.484375,0.0,0,0,30,34,10,0,0,53,59,51,0,1,0.015625,UR,-0.0,0,63,0,0,1,0.0,1.0,0.0,0.0,0.015625,UR,0.0,0.90625,0.0,0.0,27,midline,ur,dr,0,0,0,0,0
1,2,size11_comp0.2_grid2_base_medium,11,0.2,medium,base,base,8,8,16,6,5,1,1,1,0,0,-1,64,0.0,0.484375,0.484375,0.0,0,0,30,34,12,0,0,51,59,49,0,1,0.015625,UR,-0.0,0,62,0,0,2,0.0,1.0,0.0,0.0,0.03125,UR,0.0,0.796875,0.0,0.0,30,midline,ur,dr,0,0,0,0,0
2,2,size11_comp0.2_grid2_base_medium,11,0.2,medium,base,base,8,8,16,6,5,1,1,1,0,0,-1,64,0.0,0.484375,0.484375,0.0,0,0,30,34,14,0,0,49,59,47,0,1,0.015625,UR,-0.0,0,63,0,0,1,0.0,1.0,0.0,0.0,0.015625,UR,0.0,0.8125,0.0,0.0,17,midline,ur,dr,0,0,0,0,0
3,2,size11_comp0.2_grid2_base_medium,11,0.2,medium,base,base,8,8,16,6,5,1,1,1,0,0,-1,64,0.0,0.484375,0.484375,0.0,0,0,30,34,16,0,0,47,59,45,0,2,0.03125,UR,-0.0,0,63,0,0,1,0.0,1.0,0.0,0.0,0.015625,UR,0.0,0.859375,0.0,0.0,21,midline,ur,dr,0,0,0,0,0
4,2,size11_comp0.2_grid2_base_medium,11,0.2,medium,base,base,8,8,16,6,5,1,1,1,0,0,-1,64,0.0,0.453125,0.453125,0.0,0,0,28,36,19,0,0,44,59,41,0,4,0.0625,UR,-0.0,0,61,0,0,3,0.0,1.0,0.0,0.0,0.046875,UR,0.0,0.796875,0.0,0.0,27,midline,ur,dr,0,0,0,0,0
5,2,size11_comp0.2_grid2_base_medium,11,0.2,medium,base,base,8,8,16,6,5,1,1,1,0,0,-1,64,0.0,0.359375,0.359375,0.0,0,1,21,42,27,1,1,34,56,28,0,17,0.265625,UR,-0.0,0,63,0,0,1,0.0,1.0,0.0,0.0,0.015625,UR,0.0,0.890625,0.0,0.0,24,midline,ur,dr,0,0,0,0,0
6,2,size11_comp0.2_grid2_base_medium,11,0.2,medium,base,base,8,8,16,6,5,1,1,1,0,0,-1,64,0.0,0.484375,0.484375,0.0,0,0,30,34,10,0,0,53,59,51,0,1,0.015625,UR,-0.0,0,63,0,0,1,0.0,1.0,0.0,0.0,0.015625,UR,0.0,0.90625,0.0,0.0,35,midline,ur,dr,0,0,0,0,0
7,2,size11_comp0.2_grid2_base_medium,11,0.2,medium,base,base,8,8,16,6,5,1,1,1,0,0,-1,64,0.0,0.46875,0.46875,0.0,0,0,29,35,9,0,0,54,59,52,0,2,0.03125,UR,-0.0,0,63,0,0,1,0.0,1.0,0.0,0.0,0.015625,UR,0.0,0.90625,0.0,0.0,27,midline,ur,dr,0,0,0,0,0
8,2,size11_comp0.2_grid2_base_medium,11,0.2,medium,base,base,8,8,16,6,5,1,1,1,0,0,-1,64,0.0,0.421875,0.421875,0.0,0,1,25,38,17,1,1,44,57,40,0,9,0.140625,UR,-0.0,0,63,0,0,1,0.0,1.0,0.0,0.0,0.015625,UR,0.0,0.90625,0.0,0.0,27,midline,ur,dr,0,0,0,0,0
9,2,size11_comp0.2_grid2_base_medium,11,0.2,medium,base,base,8,8,16,6,5,1,1,1,0,0,-1,64,0.0,0.453125,0.453125,0.0,0,0,28,36,17,0,0,46,59,41,0,4,0.0625,UR,-0.0,0,63,0,0,1,0.0,1.0,0.0,0.0,0.015625,UR,0.0,0.84375,0.0,0.0,17,midline,ur,dr,0,0,0,0,0
0,3,size11_comp0.2_grid3_base_medium,11,0.2,medium,base,base,4,12,16,10,4,1,1,1,0,0,-1,64,0.0,0.375,0.375,0.0,1,0,31,32,30,2,0,31,57,29,0,11,0.171875,DR,0.12068101401352381,0,0,1,60,3,0.0,0.0,0.01639344262295082,0.9836065573770492,0.046875,,0.0,0.0,0.0,0.0,0,midline,ur,dl,0,0,0,0,0
1,3,size11_comp0.2_grid3_base_medium,11,0.2,medium,base,base,4,12,16,10,4,1,1,1,0,1,52,64,0.0,0.453125,0.5283018867924528,0.09090909090909091,2,0,28,34,31,0,4,28,54,27,9,10,0.15625,DL,0.9575534837147482,0,0,36,22,6,0.0,0.0,0.6206896551724138,0.3793103448275862,0.09375,,0.0,0.0,0.0,0.0,0,midline,ur,dl,0,1,0,0,0
2,3,size11_comp0.2_grid3_base_medium,11,0.2,medium,base,base,4,12,16,10,4,1,1,1,0,0,-1,64,0.0,0.4375,0.4375,0.0,1,1,29,33,26,1,3,33,53,30,0,6,0.09375,DR,0.9747785474909672,0,0,24,35,5,0.0,0.0,0.4067796610169492,0.5932203389830508,0.078125,DL,0.0,0.0,0.09375,0.0,5,midline,ur,dl,0,0,0,0,0
3,3,size11_comp0.2_grid3_base_medium,11,0.2,medium,base,base,4,12,16,10,4,1,1,1,0,1,40,64,0.0,0.4375,0.5365853658536586,0.2608695652173913,2,0,28,34,19,1,3,40,58,34,20,12,0.1875,DL,-0.0,0,0,51,0,13,0.0,0.0,1.0,0.0,0.203125,,0.0,0.0,0.0,0.0,0,midline,ur,dl,0,1,0,0,0
4,3,size11_comp0.2_grid3_base_medium,11,0.2,medium,base,base,4,12,16,10,4,1,1,1,0,0,-1,64,0.0,0.453125,0.453125,0.0,0,0,29,35,19,0,0,44,57,42,0,4,0.0625,DR,0.676941869780886,0,0,10,46,8,0.0,0.0,0.17857142857142858,0.8214285714285714,0.125,,0.0,0.0,0.0,0.0,0,midline,ur,dl,0,0,0,0,0
5,3,size11_comp0.2_grid3_base_medium,11,0.2,medium,base,base,4,12,16,10,4,1,1,1,0,0,-1,64,0.0,0.078125,0.078125,0.0,1,0,50,13,48,2,0,13,56,7,0,49,0.765625,DR,0.4743454375622397,0,0,6,53,5,0.0,0.0,0.1016949152542373,0.8983050847457628,0.078125,,0.0,0.0,0.0,0.0,0,midline,ur,dl,0,0,0,0,0
6,3,size11_comp0.2_grid3_base_medium,11,0.2,medium,base,base,4,12,16,10,4,1,1,1,0,1,21,64,0.0,0.3125,0.5909090909090909,0.16666666666666666,2,1,21,40,37,2,0,24,56,16,37,28,0.4375,DL,-0.0,0,0,60,0,4,0.0,0.0,1.0,0.0,0.0625,DL,0.0,0.0,0.015625,0.0,1,midline,ur,dl,0,1,0,0,0
7,3,size11_comp0.2_grid3_base_medium,11,0.2,medium,base,base,4,12,16,10,4,1,1,1,0,0,-1,64,0.0,0.453125,0.453125,0.0,0,0,29,35,22,0,0,41,59,39,0,3,0.046875,DR,-0.0,0,0,0,63,1,0.0,0.0,0.0,1.0,0.015625,,0.0,0.0,0.0,0.0,0,midline,ur,dl,0,0,0,0,0
8,3,size11_comp0.2_grid3_base_medium,11,0.2,medium,base,base,4,12,16,10,4,1,1,1,0,0,-1,64,0.0,0.46875,0.46875,0.0,1,0,30,33,22,1,1,39,56,38,0,1,0.015625,DL,0.9790981671667149,0,0,31,22,11,0.0,0.0,0.5849056603773585,0.41509433962264153,0.171875,,0.0,0.0,0.0,0.0,0,midline,ur,dl,0,1,0,0,0
9,3,size11_comp0.2_grid3_base_medium,11,0.2,medium,base,base,4,12,16,10,4,1,1,1,0,0,-1,64,0.0,0.421875,0.421875,0.0,1,0,27,36,19,1,1,42,58,39,0,5,0.078125,DR,-0.0,0,0,0,63,1,0.0,0.0,0.0,1.0,0.015625,,0.0,0.0,0.0,0.0,0,midline,ur,dl,0,0,0,0,0
0,4,size11_comp0.2_grid4_base_medium,11,0.2,medium,base,base,4,10,14,6,4,1,1,1,0,0,-1,64,0.0,0.359375,0.359375,0.0,4,0,38,22,38,5,2,18,48,15,0,19,0.296875,DL,0.9997779672118906,0,0,29,28,7,0.0,0.0,0.5087719298245614,0.49122807017543857,0.109375,DL,0.0,0.0,0.015625,0.0,1,dl,dr,ul,1,0,0,0,0
1,4,size11_comp0.2_grid4_base_medium,11,0.2,medium,base,base,4,10,14,6,4,1,1,1,0,0,-1,64,0.0,0.40625,0.40625,0.0,9,2,27,26,21,9,7,26,47,22,0,11,0.171875,DL,0.710676853856123,0,7,29,0,28,0.0,0.19444444444444445,0.8055555555555556,0.0,0.4375,DL,0.0,0.0,0.015625,0.0,1,dl,dr,ul,1,0,0,0,0
2,4,size11_comp0.2_grid4_base_medium,11,0.2,medium,base,base,4,10,14,6,4,1,1,1,0,1,25,64,0.0,0.234375,0.5,0.05263157894736842,5,0,10,49,43,3,6,11,52,9,3,39,0.609375,UL,0.6420642892306891,41,0,8,0,15,0.8367346938775511,0.0,0.16326530612244897,0.0,0.234375,DL,0.0,0.0,0.015625,0.0,1,dl,dr,ul,0,1,0,0,0
3,4,size11_comp0.2_grid4_base_medium,11,0.2,medium,base,base,4,10,14,6,4,1,1,1,0,0,-1,64,0.0,0.3125,0.3125,0.0,6,1,36,21,30,9,2,22,49,18,0,22,0.34375,DL,0.8470056411015325,0,1,40,10,13,0.0,0.0196078431372549,0.7843137254901961,0.19607843137254902,0.203125,DL,0.0,0.0,0.015625,0.0,1,dl,dr,ul,1,0,0,0,0
4,4,size11_comp0.2_grid4_base_medium,11,0.2,medium,base,base,4,10,14,6,4,1,1,1,0,1,21,64,0.0,0.453125,0.5454545454545454,0.40476190476190477,6,2,19,37,22,9,4,28,46,24,0,15,0.234375,DL,1.274790066617014,2,0,15,15,32,0.0625,0.0,0.46875,0.46875,0.5,DL,0.0,0.0,0.015625,0.0,1,dl,dr,ul,1,0,0,0,0
5,4,size11_comp0.2_grid4_base_medium,11,0.2,medium,base,base,4,10,14,6,4,1,1,1,0,1,7,64,0.0,0.515625,0.75,0.48214285714285715,4,1,23,36,13,3,2,45,51,40,1,6,0.09375,UL,1.0,3,0,3,0,58,0.5,0.0,0.5,0.0,0.90625,DL,0.0,0.0,0.015625,0.0,1,dl,dr,ul,0,1,0,0,0
6,4,size11_comp0.2_grid4_base_medium,11,0.2,medium,base,base,4,10,14,6,4,1,1,1,0,0,-1,64,0.0,0.359375,0.359375,0.0,3,0,38,23,35,2,3,23,50,19,0,18,0.28125,DL,0.8595316914502931,0,0,38,15,11,0.0,0.0,0.7169811320754716,0.2830188679245283,0.171875,DL,0.0,0.0,0.015625,0.0,1,dl,dr,ul,1,0,0,0,0
7,4,size11_comp0.2_grid4_base_medium,11,0.2,medium,base,base,4,10,14,6,4,1,1,1,0,0,-1,64,0.0,0.34375,0.34375,0.0,6,0,32,26,23,7,5,28,48,22,0,19,0.296875,DL,0.9456603046006401,0,12,21,0,31,0.0,0.36363636363636365,0.6363636363636364,0.0,0.484375,DL,0.0,0.0,0.015625,0.0,1,dl,dr,ul,1,0,0,0,0
8,4,size11_comp0.2_grid4_base_medium,11,0.2,medium,base,base,4,10,14,6,4,1,1,1,0,1,9,64,0.0,0.453125,0.6,0.42592592592592593,5,1,20,38,19,5,6,33,49,31,2,15,0.234375,UL,0.8708644692353644,17,0,7,0,40,0.7083333333333334,0.0,0.2916666666666667,0.0,0.625,DL,0.0,0.0,0.015625,0.0,1,dl,dr,ul,0,1,0,0,0
9,4,size11_comp0.2_grid4_base_medium,11,0.2,medium,base,base,4,10,14,6,4,1,1,1,0,1,33,64,0.0,0.46875,0.47058823529411764,0.4666666666666667,6,2,21,35,23,6,7,27,46,19,3,13,0.203125,DL,0.8524051786494786,10,0,26,0,28,0.2777777777777778,0.0,0.7222222222222222,0.0,0.4375,DL,0.0,0.0,0.015625,0.0,1,dl,dr,ul,1,0,0,0,0
0,5,size11_comp0.2_grid5_base_medium,11,0.2,medium,base,base,4,4,8,8,0,1,1,1,0,1,25,64,0.0,0.46875,0.5769230769230769,0.39473684210526316,1,0,26,37,31,1,1,30,56,24,5,9,0.140625,UL,-0.0,18,0,0,0,46,1.0,0.0,0.0,0.0,0.71875,,0.0,0.0,0.0,0.0,0,midline,midline,midline,0,0,0,0,0
1,5,size11_comp0.2_grid5_base_medium,11,0.2,medium,base,base,4,4,8,8,0,1,1,1,0,1,19,64,0.0,0.390625,0.6,0.29545454545454547,1,0,21,42,26,1,1,35,56,28,2,18,0.28125,UL,-0.0,12,0,0,0,52,1.0,0.0,0.0,0.0,0.8125,,0.0,0.0,0.0,0.0,0,midline,midline,midline,0,0,0,0,0
2,5,size11_comp0.2_grid5_base_medium,11,0.2,medium,base,base,4,4,8,8,0,1,1,1,0,1,5,64,0.0,0.375,0.8333333333333334,0.3275862068965517,1,0,22,40,23,1,1,36,56,28,20,18,0.28125,UL,-0.0,17,0,0,0,47,1.0,0.0,0.0,0.0,0.734375,,0.0,0.0,0.0,0.0,0,midline,midline,midline,0,0,0,0,0
3,5,size11_comp0.2_grid5_base_medium,11,0.2,medium,base,base,4,4,8,8,0,1,1,1,0,1,11,64,0.0,0.359375,0.6666666666666666,0.28846153846153844,2,1,17,43,28,2,2,29,55,20,12,22,0.34375,UL,0.41381685030363374,11,0,1,0,52,0.9166666666666666,0.0,0.08333333333333333,0.0,0.8125,,0.0,0.0,0.0,0.0,0,midline,midline,midline,0,0,0,0,0
4,5,size11_comp0.2_grid5_base_medium,11,0.2,medium,base,base,4,4,8,8,0,1,1,1,0,1,3,64,0.0,0.359375,1.0,0.31666666666666665,1,0,18,45,32,0,2,29,56,22,3,23,0.359375,UL,-0.0,24,0,0,0,40,1.0,0.0,0.0,0.0,0.625,,0.0,0.0,0.0,0.0,0,midline,midline,midline,0,0,0,0,0
5,5,size11_comp0.2_grid5_base_medium,11,0.2,medium,base,base,4,4,8,8,0,1,1,1,0,1,3,64,0.0,0.421875,1.0,0.38333333333333336,1,0,25,38,28,1,1,33,56,22,7,14,0.21875,UL,-0.0,32,0,0,0,32,1.0,0.0,0.0,0.0,0.5,,0.0,0.0,0.0,0.0,0,midline,midline,midline,0,0,0,0,0
6,5,size11_comp0.2_grid5_base_medium,11,0.2,medium,base,base,4,4,8,8,0,1,1,1,0,1,9,64,0.0,0.359375,0.7,0.2962962962962963,1,0,18,45,33,1,1,28,56,22,4,23,0.359375,UL,-0.0,23,0,0,0,41,1.0,0.0,0.0,0.0,0.640625,,0.0,0.0,0.0,0.0,0,midline,midline,midline,0,0,0,0,0
7,5,size11_comp0.2_grid5_base_medium,11,0.2,medium,base,base,4,4,8,8,0,1,1,1,0,1,11,64,0.0,0.390625,0.6666666666666666,0.3269230769230769,1,0,24,39,30,1,1,31,56,22,17,18,0.28125,UL,-0.0,17,0,0,0,47,1.0,0.0,0.0,0.0,0.734375,,0.0,0.0,0.0,0.0,0,midline,midline,midline,0,0,0,0,0
8,5,size11_comp0.2_grid5_base_medium,11,0.2,medium,base,base,4,4,8,8,0,1,1,1,0,1,5,64,0.0,0.421875,0.8333333333333334,0.3793103448275862,1,0,26,37,31,1,1,30,56,21,7,15,0.234375,UL,-0.0,30,0,0,0,34,1.0,0.0,0.0,0.0,0.53125,,0.0,0.0,0.0,0.0,0,midline,midline,midline,0,0,0,0,0
9,5,size11_comp0.2_grid5_base_medium,11,0.2,medium,base,base,4,4,8,8,0,1,1,1,0,1,17,64,0.0,0.46875,0.6111111111111112,0.41304347826086957,2,1,24,37,19,3,3,38,53,33,21,9,0.140625,UL,0.9980008838722996,10,0,9,0,45,0.5263157894736842,0.0,0.47368421052631576,0.0,0.703125,,0.0,0.0,0.0,0.0,0,midline,midline,midline,0,0,0,0,0
0,6,size11_comp0.2_grid6_base_medium,11,0.2,medium,base,base,5,7,12,4,5,1,1,1,0,0,-1,64,0.0,0.40625,0.40625,0.0,0,0,26,38,18,0,0,45,61,38,0,12,0.1875,UR,-0.0,0,64,0,0,0,0.0,1.0,0.0,0.0,0.0,,0.0,0.0,0.0,0.0,0,ur,midline,dr,1,0,0,0,0
1,6,size11_comp0.2_grid6_base_medium,11,0.2,medium,base,base,5,7,12,4,5,1,1,1,0,0,-1,64,0.0,0.453125,0.453125,0.0,0,0,29,35,14,0,0,49,61,42,0,6,0.09375,UR,-0.0,0,64,0,0,0,0.0,1.0,0.0,0.0,0.0,,0.0,0.0,0.0,0.0,0,ur,midline,dr,1,0,0,0,0
2,6,size11_comp0.2_grid6_base_medium,11,0.2,medium,base,base,5,7,12,4,5,1,1,1,0,0,-1,64,0.0,0.4375,0.4375,0.0,0,0,27,37,19,0,0,44,60,38,0,9,0.140625,UR,-0.0,0,64,0,0,0,0.0,1.0,0.0,0.0,0.0,,0.0,0.0,0.0,0.0,0,ur,midline,dr,1,0,0,0,0
3,6,size11_comp0.2_grid6_base_medium,11,0.2,medium,base,base,5,7,12,4,5,1,1,1,0,0,-1,64,0.0,0.421875,0.421875,0.0,0,0,26,38,17,0,0,46,61,40,0,11,0.171875,UR,-0.0,0,64,0,0,0,0.0,1.0,0.0,0.0,0.0,,0.0,0.0,0.0,0.0,0,ur,midline,dr,1,0,0,0,0
4,6,size11_comp0.2_grid6_base_medium,11,0.2,medium,base,base,5,7,12,4,5,1,1,1,0,0,-1,64,0.0,0.390625,0.390625,0.0,0,0,24,40,27,0,0,36,61,29,0,15,0.234375,UR,-0.0,0,64,0,0,0,0.0,1.0,0.0,0.0,0.0,,0.0,0.0,0.0,0.0,0,ur,midline,dr,1,0,0,0,0
5,6,size11_comp0.2_grid6_base_medium,11,0.2,medium,base,base,5,7,12,4,5,1,1,1,0,0,-1,64,0.0,0.4375,0.4375,0.0,0,0,27,37,21,0,0,42,61,34,0,9,0.140625,UR,-0.0,0,64,0,0,0,0.0,1.0,0.0,0.0,0.0,,0.0,0.0,0.0,0.0,0,ur,midline,dr,1,0,0,0,0
6,6,size11_comp0.2_grid6_base_medium,11,0.2,medium,base,base,5,7,12,4,5,1,1,1,0,0,-1,64,0.0,0.46875,0.46875,0.0,0,0,29,35,13,0,0,50,61,45,0,5,0.078125,UR,-0.0,0,64,0,0,0,0.0,1.0,0.0,0.0,0.0,,0.0,0.0,0.0,0.0,0,ur,midline,dr,1,0,0,0,0
7,6,size11_comp0.2_grid6_base_medium,11,0.2,medium,base,base,5,7,12,4,5,1,1,1,0,0,-1,64,0.0,0.421875,0.421875,0.0,0,0,28,36,12,0,0,51,61,44,0,9,0.140625,UR,-0.0,0,64,0,0,0,0.0,1.0,0.0,0.0,0.0,,0.0,0.0,0.0,0.0,0,ur,midline,dr,1,0,0,0,0
8,6,size11_comp0.2_grid6_base_medium,11,0.2,medium,base,base,5,7,12,4,5,1,1,1,0,0,-1,64,0.0,0.453125,0.453125,0.0,0,0,29,35,12,0,0,51,61,45,0,6,0.09375,UR,-0.0,0,64,0,0,0,0.0,1.0,0.0,0.0,0.0,,0.0,0.0,0.0,0.0,0,ur,midline,dr,1,0,0,0,0
9,6,size11_comp0.2_grid6_base_medium,11,0.2,medium,base,base,5,7,12,4,5,1,1,1,0,0,-1,64,0.0,0.453125,0.453125,0.0,0,0,29,35,18,0,0,45,61,39,0,6,0.09375,UR,-0.0,0,64,0,0,0,0.0,1.0,0.0,0.0,0.0,,0.0,0.0,0.0,0.0,0,ur,midline,dr,1,0,0,0,0
0,7,size11_comp0.2_grid7_base_medium,11,0.2,medium,base,base,6,10,16,12,2,1,1,1,0,1,13,64,0.0,0.515625,0.7142857142857143,0.46,5,0,31,28,20,2,6,35,43,33,4,7,0.109375,DL,1.1714416385441488,0,7,22,3,32,0.0,0.21875,0.6875,0.09375,0.5,DL,0.0,0.0,0.125,0.0,8,dr,ul,dl,0,1,0,0,0
1,7,size11_comp0.2_grid7_base_medium,11,0.2,medium,base,base,6,10,16,12,2,1,1,1,0,1,15,64,0.0,0.46875,0.6875,0.3958333333333333,6,1,29,28,23,6,4,30,42,20,1,13,0.203125,DL,1.4901944396527276,0,14,18,7,25,0.0,0.358974358974359,0.46153846153846156,0.1794871794871795,0.390625,DL,0.0,0.0,0.0625,0.0,4,dr,ul,dl,0,1,0,0,0
2,7,size11_comp0.2_grid7_base_medium,11,0.2,medium,base,base,6,10,16,12,2,1,1,1,0,1,7,64,0.0,0.46875,0.875,0.4107142857142857,5,0,23,36,27,2,4,30,46,23,1,15,0.234375,UL,1.2733667511664173,16,0,13,2,33,0.5161290322580645,0.0,0.41935483870967744,0.06451612903225806,0.515625,DL,0.0,0.0,0.0625,0.0,4,dr,ul,dl,0,0,0,0,0
3,7,size11_comp0.2_grid7_base_medium,11,0.2,medium,base,base,6,10,16,12,2,1,1,1,0,1,9,64,0.0,0.40625,0.8,0.3333333333333333,8,1,32,23,25,4,8,26,44,18,2,21,0.328125,UR,1.4327651039407345,0,20,19,6,19,0.0,0.4444444444444444,0.4222222222222222,0.13333333333333333,0.296875,DL,0.0,0.0,0.078125,0.015625,5,dr,ul,dl,0,0,0,0,0
4,7,size11_comp0.2_grid7_base_medium,11,0.2,medium,base,base,6,10,16,12,2,1,1,1,0,1,5,64,0.0,0.328125,1.0,0.25862068965517243,6,1,35,22,28,7,5,23,42,9,1,31,0.484375,UR,1.154173392945927,0,32,20,2,10,0.0,0.5925925925925926,0.37037037037037035,0.037037037037037035,0.15625,DL,0.0,0.0,0.0625,0.0,4,dr,ul,dl,0,0,0,0,0
5,7,size11_comp0.2_grid7_base_medium,11,0.2,medium,base,base,6,10,16,12,2,1,1,1,0,1,5,64,0.0,0.53125,1.0,0.4827586206896552,6,0,28,30,25,4,6,28,41,26,1,5,0.078125,DL,0.8683927290103626,0,4,26,2,32,0.0,0.125,0.8125,0.0625,0.5,DL,0.0,0.0,0.0625,0.0,4,dr,ul,dl,0,1,0,0,0
6,7,size11_comp0.2_grid7_base_medium,11,0.2,medium,base,base,6,10,16,12,2,1,1,1,0,1,9,64,0.0,0.546875,0.8,0.5,5,0,30,29,30,4,6,23,37,22,0,3,0.046875,DR,1.1334671399860883,0,2,17,32,13,0.0,0.0392156862745098,0.3333333333333333,0.6274509803921569,0.203125,DL,0.0,0.0,0.0625,0.0,4,dr,ul,dl,1,0,0,0,0
7,7,size11_comp0.2_grid7_base_medium,11,0.2,medium,base,base,6,10,16,12,2,1,1,1,0,1,7,64,0.0,0.4375,0.875,0.375,6,0,32,26,28,4,6,25,42,16,1,17,0.265625,DL,1.3221793455166666,0,16,24,4,20,0.0,0.36363636363636365,0.5454545454545454,0.09090909090909091,0.3125,DL,0.0,0.0,0.046875,0.0,3,dr,ul,dl,0,1,0,0,0
8,7,size11_comp0.2_grid7_base_medium,11,0.2,medium,base,base,6,10,16,12,2,1,1,1,0,1,5,64,0.0,0.328125,1.0,0.25862068965517243,5,0,41,18,38,3,5,17,42,13,1,29,0.453125,UR,1.1538687240687704,0,28,15,2,19,0.0,0.6222222222222222,0.3333333333333333,0.044444444444444446,0.296875,DL,0.0,0.0,0.0625,0.0,4,dr,ul,dl,0,0,0,0,0
9,7,size11_comp0.2_grid7_base_medium,11,0.2,medium,base,base,6,10,16,12,2,1,1,1,0,1,5,64,0.0,0.40625,1.0,0.3448275862068966,7,0,33,24,31,6,6,20,41,14,2,21,0.328125,DL,1.2487636811095608,0,17,18,2,27,0.0,0.4594594594594595,0.4864864864864865,0.05405405405405406,0.421875,DL,0.0,0.0,0.078125,0.0,5,dr,ul,dl,0,1,0,0,0
0,8,size11_comp0.2_grid8_base_medium,11,0.2,medium,base,base,7,10,17,13,2,1,1,1,0,0,-1,64,0.0,0.515625,0.515625,0.0,0,0,31,33,23,0,0,40,58,39,0,0,0.0,DL,0.21357981533827733,0,0,57,2,5,0.0,0.0,0.9661016949152542,0.03389830508474576,0.078125,DL,0.0,0.0,0.28125,0.0,5,dl,ur,dr,1,0,0,0,0
1,8,size11_comp0.2_grid8_base_medium,11,0.2,medium,base,base,7,10,17,13,2,1,1,1,0,0,-1,64,0.0,0.515625,0.515625,0.0,4,1,27,32,19,4,4,36,50,35,0,0,0.0,DL,0.6373874992221911,0,0,52,10,2,0.0,0.0,0.8387096774193549,0.16129032258064516,0.03125,DL,0.0,0.0,0.390625,0.0,11,dl,ur,dr,1,0,0,0,0
2,8,size11_comp0.2_grid8_base_medium,11,0.2,medium,base,base,7,10,17,13,2,1,1,1,0,0,-1,64,0.0,0.5,0.5,0.0,4,0,27,33,29,3,4,27,46,27,0,1,0.015625,DR,0.8042522359016422,0,0,14,43,7,0.0,0.0,0.24561403508771928,0.7543859649122807,0.109375,DL,0.0,0.0,0.046875,0.0,1,dl,ur,dr,0,1,0,0,0
3,8,size11_comp0.2_grid8_base_medium,11,0.2,medium,base,base,7,10,17,13,2,1,1,1,0,0,-1,64,0.0,0.5,0.5,0.0,5,1,26,32,17,7,5,34,43,32,0,1,0.015625,DR,0.9377342939868041,0,0,17,31,16,0.0,0.0,0.3541666666666667,0.6458333333333334,0.25,DL,0.0,0.0,0.046875,0.0,1,dl,ur,dr,0,1,0,0,0
4,8,size11_comp0.2_grid8_base_medium,11,0.2,medium,base,base,7,10,17,13,2,1,1,1,0,0,-1,64,0.0,0.5,0.5,0.0,0,0,32,32,21,0,0,42,58,41,0,0,0.0,DL,0.1222915970693747,0,0,59,1,4,0.0,0.0,0.9833333333333333,0.016666666666666666,0.0625,DL,0.0,0.0,0.296875,0.0,6,dl,ur,dr,1,0,0,0,0
5,8,size11_comp0.2_grid8_base_medium,11,0.2,medium,base,base,7,10,17,13,2,1,1,1,0,0,-1,64,0.0,0.46875,0.46875,0.0,5,1,25,33,26,8,4,25,40,23,0,4,0.0625,DR,1.2697816169827234,0,3,22,24,15,0.0,0.061224489795918366,0.4489795918367347,0.4897959183673469,0.234375,DL,0.0,0.0,0.125,0.0,3,dl,ur,dr,0,1,0,0,0
6,8,size11_comp0.2_grid8_base_medium,11,0.2,medium,base,base,7,10,17,13,2,1,1,1,0,0,-1,64,0.0,0.5,0.5,0.0,0,1,31,32,26,1,1,35,57,34,0,1,0.015625,DL,0.35335933502142136,0,0,56,4,4,0.0,0.0,0.9333333333333333,0.06666666666666667,0.0625,DL,0.0,0.0,0.34375,0.0,7,dl,ur,dr,1,0,0,0,0
7,8,size11_comp0.2_grid8_base_medium,11,0.2,medium,base,base,7,10,17,13,2,1,1,1,0,0,-1,64,0.0,0.484375,0.484375,0.0,6,3,24,31,23,9,3,28,46,28,0,3,0.046875,DR,0.674398887071447,0,0,11,51,2,0.0,0.0,0.1774193548387097,0.8225806451612904,0.03125,DL,0.0,0.0,0.015625,0.0,1,dl,ur,dr,0,1,0,0,0
8,8,size11_comp0.2_grid8_base_medium,11,0.2,medium,base,base,7,10,17,13,2,1,1,1,0,0,-1,64,0.0,0.5,0.5,0.0,5,2,26,31,22,5,9,27,43,26,0,1,0.015625,DL,0.7076690004167968,0,0,46,11,7,0.0,0.0,0.8070175438596491,0.19298245614035087,0.109375,DL,0.0,0.0,0.171875,0.0,3,dl,ur,dr,1,0,0,0,0
9,8,size11_comp0.2_grid8_base_medium,11,0.2,medium,base,base,7,10,17,13,2,1,1,1,0,0,-1,64,0.0,0.484375,0.484375,0.0,0,1,32,31,27,2,0,34,57,34,0,1,0.015625,DL,0.41381685030363374,0,0,55,5,4,0.0,0.0,0.9166666666666666,0.08333333333333333,0.0625,DL,0.0,0.0,0.328125,0.0,7,dl,ur,dr,1,0,0,0,0
0,9,size11_comp0.2_grid9_base_medium,11,0.2,medium,base,base,10,11,21,3,9,1,1,1,0,0,-1,64,0.0,0.40625,0.40625,0.0,2,0,24,38,30,3,1,29,52,24,0,17,0.265625,DL,0.6722948170756379,0,0,14,3,47,0.0,0.0,0.8235294117647058,0.17647058823529413,0.734375,,0.0,0.0,0.0,0.0,0,dr,midline,ul,0,0,0,0,0
1,9,size11_comp0.2_grid9_base_medium,11,0.2,medium,base,base,10,11,21,3,9,1,1,1,1,0,-1,35,0.0,0.45714285714285713,0.45714285714285713,0.0,2,0,15,18,15,1,2,16,26,15,0,2,0.05714285714285714,DL,0.9833761901392235,0,0,19,14,2,0.0,0.0,0.5757575757575758,0.42424242424242425,0.05714285714285714,,0.0,0.0,0.0,0.0,0,dr,midline,ul,0,0,0,0,0
2,9,size11_comp0.2_grid9_base_medium,11,0.2,medium,base,base,10,11,21,3,9,1,1,1,0,0,-1,64,0.0,0.34375,0.34375,0.0,2,0,20,42,35,0,3,25,56,17,0,23,0.359375,DR,-0.0,0,0,0,5,59,0.0,0.0,0.0,1.0,0.921875,,0.0,0.0,0.0,0.0,0,dr,midline,ul,1,0,0,0,0
3,9,size11_comp0.2_grid9_base_medium,11,0.2,medium,base,base,10,11,21,3,9,1,1,1,0,0,-1,64,0.0,0.390625,0.390625,0.0,2,0,23,39,35,1,3,24,51,20,0,17,0.265625,DL,0.7642045065086203,0,0,14,4,46,0.0,0.0,0.7777777777777778,0.2222222222222222,0.71875,,0.0,0.0,0.0,0.0,0,dr,midline,ul,0,0,0,0,0
4,9,size11_comp0.2_grid9_base_medium,11,0.2,medium,base,base,10,11,21,3,9,1,1,1,0,0,-1,64,0.0,0.359375,0.359375,0.0,2,0,21,41,36,0,2,25,54,19,0,22,0.34375,DL,0.9182958340544896,0,0,4,2,58,0.0,0.0,0.6666666666666666,0.3333333333333333,0.90625,,0.0,0.0,0.0,0.0,0,dr,midline,ul,0,0,0,0,0
5,9,size11_comp0.2_grid9_base_medium,11,0.2,medium,base,base,10,11,21,3,9,1,1,1,0,0,-1,64,0.0,0.296875,0.296875,0.0,2,0,17,45,38,3,1,21,51,13,0,29,0.453125,DR,0.7642045065086203,0,0,4,14,46,0.0,0.0,0.2222222222222222,0.7777777777777778,0.71875,,0.0,0.0,0.0,0.0,0,dr,midline,ul,1,0,0,0,0
6,9,size11_comp0.2_grid9_base_medium,11,0.2,medium,base,base,10,11,21,3,9,1,1,1,0,0,-1,64,0.0,0.3125,0.3125,0.0,2,0,18,44,37,3,1,22,53,15,0,29,0.453125,DR,0.9182958340544896,0,0,3,6,55,0.0,0.0,0.3333333333333333,0.6666666666666666,0.859375,,0.0,0.0,0.0,0.0,0,dr,midline,ul,1,0,0,0,0
7,9,size11_comp0.2_grid9_base_medium,11,0.2,medium,base,base,10,11,21,3,9,1,1,1,1,0,-1,40,0.0,0.375,0.375,0.0,4,0,14,22,15,2,2,20,35,19,0,9,0.225,DR,0.31599713297842463,0,0,2,33,5,0.0,0.0,0.05714285714285714,0.9428571428571428,0.125,,0.0,0.0,0.0,0.0,0,dr,midline,ul,1,0,0,0,0
8,9,size11_comp0.2_grid9_base_medium,11,0.2,medium,base,base,10,11,21,3,9,1,1,1,0,0,-1,64,0.0,0.453125,0.453125,0.0,5,0,30,29,28,4,6,25,52,21,0,9,0.140625,DR,0.9043814577244937,0,0,16,34,14,0.0,0.0,0.32,0.68,0.21875,,0.0,0.0,0.0,0.0,0,dr,midline,ul,1,0,0,0,0
9,9,size11_comp0.2_grid9_base_medium,11,0.2,medium,base,base,10,11,21,3,9,1,1,1,0,0,-1,64,0.0,0.46875,0.46875,0.0,2,0,28,34,24,2,2,35,52,31,0,7,0.109375,DL,0.9494520153879484,0,0,24,14,26,0.0,0.0,0.631578947368421,0.3684210526315789,0.40625,,0.0,0.0,0.0,0.0,0,dr,midline,ul,0,0,0,0,0
0,0,size11_comp0.4_grid0_base_medium,11,0.4,medium,base,base,6,9,15,9,6,1,1,1,0,0,-1,64,0.0,0.375,0.375,0.0,8,7,27,22,18,13,6,26,52,21,0,18,0.28125,DL,0.9587118829771318,0,0,26,16,22,0.0,0.0,0.6190476190476191,0.38095238095238093,0.34375,DL,0.0,0.0,0.03125,0.0,1,midline,ul,dl,0,1,0,0,0
1,0,size11_comp0.4_grid0_base_medium,11,0.4,medium,base,base,6,9,15,9,6,1,1,1,0,0,-1,64,0.0,0.390625,0.390625,0.0,9,12,26,17,16,12,11,24,50,21,0,16,0.25,DL,-0.0,0,0,34,0,30,0.0,0.0,1.0,0.0,0.46875,DL,0.0,0.0,0.046875,0.0,1,midline,ul,dl,0,1,0,0,0
2,0,size11_comp0.4_grid0_base_medium,11,0.4,medium,base,base,6,9,15,9,6,1,1,1,0,0,-1,64,0.0,0.453125,0.453125,0.0,8,9,25,22,17,8,8,30,51,27,0,9,0.140625,DL,0.866725613094959,0,0,37,15,12,0.0,0.0,0.7115384615384616,0.28846153846153844,0.1875,DL,0.0,0.0,0.09375,0.0,2,midline,ul,dl,0,1,0,0,0
3,0,size11_comp0.4_grid0_base_medium,11,0.4,medium,base,base,6,9,15,9,6,1,1,1,0,0,-1,64,0.0,0.328125,0.328125,0.0,8,8,29,19,25,17,7,14,50,10,0,26,0.40625,DL,0.8112781244591328,0,0,21,7,36,0.0,0.0,0.75,0.25,0.5625,DL,0.0,0.0,0.046875,0.0,2,midline,ul,dl,0,1,0,0,0
4,0,size11_comp0.4_grid0_base_medium,11,0.4,medium,base,base,6,9,15,9,6,1,1,1,0,0,-1,64,0.0,0.3125,0.3125,0.0,3,6,33,22,14,7,11,31,57,18,0,29,0.453125,DL,-0.0,0,0,7,0,57,0.0,0.0,1.0,0.0,0.890625,,0.0,0.0,0.0,0.0,0,midline,ul,dl,0,1,0,0,0
5,0,size11_comp0.4_grid0_base_medium,11,0.4,medium,base,base,6,9,15,9,6,1,1,1,0,0,-1,64,0.0,0.265625,0.265625,0.0,4,7,35,18,23,8,9,23,60,11,0,30,0.46875,UL,0.0,0,0,0,0,64,0.0,0.0,0.0,0.0,1.0,,0.0,0.0,0.0,0.0,0,midline,ul,dl,0,0,0,0,0
6,0,size11_comp0.4_grid0_base_medium,11,0.4,medium,base,base,6,9,15,9,6,1,1,1,0,0,-1,64,0.0,0.328125,0.328125,0.0,4,7,34,19,23,10,8,22,51,16,0,23,0.359375,DR,0.863120568566631,0,0,8,20,36,0.0,0.0,0.2857142857142857,0.7142857142857143,0.5625,,0.0,0.0,0.0,0.0,0,midline,ul,dl,0,0,0,0,0
7,0,size11_comp0.4_grid0_base_medium,11,0.4,medium,base,base,6,9,15,9,6,1,1,1,0,0,-1,64,0.0,0.359375,0.359375,0.0,6,8,35,15,26,6,7,24,54,20,0,20,0.3125,DL,-0.0,0,0,34,0,30,0.0,0.0,1.0,0.0,0.46875,DL,0.0,0.0,0.09375,0.0,1,midline,ul,dl,0,1,0,0,0
8,0,size11_comp0.4_grid0_base_medium,11,0.4,medium,base,base,6,9,15,9,6,1,1,1,0,0,-1,64,0.0,0.296875,0.296875,0.0,4,6,43,11,31,8,8,16,51,12,0,28,0.4375,DR,0.9991421039919088,0,0,14,15,35,0.0,0.0,0.4827586206896552,0.5172413793103449,0.546875,DL,0.0,0.0,0.015625,0.0,1,midline,ul,dl,0,0,0,0,0
9,0,size11_comp0.4_grid0_base_medium,11,0.4,medium,base,base,6,9,15,9,6,1,1,1,0,0,-1,64,0.0,0.296875,0.296875,0.0,9,5,27,23,27,9,9,18,47,15,0,25,0.390625,DL,0.9402859586706311,10,0,18,0,36,0.35714285714285715,0.0,0.6428571428571429,0.0,0.5625,DL,0.0,0.0,0.015625,0.0,1,midline,ul,dl,0,1,0,0,0
0,1,size11_comp0.4_grid1_base_medium,11,0.4,medium,base,base,9,3,12,6,3,1,1,1,0,0,-1,64,0.0,0.03125,0.03125,0.0,0,0,62,2,59,0,0,4,62,2,0,60,0.9375,UR,-0.0,0,64,0,0,0,0.0,1.0,0.0,0.0,0.0,UR,0.0,0.03125,0.0,0.0,1,ur,ul,ul,1,0,0,0,0
1,1,size11_comp0.4_grid1_base_medium,11,0.4,medium,base,base,9,3,12,6,3,1,1,1,0,0,-1,64,0.0,0.03125,0.03125,0.0,0,0,62,2,59,0,0,4,62,2,0,60,0.9375,UR,-0.0,0,64,0,0,0,0.0,1.0,0.0,0.0,0.0,UR,0.0,0.03125,0.0,0.0,1,ur,ul,ul,1,0,0,0,0
2,1,size11_comp0.4_grid1_base_medium,11,0.4,medium,base,base,9,3,12,6,3,1,1,1,0,0,-1,64,0.0,0.09375,0.09375,0.0,0,0,58,6,51,0,0,12,62,8,0,52,0.8125,UR,-0.0,0,64,0,0,0,0.0,1.0,0.0,0.0,0.0,UR,0.0,0.09375,0.0,0.0,1,ur,ul,ul,1,0,0,0,0
3,1,size11_comp0.4_grid1_base_medium,11,0.4,medium,base,base,9,3,12,6,3,1,1,1,0,0,-1,64,0.0,0.046875,0.046875,0.0,0,0,61,3,59,0,0,4,61,2,0,58,0.90625,UR,-0.0,0,64,0,0,0,0.0,1.0,0.0,0.0,0.0,UR,0.0,0.0625,0.0,0.0,3,ur,ul,ul,1,0,0,0,0
4,1,size11_comp0.4_grid1_base_medium,11,0.4,medium,base,base,9,3,12,6,3,1,1,1,0,0,-1,64,0.0,0.015625,0.015625,0.0,0,0,62,2,61,0,0,2,61,0,0,61,0.953125,UR,-0.0,0,64,0,0,0,0.0,1.0,0.0,0.0,0.0,UR,0.0,0.03125,0.0,0.0,2,ur,ul,ul,1,0,0,0,0
5,1,size11_comp0.4_grid1_base_medium,11,0.4,medium,base,base,9,3,12,6,3,1,1,1,0,0,-1,64,0.0,0.015625,0.015625,0.0,0,0,63,1,61,0,0,2,62,1,0,62,0.96875,UR,-0.0,0,64,0,0,0,0.0,1.0,0.0,0.0,0.0,UR,0.0,0.015625,0.0,0.0,1,ur,ul,ul,1,0,0,0,0
6,1,size11_comp0.4_grid1_base_medium,11,0.4,medium,base,base,9,3,12,6,3,1,1,1,0,0,-1,64,0.0,0.046875,0.046875,0.0,0,0,61,3,57,0,0,6,62,4,0,58,0.90625,UR,-0.0,0,64,0,0,0,0.0,1.0,0.0,0.0,0.0,UR,0.0,0.046875,0.0,0.0,1,ur,ul,ul,1,0,0,0,0
7,1,size11_comp0.4_grid1_base_medium,11,0.4,medium,base,base,9,3,12,6,3,1,1,1,0,0,-1,64,0.0,0.0625,0.0625,0.0,0,0,60,4,55,0,0,8,62,6,0,56,0.875,UR,-0.0,0,64,0,0,0,0.0,1.0,0.0,0.0,0.0,UR,0.0,0.0625,0.0,0.0,1,ur,ul,ul,1,0,0,0,0
8,1,size11_comp0.4_grid1_base_medium,11,0.4,medium,base,base,9,3,12,6,3,1,1,1,0,0,-1,64,0.0,0.09375,0.09375,0.0,0,0,58,6,53,0,0,10,61,5,0,52,0.8125,UR,-0.0,0,64,0,0,0,0.0,1.0,0.0,0.0,0.0,UR,0.0,0.109375,0.0,0.0,3,ur,ul,ul,1,0,0,0,0
9,1,size11_comp0.4_grid1_base_medium,11,0.4,medium,base,base,9,3,12,6,3,1,1,1,0,0,-1,64,0.0,0.046875,0.046875,0.0,0,0,61,3,57,0,0,6,62,4,0,58,0.90625,UR,-0.0,0,64,0,0,0,0.0,1.0,0.0,0.0,0.0,UR,0.0,0.046875,0.0,0.0,1,ur,ul,ul,1,0,0,0,0
0,2,size11_comp0.4_grid2_base_medium,11,0.4,medium,base,base,8,7,15,5,6,1,1,1,0,0,-1,64,0.0,0.171875,0.171875,0.0,1,0,53,10,45,1,1,16,59,10,0,42,0.65625,DR,-0.0,0,0,0,13,51,0.0,0.0,0.0,1.0,0.796875,,0.0,0.0,0.0,0.0,0,dr,midline,dl,1,0,0,0,0
1,2,size11_comp0.4_grid2_base_medium,11,0.4,medium,base,base,8,7,15,5,6,1,1,1,0,0,-1,64,0.0,0.234375,0.234375,0.0,1,0,47,16,40,1,1,21,56,15,0,34,0.53125,DR,-0.0,0,0,0,24,40,0.0,0.0,0.0,1.0,0.625,DR,0.0,0.0,0.0,0.078125,5,dr,midline,dl,1,0,0,0,0
2,2,size11_comp0.4_grid2_base_medium,11,0.4,medium,base,base,8,7,15,5,6,1,1,1,0,0,-1,64,0.0,0.078125,0.078125,0.0,1,0,59,4,53,1,1,8,60,5,0,54,0.84375,DR,-0.0,0,0,0,5,59,0.0,0.0,0.0,1.0,0.921875,,0.0,0.0,0.0,0.0,0,dr,midline,dl,1,0,0,0,0
3,2,size11_comp0.4_grid2_base_medium,11,0.4,medium,base,base,8,7,15,5,6,1,1,1,0,0,-1,64,0.0,0.109375,0.109375,0.0,1,0,57,6,50,1,0,12,61,6,0,50,0.78125,DR,-0.0,0,0,0,8,56,0.0,0.0,0.0,1.0,0.875,,0.0,0.0,0.0,0.0,0,dr,midline,dl,1,0,0,0,0
4,2,size11_comp0.4_grid2_base_medium,11,0.4,medium,base,base,8,7,15,5,6,1,1,1,0,0,-1,64,0.0,0.21875,0.21875,0.0,1,0,50,13,38,1,1,23,59,15,0,36,0.5625,DR,-0.0,0,0,0,18,46,0.0,0.0,0.0,1.0,0.71875,,0.0,0.0,0.0,0.0,0,dr,midline,dl,1,0,0,0,0
5,2,size11_comp0.4_grid2_base_medium,11,0.4,medium,base,base,8,7,15,5,6,1,1,1,0,0,-1,64,0.0,0.171875,0.171875,0.0,1,0,53,10,44,0,2,17,59,10,0,42,0.65625,DR,-0.0,0,0,0,12,52,0.0,0.0,0.0,1.0,0.8125,,0.0,0.0,0.0,0.0,0,dr,midline,dl,1,0,0,0,0
6,2,size11_comp0.4_grid2_base_medium,11,0.4,medium,base,base,8,7,15,5,6,1,1,1,0,0,-1,64,0.0,0.171875,0.171875,0.0,1,0,53,10,42,1,0,20,61,12,0,42,0.65625,DR,-0.0,0,0,0,12,52,0.0,0.0,0.0,1.0,0.8125,,0.0,0.0,0.0,0.0,0,dr,midline,dl,1,0,0,0,0
7,2,size11_comp0.4_grid2_base_medium,11,0.4,medium,base,base,8,7,15,5,6,1,1,1,0,0,-1,64,0.0,0.171875,0.171875,0.0,1,0,53,10,45,2,0,16,57,10,0,42,0.65625,DR,-0.0,0,0,0,16,48,0.0,0.0,0.0,1.0,0.75,DR,0.0,0.0,0.0,0.046875,1,dr,midline,dl,1,0,0,0,0
8,2,size11_comp0.4_grid2_base_medium,11,0.4,medium,base,base,8,7,15,5,6,1,1,1,0,0,-1,64,0.0,0.203125,0.203125,0.0,1,0,48,15,47,2,0,14,55,11,0,38,0.59375,DR,-0.0,0,0,0,24,40,0.0,0.0,0.0,1.0,0.625,DR,0.0,0.0,0.0,0.109375,6,dr,midline,dl,1,0,0,0,0
9,2,size11_comp0.4_grid2_base_medium,11,0.4,medium,base,base,8,7,15,5,6,1,1,1,0,0,-1,64,0.0,0.09375,0.09375,0.0,1,0,58,5,54,1,0,8,60,4,0,52,0.8125,DR,-0.0,0,0,0,8,56,0.0,0.0,0.0,1.0,0.875,,0.0,0.0,0.0,0.0,0,dr,midline,dl,1,0,0,0,0
0,3,size11_comp0.4_grid3_base_medium,11,0.4,medium,base,base,4,3,7,5,1,1,1,1,1,1,7,13,0.5384615384615384,0.6923076923076923,0.625,0.8,3,0,7,3,3,4,2,3,4,2,1,2,0.15384615384615385,DR,0.863120568566631,0,2,0,5,6,0.0,0.2857142857142857,0.0,0.7142857142857143,0.46153846153846156,,0.0,0.0,0.0,0.0,0,dr,midline,midline,1,0,0,0,0
1,3,size11_comp0.4_grid3_base_medium,11,0.4,medium,base,base,4,3,7,5,1,1,1,1,1,1,9,17,0.4117647058823529,0.5294117647058824,0.4,0.7142857142857143,3,0,10,4,7,0,5,4,10,3,1,6,0.35294117647058826,DR,0.5916727785823275,0,1,0,6,10,0.0,0.14285714285714285,0.0,0.8571428571428571,0.5882352941176471,,0.0,0.0,0.0,0.0,0,dr,midline,midline,1,0,0,0,0
2,3,size11_comp0.4_grid3_base_medium,11,0.4,medium,base,base,4,3,7,5,1,1,1,1,1,1,7,52,0.1346153846153846,0.46153846153846156,0.625,0.4318181818181818,3,0,22,27,23,4,2,22,40,16,1,11,0.21153846153846154,UR,0.8067379295705629,2,34,0,5,11,0.04878048780487805,0.8292682926829268,0.0,0.12195121951219512,0.21153846153846154,,0.0,0.0,0.0,0.0,0,dr,midline,midline,0,0,0,0,0
3,3,size11_comp0.4_grid3_base_medium,11,0.4,medium,base,base,4,3,7,5,1,1,1,1,1,1,39,50,0.14,0.3,0.225,0.6,3,0,38,9,32,2,3,12,40,8,3,27,0.54,DR,0.38431154412649704,3,0,0,37,10,0.075,0.0,0.0,0.925,0.2,,0.0,0.0,0.0,0.0,0,dr,midline,midline,1,0,0,0,0
4,3,size11_comp0.4_grid3_base_medium,11,0.4,medium,base,base,4,3,7,5,1,1,1,1,1,1,10,47,0.14893617021276595,0.44680851063829785,0.45454545454545453,0.4444444444444444,5,1,22,19,26,4,4,12,34,8,2,12,0.2553191489361702,DL,1.1462779945942128,0,3,25,8,11,0.0,0.08333333333333333,0.6944444444444444,0.2222222222222222,0.23404255319148937,,0.0,0.0,0.0,0.0,0,dr,midline,midline,0,0,0,0,0
5,3,size11_comp0.4_grid3_base_medium,11,0.4,medium,base,base,4,3,7,5,1,1,1,1,1,1,12,25,0.28,0.4,0.3076923076923077,0.5,3,0,15,7,15,4,2,3,13,1,1,12,0.48,DR,1.4772170014624826,3,5,0,8,9,0.1875,0.3125,0.0,0.5,0.36,,0.0,0.0,0.0,0.0,0,dr,midline,midline,1,0,0,0,0
6,3,size11_comp0.4_grid3_base_medium,11,0.4,medium,base,base,4,3,7,5,1,1,1,1,1,1,9,34,0.20588235294117646,0.47058823529411764,0.5,0.4583333333333333,3,0,16,15,15,3,2,13,24,9,1,9,0.2647058823529412,UR,1.0994839817876882,1,16,0,7,10,0.041666666666666664,0.6666666666666666,0.0,0.2916666666666667,0.29411764705882354,,0.0,0.0,0.0,0.0,0,dr,midline,midline,0,0,0,0,0
7,3,size11_comp0.4_grid3_base_medium,11,0.4,medium,base,base,4,3,7,5,1,1,1,1,1,1,35,57,0.12280701754385964,0.43859649122807015,0.3611111111111111,0.5714285714285714,4,1,34,18,21,8,2,25,44,20,2,14,0.24561403508771928,DR,0.8200619345557181,2,5,0,33,17,0.05,0.125,0.0,0.825,0.2982456140350877,,0.0,0.0,0.0,0.0,0,dr,midline,midline,1,0,0,0,0
8,3,size11_comp0.4_grid3_base_medium,11,0.4,medium,base,base,4,3,7,5,1,1,1,1,1,1,39,43,0.16279069767441862,0.2558139534883721,0.2,1.0,3,0,35,5,30,2,1,9,36,5,1,28,0.6511627906976745,DR,-0.0,0,0,0,37,6,0.0,0.0,0.0,1.0,0.13953488372093023,,0.0,0.0,0.0,0.0,0,dr,midline,midline,1,0,0,0,0
9,3,size11_comp0.4_grid3_base_medium,11,0.4,medium,base,base,4,3,7,5,1,1,1,1,1,1,4,52,0.1346153846153846,0.5,0.8,0.46808510638297873,4,1,22,25,21,6,2,22,40,19,1,7,0.1346153846153846,UR,0.3227569588973982,0,32,0,2,18,0.0,0.9411764705882353,0.0,0.058823529411764705,0.34615384615384615,,0.0,0.0,0.0,0.0,0,dr,midline,midline,0,0,0,0,0
0,4,size11_comp0.4_grid4_base_medium,11,0.4,medium,base,base,8,12,20,8,7,1,1,1,0,0,-1,64,0.0,0.296875,0.296875,0.0,4,1,25,34,20,5,5,33,54,21,0,26,0.40625,UR,0.6665783579949205,4,19,0,0,41,0.17391304347826086,0.8260869565217391,0.0,0.0,0.640625,,0.0,0.0,0.0,0.0,0,ul,ur,dl,0,0,0,0,0
1,4,size11_comp0.4_grid4_base_medium,11,0.4,medium,base,base,8,12,20,8,7,1,1,1,0,0,-1,64,0.0,0.15625,0.15625,0.0,2,2,10,50,45,0,8,10,57,4,0,46,0.71875,UL,-0.0,8,0,0,0,56,1.0,0.0,0.0,0.0,0.875,,0.0,0.0,0.0,0.0,0,ul,ur,dl,1,0,0,0,0
2,4,size11_comp0.4_grid4_base_medium,11,0.4,medium,base,base,8,12,20,8,7,1,1,1,0,0,-1,64,0.0,0.359375,0.359375,0.0,3,2,23,36,27,5,4,27,53,23,0,17,0.265625,UR,0.4044483864864383,5,57,0,0,2,0.08064516129032258,0.9193548387096774,0.0,0.0,0.03125,,0.0,0.0,0.0,0.0,0,ul,ur,dl,0,0,0,0,0
3,4,size11_comp0.4_grid4_base_medium,11,0.4,medium,base,base,8,12,20,8,7,1,1,1,0,0,-1,64,0.0,0.234375,0.234375,0.0,4,4,18,38,30,8,6,19,50,10,0,34,0.53125,UR,0.47543164626872064,5,44,0,0,15,0.10204081632653061,0.8979591836734694,0.0,0.0,0.234375,,0.0,0.0,0.0,0.0,0,ul,ur,dl,0,0,0,0,0
4,4,size11_comp0.4_grid4_base_medium,11,0.4,medium,base,base,8,12,20,8,7,1,1,1,0,0,-1,64,0.0,0.234375,0.234375,0.0,2,1,15,46,43,1,5,14,49,11,0,33,0.515625,UR,0.6840384356390417,4,18,0,0,42,0.18181818181818182,0.8181818181818182,0.0,0.0,0.65625,,0.0,0.0,0.0,0.0,0,ul,ur,dl,0,0,0,0,0
5,4,size11_comp0.4_grid4_base_medium,11,0.4,medium,base,base,8,12,20,8,7,1,1,1,0,0,-1,64,0.0,0.296875,0.296875,0.0,4,3,17,40,31,2,6,24,52,13,0,26,0.40625,UL,0.9043814577244937,17,8,0,0,39,0.68,0.32,0.0,0.0,0.609375,,0.0,0.0,0.0,0.0,0,ul,ur,dl,1,0,0,0,0
6,4,size11_comp0.4_grid4_base_medium,11,0.4,medium,base,base,8,12,20,8,7,1,1,1,0,0,-1,64,0.0,0.171875,0.171875,0.0,1,2,6,55,47,3,2,11,58,7,0,45,0.703125,UL,-0.0,13,0,0,0,51,1.0,0.0,0.0,0.0,0.796875,,0.0,0.0,0.0,0.0,0,ul,ur,dl,1,0,0,0,0
7,4,size11_comp0.4_grid4_base_medium,11,0.4,medium,base,base,8,12,20,8,7,1,1,1,0,0,-1,64,0.0,0.171875,0.171875,0.0,0,3,8,53,49,4,0,10,59,4,0,44,0.6875,UL,-0.0,17,0,0,0,47,1.0,0.0,0.0,0.0,0.734375,,0.0,0.0,0.0,0.0,0,ul,ur,dl,1,0,0,0,0
8,4,size11_comp0.4_grid4_base_medium,11,0.4,medium,base,base,8,12,20,8,7,1,1,1,0,0,-1,64,0.0,0.125,0.125,0.0,1,2,3,58,51,3,3,6,57,3,0,50,0.78125,UL,-0.0,8,0,0,0,56,1.0,0.0,0.0,0.0,0.875,,0.0,0.0,0.0,0.0,0,ul,ur,dl,1,0,0,0,0
9,4,size11_comp0.4_grid4_base_medium,11,0.4,medium,base,base,8,12,20,8,7,1,1,1,0,0,-1,64,0.0,0.359375,0.359375,0.0,2,3,20,39,26,6,4,27,50,23,0,18,0.28125,UR,0.4820661480830931,5,43,0,0,16,0.10416666666666667,0.8958333333333334,0.0,0.0,0.25,,0.0,0.0,0.0,0.0,0,ul,ur,dl,0,0,0,0,0
0,5,size11_comp0.4_grid5_base_medium,11,0.4,medium,base,base,12,10,22,6,8,1,1,1,1,0,-1,58,0.0,0.5172413793103449,0.5172413793103449,0.0,0,0,26,32,25,0,0,32,52,32,0,0,0.0,DL,0.1292337748458849,0,0,55,1,2,0.0,0.0,0.9821428571428571,0.017857142857142856,0.034482758620689655,,0.0,0.0,0.0,0.0,0,dl,dr,ur,1,0,0,0,0
1,5,size11_comp0.4_grid5_base_medium,11,0.4,medium,base,base,12,10,22,6,8,1,1,1,1,0,-1,24,0.0,0.5416666666666666,0.5416666666666666,0.0,0,0,9,15,9,0,0,14,18,14,0,0,0.0,DL,0.4689955935892812,0,0,18,2,4,0.0,0.0,0.9,0.1,0.16666666666666666,,0.0,0.0,0.0,0.0,0,dl,dr,ur,1,0,0,0,0
2,5,size11_comp0.4_grid5_base_medium,11,0.4,medium,base,base,12,10,22,6,8,1,1,1,1,0,-1,40,0.0,0.525,0.525,0.0,0,0,17,23,19,0,0,20,34,20,0,0,0.0,DL,0.1792560669283215,0,0,36,1,3,0.0,0.0,0.972972972972973,0.02702702702702703,0.075,,0.0,0.0,0.0,0.0,0,dl,dr,ur,1,0,0,0,0
3,5,size11_comp0.4_grid5_base_medium,11,0.4,medium,base,base,12,10,22,6,8,1,1,1,1,0,-1,36,0.0,0.5277777777777778,0.5277777777777778,0.0,0,0,15,21,17,0,0,18,30,18,0,0,0.0,DL,0.19590927087360493,0,0,32,1,3,0.0,0.0,0.9696969696969697,0.030303030303030304,0.08333333333333333,,0.0,0.0,0.0,0.0,0,dl,dr,ur,1,0,0,0,0
4,5,size11_comp0.4_grid5_base_medium,11,0.4,medium,base,base,12,10,22,6,8,1,1,1,1,0,-1,12,0.0,0.5833333333333334,0.5833333333333334,0.0,0,0,3,9,5,0,0,6,6,6,0,0,0.0,DL,0.4394969869215134,0,0,10,1,1,0.0,0.0,0.9090909090909091,0.09090909090909091,0.08333333333333333,,0.0,0.0,0.0,0.0,0,dl,dr,ur,1,0,0,0,0
5,5,size11_comp0.4_grid5_base_medium,11,0.4,medium,base,base,12,10,22,6,8,1,1,1,1,0,-1,42,0.0,0.5238095238095238,0.5238095238095238,0.0,0,0,18,24,15,0,0,26,36,26,0,0,0.0,DL,0.1654270339962668,0,0,40,1,1,0.0,0.0,0.975609756097561,0.024390243902439025,0.023809523809523808,,0.0,0.0,0.0,0.0,0,dl,dr,ur,1,0,0,0,0
6,5,size11_comp0.4_grid5_base_medium,11,0.4,medium,base,base,12,10,22,6,8,1,1,1,1,0,-1,22,0.0,0.5454545454545454,0.5454545454545454,0.0,0,0,8,14,11,0,0,10,16,10,0,0,0.0,DL,0.8366407419411672,0,0,11,4,7,0.0,0.0,0.7333333333333333,0.26666666666666666,0.3181818181818182,,0.0,0.0,0.0,0.0,0,dl,dr,ur,1,0,0,0,0
7,5,size11_comp0.4_grid5_base_medium,11,0.4,medium,base,base,12,10,22,6,8,1,1,1,1,0,-1,38,0.0,0.5263157894736842,0.5263157894736842,0.0,0,0,16,22,19,0,0,18,32,18,0,0,0.0,DL,0.4798320236161285,0,0,26,3,9,0.0,0.0,0.896551724137931,0.10344827586206896,0.23684210526315788,,0.0,0.0,0.0,0.0,0,dl,dr,ur,1,0,0,0,0
8,5,size11_comp0.4_grid5_base_medium,11,0.4,medium,base,base,12,10,22,6,8,1,1,1,1,0,-1,16,0.0,0.5625,0.5625,0.0,0,0,5,11,9,0,0,6,10,6,0,0,0.0,DL,0.6500224216483541,0,0,10,2,4,0.0,0.0,0.8333333333333334,0.16666666666666666,0.25,,0.0,0.0,0.0,0.0,0,dl,dr,ur,1,0,0,0,0
9,5,size11_comp0.4_grid5_base_medium,11,0.4,medium,base,base,12,10,22,6,8,1,1,1,1,0,-1,42,0.0,0.5238095238095238,0.5238095238095238,0.0,0,0,18,24,15,0,0,26,36,26,0,0,0.0,DL,0.17556502585750278,0,0,37,1,4,0.0,0.0,0.9736842105263158,0.02631578947368421,0.09523809523809523,,0.0,0.0,0.0,0.0,0,dl,dr,ur,1,0,0,0,0
0,6,size11_comp0.4_grid6_base_medium,11,0.4,medium,base,base,5,9,14,12,1,1,1,1,0,0,-1,64,0.0,0.0,0.0,0.0,0,0,0,64,63,0,0,0,63,0,0,64,1.0,DL,-0.0,0,0,64,0,0,0.0,0.0,1.0,0.0,0.0,,0.0,0.0,0.0,0.0,0,dl,ur,dl,1,1,0,0,0
1,6,size11_comp0.4_grid6_base_medium,11,0.4,medium,base,base,5,9,14,12,1,1,1,1,0,0,-1,64,0.0,0.0,0.0,0.0,0,0,0,64,63,0,0,0,63,0,0,64,1.0,DL,-0.0,0,0,64,0,0,0.0,0.0,1.0,0.0,0.0,,0.0,0.0,0.0,0.0,0,dl,ur,dl,1,1,0,0,0
2,6,size11_comp0.4_grid6_base_medium,11,0.4,medium,base,base,5,9,14,12,1,1,1,1,0,0,-1,64,0.0,0.0,0.0,0.0,0,0,0,64,63,0,0,0,63,0,0,64,1.0,DL,-0.0,0,0,64,0,0,0.0,0.0,1.0,0.0,0.0,,0.0,0.0,0.0,0.0,0,dl,ur,dl,1,1,0,0,0
3,6,size11_comp0.4_grid6_base_medium,11,0.4,medium,base,base,5,9,14,12,1,1,1,1,0,0,-1,64,0.0,0.0,0.0,0.0,0,0,0,64,63,0,0,0,63,0,0,64,1.0,DL,-0.0,0,0,64,0,0,0.0,0.0,1.0,0.0,0.0,,0.0,0.0,0.0,0.0,0,dl,ur,dl,1,1,0,0,0
4,6,size11_comp0.4_grid6_base_medium,11,0.4,medium,base,base,5,9,14,12,1,1,1,1,0,0,-1,64,0.0,0.0,0.0,0.0,0,0,1,63,61,0,0,2,63,0,0,64,1.0,DL,-0.0,0,0,64,0,0,0.0,0.0,1.0,0.0,0.0,,0.0,0.0,0.0,0.0,0,dl,ur,dl,1,1,0,0,0
5,6,size11_comp0.4_grid6_base_medium,11,0.4,medium,base,base,5,9,14,12,1,1,1,1,0,0,-1,64,0.0,0.0,0.0,0.0,0,0,0,64,63,0,0,0,63,0,0,64,1.0,DL,-0.0,0,0,64,0,0,0.0,0.0,1.0,0.0,0.0,,0.0,0.0,0.0,0.0,0,dl,ur,dl,1,1,0,0,0
6,6,size11_comp0.4_grid6_base_medium,11,0.4,medium,base,base,5,9,14,12,1,1,1,1,0,0,-1,64,0.0,0.0,0.0,0.0,0,0,0,64,63,0,0,0,63,0,0,64,1.0,DL,-0.0,0,0,64,0,0,0.0,0.0,1.0,0.0,0.0,,0.0,0.0,0.0,0.0,0,dl,ur,dl,1,1,0,0,0
7,6,size11_comp0.4_grid6_base_medium,11,0.4,medium,base,base,5,9,14,12,1,1,1,1,0,0,-1,64,0.0,0.0,0.0,0.0,0,0,0,64,63,0,0,0,63,0,0,64,1.0,DL,-0.0,0,0,64,0,0,0.0,0.0,1.0,0.0,0.0,,0.0,0.0,0.0,0.0,0,dl,ur,dl,1,1,0,0,0
8,6,size11_comp0.4_grid6_base_medium,11,0.4,medium,base,base,5,9,14,12,1,1,1,1,0,0,-1,64,0.0,0.0,0.0,0.0,0,0,0,64,63,0,0,0,63,0,0,64,1.0,DL,-0.0,0,0,64,0,0,0.0,0.0,1.0,0.0,0.0,,0.0,0.0,0.0,0.0,0,dl,ur,dl,1,1,0,0,0
9,6,size11_comp0.4_grid6_base_medium,11,0.4,medium,base,base,5,9,14,12,1,1,1,1,0,0,-1,64,0.0,0.0,0.0,0.0,0,0,0,64,63,0,0,0,63,0,0,64,1.0,DL,-0.0,0,0,64,0,0,0.0,0.0,1.0,0.0,0.0,,0.0,0.0,0.0,0.0,0,dl,ur,dl,1,1,0,0,0
0,7,size11_comp0.4_grid7_base_medium,11,0.4,medium,base,base,13,5,18,12,3,1,1,1,0,0,-1,64,0.0,0.234375,0.234375,0.0,6,3,15,40,31,5,9,18,57,9,0,37,0.578125,DL,-0.0,0,0,62,0,2,0.0,0.0,1.0,0.0,0.03125,DL,0.0,0.0,0.15625,0.0,4,dl,dr,ur,1,0,0,0,0
1,7,size11_comp0.4_grid7_base_medium,11,0.4,medium,base,base,13,5,18,12,3,1,1,1,0,0,-1,64,0.0,0.234375,0.234375,0.0,1,1,34,28,40,3,1,19,56,10,0,37,0.578125,DL,-0.0,0,0,62,0,2,0.0,0.0,1.0,0.0,0.03125,DL,0.0,0.0,0.03125,0.0,2,dl,dr,ur,1,0,0,0,0
2,7,size11_comp0.4_grid7_base_medium,11,0.4,medium,base,base,13,5,18,12,3,1,1,1,0,0,-1,64,0.0,0.234375,0.234375,0.0,4,2,22,36,36,4,4,19,56,12,0,36,0.5625,DL,0.12565805017256743,0,0,57,1,6,0.0,0.0,0.9827586206896551,0.017241379310344827,0.09375,DL,0.0,0.0,0.078125,0.0,4,dl,dr,ur,1,0,0,0,0
3,7,size11_comp0.4_grid7_base_medium,11,0.4,medium,base,base,13,5,18,12,3,1,1,1,0,0,-1,64,0.0,0.265625,0.265625,0.0,8,2,30,24,33,4,4,22,55,12,0,33,0.515625,DL,-0.0,0,0,60,0,4,0.0,0.0,1.0,0.0,0.0625,DL,0.0,0.0,0.140625,0.0,8,dl,dr,ur,1,0,0,0,0
4,7,size11_comp0.4_grid7_base_medium,11,0.4,medium,base,base,13,5,18,12,3,1,1,1,0,0,-1,64,0.0,0.0625,0.0625,0.0,4,3,10,47,37,5,5,16,61,2,0,56,0.875,DL,-0.0,0,0,64,0,0,0.0,0.0,1.0,0.0,0.0,DL,0.0,0.0,0.09375,0.0,4,dl,dr,ur,1,0,0,0,0
5,7,size11_comp0.4_grid7_base_medium,11,0.4,medium,base,base,13,5,18,12,3,1,1,1,0,0,-1,64,0.0,0.328125,0.328125,0.0,3,1,32,28,26,5,1,31,56,22,0,24,0.375,DL,0.12394986771100759,0,0,58,1,5,0.0,0.0,0.9830508474576272,0.01694915254237288,0.078125,DL,0.0,0.0,0.09375,0.0,6,dl,dr,ur,1,0,0,0,0
6,7,size11_comp0.4_grid7_base_medium,11,0.4,medium,base,base,13,5,18,12,3,1,1,1,0,0,-1,64,0.0,0.203125,0.203125,0.0,6,3,13,42,39,4,6,14,56,9,0,41,0.640625,DL,0.1222915970693747,0,0,59,1,4,0.0,0.0,0.9833333333333333,0.016666666666666666,0.0625,DL,0.0,0.0,0.125,0.0,5,dl,dr,ur,1,0,0,0,0
7,7,size11_comp0.4_grid7_base_medium,11,0.4,medium,base,base,13,5,18,12,3,1,1,1,0,0,-1,64,0.0,0.203125,0.203125,0.0,4,2,20,38,33,4,4,22,54,7,0,41,0.640625,DL,0.2829047929798921,0,0,58,3,3,0.0,0.0,0.9508196721311475,0.04918032786885246,0.046875,DL,0.0,0.0,0.078125,0.0,4,dl,dr,ur,1,0,0,0,0
8,7,size11_comp0.4_grid7_base_medium,11,0.4,medium,base,base,13,5,18,12,3,1,1,1,0,0,-1,64,0.0,0.296875,0.296875,0.0,6,1,24,33,28,4,8,23,56,17,0,28,0.4375,DL,-0.0,0,0,62,0,2,0.0,0.0,1.0,0.0,0.03125,DL,0.0,0.0,0.15625,0.0,4,dl,dr,ur,1,0,0,0,0
9,7,size11_comp0.4_grid7_base_medium,11,0.4,medium,base,base,13,5,18,12,3,1,1,1,0,0,-1,64,0.0,0.328125,0.328125,0.0,9,1,28,26,28,3,3,29,56,23,0,24,0.375,DL,0.21639693245126462,0,0,56,2,6,0.0,0.0,0.9655172413793104,0.034482758620689655,0.09375,DL,0.0,0.0,0.15625,0.0,10,dl,dr,ur,1,0,0,0,0
0,8,size11_comp0.4_grid8_base_medium,11,0.4,medium,base,base,9,8,17,9,4,1,1,1,0,0,-1,64,0.0,0.046875,0.046875,0.0,2,0,12,50,42,2,2,17,60,0,0,61,0.953125,DL,-0.0,0,0,64,0,0,0.0,0.0,1.0,0.0,0.0,DL,0.0,0.0,0.046875,0.0,3,dl,dr,ul,1,0,0,0,0
1,8,size11_comp0.4_grid8_base_medium,11,0.4,medium,base,base,9,8,17,9,4,1,1,1,0,0,-1,64,0.0,0.1875,0.1875,0.0,1,0,52,11,42,1,0,20,60,13,0,41,0.640625,DL,-0.0,0,0,63,0,1,0.0,0.0,1.0,0.0,0.015625,,0.0,0.0,0.0,0.0,0,dl,dr,ul,1,0,0,0,0
2,8,size11_comp0.4_grid8_base_medium,11,0.4,medium,base,base,9,8,17,9,4,1,1,1,0,0,-1,64,0.0,0.171875,0.171875,0.0,1,0,51,12,41,2,0,20,61,11,0,43,0.671875,DL,-0.0,0,0,64,0,0,0.0,0.0,1.0,0.0,0.0,,0.0,0.0,0.0,0.0,0,dl,dr,ul,1,0,0,0,0
3,8,size11_comp0.4_grid8_base_medium,11,0.4,medium,base,base,9,8,17,9,4,1,1,1,0,0,-1,64,0.0,0.1875,0.1875,0.0,1,0,52,11,40,1,0,22,61,13,0,41,0.640625,DL,-0.0,0,0,64,0,0,0.0,0.0,1.0,0.0,0.0,,0.0,0.0,0.0,0.0,0,dl,dr,ul,1,0,0,0,0
4,8,size11_comp0.4_grid8_base_medium,11,0.4,medium,base,base,9,8,17,9,4,1,1,1,0,0,-1,64,0.0,0.0625,0.0625,0.0,2,1,14,47,35,0,6,22,60,0,0,59,0.921875,DL,-0.0,0,0,64,0,0,0.0,0.0,1.0,0.0,0.0,DL,0.0,0.0,0.0625,0.0,2,dl,dr,ul,1,0,0,0,0
5,8,size11_comp0.4_grid8_base_medium,11,0.4,medium,base,base,9,8,17,9,4,1,1,1,0,0,-1,64,0.0,0.1875,0.1875,0.0,1,0,51,12,44,1,1,17,60,13,0,41,0.640625,DL,-0.0,0,0,61,0,3,0.0,0.0,1.0,0.0,0.046875,,0.0,0.0,0.0,0.0,0,dl,dr,ul,1,0,0,0,0
6,8,size11_comp0.4_grid8_base_medium,11,0.4,medium,base,base,9,8,17,9,4,1,1,1,0,0,-1,64,0.0,0.171875,0.171875,0.0,1,0,53,10,42,1,0,20,61,10,0,43,0.671875,DL,-0.0,0,0,64,0,0,0.0,0.0,1.0,0.0,0.0,,0.0,0.0,0.0,0.0,0,dl,dr,ul,1,0,0,0,0
7,8,size11_comp0.4_grid8_base_medium,11,0.4,medium,base,base,9,8,17,9,4,1,1,1,0,0,-1,64,0.0,0.140625,0.140625,0.0,7,2,17,38,32,5,7,19,58,5,0,47,0.734375,DL,-0.0,0,0,64,0,0,0.0,0.0,1.0,0.0,0.0,DL,0.0,0.0,0.21875,0.0,5,dl,dr,ul,1,0,0,0,0
8,8,size11_comp0.4_grid8_base_medium,11,0.4,medium,base,base,9,8,17,9,4,1,1,1,0,0,-1,64,0.0,0.203125,0.203125,0.0,1,0,51,12,40,1,0,22,60,14,0,39,0.609375,DL,-0.0,0,0,63,0,1,0.0,0.0,1.0,0.0,0.015625,,0.0,0.0,0.0,0.0,0,dl,dr,ul,1,0,0,0,0
9,8,size11_comp0.4_grid8_base_medium,11,0.4,medium,base,base,9,8,17,9,4,1,1,1,0,0,-1,64,0.0,0.15625,0.15625,0.0,1,0,54,9,46,0,1,16,61,8,0,46,0.71875,DL,-0.0,0,0,64,0,0,0.0,0.0,1.0,0.0,0.0,,0.0,0.0,0.0,0.0,0,dl,dr,ul,1,0,0,0,0
0,9,size11_comp0.4_grid9_base_medium,11,0.4,medium,base,base,5,10,15,5,5,1,1,1,0,0,-1,64,0.0,0.484375,0.484375,0.0,0,1,31,32,21,2,0,40,57,39,0,1,0.015625,DL,0.2829047929798921,0,0,58,3,3,0.0,0.0,0.9508196721311475,0.04918032786885246,0.046875,,0.0,0.0,0.0,0.0,0,dl,dr,ul,1,0,0,0,0
1,9,size11_comp0.4_grid9_base_medium,11,0.4,medium,base,base,5,10,15,5,5,1,1,1,0,0,-1,64,0.0,0.5,0.5,0.0,0,0,32,32,25,0,0,38,58,38,0,0,0.0,DL,0.12565805017256743,0,0,57,1,6,0.0,0.0,0.9827586206896551,0.017241379310344827,0.09375,,0.0,0.0,0.0,0.0,0,dl,dr,ul,1,0,0,0,0
2,9,size11_comp0.4_grid9_base_medium,11,0.4,medium,base,base,5,10,15,5,5,1,1,1,1,0,-1,17,0.0,0.35294117647058826,0.35294117647058826,0.0,0,0,6,11,7,0,0,9,10,9,0,0,0.0,DL,0.7219280948873623,0,0,12,3,2,0.0,0.0,0.8,0.2,0.11764705882352941,,0.0,0.0,0.0,0.0,0,dl,dr,ul,1,0,0,0,0
3,9,size11_comp0.4_grid9_base_medium,11,0.4,medium,base,base,5,10,15,5,5,1,1,1,0,0,-1,64,0.0,0.5,0.5,0.0,0,0,32,32,33,0,0,30,59,30,0,0,0.0,DL,-0.0,0,0,60,0,4,0.0,0.0,1.0,0.0,0.0625,,0.0,0.0,0.0,0.0,0,dl,dr,ul,1,0,0,0,0
4,9,size11_comp0.4_grid9_base_medium,11,0.4,medium,base,base,5,10,15,5,5,1,1,1,1,0,-1,11,0.0,0.2727272727272727,0.2727272727272727,0.0,0,0,3,8,6,0,0,4,5,4,0,0,0.0,DL,0.7219280948873623,0,0,8,2,1,0.0,0.0,0.8,0.2,0.09090909090909091,,0.0,0.0,0.0,0.0,0,dl,dr,ul,1,0,0,0,0
5,9,size11_comp0.4_grid9_base_medium,11,0.4,medium,base,base,5,10,15,5,5,1,1,1,0,0,-1,64,0.0,0.5,0.5,0.0,0,0,32,32,19,0,0,44,58,43,0,0,0.0,DL,0.12068101401352381,0,0,60,1,3,0.0,0.0,0.9836065573770492,0.01639344262295082,0.046875,,0.0,0.0,0.0,0.0,0,dl,dr,ul,1,0,0,0,0
6,9,size11_comp0.4_grid9_base_medium,11,0.4,medium,base,base,5,10,15,5,5,1,1,1,1,0,-1,23,0.0,0.391304347826087,0.391304347826087,0.0,0,0,9,14,9,0,0,13,16,13,0,0,0.0,DL,0.9852281360342515,0,0,12,9,2,0.0,0.0,0.5714285714285714,0.42857142857142855,0.08695652173913043,,0.0,0.0,0.0,0.0,0,dl,dr,ul,1,0,0,0,0
7,9,size11_comp0.4_grid9_base_medium,11,0.4,medium,base,base,5,10,15,5,5,1,1,1,1,0,-1,61,0.0,0.45901639344262296,0.45901639344262296,0.0,0,0,28,33,27,0,0,33,54,33,0,0,0.0,DL,0.42368057157091055,0,0,53,5,3,0.0,0.0,0.9137931034482759,0.08620689655172414,0.04918032786885246,,0.0,0.0,0.0,0.0,0,dl,dr,ul,1,0,0,0,0
8,9,size11_comp0.4_grid9_base_medium,11,0.4,medium,base,base,5,10,15,5,5,1,1,1,0,0,-1,64,0.0,0.5,0.5,0.0,0,0,33,31,29,0,0,34,57,33,0,0,0.0,DL,0.6292492238560345,0,0,48,9,7,0.0,0.0,0.8421052631578947,0.15789473684210525,0.109375,,0.0,0.0,0.0,0.0,0,dl,dr,ul,1,0,0,0,0
9,9,size11_comp0.4_grid9_base_medium,11,0.4,medium,base,base,5,10,15,5,5,1,1,1,1,0,-1,29,0.0,0.41379310344827586,0.41379310344827586,0.0,0,0,12,17,15,0,0,13,22,13,0,0,0.0,DL,0.7024665512903903,0,0,17,4,8,0.0,0.0,0.8095238095238095,0.19047619047619047,0.27586206896551724,,0.0,0.0,0.0,0.0,0,dl,dr,ul,1,0,0,0,0
0,0,size11_comp0.6_grid0_base_medium,11,0.6,medium,base,base,13,13,26,6,13,1,1,1,0,0,-1,64,0.0,0.28125,0.28125,0.0,4,4,33,23,33,4,6,20,55,13,0,30,0.46875,UR,-0.0,0,43,0,0,21,0.0,1.0,0.0,0.0,0.328125,,0.0,0.0,0.0,0.0,0,ur,ur,dl,1,0,0,0,0
1,0,size11_comp0.6_grid0_base_medium,11,0.6,medium,base,base,13,13,26,6,13,1,1,1,0,1,54,64,0.0,0.453125,0.4909090909090909,0.2222222222222222,4,10,24,26,26,6,12,19,44,13,0,21,0.328125,DL,1.2309595631140104,2,10,18,0,34,0.06666666666666667,0.3333333333333333,0.6,0.0,0.53125,DL,0.0,0.0,0.0625,0.0,4,ur,ur,dl,0,1,0,0,0
2,0,size11_comp0.6_grid0_base_medium,11,0.6,medium,base,base,13,13,26,6,13,1,1,1,0,0,-1,64,0.0,0.125,0.125,0.0,3,3,42,16,37,8,2,16,56,2,0,48,0.75,UR,-0.0,0,52,0,0,12,0.0,1.0,0.0,0.0,0.1875,,0.0,0.0,0.0,0.0,0,ur,ur,dl,1,0,0,0,0
3,0,size11_comp0.6_grid0_base_medium,11,0.6,medium,base,base,13,13,26,6,13,1,1,1,0,0,-1,64,0.0,0.484375,0.484375,0.0,1,6,31,26,18,6,5,34,50,28,0,10,0.15625,UR,1.061278124459133,0,12,2,2,48,0.0,0.75,0.125,0.125,0.75,,0.0,0.0,0.0,0.0,0,ur,ur,dl,1,0,0,0,0
4,0,size11_comp0.6_grid0_base_medium,11,0.6,medium,base,base,13,13,26,6,13,1,1,1,0,1,34,64,0.0,0.421875,0.42857142857142855,0.41379310344827586,1,5,36,22,31,6,6,20,48,12,7,24,0.375,DL,1.1643106756249921,0,15,27,2,20,0.0,0.3409090909090909,0.6136363636363636,0.045454545454545456,0.3125,DL,0.0,0.0,0.15625,0.0,7,ur,ur,dl,0,1,0,0,0
5,0,size11_comp0.6_grid0_base_medium,11,0.6,medium,base,base,13,13,26,6,13,1,1,1,0,0,-1,64,0.0,0.359375,0.359375,0.0,5,10,29,20,23,7,7,26,50,17,0,24,0.375,UR,0.9736680645496201,0,25,0,17,22,0.0,0.5952380952380952,0.0,0.40476190476190477,0.34375,,0.0,0.0,0.0,0.0,0,ur,ur,dl,1,0,0,0,0
6,0,size11_comp0.6_grid0_base_medium,11,0.6,medium,base,base,13,13,26,6,13,1,1,1,0,0,-1,64,0.0,0.234375,0.234375,0.0,5,6,35,18,31,7,9,16,57,9,0,36,0.5625,UR,-0.0,0,45,0,0,19,0.0,1.0,0.0,0.0,0.296875,,0.0,0.0,0.0,0.0,0,ur,ur,dl,1,0,0,0,0
7,0,size11_comp0.6_grid0_base_medium,11,0.6,medium,base,base,13,13,26,6,13,1,1,1,0,0,-1,64,0.0,0.421875,0.421875,0.0,3,5,27,29,29,2,8,24,52,22,0,15,0.234375,UR,0.934068055375491,7,13,0,0,44,0.35,0.65,0.0,0.0,0.6875,,0.0,0.0,0.0,0.0,0,ur,ur,dl,1,0,0,0,0
8,0,size11_comp0.6_grid0_base_medium,11,0.6,medium,base,base,13,13,26,6,13,1,1,1,0,0,-1,64,0.0,0.375,0.375,0.0,2,4,37,21,24,8,4,27,51,16,0,24,0.375,DL,1.4614828307119232,5,12,15,0,32,0.15625,0.375,0.46875,0.0,0.5,,0.0,0.0,0.0,0.0,0,ur,ur,dl,0,1,0,0,0
9,0,size11_comp0.6_grid0_base_medium,11,0.6,medium,base,base,13,13,26,6,13,1,1,1,0,0,-1,64,0.0,0.3125,0.3125,0.0,5,4,29,26,26,4,12,21,55,11,0,28,0.4375,UR,-0.0,0,38,0,0,26,0.0,1.0,0.0,0.0,0.40625,,0.0,0.0,0.0,0.0,0,ur,ur,dl,1,0,0,0,0
0,1,size11_comp0.6_grid1_base_medium,11,0.6,medium,base,base,11,6,17,11,4,1,1,1,0,0,-1,64,0.0,0.0,0.0,0.0,0,0,58,6,52,0,0,11,63,0,0,64,1.0,UR,-0.0,0,64,0,0,0,0.0,1.0,0.0,0.0,0.0,UR,0.0,1.0,0.0,0.0,64,ur,dl,ul,1,0,0,0,0
1,1,size11_comp0.6_grid1_base_medium,11,0.6,medium,base,base,11,6,17,11,4,1,1,1,0,0,-1,64,0.0,0.0,0.0,0.0,0,0,59,5,55,0,0,8,63,0,0,64,1.0,UR,-0.0,0,64,0,0,0,0.0,1.0,0.0,0.0,0.0,UR,0.0,1.0,0.0,0.0,64,ur,dl,ul,1,0,0,0,0
2,1,size11_comp0.6_grid1_base_medium,11,0.6,medium,base,base,11,6,17,11,4,1,1,1,0,0,-1,64,0.0,0.0,0.0,0.0,0,0,57,7,53,0,0,10,63,0,0,64,1.0,UR,-0.0,0,64,0,0,0,0.0,1.0,0.0,0.0,0.0,UR,0.0,1.0,0.0,0.0,64,ur,dl,ul,1,0,0,0,0
3,1,size11_comp0.6_grid1_base_medium,11,0.6,medium,base,base,11,6,17,11,4,1,1,1,0,0,-1,64,0.0,0.0,0.0,0.0,0,0,59,5,53,0,0,10,63,0,0,64,1.0,UR,-0.0,0,64,0,0,0,0.0,1.0,0.0,0.0,0.0,UR,0.0,1.0,0.0,0.0,64,ur,dl,ul,1,0,0,0,0
4,1,size11_comp0.6_grid1_base_medium,11,0.6,medium,base,base,11,6,17,11,4,1,1,1,0,0,-1,64,0.0,0.0,0.0,0.0,0,0,60,4,55,0,0,8,63,0,0,64,1.0,UR,-0.0,0,64,0,0,0,0.0,1.0,0.0,0.0,0.0,UR,0.0,1.0,0.0,0.0,64,ur,dl,ul,1,0,0,0,0
5,1,size11_comp0.6_grid1_base_medium,11,0.6,medium,base,base,11,6,17,11,4,1,1,1,0,0,-1,64,0.0,0.0,0.0,0.0,0,0,57,7,49,0,0,14,63,0,0,64,1.0,UR,-0.0,0,64,0,0,0,0.0,1.0,0.0,0.0,0.0,UR,0.0,1.0,0.0,0.0,64,ur,dl,ul,1,0,0,0,0
6,1,size11_comp0.6_grid1_base_medium,11,0.6,medium,base,base,11,6,17,11,4,1,1,1,0,0,-1,64,0.0,0.0,0.0,0.0,0,0,59,5,53,0,0,10,63,0,0,64,1.0,UR,-0.0,0,64,0,0,0,0.0,1.0,0.0,0.0,0.0,UR,0.0,1.0,0.0,0.0,64,ur,dl,ul,1,0,0,0,0
7,1,size11_comp0.6_grid1_base_medium,11,0.6,medium,base,base,11,6,17,11,4,1,1,1,0,0,-1,64,0.0,0.0,0.0,0.0,0,0,55,9,47,0,0,16,63,0,0,64,1.0,UR,-0.0,0,64,0,0,0,0.0,1.0,0.0,0.0,0.0,UR,0.0,1.0,0.0,0.0,64,ur,dl,ul,1,0,0,0,0
8,1,size11_comp0.6_grid1_base_medium,11,0.6,medium,base,base,11,6,17,11,4,1,1,1,0,0,-1,64,0.0,0.09375,0.09375,0.0,0,1,58,5,51,1,1,10,60,6,0,53,0.828125,UR,-0.0,0,64,0,0,0,0.0,1.0,0.0,0.0,0.0,UR,0.0,0.375,0.0,0.0,24,ur,dl,ul,1,0,0,0,0
9,1,size11_comp0.6_grid1_base_medium,11,0.6,medium,base,base,11,6,17,11,4,1,1,1,0,0,-1,64,0.0,0.0,0.0,0.0,0,0,54,10,45,0,0,18,63,0,0,64,1.0,UR,-0.0,0,64,0,0,0,0.0,1.0,0.0,0.0,0.0,UR,0.0,1.0,0.0,0.0,64,ur,dl,ul,1,0,0,0,0
0,2,size11_comp0.6_grid2_base_medium,11,0.6,medium,base,base,10,11,21,5,10,1,1,1,0,0,-1,64,0.0,0.21875,0.21875,0.0,4,0,13,47,39,2,4,18,58,9,0,37,0.578125,DL,-0.0,0,0,64,0,0,0.0,0.0,1.0,0.0,0.0,DL,0.0,0.0,0.046875,0.0,2,dl,midline,ul,1,0,0,0,0
1,2,size11_comp0.6_grid2_base_medium,11,0.6,medium,base,base,10,11,21,5,10,1,1,1,0,0,-1,64,0.0,0.234375,0.234375,0.0,3,1,13,47,33,2,6,22,58,15,0,33,0.515625,DL,-0.0,0,0,64,0,0,0.0,0.0,1.0,0.0,0.0,DL,0.0,0.0,0.0625,0.0,2,dl,midline,ul,1,0,0,0,0
2,2,size11_comp0.6_grid2_base_medium,11,0.6,medium,base,base,10,11,21,5,10,1,1,1,0,0,-1,64,0.0,0.296875,0.296875,0.0,8,1,17,38,26,10,5,22,58,17,0,26,0.40625,DL,-0.0,0,0,64,0,0,0.0,0.0,1.0,0.0,0.0,DL,0.0,0.0,0.078125,0.0,3,dl,midline,ul,1,0,0,0,0
3,2,size11_comp0.6_grid2_base_medium,11,0.6,medium,base,base,10,11,21,5,10,1,1,1,0,0,-1,64,0.0,0.34375,0.34375,0.0,2,0,21,41,27,1,2,33,58,25,0,19,0.296875,DL,-0.0,0,0,64,0,0,0.0,0.0,1.0,0.0,0.0,DL,0.0,0.0,0.078125,0.0,2,dl,midline,ul,1,0,0,0,0
4,2,size11_comp0.6_grid2_base_medium,11,0.6,medium,base,base,10,11,21,5,10,1,1,1,0,0,-1,64,0.0,0.21875,0.21875,0.0,2,0,13,49,39,2,2,20,59,11,0,35,0.546875,DL,-0.0,0,0,64,0,0,0.0,0.0,1.0,0.0,0.0,DL,0.0,0.0,0.03125,0.0,2,dl,midline,ul,1,0,0,0,0
5,2,size11_comp0.6_grid2_base_medium,11,0.6,medium,base,base,10,11,21,5,10,1,1,1,0,0,-1,64,0.0,0.46875,0.46875,0.0,7,1,24,32,23,5,8,27,47,23,0,10,0.15625,UR,1.122495801608745,9,42,7,0,6,0.15517241379310345,0.7241379310344828,0.1206896551724138,0.0,0.09375,DL,0.0,0.0,0.03125,0.0,2,dl,midline,ul,0,0,0,0,0
6,2,size11_comp0.6_grid2_base_medium,11,0.6,medium,base,base,10,11,21,5,10,1,1,1,0,0,-1,64,0.0,0.4375,0.4375,0.0,6,1,21,36,26,5,5,27,48,24,0,13,0.203125,UR,1.200440249454895,9,38,8,0,9,0.16363636363636364,0.6909090909090909,0.14545454545454545,0.0,0.140625,DL,0.0,0.0,0.03125,0.0,2,dl,midline,ul,0,0,0,0,0
7,2,size11_comp0.6_grid2_base_medium,11,0.6,medium,base,base,10,11,21,5,10,1,1,1,0,0,-1,64,0.0,0.3125,0.3125,0.0,3,0,20,41,29,3,3,28,58,18,0,23,0.359375,DL,-0.0,0,0,64,0,0,0.0,0.0,1.0,0.0,0.0,DL,0.0,0.0,0.09375,0.0,4,dl,midline,ul,1,0,0,0,0
8,2,size11_comp0.6_grid2_base_medium,11,0.6,medium,base,base,10,11,21,5,10,1,1,1,0,0,-1,64,0.0,0.3125,0.3125,0.0,5,0,19,40,25,3,6,29,60,20,0,23,0.359375,DL,-0.0,0,0,64,0,0,0.0,0.0,1.0,0.0,0.0,DL,0.0,0.0,0.015625,0.0,1,dl,midline,ul,1,0,0,0,0
9,2,size11_comp0.6_grid2_base_medium,11,0.6,medium,base,base,10,11,21,5,10,1,1,1,0,0,-1,64,0.0,0.25,0.25,0.0,6,0,15,43,29,5,6,23,60,16,0,33,0.515625,DL,-0.0,0,0,64,0,0,0.0,0.0,1.0,0.0,0.0,DL,0.0,0.0,0.015625,0.0,1,dl,midline,ul,1,0,0,0,0
0,3,size11_comp0.6_grid3_base_medium,11,0.6,medium,base,base,8,10,18,4,8,1,1,1,0,0,-1,64,0.0,0.328125,0.328125,0.0,7,3,31,23,23,4,8,28,59,20,0,20,0.3125,UR,0.9612366047228759,0,8,0,5,51,0.0,0.6153846153846154,0.0,0.38461538461538464,0.796875,,0.0,0.0,0.0,0.0,0,dr,ur,dl,0,0,0,0,0
1,3,size11_comp0.6_grid3_base_medium,11,0.6,medium,base,base,8,10,18,4,8,1,1,1,0,0,-1,64,0.0,0.3125,0.3125,0.0,6,1,37,20,21,3,9,30,60,25,0,23,0.359375,DR,-0.0,0,0,0,6,58,0.0,0.0,0.0,1.0,0.90625,,0.0,0.0,0.0,0.0,0,dr,ur,dl,1,0,0,0,0
2,3,size11_comp0.6_grid3_base_medium,11,0.6,medium,base,base,8,10,18,4,8,1,1,1,0,0,-1,64,0.0,0.265625,0.265625,0.0,7,7,35,15,21,9,18,15,57,9,0,29,0.453125,DR,-0.0,0,0,0,26,38,0.0,0.0,0.0,1.0,0.59375,,0.0,0.0,0.0,0.0,0,dr,ur,dl,1,0,0,0,0
3,3,size11_comp0.6_grid3_base_medium,11,0.6,medium,base,base,8,10,18,4,8,1,1,1,0,0,-1,64,0.0,0.3125,0.3125,0.0,7,1,35,21,23,3,10,27,60,19,0,23,0.359375,DR,-0.0,0,0,0,1,63,0.0,0.0,0.0,1.0,0.984375,,0.0,0.0,0.0,0.0,0,dr,ur,dl,1,0,0,0,0
4,3,size11_comp0.6_grid3_base_medium,11,0.6,medium,base,base,8,10,18,4,8,1,1,1,0,0,-1,64,0.0,0.28125,0.28125,0.0,10,4,33,17,21,4,19,19,59,13,0,27,0.421875,DR,-0.0,0,0,0,8,56,0.0,0.0,0.0,1.0,0.875,,0.0,0.0,0.0,0.0,0,dr,ur,dl,1,0,0,0,0
5,3,size11_comp0.6_grid3_base_medium,11,0.6,medium,base,base,8,10,18,4,8,1,1,1,0,0,-1,64,0.0,0.078125,0.078125,0.0,3,0,43,18,28,4,2,29,59,4,0,52,0.8125,UR,0.3372900666170139,0,45,0,3,16,0.0,0.9375,0.0,0.0625,0.25,,0.0,0.0,0.0,0.0,0,dr,ur,dl,0,0,0,0,0
6,3,size11_comp0.6_grid3_base_medium,11,0.6,medium,base,base,8,10,18,4,8,1,1,1,0,0,-1,64,0.0,0.1875,0.1875,0.0,6,4,36,18,20,9,9,25,58,11,0,38,0.59375,DR,-0.0,0,0,0,30,34,0.0,0.0,0.0,1.0,0.53125,,0.0,0.0,0.0,0.0,0,dr,ur,dl,1,0,0,0,0
7,3,size11_comp0.6_grid3_base_medium,11,0.6,medium,base,base,8,10,18,4,8,1,1,1,0,0,-1,64,0.0,0.15625,0.15625,0.0,5,4,42,13,29,6,10,18,56,10,0,41,0.640625,DR,-0.0,0,0,0,56,8,0.0,0.0,0.0,1.0,0.125,,0.0,0.0,0.0,0.0,0,dr,ur,dl,1,0,0,0,0
8,3,size11_comp0.6_grid3_base_medium,11,0.6,medium,base,base,8,10,18,4,8,1,1,1,0,0,-1,64,0.0,0.125,0.125,0.0,7,3,42,12,30,3,11,19,58,7,0,46,0.71875,UR,0.7531979910695014,0,29,0,8,27,0.0,0.7837837837837838,0.0,0.21621621621621623,0.421875,,0.0,0.0,0.0,0.0,0,dr,ur,dl,0,0,0,0,0
9,3,size11_comp0.6_grid3_base_medium,11,0.6,medium,base,base,8,10,18,4,8,1,1,1,0,0,-1,64,0.0,0.078125,0.078125,0.0,5,3,45,11,40,4,5,14,59,1,0,52,0.8125,UR,0.6429383500409614,0,46,0,9,9,0.0,0.8363636363636363,0.0,0.16363636363636364,0.140625,,0.0,0.0,0.0,0.0,0,dr,ur,dl,0,0,0,0,0
0,4,size11_comp0.6_grid4_base_medium,11,0.6,medium,base,base,8,6,14,10,6,1,1,1,0,0,-1,64,0.0,0.140625,0.140625,0.0,0,1,37,26,31,1,1,30,60,10,0,46,0.71875,UL,-0.0,46,0,0,0,18,1.0,0.0,0.0,0.0,0.28125,,0.0,0.0,0.0,0.0,0,ul,midline,ur,1,0,0,0,0
1,4,size11_comp0.6_grid4_base_medium,11,0.6,medium,base,base,8,6,14,10,6,1,1,1,0,0,-1,64,0.0,0.1875,0.1875,0.0,0,1,28,35,30,0,2,31,58,9,0,41,0.640625,UL,-0.0,36,0,0,0,28,1.0,0.0,0.0,0.0,0.4375,,0.0,0.0,0.0,0.0,0,ul,midline,ur,1,0,0,0,0
2,4,size11_comp0.6_grid4_base_medium,11,0.6,medium,base,base,8,6,14,10,6,1,1,1,0,0,-1,64,0.0,0.359375,0.359375,0.0,0,1,26,37,33,1,1,28,59,23,0,17,0.265625,UL,-0.0,6,0,0,0,58,1.0,0.0,0.0,0.0,0.90625,,0.0,0.0,0.0,0.0,0,ul,midline,ur,1,0,0,0,0
3,4,size11_comp0.6_grid4_base_medium,11,0.6,medium,base,base,8,6,14,10,6,1,1,1,0,0,-1,64,0.0,0.359375,0.359375,0.0,0,1,25,38,35,0,2,26,58,20,0,19,0.296875,UL,-0.0,7,0,0,0,57,1.0,0.0,0.0,0.0,0.890625,,0.0,0.0,0.0,0.0,0,ul,midline,ur,1,0,0,0,0
4,4,size11_comp0.6_grid4_base_medium,11,0.6,medium,base,base,8,6,14,10,6,1,1,1,0,0,-1,64,0.0,0.1875,0.1875,0.0,0,1,26,37,32,2,0,29,59,11,0,39,0.609375,UL,-0.0,34,0,0,0,30,1.0,0.0,0.0,0.0,0.46875,,0.0,0.0,0.0,0.0,0,ul,midline,ur,1,0,0,0,0
5,4,size11_comp0.6_grid4_base_medium,11,0.6,medium,base,base,8,6,14,10,6,1,1,1,0,0,-1,64,0.0,0.0,0.0,0.0,0,0,35,29,35,0,0,28,63,0,0,64,1.0,UL,-0.0,64,0,0,0,0,1.0,0.0,0.0,0.0,0.0,,0.0,0.0,0.0,0.0,0,ul,midline,ur,1,0,0,0,0
6,4,size11_comp0.6_grid4_base_medium,11,0.6,medium,base,base,8,6,14,10,6,1,1,1,0,0,-1,64,0.0,0.03125,0.03125,0.0,0,1,31,32,29,2,0,32,60,0,0,61,0.953125,UL,-0.0,60,0,0,0,4,1.0,0.0,0.0,0.0,0.0625,,0.0,0.0,0.0,0.0,0,ul,midline,ur,1,0,0,0,0
7,4,size11_comp0.6_grid4_base_medium,11,0.6,medium,base,base,8,6,14,10,6,1,1,1,0,0,-1,64,0.0,0.296875,0.296875,0.0,0,1,33,30,30,2,0,31,58,21,0,24,0.375,UL,-0.0,19,0,0,0,45,1.0,0.0,0.0,0.0,0.703125,,0.0,0.0,0.0,0.0,0,ul,midline,ur,1,0,0,0,0
8,4,size11_comp0.6_grid4_base_medium,11,0.6,medium,base,base,8,6,14,10,6,1,1,1,0,0,-1,64,0.0,0.390625,0.390625,0.0,0,1,37,26,30,2,0,31,58,28,0,11,0.171875,UL,-0.0,12,0,0,0,52,1.0,0.0,0.0,0.0,0.8125,,0.0,0.0,0.0,0.0,0,ul,midline,ur,1,0,0,0,0
9,4,size11_comp0.6_grid4_base_medium,11,0.6,medium,base,base,8,6,14,10,6,1,1,1,0,0,-1,64,0.0,0.28125,0.28125,0.0,0,1,23,40,31,1,1,30,58,24,0,26,0.40625,UL,-0.0,12,0,0,0,52,1.0,0.0,0.0,0.0,0.8125,,0.0,0.0,0.0,0.0,0,ul,midline,ur,1,0,0,0,0
0,5,size11_comp0.6_grid5_base_medium,11,0.6,medium,base,base,12,9,21,9,8,1,1,1,0,0,-1,64,0.0,0.28125,0.28125,0.0,3,7,13,41,28,12,6,17,52,11,0,34,0.53125,DL,0.9957274520849255,24,0,28,0,12,0.46153846153846156,0.0,0.5384615384615384,0.0,0.1875,,0.0,0.0,0.0,0.0,0,ul,ur,dr,0,0,0,0,0
1,5,size11_comp0.6_grid5_base_medium,11,0.6,medium,base,base,12,9,21,9,8,1,1,1,0,0,-1,64,0.0,0.21875,0.21875,0.0,5,9,4,46,35,10,14,4,54,2,0,42,0.65625,UL,0.9940302114769565,12,0,10,0,42,0.5454545454545454,0.0,0.45454545454545453,0.0,0.65625,,0.0,0.0,0.0,0.0,0,ul,ur,dr,1,0,0,0,0
2,5,size11_comp0.6_grid5_base_medium,11,0.6,medium,base,base,12,9,21,9,8,1,1,1,0,0,-1,64,0.0,0.1875,0.1875,0.0,4,9,19,32,24,10,12,17,55,3,0,45,0.703125,DL,0.8904916402194913,12,0,27,0,25,0.3076923076923077,0.0,0.6923076923076923,0.0,0.390625,,0.0,0.0,0.0,0.0,0,ul,ur,dr,0,0,0,0,0
3,5,size11_comp0.6_grid5_base_medium,11,0.6,medium,base,base,12,9,21,9,8,1,1,1,0,0,-1,64,0.0,0.25,0.25,0.0,3,7,19,35,29,11,7,16,54,7,0,38,0.59375,DL,0.8418521897563207,10,0,27,0,27,0.2702702702702703,0.0,0.7297297297297297,0.0,0.421875,,0.0,0.0,0.0,0.0,0,ul,ur,dr,0,0,0,0,0
4,5,size11_comp0.6_grid5_base_medium,11,0.6,medium,base,base,12,9,21,9,8,1,1,1,0,0,-1,64,0.0,0.25,0.25,0.0,2,7,19,36,32,9,8,14,54,8,0,37,0.578125,DL,0.7849920887641584,11,0,36,0,17,0.23404255319148937,0.0,0.7659574468085106,0.0,0.265625,,0.0,0.0,0.0,0.0,0,ul,ur,dr,0,0,0,0,0
5,5,size11_comp0.6_grid5_base_medium,11,0.6,medium,base,base,12,9,21,9,8,1,1,1,0,0,-1,64,0.0,0.25,0.25,0.0,7,8,6,43,29,12,15,7,58,6,0,35,0.546875,UL,-0.0,53,0,0,0,11,1.0,0.0,0.0,0.0,0.171875,,0.0,0.0,0.0,0.0,0,ul,ur,dr,1,0,0,0,0
6,5,size11_comp0.6_grid5_base_medium,11,0.6,medium,base,base,12,9,21,9,8,1,1,1,0,0,-1,64,0.0,0.265625,0.265625,0.0,6,8,9,41,28,10,12,13,55,8,0,34,0.53125,UL,0.5435644431995964,28,0,4,0,32,0.875,0.0,0.125,0.0,0.5,,0.0,0.0,0.0,0.0,0,ul,ur,dr,1,0,0,0,0
7,5,size11_comp0.6_grid5_base_medium,11,0.6,medium,base,base,12,9,21,9,8,1,1,1,0,0,-1,64,0.0,0.265625,0.265625,0.0,10,12,7,35,22,15,13,13,56,7,0,32,0.5,UL,0.7088356733321961,25,0,6,0,33,0.8064516129032258,0.0,0.1935483870967742,0.0,0.515625,,0.0,0.0,0.0,0.0,0,ul,ur,dr,1,0,0,0,0
8,5,size11_comp0.6_grid5_base_medium,11,0.6,medium,base,base,12,9,21,9,8,1,1,1,0,0,-1,64,0.0,0.234375,0.234375,0.0,5,9,22,28,28,5,19,11,55,7,0,40,0.625,DL,0.6321302781219706,7,0,37,0,20,0.1590909090909091,0.0,0.8409090909090909,0.0,0.3125,,0.0,0.0,0.0,0.0,0,ul,ur,dr,0,0,0,0,0
9,5,size11_comp0.6_grid5_base_medium,11,0.6,medium,base,base,12,9,21,9,8,1,1,1,0,0,-1,64,0.0,0.265625,0.265625,0.0,7,10,8,39,26,15,13,9,56,4,0,34,0.53125,UL,0.5547781633412736,27,0,4,0,33,0.8709677419354839,0.0,0.12903225806451613,0.0,0.515625,,0.0,0.0,0.0,0.0,0,ul,ur,dr,1,0,0,0,0
0,6,size11_comp0.6_grid6_base_medium,11,0.6,medium,base,base,13,8,21,11,7,1,1,1,0,0,-1,64,0.0,0.453125,0.453125,0.0,2,1,31,30,16,1,4,42,60,36,0,7,0.109375,DL,-0.0,0,0,64,0,0,0.0,0.0,1.0,0.0,0.0,DL,0.0,0.0,0.015625,0.0,1,dl,midline,midline,1,0,0,0,0
1,6,size11_comp0.6_grid6_base_medium,11,0.6,medium,base,base,13,8,21,11,7,1,1,1,0,0,-1,64,0.0,0.484375,0.484375,0.0,3,1,26,34,15,3,3,42,58,39,0,7,0.109375,DL,-0.0,0,0,64,0,0,0.0,0.0,1.0,0.0,0.0,DL,0.0,0.0,0.046875,0.0,2,dl,midline,midline,1,0,0,0,0
2,6,size11_comp0.6_grid6_base_medium,11,0.6,medium,base,base,13,8,21,11,7,1,1,1,0,0,-1,64,0.0,0.4375,0.4375,0.0,3,1,28,32,20,4,4,35,54,26,0,13,0.203125,DL,-0.0,0,0,57,0,7,0.0,0.0,1.0,0.0,0.109375,DL,0.0,0.0,0.03125,0.0,2,dl,midline,midline,1,0,0,0,0
3,6,size11_comp0.6_grid6_base_medium,11,0.6,medium,base,base,13,8,21,11,7,1,1,1,0,0,-1,64,0.0,0.484375,0.484375,0.0,2,1,28,33,16,0,5,42,60,40,0,5,0.078125,DL,-0.0,0,0,64,0,0,0.0,0.0,1.0,0.0,0.0,DL,0.0,0.0,0.015625,0.0,1,dl,midline,midline,1,0,0,0,0
4,6,size11_comp0.6_grid6_base_medium,11,0.6,medium,base,base,13,8,21,11,7,1,1,1,0,0,-1,64,0.0,0.296875,0.296875,0.0,6,1,16,41,30,6,6,21,52,16,0,26,0.40625,DL,0.9305861291319928,9,0,17,0,38,0.34615384615384615,0.0,0.6538461538461539,0.0,0.59375,DL,0.0,0.0,0.03125,0.0,2,dl,midline,midline,1,0,0,0,0
5,6,size11_comp0.6_grid6_base_medium,11,0.6,medium,base,base,13,8,21,11,7,1,1,1,0,0,-1,64,0.0,0.4375,0.4375,0.0,2,0,27,35,18,1,3,41,60,36,0,10,0.15625,DL,-0.0,0,0,64,0,0,0.0,0.0,1.0,0.0,0.0,DL,0.0,0.0,0.03125,0.0,2,dl,midline,midline,1,0,0,0,0
6,6,size11_comp0.6_grid6_base_medium,11,0.6,medium,base,base,13,8,21,11,7,1,1,1,0,0,-1,64,0.0,0.328125,0.328125,0.0,3,0,18,43,31,3,3,26,53,19,0,25,0.390625,DL,-0.0,0,0,20,0,44,0.0,0.0,1.0,0.0,0.6875,DL,0.0,0.0,0.078125,0.0,5,dl,midline,midline,1,0,0,0,0
7,6,size11_comp0.6_grid6_base_medium,11,0.6,medium,base,base,13,8,21,11,7,1,1,1,0,0,-1,64,0.0,0.328125,0.328125,0.0,6,3,14,41,30,5,6,22,55,14,0,25,0.390625,DL,-0.0,0,0,10,0,54,0.0,0.0,1.0,0.0,0.84375,DL,0.0,0.0,0.015625,0.0,1,dl,midline,midline,1,0,0,0,0
8,6,size11_comp0.6_grid6_base_medium,11,0.6,medium,base,base,13,8,21,11,7,1,1,1,0,0,-1,64,0.0,0.421875,0.421875,0.0,3,0,27,34,16,1,5,41,60,35,0,11,0.171875,DL,-0.0,0,0,64,0,0,0.0,0.0,1.0,0.0,0.0,DL,0.0,0.0,0.078125,0.0,5,dl,midline,midline,1,0,0,0,0
9,6,size11_comp0.6_grid6_base_medium,11,0.6,medium,base,base,13,8,21,11,7,1,1,1,0,0,-1,64,0.0,0.375,0.375,0.0,4,2,23,35,27,3,5,28,55,21,0,19,0.296875,DL,-0.0,0,0,53,0,11,0.0,0.0,1.0,0.0,0.171875,DL,0.0,0.0,0.0625,0.0,4,dl,midline,midline,1,0,0,0,0
0,7,size11_comp0.6_grid7_base_medium,11,0.6,medium,base,base,6,4,10,10,0,1,1,1,0,0,-1,64,0.0,0.3125,0.3125,0.0,4,1,42,17,35,7,3,18,55,13,0,25,0.390625,DR,-0.0,0,0,0,30,34,0.0,0.0,0.0,1.0,0.53125,,0.0,0.0,0.0,0.0,0,dr,ur,dr,1,1,0,0,0
1,7,size11_comp0.6_grid7_base_medium,11,0.6,medium,base,base,6,4,10,10,0,1,1,1,0,0,-1,64,0.0,0.1875,0.1875,0.0,3,0,46,15,36,4,2,21,56,9,0,40,0.625,DR,-0.0,0,0,0,18,46,0.0,0.0,0.0,1.0,0.71875,,0.0,0.0,0.0,0.0,0,dr,ur,dr,1,1,0,0,0
2,7,size11_comp0.6_grid7_base_medium,11,0.6,medium,base,base,6,4,10,10,0,1,1,1,0,0,-1,64,0.0,0.34375,0.34375,0.0,4,2,40,18,31,3,9,20,54,17,0,21,0.328125,DR,-0.0,0,0,0,28,36,0.0,0.0,0.0,1.0,0.5625,,0.0,0.0,0.0,0.0,0,dr,ur,dr,1,1,0,0,0
3,7,size11_comp0.6_grid7_base_medium,11,0.6,medium,base,base,6,4,10,10,0,1,1,1,0,0,-1,64,0.0,0.125,0.125,0.0,5,0,37,22,26,3,5,29,54,7,0,48,0.75,DR,-0.0,0,0,0,2,62,0.0,0.0,0.0,1.0,0.96875,,0.0,0.0,0.0,0.0,0,dr,ur,dr,1,1,0,0,0
4,7,size11_comp0.6_grid7_base_medium,11,0.6,medium,base,base,6,4,10,10,0,1,1,1,0,0,-1,64,0.0,0.3125,0.3125,0.0,3,0,43,18,38,3,1,21,56,15,0,25,0.390625,DR,-0.0,0,0,0,30,34,0.0,0.0,0.0,1.0,0.53125,,0.0,0.0,0.0,0.0,0,dr,ur,dr,1,1,0,0,0
5,7,size11_comp0.6_grid7_base_medium,11,0.6,medium,base,base,6,4,10,10,0,1,1,1,0,0,-1,64,0.0,0.34375,0.34375,0.0,3,1,38,22,30,4,4,25,55,18,0,21,0.328125,DR,-0.0,0,0,0,35,29,0.0,0.0,0.0,1.0,0.453125,,0.0,0.0,0.0,0.0,0,dr,ur,dr,1,1,0,0,0
6,7,size11_comp0.6_grid7_base_medium,11,0.6,medium,base,base,6,4,10,10,0,1,1,1,0,0,-1,64,0.0,0.3125,0.3125,0.0,4,0,42,18,36,3,1,23,56,14,0,26,0.40625,DR,-0.0,0,0,0,29,35,0.0,0.0,0.0,1.0,0.546875,,0.0,0.0,0.0,0.0,0,dr,ur,dr,1,1,0,0,0
7,7,size11_comp0.6_grid7_base_medium,11,0.6,medium,base,base,6,4,10,10,0,1,1,1,0,0,-1,64,0.0,0.390625,0.390625,0.0,2,0,39,23,31,4,0,28,56,21,0,15,0.234375,DR,-0.0,0,0,0,37,27,0.0,0.0,0.0,1.0,0.421875,,0.0,0.0,0.0,0.0,0,dr,ur,dr,1,1,0,0,0
8,7,size11_comp0.6_grid7_base_medium,11,0.6,medium,base,base,6,4,10,10,0,1,1,1,0,0,-1,64,0.0,0.046875,0.046875,0.0,3,0,41,20,30,3,3,27,58,1,0,58,0.90625,DR,-0.0,0,0,0,2,62,0.0,0.0,0.0,1.0,0.96875,,0.0,0.0,0.0,0.0,0,dr,ur,dr,1,1,0,0,0
9,7,size11_comp0.6_grid7_base_medium,11,0.6,medium,base,base,6,4,10,10,0,1,1,1,0,0,-1,64,0.0,0.078125,0.078125,0.0,3,0,35,26,31,2,4,26,56,1,0,54,0.84375,DR,-0.0,0,0,0,8,56,0.0,0.0,0.0,1.0,0.875,,0.0,0.0,0.0,0.0,0,dr,ur,dr,1,1,0,0,0
0,8,size11_comp0.6_grid8_base_medium,11,0.6,medium,base,base,11,12,23,3,10,1,1,1,0,0,-1,64,0.0,0.421875,0.421875,0.0,0,0,37,27,26,0,0,37,59,32,0,10,0.15625,UR,-0.0,0,44,0,0,20,0.0,1.0,0.0,0.0,0.3125,UR,0.0,0.140625,0.0,0.0,3,ur,ur,ul,1,0,0,0,0
1,8,size11_comp0.6_grid8_base_medium,11,0.6,medium,base,base,11,12,23,3,10,1,1,1,0,0,-1,64,0.0,0.453125,0.453125,0.0,0,0,36,28,22,0,0,41,59,33,0,7,0.109375,UR,-0.0,0,45,0,0,19,0.0,1.0,0.0,0.0,0.296875,UR,0.0,0.21875,0.0,0.0,5,ur,ur,ul,1,0,0,0,0
2,8,size11_comp0.6_grid8_base_medium,11,0.6,medium,base,base,11,12,23,3,10,1,1,1,0,0,-1,64,0.0,0.453125,0.453125,0.0,0,0,35,29,30,0,0,33,59,27,0,7,0.109375,UR,-0.0,0,50,0,0,14,0.0,1.0,0.0,0.0,0.21875,UR,0.0,0.265625,0.0,0.0,4,ur,ur,ul,1,0,0,0,0
3,8,size11_comp0.6_grid8_base_medium,11,0.6,medium,base,base,11,12,23,3,10,1,1,1,0,0,-1,64,0.0,0.46875,0.46875,0.0,0,0,37,27,25,0,0,38,59,35,0,7,0.109375,UR,-0.0,0,44,0,0,20,0.0,1.0,0.0,0.0,0.3125,UR,0.0,0.109375,0.0,0.0,3,ur,ur,ul,1,0,0,0,0
4,8,size11_comp0.6_grid8_base_medium,11,0.6,medium,base,base,11,12,23,3,10,1,1,1,0,0,-1,64,0.0,0.453125,0.453125,0.0,0,0,37,27,28,0,0,35,60,29,0,8,0.125,UR,-0.0,0,40,0,0,24,0.0,1.0,0.0,0.0,0.375,UR,0.0,0.03125,0.0,0.0,1,ur,ur,ul,1,0,0,0,0
5,8,size11_comp0.6_grid8_base_medium,11,0.6,medium,base,base,11,12,23,3,10,1,1,1,0,0,-1,64,0.0,0.421875,0.421875,0.0,0,0,36,28,29,0,0,34,59,25,0,11,0.171875,UR,-0.0,0,45,0,0,19,0.0,1.0,0.0,0.0,0.296875,UR,0.0,0.203125,0.0,0.0,5,ur,ur,ul,1,0,0,0,0
6,8,size11_comp0.6_grid8_base_medium,11,0.6,medium,base,base,11,12,23,3,10,1,1,1,0,0,-1,64,0.0,0.390625,0.390625,0.0,0,0,38,26,26,0,0,37,59,30,0,13,0.203125,UR,-0.0,0,35,0,0,29,0.0,1.0,0.0,0.0,0.453125,UR,0.0,0.125,0.0,0.0,3,ur,ur,ul,1,0,0,0,0
7,8,size11_comp0.6_grid8_base_medium,11,0.6,medium,base,base,11,12,23,3,10,1,1,1,0,0,-1,64,0.0,0.46875,0.46875,0.0,0,0,35,29,26,0,0,37,59,34,0,5,0.078125,UR,-0.0,0,53,0,0,11,0.0,1.0,0.0,0.0,0.171875,UR,0.0,0.265625,0.0,0.0,5,ur,ur,ul,1,0,0,0,0
8,8,size11_comp0.6_grid8_base_medium,11,0.6,medium,base,base,11,12,23,3,10,1,1,1,0,0,-1,64,0.0,0.4375,0.4375,0.0,0,0,38,26,29,0,0,34,59,29,0,11,0.171875,UR,-0.0,0,45,0,0,19,0.0,1.0,0.0,0.0,0.296875,UR,0.0,0.1875,0.0,0.0,6,ur,ur,ul,1,0,0,0,0
9,8,size11_comp0.6_grid8_base_medium,11,0.6,medium,base,base,11,12,23,3,10,1,1,1,0,0,-1,64,0.0,0.421875,0.421875,0.0,0,0,37,27,28,0,0,35,60,28,0,10,0.15625,UR,-0.0,0,42,0,0,22,0.0,1.0,0.0,0.0,0.34375,UR,0.0,0.140625,0.0,0.0,1,ur,ur,ul,1,0,0,0,0
0,9,size11_comp0.6_grid9_base_medium,11,0.6,medium,base,base,10,9,19,11,4,1,1,1,0,0,-1,64,0.0,0.53125,0.53125,0.0,0,0,29,35,31,0,0,32,57,30,0,1,0.015625,UR,0.20307392998664564,2,61,0,0,1,0.031746031746031744,0.9682539682539683,0.0,0.0,0.015625,UR,0.0,0.5,0.0,0.0,6,ul,dl,midline,0,0,0,0,0
1,9,size11_comp0.6_grid9_base_medium,11,0.6,medium,base,base,10,9,19,11,4,1,1,1,0,0,-1,64,0.0,0.53125,0.53125,0.0,0,1,29,34,21,0,2,40,57,39,0,1,0.015625,UR,0.6500224216483541,10,50,0,0,4,0.16666666666666666,0.8333333333333334,0.0,0.0,0.0625,UR,0.0,0.359375,0.0,0.0,5,ul,dl,midline,0,0,0,0,0
2,9,size11_comp0.6_grid9_base_medium,11,0.6,medium,base,base,10,9,19,11,4,1,1,1,0,0,-1,64,0.0,0.515625,0.515625,0.0,0,2,29,33,25,2,2,34,57,33,0,2,0.03125,UR,0.3576467062456332,4,55,0,0,5,0.06779661016949153,0.9322033898305084,0.0,0.0,0.078125,UR,0.0,0.390625,0.0,0.0,9,ul,dl,midline,0,0,0,0,0
3,9,size11_comp0.6_grid9_base_medium,11,0.6,medium,base,base,10,9,19,11,4,1,1,1,0,0,-1,64,0.0,0.53125,0.53125,0.0,0,0,30,34,22,0,0,41,57,40,0,0,0.0,UR,0.205592508185083,2,60,0,0,2,0.03225806451612903,0.967741935483871,0.0,0.0,0.03125,UR,0.0,0.4375,0.0,0.0,7,ul,dl,midline,0,0,0,0,0
4,9,size11_comp0.6_grid9_base_medium,11,0.6,medium,base,base,10,9,19,11,4,1,1,1,0,0,-1,64,0.0,0.1875,0.1875,0.0,0,1,40,23,35,0,2,26,56,8,0,47,0.734375,UR,0.205592508185083,2,60,0,0,2,0.03225806451612903,0.967741935483871,0.0,0.0,0.03125,UR,0.0,0.8125,0.0,0.0,51,ul,dl,midline,0,0,0,0,0
5,9,size11_comp0.6_grid9_base_medium,11,0.6,medium,base,base,10,9,19,11,4,1,1,1,0,0,-1,64,0.0,0.546875,0.546875,0.0,0,0,29,35,23,0,0,40,57,39,0,0,0.0,UR,0.2192973081321754,2,55,0,0,7,0.03508771929824561,0.9649122807017544,0.0,0.0,0.109375,UR,0.0,0.4375,0.0,0.0,7,ul,dl,midline,0,0,0,0,0
6,9,size11_comp0.6_grid9_base_medium,11,0.6,medium,base,base,10,9,19,11,4,1,1,1,0,0,-1,64,0.0,0.515625,0.515625,0.0,0,1,30,33,26,1,1,35,57,35,0,1,0.015625,UR,0.2829047929798921,3,58,0,0,3,0.04918032786885246,0.9508196721311475,0.0,0.0,0.046875,UR,0.0,0.484375,0.0,0.0,9,ul,dl,midline,0,0,0,0,0
7,9,size11_comp0.6_grid9_base_medium,11,0.6,medium,base,base,10,9,19,11,4,1,1,1,0,0,-1,64,0.0,0.125,0.125,0.0,0,1,38,25,36,0,2,25,56,2,0,55,0.859375,UR,0.20307392998664564,2,61,0,0,1,0.031746031746031744,0.9682539682539683,0.0,0.0,0.015625,UR,0.0,0.90625,0.0,0.0,57,ul,dl,midline,0,0,0,0,0
8,9,size11_comp0.6_grid9_base_medium,11,0.6,medium,base,base,10,9,19,11,4,1,1,1,0,0,-1,64,0.0,0.53125,0.53125,0.0,0,0,30,34,29,0,0,34,57,33,0,0,0.0,UR,0.208180945557171,2,59,0,0,3,0.03278688524590164,0.9672131147540983,0.0,0.0,0.046875,UR,0.0,0.484375,0.0,0.0,5,ul,dl,midline,0,0,0,0,0
9,9,size11_comp0.6_grid9_base_medium,11,0.6,medium,base,base,10,9,19,11,4,1,1,1,0,0,-1,64,0.0,0.4375,0.4375,0.0,0,2,27,35,20,1,2,40,55,32,0,14,0.21875,UR,0.7344461802527669,13,50,0,0,1,0.20634920634920634,0.7936507936507936,0.0,0.0,0.015625,,0.0,0.0,0.0,0.0,0,ul,dl,midline,0,0,0,0,0
0,0,size7_comp0.0_grid0_base_medium,7,0.0,medium,base,base,5,4,9,3,3,1,1,1,1,1,7,21,0.42857142857142855,0.6190476190476191,0.75,0.5384615384615384,1,4,6,6,1,3,5,4,12,4,3,0,0.0,DR,0.4689955935892812,1,0,0,9,11,0.1,0.0,0.0,0.9,0.5238095238095238,,0.0,0.0,0.0,0.0,0,ul,dl,dr,0,1,0,0,0
1,0,size7_comp0.0_grid0_base_medium,7,0.0,medium,base,base,5,4,9,3,3,1,1,1,1,1,6,12,0.75,0.75,0.7142857142857143,0.8,0,3,3,3,2,1,1,1,5,1,1,0,0.0,DR,1.2516291673878228,1,0,1,4,6,0.16666666666666666,0.0,0.16666666666666666,0.6666666666666666,0.5,,0.0,0.0,0.0,0.0,0,ul,dl,dr,0,1,0,0,0
2,0,size7_comp0.0_grid0_base_medium,7,0.0,medium,base,base,5,4,9,3,3,1,1,1,1,0,-1,6,0.0,0.5,0.5,0.0,0,3,1,1,1,1,0,1,2,1,0,0,0.0,DL,0.8112781244591328,1,0,3,0,2,0.25,0.0,0.75,0.0,0.3333333333333333,,0.0,0.0,0.0,0.0,0,ul,dl,dr,0,0,0,0,0
3,0,size7_comp0.0_grid0_base_medium,7,0.0,medium,base,base,5,4,9,3,3,1,1,1,1,1,5,21,0.42857142857142855,0.5714285714285714,0.8333333333333334,0.4666666666666667,1,4,5,5,3,2,1,2,11,2,1,0,0.0,DL,1.2389012566026305,1,0,8,4,8,0.07692307692307693,0.0,0.6153846153846154,0.3076923076923077,0.38095238095238093,DL,0.0,0.0,0.09523809523809523,0.0,2,ul,dl,dr,0,0,0,0,0
4,0,size7_comp0.0_grid0_base_medium,7,0.0,medium,base,base,5,4,9,3,3,1,1,1,1,0,-1,9,0.0,0.3333333333333333,0.3333333333333333,0.0,0,4,1,1,1,1,0,0,4,0,0,1,0.1111111111111111,UL,1.0,1,0,1,0,7,0.5,0.0,0.5,0.0,0.7777777777777778,,0.0,0.0,0.0,0.0,0,ul,dl,dr,1,0,0,0,0
5,0,size7_comp0.0_grid0_base_medium,7,0.0,medium,base,base,5,4,9,3,3,1,1,1,1,1,9,17,0.5294117647058824,0.5882352941176471,0.6,0.5714285714285714,0,3,4,4,2,2,0,2,9,2,1,0,0.0,DR,1.2987949406953985,1,0,2,5,9,0.125,0.0,0.25,0.625,0.5294117647058824,,0.0,0.0,0.0,0.0,0,ul,dl,dr,0,1,0,0,0
6,0,size7_comp0.0_grid0_base_medium,7,0.0,medium,base,base,5,4,9,3,3,1,1,1,1,0,-1,3,0.0,0.6666666666666666,0.6666666666666666,0.0,0,3,0,0,2,0,0,0,0,0,0,0,0.0,UL,1.0,1,0,1,0,1,0.5,0.0,0.5,0.0,0.3333333333333333,,0.0,0.0,0.0,0.0,0,ul,dl,dr,1,0,0,0,0
7,0,size7_comp0.0_grid0_base_medium,7,0.0,medium,base,base,5,4,9,3,3,1,1,1,1,0,-1,5,0.0,0.6,0.6,0.0,0,3,1,1,1,1,2,0,0,0,0,0,0.0,UL,1.0,1,0,1,0,3,0.5,0.0,0.5,0.0,0.6,,0.0,0.0,0.0,0.0,0,ul,dl,dr,1,0,0,0,0
8,0,size7_comp0.0_grid0_base_medium,7,0.0,medium,base,base,5,4,9,3,3,1,1,1,1,1,8,17,0.5294117647058824,0.7058823529411765,0.6666666666666666,0.75,2,5,4,4,5,2,3,3,7,3,1,0,0.0,DR,1.9056390622295665,2,1,2,3,9,0.25,0.125,0.25,0.375,0.5294117647058824,,0.0,0.0,0.0,0.0,0,ul,dl,dr,0,1,0,0,0
9,0,size7_comp0.0_grid0_base_medium,7,0.0,medium,base,base,5,4,9,3,3,1,1,1,1,0,-1,13,0.0,0.46153846153846156,0.46153846153846156,0.0,0,3,4,4,3,1,1,4,7,4,0,0,0.0,DL,1.1488348542809166,1,0,5,1,6,0.14285714285714285,0.0,0.7142857142857143,0.14285714285714285,0.46153846153846156,,0.0,0.0,0.0,0.0,0,ul,dl,dr,0,0,0,0,0
0,1,size7_comp0.0_grid1_base_medium,7,0.0,medium,base,base,3,3,6,6,0,1,1,1,1,1,6,19,0.3157894736842105,0.3684210526315789,0.5714285714285714,0.25,3,0,1,4,2,1,1,0,12,0,4,0,0.0,UL,0.3227569588973982,16,0,1,0,2,0.9411764705882353,0.0,0.058823529411764705,0.0,0.10526315789473684,UL,0.21052631578947367,0.0,0.0,0.0,4,dl,ur,ul,0,1,0,0,0
1,1,size7_comp0.0_grid1_base_medium,7,0.0,medium,base,base,3,3,6,6,0,1,1,1,1,1,2,7,0.8571428571428571,0.8571428571428571,1.0,0.75,3,0,0,3,4,0,0,0,1,0,1,0,0.0,UL,0.7219280948873623,4,0,1,0,2,0.8,0.0,0.2,0.0,0.2857142857142857,UL,0.2857142857142857,0.0,0.0,0.0,2,dl,ur,ul,0,1,0,0,0
2,1,size7_comp0.0_grid1_base_medium,7,0.0,medium,base,base,3,3,6,6,0,1,1,1,1,1,4,15,0.4,0.4666666666666667,0.8,0.3,3,0,1,4,3,0,1,1,8,1,3,0,0.0,UL,0.7793498372920851,10,0,3,0,2,0.7692307692307693,0.0,0.23076923076923078,0.0,0.13333333333333333,UL,0.26666666666666666,0.0,0.0,0.0,4,dl,ur,ul,0,1,0,0,0
3,1,size7_comp0.0_grid1_base_medium,7,0.0,medium,base,base,3,3,6,6,0,1,1,1,1,1,11,15,0.4,0.6666666666666666,0.5833333333333334,1.0,3,0,5,7,3,2,4,5,6,4,0,1,0.06666666666666667,UL,0.6500224216483541,10,0,2,0,3,0.8333333333333334,0.0,0.16666666666666666,0.0,0.2,UL,0.06666666666666667,0.0,0.0,0.0,1,dl,ur,ul,0,1,0,0,0
4,1,size7_comp0.0_grid1_base_medium,7,0.0,medium,base,base,3,3,6,6,0,1,1,1,1,1,7,16,0.375,0.5,0.625,0.375,4,1,2,4,2,2,2,2,9,2,1,1,0.0625,UL,0.6500224216483541,10,0,2,0,4,0.8333333333333334,0.0,0.16666666666666666,0.0,0.25,UL,0.125,0.0,0.0,0.0,2,dl,ur,ul,0,1,0,0,0
5,1,size7_comp0.0_grid1_base_medium,7,0.0,medium,base,base,3,3,6,6,0,1,1,1,1,1,9,19,0.3157894736842105,0.47368421052631576,0.6,0.3333333333333333,3,0,3,6,0,2,2,3,11,3,2,0,0.0,UL,0.4689955935892812,9,0,1,0,9,0.9,0.0,0.1,0.0,0.47368421052631576,UL,0.10526315789473684,0.0,0.0,0.0,2,dl,ur,ul,0,1,0,0,0
6,1,size7_comp0.0_grid1_base_medium,7,0.0,medium,base,base,3,3,6,6,0,1,1,1,1,1,8,20,0.3,0.4,0.5555555555555556,0.2727272727272727,3,0,4,5,1,1,5,3,13,3,0,2,0.1,UL,0.5916727785823275,12,0,2,0,6,0.8571428571428571,0.0,0.14285714285714285,0.0,0.3,UL,0.05,0.0,0.0,0.0,1,dl,ur,ul,0,1,0,0,0
7,1,size7_comp0.0_grid1_base_medium,7,0.0,medium,base,base,3,3,6,6,0,1,1,1,1,1,5,10,0.6,0.7,0.6666666666666666,0.75,3,0,2,4,4,0,2,1,3,1,1,1,0.1,UL,0.7219280948873623,4,0,1,0,5,0.8,0.0,0.2,0.0,0.5,UL,0.2,0.0,0.0,0.0,2,dl,ur,ul,0,1,0,0,0
8,1,size7_comp0.0_grid1_base_medium,7,0.0,medium,base,base,3,3,6,6,0,1,1,1,1,1,17,21,0.2857142857142857,0.47619047619047616,0.3888888888888889,1.0,4,0,7,7,5,3,1,5,12,2,1,4,0.19047619047619047,UL,0.35335933502142136,14,0,1,0,6,0.9333333333333333,0.0,0.06666666666666667,0.0,0.2857142857142857,UL,0.047619047619047616,0.0,0.0,0.0,1,dl,ur,ul,0,1,0,0,0
9,1,size7_comp0.0_grid1_base_medium,7,0.0,medium,base,base,3,3,6,6,0,1,1,1,1,1,8,20,0.3,0.4,0.5555555555555556,0.2727272727272727,3,0,4,5,3,0,3,3,13,2,0,2,0.1,UL,0.3227569588973982,16,0,1,0,3,0.9411764705882353,0.0,0.058823529411764705,0.0,0.15,UL,0.05,0.0,0.0,0.0,1,dl,ur,ul,0,1,0,0,0
0,2,size7_comp0.0_grid2_base_medium,7,0.0,medium,base,base,3,4,7,3,2,1,1,1,1,0,-1,3,0.0,0.3333333333333333,0.3333333333333333,0.0,0,1,2,0,1,0,1,0,0,0,0,0,0.0,DR,-0.0,0,0,0,1,2,0.0,0.0,0.0,1.0,0.6666666666666666,,0.0,0.0,0.0,0.0,0,midline,dl,dr,0,1,0,0,0
1,2,size7_comp0.0_grid2_base_medium,7,0.0,medium,base,base,3,4,7,3,2,1,1,1,1,0,-1,12,0.0,0.4166666666666667,0.4166666666666667,0.0,1,2,5,3,5,1,1,2,6,2,0,0,0.0,DL,0.7642045065086203,0,0,7,2,3,0.0,0.0,0.7777777777777778,0.2222222222222222,0.25,DL,0.0,0.0,0.25,0.0,2,midline,dl,dr,0,0,0,0,0
2,2,size7_comp0.0_grid2_base_medium,7,0.0,medium,base,base,3,4,7,3,2,1,1,1,1,1,8,14,0.5,0.6428571428571429,0.5555555555555556,0.8,1,2,5,3,2,3,2,0,6,0,2,0,0.0,DR,-0.0,0,0,0,7,7,0.0,0.0,0.0,1.0,0.5,DR,0.0,0.0,0.0,0.14285714285714285,2,midline,dl,dr,0,1,0,0,0
3,2,size7_comp0.0_grid2_base_medium,7,0.0,medium,base,base,3,4,7,3,2,1,1,1,1,0,-1,3,0.0,0.3333333333333333,0.3333333333333333,0.0,0,1,2,0,1,0,1,0,0,0,0,0,0.0,DR,-0.0,0,0,0,1,2,0.0,0.0,0.0,1.0,0.6666666666666666,,0.0,0.0,0.0,0.0,0,midline,dl,dr,0,1,0,0,0
4,2,size7_comp0.0_grid2_base_medium,7,0.0,medium,base,base,3,4,7,3,2,1,1,1,1,0,-1,15,0.0,0.4,0.4,0.0,2,5,5,3,2,4,5,3,6,3,0,2,0.13333333333333333,DL,0.9940302114769565,0,0,6,5,4,0.0,0.0,0.5454545454545454,0.45454545454545453,0.26666666666666666,DL,0.0,0.0,0.13333333333333333,0.0,1,midline,dl,dr,0,0,0,0,0
5,2,size7_comp0.0_grid2_base_medium,7,0.0,medium,base,base,3,4,7,3,2,1,1,1,1,0,-1,4,0.0,0.25,0.25,0.0,0,1,2,0,1,0,0,0,1,0,0,0,0.0,DR,-0.0,0,0,0,2,2,0.0,0.0,0.0,1.0,0.5,,0.0,0.0,0.0,0.0,0,midline,dl,dr,0,1,0,0,0
6,2,size7_comp0.0_grid2_base_medium,7,0.0,medium,base,base,3,4,7,3,2,1,1,1,1,0,-1,3,0.0,0.3333333333333333,0.3333333333333333,0.0,0,1,2,0,1,0,1,0,0,0,0,0,0.0,DR,-0.0,0,0,0,1,2,0.0,0.0,0.0,1.0,0.6666666666666666,,0.0,0.0,0.0,0.0,0,midline,dl,dr,0,1,0,0,0
7,2,size7_comp0.0_grid2_base_medium,7,0.0,medium,base,base,3,4,7,3,2,1,1,1,1,0,-1,15,0.0,0.4,0.4,0.0,1,2,6,4,3,3,0,5,7,5,0,0,0.0,DL,0.9910760598382222,0,0,5,4,6,0.0,0.0,0.5555555555555556,0.4444444444444444,0.4,DL,0.0,0.0,0.06666666666666667,0.0,1,midline,dl,dr,0,0,0,0,0
8,2,size7_comp0.0_grid2_base_medium,7,0.0,medium,base,base,3,4,7,3,2,1,1,1,1,1,18,27,0.25925925925925924,0.5925925925925926,0.5789473684210527,0.625,3,4,10,8,6,2,4,11,19,11,1,0,0.0,DR,0.6962122601251458,0,0,3,13,11,0.0,0.0,0.1875,0.8125,0.4074074074074074,DR,0.0,0.0,0.0,0.037037037037037035,1,midline,dl,dr,0,1,0,0,0
9,2,size7_comp0.0_grid2_base_medium,7,0.0,medium,base,base,3,4,7,3,2,1,1,1,1,0,-1,4,0.0,0.25,0.25,0.0,0,1,2,0,1,0,1,0,1,0,0,0,0.0,DR,-0.0,0,0,0,1,3,0.0,0.0,0.0,1.0,0.75,,0.0,0.0,0.0,0.0,0,midline,dl,dr,0,1,0,0,0
0,3,size7_comp0.0_grid3_base_medium,7,0.0,medium,base,base,5,3,8,4,2,1,1,1,1,0,-1,6,0.0,0.6666666666666666,0.6666666666666666,0.0,1,1,4,0,2,2,1,0,0,0,0,0,0.0,UR,0.8112781244591328,1,3,0,0,2,0.25,0.75,0.0,0.0,0.3333333333333333,UR,0.0,0.16666666666666666,0.0,0.0,1,ur,ul,dl,1,0,0,0,0
1,3,size7_comp0.0_grid3_base_medium,7,0.0,medium,base,base,5,3,8,4,2,1,1,1,1,0,-1,9,0.0,0.5555555555555556,0.5555555555555556,0.0,1,1,5,2,2,1,2,3,3,2,0,1,0.1111111111111111,UR,-0.0,0,3,0,0,6,0.0,1.0,0.0,0.0,0.6666666666666666,,0.0,0.0,0.0,0.0,0,ur,ul,dl,1,0,0,0,0
2,3,size7_comp0.0_grid3_base_medium,7,0.0,medium,base,base,5,3,8,4,2,1,1,1,1,1,10,16,0.5,0.6875,0.7272727272727273,0.6,4,4,5,1,3,6,0,2,7,2,2,0,0.0,UR,1.4353713907745331,3,6,2,0,5,0.2727272727272727,0.5454545454545454,0.18181818181818182,0.0,0.3125,UR,0.0,0.0625,0.0,0.0,1,ur,ul,dl,1,0,0,0,0
3,3,size7_comp0.0_grid3_base_medium,7,0.0,medium,base,base,5,3,8,4,2,1,1,1,1,1,4,15,0.5333333333333333,0.6666666666666666,1.0,0.5,2,2,6,2,2,2,3,1,5,1,0,0,0.0,UL,1.584962500721156,1,1,1,0,12,0.3333333333333333,0.3333333333333333,0.3333333333333333,0.0,0.8,,0.0,0.0,0.0,0.0,0,ur,ul,dl,0,0,0,0,0
4,3,size7_comp0.0_grid3_base_medium,7,0.0,medium,base,base,5,3,8,4,2,1,1,1,1,0,-1,6,0.0,0.5,0.5,0.0,0,0,4,2,4,0,0,1,2,0,0,2,0.3333333333333333,UR,0.7219280948873623,1,4,0,0,1,0.2,0.8,0.0,0.0,0.16666666666666666,,0.0,0.0,0.0,0.0,0,ur,ul,dl,1,0,0,0,0
5,3,size7_comp0.0_grid3_base_medium,7,0.0,medium,base,base,5,3,8,4,2,1,1,1,1,0,-1,18,0.0,0.4444444444444444,0.4444444444444444,0.0,3,3,6,2,3,4,3,0,7,0,0,0,0.0,UR,1.4353713907745331,3,6,0,2,7,0.2727272727272727,0.5454545454545454,0.0,0.18181818181818182,0.3888888888888889,UR,0.0,0.1111111111111111,0.0,0.0,2,ur,ul,dl,1,0,0,0,0
6,3,size7_comp0.0_grid3_base_medium,7,0.0,medium,base,base,5,3,8,4,2,1,1,1,0,1,6,32,0.0,0.375,0.8571428571428571,0.24,4,4,6,6,4,4,3,0,18,0,4,1,0.03125,DL,1.7028195311147831,1,4,8,3,16,0.0625,0.25,0.5,0.1875,0.5,,0.0,0.0,0.0,0.0,0,ur,ul,dl,0,1,0,0,0
7,3,size7_comp0.0_grid3_base_medium,7,0.0,medium,base,base,5,3,8,4,2,1,1,1,1,0,-1,4,0.0,0.75,0.75,0.0,0,0,4,0,3,0,0,0,0,0,0,0,0.0,UR,0.9182958340544896,1,2,0,0,1,0.3333333333333333,0.6666666666666666,0.0,0.0,0.25,,0.0,0.0,0.0,0.0,0,ur,ul,dl,1,0,0,0,0
8,3,size7_comp0.0_grid3_base_medium,7,0.0,medium,base,base,5,3,8,4,2,1,1,1,1,0,-1,6,0.0,0.6666666666666666,0.6666666666666666,0.0,0,0,5,1,3,0,0,2,2,2,0,0,0.0,UR,0.8112781244591328,1,3,0,0,2,0.25,0.75,0.0,0.0,0.3333333333333333,,0.0,0.0,0.0,0.0,0,ur,ul,dl,1,0,0,0,0
9,3,size7_comp0.0_grid3_base_medium,7,0.0,medium,base,base,5,3,8,4,2,1,1,1,1,0,-1,17,0.0,0.5294117647058824,0.5294117647058824,0.0,3,3,7,3,0,5,6,3,8,3,0,0,0.0,UR,0.7642045065086203,2,7,0,0,8,0.2222222222222222,0.7777777777777778,0.0,0.0,0.47058823529411764,,0.0,0.0,0.0,0.0,0,ur,ul,dl,1,0,0,0,0
0,4,size7_comp0.0_grid4_base_medium,7,0.0,medium,base,base,3,6,9,5,2,1,1,1,1,1,3,12,0.75,0.75,0.75,0.75,2,4,3,0,4,0,1,1,5,1,1,0,0.0,DL,-0.0,0,0,1,0,11,0.0,0.0,1.0,0.0,0.9166666666666666,,0.0,0.0,0.0,0.0,0,midline,dl,midline,0,0,0,0,0
1,4,size7_comp0.0_grid4_base_medium,7,0.0,medium,base,base,3,6,9,5,2,1,1,1,1,1,2,12,0.75,0.75,1.0,0.6666666666666666,2,4,3,0,4,0,2,0,5,0,2,0,0.0,DL,-0.0,0,0,3,0,9,0.0,0.0,1.0,0.0,0.75,,0.0,0.0,0.0,0.0,0,midline,dl,midline,0,0,0,0,0
2,4,size7_comp0.0_grid4_base_medium,7,0.0,medium,base,base,3,6,9,5,2,1,1,1,1,1,8,26,0.34615384615384615,0.5384615384615384,0.6666666666666666,0.47058823529411764,3,5,7,4,4,4,4,4,14,4,1,0,0.0,UL,1.4020814027560318,8,0,7,2,9,0.47058823529411764,0.0,0.4117647058823529,0.11764705882352941,0.34615384615384615,UL,0.038461538461538464,0.0,0.0,0.0,1,midline,dl,midline,0,0,0,0,0
3,4,size7_comp0.0_grid4_base_medium,7,0.0,medium,base,base,3,6,9,5,2,1,1,1,1,1,4,13,0.6923076923076923,0.6923076923076923,0.6,0.75,2,4,4,0,3,1,2,1,5,1,1,1,0.07692307692307693,UL,1.3787834934861753,4,2,1,0,6,0.5714285714285714,0.2857142857142857,0.14285714285714285,0.0,0.46153846153846156,,0.0,0.0,0.0,0.0,0,midline,dl,midline,0,0,0,0,0
4,4,size7_comp0.0_grid4_base_medium,7,0.0,medium,base,base,3,6,9,5,2,1,1,1,1,1,6,15,0.6,0.6666666666666666,0.5714285714285714,0.75,3,5,3,0,1,3,3,2,7,2,1,0,0.0,DL,0.9182958340544896,0,0,2,1,12,0.0,0.0,0.6666666666666666,0.3333333333333333,0.8,,0.0,0.0,0.0,0.0,0,midline,dl,midline,0,0,0,0,0
5,4,size7_comp0.0_grid4_base_medium,7,0.0,medium,base,base,3,6,9,5,2,1,1,1,1,1,4,13,0.6923076923076923,0.7692307692307693,0.8,0.75,3,5,3,0,3,2,1,2,4,2,1,0,0.0,UL,0.8112781244591328,3,0,1,0,9,0.75,0.0,0.25,0.0,0.6923076923076923,,0.0,0.0,0.0,0.0,0,midline,dl,midline,0,0,0,0,0
6,4,size7_comp0.0_grid4_base_medium,7,0.0,medium,base,base,3,6,9,5,2,1,1,1,1,1,10,20,0.45,0.65,0.5454545454545454,0.7777777777777778,3,5,6,3,5,4,4,1,5,1,1,0,0.0,UL,1.3709505944546687,6,2,2,0,10,0.6,0.2,0.2,0.0,0.5,UL,0.15,0.0,0.0,0.0,3,midline,dl,midline,0,0,0,0,0
7,4,size7_comp0.0_grid4_base_medium,7,0.0,medium,base,base,3,6,9,5,2,1,1,1,1,1,6,15,0.6,0.7333333333333333,0.7142857142857143,0.75,4,6,3,0,5,0,3,2,7,2,2,0,0.0,DR,0.9182958340544896,0,0,1,2,12,0.0,0.0,0.3333333333333333,0.6666666666666666,0.8,,0.0,0.0,0.0,0.0,0,midline,dl,midline,0,0,0,0,0
8,4,size7_comp0.0_grid4_base_medium,7,0.0,medium,base,base,3,6,9,5,2,1,1,1,1,1,2,13,0.6923076923076923,0.6923076923076923,1.0,0.6,2,4,3,0,2,1,1,0,4,0,1,0,0.0,UL,0.7219280948873623,4,0,1,0,8,0.8,0.0,0.2,0.0,0.6153846153846154,,0.0,0.0,0.0,0.0,0,midline,dl,midline,0,0,0,0,0
9,4,size7_comp0.0_grid4_base_medium,7,0.0,medium,base,base,3,6,9,5,2,1,1,1,1,1,9,17,0.5294117647058824,0.7058823529411765,0.6,0.8571428571428571,3,5,5,2,4,2,3,3,7,3,1,0,0.0,DL,0.9182958340544896,0,1,2,0,14,0.0,0.3333333333333333,0.6666666666666666,0.0,0.8235294117647058,,0.0,0.0,0.0,0.0,0,midline,dl,midline,0,0,0,0,0
0,5,size7_comp0.0_grid5_base_medium,7,0.0,medium,base,base,6,4,10,6,2,1,1,1,1,0,-1,7,0.0,0.5714285714285714,0.5714285714285714,0.0,2,0,4,0,3,1,0,0,1,0,0,0,0.0,DR,-0.0,0,0,0,2,5,0.0,0.0,0.0,1.0,0.7142857142857143,DR,0.0,0.0,0.0,0.14285714285714285,1,dr,midline,midline,1,0,0,0,0
1,5,size7_comp0.0_grid5_base_medium,7,0.0,medium,base,base,6,4,10,6,2,1,1,1,1,1,13,21,0.47619047619047616,0.5714285714285714,0.5714285714285714,0.5714285714285714,5,3,5,1,3,0,4,2,11,2,2,0,0.0,UL,0.9182958340544896,6,0,0,3,12,0.6666666666666666,0.0,0.0,0.3333333333333333,0.5714285714285714,DR,0.0,0.0,0.0,0.047619047619047616,1,dr,midline,midline,0,0,0,0,0
2,5,size7_comp0.0_grid5_base_medium,7,0.0,medium,base,base,6,4,10,6,2,1,1,1,1,0,-1,11,0.0,0.5454545454545454,0.5454545454545454,0.0,4,2,4,1,2,3,4,1,3,1,0,1,0.09090909090909091,DR,1.1488348542809166,1,1,0,5,4,0.14285714285714285,0.14285714285714285,0.0,0.7142857142857143,0.36363636363636365,DR,0.0,0.0,0.0,0.18181818181818182,1,dr,midline,midline,1,0,0,0,0
3,5,size7_comp0.0_grid5_base_medium,7,0.0,medium,base,base,6,4,10,6,2,1,1,1,1,0,-1,10,0.0,0.5,0.5,0.0,2,0,5,2,3,2,0,2,4,2,0,1,0.1,DR,-0.0,0,0,0,3,7,0.0,0.0,0.0,1.0,0.7,DR,0.0,0.0,0.0,0.2,2,dr,midline,midline,1,0,0,0,0
4,5,size7_comp0.0_grid5_base_medium,7,0.0,medium,base,base,6,4,10,6,2,1,1,1,1,1,12,20,0.5,0.65,0.6153846153846154,0.7142857142857143,4,2,7,3,5,2,3,1,8,1,1,0,0.0,UL,0.7219280948873623,8,0,0,2,10,0.8,0.0,0.0,0.2,0.5,UL,0.1,0.0,0.0,0.05,2,dr,midline,midline,0,0,0,0,0
5,5,size7_comp0.0_grid5_base_medium,7,0.0,medium,base,base,6,4,10,6,2,1,1,1,1,1,7,31,0.3225806451612903,0.5161290322580645,0.75,0.43478260869565216,6,4,8,4,4,4,4,2,18,2,0,0,0.0,UL,1.4152689500270954,10,5,0,3,13,0.5555555555555556,0.2777777777777778,0.0,0.16666666666666666,0.41935483870967744,UL,0.06451612903225806,0.0,0.0,0.03225806451612903,2,dr,midline,midline,0,0,0,0,0
6,5,size7_comp0.0_grid5_base_medium,7,0.0,medium,base,base,6,4,10,6,2,1,1,1,1,1,7,13,0.7692307692307693,0.8461538461538461,0.875,0.8,4,2,5,1,5,1,3,1,4,1,1,0,0.0,UL,0.863120568566631,5,0,0,2,6,0.7142857142857143,0.0,0.0,0.2857142857142857,0.46153846153846156,DR,0.0,0.0,0.0,0.07692307692307693,1,dr,midline,midline,0,0,0,0,0
7,5,size7_comp0.0_grid5_base_medium,7,0.0,medium,base,base,6,4,10,6,2,1,1,1,1,0,-1,10,0.0,0.5,0.5,0.0,2,0,5,1,2,1,2,1,3,1,0,0,0.0,DR,-0.0,0,0,0,4,6,0.0,0.0,0.0,1.0,0.6,DR,0.0,0.0,0.0,0.2,2,dr,midline,midline,1,0,0,0,0
8,5,size7_comp0.0_grid5_base_medium,7,0.0,medium,base,base,6,4,10,6,2,1,1,1,1,0,-1,8,0.0,0.625,0.625,0.0,2,0,5,1,3,1,2,1,1,1,0,0,0.0,DR,-0.0,0,0,0,3,5,0.0,0.0,0.0,1.0,0.625,DR,0.0,0.0,0.0,0.125,1,dr,midline,midline,1,0,0,0,0
9,5,size7_comp0.0_grid5_base_medium,7,0.0,medium,base,base,6,4,10,6,2,1,1,1,1,1,6,15,0.6666666666666666,0.7333333333333333,0.8571428571428571,0.625,4,2,5,1,2,3,2,2,5,2,0,0,0.0,UL,0.8812908992306927,7,0,0,3,5,0.7,0.0,0.0,0.3,0.3333333333333333,DR,0.0,0.0,0.0,0.06666666666666667,1,dr,midline,midline,0,0,0,0,0
0,6,size7_comp0.0_grid6_base_medium,7,0.0,medium,base,base,5,3,8,4,2,1,1,1,1,1,6,13,0.6153846153846154,0.7692307692307693,0.8571428571428571,0.6666666666666666,0,3,5,4,5,1,1,3,5,3,1,0,0.0,DR,1.2987949406953985,1,2,0,5,5,0.125,0.25,0.0,0.625,0.38461538461538464,,0.0,0.0,0.0,0.0,0,midline,dl,dr,0,1,0,0,0
1,6,size7_comp0.0_grid6_base_medium,7,0.0,medium,base,base,5,3,8,4,2,1,1,1,1,1,6,11,0.7272727272727273,0.8181818181818182,0.8571428571428571,0.75,0,3,4,3,4,3,0,1,3,1,2,0,0.0,DR,-0.0,0,0,0,4,7,0.0,0.0,0.0,1.0,0.6363636363636364,,0.0,0.0,0.0,0.0,0,midline,dl,dr,0,1,0,0,0
2,6,size7_comp0.0_grid6_base_medium,7,0.0,medium,base,base,5,3,8,4,2,1,1,1,1,0,-1,7,0.0,0.5714285714285714,0.5714285714285714,0.0,0,3,2,1,2,1,0,1,2,1,0,0,0.0,DR,-0.0,0,0,0,1,6,0.0,0.0,0.0,1.0,0.8571428571428571,,0.0,0.0,0.0,0.0,0,midline,dl,dr,0,1,0,0,0
3,6,size7_comp0.0_grid6_base_medium,7,0.0,medium,base,base,5,3,8,4,2,1,1,1,1,1,15,22,0.36363636363636365,0.5909090909090909,0.5625,0.6666666666666666,1,4,7,6,4,3,2,5,12,5,1,0,0.0,DR,0.7219280948873623,0,2,0,8,12,0.0,0.2,0.0,0.8,0.5454545454545454,,0.0,0.0,0.0,0.0,0,midline,dl,dr,0,1,0,0,0
4,6,size7_comp0.0_grid6_base_medium,7,0.0,medium,base,base,5,3,8,4,2,1,1,1,1,0,-1,17,0.0,0.47058823529411764,0.47058823529411764,0.0,0,3,6,6,2,2,4,5,8,5,0,1,0.058823529411764705,UR,0.9852281360342515,0,4,0,3,10,0.0,0.5714285714285714,0.0,0.42857142857142855,0.5882352941176471,,0.0,0.0,0.0,0.0,0,midline,dl,dr,0,0,0,0,0
5,6,size7_comp0.0_grid6_base_medium,7,0.0,medium,base,base,5,3,8,4,2,1,1,1,1,1,27,32,0.25,0.46875,0.42857142857142855,0.75,0,3,10,13,7,0,3,11,23,10,0,4,0.125,UR,0.9182958340544896,0,6,0,3,23,0.0,0.6666666666666666,0.0,0.3333333333333333,0.71875,UR,0.0,0.125,0.0,0.0,4,midline,dl,dr,0,0,0,0,0
6,6,size7_comp0.0_grid6_base_medium,7,0.0,medium,base,base,5,3,8,4,2,1,1,1,1,1,6,10,0.8,0.8,0.7142857142857143,1.0,0,3,3,4,3,2,4,0,2,0,0,2,0.2,UR,0.9182958340544896,0,4,0,2,4,0.0,0.6666666666666666,0.0,0.3333333333333333,0.4,,0.0,0.0,0.0,0.0,0,midline,dl,dr,0,0,0,0,0
7,6,size7_comp0.0_grid6_base_medium,7,0.0,medium,base,base,5,3,8,4,2,1,1,1,1,0,-1,4,0.0,0.75,0.75,0.0,0,3,1,0,2,0,1,0,0,0,0,0,0.0,UL,0.0,0,0,0,0,4,0.0,0.0,0.0,0.0,1.0,,0.0,0.0,0.0,0.0,0,midline,dl,dr,0,0,0,0,0
8,6,size7_comp0.0_grid6_base_medium,7,0.0,medium,base,base,5,3,8,4,2,1,1,1,1,1,5,9,0.8888888888888888,0.8888888888888888,0.8333333333333334,1.0,0,3,3,2,3,2,0,1,2,1,1,0,0.0,DR,-0.0,0,0,0,3,6,0.0,0.0,0.0,1.0,0.6666666666666666,,0.0,0.0,0.0,0.0,0,midline,dl,dr,0,1,0,0,0
9,6,size7_comp0.0_grid6_base_medium,7,0.0,medium,base,base,5,3,8,4,2,1,1,1,1,0,-1,5,0.0,0.6,0.6,0.0,0,3,1,0,2,0,0,0,1,0,0,0,0.0,UL,0.0,0,0,0,0,5,0.0,0.0,0.0,0.0,1.0,,0.0,0.0,0.0,0.0,0,midline,dl,dr,0,0,0,0,0
0,7,size7_comp0.0_grid7_base_medium,7,0.0,medium,base,base,3,3,6,4,1,1,1,1,0,1,10,32,0.0,0.34375,0.5454545454545454,0.23809523809523808,3,1,7,8,7,0,5,1,20,1,5,0,0.0,UR,1.2410106928656974,7,15,2,0,8,0.2916666666666667,0.625,0.08333333333333333,0.0,0.25,UR,0.0,0.03125,0.0,0.0,1,midline,ur,midline,0,0,0,0,0
1,7,size7_comp0.0_grid7_base_medium,7,0.0,medium,base,base,3,3,6,4,1,1,1,1,1,1,6,13,0.46153846153846156,0.5384615384615384,0.5714285714285714,0.5,2,1,1,4,0,2,1,2,7,2,0,0,0.0,UR,0.954434002924965,3,5,0,0,5,0.375,0.625,0.0,0.0,0.38461538461538464,,0.0,0.0,0.0,0.0,0,midline,ur,midline,0,0,0,0,0
2,7,size7_comp0.0_grid7_base_medium,7,0.0,medium,base,base,3,3,6,4,1,1,1,1,1,0,-1,14,0.0,0.42857142857142855,0.42857142857142855,0.0,3,2,3,5,2,5,2,2,6,1,0,1,0.07142857142857142,DL,1.2987949406953985,2,1,5,0,6,0.25,0.125,0.625,0.0,0.42857142857142855,,0.0,0.0,0.0,0.0,0,midline,ur,midline,0,0,0,0,0
3,7,size7_comp0.0_grid7_base_medium,7,0.0,medium,base,base,3,3,6,4,1,1,1,1,1,1,7,18,0.3333333333333333,0.4444444444444444,0.625,0.3,2,1,2,5,0,2,2,2,11,2,5,0,0.0,UL,0.9709505944546686,6,4,0,0,8,0.6,0.4,0.0,0.0,0.4444444444444444,,0.0,0.0,0.0,0.0,0,midline,ur,midline,0,0,0,0,0
4,7,size7_comp0.0_grid7_base_medium,7,0.0,medium,base,base,3,3,6,4,1,1,1,1,1,1,6,23,0.2608695652173913,0.43478260869565216,0.5714285714285714,0.375,2,1,4,7,1,3,1,3,14,3,1,0,0.0,UR,0.8524051786494786,5,13,0,0,5,0.2777777777777778,0.7222222222222222,0.0,0.0,0.21739130434782608,UR,0.0,0.17391304347826086,0.0,0.0,3,midline,ur,midline,0,0,0,0,0
5,7,size7_comp0.0_grid7_base_medium,7,0.0,medium,base,base,3,3,6,4,1,1,1,1,1,1,9,13,0.46153846153846156,0.6923076923076923,0.6,1.0,4,3,1,4,3,2,3,2,6,2,0,0,0.0,UL,0.5916727785823275,6,1,0,0,6,0.8571428571428571,0.14285714285714285,0.0,0.0,0.46153846153846156,,0.0,0.0,0.0,0.0,0,midline,ur,midline,0,0,0,0,0
6,7,size7_comp0.0_grid7_base_medium,7,0.0,medium,base,base,3,3,6,4,1,1,1,1,1,1,7,12,0.5,0.5833333333333334,0.5,0.75,2,1,1,4,2,1,1,0,4,0,1,0,0.0,UL,0.5435644431995964,7,1,0,0,4,0.875,0.125,0.0,0.0,0.3333333333333333,UL,0.08333333333333333,0.0,0.0,0.0,1,midline,ur,midline,0,0,0,0,0
7,7,size7_comp0.0_grid7_base_medium,7,0.0,medium,base,base,3,3,6,4,1,1,1,1,0,1,3,32,0.0,0.28125,0.75,0.21428571428571427,2,0,5,7,1,0,1,2,26,2,5,0,0.0,UR,0.24988229283318544,1,23,0,0,8,0.041666666666666664,0.9583333333333334,0.0,0.0,0.25,UR,0.0,0.1875,0.0,0.0,2,midline,ur,midline,0,0,0,0,0
8,7,size7_comp0.0_grid7_base_medium,7,0.0,medium,base,base,3,3,6,4,1,1,1,1,1,1,4,9,0.6666666666666666,0.7777777777777778,0.8,0.75,2,1,1,4,1,2,3,0,1,0,1,0,0.0,UL,1.0,2,2,0,0,5,0.5,0.5,0.0,0.0,0.5555555555555556,,0.0,0.0,0.0,0.0,0,midline,ur,midline,0,0,0,0,0
9,7,size7_comp0.0_grid7_base_medium,7,0.0,medium,base,base,3,3,6,4,1,1,1,1,1,1,10,19,0.3157894736842105,0.5263157894736842,0.6363636363636364,0.375,2,1,4,7,2,1,3,4,10,4,2,0,0.0,UL,0.9612366047228759,8,5,0,0,6,0.6153846153846154,0.38461538461538464,0.0,0.0,0.3157894736842105,,0.0,0.0,0.0,0.0,0,midline,ur,midline,0,0,0,0,0
0,8,size7_comp0.0_grid8_base_medium,7,0.0,medium,base,base,3,4,7,5,1,1,1,1,1,1,2,29,0.2413793103448276,0.41379310344827586,1.0,0.34615384615384615,3,2,4,8,3,0,5,3,19,3,3,0,0.0,DL,-0.0,0,0,15,0,14,0.0,0.0,1.0,0.0,0.4827586206896552,DL,0.0,0.0,0.10344827586206896,0.0,3,dl,midline,midline,1,0,0,0,0
1,8,size7_comp0.0_grid8_base_medium,7,0.0,medium,base,base,3,4,7,5,1,1,1,1,0,0,-1,32,0.0,0.4375,0.4375,0.0,1,2,13,12,4,0,4,15,26,14,0,3,0.09375,DL,-0.0,0,0,30,0,2,0.0,0.0,1.0,0.0,0.0625,DL,0.0,0.0,0.4375,0.0,3,dl,midline,midline,1,0,0,0,0
2,8,size7_comp0.0_grid8_base_medium,7,0.0,medium,base,base,3,4,7,5,1,1,1,1,1,1,6,23,0.30434782608695654,0.4782608695652174,0.7142857142857143,0.375,3,2,3,7,2,1,4,3,15,3,4,0,0.0,DL,0.5032583347756457,0,0,8,1,14,0.0,0.0,0.8888888888888888,0.1111111111111111,0.6086956521739131,,0.0,0.0,0.0,0.0,0,dl,midline,midline,1,0,0,0,0
3,8,size7_comp0.0_grid8_base_medium,7,0.0,medium,base,base,3,4,7,5,1,1,1,1,1,1,8,28,0.25,0.32142857142857145,0.5555555555555556,0.21052631578947367,2,1,2,6,1,2,1,4,21,4,0,0,0.0,DL,-0.0,0,0,9,0,19,0.0,0.0,1.0,0.0,0.6785714285714286,DL,0.0,0.0,0.10714285714285714,0.0,1,dl,midline,midline,1,0,0,0,0
4,8,size7_comp0.0_grid8_base_medium,7,0.0,medium,base,base,3,4,7,5,1,1,1,1,1,1,8,19,0.3684210526315789,0.47368421052631576,0.5555555555555556,0.4,2,1,4,6,3,0,2,5,12,3,4,2,0.10526315789473684,DL,-0.0,0,0,9,0,10,0.0,0.0,1.0,0.0,0.5263157894736842,DL,0.0,0.0,0.2631578947368421,0.0,2,dl,midline,midline,1,0,0,0,0
5,8,size7_comp0.0_grid8_base_medium,7,0.0,medium,base,base,3,4,7,5,1,1,1,1,1,1,2,10,0.7,0.7,1.0,0.5714285714285714,2,1,0,4,0,1,2,0,3,0,1,0,0.0,DL,0.9709505944546686,0,0,3,2,5,0.0,0.0,0.6,0.4,0.5,,0.0,0.0,0.0,0.0,0,dl,midline,midline,1,0,0,0,0
6,8,size7_comp0.0_grid8_base_medium,7,0.0,medium,base,base,3,4,7,5,1,1,1,1,1,1,3,31,0.22580645161290322,0.3548387096774194,0.75,0.2962962962962963,4,4,4,6,4,1,2,2,23,2,8,3,0.0967741935483871,DL,-0.0,0,0,13,0,18,0.0,0.0,1.0,0.0,0.5806451612903226,DL,0.0,0.0,0.1935483870967742,0.0,3,dl,midline,midline,1,0,0,0,0
7,8,size7_comp0.0_grid8_base_medium,7,0.0,medium,base,base,3,4,7,5,1,1,1,1,1,1,10,20,0.35,0.45,0.45454545454545453,0.4444444444444444,4,3,0,4,2,0,2,1,13,1,1,0,0.0,DL,-0.0,0,0,3,0,17,0.0,0.0,1.0,0.0,0.85,,0.0,0.0,0.0,0.0,0,dl,midline,midline,1,0,0,0,0
8,8,size7_comp0.0_grid8_base_medium,7,0.0,medium,base,base,3,4,7,5,1,1,1,1,0,1,11,32,0.0,0.34375,0.5833333333333334,0.2,4,4,6,6,1,5,4,6,26,6,1,0,0.0,DL,-0.0,0,0,30,0,2,0.0,0.0,1.0,0.0,0.0625,DL,0.0,0.0,0.15625,0.0,1,dl,midline,midline,1,0,0,0,0
9,8,size7_comp0.0_grid8_base_medium,7,0.0,medium,base,base,3,4,7,5,1,1,1,1,1,1,7,20,0.35,0.45,0.625,0.3333333333333333,4,3,0,4,2,1,0,2,12,2,4,0,0.0,DR,0.7642045065086203,0,0,2,7,11,0.0,0.0,0.2222222222222222,0.7777777777777778,0.55,DR,0.0,0.0,0.0,0.15,3,dl,midline,midline,0,0,0,0,0
0,9,size7_comp0.0_grid9_base_medium,7,0.0,medium,base,base,3,5,8,6,1,1,1,1,1,1,2,11,0.7272727272727273,0.7272727272727273,1.0,0.625,0,3,4,1,1,1,3,0,3,0,0,0,0.0,DL,1.4591479170272448,0,1,3,2,5,0.0,0.16666666666666666,0.5,0.3333333333333333,0.45454545454545453,,0.0,0.0,0.0,0.0,0,ur,dl,dr,0,0,0,0,0
1,9,size7_comp0.0_grid9_base_medium,7,0.0,medium,base,base,3,5,8,6,1,1,1,1,1,1,2,10,0.8,0.9,1.0,0.8571428571428571,0,3,5,2,3,2,1,3,3,3,3,0,0.0,DR,1.1488348542809166,0,1,1,5,3,0.0,0.14285714285714285,0.14285714285714285,0.7142857142857143,0.3,,0.0,0.0,0.0,0.0,0,ur,dl,dr,0,1,0,0,0
2,9,size7_comp0.0_grid9_base_medium,7,0.0,medium,base,base,3,5,8,6,1,1,1,1,1,1,2,9,0.8888888888888888,0.8888888888888888,1.0,0.8333333333333334,0,3,4,1,3,1,2,0,1,0,0,0,0.0,DR,1.2516291673878228,0,1,1,4,3,0.0,0.16666666666666666,0.16666666666666666,0.6666666666666666,0.3333333333333333,DR,0.0,0.0,0.0,0.1111111111111111,1,ur,dl,dr,0,1,0,0,0
3,9,size7_comp0.0_grid9_base_medium,7,0.0,medium,base,base,3,5,8,6,1,1,1,1,1,1,5,12,0.6666666666666666,0.75,0.6666666666666666,0.8333333333333334,0,3,5,3,3,2,3,1,3,0,0,1,0.08333333333333333,DR,1.1488348542809166,0,1,1,5,5,0.0,0.14285714285714285,0.14285714285714285,0.7142857142857143,0.4166666666666667,DR,0.0,0.0,0.0,0.16666666666666666,2,ur,dl,dr,0,1,0,0,0
4,9,size7_comp0.0_grid9_base_medium,7,0.0,medium,base,base,3,5,8,6,1,1,1,1,1,1,4,14,0.5714285714285714,0.6428571428571429,0.8,0.5555555555555556,0,3,5,2,1,4,2,1,5,1,1,0,0.0,DR,1.2516291673878228,0,1,1,4,8,0.0,0.16666666666666666,0.16666666666666666,0.6666666666666666,0.5714285714285714,,0.0,0.0,0.0,0.0,0,ur,dl,dr,0,1,0,0,0
5,9,size7_comp0.0_grid9_base_medium,7,0.0,medium,base,base,3,5,8,6,1,1,1,1,1,1,2,12,0.6666666666666666,0.6666666666666666,1.0,0.5555555555555556,0,3,4,1,2,1,1,0,4,0,1,0,0.0,DR,1.295461844238322,0,1,3,6,2,0.0,0.1,0.3,0.6,0.16666666666666666,DR,0.0,0.0,0.0,0.08333333333333333,1,ur,dl,dr,0,1,0,0,0
6,9,size7_comp0.0_grid9_base_medium,7,0.0,medium,base,base,3,5,8,6,1,1,1,1,1,1,2,12,0.6666666666666666,0.6666666666666666,1.0,0.5555555555555556,0,3,4,1,2,0,2,0,4,0,1,0,0.0,DR,1.3709505944546687,0,2,2,6,2,0.0,0.2,0.2,0.6,0.16666666666666666,,0.0,0.0,0.0,0.0,0,ur,dl,dr,0,1,0,0,0
7,9,size7_comp0.0_grid9_base_medium,7,0.0,medium,base,base,3,5,8,6,1,1,1,1,1,1,6,15,0.5333333333333333,0.6666666666666666,0.7142857142857143,0.625,1,4,5,2,4,2,1,2,7,2,2,0,0.0,DR,0.7732283485249176,0,1,1,11,2,0.0,0.07692307692307693,0.07692307692307693,0.8461538461538461,0.13333333333333333,DR,0.0,0.0,0.0,0.2,1,ur,dl,dr,0,1,0,0,0
8,9,size7_comp0.0_grid9_base_medium,7,0.0,medium,base,base,3,5,8,6,1,1,1,1,1,0,-1,10,0.0,0.3,0.3,0.0,0,4,4,1,2,1,3,1,3,1,0,1,0.1,DR,1.3787834934861753,0,1,2,4,3,0.0,0.14285714285714285,0.2857142857142857,0.5714285714285714,0.3,,0.0,0.0,0.0,0.0,0,ur,dl,dr,0,1,0,0,0
9,9,size7_comp0.0_grid9_base_medium,7,0.0,medium,base,base,3,5,8,6,1,1,1,1,1,0,-1,14,0.0,0.35714285714285715,0.35714285714285715,0.0,0,3,6,3,3,1,1,4,7,4,0,0,0.0,DR,1.4591479170272448,0,1,2,3,8,0.0,0.16666666666666666,0.3333333333333333,0.5,0.5714285714285714,,0.0,0.0,0.0,0.0,0,ur,dl,dr,0,1,0,0,0
0,0,size7_comp0.2_grid0_base_medium,7,0.2,medium,base,base,3,4,7,3,2,1,1,1,0,1,2,32,0.0,0.1875,1.0,0.10344827586206896,3,1,5,2,1,1,0,1,24,1,12,1,0.03125,UL,0.9182958340544896,2,0,0,1,29,0.6666666666666666,0.0,0.0,0.3333333333333333,0.90625,,0.0,0.0,0.0,0.0,0,dr,ur,midline,0,0,0,0,0
1,0,size7_comp0.2_grid0_base_medium,7,0.2,medium,base,base,3,4,7,3,2,1,1,1,0,1,3,32,0.0,0.21875,0.75,0.14285714285714285,3,2,7,2,1,1,3,1,22,0,7,2,0.0625,DL,0.6500224216483541,0,0,10,2,20,0.0,0.0,0.8333333333333334,0.16666666666666666,0.625,,0.0,0.0,0.0,0.0,0,dr,ur,midline,0,0,0,0,0
2,0,size7_comp0.2_grid0_base_medium,7,0.2,medium,base,base,3,4,7,3,2,1,1,1,1,1,4,18,0.3888888888888889,0.4444444444444444,0.6,0.38461538461538464,3,0,5,3,4,1,1,0,10,0,3,2,0.1111111111111111,UL,1.584962500721156,3,3,0,3,9,0.3333333333333333,0.3333333333333333,0.0,0.3333333333333333,0.5,,0.0,0.0,0.0,0.0,0,dr,ur,midline,0,0,0,0,0
3,0,size7_comp0.2_grid0_base_medium,7,0.2,medium,base,base,3,4,7,3,2,1,1,1,0,1,12,32,0.0,0.1875,0.38461538461538464,0.05263157894736842,2,1,9,2,4,4,1,0,23,0,9,4,0.125,DR,1.061278124459133,1,1,0,6,24,0.125,0.125,0.0,0.75,0.75,,0.0,0.0,0.0,0.0,0,dr,ur,midline,1,0,0,0,0
4,0,size7_comp0.2_grid0_base_medium,7,0.2,medium,base,base,3,4,7,3,2,1,1,1,0,1,3,32,0.0,0.15625,0.75,0.07142857142857142,1,1,7,2,2,1,2,0,24,0,0,1,0.03125,DL,0.9709505944546686,0,0,3,2,27,0.0,0.0,0.6,0.4,0.84375,,0.0,0.0,0.0,0.0,0,dr,ur,midline,0,0,0,0,0
5,0,size7_comp0.2_grid0_base_medium,7,0.2,medium,base,base,3,4,7,3,2,1,1,1,0,1,2,32,0.0,0.15625,1.0,0.06896551724137931,1,0,5,2,2,1,0,1,26,1,0,0,0.0,DR,-0.0,0,0,0,1,31,0.0,0.0,0.0,1.0,0.96875,,0.0,0.0,0.0,0.0,0,dr,ur,midline,1,0,0,0,0
6,0,size7_comp0.2_grid0_base_medium,7,0.2,medium,base,base,3,4,7,3,2,1,1,1,1,1,3,29,0.2413793103448276,0.27586206896551724,0.75,0.2,3,0,4,3,2,1,2,0,21,0,15,1,0.034482758620689655,UR,0.863120568566631,0,5,0,2,22,0.0,0.7142857142857143,0.0,0.2857142857142857,0.7586206896551724,,0.0,0.0,0.0,0.0,0,dr,ur,midline,0,0,0,0,0
7,0,size7_comp0.2_grid0_base_medium,7,0.2,medium,base,base,3,4,7,3,2,1,1,1,0,1,12,32,0.0,0.28125,0.46153846153846156,0.15789473684210525,4,1,7,6,2,4,2,3,22,2,11,3,0.09375,DR,0.9182958340544896,0,0,3,6,23,0.0,0.0,0.3333333333333333,0.6666666666666666,0.71875,DR,0.0,0.0,0.0,0.0625,2,dr,ur,midline,1,0,0,0,0
8,0,size7_comp0.2_grid0_base_medium,7,0.2,medium,base,base,3,4,7,3,2,1,1,1,0,1,8,32,0.0,0.1875,0.3333333333333333,0.13043478260869565,1,0,10,4,4,1,0,4,26,2,16,5,0.15625,DR,-0.0,0,0,0,7,25,0.0,0.0,0.0,1.0,0.78125,,0.0,0.0,0.0,0.0,0,dr,ur,midline,1,0,0,0,0
9,0,size7_comp0.2_grid0_base_medium,7,0.2,medium,base,base,3,4,7,3,2,1,1,1,0,1,6,32,0.0,0.21875,0.5714285714285714,0.12,2,2,9,3,2,3,2,2,23,2,1,3,0.09375,DR,1.3709505944546687,0,1,1,3,27,0.0,0.2,0.2,0.6,0.84375,,0.0,0.0,0.0,0.0,0,dr,ur,midline,1,0,0,0,0
0,1,size7_comp0.2_grid1_base_medium,7,0.2,medium,base,base,5,6,11,5,3,1,1,1,0,1,4,32,0.0,0.28125,1.0,0.14814814814814814,3,0,14,4,5,1,2,4,25,3,2,10,0.3125,UR,0.5435644431995964,0,7,0,1,24,0.0,0.875,0.0,0.125,0.75,,0.0,0.0,0.0,0.0,0,midline,ul,ur,0,1,0,0,0
1,1,size7_comp0.2_grid1_base_medium,7,0.2,medium,base,base,5,6,11,5,3,1,1,1,0,1,6,32,0.0,0.25,0.8571428571428571,0.08,3,0,18,3,12,0,3,2,25,2,1,15,0.46875,UR,-0.0,0,5,0,0,27,0.0,1.0,0.0,0.0,0.84375,,0.0,0.0,0.0,0.0,0,midline,ul,ur,0,1,0,0,0
2,1,size7_comp0.2_grid1_base_medium,7,0.2,medium,base,base,5,6,11,5,3,1,1,1,0,1,12,32,0.0,0.375,0.6153846153846154,0.21052631578947367,4,1,14,6,12,1,1,6,24,4,2,8,0.25,UR,-0.0,0,7,0,0,25,0.0,1.0,0.0,0.0,0.78125,,0.0,0.0,0.0,0.0,0,midline,ul,ur,0,1,0,0,0
3,1,size7_comp0.2_grid1_base_medium,7,0.2,medium,base,base,5,6,11,5,3,1,1,1,0,1,9,32,0.0,0.28125,0.7,0.09090909090909091,5,2,13,3,10,1,1,4,25,3,5,12,0.375,UR,1.0,0,7,0,7,18,0.0,0.5,0.0,0.5,0.5625,,0.0,0.0,0.0,0.0,0,midline,ul,ur,0,1,0,0,0
4,1,size7_comp0.2_grid1_base_medium,7,0.2,medium,base,base,5,6,11,5,3,1,1,1,0,1,12,32,0.0,0.40625,0.6153846153846154,0.2631578947368421,4,1,11,7,2,1,4,10,24,8,3,4,0.125,UR,0.4689955935892812,0,9,0,1,22,0.0,0.9,0.0,0.1,0.6875,,0.0,0.0,0.0,0.0,0,midline,ul,ur,0,1,0,0,0
5,1,size7_comp0.2_grid1_base_medium,7,0.2,medium,base,base,5,6,11,5,3,1,1,1,0,1,18,32,0.0,0.40625,0.5789473684210527,0.15384615384615385,6,3,9,5,6,1,4,6,24,6,1,4,0.125,UR,0.9182958340544896,0,4,2,0,26,0.0,0.6666666666666666,0.3333333333333333,0.0,0.8125,,0.0,0.0,0.0,0.0,0,midline,ul,ur,0,1,0,0,0
6,1,size7_comp0.2_grid1_base_medium,7,0.2,medium,base,base,5,6,11,5,3,1,1,1,0,1,10,32,0.0,0.34375,0.7272727272727273,0.14285714285714285,6,3,15,3,12,0,3,6,24,6,1,12,0.375,UR,0.5916727785823275,0,6,0,1,25,0.0,0.8571428571428571,0.0,0.14285714285714285,0.78125,,0.0,0.0,0.0,0.0,0,midline,ul,ur,0,1,0,0,0
7,1,size7_comp0.2_grid1_base_medium,7,0.2,medium,base,base,5,6,11,5,3,1,1,1,0,1,5,32,0.0,0.375,0.8333333333333334,0.2692307692307692,3,0,16,7,9,1,2,8,25,7,5,9,0.28125,UR,0.39124356362925566,0,12,0,1,19,0.0,0.9230769230769231,0.0,0.07692307692307693,0.59375,,0.0,0.0,0.0,0.0,0,midline,ul,ur,0,1,0,0,0
8,1,size7_comp0.2_grid1_base_medium,7,0.2,medium,base,base,5,6,11,5,3,1,1,1,0,1,13,32,0.0,0.5,0.6428571428571429,0.3888888888888889,4,1,11,10,5,1,1,12,25,11,3,1,0.03125,UR,-0.0,0,14,0,0,18,0.0,1.0,0.0,0.0,0.5625,,0.0,0.0,0.0,0.0,0,midline,ul,ur,0,1,0,0,0
9,1,size7_comp0.2_grid1_base_medium,7,0.2,medium,base,base,5,6,11,5,3,1,1,1,0,1,7,32,0.0,0.28125,0.75,0.125,4,2,17,5,16,1,2,5,25,2,2,16,0.5,UR,-0.0,0,5,0,0,27,0.0,1.0,0.0,0.0,0.84375,,0.0,0.0,0.0,0.0,0,midline,ul,ur,0,1,0,0,0
0,2,size7_comp0.2_grid2_base_medium,7,0.2,medium,base,base,3,3,6,4,1,1,1,1,0,1,3,32,0.0,0.46875,0.75,0.42857142857142855,0,5,14,12,6,2,7,14,23,10,1,6,0.1875,DR,0.954434002924965,0,3,0,5,24,0.0,0.375,0.0,0.625,0.75,,0.0,0.0,0.0,0.0,0,ur,dr,midline,0,0,0,0,0
1,2,size7_comp0.2_grid2_base_medium,7,0.2,medium,base,base,3,3,6,4,1,1,1,1,0,1,10,32,0.0,0.4375,0.6363636363636364,0.3333333333333333,2,8,11,9,5,6,6,10,23,9,4,4,0.125,UR,1.0,0,2,0,2,28,0.0,0.5,0.0,0.5,0.875,,0.0,0.0,0.0,0.0,0,ur,dr,midline,1,0,0,0,0
2,2,size7_comp0.2_grid2_base_medium,7,0.2,medium,base,base,3,3,6,4,1,1,1,1,1,1,3,26,0.23076923076923078,0.4230769230769231,0.75,0.36363636363636365,1,5,12,6,7,5,4,5,18,4,2,8,0.3076923076923077,DR,0.9852281360342515,0,3,0,4,19,0.0,0.42857142857142855,0.0,0.5714285714285714,0.7307692307692307,,0.0,0.0,0.0,0.0,0,ur,dr,midline,0,0,0,0,0
3,2,size7_comp0.2_grid2_base_medium,7,0.2,medium,base,base,3,3,6,4,1,1,1,1,0,1,4,32,0.0,0.40625,0.6,0.37037037037037035,2,4,8,10,5,5,3,5,24,5,8,3,0.09375,DR,0.9456603046006401,0,4,0,7,21,0.0,0.36363636363636365,0.0,0.6363636363636364,0.65625,,0.0,0.0,0.0,0.0,0,ur,dr,midline,0,0,0,0,0
4,2,size7_comp0.2_grid2_base_medium,7,0.2,medium,base,base,3,3,6,4,1,1,1,1,1,1,2,17,0.35294117647058826,0.5882352941176471,1.0,0.5,1,4,5,5,2,4,1,5,9,5,5,1,0.058823529411764705,DR,0.9182958340544896,0,2,0,4,11,0.0,0.3333333333333333,0.0,0.6666666666666666,0.6470588235294118,,0.0,0.0,0.0,0.0,0,ur,dr,midline,0,0,0,0,0
5,2,size7_comp0.2_grid2_base_medium,7,0.2,medium,base,base,3,3,6,4,1,1,1,1,0,1,5,32,0.0,0.375,0.6666666666666666,0.3076923076923077,2,4,11,10,9,4,5,4,22,2,5,6,0.1875,UR,1.061278124459133,1,6,0,1,24,0.125,0.75,0.0,0.125,0.75,,0.0,0.0,0.0,0.0,0,ur,dr,midline,1,0,0,0,0
6,2,size7_comp0.2_grid2_base_medium,7,0.2,medium,base,base,3,3,6,4,1,1,1,1,0,1,4,32,0.0,0.40625,0.8,0.3333333333333333,2,4,9,10,6,3,5,7,26,6,14,3,0.09375,UR,-0.0,0,4,0,0,28,0.0,1.0,0.0,0.0,0.875,,0.0,0.0,0.0,0.0,0,ur,dr,midline,1,0,0,0,0
7,2,size7_comp0.2_grid2_base_medium,7,0.2,medium,base,base,3,3,6,4,1,1,1,1,0,1,4,32,0.0,0.40625,0.8,0.3333333333333333,2,7,9,10,7,2,6,8,23,8,4,5,0.15625,UR,0.9709505944546686,0,3,0,2,27,0.0,0.6,0.0,0.4,0.84375,,0.0,0.0,0.0,0.0,0,ur,dr,midline,1,0,0,0,0
8,2,size7_comp0.2_grid2_base_medium,7,0.2,medium,base,base,3,3,6,4,1,1,1,1,1,1,3,26,0.23076923076923078,0.4230769230769231,0.75,0.36363636363636365,2,6,7,4,2,4,1,5,19,5,5,3,0.11538461538461539,UR,-0.0,0,5,0,0,21,0.0,1.0,0.0,0.0,0.8076923076923077,,0.0,0.0,0.0,0.0,0,ur,dr,midline,1,0,0,0,0
9,2,size7_comp0.2_grid2_base_medium,7,0.2,medium,base,base,3,3,6,4,1,1,1,1,0,1,6,32,0.0,0.375,0.5714285714285714,0.32,0,3,10,13,5,2,3,10,25,7,19,6,0.1875,UR,0.7219280948873623,0,4,0,1,27,0.0,0.8,0.0,0.2,0.84375,,0.0,0.0,0.0,0.0,0,ur,dr,midline,1,0,0,0,0
0,3,size7_comp0.2_grid3_base_medium,7,0.2,medium,base,base,3,6,9,3,3,1,1,1,0,0,-1,32,0.0,0.4375,0.4375,0.0,6,6,8,10,6,6,5,10,23,9,0,2,0.0625,DL,0.9940302114769565,5,0,6,0,21,0.45454545454545453,0.0,0.5454545454545454,0.0,0.65625,,0.0,0.0,0.0,0.0,0,midline,ul,dr,0,0,0,0,0
1,3,size7_comp0.2_grid3_base_medium,7,0.2,medium,base,base,3,6,9,3,3,1,1,1,0,0,-1,32,0.0,0.34375,0.34375,0.0,6,4,8,9,4,5,3,11,26,11,0,4,0.125,UL,-0.0,6,0,0,0,26,1.0,0.0,0.0,0.0,0.8125,,0.0,0.0,0.0,0.0,0,midline,ul,dr,0,0,0,0,0
2,3,size7_comp0.2_grid3_base_medium,7,0.2,medium,base,base,3,6,9,3,3,1,1,1,1,1,4,22,0.4090909090909091,0.4090909090909091,0.6,0.35294117647058826,4,1,6,3,4,1,3,0,13,0,0,5,0.22727272727272727,UR,0.7871265862012691,0,13,0,4,5,0.0,0.7647058823529411,0.0,0.23529411764705882,0.22727272727272727,UR,0.0,0.22727272727272727,0.0,0.0,5,midline,ul,dr,0,0,0,0,0
3,3,size7_comp0.2_grid3_base_medium,7,0.2,medium,base,base,3,6,9,3,3,1,1,1,0,1,23,32,0.0,0.375,0.4166666666666667,0.25,5,4,11,6,7,8,2,5,21,3,1,7,0.21875,DR,0.8314743880097293,0,0,5,14,13,0.0,0.0,0.2631578947368421,0.7368421052631579,0.40625,,0.0,0.0,0.0,0.0,0,midline,ul,dr,0,1,0,0,0
4,3,size7_comp0.2_grid3_base_medium,7,0.2,medium,base,base,3,6,9,3,3,1,1,1,0,1,28,32,0.0,0.34375,0.3448275862068966,0.3333333333333333,1,4,16,9,10,4,4,9,25,7,1,12,0.375,DR,0.9182958340544896,0,5,0,10,17,0.0,0.3333333333333333,0.0,0.6666666666666666,0.53125,,0.0,0.0,0.0,0.0,0,midline,ul,dr,0,1,0,0,0
5,3,size7_comp0.2_grid3_base_medium,7,0.2,medium,base,base,3,6,9,3,3,1,1,1,1,1,3,19,0.47368421052631576,0.5789473684210527,0.75,0.5333333333333333,3,1,6,4,2,0,5,3,10,2,1,1,0.05263157894736842,UL,0.9798687566511528,7,0,0,5,7,0.5833333333333334,0.0,0.0,0.4166666666666667,0.3684210526315789,UL,0.05263157894736842,0.0,0.0,0.0,1,midline,ul,dr,0,0,0,0,0
6,3,size7_comp0.2_grid3_base_medium,7,0.2,medium,base,base,3,6,9,3,3,1,1,1,0,1,6,32,0.0,0.4375,0.7142857142857143,0.36,4,2,8,6,4,1,5,4,21,4,1,0,0.0,UL,1.5262349099495225,6,0,4,3,19,0.46153846153846156,0.0,0.3076923076923077,0.23076923076923078,0.59375,,0.0,0.0,0.0,0.0,0,midline,ul,dr,0,0,0,0,0
7,3,size7_comp0.2_grid3_base_medium,7,0.2,medium,base,base,3,6,9,3,3,1,1,1,1,1,13,32,0.28125,0.5,0.5714285714285714,0.4444444444444444,4,3,11,8,4,3,7,7,22,7,1,3,0.09375,DR,0.9709505944546686,6,0,0,9,17,0.4,0.0,0.0,0.6,0.53125,UL,0.03125,0.0,0.0,0.0,1,midline,ul,dr,0,1,0,0,0
8,3,size7_comp0.2_grid3_base_medium,7,0.2,medium,base,base,3,6,9,3,3,1,1,1,0,0,-1,32,0.0,0.40625,0.40625,0.0,6,8,8,7,0,8,8,10,24,9,0,1,0.03125,DL,-0.0,0,0,17,0,15,0.0,0.0,1.0,0.0,0.46875,DL,0.0,0.0,0.0625,0.0,2,midline,ul,dr,0,0,0,0,0
9,3,size7_comp0.2_grid3_base_medium,7,0.2,medium,base,base,3,6,9,3,3,1,1,1,0,1,4,32,0.0,0.25,0.8,0.14814814814814814,0,1,14,7,8,0,1,3,26,2,9,10,0.3125,DR,-0.0,0,0,0,27,5,0.0,0.0,0.0,1.0,0.15625,,0.0,0.0,0.0,0.0,0,midline,ul,dr,0,1,0,0,0
0,4,size7_comp0.2_grid4_base_medium,7,0.2,medium,base,base,7,5,12,4,5,1,1,1,0,1,9,32,0.0,0.4375,0.8,0.2727272727272727,6,4,8,5,6,1,5,3,20,3,13,5,0.15625,DL,1.1056124005414156,0,4,19,3,6,0.0,0.15384615384615385,0.7307692307692307,0.11538461538461539,0.1875,DL,0.0,0.0625,0.125,0.0,3,ur,ul,dl,0,1,0,0,0
1,4,size7_comp0.2_grid4_base_medium,7,0.2,medium,base,base,7,5,12,4,5,1,1,1,1,0,-1,23,0.0,0.4782608695652174,0.4782608695652174,0.0,7,8,4,1,3,6,2,5,13,5,0,0,0.0,DR,0.9886994082884974,0,7,0,9,7,0.0,0.4375,0.0,0.5625,0.30434782608695654,UR,0.0,0.043478260869565216,0.0,0.0,1,ur,ul,dl,0,0,0,0,0
2,4,size7_comp0.2_grid4_base_medium,7,0.2,medium,base,base,7,5,12,4,5,1,1,1,1,0,-1,5,0.0,0.6,0.6,0.0,0,1,3,0,1,0,1,0,1,0,0,0,0.0,UR,-0.0,0,2,0,0,3,0.0,1.0,0.0,0.0,0.6,UR,0.0,0.2,0.0,0.0,1,ur,ul,dl,1,0,0,0,0
3,4,size7_comp0.2_grid4_base_medium,7,0.2,medium,base,base,7,5,12,4,5,1,1,1,1,1,13,25,0.48,0.56,0.5714285714285714,0.5454545454545454,5,4,7,5,6,5,3,4,13,3,4,5,0.2,DL,1.568316493272887,0,5,7,7,6,0.0,0.2631578947368421,0.3684210526315789,0.3684210526315789,0.24,UR,0.0,0.08,0.08,0.0,2,ur,ul,dl,0,1,0,0,0
4,4,size7_comp0.2_grid4_base_medium,7,0.2,medium,base,base,7,5,12,4,5,1,1,1,1,1,9,24,0.5,0.5833333333333334,0.7,0.5,6,5,6,2,2,4,5,2,12,2,3,3,0.125,DL,1.746465798504072,1,3,7,4,9,0.06666666666666667,0.2,0.4666666666666667,0.26666666666666666,0.375,UR,0.0,0.041666666666666664,0.041666666666666664,0.0,1,ur,ul,dl,0,1,0,0,0
5,4,size7_comp0.2_grid4_base_medium,7,0.2,medium,base,base,7,5,12,4,5,1,1,1,1,1,10,23,0.5217391304347826,0.5652173913043478,0.7272727272727273,0.4166666666666667,4,5,5,2,3,1,5,1,10,1,1,2,0.08695652173913043,DL,1.6589797521242053,1,3,9,4,6,0.058823529411764705,0.17647058823529413,0.5294117647058824,0.23529411764705882,0.2608695652173913,DL,0.0,0.043478260869565216,0.17391304347826086,0.0,4,ur,ul,dl,0,1,0,0,0
6,4,size7_comp0.2_grid4_base_medium,7,0.2,medium,base,base,7,5,12,4,5,1,1,1,0,1,24,32,0.0,0.5,0.52,0.42857142857142855,6,9,10,4,4,11,5,6,19,6,4,6,0.1875,DL,1.3127443531093745,0,7,12,2,11,0.0,0.3333333333333333,0.5714285714285714,0.09523809523809523,0.34375,DL,0.0,0.03125,0.125,0.0,2,ur,ul,dl,0,1,0,0,0
7,4,size7_comp0.2_grid4_base_medium,7,0.2,medium,base,base,7,5,12,4,5,1,1,1,0,1,14,32,0.0,0.4375,0.6666666666666666,0.23529411764705882,5,5,7,6,6,5,3,2,18,2,2,6,0.1875,DL,1.3234669541469457,0,3,15,7,7,0.0,0.12,0.6,0.28,0.21875,DL,0.0,0.03125,0.15625,0.03125,5,ur,ul,dl,0,1,0,0,0
8,4,size7_comp0.2_grid4_base_medium,7,0.2,medium,base,base,7,5,12,4,5,1,1,1,1,1,8,27,0.4444444444444444,0.4444444444444444,0.7777777777777778,0.2777777777777778,8,4,5,1,2,3,5,0,15,0,6,6,0.2222222222222222,DL,1.6644977792004612,3,3,12,3,6,0.14285714285714285,0.14285714285714285,0.5714285714285714,0.14285714285714285,0.2222222222222222,DL,0.0,0.037037037037037035,0.07407407407407407,0.0,2,ur,ul,dl,0,1,0,0,0
9,4,size7_comp0.2_grid4_base_medium,7,0.2,medium,base,base,7,5,12,4,5,1,1,1,0,1,15,32,0.0,0.375,0.5625,0.1875,5,7,7,3,4,6,4,1,20,1,6,6,0.1875,DL,1.1981174211304033,0,4,9,1,18,0.0,0.2857142857142857,0.6428571428571429,0.07142857142857142,0.5625,DL,0.0,0.03125,0.0625,0.0,1,ur,ul,dl,0,1,0,0,0
0,5,size7_comp0.2_grid5_base_medium,7,0.2,medium,base,base,5,3,8,4,3,1,1,1,1,1,6,12,0.6666666666666666,0.6666666666666666,0.7142857142857143,0.6,5,1,2,1,4,1,0,1,5,1,1,1,0.08333333333333333,DL,0.8112781244591328,1,0,3,0,8,0.25,0.0,0.75,0.0,0.6666666666666666,,0.0,0.0,0.0,0.0,0,dl,ul,midline,1,0,0,0,0
1,5,size7_comp0.2_grid5_base_medium,7,0.2,medium,base,base,5,3,8,4,3,1,1,1,1,0,-1,9,0.0,0.5555555555555556,0.5555555555555556,0.0,4,0,3,2,3,2,1,2,3,2,0,1,0.1111111111111111,DL,0.8112781244591328,1,0,3,0,5,0.25,0.0,0.75,0.0,0.5555555555555556,,0.0,0.0,0.0,0.0,0,dl,ul,midline,1,0,0,0,0
2,5,size7_comp0.2_grid5_base_medium,7,0.2,medium,base,base,5,3,8,4,3,1,1,1,1,1,5,24,0.3333333333333333,0.4583333333333333,0.8333333333333334,0.3333333333333333,5,1,5,4,6,2,1,2,15,2,3,1,0.041666666666666664,UL,1.4488156357251847,3,3,1,0,17,0.42857142857142855,0.42857142857142855,0.14285714285714285,0.0,0.7083333333333334,,0.0,0.0,0.0,0.0,0,dl,ul,midline,0,0,0,0,0
3,5,size7_comp0.2_grid5_base_medium,7,0.2,medium,base,base,5,3,8,4,3,1,1,1,1,0,-1,6,0.0,0.5,0.5,0.0,3,0,1,0,1,0,1,0,2,0,0,0,0.0,DL,-0.0,0,0,5,0,1,0.0,0.0,1.0,0.0,0.16666666666666666,DL,0.0,0.0,0.16666666666666666,0.0,1,dl,ul,midline,1,0,0,0,0
4,5,size7_comp0.2_grid5_base_medium,7,0.2,medium,base,base,5,3,8,4,3,1,1,1,1,1,7,11,0.7272727272727273,0.8181818181818182,0.75,1.0,4,1,3,2,3,1,3,1,2,1,1,0,0.0,DL,0.8112781244591328,1,0,3,0,7,0.25,0.0,0.75,0.0,0.6363636363636364,DL,0.0,0.0,0.09090909090909091,0.0,1,dl,ul,midline,1,0,0,0,0
5,5,size7_comp0.2_grid5_base_medium,7,0.2,medium,base,base,5,3,8,4,3,1,1,1,1,1,11,16,0.5,0.625,0.5833333333333334,0.75,5,2,4,3,4,5,2,0,4,0,1,2,0.125,UL,1.584962500721156,3,3,3,0,7,0.3333333333333333,0.3333333333333333,0.3333333333333333,0.0,0.4375,UL,0.0625,0.0,0.0,0.0,1,dl,ul,midline,0,0,0,0,0
6,5,size7_comp0.2_grid5_base_medium,7,0.2,medium,base,base,5,3,8,4,3,1,1,1,1,1,6,14,0.5714285714285714,0.5714285714285714,0.7142857142857143,0.42857142857142855,6,1,3,1,3,3,2,1,6,0,1,3,0.21428571428571427,UL,0.863120568566631,5,0,2,0,7,0.7142857142857143,0.0,0.2857142857142857,0.0,0.5,,0.0,0.0,0.0,0.0,0,dl,ul,midline,0,0,0,0,0
7,5,size7_comp0.2_grid5_base_medium,7,0.2,medium,base,base,5,3,8,4,3,1,1,1,1,1,16,25,0.32,0.44,0.35294117647058826,0.625,13,1,6,4,11,4,5,2,16,2,3,10,0.4,DL,0.8960382325345574,5,0,11,0,9,0.3125,0.0,0.6875,0.0,0.36,UL,0.04,0.0,0.0,0.0,1,dl,ul,midline,1,0,0,0,0
8,5,size7_comp0.2_grid5_base_medium,7,0.2,medium,base,base,5,3,8,4,3,1,1,1,1,1,6,11,0.7272727272727273,0.7272727272727273,0.7142857142857143,0.75,4,1,2,1,2,2,1,0,3,0,0,0,0.0,UL,0.8112781244591328,3,0,1,0,7,0.75,0.0,0.25,0.0,0.6363636363636364,,0.0,0.0,0.0,0.0,0,dl,ul,midline,0,0,0,0,0
9,5,size7_comp0.2_grid5_base_medium,7,0.2,medium,base,base,5,3,8,4,3,1,1,1,1,1,5,11,0.7272727272727273,0.7272727272727273,0.8333333333333334,0.6,7,1,2,1,5,3,2,0,3,0,2,3,0.2727272727272727,UL,1.0,2,0,2,0,7,0.5,0.0,0.5,0.0,0.6363636363636364,,0.0,0.0,0.0,0.0,0,dl,ul,midline,0,0,0,0,0
0,6,size7_comp0.2_grid6_base_medium,7,0.2,medium,base,base,3,3,6,4,1,1,1,1,1,1,4,12,0.5,0.75,0.8,0.7142857142857143,0,4,4,4,1,2,5,3,3,3,1,0,0.0,DL,1.3709505944546687,1,1,3,0,7,0.2,0.2,0.6,0.0,0.5833333333333334,,0.0,0.0,0.0,0.0,0,midline,midline,midline,0,0,0,0,0
1,6,size7_comp0.2_grid6_base_medium,7,0.2,medium,base,base,3,3,6,4,1,1,1,1,1,1,3,20,0.3,0.5,0.75,0.4375,0,4,5,7,4,1,2,4,11,4,6,2,0.1,UL,1.0,3,0,3,0,14,0.5,0.0,0.5,0.0,0.7,,0.0,0.0,0.0,0.0,0,midline,midline,midline,0,0,0,0,0
2,6,size7_comp0.2_grid6_base_medium,7,0.2,medium,base,base,3,3,6,4,1,1,1,1,0,1,2,32,0.0,0.40625,1.0,0.3448275862068966,1,3,12,13,10,2,2,12,25,9,16,6,0.1875,DL,0.9709505944546686,2,0,3,0,27,0.4,0.0,0.6,0.0,0.84375,,0.0,0.0,0.0,0.0,0,midline,midline,midline,0,0,0,0,0
3,6,size7_comp0.2_grid6_base_medium,7,0.2,medium,base,base,3,3,6,4,1,1,1,1,1,1,2,26,0.23076923076923078,0.5,1.0,0.43478260869565216,1,5,9,7,3,2,3,9,18,8,9,2,0.07692307692307693,DL,0.5435644431995964,1,0,7,0,18,0.125,0.0,0.875,0.0,0.6923076923076923,,0.0,0.0,0.0,0.0,0,midline,midline,midline,0,0,0,0,0
4,6,size7_comp0.2_grid6_base_medium,7,0.2,medium,base,base,3,3,6,4,1,1,1,1,1,1,2,26,0.23076923076923078,0.5384615384615384,1.0,0.4782608695652174,0,4,9,11,8,1,2,10,19,9,16,2,0.07692307692307693,UL,-0.0,2,0,0,0,24,1.0,0.0,0.0,0.0,0.9230769230769231,,0.0,0.0,0.0,0.0,0,midline,midline,midline,0,0,0,0,0
5,6,size7_comp0.2_grid6_base_medium,7,0.2,medium,base,base,3,3,6,4,1,1,1,1,1,1,2,17,0.35294117647058826,0.5882352941176471,1.0,0.5,0,4,5,5,1,3,4,3,8,3,0,0,0.0,DL,0.39124356362925566,1,0,12,0,4,0.07692307692307693,0.0,0.9230769230769231,0.0,0.23529411764705882,DL,0.0,0.0,0.23529411764705882,0.0,3,midline,midline,midline,0,0,0,0,0
6,6,size7_comp0.2_grid6_base_medium,7,0.2,medium,base,base,3,3,6,4,1,1,1,1,1,1,5,32,0.1875,0.46875,0.6666666666666666,0.4230769230769231,0,5,12,10,4,3,3,11,21,10,4,3,0.09375,DL,0.6098403047164004,0,3,17,0,12,0.0,0.15,0.85,0.0,0.375,DL,0.0,0.0,0.03125,0.0,1,midline,midline,midline,0,0,0,0,0
7,6,size7_comp0.2_grid6_base_medium,7,0.2,medium,base,base,3,3,6,4,1,1,1,1,1,1,2,16,0.375,0.5,1.0,0.38461538461538464,0,4,3,7,6,2,2,2,8,1,2,4,0.25,DL,0.7219280948873623,1,0,4,0,11,0.2,0.0,0.8,0.0,0.6875,,0.0,0.0,0.0,0.0,0,midline,midline,midline,0,0,0,0,0
8,6,size7_comp0.2_grid6_base_medium,7,0.2,medium,base,base,3,3,6,4,1,1,1,1,1,1,11,24,0.25,0.5833333333333334,0.5833333333333334,0.5833333333333334,1,5,8,9,8,6,2,5,12,4,0,1,0.041666666666666664,UR,1.7779849042597489,1,7,5,4,7,0.058823529411764705,0.4117647058823529,0.29411764705882354,0.23529411764705882,0.2916666666666667,,0.0,0.0,0.0,0.0,0,midline,midline,midline,0,0,0,0,0
9,6,size7_comp0.2_grid6_base_medium,7,0.2,medium,base,base,3,3,6,4,1,1,1,1,1,1,2,21,0.2857142857142857,0.5238095238095238,1.0,0.4444444444444444,1,5,7,5,2,5,5,2,13,2,3,2,0.09523809523809523,DL,0.4394969869215134,1,0,10,0,10,0.09090909090909091,0.0,0.9090909090909091,0.0,0.47619047619047616,,0.0,0.0,0.0,0.0,0,midline,midline,midline,0,0,0,0,0
0,7,size7_comp0.2_grid7_base_medium,7,0.2,medium,base,base,5,3,8,6,1,1,1,1,0,1,4,32,0.0,0.5,1.0,0.4074074074074074,3,5,11,9,6,7,4,6,20,6,0,1,0.03125,UR,1.2406705316766884,0,7,1,3,21,0.0,0.6363636363636364,0.09090909090909091,0.2727272727272727,0.65625,UR,0.0,0.03125,0.0,0.0,1,ur,midline,midline,1,0,0,0,0
1,7,size7_comp0.2_grid7_base_medium,7,0.2,medium,base,base,5,3,8,6,1,1,1,1,0,1,6,32,0.0,0.53125,0.8571428571428571,0.44,2,5,11,10,6,5,3,9,21,8,2,0,0.0,DR,0.9182958340544896,0,3,0,6,23,0.0,0.3333333333333333,0.0,0.6666666666666666,0.71875,UR,0.0,0.03125,0.0,0.0,1,ur,midline,midline,0,0,0,0,0
2,7,size7_comp0.2_grid7_base_medium,7,0.2,medium,base,base,5,3,8,6,1,1,1,1,0,1,8,32,0.0,0.4375,0.6666666666666666,0.34782608695652173,0,2,12,9,5,2,1,7,23,7,5,1,0.03125,UL,1.0,3,3,0,0,26,0.5,0.5,0.0,0.0,0.8125,UR,0.0,0.03125,0.0,0.0,1,ur,midline,midline,0,0,0,0,0
3,7,size7_comp0.2_grid7_base_medium,7,0.2,medium,base,base,5,3,8,6,1,1,1,1,0,1,6,32,0.0,0.46875,0.8571428571428571,0.36,1,4,10,13,8,2,6,8,20,6,2,3,0.09375,UR,1.0,0,5,0,5,22,0.0,0.5,0.0,0.5,0.6875,UR,0.0,0.0625,0.0,0.0,1,ur,midline,midline,1,0,0,0,0
4,7,size7_comp0.2_grid7_base_medium,7,0.2,medium,base,base,5,3,8,6,1,1,1,1,0,1,5,32,0.0,0.4375,0.8333333333333334,0.34615384615384615,2,3,10,8,7,2,5,3,22,3,3,0,0.0,UR,0.7424875695421236,4,15,0,0,13,0.21052631578947367,0.7894736842105263,0.0,0.0,0.40625,UR,0.0,0.03125,0.0,0.0,1,ur,midline,midline,1,0,0,0,0
5,7,size7_comp0.2_grid7_base_medium,7,0.2,medium,base,base,5,3,8,6,1,1,1,1,0,1,5,32,0.0,0.46875,0.8333333333333334,0.38461538461538464,1,4,11,10,8,3,3,6,19,5,0,2,0.0625,DR,1.719553828322125,2,2,6,9,13,0.10526315789473684,0.10526315789473684,0.3157894736842105,0.47368421052631576,0.40625,UR,0.0,0.03125,0.0,0.0,1,ur,midline,midline,0,0,0,0,0
6,7,size7_comp0.2_grid7_base_medium,7,0.2,medium,base,base,5,3,8,6,1,1,1,1,0,1,8,32,0.0,0.40625,0.6666666666666666,0.30434782608695654,3,3,9,10,6,7,0,6,19,5,0,4,0.125,UR,1.561278124459133,0,6,4,6,16,0.0,0.375,0.25,0.375,0.5,UR,0.0,0.0625,0.0,0.0,2,ur,midline,midline,1,0,0,0,0
7,7,size7_comp0.2_grid7_base_medium,7,0.2,medium,base,base,5,3,8,6,1,1,1,1,0,1,7,32,0.0,0.46875,0.75,0.375,2,4,10,10,4,5,4,7,19,7,10,0,0.0,UR,1.3250112108241772,1,6,5,0,20,0.08333333333333333,0.5,0.4166666666666667,0.0,0.625,UR,0.0,0.09375,0.0,0.0,2,ur,midline,midline,1,0,0,0,0
8,7,size7_comp0.2_grid7_base_medium,7,0.2,medium,base,base,5,3,8,6,1,1,1,1,0,1,4,32,0.0,0.5,1.0,0.4074074074074074,2,5,12,10,8,6,2,9,19,6,5,2,0.0625,DL,1.1401156785146092,1,3,9,0,19,0.07692307692307693,0.23076923076923078,0.6923076923076923,0.0,0.59375,UR,0.0,0.03125,0.0,0.0,1,ur,midline,midline,0,0,0,0,0
9,7,size7_comp0.2_grid7_base_medium,7,0.2,medium,base,base,5,3,8,6,1,1,1,1,0,1,4,32,0.0,0.375,1.0,0.25925925925925924,2,3,8,9,7,4,3,2,20,1,0,3,0.09375,UR,0.9132829641650988,1,15,0,3,13,0.05263157894736842,0.7894736842105263,0.0,0.15789473684210525,0.40625,UR,0.0,0.03125,0.0,0.0,1,ur,midline,midline,1,0,0,0,0
0,8,size7_comp0.2_grid8_base_medium,7,0.2,medium,base,base,6,5,11,3,4,1,1,1,1,1,6,16,0.6875,0.6875,0.8571428571428571,0.5555555555555556,1,3,4,4,6,1,1,1,9,1,1,1,0.0625,UR,0.9182958340544896,0,2,1,0,13,0.0,0.6666666666666666,0.3333333333333333,0.0,0.8125,,0.0,0.0,0.0,0.0,0,ur,midline,dl,1,0,0,0,0
1,8,size7_comp0.2_grid8_base_medium,7,0.2,medium,base,base,6,5,11,3,4,1,1,1,0,1,10,32,0.0,0.21875,0.6363636363636364,0.0,0,5,6,3,4,3,1,2,24,1,3,5,0.15625,DL,0.26676498780302604,0,1,21,0,10,0.0,0.045454545454545456,0.9545454545454546,0.0,0.3125,DL,0.0,0.0,0.53125,0.0,17,ur,midline,dl,0,1,0,0,0
2,8,size7_comp0.2_grid8_base_medium,7,0.2,medium,base,base,6,5,11,3,4,1,1,1,1,0,-1,3,0.0,0.6666666666666666,0.6666666666666666,0.0,0,2,0,1,1,1,0,0,0,0,0,0,0.0,UR,-0.0,0,2,0,0,1,0.0,1.0,0.0,0.0,0.3333333333333333,,0.0,0.0,0.0,0.0,0,ur,midline,dl,1,0,0,0,0
3,8,size7_comp0.2_grid8_base_medium,7,0.2,medium,base,base,6,5,11,3,4,1,1,1,1,1,12,20,0.55,0.7,0.6923076923076923,0.7142857142857143,3,5,5,5,4,6,2,3,9,3,1,1,0.05,UR,1.4056390622295665,3,4,1,0,12,0.375,0.5,0.125,0.0,0.6,,0.0,0.0,0.0,0.0,0,ur,midline,dl,1,0,0,0,0
4,8,size7_comp0.2_grid8_base_medium,7,0.2,medium,base,base,6,5,11,3,4,1,1,1,0,1,12,32,0.0,0.40625,0.6923076923076923,0.21052631578947367,5,9,5,4,7,3,1,5,22,5,8,2,0.0625,DL,1.370862465083061,7,3,13,0,9,0.30434782608695654,0.13043478260869565,0.5652173913043478,0.0,0.28125,DL,0.0,0.0,0.21875,0.0,7,ur,midline,dl,0,1,0,0,0
5,8,size7_comp0.2_grid8_base_medium,7,0.2,medium,base,base,6,5,11,3,4,1,1,1,1,0,-1,3,0.0,0.6666666666666666,0.6666666666666666,0.0,0,2,0,1,1,1,0,0,0,0,0,0,0.0,UR,-0.0,0,2,0,0,1,0.0,1.0,0.0,0.0,0.3333333333333333,,0.0,0.0,0.0,0.0,0,ur,midline,dl,1,0,0,0,0
6,8,size7_comp0.2_grid8_base_medium,7,0.2,medium,base,base,6,5,11,3,4,1,1,1,1,1,10,25,0.44,0.56,0.6363636363636364,0.5,1,6,6,7,5,2,5,3,18,3,2,3,0.12,UR,1.0,0,2,2,0,21,0.0,0.5,0.5,0.0,0.84,,0.0,0.0,0.0,0.0,0,ur,midline,dl,1,0,0,0,0
7,8,size7_comp0.2_grid8_base_medium,7,0.2,medium,base,base,6,5,11,3,4,1,1,1,0,1,10,32,0.0,0.3125,0.7272727272727273,0.09523809523809523,2,6,6,5,3,2,4,3,22,3,12,4,0.125,DL,0.7943095546405661,2,2,21,0,7,0.08,0.08,0.84,0.0,0.21875,DL,0.0,0.0,0.3125,0.0,7,ur,midline,dl,0,1,0,0,0
8,8,size7_comp0.2_grid8_base_medium,7,0.2,medium,base,base,6,5,11,3,4,1,1,1,1,1,5,13,0.8461538461538461,0.8461538461538461,1.0,0.7142857142857143,1,3,3,4,6,1,2,0,3,0,3,0,0.0,DL,1.5566567074628228,2,2,3,0,6,0.2857142857142857,0.2857142857142857,0.42857142857142855,0.0,0.46153846153846156,,0.0,0.0,0.0,0.0,0,ur,midline,dl,0,1,0,0,0
9,8,size7_comp0.2_grid8_base_medium,7,0.2,medium,base,base,6,5,11,3,4,1,1,1,1,1,9,17,0.6470588235294118,0.7058823529411765,0.7,0.7142857142857143,1,3,4,5,4,2,1,3,9,3,1,0,0.0,UR,0.9182958340544896,0,2,1,0,14,0.0,0.6666666666666666,0.3333333333333333,0.0,0.8235294117647058,,0.0,0.0,0.0,0.0,0,ur,midline,dl,1,0,0,0,0
0,9,size7_comp0.2_grid9_base_medium,7,0.2,medium,base,base,6,5,11,3,4,1,1,1,1,0,-1,5,0.0,0.6,0.6,0.0,3,1,1,0,1,1,0,2,2,2,0,0,0.0,DL,-0.0,0,0,4,0,1,0.0,0.0,1.0,0.0,0.2,,0.0,0.0,0.0,0.0,0,dl,midline,ur,1,0,0,0,0
1,9,size7_comp0.2_grid9_base_medium,7,0.2,medium,base,base,6,5,11,3,4,1,1,1,0,1,18,32,0.0,0.34375,0.5789473684210527,0.0,3,1,10,9,7,4,1,6,22,4,12,7,0.21875,UR,1.215533232382473,0,13,3,3,13,0.0,0.6842105263157895,0.15789473684210525,0.15789473684210525,0.40625,,0.0,0.0,0.0,0.0,0,dl,midline,ur,0,1,0,0,0
2,9,size7_comp0.2_grid9_base_medium,7,0.2,medium,base,base,6,5,11,3,4,1,1,1,1,0,-1,3,0.0,0.6666666666666666,0.6666666666666666,0.0,2,0,1,0,1,1,0,0,0,0,0,0,0.0,DL,-0.0,0,0,2,0,1,0.0,0.0,1.0,0.0,0.3333333333333333,,0.0,0.0,0.0,0.0,0,dl,midline,ur,1,0,0,0,0
3,9,size7_comp0.2_grid9_base_medium,7,0.2,medium,base,base,6,5,11,3,4,1,1,1,0,1,7,32,0.0,0.21875,0.75,0.041666666666666664,3,2,10,3,4,3,1,0,25,0,23,11,0.34375,UR,0.39124356362925566,0,24,2,0,6,0.0,0.9230769230769231,0.07692307692307693,0.0,0.1875,,0.0,0.0,0.0,0.0,0,dl,midline,ur,0,1,0,0,0
4,9,size7_comp0.2_grid9_base_medium,7,0.2,medium,base,base,6,5,11,3,4,1,1,1,0,1,6,32,0.0,0.28125,0.8571428571428571,0.12,3,1,7,7,4,3,1,0,25,0,16,9,0.28125,UR,0.6292492238560345,0,16,3,0,13,0.0,0.8421052631578947,0.15789473684210525,0.0,0.40625,,0.0,0.0,0.0,0.0,0,dl,midline,ur,0,1,0,0,0
5,9,size7_comp0.2_grid9_base_medium,7,0.2,medium,base,base,6,5,11,3,4,1,1,1,1,0,-1,14,0.0,0.5,0.5,0.0,2,0,6,5,4,1,2,4,6,4,0,0,0.0,DL,0.9182958340544896,0,0,2,1,11,0.0,0.0,0.6666666666666666,0.3333333333333333,0.7857142857142857,,0.0,0.0,0.0,0.0,0,dl,midline,ur,1,0,0,0,0
6,9,size7_comp0.2_grid9_base_medium,7,0.2,medium,base,base,6,5,11,3,4,1,1,1,1,0,-1,5,0.0,0.6,0.6,0.0,2,0,2,1,0,0,3,1,1,1,0,0,0.0,DL,-0.0,0,0,5,0,0,0.0,0.0,1.0,0.0,0.0,DL,0.0,0.0,0.2,0.0,1,dl,midline,ur,1,0,0,0,0
7,9,size7_comp0.2_grid9_base_medium,7,0.2,medium,base,base,6,5,11,3,4,1,1,1,1,0,-1,7,0.0,0.5714285714285714,0.5714285714285714,0.0,2,0,3,2,2,0,1,3,3,3,0,0,0.0,DL,-0.0,0,0,2,0,5,0.0,0.0,1.0,0.0,0.7142857142857143,,0.0,0.0,0.0,0.0,0,dl,midline,ur,1,0,0,0,0
8,9,size7_comp0.2_grid9_base_medium,7,0.2,medium,base,base,6,5,11,3,4,1,1,1,0,1,11,32,0.0,0.34375,0.75,0.1,3,1,7,7,3,3,1,6,25,6,9,4,0.125,UR,0.4689955935892812,0,9,1,0,22,0.0,0.9,0.1,0.0,0.6875,,0.0,0.0,0.0,0.0,0,dl,midline,ur,0,1,0,0,0
9,9,size7_comp0.2_grid9_base_medium,7,0.2,medium,base,base,6,5,11,3,4,1,1,1,1,1,6,25,0.44,0.48,0.8571428571428571,0.3333333333333333,3,2,6,4,4,2,2,2,18,1,9,2,0.08,UR,0.8112781244591328,0,9,3,0,13,0.0,0.75,0.25,0.0,0.52,,0.0,0.0,0.0,0.0,0,dl,midline,ur,0,1,0,0,0
0,0,size7_comp0.4_grid0_base_medium,7,0.4,medium,base,base,6,4,10,4,4,1,1,1,0,1,9,32,0.0,0.25,0.7,0.045454545454545456,4,5,6,3,5,4,4,0,23,0,8,7,0.21875,UL,1.0957952550009336,8,2,0,1,21,0.7272727272727273,0.18181818181818182,0.0,0.09090909090909091,0.65625,,0.0,0.0,0.0,0.0,0,dr,dl,ul,0,1,0,0,0
1,0,size7_comp0.4_grid0_base_medium,7,0.4,medium,base,base,6,4,10,4,4,1,1,1,0,1,5,32,0.0,0.375,1.0,0.23076923076923078,4,5,7,5,6,4,2,2,21,2,12,6,0.1875,UL,0.8929427417665807,17,2,0,2,11,0.8095238095238095,0.09523809523809523,0.0,0.09523809523809523,0.34375,UL,0.0625,0.0,0.0,0.0,2,dr,dl,ul,0,1,0,0,0
2,0,size7_comp0.4_grid0_base_medium,7,0.4,medium,base,base,6,4,10,4,4,1,1,1,0,1,11,32,0.0,0.3125,0.5833333333333334,0.15,4,1,6,4,3,1,0,2,23,2,7,1,0.03125,UL,1.3092966682370037,7,2,0,2,21,0.6363636363636364,0.18181818181818182,0.0,0.18181818181818182,0.65625,UL,0.03125,0.0,0.0,0.0,1,dr,dl,ul,0,1,0,0,0
3,0,size7_comp0.4_grid0_base_medium,7,0.4,medium,base,base,6,4,10,4,4,1,1,1,1,1,6,15,0.6666666666666666,0.7333333333333333,0.8571428571428571,0.625,4,3,4,1,6,1,0,1,4,1,0,0,0.0,UL,1.5304930567574826,4,3,0,2,6,0.4444444444444444,0.3333333333333333,0.0,0.2222222222222222,0.4,UL,0.13333333333333333,0.0,0.0,0.0,2,dr,dl,ul,0,1,0,0,0
4,0,size7_comp0.4_grid0_base_medium,7,0.4,medium,base,base,6,4,10,4,4,1,1,1,0,1,5,32,0.0,0.4375,1.0,0.3076923076923077,6,6,9,5,6,3,6,6,21,3,8,7,0.21875,UL,1.022420703848328,13,2,0,2,15,0.7647058823529411,0.11764705882352941,0.0,0.11764705882352941,0.46875,UL,0.0625,0.0,0.0,0.0,1,dr,dl,ul,0,1,0,0,0
5,0,size7_comp0.4_grid0_base_medium,7,0.4,medium,base,base,6,4,10,4,4,1,1,1,0,1,11,32,0.0,0.46875,0.6666666666666666,0.35,6,4,9,7,5,2,5,8,22,6,4,3,0.09375,UL,0.5435644431995964,14,0,0,2,16,0.875,0.0,0.0,0.125,0.5,UL,0.1875,0.0,0.0,0.0,3,dr,dl,ul,0,1,0,0,0
6,0,size7_comp0.4_grid0_base_medium,7,0.4,medium,base,base,6,4,10,4,4,1,1,1,1,1,15,29,0.3448275862068966,0.41379310344827586,0.5,0.3076923076923077,4,3,7,5,6,4,3,1,19,1,2,5,0.1724137931034483,UL,0.7219280948873623,16,0,0,4,9,0.8,0.0,0.0,0.2,0.3103448275862069,UL,0.2413793103448276,0.0,0.0,0.0,6,dr,dl,ul,0,1,0,0,0
7,0,size7_comp0.4_grid0_base_medium,7,0.4,medium,base,base,6,4,10,4,4,1,1,1,0,1,6,32,0.0,0.40625,0.8571428571428571,0.28,5,5,8,7,4,5,3,6,19,5,2,4,0.125,UL,1.1488348542809166,10,2,0,2,18,0.7142857142857143,0.14285714285714285,0.0,0.14285714285714285,0.5625,UL,0.0625,0.0,0.0,0.0,2,dr,dl,ul,0,1,0,0,0
8,0,size7_comp0.4_grid0_base_medium,7,0.4,medium,base,base,6,4,10,4,4,1,1,1,0,1,8,32,0.0,0.3125,0.7777777777777778,0.13043478260869565,5,4,8,6,2,5,8,4,23,0,12,11,0.34375,UL,0.39124356362925566,24,0,0,2,6,0.9230769230769231,0.0,0.0,0.07692307692307693,0.1875,UL,0.0625,0.0,0.0,0.0,1,dr,dl,ul,0,1,0,0,0
9,0,size7_comp0.4_grid0_base_medium,7,0.4,medium,base,base,6,4,10,4,4,1,1,1,0,1,10,32,0.0,0.40625,0.6363636363636364,0.2857142857142857,6,4,8,5,4,5,6,3,20,3,8,6,0.1875,UL,1.2060026902433665,14,2,0,5,11,0.6666666666666666,0.09523809523809523,0.0,0.23809523809523808,0.34375,UL,0.0625,0.0,0.0,0.0,2,dr,dl,ul,0,1,0,0,0
0,1,size7_comp0.4_grid1_base_medium,7,0.4,medium,base,base,7,4,11,3,4,1,1,1,0,1,16,32,0.0,0.40625,0.5294117647058824,0.26666666666666666,3,6,11,5,5,2,3,9,22,8,2,4,0.125,DL,0.9751190649408661,0,11,16,0,5,0.0,0.4074074074074074,0.5925925925925926,0.0,0.15625,DL,0.0,0.0625,0.09375,0.0,2,ur,dr,dl,0,1,0,0,0
1,1,size7_comp0.4_grid1_base_medium,7,0.4,medium,base,base,7,4,11,3,4,1,1,1,0,1,7,32,0.0,0.5,0.875,0.375,2,5,11,8,5,2,5,8,20,7,4,2,0.0625,DL,0.9664516287472262,0,3,18,2,9,0.0,0.13043478260869565,0.782608695652174,0.08695652173913043,0.28125,DL,0.0,0.03125,0.0625,0.0,2,ur,dr,dl,0,1,0,0,0
2,1,size7_comp0.4_grid1_base_medium,7,0.4,medium,base,base,7,4,11,3,4,1,1,1,1,0,-1,3,0.0,1.0,1.0,0.0,0,3,0,0,2,0,0,0,0,0,0,0,0.0,UR,-0.0,0,2,0,0,1,0.0,1.0,0.0,0.0,0.3333333333333333,UR,0.0,0.3333333333333333,0.0,0.0,1,ur,dr,dl,1,0,0,0,0
3,1,size7_comp0.4_grid1_base_medium,7,0.4,medium,base,base,7,4,11,3,4,1,1,1,0,1,12,32,0.0,0.375,0.6153846153846154,0.21052631578947367,1,7,8,7,4,5,3,3,21,2,0,5,0.15625,DL,0.5435644431995964,0,3,21,0,8,0.0,0.125,0.875,0.0,0.25,UR,0.0,0.03125,0.03125,0.0,1,ur,dr,dl,0,1,0,0,0
4,1,size7_comp0.4_grid1_base_medium,7,0.4,medium,base,base,7,4,11,3,4,1,1,1,0,1,20,32,0.0,0.4375,0.5238095238095238,0.2727272727272727,1,8,11,8,3,4,9,9,21,7,7,6,0.1875,DL,0.6500224216483541,0,3,15,0,14,0.0,0.16666666666666666,0.8333333333333334,0.0,0.4375,DL,0.0,0.03125,0.0625,0.0,1,ur,dr,dl,0,1,0,0,0
5,1,size7_comp0.4_grid1_base_medium,7,0.4,medium,base,base,7,4,11,3,4,1,1,1,0,1,16,32,0.0,0.40625,0.5882352941176471,0.2,7,6,10,6,5,11,6,3,19,3,0,10,0.3125,DR,1.384431504340598,0,2,3,7,20,0.0,0.16666666666666666,0.25,0.5833333333333334,0.625,UR,0.0,0.03125,0.0,0.03125,1,ur,dr,dl,0,0,0,0,0
6,1,size7_comp0.4_grid1_base_medium,7,0.4,medium,base,base,7,4,11,3,4,1,1,1,0,1,20,32,0.0,0.34375,0.42857142857142855,0.18181818181818182,1,9,9,5,5,3,6,4,20,3,0,7,0.21875,DL,1.3993556675323378,11,3,12,0,6,0.4230769230769231,0.11538461538461539,0.46153846153846156,0.0,0.1875,DL,0.03125,0.03125,0.125,0.0,4,ur,dr,dl,0,1,0,0,0
7,1,size7_comp0.4_grid1_base_medium,7,0.4,medium,base,base,7,4,11,3,4,1,1,1,0,1,9,32,0.0,0.5,0.8,0.36363636363636365,2,4,10,8,5,1,5,6,22,6,1,0,0.0,DL,0.6722948170756379,0,3,14,0,15,0.0,0.17647058823529413,0.8235294117647058,0.0,0.46875,UR,0.0,0.03125,0.0,0.0,1,ur,dr,dl,0,1,0,0,0
8,1,size7_comp0.4_grid1_base_medium,7,0.4,medium,base,base,7,4,11,3,4,1,1,1,0,1,8,32,0.0,0.46875,0.8888888888888888,0.30434782608695654,2,5,10,9,5,1,6,10,21,8,0,2,0.0625,DL,0.4262286569981449,0,2,21,0,9,0.0,0.08695652173913043,0.9130434782608695,0.0,0.28125,UR,0.0,0.03125,0.03125,0.0,1,ur,dr,dl,0,1,0,0,0
9,1,size7_comp0.4_grid1_base_medium,7,0.4,medium,base,base,7,4,11,3,4,1,1,1,0,1,10,32,0.0,0.5,0.7272727272727273,0.38095238095238093,2,4,11,10,3,2,3,13,22,11,1,2,0.0625,DL,0.4689955935892812,0,2,18,0,12,0.0,0.1,0.9,0.0,0.375,UR,0.0,0.03125,0.0,0.0,1,ur,dr,dl,0,1,0,0,0
0,2,size7_comp0.4_grid2_base_medium,7,0.4,medium,base,base,5,4,9,5,3,1,1,1,0,1,8,32,0.0,0.34375,0.7777777777777778,0.17391304347826086,5,3,3,7,6,0,3,3,21,2,6,4,0.125,UR,1.0676111603502403,4,17,2,0,9,0.17391304347826086,0.7391304347826086,0.08695652173913043,0.0,0.28125,UR,0.0,0.0625,0.0,0.0,2,dl,midline,midline,0,0,0,0,0
1,2,size7_comp0.4_grid2_base_medium,7,0.4,medium,base,base,5,4,9,5,3,1,1,1,0,1,7,32,0.0,0.28125,0.625,0.16666666666666666,3,1,5,6,1,2,3,1,25,1,13,2,0.0625,UR,1.134969974603941,5,12,1,0,14,0.2777777777777778,0.6666666666666666,0.05555555555555555,0.0,0.4375,UL,0.03125,0.0,0.0,0.0,1,dl,midline,midline,0,0,0,0,0
2,2,size7_comp0.4_grid2_base_medium,7,0.4,medium,base,base,5,4,9,5,3,1,1,1,1,1,10,29,0.3103448275862069,0.3793103448275862,0.6363636363636364,0.2222222222222222,4,3,2,7,2,0,4,3,19,3,0,3,0.10344827586206896,UR,1.1639904575514164,6,17,2,0,4,0.24,0.68,0.08,0.0,0.13793103448275862,UR,0.06896551724137931,0.27586206896551724,0.0,0.0,8,dl,midline,midline,0,0,0,0,0
3,2,size7_comp0.4_grid2_base_medium,7,0.4,medium,base,base,5,4,9,5,3,1,1,1,0,1,6,32,0.0,0.3125,0.7142857142857143,0.2,3,2,3,8,0,3,4,1,24,1,15,3,0.09375,UR,1.0863128407412879,4,12,1,0,15,0.23529411764705882,0.7058823529411765,0.058823529411764705,0.0,0.46875,UR,0.0,0.03125,0.0,0.0,1,dl,midline,midline,0,0,0,0,0
4,2,size7_comp0.4_grid2_base_medium,7,0.4,medium,base,base,5,4,9,5,3,1,1,1,0,1,6,32,0.0,0.28125,0.7142857142857143,0.16,3,2,2,7,5,0,1,2,24,2,14,3,0.09375,UR,1.224394445405986,4,12,2,0,14,0.2222222222222222,0.6666666666666666,0.1111111111111111,0.0,0.4375,UR,0.0625,0.125,0.0,0.0,4,dl,midline,midline,0,0,0,0,0
5,2,size7_comp0.4_grid2_base_medium,7,0.4,medium,base,base,5,4,9,5,3,1,1,1,1,1,7,19,0.47368421052631576,0.47368421052631576,0.625,0.36363636363636365,3,2,1,5,1,2,2,0,10,0,0,2,0.10526315789473684,UR,1.0949143184120975,3,10,1,0,5,0.21428571428571427,0.7142857142857143,0.07142857142857142,0.0,0.2631578947368421,UR,0.0,0.10526315789473684,0.0,0.0,2,dl,midline,midline,0,0,0,0,0
6,2,size7_comp0.4_grid2_base_medium,7,0.4,medium,base,base,5,4,9,5,3,1,1,1,0,1,12,32,0.0,0.3125,0.5384615384615384,0.15789473684210525,3,2,7,7,5,2,4,3,22,2,6,3,0.09375,UL,1.4745541487842893,11,5,5,0,11,0.5238095238095238,0.23809523809523808,0.23809523809523808,0.0,0.34375,UL,0.03125,0.0,0.0,0.0,1,dl,midline,midline,0,0,0,0,0
7,2,size7_comp0.4_grid2_base_medium,7,0.4,medium,base,base,5,4,9,5,3,1,1,1,1,1,6,24,0.375,0.375,0.7142857142857143,0.23529411764705882,3,4,0,4,3,2,1,0,15,0,4,2,0.08333333333333333,UR,0.9055872616982603,2,12,1,0,9,0.13333333333333333,0.8,0.06666666666666667,0.0,0.375,UR,0.0,0.3333333333333333,0.0,0.0,8,dl,midline,midline,0,0,0,0,0
8,2,size7_comp0.4_grid2_base_medium,7,0.4,medium,base,base,5,4,9,5,3,1,1,1,0,1,6,32,0.0,0.1875,0.7142857142857143,0.04,3,3,1,4,1,1,2,1,25,1,23,4,0.125,UL,1.3787834934861753,4,1,2,0,25,0.5714285714285714,0.14285714285714285,0.2857142857142857,0.0,0.78125,,0.0,0.0,0.0,0.0,0,dl,midline,midline,0,0,0,0,0
9,2,size7_comp0.4_grid2_base_medium,7,0.4,medium,base,base,5,4,9,5,3,1,1,1,0,1,12,32,0.0,0.28125,0.46153846153846156,0.15789473684210525,3,0,6,6,3,1,3,3,24,2,4,2,0.0625,UR,1.1770225546116342,2,15,5,0,10,0.09090909090909091,0.6818181818181818,0.22727272727272727,0.0,0.3125,UR,0.0,0.375,0.0,0.0,12,dl,midline,midline,0,0,0,0,0
0,3,size7_comp0.4_grid3_base_medium,7,0.4,medium,base,base,6,3,9,5,2,1,1,1,1,1,7,20,0.45,0.55,0.875,0.3333333333333333,3,0,6,4,3,2,1,3,11,3,3,0,0.0,UR,0.6193821946787638,2,11,0,0,7,0.15384615384615385,0.8461538461538461,0.0,0.0,0.35,UR,0.0,0.35,0.0,0.0,6,midline,ul,ur,0,1,0,0,0
1,3,size7_comp0.4_grid3_base_medium,7,0.4,medium,base,base,6,3,9,5,2,1,1,1,1,0,-1,10,0.0,0.6,0.6,0.0,4,1,3,1,1,3,1,2,5,2,0,0,0.0,UL,-0.0,3,0,0,0,7,1.0,0.0,0.0,0.0,0.7,,0.0,0.0,0.0,0.0,0,midline,ul,ur,0,0,0,0,0
2,3,size7_comp0.4_grid3_base_medium,7,0.4,medium,base,base,6,3,9,5,2,1,1,1,1,0,-1,11,0.0,0.6363636363636364,0.6363636363636364,0.0,4,1,4,2,2,4,2,2,3,2,0,0,0.0,UL,1.3709505944546687,3,0,1,1,6,0.6,0.0,0.2,0.2,0.5454545454545454,,0.0,0.0,0.0,0.0,0,midline,ul,ur,0,0,0,0,0
3,3,size7_comp0.4_grid3_base_medium,7,0.4,medium,base,base,6,3,9,5,2,1,1,1,1,1,16,25,0.36,0.56,0.6470588235294118,0.375,4,1,8,6,5,1,7,2,14,2,3,0,0.0,UL,1.4299111709758698,9,3,1,1,11,0.6428571428571429,0.21428571428571427,0.07142857142857142,0.07142857142857142,0.44,,0.0,0.0,0.0,0.0,0,midline,ul,ur,0,0,0,0,0
4,3,size7_comp0.4_grid3_base_medium,7,0.4,medium,base,base,6,3,9,5,2,1,1,1,1,0,-1,12,0.0,0.4166666666666667,0.4166666666666667,0.0,3,0,3,3,1,1,2,1,6,0,0,2,0.16666666666666666,UL,0.4689955935892812,9,0,1,0,2,0.9,0.0,0.1,0.0,0.16666666666666666,,0.0,0.0,0.0,0.0,0,midline,ul,ur,0,0,0,0,0
5,3,size7_comp0.4_grid3_base_medium,7,0.4,medium,base,base,6,3,9,5,2,1,1,1,1,1,8,21,0.42857142857142855,0.47619047619047616,0.6666666666666666,0.3333333333333333,3,2,5,3,3,2,3,1,13,1,7,2,0.09523809523809523,UR,0.9612366047228759,5,8,0,0,8,0.38461538461538464,0.6153846153846154,0.0,0.0,0.38095238095238093,UR,0.0,0.047619047619047616,0.0,0.0,1,midline,ul,ur,0,1,0,0,0
6,3,size7_comp0.4_grid3_base_medium,7,0.4,medium,base,base,6,3,9,5,2,1,1,1,1,1,7,13,0.6923076923076923,0.7692307692307693,0.875,0.6,3,0,5,3,3,1,3,2,5,2,1,0,0.0,UL,1.3709505944546687,3,1,0,1,8,0.6,0.2,0.0,0.2,0.6153846153846154,,0.0,0.0,0.0,0.0,0,midline,ul,ur,0,0,0,0,0
7,3,size7_comp0.4_grid3_base_medium,7,0.4,medium,base,base,6,3,9,5,2,1,1,1,1,1,8,19,0.47368421052631576,0.5263157894736842,0.7777777777777778,0.3,3,0,5,3,4,2,1,0,11,0,3,0,0.0,UL,0.8453509366224364,8,3,0,0,8,0.7272727272727273,0.2727272727272727,0.0,0.0,0.42105263157894735,,0.0,0.0,0.0,0.0,0,midline,ul,ur,0,0,0,0,0
8,3,size7_comp0.4_grid3_base_medium,7,0.4,medium,base,base,6,3,9,5,2,1,1,1,1,0,-1,5,0.0,0.8,0.8,0.0,3,0,2,0,2,1,1,0,0,0,0,0,0.0,UL,0.9182958340544896,2,0,1,0,2,0.6666666666666666,0.0,0.3333333333333333,0.0,0.4,,0.0,0.0,0.0,0.0,0,midline,ul,ur,0,0,0,0,0
9,3,size7_comp0.4_grid3_base_medium,7,0.4,medium,base,base,6,3,9,5,2,1,1,1,1,1,5,12,0.75,0.75,1.0,0.5,3,0,4,2,4,0,2,0,5,0,2,0,0.0,UL,1.4591479170272448,3,2,1,0,6,0.5,0.3333333333333333,0.16666666666666666,0.0,0.5,,0.0,0.0,0.0,0.0,0,midline,ul,ur,0,0,0,0,0
0,4,size7_comp0.4_grid4_base_medium,7,0.4,medium,base,base,6,3,9,5,2,1,1,1,0,0,-1,32,0.0,0.4375,0.4375,0.0,4,6,8,9,4,5,6,8,24,7,0,2,0.0625,DL,0.39124356362925566,2,0,24,0,6,0.07692307692307693,0.0,0.9230769230769231,0.0,0.1875,DL,0.0,0.0,0.15625,0.0,2,ul,midline,dr,0,0,0,0,0
1,4,size7_comp0.4_grid4_base_medium,7,0.4,medium,base,base,6,3,9,5,2,1,1,1,0,1,23,32,0.0,0.46875,0.5,0.375,3,6,8,12,2,4,9,11,23,10,1,5,0.15625,DL,0.5689955935892812,1,0,18,1,12,0.05,0.0,0.9,0.05,0.375,DL,0.0,0.0,0.125,0.0,1,ul,midline,dr,0,0,0,0,0
2,4,size7_comp0.4_grid4_base_medium,7,0.4,medium,base,base,6,3,9,5,2,1,1,1,1,1,7,24,0.375,0.5833333333333334,0.875,0.4375,5,4,5,7,6,4,1,6,15,5,5,2,0.08333333333333333,DL,1.0529407605626346,1,0,13,4,6,0.05555555555555555,0.0,0.7222222222222222,0.2222222222222222,0.25,DL,0.0,0.0,0.125,0.0,1,ul,midline,dr,0,0,0,0,0
3,4,size7_comp0.4_grid4_base_medium,7,0.4,medium,base,base,6,3,9,5,2,1,1,1,0,1,11,32,0.0,0.375,0.6666666666666666,0.2,7,5,6,8,4,7,6,6,23,5,9,7,0.21875,DL,1.3824373408045867,3,0,13,8,8,0.125,0.0,0.5416666666666666,0.3333333333333333,0.25,DL,0.0,0.0,0.09375,0.0,3,ul,midline,dr,0,0,0,0,0
4,4,size7_comp0.4_grid4_base_medium,7,0.4,medium,base,base,6,3,9,5,2,1,1,1,0,1,13,32,0.0,0.3125,0.6428571428571429,0.05555555555555555,5,5,9,6,5,8,4,3,21,3,0,10,0.3125,DR,1.3108562983864118,2,0,10,13,7,0.08,0.0,0.4,0.52,0.21875,DL,0.0,0.0,0.0625,0.03125,1,ul,midline,dr,0,1,0,0,0
5,4,size7_comp0.4_grid4_base_medium,7,0.4,medium,base,base,6,3,9,5,2,1,1,1,1,1,11,17,0.5294117647058824,0.6470588235294118,0.6666666666666666,0.6,4,3,3,7,6,4,2,4,9,4,3,4,0.23529411764705882,DL,1.2406705316766884,1,0,7,3,6,0.09090909090909091,0.0,0.6363636363636364,0.2727272727272727,0.35294117647058826,DL,0.0,0.0,0.17647058823529413,0.0,1,ul,midline,dr,0,0,0,0,0
6,4,size7_comp0.4_grid4_base_medium,7,0.4,medium,base,base,6,3,9,5,2,1,1,1,1,1,10,26,0.34615384615384615,0.46153846153846156,0.6363636363636364,0.3333333333333333,6,4,3,7,4,5,5,1,18,1,4,5,0.19230769230769232,DL,1.0863128407412879,1,0,12,4,9,0.058823529411764705,0.0,0.7058823529411765,0.23529411764705882,0.34615384615384615,,0.0,0.0,0.0,0.0,0,ul,midline,dr,0,0,0,0,0
7,4,size7_comp0.4_grid4_base_medium,7,0.4,medium,base,base,6,3,9,5,2,1,1,1,0,1,17,32,0.0,0.375,0.4444444444444444,0.2857142857142857,5,5,5,12,12,5,2,4,23,4,5,10,0.3125,DL,1.134969974603941,1,0,12,5,14,0.05555555555555555,0.0,0.6666666666666666,0.2777777777777778,0.4375,DL,0.0,0.0,0.09375,0.0,2,ul,midline,dr,0,0,0,0,0
8,4,size7_comp0.4_grid4_base_medium,7,0.4,medium,base,base,6,3,9,5,2,1,1,1,1,1,13,17,0.5294117647058824,0.7058823529411765,0.6428571428571429,1.0,3,4,3,5,2,1,2,7,9,7,1,0,0.0,DL,0.9864267287308425,1,0,7,1,8,0.1111111111111111,0.0,0.7777777777777778,0.1111111111111111,0.47058823529411764,,0.0,0.0,0.0,0.0,0,ul,midline,dr,0,0,0,0,0
9,4,size7_comp0.4_grid4_base_medium,7,0.4,medium,base,base,6,3,9,5,2,1,1,1,0,1,12,32,0.0,0.3125,0.6153846153846154,0.10526315789473684,3,4,4,13,9,3,6,1,23,1,1,9,0.28125,DL,0.6998428398862386,1,0,13,1,17,0.06666666666666667,0.0,0.8666666666666667,0.06666666666666667,0.53125,DL,0.0,0.0,0.125,0.0,3,ul,midline,dr,0,0,0,0,0
0,5,size7_comp0.4_grid5_base_medium,7,0.4,medium,base,base,8,7,15,3,6,1,1,1,0,1,12,32,0.0,0.4375,0.6923076923076923,0.2631578947368421,4,4,6,11,7,4,1,8,21,6,0,6,0.1875,UR,0.9664516287472262,2,18,3,0,9,0.08695652173913043,0.782608695652174,0.13043478260869565,0.0,0.28125,UR,0.0,0.28125,0.03125,0.0,5,dl,dr,midline,0,0,0,0,0
1,5,size7_comp0.4_grid5_base_medium,7,0.4,medium,base,base,8,7,15,3,6,1,1,1,0,1,14,32,0.0,0.5625,0.7333333333333333,0.4117647058823529,6,5,8,9,7,4,8,4,16,4,1,5,0.15625,UR,1.6457113704075783,6,8,2,1,15,0.35294117647058826,0.47058823529411764,0.11764705882352941,0.058823529411764705,0.46875,UR,0.0,0.03125,0.03125,0.0,1,dl,dr,midline,0,0,0,0,0
2,5,size7_comp0.4_grid5_base_medium,7,0.4,medium,base,base,8,7,15,3,6,1,1,1,0,1,16,32,0.0,0.53125,0.5882352941176471,0.4666666666666667,5,3,7,10,4,6,4,6,20,4,1,3,0.09375,DL,1.3250112108241772,5,0,6,1,20,0.4166666666666667,0.0,0.5,0.08333333333333333,0.625,DL,0.0,0.0,0.125,0.0,4,dl,dr,midline,1,0,0,0,0
3,5,size7_comp0.4_grid5_base_medium,7,0.4,medium,base,base,8,7,15,3,6,1,1,1,0,1,16,32,0.0,0.4375,0.6470588235294118,0.2,5,4,5,12,6,4,6,4,19,2,5,7,0.21875,UR,1.3779630390761746,8,9,2,0,13,0.42105263157894735,0.47368421052631576,0.10526315789473684,0.0,0.40625,UR,0.0,0.1875,0.03125,0.0,6,dl,dr,midline,0,0,0,0,0
4,5,size7_comp0.4_grid5_base_medium,7,0.4,medium,base,base,8,7,15,3,6,1,1,1,1,0,-1,25,0.0,0.4,0.4,0.0,1,1,9,11,4,1,3,10,22,9,0,3,0.12,DL,-0.0,0,0,21,0,4,0.0,0.0,1.0,0.0,0.16,DL,0.0,0.0,0.4,0.0,2,dl,dr,midline,1,0,0,0,0
5,5,size7_comp0.4_grid5_base_medium,7,0.4,medium,base,base,8,7,15,3,6,1,1,1,0,1,20,32,0.0,0.375,0.47619047619047616,0.18181818181818182,10,5,5,7,8,4,8,2,21,2,5,12,0.375,DL,1.4769092849936092,2,6,13,1,10,0.09090909090909091,0.2727272727272727,0.5909090909090909,0.045454545454545456,0.3125,DL,0.0,0.0,0.3125,0.0,9,dl,dr,midline,1,0,0,0,0
6,5,size7_comp0.4_grid5_base_medium,7,0.4,medium,base,base,8,7,15,3,6,1,1,1,0,0,-1,32,0.0,0.25,0.25,0.0,7,1,12,8,8,3,5,7,29,6,0,12,0.375,DL,-0.0,0,0,31,0,1,0.0,0.0,1.0,0.0,0.03125,DL,0.0,0.0,0.625,0.0,5,dl,dr,midline,1,0,0,0,0
7,5,size7_comp0.4_grid5_base_medium,7,0.4,medium,base,base,8,7,15,3,6,1,1,1,0,1,12,32,0.0,0.375,0.6923076923076923,0.15789473684210525,6,9,6,7,7,8,6,3,22,3,13,12,0.375,UR,1.384431504340598,2,7,3,0,20,0.16666666666666666,0.5833333333333334,0.25,0.0,0.625,DL,0.0,0.0,0.03125,0.0,1,dl,dr,midline,0,0,0,0,0
8,5,size7_comp0.4_grid5_base_medium,7,0.4,medium,base,base,8,7,15,3,6,1,1,1,0,1,23,32,0.0,0.46875,0.5416666666666666,0.25,7,5,4,11,5,4,8,5,19,5,3,7,0.21875,UL,1.2607717938967942,11,4,2,0,15,0.6470588235294118,0.23529411764705882,0.11764705882352941,0.0,0.46875,UR,0.0,0.09375,0.03125,0.0,3,dl,dr,midline,0,0,0,0,0
9,5,size7_comp0.4_grid5_base_medium,7,0.4,medium,base,base,8,7,15,3,6,1,1,1,0,1,11,32,0.0,0.5625,0.8333333333333334,0.4,4,8,9,11,6,7,9,9,21,8,10,7,0.21875,DL,1.579434002924965,5,5,6,0,16,0.3125,0.3125,0.375,0.0,0.5,DL,0.0,0.0,0.09375,0.0,1,dl,dr,midline,1,0,0,0,0
0,6,size7_comp0.4_grid6_base_medium,7,0.4,medium,base,base,3,3,6,6,0,1,1,1,0,1,6,32,0.0,0.25,0.5714285714285714,0.16,1,3,13,6,7,5,3,4,24,2,2,8,0.25,UR,0.7219280948873623,2,8,0,0,22,0.2,0.8,0.0,0.0,0.6875,,0.0,0.0,0.0,0.0,0,ur,dl,midline,1,0,0,0,0
1,6,size7_comp0.4_grid6_base_medium,7,0.4,medium,base,base,3,3,6,6,0,1,1,1,1,1,6,15,0.4,0.5333333333333333,0.5714285714285714,0.5,0,4,6,2,0,4,2,2,8,2,1,2,0.13333333333333333,UR,-0.0,0,2,0,0,13,0.0,1.0,0.0,0.0,0.8666666666666667,,0.0,0.0,0.0,0.0,0,ur,dl,midline,1,0,0,0,0
2,6,size7_comp0.4_grid6_base_medium,7,0.4,medium,base,base,3,3,6,6,0,1,1,1,1,1,10,20,0.3,0.55,0.5454545454545454,0.5555555555555556,0,4,9,5,3,4,1,7,12,6,1,2,0.1,UL,0.5916727785823275,6,1,0,0,13,0.8571428571428571,0.14285714285714285,0.0,0.0,0.65,UL,0.1,0.0,0.0,0.0,1,ur,dl,midline,0,0,0,0,0
3,6,size7_comp0.4_grid6_base_medium,7,0.4,medium,base,base,3,3,6,6,0,1,1,1,0,1,2,32,0.0,0.34375,1.0,0.27586206896551724,1,6,13,5,5,2,4,7,25,5,1,8,0.25,UL,1.0,1,1,0,0,30,0.5,0.5,0.0,0.0,0.9375,,0.0,0.0,0.0,0.0,0,ur,dl,midline,0,0,0,0,0
4,6,size7_comp0.4_grid6_base_medium,7,0.4,medium,base,base,3,3,6,6,0,1,1,1,1,1,2,20,0.3,0.35,1.0,0.23529411764705882,0,5,7,1,3,3,3,1,14,1,0,5,0.25,UR,-0.0,0,2,0,0,18,0.0,1.0,0.0,0.0,0.9,,0.0,0.0,0.0,0.0,0,ur,dl,midline,1,0,0,0,0
5,6,size7_comp0.4_grid6_base_medium,7,0.4,medium,base,base,3,3,6,6,0,1,1,1,1,1,5,14,0.42857142857142855,0.5714285714285714,0.6666666666666666,0.5,0,4,5,3,1,5,2,2,7,2,2,2,0.14285714285714285,UR,-0.0,0,3,0,0,11,0.0,1.0,0.0,0.0,0.7857142857142857,,0.0,0.0,0.0,0.0,0,ur,dl,midline,1,0,0,0,0
6,6,size7_comp0.4_grid6_base_medium,7,0.4,medium,base,base,3,3,6,6,0,1,1,1,1,1,2,14,0.42857142857142855,0.5714285714285714,1.0,0.45454545454545453,0,3,7,2,3,1,1,4,8,4,0,2,0.14285714285714285,UR,-0.0,0,1,0,0,13,0.0,1.0,0.0,0.0,0.9285714285714286,,0.0,0.0,0.0,0.0,0,ur,dl,midline,1,0,0,0,0
7,6,size7_comp0.4_grid6_base_medium,7,0.4,medium,base,base,3,3,6,6,0,1,1,1,1,1,2,31,0.1935483870967742,0.3225806451612903,1.0,0.25,1,4,16,3,10,3,3,3,24,2,6,10,0.3225806451612903,UR,-0.0,0,7,0,0,24,0.0,1.0,0.0,0.0,0.7741935483870968,,0.0,0.0,0.0,0.0,0,ur,dl,midline,1,0,0,0,0
8,6,size7_comp0.4_grid6_base_medium,7,0.4,medium,base,base,3,3,6,6,0,1,1,1,1,1,2,12,0.5,0.5,1.0,0.3333333333333333,0,3,3,2,2,1,0,0,6,0,5,2,0.16666666666666666,UR,-0.0,0,1,0,0,11,0.0,1.0,0.0,0.0,0.9166666666666666,,0.0,0.0,0.0,0.0,0,ur,dl,midline,1,0,0,0,0
9,6,size7_comp0.4_grid6_base_medium,7,0.4,medium,base,base,3,3,6,6,0,1,1,1,1,1,2,18,0.3333333333333333,0.4444444444444444,1.0,0.3333333333333333,0,3,7,2,4,2,1,3,12,2,8,2,0.1111111111111111,UR,-0.0,0,1,0,0,17,0.0,1.0,0.0,0.0,0.9444444444444444,,0.0,0.0,0.0,0.0,0,ur,dl,midline,1,0,0,0,0
0,7,size7_comp0.4_grid7_base_medium,7,0.4,medium,base,base,4,4,8,6,1,1,1,1,0,1,3,32,0.0,0.3125,1.0,0.21428571428571427,4,3,6,6,1,2,5,2,25,2,0,1,0.03125,DL,-0.0,0,0,5,0,27,0.0,0.0,1.0,0.0,0.84375,,0.0,0.0,0.0,0.0,0,midline,ul,dl,0,1,0,0,0
1,7,size7_comp0.4_grid7_base_medium,7,0.4,medium,base,base,4,4,8,6,1,1,1,1,0,1,5,32,0.0,0.40625,0.8333333333333334,0.3076923076923077,6,6,8,4,3,4,6,4,25,4,8,2,0.0625,DL,-0.0,0,0,17,0,15,0.0,0.0,1.0,0.0,0.46875,DL,0.0,0.0,0.15625,0.0,3,midline,ul,dl,0,1,0,0,0
2,7,size7_comp0.4_grid7_base_medium,7,0.4,medium,base,base,4,4,8,6,1,1,1,1,1,1,3,8,1.0,1.0,1.0,1.0,3,1,3,1,3,1,3,0,0,0,0,0,0.0,UL,1.0,2,0,2,0,4,0.5,0.0,0.5,0.0,0.5,UL,0.125,0.0,0.0,0.0,1,midline,ul,dl,0,0,0,0,0
3,7,size7_comp0.4_grid7_base_medium,7,0.4,medium,base,base,4,4,8,6,1,1,1,1,1,1,3,19,0.42105263157894735,0.5789473684210527,1.0,0.4666666666666667,5,3,5,2,1,2,5,3,11,3,2,1,0.05263157894736842,UL,0.9182958340544896,6,0,3,0,10,0.6666666666666666,0.0,0.3333333333333333,0.0,0.5263157894736842,UL,0.05263157894736842,0.0,0.0,0.0,1,midline,ul,dl,0,0,0,0,0
4,7,size7_comp0.4_grid7_base_medium,7,0.4,medium,base,base,4,4,8,6,1,1,1,1,1,1,3,24,0.3333333333333333,0.5,1.0,0.4,3,1,8,5,2,1,5,2,15,2,2,1,0.041666666666666664,DL,0.9182958340544896,2,0,4,0,18,0.3333333333333333,0.0,0.6666666666666666,0.0,0.75,UL,0.041666666666666664,0.0,0.0,0.0,1,midline,ul,dl,0,1,0,0,0
5,7,size7_comp0.4_grid7_base_medium,7,0.4,medium,base,base,4,4,8,6,1,1,1,1,0,1,5,32,0.0,0.3125,0.8333333333333334,0.19230769230769232,3,1,9,7,3,3,1,4,24,2,0,7,0.21875,UL,0.7219280948873623,12,0,3,0,17,0.8,0.0,0.2,0.0,0.53125,,0.0,0.0,0.0,0.0,0,midline,ul,dl,0,0,0,0,0
6,7,size7_comp0.4_grid7_base_medium,7,0.4,medium,base,base,4,4,8,6,1,1,1,1,0,1,3,32,0.0,0.34375,1.0,0.25,2,2,10,5,2,1,2,6,26,3,1,2,0.0625,DL,-0.0,0,0,7,0,25,0.0,0.0,1.0,0.0,0.78125,,0.0,0.0,0.0,0.0,0,midline,ul,dl,0,1,0,0,0
7,7,size7_comp0.4_grid7_base_medium,7,0.4,medium,base,base,4,4,8,6,1,1,1,1,0,1,8,32,0.0,0.4375,0.6666666666666666,0.34782608695652173,5,3,9,6,4,6,2,3,21,3,2,1,0.03125,DL,0.37123232664087563,0,0,13,1,18,0.0,0.0,0.9285714285714286,0.07142857142857142,0.5625,DL,0.0,0.0,0.0625,0.0,2,midline,ul,dl,0,1,0,0,0
8,7,size7_comp0.4_grid7_base_medium,7,0.4,medium,base,base,4,4,8,6,1,1,1,1,0,1,3,32,0.0,0.3125,1.0,0.21428571428571427,2,1,8,6,2,1,3,3,26,3,2,1,0.03125,DL,-0.0,0,0,4,0,28,0.0,0.0,1.0,0.0,0.875,,0.0,0.0,0.0,0.0,0,midline,ul,dl,0,1,0,0,0
9,7,size7_comp0.4_grid7_base_medium,7,0.4,medium,base,base,4,4,8,6,1,1,1,1,1,1,6,28,0.2857142857142857,0.35714285714285715,0.5714285714285714,0.2857142857142857,5,2,6,9,6,2,5,5,19,1,0,10,0.35714285714285715,UL,0.5435644431995964,14,0,2,0,12,0.875,0.0,0.125,0.0,0.42857142857142855,UL,0.10714285714285714,0.0,0.0,0.0,3,midline,ul,dl,0,0,0,0,0
0,8,size7_comp0.4_grid8_base_medium,7,0.4,medium,base,base,5,8,13,3,5,1,1,1,0,1,5,32,0.0,0.375,0.8333333333333334,0.2692307692307692,3,4,7,9,6,4,3,4,21,2,3,6,0.1875,UR,0.9055872616982603,2,12,1,0,17,0.13333333333333333,0.8,0.06666666666666667,0.0,0.53125,,0.0,0.0,0.0,0.0,0,midline,dr,midline,0,0,0,0,0
1,8,size7_comp0.4_grid8_base_medium,7,0.4,medium,base,base,5,8,13,3,5,1,1,1,0,1,11,32,0.0,0.375,0.6666666666666666,0.2,4,2,9,7,3,6,2,3,21,2,0,5,0.15625,UR,1.1595115491253796,3,19,5,0,5,0.1111111111111111,0.7037037037037037,0.18518518518518517,0.0,0.15625,,0.0,0.0,0.0,0.0,0,midline,dr,midline,0,0,0,0,0
2,8,size7_comp0.4_grid8_base_medium,7,0.4,medium,base,base,5,8,13,3,5,1,1,1,0,1,7,32,0.0,0.34375,0.625,0.25,3,5,13,5,8,3,5,3,21,1,4,12,0.375,UR,0.8314743880097293,5,14,0,0,13,0.2631578947368421,0.7368421052631579,0.0,0.0,0.40625,,0.0,0.0,0.0,0.0,0,midline,dr,midline,0,0,0,0,0
3,8,size7_comp0.4_grid8_base_medium,7,0.4,medium,base,base,5,8,13,3,5,1,1,1,0,1,10,32,0.0,0.53125,0.6363636363636364,0.47619047619047616,4,2,11,12,6,3,5,11,18,8,0,3,0.09375,UR,1.4353713907745331,2,6,3,0,21,0.18181818181818182,0.5454545454545454,0.2727272727272727,0.0,0.65625,,0.0,0.0,0.0,0.0,0,midline,dr,midline,0,0,0,0,0
4,8,size7_comp0.4_grid8_base_medium,7,0.4,medium,base,base,5,8,13,3,5,1,1,1,0,1,19,32,0.0,0.34375,0.4,0.25,5,5,8,8,4,5,6,4,20,1,2,11,0.34375,UL,1.3689955935892815,9,9,2,0,12,0.45,0.45,0.1,0.0,0.375,,0.0,0.0,0.0,0.0,0,midline,dr,midline,0,0,0,0,0
5,8,size7_comp0.4_grid8_base_medium,7,0.4,medium,base,base,5,8,13,3,5,1,1,1,0,1,10,32,0.0,0.40625,0.6363636363636364,0.2857142857142857,4,7,4,8,5,5,5,1,16,0,3,7,0.21875,UR,1.3235315761100483,2,11,6,0,13,0.10526315789473684,0.5789473684210527,0.3157894736842105,0.0,0.40625,UR,0.0,0.21875,0.0625,0.0,7,midline,dr,midline,0,0,0,0,0
6,8,size7_comp0.4_grid8_base_medium,7,0.4,medium,base,base,5,8,13,3,5,1,1,1,0,1,17,32,0.0,0.46875,0.5,0.42857142857142855,6,6,8,9,3,6,7,9,22,7,10,6,0.1875,UL,1.4315602842833155,7,5,2,0,18,0.5,0.35714285714285715,0.14285714285714285,0.0,0.5625,,0.0,0.0,0.0,0.0,0,midline,dr,midline,0,0,0,0,0
7,8,size7_comp0.4_grid8_base_medium,7,0.4,medium,base,base,5,8,13,3,5,1,1,1,0,1,14,32,0.0,0.34375,0.4666666666666667,0.23529411764705882,4,2,5,10,3,2,4,4,18,2,0,5,0.15625,UR,1.2406705316766884,6,14,2,0,10,0.2727272727272727,0.6363636363636364,0.09090909090909091,0.0,0.3125,UR,0.0,0.0625,0.0,0.0,2,midline,dr,midline,0,0,0,0,0
8,8,size7_comp0.4_grid8_base_medium,7,0.4,medium,base,base,5,8,13,3,5,1,1,1,0,1,5,32,0.0,0.28125,0.8333333333333334,0.15384615384615385,3,2,9,4,6,1,1,2,23,0,2,7,0.21875,UR,0.7253759284051439,3,23,1,0,5,0.1111111111111111,0.8518518518518519,0.037037037037037035,0.0,0.15625,,0.0,0.0,0.0,0.0,0,midline,dr,midline,0,0,0,0,0
9,8,size7_comp0.4_grid8_base_medium,7,0.4,medium,base,base,5,8,13,3,5,1,1,1,0,1,7,32,0.0,0.4375,0.75,0.3333333333333333,4,2,7,9,3,5,2,5,19,5,0,1,0.03125,UR,0.9463729359854419,2,11,1,0,18,0.14285714285714285,0.7857142857142857,0.07142857142857142,0.0,0.5625,UR,0.0,0.15625,0.0,0.0,5,midline,dr,midline,0,0,0,0,0
0,9,size7_comp0.4_grid9_base_medium,7,0.4,medium,base,base,3,3,6,6,0,1,1,1,1,1,4,16,0.375,0.6875,0.8,0.6363636363636364,0,4,5,7,4,2,4,5,6,5,6,0,0.0,UL,0.9709505944546686,3,0,2,0,11,0.6,0.0,0.4,0.0,0.6875,UL,0.0625,0.0,0.0,0.0,1,ul,midline,midline,1,0,0,0,0
1,9,size7_comp0.4_grid9_base_medium,7,0.4,medium,base,base,3,3,6,6,0,1,1,1,1,1,2,18,0.3333333333333333,0.6111111111111112,1.0,0.5333333333333333,0,4,5,8,2,3,3,7,10,7,0,1,0.05555555555555555,DL,0.6962122601251458,3,0,13,0,2,0.1875,0.0,0.8125,0.0,0.1111111111111111,UL,0.05555555555555555,0.0,0.0,0.0,1,ul,midline,midline,0,0,0,0,0
2,9,size7_comp0.4_grid9_base_medium,7,0.4,medium,base,base,3,3,6,6,0,1,1,1,0,1,2,32,0.0,0.46875,1.0,0.41379310344827586,0,5,13,12,6,1,6,14,22,13,11,4,0.125,DL,0.8112781244591328,3,0,9,0,20,0.25,0.0,0.75,0.0,0.625,UL,0.03125,0.0,0.03125,0.0,1,ul,midline,midline,0,0,0,0,0
3,9,size7_comp0.4_grid9_base_medium,7,0.4,medium,base,base,3,3,6,6,0,1,1,1,0,1,6,32,0.0,0.375,0.5714285714285714,0.32,1,3,10,12,3,2,3,11,24,9,9,3,0.09375,UL,-0.0,10,0,0,0,22,1.0,0.0,0.0,0.0,0.6875,UL,0.09375,0.0,0.0,0.0,3,ul,midline,midline,1,0,0,0,0
4,9,size7_comp0.4_grid9_base_medium,7,0.4,medium,base,base,3,3,6,6,0,1,1,1,0,1,4,32,0.0,0.40625,0.8,0.3333333333333333,1,3,11,10,3,1,5,10,23,8,6,2,0.0625,DL,0.6098403047164004,3,0,17,0,12,0.15,0.0,0.85,0.0,0.375,UL,0.03125,0.0,0.0,0.0,1,ul,midline,midline,0,0,0,0,0
5,9,size7_comp0.4_grid9_base_medium,7,0.4,medium,base,base,3,3,6,6,0,1,1,1,0,1,2,32,0.0,0.46875,1.0,0.41379310344827586,1,4,11,13,4,2,3,17,25,14,0,3,0.09375,DL,0.5032583347756457,3,0,24,0,5,0.1111111111111111,0.0,0.8888888888888888,0.0,0.15625,UL,0.03125,0.0,0.0,0.0,1,ul,midline,midline,0,0,0,0,0
6,9,size7_comp0.4_grid9_base_medium,7,0.4,medium,base,base,3,3,6,6,0,1,1,1,1,1,2,30,0.2,0.4666666666666667,1.0,0.4074074074074074,1,5,9,11,4,3,4,10,22,9,1,4,0.13333333333333333,DL,0.5293608652873644,3,0,22,0,5,0.12,0.0,0.88,0.0,0.16666666666666666,UL,0.03333333333333333,0.0,0.0,0.0,1,ul,midline,midline,0,0,0,0,0
7,9,size7_comp0.4_grid9_base_medium,7,0.4,medium,base,base,3,3,6,6,0,1,1,1,1,1,4,13,0.46153846153846156,0.6153846153846154,0.6,0.625,0,5,2,5,1,3,4,3,6,3,3,2,0.15384615384615385,UL,0.954434002924965,5,0,3,0,5,0.625,0.0,0.375,0.0,0.38461538461538464,UL,0.23076923076923078,0.0,0.0,0.0,3,ul,midline,midline,1,0,0,0,0
8,9,size7_comp0.4_grid9_base_medium,7,0.4,medium,base,base,3,3,6,6,0,1,1,1,1,1,4,19,0.3157894736842105,0.5263157894736842,0.8,0.42857142857142855,0,4,6,6,3,4,1,4,9,4,2,2,0.10526315789473684,DL,0.9709505944546686,4,0,6,0,9,0.4,0.0,0.6,0.0,0.47368421052631576,UL,0.05263157894736842,0.0,0.0,0.0,1,ul,midline,midline,0,0,0,0,0
9,9,size7_comp0.4_grid9_base_medium,7,0.4,medium,base,base,3,3,6,6,0,1,1,1,0,1,2,32,0.0,0.40625,1.0,0.3448275862068966,3,6,7,10,1,5,7,7,23,6,9,3,0.09375,DL,0.74959525725948,3,0,11,0,18,0.21428571428571427,0.0,0.7857142857142857,0.0,0.5625,UL,0.03125,0.0,0.0,0.0,1,ul,midline,midline,0,0,0,0,0
0,0,size7_comp0.6_grid0_base_medium,7,0.6,medium,base,base,4,3,7,3,3,1,1,1,0,1,4,32,0.0,0.28125,0.8,0.18518518518518517,1,2,8,4,2,2,2,3,25,3,10,1,0.03125,UL,0.5032583347756457,16,2,0,0,14,0.8888888888888888,0.1111111111111111,0.0,0.0,0.4375,,0.0,0.0,0.0,0.0,0,ur,midline,midline,0,0,0,0,0
1,0,size7_comp0.6_grid0_base_medium,7,0.6,medium,base,base,4,3,7,3,3,1,1,1,0,1,7,32,0.0,0.28125,0.5,0.20833333333333334,1,1,10,4,4,0,2,3,24,3,13,3,0.09375,UL,0.9612366047228759,8,5,0,0,19,0.6153846153846154,0.38461538461538464,0.0,0.0,0.59375,,0.0,0.0,0.0,0.0,0,ur,midline,midline,0,0,0,0,0
2,0,size7_comp0.6_grid0_base_medium,7,0.6,medium,base,base,4,3,7,3,3,1,1,1,0,1,5,32,0.0,0.21875,0.6666666666666666,0.11538461538461539,2,2,8,1,3,1,2,1,24,1,0,3,0.09375,UL,0.5032583347756457,24,3,0,0,5,0.8888888888888888,0.1111111111111111,0.0,0.0,0.15625,,0.0,0.0,0.0,0.0,0,ur,midline,midline,0,0,0,0,0
3,0,size7_comp0.6_grid0_base_medium,7,0.6,medium,base,base,4,3,7,3,3,1,1,1,1,1,3,17,0.4117647058823529,0.5294117647058824,1.0,0.38461538461538464,3,2,4,2,3,0,3,2,8,2,5,0,0.0,UL,0.6500224216483541,5,1,0,0,11,0.8333333333333334,0.16666666666666666,0.0,0.0,0.6470588235294118,UL,0.058823529411764705,0.0,0.0,0.0,1,ur,midline,midline,0,0,0,0,0
4,0,size7_comp0.6_grid0_base_medium,7,0.6,medium,base,base,4,3,7,3,3,1,1,1,0,1,4,32,0.0,0.21875,0.8,0.1111111111111111,4,2,5,2,1,1,2,0,25,0,5,4,0.125,UL,0.5032583347756457,8,1,0,0,23,0.8888888888888888,0.1111111111111111,0.0,0.0,0.71875,,0.0,0.0,0.0,0.0,0,ur,midline,midline,0,0,0,0,0
5,0,size7_comp0.6_grid0_base_medium,7,0.6,medium,base,base,4,3,7,3,3,1,1,1,0,1,10,32,0.0,0.25,0.36363636363636365,0.19047619047619047,2,1,11,2,5,1,2,1,23,1,7,6,0.1875,UL,1.0,7,7,0,0,18,0.5,0.5,0.0,0.0,0.5625,UL,0.03125,0.0,0.0,0.0,1,ur,midline,midline,0,0,0,0,0
6,0,size7_comp0.6_grid0_base_medium,7,0.6,medium,base,base,4,3,7,3,3,1,1,1,0,1,4,32,0.0,0.21875,0.8,0.1111111111111111,2,1,5,2,1,1,2,0,25,0,20,1,0.03125,UL,0.9182958340544896,2,1,0,0,29,0.6666666666666666,0.3333333333333333,0.0,0.0,0.90625,,0.0,0.0,0.0,0.0,0,ur,midline,midline,0,0,0,0,0
7,0,size7_comp0.6_grid0_base_medium,7,0.6,medium,base,base,4,3,7,3,3,1,1,1,0,1,3,32,0.0,0.3125,1.0,0.21428571428571427,1,2,8,5,2,0,3,4,24,3,16,1,0.03125,UL,0.4689955935892812,9,1,0,0,22,0.9,0.1,0.0,0.0,0.6875,,0.0,0.0,0.0,0.0,0,ur,midline,midline,0,0,0,0,0
8,0,size7_comp0.6_grid0_base_medium,7,0.6,medium,base,base,4,3,7,3,3,1,1,1,1,1,3,15,0.4666666666666667,0.5333333333333333,1.0,0.36363636363636365,2,1,4,2,2,1,2,0,7,0,1,0,0.0,UL,0.4689955935892812,9,1,0,0,5,0.9,0.1,0.0,0.0,0.3333333333333333,,0.0,0.0,0.0,0.0,0,ur,midline,midline,0,0,0,0,0
9,0,size7_comp0.6_grid0_base_medium,7,0.6,medium,base,base,4,3,7,3,3,1,1,1,1,1,3,9,0.7777777777777778,0.8888888888888888,1.0,0.8,2,1,4,2,5,0,3,0,0,0,0,0,0.0,UL,0.8112781244591328,3,1,0,0,5,0.75,0.25,0.0,0.0,0.5555555555555556,UL,0.1111111111111111,0.0,0.0,0.0,1,ur,midline,midline,0,0,0,0,0
0,1,size7_comp0.6_grid1_base_medium,7,0.6,medium,base,base,5,3,8,6,2,1,1,1,1,1,7,22,0.36363636363636365,0.5,0.625,0.42857142857142855,2,4,8,4,2,6,1,4,13,4,0,4,0.18181818181818182,UL,0.9182958340544896,6,3,0,0,13,0.6666666666666666,0.3333333333333333,0.0,0.0,0.5909090909090909,UL,0.045454545454545456,0.045454545454545456,0.0,0.0,1,ur,dl,ul,0,1,0,0,0
1,1,size7_comp0.6_grid1_base_medium,7,0.6,medium,base,base,5,3,8,6,2,1,1,1,0,1,5,32,0.0,0.25,0.8333333333333334,0.11538461538461539,1,1,7,4,3,1,1,3,26,3,5,1,0.03125,UL,0.5787946246321198,25,4,0,0,3,0.8620689655172413,0.13793103448275862,0.0,0.0,0.09375,UL,0.09375,0.03125,0.0,0.0,1,ur,dl,ul,0,1,0,0,0
2,1,size7_comp0.6_grid1_base_medium,7,0.6,medium,base,base,5,3,8,6,2,1,1,1,0,1,7,32,0.0,0.21875,0.625,0.08333333333333333,1,1,6,5,3,0,1,3,26,2,1,2,0.0625,UR,0.9927744539878083,9,11,0,0,12,0.45,0.55,0.0,0.0,0.375,UR,0.03125,0.0625,0.0,0.0,2,ur,dl,ul,1,0,0,0,0
3,1,size7_comp0.6_grid1_base_medium,7,0.6,medium,base,base,5,3,8,6,2,1,1,1,1,1,9,20,0.4,0.45,0.5,0.4,3,4,6,2,4,2,2,1,12,1,2,5,0.25,UL,0.9975025463691152,9,8,0,0,3,0.5294117647058824,0.47058823529411764,0.0,0.0,0.15,UL,0.15,0.0,0.0,0.0,3,ur,dl,ul,0,1,0,0,0
4,1,size7_comp0.6_grid1_base_medium,7,0.6,medium,base,base,5,3,8,6,2,1,1,1,0,1,14,32,0.0,0.28125,0.4,0.17647058823529413,2,1,9,7,4,1,3,3,26,2,7,5,0.15625,UL,0.9957274520849255,14,12,0,0,6,0.5384615384615384,0.46153846153846156,0.0,0.0,0.1875,UR,0.15625,0.1875,0.0,0.0,3,ur,dl,ul,0,1,0,0,0
5,1,size7_comp0.6_grid1_base_medium,7,0.6,medium,base,base,5,3,8,6,2,1,1,1,1,1,6,14,0.5714285714285714,0.6428571428571429,0.7142857142857143,0.5714285714285714,2,4,6,1,5,3,2,1,6,1,0,3,0.21428571428571427,UL,1.0,4,4,0,0,6,0.5,0.5,0.0,0.0,0.42857142857142855,UL,0.07142857142857142,0.07142857142857142,0.0,0.0,1,ur,dl,ul,0,1,0,0,0
6,1,size7_comp0.6_grid1_base_medium,7,0.6,medium,base,base,5,3,8,6,2,1,1,1,1,1,4,12,0.6666666666666666,0.6666666666666666,1.0,0.42857142857142855,1,3,5,1,3,2,2,0,4,0,1,2,0.16666666666666666,UL,0.954434002924965,5,3,0,0,4,0.625,0.375,0.0,0.0,0.3333333333333333,UL,0.16666666666666666,0.08333333333333333,0.0,0.0,2,ur,dl,ul,0,1,0,0,0
7,1,size7_comp0.6_grid1_base_medium,7,0.6,medium,base,base,5,3,8,6,2,1,1,1,0,1,7,32,0.0,0.28125,0.625,0.16666666666666666,1,5,8,5,6,2,3,1,24,1,2,8,0.25,UL,0.9852281360342515,8,6,0,0,18,0.5714285714285714,0.42857142857142855,0.0,0.0,0.5625,UR,0.0625,0.125,0.0,0.0,4,ur,dl,ul,0,1,0,0,0
8,1,size7_comp0.6_grid1_base_medium,7,0.6,medium,base,base,5,3,8,6,2,1,1,1,1,1,5,13,0.6153846153846154,0.6923076923076923,0.8333333333333334,0.5714285714285714,2,4,5,0,3,1,3,1,5,1,0,1,0.07692307692307693,UL,0.9910760598382222,5,4,0,0,4,0.5555555555555556,0.4444444444444444,0.0,0.0,0.3076923076923077,UL,0.07692307692307693,0.0,0.0,0.0,1,ur,dl,ul,0,1,0,0,0
9,1,size7_comp0.6_grid1_base_medium,7,0.6,medium,base,base,5,3,8,6,2,1,1,1,1,1,6,12,0.6666666666666666,0.6666666666666666,0.7142857142857143,0.6,1,3,4,1,3,1,0,1,4,0,1,1,0.08333333333333333,UR,0.9910760598382222,4,5,0,0,3,0.4444444444444444,0.5555555555555556,0.0,0.0,0.25,UL,0.16666666666666666,0.0,0.0,0.0,2,ur,dl,ul,1,0,0,0,0
0,2,size7_comp0.6_grid2_base_medium,7,0.6,medium,base,base,3,6,9,3,3,1,1,1,0,1,7,32,0.0,0.1875,0.375,0.125,2,4,1,5,3,2,1,1,28,1,1,6,0.1875,UL,-0.0,31,0,0,0,1,1.0,0.0,0.0,0.0,0.03125,UL,0.125,0.0,0.0,0.0,3,ul,ur,midline,1,0,0,0,0
1,2,size7_comp0.6_grid2_base_medium,7,0.6,medium,base,base,3,6,9,3,3,1,1,1,0,1,8,32,0.0,0.15625,0.4444444444444444,0.043478260869565216,1,3,2,10,2,3,1,1,28,1,2,10,0.3125,UL,-0.0,30,0,0,0,2,1.0,0.0,0.0,0.0,0.0625,UL,0.125,0.0,0.0,0.0,3,ul,ur,midline,1,0,0,0,0
2,2,size7_comp0.6_grid2_base_medium,7,0.6,medium,base,base,3,6,9,3,3,1,1,1,0,1,2,32,0.0,0.125,1.0,0.034482758620689655,1,2,1,8,2,3,0,0,28,0,2,8,0.25,UL,-0.0,30,0,0,0,2,1.0,0.0,0.0,0.0,0.0625,UL,0.03125,0.0,0.0,0.0,1,ul,ur,midline,1,0,0,0,0
3,2,size7_comp0.6_grid2_base_medium,7,0.6,medium,base,base,3,6,9,3,3,1,1,1,0,1,4,32,0.0,0.125,0.6,0.037037037037037035,1,2,2,13,3,4,0,1,28,0,3,14,0.4375,UL,-0.0,29,0,0,0,3,1.0,0.0,0.0,0.0,0.09375,UL,0.03125,0.0,0.0,0.0,1,ul,ur,midline,1,0,0,0,0
4,2,size7_comp0.6_grid2_base_medium,7,0.6,medium,base,base,3,6,9,3,3,1,1,1,0,1,2,32,0.0,0.15625,1.0,0.06896551724137931,2,3,1,9,2,2,2,1,28,1,7,9,0.28125,UL,-0.0,26,0,0,0,6,1.0,0.0,0.0,0.0,0.1875,UL,0.03125,0.0,0.0,0.0,1,ul,ur,midline,1,0,0,0,0
5,2,size7_comp0.6_grid2_base_medium,7,0.6,medium,base,base,3,6,9,3,3,1,1,1,0,1,2,32,0.0,0.15625,1.0,0.06896551724137931,2,2,3,12,5,2,0,3,28,0,13,14,0.4375,UL,-0.0,19,0,0,0,13,1.0,0.0,0.0,0.0,0.40625,UL,0.09375,0.0,0.0,0.0,2,ul,ur,midline,1,0,0,0,0
6,2,size7_comp0.6_grid2_base_medium,7,0.6,medium,base,base,3,6,9,3,3,1,1,1,0,1,3,32,0.0,0.25,0.75,0.17857142857142858,2,3,3,3,0,2,2,0,26,0,7,3,0.09375,UL,-0.0,19,0,0,0,13,1.0,0.0,0.0,0.0,0.40625,UL,0.125,0.0,0.0,0.0,3,ul,ur,midline,1,0,0,0,0
7,2,size7_comp0.6_grid2_base_medium,7,0.6,medium,base,base,3,6,9,3,3,1,1,1,0,1,2,32,0.0,0.125,1.0,0.034482758620689655,1,2,1,11,4,2,0,0,28,0,3,11,0.34375,UL,-0.0,29,0,0,0,3,1.0,0.0,0.0,0.0,0.09375,UL,0.03125,0.0,0.0,0.0,1,ul,ur,midline,1,0,0,0,0
8,2,size7_comp0.6_grid2_base_medium,7,0.6,medium,base,base,3,6,9,3,3,1,1,1,0,1,2,32,0.0,0.21875,1.0,0.13793103448275862,2,2,1,8,2,3,1,0,27,0,5,6,0.1875,UL,-0.0,26,0,0,0,6,1.0,0.0,0.0,0.0,0.1875,UL,0.0625,0.0,0.0,0.0,1,ul,ur,midline,1,0,0,0,0
9,2,size7_comp0.6_grid2_base_medium,7,0.6,medium,base,base,3,6,9,3,3,1,1,1,0,1,3,32,0.0,0.125,0.75,0.03571428571428571,1,2,1,13,7,0,0,1,28,1,1,13,0.40625,UL,-0.0,31,0,0,0,1,1.0,0.0,0.0,0.0,0.03125,UL,0.0625,0.0,0.0,0.0,2,ul,ur,midline,1,0,0,0,0
0,3,size7_comp0.6_grid3_base_medium,7,0.6,medium,base,base,3,7,10,6,3,1,1,1,0,0,-1,32,0.0,0.34375,0.34375,0.0,1,2,18,10,9,4,1,15,27,11,0,9,0.28125,DR,-0.0,0,0,0,25,7,0.0,0.0,0.0,1.0,0.21875,,0.0,0.0,0.0,0.0,0,midline,dl,ur,0,0,0,0,0
1,3,size7_comp0.6_grid3_base_medium,7,0.6,medium,base,base,3,7,10,6,3,1,1,1,0,1,17,32,0.0,0.46875,0.3888888888888889,0.5714285714285714,3,3,14,7,7,4,1,9,21,7,0,6,0.1875,UL,0.9612366047228759,8,5,0,0,19,0.6153846153846154,0.38461538461538464,0.0,0.0,0.59375,UR,0.0,0.03125,0.0,0.0,1,midline,dl,ur,0,0,0,0,0
2,3,size7_comp0.6_grid3_base_medium,7,0.6,medium,base,base,3,7,10,6,3,1,1,1,0,1,4,32,0.0,0.375,0.8,0.2962962962962963,3,4,8,4,3,3,3,5,23,4,4,4,0.125,UL,0.9494520153879484,12,7,0,0,13,0.631578947368421,0.3684210526315789,0.0,0.0,0.40625,UR,0.0,0.15625,0.0,0.0,5,midline,dl,ur,0,0,0,0,0
3,3,size7_comp0.6_grid3_base_medium,7,0.6,medium,base,base,3,7,10,6,3,1,1,1,0,1,5,32,0.0,0.34375,0.5,0.3076923076923077,2,5,7,4,5,4,3,1,23,1,3,5,0.15625,UR,0.9182958340544896,6,12,0,0,14,0.3333333333333333,0.6666666666666666,0.0,0.0,0.4375,UR,0.0,0.125,0.0,0.0,4,midline,dl,ur,0,1,0,0,0
4,3,size7_comp0.6_grid3_base_medium,7,0.6,medium,base,base,3,7,10,6,3,1,1,1,1,1,8,32,0.3125,0.4375,0.6666666666666666,0.34782608695652173,5,4,7,4,3,2,2,5,21,5,2,2,0.0625,UR,1.561278124459133,0,6,6,4,16,0.0,0.375,0.375,0.25,0.5,DL,0.0,0.0625,0.09375,0.03125,3,midline,dl,ur,0,1,0,0,0
5,3,size7_comp0.6_grid3_base_medium,7,0.6,medium,base,base,3,7,10,6,3,1,1,1,1,1,2,28,0.35714285714285715,0.4642857142857143,1.0,0.4,4,3,8,4,3,3,2,4,17,3,3,3,0.10714285714285714,UL,0.9182958340544896,14,7,0,0,7,0.6666666666666666,0.3333333333333333,0.0,0.0,0.25,UL,0.14285714285714285,0.14285714285714285,0.0,0.0,4,midline,dl,ur,0,0,0,0,0
6,3,size7_comp0.6_grid3_base_medium,7,0.6,medium,base,base,3,7,10,6,3,1,1,1,1,1,7,22,0.45454545454545453,0.5454545454545454,0.5,0.5714285714285714,3,5,6,4,4,7,0,3,11,1,0,4,0.18181818181818182,UL,0.9709505944546686,6,4,0,0,12,0.6,0.4,0.0,0.0,0.5454545454545454,UR,0.0,0.045454545454545456,0.0,0.0,1,midline,dl,ur,0,0,0,0,0
7,3,size7_comp0.6_grid3_base_medium,7,0.6,medium,base,base,3,7,10,6,3,1,1,1,1,1,2,27,0.37037037037037035,0.4444444444444444,1.0,0.375,2,3,12,6,6,5,2,7,16,2,0,9,0.3333333333333333,UL,0.9182958340544896,6,3,0,0,18,0.6666666666666666,0.3333333333333333,0.0,0.0,0.6666666666666666,UL,0.037037037037037035,0.037037037037037035,0.0,0.0,1,midline,dl,ur,0,0,0,0,0
8,3,size7_comp0.6_grid3_base_medium,7,0.6,medium,base,base,3,7,10,6,3,1,1,1,0,1,10,32,0.0,0.4375,0.6363636363636364,0.3333333333333333,2,8,10,7,7,4,3,9,21,8,3,8,0.25,UL,0.9494520153879484,12,7,0,0,13,0.631578947368421,0.3684210526315789,0.0,0.0,0.40625,UR,0.0,0.125,0.0,0.0,4,midline,dl,ur,0,0,0,0,0
9,3,size7_comp0.6_grid3_base_medium,7,0.6,medium,base,base,3,7,10,6,3,1,1,1,1,1,13,31,0.3225806451612903,0.4838709677419355,0.5714285714285714,0.4117647058823529,2,3,12,6,7,2,1,7,20,6,1,3,0.0967741935483871,UL,1.0,5,5,0,0,21,0.5,0.5,0.0,0.0,0.6774193548387096,UL,0.06451612903225806,0.06451612903225806,0.0,0.0,2,midline,dl,ur,0,0,0,0,0
0,4,size7_comp0.6_grid4_base_medium,7,0.6,medium,base,base,7,3,10,4,3,1,1,1,1,1,9,19,0.5263157894736842,0.5789473684210527,0.8,0.3333333333333333,3,3,7,3,4,1,4,3,10,2,2,4,0.21052631578947367,DL,1.5,2,0,4,2,11,0.25,0.0,0.5,0.25,0.5789473684210527,DR,0.0,0.0,0.0,0.05263157894736842,1,dr,dl,ul,0,0,0,0,0
1,4,size7_comp0.6_grid4_base_medium,7,0.6,medium,base,base,7,3,10,4,3,1,1,1,1,0,-1,4,0.0,1.0,1.0,0.0,0,0,4,0,3,0,0,0,0,0,0,0,0.0,DR,0.9182958340544896,0,0,1,2,1,0.0,0.0,0.3333333333333333,0.6666666666666666,0.25,DR,0.0,0.0,0.0,0.25,1,dr,dl,ul,1,0,0,0,0
2,4,size7_comp0.6_grid4_base_medium,7,0.6,medium,base,base,7,3,10,4,3,1,1,1,1,0,-1,10,0.0,0.6,0.6,0.0,1,0,6,2,3,0,1,3,6,3,0,1,0.1,DR,0.5032583347756457,0,0,1,8,1,0.0,0.0,0.1111111111111111,0.8888888888888888,0.1,DR,0.0,0.0,0.0,0.3,1,dr,dl,ul,1,0,0,0,0
3,4,size7_comp0.6_grid4_base_medium,7,0.6,medium,base,base,7,3,10,4,3,1,1,1,1,0,-1,9,0.0,0.6666666666666666,0.6666666666666666,0.0,1,0,6,2,3,0,2,3,5,3,0,1,0.1111111111111111,DR,0.6500224216483541,0,0,1,5,3,0.0,0.0,0.16666666666666666,0.8333333333333334,0.3333333333333333,DR,0.0,0.0,0.0,0.2222222222222222,1,dr,dl,ul,1,0,0,0,0
4,4,size7_comp0.6_grid4_base_medium,7,0.6,medium,base,base,7,3,10,4,3,1,1,1,1,0,-1,11,0.0,0.6363636363636364,0.6363636363636364,0.0,0,0,7,3,7,0,0,1,7,1,0,0,0.0,DR,0.8112781244591328,0,0,2,6,3,0.0,0.0,0.25,0.75,0.2727272727272727,DR,0.0,0.0,0.0,0.2727272727272727,2,dr,dl,ul,1,0,0,0,0
5,4,size7_comp0.6_grid4_base_medium,7,0.6,medium,base,base,7,3,10,4,3,1,1,1,1,0,-1,9,0.0,0.6666666666666666,0.6666666666666666,0.0,0,0,6,2,3,0,0,4,5,4,0,0,0.0,DR,0.863120568566631,0,0,2,5,2,0.0,0.0,0.2857142857142857,0.7142857142857143,0.2222222222222222,DR,0.0,0.0,0.0,0.3333333333333333,2,dr,dl,ul,1,0,0,0,0
6,4,size7_comp0.6_grid4_base_medium,7,0.6,medium,base,base,7,3,10,4,3,1,1,1,1,0,-1,6,0.0,0.8333333333333334,0.8333333333333334,0.0,0,0,5,1,3,0,0,2,2,2,0,0,0.0,DL,1.0,0,0,2,2,2,0.0,0.0,0.5,0.5,0.3333333333333333,DR,0.0,0.0,0.0,0.16666666666666666,1,dr,dl,ul,0,0,0,0,0
7,4,size7_comp0.6_grid4_base_medium,7,0.6,medium,base,base,7,3,10,4,3,1,1,1,1,0,-1,16,0.0,0.5625,0.5625,0.0,1,0,9,5,7,1,0,5,12,5,0,1,0.0625,DR,0.9910760598382222,0,0,4,5,7,0.0,0.0,0.4444444444444444,0.5555555555555556,0.4375,DR,0.0,0.0,0.0,0.125,1,dr,dl,ul,1,0,0,0,0
8,4,size7_comp0.6_grid4_base_medium,7,0.6,medium,base,base,7,3,10,4,3,1,1,1,0,1,13,32,0.0,0.4375,0.6428571428571429,0.2777777777777778,6,4,11,8,10,4,7,5,21,3,5,7,0.21875,DR,1.456564762130954,4,0,3,8,17,0.26666666666666666,0.0,0.2,0.5333333333333333,0.53125,DR,0.0,0.0,0.0,0.15625,4,dr,dl,ul,1,0,0,0,0
9,4,size7_comp0.6_grid4_base_medium,7,0.6,medium,base,base,7,3,10,4,3,1,1,1,1,0,-1,17,0.0,0.4117647058823529,0.4117647058823529,0.0,3,0,7,3,2,3,2,2,13,2,0,3,0.17647058823529413,DR,0.6500224216483541,0,0,2,10,5,0.0,0.0,0.16666666666666666,0.8333333333333334,0.29411764705882354,DR,0.0,0.0,0.0,0.11764705882352941,1,dr,dl,ul,1,0,0,0,0
0,5,size7_comp0.6_grid5_base_medium,7,0.6,medium,base,base,3,5,8,8,0,1,1,1,0,1,5,32,0.0,0.25,0.5,0.19230769230769232,3,5,13,2,6,5,5,2,25,2,5,10,0.3125,UR,0.7219280948873623,0,4,0,1,27,0.0,0.8,0.0,0.2,0.84375,,0.0,0.0,0.0,0.0,0,ur,dl,midline,1,0,0,0,0
1,5,size7_comp0.6_grid5_base_medium,7,0.6,medium,base,base,3,5,8,8,0,1,1,1,0,1,4,32,0.0,0.09375,0.6,0.0,1,1,17,1,9,2,0,1,28,0,25,16,0.5,UR,-0.0,0,2,0,0,30,0.0,1.0,0.0,0.0,0.9375,,0.0,0.0,0.0,0.0,0,ur,dl,midline,1,0,0,0,0
2,5,size7_comp0.6_grid5_base_medium,7,0.6,medium,base,base,3,5,8,8,0,1,1,1,0,1,5,32,0.0,0.21875,0.5,0.15384615384615385,3,4,11,1,4,2,1,4,25,3,9,8,0.25,DR,0.9456603046006401,0,4,0,7,21,0.0,0.36363636363636365,0.0,0.6363636363636364,0.65625,,0.0,0.0,0.0,0.0,0,ur,dl,midline,0,0,0,0,0
3,5,size7_comp0.6_grid5_base_medium,7,0.6,medium,base,base,3,5,8,8,0,1,1,1,1,1,9,25,0.32,0.44,0.5,0.4,1,4,10,3,4,2,3,3,15,2,6,4,0.16,UR,1.198183947911799,0,9,2,2,12,0.0,0.6923076923076923,0.15384615384615385,0.15384615384615385,0.48,DL,0.0,0.0,0.04,0.0,1,ur,dl,midline,1,0,0,0,0
4,5,size7_comp0.6_grid5_base_medium,7,0.6,medium,base,base,3,5,8,8,0,1,1,1,0,1,2,32,0.0,0.125,1.0,0.034482758620689655,2,2,9,5,4,3,0,3,27,0,23,12,0.375,UR,-0.0,0,2,0,0,30,0.0,1.0,0.0,0.0,0.9375,,0.0,0.0,0.0,0.0,0,ur,dl,midline,1,0,0,0,0
5,5,size7_comp0.6_grid5_base_medium,7,0.6,medium,base,base,3,5,8,8,0,1,1,1,0,1,2,32,0.0,0.09375,1.0,0.0,0,1,15,4,6,1,0,6,28,0,28,17,0.53125,UR,-0.0,0,2,0,0,30,0.0,1.0,0.0,0.0,0.9375,,0.0,0.0,0.0,0.0,0,ur,dl,midline,1,0,0,0,0
6,5,size7_comp0.6_grid5_base_medium,7,0.6,medium,base,base,3,5,8,8,0,1,1,1,0,1,4,32,0.0,0.1875,0.6,0.1111111111111111,0,3,14,2,6,2,1,2,26,0,15,13,0.40625,UR,-0.0,0,2,0,0,30,0.0,1.0,0.0,0.0,0.9375,,0.0,0.0,0.0,0.0,0,ur,dl,midline,1,0,0,0,0
7,5,size7_comp0.6_grid5_base_medium,7,0.6,medium,base,base,3,5,8,8,0,1,1,1,0,1,11,32,0.0,0.15625,0.4166666666666667,0.0,3,3,15,1,4,2,6,2,27,1,13,14,0.4375,UR,-0.0,0,6,0,0,26,0.0,1.0,0.0,0.0,0.8125,,0.0,0.0,0.0,0.0,0,ur,dl,midline,1,0,0,0,0
8,5,size7_comp0.6_grid5_base_medium,7,0.6,medium,base,base,3,5,8,8,0,1,1,1,0,1,2,32,0.0,0.1875,1.0,0.10344827586206896,1,1,9,3,3,1,0,3,28,3,11,4,0.125,UR,-0.0,0,8,0,0,24,0.0,1.0,0.0,0.0,0.75,,0.0,0.0,0.0,0.0,0,ur,dl,midline,1,0,0,0,0
9,5,size7_comp0.6_grid5_base_medium,7,0.6,medium,base,base,3,5,8,8,0,1,1,1,0,1,6,32,0.0,0.125,0.5714285714285714,0.0,1,2,14,1,4,1,1,2,27,1,24,13,0.40625,UR,-0.0,0,6,0,0,26,0.0,1.0,0.0,0.0,0.8125,,0.0,0.0,0.0,0.0,0,ur,dl,midline,1,0,0,0,0
0,6,size7_comp0.6_grid6_base_medium,7,0.6,medium,base,base,5,4,9,3,3,1,1,1,0,1,6,32,0.0,0.21875,0.7142857142857143,0.08,4,5,3,14,11,1,6,1,23,0,0,15,0.46875,DL,0.8865408928220899,7,0,16,0,9,0.30434782608695654,0.0,0.6956521739130435,0.0,0.28125,DL,0.0,0.0,0.03125,0.0,1,midline,dr,dl,0,1,0,0,0
1,6,size7_comp0.6_grid6_base_medium,7,0.6,medium,base,base,5,4,9,3,3,1,1,1,0,1,7,32,0.0,0.15625,0.625,0.0,1,3,4,18,15,2,4,0,25,0,2,20,0.625,DL,-0.0,0,0,25,0,7,0.0,0.0,1.0,0.0,0.21875,DL,0.0,0.0,0.09375,0.0,3,midline,dr,dl,0,1,0,0,0
2,6,size7_comp0.6_grid6_base_medium,7,0.6,medium,base,base,5,4,9,3,3,1,1,1,0,1,7,32,0.0,0.21875,0.75,0.041666666666666664,1,3,5,18,13,1,4,4,25,4,2,17,0.53125,DL,-0.0,0,0,26,0,6,0.0,0.0,1.0,0.0,0.1875,DL,0.0,0.0,0.0625,0.0,1,midline,dr,dl,0,1,0,0,0
3,6,size7_comp0.6_grid6_base_medium,7,0.6,medium,base,base,5,4,9,3,3,1,1,1,1,0,-1,8,0.0,0.375,0.375,0.0,1,3,1,1,1,3,0,0,5,0,0,1,0.125,UL,0.0,0,0,0,0,8,0.0,0.0,0.0,0.0,1.0,,0.0,0.0,0.0,0.0,0,midline,dr,dl,0,0,0,0,0
4,6,size7_comp0.6_grid6_base_medium,7,0.6,medium,base,base,5,4,9,3,3,1,1,1,0,1,7,32,0.0,0.21875,0.75,0.041666666666666664,4,4,4,18,17,4,5,2,22,1,0,18,0.5625,DL,0.8076702057269436,3,1,19,0,9,0.13043478260869565,0.043478260869565216,0.8260869565217391,0.0,0.28125,DL,0.0,0.0,0.03125,0.0,1,midline,dr,dl,0,1,0,0,0
5,6,size7_comp0.6_grid6_base_medium,7,0.6,medium,base,base,5,4,9,3,3,1,1,1,1,0,-1,7,0.0,0.2857142857142857,0.2857142857142857,0.0,0,2,3,1,3,0,1,0,4,0,0,3,0.42857142857142855,UL,0.0,0,0,0,0,7,0.0,0.0,0.0,0.0,1.0,,0.0,0.0,0.0,0.0,0,midline,dr,dl,0,0,0,0,0
6,6,size7_comp0.6_grid6_base_medium,7,0.6,medium,base,base,5,4,9,3,3,1,1,1,1,0,-1,6,0.0,0.3333333333333333,0.3333333333333333,0.0,0,2,3,1,1,1,2,1,3,0,0,3,0.5,UL,0.0,0,0,0,0,6,0.0,0.0,0.0,0.0,1.0,,0.0,0.0,0.0,0.0,0,midline,dr,dl,0,0,0,0,0
7,6,size7_comp0.6_grid6_base_medium,7,0.6,medium,base,base,5,4,9,3,3,1,1,1,0,1,7,32,0.0,0.1875,0.625,0.041666666666666664,4,3,7,13,9,4,5,4,23,1,2,17,0.53125,UL,0.8708644692353644,17,0,7,0,8,0.7083333333333334,0.0,0.2916666666666667,0.0,0.25,DL,0.0,0.0,0.0625,0.0,1,midline,dr,dl,0,0,0,0,0
8,6,size7_comp0.6_grid6_base_medium,7,0.6,medium,base,base,5,4,9,3,3,1,1,1,0,1,8,32,0.0,0.15625,0.5555555555555556,0.0,3,3,8,11,10,4,3,1,23,0,0,17,0.53125,DL,0.8366407419411672,4,0,11,0,17,0.26666666666666666,0.0,0.7333333333333333,0.0,0.53125,DL,0.0,0.0,0.03125,0.0,1,midline,dr,dl,0,1,0,0,0
9,6,size7_comp0.6_grid6_base_medium,7,0.6,medium,base,base,5,4,9,3,3,1,1,1,0,1,4,32,0.0,0.15625,1.0,0.0,1,3,2,20,18,0,2,0,25,0,0,20,0.625,DL,-0.0,0,0,28,0,4,0.0,0.0,1.0,0.0,0.125,DL,0.0,0.0,0.03125,0.0,1,midline,dr,dl,0,1,0,0,0
0,7,size7_comp0.6_grid7_base_medium,7,0.6,medium,base,base,11,7,18,4,7,1,1,1,0,0,-1,32,0.0,0.40625,0.40625,0.0,5,3,9,12,7,4,5,9,24,6,0,4,0.125,DR,0.9819407868640977,0,0,8,11,13,0.0,0.0,0.42105263157894735,0.5789473684210527,0.40625,,0.0,0.0,0.0,0.0,0,dl,ul,midline,0,0,0,0,0
1,7,size7_comp0.6_grid7_base_medium,7,0.6,medium,base,base,11,7,18,4,7,1,1,1,1,0,-1,28,0.0,0.5,0.5,0.0,6,3,9,7,8,8,3,3,18,3,0,1,0.03571428571428571,DL,0.4854607607459134,0,0,17,2,9,0.0,0.0,0.8947368421052632,0.10526315789473684,0.32142857142857145,DL,0.0,0.0,0.03571428571428571,0.0,1,dl,ul,midline,1,0,0,0,0
2,7,size7_comp0.6_grid7_base_medium,7,0.6,medium,base,base,11,7,18,4,7,1,1,1,1,0,-1,5,0.0,0.8,0.8,0.0,3,0,1,0,1,1,0,0,1,0,0,0,0.0,DL,-0.0,0,0,4,0,1,0.0,0.0,1.0,0.0,0.2,,0.0,0.0,0.0,0.0,0,dl,ul,midline,1,0,0,0,0
3,7,size7_comp0.6_grid7_base_medium,7,0.6,medium,base,base,11,7,18,4,7,1,1,1,1,0,-1,19,0.0,0.3157894736842105,0.3157894736842105,0.0,5,2,2,6,7,1,2,2,15,1,0,7,0.3684210526315789,DL,-0.0,0,0,6,0,13,0.0,0.0,1.0,0.0,0.6842105263157895,DL,0.0,0.0,0.10526315789473684,0.0,1,dl,ul,midline,1,0,0,0,0
4,7,size7_comp0.6_grid7_base_medium,7,0.6,medium,base,base,11,7,18,4,7,1,1,1,1,0,-1,30,0.0,0.43333333333333335,0.43333333333333335,0.0,9,5,8,5,5,6,6,6,21,5,0,5,0.16666666666666666,DL,0.9910760598382222,0,0,5,4,21,0.0,0.0,0.5555555555555556,0.4444444444444444,0.7,,0.0,0.0,0.0,0.0,0,dl,ul,midline,1,0,0,0,0
5,7,size7_comp0.6_grid7_base_medium,7,0.6,medium,base,base,11,7,18,4,7,1,1,1,1,0,-1,19,0.0,0.42105263157894735,0.42105263157894735,0.0,5,2,6,2,4,4,2,1,12,1,0,3,0.15789473684210525,DL,-0.0,0,0,7,0,12,0.0,0.0,1.0,0.0,0.631578947368421,DL,0.0,0.0,0.05263157894736842,0.0,1,dl,ul,midline,1,0,0,0,0
6,7,size7_comp0.6_grid7_base_medium,7,0.6,medium,base,base,11,7,18,4,7,1,1,1,1,0,-1,5,0.0,0.8,0.8,0.0,3,0,1,0,0,1,1,0,1,0,0,0,0.0,DL,-0.0,0,0,3,0,2,0.0,0.0,1.0,0.0,0.4,,0.0,0.0,0.0,0.0,0,dl,ul,midline,1,0,0,0,0
7,7,size7_comp0.6_grid7_base_medium,7,0.6,medium,base,base,11,7,18,4,7,1,1,1,1,0,-1,7,0.0,0.7142857142857143,0.7142857142857143,0.0,3,0,2,1,1,1,1,2,3,2,0,0,0.0,DL,-0.0,0,0,6,0,1,0.0,0.0,1.0,0.0,0.14285714285714285,,0.0,0.0,0.0,0.0,0,dl,ul,midline,1,0,0,0,0
8,7,size7_comp0.6_grid7_base_medium,7,0.6,medium,base,base,11,7,18,4,7,1,1,1,1,0,-1,15,0.0,0.5333333333333333,0.5333333333333333,0.0,4,1,5,4,1,3,1,7,9,6,0,2,0.13333333333333333,DL,-0.0,0,0,8,0,7,0.0,0.0,1.0,0.0,0.4666666666666667,,0.0,0.0,0.0,0.0,0,dl,ul,midline,1,0,0,0,0
9,7,size7_comp0.6_grid7_base_medium,7,0.6,medium,base,base,11,7,18,4,7,1,1,1,0,0,-1,32,0.0,0.375,0.375,0.0,5,3,9,10,7,6,3,5,24,5,0,3,0.09375,DL,0.24988229283318544,0,0,23,1,8,0.0,0.0,0.9583333333333334,0.041666666666666664,0.25,DL,0.0,0.0,0.0625,0.0,2,dl,ul,midline,1,0,0,0,0
0,8,size7_comp0.6_grid8_base_medium,7,0.6,medium,base,base,9,3,12,6,3,1,1,1,1,0,-1,26,0.0,0.5384615384615384,0.5384615384615384,0.0,7,2,7,8,7,5,5,4,15,4,0,2,0.07692307692307693,UL,1.0,7,0,7,0,12,0.5,0.0,0.5,0.0,0.46153846153846156,DL,0.0,0.0,0.07692307692307693,0.0,2,dl,ul,ur,0,0,0,0,0
1,8,size7_comp0.6_grid8_base_medium,7,0.6,medium,base,base,9,3,12,6,3,1,1,1,1,1,16,21,0.5714285714285714,0.6666666666666666,0.6470588235294118,0.75,7,2,5,5,5,5,3,3,10,2,1,3,0.14285714285714285,DL,0.9709505944546686,0,4,6,0,11,0.0,0.4,0.6,0.0,0.5238095238095238,DL,0.0,0.047619047619047616,0.09523809523809523,0.0,2,dl,ul,ur,1,0,0,0,0
2,8,size7_comp0.6_grid8_base_medium,7,0.6,medium,base,base,9,3,12,6,3,1,1,1,1,1,14,32,0.375,0.46875,0.7333333333333333,0.23529411764705882,7,2,6,7,6,5,3,6,22,5,5,4,0.125,UR,0.7732266742876346,0,17,5,0,10,0.0,0.7727272727272727,0.22727272727272727,0.0,0.3125,UR,0.0,0.125,0.0625,0.0,3,dl,ul,ur,0,1,0,0,0
3,8,size7_comp0.6_grid8_base_medium,7,0.6,medium,base,base,9,3,12,6,3,1,1,1,1,0,-1,21,0.0,0.5238095238095238,0.5238095238095238,0.0,8,3,5,4,2,5,4,7,12,6,0,4,0.19047619047619047,DL,0.5435644431995964,2,0,14,0,5,0.125,0.0,0.875,0.0,0.23809523809523808,DL,0.0,0.0,0.14285714285714285,0.0,1,dl,ul,ur,1,0,0,0,0
4,8,size7_comp0.6_grid8_base_medium,7,0.6,medium,base,base,9,3,12,6,3,1,1,1,0,0,-1,32,0.0,0.5625,0.5625,0.0,9,2,9,11,3,8,9,9,21,9,0,3,0.09375,DL,0.964078764808229,7,0,11,0,14,0.3888888888888889,0.0,0.6111111111111112,0.0,0.4375,DL,0.0,0.0,0.09375,0.0,1,dl,ul,ur,1,0,0,0,0
5,8,size7_comp0.6_grid8_base_medium,7,0.6,medium,base,base,9,3,12,6,3,1,1,1,0,0,-1,32,0.0,0.5625,0.5625,0.0,7,1,11,12,5,6,6,12,21,12,0,3,0.09375,DL,0.9940302114769565,10,0,12,0,10,0.45454545454545453,0.0,0.5454545454545454,0.0,0.3125,DL,0.0,0.0,0.125,0.0,1,dl,ul,ur,1,0,0,0,0
6,8,size7_comp0.6_grid8_base_medium,7,0.6,medium,base,base,9,3,12,6,3,1,1,1,1,1,11,20,0.6,0.65,0.8333333333333334,0.375,6,0,5,5,4,4,4,1,9,1,2,2,0.1,UR,1.2389012566026305,1,8,4,0,7,0.07692307692307693,0.6153846153846154,0.3076923076923077,0.0,0.35,UR,0.0,0.1,0.05,0.0,2,dl,ul,ur,0,1,0,0,0
7,8,size7_comp0.6_grid8_base_medium,7,0.6,medium,base,base,9,3,12,6,3,1,1,1,1,1,15,25,0.48,0.6,0.75,0.3333333333333333,4,0,7,9,4,4,4,5,14,5,3,2,0.08,UR,1.2987949406953985,2,10,4,0,9,0.125,0.625,0.25,0.0,0.36,UR,0.0,0.12,0.04,0.0,3,dl,ul,ur,0,1,0,0,0
8,8,size7_comp0.6_grid8_base_medium,7,0.6,medium,base,base,9,3,12,6,3,1,1,1,1,1,11,16,0.75,0.8125,0.8333333333333334,0.75,5,1,4,5,5,1,5,2,6,2,1,1,0.0625,DL,1.4591479170272448,2,4,6,0,4,0.16666666666666666,0.3333333333333333,0.5,0.0,0.25,DL,0.0,0.0625,0.125,0.0,1,dl,ul,ur,1,0,0,0,0
9,8,size7_comp0.6_grid8_base_medium,7,0.6,medium,base,base,9,3,12,6,3,1,1,1,1,0,-1,7,0.0,0.8571428571428571,0.8571428571428571,0.0,4,1,1,1,3,1,1,1,1,0,0,1,0.14285714285714285,DL,0.9182958340544896,2,0,4,0,1,0.3333333333333333,0.0,0.6666666666666666,0.0,0.14285714285714285,DL,0.14285714285714285,0.0,0.2857142857142857,0.0,2,dl,ul,ur,1,0,0,0,0
0,9,size7_comp0.6_grid9_base_medium,7,0.6,medium,base,base,3,6,9,7,3,1,1,1,0,1,7,32,0.0,0.21875,0.5,0.125,4,0,5,7,5,2,1,2,24,1,2,6,0.1875,UL,0.9967916319816366,8,0,7,0,17,0.5333333333333333,0.0,0.4666666666666667,0.0,0.53125,DL,0.0,0.0,0.03125,0.0,1,dl,ur,ul,0,1,0,0,0
1,9,size7_comp0.6_grid9_base_medium,7,0.6,medium,base,base,3,6,9,7,3,1,1,1,0,1,4,32,0.0,0.15625,0.6,0.07407407407407407,3,0,1,6,2,1,1,0,26,0,0,4,0.125,UL,0.7219280948873623,8,0,2,0,22,0.8,0.0,0.2,0.0,0.6875,DL,0.0,0.0,0.03125,0.0,1,dl,ur,ul,0,1,0,0,0
2,9,size7_comp0.6_grid9_base_medium,7,0.6,medium,base,base,3,6,9,7,3,1,1,1,0,1,3,32,0.0,0.25,0.75,0.17857142857142858,3,1,3,7,2,1,2,0,26,0,7,3,0.09375,UL,0.4394969869215134,20,0,2,0,10,0.9090909090909091,0.0,0.09090909090909091,0.0,0.3125,DL,0.0,0.0,0.03125,0.0,1,dl,ur,ul,0,1,0,0,0
3,9,size7_comp0.6_grid9_base_medium,7,0.6,medium,base,base,3,6,9,7,3,1,1,1,0,1,5,32,0.0,0.21875,0.6666666666666666,0.11538461538461539,4,1,1,10,7,0,0,2,26,2,6,7,0.21875,UL,0.7871265862012691,13,0,4,0,15,0.7647058823529411,0.0,0.23529411764705882,0.0,0.46875,DL,0.0,0.0,0.0625,0.0,2,dl,ur,ul,0,1,0,0,0
4,9,size7_comp0.6_grid9_base_medium,7,0.6,medium,base,base,3,6,9,7,3,1,1,1,0,1,3,32,0.0,0.15625,0.75,0.07142857142857142,3,0,1,6,2,1,1,0,26,0,2,5,0.15625,UL,0.9852281360342515,4,0,3,0,25,0.5714285714285714,0.0,0.42857142857142855,0.0,0.78125,DL,0.0,0.0,0.03125,0.0,1,dl,ur,ul,0,1,0,0,0
5,9,size7_comp0.6_grid9_base_medium,7,0.6,medium,base,base,3,6,9,7,3,1,1,1,0,1,2,32,0.0,0.21875,1.0,0.13793103448275862,3,0,2,7,4,0,0,0,26,0,6,3,0.09375,UL,0.4854607607459134,17,0,2,0,13,0.8947368421052632,0.0,0.10526315789473684,0.0,0.40625,DL,0.0,0.0,0.03125,0.0,1,dl,ur,ul,0,1,0,0,0
6,9,size7_comp0.6_grid9_base_medium,7,0.6,medium,base,base,3,6,9,7,3,1,1,1,0,1,3,32,0.0,0.25,0.75,0.17857142857142858,3,1,3,9,3,1,1,1,26,0,0,5,0.15625,UL,0.74959525725948,11,0,3,0,18,0.7857142857142857,0.0,0.21428571428571427,0.0,0.5625,DL,0.0,0.0,0.0625,0.0,2,dl,ur,ul,0,1,0,0,0
7,9,size7_comp0.6_grid9_base_medium,7,0.6,medium,base,base,3,6,9,7,3,1,1,1,0,1,8,32,0.0,0.25,0.5555555555555556,0.13043478260869565,4,3,4,9,4,4,1,6,25,4,2,8,0.25,UL,0.9852281360342515,8,0,6,0,18,0.5714285714285714,0.0,0.42857142857142855,0.0,0.5625,DL,0.0,0.0,0.09375,0.0,2,dl,ur,ul,0,1,0,0,0
8,9,size7_comp0.6_grid9_base_medium,7,0.6,medium,base,base,3,6,9,7,3,1,1,1,0,1,4,32,0.0,0.25,0.6,0.18518518518518517,3,0,5,10,6,1,2,3,26,2,0,7,0.21875,UL,0.4854607607459134,17,0,2,0,13,0.8947368421052632,0.0,0.10526315789473684,0.0,0.40625,DL,0.0,0.0,0.03125,0.0,1,dl,ur,ul,0,1,0,0,0
9,9,size7_comp0.6_grid9_base_medium,7,0.6,medium,base,base,3,6,9,7,3,1,1,1,0,1,3,32,0.0,0.1875,0.75,0.10714285714285714,4,1,2,10,4,3,1,1,26,1,3,9,0.28125,UL,0.6500224216483541,10,0,2,0,20,0.8333333333333334,0.0,0.16666666666666666,0.0,0.625,DL,0.0,0.0,0.03125,0.0,1,dl,ur,ul,0,1,0,0,0
0,0,size9_comp0.0_grid0_base_medium,9,0.0,medium,base,base,4,5,9,9,0,1,1,1,1,1,3,10,0.9,0.9,1.0,0.8333333333333334,4,0,5,0,7,0,0,0,1,0,1,0,0.0,UR,1.4056390622295665,1,4,0,3,2,0.125,0.5,0.0,0.375,0.2,DR,0.0,0.0,0.0,0.2,2,dr,ul,ur,0,1,0,0,0
1,0,size9_comp0.0_grid0_base_medium,9,0.0,medium,base,base,4,5,9,9,0,1,1,1,1,1,12,20,0.45,0.65,0.6153846153846154,0.7142857142857143,6,2,7,5,6,4,3,6,9,5,2,3,0.15,DR,1.198192411043098,1,5,0,10,4,0.0625,0.3125,0.0,0.625,0.2,DR,0.0,0.0,0.0,0.15,3,dr,ul,ur,1,0,0,0,0
2,0,size9_comp0.0_grid0_base_medium,9,0.0,medium,base,base,4,5,9,9,0,1,1,1,1,0,-1,9,0.0,0.4444444444444444,0.4444444444444444,0.0,4,0,5,0,5,2,1,0,0,0,0,0,0.0,DR,0.6500224216483541,1,0,0,5,3,0.16666666666666666,0.0,0.0,0.8333333333333334,0.3333333333333333,DR,0.0,0.0,0.0,0.2222222222222222,2,dr,ul,ur,1,0,0,0,0
3,0,size9_comp0.0_grid0_base_medium,9,0.0,medium,base,base,4,5,9,9,0,1,1,1,1,0,-1,12,0.0,0.4166666666666667,0.4166666666666667,0.0,4,0,6,2,5,1,2,3,3,2,0,1,0.08333333333333333,DR,1.1567796494470395,1,2,0,7,2,0.1,0.2,0.0,0.7,0.16666666666666666,DR,0.0,0.0,0.0,0.5,6,dr,ul,ur,1,0,0,0,0
4,0,size9_comp0.0_grid0_base_medium,9,0.0,medium,base,base,4,5,9,9,0,1,1,1,1,0,-1,17,0.0,0.47058823529411764,0.47058823529411764,0.0,4,0,9,4,4,3,3,6,6,6,0,0,0.0,DR,0.7345299214394703,1,1,0,12,3,0.07142857142857142,0.07142857142857142,0.0,0.8571428571428571,0.17647058823529413,DR,0.0,0.0,0.0,0.5294117647058824,9,dr,ul,ur,1,0,0,0,0
5,0,size9_comp0.0_grid0_base_medium,9,0.0,medium,base,base,4,5,9,9,0,1,1,1,1,0,-1,25,0.0,0.48,0.48,0.0,9,5,8,3,5,4,7,8,13,8,0,0,0.0,DR,1.0957952550009336,1,0,2,8,14,0.09090909090909091,0.0,0.18181818181818182,0.7272727272727273,0.56,DR,0.0,0.0,0.0,0.2,5,dr,ul,ur,1,0,0,0,0
6,0,size9_comp0.0_grid0_base_medium,9,0.0,medium,base,base,4,5,9,9,0,1,1,1,1,1,6,13,0.6923076923076923,0.7692307692307693,0.7142857142857143,0.8333333333333334,4,0,6,2,5,2,2,1,2,0,0,1,0.07692307692307693,DR,1.3221793455166666,1,4,0,6,2,0.09090909090909091,0.36363636363636365,0.0,0.5454545454545454,0.15384615384615385,DR,0.0,0.0,0.0,0.38461538461538464,5,dr,ul,ur,1,0,0,0,0
7,0,size9_comp0.0_grid0_base_medium,9,0.0,medium,base,base,4,5,9,9,0,1,1,1,1,0,-1,11,0.0,0.45454545454545453,0.45454545454545453,0.0,4,0,6,1,4,4,1,1,1,1,0,0,0.0,DR,1.1488348542809166,1,1,0,5,4,0.14285714285714285,0.14285714285714285,0.0,0.7142857142857143,0.36363636363636365,DR,0.0,0.0,0.0,0.36363636363636365,4,dr,ul,ur,1,0,0,0,0
8,0,size9_comp0.0_grid0_base_medium,9,0.0,medium,base,base,4,5,9,9,0,1,1,1,1,0,-1,18,0.0,0.3888888888888889,0.3888888888888889,0.0,5,1,7,5,5,7,3,2,5,2,0,3,0.16666666666666666,DR,0.41381685030363374,1,0,0,11,6,0.08333333333333333,0.0,0.0,0.9166666666666666,0.3333333333333333,DR,0.0,0.0,0.0,0.3333333333333333,6,dr,ul,ur,1,0,0,0,0
9,0,size9_comp0.0_grid0_base_medium,9,0.0,medium,base,base,4,5,9,9,0,1,1,1,1,1,24,35,0.2571428571428571,0.6,0.56,0.7,5,1,16,11,9,7,3,11,17,11,0,0,0.0,UR,1.6774212838293647,1,7,2,6,19,0.0625,0.4375,0.125,0.375,0.5428571428571428,DR,0.0,0.0,0.0,0.08571428571428572,3,dr,ul,ur,0,1,0,0,0
0,1,size9_comp0.0_grid1_base_medium,9,0.0,medium,base,base,7,6,13,3,5,1,1,1,1,0,-1,3,0.0,0.6666666666666666,0.6666666666666666,0.0,2,0,1,0,1,1,0,0,0,0,0,0,0.0,DR,-0.0,0,0,0,3,0,0.0,0.0,0.0,1.0,0.0,DR,0.0,0.0,0.0,0.6666666666666666,2,dr,dr,ur,1,0,0,0,0
1,1,size9_comp0.0_grid1_base_medium,9,0.0,medium,base,base,7,6,13,3,5,1,1,1,1,0,-1,3,0.0,0.6666666666666666,0.6666666666666666,0.0,2,0,1,0,0,1,1,0,0,0,0,0,0.0,DR,-0.0,0,0,0,3,0,0.0,0.0,0.0,1.0,0.0,DR,0.0,0.0,0.0,0.6666666666666666,2,dr,dr,ur,1,0,0,0,0
2,1,size9_comp0.0_grid1_base_medium,9,0.0,medium,base,base,7,6,13,3,5,1,1,1,1,0,-1,6,0.0,0.5,0.5,0.0,2,1,2,1,2,1,1,1,1,0,0,1,0.16666666666666666,DR,-0.0,0,0,0,2,4,0.0,0.0,0.0,1.0,0.6666666666666666,DR,0.0,0.0,0.0,0.16666666666666666,1,dr,dr,ur,1,0,0,0,0
3,1,size9_comp0.0_grid1_base_medium,9,0.0,medium,base,base,7,6,13,3,5,1,1,1,1,0,-1,3,0.0,0.6666666666666666,0.6666666666666666,0.0,2,0,1,0,1,0,1,0,0,0,0,0,0.0,DR,-0.0,0,0,0,3,0,0.0,0.0,0.0,1.0,0.0,DR,0.0,0.0,0.0,0.3333333333333333,1,dr,dr,ur,1,0,0,0,0
4,1,size9_comp0.0_grid1_base_medium,9,0.0,medium,base,base,7,6,13,3,5,1,1,1,1,0,-1,3,0.0,0.6666666666666666,0.6666666666666666,0.0,2,0,1,0,1,1,0,0,0,0,0,0,0.0,DR,-0.0,0,0,0,3,0,0.0,0.0,0.0,1.0,0.0,DR,0.0,0.0,0.0,0.6666666666666666,2,dr,dr,ur,1,0,0,0,0
5,1,size9_comp0.0_grid1_base_medium,9,0.0,medium,base,base,7,6,13,3,5,1,1,1,1,0,-1,3,0.0,0.6666666666666666,0.6666666666666666,0.0,2,0,1,0,1,0,1,0,0,0,0,0,0.0,DR,-0.0,0,0,0,3,0,0.0,0.0,0.0,1.0,0.0,DR,0.0,0.0,0.0,0.3333333333333333,1,dr,dr,ur,1,0,0,0,0
6,1,size9_comp0.0_grid1_base_medium,9,0.0,medium,base,base,7,6,13,3,5,1,1,1,1,0,-1,3,0.0,0.6666666666666666,0.6666666666666666,0.0,2,0,1,0,1,1,0,0,0,0,0,0,0.0,DR,-0.0,0,0,0,3,0,0.0,0.0,0.0,1.0,0.0,DR,0.0,0.0,0.0,0.6666666666666666,2,dr,dr,ur,1,0,0,0,0
7,1,size9_comp0.0_grid1_base_medium,9,0.0,medium,base,base,7,6,13,3,5,1,1,1,1,0,-1,3,0.0,0.6666666666666666,0.6666666666666666,0.0,2,0,1,0,0,1,1,0,0,0,0,0,0.0,DR,-0.0,0,0,0,3,0,0.0,0.0,0.0,1.0,0.0,DR,0.0,0.0,0.0,0.6666666666666666,2,dr,dr,ur,1,0,0,0,0
8,1,size9_comp0.0_grid1_base_medium,9,0.0,medium,base,base,7,6,13,3,5,1,1,1,1,0,-1,18,0.0,0.5,0.5,0.0,4,2,6,5,5,3,4,3,4,3,0,0,0.0,DL,0.8112781244591328,0,0,12,4,2,0.0,0.0,0.75,0.25,0.1111111111111111,DL,0.0,0.0,0.2222222222222222,0.05555555555555555,4,dr,dr,ur,0,0,0,0,0
9,1,size9_comp0.0_grid1_base_medium,9,0.0,medium,base,base,7,6,13,3,5,1,1,1,1,0,-1,3,0.0,0.6666666666666666,0.6666666666666666,0.0,2,0,1,0,0,1,1,0,0,0,0,0,0.0,DR,-0.0,0,0,0,3,0,0.0,0.0,0.0,1.0,0.0,DR,0.0,0.0,0.0,0.6666666666666666,2,dr,dr,ur,1,0,0,0,0
0,2,size9_comp0.0_grid2_base_medium,9,0.0,medium,base,base,5,6,11,3,4,1,1,1,1,0,-1,9,0.0,0.4444444444444444,0.4444444444444444,0.0,0,0,3,6,4,0,0,4,5,4,0,0,0.0,UL,0.6500224216483541,5,1,0,0,3,0.8333333333333334,0.16666666666666666,0.0,0.0,0.3333333333333333,UL,0.1111111111111111,0.0,0.0,0.0,1,ul,ur,midline,1,0,0,0,0
1,2,size9_comp0.0_grid2_base_medium,9,0.0,medium,base,base,5,6,11,3,4,1,1,1,1,0,-1,13,0.0,0.46153846153846156,0.46153846153846156,0.0,0,0,5,8,4,0,0,8,10,8,0,0,0.0,UL,0.863120568566631,5,2,0,0,6,0.7142857142857143,0.2857142857142857,0.0,0.0,0.46153846153846156,,0.0,0.0,0.0,0.0,0,ul,ur,midline,1,0,0,0,0
2,2,size9_comp0.0_grid2_base_medium,9,0.0,medium,base,base,5,6,11,3,4,1,1,1,1,0,-1,7,0.0,0.42857142857142855,0.42857142857142855,0.0,0,0,2,5,2,0,0,4,4,4,0,0,0.0,UL,0.8112781244591328,3,1,0,0,3,0.75,0.25,0.0,0.0,0.42857142857142855,,0.0,0.0,0.0,0.0,0,ul,ur,midline,1,0,0,0,0
3,2,size9_comp0.0_grid2_base_medium,9,0.0,medium,base,base,5,6,11,3,4,1,1,1,1,0,-1,5,0.0,0.4,0.4,0.0,0,0,1,4,2,0,0,2,2,2,0,0,0.0,UL,0.9182958340544896,2,1,0,0,2,0.6666666666666666,0.3333333333333333,0.0,0.0,0.4,,0.0,0.0,0.0,0.0,0,ul,ur,midline,1,0,0,0,0
4,2,size9_comp0.0_grid2_base_medium,9,0.0,medium,base,base,5,6,11,3,4,1,1,1,1,0,-1,7,0.0,0.42857142857142855,0.42857142857142855,0.0,0,0,2,5,2,0,0,4,4,4,0,0,0.0,UL,0.8112781244591328,3,1,0,0,3,0.75,0.25,0.0,0.0,0.42857142857142855,,0.0,0.0,0.0,0.0,0,ul,ur,midline,1,0,0,0,0
5,2,size9_comp0.0_grid2_base_medium,9,0.0,medium,base,base,5,6,11,3,4,1,1,1,0,1,18,48,0.0,0.5416666666666666,0.631578947368421,0.4827586206896552,5,7,14,17,11,5,10,11,26,10,2,0,0.0,UL,1.4415964871265925,19,5,3,2,19,0.6551724137931034,0.1724137931034483,0.10344827586206896,0.06896551724137931,0.3958333333333333,UL,0.14583333333333334,0.0,0.0,0.0,5,ul,ur,midline,1,0,0,0,0
6,2,size9_comp0.0_grid2_base_medium,9,0.0,medium,base,base,5,6,11,3,4,1,1,1,1,0,-1,13,0.0,0.46153846153846156,0.46153846153846156,0.0,0,0,5,8,4,0,0,8,10,8,0,0,0.0,UL,0.863120568566631,5,2,0,0,6,0.7142857142857143,0.2857142857142857,0.0,0.0,0.46153846153846156,,0.0,0.0,0.0,0.0,0,ul,ur,midline,1,0,0,0,0
7,2,size9_comp0.0_grid2_base_medium,9,0.0,medium,base,base,5,6,11,3,4,1,1,1,1,0,-1,11,0.0,0.45454545454545453,0.45454545454545453,0.0,0,0,4,7,4,0,0,6,8,6,0,0,0.0,UR,0.9182958340544896,2,4,0,0,5,0.3333333333333333,0.6666666666666666,0.0,0.0,0.45454545454545453,,0.0,0.0,0.0,0.0,0,ul,ur,midline,0,0,0,0,0
8,2,size9_comp0.0_grid2_base_medium,9,0.0,medium,base,base,5,6,11,3,4,1,1,1,1,0,-1,23,0.0,0.4782608695652174,0.4782608695652174,0.0,0,0,10,13,6,0,0,16,20,16,0,0,0.0,UL,0.9182958340544896,8,4,0,0,11,0.6666666666666666,0.3333333333333333,0.0,0.0,0.4782608695652174,,0.0,0.0,0.0,0.0,0,ul,ur,midline,1,0,0,0,0
9,2,size9_comp0.0_grid2_base_medium,9,0.0,medium,base,base,5,6,11,3,4,1,1,1,1,0,-1,3,0.0,0.3333333333333333,0.3333333333333333,0.0,0,0,0,3,2,0,0,0,0,0,0,0,0.0,UL,1.0,1,1,0,0,1,0.5,0.5,0.0,0.0,0.3333333333333333,,0.0,0.0,0.0,0.0,0,ul,ur,midline,1,0,0,0,0
0,3,size9_comp0.0_grid3_base_medium,9,0.0,medium,base,base,4,5,9,5,2,1,1,1,0,1,19,48,0.0,0.5,0.6,0.42857142857142855,4,2,21,18,13,6,5,17,29,17,5,0,0.0,UL,1.3921472236645345,16,16,0,4,12,0.4444444444444444,0.4444444444444444,0.0,0.1111111111111111,0.25,UL,0.0625,0.020833333333333332,0.0,0.0,1,midline,dl,ul,0,1,0,0,0
1,3,size9_comp0.0_grid3_base_medium,9,0.0,medium,base,base,4,5,9,5,2,1,1,1,0,1,9,48,0.0,0.4791666666666667,0.7,0.42105263157894735,3,2,19,18,12,6,3,16,32,15,2,0,0.0,UL,0.9709505944546686,15,10,0,0,23,0.6,0.4,0.0,0.0,0.4791666666666667,UL,0.041666666666666664,0.0,0.0,0.0,1,midline,dl,ul,0,1,0,0,0
2,3,size9_comp0.0_grid3_base_medium,9,0.0,medium,base,base,4,5,9,5,2,1,1,1,0,1,13,48,0.0,0.4791666666666667,0.5714285714285714,0.4411764705882353,4,2,19,19,14,7,2,16,31,16,1,0,0.0,UL,1.1628720819225884,17,15,0,1,15,0.5151515151515151,0.45454545454545453,0.0,0.030303030303030304,0.3125,UL,0.10416666666666667,0.041666666666666664,0.0,0.0,1,midline,dl,ul,0,1,0,0,0
3,3,size9_comp0.0_grid3_base_medium,9,0.0,medium,base,base,4,5,9,5,2,1,1,1,0,1,11,48,0.0,0.5,0.6666666666666666,0.4444444444444444,8,5,17,15,8,8,7,18,30,18,10,0,0.0,UL,1.0446815792293607,31,2,6,1,8,0.775,0.05,0.15,0.025,0.16666666666666666,UL,0.16666666666666666,0.0,0.0625,0.0,3,midline,dl,ul,0,1,0,0,0
4,3,size9_comp0.0_grid3_base_medium,9,0.0,medium,base,base,4,5,9,5,2,1,1,1,0,1,4,48,0.0,0.4375,0.8,0.3953488372093023,3,2,17,17,14,2,0,13,37,13,9,0,0.0,UL,0.4021791902022728,23,2,0,0,23,0.92,0.08,0.0,0.0,0.4791666666666667,UL,0.0625,0.0,0.0,0.0,2,midline,dl,ul,0,1,0,0,0
5,3,size9_comp0.0_grid3_base_medium,9,0.0,medium,base,base,4,5,9,5,2,1,1,1,0,1,7,48,0.0,0.4583333333333333,0.75,0.4,3,1,19,17,9,2,5,19,38,19,6,0,0.0,UL,0.18717625687320816,34,1,0,0,13,0.9714285714285714,0.02857142857142857,0.0,0.0,0.2708333333333333,UL,0.1875,0.0,0.0,0.0,5,midline,dl,ul,0,1,0,0,0
6,3,size9_comp0.0_grid3_base_medium,9,0.0,medium,base,base,4,5,9,5,2,1,1,1,1,0,-1,30,0.0,0.4666666666666667,0.4666666666666667,0.0,1,4,14,11,3,2,8,16,20,15,0,1,0.03333333333333333,DL,-0.0,0,0,21,0,9,0.0,0.0,1.0,0.0,0.3,DL,0.0,0.0,0.4,0.0,10,midline,dl,ul,0,0,0,0,0
7,3,size9_comp0.0_grid3_base_medium,9,0.0,medium,base,base,4,5,9,5,2,1,1,1,0,1,14,48,0.0,0.4583333333333333,0.6,0.3939393939393939,4,2,18,17,12,6,4,12,31,12,6,0,0.0,UL,0.6609623351442084,29,6,0,0,13,0.8285714285714286,0.17142857142857143,0.0,0.0,0.2708333333333333,UL,0.10416666666666667,0.0,0.0,0.0,3,midline,dl,ul,0,1,0,0,0
8,3,size9_comp0.0_grid3_base_medium,9,0.0,medium,base,base,4,5,9,5,2,1,1,1,0,1,4,48,0.0,0.4375,0.8,0.3953488372093023,4,2,17,16,8,6,3,13,38,13,11,0,0.0,UL,0.31599713297842463,33,2,0,0,13,0.9428571428571428,0.05714285714285714,0.0,0.0,0.2708333333333333,UL,0.10416666666666667,0.0,0.0,0.0,1,midline,dl,ul,0,1,0,0,0
9,3,size9_comp0.0_grid3_base_medium,9,0.0,medium,base,base,4,5,9,5,2,1,1,1,0,1,7,48,0.0,0.4583333333333333,0.75,0.4,4,1,19,21,15,4,6,16,31,15,3,2,0.041666666666666664,UR,0.9886994082884974,14,18,0,0,16,0.4375,0.5625,0.0,0.0,0.3333333333333333,UR,0.0625,0.16666666666666666,0.0,0.0,8,midline,dl,ul,0,0,0,0,0
0,4,size9_comp0.0_grid4_base_medium,9,0.0,medium,base,base,6,8,14,8,3,1,1,1,0,0,-1,48,0.0,0.4583333333333333,0.4583333333333333,0.0,2,5,20,21,19,5,3,20,35,19,0,1,0.020833333333333332,UR,1.1915380699133888,5,26,2,2,13,0.14285714285714285,0.7428571428571429,0.05714285714285714,0.05714285714285714,0.2708333333333333,UR,0.020833333333333332,0.14583333333333334,0.0,0.0,6,ul,dr,ur,0,1,0,0,0
1,4,size9_comp0.0_grid4_base_medium,9,0.0,medium,base,base,6,8,14,8,3,1,1,1,0,1,15,48,0.0,0.5208333333333334,0.6875,0.4375,4,3,16,22,13,8,6,15,34,14,12,3,0.0625,UR,0.5266170655714281,5,37,0,0,6,0.11904761904761904,0.8809523809523809,0.0,0.0,0.125,UR,0.0625,0.5625,0.0,0.0,19,ul,dr,ur,0,1,0,0,0
2,4,size9_comp0.0_grid4_base_medium,9,0.0,medium,base,base,6,8,14,8,3,1,1,1,0,1,27,48,0.0,0.5625,0.6071428571428571,0.5,5,6,15,20,13,7,6,18,29,17,1,1,0.020833333333333332,UR,1.2534328021013377,4,21,7,0,16,0.125,0.65625,0.21875,0.0,0.3333333333333333,UR,0.020833333333333332,0.22916666666666666,0.0,0.0,10,ul,dr,ur,0,1,0,0,0
3,4,size9_comp0.0_grid4_base_medium,9,0.0,medium,base,base,6,8,14,8,3,1,1,1,0,1,17,48,0.0,0.5416666666666666,0.6666666666666666,0.4666666666666667,4,3,17,22,9,11,2,21,35,21,14,1,0.020833333333333332,UR,0.26676498780302604,2,42,0,0,4,0.045454545454545456,0.9545454545454546,0.0,0.0,0.08333333333333333,UR,0.020833333333333332,0.6666666666666666,0.0,0.0,17,ul,dr,ur,0,1,0,0,0
4,4,size9_comp0.0_grid4_base_medium,9,0.0,medium,base,base,6,8,14,8,3,1,1,1,0,0,-1,48,0.0,0.4791666666666667,0.4791666666666667,0.0,3,4,21,20,14,6,6,21,34,21,0,0,0.0,UR,0.9456603046006401,8,14,0,0,26,0.36363636363636365,0.6363636363636364,0.0,0.0,0.5416666666666666,UL,0.020833333333333332,0.0,0.0,0.0,1,ul,dr,ur,0,1,0,0,0
5,4,size9_comp0.0_grid4_base_medium,9,0.0,medium,base,base,6,8,14,8,3,1,1,1,0,0,-1,48,0.0,0.4791666666666667,0.4791666666666667,0.0,4,5,20,19,17,6,8,16,27,16,0,0,0.0,UL,0.954434002924965,20,12,0,0,16,0.625,0.375,0.0,0.0,0.3333333333333333,UL,0.10416666666666667,0.10416666666666667,0.0,0.0,5,ul,dr,ur,1,0,0,0,0
6,4,size9_comp0.0_grid4_base_medium,9,0.0,medium,base,base,6,8,14,8,3,1,1,1,0,1,7,48,0.0,0.5,0.875,0.425,3,3,15,22,11,6,5,15,36,13,16,2,0.041666666666666664,UR,0.3650551896402848,3,40,0,0,5,0.06976744186046512,0.9302325581395349,0.0,0.0,0.10416666666666667,UR,0.020833333333333332,0.6666666666666666,0.0,0.0,11,ul,dr,ur,0,1,0,0,0
7,4,size9_comp0.0_grid4_base_medium,9,0.0,medium,base,base,6,8,14,8,3,1,1,1,0,0,-1,48,0.0,0.4791666666666667,0.4791666666666667,0.0,5,6,19,18,13,10,7,17,27,17,0,0,0.0,DL,1.5289659680720937,5,1,13,3,26,0.22727272727272727,0.045454545454545456,0.5909090909090909,0.13636363636363635,0.5416666666666666,DL,0.020833333333333332,0.0,0.0625,0.0,3,ul,dr,ur,0,0,0,0,0
8,4,size9_comp0.0_grid4_base_medium,9,0.0,medium,base,base,6,8,14,8,3,1,1,1,0,0,-1,48,0.0,0.4791666666666667,0.4791666666666667,0.0,1,2,23,22,19,2,4,22,38,22,0,0,0.0,UL,0.7219280948873623,28,7,0,0,13,0.8,0.2,0.0,0.0,0.2708333333333333,UL,0.0625,0.0625,0.0,0.0,3,ul,dr,ur,1,0,0,0,0
9,4,size9_comp0.0_grid4_base_medium,9,0.0,medium,base,base,6,8,14,8,3,1,1,1,0,0,-1,48,0.0,0.4583333333333333,0.4583333333333333,0.0,1,1,20,23,14,2,1,25,40,24,0,2,0.041666666666666664,UR,0.8453509366224364,9,24,0,0,15,0.2727272727272727,0.7272727272727273,0.0,0.0,0.3125,UR,0.020833333333333332,0.2708333333333333,0.0,0.0,7,ul,dr,ur,0,1,0,0,0
0,5,size9_comp0.0_grid5_base_medium,9,0.0,medium,base,base,4,9,13,5,4,1,1,1,0,1,34,48,0.0,0.5208333333333334,0.5428571428571428,0.46153846153846156,4,2,18,22,20,5,3,15,27,14,1,2,0.041666666666666664,UR,1.069406651392922,11,23,1,0,13,0.3142857142857143,0.6571428571428571,0.02857142857142857,0.0,0.2708333333333333,UR,0.041666666666666664,0.1875,0.0,0.0,8,ur,dr,ul,1,0,0,0,0
1,5,size9_comp0.0_grid5_base_medium,9,0.0,medium,base,base,4,9,13,5,4,1,1,1,0,1,8,48,0.0,0.4791666666666667,0.6666666666666666,0.4358974358974359,5,4,14,19,11,3,8,14,33,13,1,4,0.08333333333333333,UR,0.5185697317883058,5,38,0,0,5,0.11627906976744186,0.8837209302325582,0.0,0.0,0.10416666666666667,UR,0.020833333333333332,0.625,0.0,0.0,16,ur,dr,ul,1,0,0,0,0
2,5,size9_comp0.0_grid5_base_medium,9,0.0,medium,base,base,4,9,13,5,4,1,1,1,0,0,-1,48,0.0,0.5,0.5,0.0,5,6,19,17,8,8,11,18,33,18,0,0,0.0,UR,0.9957274520849255,12,14,0,0,22,0.46153846153846156,0.5384615384615384,0.0,0.0,0.4583333333333333,UL,0.041666666666666664,0.0,0.0,0.0,2,ur,dr,ul,1,0,0,0,0
3,5,size9_comp0.0_grid5_base_medium,9,0.0,medium,base,base,4,9,13,5,4,1,1,1,0,0,-1,48,0.0,0.5,0.5,0.0,5,6,19,18,13,10,8,16,31,16,0,0,0.0,UR,0.9871377743721863,13,17,0,0,18,0.43333333333333335,0.5666666666666667,0.0,0.0,0.375,UL,0.020833333333333332,0.020833333333333332,0.0,0.0,1,ur,dr,ul,1,0,0,0,0
4,5,size9_comp0.0_grid5_base_medium,9,0.0,medium,base,base,4,9,13,5,4,1,1,1,0,0,-1,48,0.0,0.4791666666666667,0.4791666666666667,0.0,8,8,15,15,12,5,14,12,29,11,0,1,0.020833333333333332,UL,1.8833830982290134,7,6,5,2,28,0.35,0.3,0.25,0.1,0.5833333333333334,UL,0.0625,0.0,0.0,0.0,3,ur,dr,ul,0,1,0,0,0
5,5,size9_comp0.0_grid5_base_medium,9,0.0,medium,base,base,4,9,13,5,4,1,1,1,0,0,-1,48,0.0,0.4375,0.4375,0.0,4,4,19,20,15,8,4,18,30,14,0,6,0.125,UR,1.4411665441579464,16,20,6,0,6,0.38095238095238093,0.47619047619047616,0.14285714285714285,0.0,0.125,UR,0.125,0.2708333333333333,0.0,0.0,12,ur,dr,ul,1,0,0,0,0
6,5,size9_comp0.0_grid5_base_medium,9,0.0,medium,base,base,4,9,13,5,4,1,1,1,0,0,-1,48,0.0,0.4583333333333333,0.4583333333333333,0.0,5,6,17,18,15,11,6,12,30,12,0,0,0.0,UL,1.9175317277522654,11,5,5,8,19,0.3793103448275862,0.1724137931034483,0.1724137931034483,0.27586206896551724,0.3958333333333333,DL,0.0,0.0,0.020833333333333332,0.0,1,ur,dr,ul,0,1,0,0,0
7,5,size9_comp0.0_grid5_base_medium,9,0.0,medium,base,base,4,9,13,5,4,1,1,1,0,0,-1,48,0.0,0.5,0.5,0.0,9,7,15,15,8,10,12,13,31,13,0,0,0.0,UL,1.2838868242312453,15,11,2,0,20,0.5357142857142857,0.39285714285714285,0.07142857142857142,0.0,0.4166666666666667,UR,0.0,0.08333333333333333,0.0,0.0,2,ur,dr,ul,0,1,0,0,0
8,5,size9_comp0.0_grid5_base_medium,9,0.0,medium,base,base,4,9,13,5,4,1,1,1,0,1,19,48,0.0,0.4791666666666667,0.6,0.39285714285714285,3,2,18,18,12,4,4,14,37,14,1,1,0.020833333333333332,UR,0.15935006268563445,1,42,0,0,5,0.023255813953488372,0.9767441860465116,0.0,0.0,0.10416666666666667,UR,0.0,0.5416666666666666,0.0,0.0,9,ur,dr,ul,1,0,0,0,0
9,5,size9_comp0.0_grid5_base_medium,9,0.0,medium,base,base,4,9,13,5,4,1,1,1,0,0,-1,48,0.0,0.4583333333333333,0.4583333333333333,0.0,4,7,20,17,17,7,9,14,31,13,0,2,0.041666666666666664,DL,1.1952663177532241,7,4,24,0,13,0.2,0.11428571428571428,0.6857142857142857,0.0,0.2708333333333333,DL,0.0,0.0,0.2708333333333333,0.0,13,ur,dr,ul,0,0,0,0,0
0,6,size9_comp0.0_grid6_base_medium,9,0.0,medium,base,base,6,3,9,3,3,1,1,1,1,0,-1,5,0.0,0.8,0.8,0.0,1,3,0,1,1,1,0,2,2,2,0,0,0.0,DL,-0.0,0,0,3,0,2,0.0,0.0,1.0,0.0,0.4,DL,0.0,0.0,0.2,0.0,1,midline,dl,midline,0,0,0,0,0
1,6,size9_comp0.0_grid6_base_medium,9,0.0,medium,base,base,6,3,9,3,3,1,1,1,1,0,-1,7,0.0,0.7142857142857143,0.7142857142857143,0.0,0,2,2,3,3,1,1,1,1,1,0,0,0.0,DL,-0.0,0,0,3,0,4,0.0,0.0,1.0,0.0,0.5714285714285714,,0.0,0.0,0.0,0.0,0,midline,dl,midline,0,0,0,0,0
2,6,size9_comp0.0_grid6_base_medium,9,0.0,medium,base,base,6,3,9,3,3,1,1,1,1,0,-1,5,0.0,0.8,0.8,0.0,1,3,0,1,1,0,1,2,2,2,0,0,0.0,DL,-0.0,0,0,2,0,3,0.0,0.0,1.0,0.0,0.6,,0.0,0.0,0.0,0.0,0,midline,dl,midline,0,0,0,0,0
3,6,size9_comp0.0_grid6_base_medium,9,0.0,medium,base,base,6,3,9,3,3,1,1,1,1,0,-1,15,0.0,0.6,0.6,0.0,2,4,4,5,0,4,6,4,7,4,0,0,0.0,DL,-0.0,0,0,8,0,7,0.0,0.0,1.0,0.0,0.4666666666666667,,0.0,0.0,0.0,0.0,0,midline,dl,midline,0,0,0,0,0
4,6,size9_comp0.0_grid6_base_medium,9,0.0,medium,base,base,6,3,9,3,3,1,1,1,1,0,-1,21,0.0,0.5714285714285714,0.5714285714285714,0.0,1,3,8,9,9,4,4,3,6,3,0,0,0.0,DR,0.954434002924965,0,0,3,5,13,0.0,0.0,0.375,0.625,0.6190476190476191,DR,0.0,0.0,0.0,0.047619047619047616,1,midline,dl,midline,0,0,0,0,0
5,6,size9_comp0.0_grid6_base_medium,9,0.0,medium,base,base,6,3,9,3,3,1,1,1,1,0,-1,17,0.0,0.5882352941176471,0.5882352941176471,0.0,1,3,6,7,4,3,2,7,9,7,0,0,0.0,DL,-0.0,0,0,5,0,12,0.0,0.0,1.0,0.0,0.7058823529411765,,0.0,0.0,0.0,0.0,0,midline,dl,midline,0,0,0,0,0
6,6,size9_comp0.0_grid6_base_medium,9,0.0,medium,base,base,6,3,9,3,3,1,1,1,1,0,-1,7,0.0,0.7142857142857143,0.7142857142857143,0.0,1,3,1,2,1,1,4,0,0,0,0,0,0.0,DL,0.9709505944546686,2,0,3,0,2,0.4,0.0,0.6,0.0,0.2857142857142857,,0.0,0.0,0.0,0.0,0,midline,dl,midline,0,0,0,0,0
7,6,size9_comp0.0_grid6_base_medium,9,0.0,medium,base,base,6,3,9,3,3,1,1,1,1,0,-1,3,0.0,1.0,1.0,0.0,0,2,0,1,0,1,1,0,0,0,0,0,0.0,DL,-0.0,0,0,2,0,1,0.0,0.0,1.0,0.0,0.3333333333333333,,0.0,0.0,0.0,0.0,0,midline,dl,midline,0,0,0,0,0
8,6,size9_comp0.0_grid6_base_medium,9,0.0,medium,base,base,6,3,9,3,3,1,1,1,1,0,-1,5,0.0,0.8,0.8,0.0,0,2,1,2,0,0,3,1,1,1,0,0,0.0,DL,-0.0,0,0,3,0,2,0.0,0.0,1.0,0.0,0.4,,0.0,0.0,0.0,0.0,0,midline,dl,midline,0,0,0,0,0
9,6,size9_comp0.0_grid6_base_medium,9,0.0,medium,base,base,6,3,9,3,3,1,1,1,1,0,-1,3,0.0,1.0,1.0,0.0,0,2,0,1,0,1,1,0,0,0,0,0,0.0,DL,-0.0,0,0,2,0,1,0.0,0.0,1.0,0.0,0.3333333333333333,,0.0,0.0,0.0,0.0,0,midline,dl,midline,0,0,0,0,0
0,7,size9_comp0.0_grid7_base_medium,9,0.0,medium,base,base,4,4,8,6,1,1,1,1,1,1,6,15,0.5333333333333333,0.7333333333333333,0.7142857142857143,0.75,5,0,5,4,3,2,5,2,3,2,0,0,0.0,DL,1.792481250360578,1,1,3,1,9,0.16666666666666666,0.16666666666666666,0.5,0.16666666666666666,0.6,,0.0,0.0,0.0,0.0,0,midline,ul,dl,0,1,0,0,0
1,7,size9_comp0.0_grid7_base_medium,9,0.0,medium,base,base,4,4,8,6,1,1,1,1,1,1,5,11,0.7272727272727273,0.8181818181818182,0.8333333333333334,0.8,5,0,3,2,2,3,3,0,1,0,0,0,0.0,DL,0.863120568566631,2,0,5,0,4,0.2857142857142857,0.0,0.7142857142857143,0.0,0.36363636363636365,DL,0.0,0.0,0.18181818181818182,0.0,2,midline,ul,dl,0,1,0,0,0
2,7,size9_comp0.0_grid7_base_medium,9,0.0,medium,base,base,4,4,8,6,1,1,1,1,1,1,3,8,1.0,1.0,1.0,1.0,5,0,2,1,2,3,1,1,1,1,1,0,0.0,DL,0.7219280948873623,1,0,4,0,3,0.2,0.0,0.8,0.0,0.375,,0.0,0.0,0.0,0.0,0,midline,ul,dl,0,1,0,0,0
3,7,size9_comp0.0_grid7_base_medium,9,0.0,medium,base,base,4,4,8,6,1,1,1,1,1,1,3,18,0.4444444444444444,0.6666666666666666,1.0,0.5714285714285714,6,1,5,4,3,1,7,2,4,2,1,0,0.0,DL,0.9852281360342515,6,0,8,0,4,0.42857142857142855,0.0,0.5714285714285714,0.0,0.2222222222222222,UL,0.1111111111111111,0.0,0.1111111111111111,0.0,2,midline,ul,dl,0,1,0,0,0
4,7,size9_comp0.0_grid7_base_medium,9,0.0,medium,base,base,4,4,8,6,1,1,1,1,1,1,3,12,0.6666666666666666,0.8333333333333334,1.0,0.75,6,1,3,2,3,2,5,1,2,1,2,0,0.0,DL,0.863120568566631,2,0,5,0,5,0.2857142857142857,0.0,0.7142857142857143,0.0,0.4166666666666667,UL,0.08333333333333333,0.0,0.0,0.0,1,midline,ul,dl,0,1,0,0,0
5,7,size9_comp0.0_grid7_base_medium,9,0.0,medium,base,base,4,4,8,6,1,1,1,1,1,1,5,14,0.5714285714285714,0.7857142857142857,0.8333333333333334,0.75,6,1,4,3,4,2,4,3,4,3,0,0,0.0,UL,1.2987949406953985,5,0,2,1,6,0.625,0.0,0.25,0.125,0.42857142857142855,UL,0.07142857142857142,0.0,0.0,0.0,1,midline,ul,dl,0,0,0,0,0
6,7,size9_comp0.0_grid7_base_medium,9,0.0,medium,base,base,4,4,8,6,1,1,1,1,1,1,3,27,0.2962962962962963,0.5925925925925926,1.0,0.5217391304347826,8,3,7,6,8,3,4,6,14,6,0,0,0.0,UL,0.6292492238560345,16,0,3,0,8,0.8421052631578947,0.0,0.15789473684210525,0.0,0.2962962962962963,UL,0.037037037037037035,0.0,0.0,0.0,1,midline,ul,dl,0,0,0,0,0
7,7,size9_comp0.0_grid7_base_medium,9,0.0,medium,base,base,4,4,8,6,1,1,1,1,1,1,5,20,0.4,0.65,0.8333333333333334,0.5714285714285714,6,1,6,5,3,3,4,5,8,5,0,0,0.0,UL,1.2389012566026305,8,0,4,1,7,0.6153846153846154,0.0,0.3076923076923077,0.07692307692307693,0.35,,0.0,0.0,0.0,0.0,0,midline,ul,dl,0,0,0,0,0
8,7,size9_comp0.0_grid7_base_medium,9,0.0,medium,base,base,4,4,8,6,1,1,1,1,1,1,3,11,0.7272727272727273,0.8181818181818182,1.0,0.7142857142857143,5,0,3,2,3,3,1,1,3,1,1,0,0.0,DL,0.7219280948873623,1,0,4,0,6,0.2,0.0,0.8,0.0,0.5454545454545454,,0.0,0.0,0.0,0.0,0,midline,ul,dl,0,1,0,0,0
9,7,size9_comp0.0_grid7_base_medium,9,0.0,medium,base,base,4,4,8,6,1,1,1,1,1,1,3,9,0.8888888888888888,0.8888888888888888,1.0,0.8,5,0,2,1,4,1,1,0,1,0,0,0,0.0,UL,1.0,3,0,3,0,3,0.5,0.0,0.5,0.0,0.3333333333333333,UL,0.2222222222222222,0.0,0.1111111111111111,0.0,2,midline,ul,dl,0,0,0,0,0
0,8,size9_comp0.0_grid8_base_medium,9,0.0,medium,base,base,4,4,8,6,1,1,1,1,0,1,16,48,0.0,0.5208333333333334,0.5882352941176471,0.4838709677419355,8,7,18,13,12,12,4,15,35,15,2,0,0.0,UL,0.4488644887230294,29,3,0,0,16,0.90625,0.09375,0.0,0.0,0.3333333333333333,UL,0.16666666666666666,0.0,0.0,0.0,4,ur,dl,ul,0,1,0,0,0
1,8,size9_comp0.0_grid8_base_medium,9,0.0,medium,base,base,4,4,8,6,1,1,1,1,1,1,5,29,0.27586206896551724,0.6206896551724138,0.8333333333333334,0.5652173913043478,2,4,13,9,3,4,6,13,17,13,4,0,0.0,UL,0.7918583525674836,16,5,0,0,8,0.7619047619047619,0.23809523809523808,0.0,0.0,0.27586206896551724,UL,0.13793103448275862,0.0,0.0,0.0,1,ur,dl,ul,0,1,0,0,0
2,8,size9_comp0.0_grid8_base_medium,9,0.0,medium,base,base,4,4,8,6,1,1,1,1,1,1,7,28,0.2857142857142857,0.6428571428571429,0.75,0.6,2,4,13,9,11,6,2,8,12,8,1,0,0.0,UL,1.8802408149441479,7,3,3,3,12,0.4375,0.1875,0.1875,0.1875,0.42857142857142855,UL,0.03571428571428571,0.0,0.0,0.0,1,ur,dl,ul,0,1,0,0,0
3,8,size9_comp0.0_grid8_base_medium,9,0.0,medium,base,base,4,4,8,6,1,1,1,1,1,1,7,38,0.21052631578947367,0.5789473684210527,0.75,0.5333333333333333,6,7,14,10,9,12,8,6,22,6,4,1,0.02631578947368421,UL,0.9123163027543336,18,4,1,0,15,0.782608695652174,0.17391304347826086,0.043478260869565216,0.0,0.39473684210526316,UL,0.15789473684210525,0.0,0.0,0.0,2,ur,dl,ul,0,1,0,0,0
4,8,size9_comp0.0_grid8_base_medium,9,0.0,medium,base,base,4,4,8,6,1,1,1,1,0,1,3,48,0.0,0.4375,1.0,0.38636363636363635,5,5,15,14,9,4,6,10,32,9,4,1,0.020833333333333332,UL,0.9852281360342515,16,12,0,0,20,0.5714285714285714,0.42857142857142855,0.0,0.0,0.4166666666666667,UR,0.0,0.08333333333333333,0.0,0.0,4,ur,dl,ul,0,1,0,0,0
5,8,size9_comp0.0_grid8_base_medium,9,0.0,medium,base,base,4,4,8,6,1,1,1,1,0,1,8,48,0.0,0.4791666666666667,0.6666666666666666,0.4358974358974359,7,8,14,12,9,9,5,12,32,11,6,1,0.020833333333333332,UL,0.9182958340544896,16,8,0,0,24,0.6666666666666666,0.3333333333333333,0.0,0.0,0.5,UR,0.041666666666666664,0.10416666666666667,0.0,0.0,5,ur,dl,ul,0,1,0,0,0
6,8,size9_comp0.0_grid8_base_medium,9,0.0,medium,base,base,4,4,8,6,1,1,1,1,1,0,-1,6,0.0,0.5,0.5,0.0,0,2,4,0,3,1,1,0,0,0,0,0,0.0,UR,0.9182958340544896,0,2,1,0,3,0.0,0.6666666666666666,0.3333333333333333,0.0,0.5,,0.0,0.0,0.0,0.0,0,ur,dl,ul,1,0,0,0,0
7,8,size9_comp0.0_grid8_base_medium,9,0.0,medium,base,base,4,4,8,6,1,1,1,1,1,1,5,12,0.6666666666666666,0.8333333333333334,0.8333333333333334,0.8333333333333334,1,3,6,2,4,3,2,2,2,2,0,0,0.0,UR,0.954434002924965,3,5,0,0,4,0.375,0.625,0.0,0.0,0.3333333333333333,UL,0.08333333333333333,0.08333333333333333,0.0,0.0,1,ur,dl,ul,1,0,0,0,0
8,8,size9_comp0.0_grid8_base_medium,9,0.0,medium,base,base,4,4,8,6,1,1,1,1,1,0,-1,31,0.0,0.45161290322580644,0.45161290322580644,0.0,1,3,14,10,6,0,2,16,22,16,0,0,0.0,UL,0.37123232664087563,26,2,0,0,3,0.9285714285714286,0.07142857142857142,0.0,0.0,0.0967741935483871,UL,0.6774193548387096,0.0,0.0,0.0,21,ur,dl,ul,0,1,0,0,0
9,8,size9_comp0.0_grid8_base_medium,9,0.0,medium,base,base,4,4,8,6,1,1,1,1,1,1,3,24,0.3333333333333333,0.625,1.0,0.55,3,5,9,5,4,6,5,4,10,4,3,0,0.0,UL,1.1401156785146092,9,3,1,0,11,0.6923076923076923,0.23076923076923078,0.07692307692307693,0.0,0.4583333333333333,UL,0.08333333333333333,0.0,0.0,0.0,1,ur,dl,ul,0,1,0,0,0
0,9,size9_comp0.0_grid9_base_medium,9,0.0,medium,base,base,6,5,11,5,3,1,1,1,1,0,-1,5,0.0,0.6,0.6,0.0,2,0,3,0,2,1,1,0,0,0,0,0,0.0,DR,-0.0,0,0,0,4,1,0.0,0.0,0.0,1.0,0.2,DR,0.0,0.0,0.0,0.2,1,dr,dl,ur,1,0,0,0,0
1,9,size9_comp0.0_grid9_base_medium,9,0.0,medium,base,base,6,5,11,5,3,1,1,1,1,0,-1,7,0.0,0.5714285714285714,0.5714285714285714,0.0,2,0,4,1,3,1,0,2,2,2,0,0,0.0,DR,-0.0,0,0,0,5,2,0.0,0.0,0.0,1.0,0.2857142857142857,DR,0.0,0.0,0.0,0.2857142857142857,2,dr,dl,ur,1,0,0,0,0
2,9,size9_comp0.0_grid9_base_medium,9,0.0,medium,base,base,6,5,11,5,3,1,1,1,1,0,-1,5,0.0,0.6,0.6,0.0,2,0,3,0,3,1,0,0,0,0,0,0,0.0,DR,-0.0,0,0,0,4,1,0.0,0.0,0.0,1.0,0.2,DR,0.0,0.0,0.0,0.4,2,dr,dl,ur,1,0,0,0,0
3,9,size9_comp0.0_grid9_base_medium,9,0.0,medium,base,base,6,5,11,5,3,1,1,1,1,0,-1,5,0.0,0.6,0.6,0.0,2,0,3,0,3,1,0,0,0,0,0,0,0.0,DR,-0.0,0,0,0,4,1,0.0,0.0,0.0,1.0,0.2,DR,0.0,0.0,0.0,0.4,2,dr,dl,ur,1,0,0,0,0
4,9,size9_comp0.0_grid9_base_medium,9,0.0,medium,base,base,6,5,11,5,3,1,1,1,1,0,-1,7,0.0,0.5714285714285714,0.5714285714285714,0.0,2,0,4,1,3,1,0,2,2,2,0,0,0.0,DR,-0.0,0,0,0,5,2,0.0,0.0,0.0,1.0,0.2857142857142857,DR,0.0,0.0,0.0,0.2857142857142857,2,dr,dl,ur,1,0,0,0,0
5,9,size9_comp0.0_grid9_base_medium,9,0.0,medium,base,base,6,5,11,5,3,1,1,1,1,0,-1,9,0.0,0.4444444444444444,0.4444444444444444,0.0,2,0,4,3,3,2,2,1,2,0,0,2,0.2222222222222222,DR,-0.0,0,0,0,8,1,0.0,0.0,0.0,1.0,0.1111111111111111,DR,0.0,0.0,0.0,0.4444444444444444,4,dr,dl,ur,1,0,0,0,0
6,9,size9_comp0.0_grid9_base_medium,9,0.0,medium,base,base,6,5,11,5,3,1,1,1,1,0,-1,5,0.0,0.6,0.6,0.0,2,0,3,0,2,1,1,0,0,0,0,0,0.0,DR,-0.0,0,0,0,4,1,0.0,0.0,0.0,1.0,0.2,DR,0.0,0.0,0.0,0.2,1,dr,dl,ur,1,0,0,0,0
7,9,size9_comp0.0_grid9_base_medium,9,0.0,medium,base,base,6,5,11,5,3,1,1,1,1,0,-1,7,0.0,0.5714285714285714,0.5714285714285714,0.0,2,0,4,1,3,1,0,2,2,2,0,0,0.0,DR,-0.0,0,0,0,5,2,0.0,0.0,0.0,1.0,0.2857142857142857,DR,0.0,0.0,0.0,0.2857142857142857,2,dr,dl,ur,1,0,0,0,0
8,9,size9_comp0.0_grid9_base_medium,9,0.0,medium,base,base,6,5,11,5,3,1,1,1,1,0,-1,7,0.0,0.42857142857142855,0.42857142857142855,0.0,2,0,3,0,2,0,1,0,2,0,0,0,0.0,DR,-0.0,0,0,0,2,5,0.0,0.0,0.0,1.0,0.7142857142857143,DR,0.0,0.0,0.0,0.14285714285714285,1,dr,dl,ur,1,0,0,0,0
9,9,size9_comp0.0_grid9_base_medium,9,0.0,medium,base,base,6,5,11,5,3,1,1,1,1,0,-1,10,0.0,0.5,0.5,0.0,2,0,5,3,3,1,2,3,3,2,0,1,0.1,DR,-0.0,0,0,0,9,1,0.0,0.0,0.0,1.0,0.1,DR,0.0,0.0,0.0,0.3,3,dr,dl,ur,1,0,0,0,0
0,0,size9_comp0.2_grid0_base_medium,9,0.2,medium,base,base,3,6,9,9,0,1,1,1,0,1,24,48,0.0,0.4166666666666667,0.32,0.5217391304347826,2,5,27,12,17,7,3,16,33,13,3,12,0.25,UR,0.7897492536625221,9,29,0,0,10,0.23684210526315788,0.7631578947368421,0.0,0.0,0.20833333333333334,UR,0.0,0.125,0.0,0.0,2,ur,dl,ur,1,1,0,0,0
1,0,size9_comp0.2_grid0_base_medium,9,0.2,medium,base,base,3,6,9,9,0,1,1,1,0,1,10,48,0.0,0.4375,0.45454545454545453,0.43243243243243246,2,3,22,16,12,7,3,16,34,15,3,5,0.10416666666666667,UR,0.9629004147713269,12,19,0,0,17,0.3870967741935484,0.6129032258064516,0.0,0.0,0.3541666666666667,UR,0.0,0.08333333333333333,0.0,0.0,2,ur,dl,ur,1,1,0,0,0
2,0,size9_comp0.2_grid0_base_medium,9,0.2,medium,base,base,3,6,9,9,0,1,1,1,0,1,20,48,0.0,0.4375,0.42857142857142855,0.4444444444444444,1,3,22,17,16,3,3,15,35,13,6,6,0.125,UR,0.5032583347756457,4,32,0,0,12,0.1111111111111111,0.8888888888888888,0.0,0.0,0.25,UR,0.0,0.1875,0.0,0.0,5,ur,dl,ur,1,1,0,0,0
3,0,size9_comp0.2_grid0_base_medium,9,0.2,medium,base,base,3,6,9,9,0,1,1,1,0,1,42,48,0.0,0.4375,0.4186046511627907,0.6,3,5,26,14,18,5,7,17,33,15,3,10,0.20833333333333334,UR,0.8257243385804642,6,29,1,0,12,0.16666666666666666,0.8055555555555556,0.027777777777777776,0.0,0.25,UR,0.0,0.125,0.0,0.0,3,ur,dl,ur,1,1,0,0,0
4,0,size9_comp0.2_grid0_base_medium,9,0.2,medium,base,base,3,6,9,9,0,1,1,1,0,1,27,48,0.0,0.375,0.35714285714285715,0.4,3,2,27,13,15,6,4,17,38,12,7,14,0.2916666666666667,UR,0.4394969869215134,4,40,0,0,4,0.09090909090909091,0.9090909090909091,0.0,0.0,0.08333333333333333,UR,0.0,0.22916666666666666,0.0,0.0,3,ur,dl,ur,1,1,0,0,0
5,0,size9_comp0.2_grid0_base_medium,9,0.2,medium,base,base,3,6,9,9,0,1,1,1,0,1,26,48,0.0,0.3333333333333333,0.2962962962962963,0.38095238095238093,4,4,26,9,17,6,1,14,36,10,1,16,0.3333333333333333,UR,0.5225593745369408,4,30,0,0,14,0.11764705882352941,0.8823529411764706,0.0,0.0,0.2916666666666667,UR,0.0,0.125,0.0,0.0,2,ur,dl,ur,1,1,0,0,0
6,0,size9_comp0.2_grid0_base_medium,9,0.2,medium,base,base,3,6,9,9,0,1,1,1,0,1,16,48,0.0,0.4583333333333333,0.47058823529411764,0.45161290322580644,3,2,23,18,16,2,7,19,36,16,2,7,0.14583333333333334,UR,0.9352691398683566,13,24,0,0,11,0.35135135135135137,0.6486486486486487,0.0,0.0,0.22916666666666666,UR,0.0,0.20833333333333334,0.0,0.0,4,ur,dl,ur,1,1,0,0,0
7,0,size9_comp0.2_grid0_base_medium,9,0.2,medium,base,base,3,6,9,9,0,1,1,1,0,1,15,48,0.0,0.3958333333333333,0.375,0.40625,2,4,22,13,11,4,4,18,36,16,4,7,0.14583333333333334,UR,0.6252624052234231,5,27,0,0,16,0.15625,0.84375,0.0,0.0,0.3333333333333333,UR,0.0,0.10416666666666667,0.0,0.0,2,ur,dl,ur,1,1,0,0,0
8,0,size9_comp0.2_grid0_base_medium,9,0.2,medium,base,base,3,6,9,9,0,1,1,1,0,1,33,48,0.0,0.4583333333333333,0.4411764705882353,0.5,1,3,26,17,18,4,3,20,34,19,2,7,0.14583333333333334,UR,0.6997722217733069,7,30,0,0,11,0.1891891891891892,0.8108108108108109,0.0,0.0,0.22916666666666666,UR,0.0,0.20833333333333334,0.0,0.0,5,ur,dl,ur,1,1,0,0,0
9,0,size9_comp0.2_grid0_base_medium,9,0.2,medium,base,base,3,6,9,9,0,1,1,1,0,0,-1,48,0.0,0.3333333333333333,0.3333333333333333,0.0,0,1,31,15,21,2,0,22,42,13,0,17,0.3541666666666667,UR,-0.0,0,48,0,0,0,0.0,1.0,0.0,0.0,0.0,UR,0.0,0.4166666666666667,0.0,0.0,6,ur,dl,ur,1,1,0,0,0
0,1,size9_comp0.2_grid1_base_medium,9,0.2,medium,base,base,9,3,12,8,3,1,1,1,0,0,-1,48,0.0,0.16666666666666666,0.16666666666666666,0.0,1,0,43,4,38,2,0,7,41,4,0,35,0.7291666666666666,UL,0.28639695711595625,38,2,0,0,8,0.95,0.05,0.0,0.0,0.16666666666666666,,0.0,0.0,0.0,0.0,0,midline,ul,ul,0,1,0,0,0
1,1,size9_comp0.2_grid1_base_medium,9,0.2,medium,base,base,9,3,12,8,3,1,1,1,0,0,-1,48,0.0,0.10416666666666667,0.10416666666666667,0.0,1,0,46,1,43,1,1,2,42,1,0,41,0.8541666666666666,UL,0.15935006268563445,42,1,0,0,5,0.9767441860465116,0.023255813953488372,0.0,0.0,0.10416666666666667,,0.0,0.0,0.0,0.0,0,midline,ul,ul,0,1,0,0,0
2,1,size9_comp0.2_grid1_base_medium,9,0.2,medium,base,base,9,3,12,8,3,1,1,1,0,0,-1,48,0.0,0.1875,0.1875,0.0,2,0,40,6,34,2,2,9,41,5,0,33,0.6875,UL,-0.0,32,0,0,0,16,1.0,0.0,0.0,0.0,0.3333333333333333,,0.0,0.0,0.0,0.0,0,midline,ul,ul,0,1,0,0,0
3,1,size9_comp0.2_grid1_base_medium,9,0.2,medium,base,base,9,3,12,8,3,1,1,1,0,0,-1,48,0.0,0.10416666666666667,0.10416666666666667,0.0,1,0,45,2,43,2,0,2,42,1,0,41,0.8541666666666666,UL,0.3591016256485496,41,3,0,0,4,0.9318181818181818,0.06818181818181818,0.0,0.0,0.08333333333333333,,0.0,0.0,0.0,0.0,0,midline,ul,ul,0,1,0,0,0
4,1,size9_comp0.2_grid1_base_medium,9,0.2,medium,base,base,9,3,12,8,3,1,1,1,0,0,-1,48,0.0,0.14583333333333334,0.14583333333333334,0.0,1,0,44,3,39,1,1,6,41,3,0,37,0.7708333333333334,UL,-0.0,32,0,0,0,16,1.0,0.0,0.0,0.0,0.3333333333333333,,0.0,0.0,0.0,0.0,0,midline,ul,ul,0,1,0,0,0
5,1,size9_comp0.2_grid1_base_medium,9,0.2,medium,base,base,9,3,12,8,3,1,1,1,0,0,-1,48,0.0,0.1875,0.1875,0.0,2,0,41,5,34,1,3,9,41,6,0,33,0.6875,UL,-0.0,30,0,0,0,18,1.0,0.0,0.0,0.0,0.375,,0.0,0.0,0.0,0.0,0,midline,ul,ul,0,1,0,0,0
6,1,size9_comp0.2_grid1_base_medium,9,0.2,medium,base,base,9,3,12,8,3,1,1,1,0,0,-1,48,0.0,0.14583333333333334,0.14583333333333334,0.0,1,0,44,3,39,1,1,6,41,2,0,37,0.7708333333333334,UL,-0.0,40,0,0,0,8,1.0,0.0,0.0,0.0,0.16666666666666666,,0.0,0.0,0.0,0.0,0,midline,ul,ul,0,1,0,0,0
7,1,size9_comp0.2_grid1_base_medium,9,0.2,medium,base,base,9,3,12,8,3,1,1,1,0,0,-1,48,0.0,0.16666666666666666,0.16666666666666666,0.0,1,0,43,4,38,1,0,8,42,5,0,35,0.7291666666666666,UL,0.37123232664087563,39,3,0,0,6,0.9285714285714286,0.07142857142857142,0.0,0.0,0.125,,0.0,0.0,0.0,0.0,0,midline,ul,ul,0,1,0,0,0
8,1,size9_comp0.2_grid1_base_medium,9,0.2,medium,base,base,9,3,12,8,3,1,1,1,0,0,-1,48,0.0,0.16666666666666666,0.16666666666666666,0.0,2,0,42,4,36,3,1,7,41,6,0,35,0.7291666666666666,UL,0.37764632137370024,38,3,0,0,7,0.926829268292683,0.07317073170731707,0.0,0.0,0.14583333333333334,,0.0,0.0,0.0,0.0,0,midline,ul,ul,0,1,0,0,0
9,1,size9_comp0.2_grid1_base_medium,9,0.2,medium,base,base,9,3,12,8,3,1,1,1,0,0,-1,48,0.0,0.20833333333333334,0.20833333333333334,0.0,2,1,40,5,33,2,2,10,39,7,0,31,0.6458333333333334,UL,0.18717625687320816,34,0,1,0,13,0.9714285714285714,0.0,0.02857142857142857,0.0,0.2708333333333333,,0.0,0.0,0.0,0.0,0,midline,ul,ul,0,1,0,0,0
0,2,size9_comp0.2_grid2_base_medium,9,0.2,medium,base,base,7,6,13,5,5,1,1,1,1,0,-1,7,0.0,0.5714285714285714,0.5714285714285714,0.0,0,1,5,1,3,2,0,1,1,1,0,0,0.0,UR,-0.0,0,6,0,0,1,0.0,1.0,0.0,0.0,0.14285714285714285,UR,0.0,0.42857142857142855,0.0,0.0,2,ur,ul,dr,1,0,0,0,0
1,2,size9_comp0.2_grid2_base_medium,9,0.2,medium,base,base,7,6,13,5,5,1,1,1,1,0,-1,5,0.0,0.6,0.6,0.0,0,1,4,0,2,1,1,0,0,0,0,0,0.0,UR,-0.0,0,4,0,0,1,0.0,1.0,0.0,0.0,0.2,UR,0.0,0.6,0.0,0.0,3,ur,ul,dr,1,0,0,0,0
2,2,size9_comp0.2_grid2_base_medium,9,0.2,medium,base,base,7,6,13,5,5,1,1,1,1,0,-1,7,0.0,0.5714285714285714,0.5714285714285714,0.0,0,1,5,1,3,0,2,1,1,1,0,0,0.0,UR,-0.0,0,6,0,0,1,0.0,1.0,0.0,0.0,0.14285714285714285,UR,0.0,0.5714285714285714,0.0,0.0,2,ur,ul,dr,1,0,0,0,0
3,2,size9_comp0.2_grid2_base_medium,9,0.2,medium,base,base,7,6,13,5,5,1,1,1,1,0,-1,6,0.0,0.5,0.5,0.0,0,1,4,1,3,1,0,1,1,0,0,1,0.16666666666666666,UR,-0.0,0,5,0,0,1,0.0,1.0,0.0,0.0,0.16666666666666666,UR,0.0,0.6666666666666666,0.0,0.0,4,ur,ul,dr,1,0,0,0,0
4,2,size9_comp0.2_grid2_base_medium,9,0.2,medium,base,base,7,6,13,5,5,1,1,1,1,0,-1,8,0.0,0.5,0.5,0.0,0,1,5,2,3,1,0,3,3,2,0,1,0.125,UR,-0.0,0,7,0,0,1,0.0,1.0,0.0,0.0,0.125,UR,0.0,0.75,0.0,0.0,6,ur,ul,dr,1,0,0,0,0
5,2,size9_comp0.2_grid2_base_medium,9,0.2,medium,base,base,7,6,13,5,5,1,1,1,1,0,-1,7,0.0,0.5714285714285714,0.5714285714285714,0.0,0,1,5,1,2,1,1,2,2,2,0,0,0.0,UR,-0.0,0,6,0,0,1,0.0,1.0,0.0,0.0,0.14285714285714285,UR,0.0,0.42857142857142855,0.0,0.0,2,ur,ul,dr,1,0,0,0,0
6,2,size9_comp0.2_grid2_base_medium,9,0.2,medium,base,base,7,6,13,5,5,1,1,1,1,0,-1,5,0.0,0.6,0.6,0.0,0,1,4,0,3,0,1,0,0,0,0,0,0.0,UR,-0.0,0,4,0,0,1,0.0,1.0,0.0,0.0,0.2,UR,0.0,0.6,0.0,0.0,3,ur,ul,dr,1,0,0,0,0
7,2,size9_comp0.2_grid2_base_medium,9,0.2,medium,base,base,7,6,13,5,5,1,1,1,1,0,-1,9,0.0,0.5555555555555556,0.5555555555555556,0.0,0,1,6,2,2,1,1,4,4,4,0,0,0.0,UR,-0.0,0,8,0,0,1,0.0,1.0,0.0,0.0,0.1111111111111111,UR,0.0,0.6666666666666666,0.0,0.0,5,ur,ul,dr,1,0,0,0,0
8,2,size9_comp0.2_grid2_base_medium,9,0.2,medium,base,base,7,6,13,5,5,1,1,1,1,0,-1,7,0.0,0.5714285714285714,0.5714285714285714,0.0,0,1,5,1,3,0,1,2,2,2,0,0,0.0,UR,-0.0,0,6,0,0,1,0.0,1.0,0.0,0.0,0.14285714285714285,UR,0.0,0.7142857142857143,0.0,0.0,5,ur,ul,dr,1,0,0,0,0
9,2,size9_comp0.2_grid2_base_medium,9,0.2,medium,base,base,7,6,13,5,5,1,1,1,1,0,-1,6,0.0,0.5,0.5,0.0,0,1,4,1,3,1,0,1,1,0,0,1,0.16666666666666666,UR,-0.0,0,5,0,0,1,0.0,1.0,0.0,0.0,0.16666666666666666,UR,0.0,0.6666666666666666,0.0,0.0,4,ur,ul,dr,1,0,0,0,0
0,3,size9_comp0.2_grid3_base_medium,9,0.2,medium,base,base,3,8,11,9,1,1,1,1,0,0,-1,48,0.0,0.4375,0.4375,0.0,8,6,21,13,13,6,14,14,32,14,0,4,0.08333333333333333,DL,0.828055725379504,0,0,34,12,2,0.0,0.0,0.7391304347826086,0.2608695652173913,0.041666666666666664,DL,0.0,0.0,0.2708333333333333,0.041666666666666664,3,dr,ul,dr,0,0,0,0,0
1,3,size9_comp0.2_grid3_base_medium,9,0.2,medium,base,base,3,8,11,9,1,1,1,1,0,0,-1,48,0.0,0.4166666666666667,0.4166666666666667,0.0,5,4,23,16,12,4,13,18,37,16,0,5,0.10416666666666667,DL,0.27138958750811115,0,0,41,2,5,0.0,0.0,0.9534883720930233,0.046511627906976744,0.10416666666666667,DL,0.0,0.0,0.3333333333333333,0.020833333333333332,5,dr,ul,dr,0,0,0,0,0
2,3,size9_comp0.2_grid3_base_medium,9,0.2,medium,base,base,3,8,11,9,1,1,1,1,0,0,-1,48,0.0,0.3541666666666667,0.3541666666666667,0.0,7,4,26,11,14,6,12,15,37,15,0,11,0.22916666666666666,DL,0.9656361333706098,0,0,28,18,2,0.0,0.0,0.6086956521739131,0.391304347826087,0.041666666666666664,DL,0.0,0.0,0.1875,0.0625,5,dr,ul,dr,0,0,0,0,0
3,3,size9_comp0.2_grid3_base_medium,9,0.2,medium,base,base,3,8,11,9,1,1,1,1,0,0,-1,48,0.0,0.25,0.25,0.0,5,2,32,9,27,7,5,8,34,4,0,23,0.4791666666666667,DR,0.6321302781219706,0,0,7,37,4,0.0,0.0,0.1590909090909091,0.8409090909090909,0.08333333333333333,DR,0.0,0.0,0.041666666666666664,0.1875,4,dr,ul,dr,1,1,0,0,0
4,3,size9_comp0.2_grid3_base_medium,9,0.2,medium,base,base,3,8,11,9,1,1,1,1,0,0,-1,48,0.0,0.3958333333333333,0.3958333333333333,0.0,8,7,20,13,9,9,13,16,36,13,0,6,0.125,DL,0.34781691357106326,0,0,43,3,2,0.0,0.0,0.9347826086956522,0.06521739130434782,0.041666666666666664,DL,0.0,0.0,0.5416666666666666,0.020833333333333332,10,dr,ul,dr,0,0,0,0,0
5,3,size9_comp0.2_grid3_base_medium,9,0.2,medium,base,base,3,8,11,9,1,1,1,1,0,0,-1,48,0.0,0.4166666666666667,0.4166666666666667,0.0,9,4,21,14,12,5,15,15,38,14,0,5,0.10416666666666667,DL,0.2623112196143366,0,0,43,2,3,0.0,0.0,0.9555555555555556,0.044444444444444446,0.0625,DL,0.0,0.0,0.2708333333333333,0.020833333333333332,5,dr,ul,dr,0,0,0,0,0
6,3,size9_comp0.2_grid3_base_medium,9,0.2,medium,base,base,3,8,11,9,1,1,1,1,0,0,-1,48,0.0,0.4166666666666667,0.4166666666666667,0.0,7,4,22,15,13,8,9,17,36,16,0,5,0.10416666666666667,DL,0.5665095065529053,0,0,39,6,3,0.0,0.0,0.8666666666666667,0.13333333333333333,0.0625,DL,0.0,0.0,0.1875,0.0625,5,dr,ul,dr,0,0,0,0,0
7,3,size9_comp0.2_grid3_base_medium,9,0.2,medium,base,base,3,8,11,9,1,1,1,1,0,0,-1,48,0.0,0.4166666666666667,0.4166666666666667,0.0,5,3,24,16,9,3,8,27,38,25,0,4,0.08333333333333333,DL,0.2580186686648155,0,0,44,2,2,0.0,0.0,0.9565217391304348,0.043478260869565216,0.041666666666666664,DL,0.0,0.0,0.3125,0.020833333333333332,11,dr,ul,dr,0,0,0,0,0
8,3,size9_comp0.2_grid3_base_medium,9,0.2,medium,base,base,3,8,11,9,1,1,1,1,0,0,-1,48,0.0,0.375,0.375,0.0,4,5,25,14,15,4,12,16,36,12,0,8,0.16666666666666666,DL,0.26676498780302604,0,0,42,2,4,0.0,0.0,0.9545454545454546,0.045454545454545456,0.08333333333333333,DL,0.0,0.0,0.5625,0.020833333333333332,9,dr,ul,dr,0,0,0,0,0
9,3,size9_comp0.2_grid3_base_medium,9,0.2,medium,base,base,3,8,11,9,1,1,1,1,0,0,-1,48,0.0,0.3958333333333333,0.3958333333333333,0.0,8,6,22,12,11,12,12,12,32,10,0,7,0.14583333333333334,DL,0.6631968402398287,0,0,24,5,19,0.0,0.0,0.8275862068965517,0.1724137931034483,0.3958333333333333,DL,0.0,0.0,0.2916666666666667,0.041666666666666664,5,dr,ul,dr,0,0,0,0,0
0,4,size9_comp0.2_grid4_base_medium,9,0.2,medium,base,base,5,5,10,10,0,1,1,1,0,1,29,48,0.0,0.5416666666666666,0.5666666666666667,0.5,6,2,17,21,8,6,4,25,36,24,7,2,0.041666666666666664,UL,1.0863128407412879,24,2,8,0,14,0.7058823529411765,0.058823529411764705,0.23529411764705882,0.0,0.2916666666666667,DL,0.0,0.0,0.14583333333333334,0.0,7,dl,ur,ul,0,1,0,0,0
1,4,size9_comp0.2_grid4_base_medium,9,0.2,medium,base,base,5,5,10,10,0,1,1,1,1,1,13,37,0.2702702702702703,0.5675675675675675,0.5714285714285714,0.5652173913043478,7,1,10,17,15,4,5,8,21,8,1,3,0.08108108108108109,DL,1.221694907636328,9,1,11,0,16,0.42857142857142855,0.047619047619047616,0.5238095238095238,0.0,0.43243243243243246,DL,0.08108108108108109,0.0,0.24324324324324326,0.0,9,dl,ur,ul,1,0,0,0,0
2,4,size9_comp0.2_grid4_base_medium,9,0.2,medium,base,base,5,5,10,10,0,1,1,1,1,1,9,31,0.3225806451612903,0.6129032258064516,0.7,0.5714285714285714,7,0,10,14,12,2,8,8,16,8,5,3,0.0967741935483871,UL,0.785235442391543,20,1,3,0,7,0.8333333333333334,0.041666666666666664,0.125,0.0,0.22580645161290322,UL,0.16129032258064516,0.0,0.06451612903225806,0.0,5,dl,ur,ul,0,1,0,0,0
3,4,size9_comp0.2_grid4_base_medium,9,0.2,medium,base,base,5,5,10,10,0,1,1,1,0,1,22,48,0.0,0.4791666666666667,0.5652173913043478,0.4,5,1,22,18,16,6,4,17,34,14,4,7,0.14583333333333334,UL,1.419556298571613,14,8,4,0,22,0.5384615384615384,0.3076923076923077,0.15384615384615385,0.0,0.4583333333333333,UR,0.0,0.0625,0.0625,0.0,3,dl,ur,ul,0,1,0,0,0
4,4,size9_comp0.2_grid4_base_medium,9,0.2,medium,base,base,5,5,10,10,0,1,1,1,0,1,6,48,0.0,0.5,0.8571428571428571,0.43902439024390244,5,1,18,22,14,2,5,22,33,18,0,6,0.125,UR,1.1254908068679137,4,15,2,0,27,0.19047619047619047,0.7142857142857143,0.09523809523809523,0.0,0.5625,UR,0.0,0.20833333333333334,0.020833333333333332,0.0,10,dl,ur,ul,0,0,0,0,0
5,4,size9_comp0.2_grid4_base_medium,9,0.2,medium,base,base,5,5,10,10,0,1,1,1,0,1,32,48,0.0,0.5208333333333334,0.5151515151515151,0.5333333333333333,7,1,18,22,7,7,7,26,36,23,7,6,0.125,UL,0.7486345514120754,35,1,6,0,6,0.8333333333333334,0.023809523809523808,0.14285714285714285,0.0,0.125,UL,0.20833333333333334,0.0,0.08333333333333333,0.0,10,dl,ur,ul,0,1,0,0,0
6,4,size9_comp0.2_grid4_base_medium,9,0.2,medium,base,base,5,5,10,10,0,1,1,1,0,1,20,48,0.0,0.4375,0.5238095238095238,0.37037037037037035,6,3,18,18,13,4,9,15,36,11,9,6,0.125,UL,0.9751190649408661,16,0,11,0,21,0.5925925925925926,0.0,0.4074074074074074,0.0,0.4375,DL,0.0,0.0,0.1875,0.0,9,dl,ur,ul,0,1,0,0,0
7,4,size9_comp0.2_grid4_base_medium,9,0.2,medium,base,base,5,5,10,10,0,1,1,1,0,1,15,48,0.0,0.4583333333333333,0.5625,0.40625,5,1,16,23,9,4,6,22,34,19,2,6,0.125,UL,1.0910862444927811,19,1,9,0,19,0.6551724137931034,0.034482758620689655,0.3103448275862069,0.0,0.3958333333333333,UL,0.14583333333333334,0.0,0.125,0.0,7,dl,ur,ul,0,1,0,0,0
8,4,size9_comp0.2_grid4_base_medium,9,0.2,medium,base,base,5,5,10,10,0,1,1,1,0,1,29,48,0.0,0.4166666666666667,0.43333333333333335,0.3888888888888889,4,2,24,16,11,3,6,23,37,18,8,9,0.1875,UL,0.2811937964320427,39,0,2,0,7,0.9512195121951219,0.0,0.04878048780487805,0.0,0.14583333333333334,UL,0.125,0.0,0.020833333333333332,0.0,6,dl,ur,ul,0,1,0,0,0
9,4,size9_comp0.2_grid4_base_medium,9,0.2,medium,base,base,5,5,10,10,0,1,1,1,0,1,16,48,0.0,0.4791666666666667,0.5882352941176471,0.41935483870967744,7,4,16,19,9,11,7,16,37,16,18,3,0.0625,UL,0.824980257347893,22,1,4,0,21,0.8148148148148148,0.037037037037037035,0.14814814814814814,0.0,0.4375,DL,0.0,0.0,0.020833333333333332,0.0,1,dl,ur,ul,0,1,0,0,0
0,5,size9_comp0.2_grid5_base_medium,9,0.2,medium,base,base,4,5,9,3,3,1,1,1,1,0,-1,5,0.0,0.4,0.4,0.0,0,0,4,1,2,0,0,2,2,2,0,0,0.0,DR,-0.0,0,0,0,5,0,0.0,0.0,0.0,1.0,0.0,,0.0,0.0,0.0,0.0,0,dr,midline,ur,1,0,0,0,0
1,5,size9_comp0.2_grid5_base_medium,9,0.2,medium,base,base,4,5,9,3,3,1,1,1,1,0,-1,3,0.0,0.3333333333333333,0.3333333333333333,0.0,0,0,3,0,2,0,0,0,0,0,0,0,0.0,DR,-0.0,0,0,0,3,0,0.0,0.0,0.0,1.0,0.0,,0.0,0.0,0.0,0.0,0,dr,midline,ur,1,0,0,0,0
2,5,size9_comp0.2_grid5_base_medium,9,0.2,medium,base,base,4,5,9,3,3,1,1,1,1,0,-1,3,0.0,0.3333333333333333,0.3333333333333333,0.0,0,0,3,0,2,0,0,0,0,0,0,0,0.0,DR,-0.0,0,0,0,3,0,0.0,0.0,0.0,1.0,0.0,,0.0,0.0,0.0,0.0,0,dr,midline,ur,1,0,0,0,0
3,5,size9_comp0.2_grid5_base_medium,9,0.2,medium,base,base,4,5,9,3,3,1,1,1,1,0,-1,3,0.0,0.3333333333333333,0.3333333333333333,0.0,0,0,3,0,2,0,0,0,0,0,0,0,0.0,DR,-0.0,0,0,0,3,0,0.0,0.0,0.0,1.0,0.0,,0.0,0.0,0.0,0.0,0,dr,midline,ur,1,0,0,0,0
4,5,size9_comp0.2_grid5_base_medium,9,0.2,medium,base,base,4,5,9,3,3,1,1,1,1,0,-1,3,0.0,0.3333333333333333,0.3333333333333333,0.0,0,0,3,0,2,0,0,0,0,0,0,0,0.0,DR,-0.0,0,0,0,3,0,0.0,0.0,0.0,1.0,0.0,,0.0,0.0,0.0,0.0,0,dr,midline,ur,1,0,0,0,0
5,5,size9_comp0.2_grid5_base_medium,9,0.2,medium,base,base,4,5,9,3,3,1,1,1,1,0,-1,3,0.0,0.3333333333333333,0.3333333333333333,0.0,0,0,3,0,2,0,0,0,0,0,0,0,0.0,DR,-0.0,0,0,0,3,0,0.0,0.0,0.0,1.0,0.0,,0.0,0.0,0.0,0.0,0,dr,midline,ur,1,0,0,0,0
6,5,size9_comp0.2_grid5_base_medium,9,0.2,medium,base,base,4,5,9,3,3,1,1,1,1,0,-1,5,0.0,0.4,0.4,0.0,0,0,4,1,2,0,0,2,2,2,0,0,0.0,DR,-0.0,0,0,0,5,0,0.0,0.0,0.0,1.0,0.0,,0.0,0.0,0.0,0.0,0,dr,midline,ur,1,0,0,0,0
7,5,size9_comp0.2_grid5_base_medium,9,0.2,medium,base,base,4,5,9,3,3,1,1,1,1,0,-1,3,0.0,0.3333333333333333,0.3333333333333333,0.0,0,0,3,0,2,0,0,0,0,0,0,0,0.0,DR,-0.0,0,0,0,3,0,0.0,0.0,0.0,1.0,0.0,,0.0,0.0,0.0,0.0,0,dr,midline,ur,1,0,0,0,0
8,5,size9_comp0.2_grid5_base_medium,9,0.2,medium,base,base,4,5,9,3,3,1,1,1,1,0,-1,3,0.0,0.3333333333333333,0.3333333333333333,0.0,0,0,3,0,2,0,0,0,0,0,0,0,0.0,DR,-0.0,0,0,0,3,0,0.0,0.0,0.0,1.0,0.0,,0.0,0.0,0.0,0.0,0,dr,midline,ur,1,0,0,0,0
9,5,size9_comp0.2_grid5_base_medium,9,0.2,medium,base,base,4,5,9,3,3,1,1,1,1,0,-1,4,0.0,0.25,0.25,0.0,0,0,3,1,2,0,0,1,1,0,0,1,0.25,DR,-0.0,0,0,0,4,0,0.0,0.0,0.0,1.0,0.0,,0.0,0.0,0.0,0.0,0,dr,midline,ur,1,0,0,0,0
0,6,size9_comp0.2_grid6_base_medium,9,0.2,medium,base,base,6,4,10,4,4,1,1,1,1,0,-1,22,0.0,0.5454545454545454,0.5454545454545454,0.0,3,0,9,10,8,1,5,7,7,7,0,0,0.0,UL,1.771782221599798,7,4,1,4,6,0.4375,0.25,0.0625,0.25,0.2727272727272727,UL,0.09090909090909091,0.09090909090909091,0.0,0.0,2,dr,ur,midline,0,0,0,0,0
1,6,size9_comp0.2_grid6_base_medium,9,0.2,medium,base,base,6,4,10,4,4,1,1,1,1,0,-1,5,0.0,0.6,0.6,0.0,4,0,0,1,2,1,1,0,1,0,0,1,0.2,UR,1.0,0,1,0,1,3,0.0,0.5,0.0,0.5,0.6,,0.0,0.0,0.0,0.0,0,dr,ur,midline,0,0,0,0,0
2,6,size9_comp0.2_grid6_base_medium,9,0.2,medium,base,base,6,4,10,4,4,1,1,1,1,0,-1,6,0.0,0.6666666666666666,0.6666666666666666,0.0,3,0,1,2,3,0,2,0,0,0,0,0,0.0,UR,0.9709505944546686,0,3,0,2,1,0.0,0.6,0.0,0.4,0.16666666666666666,UR,0.0,0.16666666666666666,0.0,0.0,1,dr,ur,midline,0,0,0,0,0
3,6,size9_comp0.2_grid6_base_medium,9,0.2,medium,base,base,6,4,10,4,4,1,1,1,1,0,-1,19,0.0,0.15789473684210525,0.15789473684210525,0.0,9,0,8,2,12,2,2,2,15,0,0,15,0.7894736842105263,UR,0.4394969869215134,0,10,0,1,8,0.0,0.9090909090909091,0.0,0.09090909090909091,0.42105263157894735,,0.0,0.0,0.0,0.0,0,dr,ur,midline,0,0,0,0,0
4,6,size9_comp0.2_grid6_base_medium,9,0.2,medium,base,base,6,4,10,4,4,1,1,1,1,0,-1,16,0.0,0.5625,0.5625,0.0,3,0,6,7,7,2,4,2,2,2,0,0,0.0,UL,1.789929075309999,5,3,1,2,5,0.45454545454545453,0.2727272727272727,0.09090909090909091,0.18181818181818182,0.3125,UL,0.125,0.0625,0.0,0.0,2,dr,ur,midline,0,0,0,0,0
5,6,size9_comp0.2_grid6_base_medium,9,0.2,medium,base,base,6,4,10,4,4,1,1,1,0,0,-1,48,0.0,0.5416666666666666,0.5416666666666666,0.0,4,1,22,21,17,1,3,26,34,25,0,0,0.0,UL,1.0360543354041232,25,7,0,2,14,0.7352941176470589,0.20588235294117646,0.0,0.058823529411764705,0.2916666666666667,UL,0.041666666666666664,0.020833333333333332,0.0,0.0,2,dr,ur,midline,0,0,0,0,0
6,6,size9_comp0.2_grid6_base_medium,9,0.2,medium,base,base,6,4,10,4,4,1,1,1,1,0,-1,27,0.0,0.14814814814814814,0.14814814814814814,0.0,4,0,19,4,15,3,4,4,21,0,0,21,0.7777777777777778,UR,0.4262286569981449,0,21,0,2,4,0.0,0.9130434782608695,0.0,0.08695652173913043,0.14814814814814814,,0.0,0.0,0.0,0.0,0,dr,ur,midline,0,0,0,0,0
7,6,size9_comp0.2_grid6_base_medium,9,0.2,medium,base,base,6,4,10,4,4,1,1,1,0,0,-1,48,0.0,0.4791666666666667,0.4791666666666667,0.0,4,1,26,17,14,2,6,25,34,22,0,6,0.125,UL,1.437790870901344,17,0,13,5,13,0.4857142857142857,0.0,0.37142857142857144,0.14285714285714285,0.2708333333333333,UL,0.0625,0.0,0.0,0.0,2,dr,ur,midline,0,0,0,0,0
8,6,size9_comp0.2_grid6_base_medium,9,0.2,medium,base,base,6,4,10,4,4,1,1,1,1,0,-1,17,0.0,0.47058823529411764,0.47058823529411764,0.0,5,0,5,7,9,1,3,3,8,2,0,3,0.17647058823529413,UR,0.9910760598382222,0,5,0,4,8,0.0,0.5555555555555556,0.0,0.4444444444444444,0.47058823529411764,UR,0.0,0.11764705882352941,0.0,0.0,1,dr,ur,midline,0,0,0,0,0
9,6,size9_comp0.2_grid6_base_medium,9,0.2,medium,base,base,6,4,10,4,4,1,1,1,1,0,-1,13,0.0,0.38461538461538464,0.38461538461538464,0.0,8,0,2,3,8,2,1,1,7,1,0,5,0.38461538461538464,DR,0.7219280948873623,0,1,0,4,8,0.0,0.2,0.0,0.8,0.6153846153846154,,0.0,0.0,0.0,0.0,0,dr,ur,midline,1,0,0,0,0
0,7,size9_comp0.2_grid7_base_medium,9,0.2,medium,base,base,4,5,9,5,2,1,1,1,1,0,-1,5,0.0,0.4,0.4,0.0,2,0,3,0,2,1,1,0,0,0,0,0,0.0,DL,-0.0,0,0,3,0,2,0.0,0.0,1.0,0.0,0.4,DL,0.0,0.0,0.4,0.0,2,midline,dl,midline,0,0,0,0,0
1,7,size9_comp0.2_grid7_base_medium,9,0.2,medium,base,base,4,5,9,5,2,1,1,1,1,0,-1,5,0.0,0.4,0.4,0.0,2,0,3,0,3,1,0,0,0,0,0,0,0.0,DL,-0.0,0,0,2,0,3,0.0,0.0,1.0,0.0,0.6,,0.0,0.0,0.0,0.0,0,midline,dl,midline,0,0,0,0,0
2,7,size9_comp0.2_grid7_base_medium,9,0.2,medium,base,base,4,5,9,5,2,1,1,1,1,0,-1,5,0.0,0.4,0.4,0.0,2,0,3,0,1,2,1,0,0,0,0,0,0.0,DL,-0.0,0,0,3,0,2,0.0,0.0,1.0,0.0,0.4,,0.0,0.0,0.0,0.0,0,midline,dl,midline,0,0,0,0,0
3,7,size9_comp0.2_grid7_base_medium,9,0.2,medium,base,base,4,5,9,5,2,1,1,1,1,0,-1,7,0.0,0.42857142857142855,0.42857142857142855,0.0,2,0,4,1,3,1,0,2,2,2,0,0,0.0,DL,-0.0,0,0,3,0,4,0.0,0.0,1.0,0.0,0.5714285714285714,,0.0,0.0,0.0,0.0,0,midline,dl,midline,0,0,0,0,0
4,7,size9_comp0.2_grid7_base_medium,9,0.2,medium,base,base,4,5,9,5,2,1,1,1,1,0,-1,9,0.0,0.4444444444444444,0.4444444444444444,0.0,2,0,5,2,1,2,1,4,4,4,0,0,0.0,DL,-0.0,0,0,7,0,2,0.0,0.0,1.0,0.0,0.2222222222222222,,0.0,0.0,0.0,0.0,0,midline,dl,midline,0,0,0,0,0
5,7,size9_comp0.2_grid7_base_medium,9,0.2,medium,base,base,4,5,9,5,2,1,1,1,1,0,-1,12,0.0,0.4166666666666667,0.4166666666666667,0.0,2,0,6,3,3,1,1,4,6,4,0,0,0.0,DL,-0.0,0,0,8,0,4,0.0,0.0,1.0,0.0,0.3333333333333333,,0.0,0.0,0.0,0.0,0,midline,dl,midline,0,0,0,0,0
6,7,size9_comp0.2_grid7_base_medium,9,0.2,medium,base,base,4,5,9,5,2,1,1,1,1,0,-1,7,0.0,0.42857142857142855,0.42857142857142855,0.0,2,0,4,1,3,1,0,2,2,2,0,0,0.0,DL,-0.0,0,0,3,0,4,0.0,0.0,1.0,0.0,0.5714285714285714,,0.0,0.0,0.0,0.0,0,midline,dl,midline,0,0,0,0,0
7,7,size9_comp0.2_grid7_base_medium,9,0.2,medium,base,base,4,5,9,5,2,1,1,1,1,0,-1,9,0.0,0.4444444444444444,0.4444444444444444,0.0,2,0,5,2,2,2,2,2,2,2,0,0,0.0,DL,0.8112781244591328,0,0,3,1,5,0.0,0.0,0.75,0.25,0.5555555555555556,,0.0,0.0,0.0,0.0,0,midline,dl,midline,0,0,0,0,0
8,7,size9_comp0.2_grid7_base_medium,9,0.2,medium,base,base,4,5,9,5,2,1,1,1,1,0,-1,7,0.0,0.42857142857142855,0.42857142857142855,0.0,3,1,3,0,2,1,2,1,1,1,0,0,0.0,DL,-0.0,0,0,4,0,3,0.0,0.0,1.0,0.0,0.42857142857142855,,0.0,0.0,0.0,0.0,0,midline,dl,midline,0,0,0,0,0
9,7,size9_comp0.2_grid7_base_medium,9,0.2,medium,base,base,4,5,9,5,2,1,1,1,1,0,-1,9,0.0,0.4444444444444444,0.4444444444444444,0.0,2,0,5,2,2,2,2,2,2,2,0,0,0.0,DL,-0.0,0,0,7,0,2,0.0,0.0,1.0,0.0,0.2222222222222222,DL,0.0,0.0,0.1111111111111111,0.0,1,midline,dl,midline,0,0,0,0,0
0,8,size9_comp0.2_grid8_base_medium,9,0.2,medium,base,base,8,7,15,3,6,1,1,1,1,0,-1,26,0.0,0.4230769230769231,0.4230769230769231,0.0,0,2,14,10,11,2,2,10,17,9,0,5,0.19230769230769232,UL,0.6962122601251458,13,3,0,0,10,0.8125,0.1875,0.0,0.0,0.38461538461538464,,0.0,0.0,0.0,0.0,0,midline,ur,dl,0,0,0,0,0
1,8,size9_comp0.2_grid8_base_medium,9,0.2,medium,base,base,8,7,15,3,6,1,1,1,1,0,-1,13,0.0,0.5384615384615384,0.5384615384615384,0.0,0,2,5,6,3,4,0,5,6,5,0,0,0.0,UL,0.5916727785823275,6,1,0,0,6,0.8571428571428571,0.14285714285714285,0.0,0.0,0.46153846153846156,,0.0,0.0,0.0,0.0,0,midline,ur,dl,0,0,0,0,0
2,8,size9_comp0.2_grid8_base_medium,9,0.2,medium,base,base,8,7,15,3,6,1,1,1,1,0,-1,8,0.0,0.5,0.5,0.0,0,2,3,3,3,2,0,2,3,2,0,1,0.125,UL,-0.0,5,0,0,0,3,1.0,0.0,0.0,0.0,0.375,,0.0,0.0,0.0,0.0,0,midline,ur,dl,0,0,0,0,0
3,8,size9_comp0.2_grid8_base_medium,9,0.2,medium,base,base,8,7,15,3,6,1,1,1,1,0,-1,3,0.0,0.6666666666666666,0.6666666666666666,0.0,0,2,0,1,1,1,0,0,0,0,0,0,0.0,UL,0.0,0,0,0,0,3,0.0,0.0,0.0,0.0,1.0,,0.0,0.0,0.0,0.0,0,midline,ur,dl,0,0,0,0,0
4,8,size9_comp0.2_grid8_base_medium,9,0.2,medium,base,base,8,7,15,3,6,1,1,1,1,0,-1,7,0.0,0.5714285714285714,0.5714285714285714,0.0,0,2,2,3,2,1,2,1,1,1,0,0,0.0,UL,0.7219280948873623,4,1,0,0,2,0.8,0.2,0.0,0.0,0.2857142857142857,UL,0.14285714285714285,0.0,0.0,0.0,1,midline,ur,dl,0,0,0,0,0
5,8,size9_comp0.2_grid8_base_medium,9,0.2,medium,base,base,8,7,15,3,6,1,1,1,0,0,-1,48,0.0,0.5208333333333334,0.5208333333333334,0.0,4,9,21,14,9,5,10,23,37,22,0,5,0.10416666666666667,UL,0.676941869780886,23,0,5,0,20,0.8214285714285714,0.0,0.17857142857142858,0.0,0.4166666666666667,UL,0.0625,0.0,0.0,0.0,1,midline,ur,dl,0,0,0,0,0
6,8,size9_comp0.2_grid8_base_medium,9,0.2,medium,base,base,8,7,15,3,6,1,1,1,1,0,-1,27,0.0,0.37037037037037035,0.37037037037037035,0.0,0,2,16,9,11,2,2,11,20,10,0,8,0.2962962962962963,UL,-0.0,20,0,0,0,7,1.0,0.0,0.0,0.0,0.25925925925925924,UL,0.07407407407407407,0.0,0.0,0.0,1,midline,ur,dl,0,0,0,0,0
7,8,size9_comp0.2_grid8_base_medium,9,0.2,medium,base,base,8,7,15,3,6,1,1,1,1,0,-1,7,0.0,0.5714285714285714,0.5714285714285714,0.0,0,2,2,3,2,1,1,2,3,2,0,0,0.0,UR,-0.0,0,4,0,0,3,0.0,1.0,0.0,0.0,0.42857142857142855,UR,0.0,0.14285714285714285,0.0,0.0,1,midline,ur,dl,0,0,0,0,0
8,8,size9_comp0.2_grid8_base_medium,9,0.2,medium,base,base,8,7,15,3,6,1,1,1,0,0,-1,48,0.0,0.3958333333333333,0.3958333333333333,0.0,1,4,28,15,19,3,5,20,37,18,0,13,0.2708333333333333,UL,-0.0,36,0,0,0,12,1.0,0.0,0.0,0.0,0.25,UL,0.020833333333333332,0.0,0.0,0.0,1,midline,ur,dl,0,0,0,0,0
9,8,size9_comp0.2_grid8_base_medium,9,0.2,medium,base,base,8,7,15,3,6,1,1,1,1,0,-1,10,0.0,0.4,0.4,0.0,0,2,5,3,4,4,0,1,4,1,0,3,0.3,UL,-0.0,7,0,0,0,3,1.0,0.0,0.0,0.0,0.3,,0.0,0.0,0.0,0.0,0,midline,ur,dl,0,0,0,0,0
0,9,size9_comp0.2_grid9_base_medium,9,0.2,medium,base,base,6,9,15,3,6,1,1,1,0,0,-1,48,0.0,0.4791666666666667,0.4791666666666667,0.0,10,10,15,13,14,5,13,15,35,15,0,0,0.0,UL,0.9996551889197438,19,1,6,0,22,0.7307692307692307,0.038461538461538464,0.23076923076923078,0.0,0.4583333333333333,UL,0.041666666666666664,0.0,0.0,0.0,2,ul,ul,dr,1,0,0,0,0
1,9,size9_comp0.2_grid9_base_medium,9,0.2,medium,base,base,6,9,15,3,6,1,1,1,0,0,-1,48,0.0,0.5,0.5,0.0,12,13,12,11,5,12,15,15,38,14,0,0,0.0,UL,0.74959525725948,22,0,6,0,20,0.7857142857142857,0.0,0.21428571428571427,0.0,0.4166666666666667,UL,0.041666666666666664,0.0,0.0,0.0,2,ul,ul,dr,1,0,0,0,0
2,9,size9_comp0.2_grid9_base_medium,9,0.2,medium,base,base,6,9,15,3,6,1,1,1,0,0,-1,48,0.0,0.5,0.5,0.0,10,12,14,12,7,12,16,12,37,11,0,0,0.0,UL,0.9182958340544896,16,0,8,0,24,0.6666666666666666,0.0,0.3333333333333333,0.0,0.5,UL,0.08333333333333333,0.0,0.0,0.0,4,ul,ul,dr,1,0,0,0,0
3,9,size9_comp0.2_grid9_base_medium,9,0.2,medium,base,base,6,9,15,3,6,1,1,1,0,0,-1,48,0.0,0.5,0.5,0.0,9,13,13,13,11,7,15,14,33,14,0,2,0.041666666666666664,UL,1.7130788426267933,8,1,5,3,31,0.47058823529411764,0.058823529411764705,0.29411764705882354,0.17647058823529413,0.6458333333333334,,0.0,0.0,0.0,0.0,0,ul,ul,dr,1,0,0,0,0
4,9,size9_comp0.2_grid9_base_medium,9,0.2,medium,base,base,6,9,15,3,6,1,1,1,0,0,-1,48,0.0,0.5,0.5,0.0,8,10,15,15,8,12,14,13,35,12,0,1,0.020833333333333332,DL,1.3015742892816131,8,2,13,0,25,0.34782608695652173,0.08695652173913043,0.5652173913043478,0.0,0.5208333333333334,,0.0,0.0,0.0,0.0,0,ul,ul,dr,0,0,0,0,0
5,9,size9_comp0.2_grid9_base_medium,9,0.2,medium,base,base,6,9,15,3,6,1,1,1,0,0,-1,48,0.0,0.5,0.5,0.0,9,10,15,14,9,9,12,17,35,17,0,0,0.0,UL,0.9957274520849255,14,0,12,0,22,0.5384615384615384,0.0,0.46153846153846156,0.0,0.4583333333333333,DL,0.0,0.0,0.08333333333333333,0.0,4,ul,ul,dr,1,0,0,0,0
6,9,size9_comp0.2_grid9_base_medium,9,0.2,medium,base,base,6,9,15,3,6,1,1,1,0,0,-1,48,0.0,0.5,0.5,0.0,8,11,15,14,10,8,16,13,33,13,0,1,0.020833333333333332,DL,0.659459211658581,3,0,27,1,17,0.0967741935483871,0.0,0.8709677419354839,0.03225806451612903,0.3541666666666667,DL,0.0,0.0,0.25,0.0,6,ul,ul,dr,0,0,0,0,0
7,9,size9_comp0.2_grid9_base_medium,9,0.2,medium,base,base,6,9,15,3,6,1,1,1,0,0,-1,48,0.0,0.4791666666666667,0.4791666666666667,0.0,12,12,12,12,7,11,8,21,36,19,0,2,0.041666666666666664,UL,0.9940302114769565,12,0,10,0,26,0.5454545454545454,0.0,0.45454545454545453,0.0,0.5416666666666666,,0.0,0.0,0.0,0.0,0,ul,ul,dr,1,0,0,0,0
8,9,size9_comp0.2_grid9_base_medium,9,0.2,medium,base,base,6,9,15,3,6,1,1,1,0,0,-1,48,0.0,0.4791666666666667,0.4791666666666667,0.0,11,14,11,12,2,15,11,19,37,17,0,2,0.041666666666666664,DR,1.287054028118727,3,0,2,9,34,0.21428571428571427,0.0,0.14285714285714285,0.6428571428571429,0.7083333333333334,,0.0,0.0,0.0,0.0,0,ul,ul,dr,0,1,0,0,0
9,9,size9_comp0.2_grid9_base_medium,9,0.2,medium,base,base,6,9,15,3,6,1,1,1,0,0,-1,48,0.0,0.4791666666666667,0.4791666666666667,0.0,11,12,11,14,11,10,14,12,31,12,0,2,0.041666666666666664,DL,0.9283620723948676,11,0,21,0,16,0.34375,0.0,0.65625,0.0,0.3333333333333333,DL,0.0,0.0,0.08333333333333333,0.0,3,ul,ul,dr,0,0,0,0,0
0,0,size9_comp0.4_grid0_base_medium,9,0.4,medium,base,base,3,8,11,7,2,1,1,1,0,0,-1,48,0.0,0.041666666666666664,0.041666666666666664,0.0,1,0,46,1,43,1,1,2,44,1,0,43,0.8958333333333334,DL,0.4262286569981449,0,0,42,4,2,0.0,0.0,0.9130434782608695,0.08695652173913043,0.041666666666666664,,0.0,0.0,0.0,0.0,0,dr,dl,dr,0,0,0,0,0
1,0,size9_comp0.4_grid0_base_medium,9,0.4,medium,base,base,3,8,11,7,2,1,1,1,0,0,-1,48,0.0,0.14583333333333334,0.14583333333333334,0.0,1,0,41,6,38,1,0,8,44,6,0,33,0.6875,DL,0.46121604051390946,0,0,37,4,7,0.0,0.0,0.9024390243902439,0.0975609756097561,0.14583333333333334,,0.0,0.0,0.0,0.0,0,dr,dl,dr,0,0,0,0,0
2,0,size9_comp0.4_grid0_base_medium,9,0.4,medium,base,base,3,8,11,7,2,1,1,1,0,0,-1,48,0.0,0.08333333333333333,0.08333333333333333,0.0,1,0,44,3,39,1,1,6,44,4,0,39,0.8125,DL,0.4394969869215134,0,0,40,4,4,0.0,0.0,0.9090909090909091,0.09090909090909091,0.08333333333333333,,0.0,0.0,0.0,0.0,0,dr,dl,dr,0,0,0,0,0
3,0,size9_comp0.4_grid0_base_medium,9,0.4,medium,base,base,3,8,11,7,2,1,1,1,0,0,-1,48,0.0,0.125,0.125,0.0,1,3,39,5,29,4,4,10,43,4,0,35,0.7291666666666666,DR,0.9256859869821299,0,0,15,29,4,0.0,0.0,0.3409090909090909,0.6590909090909091,0.08333333333333333,DR,0.0,0.0,0.0,0.041666666666666664,1,dr,dl,dr,1,1,0,0,0
4,0,size9_comp0.4_grid0_base_medium,9,0.4,medium,base,base,3,8,11,7,2,1,1,1,0,0,-1,48,0.0,0.14583333333333334,0.14583333333333334,0.0,1,2,39,6,33,2,1,11,44,5,0,33,0.6875,DL,0.7592757847892833,0,0,32,9,7,0.0,0.0,0.7804878048780488,0.21951219512195122,0.14583333333333334,,0.0,0.0,0.0,0.0,0,dr,dl,dr,0,0,0,0,0
5,0,size9_comp0.4_grid0_base_medium,9,0.4,medium,base,base,3,8,11,7,2,1,1,1,0,0,-1,48,0.0,0.14583333333333334,0.14583333333333334,0.0,2,1,39,6,32,4,2,9,43,5,0,34,0.7083333333333334,DL,0.9182958340544896,0,0,30,15,3,0.0,0.0,0.6666666666666666,0.3333333333333333,0.0625,DR,0.0,0.0,0.0,0.08333333333333333,2,dr,dl,dr,0,0,0,0,0
6,0,size9_comp0.4_grid0_base_medium,9,0.4,medium,base,base,3,8,11,7,2,1,1,1,0,0,-1,48,0.0,0.10416666666666667,0.10416666666666667,0.0,1,2,41,4,33,3,3,8,43,5,0,37,0.7708333333333334,DR,0.9503376699710268,0,0,17,29,2,0.0,0.0,0.3695652173913043,0.6304347826086957,0.041666666666666664,DR,0.0,0.0,0.0,0.0625,1,dr,dl,dr,1,1,0,0,0
7,0,size9_comp0.4_grid0_base_medium,9,0.4,medium,base,base,3,8,11,7,2,1,1,1,0,0,-1,48,0.0,0.125,0.125,0.0,1,0,42,5,37,1,1,8,44,4,0,35,0.7291666666666666,DL,0.4537163391869448,0,0,38,4,6,0.0,0.0,0.9047619047619048,0.09523809523809523,0.125,,0.0,0.0,0.0,0.0,0,dr,dl,dr,0,0,0,0,0
8,0,size9_comp0.4_grid0_base_medium,9,0.4,medium,base,base,3,8,11,7,2,1,1,1,0,0,-1,48,0.0,0.14583333333333334,0.14583333333333334,0.0,1,2,39,6,33,2,3,9,44,6,0,34,0.7083333333333334,DL,0.9852281360342515,0,0,24,18,6,0.0,0.0,0.5714285714285714,0.42857142857142855,0.125,,0.0,0.0,0.0,0.0,0,dr,dl,dr,0,0,0,0,0
9,0,size9_comp0.4_grid0_base_medium,9,0.4,medium,base,base,3,8,11,7,2,1,1,1,0,0,-1,48,0.0,0.0625,0.0625,0.0,1,0,38,9,31,1,1,14,44,1,0,43,0.8958333333333334,DR,-0.0,0,0,0,48,0,0.0,0.0,0.0,1.0,0.0,DR,0.0,0.0,0.0,0.875,41,dr,dl,dr,1,1,0,0,0
0,1,size9_comp0.4_grid1_base_medium,9,0.4,medium,base,base,9,12,21,3,9,1,1,1,1,0,-1,3,0.0,0.0,0.0,0.0,0,0,3,0,2,0,0,0,0,0,0,0,0.0,DL,-0.0,0,0,2,0,1,0.0,0.0,1.0,0.0,0.3333333333333333,DL,0.0,0.0,0.3333333333333333,0.0,1,midline,dl,ul,0,0,0,0,0
1,1,size9_comp0.4_grid1_base_medium,9,0.4,medium,base,base,9,12,21,3,9,1,1,1,1,0,-1,5,0.0,0.2,0.2,0.0,0,0,4,1,3,0,0,1,1,1,0,0,0.0,DL,0.9182958340544896,0,0,2,1,2,0.0,0.0,0.6666666666666666,0.3333333333333333,0.4,DL,0.0,0.0,0.2,0.0,1,midline,dl,ul,0,0,0,0,0
2,1,size9_comp0.4_grid1_base_medium,9,0.4,medium,base,base,9,12,21,3,9,1,1,1,1,0,-1,5,0.0,0.2,0.2,0.0,0,0,4,1,2,0,0,2,2,2,0,0,0.0,DL,-0.0,0,0,3,0,2,0.0,0.0,1.0,0.0,0.4,DL,0.0,0.0,0.2,0.0,1,midline,dl,ul,0,0,0,0,0
3,1,size9_comp0.4_grid1_base_medium,9,0.4,medium,base,base,9,12,21,3,9,1,1,1,1,0,-1,5,0.0,0.2,0.2,0.0,0,0,4,1,3,0,0,1,1,1,0,0,0.0,DL,0.9182958340544896,0,0,2,1,2,0.0,0.0,0.6666666666666666,0.3333333333333333,0.4,DL,0.0,0.0,0.2,0.0,1,midline,dl,ul,0,0,0,0,0
4,1,size9_comp0.4_grid1_base_medium,9,0.4,medium,base,base,9,12,21,3,9,1,1,1,1,0,-1,5,0.0,0.2,0.2,0.0,0,0,4,1,3,0,0,1,1,1,0,0,0.0,DL,0.9182958340544896,0,0,2,1,2,0.0,0.0,0.6666666666666666,0.3333333333333333,0.4,DL,0.0,0.0,0.2,0.0,1,midline,dl,ul,0,0,0,0,0
5,1,size9_comp0.4_grid1_base_medium,9,0.4,medium,base,base,9,12,21,3,9,1,1,1,1,0,-1,5,0.0,0.2,0.2,0.0,0,0,4,1,2,0,0,2,2,2,0,0,0.0,DL,-0.0,0,0,3,0,2,0.0,0.0,1.0,0.0,0.4,DL,0.0,0.0,0.2,0.0,1,midline,dl,ul,0,0,0,0,0
6,1,size9_comp0.4_grid1_base_medium,9,0.4,medium,base,base,9,12,21,3,9,1,1,1,1,0,-1,3,0.0,0.0,0.0,0.0,0,0,3,0,2,0,0,0,0,0,0,0,0.0,DL,-0.0,0,0,2,0,1,0.0,0.0,1.0,0.0,0.3333333333333333,DL,0.0,0.0,0.3333333333333333,0.0,1,midline,dl,ul,0,0,0,0,0
7,1,size9_comp0.4_grid1_base_medium,9,0.4,medium,base,base,9,12,21,3,9,1,1,1,1,0,-1,3,0.0,0.0,0.0,0.0,0,0,3,0,2,0,0,0,0,0,0,0,0.0,DL,-0.0,0,0,2,0,1,0.0,0.0,1.0,0.0,0.3333333333333333,DL,0.0,0.0,0.3333333333333333,0.0,1,midline,dl,ul,0,0,0,0,0
8,1,size9_comp0.4_grid1_base_medium,9,0.4,medium,base,base,9,12,21,3,9,1,1,1,1,0,-1,5,0.0,0.2,0.2,0.0,0,0,4,1,2,0,0,2,2,2,0,0,0.0,DL,-0.0,0,0,4,0,1,0.0,0.0,1.0,0.0,0.2,DL,0.0,0.0,0.4,0.0,1,midline,dl,ul,0,0,0,0,0
9,1,size9_comp0.4_grid1_base_medium,9,0.4,medium,base,base,9,12,21,3,9,1,1,1,1,0,-1,3,0.0,0.0,0.0,0.0,0,0,3,0,2,0,0,0,0,0,0,0,0.0,DL,-0.0,0,0,2,0,1,0.0,0.0,1.0,0.0,0.3333333333333333,DL,0.0,0.0,0.3333333333333333,0.0,1,midline,dl,ul,0,0,0,0,0
0,2,size9_comp0.4_grid2_base_medium,9,0.4,medium,base,base,4,3,7,5,3,1,1,1,0,1,13,48,0.0,0.3958333333333333,0.5714285714285714,0.3235294117647059,1,1,23,19,17,2,1,20,39,18,1,8,0.16666666666666666,UL,0.7706290693639405,24,7,0,0,17,0.7741935483870968,0.22580645161290322,0.0,0.0,0.3541666666666667,UL,0.10416666666666667,0.0,0.0,0.0,3,ul,ur,ur,1,0,0,0,0
1,2,size9_comp0.4_grid2_base_medium,9,0.4,medium,base,base,4,3,7,5,3,1,1,1,0,0,-1,48,0.0,0.3333333333333333,0.3333333333333333,0.0,1,4,26,17,17,3,3,24,41,20,0,14,0.2916666666666667,UL,0.3095434291503252,17,1,0,0,30,0.9444444444444444,0.05555555555555555,0.0,0.0,0.625,,0.0,0.0,0.0,0.0,0,ul,ur,ur,1,0,0,0,0
2,2,size9_comp0.4_grid2_base_medium,9,0.4,medium,base,base,4,3,7,5,3,1,1,1,0,0,-1,48,0.0,0.3333333333333333,0.3333333333333333,0.0,0,0,32,16,26,0,0,21,44,18,0,16,0.3333333333333333,UL,0.7871265862012691,26,8,0,0,14,0.7647058823529411,0.23529411764705882,0.0,0.0,0.2916666666666667,,0.0,0.0,0.0,0.0,0,ul,ur,ur,1,0,0,0,0
3,2,size9_comp0.4_grid2_base_medium,9,0.4,medium,base,base,4,3,7,5,3,1,1,1,0,0,-1,48,0.0,0.22916666666666666,0.22916666666666666,0.0,2,3,16,27,23,3,6,15,39,10,0,25,0.5208333333333334,UL,0.946686086912346,25,2,5,0,16,0.78125,0.0625,0.15625,0.0,0.3333333333333333,,0.0,0.0,0.0,0.0,0,ul,ur,ur,1,0,0,0,0
4,2,size9_comp0.4_grid2_base_medium,9,0.4,medium,base,base,4,3,7,5,3,1,1,1,0,0,-1,48,0.0,0.375,0.375,0.0,0,0,30,18,26,0,0,21,44,15,0,13,0.2708333333333333,UL,0.8112781244591328,24,8,0,0,16,0.75,0.25,0.0,0.0,0.3333333333333333,,0.0,0.0,0.0,0.0,0,ul,ur,ur,1,0,0,0,0
5,2,size9_comp0.4_grid2_base_medium,9,0.4,medium,base,base,4,3,7,5,3,1,1,1,0,0,-1,48,0.0,0.375,0.375,0.0,0,0,30,18,19,0,0,28,45,20,0,12,0.25,UL,0.6500224216483541,25,5,0,0,18,0.8333333333333334,0.16666666666666666,0.0,0.0,0.375,,0.0,0.0,0.0,0.0,0,ul,ur,ur,1,0,0,0,0
6,2,size9_comp0.4_grid2_base_medium,9,0.4,medium,base,base,4,3,7,5,3,1,1,1,0,0,-1,48,0.0,0.3333333333333333,0.3333333333333333,0.0,1,1,29,17,22,3,1,21,42,12,0,17,0.3541666666666667,UL,0.3809465857053901,25,2,0,0,21,0.9259259259259259,0.07407407407407407,0.0,0.0,0.4375,,0.0,0.0,0.0,0.0,0,ul,ur,ur,1,0,0,0,0
7,2,size9_comp0.4_grid2_base_medium,9,0.4,medium,base,base,4,3,7,5,3,1,1,1,0,0,-1,48,0.0,0.3333333333333333,0.3333333333333333,0.0,2,3,21,22,15,4,6,22,38,15,0,19,0.3958333333333333,UL,0.18717625687320816,34,1,0,0,13,0.9714285714285714,0.02857142857142857,0.0,0.0,0.2708333333333333,UL,0.14583333333333334,0.0,0.0,0.0,7,ul,ur,ur,1,0,0,0,0
8,2,size9_comp0.4_grid2_base_medium,9,0.4,medium,base,base,4,3,7,5,3,1,1,1,0,0,-1,48,0.0,0.2916666666666667,0.2916666666666667,0.0,2,2,28,16,21,5,3,18,40,11,0,20,0.4166666666666667,UL,1.0701171824542437,23,5,3,0,17,0.7419354838709677,0.16129032258064516,0.0967741935483871,0.0,0.3541666666666667,,0.0,0.0,0.0,0.0,0,ul,ur,ur,1,0,0,0,0
9,2,size9_comp0.4_grid2_base_medium,9,0.4,medium,base,base,4,3,7,5,3,1,1,1,0,0,-1,48,0.0,0.3333333333333333,0.3333333333333333,0.0,0,0,32,16,20,0,0,27,45,19,0,17,0.3541666666666667,UL,0.32984607020714635,31,2,0,0,15,0.9393939393939394,0.06060606060606061,0.0,0.0,0.3125,,0.0,0.0,0.0,0.0,0,ul,ur,ur,1,0,0,0,0
0,3,size9_comp0.4_grid3_base_medium,9,0.4,medium,base,base,11,5,16,6,5,1,1,1,1,0,-1,10,0.0,0.7,0.7,0.0,0,3,6,1,4,1,2,2,4,1,0,2,0.2,UR,0.9182958340544896,0,2,0,1,7,0.0,0.6666666666666666,0.0,0.3333333333333333,0.7,UR,0.0,0.1,0.0,0.0,1,ur,midline,dl,1,0,0,0,0
1,3,size9_comp0.4_grid3_base_medium,9,0.4,medium,base,base,11,5,16,6,5,1,1,1,0,0,-1,48,0.0,0.14583333333333334,0.14583333333333334,0.0,0,20,24,4,14,15,13,5,42,4,0,35,0.7291666666666666,UL,0.5916727785823275,36,6,0,0,6,0.8571428571428571,0.14285714285714285,0.0,0.0,0.125,UR,0.0,0.08333333333333333,0.0,0.0,4,ur,midline,dl,0,0,0,0,0
2,3,size9_comp0.4_grid3_base_medium,9,0.4,medium,base,base,11,5,16,6,5,1,1,1,0,0,-1,48,0.0,0.10416666666666667,0.10416666666666667,0.0,0,25,20,3,24,11,10,2,41,2,0,39,0.8125,UL,0.6152538910563409,39,7,0,0,2,0.8478260869565217,0.15217391304347827,0.0,0.0,0.041666666666666664,UR,0.0,0.08333333333333333,0.0,0.0,4,ur,midline,dl,0,0,0,0,0
3,3,size9_comp0.4_grid3_base_medium,9,0.4,medium,base,base,11,5,16,6,5,1,1,1,1,0,-1,6,0.0,1.0,1.0,0.0,0,3,3,0,2,1,2,0,0,0,0,0,0.0,UR,0.7219280948873623,0,4,0,1,1,0.0,0.8,0.0,0.2,0.16666666666666666,UR,0.0,0.16666666666666666,0.0,0.0,1,ur,midline,dl,1,0,0,0,0
4,3,size9_comp0.4_grid3_base_medium,9,0.4,medium,base,base,11,5,16,6,5,1,1,1,0,0,-1,48,0.0,0.22916666666666666,0.22916666666666666,0.0,0,15,25,8,14,9,14,10,42,6,0,27,0.5625,UL,0.5225593745369408,30,4,0,0,14,0.8823529411764706,0.11764705882352941,0.0,0.0,0.2916666666666667,UR,0.0,0.020833333333333332,0.0,0.0,1,ur,midline,dl,0,0,0,0,0
5,3,size9_comp0.4_grid3_base_medium,9,0.4,medium,base,base,11,5,16,6,5,1,1,1,1,0,-1,9,0.0,0.6666666666666666,0.6666666666666666,0.0,0,6,3,0,3,2,3,0,3,0,0,3,0.3333333333333333,UR,0.8112781244591328,0,3,0,1,5,0.0,0.75,0.0,0.25,0.5555555555555556,UR,0.0,0.1111111111111111,0.0,0.0,1,ur,midline,dl,1,0,0,0,0
6,3,size9_comp0.4_grid3_base_medium,9,0.4,medium,base,base,11,5,16,6,5,1,1,1,1,0,-1,11,0.0,0.6363636363636364,0.6363636363636364,0.0,0,4,6,1,4,3,3,0,3,0,0,3,0.2727272727272727,UR,0.6500224216483541,0,5,0,1,5,0.0,0.8333333333333334,0.0,0.16666666666666666,0.45454545454545453,UR,0.0,0.18181818181818182,0.0,0.0,2,ur,midline,dl,1,0,0,0,0
7,3,size9_comp0.4_grid3_base_medium,9,0.4,medium,base,base,11,5,16,6,5,1,1,1,0,0,-1,48,0.0,0.14583333333333334,0.14583333333333334,0.0,1,17,26,3,17,11,11,6,40,4,0,34,0.7083333333333334,UL,0.5830194167347008,37,6,0,0,5,0.8604651162790697,0.13953488372093023,0.0,0.0,0.10416666666666667,UR,0.0,0.020833333333333332,0.0,0.0,1,ur,midline,dl,0,0,0,0,0
8,3,size9_comp0.4_grid3_base_medium,9,0.4,medium,base,base,11,5,16,6,5,1,1,1,1,0,-1,9,0.0,0.6666666666666666,0.6666666666666666,0.0,0,3,3,3,3,2,2,1,3,0,0,3,0.3333333333333333,UR,0.5435644431995964,0,7,0,1,1,0.0,0.875,0.0,0.125,0.1111111111111111,UR,0.0,0.5555555555555556,0.0,0.0,5,ur,midline,dl,1,0,0,0,0
9,3,size9_comp0.4_grid3_base_medium,9,0.4,medium,base,base,11,5,16,6,5,1,1,1,1,0,-1,10,0.0,0.7,0.7,0.0,0,3,5,2,0,4,2,3,3,1,0,2,0.2,UR,0.9182958340544896,0,4,0,2,4,0.0,0.6666666666666666,0.0,0.3333333333333333,0.4,UR,0.0,0.2,0.0,0.0,2,ur,midline,dl,1,0,0,0,0
0,4,size9_comp0.4_grid4_base_medium,9,0.4,medium,base,base,7,4,11,3,4,1,1,1,1,0,-1,3,0.0,1.0,1.0,0.0,1,0,2,0,1,1,0,0,0,0,0,0,0.0,DR,-0.0,0,0,0,1,2,0.0,0.0,0.0,1.0,0.6666666666666666,,0.0,0.0,0.0,0.0,0,dr,midline,ul,1,0,0,0,0
1,4,size9_comp0.4_grid4_base_medium,9,0.4,medium,base,base,7,4,11,3,4,1,1,1,0,0,-1,48,0.0,0.3333333333333333,0.3333333333333333,0.0,6,4,18,20,16,8,10,13,36,10,0,19,0.3958333333333333,UL,1.198192411043098,20,0,10,2,16,0.625,0.0,0.3125,0.0625,0.3333333333333333,DL,0.041666666666666664,0.0,0.10416666666666667,0.0,4,dr,midline,ul,0,1,0,0,0
2,4,size9_comp0.4_grid4_base_medium,9,0.4,medium,base,base,7,4,11,3,4,1,1,1,1,0,-1,9,0.0,0.6666666666666666,0.6666666666666666,0.0,1,0,5,3,3,1,1,3,4,3,0,0,0.0,DR,-0.0,0,0,0,3,6,0.0,0.0,0.0,1.0,0.6666666666666666,,0.0,0.0,0.0,0.0,0,dr,midline,ul,1,0,0,0,0
3,4,size9_comp0.4_grid4_base_medium,9,0.4,medium,base,base,7,4,11,3,4,1,1,1,1,0,-1,3,0.0,1.0,1.0,0.0,1,0,2,0,0,1,1,0,0,0,0,0,0.0,DR,-0.0,0,0,0,2,1,0.0,0.0,0.0,1.0,0.3333333333333333,,0.0,0.0,0.0,0.0,0,dr,midline,ul,1,0,0,0,0
4,4,size9_comp0.4_grid4_base_medium,9,0.4,medium,base,base,7,4,11,3,4,1,1,1,1,0,-1,3,0.0,1.0,1.0,0.0,1,0,2,0,1,0,1,0,0,0,0,0,0.0,DR,-0.0,0,0,0,2,1,0.0,0.0,0.0,1.0,0.3333333333333333,,0.0,0.0,0.0,0.0,0,dr,midline,ul,1,0,0,0,0
5,4,size9_comp0.4_grid4_base_medium,9,0.4,medium,base,base,7,4,11,3,4,1,1,1,1,0,-1,5,0.0,0.8,0.8,0.0,1,0,3,1,1,0,1,2,2,2,0,0,0.0,DR,-0.0,0,0,0,3,2,0.0,0.0,0.0,1.0,0.4,,0.0,0.0,0.0,0.0,0,dr,midline,ul,1,0,0,0,0
6,4,size9_comp0.4_grid4_base_medium,9,0.4,medium,base,base,7,4,11,3,4,1,1,1,1,0,-1,3,0.0,1.0,1.0,0.0,1,0,2,0,1,1,0,0,0,0,0,0,0.0,DR,-0.0,0,0,0,1,2,0.0,0.0,0.0,1.0,0.6666666666666666,,0.0,0.0,0.0,0.0,0,dr,midline,ul,1,0,0,0,0
7,4,size9_comp0.4_grid4_base_medium,9,0.4,medium,base,base,7,4,11,3,4,1,1,1,1,0,-1,5,0.0,0.8,0.8,0.0,1,0,3,1,1,1,1,1,1,1,0,0,0.0,DR,-0.0,0,0,0,4,1,0.0,0.0,0.0,1.0,0.2,,0.0,0.0,0.0,0.0,0,dr,midline,ul,1,0,0,0,0
8,4,size9_comp0.4_grid4_base_medium,9,0.4,medium,base,base,7,4,11,3,4,1,1,1,1,0,-1,5,0.0,0.8,0.8,0.0,1,0,3,1,2,2,0,0,0,0,0,0,0.0,DR,-0.0,0,0,0,2,3,0.0,0.0,0.0,1.0,0.6,,0.0,0.0,0.0,0.0,0,dr,midline,ul,1,0,0,0,0
9,4,size9_comp0.4_grid4_base_medium,9,0.4,medium,base,base,7,4,11,3,4,1,1,1,1,0,-1,7,0.0,0.7142857142857143,0.7142857142857143,0.0,1,0,4,2,2,2,0,2,2,2,0,0,0.0,DR,-0.0,0,0,0,4,3,0.0,0.0,0.0,1.0,0.42857142857142855,,0.0,0.0,0.0,0.0,0,dr,midline,ul,1,0,0,0,0
0,5,size9_comp0.4_grid5_base_medium,9,0.4,medium,base,base,5,5,10,8,1,1,1,1,0,0,-1,48,0.0,0.3125,0.3125,0.0,6,9,24,9,10,14,9,14,38,8,0,21,0.4375,UL,0.3650989847058807,34,1,1,0,12,0.9444444444444444,0.027777777777777776,0.027777777777777776,0.0,0.25,,0.0,0.0,0.0,0.0,0,midline,dl,midline,0,0,0,0,0
1,5,size9_comp0.4_grid5_base_medium,9,0.4,medium,base,base,5,5,10,8,1,1,1,1,0,1,5,48,0.0,0.3333333333333333,0.8333333333333334,0.2619047619047619,6,7,24,9,22,14,4,3,37,2,6,19,0.3958333333333333,UL,0.8554508105601306,18,0,0,7,23,0.72,0.0,0.0,0.28,0.4791666666666667,,0.0,0.0,0.0,0.0,0,midline,dl,midline,0,0,0,0,0
2,5,size9_comp0.4_grid5_base_medium,9,0.4,medium,base,base,5,5,10,8,1,1,1,1,0,1,17,48,0.0,0.5,0.6111111111111112,0.43333333333333335,4,8,22,12,13,8,9,13,35,12,0,7,0.14583333333333334,UL,1.1829661954675212,14,1,10,0,23,0.56,0.04,0.4,0.0,0.4791666666666667,,0.0,0.0,0.0,0.0,0,midline,dl,midline,0,0,0,0,0
3,5,size9_comp0.4_grid5_base_medium,9,0.4,medium,base,base,5,5,10,8,1,1,1,1,1,1,9,32,0.3125,0.5,0.5,0.5,2,7,14,7,6,4,11,6,17,4,0,8,0.25,UL,0.9656361333706098,14,0,9,0,9,0.6086956521739131,0.0,0.391304347826087,0.0,0.28125,UL,0.03125,0.0,0.03125,0.0,1,midline,dl,midline,0,0,0,0,0
4,5,size9_comp0.4_grid5_base_medium,9,0.4,medium,base,base,5,5,10,8,1,1,1,1,1,0,-1,36,0.0,0.3888888888888889,0.3888888888888889,0.0,2,10,15,9,4,9,10,12,24,10,0,8,0.2222222222222222,DL,0.996316519558962,13,0,15,0,8,0.4642857142857143,0.0,0.5357142857142857,0.0,0.2222222222222222,UL,0.08333333333333333,0.0,0.027777777777777776,0.0,3,midline,dl,midline,0,0,0,0,0
5,5,size9_comp0.4_grid5_base_medium,9,0.4,medium,base,base,5,5,10,8,1,1,1,1,0,1,13,48,0.0,0.4583333333333333,0.6428571428571429,0.38235294117647056,6,8,20,14,15,12,5,15,36,12,7,7,0.14583333333333334,UL,0.6402064333604701,15,1,1,0,31,0.8823529411764706,0.058823529411764705,0.058823529411764705,0.0,0.6458333333333334,,0.0,0.0,0.0,0.0,0,midline,dl,midline,0,0,0,0,0
6,5,size9_comp0.4_grid5_base_medium,9,0.4,medium,base,base,5,5,10,8,1,1,1,1,0,1,16,48,0.0,0.3333333333333333,0.35294117647058826,0.3225806451612903,4,7,25,11,14,11,8,12,39,9,12,20,0.4166666666666667,UL,-0.0,23,0,0,0,25,1.0,0.0,0.0,0.0,0.5208333333333334,,0.0,0.0,0.0,0.0,0,midline,dl,midline,0,0,0,0,0
7,5,size9_comp0.4_grid5_base_medium,9,0.4,medium,base,base,5,5,10,8,1,1,1,1,0,1,23,48,0.0,0.3958333333333333,0.4583333333333333,0.3333333333333333,2,8,20,14,15,8,7,10,35,8,12,11,0.22916666666666666,UL,0.28639695711595625,19,1,0,0,28,0.95,0.05,0.0,0.0,0.5833333333333334,UL,0.10416666666666667,0.0,0.0,0.0,3,midline,dl,midline,0,0,0,0,0
8,5,size9_comp0.4_grid5_base_medium,9,0.4,medium,base,base,5,5,10,8,1,1,1,1,0,1,44,48,0.0,0.375,0.37777777777777777,0.3333333333333333,3,6,26,13,17,11,2,17,39,12,1,16,0.3333333333333333,UL,0.19143325481419343,33,1,0,0,14,0.9705882352941176,0.029411764705882353,0.0,0.0,0.2916666666666667,UL,0.08333333333333333,0.0,0.0,0.0,2,midline,dl,midline,0,0,0,0,0
9,5,size9_comp0.4_grid5_base_medium,9,0.4,medium,base,base,5,5,10,8,1,1,1,1,0,1,15,48,0.0,0.4791666666666667,0.5,0.46875,5,9,18,15,10,8,10,17,35,15,1,9,0.1875,UL,0.9910760598382222,15,0,12,0,21,0.5555555555555556,0.0,0.4444444444444444,0.0,0.4375,UL,0.10416666666666667,0.0,0.0,0.0,4,midline,dl,midline,0,0,0,0,0
0,6,size9_comp0.4_grid6_base_medium,9,0.4,medium,base,base,3,4,7,5,1,1,1,1,0,1,31,48,0.0,0.4166666666666667,0.4375,0.375,3,2,24,19,18,4,4,21,40,16,8,12,0.25,UR,0.20062232431271465,1,31,0,0,16,0.03125,0.96875,0.0,0.0,0.3333333333333333,,0.0,0.0,0.0,0.0,0,ur,dr,midline,1,0,0,0,0
1,6,size9_comp0.4_grid6_base_medium,9,0.4,medium,base,base,3,4,7,5,1,1,1,1,0,1,16,48,0.0,0.375,0.4117647058823529,0.3548387096774194,3,3,23,15,14,3,9,14,35,11,12,8,0.16666666666666666,UR,0.9751190649408661,11,16,0,0,21,0.4074074074074074,0.5925925925925926,0.0,0.0,0.4375,UL,0.041666666666666664,0.020833333333333332,0.0,0.0,2,ur,dr,midline,1,0,0,0,0
2,6,size9_comp0.4_grid6_base_medium,9,0.4,medium,base,base,3,4,7,5,1,1,1,1,0,1,39,48,0.0,0.3125,0.3,0.375,1,3,33,11,19,1,5,22,41,17,0,19,0.3958333333333333,UR,0.16866093149667025,1,39,0,0,8,0.025,0.975,0.0,0.0,0.16666666666666666,,0.0,0.0,0.0,0.0,0,ur,dr,midline,1,0,0,0,0
3,6,size9_comp0.4_grid6_base_medium,9,0.4,medium,base,base,3,4,7,5,1,1,1,1,0,1,9,48,0.0,0.3958333333333333,0.3,0.42105263157894735,2,3,23,18,23,3,5,12,36,9,14,12,0.25,UR,1.4806821149663847,0,8,3,7,30,0.0,0.4444444444444444,0.16666666666666666,0.3888888888888889,0.625,,0.0,0.0,0.0,0.0,0,ur,dr,midline,1,0,0,0,0
4,6,size9_comp0.4_grid6_base_medium,9,0.4,medium,base,base,3,4,7,5,1,1,1,1,0,1,7,48,0.0,0.375,0.5,0.35,1,1,30,15,19,3,1,22,43,16,5,14,0.2916666666666667,UR,-0.0,0,41,0,0,7,0.0,1.0,0.0,0.0,0.14583333333333334,,0.0,0.0,0.0,0.0,0,ur,dr,midline,1,0,0,0,0
5,6,size9_comp0.4_grid6_base_medium,9,0.4,medium,base,base,3,4,7,5,1,1,1,1,0,1,41,48,0.0,0.4166666666666667,0.42857142857142855,0.3333333333333333,2,3,26,17,14,4,6,23,38,17,4,10,0.20833333333333334,UR,-0.0,0,40,0,0,8,0.0,1.0,0.0,0.0,0.16666666666666666,UR,0.0,0.16666666666666666,0.0,0.0,6,ur,dr,midline,1,0,0,0,0
6,6,size9_comp0.4_grid6_base_medium,9,0.4,medium,base,base,3,4,7,5,1,1,1,1,0,1,13,48,0.0,0.3541666666666667,0.35714285714285715,0.35294117647058826,3,1,28,16,22,5,2,18,39,11,2,14,0.2916666666666667,UR,-0.0,0,43,0,0,5,0.0,1.0,0.0,0.0,0.10416666666666667,UR,0.0,0.10416666666666667,0.0,0.0,3,ur,dr,midline,1,0,0,0,0
7,6,size9_comp0.4_grid6_base_medium,9,0.4,medium,base,base,3,4,7,5,1,1,1,1,0,1,2,48,0.0,0.3958333333333333,1.0,0.35555555555555557,2,2,20,19,17,1,6,13,39,10,24,6,0.125,UL,0.6840384356390417,9,2,0,0,37,0.8181818181818182,0.18181818181818182,0.0,0.0,0.7708333333333334,,0.0,0.0,0.0,0.0,0,ur,dr,midline,0,0,0,0,0
8,6,size9_comp0.4_grid6_base_medium,9,0.4,medium,base,base,3,4,7,5,1,1,1,1,0,1,45,48,0.0,0.2708333333333333,0.2608695652173913,0.5,0,1,36,11,29,1,1,16,43,8,1,25,0.5208333333333334,UR,-0.0,0,45,0,0,3,0.0,1.0,0.0,0.0,0.0625,,0.0,0.0,0.0,0.0,0,ur,dr,midline,1,0,0,0,0
9,6,size9_comp0.4_grid6_base_medium,9,0.4,medium,base,base,3,4,7,5,1,1,1,1,0,1,27,48,0.0,0.3541666666666667,0.35714285714285715,0.35,2,4,26,14,20,3,3,17,39,12,9,14,0.2916666666666667,UR,0.659459211658581,3,27,1,0,17,0.0967741935483871,0.8709677419354839,0.03225806451612903,0.0,0.3541666666666667,,0.0,0.0,0.0,0.0,0,ur,dr,midline,1,0,0,0,0
0,7,size9_comp0.4_grid7_base_medium,9,0.4,medium,base,base,3,7,10,6,3,1,1,1,1,0,-1,39,0.0,0.3333333333333333,0.3333333333333333,0.0,15,5,12,7,12,10,6,10,27,8,0,9,0.23076923076923078,DL,1.018424695195087,7,0,20,1,11,0.25,0.0,0.7142857142857143,0.03571428571428571,0.28205128205128205,DL,0.0,0.0,0.10256410256410256,0.0,2,midline,ul,ur,0,0,0,0,0
1,7,size9_comp0.4_grid7_base_medium,9,0.4,medium,base,base,3,7,10,6,3,1,1,1,1,0,-1,17,0.0,0.23529411764705882,0.23529411764705882,0.0,5,1,5,6,4,3,6,3,8,2,0,5,0.29411764705882354,DL,0.4689955935892812,1,0,9,0,7,0.1,0.0,0.9,0.0,0.4117647058823529,DL,0.0,0.0,0.11764705882352941,0.0,2,midline,ul,ur,0,0,0,0,0
2,7,size9_comp0.4_grid7_base_medium,9,0.4,medium,base,base,3,7,10,6,3,1,1,1,1,0,-1,34,0.0,0.35294117647058826,0.35294117647058826,0.0,9,4,13,8,3,8,8,14,26,11,0,6,0.17647058823529413,UL,0.7918583525674836,16,0,5,0,13,0.7619047619047619,0.0,0.23809523809523808,0.0,0.38235294117647056,,0.0,0.0,0.0,0.0,0,midline,ul,ur,0,0,0,0,0
3,7,size9_comp0.4_grid7_base_medium,9,0.4,medium,base,base,3,7,10,6,3,1,1,1,0,0,-1,48,0.0,0.3958333333333333,0.3958333333333333,0.0,9,7,16,15,7,10,12,16,36,13,0,5,0.10416666666666667,DL,0.8708644692353644,7,0,17,0,24,0.2916666666666667,0.0,0.7083333333333334,0.0,0.5,DL,0.0,0.0,0.08333333333333333,0.0,3,midline,ul,ur,0,0,0,0,0
4,7,size9_comp0.4_grid7_base_medium,9,0.4,medium,base,base,3,7,10,6,3,1,1,1,1,0,-1,39,0.0,0.358974358974359,0.358974358974359,0.0,9,4,14,12,8,9,9,12,30,10,0,7,0.1794871794871795,UL,0.5586293734521992,20,0,3,0,16,0.8695652173913043,0.0,0.13043478260869565,0.0,0.41025641025641024,,0.0,0.0,0.0,0.0,0,midline,ul,ur,0,0,0,0,0
5,7,size9_comp0.4_grid7_base_medium,9,0.4,medium,base,base,3,7,10,6,3,1,1,1,1,0,-1,21,0.0,0.2857142857142857,0.2857142857142857,0.0,6,1,9,5,3,3,8,6,13,4,0,5,0.23809523809523808,UL,0.8366407419411672,11,0,4,0,6,0.7333333333333333,0.0,0.26666666666666666,0.0,0.2857142857142857,,0.0,0.0,0.0,0.0,0,midline,ul,ur,0,0,0,0,0
6,7,size9_comp0.4_grid7_base_medium,9,0.4,medium,base,base,3,7,10,6,3,1,1,1,1,0,-1,31,0.0,0.22580645161290322,0.22580645161290322,0.0,9,2,12,6,8,4,10,5,21,2,0,11,0.3548387096774194,UL,1.3663146570363986,9,0,2,5,15,0.5625,0.0,0.125,0.3125,0.4838709677419355,,0.0,0.0,0.0,0.0,0,midline,ul,ur,0,0,0,0,0
7,7,size9_comp0.4_grid7_base_medium,9,0.4,medium,base,base,3,7,10,6,3,1,1,1,0,1,18,48,0.0,0.1875,0.2631578947368421,0.13793103448275862,5,0,33,8,30,4,3,6,37,1,1,34,0.7083333333333334,UL,1.1791910892482038,23,6,0,4,15,0.696969696969697,0.18181818181818182,0.0,0.12121212121212122,0.3125,,0.0,0.0,0.0,0.0,0,midline,ul,ur,0,0,0,0,0
8,7,size9_comp0.4_grid7_base_medium,9,0.4,medium,base,base,3,7,10,6,3,1,1,1,1,0,-1,21,0.0,0.3333333333333333,0.3333333333333333,0.0,6,1,8,6,4,2,6,8,10,6,0,3,0.14285714285714285,DL,0.9612366047228759,5,0,8,0,8,0.38461538461538464,0.0,0.6153846153846154,0.0,0.38095238095238093,,0.0,0.0,0.0,0.0,0,midline,ul,ur,0,0,0,0,0
9,7,size9_comp0.4_grid7_base_medium,9,0.4,medium,base,base,3,7,10,6,3,1,1,1,1,0,-1,30,0.0,0.4,0.4,0.0,6,3,13,8,5,2,4,18,20,17,0,2,0.06666666666666667,UL,0.6500224216483541,20,0,4,0,6,0.8333333333333334,0.0,0.16666666666666666,0.0,0.2,DL,0.0,0.0,0.03333333333333333,0.0,1,midline,ul,ur,0,0,0,0,0
0,8,size9_comp0.4_grid8_base_medium,9,0.4,medium,base,base,3,8,11,5,3,1,1,1,0,1,19,48,0.0,0.375,0.35,0.39285714285714285,5,4,17,15,11,3,10,11,33,7,7,10,0.20833333333333334,UL,1.3926844736036157,17,4,12,0,15,0.5151515151515151,0.12121212121212122,0.36363636363636365,0.0,0.3125,UR,0.0,0.020833333333333332,0.0,0.0,1,dl,dr,ul,0,1,0,0,0
1,8,size9_comp0.4_grid8_base_medium,9,0.4,medium,base,base,3,8,11,5,3,1,1,1,0,1,10,48,0.0,0.4791666666666667,0.5454545454545454,0.4594594594594595,3,2,17,23,17,3,3,18,35,14,2,6,0.125,UR,1.0270835132283895,9,23,1,0,15,0.2727272727272727,0.696969696969697,0.030303030303030304,0.0,0.3125,,0.0,0.0,0.0,0.0,0,dl,dr,ul,0,0,0,0,0
2,8,size9_comp0.4_grid8_base_medium,9,0.4,medium,base,base,3,8,11,5,3,1,1,1,0,1,6,48,0.0,0.4583333333333333,0.7142857142857143,0.4146341463414634,5,5,15,20,13,8,8,12,33,9,0,7,0.14583333333333334,UR,0.6449742087569881,3,28,1,0,16,0.09375,0.875,0.03125,0.0,0.3333333333333333,UR,0.0,0.0625,0.0,0.0,1,dl,dr,ul,0,0,0,0,0
3,8,size9_comp0.4_grid8_base_medium,9,0.4,medium,base,base,3,8,11,5,3,1,1,1,0,1,38,48,0.0,0.4583333333333333,0.41025641025641024,0.6666666666666666,4,2,23,19,16,2,7,22,36,19,1,10,0.20833333333333334,UR,1.225157038507726,3,25,12,0,8,0.075,0.625,0.3,0.0,0.16666666666666666,UR,0.0,0.041666666666666664,0.0,0.0,2,dl,dr,ul,0,0,0,0,0
4,8,size9_comp0.4_grid8_base_medium,9,0.4,medium,base,base,3,8,11,5,3,1,1,1,0,1,20,48,0.0,0.4791666666666667,0.42857142857142855,0.5185185185185185,7,3,14,23,16,9,6,14,32,11,2,9,0.1875,UR,1.643149247437342,9,15,1,6,17,0.2903225806451613,0.4838709677419355,0.03225806451612903,0.1935483870967742,0.3541666666666667,UL,0.041666666666666664,0.0,0.0,0.0,2,dl,dr,ul,0,0,0,0,0
5,8,size9_comp0.4_grid8_base_medium,9,0.4,medium,base,base,3,8,11,5,3,1,1,1,0,1,25,48,0.0,0.375,0.5384615384615384,0.18181818181818182,4,5,23,16,17,5,10,15,37,9,1,17,0.3541666666666667,DL,0.362051251733998,2,0,27,0,19,0.06896551724137931,0.0,0.9310344827586207,0.0,0.3958333333333333,,0.0,0.0,0.0,0.0,0,dl,dr,ul,1,0,0,0,0
6,8,size9_comp0.4_grid8_base_medium,9,0.4,medium,base,base,3,8,11,5,3,1,1,1,0,1,12,48,0.0,0.4583333333333333,0.6153846153846154,0.4,4,3,18,19,11,7,3,19,35,16,1,9,0.1875,DR,1.3779630390761746,2,0,8,9,29,0.10526315789473684,0.0,0.42105263157894735,0.47368421052631576,0.6041666666666666,,0.0,0.0,0.0,0.0,0,dl,dr,ul,0,0,0,0,0
7,8,size9_comp0.4_grid8_base_medium,9,0.4,medium,base,base,3,8,11,5,3,1,1,1,0,1,25,48,0.0,0.5416666666666666,0.5384615384615384,0.5454545454545454,5,3,17,22,12,9,4,20,34,20,1,2,0.041666666666666664,UR,1.0575851584676956,3,21,4,0,20,0.10714285714285714,0.75,0.14285714285714285,0.0,0.4166666666666667,UR,0.0,0.0625,0.0,0.0,2,dl,dr,ul,0,0,0,0,0
8,8,size9_comp0.4_grid8_base_medium,9,0.4,medium,base,base,3,8,11,5,3,1,1,1,0,1,27,48,0.0,0.5208333333333334,0.5357142857142857,0.5,4,2,18,22,18,5,5,15,31,15,1,2,0.041666666666666664,UR,1.3649917740667208,5,19,8,0,16,0.15625,0.59375,0.25,0.0,0.3333333333333333,UR,0.0,0.0625,0.0,0.0,3,dl,dr,ul,0,0,0,0,0
9,8,size9_comp0.4_grid8_base_medium,9,0.4,medium,base,base,3,8,11,5,3,1,1,1,0,1,6,48,0.0,0.5208333333333334,0.7142857142857143,0.4878048780487805,5,5,17,20,9,5,10,21,35,17,0,4,0.08333333333333333,DL,1.3516871258043608,3,6,13,0,26,0.13636363636363635,0.2727272727272727,0.5909090909090909,0.0,0.5416666666666666,,0.0,0.0,0.0,0.0,0,dl,dr,ul,1,0,0,0,0
0,9,size9_comp0.4_grid9_base_medium,9,0.4,medium,base,base,9,5,14,12,1,1,1,1,0,0,-1,48,0.0,0.10416666666666667,0.10416666666666667,0.0,0,28,15,5,24,10,9,4,45,3,0,37,0.7708333333333334,UR,-0.0,0,48,0,0,0,0.0,1.0,0.0,0.0,0.0,UR,0.0,0.3333333333333333,0.0,0.0,8,ur,midline,midline,1,0,0,0,0
1,9,size9_comp0.4_grid9_base_medium,9,0.4,medium,base,base,9,5,14,12,1,1,1,1,0,0,-1,48,0.0,0.10416666666666667,0.10416666666666667,0.0,0,19,24,5,22,11,9,5,46,4,0,37,0.7708333333333334,UR,-0.0,0,48,0,0,0,0.0,1.0,0.0,0.0,0.0,UR,0.0,0.20833333333333334,0.0,0.0,3,ur,midline,midline,1,0,0,0,0
2,9,size9_comp0.4_grid9_base_medium,9,0.4,medium,base,base,9,5,14,12,1,1,1,1,0,0,-1,48,0.0,0.125,0.125,0.0,0,24,18,6,19,10,11,7,45,4,0,36,0.75,UR,-0.0,0,48,0,0,0,0.0,1.0,0.0,0.0,0.0,UR,0.0,0.2708333333333333,0.0,0.0,4,ur,midline,midline,1,0,0,0,0
3,9,size9_comp0.4_grid9_base_medium,9,0.4,medium,base,base,9,5,14,12,1,1,1,1,0,1,46,48,0.0,0.25,0.23404255319148937,1.0,0,20,23,5,21,12,12,2,37,0,0,34,0.7083333333333334,UR,0.28639695711595625,0,38,0,2,8,0.0,0.95,0.0,0.05,0.16666666666666666,UR,0.0,0.20833333333333334,0.0,0.0,7,ur,midline,midline,1,0,0,0,0
4,9,size9_comp0.4_grid9_base_medium,9,0.4,medium,base,base,9,5,14,12,1,1,1,1,0,0,-1,48,0.0,0.125,0.125,0.0,0,23,19,6,15,15,10,7,45,5,0,35,0.7291666666666666,UR,-0.0,0,48,0,0,0,0.0,1.0,0.0,0.0,0.0,UR,0.0,0.2708333333333333,0.0,0.0,7,ur,midline,midline,1,0,0,0,0
5,9,size9_comp0.4_grid9_base_medium,9,0.4,medium,base,base,9,5,14,12,1,1,1,1,0,0,-1,48,0.0,0.10416666666666667,0.10416666666666667,0.0,0,22,21,5,22,10,10,5,45,3,0,38,0.7916666666666666,UR,-0.0,0,48,0,0,0,0.0,1.0,0.0,0.0,0.0,UR,0.0,0.20833333333333334,0.0,0.0,5,ur,midline,midline,1,0,0,0,0
6,9,size9_comp0.4_grid9_base_medium,9,0.4,medium,base,base,9,5,14,12,1,1,1,1,0,0,-1,48,0.0,0.08333333333333333,0.08333333333333333,0.0,0,23,21,4,17,16,10,4,46,3,0,40,0.8333333333333334,UR,-0.0,0,48,0,0,0,0.0,1.0,0.0,0.0,0.0,UR,0.0,0.08333333333333333,0.0,0.0,1,ur,midline,midline,1,0,0,0,0
7,9,size9_comp0.4_grid9_base_medium,9,0.4,medium,base,base,9,5,14,12,1,1,1,1,0,0,-1,48,0.0,0.125,0.125,0.0,0,19,23,6,15,14,11,7,45,4,0,36,0.75,UR,-0.0,0,48,0,0,0,0.0,1.0,0.0,0.0,0.0,UR,0.0,0.22916666666666666,0.0,0.0,6,ur,midline,midline,1,0,0,0,0
8,9,size9_comp0.4_grid9_base_medium,9,0.4,medium,base,base,9,5,14,12,1,1,1,1,0,0,-1,48,0.0,0.125,0.125,0.0,0,23,19,6,14,14,13,6,46,3,0,35,0.7291666666666666,UR,-0.0,0,48,0,0,0,0.0,1.0,0.0,0.0,0.0,UR,0.0,0.22916666666666666,0.0,0.0,3,ur,midline,midline,1,0,0,0,0
9,9,size9_comp0.4_grid9_base_medium,9,0.4,medium,base,base,9,5,14,12,1,1,1,1,0,0,-1,48,0.0,0.125,0.125,0.0,0,19,23,6,15,14,11,7,46,5,0,35,0.7291666666666666,UR,-0.0,0,48,0,0,0,0.0,1.0,0.0,0.0,0.0,UR,0.0,0.1875,0.0,0.0,2,ur,midline,midline,1,0,0,0,0
0,0,size9_comp0.6_grid0_base_medium,9,0.6,medium,base,base,5,6,11,3,4,1,1,1,0,0,-1,48,0.0,0.3541666666666667,0.3541666666666667,0.0,9,5,21,13,7,7,18,15,38,13,0,11,0.22916666666666666,DL,0.7120640548905479,8,0,33,0,7,0.1951219512195122,0.0,0.8048780487804879,0.0,0.14583333333333334,DL,0.0,0.0,0.1875,0.0,7,midline,ul,midline,0,0,0,0,0
1,0,size9_comp0.6_grid0_base_medium,9,0.6,medium,base,base,5,6,11,3,4,1,1,1,0,0,-1,48,0.0,0.1875,0.1875,0.0,3,4,13,27,20,3,7,15,43,9,0,27,0.5625,UL,-0.0,44,0,0,0,4,1.0,0.0,0.0,0.0,0.08333333333333333,UL,0.4166666666666667,0.0,0.0,0.0,17,midline,ul,midline,0,0,0,0,0
2,0,size9_comp0.6_grid0_base_medium,9,0.6,medium,base,base,5,6,11,3,4,1,1,1,0,0,-1,48,0.0,0.4375,0.4375,0.0,5,4,23,16,10,4,9,24,40,21,0,6,0.125,UL,0.6252624052234231,27,0,5,0,16,0.84375,0.0,0.15625,0.0,0.3333333333333333,,0.0,0.0,0.0,0.0,0,midline,ul,midline,0,0,0,0,0
3,0,size9_comp0.6_grid0_base_medium,9,0.6,medium,base,base,5,6,11,3,4,1,1,1,0,0,-1,48,0.0,0.2916666666666667,0.2916666666666667,0.0,5,3,21,19,20,3,5,19,41,9,0,18,0.375,DL,-0.0,0,0,17,0,31,0.0,0.0,1.0,0.0,0.6458333333333334,DL,0.0,0.0,0.125,0.0,6,midline,ul,midline,0,0,0,0,0
4,0,size9_comp0.6_grid0_base_medium,9,0.6,medium,base,base,5,6,11,3,4,1,1,1,0,0,-1,48,0.0,0.3125,0.3125,0.0,12,4,19,13,13,6,14,14,41,11,0,16,0.3333333333333333,DL,-0.0,0,0,44,0,4,0.0,0.0,1.0,0.0,0.08333333333333333,DL,0.0,0.0,0.14583333333333334,0.0,3,midline,ul,midline,0,0,0,0,0
5,0,size9_comp0.6_grid0_base_medium,9,0.6,medium,base,base,5,6,11,3,4,1,1,1,0,0,-1,48,0.0,0.25,0.25,0.0,9,4,24,11,17,8,9,13,38,8,0,23,0.4791666666666667,UL,0.9927744539878083,22,0,18,0,8,0.55,0.0,0.45,0.0,0.16666666666666666,DL,0.0,0.0,0.0625,0.0,3,midline,ul,midline,0,0,0,0,0
6,0,size9_comp0.6_grid0_base_medium,9,0.6,medium,base,base,5,6,11,3,4,1,1,1,0,0,-1,48,0.0,0.3333333333333333,0.3333333333333333,0.0,4,3,24,17,11,3,11,22,42,15,0,12,0.25,DL,-0.0,0,0,34,0,14,0.0,0.0,1.0,0.0,0.2916666666666667,DL,0.0,0.0,0.020833333333333332,0.0,1,midline,ul,midline,0,0,0,0,0
7,0,size9_comp0.6_grid0_base_medium,9,0.6,medium,base,base,5,6,11,3,4,1,1,1,0,0,-1,48,0.0,0.2916666666666667,0.2916666666666667,0.0,5,7,13,23,21,7,7,12,39,10,0,19,0.3958333333333333,UL,0.49418293484978865,33,0,4,0,11,0.8918918918918919,0.0,0.10810810810810811,0.0,0.22916666666666666,UL,0.3333333333333333,0.0,0.0,0.0,15,midline,ul,midline,0,0,0,0,0
8,0,size9_comp0.6_grid0_base_medium,9,0.6,medium,base,base,5,6,11,3,4,1,1,1,0,0,-1,48,0.0,0.3333333333333333,0.3333333333333333,0.0,5,5,23,15,18,6,8,15,38,8,0,14,0.2916666666666667,DL,0.4854607607459134,2,0,17,0,29,0.10526315789473684,0.0,0.8947368421052632,0.0,0.6041666666666666,DL,0.0,0.0,0.14583333333333334,0.0,3,midline,ul,midline,0,0,0,0,0
9,0,size9_comp0.6_grid0_base_medium,9,0.6,medium,base,base,5,6,11,3,4,1,1,1,0,0,-1,48,0.0,0.3958333333333333,0.3958333333333333,0.0,10,4,16,18,11,5,15,16,37,14,0,10,0.20833333333333334,DL,0.6789538995185758,7,0,32,0,9,0.1794871794871795,0.0,0.8205128205128205,0.0,0.1875,DL,0.0,0.0,0.08333333333333333,0.0,2,midline,ul,midline,0,0,0,0,0
0,1,size9_comp0.6_grid1_base_medium,9,0.6,medium,base,base,4,5,9,3,3,1,1,1,1,0,-1,3,0.0,0.3333333333333333,0.3333333333333333,0.0,1,0,2,0,1,1,0,0,0,0,0,0,0.0,DR,-0.0,0,0,0,2,1,0.0,0.0,0.0,1.0,0.3333333333333333,,0.0,0.0,0.0,0.0,0,dr,dl,midline,1,0,0,0,0
1,1,size9_comp0.6_grid1_base_medium,9,0.6,medium,base,base,4,5,9,3,3,1,1,1,1,0,-1,4,0.0,0.25,0.25,0.0,1,0,3,0,2,0,1,0,1,0,0,1,0.25,DL,0.9182958340544896,0,0,2,1,1,0.0,0.0,0.6666666666666666,0.3333333333333333,0.25,,0.0,0.0,0.0,0.0,0,dr,dl,midline,0,0,0,0,0
2,1,size9_comp0.6_grid1_base_medium,9,0.6,medium,base,base,4,5,9,3,3,1,1,1,1,0,-1,3,0.0,0.3333333333333333,0.3333333333333333,0.0,1,0,2,0,1,0,1,0,0,0,0,0,0.0,DL,1.0,0,0,1,1,1,0.0,0.0,0.5,0.5,0.3333333333333333,,0.0,0.0,0.0,0.0,0,dr,dl,midline,0,0,0,0,0
3,1,size9_comp0.6_grid1_base_medium,9,0.6,medium,base,base,4,5,9,3,3,1,1,1,1,0,-1,6,0.0,0.3333333333333333,0.3333333333333333,0.0,2,2,2,0,1,2,1,1,2,1,0,1,0.16666666666666666,DL,0.8112781244591328,0,0,3,1,2,0.0,0.0,0.75,0.25,0.3333333333333333,,0.0,0.0,0.0,0.0,0,dr,dl,midline,0,0,0,0,0
4,1,size9_comp0.6_grid1_base_medium,9,0.6,medium,base,base,4,5,9,3,3,1,1,1,1,0,-1,5,0.0,0.4,0.4,0.0,1,0,3,1,1,0,1,2,2,2,0,0,0.0,DR,0.9182958340544896,0,0,1,2,2,0.0,0.0,0.3333333333333333,0.6666666666666666,0.4,,0.0,0.0,0.0,0.0,0,dr,dl,midline,1,0,0,0,0
5,1,size9_comp0.6_grid1_base_medium,9,0.6,medium,base,base,4,5,9,3,3,1,1,1,1,0,-1,10,0.0,0.3,0.3,0.0,2,1,5,2,2,4,1,2,6,1,0,3,0.3,DL,0.5435644431995964,0,0,7,1,2,0.0,0.0,0.875,0.125,0.2,,0.0,0.0,0.0,0.0,0,dr,dl,midline,0,0,0,0,0
6,1,size9_comp0.6_grid1_base_medium,9,0.6,medium,base,base,4,5,9,3,3,1,1,1,1,0,-1,6,0.0,0.3333333333333333,0.3333333333333333,0.0,2,0,3,1,2,2,1,0,2,0,0,1,0.16666666666666666,DR,0.7219280948873623,0,0,1,4,1,0.0,0.0,0.2,0.8,0.16666666666666666,DR,0.0,0.0,0.0,0.3333333333333333,2,dr,dl,midline,1,0,0,0,0
7,1,size9_comp0.6_grid1_base_medium,9,0.6,medium,base,base,4,5,9,3,3,1,1,1,1,0,-1,12,0.0,0.3333333333333333,0.3333333333333333,0.0,2,2,6,2,3,0,6,2,7,2,0,3,0.25,DR,0.9182958340544896,0,0,3,6,3,0.0,0.0,0.3333333333333333,0.6666666666666666,0.25,DR,0.0,0.0,0.0,0.08333333333333333,1,dr,dl,midline,1,0,0,0,0
8,1,size9_comp0.6_grid1_base_medium,9,0.6,medium,base,base,4,5,9,3,3,1,1,1,1,0,-1,3,0.0,0.3333333333333333,0.3333333333333333,0.0,1,0,2,0,1,1,0,0,0,0,0,0,0.0,DR,-0.0,0,0,0,2,1,0.0,0.0,0.0,1.0,0.3333333333333333,,0.0,0.0,0.0,0.0,0,dr,dl,midline,1,0,0,0,0
9,1,size9_comp0.6_grid1_base_medium,9,0.6,medium,base,base,4,5,9,3,3,1,1,1,1,0,-1,7,0.0,0.42857142857142855,0.42857142857142855,0.0,1,0,4,2,1,0,1,4,4,4,0,0,0.0,DL,0.8112781244591328,0,0,3,1,3,0.0,0.0,0.75,0.25,0.42857142857142855,,0.0,0.0,0.0,0.0,0,dr,dl,midline,0,0,0,0,0
0,2,size9_comp0.6_grid2_base_medium,9,0.6,medium,base,base,5,8,13,3,5,1,1,1,1,0,-1,11,0.0,0.2727272727272727,0.2727272727272727,0.0,0,2,3,5,4,1,1,2,6,2,0,1,0.09090909090909091,UR,0.9182958340544896,3,6,0,0,2,0.3333333333333333,0.6666666666666666,0.0,0.0,0.18181818181818182,UR,0.0,0.2727272727272727,0.0,0.0,2,ur,ur,midline,1,0,0,0,0
1,2,size9_comp0.6_grid2_base_medium,9,0.6,medium,base,base,5,8,13,3,5,1,1,1,0,1,44,48,0.0,0.5,0.5111111111111111,0.3333333333333333,2,6,20,19,7,5,10,23,34,21,0,4,0.08333333333333333,UL,1.3624920208405236,21,5,10,0,12,0.5833333333333334,0.1388888888888889,0.2777777777777778,0.0,0.25,,0.0,0.0,0.0,0.0,0,ur,ur,midline,0,0,0,0,0
2,2,size9_comp0.6_grid2_base_medium,9,0.6,medium,base,base,5,8,13,3,5,1,1,1,1,0,-1,9,0.0,0.3333333333333333,0.3333333333333333,0.0,0,1,3,5,4,0,1,3,4,3,0,0,0.0,UR,0.6500224216483541,1,5,0,0,3,0.16666666666666666,0.8333333333333334,0.0,0.0,0.3333333333333333,UR,0.0,0.2222222222222222,0.0,0.0,2,ur,ur,midline,1,0,0,0,0
3,2,size9_comp0.6_grid2_base_medium,9,0.6,medium,base,base,5,8,13,3,5,1,1,1,1,0,-1,22,0.0,0.3181818181818182,0.3181818181818182,0.0,1,4,7,10,5,6,1,9,19,8,0,5,0.22727272727272727,UR,-0.0,0,22,0,0,0,0.0,1.0,0.0,0.0,0.0,UR,0.0,0.9090909090909091,0.0,0.0,14,ur,ur,midline,1,0,0,0,0
4,2,size9_comp0.6_grid2_base_medium,9,0.6,medium,base,base,5,8,13,3,5,1,1,1,0,1,34,48,0.0,0.3333333333333333,0.3142857142857143,0.38461538461538464,0,4,23,19,17,2,5,19,33,10,2,18,0.375,UR,0.9707450578356165,2,29,7,0,10,0.05263157894736842,0.7631578947368421,0.18421052631578946,0.0,0.20833333333333334,UR,0.0,0.10416666666666667,0.0,0.0,5,ur,ur,midline,1,0,0,0,0
5,2,size9_comp0.6_grid2_base_medium,9,0.6,medium,base,base,5,8,13,3,5,1,1,1,0,0,-1,48,0.0,0.041666666666666664,0.041666666666666664,0.0,1,2,33,12,25,2,1,19,45,1,0,45,0.9375,UR,-0.0,0,48,0,0,0,0.0,1.0,0.0,0.0,0.0,,0.0,0.0,0.0,0.0,0,ur,ur,midline,1,0,0,0,0
6,2,size9_comp0.6_grid2_base_medium,9,0.6,medium,base,base,5,8,13,3,5,1,1,1,1,0,-1,44,0.0,0.36363636363636365,0.36363636363636365,0.0,0,7,16,20,21,4,2,14,39,13,0,8,0.18181818181818182,UR,0.6840384356390417,6,27,0,0,11,0.18181818181818182,0.8181818181818182,0.0,0.0,0.25,UR,0.0,0.36363636363636365,0.0,0.0,5,ur,ur,midline,1,0,0,0,0
7,2,size9_comp0.6_grid2_base_medium,9,0.6,medium,base,base,5,8,13,3,5,1,1,1,1,0,-1,15,0.0,0.3333333333333333,0.3333333333333333,0.0,0,2,5,8,5,1,2,6,12,5,0,2,0.13333333333333333,UR,-0.0,0,15,0,0,0,0.0,1.0,0.0,0.0,0.0,UR,0.0,0.8,0.0,0.0,5,ur,ur,midline,1,0,0,0,0
8,2,size9_comp0.6_grid2_base_medium,9,0.6,medium,base,base,5,8,13,3,5,1,1,1,1,0,-1,10,0.0,0.3,0.3,0.0,0,2,3,5,1,1,2,5,6,5,0,1,0.1,UR,-0.0,0,9,0,0,1,0.0,1.0,0.0,0.0,0.1,UR,0.0,0.5,0.0,0.0,3,ur,ur,midline,1,0,0,0,0
9,2,size9_comp0.6_grid2_base_medium,9,0.6,medium,base,base,5,8,13,3,5,1,1,1,0,0,-1,48,0.0,0.10416666666666667,0.10416666666666667,0.0,0,2,29,17,24,0,3,20,42,0,0,42,0.875,UR,0.25387844029816153,2,45,0,0,1,0.0425531914893617,0.9574468085106383,0.0,0.0,0.020833333333333332,,0.0,0.0,0.0,0.0,0,ur,ur,midline,1,0,0,0,0
0,3,size9_comp0.6_grid3_base_medium,9,0.6,medium,base,base,4,4,8,6,1,1,1,1,1,0,-1,23,0.0,0.17391304347826086,0.17391304347826086,0.0,0,2,13,8,9,3,1,9,17,2,0,15,0.6521739130434783,UR,0.26676498780302604,1,21,0,0,1,0.045454545454545456,0.9545454545454546,0.0,0.0,0.043478260869565216,UR,0.0,0.08695652173913043,0.0,0.0,1,ur,ul,midline,1,0,0,0,0
1,3,size9_comp0.6_grid3_base_medium,9,0.6,medium,base,base,4,4,8,6,1,1,1,1,1,0,-1,22,0.0,0.3181818181818182,0.3181818181818182,0.0,0,2,16,4,9,2,2,8,16,5,0,8,0.36363636363636365,UR,0.2761954276479391,1,20,0,0,1,0.047619047619047616,0.9523809523809523,0.0,0.0,0.045454545454545456,UR,0.0,0.22727272727272727,0.0,0.0,1,ur,ul,midline,1,0,0,0,0
2,3,size9_comp0.6_grid3_base_medium,9,0.6,medium,base,base,4,4,8,6,1,1,1,1,1,0,-1,9,0.0,0.3333333333333333,0.3333333333333333,0.0,0,2,7,0,4,2,2,0,3,0,0,3,0.3333333333333333,UR,0.5435644431995964,1,7,0,0,1,0.125,0.875,0.0,0.0,0.1111111111111111,UR,0.0,0.1111111111111111,0.0,0.0,1,ur,ul,midline,1,0,0,0,0
3,3,size9_comp0.6_grid3_base_medium,9,0.6,medium,base,base,4,4,8,6,1,1,1,1,1,0,-1,18,0.0,0.16666666666666666,0.16666666666666666,0.0,0,2,12,4,9,2,2,4,12,0,0,12,0.6666666666666666,UR,0.3227569588973982,1,16,0,0,1,0.058823529411764705,0.9411764705882353,0.0,0.0,0.05555555555555555,UR,0.0,0.05555555555555555,0.0,0.0,1,ur,ul,midline,1,0,0,0,0
4,3,size9_comp0.6_grid3_base_medium,9,0.6,medium,base,base,4,4,8,6,1,1,1,1,1,0,-1,47,0.0,0.14893617021276595,0.14893617021276595,0.0,0,2,34,10,26,2,2,14,41,5,0,32,0.6808510638297872,UR,0.2623112196143366,2,43,0,0,2,0.044444444444444446,0.9555555555555556,0.0,0.0,0.0425531914893617,UR,0.0,0.0851063829787234,0.0,0.0,1,ur,ul,midline,1,0,0,0,0
5,3,size9_comp0.6_grid3_base_medium,9,0.6,medium,base,base,4,4,8,6,1,1,1,1,1,0,-1,28,0.0,0.10714285714285714,0.10714285714285714,0.0,0,2,19,7,15,2,2,8,22,0,0,22,0.7857142857142857,UR,0.228538143953528,1,26,0,0,1,0.037037037037037035,0.9629629629629629,0.0,0.0,0.03571428571428571,UR,0.0,0.03571428571428571,0.0,0.0,1,ur,ul,midline,1,0,0,0,0
6,3,size9_comp0.6_grid3_base_medium,9,0.6,medium,base,base,4,4,8,6,1,1,1,1,1,0,-1,33,0.0,0.15151515151515152,0.15151515151515152,0.0,0,2,21,10,15,2,2,13,26,2,0,23,0.696969696969697,UR,0.20062232431271465,1,31,0,0,1,0.03125,0.96875,0.0,0.0,0.030303030303030304,UR,0.0,0.12121212121212122,0.0,0.0,3,ur,ul,midline,1,0,0,0,0
7,3,size9_comp0.6_grid3_base_medium,9,0.6,medium,base,base,4,4,8,6,1,1,1,1,1,0,-1,24,0.0,0.125,0.125,0.0,0,2,20,2,15,2,2,4,18,0,0,18,0.75,UR,0.2580186686648155,1,22,0,0,1,0.043478260869565216,0.9565217391304348,0.0,0.0,0.041666666666666664,UR,0.0,0.041666666666666664,0.0,0.0,1,ur,ul,midline,1,0,0,0,0
8,3,size9_comp0.6_grid3_base_medium,9,0.6,medium,base,base,4,4,8,6,1,1,1,1,1,0,-1,9,0.0,0.4444444444444444,0.4444444444444444,0.0,0,2,6,1,3,2,2,1,2,1,0,1,0.1111111111111111,UR,0.5435644431995964,1,7,0,0,1,0.125,0.875,0.0,0.0,0.1111111111111111,UR,0.0,0.3333333333333333,0.0,0.0,3,ur,ul,midline,1,0,0,0,0
9,3,size9_comp0.6_grid3_base_medium,9,0.6,medium,base,base,4,4,8,6,1,1,1,1,1,0,-1,14,0.0,0.2857142857142857,0.2857142857142857,0.0,0,2,11,1,7,2,2,2,8,2,0,6,0.42857142857142855,UR,0.41381685030363374,1,11,0,0,2,0.08333333333333333,0.9166666666666666,0.0,0.0,0.14285714285714285,UR,0.0,0.07142857142857142,0.0,0.0,1,ur,ul,midline,1,0,0,0,0
0,4,size9_comp0.6_grid4_base_medium,9,0.6,medium,base,base,10,3,13,7,3,1,1,1,0,0,-1,48,0.0,0.4583333333333333,0.4583333333333333,0.0,6,3,20,19,9,4,7,27,42,25,0,7,0.14583333333333334,DL,0.15935006268563445,0,0,42,1,5,0.0,0.0,0.9767441860465116,0.023255813953488372,0.10416666666666667,DL,0.0,0.0,0.4375,0.0,5,dl,ur,ur,1,0,0,0,0
1,4,size9_comp0.6_grid4_base_medium,9,0.6,medium,base,base,10,3,13,7,3,1,1,1,0,0,-1,48,0.0,0.3333333333333333,0.3333333333333333,0.0,4,3,20,21,20,6,6,15,40,7,0,17,0.3541666666666667,DL,0.8554508105601306,0,0,18,7,23,0.0,0.0,0.72,0.28,0.4791666666666667,DL,0.0,0.0,0.16666666666666666,0.0,3,dl,ur,ur,1,0,0,0,0
2,4,size9_comp0.6_grid4_base_medium,9,0.6,medium,base,base,10,3,13,7,3,1,1,1,0,0,-1,48,0.0,0.4166666666666667,0.4166666666666667,0.0,7,1,21,19,14,3,5,25,39,18,0,11,0.22916666666666666,DL,0.7120640548905479,0,0,33,8,7,0.0,0.0,0.8048780487804879,0.1951219512195122,0.14583333333333334,DL,0.0,0.0,0.375,0.0,3,dl,ur,ur,1,0,0,0,0
3,4,size9_comp0.6_grid4_base_medium,9,0.6,medium,base,base,10,3,13,7,3,1,1,1,0,0,-1,48,0.0,0.2708333333333333,0.2708333333333333,0.0,3,1,31,13,23,3,5,16,40,7,0,27,0.5625,UL,1.173030669557363,18,2,7,0,21,0.6666666666666666,0.07407407407407407,0.25925925925925924,0.0,0.4375,DL,0.0,0.0,0.041666666666666664,0.0,2,dl,ur,ur,0,0,0,0,0
4,4,size9_comp0.6_grid4_base_medium,9,0.6,medium,base,base,10,3,13,7,3,1,1,1,0,0,-1,48,0.0,0.2916666666666667,0.2916666666666667,0.0,4,1,30,13,24,6,4,13,37,5,0,25,0.5208333333333334,UL,1.201597655573916,24,2,3,3,16,0.75,0.0625,0.09375,0.09375,0.3333333333333333,DL,0.0,0.0,0.020833333333333332,0.0,1,dl,ur,ur,0,0,0,0,0
5,4,size9_comp0.6_grid4_base_medium,9,0.6,medium,base,base,10,3,13,7,3,1,1,1,0,0,-1,48,0.0,0.3125,0.3125,0.0,5,1,27,15,17,9,3,18,39,9,0,22,0.4583333333333333,UL,1.5443683177191718,14,1,8,3,22,0.5384615384615384,0.038461538461538464,0.3076923076923077,0.11538461538461539,0.4583333333333333,DL,0.0,0.0,0.020833333333333332,0.0,1,dl,ur,ur,0,0,0,0,0
6,4,size9_comp0.6_grid4_base_medium,9,0.6,medium,base,base,10,3,13,7,3,1,1,1,0,0,-1,48,0.0,0.3125,0.3125,0.0,5,1,21,21,24,5,3,15,39,10,0,20,0.4166666666666667,UL,1.097081713554269,22,1,12,0,13,0.6285714285714286,0.02857142857142857,0.34285714285714286,0.0,0.2708333333333333,DL,0.0,0.0,0.10416666666666667,0.0,2,dl,ur,ur,0,0,0,0,0
7,4,size9_comp0.6_grid4_base_medium,9,0.6,medium,base,base,10,3,13,7,3,1,1,1,0,0,-1,48,0.0,0.25,0.25,0.0,4,1,29,14,22,8,0,17,41,7,0,28,0.5833333333333334,UL,1.0493985254159108,20,2,5,0,21,0.7407407407407407,0.07407407407407407,0.18518518518518517,0.0,0.4375,DL,0.0,0.0,0.041666666666666664,0.0,1,dl,ur,ur,0,0,0,0,0
8,4,size9_comp0.6_grid4_base_medium,9,0.6,medium,base,base,10,3,13,7,3,1,1,1,0,0,-1,48,0.0,0.2708333333333333,0.2708333333333333,0.0,7,2,22,17,16,7,7,17,35,7,0,24,0.5,UL,1.365810898502716,19,1,9,2,17,0.6129032258064516,0.03225806451612903,0.2903225806451613,0.06451612903225806,0.3541666666666667,DL,0.041666666666666664,0.0,0.08333333333333333,0.0,2,dl,ur,ur,0,0,0,0,0
9,4,size9_comp0.6_grid4_base_medium,9,0.6,medium,base,base,10,3,13,7,3,1,1,1,0,0,-1,48,0.0,0.3541666666666667,0.3541666666666667,0.0,4,1,22,21,17,4,6,20,39,13,0,18,0.375,DL,1.2646726793957221,2,0,14,7,25,0.08695652173913043,0.0,0.6086956521739131,0.30434782608695654,0.5208333333333334,DL,0.0,0.0,0.08333333333333333,0.0,1,dl,ur,ur,1,0,0,0,0
0,5,size9_comp0.6_grid5_base_medium,9,0.6,medium,base,base,4,9,13,7,4,1,1,1,0,0,-1,48,0.0,0.1875,0.1875,0.0,0,2,30,16,21,2,2,22,41,10,0,28,0.5833333333333334,UR,-0.0,0,33,0,0,15,0.0,1.0,0.0,0.0,0.3125,UR,0.0,0.125,0.0,0.0,5,ur,ul,midline,1,0,0,0,0
1,5,size9_comp0.6_grid5_base_medium,9,0.6,medium,base,base,4,9,13,7,4,1,1,1,0,0,-1,48,0.0,0.22916666666666666,0.22916666666666666,0.0,0,1,35,12,26,1,1,19,44,12,0,25,0.5208333333333334,UR,-0.0,0,48,0,0,0,0.0,1.0,0.0,0.0,0.0,UR,0.0,0.2916666666666667,0.0,0.0,5,ur,ul,midline,1,0,0,0,0
2,5,size9_comp0.6_grid5_base_medium,9,0.6,medium,base,base,4,9,13,7,4,1,1,1,0,0,-1,48,0.0,0.20833333333333334,0.20833333333333334,0.0,1,3,27,17,17,5,3,22,37,13,0,22,0.4583333333333333,UR,0.41381685030363374,3,33,0,0,12,0.08333333333333333,0.9166666666666666,0.0,0.0,0.25,UR,0.0,0.2708333333333333,0.0,0.0,9,ur,ul,midline,1,0,0,0,0
3,5,size9_comp0.6_grid5_base_medium,9,0.6,medium,base,base,4,9,13,7,4,1,1,1,0,0,-1,48,0.0,0.20833333333333334,0.20833333333333334,0.0,1,1,36,10,28,3,1,15,44,11,0,28,0.5833333333333334,UR,-0.0,0,48,0,0,0,0.0,1.0,0.0,0.0,0.0,UR,0.0,0.2708333333333333,0.0,0.0,5,ur,ul,midline,1,0,0,0,0
4,5,size9_comp0.6_grid5_base_medium,9,0.6,medium,base,base,4,9,13,7,4,1,1,1,0,0,-1,48,0.0,0.25,0.25,0.0,4,5,27,12,17,5,9,16,38,9,0,20,0.4166666666666667,UL,0.969409849698032,29,10,1,0,8,0.725,0.25,0.025,0.0,0.16666666666666666,UL,0.041666666666666664,0.0,0.0,0.0,2,ur,ul,midline,0,0,0,0,0
5,5,size9_comp0.6_grid5_base_medium,9,0.6,medium,base,base,4,9,13,7,4,1,1,1,0,0,-1,48,0.0,0.25,0.25,0.0,2,3,31,12,23,7,1,16,40,8,0,23,0.4791666666666667,UR,0.228538143953528,0,26,1,0,21,0.0,0.9629629629629629,0.037037037037037035,0.0,0.4375,UR,0.0,0.16666666666666666,0.0,0.0,4,ur,ul,midline,1,0,0,0,0
6,5,size9_comp0.6_grid5_base_medium,9,0.6,medium,base,base,4,9,13,7,4,1,1,1,0,0,-1,48,0.0,0.25,0.25,0.0,5,5,19,19,21,7,6,13,37,11,0,19,0.3958333333333333,DL,0.964078764808229,0,7,11,0,30,0.0,0.3888888888888889,0.6111111111111112,0.0,0.625,DL,0.0,0.0,0.10416666666666667,0.0,3,ur,ul,midline,0,0,0,0,0
7,5,size9_comp0.6_grid5_base_medium,9,0.6,medium,base,base,4,9,13,7,4,1,1,1,0,0,-1,48,0.0,0.0625,0.0625,0.0,0,1,36,11,27,1,1,18,45,5,0,41,0.8541666666666666,UR,-0.0,0,48,0,0,0,0.0,1.0,0.0,0.0,0.0,UR,0.0,0.0625,0.0,0.0,1,ur,ul,midline,1,0,0,0,0
8,5,size9_comp0.6_grid5_base_medium,9,0.6,medium,base,base,4,9,13,7,4,1,1,1,0,0,-1,48,0.0,0.22916666666666666,0.22916666666666666,0.0,1,5,29,13,17,5,6,19,39,8,0,26,0.5416666666666666,UR,0.9494520153879484,14,24,0,0,10,0.3684210526315789,0.631578947368421,0.0,0.0,0.20833333333333334,UR,0.0,0.041666666666666664,0.0,0.0,1,ur,ul,midline,1,0,0,0,0
9,5,size9_comp0.6_grid5_base_medium,9,0.6,medium,base,base,4,9,13,7,4,1,1,1,0,0,-1,48,0.0,0.14583333333333334,0.14583333333333334,0.0,3,4,29,12,21,4,9,13,36,7,0,28,0.5833333333333334,UR,0.9811522341999133,0,18,13,0,17,0.0,0.5806451612903226,0.41935483870967744,0.0,0.3541666666666667,DL,0.0,0.0,0.16666666666666666,0.0,7,ur,ul,midline,1,0,0,0,0
0,6,size9_comp0.6_grid6_base_medium,9,0.6,medium,base,base,4,4,8,8,0,1,1,1,1,1,9,30,0.26666666666666666,0.4,0.5,0.35,6,0,17,7,11,5,7,6,19,4,1,14,0.4666666666666667,UR,0.8030717273241024,0,15,1,2,12,0.0,0.8333333333333334,0.05555555555555555,0.1111111111111111,0.4,UR,0.0,0.26666666666666666,0.0,0.0,8,dl,ur,midline,0,0,0,0,0
1,6,size9_comp0.6_grid6_base_medium,9,0.6,medium,base,base,4,4,8,8,0,1,1,1,0,0,-1,48,0.0,0.2708333333333333,0.2708333333333333,0.0,14,2,19,13,15,9,11,12,40,8,0,22,0.4583333333333333,DR,0.9961344835095796,0,0,19,22,7,0.0,0.0,0.4634146341463415,0.5365853658536586,0.14583333333333334,DR,0.0,0.0,0.0,0.14583333333333334,4,dl,ur,midline,0,0,0,0,0
2,6,size9_comp0.6_grid6_base_medium,9,0.6,medium,base,base,4,4,8,8,0,1,1,1,0,0,-1,48,0.0,0.375,0.375,0.0,10,0,20,18,9,9,7,22,44,21,0,10,0.20833333333333334,DL,-0.0,0,0,44,0,4,0.0,0.0,1.0,0.0,0.08333333333333333,,0.0,0.0,0.0,0.0,0,dl,ur,midline,1,0,0,0,0
3,6,size9_comp0.6_grid6_base_medium,9,0.6,medium,base,base,4,4,8,8,0,1,1,1,0,1,34,48,0.0,0.3541666666666667,0.37142857142857144,0.3076923076923077,10,2,21,15,16,11,9,11,40,6,3,18,0.375,DL,1.224394445405986,0,6,18,3,21,0.0,0.2222222222222222,0.6666666666666666,0.1111111111111111,0.4375,,0.0,0.0,0.0,0.0,0,dl,ur,midline,1,0,0,0,0
4,6,size9_comp0.6_grid6_base_medium,9,0.6,medium,base,base,4,4,8,8,0,1,1,1,0,0,-1,48,0.0,0.22916666666666666,0.22916666666666666,0.0,4,4,14,26,20,4,11,12,41,11,0,22,0.4583333333333333,UL,0.5328350630342233,29,0,4,0,15,0.8787878787878788,0.0,0.12121212121212122,0.0,0.3125,,0.0,0.0,0.0,0.0,0,dl,ur,midline,0,0,0,0,0
5,6,size9_comp0.6_grid6_base_medium,9,0.6,medium,base,base,4,4,8,8,0,1,1,1,0,0,-1,48,0.0,0.3125,0.3125,0.0,4,6,15,23,11,5,9,22,40,21,0,14,0.2916666666666667,UL,0.4059770384755711,34,0,3,0,11,0.918918918918919,0.0,0.08108108108108109,0.0,0.22916666666666666,,0.0,0.0,0.0,0.0,0,dl,ur,midline,0,0,0,0,0
6,6,size9_comp0.6_grid6_base_medium,9,0.6,medium,base,base,4,4,8,8,0,1,1,1,0,0,-1,48,0.0,0.22916666666666666,0.22916666666666666,0.0,6,1,15,26,27,5,6,9,38,8,0,22,0.4583333333333333,UL,1.122607968400632,17,0,5,2,24,0.7083333333333334,0.0,0.20833333333333334,0.08333333333333333,0.5,,0.0,0.0,0.0,0.0,0,dl,ur,midline,0,0,0,0,0
7,6,size9_comp0.6_grid6_base_medium,9,0.6,medium,base,base,4,4,8,8,0,1,1,1,0,0,-1,48,0.0,0.20833333333333334,0.20833333333333334,0.0,5,3,16,24,15,4,11,17,38,8,0,23,0.4791666666666667,UL,0.8630653023129399,30,0,5,2,11,0.8108108108108109,0.0,0.13513513513513514,0.05405405405405406,0.22916666666666666,,0.0,0.0,0.0,0.0,0,dl,ur,midline,0,0,0,0,0
8,6,size9_comp0.6_grid6_base_medium,9,0.6,medium,base,base,4,4,8,8,0,1,1,1,0,0,-1,48,0.0,0.20833333333333334,0.20833333333333334,0.0,6,1,10,31,27,5,7,8,39,7,0,24,0.5,DL,1.1863929342238186,4,0,16,3,25,0.17391304347826086,0.0,0.6956521739130435,0.13043478260869565,0.5208333333333334,,0.0,0.0,0.0,0.0,0,dl,ur,midline,1,0,0,0,0
9,6,size9_comp0.6_grid6_base_medium,9,0.6,medium,base,base,4,4,8,8,0,1,1,1,1,1,7,30,0.26666666666666666,0.43333333333333335,0.625,0.36363636363636365,5,0,16,9,10,7,3,9,19,5,3,12,0.4,UR,0.9219280948873623,0,16,2,2,10,0.0,0.8,0.1,0.1,0.3333333333333333,UR,0.0,0.16666666666666666,0.0,0.0,5,dl,ur,midline,0,0,0,0,0
0,7,size9_comp0.6_grid7_base_medium,9,0.6,medium,base,base,8,8,16,4,6,1,1,1,1,0,-1,15,0.0,0.3333333333333333,0.3333333333333333,0.0,2,6,6,1,4,4,5,1,9,1,0,5,0.3333333333333333,UR,-0.0,0,15,0,0,0,0.0,1.0,0.0,0.0,0.0,UR,0.0,0.8,0.0,0.0,12,ur,midline,midline,1,0,0,0,0
1,7,size9_comp0.6_grid7_base_medium,9,0.6,medium,base,base,8,8,16,4,6,1,1,1,1,0,-1,22,0.0,0.13636363636363635,0.13636363636363635,0.0,1,8,11,2,11,3,3,4,16,0,0,16,0.7272727272727273,UR,-0.0,0,22,0,0,0,0.0,1.0,0.0,0.0,0.0,UR,0.0,0.8636363636363636,0.0,0.0,19,ur,midline,midline,1,0,0,0,0
2,7,size9_comp0.6_grid7_base_medium,9,0.6,medium,base,base,8,8,16,4,6,1,1,1,1,0,-1,28,0.0,0.17857142857142858,0.17857142857142858,0.0,1,6,14,7,9,7,3,8,22,1,0,18,0.6428571428571429,UR,-0.0,0,28,0,0,0,0.0,1.0,0.0,0.0,0.0,UR,0.0,0.8928571428571429,0.0,0.0,25,ur,midline,midline,1,0,0,0,0
3,7,size9_comp0.6_grid7_base_medium,9,0.6,medium,base,base,8,8,16,4,6,1,1,1,1,0,-1,9,0.0,0.4444444444444444,0.4444444444444444,0.0,2,3,4,0,1,3,2,2,3,2,0,1,0.1111111111111111,UR,-0.0,0,8,0,0,1,0.0,1.0,0.0,0.0,0.1111111111111111,UR,0.0,0.6666666666666666,0.0,0.0,6,ur,midline,midline,1,0,0,0,0
4,7,size9_comp0.6_grid7_base_medium,9,0.6,medium,base,base,8,8,16,4,6,1,1,1,1,0,-1,33,0.0,0.18181818181818182,0.18181818181818182,0.0,1,8,17,7,13,4,5,10,26,3,0,21,0.6363636363636364,UR,-0.0,0,31,0,0,2,0.0,1.0,0.0,0.0,0.06060606060606061,UR,0.0,0.8181818181818182,0.0,0.0,22,ur,midline,midline,1,0,0,0,0
5,7,size9_comp0.6_grid7_base_medium,9,0.6,medium,base,base,8,8,16,4,6,1,1,1,1,0,-1,12,0.0,0.16666666666666666,0.16666666666666666,0.0,0,1,8,3,6,2,0,3,8,0,0,8,0.6666666666666666,UR,-0.0,0,12,0,0,0,0.0,1.0,0.0,0.0,0.0,UR,0.0,0.5833333333333334,0.0,0.0,7,ur,midline,midline,1,0,0,0,0
6,7,size9_comp0.6_grid7_base_medium,9,0.6,medium,base,base,8,8,16,4,6,1,1,1,1,0,-1,28,0.0,0.17857142857142858,0.17857142857142858,0.0,2,3,17,6,9,3,3,12,23,4,0,18,0.6428571428571429,UR,-0.0,0,28,0,0,0,0.0,1.0,0.0,0.0,0.0,UR,0.0,0.7857142857142857,0.0,0.0,22,ur,midline,midline,1,0,0,0,0
7,7,size9_comp0.6_grid7_base_medium,9,0.6,medium,base,base,8,8,16,4,6,1,1,1,1,0,-1,11,0.0,0.18181818181818182,0.18181818181818182,0.0,0,1,8,2,6,1,1,2,7,0,0,7,0.6363636363636364,UR,-0.0,0,11,0,0,0,0.0,1.0,0.0,0.0,0.0,UR,0.0,0.7272727272727273,0.0,0.0,8,ur,midline,midline,1,0,0,0,0
8,7,size9_comp0.6_grid7_base_medium,9,0.6,medium,base,base,8,8,16,4,6,1,1,1,1,0,-1,17,0.0,0.17647058823529413,0.17647058823529413,0.0,1,2,12,2,7,1,3,5,12,1,0,11,0.6470588235294118,UR,-0.0,0,17,0,0,0,0.0,1.0,0.0,0.0,0.0,UR,0.0,0.8235294117647058,0.0,0.0,14,ur,midline,midline,1,0,0,0,0
9,7,size9_comp0.6_grid7_base_medium,9,0.6,medium,base,base,8,8,16,4,6,1,1,1,1,0,-1,14,0.0,0.21428571428571427,0.21428571428571427,0.0,0,1,9,4,5,1,1,6,10,2,0,8,0.5714285714285714,UR,-0.0,0,14,0,0,0,0.0,1.0,0.0,0.0,0.0,UR,0.0,0.6428571428571429,0.0,0.0,9,ur,midline,midline,1,0,0,0,0
0,8,size9_comp0.6_grid8_base_medium,9,0.6,medium,base,base,9,5,14,10,5,1,1,1,0,0,-1,48,0.0,0.0,0.0,0.0,1,0,44,3,40,1,0,6,46,0,0,47,0.9791666666666666,DR,-0.0,0,0,0,48,0,0.0,0.0,0.0,1.0,0.0,DR,0.0,0.0,0.0,0.020833333333333332,1,dr,ul,dl,1,0,0,0,0
1,8,size9_comp0.6_grid8_base_medium,9,0.6,medium,base,base,9,5,14,10,5,1,1,1,0,0,-1,48,0.0,0.0,0.0,0.0,1,0,43,4,37,1,1,8,46,0,0,47,0.9791666666666666,DR,-0.0,0,0,0,48,0,0.0,0.0,0.0,1.0,0.0,DR,0.0,0.0,0.0,0.0625,3,dr,ul,dl,1,0,0,0,0
2,8,size9_comp0.6_grid8_base_medium,9,0.6,medium,base,base,9,5,14,10,5,1,1,1,0,0,-1,48,0.0,0.0,0.0,0.0,1,0,46,1,44,1,0,2,46,0,0,47,0.9791666666666666,DR,-0.0,0,0,0,48,0,0.0,0.0,0.0,1.0,0.0,DR,0.0,0.0,0.0,0.020833333333333332,1,dr,ul,dl,1,0,0,0,0
3,8,size9_comp0.6_grid8_base_medium,9,0.6,medium,base,base,9,5,14,10,5,1,1,1,0,0,-1,48,0.0,0.0,0.0,0.0,1,0,44,3,39,1,1,6,46,0,0,47,0.9791666666666666,DR,-0.0,0,0,0,48,0,0.0,0.0,0.0,1.0,0.0,DR,0.0,0.0,0.0,0.041666666666666664,2,dr,ul,dl,1,0,0,0,0
4,8,size9_comp0.6_grid8_base_medium,9,0.6,medium,base,base,9,5,14,10,5,1,1,1,0,0,-1,48,0.0,0.0,0.0,0.0,1,0,44,3,39,1,1,6,46,0,0,47,0.9791666666666666,DR,-0.0,0,0,0,48,0,0.0,0.0,0.0,1.0,0.0,DR,0.0,0.0,0.0,0.22916666666666666,11,dr,ul,dl,1,0,0,0,0
5,8,size9_comp0.6_grid8_base_medium,9,0.6,medium,base,base,9,5,14,10,5,1,1,1,0,0,-1,48,0.0,0.0,0.0,0.0,1,0,41,6,34,1,1,11,46,0,0,47,0.9791666666666666,DR,-0.0,0,0,0,48,0,0.0,0.0,0.0,1.0,0.0,DR,0.0,0.0,0.0,0.14583333333333334,7,dr,ul,dl,1,0,0,0,0
6,8,size9_comp0.6_grid8_base_medium,9,0.6,medium,base,base,9,5,14,10,5,1,1,1,0,0,-1,48,0.0,0.0,0.0,0.0,1,0,44,3,39,1,1,6,46,0,0,47,0.9791666666666666,DR,-0.0,0,0,0,48,0,0.0,0.0,0.0,1.0,0.0,DR,0.0,0.0,0.0,0.125,6,dr,ul,dl,1,0,0,0,0
7,8,size9_comp0.6_grid8_base_medium,9,0.6,medium,base,base,9,5,14,10,5,1,1,1,0,0,-1,48,0.0,0.0,0.0,0.0,1,0,43,4,38,0,2,7,46,0,0,47,0.9791666666666666,DR,-0.0,0,0,0,48,0,0.0,0.0,0.0,1.0,0.0,DR,0.0,0.0,0.0,0.4791666666666667,23,dr,ul,dl,1,0,0,0,0
8,8,size9_comp0.6_grid8_base_medium,9,0.6,medium,base,base,9,5,14,10,5,1,1,1,0,0,-1,48,0.0,0.0,0.0,0.0,1,0,40,7,35,2,0,10,46,0,0,47,0.9791666666666666,DR,-0.0,0,0,0,48,0,0.0,0.0,0.0,1.0,0.0,DR,0.0,0.0,0.0,0.20833333333333334,10,dr,ul,dl,1,0,0,0,0
9,8,size9_comp0.6_grid8_base_medium,9,0.6,medium,base,base,9,5,14,10,5,1,1,1,0,0,-1,48,0.0,0.0,0.0,0.0,1,0,45,2,41,1,1,4,46,0,0,47,0.9791666666666666,DR,-0.0,0,0,0,48,0,0.0,0.0,0.0,1.0,0.0,DR,0.0,0.0,0.0,0.0625,3,dr,ul,dl,1,0,0,0,0
0,9,size9_comp0.6_grid9_base_medium,9,0.6,medium,base,base,16,6,22,10,6,1,1,1,0,0,-1,48,0.0,0.020833333333333332,0.020833333333333332,0.0,1,1,32,14,26,1,3,17,46,0,0,46,0.9583333333333334,UR,-0.0,0,48,0,0,0,0.0,1.0,0.0,0.0,0.0,UR,0.0,0.125,0.0,0.0,6,ur,dl,ul,1,0,0,0,0
1,9,size9_comp0.6_grid9_base_medium,9,0.6,medium,base,base,16,6,22,10,6,1,1,1,0,0,-1,48,0.0,0.0625,0.0625,0.0,3,1,28,16,22,4,3,18,41,2,0,36,0.75,UR,0.6751914401458716,8,37,0,0,3,0.17777777777777778,0.8222222222222222,0.0,0.0,0.0625,UR,0.0,0.22916666666666666,0.0,0.0,7,ur,dl,ul,1,0,0,0,0
2,9,size9_comp0.6_grid9_base_medium,9,0.6,medium,base,base,16,6,22,10,6,1,1,1,0,0,-1,48,0.0,0.0,0.0,0.0,1,0,24,23,17,1,1,28,46,0,0,47,0.9791666666666666,UR,-0.0,0,48,0,0,0,0.0,1.0,0.0,0.0,0.0,UR,0.0,0.7291666666666666,0.0,0.0,35,ur,dl,ul,1,0,0,0,0
3,9,size9_comp0.6_grid9_base_medium,9,0.6,medium,base,base,16,6,22,10,6,1,1,1,0,0,-1,48,0.0,0.0,0.0,0.0,1,0,25,22,25,0,2,20,46,0,0,47,0.9791666666666666,UR,-0.0,0,48,0,0,0,0.0,1.0,0.0,0.0,0.0,UR,0.0,0.7708333333333334,0.0,0.0,37,ur,dl,ul,1,0,0,0,0
4,9,size9_comp0.6_grid9_base_medium,9,0.6,medium,base,base,16,6,22,10,6,1,1,1,0,0,-1,48,0.0,0.0625,0.0625,0.0,2,0,29,16,21,3,1,20,41,4,0,36,0.75,UR,0.5665095065529053,6,39,0,0,3,0.13333333333333333,0.8666666666666667,0.0,0.0,0.0625,UR,0.0,0.5833333333333334,0.0,0.0,28,ur,dl,ul,1,0,0,0,0
5,9,size9_comp0.6_grid9_base_medium,9,0.6,medium,base,base,16,6,22,10,6,1,1,1,0,0,-1,48,0.0,0.0,0.0,0.0,2,0,33,13,20,3,1,23,45,0,0,45,0.9375,UR,-0.0,0,48,0,0,0,0.0,1.0,0.0,0.0,0.0,UR,0.0,0.25,0.0,0.0,12,ur,dl,ul,1,0,0,0,0
6,9,size9_comp0.6_grid9_base_medium,9,0.6,medium,base,base,16,6,22,10,6,1,1,1,0,0,-1,48,0.0,0.22916666666666666,0.22916666666666666,0.0,2,0,33,13,22,1,3,21,41,16,0,20,0.4166666666666667,UL,1.0,18,18,0,0,12,0.5,0.5,0.0,0.0,0.25,UR,0.0,0.20833333333333334,0.0,0.0,10,ur,dl,ul,0,1,0,0,0
7,9,size9_comp0.6_grid9_base_medium,9,0.6,medium,base,base,16,6,22,10,6,1,1,1,0,0,-1,48,0.0,0.14583333333333334,0.14583333333333334,0.0,2,0,29,17,25,3,1,18,41,9,0,28,0.5833333333333334,UR,0.9837082626231859,17,23,0,0,8,0.425,0.575,0.0,0.0,0.16666666666666666,UR,0.0,0.16666666666666666,0.0,0.0,8,ur,dl,ul,1,0,0,0,0
8,9,size9_comp0.6_grid9_base_medium,9,0.6,medium,base,base,16,6,22,10,6,1,1,1,0,0,-1,48,0.0,0.0,0.0,0.0,1,0,28,19,29,1,1,16,46,0,0,47,0.9791666666666666,UR,-0.0,0,48,0,0,0,0.0,1.0,0.0,0.0,0.0,UR,0.0,0.3333333333333333,0.0,0.0,16,ur,dl,ul,1,0,0,0,0
9,9,size9_comp0.6_grid9_base_medium,9,0.6,medium,base,base,16,6,22,10,6,1,1,1,0,0,-1,48,0.0,0.125,0.125,0.0,2,0,29,16,19,1,3,22,41,9,0,29,0.6041666666666666,UR,0.8296071030882031,11,31,0,0,6,0.2619047619047619,0.7380952380952381,0.0,0.0,0.125,UR,0.0,0.22916666666666666,0.0,0.0,11,ur,dl,ul,1,0,0,0,0
