trajectory_id,grid_id,grid_key,grid_size,density,reasoning_effort,transform_type,trajectory_category,collect_mode,start_to_coin1_distance,start_to_coin2_distance,coin1_to_coin2_distance,coin2_to_coin1_distance,coin1_to_goal_distance,coin2_to_goal_distance,optimal_total_distance,coin1_reachable_from_start,coin2_reachable_from_start,goal_reachable_from_start,goal_reachable_from_coin1,goal_reachable_from_coin2,reached_goal,num_coins_collected,coin1_collected,coin2_collected,coin1_collection_step,coin2_collection_step,success,trajectory_length,spl,action_accuracy,action_accuracy_phase1,action_accuracy_phase2,action_accuracy_phase3,num_actions_up,num_actions_down,num_actions_left,num_actions_right,num_steps_front,num_steps_left_turn,num_steps_right_turn,num_steps_back,num_cell_revisits,num_immediate_revisits,num_coin_oscillations,num_invalid_actions,invalid_action_rate
0,0,collect_all_size11_comp0.0_grid0_base_medium,11,0.0,medium,base,base,collect_all,8,9,7,7,10,3,18,1,1,1,1,1,1,2,1,1,10,21,1,29,0.6206896551724138,0.7931034482758621,0.8181818181818182,0.8181818181818182,0.7142857142857143,6,9,8,6,9,8,8,3,5,3,2,1,0.034482758620689655
1,0,collect_all_size11_comp0.0_grid0_base_medium,11,0.0,medium,base,base,collect_all,8,9,7,7,10,3,18,1,1,1,1,1,1,2,1,1,10,17,1,23,0.782608695652174,0.8695652173913043,0.8181818181818182,1.0,0.8,5,8,6,4,11,6,3,2,3,2,2,1,0.043478260869565216
2,0,collect_all_size11_comp0.0_grid0_base_medium,11,0.0,medium,base,base,collect_all,8,9,7,7,10,3,18,1,1,1,1,1,1,2,1,1,11,18,1,24,0.75,0.875,0.8333333333333334,1.0,0.8,5,9,6,4,7,8,6,2,2,2,0,0,0.0
3,0,collect_all_size11_comp0.0_grid0_base_medium,11,0.0,medium,base,base,collect_all,8,9,7,7,10,3,18,1,1,1,1,1,1,2,1,1,12,21,1,25,0.72,0.84,0.7692307692307693,0.8888888888888888,1.0,4,7,8,6,9,7,7,1,2,1,1,1,0.04
4,0,collect_all_size11_comp0.0_grid0_base_medium,11,0.0,medium,base,base,collect_all,8,9,7,7,10,3,18,1,1,1,1,1,1,2,1,1,9,24,1,30,0.6,0.8,0.9,0.7333333333333333,0.8,6,10,8,6,12,4,8,5,8,5,3,0,0.0
5,0,collect_all_size11_comp0.0_grid0_base_medium,11,0.0,medium,base,base,collect_all,8,9,7,7,10,3,18,1,1,1,1,1,1,2,1,1,13,20,1,24,0.75,0.875,0.7857142857142857,1.0,1.0,5,9,6,4,12,6,5,0,0,0,0,0,0.0
6,0,collect_all_size11_comp0.0_grid0_base_medium,11,0.0,medium,base,base,collect_all,8,9,7,7,10,3,18,1,1,1,1,1,1,2,1,1,7,14,1,18,1.0,1.0,1.0,1.0,1.0,2,6,6,4,12,4,1,0,0,0,0,0,0.0
7,0,collect_all_size11_comp0.0_grid0_base_medium,11,0.0,medium,base,base,collect_all,8,9,7,7,10,3,18,1,1,1,1,1,1,2,1,1,12,19,1,23,0.782608695652174,0.8695652173913043,0.7692307692307693,1.0,1.0,4,7,7,5,12,5,4,1,2,1,0,1,0.043478260869565216
8,0,collect_all_size11_comp0.0_grid0_base_medium,11,0.0,medium,base,base,collect_all,8,9,7,7,10,3,18,1,1,1,1,1,1,2,1,1,9,18,1,24,0.75,0.875,0.9,0.8888888888888888,0.8,5,9,6,4,11,5,4,3,3,3,0,0,0.0
9,0,collect_all_size11_comp0.0_grid0_base_medium,11,0.0,medium,base,base,collect_all,8,9,7,7,10,3,18,1,1,1,1,1,1,2,1,1,7,14,1,18,1.0,1.0,1.0,1.0,1.0,2,6,6,4,11,4,2,0,0,0,0,0,0.0
0,1,collect_all_size11_comp0.0_grid1_base_medium,11,0.0,medium,base,base,collect_all,4,3,3,3,4,3,10,1,1,1,1,1,1,2,1,1,9,2,1,23,0.43478260869565216,0.6956521739130435,1.0,0.7142857142857143,0.6153846153846154,9,5,6,3,5,9,4,4,6,4,3,1,0.043478260869565216
1,1,collect_all_size11_comp0.0_grid1_base_medium,11,0.0,medium,base,base,collect_all,4,3,3,3,4,3,10,1,1,1,1,1,1,2,1,1,9,2,1,18,0.5555555555555556,0.7777777777777778,1.0,0.7142857142857143,0.75,7,4,5,2,6,2,5,4,7,4,2,0,0.0
2,1,collect_all_size11_comp0.0_grid1_base_medium,11,0.0,medium,base,base,collect_all,4,3,3,3,4,3,10,1,1,1,1,1,1,2,1,1,13,2,1,18,0.5555555555555556,0.7777777777777778,1.0,0.6363636363636364,1.0,6,3,6,3,5,1,5,6,7,6,4,0,0.0
3,1,collect_all_size11_comp0.0_grid1_base_medium,11,0.0,medium,base,base,collect_all,4,3,3,3,4,3,10,1,1,1,1,1,1,2,1,1,13,4,1,24,0.4166666666666667,0.7083333333333334,0.8,0.6666666666666666,0.7,10,7,5,2,3,10,3,7,8,7,4,0,0.0
4,1,collect_all_size11_comp0.0_grid1_base_medium,11,0.0,medium,base,base,collect_all,4,3,3,3,4,3,10,1,1,1,1,1,1,2,1,1,9,2,1,16,0.625,0.8125,1.0,0.7142857142857143,0.8333333333333334,5,2,6,3,3,3,7,2,3,2,0,0,0.0
5,1,collect_all_size11_comp0.0_grid1_base_medium,11,0.0,medium,base,base,collect_all,4,3,3,3,4,3,10,1,1,1,1,1,1,2,1,1,5,2,1,20,0.5,0.75,1.0,1.0,0.6428571428571429,6,3,7,4,2,6,5,6,7,6,0,0,0.0
6,1,collect_all_size11_comp0.0_grid1_base_medium,11,0.0,medium,base,base,collect_all,4,3,3,3,4,3,10,1,1,1,1,1,1,2,1,1,7,2,1,14,0.7142857142857143,0.8571428571428571,1.0,0.8,0.8333333333333334,5,2,5,2,5,5,2,1,2,1,2,0,0.0
7,1,collect_all_size11_comp0.0_grid1_base_medium,11,0.0,medium,base,base,collect_all,4,3,3,3,4,3,10,1,1,1,1,1,1,2,1,1,7,2,1,12,0.8333333333333334,0.9166666666666666,1.0,0.8,1.0,4,1,5,2,5,1,2,3,4,3,3,0,0.0
8,1,collect_all_size11_comp0.0_grid1_base_medium,11,0.0,medium,base,base,collect_all,4,3,3,3,4,3,10,1,1,1,1,1,1,2,1,1,5,2,1,12,0.8333333333333334,0.9166666666666666,1.0,1.0,0.8333333333333334,3,0,6,3,3,2,3,3,3,3,1,0,0.0
9,1,collect_all_size11_comp0.0_grid1_base_medium,11,0.0,medium,base,base,collect_all,4,3,3,3,4,3,10,1,1,1,1,1,1,2,1,1,11,2,1,22,0.45454545454545453,0.7272727272727273,1.0,0.6666666666666666,0.7,7,4,7,4,2,6,9,4,6,4,3,0,0.0
0,2,collect_all_size11_comp0.0_grid2_base_medium,11,0.0,medium,base,base,collect_all,7,4,3,3,12,9,19,1,1,1,1,1,1,2,1,1,8,5,1,27,0.7037037037037037,0.8518518518518519,0.8333333333333334,1.0,0.8333333333333334,8,7,4,8,7,8,9,2,7,2,2,0,0.0
1,2,collect_all_size11_comp0.0_grid2_base_medium,11,0.0,medium,base,base,collect_all,7,4,3,3,12,9,19,1,1,1,1,1,1,2,1,1,12,3,1,29,0.6551724137931034,0.8275862068965517,1.0,0.6666666666666666,0.875,8,7,5,9,10,6,9,3,11,3,3,0,0.0
2,2,collect_all_size11_comp0.0_grid2_base_medium,11,0.0,medium,base,base,collect_all,7,4,3,3,12,9,19,1,1,1,1,1,1,2,1,1,8,11,1,27,0.7037037037037037,0.8518518518518519,0.8888888888888888,1.0,0.8,8,7,4,8,7,8,8,3,4,3,1,0,0.0
3,2,collect_all_size11_comp0.0_grid2_base_medium,11,0.0,medium,base,base,collect_all,7,4,3,3,12,9,19,1,1,1,1,1,1,2,1,1,6,3,1,21,0.9047619047619048,0.9523809523809523,1.0,1.0,0.9285714285714286,5,4,4,8,7,6,6,1,4,1,2,0,0.0
4,2,collect_all_size11_comp0.0_grid2_base_medium,11,0.0,medium,base,base,collect_all,7,4,3,3,12,9,19,1,1,1,1,1,1,2,1,1,14,7,1,31,0.6129032258064516,0.8064516129032258,0.75,0.7142857142857143,0.875,10,9,4,8,14,3,6,7,11,7,2,0,0.0
5,2,collect_all_size11_comp0.0_grid2_base_medium,11,0.0,medium,base,base,collect_all,7,4,3,3,12,9,19,1,1,1,1,1,1,2,1,1,6,3,1,31,0.6129032258064516,0.8064516129032258,1.0,1.0,0.75,10,9,4,8,9,8,8,5,8,5,1,0,0.0
6,2,collect_all_size11_comp0.0_grid2_base_medium,11,0.0,medium,base,base,collect_all,7,4,3,3,12,9,19,1,1,1,1,1,0,2,1,1,18,3,0,64,0.0,0.640625,1.0,0.6,0.6222222222222222,23,23,7,11,18,12,15,18,32,18,2,0,0.0
7,2,collect_all_size11_comp0.0_grid2_base_medium,11,0.0,medium,base,base,collect_all,7,4,3,3,12,9,19,1,1,1,1,1,1,2,1,1,6,3,1,23,0.8260869565217391,0.9130434782608695,1.0,1.0,0.875,6,5,4,8,8,6,7,1,4,1,0,0,0.0
8,2,collect_all_size11_comp0.0_grid2_base_medium,11,0.0,medium,base,base,collect_all,7,4,3,3,12,9,19,1,1,1,1,1,1,2,1,1,6,3,1,23,0.8260869565217391,0.9130434782608695,1.0,1.0,0.875,6,5,4,8,8,6,7,1,4,1,2,0,0.0
9,2,collect_all_size11_comp0.0_grid2_base_medium,11,0.0,medium,base,base,collect_all,7,4,3,3,12,9,19,1,1,1,1,1,1,2,1,1,12,7,1,43,0.4418604651162791,0.7209302325581395,0.75,0.8,0.7,13,12,7,11,7,15,12,8,12,8,1,0,0.0
0,3,collect_all_size11_comp0.0_grid3_base_medium,11,0.0,medium,base,base,collect_all,8,4,6,6,8,10,18,1,1,1,1,1,1,2,1,1,9,3,1,18,1.0,1.0,1.0,1.0,1.0,3,6,6,3,9,5,3,0,0,0,0,0,0.0
1,3,collect_all_size11_comp0.0_grid3_base_medium,11,0.0,medium,base,base,collect_all,8,4,6,6,8,10,18,1,1,1,1,1,1,2,1,1,13,3,1,22,0.8181818181818182,0.8636363636363636,1.0,0.7,1.0,6,7,6,3,9,4,6,2,4,1,1,2,0.09090909090909091
2,3,collect_all_size11_comp0.0_grid3_base_medium,11,0.0,medium,base,base,collect_all,8,4,6,6,8,10,18,1,1,1,1,1,1,2,1,1,11,5,1,20,0.9,0.95,0.8333333333333334,1.0,1.0,3,6,7,4,11,2,4,2,2,2,1,0,0.0
3,3,collect_all_size11_comp0.0_grid3_base_medium,11,0.0,medium,base,base,collect_all,8,4,6,6,8,10,18,1,1,1,1,1,1,2,1,1,14,5,1,23,0.782608695652174,0.8695652173913043,0.8333333333333334,0.7777777777777778,1.0,5,7,7,4,8,4,6,4,5,4,2,1,0.043478260869565216
4,3,collect_all_size11_comp0.0_grid3_base_medium,11,0.0,medium,base,base,collect_all,8,4,6,6,8,10,18,1,1,1,1,1,1,2,1,1,19,9,1,28,0.6428571428571429,0.7857142857142857,0.7,0.7,1.0,6,7,9,6,15,5,3,4,11,4,2,2,0.07142857142857142
5,3,collect_all_size11_comp0.0_grid3_base_medium,11,0.0,medium,base,base,collect_all,8,4,6,6,8,10,18,1,1,1,1,1,1,2,1,1,13,3,1,22,0.8181818181818182,0.8636363636363636,1.0,0.7,1.0,5,6,7,4,10,2,6,3,6,3,2,2,0.09090909090909091
6,3,collect_all_size11_comp0.0_grid3_base_medium,11,0.0,medium,base,base,collect_all,8,4,6,6,8,10,18,1,1,1,1,1,1,2,1,1,12,5,1,21,0.8571428571428571,0.9047619047619048,0.8333333333333334,0.8571428571428571,1.0,4,6,7,4,11,3,3,3,5,3,2,1,0.047619047619047616
7,3,collect_all_size11_comp0.0_grid3_base_medium,11,0.0,medium,base,base,collect_all,8,4,6,6,8,10,18,1,1,1,1,1,1,2,1,1,12,3,1,21,0.8571428571428571,0.8571428571428571,1.0,0.6666666666666666,1.0,6,6,6,3,9,7,4,0,3,0,0,3,0.14285714285714285
8,3,collect_all_size11_comp0.0_grid3_base_medium,11,0.0,medium,base,base,collect_all,8,4,6,6,8,10,18,1,1,1,1,1,1,2,1,1,8,14,1,25,0.72,0.96,0.8888888888888888,1.0,1.0,4,6,9,6,15,4,4,1,9,1,1,1,0.04
9,3,collect_all_size11_comp0.0_grid3_base_medium,11,0.0,medium,base,base,collect_all,8,4,6,6,8,10,18,1,1,1,1,1,1,2,1,1,10,3,1,25,0.72,0.84,1.0,0.8571428571428571,0.7857142857142857,6,8,7,4,11,7,4,2,4,2,0,1,0.04
0,4,collect_all_size11_comp0.0_grid4_base_medium,11,0.0,medium,base,base,collect_all,5,15,10,10,6,4,19,1,1,1,1,1,1,2,1,1,8,28,1,35,0.5428571428571428,0.7714285714285715,0.7777777777777778,0.75,0.8333333333333334,6,12,11,6,13,9,6,6,10,6,1,0,0.0
1,4,collect_all_size11_comp0.0_grid4_base_medium,11,0.0,medium,base,base,collect_all,5,15,10,10,6,4,19,1,1,1,1,1,1,2,1,1,8,26,1,34,0.5588235294117647,0.7647058823529411,0.7777777777777778,0.7777777777777778,0.7142857142857143,6,12,11,5,9,5,11,8,14,8,6,1,0.029411764705882353
2,4,collect_all_size11_comp0.0_grid4_base_medium,11,0.0,medium,base,base,collect_all,5,15,10,10,6,4,19,1,1,1,1,1,1,2,1,1,4,14,1,19,1.0,1.0,1.0,1.0,1.0,2,8,7,2,10,3,5,0,0,0,0,0,0.0
3,4,collect_all_size11_comp0.0_grid4_base_medium,11,0.0,medium,base,base,collect_all,5,15,10,10,6,4,19,1,1,1,1,1,1,2,1,1,8,25,1,32,0.59375,0.78125,0.7777777777777778,0.7647058823529411,0.8333333333333334,6,12,9,4,14,3,5,7,11,7,1,0,0.0
4,4,collect_all_size11_comp0.0_grid4_base_medium,11,0.0,medium,base,base,collect_all,5,15,10,10,6,4,19,1,1,1,1,1,1,2,1,1,5,17,1,22,0.8636363636363636,0.9090909090909091,0.8333333333333334,0.9166666666666666,1.0,4,9,7,2,10,4,4,3,5,3,1,1,0.045454545454545456
5,4,collect_all_size11_comp0.0_grid4_base_medium,11,0.0,medium,base,base,collect_all,5,15,10,10,6,4,19,1,1,1,1,1,1,2,1,1,4,24,1,29,0.6551724137931034,0.8275862068965517,1.0,0.75,1.0,5,11,9,4,17,4,4,3,8,3,1,0,0.0
6,4,collect_all_size11_comp0.0_grid4_base_medium,11,0.0,medium,base,base,collect_all,5,15,10,10,6,4,19,1,1,1,1,1,1,2,1,1,4,16,1,22,0.8636363636363636,0.9090909090909091,1.0,0.9166666666666666,0.8,2,8,9,3,8,6,6,1,3,1,1,1,0.045454545454545456
7,4,collect_all_size11_comp0.0_grid4_base_medium,11,0.0,medium,base,base,collect_all,5,15,10,10,6,4,19,1,1,1,1,1,1,2,1,1,4,20,1,25,0.76,0.88,1.0,0.8125,1.0,3,9,9,4,11,5,5,3,5,3,1,0,0.0
8,4,collect_all_size11_comp0.0_grid4_base_medium,11,0.0,medium,base,base,collect_all,5,15,10,10,6,4,19,1,1,1,1,1,1,2,1,1,7,17,1,25,0.76,0.84,0.75,1.0,0.7142857142857143,4,9,9,3,9,4,8,3,5,2,3,2,0.08
9,4,collect_all_size11_comp0.0_grid4_base_medium,11,0.0,medium,base,base,collect_all,5,15,10,10,6,4,19,1,1,1,1,1,1,1,1,0,7,-1,0,22,0.0,0.7272727272727273,0.75,0.7142857142857143,0.0,3,8,8,3,7,3,8,3,6,2,0,1,0.045454545454545456
0,5,collect_all_size11_comp0.0_grid5_base_medium,11,0.0,medium,base,base,collect_all,3,7,10,10,3,11,20,1,1,1,1,1,1,2,1,1,18,8,1,22,0.9090909090909091,0.9545454545454546,0.8888888888888888,1.0,1.0,4,8,5,5,12,5,4,0,0,0,0,0,0.0
1,5,collect_all_size11_comp0.0_grid5_base_medium,11,0.0,medium,base,base,collect_all,3,7,10,10,3,11,20,1,1,1,1,1,1,2,1,1,22,12,1,26,0.7692307692307693,0.8461538461538461,0.6923076923076923,1.0,1.0,7,9,5,5,13,6,4,2,4,1,0,2,0.07692307692307693
2,5,collect_all_size11_comp0.0_grid5_base_medium,11,0.0,medium,base,base,collect_all,3,7,10,10,3,11,20,1,1,1,1,1,1,2,1,1,18,8,1,22,0.9090909090909091,0.9545454545454546,0.8888888888888888,1.0,1.0,4,8,5,5,8,7,6,0,1,0,0,0,0.0
3,5,collect_all_size11_comp0.0_grid5_base_medium,11,0.0,medium,base,base,collect_all,3,7,10,10,3,11,20,1,1,1,1,1,1,2,1,1,18,8,1,22,0.9090909090909091,0.9545454545454546,0.8888888888888888,1.0,1.0,4,8,5,5,11,6,4,0,4,0,1,0,0.0
4,5,collect_all_size11_comp0.0_grid5_base_medium,11,0.0,medium,base,base,collect_all,3,7,10,10,3,11,20,1,1,1,1,1,1,2,1,1,2,12,1,26,0.7692307692307693,0.9615384615384616,1.0,1.0,0.9230769230769231,5,9,6,6,12,6,4,3,8,3,2,0,0.0
5,5,collect_all_size11_comp0.0_grid5_base_medium,11,0.0,medium,base,base,collect_all,3,7,10,10,3,11,20,1,1,1,1,1,1,2,1,1,18,8,1,22,0.9090909090909091,0.9545454545454546,0.8888888888888888,1.0,1.0,4,8,5,5,11,4,5,1,3,1,1,0,0.0
6,5,collect_all_size11_comp0.0_grid5_base_medium,11,0.0,medium,base,base,collect_all,3,7,10,10,3,11,20,1,1,1,1,1,1,2,1,1,18,8,1,22,0.9090909090909091,0.9545454545454546,0.8888888888888888,1.0,1.0,4,8,5,5,10,5,4,2,2,2,0,0,0.0
7,5,collect_all_size11_comp0.0_grid5_base_medium,11,0.0,medium,base,base,collect_all,3,7,10,10,3,11,20,1,1,1,1,1,1,2,1,1,16,6,1,20,1.0,1.0,1.0,1.0,1.0,3,7,5,5,4,8,7,0,2,0,0,0,0.0
8,5,collect_all_size11_comp0.0_grid5_base_medium,11,0.0,medium,base,base,collect_all,3,7,10,10,3,11,20,1,1,1,1,1,1,2,1,1,20,8,1,26,0.7692307692307693,0.8846153846153846,0.8888888888888888,0.9166666666666666,0.8,6,10,5,5,13,2,6,4,4,4,0,0,0.0
9,5,collect_all_size11_comp0.0_grid5_base_medium,11,0.0,medium,base,base,collect_all,3,7,10,10,3,11,20,1,1,1,1,1,1,2,1,1,20,10,1,24,0.8333333333333334,0.9166666666666666,0.8181818181818182,1.0,1.0,5,9,5,5,10,6,5,2,2,2,0,0,0.0
0,6,collect_all_size11_comp0.0_grid6_base_medium,11,0.0,medium,base,base,collect_all,12,3,9,9,4,5,16,1,1,1,1,1,1,2,1,1,15,4,1,20,0.8,0.9,0.8,0.9090909090909091,1.0,3,8,6,3,6,5,5,3,4,3,2,0,0.0
1,6,collect_all_size11_comp0.0_grid6_base_medium,11,0.0,medium,base,base,collect_all,12,3,9,9,4,5,16,1,1,1,1,1,1,2,1,1,19,4,1,28,0.5714285714285714,0.7857142857142857,0.8,0.8,0.75,7,12,6,3,8,4,8,7,10,7,4,0,0.0
2,6,collect_all_size11_comp0.0_grid6_base_medium,11,0.0,medium,base,base,collect_all,12,3,9,9,4,5,16,1,1,1,1,1,1,2,1,1,17,4,1,24,0.6666666666666666,0.8333333333333334,0.8,0.8461538461538461,0.8333333333333334,5,10,6,3,7,6,5,5,7,5,2,0,0.0
3,6,collect_all_size11_comp0.0_grid6_base_medium,11,0.0,medium,base,base,collect_all,12,3,9,9,4,5,16,1,1,1,1,1,1,2,1,1,17,4,1,24,0.6666666666666666,0.8333333333333334,0.8,0.8461538461538461,0.8333333333333334,4,9,7,4,5,6,9,3,5,3,0,0,0.0
4,6,collect_all_size11_comp0.0_grid6_base_medium,11,0.0,medium,base,base,collect_all,12,3,9,9,4,5,16,1,1,1,1,1,1,2,1,1,15,2,1,22,0.7272727272727273,0.8636363636363636,1.0,0.8461538461538461,0.8333333333333334,1,6,9,6,11,2,4,4,5,4,2,0,0.0
5,6,collect_all_size11_comp0.0_grid6_base_medium,11,0.0,medium,base,base,collect_all,12,3,9,9,4,5,16,1,1,1,1,1,1,2,1,1,19,4,1,24,0.6666666666666666,0.8333333333333334,0.8,0.8,1.0,5,10,6,3,10,4,4,5,7,5,1,0,0.0
6,6,collect_all_size11_comp0.0_grid6_base_medium,11,0.0,medium,base,base,collect_all,12,3,9,9,4,5,16,1,1,1,1,1,1,2,1,1,17,2,1,24,0.6666666666666666,0.8333333333333334,1.0,0.8,0.8333333333333334,3,8,8,5,9,5,3,6,7,6,6,0,0.0
7,6,collect_all_size11_comp0.0_grid6_base_medium,11,0.0,medium,base,base,collect_all,12,3,9,9,4,5,16,1,1,1,1,1,1,2,1,1,17,2,1,22,0.7272727272727273,0.8636363636363636,1.0,0.8,1.0,2,7,8,5,7,3,5,6,8,6,1,0,0.0
8,6,collect_all_size11_comp0.0_grid6_base_medium,11,0.0,medium,base,base,collect_all,12,3,9,9,4,5,16,1,1,1,1,1,1,2,1,1,13,2,1,20,0.8,0.9,1.0,0.9090909090909091,0.8333333333333334,2,7,7,4,8,4,4,3,4,3,2,0,0.0
9,6,collect_all_size11_comp0.0_grid6_base_medium,11,0.0,medium,base,base,collect_all,12,3,9,9,4,5,16,1,1,1,1,1,1,2,1,1,11,2,1,18,0.8888888888888888,0.9444444444444444,1.0,1.0,0.8333333333333334,2,7,6,3,10,4,3,0,0,0,0,0,0.0
0,7,collect_all_size11_comp0.0_grid7_base_medium,11,0.0,medium,base,base,collect_all,4,6,4,4,8,4,12,1,1,1,1,1,1,2,1,1,5,9,1,16,0.75,0.875,0.8333333333333334,1.0,0.8333333333333334,3,5,8,0,8,5,1,1,1,1,1,0,0.0
1,7,collect_all_size11_comp0.0_grid7_base_medium,11,0.0,medium,base,base,collect_all,4,6,4,4,8,4,12,1,1,1,1,1,1,2,1,1,3,9,1,16,0.75,0.875,1.0,0.8333333333333334,0.8333333333333334,3,5,8,0,6,4,3,2,2,2,1,0,0.0
2,7,collect_all_size11_comp0.0_grid7_base_medium,11,0.0,medium,base,base,collect_all,4,6,4,4,8,4,12,1,1,1,1,1,1,2,1,1,15,11,1,26,0.46153846153846156,0.8461538461538461,0.75,1.0,0.9,4,6,12,4,9,7,7,2,7,2,1,0,0.0
3,7,collect_all_size11_comp0.0_grid7_base_medium,11,0.0,medium,base,base,collect_all,4,6,4,4,8,4,12,1,1,1,1,1,1,2,1,1,3,7,1,12,1.0,1.0,1.0,1.0,1.0,1,3,8,0,6,2,3,0,0,0,0,0,0.0
4,7,collect_all_size11_comp0.0_grid7_base_medium,11,0.0,medium,base,base,collect_all,4,6,4,4,8,4,12,1,1,1,1,1,1,2,1,1,3,7,1,12,1.0,1.0,1.0,1.0,1.0,1,3,8,0,7,2,1,1,1,1,1,0,0.0
5,7,collect_all_size11_comp0.0_grid7_base_medium,11,0.0,medium,base,base,collect_all,4,6,4,4,8,4,12,1,1,1,1,1,1,2,1,1,5,9,1,19,0.631578947368421,0.7894736842105263,0.8333333333333334,1.0,0.6666666666666666,4,6,9,0,7,3,5,3,4,3,0,1,0.05263157894736842
6,7,collect_all_size11_comp0.0_grid7_base_medium,11,0.0,medium,base,base,collect_all,4,6,4,4,8,4,12,1,1,1,1,1,1,2,1,1,3,7,1,16,0.75,0.875,1.0,1.0,0.75,3,5,8,0,6,4,2,3,3,3,1,0,0.0
7,7,collect_all_size11_comp0.0_grid7_base_medium,11,0.0,medium,base,base,collect_all,4,6,4,4,8,4,12,1,1,1,1,1,1,2,1,1,3,9,1,14,0.8571428571428571,0.9285714285714286,1.0,0.8333333333333334,1.0,2,4,8,0,8,3,1,1,2,1,1,0,0.0
8,7,collect_all_size11_comp0.0_grid7_base_medium,11,0.0,medium,base,base,collect_all,4,6,4,4,8,4,12,1,1,1,1,1,1,2,1,1,6,10,1,15,0.8,0.8666666666666667,0.7142857142857143,1.0,1.0,2,4,8,1,6,3,2,3,4,3,1,1,0.06666666666666667
9,7,collect_all_size11_comp0.0_grid7_base_medium,11,0.0,medium,base,base,collect_all,4,6,4,4,8,4,12,1,1,1,1,1,1,2,1,1,7,11,1,16,0.75,0.875,0.75,1.0,1.0,2,4,9,1,7,3,3,2,4,2,1,0,0.0
0,8,collect_all_size11_comp0.0_grid8_base_medium,11,0.0,medium,base,base,collect_all,5,7,4,4,13,9,18,1,1,1,1,1,1,2,1,1,5,15,1,25,0.72,0.84,0.8333333333333334,0.7,1.0,8,7,8,2,11,4,5,4,6,4,0,1,0.04
1,8,collect_all_size11_comp0.0_grid8_base_medium,11,0.0,medium,base,base,collect_all,5,7,4,4,13,9,18,1,1,1,1,1,1,2,1,1,4,10,1,20,0.9,0.95,1.0,0.8333333333333334,1.0,6,5,8,1,8,3,7,1,1,1,0,0,0.0
2,8,collect_all_size11_comp0.0_grid8_base_medium,11,0.0,medium,base,base,collect_all,5,7,4,4,13,9,18,1,1,1,1,1,1,2,1,1,6,12,1,22,0.8181818181818182,0.8636363636363636,0.7142857142857143,0.8333333333333334,1.0,6,5,8,3,11,4,6,0,2,0,0,2,0.09090909090909091
3,8,collect_all_size11_comp0.0_grid8_base_medium,11,0.0,medium,base,base,collect_all,5,7,4,4,13,9,18,1,1,1,1,1,1,2,1,1,4,10,1,20,0.9,0.95,1.0,0.8333333333333334,1.0,6,5,8,1,9,5,4,1,1,1,1,0,0.0
4,8,collect_all_size11_comp0.0_grid8_base_medium,11,0.0,medium,base,base,collect_all,5,7,4,4,13,9,18,1,1,1,1,1,1,2,1,1,4,10,1,21,0.8571428571428571,0.9047619047619048,1.0,0.8333333333333334,0.9,7,5,8,1,11,2,6,1,2,1,0,1,0.047619047619047616
5,8,collect_all_size11_comp0.0_grid8_base_medium,11,0.0,medium,base,base,collect_all,5,7,4,4,13,9,18,1,1,1,1,1,1,2,1,1,24,18,1,40,0.45,0.75,0.631578947368421,0.8333333333333334,0.8666666666666667,12,9,12,7,13,7,10,9,17,9,1,4,0.1
6,8,collect_all_size11_comp0.0_grid8_base_medium,11,0.0,medium,base,base,collect_all,5,7,4,4,13,9,18,1,1,1,1,1,1,2,1,1,4,12,1,22,0.8181818181818182,0.9090909090909091,1.0,0.75,1.0,7,6,8,1,7,6,5,3,3,3,1,0,0.0
7,8,collect_all_size11_comp0.0_grid8_base_medium,11,0.0,medium,base,base,collect_all,5,7,4,4,13,9,18,1,1,1,1,1,1,2,1,1,5,19,1,31,0.5806451612903226,0.7741935483870968,0.8333333333333334,0.6428571428571429,0.9090909090909091,10,9,9,3,10,6,4,10,11,10,1,1,0.03225806451612903
8,8,collect_all_size11_comp0.0_grid8_base_medium,11,0.0,medium,base,base,collect_all,5,7,4,4,13,9,18,1,1,1,1,1,1,2,1,1,8,14,1,24,0.75,0.875,0.7777777777777778,0.8333333333333334,1.0,7,6,9,2,11,5,5,2,4,2,1,0,0.0
9,8,collect_all_size11_comp0.0_grid8_base_medium,11,0.0,medium,base,base,collect_all,5,7,4,4,13,9,18,1,1,1,1,1,1,2,1,1,16,8,1,30,0.6,0.9,0.8888888888888888,0.75,1.0,8,7,11,4,12,6,7,4,7,4,1,0,0.0
0,9,collect_all_size11_comp0.0_grid9_base_medium,11,0.0,medium,base,base,collect_all,5,3,4,4,4,4,11,1,1,1,1,1,1,2,1,1,18,10,1,25,0.44,0.72,0.6363636363636364,0.75,0.8333333333333334,10,6,6,3,8,5,7,4,7,4,0,0,0.0
1,9,collect_all_size11_comp0.0_grid9_base_medium,11,0.0,medium,base,base,collect_all,5,3,4,4,4,4,11,1,1,1,1,1,1,2,1,1,6,2,1,11,1.0,1.0,1.0,1.0,1.0,5,1,4,1,4,3,2,1,1,1,1,0,0.0
2,9,collect_all_size11_comp0.0_grid9_base_medium,11,0.0,medium,base,base,collect_all,5,3,4,4,4,4,11,1,1,1,1,1,1,2,1,1,6,2,1,13,0.8461538461538461,0.9230769230769231,1.0,1.0,0.8333333333333334,6,2,4,1,5,2,3,2,2,2,0,0,0.0
3,9,collect_all_size11_comp0.0_grid9_base_medium,11,0.0,medium,base,base,collect_all,5,3,4,4,4,4,11,1,1,1,1,1,1,2,1,1,10,2,1,15,0.7333333333333333,0.8666666666666667,1.0,0.75,1.0,7,3,4,1,4,3,5,2,2,2,2,0,0.0
4,9,collect_all_size11_comp0.0_grid9_base_medium,11,0.0,medium,base,base,collect_all,5,3,4,4,4,4,11,1,1,1,1,1,1,2,1,1,12,2,1,19,0.5789473684210527,0.7894736842105263,1.0,0.7,0.8333333333333334,8,4,5,2,5,4,5,4,4,4,2,0,0.0
5,9,collect_all_size11_comp0.0_grid9_base_medium,11,0.0,medium,base,base,collect_all,5,3,4,4,4,4,11,1,1,1,1,1,1,2,1,1,6,2,1,11,1.0,1.0,1.0,1.0,1.0,5,1,4,1,4,3,2,1,1,1,1,0,0.0
6,9,collect_all_size11_comp0.0_grid9_base_medium,11,0.0,medium,base,base,collect_all,5,3,4,4,4,4,11,1,1,1,1,1,1,2,1,1,12,4,1,17,0.6470588235294118,0.8235294117647058,0.8,0.75,1.0,6,2,6,3,5,1,9,1,4,1,0,0,0.0
7,9,collect_all_size11_comp0.0_grid9_base_medium,11,0.0,medium,base,base,collect_all,5,3,4,4,4,4,11,1,1,1,1,1,1,2,1,1,10,2,1,15,0.7333333333333333,0.8666666666666667,1.0,0.75,1.0,6,2,5,2,2,4,4,4,4,4,2,0,0.0
8,9,collect_all_size11_comp0.0_grid9_base_medium,11,0.0,medium,base,base,collect_all,5,3,4,4,4,4,11,1,1,1,1,1,1,2,1,1,6,2,1,11,1.0,1.0,1.0,1.0,1.0,5,1,4,1,4,1,4,1,1,1,1,0,0.0
9,9,collect_all_size11_comp0.0_grid9_base_medium,11,0.0,medium,base,base,collect_all,5,3,4,4,4,4,11,1,1,1,1,1,1,2,1,1,8,2,1,15,0.7333333333333333,0.8666666666666667,1.0,0.8333333333333334,0.8333333333333334,6,2,5,2,3,4,5,2,3,2,2,0,0.0
0,0,collect_all_size11_comp0.2_grid0_base_medium,11,0.2,medium,base,base,collect_all,4,9,5,5,8,13,22,1,1,1,1,1,1,2,1,1,9,28,1,53,0.41509433962264153,0.6981132075471698,0.7,0.631578947368421,0.75,15,16,13,9,21,8,9,14,26,14,5,1,0.018867924528301886
1,0,collect_all_size11_comp0.2_grid0_base_medium,11,0.2,medium,base,base,collect_all,4,9,5,5,8,13,22,1,1,1,1,1,1,2,1,1,6,17,1,41,0.5365853658536586,0.7317073170731707,0.7142857142857143,0.7272727272727273,0.7391304347826086,10,10,12,8,14,6,9,9,22,8,6,2,0.04878048780487805
2,0,collect_all_size11_comp0.2_grid0_base_medium,11,0.2,medium,base,base,collect_all,4,9,5,5,8,13,22,1,1,1,1,1,1,2,1,1,5,14,1,37,0.5945945945945946,0.7837837837837838,0.8333333333333334,0.7777777777777778,0.7727272727272727,9,10,10,8,11,6,13,6,16,6,6,1,0.02702702702702703
3,0,collect_all_size11_comp0.2_grid0_base_medium,11,0.2,medium,base,base,collect_all,4,9,5,5,8,13,22,1,1,1,1,1,1,2,1,1,5,16,1,42,0.5238095238095238,0.7142857142857143,0.8333333333333334,0.6363636363636364,0.72,10,11,13,8,8,9,16,8,21,8,4,4,0.09523809523809523
4,0,collect_all_size11_comp0.2_grid0_base_medium,11,0.2,medium,base,base,collect_all,4,9,5,5,8,13,22,1,1,1,1,1,1,2,1,1,3,16,1,40,0.55,0.75,1.0,0.6153846153846154,0.782608695652174,11,12,10,7,18,7,7,7,22,7,3,2,0.05
5,0,collect_all_size11_comp0.2_grid0_base_medium,11,0.2,medium,base,base,collect_all,4,9,5,5,8,13,22,1,1,1,1,1,1,2,1,1,5,10,1,38,0.5789473684210527,0.7631578947368421,0.8333333333333334,1.0,0.7037037037037037,11,12,9,6,15,5,10,7,16,7,4,2,0.05263157894736842
6,0,collect_all_size11_comp0.2_grid0_base_medium,11,0.2,medium,base,base,collect_all,4,9,5,5,8,13,22,1,1,1,1,1,1,2,1,1,3,9,1,41,0.5365853658536586,0.7317073170731707,1.0,0.8333333333333334,0.6774193548387096,11,13,10,7,13,8,8,11,22,10,2,3,0.07317073170731707
7,0,collect_all_size11_comp0.2_grid0_base_medium,11,0.2,medium,base,base,collect_all,4,9,5,5,8,13,22,1,1,1,1,1,1,2,1,1,3,13,1,30,0.7333333333333333,0.8333333333333334,1.0,0.7,0.875,8,8,8,6,11,7,8,3,12,3,4,2,0.06666666666666667
8,0,collect_all_size11_comp0.2_grid0_base_medium,11,0.2,medium,base,base,collect_all,4,9,5,5,8,13,22,1,1,1,1,1,1,2,1,1,6,11,1,27,0.8148148148148148,0.8888888888888888,0.7142857142857143,1.0,0.9333333333333333,8,9,6,4,14,6,3,3,10,3,1,1,0.037037037037037035
9,0,collect_all_size11_comp0.2_grid0_base_medium,11,0.2,medium,base,base,collect_all,4,9,5,5,8,13,22,1,1,1,1,1,1,2,1,1,5,20,1,36,0.6111111111111112,0.7777777777777778,0.8333333333333334,0.6,0.9333333333333333,9,9,10,8,10,8,10,7,16,7,6,2,0.05555555555555555
0,1,collect_all_size11_comp0.2_grid1_base_medium,11,0.2,medium,base,base,collect_all,4,4,8,8,7,5,17,1,1,1,1,1,1,2,1,1,4,12,1,18,0.9444444444444444,0.9444444444444444,0.8,1.0,1.0,3,5,5,5,8,3,5,1,2,1,1,1,0.05555555555555555
1,1,collect_all_size11_comp0.2_grid1_base_medium,11,0.2,medium,base,base,collect_all,4,4,8,8,7,5,17,1,1,1,1,1,1,2,1,1,18,3,1,26,0.6538461538461539,0.8461538461538461,1.0,0.7333333333333333,1.0,6,7,6,7,15,7,2,1,2,1,0,1,0.038461538461538464
2,1,collect_all_size11_comp0.2_grid1_base_medium,11,0.2,medium,base,base,collect_all,4,4,8,8,7,5,17,1,1,1,1,1,1,2,1,1,11,3,1,21,0.8095238095238095,0.9523809523809523,1.0,1.0,0.8888888888888888,4,6,5,6,12,3,3,2,7,2,3,0,0.0
3,1,collect_all_size11_comp0.2_grid1_base_medium,11,0.2,medium,base,base,collect_all,4,4,8,8,7,5,17,1,1,1,1,1,1,2,1,1,3,11,1,17,1.0,1.0,1.0,1.0,1.0,3,5,4,5,10,2,3,1,3,1,1,0,0.0
4,1,collect_all_size11_comp0.2_grid1_base_medium,11,0.2,medium,base,base,collect_all,4,4,8,8,7,5,17,1,1,1,1,1,1,2,1,1,10,18,1,24,0.7083333333333334,0.8333333333333334,0.6363636363636364,1.0,1.0,6,8,5,5,8,5,5,5,7,5,1,1,0.041666666666666664
5,1,collect_all_size11_comp0.2_grid1_base_medium,11,0.2,medium,base,base,collect_all,4,4,8,8,7,5,17,1,1,1,1,1,1,2,1,1,4,15,1,23,0.7391304347826086,0.8260869565217391,0.8,0.8181818181818182,0.8571428571428571,4,6,6,7,7,4,7,4,7,4,2,2,0.08695652173913043
6,1,collect_all_size11_comp0.2_grid1_base_medium,11,0.2,medium,base,base,collect_all,4,4,8,8,7,5,17,1,1,1,1,1,1,2,1,1,11,3,1,19,0.8947368421052632,1.0,1.0,1.0,1.0,3,5,5,6,9,3,4,2,4,2,2,0,0.0
7,1,collect_all_size11_comp0.2_grid1_base_medium,11,0.2,medium,base,base,collect_all,4,4,8,8,7,5,17,1,1,1,1,1,1,2,1,1,4,18,1,24,0.7083333333333334,0.8333333333333334,0.8,0.7857142857142857,1.0,6,8,5,5,6,6,5,6,8,6,2,1,0.041666666666666664
8,1,collect_all_size11_comp0.2_grid1_base_medium,11,0.2,medium,base,base,collect_all,4,4,8,8,7,5,17,1,1,1,1,1,1,2,1,1,3,11,1,19,0.8947368421052632,0.9473684210526315,1.0,1.0,0.8571428571428571,3,5,5,6,7,3,5,3,3,3,1,0,0.0
9,1,collect_all_size11_comp0.2_grid1_base_medium,11,0.2,medium,base,base,collect_all,4,4,8,8,7,5,17,1,1,1,1,1,1,2,1,1,17,6,1,29,0.5862068965517241,0.7931034482758621,0.7142857142857143,0.8181818181818182,0.8181818181818182,6,8,7,7,11,7,7,1,9,1,2,1,0.034482758620689655
0,2,collect_all_size11_comp0.2_grid2_base_medium,11,0.2,medium,base,base,collect_all,4,11,11,11,5,14,27,1,1,1,1,1,1,2,1,1,3,20,1,39,0.6923076923076923,0.8717948717948718,1.0,0.8235294117647058,0.8888888888888888,11,10,8,10,16,7,9,6,15,6,4,0,0.0
1,2,collect_all_size11_comp0.2_grid2_base_medium,11,0.2,medium,base,base,collect_all,4,11,11,11,5,14,27,1,1,1,1,1,1,2,1,1,7,28,1,50,0.54,0.78,0.75,0.7619047619047619,0.8095238095238095,12,11,12,15,14,11,13,11,19,11,2,1,0.02
2,2,collect_all_size11_comp0.2_grid2_base_medium,11,0.2,medium,base,base,collect_all,4,11,11,11,5,14,27,1,1,1,1,1,1,2,1,1,3,22,1,41,0.6585365853658537,0.8536585365853658,1.0,0.7894736842105263,0.8888888888888888,13,12,7,9,16,8,7,9,14,9,4,0,0.0
3,2,collect_all_size11_comp0.2_grid2_base_medium,11,0.2,medium,base,base,collect_all,4,11,11,11,5,14,27,1,1,1,1,1,1,2,1,1,5,22,1,51,0.5294117647058824,0.7843137254901961,0.8333333333333334,0.8235294117647058,0.75,15,14,10,12,18,10,8,14,24,14,1,0,0.0
4,2,collect_all_size11_comp0.2_grid2_base_medium,11,0.2,medium,base,base,collect_all,4,11,11,11,5,14,27,1,1,1,1,1,1,2,1,1,7,34,1,53,0.5094339622641509,0.7735849056603774,0.75,0.7037037037037037,0.8888888888888888,17,16,9,11,18,9,15,10,24,10,2,0,0.0
5,2,collect_all_size11_comp0.2_grid2_base_medium,11,0.2,medium,base,base,collect_all,4,11,11,11,5,14,27,1,1,1,1,1,1,2,1,1,3,20,1,37,0.7297297297297297,0.8918918918918919,1.0,0.8235294117647058,0.9375,12,11,6,8,16,7,9,4,12,4,3,0,0.0
6,2,collect_all_size11_comp0.2_grid2_base_medium,11,0.2,medium,base,base,collect_all,4,11,11,11,5,14,27,1,1,1,1,1,1,2,1,1,6,21,1,36,0.75,0.8888888888888888,0.7142857142857143,0.8666666666666667,1.0,10,9,7,9,21,1,6,5,10,5,2,0,0.0
7,2,collect_all_size11_comp0.2_grid2_base_medium,11,0.2,medium,base,base,collect_all,4,11,11,11,5,14,27,1,1,1,1,1,1,2,1,1,5,22,1,45,0.6,0.8222222222222222,0.8333333333333334,0.8235294117647058,0.8181818181818182,13,12,9,11,14,11,10,9,19,9,3,0,0.0
8,2,collect_all_size11_comp0.2_grid2_base_medium,11,0.2,medium,base,base,collect_all,4,11,11,11,5,14,27,1,1,1,1,1,1,2,1,1,3,27,1,45,0.6,0.8,1.0,0.7083333333333334,0.8823529411764706,16,13,7,9,25,6,6,7,19,6,3,2,0.044444444444444446
9,2,collect_all_size11_comp0.2_grid2_base_medium,11,0.2,medium,base,base,collect_all,4,11,11,11,5,14,27,1,1,1,1,1,1,2,1,1,3,29,1,51,0.5294117647058824,0.7647058823529411,1.0,0.6923076923076923,0.8095238095238095,15,14,10,12,17,10,11,12,24,12,2,2,0.0392156862745098
0,3,collect_all_size11_comp0.2_grid3_base_medium,11,0.2,medium,base,base,collect_all,8,10,4,4,12,8,20,1,1,1,1,1,1,2,1,1,17,13,1,30,0.6666666666666666,0.9333333333333333,0.8571428571428571,1.0,1.0,4,10,7,9,11,7,7,4,7,4,0,0,0.0
1,3,collect_all_size11_comp0.2_grid3_base_medium,11,0.2,medium,base,base,collect_all,8,10,4,4,12,8,20,1,1,1,1,1,1,2,1,1,9,15,1,26,0.7692307692307693,0.8846153846153846,0.9,0.8333333333333334,0.9,3,9,6,8,12,6,5,2,2,2,0,0,0.0
2,3,collect_all_size11_comp0.2_grid3_base_medium,11,0.2,medium,base,base,collect_all,8,10,4,4,12,8,20,1,1,1,1,1,1,2,1,1,9,15,1,24,0.8333333333333334,0.9166666666666666,0.9,0.8333333333333334,1.0,1,7,7,9,12,4,6,1,3,1,1,0,0.0
3,3,collect_all_size11_comp0.2_grid3_base_medium,11,0.2,medium,base,base,collect_all,8,10,4,4,12,8,20,1,1,1,1,1,1,2,1,1,9,13,1,22,0.9090909090909091,0.9545454545454546,0.9,1.0,1.0,1,7,6,8,14,2,4,1,1,1,1,0,0.0
4,3,collect_all_size11_comp0.2_grid3_base_medium,11,0.2,medium,base,base,collect_all,8,10,4,4,12,8,20,1,1,1,1,1,1,2,1,1,10,14,1,23,0.8695652173913043,0.9130434782608695,0.8181818181818182,1.0,1.0,1,7,7,8,14,4,4,0,1,0,0,1,0.043478260869565216
5,3,collect_all_size11_comp0.2_grid3_base_medium,11,0.2,medium,base,base,collect_all,8,10,4,4,12,8,20,1,1,1,1,1,1,2,1,1,18,11,1,39,0.5128205128205128,0.7692307692307693,0.8333333333333334,0.7142857142857143,0.75,8,13,8,10,14,9,10,5,14,4,1,5,0.1282051282051282
6,3,collect_all_size11_comp0.2_grid3_base_medium,11,0.2,medium,base,base,collect_all,8,10,4,4,12,8,20,1,1,1,1,1,1,2,1,1,11,15,1,32,0.625,0.78125,0.8333333333333334,1.0,0.6875,5,13,6,8,13,8,4,6,7,5,0,2,0.0625
7,3,collect_all_size11_comp0.2_grid3_base_medium,11,0.2,medium,base,base,collect_all,8,10,4,4,12,8,20,1,1,1,1,1,1,2,1,1,15,19,1,30,0.6666666666666666,0.8333333333333334,0.75,1.0,0.9,4,10,7,9,14,5,6,4,5,4,0,0,0.0
8,3,collect_all_size11_comp0.2_grid3_base_medium,11,0.2,medium,base,base,collect_all,8,10,4,4,12,8,20,1,1,1,1,1,1,2,1,1,15,19,1,31,0.6451612903225806,0.8064516129032258,0.75,1.0,0.8181818181818182,4,11,7,9,12,6,5,7,8,6,1,1,0.03225806451612903
9,3,collect_all_size11_comp0.2_grid3_base_medium,11,0.2,medium,base,base,collect_all,8,10,4,4,12,8,20,1,1,1,1,1,1,2,1,1,11,17,1,27,0.7407407407407407,0.8518518518518519,0.8333333333333334,0.8333333333333334,0.8888888888888888,3,10,6,8,11,8,3,4,6,4,0,1,0.037037037037037035
0,4,collect_all_size11_comp0.2_grid4_base_medium,11,0.2,medium,base,base,collect_all,8,5,9,9,7,8,21,1,1,1,1,1,1,2,1,1,15,5,1,23,0.9130434782608695,0.9130434782608695,0.8333333333333334,0.9,1.0,8,8,6,1,12,6,3,1,4,1,1,2,0.08695652173913043
1,4,collect_all_size11_comp0.2_grid4_base_medium,11,0.2,medium,base,base,collect_all,8,5,9,9,7,8,21,1,1,1,1,1,1,2,1,1,20,4,1,28,0.75,0.8571428571428571,1.0,0.75,1.0,8,9,8,3,9,8,5,5,8,5,2,1,0.03571428571428571
2,4,collect_all_size11_comp0.2_grid4_base_medium,11,0.2,medium,base,base,collect_all,8,5,9,9,7,8,21,1,1,1,1,1,1,2,1,1,16,7,1,24,0.875,0.9166666666666666,0.75,1.0,1.0,8,9,6,0,11,3,4,3,4,3,1,0,0.0
3,4,collect_all_size11_comp0.2_grid4_base_medium,11,0.2,medium,base,base,collect_all,8,5,9,9,7,8,21,1,1,1,1,1,1,2,1,1,20,5,1,28,0.75,0.8214285714285714,0.8333333333333334,0.7333333333333333,1.0,9,8,9,2,13,6,6,2,8,2,4,3,0.10714285714285714
5,4,collect_all_size11_comp0.2_grid4_base_medium,11,0.2,medium,base,base,collect_all,8,5,9,9,7,8,21,1,1,1,1,1,1,2,1,1,19,6,1,33,0.6363636363636364,0.8181818181818182,0.8571428571428571,0.8461538461538461,0.7692307692307693,11,12,8,2,16,4,5,7,13,7,4,0,0.0
6,4,collect_all_size11_comp0.2_grid4_base_medium,11,0.2,medium,base,base,collect_all,8,5,9,9,7,8,21,1,1,1,1,1,1,2,1,1,15,4,1,25,0.84,0.88,1.0,0.8181818181818182,0.8888888888888888,8,9,6,2,11,6,5,2,5,2,1,2,0.08
7,4,collect_all_size11_comp0.2_grid4_base_medium,11,0.2,medium,base,base,collect_all,8,5,9,9,7,8,21,1,1,1,1,1,1,2,1,1,22,9,1,32,0.65625,0.8125,0.7,0.8461538461538461,0.8888888888888888,9,9,10,4,7,9,9,6,10,6,2,1,0.03125
8,4,collect_all_size11_comp0.2_grid4_base_medium,11,0.2,medium,base,base,collect_all,8,5,9,9,7,8,21,1,1,1,1,1,1,2,1,1,22,7,1,30,0.7,0.8,0.75,0.7333333333333333,1.0,8,11,9,2,13,7,4,5,9,5,3,3,0.1
9,4,collect_all_size11_comp0.2_grid4_base_medium,11,0.2,medium,base,base,collect_all,8,5,9,9,7,8,21,1,1,1,1,1,1,2,1,1,26,10,1,36,0.5833333333333334,0.75,0.7272727272727273,0.6875,0.8888888888888888,12,14,7,3,15,4,7,9,13,7,2,3,0.08333333333333333
0,5,collect_all_size11_comp0.2_grid5_base_medium,11,0.2,medium,base,base,collect_all,5,12,7,7,3,6,18,1,1,1,1,1,1,2,1,1,6,13,1,31,0.5806451612903226,0.7741935483870968,0.8571428571428571,1.0,0.6470588235294118,5,14,6,6,10,3,9,8,9,7,0,1,0.03225806451612903
1,5,collect_all_size11_comp0.2_grid5_base_medium,11,0.2,medium,base,base,collect_all,5,12,7,7,3,6,18,1,1,1,1,1,1,2,1,1,4,11,1,20,0.9,0.95,1.0,1.0,0.875,1,9,5,5,11,2,5,1,2,1,0,0,0.0
2,5,collect_all_size11_comp0.2_grid5_base_medium,11,0.2,medium,base,base,collect_all,5,12,7,7,3,6,18,1,1,1,1,1,1,2,1,1,4,12,1,19,0.9473684210526315,0.9473684210526315,1.0,0.875,1.0,0,9,5,5,11,3,4,0,1,0,0,1,0.05263157894736842
3,5,collect_all_size11_comp0.2_grid5_base_medium,11,0.2,medium,base,base,collect_all,5,12,7,7,3,6,18,1,1,1,1,1,1,2,1,1,4,11,1,18,1.0,1.0,1.0,1.0,1.0,0,8,5,5,12,2,3,0,0,0,0,0,0.0
4,5,collect_all_size11_comp0.2_grid5_base_medium,11,0.2,medium,base,base,collect_all,5,12,7,7,3,6,18,1,1,1,1,1,1,2,1,1,11,20,1,29,0.6206896551724138,0.7931034482758621,0.6666666666666666,0.8888888888888888,0.875,3,11,8,7,12,6,4,6,8,6,2,1,0.034482758620689655
5,5,collect_all_size11_comp0.2_grid5_base_medium,11,0.2,medium,base,base,collect_all,5,12,7,7,3,6,18,1,1,1,1,1,1,2,1,1,4,11,1,22,0.8181818181818182,0.9090909090909091,1.0,1.0,0.8,1,9,6,6,13,4,3,1,4,1,0,0,0.0
6,5,collect_all_size11_comp0.2_grid5_base_medium,11,0.2,medium,base,base,collect_all,5,12,7,7,3,6,18,1,1,1,1,1,1,2,1,1,5,18,1,29,0.6206896551724138,0.7931034482758621,0.8333333333333334,0.7692307692307693,0.8,4,12,6,7,9,9,6,4,8,4,2,1,0.034482758620689655
7,5,collect_all_size11_comp0.2_grid5_base_medium,11,0.2,medium,base,base,collect_all,5,12,7,7,3,6,18,1,1,1,1,1,1,2,1,1,4,16,1,28,0.6428571428571429,0.7857142857142857,1.0,0.75,0.7272727272727273,4,13,5,5,9,5,9,2,8,2,0,1,0.03571428571428571
8,5,collect_all_size11_comp0.2_grid5_base_medium,11,0.2,medium,base,base,collect_all,5,12,7,7,3,6,18,1,1,1,1,1,1,2,1,1,6,13,1,22,0.8181818181818182,0.9090909090909091,0.8571428571428571,1.0,0.875,1,9,6,6,10,2,7,2,2,2,1,0,0.0
9,5,collect_all_size11_comp0.2_grid5_base_medium,11,0.2,medium,base,base,collect_all,5,12,7,7,3,6,18,1,1,1,1,1,1,2,1,1,4,11,1,18,1.0,1.0,1.0,1.0,1.0,0,8,5,5,9,4,3,1,1,1,1,0,0.0
0,6,collect_all_size11_comp0.2_grid6_base_medium,11,0.2,medium,base,base,collect_all,4,3,5,5,6,7,14,1,1,1,1,1,1,2,1,1,9,2,1,18,0.7777777777777778,0.8333333333333334,1.0,0.7142857142857143,0.875,3,5,4,6,8,5,2,2,4,2,0,2,0.1111111111111111
1,6,collect_all_size11_comp0.2_grid6_base_medium,11,0.2,medium,base,base,collect_all,4,3,5,5,6,7,14,1,1,1,1,1,1,2,1,1,15,2,1,22,0.6363636363636364,0.8181818181818182,1.0,0.6923076923076923,1.0,4,5,5,8,7,4,7,3,8,3,2,0,0.0
2,6,collect_all_size11_comp0.2_grid6_base_medium,11,0.2,medium,base,base,collect_all,4,3,5,5,6,7,14,1,1,1,1,1,1,2,1,1,18,7,1,25,0.56,0.76,0.625,0.7272727272727273,1.0,7,8,4,6,9,2,6,7,12,7,1,1,0.04
3,6,collect_all_size11_comp0.2_grid6_base_medium,11,0.2,medium,base,base,collect_all,4,3,5,5,6,7,14,1,1,1,1,1,1,2,1,1,9,4,1,33,0.42424242424242425,0.696969696969697,0.8,1.0,0.6086956521739131,11,12,3,7,13,6,5,8,19,8,4,1,0.030303030303030304
4,6,collect_all_size11_comp0.2_grid6_base_medium,11,0.2,medium,base,base,collect_all,4,3,5,5,6,7,14,1,1,1,1,1,1,2,1,1,8,3,1,17,0.8235294117647058,0.8823529411764706,0.75,1.0,0.875,5,5,2,5,6,6,4,0,1,0,0,1,0.058823529411764705
5,6,collect_all_size11_comp0.2_grid6_base_medium,11,0.2,medium,base,base,collect_all,4,3,5,5,6,7,14,1,1,1,1,1,1,2,1,1,15,2,1,22,0.6363636363636364,0.8181818181818182,1.0,0.6923076923076923,1.0,3,4,6,9,9,3,6,3,9,3,3,0,0.0
6,6,collect_all_size11_comp0.2_grid6_base_medium,11,0.2,medium,base,base,collect_all,4,3,5,5,6,7,14,1,1,1,1,1,1,2,1,1,11,2,1,18,0.7777777777777778,0.8888888888888888,1.0,0.7777777777777778,1.0,4,5,3,6,7,2,5,3,6,3,1,0,0.0
7,6,collect_all_size11_comp0.2_grid6_base_medium,11,0.2,medium,base,base,collect_all,4,3,5,5,6,7,14,1,1,1,1,1,1,2,1,1,13,4,1,20,0.7,0.8,0.6,0.7777777777777778,1.0,3,4,6,7,6,4,8,1,8,1,1,2,0.1
8,6,collect_all_size11_comp0.2_grid6_base_medium,11,0.2,medium,base,base,collect_all,4,3,5,5,6,7,14,1,1,1,1,1,1,2,1,1,9,4,1,23,0.6086956521739131,0.782608695652174,0.8,1.0,0.6923076923076923,6,6,4,7,10,5,4,3,8,3,2,1,0.043478260869565216
9,6,collect_all_size11_comp0.2_grid6_base_medium,11,0.2,medium,base,base,collect_all,4,3,5,5,6,7,14,1,1,1,1,1,1,2,1,1,15,10,1,24,0.5833333333333334,0.75,0.5454545454545454,1.0,0.875,6,7,5,6,11,5,4,3,7,3,0,2,0.08333333333333333
0,7,collect_all_size11_comp0.2_grid7_base_medium,11,0.2,medium,base,base,collect_all,13,8,5,5,9,6,22,1,1,1,1,1,1,2,1,1,13,7,1,31,0.7096774193548387,0.8387096774193549,1.0,0.8333333333333334,0.7647058823529411,9,11,4,7,12,10,5,3,4,3,0,1,0.03225806451612903
1,7,collect_all_size11_comp0.2_grid7_base_medium,11,0.2,medium,base,base,collect_all,13,8,5,5,9,6,22,1,1,1,1,1,1,2,1,1,13,8,1,25,0.88,0.92,0.8888888888888888,1.0,0.9090909090909091,8,9,2,5,15,2,2,3,5,3,1,0,0.0
2,7,collect_all_size11_comp0.2_grid7_base_medium,11,0.2,medium,base,base,collect_all,13,8,5,5,9,6,22,1,1,1,1,1,1,2,1,1,13,7,1,29,0.7586206896551724,0.8620689655172413,1.0,0.8333333333333334,0.8,10,12,2,5,14,6,4,4,5,4,0,1,0.034482758620689655
3,7,collect_all_size11_comp0.2_grid7_base_medium,11,0.2,medium,base,base,collect_all,13,8,5,5,9,6,22,1,1,1,1,1,1,2,1,1,16,11,1,28,0.7857142857142857,0.8928571428571429,0.8333333333333334,1.0,0.9090909090909091,9,10,3,6,9,10,6,2,4,2,1,0,0.0
4,7,collect_all_size11_comp0.2_grid7_base_medium,11,0.2,medium,base,base,collect_all,13,8,5,5,9,6,22,1,1,1,1,1,1,2,1,1,12,7,1,24,0.9166666666666666,0.9583333333333334,1.0,1.0,0.9090909090909091,8,9,2,5,12,7,4,0,0,0,0,0,0.0
5,7,collect_all_size11_comp0.2_grid7_base_medium,11,0.2,medium,base,base,collect_all,13,8,5,5,9,6,22,1,1,1,1,1,1,2,1,1,15,7,1,25,0.88,0.92,1.0,0.75,1.0,8,10,2,5,13,7,3,1,2,1,0,1,0.04
6,7,collect_all_size11_comp0.2_grid7_base_medium,11,0.2,medium,base,base,collect_all,13,8,5,5,9,6,22,1,1,1,1,1,1,2,1,1,16,9,1,28,0.7857142857142857,0.8928571428571429,0.9,0.8571428571428571,0.9090909090909091,9,10,3,6,11,6,5,5,6,5,0,0,0.0
7,7,collect_all_size11_comp0.2_grid7_base_medium,11,0.2,medium,base,base,collect_all,13,8,5,5,9,6,22,1,1,1,1,1,1,2,1,1,18,13,1,33,0.6666666666666666,0.8181818181818182,0.7857142857142857,1.0,0.7857142857142857,10,10,5,8,18,8,3,3,10,3,0,1,0.030303030303030304
8,7,collect_all_size11_comp0.2_grid7_base_medium,11,0.2,medium,base,base,collect_all,13,8,5,5,9,6,22,1,1,1,1,1,1,2,1,1,13,8,1,25,0.88,0.92,0.8888888888888888,1.0,0.9090909090909091,8,9,2,5,12,5,4,1,2,1,1,0,0.0
9,7,collect_all_size11_comp0.2_grid7_base_medium,11,0.2,medium,base,base,collect_all,13,8,5,5,9,6,22,1,1,1,1,1,1,2,1,1,13,8,1,25,0.88,0.92,0.8888888888888888,1.0,0.9090909090909091,8,9,2,6,13,7,4,0,1,0,0,1,0.04
0,8,collect_all_size11_comp0.2_grid8_base_medium,11,0.2,medium,base,base,collect_all,5,11,8,8,7,7,20,1,1,1,1,1,1,2,1,1,4,23,1,34,0.5882352941176471,0.6764705882352942,1.0,0.5789473684210527,0.7,9,11,11,3,15,6,10,2,12,2,0,8,0.23529411764705882
1,8,collect_all_size11_comp0.2_grid8_base_medium,11,0.2,medium,base,base,collect_all,5,11,8,8,7,7,20,1,1,1,1,1,1,2,1,1,4,18,1,27,0.7407407407407407,0.8148148148148148,1.0,0.7142857142857143,0.875,7,10,8,2,11,5,8,2,6,2,3,3,0.1111111111111111
2,8,collect_all_size11_comp0.2_grid8_base_medium,11,0.2,medium,base,base,collect_all,5,11,8,8,7,7,20,1,1,1,1,1,1,2,1,1,4,21,1,31,0.6451612903225806,0.8064516129032258,1.0,0.7058823529411765,0.8888888888888888,6,9,10,6,11,3,13,3,9,3,2,1,0.03225806451612903
3,8,collect_all_size11_comp0.2_grid8_base_medium,11,0.2,medium,base,base,collect_all,5,11,8,8,7,7,20,1,1,1,1,1,1,2,1,1,7,18,1,29,0.6896551724137931,0.7931034482758621,0.75,0.8181818181818182,0.8,6,8,10,5,12,3,11,2,6,2,1,3,0.10344827586206896
4,8,collect_all_size11_comp0.2_grid8_base_medium,11,0.2,medium,base,base,collect_all,5,11,8,8,7,7,20,1,1,1,1,1,1,2,1,1,4,14,1,24,0.8333333333333334,0.875,1.0,0.9,0.7777777777777778,6,8,7,3,8,5,9,1,3,1,0,2,0.08333333333333333
5,8,collect_all_size11_comp0.2_grid8_base_medium,11,0.2,medium,base,base,collect_all,5,11,8,8,7,7,20,1,1,1,1,1,1,2,1,1,7,17,1,25,0.8,0.88,0.75,0.9,1.0,4,7,9,5,13,3,4,4,5,4,1,1,0.04
6,8,collect_all_size11_comp0.2_grid8_base_medium,11,0.2,medium,base,base,collect_all,5,11,8,8,7,7,20,1,1,1,1,1,1,2,1,1,4,12,1,20,1.0,1.0,1.0,1.0,1.0,4,7,7,2,12,2,5,0,0,0,0,0,0.0
7,8,collect_all_size11_comp0.2_grid8_base_medium,11,0.2,medium,base,base,collect_all,5,11,8,8,7,7,20,1,1,1,1,1,1,2,1,1,7,27,1,36,0.5555555555555556,0.6944444444444444,0.625,0.65,0.875,7,11,10,7,16,6,8,3,11,3,0,5,0.1388888888888889
8,8,collect_all_size11_comp0.2_grid8_base_medium,11,0.2,medium,base,base,collect_all,5,11,8,8,7,7,20,1,1,1,1,1,1,2,1,1,4,14,1,22,0.9090909090909091,0.9545454545454546,1.0,0.9,1.0,5,8,7,2,10,4,4,3,3,3,3,0,0.0
9,8,collect_all_size11_comp0.2_grid8_base_medium,11,0.2,medium,base,base,collect_all,5,11,8,8,7,7,20,1,1,1,1,1,1,2,1,1,4,17,1,32,0.625,0.78125,1.0,0.7692307692307693,0.7142857142857143,8,11,9,4,11,8,8,4,7,4,1,2,0.0625
0,9,collect_all_size11_comp0.2_grid9_base_medium,11,0.2,medium,base,base,collect_all,11,12,3,3,7,4,18,1,1,1,1,1,1,2,1,1,18,11,1,27,0.6666666666666666,0.8888888888888888,1.0,0.7142857142857143,0.875,7,5,11,4,11,6,6,3,5,3,1,1,0.037037037037037035
1,9,collect_all_size11_comp0.2_grid9_base_medium,11,0.2,medium,base,base,collect_all,11,12,3,3,7,4,18,1,1,1,1,1,1,2,1,1,10,13,1,22,0.8181818181818182,0.9090909090909091,1.0,1.0,0.75,7,5,9,1,5,6,7,3,3,3,3,0,0.0
2,9,collect_all_size11_comp0.2_grid9_base_medium,11,0.2,medium,base,base,collect_all,11,12,3,3,7,4,18,1,1,1,1,1,1,2,1,1,10,13,1,18,1.0,1.0,1.0,1.0,1.0,6,4,8,0,4,7,6,0,0,0,0,0,0.0
3,9,collect_all_size11_comp0.2_grid9_base_medium,11,0.2,medium,base,base,collect_all,11,12,3,3,7,4,18,1,1,1,1,1,1,2,1,1,10,17,1,26,0.6923076923076923,0.8461538461538461,1.0,0.7142857142857143,0.75,8,6,10,2,9,4,6,6,7,6,6,0,0.0
4,9,collect_all_size11_comp0.2_grid9_base_medium,11,0.2,medium,base,base,collect_all,11,12,3,3,7,4,18,1,1,1,1,1,1,2,1,1,10,13,1,22,0.8181818181818182,0.9090909090909091,1.0,1.0,0.75,7,5,9,1,8,5,4,4,4,4,2,0,0.0
5,9,collect_all_size11_comp0.2_grid9_base_medium,11,0.2,medium,base,base,collect_all,11,12,3,3,7,4,18,1,1,1,1,1,1,2,1,1,10,13,1,25,0.72,0.84,1.0,1.0,0.6363636363636364,6,4,11,4,8,6,4,6,7,6,6,1,0.04
6,9,collect_all_size11_comp0.2_grid9_base_medium,11,0.2,medium,base,base,collect_all,11,12,3,3,7,4,18,1,1,1,1,1,1,2,1,1,10,13,1,20,0.9,0.95,1.0,1.0,0.8333333333333334,7,5,8,0,8,5,4,2,2,2,0,0,0.0
7,9,collect_all_size11_comp0.2_grid9_base_medium,11,0.2,medium,base,base,collect_all,11,12,3,3,7,4,18,1,1,1,1,1,1,2,1,1,10,13,1,22,0.8181818181818182,0.9090909090909091,1.0,1.0,0.75,7,5,9,1,8,6,5,2,2,2,1,0,0.0
8,9,collect_all_size11_comp0.2_grid9_base_medium,11,0.2,medium,base,base,collect_all,11,12,3,3,7,4,18,1,1,1,1,1,1,2,1,1,10,13,1,18,1.0,1.0,1.0,1.0,1.0,6,4,8,0,11,4,2,0,0,0,0,0,0.0
9,9,collect_all_size11_comp0.2_grid9_base_medium,11,0.2,medium,base,base,collect_all,11,12,3,3,7,4,18,1,1,1,1,1,1,2,1,1,10,13,1,26,0.6923076923076923,0.8461538461538461,1.0,1.0,0.6666666666666666,7,5,11,3,9,10,4,2,6,2,3,0,0.0
0,0,collect_all_size11_comp0.4_grid0_base_medium,11,0.4,medium,base,base,collect_all,6,3,5,5,9,6,17,1,1,1,1,1,1,2,1,1,10,2,1,25,0.68,0.8,1.0,0.75,0.7857142857142857,9,7,5,4,9,5,6,4,7,3,1,2,0.08
1,0,collect_all_size11_comp0.4_grid0_base_medium,11,0.4,medium,base,base,collect_all,6,3,5,5,9,6,17,1,1,1,1,1,1,2,1,1,19,8,1,35,0.4857142857142857,0.6857142857142857,0.6666666666666666,0.6363636363636364,0.7333333333333333,11,10,6,8,13,5,5,11,21,10,5,4,0.11428571428571428
2,0,collect_all_size11_comp0.4_grid0_base_medium,11,0.4,medium,base,base,collect_all,6,3,5,5,9,6,17,1,1,1,1,1,1,2,1,1,7,2,1,18,0.9444444444444444,0.9444444444444444,1.0,1.0,0.9,7,4,4,3,9,4,3,1,7,1,1,1,0.05555555555555555
3,0,collect_all_size11_comp0.4_grid0_base_medium,11,0.4,medium,base,base,collect_all,6,3,5,5,9,6,17,1,1,1,1,1,1,2,1,1,10,18,1,32,0.53125,0.71875,0.7272727272727273,0.75,0.6923076923076923,10,8,7,7,10,11,5,5,10,5,2,3,0.09375
6,0,collect_all_size11_comp0.4_grid0_base_medium,11,0.4,medium,base,base,collect_all,6,3,5,5,9,6,17,1,1,1,1,1,1,2,1,1,8,19,1,26,0.6538461538461539,0.8076923076923077,0.7777777777777778,0.7272727272727273,1.0,8,7,6,5,12,6,3,4,11,4,1,1,0.038461538461538464
7,0,collect_all_size11_comp0.4_grid0_base_medium,11,0.4,medium,base,base,collect_all,6,3,5,5,9,6,17,1,1,1,1,1,1,2,1,1,16,7,1,27,0.6296296296296297,0.7407407407407407,0.625,0.6666666666666666,0.9,7,7,8,5,9,7,8,2,9,1,3,4,0.14814814814814814
8,0,collect_all_size11_comp0.4_grid0_base_medium,11,0.4,medium,base,base,collect_all,6,3,5,5,9,6,17,1,1,1,1,1,1,2,1,1,9,17,1,24,0.7083333333333334,0.8333333333333334,0.8,0.75,1.0,7,4,7,6,8,7,3,5,12,5,2,1,0.041666666666666664
1,1,collect_all_size11_comp0.4_grid1_base_medium,11,0.4,medium,base,base,collect_all,3,5,8,8,7,13,20,1,1,1,1,1,1,2,1,1,19,27,1,47,0.425531914893617,0.723404255319149,0.55,1.0,0.7894736842105263,17,12,12,6,18,11,7,10,28,10,2,3,0.06382978723404255
2,1,collect_all_size11_comp0.4_grid1_base_medium,11,0.4,medium,base,base,collect_all,3,5,8,8,7,13,20,1,1,1,1,1,1,2,1,1,2,11,1,35,0.5714285714285714,0.8,1.0,0.8888888888888888,0.7391304347826086,12,7,10,6,12,9,7,6,15,6,2,3,0.08571428571428572
3,1,collect_all_size11_comp0.4_grid1_base_medium,11,0.4,medium,base,base,collect_all,3,5,8,8,7,13,20,1,1,1,1,1,1,2,1,1,10,24,1,38,0.5263157894736842,0.7894736842105263,0.6363636363636364,0.7142857142857143,1.0,11,8,13,6,12,7,8,10,17,9,2,2,0.05263157894736842
4,1,collect_all_size11_comp0.4_grid1_base_medium,11,0.4,medium,base,base,collect_all,3,5,8,8,7,13,20,1,1,1,1,1,1,2,1,1,5,15,1,34,0.5882352941176471,0.8235294117647058,0.6666666666666666,0.9,0.8333333333333334,11,7,10,5,9,11,9,2,11,2,3,1,0.029411764705882353
5,1,collect_all_size11_comp0.4_grid1_base_medium,11,0.4,medium,base,base,collect_all,3,5,8,8,7,13,20,1,1,1,1,1,1,2,1,1,2,15,1,31,0.6451612903225806,0.8709677419354839,1.0,0.7692307692307693,0.9333333333333333,10,7,9,5,15,8,4,3,9,2,3,1,0.03225806451612903
7,1,collect_all_size11_comp0.4_grid1_base_medium,11,0.4,medium,base,base,collect_all,3,5,8,8,7,13,20,1,1,1,1,1,1,2,1,1,25,15,1,41,0.4878048780487805,0.7073170731707317,0.625,0.9,0.6666666666666666,13,9,12,7,15,8,6,11,17,10,2,3,0.07317073170731707
9,1,collect_all_size11_comp0.4_grid1_base_medium,11,0.4,medium,base,base,collect_all,3,5,8,8,7,13,20,1,1,1,1,1,1,2,1,1,4,16,1,34,0.5882352941176471,0.8529411764705882,0.8,0.8333333333333334,0.8823529411764706,11,8,10,5,12,11,5,5,13,5,2,0,0.0
0,2,collect_all_size11_comp0.4_grid2_base_medium,11,0.4,medium,base,base,collect_all,10,10,8,8,10,6,24,1,1,1,1,1,1,2,1,1,11,27,1,47,0.5106382978723404,0.6808510638297872,0.8333333333333334,0.6875,0.5789473684210527,15,11,10,9,15,12,7,9,20,9,4,5,0.10638297872340426
1,2,collect_all_size11_comp0.4_grid2_base_medium,11,0.4,medium,base,base,collect_all,10,10,8,8,10,6,24,1,1,1,1,1,1,2,1,1,18,34,1,50,0.48,0.72,0.7368421052631579,0.75,0.6666666666666666,15,12,10,12,14,11,11,11,17,10,4,1,0.02
2,2,collect_all_size11_comp0.4_grid2_base_medium,11,0.4,medium,base,base,collect_all,10,10,8,8,10,6,24,1,1,1,1,1,1,2,1,1,29,41,1,48,0.5,0.7291666666666666,0.6333333333333333,0.8333333333333334,1.0,14,13,9,12,16,8,12,11,20,11,1,2,0.041666666666666664
3,2,collect_all_size11_comp0.4_grid2_base_medium,11,0.4,medium,base,base,collect_all,10,10,8,8,10,6,24,1,1,1,1,1,1,2,1,1,28,14,1,39,0.6153846153846154,0.8205128205128205,0.8,0.7142857142857143,1.0,13,11,5,10,16,8,12,2,12,2,0,3,0.07692307692307693
5,2,collect_all_size11_comp0.4_grid2_base_medium,11,0.4,medium,base,base,collect_all,10,10,8,8,10,6,24,1,1,1,1,1,1,2,1,1,21,40,1,51,0.47058823529411764,0.7058823529411765,0.6818181818181818,0.6842105263157895,0.8,17,15,8,10,13,11,13,11,23,11,0,2,0.0392156862745098
6,2,collect_all_size11_comp0.4_grid2_base_medium,11,0.4,medium,base,base,collect_all,10,10,8,8,10,6,24,1,1,1,1,1,1,2,1,1,34,47,1,56,0.42857142857142855,0.6785714285714286,0.6,0.7692307692307693,0.875,19,17,8,11,14,11,15,13,28,13,1,3,0.05357142857142857
7,2,collect_all_size11_comp0.4_grid2_base_medium,11,0.4,medium,base,base,collect_all,10,10,8,8,10,6,24,1,1,1,1,1,1,2,1,1,18,49,1,60,0.4,0.65,0.7368421052631579,0.5806451612903226,0.7,17,14,13,14,15,14,10,16,33,15,5,4,0.06666666666666667
8,2,collect_all_size11_comp0.4_grid2_base_medium,11,0.4,medium,base,base,collect_all,10,10,8,8,10,6,24,1,1,1,1,1,1,2,1,1,14,34,1,46,0.5217391304347826,0.7391304347826086,0.8,0.7,0.7272727272727273,13,11,10,11,15,12,7,10,18,10,0,1,0.021739130434782608
9,2,collect_all_size11_comp0.4_grid2_base_medium,11,0.4,medium,base,base,collect_all,10,10,8,8,10,6,24,1,1,1,1,1,1,2,1,1,17,28,1,38,0.631578947368421,0.7631578947368421,0.7222222222222222,0.8181818181818182,0.7777777777777778,13,9,7,9,10,10,7,10,15,8,1,4,0.10526315789473684
0,3,collect_all_size11_comp0.4_grid3_base_medium,11,0.4,medium,base,base,collect_all,15,9,6,6,4,6,19,1,1,1,1,1,1,2,1,1,18,10,1,25,0.76,0.88,0.9090909090909091,0.875,0.8333333333333334,6,9,9,1,11,6,3,4,5,4,0,0,0.0
2,3,collect_all_size11_comp0.4_grid3_base_medium,11,0.4,medium,base,base,collect_all,15,9,6,6,4,6,19,1,1,1,1,1,1,2,1,1,23,17,1,28,0.6785714285714286,0.8214285714285714,0.7222222222222222,1.0,1.0,7,10,9,2,9,8,7,3,4,3,1,1,0.03571428571428571
3,3,collect_all_size11_comp0.4_grid3_base_medium,11,0.4,medium,base,base,collect_all,15,9,6,6,4,6,19,1,1,1,1,1,1,2,1,1,18,12,1,23,0.8260869565217391,0.9130434782608695,0.8461538461538461,1.0,1.0,6,9,8,0,10,4,3,5,5,5,1,0,0.0
4,3,collect_all_size11_comp0.4_grid3_base_medium,11,0.4,medium,base,base,collect_all,15,9,6,6,4,6,19,1,1,1,1,1,1,2,1,1,16,10,1,24,0.7916666666666666,0.8333333333333334,0.8181818181818182,1.0,0.7142857142857143,4,8,11,1,12,4,5,2,5,2,3,3,0.125
5,3,collect_all_size11_comp0.4_grid3_base_medium,11,0.4,medium,base,base,collect_all,15,9,6,6,4,6,19,1,1,1,1,1,1,2,1,1,23,17,1,28,0.6785714285714286,0.7857142857142857,0.6666666666666666,1.0,1.0,7,8,10,3,10,6,8,3,7,3,0,3,0.10714285714285714
6,3,collect_all_size11_comp0.4_grid3_base_medium,11,0.4,medium,base,base,collect_all,15,9,6,6,4,6,19,1,1,1,1,1,1,2,1,1,21,10,1,26,0.7307692307692307,0.8076923076923077,0.8181818181818182,0.7272727272727273,1.0,6,7,11,2,11,6,6,2,5,1,1,3,0.11538461538461539
7,3,collect_all_size11_comp0.4_grid3_base_medium,11,0.4,medium,base,base,collect_all,15,9,6,6,4,6,19,1,1,1,1,1,1,2,1,1,19,11,1,24,0.7916666666666666,0.8333333333333334,0.8333333333333334,0.75,1.0,6,7,9,1,8,6,6,1,4,1,2,2,0.08333333333333333
8,3,collect_all_size11_comp0.4_grid3_base_medium,11,0.4,medium,base,base,collect_all,15,9,6,6,4,6,19,1,1,1,1,1,1,2,1,1,17,11,1,23,0.8260869565217391,0.8695652173913043,0.8333333333333334,1.0,0.8,5,8,9,0,8,6,5,1,3,1,0,1,0.043478260869565216
9,3,collect_all_size11_comp0.4_grid3_base_medium,11,0.4,medium,base,base,collect_all,15,9,6,6,4,6,19,1,1,1,1,1,1,2,1,1,17,11,1,22,0.8636363636363636,0.9090909090909091,0.8333333333333334,1.0,1.0,5,9,8,0,8,5,6,2,3,2,0,1,0.045454545454545456
2,4,collect_all_size11_comp0.4_grid4_base_medium,11,0.4,medium,base,base,collect_all,6,8,4,4,10,12,22,1,1,1,1,1,1,2,1,1,11,15,1,29,0.7586206896551724,0.8620689655172413,0.75,1.0,0.9230769230769231,8,3,9,9,16,1,7,4,5,4,0,1,0.034482758620689655
3,4,collect_all_size11_comp0.4_grid4_base_medium,11,0.4,medium,base,base,collect_all,6,8,4,4,10,12,22,1,1,1,1,1,1,2,1,1,5,11,1,24,0.9166666666666666,0.9583333333333334,1.0,0.8333333333333334,1.0,7,3,7,7,14,4,4,1,1,1,1,0,0.0
5,4,collect_all_size11_comp0.4_grid4_base_medium,11,0.4,medium,base,base,collect_all,6,8,4,4,10,12,22,1,1,1,1,1,1,2,1,1,11,7,1,26,0.8461538461538461,0.9230769230769231,1.0,1.0,0.8571428571428571,8,4,7,7,13,5,3,4,5,4,3,0,0.0
6,4,collect_all_size11_comp0.4_grid4_base_medium,11,0.4,medium,base,base,collect_all,6,8,4,4,10,12,22,1,1,1,1,1,1,2,1,1,5,11,1,28,0.7857142857142857,0.8571428571428571,1.0,0.8333333333333334,0.8125,7,3,9,9,13,6,4,4,6,4,2,2,0.07142857142857142
7,4,collect_all_size11_comp0.4_grid4_base_medium,11,0.4,medium,base,base,collect_all,6,8,4,4,10,12,22,1,1,1,1,1,1,2,1,1,11,7,1,22,1.0,1.0,1.0,1.0,1.0,6,2,7,7,17,3,1,0,1,0,0,0,0.0
8,4,collect_all_size11_comp0.4_grid4_base_medium,11,0.4,medium,base,base,collect_all,6,8,4,4,10,12,22,1,1,1,1,1,1,2,1,1,16,20,1,33,0.6666666666666666,0.8181818181818182,0.6470588235294118,1.0,1.0,11,6,8,8,17,5,7,3,7,3,0,1,0.030303030303030304
9,4,collect_all_size11_comp0.4_grid4_base_medium,11,0.4,medium,base,base,collect_all,6,8,4,4,10,12,22,1,1,1,1,1,1,2,1,1,7,11,1,26,0.8461538461538461,0.9230769230769231,0.875,1.0,0.9285714285714286,8,4,7,7,14,2,6,3,3,3,0,0,0.0
0,5,collect_all_size11_comp0.4_grid5_base_medium,11,0.4,medium,base,base,collect_all,6,3,5,5,12,11,20,1,1,1,1,1,1,2,1,1,7,2,1,34,0.5882352941176471,0.7352941176470589,1.0,1.0,0.6538461538461539,13,5,7,9,12,9,8,4,11,4,1,4,0.11764705882352941
1,5,collect_all_size11_comp0.4_grid5_base_medium,11,0.4,medium,base,base,collect_all,6,3,5,5,12,11,20,1,1,1,1,1,1,2,1,1,9,2,1,34,0.5882352941176471,0.7352941176470589,1.0,0.8571428571428571,0.6666666666666666,13,5,7,9,17,10,3,3,10,3,3,4,0.11764705882352941
2,5,collect_all_size11_comp0.4_grid5_base_medium,11,0.4,medium,base,base,collect_all,6,3,5,5,12,11,20,1,1,1,1,1,1,2,1,1,7,2,1,29,0.6896551724137931,0.8275862068965517,1.0,1.0,0.7619047619047619,11,6,5,7,6,8,9,5,8,5,1,1,0.034482758620689655
3,5,collect_all_size11_comp0.4_grid5_base_medium,11,0.4,medium,base,base,collect_all,6,3,5,5,12,11,20,1,1,1,1,1,1,2,1,1,7,2,1,26,0.7692307692307693,0.8461538461538461,1.0,1.0,0.7777777777777778,11,5,4,6,10,7,6,2,6,2,2,2,0.07692307692307693
4,5,collect_all_size11_comp0.4_grid5_base_medium,11,0.4,medium,base,base,collect_all,6,3,5,5,12,11,20,1,1,1,1,1,1,2,1,1,7,2,1,22,0.9090909090909091,0.9545454545454546,1.0,1.0,0.9285714285714286,8,4,4,6,10,5,4,2,4,2,2,0,0.0
5,5,collect_all_size11_comp0.4_grid5_base_medium,11,0.4,medium,base,base,collect_all,6,3,5,5,12,11,20,1,1,1,1,1,1,2,1,1,7,2,1,28,0.7142857142857143,0.8571428571428571,1.0,1.0,0.8,9,5,6,8,10,5,8,4,4,4,1,0,0.0
6,5,collect_all_size11_comp0.4_grid5_base_medium,11,0.4,medium,base,base,collect_all,6,3,5,5,12,11,20,1,1,1,1,1,1,2,1,1,11,3,1,34,0.5882352941176471,0.7352941176470589,0.75,0.75,0.7272727272727273,11,6,7,9,10,11,8,3,6,2,1,3,0.08823529411764706
7,5,collect_all_size11_comp0.4_grid5_base_medium,11,0.4,medium,base,base,collect_all,6,3,5,5,12,11,20,1,1,1,1,1,1,2,1,1,9,2,1,22,0.9090909090909091,0.9545454545454546,1.0,0.8571428571428571,1.0,9,5,3,5,7,5,6,3,4,3,1,0,0.0
8,5,collect_all_size11_comp0.4_grid5_base_medium,11,0.4,medium,base,base,collect_all,6,3,5,5,12,11,20,1,1,1,1,1,1,2,1,1,7,2,1,26,0.7692307692307693,0.8846153846153846,1.0,1.0,0.8333333333333334,9,5,5,7,11,7,4,3,6,3,2,0,0.0
9,5,collect_all_size11_comp0.4_grid5_base_medium,11,0.4,medium,base,base,collect_all,6,3,5,5,12,11,20,1,1,1,1,1,1,2,1,1,15,2,1,31,0.6451612903225806,0.8064516129032258,1.0,0.6923076923076923,0.8666666666666667,8,4,8,11,10,7,8,5,8,5,0,1,0.03225806451612903
1,6,collect_all_size11_comp0.4_grid6_base_medium,11,0.4,medium,base,base,collect_all,7,6,5,5,8,7,19,1,1,1,1,1,1,2,1,1,16,11,1,25,0.76,0.8,0.5833333333333334,1.0,1.0,1,7,5,12,10,6,6,2,6,1,1,4,0.16
2,6,collect_all_size11_comp0.4_grid6_base_medium,11,0.4,medium,base,base,collect_all,7,6,5,5,8,7,19,1,1,1,1,1,1,2,1,1,18,5,1,30,0.6333333333333333,0.8,1.0,0.6923076923076923,0.8181818181818182,3,11,5,11,9,7,8,5,10,5,2,1,0.03333333333333333
4,6,collect_all_size11_comp0.4_grid6_base_medium,11,0.4,medium,base,base,collect_all,7,6,5,5,8,7,19,1,1,1,1,1,1,2,1,1,13,6,1,22,0.8636363636363636,0.9090909090909091,0.8571428571428571,0.8571428571428571,1.0,1,8,3,10,9,3,7,2,4,2,1,1,0.045454545454545456
5,6,collect_all_size11_comp0.4_grid6_base_medium,11,0.4,medium,base,base,collect_all,7,6,5,5,8,7,19,1,1,1,1,1,1,2,1,1,15,10,1,28,0.6785714285714286,0.8214285714285714,0.7272727272727273,1.0,0.8333333333333334,3,10,4,11,13,5,7,2,5,2,0,1,0.03571428571428571
6,6,collect_all_size11_comp0.4_grid6_base_medium,11,0.4,medium,base,base,collect_all,7,6,5,5,8,7,19,1,1,1,1,1,1,2,1,1,17,6,1,26,0.7307692307692307,0.8461538461538461,0.8571428571428571,0.7272727272727273,1.0,2,9,4,11,9,6,6,4,7,4,1,1,0.038461538461538464
8,6,collect_all_size11_comp0.4_grid6_base_medium,11,0.4,medium,base,base,collect_all,7,6,5,5,8,7,19,1,1,1,1,1,1,2,1,1,10,5,1,20,0.95,0.95,1.0,1.0,0.8888888888888888,0,8,3,9,10,5,4,0,1,0,0,1,0.05
9,6,collect_all_size11_comp0.4_grid6_base_medium,11,0.4,medium,base,base,collect_all,7,6,5,5,8,7,19,1,1,1,1,1,1,2,1,1,25,10,1,34,0.5588235294117647,0.7647058823529411,0.7272727272727273,0.6666666666666666,1.0,3,10,7,14,14,7,7,5,7,5,2,1,0.029411764705882353
0,7,collect_all_size11_comp0.4_grid7_base_medium,11,0.4,medium,base,base,collect_all,8,4,4,4,11,7,19,1,1,1,1,1,1,2,1,1,13,3,1,29,0.6551724137931034,0.8275862068965517,1.0,0.7,0.8666666666666667,9,10,6,4,8,4,6,10,14,10,2,0,0.0
2,7,collect_all_size11_comp0.4_grid7_base_medium,11,0.4,medium,base,base,collect_all,8,4,4,4,11,7,19,1,1,1,1,1,1,2,1,1,13,5,1,27,0.7037037037037037,0.8518518518518519,0.8333333333333334,0.75,0.9230769230769231,7,8,7,5,7,7,6,6,13,6,4,0,0.0
4,7,collect_all_size11_comp0.4_grid7_base_medium,11,0.4,medium,base,base,collect_all,8,4,4,4,11,7,19,1,1,1,1,1,1,2,1,1,8,4,1,20,0.95,0.95,0.8,1.0,1.0,5,6,6,3,13,2,3,1,6,1,3,1,0.05
5,7,collect_all_size11_comp0.4_grid7_base_medium,11,0.4,medium,base,base,collect_all,8,4,4,4,11,7,19,1,1,1,1,1,1,2,1,1,7,3,1,20,0.95,0.95,1.0,1.0,0.9166666666666666,5,6,5,4,11,3,4,1,3,1,1,1,0.05
6,7,collect_all_size11_comp0.4_grid7_base_medium,11,0.4,medium,base,base,collect_all,8,4,4,4,11,7,19,1,1,1,1,1,1,2,1,1,7,3,1,27,0.7037037037037037,0.8518518518518519,1.0,1.0,0.7894736842105263,7,8,7,5,9,6,6,5,10,5,3,0,0.0
7,7,collect_all_size11_comp0.4_grid7_base_medium,11,0.4,medium,base,base,collect_all,8,4,4,4,11,7,19,1,1,1,1,1,1,2,1,1,17,13,1,35,0.5428571428571428,0.7428571428571429,0.5714285714285714,1.0,0.8235294117647058,10,11,9,5,15,6,8,5,16,5,1,2,0.05714285714285714
9,7,collect_all_size11_comp0.4_grid7_base_medium,11,0.4,medium,base,base,collect_all,8,4,4,4,11,7,19,1,1,1,1,1,1,2,1,1,10,5,1,28,0.6785714285714286,0.8214285714285714,0.8333333333333334,0.8,0.8235294117647058,8,9,7,4,9,7,4,7,12,6,2,1,0.03571428571428571
0,8,collect_all_size11_comp0.4_grid8_base_medium,11,0.4,medium,base,base,collect_all,3,6,9,9,9,4,16,1,1,1,1,1,1,2,1,1,4,20,1,25,0.64,0.72,0.8,0.625,1.0,11,2,7,5,9,5,7,3,11,3,4,5,0.2
1,8,collect_all_size11_comp0.4_grid8_base_medium,11,0.4,medium,base,base,collect_all,3,6,9,9,9,4,16,1,1,1,1,1,1,2,1,1,10,24,1,31,0.5161290322580645,0.7419354838709677,0.6363636363636364,0.7857142857142857,0.8333333333333334,12,6,7,6,12,6,4,8,17,8,4,1,0.03225806451612903
2,8,collect_all_size11_comp0.4_grid8_base_medium,11,0.4,medium,base,base,collect_all,3,6,9,9,9,4,16,1,1,1,1,1,1,2,1,1,37,7,1,49,0.32653061224489793,0.7142857142857143,0.875,0.6333333333333333,0.8181818181818182,21,14,7,7,22,6,10,10,24,10,2,3,0.061224489795918366
3,8,collect_all_size11_comp0.4_grid8_base_medium,11,0.4,medium,base,base,collect_all,3,6,9,9,9,4,16,1,1,1,1,1,1,2,1,1,4,20,1,25,0.64,0.76,0.8,0.6875,1.0,11,3,6,5,8,4,8,4,11,4,6,3,0.12
4,8,collect_all_size11_comp0.4_grid8_base_medium,11,0.4,medium,base,base,collect_all,3,6,9,9,9,4,16,1,1,1,1,1,1,2,1,1,12,44,1,49,0.32653061224489793,0.6122448979591837,0.6153846153846154,0.5625,1.0,22,11,8,8,19,6,6,17,33,16,15,5,0.10204081632653061
5,8,collect_all_size11_comp0.4_grid8_base_medium,11,0.4,medium,base,base,collect_all,3,6,9,9,9,4,16,1,1,1,1,1,1,2,1,1,2,38,1,43,0.37209302325581395,0.627906976744186,1.0,0.5555555555555556,1.0,16,8,11,8,11,11,9,11,21,9,1,5,0.11627906976744186
6,8,collect_all_size11_comp0.4_grid8_base_medium,11,0.4,medium,base,base,collect_all,3,6,9,9,9,4,16,1,1,1,1,1,1,2,1,1,2,19,1,24,0.6666666666666666,0.7916666666666666,1.0,0.7058823529411765,1.0,10,3,6,5,10,3,5,5,10,4,8,2,0.08333333333333333
7,8,collect_all_size11_comp0.4_grid8_base_medium,11,0.4,medium,base,base,collect_all,3,6,9,9,9,4,16,1,1,1,1,1,1,2,1,1,2,22,1,27,0.5925925925925926,0.7407407407407407,1.0,0.65,1.0,11,3,7,6,13,4,6,3,8,2,2,3,0.1111111111111111
8,8,collect_all_size11_comp0.4_grid8_base_medium,11,0.4,medium,base,base,collect_all,3,6,9,9,9,4,16,1,1,1,1,1,1,2,1,1,2,16,1,21,0.7619047619047619,0.8571428571428571,1.0,0.7857142857142857,1.0,8,2,6,5,8,7,4,1,4,1,1,1,0.047619047619047616
0,9,collect_all_size11_comp0.4_grid9_base_medium,11,0.4,medium,base,base,collect_all,8,7,3,3,8,11,18,1,1,1,1,1,1,2,1,1,9,6,1,18,1.0,1.0,1.0,1.0,1.0,0,8,5,5,10,4,3,0,0,0,0,0,0.0
1,9,collect_all_size11_comp0.4_grid9_base_medium,11,0.4,medium,base,base,collect_all,8,7,3,3,8,11,18,1,1,1,1,1,1,2,1,1,9,6,1,22,0.8181818181818182,0.9090909090909091,1.0,1.0,0.8333333333333334,1,9,6,6,8,7,5,1,1,1,0,0,0.0
2,9,collect_all_size11_comp0.4_grid9_base_medium,11,0.4,medium,base,base,collect_all,8,7,3,3,8,11,18,1,1,1,1,1,1,2,1,1,12,8,1,21,0.8571428571428571,0.9047619047619048,0.8888888888888888,0.75,1.0,1,9,6,5,10,6,3,1,2,1,0,1,0.047619047619047616
3,9,collect_all_size11_comp0.4_grid9_base_medium,11,0.4,medium,base,base,collect_all,8,7,3,3,8,11,18,1,1,1,1,1,1,2,1,1,10,7,1,22,0.8181818181818182,0.8636363636363636,0.875,1.0,0.8181818181818182,1,10,5,5,9,4,5,1,3,1,1,1,0.045454545454545456
6,9,collect_all_size11_comp0.4_grid9_base_medium,11,0.4,medium,base,base,collect_all,8,7,3,3,8,11,18,1,1,1,1,1,1,2,1,1,11,8,1,28,0.6428571428571429,0.8214285714285714,0.8888888888888888,1.0,0.75,4,12,6,6,8,7,6,6,6,6,1,0,0.0
7,9,collect_all_size11_comp0.4_grid9_base_medium,11,0.4,medium,base,base,collect_all,8,7,3,3,8,11,18,1,1,1,1,1,1,2,1,1,10,7,1,22,0.8181818181818182,0.8636363636363636,0.875,1.0,0.8181818181818182,0,9,6,6,8,6,4,1,3,1,1,1,0.045454545454545456
8,9,collect_all_size11_comp0.4_grid9_base_medium,11,0.4,medium,base,base,collect_all,8,7,3,3,8,11,18,1,1,1,1,1,1,2,1,1,12,9,1,21,0.8571428571428571,0.9047619047619048,0.8,1.0,1.0,0,8,6,6,10,4,3,1,3,1,0,0,0.0
9,9,collect_all_size11_comp0.4_grid9_base_medium,11,0.4,medium,base,base,collect_all,8,7,3,3,8,11,18,1,1,1,1,1,1,2,1,1,11,6,1,25,0.72,0.84,1.0,0.8,0.7692307692307693,1,10,7,7,9,4,6,5,7,5,2,1,0.04
0,0,collect_all_size7_comp0.0_grid0_base_medium,7,0.0,medium,base,base,collect_all,4,3,5,5,4,3,12,1,1,1,1,1,1,2,1,1,7,2,1,13,0.9230769230769231,0.9230769230769231,1.0,1.0,0.8,6,3,0,3,5,1,3,1,3,1,1,0,0.0
1,0,collect_all_size7_comp0.0_grid0_base_medium,7,0.0,medium,base,base,collect_all,4,3,5,5,4,3,12,1,1,1,1,1,1,2,1,1,7,2,1,14,0.8571428571428571,0.9285714285714286,1.0,1.0,0.8333333333333334,6,3,1,4,4,4,5,0,2,0,0,0,0.0
2,0,collect_all_size7_comp0.0_grid0_base_medium,7,0.0,medium,base,base,collect_all,4,3,5,5,4,3,12,1,1,1,1,1,1,2,1,1,7,2,1,12,1.0,1.0,1.0,1.0,1.0,6,3,0,3,5,3,3,0,0,0,0,0,0.0
3,0,collect_all_size7_comp0.0_grid0_base_medium,7,0.0,medium,base,base,collect_all,4,3,5,5,4,3,12,1,1,1,1,1,1,2,1,1,7,2,1,14,0.8571428571428571,0.9285714285714286,1.0,1.0,0.8333333333333334,6,3,1,4,3,5,4,1,1,1,1,0,0.0
4,0,collect_all_size7_comp0.0_grid0_base_medium,7,0.0,medium,base,base,collect_all,4,3,5,5,4,3,12,1,1,1,1,1,1,2,1,1,8,2,1,13,0.9230769230769231,0.9230769230769231,1.0,0.8333333333333334,1.0,6,4,0,3,7,3,1,1,2,1,1,1,0.07692307692307693
5,0,collect_all_size7_comp0.0_grid0_base_medium,7,0.0,medium,base,base,collect_all,4,3,5,5,4,3,12,1,1,1,1,1,1,2,1,1,8,3,1,13,0.9230769230769231,0.9230769230769231,0.75,1.0,1.0,6,3,1,3,4,4,4,0,1,0,0,1,0.07692307692307693
6,0,collect_all_size7_comp0.0_grid0_base_medium,7,0.0,medium,base,base,collect_all,4,3,5,5,4,3,12,1,1,1,1,1,1,2,1,1,9,2,1,14,0.8571428571428571,0.9285714285714286,1.0,0.8571428571428571,1.0,6,3,1,4,4,4,2,3,3,3,2,0,0.0
7,0,collect_all_size7_comp0.0_grid0_base_medium,7,0.0,medium,base,base,collect_all,4,3,5,5,4,3,12,1,1,1,1,1,1,2,1,1,7,2,1,16,0.75,0.875,1.0,1.0,0.75,6,3,2,5,4,4,7,0,4,0,2,0,0.0
8,0,collect_all_size7_comp0.0_grid0_base_medium,7,0.0,medium,base,base,collect_all,4,3,5,5,4,3,12,1,1,1,1,1,1,2,1,1,9,4,1,14,0.8571428571428571,0.9285714285714286,0.8,1.0,1.0,7,4,0,3,7,4,0,2,2,2,1,0,0.0
9,0,collect_all_size7_comp0.0_grid0_base_medium,7,0.0,medium,base,base,collect_all,4,3,5,5,4,3,12,1,1,1,1,1,1,2,1,1,8,2,1,13,0.9230769230769231,0.9230769230769231,1.0,0.8333333333333334,1.0,6,4,0,3,8,2,2,0,1,0,0,1,0.07692307692307693
0,1,collect_all_size7_comp0.0_grid1_base_medium,7,0.0,medium,base,base,collect_all,6,4,4,4,3,3,11,1,1,1,1,1,1,0,0,0,-1,-1,0,3,0.0,0.6666666666666666,0.6666666666666666,0.0,0.0,2,0,1,0,1,1,0,0,0,0,0,0,0.0
1,1,collect_all_size7_comp0.0_grid1_base_medium,7,0.0,medium,base,base,collect_all,6,4,4,4,3,3,11,1,1,1,1,1,1,2,1,1,11,3,1,15,0.7333333333333333,0.8,1.0,0.625,1.0,7,3,3,2,9,3,0,2,4,2,4,2,0.13333333333333333
2,1,collect_all_size7_comp0.0_grid1_base_medium,7,0.0,medium,base,base,collect_all,6,4,4,4,3,3,11,1,1,1,1,1,1,2,1,1,10,3,1,14,0.7857142857142857,0.8571428571428571,1.0,0.7142857142857143,1.0,5,2,4,3,6,5,1,1,3,1,0,1,0.07142857142857142
3,1,collect_all_size7_comp0.0_grid1_base_medium,7,0.0,medium,base,base,collect_all,6,4,4,4,3,3,11,1,1,1,1,1,1,2,1,1,5,9,1,13,0.8461538461538461,1.0,1.0,1.0,1.0,4,2,4,3,6,2,3,1,1,1,1,0,0.0
4,1,collect_all_size7_comp0.0_grid1_base_medium,7,0.0,medium,base,base,collect_all,6,4,4,4,3,3,11,1,1,1,1,1,1,2,1,1,10,3,1,14,0.7857142857142857,0.8571428571428571,1.0,0.7142857142857143,1.0,5,2,4,3,6,4,1,2,3,2,1,1,0.07142857142857142
5,1,collect_all_size7_comp0.0_grid1_base_medium,7,0.0,medium,base,base,collect_all,6,4,4,4,3,3,11,1,1,1,1,1,1,2,1,1,7,3,1,11,1.0,1.0,1.0,1.0,1.0,4,2,3,2,7,3,0,0,0,0,0,0,0.0
6,1,collect_all_size7_comp0.0_grid1_base_medium,7,0.0,medium,base,base,collect_all,6,4,4,4,3,3,11,1,1,1,1,1,1,2,1,1,7,3,1,11,1.0,1.0,1.0,1.0,1.0,4,2,3,2,6,3,1,0,0,0,0,0,0.0
7,1,collect_all_size7_comp0.0_grid1_base_medium,7,0.0,medium,base,base,collect_all,6,4,4,4,3,3,11,1,1,1,1,1,1,0,0,0,-1,-1,0,5,0.0,0.6,0.6,0.0,0.0,3,1,1,0,1,1,0,2,2,2,0,0,0.0
8,1,collect_all_size7_comp0.0_grid1_base_medium,7,0.0,medium,base,base,collect_all,6,4,4,4,3,3,11,1,1,1,1,1,1,0,0,0,-1,-1,0,3,0.0,0.6666666666666666,0.6666666666666666,0.0,0.0,2,0,1,0,1,1,0,0,0,0,0,0,0.0
9,1,collect_all_size7_comp0.0_grid1_base_medium,7,0.0,medium,base,base,collect_all,6,4,4,4,3,3,11,1,1,1,1,1,1,2,1,1,5,13,1,17,0.6470588235294118,0.8823529411764706,1.0,0.75,1.0,5,3,5,4,6,4,2,4,4,4,4,0,0.0
0,2,collect_all_size7_comp0.0_grid2_base_medium,7,0.0,medium,base,base,collect_all,3,6,3,3,4,3,9,1,1,1,1,1,1,2,1,1,2,5,1,9,1.0,1.0,1.0,1.0,1.0,4,2,3,0,4,3,1,0,0,0,0,0,0.0
1,2,collect_all_size7_comp0.0_grid2_base_medium,7,0.0,medium,base,base,collect_all,3,6,3,3,4,3,9,1,1,1,1,1,1,2,1,1,2,5,1,9,1.0,1.0,1.0,1.0,1.0,4,2,3,0,4,3,1,0,0,0,0,0,0.0
2,2,collect_all_size7_comp0.0_grid2_base_medium,7,0.0,medium,base,base,collect_all,3,6,3,3,4,3,9,1,1,1,1,1,1,2,1,1,4,7,1,15,0.6,0.8,0.8,1.0,0.7142857142857143,4,2,6,3,4,3,4,3,4,3,4,0,0.0
3,2,collect_all_size7_comp0.0_grid2_base_medium,7,0.0,medium,base,base,collect_all,3,6,3,3,4,3,9,1,1,1,1,1,1,2,1,1,2,7,1,12,0.75,0.75,1.0,0.6,0.75,7,2,3,0,7,1,2,1,3,0,1,3,0.25
4,2,collect_all_size7_comp0.0_grid2_base_medium,7,0.0,medium,base,base,collect_all,3,6,3,3,4,3,9,1,1,1,1,1,1,2,1,1,6,9,1,15,0.6,0.8,0.7142857142857143,1.0,0.8,5,3,5,2,3,8,3,0,2,0,0,0,0.0
5,2,collect_all_size7_comp0.0_grid2_base_medium,7,0.0,medium,base,base,collect_all,3,6,3,3,4,3,9,1,1,1,1,1,1,2,1,1,2,5,1,16,0.5625,0.75,1.0,1.0,0.6,5,3,5,2,4,5,3,1,6,1,3,0,0.0
6,2,collect_all_size7_comp0.0_grid2_base_medium,7,0.0,medium,base,base,collect_all,3,6,3,3,4,3,9,1,1,1,1,1,1,2,1,1,4,7,1,11,0.8181818181818182,0.9090909090909091,0.8,1.0,1.0,4,2,4,1,2,2,4,2,2,2,2,0,0.0
7,2,collect_all_size7_comp0.0_grid2_base_medium,7,0.0,medium,base,base,collect_all,3,6,3,3,4,3,9,1,1,1,1,1,1,2,1,1,2,5,1,9,1.0,1.0,1.0,1.0,1.0,4,2,3,0,3,2,2,1,1,1,1,0,0.0
8,2,collect_all_size7_comp0.0_grid2_base_medium,7,0.0,medium,base,base,collect_all,3,6,3,3,4,3,9,1,1,1,1,1,1,2,1,1,4,7,1,11,0.8181818181818182,0.9090909090909091,0.8,1.0,1.0,4,2,4,1,3,1,4,2,2,2,2,0,0.0
9,2,collect_all_size7_comp0.0_grid2_base_medium,7,0.0,medium,base,base,collect_all,3,6,3,3,4,3,9,1,1,1,1,1,1,2,1,1,2,5,1,10,0.9,0.9,1.0,1.0,0.75,4,2,3,0,4,2,1,0,1,0,1,0,0.0
0,3,collect_all_size7_comp0.0_grid3_base_medium,7,0.0,medium,base,base,collect_all,4,4,6,6,3,3,13,1,1,1,1,1,1,2,1,1,3,9,1,13,1.0,1.0,1.0,1.0,1.0,4,3,4,2,5,1,6,0,0,0,0,0,0.0
1,3,collect_all_size7_comp0.0_grid3_base_medium,7,0.0,medium,base,base,collect_all,4,4,6,6,3,3,13,1,1,1,1,1,1,1,0,1,-1,3,0,12,0.0,0.75,1.0,0.625,0.0,3,2,5,2,3,4,3,1,3,1,2,1,0.08333333333333333
2,3,collect_all_size7_comp0.0_grid3_base_medium,7,0.0,medium,base,base,collect_all,4,4,6,6,3,3,13,1,1,1,1,1,1,2,1,1,9,3,1,13,1.0,1.0,1.0,1.0,1.0,5,4,3,1,6,3,2,1,2,1,1,0,0.0
3,3,collect_all_size7_comp0.0_grid3_base_medium,7,0.0,medium,base,base,collect_all,4,4,6,6,3,3,13,1,1,1,1,1,1,2,1,1,3,9,1,13,1.0,1.0,1.0,1.0,1.0,4,3,4,2,5,2,4,1,2,1,1,0,0.0
4,3,collect_all_size7_comp0.0_grid3_base_medium,7,0.0,medium,base,base,collect_all,4,4,6,6,3,3,13,1,1,1,1,1,1,2,1,1,15,5,1,19,0.6842105263157895,0.8421052631578947,0.8333333333333334,0.8,1.0,5,4,6,4,3,5,9,1,4,1,0,0,0.0
5,3,collect_all_size7_comp0.0_grid3_base_medium,7,0.0,medium,base,base,collect_all,4,4,6,6,3,3,13,1,1,1,1,1,1,2,1,1,13,3,1,17,0.7647058823529411,0.8823529411764706,1.0,0.8,1.0,6,5,4,2,6,4,3,3,5,3,2,0,0.0
6,3,collect_all_size7_comp0.0_grid3_base_medium,7,0.0,medium,base,base,collect_all,4,4,6,6,3,3,13,1,1,1,1,1,1,2,1,1,3,14,1,18,0.7222222222222222,0.8333333333333334,1.0,0.7272727272727273,1.0,6,5,4,2,7,0,4,4,5,4,0,0,0.0
7,3,collect_all_size7_comp0.0_grid3_base_medium,7,0.0,medium,base,base,collect_all,4,4,6,6,3,3,13,1,1,1,1,1,1,2,1,1,3,9,1,15,0.8666666666666667,0.9333333333333333,1.0,1.0,0.8,5,4,4,2,4,2,6,2,2,2,2,0,0.0
8,3,collect_all_size7_comp0.0_grid3_base_medium,7,0.0,medium,base,base,collect_all,4,4,6,6,3,3,13,1,1,1,1,1,1,1,0,1,-1,3,0,10,0.0,0.8,1.0,0.6666666666666666,0.0,3,2,3,1,2,2,1,2,3,2,1,0,0.0
9,3,collect_all_size7_comp0.0_grid3_base_medium,7,0.0,medium,base,base,collect_all,4,4,6,6,3,3,13,1,1,1,1,1,1,2,1,1,3,10,1,18,0.7222222222222222,0.8333333333333334,1.0,0.8571428571428571,0.7142857142857143,6,5,4,2,7,0,4,4,5,4,2,0,0.0
0,4,collect_all_size7_comp0.0_grid4_base_medium,7,0.0,medium,base,base,collect_all,5,3,4,4,5,5,12,1,1,1,1,1,1,2,1,1,6,2,1,12,1.0,1.0,1.0,1.0,1.0,4,2,4,2,5,4,2,0,0,0,0,0,0.0
1,4,collect_all_size7_comp0.0_grid4_base_medium,7,0.0,medium,base,base,collect_all,5,3,4,4,5,5,12,1,1,1,1,1,1,2,1,1,6,2,1,12,1.0,1.0,1.0,1.0,1.0,4,2,4,2,4,5,2,0,0,0,0,0,0.0
2,4,collect_all_size7_comp0.0_grid4_base_medium,7,0.0,medium,base,base,collect_all,5,3,4,4,5,5,12,1,1,1,1,1,1,2,1,1,6,2,1,12,1.0,1.0,1.0,1.0,1.0,4,2,4,2,5,4,2,0,0,0,0,0,0.0
3,4,collect_all_size7_comp0.0_grid4_base_medium,7,0.0,medium,base,base,collect_all,5,3,4,4,5,5,12,1,1,1,1,1,1,2,1,1,8,2,1,14,0.8571428571428571,0.9285714285714286,1.0,0.8333333333333334,1.0,4,2,5,3,2,7,4,0,0,0,0,0,0.0
4,4,collect_all_size7_comp0.0_grid4_base_medium,7,0.0,medium,base,base,collect_all,5,3,4,4,5,5,12,1,1,1,1,1,1,2,1,1,6,2,1,18,0.6666666666666666,0.8333333333333334,1.0,1.0,0.7272727272727273,4,2,7,5,2,4,4,7,7,7,1,0,0.0
5,4,collect_all_size7_comp0.0_grid4_base_medium,7,0.0,medium,base,base,collect_all,5,3,4,4,5,5,12,1,1,1,1,1,1,2,1,1,7,3,1,13,0.9230769230769231,0.9230769230769231,0.75,1.0,1.0,4,3,4,2,5,4,2,1,2,1,1,1,0.07692307692307693
6,4,collect_all_size7_comp0.0_grid4_base_medium,7,0.0,medium,base,base,collect_all,5,3,4,4,5,5,12,1,1,1,1,1,1,2,1,1,7,2,1,16,0.75,0.8125,1.0,0.8,0.75,5,2,5,3,1,4,6,2,4,2,1,1,0.0625
7,4,collect_all_size7_comp0.0_grid4_base_medium,7,0.0,medium,base,base,collect_all,5,3,4,4,5,5,12,1,1,1,1,1,1,2,1,1,8,2,1,20,0.6,0.8,1.0,0.8333333333333334,0.7272727272727273,7,5,5,3,3,9,4,3,5,3,0,0,0.0
8,4,collect_all_size7_comp0.0_grid4_base_medium,7,0.0,medium,base,base,collect_all,5,3,4,4,5,5,12,1,1,1,1,1,1,2,1,1,6,2,1,12,1.0,1.0,1.0,1.0,1.0,4,2,4,2,4,3,3,1,1,1,1,0,0.0
9,4,collect_all_size7_comp0.0_grid4_base_medium,7,0.0,medium,base,base,collect_all,5,3,4,4,5,5,12,1,1,1,1,1,1,2,1,1,8,4,1,16,0.75,0.8125,0.6,1.0,0.8571428571428571,5,5,4,2,5,4,4,2,3,1,1,2,0.125
0,5,collect_all_size7_comp0.0_grid5_base_medium,7,0.0,medium,base,base,collect_all,3,4,3,3,6,3,9,1,1,1,1,1,1,2,1,1,2,5,1,9,1.0,1.0,1.0,1.0,1.0,0,3,2,4,5,2,1,0,0,0,0,0,0.0
1,5,collect_all_size7_comp0.0_grid5_base_medium,7,0.0,medium,base,base,collect_all,3,4,3,3,6,3,9,1,1,1,1,1,1,2,1,1,4,7,1,11,0.8181818181818182,0.9090909090909091,0.8,1.0,1.0,1,4,2,4,3,3,3,1,1,1,0,0,0.0
2,5,collect_all_size7_comp0.0_grid5_base_medium,7,0.0,medium,base,base,collect_all,3,4,3,3,6,3,9,1,1,1,1,1,1,2,1,1,2,5,1,10,0.9,0.9,1.0,1.0,0.75,0,4,2,4,5,3,1,0,1,0,1,1,0.1
3,5,collect_all_size7_comp0.0_grid5_base_medium,7,0.0,medium,base,base,collect_all,3,4,3,3,6,3,9,1,1,1,1,1,1,2,1,1,2,5,1,9,1.0,1.0,1.0,1.0,1.0,0,3,2,4,4,3,1,0,0,0,0,0,0.0
4,5,collect_all_size7_comp0.0_grid5_base_medium,7,0.0,medium,base,base,collect_all,3,4,3,3,6,3,9,1,1,1,1,1,1,2,1,1,2,5,1,9,1.0,1.0,1.0,1.0,1.0,0,3,2,4,3,3,2,0,0,0,0,0,0.0
5,5,collect_all_size7_comp0.0_grid5_base_medium,7,0.0,medium,base,base,collect_all,3,4,3,3,6,3,9,1,1,1,1,1,1,2,1,1,4,7,1,11,0.8181818181818182,0.9090909090909091,0.8,1.0,1.0,1,4,2,4,3,2,2,3,3,3,1,0,0.0
6,5,collect_all_size7_comp0.0_grid5_base_medium,7,0.0,medium,base,base,collect_all,3,4,3,3,6,3,9,1,1,1,1,1,1,2,1,1,4,7,1,11,0.8181818181818182,0.9090909090909091,0.8,1.0,1.0,1,4,2,4,3,4,3,0,1,0,1,0,0.0
7,5,collect_all_size7_comp0.0_grid5_base_medium,7,0.0,medium,base,base,collect_all,3,4,3,3,6,3,9,1,1,1,1,1,1,2,1,1,2,5,1,9,1.0,1.0,1.0,1.0,1.0,0,3,2,4,3,3,2,0,0,0,0,0,0.0
8,5,collect_all_size7_comp0.0_grid5_base_medium,7,0.0,medium,base,base,collect_all,3,4,3,3,6,3,9,1,1,1,1,1,1,2,1,1,2,5,1,10,0.9,0.9,1.0,1.0,0.75,0,3,2,4,3,3,1,0,1,0,1,0,0.0
9,5,collect_all_size7_comp0.0_grid5_base_medium,7,0.0,medium,base,base,collect_all,3,4,3,3,6,3,9,1,1,1,1,1,1,2,1,1,2,5,1,9,1.0,1.0,1.0,1.0,1.0,0,3,2,4,2,4,2,0,0,0,0,0,0.0
0,6,collect_all_size7_comp0.0_grid6_base_medium,7,0.0,medium,base,base,collect_all,4,5,3,3,5,4,11,1,1,1,1,1,1,2,1,1,3,6,1,11,1.0,1.0,1.0,1.0,1.0,4,1,4,2,3,3,3,1,1,1,1,0,0.0
1,6,collect_all_size7_comp0.0_grid6_base_medium,7,0.0,medium,base,base,collect_all,4,5,3,3,5,4,11,1,1,1,1,1,1,2,1,1,5,8,1,13,0.8461538461538461,0.9230769230769231,0.8333333333333334,1.0,1.0,4,1,5,3,4,4,3,1,1,1,0,0,0.0
2,6,collect_all_size7_comp0.0_grid6_base_medium,7,0.0,medium,base,base,collect_all,4,5,3,3,5,4,11,1,1,1,1,1,1,2,1,1,3,6,1,11,1.0,1.0,1.0,1.0,1.0,4,1,4,2,5,4,1,0,0,0,0,0,0.0
3,6,collect_all_size7_comp0.0_grid6_base_medium,7,0.0,medium,base,base,collect_all,4,5,3,3,5,4,11,1,1,1,1,1,1,2,1,1,3,6,1,15,0.7333333333333333,0.8,1.0,1.0,0.625,6,1,5,3,5,3,3,3,4,2,0,2,0.13333333333333333
4,6,collect_all_size7_comp0.0_grid6_base_medium,7,0.0,medium,base,base,collect_all,4,5,3,3,5,4,11,1,1,1,1,1,1,2,1,1,3,8,1,17,0.6470588235294118,0.8235294117647058,1.0,0.8,0.75,6,3,5,3,2,4,5,5,5,5,1,0,0.0
5,6,collect_all_size7_comp0.0_grid6_base_medium,7,0.0,medium,base,base,collect_all,4,5,3,3,5,4,11,1,1,1,1,1,1,2,1,1,3,6,1,11,1.0,1.0,1.0,1.0,1.0,4,1,4,2,2,5,3,0,0,0,0,0,0.0
6,6,collect_all_size7_comp0.0_grid6_base_medium,7,0.0,medium,base,base,collect_all,4,5,3,3,5,4,11,1,1,1,1,1,1,2,1,1,3,8,1,15,0.7333333333333333,0.8666666666666667,1.0,0.8,0.8333333333333334,4,1,6,4,2,2,7,3,3,3,2,0,0.0
7,6,collect_all_size7_comp0.0_grid6_base_medium,7,0.0,medium,base,base,collect_all,4,5,3,3,5,4,11,1,1,1,1,1,1,2,1,1,3,7,1,14,0.7857142857142857,0.7857142857142857,1.0,0.75,0.6666666666666666,7,1,4,2,7,4,2,0,3,0,0,3,0.21428571428571427
8,6,collect_all_size7_comp0.0_grid6_base_medium,7,0.0,medium,base,base,collect_all,4,5,3,3,5,4,11,1,1,1,1,1,1,2,1,1,3,6,1,11,1.0,1.0,1.0,1.0,1.0,4,1,4,2,2,5,3,0,0,0,0,0,0.0
9,6,collect_all_size7_comp0.0_grid6_base_medium,7,0.0,medium,base,base,collect_all,4,5,3,3,5,4,11,1,1,1,1,1,1,2,1,1,5,9,1,15,0.7333333333333333,0.8,0.8333333333333334,0.75,0.8,6,2,4,2,4,4,2,2,4,2,2,1,0.06666666666666667
0,7,collect_all_size7_comp0.0_grid7_base_medium,7,0.0,medium,base,base,collect_all,7,5,4,4,3,3,12,1,1,1,1,1,1,2,1,1,8,4,1,12,1.0,1.0,1.0,1.0,1.0,1,4,4,3,6,2,1,2,2,2,2,0,0.0
1,7,collect_all_size7_comp0.0_grid7_base_medium,7,0.0,medium,base,base,collect_all,7,5,4,4,3,3,12,1,1,1,1,1,1,2,1,1,8,4,1,12,1.0,1.0,1.0,1.0,1.0,1,4,4,3,7,1,2,1,1,1,1,0,0.0
2,7,collect_all_size7_comp0.0_grid7_base_medium,7,0.0,medium,base,base,collect_all,7,5,4,4,3,3,12,1,1,1,1,1,1,2,1,1,11,6,1,15,0.8,0.8666666666666667,0.8571428571428571,0.8,1.0,1,4,5,4,4,2,6,0,1,0,0,0,0.0
3,7,collect_all_size7_comp0.0_grid7_base_medium,7,0.0,medium,base,base,collect_all,7,5,4,4,3,3,12,1,1,1,1,1,1,2,1,1,8,4,1,12,1.0,1.0,1.0,1.0,1.0,1,4,4,3,6,1,4,0,0,0,0,0,0.0
4,7,collect_all_size7_comp0.0_grid7_base_medium,7,0.0,medium,base,base,collect_all,7,5,4,4,3,3,12,1,1,1,1,1,1,2,1,1,10,6,1,14,0.8571428571428571,0.9285714285714286,0.8571428571428571,1.0,1.0,1,4,5,4,5,2,3,3,3,3,1,0,0.0
5,7,collect_all_size7_comp0.0_grid7_base_medium,7,0.0,medium,base,base,collect_all,7,5,4,4,3,3,12,1,1,1,1,1,1,2,1,1,8,4,1,12,1.0,1.0,1.0,1.0,1.0,1,4,4,3,7,1,2,1,1,1,1,0,0.0
6,7,collect_all_size7_comp0.0_grid7_base_medium,7,0.0,medium,base,base,collect_all,7,5,4,4,3,3,12,1,1,1,1,1,1,2,1,1,10,5,1,16,0.75,0.8125,0.8333333333333334,0.8,0.8,2,5,4,4,4,2,5,2,4,2,2,1,0.0625
7,7,collect_all_size7_comp0.0_grid7_base_medium,7,0.0,medium,base,base,collect_all,7,5,4,4,3,3,12,1,1,1,1,1,1,2,1,1,8,4,1,12,1.0,1.0,1.0,1.0,1.0,1,4,4,3,7,0,4,0,0,0,0,0,0.0
8,7,collect_all_size7_comp0.0_grid7_base_medium,7,0.0,medium,base,base,collect_all,7,5,4,4,3,3,12,1,1,1,1,1,1,2,1,1,8,12,1,16,0.75,0.9375,0.8888888888888888,1.0,1.0,2,5,5,4,5,4,3,3,3,3,1,0,0.0
9,7,collect_all_size7_comp0.0_grid7_base_medium,7,0.0,medium,base,base,collect_all,7,5,4,4,3,3,12,1,1,1,1,1,1,2,1,1,10,5,1,14,0.8571428571428571,0.8571428571428571,0.8333333333333334,0.8,1.0,1,4,4,4,5,1,5,0,2,0,0,1,0.07142857142857142
0,8,collect_all_size7_comp0.0_grid8_base_medium,7,0.0,medium,base,base,collect_all,4,3,5,5,3,4,11,1,1,1,1,1,1,2,1,1,8,3,1,12,0.9166666666666666,0.9166666666666666,0.75,1.0,1.0,2,4,3,3,5,2,3,1,2,1,1,1,0.08333333333333333
1,8,collect_all_size7_comp0.0_grid8_base_medium,7,0.0,medium,base,base,collect_all,4,3,5,5,3,4,11,1,1,1,1,1,1,2,1,1,7,2,1,11,1.0,1.0,1.0,1.0,1.0,2,4,2,3,4,2,3,1,1,1,1,0,0.0
2,8,collect_all_size7_comp0.0_grid8_base_medium,7,0.0,medium,base,base,collect_all,4,3,5,5,3,4,11,1,1,1,1,1,1,2,1,1,8,3,1,13,0.8461538461538461,0.8461538461538461,0.75,1.0,0.75,2,4,3,3,4,2,4,0,3,0,2,1,0.07692307692307693
3,8,collect_all_size7_comp0.0_grid8_base_medium,7,0.0,medium,base,base,collect_all,4,3,5,5,3,4,11,1,1,1,1,1,1,2,1,1,8,3,1,12,0.9166666666666666,0.9166666666666666,0.75,1.0,1.0,2,4,3,3,4,2,4,1,2,1,1,1,0.08333333333333333
4,8,collect_all_size7_comp0.0_grid8_base_medium,7,0.0,medium,base,base,collect_all,4,3,5,5,3,4,11,1,1,1,1,1,1,2,1,1,7,2,1,11,1.0,1.0,1.0,1.0,1.0,2,4,2,3,2,3,4,1,1,1,1,0,0.0
5,8,collect_all_size7_comp0.0_grid8_base_medium,7,0.0,medium,base,base,collect_all,4,3,5,5,3,4,11,1,1,1,1,1,1,2,1,1,7,2,1,11,1.0,1.0,1.0,1.0,1.0,2,4,2,3,1,3,6,0,0,0,0,0,0.0
6,8,collect_all_size7_comp0.0_grid8_base_medium,7,0.0,medium,base,base,collect_all,4,3,5,5,3,4,11,1,1,1,1,1,1,2,1,1,7,2,1,11,1.0,1.0,1.0,1.0,1.0,2,4,2,3,3,3,3,1,1,1,1,0,0.0
7,8,collect_all_size7_comp0.0_grid8_base_medium,7,0.0,medium,base,base,collect_all,4,3,5,5,3,4,11,1,1,1,1,1,1,2,1,1,7,2,1,11,1.0,1.0,1.0,1.0,1.0,2,4,2,3,3,2,5,0,0,0,0,0,0.0
8,8,collect_all_size7_comp0.0_grid8_base_medium,7,0.0,medium,base,base,collect_all,4,3,5,5,3,4,11,1,1,1,1,1,1,2,1,1,8,3,1,12,0.9166666666666666,0.9166666666666666,0.75,1.0,1.0,2,4,3,3,5,1,5,0,1,0,0,1,0.08333333333333333
9,8,collect_all_size7_comp0.0_grid8_base_medium,7,0.0,medium,base,base,collect_all,4,3,5,5,3,4,11,1,1,1,1,1,1,2,1,1,7,2,1,13,0.8461538461538461,0.9230769230769231,1.0,1.0,0.8,3,5,2,3,4,2,3,3,3,3,1,0,0.0
0,9,collect_all_size7_comp0.0_grid9_base_medium,7,0.0,medium,base,base,collect_all,3,3,6,6,3,3,12,1,1,1,1,1,1,2,1,1,8,2,1,12,1.0,1.0,1.0,1.0,1.0,3,1,3,5,6,2,1,2,3,2,2,0,0.0
1,9,collect_all_size7_comp0.0_grid9_base_medium,7,0.0,medium,base,base,collect_all,3,3,6,6,3,3,12,1,1,1,1,1,1,2,1,1,2,8,1,14,0.8571428571428571,0.9285714285714286,1.0,1.0,0.8,5,3,2,4,5,4,3,1,3,1,1,0,0.0
2,9,collect_all_size7_comp0.0_grid9_base_medium,7,0.0,medium,base,base,collect_all,3,3,6,6,3,3,12,1,1,1,1,1,1,2,1,1,2,8,1,12,1.0,1.0,1.0,1.0,1.0,5,3,1,3,5,3,2,1,3,1,1,0,0.0
3,9,collect_all_size7_comp0.0_grid9_base_medium,7,0.0,medium,base,base,collect_all,3,3,6,6,3,3,12,1,1,1,1,1,1,2,1,1,3,10,1,16,0.75,0.8125,0.75,0.8571428571428571,0.8,5,4,3,4,7,2,5,1,5,1,1,2,0.125
4,9,collect_all_size7_comp0.0_grid9_base_medium,7,0.0,medium,base,base,collect_all,3,3,6,6,3,3,12,1,1,1,1,1,1,2,1,1,2,8,1,12,1.0,1.0,1.0,1.0,1.0,5,3,1,3,5,5,1,0,1,0,0,0,0.0
5,9,collect_all_size7_comp0.0_grid9_base_medium,7,0.0,medium,base,base,collect_all,3,3,6,6,3,3,12,1,1,1,1,1,1,2,1,1,2,9,1,13,0.9230769230769231,0.9230769230769231,1.0,0.8571428571428571,1.0,5,3,1,3,3,6,1,0,3,0,0,0,0.0
6,9,collect_all_size7_comp0.0_grid9_base_medium,7,0.0,medium,base,base,collect_all,3,3,6,6,3,3,12,1,1,1,1,1,1,2,1,1,2,8,1,12,1.0,1.0,1.0,1.0,1.0,5,3,1,3,4,4,2,1,3,1,1,0,0.0
7,9,collect_all_size7_comp0.0_grid9_base_medium,7,0.0,medium,base,base,collect_all,3,3,6,6,3,3,12,1,1,1,1,1,1,2,1,1,2,8,1,12,1.0,1.0,1.0,1.0,1.0,5,3,1,3,5,5,1,0,2,0,0,0,0.0
8,9,collect_all_size7_comp0.0_grid9_base_medium,7,0.0,medium,base,base,collect_all,3,3,6,6,3,3,12,1,1,1,1,1,1,2,1,1,2,9,1,13,0.9230769230769231,0.9230769230769231,1.0,0.8571428571428571,1.0,5,3,2,3,5,2,3,2,4,1,1,1,0.07692307692307693
9,9,collect_all_size7_comp0.0_grid9_base_medium,7,0.0,medium,base,base,collect_all,3,3,6,6,3,3,12,1,1,1,1,1,1,2,1,1,2,10,1,14,0.8571428571428571,0.8571428571428571,1.0,0.75,1.0,5,4,1,3,8,1,1,1,4,1,1,1,0.07142857142857142
0,0,collect_all_size7_comp0.2_grid0_base_medium,7,0.2,medium,base,base,collect_all,3,3,6,6,5,5,14,1,1,1,1,1,1,2,1,1,10,2,1,19,0.7368421052631579,0.8421052631578947,1.0,0.875,0.75,0,5,6,8,8,3,3,4,8,4,2,1,0.05263157894736842
1,0,collect_all_size7_comp0.2_grid0_base_medium,7,0.2,medium,base,base,collect_all,3,3,6,6,5,5,14,1,1,1,1,1,1,2,1,1,4,10,1,16,0.875,0.9375,0.8,1.0,1.0,3,7,2,4,5,3,6,1,2,1,0,0,0.0
2,0,collect_all_size7_comp0.2_grid0_base_medium,7,0.2,medium,base,base,collect_all,3,3,6,6,5,5,14,1,1,1,1,1,1,2,1,1,2,8,1,20,0.7,0.8,1.0,1.0,0.6363636363636364,2,6,4,7,7,3,5,2,6,2,4,1,0.05
3,0,collect_all_size7_comp0.2_grid0_base_medium,7,0.2,medium,base,base,collect_all,3,3,6,6,5,5,14,1,1,1,1,1,1,2,1,1,8,2,1,15,0.9333333333333333,0.9333333333333333,1.0,1.0,0.8333333333333334,0,4,4,7,7,4,2,1,4,1,1,1,0.06666666666666667
4,0,collect_all_size7_comp0.2_grid0_base_medium,7,0.2,medium,base,base,collect_all,3,3,6,6,5,5,14,1,1,1,1,1,1,2,1,1,8,2,1,15,0.9333333333333333,0.9333333333333333,1.0,1.0,0.8333333333333334,0,5,4,6,7,4,2,1,3,1,1,1,0.06666666666666667
5,0,collect_all_size7_comp0.2_grid0_base_medium,7,0.2,medium,base,base,collect_all,3,3,6,6,5,5,14,1,1,1,1,1,1,2,1,1,8,2,1,16,0.875,0.9375,1.0,1.0,0.8571428571428571,0,4,5,7,8,3,1,3,4,3,3,0,0.0
6,0,collect_all_size7_comp0.2_grid0_base_medium,7,0.2,medium,base,base,collect_all,3,3,6,6,5,5,14,1,1,1,1,1,1,2,1,1,10,2,1,16,0.875,0.9375,1.0,0.875,1.0,1,5,4,6,7,3,3,2,3,2,1,0,0.0
7,0,collect_all_size7_comp0.2_grid0_base_medium,7,0.2,medium,base,base,collect_all,3,3,6,6,5,5,14,1,1,1,1,1,1,2,1,1,8,2,1,14,1.0,1.0,1.0,1.0,1.0,0,4,4,6,6,4,2,1,3,1,1,0,0.0
8,0,collect_all_size7_comp0.2_grid0_base_medium,7,0.2,medium,base,base,collect_all,3,3,6,6,5,5,14,1,1,1,1,1,1,2,1,1,2,10,1,16,0.875,0.9375,1.0,0.875,1.0,3,7,2,4,7,2,5,1,3,1,1,0,0.0
9,0,collect_all_size7_comp0.2_grid0_base_medium,7,0.2,medium,base,base,collect_all,3,3,6,6,5,5,14,1,1,1,1,1,1,2,1,1,11,4,1,18,0.7777777777777778,0.8333333333333334,0.8,0.8571428571428571,0.8333333333333334,0,5,5,7,10,3,1,1,6,1,2,1,0.05555555555555555
0,1,collect_all_size7_comp0.2_grid1_base_medium,7,0.2,medium,base,base,collect_all,3,4,3,3,6,3,9,1,1,1,1,1,1,2,1,1,3,6,1,11,0.8181818181818182,0.8181818181818182,0.75,1.0,0.75,5,1,3,2,6,4,0,0,2,0,0,2,0.18181818181818182
1,1,collect_all_size7_comp0.2_grid1_base_medium,7,0.2,medium,base,base,collect_all,3,4,3,3,6,3,9,1,1,1,1,1,1,2,1,1,2,5,1,10,0.9,0.9,1.0,1.0,0.75,5,1,2,2,6,3,0,0,1,0,0,1,0.1
2,1,collect_all_size7_comp0.2_grid1_base_medium,7,0.2,medium,base,base,collect_all,3,4,3,3,6,3,9,1,1,1,1,1,1,2,1,1,7,4,1,14,0.6428571428571429,0.9285714285714286,0.8,1.0,1.0,6,3,2,3,4,4,4,1,5,1,3,1,0.07142857142857142
3,1,collect_all_size7_comp0.2_grid1_base_medium,7,0.2,medium,base,base,collect_all,3,4,3,3,6,3,9,1,1,1,1,1,1,2,1,1,11,8,1,18,0.5,0.8333333333333334,0.6666666666666666,1.0,1.0,8,5,2,3,8,4,0,5,8,5,3,1,0.05555555555555555
4,1,collect_all_size7_comp0.2_grid1_base_medium,7,0.2,medium,base,base,collect_all,3,4,3,3,6,3,9,1,1,1,1,1,1,2,1,1,2,9,1,13,0.6923076923076923,0.8461538461538461,1.0,0.7142857142857143,1.0,5,2,3,3,3,5,2,2,2,2,0,0,0.0
5,1,collect_all_size7_comp0.2_grid1_base_medium,7,0.2,medium,base,base,collect_all,3,4,3,3,6,3,9,1,1,1,1,1,1,2,1,1,2,5,1,10,0.9,0.9,1.0,1.0,0.75,5,1,2,2,6,3,0,0,1,0,0,1,0.1
6,1,collect_all_size7_comp0.2_grid1_base_medium,7,0.2,medium,base,base,collect_all,3,4,3,3,6,3,9,1,1,1,1,1,1,2,1,1,2,5,1,9,1.0,1.0,1.0,1.0,1.0,4,1,2,2,5,3,0,0,0,0,0,0,0.0
7,1,collect_all_size7_comp0.2_grid1_base_medium,7,0.2,medium,base,base,collect_all,3,4,3,3,6,3,9,1,1,1,1,1,1,2,1,1,6,3,1,14,0.6428571428571429,0.9285714285714286,1.0,1.0,0.8571428571428571,6,3,3,2,7,1,5,0,4,0,0,1,0.07142857142857142
8,1,collect_all_size7_comp0.2_grid1_base_medium,7,0.2,medium,base,base,collect_all,3,4,3,3,6,3,9,1,1,1,1,1,1,2,1,1,2,6,1,10,0.9,0.9,1.0,0.75,1.0,4,1,2,2,4,3,0,0,1,0,0,0,0.0
9,1,collect_all_size7_comp0.2_grid1_base_medium,7,0.2,medium,base,base,collect_all,3,4,3,3,6,3,9,1,1,1,1,1,1,2,1,1,8,3,1,15,0.6,0.9333333333333333,1.0,0.8,1.0,6,3,3,3,7,3,2,2,5,2,4,0,0.0
0,2,collect_all_size7_comp0.2_grid2_base_medium,7,0.2,medium,base,base,collect_all,4,3,3,3,4,5,10,1,1,1,1,1,1,2,1,1,7,2,1,12,0.8333333333333334,0.9166666666666666,1.0,0.8,1.0,2,4,2,4,4,2,2,3,4,3,2,0,0.0
1,2,collect_all_size7_comp0.2_grid2_base_medium,7,0.2,medium,base,base,collect_all,4,3,3,3,4,5,10,1,1,1,1,1,1,2,1,1,7,4,1,19,0.5263157894736842,0.7368421052631579,0.8,1.0,0.6363636363636364,4,6,3,6,2,7,4,5,6,5,0,1,0.05263157894736842
2,2,collect_all_size7_comp0.2_grid2_base_medium,7,0.2,medium,base,base,collect_all,4,3,3,3,4,5,10,1,1,1,1,1,1,2,1,1,8,4,1,13,0.7692307692307693,0.8461538461538461,0.8,0.75,1.0,2,4,2,4,4,2,2,2,3,2,1,0,0.0
3,2,collect_all_size7_comp0.2_grid2_base_medium,7,0.2,medium,base,base,collect_all,4,3,3,3,4,5,10,1,1,1,1,1,1,2,1,1,9,6,1,14,0.7142857142857143,0.8571428571428571,0.7142857142857143,1.0,1.0,3,5,2,4,4,2,3,4,4,4,1,0,0.0
4,2,collect_all_size7_comp0.2_grid2_base_medium,7,0.2,medium,base,base,collect_all,4,3,3,3,4,5,10,1,1,1,1,1,1,2,1,1,5,2,1,10,1.0,1.0,1.0,1.0,1.0,1,3,2,4,5,3,1,0,0,0,0,0,0.0
5,2,collect_all_size7_comp0.2_grid2_base_medium,7,0.2,medium,base,base,collect_all,4,3,3,3,4,5,10,1,1,1,1,1,1,2,1,1,5,2,1,10,1.0,1.0,1.0,1.0,1.0,1,3,2,4,3,2,3,1,1,1,1,0,0.0
6,2,collect_all_size7_comp0.2_grid2_base_medium,7,0.2,medium,base,base,collect_all,4,3,3,3,4,5,10,1,1,1,1,1,1,2,1,1,5,2,1,11,0.9090909090909091,0.9090909090909091,1.0,1.0,0.8,1,3,2,4,4,2,2,0,2,0,2,0,0.0
7,2,collect_all_size7_comp0.2_grid2_base_medium,7,0.2,medium,base,base,collect_all,4,3,3,3,4,5,10,1,1,1,1,1,1,2,1,1,5,2,1,10,1.0,1.0,1.0,1.0,1.0,1,3,2,4,3,4,2,0,0,0,0,0,0.0
8,2,collect_all_size7_comp0.2_grid2_base_medium,7,0.2,medium,base,base,collect_all,4,3,3,3,4,5,10,1,1,1,1,1,1,2,1,1,8,4,1,17,0.5882352941176471,0.7647058823529411,0.8,0.75,0.75,3,5,3,5,3,4,3,4,5,4,2,0,0.0
9,2,collect_all_size7_comp0.2_grid2_base_medium,7,0.2,medium,base,base,collect_all,4,3,3,3,4,5,10,1,1,1,1,1,1,2,1,1,5,2,1,11,0.9090909090909091,0.9090909090909091,1.0,1.0,0.8,1,4,2,4,3,5,2,0,1,0,0,1,0.09090909090909091
0,3,collect_all_size7_comp0.2_grid3_base_medium,7,0.2,medium,base,base,collect_all,3,4,3,3,4,5,11,1,1,1,1,1,1,2,1,1,2,9,1,19,0.5789473684210527,0.7894736842105263,1.0,0.7142857142857143,0.7777777777777778,6,5,3,5,8,4,3,3,8,3,3,0,0.0
1,3,collect_all_size7_comp0.2_grid3_base_medium,7,0.2,medium,base,base,collect_all,3,4,3,3,4,5,11,1,1,1,1,1,1,2,1,1,2,5,1,11,1.0,1.0,1.0,1.0,1.0,3,2,2,4,5,4,1,0,2,0,0,0,0.0
2,3,collect_all_size7_comp0.2_grid3_base_medium,7,0.2,medium,base,base,collect_all,3,4,3,3,4,5,11,1,1,1,1,1,1,2,1,1,2,5,1,12,0.9166666666666666,0.9166666666666666,1.0,1.0,0.8333333333333334,3,3,2,4,6,4,1,0,2,0,1,1,0.08333333333333333
3,3,collect_all_size7_comp0.2_grid3_base_medium,7,0.2,medium,base,base,collect_all,3,4,3,3,4,5,11,1,1,1,1,1,1,2,1,1,6,3,1,11,1.0,1.0,1.0,1.0,1.0,3,2,2,4,3,4,1,2,3,2,2,0,0.0
4,3,collect_all_size7_comp0.2_grid3_base_medium,7,0.2,medium,base,base,collect_all,3,4,3,3,4,5,11,1,1,1,1,1,1,2,1,1,8,3,1,14,0.7857142857142857,0.8571428571428571,1.0,0.8,0.8,4,3,2,5,4,3,3,3,4,3,1,1,0.07142857142857142
5,3,collect_all_size7_comp0.2_grid3_base_medium,7,0.2,medium,base,base,collect_all,3,4,3,3,4,5,11,1,1,1,1,1,1,2,1,1,10,3,1,15,0.7333333333333333,0.8,1.0,0.5714285714285714,1.0,4,3,2,4,2,4,2,3,7,3,2,0,0.0
6,3,collect_all_size7_comp0.2_grid3_base_medium,7,0.2,medium,base,base,collect_all,3,4,3,3,4,5,11,1,1,1,1,1,1,2,1,1,6,3,1,11,1.0,1.0,1.0,1.0,1.0,3,2,2,4,3,3,3,1,1,1,1,0,0.0
7,3,collect_all_size7_comp0.2_grid3_base_medium,7,0.2,medium,base,base,collect_all,3,4,3,3,4,5,11,1,1,1,1,1,1,2,1,1,2,5,1,11,1.0,1.0,1.0,1.0,1.0,3,2,2,4,5,4,1,0,1,0,0,0,0.0
8,3,collect_all_size7_comp0.2_grid3_base_medium,7,0.2,medium,base,base,collect_all,3,4,3,3,4,5,11,1,1,1,1,1,1,2,1,1,6,3,1,11,1.0,1.0,1.0,1.0,1.0,3,2,2,4,4,2,4,0,0,0,0,0,0.0
9,3,collect_all_size7_comp0.2_grid3_base_medium,7,0.2,medium,base,base,collect_all,3,4,3,3,4,5,11,1,1,1,1,1,1,2,1,1,2,5,1,11,1.0,1.0,1.0,1.0,1.0,3,2,2,4,4,3,2,1,2,1,1,0,0.0
0,4,collect_all_size7_comp0.2_grid4_base_medium,7,0.2,medium,base,base,collect_all,3,6,3,3,5,4,10,1,1,1,1,1,1,2,1,1,4,7,1,12,0.8333333333333334,0.9166666666666666,0.8,1.0,1.0,4,0,5,3,6,2,2,1,1,1,0,0,0.0
1,4,collect_all_size7_comp0.2_grid4_base_medium,7,0.2,medium,base,base,collect_all,3,6,3,3,5,4,10,1,1,1,1,1,1,2,1,1,2,5,1,11,0.9090909090909091,0.9090909090909091,1.0,1.0,0.8,4,0,4,2,3,3,2,0,1,0,0,0,0.0
2,4,collect_all_size7_comp0.2_grid4_base_medium,7,0.2,medium,base,base,collect_all,3,6,3,3,5,4,10,1,1,1,1,1,1,2,1,1,2,5,1,11,0.9090909090909091,0.9090909090909091,1.0,1.0,0.8,5,0,4,2,3,4,3,0,1,0,0,1,0.09090909090909091
3,4,collect_all_size7_comp0.2_grid4_base_medium,7,0.2,medium,base,base,collect_all,3,6,3,3,5,4,10,1,1,1,1,1,1,2,1,1,2,5,1,10,1.0,1.0,1.0,1.0,1.0,4,0,4,2,6,2,1,0,0,0,0,0,0.0
4,4,collect_all_size7_comp0.2_grid4_base_medium,7,0.2,medium,base,base,collect_all,3,6,3,3,5,4,10,1,1,1,1,1,1,2,1,1,2,13,1,19,0.5263157894736842,0.7368421052631579,1.0,0.6363636363636364,0.8,6,1,7,5,7,5,4,2,7,2,6,1,0.05263157894736842
5,4,collect_all_size7_comp0.2_grid4_base_medium,7,0.2,medium,base,base,collect_all,3,6,3,3,5,4,10,1,1,1,1,1,1,2,1,1,2,5,1,10,1.0,1.0,1.0,1.0,1.0,4,0,4,2,6,2,1,0,0,0,0,0,0.0
6,4,collect_all_size7_comp0.2_grid4_base_medium,7,0.2,medium,base,base,collect_all,3,6,3,3,5,4,10,1,1,1,1,1,1,2,1,1,2,9,1,18,0.5555555555555556,0.6666666666666666,1.0,0.7142857142857143,0.5,9,1,5,3,6,5,4,2,8,2,2,4,0.2222222222222222
7,4,collect_all_size7_comp0.2_grid4_base_medium,7,0.2,medium,base,base,collect_all,3,6,3,3,5,4,10,1,1,1,1,1,1,2,1,1,2,5,1,11,0.9090909090909091,0.9090909090909091,1.0,1.0,0.8,5,0,4,2,5,3,2,0,1,0,0,1,0.09090909090909091
8,4,collect_all_size7_comp0.2_grid4_base_medium,7,0.2,medium,base,base,collect_all,3,6,3,3,5,4,10,1,1,1,1,1,1,2,1,1,4,8,1,19,0.5263157894736842,0.631578947368421,0.8,0.75,0.5,9,1,5,3,6,3,3,4,9,4,1,4,0.21052631578947367
9,4,collect_all_size7_comp0.2_grid4_base_medium,7,0.2,medium,base,base,collect_all,3,6,3,3,5,4,10,1,1,1,1,1,1,2,1,1,2,6,1,11,0.9090909090909091,0.9090909090909091,1.0,0.75,1.0,4,0,4,2,5,2,1,0,1,0,0,0,0.0
0,5,collect_all_size7_comp0.2_grid5_base_medium,7,0.2,medium,base,base,collect_all,3,5,6,6,3,7,14,1,1,1,1,1,1,2,1,1,2,13,1,22,0.6363636363636364,0.8181818181818182,1.0,0.7272727272727273,0.875,7,4,7,3,8,4,5,2,6,2,1,1,0.045454545454545456
1,5,collect_all_size7_comp0.2_grid5_base_medium,7,0.2,medium,base,base,collect_all,3,5,6,6,3,7,14,1,1,1,1,1,1,2,1,1,11,4,1,15,0.9333333333333333,0.9333333333333333,1.0,0.8571428571428571,1.0,4,2,6,3,7,5,2,0,3,0,2,1,0.06666666666666667
2,5,collect_all_size7_comp0.2_grid5_base_medium,7,0.2,medium,base,base,collect_all,3,5,6,6,3,7,14,1,1,1,1,1,1,2,1,1,4,12,1,21,0.6666666666666666,0.8571428571428571,0.8,0.875,0.875,8,5,6,2,5,5,5,5,7,4,3,1,0.047619047619047616
3,5,collect_all_size7_comp0.2_grid5_base_medium,7,0.2,medium,base,base,collect_all,3,5,6,6,3,7,14,1,1,1,1,1,1,2,1,1,2,16,1,25,0.56,0.8,1.0,0.7142857142857143,0.875,7,4,9,5,9,7,4,4,7,3,5,1,0.04
4,5,collect_all_size7_comp0.2_grid5_base_medium,7,0.2,medium,base,base,collect_all,3,5,6,6,3,7,14,1,1,1,1,1,1,2,1,1,4,17,1,25,0.56,0.8,0.8,0.6923076923076923,1.0,9,7,6,3,8,6,7,3,8,2,1,1,0.04
5,5,collect_all_size7_comp0.2_grid5_base_medium,7,0.2,medium,base,base,collect_all,3,5,6,6,3,7,14,1,1,1,1,1,1,2,1,1,2,10,1,18,0.7777777777777778,0.9444444444444444,1.0,0.875,1.0,7,4,5,2,6,6,3,2,4,2,1,0,0.0
6,5,collect_all_size7_comp0.2_grid5_base_medium,7,0.2,medium,base,base,collect_all,3,5,6,6,3,7,14,1,1,1,1,1,1,2,1,1,6,14,1,22,0.6363636363636364,0.8636363636363636,0.7142857142857143,0.875,1.0,8,5,6,3,6,5,6,4,7,4,4,0,0.0
7,5,collect_all_size7_comp0.2_grid5_base_medium,7,0.2,medium,base,base,collect_all,3,5,6,6,3,7,14,1,1,1,1,1,1,2,1,1,12,4,1,16,0.875,0.9375,1.0,0.875,1.0,4,1,7,4,5,4,3,3,3,3,1,0,0.0
8,5,collect_all_size7_comp0.2_grid5_base_medium,7,0.2,medium,base,base,collect_all,3,5,6,6,3,7,14,1,1,1,1,1,1,2,1,1,4,11,1,19,0.7368421052631579,0.8947368421052632,0.8,0.8571428571428571,1.0,7,4,5,2,4,4,6,2,4,2,2,0,0.0
9,5,collect_all_size7_comp0.2_grid5_base_medium,7,0.2,medium,base,base,collect_all,3,5,6,6,3,7,14,1,1,1,1,1,1,2,1,1,2,10,1,20,0.7,0.85,1.0,0.875,0.7777777777777778,8,4,6,2,4,5,6,4,6,4,2,2,0.1
0,6,collect_all_size7_comp0.2_grid6_base_medium,7,0.2,medium,base,base,collect_all,5,3,6,6,3,5,12,1,1,1,1,1,1,2,1,1,11,4,1,15,0.8,0.8666666666666667,0.8,0.8571428571428571,1.0,5,3,2,4,5,3,3,1,4,1,1,0,0.0
1,6,collect_all_size7_comp0.2_grid6_base_medium,7,0.2,medium,base,base,collect_all,5,3,6,6,3,5,12,1,1,1,1,1,1,2,1,1,8,2,1,12,1.0,1.0,1.0,1.0,1.0,4,2,2,4,6,1,4,0,0,0,0,0,0.0
2,6,collect_all_size7_comp0.2_grid6_base_medium,7,0.2,medium,base,base,collect_all,5,3,6,6,3,5,12,1,1,1,1,1,1,2,1,1,10,2,1,14,0.8571428571428571,0.8571428571428571,1.0,0.75,1.0,5,2,3,4,6,2,5,0,2,0,0,2,0.14285714285714285
3,6,collect_all_size7_comp0.2_grid6_base_medium,7,0.2,medium,base,base,collect_all,5,3,6,6,3,5,12,1,1,1,1,1,1,2,1,1,8,2,1,12,1.0,1.0,1.0,1.0,1.0,4,2,2,4,6,1,4,0,0,0,0,0,0.0
4,6,collect_all_size7_comp0.2_grid6_base_medium,7,0.2,medium,base,base,collect_all,5,3,6,6,3,5,12,1,1,1,1,1,1,2,1,1,12,6,1,18,0.6666666666666666,0.7777777777777778,0.7142857142857143,1.0,0.6,5,3,3,7,10,2,2,3,5,3,1,2,0.1111111111111111
5,6,collect_all_size7_comp0.2_grid6_base_medium,7,0.2,medium,base,base,collect_all,5,3,6,6,3,5,12,1,1,1,1,1,1,2,1,1,9,2,1,13,0.9230769230769231,0.9230769230769231,1.0,0.8571428571428571,1.0,4,2,3,4,7,1,4,0,1,0,0,1,0.07692307692307693
6,6,collect_all_size7_comp0.2_grid6_base_medium,7,0.2,medium,base,base,collect_all,5,3,6,6,3,5,12,1,1,1,1,1,1,2,1,1,12,4,1,16,0.75,0.875,0.8,0.875,1.0,5,3,3,5,5,3,5,2,3,2,1,0,0.0
7,6,collect_all_size7_comp0.2_grid6_base_medium,7,0.2,medium,base,base,collect_all,5,3,6,6,3,5,12,1,1,1,1,1,1,2,1,1,4,12,1,18,0.6666666666666666,0.9444444444444444,1.0,0.875,1.0,5,3,4,6,9,3,2,3,5,3,2,0,0.0
8,6,collect_all_size7_comp0.2_grid6_base_medium,7,0.2,medium,base,base,collect_all,5,3,6,6,3,5,12,1,1,1,1,1,1,2,1,1,10,2,1,14,0.8571428571428571,0.8571428571428571,1.0,0.75,1.0,4,2,3,4,5,1,5,0,2,0,0,1,0.07142857142857142
9,6,collect_all_size7_comp0.2_grid6_base_medium,7,0.2,medium,base,base,collect_all,5,3,6,6,3,5,12,1,1,1,1,1,1,2,1,1,13,4,1,18,0.6666666666666666,0.7222222222222222,0.8,0.6666666666666666,0.75,6,3,4,4,8,3,2,2,5,1,1,3,0.16666666666666666
0,7,collect_all_size7_comp0.2_grid7_base_medium,7,0.2,medium,base,base,collect_all,3,7,4,4,5,5,12,1,1,1,1,1,1,2,1,1,2,8,1,16,0.75,0.875,1.0,0.8333333333333334,0.8571428571428571,3,4,3,6,6,5,2,2,4,2,0,0,0.0
1,7,collect_all_size7_comp0.2_grid7_base_medium,7,0.2,medium,base,base,collect_all,3,7,4,4,5,5,12,1,1,1,1,1,1,2,1,1,2,6,1,12,1.0,1.0,1.0,1.0,1.0,3,4,1,4,6,1,4,0,0,0,0,0,0.0
2,7,collect_all_size7_comp0.2_grid7_base_medium,7,0.2,medium,base,base,collect_all,3,7,4,4,5,5,12,1,1,1,1,1,1,2,1,1,2,6,1,15,0.8,0.8666666666666667,1.0,1.0,0.75,4,5,2,4,5,4,4,1,3,1,0,1,0.06666666666666667
3,7,collect_all_size7_comp0.2_grid7_base_medium,7,0.2,medium,base,base,collect_all,3,7,4,4,5,5,12,1,1,1,1,1,1,2,1,1,2,6,1,13,0.9230769230769231,0.9230769230769231,1.0,1.0,0.8333333333333334,3,4,1,5,8,1,3,0,1,0,1,1,0.07692307692307693
4,7,collect_all_size7_comp0.2_grid7_base_medium,7,0.2,medium,base,base,collect_all,3,7,4,4,5,5,12,1,1,1,1,1,1,2,1,1,2,7,1,16,0.75,0.8125,1.0,0.8,0.75,3,4,2,6,6,1,4,2,4,1,3,1,0.0625
5,7,collect_all_size7_comp0.2_grid7_base_medium,7,0.2,medium,base,base,collect_all,3,7,4,4,5,5,12,1,1,1,1,1,1,2,1,1,2,6,1,14,0.8571428571428571,0.9285714285714286,1.0,1.0,0.8571428571428571,3,4,2,5,5,1,6,1,1,1,0,0,0.0
6,7,collect_all_size7_comp0.2_grid7_base_medium,7,0.2,medium,base,base,collect_all,3,7,4,4,5,5,12,1,1,1,1,1,1,2,1,1,3,7,1,13,0.9230769230769231,0.9230769230769231,0.75,1.0,1.0,3,4,2,4,6,1,5,0,1,0,0,1,0.07692307692307693
7,7,collect_all_size7_comp0.2_grid7_base_medium,7,0.2,medium,base,base,collect_all,3,7,4,4,5,5,12,1,1,1,1,1,1,2,1,1,2,6,1,15,0.8,0.8666666666666667,1.0,1.0,0.75,3,4,2,6,4,4,5,1,2,1,1,1,0.06666666666666667
8,7,collect_all_size7_comp0.2_grid7_base_medium,7,0.2,medium,base,base,collect_all,3,7,4,4,5,5,12,1,1,1,1,1,1,2,1,1,3,7,1,14,0.8571428571428571,0.8571428571428571,0.75,1.0,0.8333333333333334,3,4,2,5,5,2,6,0,2,0,0,2,0.14285714285714285
9,7,collect_all_size7_comp0.2_grid7_base_medium,7,0.2,medium,base,base,collect_all,3,7,4,4,5,5,12,1,1,1,1,1,1,2,1,1,2,9,1,15,0.8,0.8666666666666667,1.0,0.7142857142857143,1.0,3,4,2,5,6,1,2,3,4,3,1,0,0.0
0,8,collect_all_size7_comp0.2_grid8_base_medium,7,0.2,medium,base,base,collect_all,4,5,5,5,3,4,13,1,1,1,1,1,1,2,1,1,3,9,1,14,0.9285714285714286,0.9285714285714286,1.0,0.8333333333333334,1.0,0,4,5,4,3,4,3,1,2,1,1,0,0.0
1,8,collect_all_size7_comp0.2_grid8_base_medium,7,0.2,medium,base,base,collect_all,4,5,5,5,3,4,13,1,1,1,1,1,1,2,1,1,3,8,1,13,1.0,1.0,1.0,1.0,1.0,0,4,5,4,4,2,5,1,1,1,1,0,0.0
2,8,collect_all_size7_comp0.2_grid8_base_medium,7,0.2,medium,base,base,collect_all,4,5,5,5,3,4,13,1,1,1,1,1,1,2,1,1,3,8,1,13,1.0,1.0,1.0,1.0,1.0,0,4,5,4,4,3,3,2,2,2,2,0,0.0
3,8,collect_all_size7_comp0.2_grid8_base_medium,7,0.2,medium,base,base,collect_all,4,5,5,5,3,4,13,1,1,1,1,1,1,2,1,1,3,8,1,13,1.0,1.0,1.0,1.0,1.0,0,4,5,4,4,4,3,1,1,1,1,0,0.0
4,8,collect_all_size7_comp0.2_grid8_base_medium,7,0.2,medium,base,base,collect_all,4,5,5,5,3,4,13,1,1,1,1,1,1,2,1,1,13,5,1,17,0.7647058823529411,0.8235294117647058,0.8333333333333334,0.75,1.0,3,6,4,3,5,2,5,2,4,2,2,1,0.058823529411764705
5,8,collect_all_size7_comp0.2_grid8_base_medium,7,0.2,medium,base,base,collect_all,4,5,5,5,3,4,13,1,1,1,1,1,1,2,1,1,3,8,1,13,1.0,1.0,1.0,1.0,1.0,0,4,5,4,5,4,2,1,1,1,1,0,0.0
6,8,collect_all_size7_comp0.2_grid8_base_medium,7,0.2,medium,base,base,collect_all,4,5,5,5,3,4,13,1,1,1,1,1,1,2,1,1,3,8,1,15,0.8666666666666667,0.9333333333333333,1.0,1.0,0.8333333333333334,0,4,6,5,3,5,3,3,4,3,1,0,0.0
7,8,collect_all_size7_comp0.2_grid8_base_medium,7,0.2,medium,base,base,collect_all,4,5,5,5,3,4,13,1,1,1,1,1,1,2,1,1,10,15,1,20,0.65,0.8,0.6363636363636364,1.0,1.0,0,4,9,7,5,4,4,6,7,6,0,1,0.05
8,8,collect_all_size7_comp0.2_grid8_base_medium,7,0.2,medium,base,base,collect_all,4,5,5,5,3,4,13,1,1,1,1,1,1,2,1,1,3,8,1,13,1.0,1.0,1.0,1.0,1.0,0,4,5,4,8,2,2,0,0,0,0,0,0.0
9,8,collect_all_size7_comp0.2_grid8_base_medium,7,0.2,medium,base,base,collect_all,4,5,5,5,3,4,13,1,1,1,1,1,1,2,1,1,3,8,1,15,0.8666666666666667,0.9333333333333333,1.0,1.0,0.8333333333333334,1,5,5,4,7,1,3,3,4,3,3,0,0.0
0,9,collect_all_size7_comp0.2_grid9_base_medium,7,0.2,medium,base,base,collect_all,5,6,3,3,6,3,11,1,1,1,1,1,1,2,1,1,4,7,1,12,0.9166666666666666,0.9166666666666666,1.0,1.0,0.75,4,3,1,3,7,1,0,1,2,1,2,0,0.0
1,9,collect_all_size7_comp0.2_grid9_base_medium,7,0.2,medium,base,base,collect_all,5,6,3,3,6,3,11,1,1,1,1,1,1,2,1,1,4,10,1,14,0.7857142857142857,0.8571428571428571,1.0,0.6666666666666666,1.0,6,4,1,3,8,0,3,2,3,2,3,1,0.07142857142857142
2,9,collect_all_size7_comp0.2_grid9_base_medium,7,0.2,medium,base,base,collect_all,5,6,3,3,6,3,11,1,1,1,1,1,1,2,1,1,4,7,1,15,0.7333333333333333,0.8666666666666667,1.0,1.0,0.7142857142857143,5,4,2,4,5,4,4,1,2,1,0,0,0.0
3,9,collect_all_size7_comp0.2_grid9_base_medium,7,0.2,medium,base,base,collect_all,5,6,3,3,6,3,11,1,1,1,1,1,1,2,1,1,4,7,1,13,0.8461538461538461,0.8461538461538461,1.0,1.0,0.6,4,3,1,4,5,2,3,0,2,0,1,1,0.07692307692307693
4,9,collect_all_size7_comp0.2_grid9_base_medium,7,0.2,medium,base,base,collect_all,5,6,3,3,6,3,11,1,1,1,1,1,1,2,1,1,4,7,1,11,1.0,1.0,1.0,1.0,1.0,4,3,1,3,7,1,1,1,1,1,1,0,0.0
5,9,collect_all_size7_comp0.2_grid9_base_medium,7,0.2,medium,base,base,collect_all,5,6,3,3,6,3,11,1,1,1,1,1,1,2,1,1,5,9,1,13,0.8461538461538461,0.8461538461538461,0.8333333333333334,0.75,1.0,5,3,1,3,8,1,1,0,3,0,2,1,0.07692307692307693
6,9,collect_all_size7_comp0.2_grid9_base_medium,7,0.2,medium,base,base,collect_all,5,6,3,3,6,3,11,1,1,1,1,1,1,2,1,1,4,7,1,14,0.7857142857142857,0.8571428571428571,1.0,1.0,0.6666666666666666,4,3,2,4,6,2,2,1,2,1,2,0,0.0
7,9,collect_all_size7_comp0.2_grid9_base_medium,7,0.2,medium,base,base,collect_all,5,6,3,3,6,3,11,1,1,1,1,1,1,2,1,1,4,11,1,17,0.6470588235294118,0.8235294117647058,1.0,0.7142857142857143,0.8,6,5,2,4,5,3,3,5,5,5,4,0,0.0
8,9,collect_all_size7_comp0.2_grid9_base_medium,7,0.2,medium,base,base,collect_all,5,6,3,3,6,3,11,1,1,1,1,1,1,2,1,1,4,7,1,12,0.9166666666666666,0.9166666666666666,1.0,1.0,0.75,4,3,1,3,6,1,1,1,2,1,1,0,0.0
9,9,collect_all_size7_comp0.2_grid9_base_medium,7,0.2,medium,base,base,collect_all,5,6,3,3,6,3,11,1,1,1,1,1,1,2,1,1,4,7,1,11,1.0,1.0,1.0,1.0,1.0,4,3,1,3,7,1,1,1,1,1,1,0,0.0
0,0,collect_all_size7_comp0.4_grid0_base_medium,7,0.4,medium,base,base,collect_all,6,3,3,3,7,4,13,1,1,1,1,1,1,2,1,1,7,4,1,15,0.8666666666666667,0.9333333333333333,0.8,1.0,1.0,2,6,3,4,5,4,3,2,4,2,3,0,0.0
1,0,collect_all_size7_comp0.4_grid0_base_medium,7,0.4,medium,base,base,collect_all,6,3,3,3,7,4,13,1,1,1,1,1,1,2,1,1,8,4,1,18,0.7222222222222222,0.8333333333333334,0.8,0.75,0.8888888888888888,3,7,3,4,5,4,2,4,7,4,3,0,0.0
2,0,collect_all_size7_comp0.4_grid0_base_medium,7,0.4,medium,base,base,collect_all,6,3,3,3,7,4,13,1,1,1,1,1,1,2,1,1,5,2,1,15,0.8666666666666667,0.9333333333333333,1.0,1.0,0.8888888888888888,3,7,2,3,5,4,3,2,4,2,2,0,0.0
3,0,collect_all_size7_comp0.4_grid0_base_medium,7,0.4,medium,base,base,collect_all,6,3,3,3,7,4,13,1,1,1,1,1,1,2,1,1,7,2,1,15,0.8666666666666667,0.9333333333333333,1.0,0.8,1.0,3,7,2,3,6,4,2,2,4,2,3,0,0.0
4,0,collect_all_size7_comp0.4_grid0_base_medium,7,0.4,medium,base,base,collect_all,6,3,3,3,7,4,13,1,1,1,1,1,1,2,1,1,7,4,1,16,0.8125,0.875,0.8,1.0,0.875,2,7,3,4,6,3,4,2,5,2,3,1,0.0625
5,0,collect_all_size7_comp0.4_grid0_base_medium,7,0.4,medium,base,base,collect_all,6,3,3,3,7,4,13,1,1,1,1,1,1,2,1,1,5,2,1,13,1.0,1.0,1.0,1.0,1.0,2,6,2,3,4,3,4,1,3,1,2,0,0.0
6,0,collect_all_size7_comp0.4_grid0_base_medium,7,0.4,medium,base,base,collect_all,6,3,3,3,7,4,13,1,1,1,1,1,1,2,1,1,9,4,1,17,0.7647058823529411,0.8235294117647058,0.8,0.6,1.0,3,7,2,4,4,3,4,3,7,3,2,1,0.058823529411764705
7,0,collect_all_size7_comp0.4_grid0_base_medium,7,0.4,medium,base,base,collect_all,6,3,3,3,7,4,13,1,1,1,1,1,1,2,1,1,7,4,1,15,0.8666666666666667,0.9333333333333333,0.8,1.0,1.0,2,6,3,4,3,5,4,2,4,2,3,0,0.0
8,0,collect_all_size7_comp0.4_grid0_base_medium,7,0.4,medium,base,base,collect_all,6,3,3,3,7,4,13,1,1,1,1,1,1,2,1,1,5,2,1,13,1.0,1.0,1.0,1.0,1.0,2,6,2,3,4,3,4,1,3,1,2,0,0.0
9,0,collect_all_size7_comp0.4_grid0_base_medium,7,0.4,medium,base,base,collect_all,6,3,3,3,7,4,13,1,1,1,1,1,1,2,1,1,5,2,1,17,0.7647058823529411,0.8823529411764706,1.0,1.0,0.8181818181818182,4,8,2,3,4,3,4,5,7,5,4,0,0.0
0,1,collect_all_size7_comp0.4_grid1_base_medium,7,0.4,medium,base,base,collect_all,5,5,4,4,7,3,12,1,1,1,1,1,1,2,1,1,8,14,1,20,0.6,0.75,0.7777777777777778,0.6666666666666666,0.8,5,2,8,5,4,7,4,4,6,4,1,2,0.1
1,1,collect_all_size7_comp0.4_grid1_base_medium,7,0.4,medium,base,base,collect_all,5,5,4,4,7,3,12,1,1,1,1,1,1,2,1,1,8,13,1,23,0.5217391304347826,0.6956521739130435,0.7777777777777778,0.8,0.5555555555555556,7,3,8,5,8,7,1,6,10,5,5,3,0.13043478260869565
2,1,collect_all_size7_comp0.4_grid1_base_medium,7,0.4,medium,base,base,collect_all,5,5,4,4,7,3,12,1,1,1,1,1,1,2,1,1,6,10,1,20,0.6,0.8,0.8571428571428571,1.0,0.6666666666666666,4,2,8,6,9,4,1,5,7,5,6,0,0.0
3,1,collect_all_size7_comp0.4_grid1_base_medium,7,0.4,medium,base,base,collect_all,5,5,4,4,7,3,12,1,1,1,1,1,1,2,1,1,4,8,1,16,0.75,0.875,1.0,1.0,0.7142857142857143,4,2,6,4,7,3,1,4,4,4,4,0,0.0
4,1,collect_all_size7_comp0.4_grid1_base_medium,7,0.4,medium,base,base,collect_all,5,5,4,4,7,3,12,1,1,1,1,1,1,2,1,1,4,9,1,13,0.9230769230769231,0.9230769230769231,1.0,0.8,1.0,5,2,4,2,8,3,1,0,1,0,0,1,0.07692307692307693
5,1,collect_all_size7_comp0.4_grid1_base_medium,7,0.4,medium,base,base,collect_all,5,5,4,4,7,3,12,1,1,1,1,1,1,2,1,1,4,8,1,17,0.7058823529411765,0.8235294117647058,1.0,1.0,0.625,4,2,6,5,7,3,3,3,4,2,1,1,0.058823529411764705
6,1,collect_all_size7_comp0.4_grid1_base_medium,7,0.4,medium,base,base,collect_all,5,5,4,4,7,3,12,1,1,1,1,1,1,2,1,1,5,9,1,21,0.5714285714285714,0.7619047619047619,0.8333333333333334,1.0,0.6363636363636364,6,4,6,5,7,6,3,4,8,4,2,1,0.047619047619047616
7,1,collect_all_size7_comp0.4_grid1_base_medium,7,0.4,medium,base,base,collect_all,5,5,4,4,7,3,12,1,1,1,1,1,1,2,1,1,10,6,1,18,0.6666666666666666,0.9444444444444444,0.8571428571428571,1.0,1.0,5,3,6,4,9,4,1,3,6,3,3,0,0.0
8,1,collect_all_size7_comp0.4_grid1_base_medium,7,0.4,medium,base,base,collect_all,5,5,4,4,7,3,12,1,1,1,1,1,1,2,1,1,4,8,1,19,0.631578947368421,0.7894736842105263,1.0,1.0,0.6,5,3,7,4,6,7,1,4,6,3,3,1,0.05263157894736842
9,1,collect_all_size7_comp0.4_grid1_base_medium,7,0.4,medium,base,base,collect_all,5,5,4,4,7,3,12,1,1,1,1,1,1,2,1,1,4,8,1,15,0.8,0.8666666666666667,1.0,1.0,0.6666666666666666,4,2,6,3,8,5,0,1,2,1,0,1,0.06666666666666667
0,2,collect_all_size7_comp0.4_grid2_base_medium,7,0.4,medium,base,base,collect_all,4,4,8,8,4,4,16,1,1,1,1,1,1,2,1,1,11,3,1,19,0.8421052631578947,0.8947368421052632,1.0,1.0,0.7142857142857143,5,2,4,8,8,6,3,1,6,1,1,1,0.05263157894736842
1,2,collect_all_size7_comp0.4_grid2_base_medium,7,0.4,medium,base,base,collect_all,4,4,8,8,4,4,16,1,1,1,1,1,1,2,1,1,4,15,1,22,0.7272727272727273,0.8181818181818182,0.8,0.8181818181818182,0.8333333333333334,8,5,3,6,12,3,3,3,9,3,3,2,0.09090909090909091
2,2,collect_all_size7_comp0.4_grid2_base_medium,7,0.4,medium,base,base,collect_all,4,4,8,8,4,4,16,1,1,1,1,1,1,2,1,1,4,12,1,17,0.9411764705882353,0.9411764705882353,0.8,1.0,1.0,7,4,2,4,9,4,2,1,5,1,1,1,0.058823529411764705
3,2,collect_all_size7_comp0.4_grid2_base_medium,7,0.4,medium,base,base,collect_all,4,4,8,8,4,4,16,1,1,1,1,1,1,2,1,1,13,3,1,18,0.8888888888888888,0.8888888888888888,1.0,0.8,1.0,4,1,5,7,9,1,4,1,6,1,1,1,0.05555555555555555
4,2,collect_all_size7_comp0.4_grid2_base_medium,7,0.4,medium,base,base,collect_all,4,4,8,8,4,4,16,1,1,1,1,1,1,2,1,1,13,3,1,18,0.8888888888888888,0.9444444444444444,1.0,0.9,1.0,5,2,4,7,8,3,4,2,2,2,0,0,0.0
5,2,collect_all_size7_comp0.4_grid2_base_medium,7,0.4,medium,base,base,collect_all,4,4,8,8,4,4,16,1,1,1,1,1,1,2,1,1,4,12,1,17,0.9411764705882353,0.9411764705882353,0.8,1.0,1.0,7,5,1,4,11,1,2,2,4,1,1,1,0.058823529411764705
6,2,collect_all_size7_comp0.4_grid2_base_medium,7,0.4,medium,base,base,collect_all,4,4,8,8,4,4,16,1,1,1,1,1,1,1,1,0,5,-1,0,10,0.0,0.8,0.6666666666666666,1.0,0.0,4,1,2,3,5,1,3,0,2,0,0,2,0.2
7,2,collect_all_size7_comp0.4_grid2_base_medium,7,0.4,medium,base,base,collect_all,4,4,8,8,4,4,16,1,1,1,1,1,1,2,1,1,4,19,1,24,0.6666666666666666,0.7916666666666666,0.8,0.7333333333333333,1.0,7,4,5,7,12,2,2,5,11,5,6,1,0.041666666666666664
8,2,collect_all_size7_comp0.4_grid2_base_medium,7,0.4,medium,base,base,collect_all,4,4,8,8,4,4,16,1,1,1,1,1,1,2,1,1,12,4,1,17,0.9411764705882353,0.9411764705882353,0.8,1.0,1.0,4,2,4,7,10,1,4,1,5,1,1,1,0.058823529411764705
9,2,collect_all_size7_comp0.4_grid2_base_medium,7,0.4,medium,base,base,collect_all,4,4,8,8,4,4,16,1,1,1,1,1,1,2,1,1,13,3,1,20,0.8,0.85,1.0,0.8,0.8333333333333334,4,1,6,8,10,2,3,2,4,2,2,1,0.05
0,3,collect_all_size7_comp0.4_grid3_base_medium,7,0.4,medium,base,base,collect_all,6,5,7,7,3,4,15,1,1,1,1,1,1,2,1,1,18,4,1,24,0.625,0.7916666666666666,1.0,0.7142857142857143,0.8,10,7,4,3,14,1,3,5,11,4,3,1,0.041666666666666664
1,3,collect_all_size7_comp0.4_grid3_base_medium,7,0.4,medium,base,base,collect_all,6,5,7,7,3,4,15,1,1,1,1,1,1,2,1,1,5,21,1,28,0.5357142857142857,0.75,1.0,0.6875,0.6666666666666666,10,6,6,6,13,5,5,4,15,4,2,3,0.10714285714285714
2,3,collect_all_size7_comp0.4_grid3_base_medium,7,0.4,medium,base,base,collect_all,6,5,7,7,3,4,15,1,1,1,1,1,0,2,1,1,27,10,0,32,0.0,0.65625,0.7272727272727273,0.6470588235294118,0.5,11,8,9,4,11,3,8,9,19,8,5,3,0.09375
3,3,collect_all_size7_comp0.4_grid3_base_medium,7,0.4,medium,base,base,collect_all,6,5,7,7,3,4,15,1,1,1,1,1,1,1,1,0,7,-1,0,16,0.0,0.6875,0.75,0.625,0.0,5,3,4,4,7,2,4,2,8,2,1,3,0.1875
4,3,collect_all_size7_comp0.4_grid3_base_medium,7,0.4,medium,base,base,collect_all,6,5,7,7,3,4,15,1,1,1,1,1,1,2,1,1,17,6,1,21,0.7142857142857143,0.8571428571428571,0.8571428571428571,0.8181818181818182,1.0,8,6,4,3,12,2,2,4,8,4,2,0,0.0
5,3,collect_all_size7_comp0.4_grid3_base_medium,7,0.4,medium,base,base,collect_all,6,5,7,7,3,4,15,1,1,1,1,1,1,2,1,1,25,6,1,30,0.5,0.7,0.8571428571428571,0.631578947368421,0.75,11,8,6,5,12,5,6,6,16,5,4,3,0.1
6,3,collect_all_size7_comp0.4_grid3_base_medium,7,0.4,medium,base,base,collect_all,6,5,7,7,3,4,15,1,1,1,1,1,0,1,0,1,-1,12,0,32,0.0,0.5625,0.6923076923076923,0.47368421052631576,0.0,11,8,7,6,7,8,6,10,23,9,5,3,0.09375
7,3,collect_all_size7_comp0.4_grid3_base_medium,7,0.4,medium,base,base,collect_all,6,5,7,7,3,4,15,1,1,1,1,1,1,2,1,1,21,4,1,25,0.6,0.76,1.0,0.6470588235294118,1.0,10,6,5,4,10,4,4,6,9,5,6,2,0.08
8,3,collect_all_size7_comp0.4_grid3_base_medium,7,0.4,medium,base,base,collect_all,6,5,7,7,3,4,15,1,1,1,1,1,1,2,1,1,10,26,1,32,0.46875,0.71875,0.7272727272727273,0.6875,0.8,9,9,7,7,12,9,5,5,16,5,1,3,0.09375
9,3,collect_all_size7_comp0.4_grid3_base_medium,7,0.4,medium,base,base,collect_all,6,5,7,7,3,4,15,1,1,1,1,1,1,2,1,1,9,21,1,27,0.5555555555555556,0.7777777777777778,0.8,0.75,0.8,7,5,8,7,10,8,5,3,11,3,2,2,0.07407407407407407
0,4,collect_all_size7_comp0.4_grid4_base_medium,7,0.4,medium,base,base,collect_all,3,4,7,7,3,6,14,1,1,1,1,1,1,2,1,1,6,15,1,29,0.4827586206896552,0.6896551724137931,0.5714285714285714,0.7777777777777778,0.6923076923076923,4,6,10,8,11,5,6,5,14,4,4,4,0.13793103448275862
1,4,collect_all_size7_comp0.4_grid4_base_medium,7,0.4,medium,base,base,collect_all,3,4,7,7,3,6,14,1,1,1,1,1,1,2,1,1,13,6,1,17,0.8235294117647058,0.8823529411764706,0.7142857142857143,1.0,1.0,4,6,5,2,5,5,4,2,3,2,1,1,0.058823529411764705
2,4,collect_all_size7_comp0.4_grid4_base_medium,7,0.4,medium,base,base,collect_all,3,4,7,7,3,6,14,1,1,1,1,1,1,2,1,1,14,3,1,20,0.7,0.85,1.0,0.8181818181818182,0.8,6,8,5,1,7,5,1,6,6,6,5,0,0.0
3,4,collect_all_size7_comp0.4_grid4_base_medium,7,0.4,medium,base,base,collect_all,3,4,7,7,3,6,14,1,1,1,1,1,1,2,1,1,2,9,1,16,0.875,1.0,1.0,1.0,1.0,2,4,7,3,11,0,3,1,3,1,1,0,0.0
4,4,collect_all_size7_comp0.4_grid4_base_medium,7,0.4,medium,base,base,collect_all,3,4,7,7,3,6,14,1,1,1,1,1,1,2,1,1,3,10,1,19,0.7368421052631579,0.8947368421052632,0.75,1.0,0.875,4,5,7,3,9,3,4,2,5,2,3,1,0.05263157894736842
5,4,collect_all_size7_comp0.4_grid4_base_medium,7,0.4,medium,base,base,collect_all,3,4,7,7,3,6,14,1,1,1,1,1,1,2,1,1,2,9,1,25,0.56,0.8,1.0,1.0,0.6666666666666666,7,8,7,3,12,3,4,5,10,5,3,1,0.04
6,4,collect_all_size7_comp0.4_grid4_base_medium,7,0.4,medium,base,base,collect_all,3,4,7,7,3,6,14,1,1,1,1,1,1,2,1,1,2,10,1,20,0.7,0.85,1.0,0.875,0.7777777777777778,3,5,8,3,9,0,6,2,4,2,1,1,0.05
7,4,collect_all_size7_comp0.4_grid4_base_medium,7,0.4,medium,base,base,collect_all,3,4,7,7,3,6,14,1,1,1,1,1,0,2,1,1,6,17,0,32,0.0,0.6875,0.5714285714285714,0.8181818181818182,0.6428571428571429,6,6,11,9,12,7,3,9,18,8,8,2,0.0625
8,4,collect_all_size7_comp0.4_grid4_base_medium,7,0.4,medium,base,base,collect_all,3,4,7,7,3,6,14,1,1,1,1,1,1,2,1,1,16,6,1,20,0.7,0.8,0.7142857142857143,0.8,1.0,5,7,6,2,9,5,1,4,9,3,1,2,0.1
9,4,collect_all_size7_comp0.4_grid4_base_medium,7,0.4,medium,base,base,collect_all,3,4,7,7,3,6,14,1,1,1,1,1,1,2,1,1,2,9,1,17,0.8235294117647058,0.9411764705882353,1.0,1.0,0.8571428571428571,2,4,8,3,10,1,4,1,2,1,1,1,0.058823529411764705
0,5,collect_all_size7_comp0.4_grid5_base_medium,7,0.4,medium,base,base,collect_all,9,3,8,8,5,3,16,1,1,1,1,1,1,1,0,1,-1,2,0,10,0.0,0.8,1.0,0.7142857142857143,0.0,1,2,5,2,2,1,4,2,2,2,1,0,0.0
1,5,collect_all_size7_comp0.4_grid5_base_medium,7,0.4,medium,base,base,collect_all,9,3,8,8,5,3,16,1,1,1,1,1,1,1,0,1,-1,2,0,10,0.0,0.8,1.0,0.7142857142857143,0.0,1,2,5,2,1,3,3,2,3,2,1,0,0.0
2,5,collect_all_size7_comp0.4_grid5_base_medium,7,0.4,medium,base,base,collect_all,9,3,8,8,5,3,16,1,1,1,1,1,1,1,0,1,-1,2,0,13,0.0,0.6923076923076923,1.0,0.6,0.0,2,3,5,2,0,3,4,3,7,3,3,0,0.0
3,5,collect_all_size7_comp0.4_grid5_base_medium,7,0.4,medium,base,base,collect_all,9,3,8,8,5,3,16,1,1,1,1,1,0,1,0,1,-1,2,0,32,0.0,0.53125,1.0,0.4827586206896552,0.0,5,4,12,11,4,8,9,10,23,10,11,0,0.0
4,5,collect_all_size7_comp0.4_grid5_base_medium,7,0.4,medium,base,base,collect_all,9,3,8,8,5,3,16,1,1,1,1,1,1,1,0,1,-1,2,0,19,0.0,0.631578947368421,1.0,0.5625,0.0,2,4,8,5,8,2,6,2,10,2,2,1,0.05263157894736842
5,5,collect_all_size7_comp0.4_grid5_base_medium,7,0.4,medium,base,base,collect_all,9,3,8,8,5,3,16,1,1,1,1,1,1,1,0,1,-1,4,0,21,0.0,0.6190476190476191,0.8,0.5625,0.0,1,2,10,7,7,3,2,6,11,6,0,0,0.0
6,5,collect_all_size7_comp0.4_grid5_base_medium,7,0.4,medium,base,base,collect_all,9,3,8,8,5,3,16,1,1,1,1,1,1,1,0,1,-1,2,0,6,0.0,1.0,1.0,1.0,0.0,1,2,3,0,1,3,1,0,0,0,0,0,0.0
7,5,collect_all_size7_comp0.4_grid5_base_medium,7,0.4,medium,base,base,collect_all,9,3,8,8,5,3,16,1,1,1,1,1,1,1,0,1,-1,4,0,11,0.0,0.7272727272727273,0.8,0.6666666666666666,0.0,2,3,4,1,2,3,1,2,5,2,1,0,0.0
8,5,collect_all_size7_comp0.4_grid5_base_medium,7,0.4,medium,base,base,collect_all,9,3,8,8,5,3,16,1,1,1,1,1,1,1,0,1,-1,4,0,14,0.0,0.7142857142857143,0.8,0.6666666666666666,0.0,1,2,7,4,2,5,0,6,8,6,4,0,0.0
9,5,collect_all_size7_comp0.4_grid5_base_medium,7,0.4,medium,base,base,collect_all,9,3,8,8,5,3,16,1,1,1,1,1,1,1,0,1,-1,2,0,9,0.0,0.7777777777777778,1.0,0.6666666666666666,0.0,1,2,4,1,1,2,3,0,3,0,2,0,0.0
0,6,collect_all_size7_comp0.4_grid6_base_medium,7,0.4,medium,base,base,collect_all,4,4,4,4,7,3,11,1,1,1,1,1,1,2,1,1,5,11,1,15,0.7333333333333333,0.8666666666666667,0.8333333333333334,0.8333333333333334,1.0,5,1,5,4,7,1,2,4,4,4,0,0,0.0
1,6,collect_all_size7_comp0.4_grid6_base_medium,7,0.4,medium,base,base,collect_all,4,4,4,4,7,3,11,1,1,1,1,1,1,2,1,1,4,8,1,12,0.9166666666666666,0.9166666666666666,0.8,1.0,1.0,5,0,4,3,5,2,4,0,1,0,0,1,0.08333333333333333
2,6,collect_all_size7_comp0.4_grid6_base_medium,7,0.4,medium,base,base,collect_all,4,4,4,4,7,3,11,1,1,1,1,1,1,2,1,1,3,7,1,11,1.0,1.0,1.0,1.0,1.0,4,0,4,3,6,1,3,0,0,0,0,0,0.0
3,6,collect_all_size7_comp0.4_grid6_base_medium,7,0.4,medium,base,base,collect_all,4,4,4,4,7,3,11,1,1,1,1,1,1,2,1,1,3,8,1,13,0.8461538461538461,0.8461538461538461,1.0,0.8,0.75,4,1,4,3,5,2,3,0,2,0,1,1,0.07692307692307693
4,6,collect_all_size7_comp0.4_grid6_base_medium,7,0.4,medium,base,base,collect_all,4,4,4,4,7,3,11,1,1,1,1,1,1,2,1,1,3,10,1,14,0.7857142857142857,0.8571428571428571,1.0,0.7142857142857143,1.0,5,2,4,3,5,3,2,3,3,2,1,1,0.07142857142857142
5,6,collect_all_size7_comp0.4_grid6_base_medium,7,0.4,medium,base,base,collect_all,4,4,4,4,7,3,11,1,1,1,1,1,1,2,1,1,4,9,1,13,0.8461538461538461,0.8461538461538461,0.8,0.8,1.0,5,0,4,3,5,2,3,0,2,0,0,1,0.07692307692307693
6,6,collect_all_size7_comp0.4_grid6_base_medium,7,0.4,medium,base,base,collect_all,4,4,4,4,7,3,11,1,1,1,1,1,1,2,1,1,3,9,1,14,0.7857142857142857,0.7857142857142857,1.0,0.6666666666666666,0.75,4,1,6,3,5,3,5,0,3,0,2,3,0.21428571428571427
7,6,collect_all_size7_comp0.4_grid6_base_medium,7,0.4,medium,base,base,collect_all,4,4,4,4,7,3,11,1,1,1,1,1,1,2,1,1,7,3,1,17,0.6470588235294118,0.9411764705882353,1.0,1.0,0.8888888888888888,6,2,5,4,10,3,2,1,3,1,2,0,0.0
8,6,collect_all_size7_comp0.4_grid6_base_medium,7,0.4,medium,base,base,collect_all,4,4,4,4,7,3,11,1,1,1,1,1,1,2,1,1,3,7,1,11,1.0,1.0,1.0,1.0,1.0,4,0,4,3,5,2,3,0,0,0,0,0,0.0
0,7,collect_all_size7_comp0.4_grid7_base_medium,7,0.4,medium,base,base,collect_all,8,5,3,3,3,6,11,1,1,1,1,1,1,2,1,1,11,6,1,15,0.7333333333333333,0.8666666666666667,0.8571428571428571,0.8,1.0,5,5,1,4,6,5,1,2,2,2,0,0,0.0
1,7,collect_all_size7_comp0.4_grid7_base_medium,7,0.4,medium,base,base,collect_all,8,5,3,3,3,6,11,1,1,1,1,1,1,2,1,1,12,8,1,16,0.6875,0.8125,0.7777777777777778,0.75,1.0,4,5,2,5,6,5,3,1,2,1,1,1,0.0625
2,7,collect_all_size7_comp0.4_grid7_base_medium,7,0.4,medium,base,base,collect_all,8,5,3,3,3,6,11,1,1,1,1,1,1,2,1,1,9,4,1,15,0.7333333333333333,0.8666666666666667,1.0,0.8,0.8,4,4,2,5,4,4,3,3,3,3,3,0,0.0
3,7,collect_all_size7_comp0.4_grid7_base_medium,7,0.4,medium,base,base,collect_all,8,5,3,3,3,6,11,1,1,1,1,1,1,2,1,1,7,4,1,13,0.8461538461538461,0.9230769230769231,1.0,1.0,0.8,3,3,2,5,5,4,1,2,2,2,0,0,0.0
4,7,collect_all_size7_comp0.4_grid7_base_medium,7,0.4,medium,base,base,collect_all,8,5,3,3,3,6,11,1,1,1,1,1,1,2,1,1,8,5,1,12,0.9166666666666666,0.9166666666666666,0.8333333333333334,1.0,1.0,3,3,2,4,6,4,1,0,1,0,0,1,0.08333333333333333
5,7,collect_all_size7_comp0.4_grid7_base_medium,7,0.4,medium,base,base,collect_all,8,5,3,3,3,6,11,1,1,1,1,1,1,2,1,1,10,7,1,16,0.6875,0.8125,0.75,1.0,0.8,4,4,2,6,2,6,4,3,4,3,0,1,0.0625
6,7,collect_all_size7_comp0.4_grid7_base_medium,7,0.4,medium,base,base,collect_all,8,5,3,3,3,6,11,1,1,1,1,1,1,2,1,1,9,6,1,15,0.7333333333333333,0.8666666666666667,0.8571428571428571,1.0,0.8,3,3,3,6,5,5,2,2,2,2,0,0,0.0
7,7,collect_all_size7_comp0.4_grid7_base_medium,7,0.4,medium,base,base,collect_all,8,5,3,3,3,6,11,1,1,1,1,1,1,2,1,1,8,4,1,12,0.9166666666666666,0.9166666666666666,1.0,0.75,1.0,3,3,1,4,5,3,1,0,1,0,0,0,0.0
8,7,collect_all_size7_comp0.4_grid7_base_medium,7,0.4,medium,base,base,collect_all,8,5,3,3,3,6,11,1,1,1,1,1,1,2,1,1,10,7,1,17,0.6470588235294118,0.7647058823529411,0.75,1.0,0.6666666666666666,5,5,1,5,5,3,4,2,4,2,1,1,0.058823529411764705
9,7,collect_all_size7_comp0.4_grid7_base_medium,7,0.4,medium,base,base,collect_all,8,5,3,3,3,6,11,1,1,1,1,1,1,2,1,1,8,4,1,12,0.9166666666666666,0.9166666666666666,1.0,0.75,1.0,3,4,1,4,5,3,2,1,1,0,0,1,0.08333333333333333
0,8,collect_all_size7_comp0.4_grid8_base_medium,7,0.4,medium,base,base,collect_all,6,3,3,3,7,4,13,1,1,1,1,1,1,2,1,1,6,2,1,17,0.7647058823529411,0.8235294117647058,1.0,0.75,0.8,5,5,3,4,5,4,4,3,5,3,1,2,0.11764705882352941
1,8,collect_all_size7_comp0.4_grid8_base_medium,7,0.4,medium,base,base,collect_all,6,3,3,3,7,4,13,1,1,1,1,1,1,2,1,1,9,4,1,18,0.7222222222222222,0.8333333333333334,0.8,0.8,0.875,5,6,3,4,4,7,4,2,3,2,2,1,0.05555555555555555
2,8,collect_all_size7_comp0.4_grid8_base_medium,7,0.4,medium,base,base,collect_all,6,3,3,3,7,4,13,1,1,1,1,1,1,2,1,1,11,6,1,21,0.6190476190476191,0.8095238095238095,0.7142857142857143,0.8,0.8888888888888888,5,7,4,5,5,3,5,7,10,7,3,0,0.0
3,8,collect_all_size7_comp0.4_grid8_base_medium,7,0.4,medium,base,base,collect_all,6,3,3,3,7,4,13,1,1,1,1,1,1,2,1,1,11,2,1,19,0.6842105263157895,0.8421052631578947,1.0,0.6666666666666666,1.0,4,6,4,5,5,4,5,4,10,4,7,0,0.0
4,8,collect_all_size7_comp0.4_grid8_base_medium,7,0.4,medium,base,base,collect_all,6,3,3,3,7,4,13,1,1,1,1,1,1,2,1,1,11,6,1,19,0.6842105263157895,0.8421052631578947,0.7142857142857143,0.8,1.0,4,6,4,5,6,4,4,4,7,4,1,0,0.0
5,8,collect_all_size7_comp0.4_grid8_base_medium,7,0.4,medium,base,base,collect_all,6,3,3,3,7,4,13,1,1,1,1,1,1,2,1,1,14,9,1,23,0.5652173913043478,0.7391304347826086,0.6,0.8,0.875,5,6,5,6,7,5,2,6,10,6,2,1,0.043478260869565216
6,8,collect_all_size7_comp0.4_grid8_base_medium,7,0.4,medium,base,base,collect_all,6,3,3,3,7,4,13,1,1,1,1,1,1,2,1,1,5,2,1,18,0.7222222222222222,0.8333333333333334,1.0,1.0,0.75,2,4,5,6,6,3,4,2,8,2,3,0,0.0
7,8,collect_all_size7_comp0.4_grid8_base_medium,7,0.4,medium,base,base,collect_all,6,3,3,3,7,4,13,1,1,1,1,1,1,2,1,1,7,2,1,27,0.48148148148148145,0.7407407407407407,1.0,0.8,0.6842105263157895,6,8,6,7,6,6,9,5,16,5,8,0,0.0
8,8,collect_all_size7_comp0.4_grid8_base_medium,7,0.4,medium,base,base,collect_all,6,3,3,3,7,4,13,1,1,1,1,1,1,2,1,1,9,2,1,23,0.5652173913043478,0.782608695652174,1.0,0.7142857142857143,0.7692307692307693,3,5,7,8,9,6,3,4,13,4,1,0,0.0
9,8,collect_all_size7_comp0.4_grid8_base_medium,7,0.4,medium,base,base,collect_all,6,3,3,3,7,4,13,1,1,1,1,1,1,2,1,1,9,4,1,17,0.7647058823529411,0.8823529411764706,0.8,0.8,1.0,4,6,3,4,5,5,3,3,6,3,2,0,0.0
0,9,collect_all_size7_comp0.4_grid9_base_medium,7,0.4,medium,base,base,collect_all,10,7,5,5,7,4,19,1,1,1,1,1,1,2,1,1,16,8,1,26,0.7307692307692307,0.8461538461538461,0.8888888888888888,0.75,0.8888888888888888,9,7,4,6,11,3,5,6,12,6,1,1,0.038461538461538464
1,9,collect_all_size7_comp0.4_grid9_base_medium,7,0.4,medium,base,base,collect_all,10,7,5,5,7,4,19,1,1,1,1,1,1,2,1,1,18,9,1,29,0.6551724137931034,0.7931034482758621,0.8,0.7777777777777778,0.8,10,7,5,7,11,2,9,6,12,5,1,2,0.06896551724137931
2,9,collect_all_size7_comp0.4_grid9_base_medium,7,0.4,medium,base,base,collect_all,10,7,5,5,7,4,19,1,1,1,1,1,1,2,1,1,15,9,1,27,0.7037037037037037,0.8148148148148148,0.8,0.8333333333333334,0.8181818181818182,8,6,5,8,13,6,4,3,10,3,3,2,0.07407407407407407
3,9,collect_all_size7_comp0.4_grid9_base_medium,7,0.4,medium,base,base,collect_all,10,7,5,5,7,4,19,1,1,1,1,1,1,2,1,1,12,7,1,20,0.95,0.95,0.875,1.0,1.0,7,5,3,4,7,4,4,2,8,2,2,0,0.0
4,9,collect_all_size7_comp0.4_grid9_base_medium,7,0.4,medium,base,base,collect_all,10,7,5,5,7,4,19,1,1,1,1,1,0,2,1,1,21,9,0,32,0.0,0.6875,0.8,0.5833333333333334,0.7,12,8,4,7,11,7,7,4,18,2,6,5,0.15625
5,9,collect_all_size7_comp0.4_grid9_base_medium,7,0.4,medium,base,base,collect_all,10,7,5,5,7,4,19,1,1,1,1,1,1,2,1,1,13,6,1,23,0.8260869565217391,0.9130434782608695,1.0,0.8571428571428571,0.8888888888888888,9,7,3,4,12,3,4,3,7,3,3,0,0.0
6,9,collect_all_size7_comp0.4_grid9_base_medium,7,0.4,medium,base,base,collect_all,10,7,5,5,7,4,19,1,1,1,1,1,1,2,1,1,13,8,1,23,0.8260869565217391,0.9130434782608695,0.8888888888888888,1.0,0.8888888888888888,9,7,3,4,11,2,5,4,7,4,1,0,0.0
7,9,collect_all_size7_comp0.4_grid9_base_medium,7,0.4,medium,base,base,collect_all,10,7,5,5,7,4,19,1,1,1,1,1,1,2,1,1,12,6,1,22,0.8636363636363636,0.9090909090909091,1.0,0.8333333333333334,0.8888888888888888,9,6,3,4,8,6,6,1,8,1,4,1,0.045454545454545456
8,9,collect_all_size7_comp0.4_grid9_base_medium,7,0.4,medium,base,base,collect_all,10,7,5,5,7,4,19,1,1,1,1,1,1,2,1,1,14,8,1,26,0.7307692307692307,0.8076923076923077,0.8888888888888888,0.8333333333333334,0.7272727272727273,8,6,6,6,10,4,7,4,10,4,2,3,0.11538461538461539
9,9,collect_all_size7_comp0.4_grid9_base_medium,7,0.4,medium,base,base,collect_all,10,7,5,5,7,4,19,1,1,1,1,1,1,2,1,1,13,8,1,21,0.9047619047619048,0.9047619047619048,0.7777777777777778,1.0,1.0,7,6,4,4,10,3,6,1,7,1,1,2,0.09523809523809523
0,0,collect_all_size9_comp0.0_grid0_base_medium,9,0.0,medium,base,base,collect_all,6,11,7,7,3,10,21,1,1,1,1,1,1,2,1,1,13,20,1,33,0.6363636363636364,0.8484848484848485,0.7142857142857143,1.0,0.9166666666666666,10,8,8,7,11,9,4,8,14,8,2,0,0.0
1,0,collect_all_size9_comp0.0_grid0_base_medium,9,0.0,medium,base,base,collect_all,6,11,7,7,3,10,21,1,1,1,1,1,1,2,1,1,19,12,1,25,0.84,0.92,0.9230769230769231,1.0,0.8,6,4,8,7,13,6,5,0,0,0,0,0,0.0
2,0,collect_all_size9_comp0.0_grid0_base_medium,9,0.0,medium,base,base,collect_all,6,11,7,7,3,10,21,1,1,1,1,1,1,2,1,1,7,16,1,31,0.6774193548387096,0.8709677419354839,0.875,0.8888888888888888,0.8571428571428571,8,6,9,8,10,9,6,5,15,5,2,0,0.0
3,0,collect_all_size9_comp0.0_grid0_base_medium,9,0.0,medium,base,base,collect_all,6,11,7,7,3,10,21,1,1,1,1,1,1,2,1,1,7,22,1,37,0.5675675675675675,0.8108108108108109,0.875,0.7333333333333333,0.8571428571428571,12,10,8,7,12,12,4,8,16,8,1,0,0.0
4,0,collect_all_size9_comp0.0_grid0_base_medium,9,0.0,medium,base,base,collect_all,6,11,7,7,3,10,21,1,1,1,1,1,1,2,1,1,30,22,1,36,0.5833333333333334,0.7777777777777778,0.7391304347826086,0.875,0.8,8,6,12,10,16,3,9,7,14,7,1,1,0.027777777777777776
5,0,collect_all_size9_comp0.0_grid0_base_medium,9,0.0,medium,base,base,collect_all,6,11,7,7,3,10,21,1,1,1,1,1,1,2,1,1,7,16,1,31,0.6774193548387096,0.8709677419354839,0.875,0.8888888888888888,0.8571428571428571,9,7,8,7,10,9,6,5,11,5,2,0,0.0
6,0,collect_all_size9_comp0.0_grid0_base_medium,9,0.0,medium,base,base,collect_all,6,11,7,7,3,10,21,1,1,1,1,1,1,2,1,1,23,16,1,29,0.7241379310344828,0.8620689655172413,0.8235294117647058,1.0,0.8,9,7,7,6,13,8,4,3,3,3,0,0,0.0
7,0,collect_all_size9_comp0.0_grid0_base_medium,9,0.0,medium,base,base,collect_all,6,11,7,7,3,10,21,1,1,1,1,1,1,2,1,1,17,10,1,21,1.0,1.0,1.0,1.0,1.0,6,4,6,5,14,4,2,0,0,0,0,0,0.0
8,0,collect_all_size9_comp0.0_grid0_base_medium,9,0.0,medium,base,base,collect_all,6,11,7,7,3,10,21,1,1,1,1,1,1,2,1,1,29,20,1,35,0.6,0.8,0.7619047619047619,0.8888888888888888,0.8,9,7,10,9,9,11,11,3,13,3,2,0,0.0
9,0,collect_all_size9_comp0.0_grid0_base_medium,9,0.0,medium,base,base,collect_all,6,11,7,7,3,10,21,1,1,1,1,1,1,2,1,1,10,19,1,33,0.6363636363636364,0.7575757575757576,0.5454545454545454,0.8888888888888888,0.8461538461538461,9,7,11,6,16,8,7,1,14,0,1,6,0.18181818181818182
0,1,collect_all_size9_comp0.0_grid1_base_medium,9,0.0,medium,base,base,collect_all,9,3,6,6,6,4,15,1,1,1,1,1,1,2,1,1,8,2,1,17,0.8823529411764706,0.9411764705882353,1.0,1.0,0.875,5,2,5,5,5,5,5,1,5,1,1,0,0.0
1,1,collect_all_size9_comp0.0_grid1_base_medium,9,0.0,medium,base,base,collect_all,9,3,6,6,6,4,15,1,1,1,1,1,1,2,1,1,14,2,1,21,0.7142857142857143,0.8571428571428571,1.0,0.75,1.0,6,3,6,6,9,7,4,0,4,0,0,0,0.0
2,1,collect_all_size9_comp0.0_grid1_base_medium,9,0.0,medium,base,base,collect_all,9,3,6,6,6,4,15,1,1,1,1,1,1,2,1,1,8,2,1,15,1.0,1.0,1.0,1.0,1.0,4,1,5,5,7,3,3,1,3,1,1,0,0.0
3,1,collect_all_size9_comp0.0_grid1_base_medium,9,0.0,medium,base,base,collect_all,9,3,6,6,6,4,15,1,1,1,1,1,1,2,1,1,8,2,1,17,0.8823529411764706,0.9411764705882353,1.0,1.0,0.875,5,2,5,5,9,3,3,1,4,1,1,0,0.0
4,1,collect_all_size9_comp0.0_grid1_base_medium,9,0.0,medium,base,base,collect_all,9,3,6,6,6,4,15,1,1,1,1,1,1,2,1,1,8,2,1,15,1.0,1.0,1.0,1.0,1.0,4,1,5,5,7,3,3,1,4,1,1,0,0.0
5,1,collect_all_size9_comp0.0_grid1_base_medium,9,0.0,medium,base,base,collect_all,9,3,6,6,6,4,15,1,1,1,1,1,1,2,1,1,8,2,1,17,0.8823529411764706,0.9411764705882353,1.0,1.0,0.875,5,2,5,5,3,4,8,1,2,1,0,0,0.0
6,1,collect_all_size9_comp0.0_grid1_base_medium,9,0.0,medium,base,base,collect_all,9,3,6,6,6,4,15,1,1,1,1,1,1,2,1,1,10,2,1,17,0.8823529411764706,0.9411764705882353,1.0,0.875,1.0,5,2,5,5,7,3,3,3,5,3,1,0,0.0
7,1,collect_all_size9_comp0.0_grid1_base_medium,9,0.0,medium,base,base,collect_all,9,3,6,6,6,4,15,1,1,1,1,1,1,2,1,1,8,2,1,18,0.8333333333333334,0.8888888888888888,1.0,1.0,0.7777777777777778,5,2,5,5,6,3,5,1,6,1,2,0,0.0
8,1,collect_all_size9_comp0.0_grid1_base_medium,9,0.0,medium,base,base,collect_all,9,3,6,6,6,4,15,1,1,1,1,1,1,2,1,1,8,2,1,15,1.0,1.0,1.0,1.0,1.0,4,1,5,5,9,4,1,0,1,0,0,0,0.0
9,1,collect_all_size9_comp0.0_grid1_base_medium,9,0.0,medium,base,base,collect_all,9,3,6,6,6,4,15,1,1,1,1,1,1,2,1,1,10,2,1,17,0.8823529411764706,0.8823529411764706,1.0,0.75,1.0,4,1,7,5,9,2,5,0,2,0,0,2,0.11764705882352941
0,2,collect_all_size9_comp0.0_grid2_base_medium,9,0.0,medium,base,base,collect_all,4,4,8,8,9,3,15,1,1,1,1,1,1,2,1,1,5,17,1,21,0.7142857142857143,0.8571428571428571,0.8333333333333334,0.8333333333333334,1.0,6,4,4,7,8,3,7,2,4,2,1,0,0.0
1,2,collect_all_size9_comp0.0_grid2_base_medium,9,0.0,medium,base,base,collect_all,4,4,8,8,9,3,15,1,1,1,1,1,1,2,1,1,5,13,1,17,0.8823529411764706,0.9411764705882353,0.8333333333333334,1.0,1.0,6,4,2,5,9,1,5,1,1,1,0,0,0.0
2,2,collect_all_size9_comp0.0_grid2_base_medium,9,0.0,medium,base,base,collect_all,4,4,8,8,9,3,15,1,1,1,1,1,1,2,1,1,3,15,1,19,0.7894736842105263,0.8947368421052632,1.0,0.8333333333333334,1.0,6,4,3,6,7,2,8,1,1,1,0,0,0.0
3,2,collect_all_size9_comp0.0_grid2_base_medium,9,0.0,medium,base,base,collect_all,4,4,8,8,9,3,15,1,1,1,1,1,1,2,1,1,19,7,1,31,0.4838709677419355,0.8387096774193549,0.75,0.8333333333333334,0.9090909090909091,10,8,5,8,14,3,6,7,12,7,5,0,0.0
4,2,collect_all_size9_comp0.0_grid2_base_medium,9,0.0,medium,base,base,collect_all,4,4,8,8,9,3,15,1,1,1,1,1,1,2,1,1,5,15,1,19,0.7894736842105263,0.8947368421052632,0.8333333333333334,0.9,1.0,7,5,2,5,6,4,6,2,6,2,1,0,0.0
5,2,collect_all_size9_comp0.0_grid2_base_medium,9,0.0,medium,base,base,collect_all,4,4,8,8,9,3,15,1,1,1,1,1,1,2,1,1,11,19,1,24,0.625,0.7916666666666666,0.6666666666666666,1.0,0.75,8,6,3,7,12,2,6,3,5,3,0,1,0.041666666666666664
6,2,collect_all_size9_comp0.0_grid2_base_medium,9,0.0,medium,base,base,collect_all,4,4,8,8,9,3,15,1,1,1,1,1,1,2,1,1,9,23,1,27,0.5555555555555556,0.7777777777777778,0.7,0.7857142857142857,1.0,11,9,2,5,13,1,5,7,8,7,0,0,0.0
7,2,collect_all_size9_comp0.0_grid2_base_medium,9,0.0,medium,base,base,collect_all,4,4,8,8,9,3,15,1,1,1,1,1,1,2,1,1,3,15,1,20,0.75,0.85,1.0,0.8333333333333334,0.75,7,5,2,6,11,2,3,3,6,3,1,1,0.05
8,2,collect_all_size9_comp0.0_grid2_base_medium,9,0.0,medium,base,base,collect_all,4,4,8,8,9,3,15,1,1,1,1,1,1,2,1,1,19,29,1,34,0.4411764705882353,0.6764705882352942,0.55,0.9,0.75,12,10,3,7,13,3,8,5,14,5,1,1,0.029411764705882353
9,2,collect_all_size9_comp0.0_grid2_base_medium,9,0.0,medium,base,base,collect_all,4,4,8,8,9,3,15,1,1,1,1,1,1,2,1,1,13,24,1,28,0.5357142857142857,0.75,0.6428571428571429,0.8181818181818182,1.0,11,8,3,6,10,4,8,5,9,5,0,1,0.03571428571428571
0,3,collect_all_size9_comp0.0_grid3_base_medium,9,0.0,medium,base,base,collect_all,5,7,6,6,7,3,14,1,1,1,1,1,1,2,1,1,8,14,1,18,0.7777777777777778,0.8888888888888888,0.7777777777777778,1.0,1.0,5,4,6,3,8,6,2,1,1,1,0,0,0.0
1,3,collect_all_size9_comp0.0_grid3_base_medium,9,0.0,medium,base,base,collect_all,5,7,6,6,7,3,14,1,1,1,1,1,1,2,1,1,6,12,1,16,0.875,0.9375,0.8571428571428571,1.0,1.0,5,4,5,2,6,6,2,1,1,1,0,0,0.0
2,3,collect_all_size9_comp0.0_grid3_base_medium,9,0.0,medium,base,base,collect_all,5,7,6,6,7,3,14,1,1,1,1,1,1,2,1,1,8,17,1,21,0.6666666666666666,0.8095238095238095,0.7777777777777778,0.7777777777777778,1.0,7,5,6,3,5,8,4,3,4,3,1,1,0.047619047619047616
3,3,collect_all_size9_comp0.0_grid3_base_medium,9,0.0,medium,base,base,collect_all,5,7,6,6,7,3,14,1,1,1,1,1,1,2,1,1,22,16,1,33,0.42424242424242425,0.7878787878787878,0.7058823529411765,1.0,0.8,10,8,9,6,7,6,12,7,16,6,4,1,0.030303030303030304
4,3,collect_all_size9_comp0.0_grid3_base_medium,9,0.0,medium,base,base,collect_all,5,7,6,6,7,3,14,1,1,1,1,1,1,2,1,1,4,12,1,16,0.875,0.9375,1.0,0.875,1.0,6,5,4,1,8,3,3,1,2,1,1,0,0.0
5,3,collect_all_size9_comp0.0_grid3_base_medium,9,0.0,medium,base,base,collect_all,5,7,6,6,7,3,14,1,1,1,1,1,1,2,1,1,20,12,1,28,0.5,0.8571428571428571,0.7692307692307693,0.875,1.0,7,6,9,6,6,9,7,5,7,5,2,0,0.0
6,3,collect_all_size9_comp0.0_grid3_base_medium,9,0.0,medium,base,base,collect_all,5,7,6,6,7,3,14,1,1,1,1,1,1,2,1,1,16,8,1,26,0.5384615384615384,0.8846153846153846,0.8888888888888888,0.875,0.8888888888888888,6,5,9,6,7,7,7,4,8,4,1,0,0.0
7,3,collect_all_size9_comp0.0_grid3_base_medium,9,0.0,medium,base,base,collect_all,5,7,6,6,7,3,14,1,1,1,1,1,1,2,1,1,10,17,1,21,0.6666666666666666,0.8095238095238095,0.7272727272727273,0.8571428571428571,1.0,6,4,7,4,5,4,7,4,4,3,1,1,0.047619047619047616
8,3,collect_all_size9_comp0.0_grid3_base_medium,9,0.0,medium,base,base,collect_all,5,7,6,6,7,3,14,1,1,1,1,1,1,2,1,1,6,14,1,18,0.7777777777777778,0.8333333333333334,0.8571428571428571,0.75,1.0,7,4,5,2,5,7,5,0,2,0,0,2,0.1111111111111111
9,3,collect_all_size9_comp0.0_grid3_base_medium,9,0.0,medium,base,base,collect_all,5,7,6,6,7,3,14,1,1,1,1,1,1,2,1,1,6,16,1,20,0.7,0.85,0.8571428571428571,0.8,1.0,6,5,6,3,5,5,7,2,4,2,2,0,0.0
0,4,collect_all_size9_comp0.0_grid4_base_medium,9,0.0,medium,base,base,collect_all,3,6,3,3,6,9,15,1,1,1,1,1,1,2,1,1,2,5,1,15,1.0,1.0,1.0,1.0,1.0,4,5,2,4,8,4,2,0,4,0,2,0,0.0
1,4,collect_all_size9_comp0.0_grid4_base_medium,9,0.0,medium,base,base,collect_all,3,6,3,3,6,9,15,1,1,1,1,1,1,2,1,1,8,5,1,15,1.0,1.0,1.0,1.0,1.0,4,5,2,4,5,3,6,0,0,0,0,0,0.0
2,4,collect_all_size9_comp0.0_grid4_base_medium,9,0.0,medium,base,base,collect_all,3,6,3,3,6,9,15,1,1,1,1,1,1,2,1,1,2,5,1,15,1.0,1.0,1.0,1.0,1.0,4,5,2,4,5,4,4,1,6,1,3,0,0.0
3,4,collect_all_size9_comp0.0_grid4_base_medium,9,0.0,medium,base,base,collect_all,3,6,3,3,6,9,15,1,1,1,1,1,1,2,1,1,4,7,1,19,0.7894736842105263,0.8947368421052632,0.8,1.0,0.9090909090909091,4,5,4,6,6,5,6,1,4,1,1,0,0.0
4,4,collect_all_size9_comp0.0_grid4_base_medium,9,0.0,medium,base,base,collect_all,3,6,3,3,6,9,15,1,1,1,1,1,1,2,1,1,2,5,1,15,1.0,1.0,1.0,1.0,1.0,4,5,2,4,6,5,3,0,2,0,0,0,0.0
5,4,collect_all_size9_comp0.0_grid4_base_medium,9,0.0,medium,base,base,collect_all,3,6,3,3,6,9,15,1,1,1,1,1,1,2,1,1,2,6,1,16,0.9375,0.9375,1.0,0.75,1.0,5,5,2,4,10,4,1,0,2,0,0,1,0.0625
6,4,collect_all_size9_comp0.0_grid4_base_medium,9,0.0,medium,base,base,collect_all,3,6,3,3,6,9,15,1,1,1,1,1,1,2,1,1,4,7,1,19,0.7894736842105263,0.8947368421052632,0.8,1.0,0.9090909090909091,5,6,3,5,6,3,6,3,7,3,2,0,0.0
7,4,collect_all_size9_comp0.0_grid4_base_medium,9,0.0,medium,base,base,collect_all,3,6,3,3,6,9,15,1,1,1,1,1,1,2,1,1,2,5,1,15,1.0,1.0,1.0,1.0,1.0,4,5,2,4,7,5,2,0,1,0,0,0,0.0
8,4,collect_all_size9_comp0.0_grid4_base_medium,9,0.0,medium,base,base,collect_all,3,6,3,3,6,9,15,1,1,1,1,1,1,2,1,1,4,7,1,28,0.5357142857142857,0.75,0.8,1.0,0.7,8,9,4,7,12,5,5,5,9,4,1,1,0.03571428571428571
9,4,collect_all_size9_comp0.0_grid4_base_medium,9,0.0,medium,base,base,collect_all,3,6,3,3,6,9,15,1,1,1,1,1,1,2,1,1,2,6,1,18,0.8333333333333334,0.8888888888888888,1.0,0.75,0.9090909090909091,6,6,2,4,8,6,3,0,3,0,0,1,0.05555555555555555
0,5,collect_all_size9_comp0.0_grid5_base_medium,9,0.0,medium,base,base,collect_all,5,3,6,6,5,3,14,1,1,1,1,1,1,2,1,1,8,14,1,18,0.7777777777777778,0.8888888888888888,0.7777777777777778,1.0,1.0,2,6,6,4,5,5,5,2,4,2,2,0,0.0
1,5,collect_all_size9_comp0.0_grid5_base_medium,9,0.0,medium,base,base,collect_all,5,3,6,6,5,3,14,1,1,1,1,1,1,2,1,1,13,5,1,19,0.7368421052631579,0.8421052631578947,0.6666666666666666,0.875,1.0,4,7,5,3,8,4,4,2,2,1,0,1,0.05263157894736842
2,5,collect_all_size9_comp0.0_grid5_base_medium,9,0.0,medium,base,base,collect_all,5,3,6,6,5,3,14,1,1,1,1,1,1,2,1,1,4,10,1,16,0.875,0.9375,1.0,1.0,0.8,1,5,6,4,5,5,4,1,4,1,1,0,0.0
3,5,collect_all_size9_comp0.0_grid5_base_medium,9,0.0,medium,base,base,collect_all,5,3,6,6,5,3,14,1,1,1,1,1,1,2,1,1,12,2,1,18,0.7777777777777778,0.8888888888888888,1.0,0.8,1.0,4,8,4,2,7,4,5,1,1,1,0,0,0.0
4,5,collect_all_size9_comp0.0_grid5_base_medium,9,0.0,medium,base,base,collect_all,5,3,6,6,5,3,14,1,1,1,1,1,1,2,1,1,10,2,1,16,0.875,0.9375,1.0,0.875,1.0,3,7,4,2,5,5,5,0,0,0,0,0,0.0
5,5,collect_all_size9_comp0.0_grid5_base_medium,9,0.0,medium,base,base,collect_all,5,3,6,6,5,3,14,1,1,1,1,1,1,2,1,1,10,4,1,20,0.7,0.85,0.8,1.0,0.7777777777777778,4,8,5,3,9,5,2,3,5,3,1,0,0.0
6,5,collect_all_size9_comp0.0_grid5_base_medium,9,0.0,medium,base,base,collect_all,5,3,6,6,5,3,14,1,1,1,1,1,1,2,1,1,4,12,1,16,0.875,0.9375,1.0,0.875,1.0,1,5,6,4,6,7,2,0,2,0,1,0,0.0
7,5,collect_all_size9_comp0.0_grid5_base_medium,9,0.0,medium,base,base,collect_all,5,3,6,6,5,3,14,1,1,1,1,1,1,2,1,1,8,2,1,20,0.7,0.85,1.0,1.0,0.7272727272727273,4,8,5,3,8,4,2,5,7,5,2,0,0.0
8,5,collect_all_size9_comp0.0_grid5_base_medium,9,0.0,medium,base,base,collect_all,5,3,6,6,5,3,14,1,1,1,1,1,1,2,1,1,4,10,1,14,1.0,1.0,1.0,1.0,1.0,0,4,6,4,4,3,5,1,2,1,1,0,0.0
9,5,collect_all_size9_comp0.0_grid5_base_medium,9,0.0,medium,base,base,collect_all,5,3,6,6,5,3,14,1,1,1,1,1,1,2,1,1,6,12,1,16,0.875,0.9375,0.8571428571428571,1.0,1.0,1,5,6,4,7,4,4,0,3,0,0,0,0.0
0,6,collect_all_size9_comp0.0_grid6_base_medium,9,0.0,medium,base,base,collect_all,3,3,4,4,9,9,16,1,1,1,1,1,1,2,1,1,6,2,1,20,0.8,0.9,1.0,1.0,0.8461538461538461,5,8,5,2,10,4,3,2,3,2,1,0,0.0
1,6,collect_all_size9_comp0.0_grid6_base_medium,9,0.0,medium,base,base,collect_all,3,3,4,4,9,9,16,1,1,1,1,1,1,2,1,1,2,6,1,28,0.5714285714285714,0.7857142857142857,1.0,1.0,0.7142857142857143,8,11,6,3,4,7,6,10,14,10,3,0,0.0
2,6,collect_all_size9_comp0.0_grid6_base_medium,9,0.0,medium,base,base,collect_all,3,3,4,4,9,9,16,1,1,1,1,1,1,2,1,1,2,6,1,24,0.6666666666666666,0.8333333333333334,1.0,1.0,0.7647058823529411,5,8,7,4,6,2,9,6,10,6,3,0,0.0
3,6,collect_all_size9_comp0.0_grid6_base_medium,9,0.0,medium,base,base,collect_all,3,3,4,4,9,9,16,1,1,1,1,1,1,2,1,1,6,2,1,40,0.4,0.7,1.0,1.0,0.6363636363636364,13,16,7,4,11,4,9,15,24,15,0,0,0.0
4,6,collect_all_size9_comp0.0_grid6_base_medium,9,0.0,medium,base,base,collect_all,3,3,4,4,9,9,16,1,1,1,1,1,1,2,1,1,6,2,1,24,0.6666666666666666,0.8333333333333334,1.0,1.0,0.7647058823529411,6,9,6,3,8,5,4,6,10,6,3,0,0.0
5,6,collect_all_size9_comp0.0_grid6_base_medium,9,0.0,medium,base,base,collect_all,3,3,4,4,9,9,16,1,1,1,1,1,1,2,1,1,2,6,1,33,0.48484848484848486,0.7272727272727273,1.0,1.0,0.6538461538461539,7,11,9,6,9,8,7,8,16,8,2,1,0.030303030303030304
6,6,collect_all_size9_comp0.0_grid6_base_medium,9,0.0,medium,base,base,collect_all,3,3,4,4,9,9,16,1,1,1,1,1,1,2,1,1,2,6,1,21,0.7619047619047619,0.8571428571428571,1.0,1.0,0.7857142857142857,5,8,5,2,4,6,4,4,6,4,0,0,0.0
7,6,collect_all_size9_comp0.0_grid6_base_medium,9,0.0,medium,base,base,collect_all,3,3,4,4,9,9,16,1,1,1,1,1,1,2,1,1,6,2,1,30,0.5333333333333333,0.7666666666666667,1.0,1.0,0.6956521739130435,8,11,7,4,12,5,8,4,9,4,0,0,0.0
8,6,collect_all_size9_comp0.0_grid6_base_medium,9,0.0,medium,base,base,collect_all,3,3,4,4,9,9,16,1,1,1,1,1,1,2,1,1,8,2,1,20,0.8,0.9,1.0,0.8333333333333334,0.9090909090909091,4,7,6,3,8,3,6,2,4,2,0,0,0.0
9,6,collect_all_size9_comp0.0_grid6_base_medium,9,0.0,medium,base,base,collect_all,3,3,4,4,9,9,16,1,1,1,1,1,1,2,1,1,2,7,1,30,0.5333333333333333,0.7333333333333333,1.0,0.8,0.6818181818181818,10,11,6,3,10,7,6,6,16,5,0,2,0.06666666666666667
0,7,collect_all_size9_comp0.0_grid7_base_medium,9,0.0,medium,base,base,collect_all,3,5,6,6,3,3,12,1,1,1,1,1,1,2,1,1,2,8,1,12,1.0,1.0,1.0,1.0,1.0,5,1,2,4,4,3,3,1,1,1,1,0,0.0
1,7,collect_all_size9_comp0.0_grid7_base_medium,9,0.0,medium,base,base,collect_all,3,5,6,6,3,3,12,1,1,1,1,1,1,2,1,1,2,8,1,12,1.0,1.0,1.0,1.0,1.0,5,1,2,4,4,2,3,2,3,2,2,0,0.0
2,7,collect_all_size9_comp0.0_grid7_base_medium,9,0.0,medium,base,base,collect_all,3,5,6,6,3,3,12,1,1,1,1,1,1,2,1,1,5,11,1,15,0.8,0.8666666666666667,0.6666666666666666,1.0,1.0,5,2,3,5,5,2,4,3,3,2,1,1,0.06666666666666667
3,7,collect_all_size9_comp0.0_grid7_base_medium,9,0.0,medium,base,base,collect_all,3,5,6,6,3,3,12,1,1,1,1,1,1,2,1,1,2,8,1,12,1.0,1.0,1.0,1.0,1.0,5,1,2,4,3,3,5,0,0,0,0,0,0.0
4,7,collect_all_size9_comp0.0_grid7_base_medium,9,0.0,medium,base,base,collect_all,3,5,6,6,3,3,12,1,1,1,1,1,1,1,1,0,2,-1,0,6,0.0,1.0,1.0,1.0,0.0,4,0,0,2,3,1,1,0,0,0,0,0,0.0
5,7,collect_all_size9_comp0.0_grid7_base_medium,9,0.0,medium,base,base,collect_all,3,5,6,6,3,3,12,1,1,1,1,1,1,2,1,1,12,6,1,16,0.75,0.9375,0.8571428571428571,1.0,1.0,8,4,1,3,7,2,5,1,1,1,1,0,0.0
6,7,collect_all_size9_comp0.0_grid7_base_medium,9,0.0,medium,base,base,collect_all,3,5,6,6,3,3,12,1,1,1,1,1,1,2,1,1,2,8,1,12,1.0,1.0,1.0,1.0,1.0,5,1,2,4,3,3,5,0,0,0,0,0,0.0
7,7,collect_all_size9_comp0.0_grid7_base_medium,9,0.0,medium,base,base,collect_all,3,5,6,6,3,3,12,1,1,1,1,1,1,2,1,1,2,10,1,14,0.8571428571428571,0.9285714285714286,1.0,0.875,1.0,5,1,3,5,4,4,5,0,0,0,0,0,0.0
8,7,collect_all_size9_comp0.0_grid7_base_medium,9,0.0,medium,base,base,collect_all,3,5,6,6,3,3,12,1,1,1,1,1,1,2,1,1,3,13,1,17,0.7058823529411765,0.8235294117647058,0.75,0.8,1.0,6,3,3,5,4,4,5,3,5,2,1,1,0.058823529411764705
9,7,collect_all_size9_comp0.0_grid7_base_medium,9,0.0,medium,base,base,collect_all,3,5,6,6,3,3,12,1,1,1,1,1,1,2,1,1,2,8,1,12,1.0,1.0,1.0,1.0,1.0,5,1,2,4,6,2,3,0,0,0,0,0,0.0
0,8,collect_all_size9_comp0.0_grid8_base_medium,9,0.0,medium,base,base,collect_all,4,7,3,3,6,3,10,1,1,1,1,1,1,2,1,1,4,9,1,15,0.6666666666666666,0.8,0.8,0.8,0.8,1,5,7,2,5,4,3,2,3,2,1,1,0.06666666666666667
1,8,collect_all_size9_comp0.0_grid8_base_medium,9,0.0,medium,base,base,collect_all,4,7,3,3,6,3,10,1,1,1,1,1,1,2,1,1,5,8,1,12,0.8333333333333334,0.8333333333333334,0.6666666666666666,1.0,1.0,2,5,5,0,5,4,2,0,2,0,0,2,0.16666666666666666
2,8,collect_all_size9_comp0.0_grid8_base_medium,9,0.0,medium,base,base,collect_all,4,7,3,3,6,3,10,1,1,1,1,1,1,2,1,1,3,6,1,10,1.0,1.0,1.0,1.0,1.0,0,5,5,0,6,2,1,0,0,0,0,0,0.0
3,8,collect_all_size9_comp0.0_grid8_base_medium,9,0.0,medium,base,base,collect_all,4,7,3,3,6,3,10,1,1,1,1,1,1,2,1,1,3,6,1,10,1.0,1.0,1.0,1.0,1.0,0,5,5,0,6,2,1,0,0,0,0,0,0.0
4,8,collect_all_size9_comp0.0_grid8_base_medium,9,0.0,medium,base,base,collect_all,4,7,3,3,6,3,10,1,1,1,1,1,1,2,1,1,4,11,1,15,0.6666666666666666,0.8,0.8,0.7142857142857143,1.0,1,5,7,2,8,3,1,2,4,2,3,1,0.06666666666666667
5,8,collect_all_size9_comp0.0_grid8_base_medium,9,0.0,medium,base,base,collect_all,4,7,3,3,6,3,10,1,1,1,1,1,1,2,1,1,3,6,1,10,1.0,1.0,1.0,1.0,1.0,0,5,5,0,8,1,0,0,0,0,0,0,0.0
6,8,collect_all_size9_comp0.0_grid8_base_medium,9,0.0,medium,base,base,collect_all,4,7,3,3,6,3,10,1,1,1,1,1,1,2,1,1,3,6,1,10,1.0,1.0,1.0,1.0,1.0,0,5,5,0,8,1,0,0,0,0,0,0,0.0
7,8,collect_all_size9_comp0.0_grid8_base_medium,9,0.0,medium,base,base,collect_all,4,7,3,3,6,3,10,1,1,1,1,1,1,2,1,1,3,8,1,12,0.8333333333333334,0.9166666666666666,1.0,0.8,1.0,1,6,5,0,6,2,1,2,2,2,2,0,0.0
8,8,collect_all_size9_comp0.0_grid8_base_medium,9,0.0,medium,base,base,collect_all,4,7,3,3,6,3,10,1,1,1,1,1,1,2,1,1,3,6,1,10,1.0,1.0,1.0,1.0,1.0,0,5,5,0,6,2,1,0,0,0,0,0,0.0
9,8,collect_all_size9_comp0.0_grid8_base_medium,9,0.0,medium,base,base,collect_all,4,7,3,3,6,3,10,1,1,1,1,1,1,2,1,1,4,7,1,11,0.9090909090909091,0.9090909090909091,0.8,1.0,1.0,1,5,5,0,6,3,1,0,1,0,0,1,0.09090909090909091
0,9,collect_all_size9_comp0.0_grid9_base_medium,9,0.0,medium,base,base,collect_all,4,5,3,3,4,5,12,1,1,1,1,1,1,2,1,1,3,6,1,16,0.75,0.875,1.0,1.0,0.7777777777777778,5,2,3,6,7,5,1,2,3,2,0,0,0.0
1,9,collect_all_size9_comp0.0_grid9_base_medium,9,0.0,medium,base,base,collect_all,4,5,3,3,4,5,12,1,1,1,1,1,1,2,1,1,7,4,1,12,1.0,1.0,1.0,1.0,1.0,4,1,2,5,6,2,3,0,0,0,0,0,0.0
2,9,collect_all_size9_comp0.0_grid9_base_medium,9,0.0,medium,base,base,collect_all,4,5,3,3,4,5,12,1,1,1,1,1,1,2,1,1,3,8,1,14,0.8571428571428571,0.9285714285714286,1.0,0.8,1.0,5,2,2,5,7,3,2,1,2,1,0,0,0.0
3,9,collect_all_size9_comp0.0_grid9_base_medium,9,0.0,medium,base,base,collect_all,4,5,3,3,4,5,12,1,1,1,1,1,1,2,1,1,3,6,1,12,1.0,1.0,1.0,1.0,1.0,4,1,2,5,7,2,1,1,2,1,1,0,0.0
4,9,collect_all_size9_comp0.0_grid9_base_medium,9,0.0,medium,base,base,collect_all,4,5,3,3,4,5,12,1,1,1,1,1,1,2,1,1,3,8,1,14,0.8571428571428571,0.9285714285714286,1.0,0.8,1.0,5,2,2,5,7,2,1,3,4,3,1,0,0.0
5,9,collect_all_size9_comp0.0_grid9_base_medium,9,0.0,medium,base,base,collect_all,4,5,3,3,4,5,12,1,1,1,1,1,1,2,1,1,3,8,1,16,0.75,0.875,1.0,0.8,0.8571428571428571,6,3,2,5,7,4,3,1,2,1,1,0,0.0
6,9,collect_all_size9_comp0.0_grid9_base_medium,9,0.0,medium,base,base,collect_all,4,5,3,3,4,5,12,1,1,1,1,1,1,2,1,1,7,4,1,18,0.6666666666666666,0.8333333333333334,1.0,1.0,0.7,7,4,2,5,4,4,6,3,3,3,0,0,0.0
7,9,collect_all_size9_comp0.0_grid9_base_medium,9,0.0,medium,base,base,collect_all,4,5,3,3,4,5,12,1,1,1,1,1,1,2,1,1,7,4,1,12,1.0,1.0,1.0,1.0,1.0,4,1,2,5,5,3,2,1,2,1,1,0,0.0
8,9,collect_all_size9_comp0.0_grid9_base_medium,9,0.0,medium,base,base,collect_all,4,5,3,3,4,5,12,1,1,1,1,1,1,2,1,1,18,4,1,23,0.5217391304347826,0.7391304347826086,1.0,0.5714285714285714,1.0,9,5,3,6,11,6,3,2,8,1,3,1,0.043478260869565216
9,9,collect_all_size9_comp0.0_grid9_base_medium,9,0.0,medium,base,base,collect_all,4,5,3,3,4,5,12,1,1,1,1,1,1,2,1,1,7,4,1,13,0.9230769230769231,0.9230769230769231,1.0,1.0,0.8,4,1,2,6,6,2,4,0,1,0,0,1,0.07692307692307693
0,0,collect_all_size9_comp0.2_grid0_base_medium,9,0.2,medium,base,base,collect_all,3,5,4,4,7,3,10,1,1,1,1,1,1,2,1,1,4,8,1,14,0.7142857142857143,0.8571428571428571,0.8,1.0,0.8,5,1,2,6,6,3,1,3,4,3,1,0,0.0
1,0,collect_all_size9_comp0.2_grid0_base_medium,9,0.2,medium,base,base,collect_all,3,5,4,4,7,3,10,1,1,1,1,1,1,2,1,1,2,6,1,10,1.0,1.0,1.0,1.0,1.0,4,0,1,5,6,1,2,0,0,0,0,0,0.0
2,0,collect_all_size9_comp0.2_grid0_base_medium,9,0.2,medium,base,base,collect_all,3,5,4,4,7,3,10,1,1,1,1,1,1,2,1,1,2,8,1,16,0.625,0.8125,1.0,0.8333333333333334,0.7142857142857143,6,2,2,6,4,4,5,2,4,2,1,0,0.0
3,0,collect_all_size9_comp0.2_grid0_base_medium,9,0.2,medium,base,base,collect_all,3,5,4,4,7,3,10,1,1,1,1,1,1,2,1,1,2,9,1,13,0.7692307692307693,0.8461538461538461,1.0,0.7142857142857143,1.0,5,2,1,5,2,3,6,1,2,1,0,1,0.07692307692307693
4,0,collect_all_size9_comp0.2_grid0_base_medium,9,0.2,medium,base,base,collect_all,3,5,4,4,7,3,10,1,1,1,1,1,1,2,1,1,2,12,1,17,0.5882352941176471,0.7647058823529411,1.0,0.7,0.75,8,3,1,5,6,1,3,6,7,6,6,1,0.058823529411764705
5,0,collect_all_size9_comp0.2_grid0_base_medium,9,0.2,medium,base,base,collect_all,3,5,4,4,7,3,10,1,1,1,1,1,1,2,1,1,2,8,1,12,0.8333333333333334,0.9166666666666666,1.0,0.8333333333333334,1.0,4,0,2,6,5,1,3,2,2,2,2,0,0.0
6,0,collect_all_size9_comp0.2_grid0_base_medium,9,0.2,medium,base,base,collect_all,3,5,4,4,7,3,10,1,1,1,1,1,1,2,1,1,2,6,1,10,1.0,1.0,1.0,1.0,1.0,4,0,1,5,5,1,3,0,0,0,0,0,0.0
7,0,collect_all_size9_comp0.2_grid0_base_medium,9,0.2,medium,base,base,collect_all,3,5,4,4,7,3,10,1,1,1,1,1,1,2,1,1,2,6,1,10,1.0,1.0,1.0,1.0,1.0,4,0,1,5,6,1,2,0,0,0,0,0,0.0
8,0,collect_all_size9_comp0.2_grid0_base_medium,9,0.2,medium,base,base,collect_all,3,5,4,4,7,3,10,1,1,1,1,1,1,2,1,1,2,6,1,10,1.0,1.0,1.0,1.0,1.0,4,0,1,5,5,1,3,0,0,0,0,0,0.0
9,0,collect_all_size9_comp0.2_grid0_base_medium,9,0.2,medium,base,base,collect_all,3,5,4,4,7,3,10,1,1,1,1,1,1,2,1,1,2,6,1,10,1.0,1.0,1.0,1.0,1.0,4,0,1,5,5,1,3,0,0,0,0,0,0.0
0,1,collect_all_size9_comp0.2_grid1_base_medium,9,0.2,medium,base,base,collect_all,8,4,6,6,3,7,13,1,1,1,1,1,1,2,1,1,11,5,1,15,0.8666666666666667,0.9333333333333333,0.8333333333333334,1.0,1.0,6,3,4,2,7,0,6,1,1,1,0,0,0.0
1,1,collect_all_size9_comp0.2_grid1_base_medium,9,0.2,medium,base,base,collect_all,8,4,6,6,3,7,13,1,1,1,1,1,1,2,1,1,17,9,1,21,0.6190476190476191,0.8095238095238095,0.7,0.875,1.0,8,5,5,3,9,3,3,5,5,5,0,0,0.0
2,1,collect_all_size9_comp0.2_grid1_base_medium,9,0.2,medium,base,base,collect_all,8,4,6,6,3,7,13,1,1,1,1,1,1,2,1,1,9,3,1,13,1.0,1.0,1.0,1.0,1.0,5,2,4,2,7,1,4,0,0,0,0,0,0.0
3,1,collect_all_size9_comp0.2_grid1_base_medium,9,0.2,medium,base,base,collect_all,8,4,6,6,3,7,13,1,1,1,1,1,1,2,1,1,10,4,1,14,0.9285714285714286,0.9285714285714286,0.8,1.0,1.0,5,2,4,3,7,1,5,0,1,0,0,1,0.07142857142857142
4,1,collect_all_size9_comp0.2_grid1_base_medium,9,0.2,medium,base,base,collect_all,8,4,6,6,3,7,13,1,1,1,1,1,1,2,1,1,12,4,1,16,0.8125,0.875,0.8,0.875,1.0,5,2,6,3,6,3,6,0,1,0,0,1,0.0625
5,1,collect_all_size9_comp0.2_grid1_base_medium,9,0.2,medium,base,base,collect_all,8,4,6,6,3,7,13,1,1,1,1,1,1,2,1,1,9,3,1,13,1.0,1.0,1.0,1.0,1.0,5,2,4,2,8,1,2,1,1,1,1,0,0.0
6,1,collect_all_size9_comp0.2_grid1_base_medium,9,0.2,medium,base,base,collect_all,8,4,6,6,3,7,13,1,1,1,1,1,1,2,1,1,13,7,1,17,0.7647058823529411,0.8823529411764706,0.75,1.0,1.0,7,4,4,2,10,1,4,1,2,1,0,0,0.0
7,1,collect_all_size9_comp0.2_grid1_base_medium,9,0.2,medium,base,base,collect_all,8,4,6,6,3,7,13,1,1,1,1,1,1,2,1,1,14,5,1,24,0.5416666666666666,0.75,0.8333333333333334,0.7777777777777778,0.6666666666666666,9,5,6,4,12,4,4,3,5,3,1,1,0.041666666666666664
8,1,collect_all_size9_comp0.2_grid1_base_medium,9,0.2,medium,base,base,collect_all,8,4,6,6,3,7,13,1,1,1,1,1,1,2,1,1,27,19,1,33,0.3939393939393939,0.6666666666666666,0.55,0.875,0.8,9,7,10,7,9,7,10,6,11,6,0,2,0.06060606060606061
9,1,collect_all_size9_comp0.2_grid1_base_medium,9,0.2,medium,base,base,collect_all,8,4,6,6,3,7,13,1,1,1,1,1,1,2,1,1,14,8,1,18,0.7222222222222222,0.8333333333333334,0.6666666666666666,1.0,1.0,7,5,4,2,10,1,5,1,3,1,0,1,0.05555555555555555
0,2,collect_all_size9_comp0.2_grid2_base_medium,9,0.2,medium,base,base,collect_all,4,6,6,6,9,5,15,1,1,1,1,1,1,2,1,1,3,11,1,17,0.8823529411764706,0.9411764705882353,1.0,0.875,1.0,6,4,5,2,6,2,7,1,1,1,0,0,0.0
1,2,collect_all_size9_comp0.2_grid2_base_medium,9,0.2,medium,base,base,collect_all,4,6,6,6,9,5,15,1,1,1,1,1,1,2,1,1,5,11,1,17,0.8823529411764706,0.9411764705882353,0.8333333333333334,1.0,1.0,5,3,6,3,8,2,4,2,2,2,1,0,0.0
2,2,collect_all_size9_comp0.2_grid2_base_medium,9,0.2,medium,base,base,collect_all,4,6,6,6,9,5,15,1,1,1,1,1,1,2,1,1,5,15,1,24,0.625,0.7916666666666666,0.8333333333333334,0.8,0.75,9,6,6,3,11,1,5,6,9,6,1,1,0.041666666666666664
3,2,collect_all_size9_comp0.2_grid2_base_medium,9,0.2,medium,base,base,collect_all,4,6,6,6,9,5,15,1,1,1,1,1,1,2,1,1,13,7,1,24,0.625,0.9166666666666666,0.875,1.0,0.9,6,3,9,6,13,4,3,3,6,3,1,1,0.041666666666666664
4,2,collect_all_size9_comp0.2_grid2_base_medium,9,0.2,medium,base,base,collect_all,4,6,6,6,9,5,15,1,1,1,1,1,1,2,1,1,3,9,1,15,1.0,1.0,1.0,1.0,1.0,5,3,5,2,7,2,5,0,0,0,0,0,0.0
5,2,collect_all_size9_comp0.2_grid2_base_medium,9,0.2,medium,base,base,collect_all,4,6,6,6,9,5,15,1,1,1,1,1,1,2,1,1,3,9,1,17,0.8823529411764706,0.9411764705882353,1.0,1.0,0.8571428571428571,5,3,6,3,9,2,4,1,1,1,1,0,0.0
6,2,collect_all_size9_comp0.2_grid2_base_medium,9,0.2,medium,base,base,collect_all,4,6,6,6,9,5,15,1,1,1,1,1,1,2,1,1,3,9,1,15,1.0,1.0,1.0,1.0,1.0,5,3,5,2,8,2,3,1,1,1,1,0,0.0
7,2,collect_all_size9_comp0.2_grid2_base_medium,9,0.2,medium,base,base,collect_all,4,6,6,6,9,5,15,1,1,1,1,1,1,2,1,1,5,11,1,17,0.8823529411764706,0.9411764705882353,0.8333333333333334,1.0,1.0,5,3,6,3,7,3,5,1,1,1,1,0,0.0
8,2,collect_all_size9_comp0.2_grid2_base_medium,9,0.2,medium,base,base,collect_all,4,6,6,6,9,5,15,1,1,1,1,1,1,2,1,1,18,7,1,28,0.5357142857142857,0.8571428571428571,0.875,0.7272727272727273,1.0,7,6,9,6,16,2,3,6,9,5,1,1,0.03571428571428571
9,2,collect_all_size9_comp0.2_grid2_base_medium,9,0.2,medium,base,base,collect_all,4,6,6,6,9,5,15,1,1,1,1,1,1,2,1,1,5,11,1,17,0.8823529411764706,0.9411764705882353,0.8333333333333334,1.0,1.0,5,3,6,3,7,3,5,1,1,1,0,0,0.0
0,3,collect_all_size9_comp0.2_grid3_base_medium,9,0.2,medium,base,base,collect_all,9,4,9,9,3,6,16,1,1,1,1,1,1,2,1,1,15,3,1,19,0.8421052631578947,0.8947368421052632,1.0,0.8333333333333334,1.0,2,6,5,6,10,2,4,2,2,1,0,1,0.05263157894736842
1,3,collect_all_size9_comp0.2_grid3_base_medium,9,0.2,medium,base,base,collect_all,9,4,9,9,3,6,16,1,1,1,1,1,1,2,1,1,16,5,1,22,0.7272727272727273,0.8181818181818182,0.8333333333333334,0.8181818181818182,0.8,2,8,5,7,8,8,3,2,4,2,0,2,0.09090909090909091
2,3,collect_all_size9_comp0.2_grid3_base_medium,9,0.2,medium,base,base,collect_all,9,4,9,9,3,6,16,1,1,1,1,1,1,2,1,1,15,5,1,21,0.7619047619047619,0.8095238095238095,0.8333333333333334,0.9,0.6,4,6,4,7,8,4,7,1,4,1,0,3,0.14285714285714285
3,3,collect_all_size9_comp0.2_grid3_base_medium,9,0.2,medium,base,base,collect_all,9,4,9,9,3,6,16,1,1,1,1,1,1,2,1,1,16,5,1,22,0.7272727272727273,0.8181818181818182,0.8333333333333334,0.8181818181818182,0.8,3,9,4,6,6,7,5,3,5,3,1,2,0.09090909090909091
4,3,collect_all_size9_comp0.2_grid3_base_medium,9,0.2,medium,base,base,collect_all,9,4,9,9,3,6,16,1,1,1,1,1,1,2,1,1,23,11,1,30,0.5333333333333333,0.7,0.6666666666666666,0.75,0.6666666666666666,5,12,6,7,9,10,7,3,9,3,0,4,0.13333333333333333
5,3,collect_all_size9_comp0.2_grid3_base_medium,9,0.2,medium,base,base,collect_all,9,4,9,9,3,6,16,1,1,1,1,1,1,2,1,1,20,9,1,24,0.6666666666666666,0.7916666666666666,0.7,0.8181818181818182,1.0,4,10,4,6,9,6,4,4,8,4,1,2,0.08333333333333333
6,3,collect_all_size9_comp0.2_grid3_base_medium,9,0.2,medium,base,base,collect_all,9,4,9,9,3,6,16,1,1,1,1,1,1,2,1,1,13,3,1,17,0.9411764705882353,0.9411764705882353,1.0,0.9,1.0,1,6,4,6,6,5,4,1,3,1,1,1,0.058823529411764705
7,3,collect_all_size9_comp0.2_grid3_base_medium,9,0.2,medium,base,base,collect_all,9,4,9,9,3,6,16,1,1,1,1,1,1,2,1,1,20,9,1,26,0.6153846153846154,0.8076923076923077,0.7,0.9090909090909091,0.8,4,8,6,8,11,4,7,3,5,3,0,0,0.0
8,3,collect_all_size9_comp0.2_grid3_base_medium,9,0.2,medium,base,base,collect_all,9,4,9,9,3,6,16,1,1,1,1,1,1,2,1,1,14,3,1,22,0.7272727272727273,0.8181818181818182,1.0,0.8181818181818182,0.7142857142857143,2,8,5,7,8,9,4,0,2,0,0,2,0.09090909090909091
9,3,collect_all_size9_comp0.2_grid3_base_medium,9,0.2,medium,base,base,collect_all,9,4,9,9,3,6,16,1,1,1,1,1,1,2,1,1,13,3,1,25,0.64,0.8,1.0,0.9,0.6363636363636364,5,10,4,6,10,7,4,3,5,3,0,1,0.04
0,4,collect_all_size9_comp0.2_grid4_base_medium,9,0.2,medium,base,base,collect_all,5,5,6,6,6,4,15,1,1,1,1,1,1,2,1,1,14,6,1,29,0.5172413793103449,0.7931034482758621,0.8571428571428571,0.875,0.7142857142857143,10,8,7,4,12,9,2,5,10,5,4,0,0.0
1,4,collect_all_size9_comp0.2_grid4_base_medium,9,0.2,medium,base,base,collect_all,5,5,6,6,6,4,15,1,1,1,1,1,1,2,1,1,4,10,1,20,0.75,0.85,1.0,1.0,0.6666666666666666,6,3,7,4,7,6,3,3,4,2,3,1,0.05
2,4,collect_all_size9_comp0.2_grid4_base_medium,9,0.2,medium,base,base,collect_all,5,5,6,6,6,4,15,1,1,1,1,1,1,2,1,1,4,10,1,15,1.0,1.0,1.0,1.0,1.0,4,2,6,3,5,4,4,1,1,1,1,0,0.0
3,4,collect_all_size9_comp0.2_grid4_base_medium,9,0.2,medium,base,base,collect_all,5,5,6,6,6,4,15,1,1,1,1,1,1,2,1,1,4,10,1,17,0.8823529411764706,0.9411764705882353,1.0,1.0,0.8333333333333334,5,3,6,3,6,3,4,3,5,3,3,0,0.0
4,4,collect_all_size9_comp0.2_grid4_base_medium,9,0.2,medium,base,base,collect_all,5,5,6,6,6,4,15,1,1,1,1,1,1,2,1,1,4,12,1,19,0.7894736842105263,0.8421052631578947,1.0,0.75,0.8333333333333334,6,2,7,4,8,4,5,1,3,1,1,2,0.10526315789473684
5,4,collect_all_size9_comp0.2_grid4_base_medium,9,0.2,medium,base,base,collect_all,5,5,6,6,6,4,15,1,1,1,1,1,1,2,1,1,4,10,1,15,1.0,1.0,1.0,1.0,1.0,4,2,6,3,8,4,2,0,0,0,0,0,0.0
6,4,collect_all_size9_comp0.2_grid4_base_medium,9,0.2,medium,base,base,collect_all,5,5,6,6,6,4,15,1,1,1,1,1,1,2,1,1,16,8,1,29,0.5172413793103449,0.7931034482758621,0.7777777777777778,0.875,0.75,8,6,9,6,9,4,11,4,14,4,3,0,0.0
7,4,collect_all_size9_comp0.2_grid4_base_medium,9,0.2,medium,base,base,collect_all,5,5,6,6,6,4,15,1,1,1,1,1,1,2,1,1,4,10,1,15,1.0,1.0,1.0,1.0,1.0,4,2,6,3,10,3,1,0,0,0,0,0,0.0
8,4,collect_all_size9_comp0.2_grid4_base_medium,9,0.2,medium,base,base,collect_all,5,5,6,6,6,4,15,1,1,1,1,1,1,2,1,1,6,13,1,23,0.6521739130434783,0.782608695652174,0.8571428571428571,0.8571428571428571,0.6666666666666666,7,3,8,5,9,7,4,2,6,2,4,2,0.08695652173913043
9,4,collect_all_size9_comp0.2_grid4_base_medium,9,0.2,medium,base,base,collect_all,5,5,6,6,6,4,15,1,1,1,1,1,1,2,1,1,4,11,1,16,0.9375,0.9375,1.0,0.8571428571428571,1.0,5,2,6,3,7,5,3,0,1,0,0,1,0.0625
0,5,collect_all_size9_comp0.2_grid5_base_medium,9,0.2,medium,base,base,collect_all,3,8,9,9,7,6,18,1,1,1,1,1,1,2,1,1,5,18,1,29,0.6206896551724138,0.7931034482758621,0.6666666666666666,0.8461538461538461,0.8,7,5,9,8,7,8,8,5,12,5,5,1,0.034482758620689655
1,5,collect_all_size9_comp0.2_grid5_base_medium,9,0.2,medium,base,base,collect_all,3,8,9,9,7,6,18,1,1,1,1,1,1,2,1,1,2,11,1,18,1.0,1.0,1.0,1.0,1.0,6,3,5,4,10,2,3,2,4,2,2,0,0.0
2,5,collect_all_size9_comp0.2_grid5_base_medium,9,0.2,medium,base,base,collect_all,3,8,9,9,7,6,18,1,1,1,1,1,1,2,1,1,2,12,1,19,0.9473684210526315,0.9473684210526315,1.0,0.9,1.0,7,3,5,4,12,3,2,1,4,1,3,1,0.05263157894736842
3,5,collect_all_size9_comp0.2_grid5_base_medium,9,0.2,medium,base,base,collect_all,3,8,9,9,7,6,18,1,1,1,1,1,1,2,1,1,2,15,1,22,0.8181818181818182,0.9090909090909091,1.0,0.8461538461538461,1.0,6,3,7,6,9,4,6,2,7,2,3,0,0.0
4,5,collect_all_size9_comp0.2_grid5_base_medium,9,0.2,medium,base,base,collect_all,3,8,9,9,7,6,18,1,1,1,1,1,1,2,1,1,2,11,1,18,1.0,1.0,1.0,1.0,1.0,6,3,5,4,10,2,3,2,4,2,2,0,0.0
5,5,collect_all_size9_comp0.2_grid5_base_medium,9,0.2,medium,base,base,collect_all,3,8,9,9,7,6,18,1,1,1,1,1,1,2,1,1,2,14,1,23,0.782608695652174,0.8695652173913043,1.0,0.8333333333333334,0.875,7,3,7,6,11,5,2,4,7,4,2,1,0.043478260869565216
6,5,collect_all_size9_comp0.2_grid5_base_medium,9,0.2,medium,base,base,collect_all,3,8,9,9,7,6,18,1,1,1,1,1,1,2,1,1,2,13,1,30,0.6,0.7666666666666667,1.0,0.9090909090909091,0.625,10,5,8,7,11,5,7,6,13,6,5,2,0.06666666666666667
7,5,collect_all_size9_comp0.2_grid5_base_medium,9,0.2,medium,base,base,collect_all,3,8,9,9,7,6,18,1,1,1,1,1,1,2,1,1,2,15,1,22,0.8181818181818182,0.9090909090909091,1.0,0.8461538461538461,1.0,7,4,6,5,9,3,5,4,7,4,2,0,0.0
8,5,collect_all_size9_comp0.2_grid5_base_medium,9,0.2,medium,base,base,collect_all,3,8,9,9,7,6,18,1,1,1,1,1,1,2,1,1,2,12,1,23,0.782608695652174,0.8695652173913043,1.0,0.9,0.8,8,4,6,5,7,7,4,4,9,4,2,1,0.043478260869565216
9,5,collect_all_size9_comp0.2_grid5_base_medium,9,0.2,medium,base,base,collect_all,3,8,9,9,7,6,18,1,1,1,1,1,1,2,1,1,2,13,1,22,0.8181818181818182,0.8636363636363636,1.0,0.8181818181818182,0.875,9,4,5,4,11,4,3,3,6,3,2,2,0.09090909090909091
0,6,collect_all_size9_comp0.2_grid6_base_medium,9,0.2,medium,base,base,collect_all,9,8,7,7,8,5,21,1,1,1,1,1,1,2,1,1,8,17,1,29,0.7241379310344828,0.8620689655172413,1.0,0.8888888888888888,0.7272727272727273,8,9,5,7,10,7,9,2,5,2,0,0,0.0
1,6,collect_all_size9_comp0.2_grid6_base_medium,9,0.2,medium,base,base,collect_all,9,8,7,7,8,5,21,1,1,1,1,1,1,2,1,1,10,18,1,24,0.875,0.9166666666666666,0.9090909090909091,0.875,1.0,6,7,4,7,14,3,3,3,7,3,1,1,0.041666666666666664
2,6,collect_all_size9_comp0.2_grid6_base_medium,9,0.2,medium,base,base,collect_all,9,8,7,7,8,5,21,1,1,1,1,1,1,2,1,1,11,20,1,30,0.7,0.8333333333333334,0.8333333333333334,0.8888888888888888,0.7777777777777778,7,7,7,9,11,6,8,4,10,4,1,1,0.03333333333333333
3,6,collect_all_size9_comp0.2_grid6_base_medium,9,0.2,medium,base,base,collect_all,9,8,7,7,8,5,21,1,1,1,1,1,1,2,1,1,8,18,1,24,0.875,0.9166666666666666,1.0,0.8,1.0,7,7,4,6,11,4,6,2,3,2,0,1,0.041666666666666664
4,6,collect_all_size9_comp0.2_grid6_base_medium,9,0.2,medium,base,base,collect_all,9,8,7,7,8,5,21,1,1,1,1,1,1,2,1,1,8,15,1,25,0.84,0.92,1.0,1.0,0.7777777777777778,7,8,4,6,9,5,8,2,2,2,1,0,0.0
5,6,collect_all_size9_comp0.2_grid6_base_medium,9,0.2,medium,base,base,collect_all,9,8,7,7,8,5,21,1,1,1,1,1,1,2,1,1,10,17,1,23,0.9130434782608695,0.9130434782608695,0.8181818181818182,1.0,1.0,6,6,5,6,10,5,6,1,3,1,1,2,0.08695652173913043
6,6,collect_all_size9_comp0.2_grid6_base_medium,9,0.2,medium,base,base,collect_all,9,8,7,7,8,5,21,1,1,1,1,1,1,2,1,1,11,18,1,38,0.5526315789473685,0.7631578947368421,0.8333333333333334,1.0,0.631578947368421,13,14,5,6,13,2,10,12,14,12,0,1,0.02631578947368421
7,6,collect_all_size9_comp0.2_grid6_base_medium,9,0.2,medium,base,base,collect_all,9,8,7,7,8,5,21,1,1,1,1,1,1,2,1,1,8,15,1,25,0.84,0.92,1.0,1.0,0.7777777777777778,6,7,5,7,12,5,6,1,2,1,2,0,0.0
8,6,collect_all_size9_comp0.2_grid6_base_medium,9,0.2,medium,base,base,collect_all,9,8,7,7,8,5,21,1,1,1,1,1,1,2,1,1,21,33,1,43,0.4883720930232558,0.7209302325581395,0.6818181818181818,0.75,0.7777777777777778,12,12,8,10,9,11,8,12,16,12,1,1,0.023255813953488372
9,6,collect_all_size9_comp0.2_grid6_base_medium,9,0.2,medium,base,base,collect_all,9,8,7,7,8,5,21,1,1,1,1,1,1,2,1,1,9,16,1,23,0.9130434782608695,0.9130434782608695,0.9,1.0,0.8333333333333334,6,6,5,6,14,3,5,0,2,0,0,2,0.08695652173913043
0,7,collect_all_size9_comp0.2_grid7_base_medium,9,0.2,medium,base,base,collect_all,3,4,7,7,9,6,16,1,1,1,1,1,1,2,1,1,6,13,1,20,0.8,0.9,0.7142857142857143,1.0,1.0,2,6,7,5,10,3,4,2,4,2,1,0,0.0
1,7,collect_all_size9_comp0.2_grid7_base_medium,9,0.2,medium,base,base,collect_all,3,4,7,7,9,6,16,1,1,1,1,1,1,2,1,1,6,13,1,22,0.7272727272727273,0.8636363636363636,0.7142857142857143,1.0,0.875,2,6,8,6,8,7,5,1,2,1,1,0,0.0
2,7,collect_all_size9_comp0.2_grid7_base_medium,9,0.2,medium,base,base,collect_all,3,4,7,7,9,6,16,1,1,1,1,1,1,2,1,1,10,3,1,28,0.5714285714285714,0.8571428571428571,1.0,1.0,0.7647058823529411,3,7,10,8,12,5,4,6,12,6,2,0,0.0
3,7,collect_all_size9_comp0.2_grid7_base_medium,9,0.2,medium,base,base,collect_all,3,4,7,7,9,6,16,1,1,1,1,1,1,2,1,1,5,13,1,20,0.8,0.85,0.6666666666666666,0.875,1.0,4,6,6,4,7,4,6,2,6,2,2,2,0.1
4,7,collect_all_size9_comp0.2_grid7_base_medium,9,0.2,medium,base,base,collect_all,3,4,7,7,9,6,16,1,1,1,1,1,1,2,1,1,8,15,1,29,0.5517241379310345,0.7586206896551724,0.6666666666666666,1.0,0.6923076923076923,4,7,10,8,10,6,6,6,15,6,2,1,0.034482758620689655
5,7,collect_all_size9_comp0.2_grid7_base_medium,9,0.2,medium,base,base,collect_all,3,4,7,7,9,6,16,1,1,1,1,1,1,2,1,1,4,15,1,22,0.7272727272727273,0.7727272727272727,0.8,0.6363636363636364,1.0,6,6,6,4,6,6,7,2,8,2,2,4,0.18181818181818182
6,7,collect_all_size9_comp0.2_grid7_base_medium,9,0.2,medium,base,base,collect_all,3,4,7,7,9,6,16,1,1,1,1,1,1,2,1,1,4,12,1,21,0.7619047619047619,0.8571428571428571,0.8,0.875,0.875,3,6,7,5,10,4,3,3,6,3,1,1,0.047619047619047616
7,7,collect_all_size9_comp0.2_grid7_base_medium,9,0.2,medium,base,base,collect_all,3,4,7,7,9,6,16,1,1,1,1,1,1,2,1,1,14,5,1,27,0.5925925925925926,0.8518518518518519,0.8333333333333334,0.8888888888888888,0.8333333333333334,3,7,9,8,11,5,7,3,11,3,1,1,0.037037037037037035
8,7,collect_all_size9_comp0.2_grid7_base_medium,9,0.2,medium,base,base,collect_all,3,4,7,7,9,6,16,1,1,1,1,1,1,2,1,1,2,9,1,18,0.8888888888888888,0.9444444444444444,1.0,1.0,0.875,1,5,7,5,9,2,4,2,4,2,2,0,0.0
9,7,collect_all_size9_comp0.2_grid7_base_medium,9,0.2,medium,base,base,collect_all,3,4,7,7,9,6,16,1,1,1,1,1,1,2,1,1,2,11,1,18,0.8888888888888888,0.8888888888888888,1.0,0.7777777777777778,1.0,2,5,6,5,11,3,2,1,3,1,2,2,0.1111111111111111
0,8,collect_all_size9_comp0.2_grid8_base_medium,9,0.2,medium,base,base,collect_all,8,9,3,3,4,7,16,1,1,1,1,1,1,2,1,1,14,10,1,24,0.6666666666666666,0.7916666666666666,0.9090909090909091,0.75,0.6666666666666666,7,8,1,8,12,3,6,2,6,2,2,2,0.08333333333333333
1,8,collect_all_size9_comp0.2_grid8_base_medium,9,0.2,medium,base,base,collect_all,8,9,3,3,4,7,16,1,1,1,1,1,1,2,1,1,19,16,1,24,0.6666666666666666,0.8333333333333334,0.7647058823529411,1.0,1.0,7,8,2,7,7,5,7,4,6,4,0,0,0.0
2,8,collect_all_size9_comp0.2_grid8_base_medium,9,0.2,medium,base,base,collect_all,8,9,3,3,4,7,16,1,1,1,1,1,1,2,1,1,11,8,1,18,0.8888888888888888,0.9444444444444444,1.0,1.0,0.8333333333333334,5,6,1,6,8,2,5,2,2,2,0,0,0.0
3,8,collect_all_size9_comp0.2_grid8_base_medium,9,0.2,medium,base,base,collect_all,8,9,3,3,4,7,16,1,1,1,1,1,1,2,1,1,17,13,1,24,0.6666666666666666,0.7916666666666666,0.7857142857142857,0.75,0.8333333333333334,6,8,2,8,10,3,6,4,7,4,0,2,0.08333333333333333
4,8,collect_all_size9_comp0.2_grid8_base_medium,9,0.2,medium,base,base,collect_all,8,9,3,3,4,7,16,1,1,1,1,1,1,2,1,1,15,12,1,21,0.7619047619047619,0.8571428571428571,0.8461538461538461,1.0,0.8,5,6,2,8,8,5,6,1,2,1,1,1,0.047619047619047616
5,8,collect_all_size9_comp0.2_grid8_base_medium,9,0.2,medium,base,base,collect_all,8,9,3,3,4,7,16,1,1,1,1,1,1,2,1,1,18,15,1,23,0.6956521739130435,0.8260869565217391,0.75,1.0,1.0,7,8,2,6,8,5,5,4,5,3,0,1,0.043478260869565216
6,8,collect_all_size9_comp0.2_grid8_base_medium,9,0.2,medium,base,base,collect_all,8,9,3,3,4,7,16,1,1,1,1,1,1,2,1,1,15,12,1,26,0.6153846153846154,0.7692307692307693,0.8461538461538461,1.0,0.6,8,9,1,8,11,5,6,3,7,3,0,2,0.07692307692307693
7,8,collect_all_size9_comp0.2_grid8_base_medium,9,0.2,medium,base,base,collect_all,8,9,3,3,4,7,16,1,1,1,1,1,1,2,1,1,16,12,1,21,0.7619047619047619,0.8571428571428571,0.8461538461538461,0.75,1.0,5,6,2,8,13,0,5,2,3,2,0,1,0.047619047619047616
8,8,collect_all_size9_comp0.2_grid8_base_medium,9,0.2,medium,base,base,collect_all,8,9,3,3,4,7,16,1,1,1,1,1,1,2,1,1,15,10,1,26,0.6153846153846154,0.8076923076923077,0.9090909090909091,0.8,0.7,6,7,4,9,10,3,6,6,7,6,0,0,0.0
9,8,collect_all_size9_comp0.2_grid8_base_medium,9,0.2,medium,base,base,collect_all,8,9,3,3,4,7,16,1,1,1,1,1,1,2,1,1,14,11,1,19,0.8421052631578947,0.8421052631578947,0.75,1.0,1.0,4,5,2,6,8,2,4,0,3,0,0,1,0.05263157894736842
0,9,collect_all_size9_comp0.2_grid9_base_medium,9,0.2,medium,base,base,collect_all,4,5,5,5,4,9,14,1,1,1,1,1,1,2,1,1,11,18,1,35,0.4,0.7428571428571429,0.6666666666666666,0.8571428571428571,0.75,14,10,5,6,14,6,5,9,18,9,6,1,0.02857142857142857
1,9,collect_all_size9_comp0.2_grid9_base_medium,9,0.2,medium,base,base,collect_all,4,5,5,5,4,9,14,1,1,1,1,1,1,2,1,1,10,5,1,17,0.8235294117647058,0.8823529411764706,0.8333333333333334,1.0,0.8333333333333334,6,3,4,4,5,4,7,0,1,0,0,1,0.058823529411764705
2,9,collect_all_size9_comp0.2_grid9_base_medium,9,0.2,medium,base,base,collect_all,4,5,5,5,4,9,14,1,1,1,1,1,1,2,1,1,3,8,1,18,0.7777777777777778,1.0,1.0,1.0,1.0,7,4,3,4,8,4,4,1,5,1,2,0,0.0
3,9,collect_all_size9_comp0.2_grid9_base_medium,9,0.2,medium,base,base,collect_all,4,5,5,5,4,9,14,1,1,1,1,1,1,2,1,1,10,5,1,17,0.8235294117647058,0.8823529411764706,0.8333333333333334,1.0,0.8333333333333334,6,3,4,4,7,2,6,1,2,1,1,1,0.058823529411764705
4,9,collect_all_size9_comp0.2_grid9_base_medium,9,0.2,medium,base,base,collect_all,4,5,5,5,4,9,14,1,1,1,1,1,1,2,1,1,3,14,1,26,0.5384615384615384,0.8461538461538461,1.0,0.7272727272727273,0.9090909090909091,9,6,5,6,10,6,3,6,11,6,4,0,0.0
5,9,collect_all_size9_comp0.2_grid9_base_medium,9,0.2,medium,base,base,collect_all,4,5,5,5,4,9,14,1,1,1,1,1,1,2,1,1,3,23,1,37,0.3783783783783784,0.7297297297297297,1.0,0.6,0.8461538461538461,14,11,6,6,13,4,8,11,18,11,2,1,0.02702702702702703
6,9,collect_all_size9_comp0.2_grid9_base_medium,9,0.2,medium,base,base,collect_all,4,5,5,5,4,9,14,1,1,1,1,1,1,2,1,1,9,4,1,14,1.0,1.0,1.0,1.0,1.0,5,2,3,4,5,3,5,0,0,0,0,0,0.0
7,9,collect_all_size9_comp0.2_grid9_base_medium,9,0.2,medium,base,base,collect_all,4,5,5,5,4,9,14,1,1,1,1,1,1,2,1,1,3,10,1,22,0.6363636363636364,0.8636363636363636,1.0,0.7142857142857143,0.9090909090909091,8,6,4,4,7,4,6,4,10,4,3,2,0.09090909090909091
8,9,collect_all_size9_comp0.2_grid9_base_medium,9,0.2,medium,base,base,collect_all,4,5,5,5,4,9,14,1,1,1,1,1,1,2,1,1,5,11,1,28,0.5,0.7857142857142857,0.8333333333333334,0.8333333333333334,0.75,10,8,5,5,11,6,4,6,14,5,4,2,0.07142857142857142
9,9,collect_all_size9_comp0.2_grid9_base_medium,9,0.2,medium,base,base,collect_all,4,5,5,5,4,9,14,1,1,1,1,1,1,2,1,1,3,12,1,24,0.5833333333333334,0.875,1.0,0.7777777777777778,0.9090909090909091,9,6,4,5,10,4,5,4,8,4,3,0,0.0
0,0,collect_all_size9_comp0.4_grid0_base_medium,9,0.4,medium,base,base,collect_all,10,4,6,6,4,4,14,1,1,1,1,1,1,2,1,1,14,8,1,20,0.7,0.75,0.5555555555555556,1.0,0.8,1,8,6,5,6,5,7,1,8,1,2,4,0.2
1,0,collect_all_size9_comp0.4_grid0_base_medium,9,0.4,medium,base,base,collect_all,10,4,6,6,4,4,14,1,1,1,1,1,1,1,0,1,-1,6,0,11,0.0,0.7272727272727273,0.7142857142857143,0.75,0.0,0,6,4,1,3,4,3,0,2,0,0,1,0.09090909090909091
2,0,collect_all_size9_comp0.4_grid0_base_medium,9,0.4,medium,base,base,collect_all,10,4,6,6,4,4,14,1,1,1,1,1,1,2,1,1,13,19,1,28,0.5,0.8571428571428571,0.8571428571428571,1.0,0.75,5,10,8,5,14,5,4,4,7,4,1,0,0.0
3,0,collect_all_size9_comp0.4_grid0_base_medium,9,0.4,medium,base,base,collect_all,10,4,6,6,4,4,14,1,1,1,1,1,1,2,1,1,9,3,1,15,0.9333333333333333,0.9333333333333333,1.0,1.0,0.8,2,6,5,2,6,4,2,2,3,1,1,1,0.06666666666666667
4,0,collect_all_size9_comp0.4_grid0_base_medium,9,0.4,medium,base,base,collect_all,10,4,6,6,4,4,14,1,1,1,1,1,1,2,1,1,13,6,1,19,0.7368421052631579,0.7894736842105263,0.7142857142857143,0.8571428571428571,0.8,2,7,6,4,7,4,4,3,5,2,1,3,0.15789473684210525
5,0,collect_all_size9_comp0.4_grid0_base_medium,9,0.4,medium,base,base,collect_all,10,4,6,6,4,4,14,1,1,1,1,1,1,2,1,1,9,3,1,14,1.0,1.0,1.0,1.0,1.0,1,6,5,2,8,2,2,1,1,1,1,0,0.0
6,0,collect_all_size9_comp0.4_grid0_base_medium,9,0.4,medium,base,base,collect_all,10,4,6,6,4,4,14,1,1,1,1,1,1,2,1,1,27,3,1,32,0.4375,0.71875,1.0,0.625,1.0,10,15,5,2,10,5,4,12,16,12,2,0,0.0
7,0,collect_all_size9_comp0.4_grid0_base_medium,9,0.4,medium,base,base,collect_all,10,4,6,6,4,4,14,1,1,1,1,1,1,2,1,1,16,5,1,23,0.6086956521739131,0.7391304347826086,0.8333333333333334,0.7272727272727273,0.6666666666666666,3,9,7,4,9,5,4,4,8,4,3,3,0.13043478260869565
8,0,collect_all_size9_comp0.4_grid0_base_medium,9,0.4,medium,base,base,collect_all,10,4,6,6,4,4,14,1,1,1,1,1,1,2,1,1,38,11,1,45,0.3111111111111111,0.6444444444444445,0.6666666666666666,0.5925925925925926,0.8333333333333334,11,16,11,7,17,7,5,15,25,15,3,1,0.022222222222222223
9,0,collect_all_size9_comp0.4_grid0_base_medium,9,0.4,medium,base,base,collect_all,10,4,6,6,4,4,14,1,1,1,1,1,1,2,1,1,13,6,1,18,0.7777777777777778,0.8333333333333334,0.7142857142857143,0.8571428571428571,1.0,2,7,7,2,7,4,5,1,5,1,1,2,0.1111111111111111
0,1,collect_all_size9_comp0.4_grid1_base_medium,9,0.4,medium,base,base,collect_all,7,8,3,3,4,3,13,1,1,1,1,1,1,2,1,1,6,9,1,19,0.6842105263157895,0.7894736842105263,1.0,1.0,0.5555555555555556,2,9,4,4,8,2,6,2,8,2,4,2,0.10526315789473684
1,1,collect_all_size9_comp0.4_grid1_base_medium,9,0.4,medium,base,base,collect_all,7,8,3,3,4,3,13,1,1,1,1,1,1,2,1,1,6,10,1,14,0.9285714285714286,0.9285714285714286,1.0,0.75,1.0,1,6,3,4,5,4,3,1,2,1,1,1,0.07142857142857142
2,1,collect_all_size9_comp0.4_grid1_base_medium,9,0.4,medium,base,base,collect_all,7,8,3,3,4,3,13,1,1,1,1,1,1,2,1,1,12,15,1,24,0.5416666666666666,0.75,0.7692307692307693,1.0,0.625,2,8,7,7,8,7,5,3,5,3,0,1,0.041666666666666664
3,1,collect_all_size9_comp0.4_grid1_base_medium,9,0.4,medium,base,base,collect_all,7,8,3,3,4,3,13,1,1,1,1,1,1,2,1,1,6,9,1,13,1.0,1.0,1.0,1.0,1.0,1,6,3,3,8,3,1,0,0,0,0,0,0.0
4,1,collect_all_size9_comp0.4_grid1_base_medium,9,0.4,medium,base,base,collect_all,7,8,3,3,4,3,13,1,1,1,1,1,1,2,1,1,16,19,1,26,0.5,0.7307692307692307,0.7058823529411765,1.0,0.6666666666666666,4,10,6,6,8,8,5,4,7,4,0,1,0.038461538461538464
5,1,collect_all_size9_comp0.4_grid1_base_medium,9,0.4,medium,base,base,collect_all,7,8,3,3,4,3,13,1,1,1,1,1,1,2,1,1,6,10,1,16,0.8125,0.875,1.0,0.75,0.8,2,8,3,3,8,4,3,0,1,0,0,1,0.0625
6,1,collect_all_size9_comp0.4_grid1_base_medium,9,0.4,medium,base,base,collect_all,7,8,3,3,4,3,13,1,1,1,1,1,1,2,1,1,10,13,1,17,0.7647058823529411,0.8823529411764706,0.8181818181818182,1.0,1.0,3,8,3,3,7,3,3,3,3,3,0,0,0.0
7,1,collect_all_size9_comp0.4_grid1_base_medium,9,0.4,medium,base,base,collect_all,7,8,3,3,4,3,13,1,1,1,1,1,1,2,1,1,6,10,1,17,0.7647058823529411,0.8235294117647058,1.0,0.75,0.6666666666666666,1,8,4,4,7,6,2,1,4,1,0,2,0.11764705882352941
8,1,collect_all_size9_comp0.4_grid1_base_medium,9,0.4,medium,base,base,collect_all,7,8,3,3,4,3,13,1,1,1,1,1,1,2,1,1,12,15,1,23,0.5652173913043478,0.782608695652174,0.7692307692307693,1.0,0.7142857142857143,2,7,7,7,6,8,5,3,6,3,2,0,0.0
9,1,collect_all_size9_comp0.4_grid1_base_medium,9,0.4,medium,base,base,collect_all,7,8,3,3,4,3,13,1,1,1,1,1,1,2,1,1,6,9,1,16,0.8125,0.875,1.0,1.0,0.6666666666666666,2,8,3,3,6,5,4,0,2,0,0,1,0.0625
0,2,collect_all_size9_comp0.4_grid2_base_medium,9,0.4,medium,base,base,collect_all,6,7,5,5,8,3,14,1,1,1,1,1,1,2,1,1,11,16,1,20,0.7,0.8,0.6666666666666666,1.0,1.0,4,7,3,6,8,5,4,2,4,2,0,2,0.1
1,2,collect_all_size9_comp0.4_grid2_base_medium,9,0.4,medium,base,base,collect_all,6,7,5,5,8,3,14,1,1,1,1,1,1,2,1,1,9,18,1,22,0.6363636363636364,0.7272727272727273,0.8,0.5555555555555556,1.0,4,9,3,6,8,7,4,2,6,2,0,4,0.18181818181818182
2,2,collect_all_size9_comp0.4_grid2_base_medium,9,0.4,medium,base,base,collect_all,6,7,5,5,8,3,14,1,1,1,1,1,1,2,1,1,10,20,1,24,0.5833333333333334,0.75,0.7272727272727273,0.7,1.0,6,9,3,6,14,4,2,3,7,3,2,2,0.08333333333333333
3,2,collect_all_size9_comp0.4_grid2_base_medium,9,0.4,medium,base,base,collect_all,6,7,5,5,8,3,14,1,1,1,1,1,1,2,1,1,7,12,1,16,0.875,0.875,0.75,1.0,1.0,2,5,2,7,9,4,2,0,2,0,0,2,0.125
4,2,collect_all_size9_comp0.4_grid2_base_medium,9,0.4,medium,base,base,collect_all,6,7,5,5,8,3,14,1,1,1,1,1,1,2,1,1,5,14,1,18,0.7777777777777778,0.8333333333333334,1.0,0.6666666666666666,1.0,3,7,3,5,6,5,4,2,4,2,3,2,0.1111111111111111
5,2,collect_all_size9_comp0.4_grid2_base_medium,9,0.4,medium,base,base,collect_all,6,7,5,5,8,3,14,1,1,1,1,1,1,2,1,1,7,12,1,16,0.875,0.9375,0.875,1.0,1.0,2,5,3,6,8,4,2,1,1,1,0,0,0.0
6,2,collect_all_size9_comp0.4_grid2_base_medium,9,0.4,medium,base,base,collect_all,6,7,5,5,8,3,14,1,1,1,1,1,1,2,1,1,9,17,1,27,0.5185185185185185,0.7037037037037037,0.8,0.625,0.6666666666666666,3,8,7,9,8,5,4,9,12,9,7,3,0.1111111111111111
7,2,collect_all_size9_comp0.4_grid2_base_medium,9,0.4,medium,base,base,collect_all,6,7,5,5,8,3,14,1,1,1,1,1,1,2,1,1,5,11,1,15,0.9333333333333333,0.9333333333333333,1.0,0.8333333333333334,1.0,2,6,2,5,10,3,1,0,1,0,0,1,0.06666666666666667
8,2,collect_all_size9_comp0.4_grid2_base_medium,9,0.4,medium,base,base,collect_all,6,7,5,5,8,3,14,1,1,1,1,1,1,2,1,1,5,11,1,15,0.9333333333333333,0.9333333333333333,1.0,0.8333333333333334,1.0,2,6,2,5,7,5,2,0,1,0,0,1,0.06666666666666667
9,2,collect_all_size9_comp0.4_grid2_base_medium,9,0.4,medium,base,base,collect_all,6,7,5,5,8,3,14,1,1,1,1,1,1,2,1,1,16,21,1,27,0.5185185185185185,0.7407407407407407,0.6470588235294118,1.0,0.8,5,8,5,9,12,6,1,7,10,7,2,1,0.037037037037037035
0,3,collect_all_size9_comp0.4_grid3_base_medium,9,0.4,medium,base,base,collect_all,4,5,3,3,8,5,12,1,1,1,1,1,1,2,1,1,4,8,1,14,0.8571428571428571,0.8571428571428571,0.8,0.75,1.0,3,3,6,2,5,3,5,0,2,0,0,2,0.14285714285714285
1,3,collect_all_size9_comp0.4_grid3_base_medium,9,0.4,medium,base,base,collect_all,4,5,3,3,8,5,12,1,1,1,1,1,1,2,1,1,5,11,1,19,0.631578947368421,0.7894736842105263,0.8333333333333334,0.6666666666666666,0.8571428571428571,4,5,7,3,5,3,7,3,5,3,0,1,0.05263157894736842
2,3,collect_all_size9_comp0.4_grid3_base_medium,9,0.4,medium,base,base,collect_all,4,5,3,3,8,5,12,1,1,1,1,1,1,2,1,1,3,6,1,12,1.0,1.0,1.0,1.0,1.0,2,3,6,1,7,1,3,0,0,0,0,0,0.0
3,3,collect_all_size9_comp0.4_grid3_base_medium,9,0.4,medium,base,base,collect_all,4,5,3,3,8,5,12,1,1,1,1,1,1,2,1,1,8,5,1,17,0.7058823529411765,0.9411764705882353,0.8333333333333334,1.0,1.0,2,4,8,3,10,3,2,1,4,1,1,1,0.058823529411764705
4,3,collect_all_size9_comp0.4_grid3_base_medium,9,0.4,medium,base,base,collect_all,4,5,3,3,8,5,12,1,1,1,1,1,1,2,1,1,3,13,1,20,0.6,0.75,1.0,0.6,0.8333333333333334,6,6,6,2,6,3,8,2,6,2,2,2,0.1
5,3,collect_all_size9_comp0.4_grid3_base_medium,9,0.4,medium,base,base,collect_all,4,5,3,3,8,5,12,1,1,1,1,1,1,2,1,1,3,6,1,12,1.0,1.0,1.0,1.0,1.0,2,3,6,1,4,3,4,0,0,0,0,0,0.0
6,3,collect_all_size9_comp0.4_grid3_base_medium,9,0.4,medium,base,base,collect_all,4,5,3,3,8,5,12,1,1,1,1,1,1,2,1,1,4,7,1,14,0.8571428571428571,0.8571428571428571,0.8,1.0,0.8333333333333334,3,3,6,2,9,1,3,0,2,0,0,2,0.14285714285714285
7,3,collect_all_size9_comp0.4_grid3_base_medium,9,0.4,medium,base,base,collect_all,4,5,3,3,8,5,12,1,1,1,1,1,1,2,1,1,9,6,1,18,0.6666666666666666,0.9444444444444444,0.8571428571428571,1.0,1.0,3,4,8,3,8,2,3,4,6,4,3,0,0.0
8,3,collect_all_size9_comp0.4_grid3_base_medium,9,0.4,medium,base,base,collect_all,4,5,3,3,8,5,12,1,1,1,1,1,1,2,1,1,5,21,1,27,0.4444444444444444,0.6666666666666666,0.6666666666666666,0.5625,1.0,8,11,6,2,10,5,4,7,15,7,8,3,0.1111111111111111
9,3,collect_all_size9_comp0.4_grid3_base_medium,9,0.4,medium,base,base,collect_all,4,5,3,3,8,5,12,1,1,1,1,1,1,2,1,1,3,13,1,21,0.5714285714285714,0.7142857142857143,1.0,0.6,0.7142857142857143,8,6,6,1,3,6,6,5,8,5,5,3,0.14285714285714285
0,4,collect_all_size9_comp0.4_grid4_base_medium,9,0.4,medium,base,base,collect_all,11,3,10,10,3,9,16,1,1,1,1,1,1,2,1,1,22,3,1,27,0.5925925925925926,0.7407407407407407,0.75,0.7368421052631579,0.75,3,7,8,9,11,7,4,4,10,4,1,3,0.1111111111111111
1,4,collect_all_size9_comp0.4_grid4_base_medium,9,0.4,medium,base,base,collect_all,11,3,10,10,3,9,16,1,1,1,1,1,1,2,1,1,17,2,1,22,0.7272727272727273,0.8181818181818182,1.0,0.8,0.75,2,7,7,6,10,2,7,2,4,1,0,2,0.09090909090909091
2,4,collect_all_size9_comp0.4_grid4_base_medium,9,0.4,medium,base,base,collect_all,11,3,10,10,3,9,16,1,1,1,1,1,1,2,1,1,29,2,1,35,0.45714285714285713,0.7142857142857143,1.0,0.6666666666666666,0.8,7,11,8,9,8,6,9,11,15,11,3,1,0.02857142857142857
3,4,collect_all_size9_comp0.4_grid4_base_medium,9,0.4,medium,base,base,collect_all,11,3,10,10,3,9,16,1,1,1,1,1,1,2,1,1,39,2,1,43,0.37209302325581395,0.6744186046511628,1.0,0.6216216216216216,1.0,4,9,15,15,13,8,5,16,24,16,3,1,0.023255813953488372
4,4,collect_all_size9_comp0.4_grid4_base_medium,9,0.4,medium,base,base,collect_all,11,3,10,10,3,9,16,1,1,1,1,1,1,2,1,1,23,2,1,27,0.5925925925925926,0.7777777777777778,1.0,0.7142857142857143,1.0,3,6,9,9,11,7,4,4,9,4,4,1,0.037037037037037035
5,4,collect_all_size9_comp0.4_grid4_base_medium,9,0.4,medium,base,base,collect_all,11,3,10,10,3,9,16,1,1,1,1,1,1,2,1,1,18,2,1,22,0.7272727272727273,0.8181818181818182,1.0,0.75,1.0,2,6,6,8,8,4,5,4,6,3,4,2,0.09090909090909091
6,4,collect_all_size9_comp0.4_grid4_base_medium,9,0.4,medium,base,base,collect_all,11,3,10,10,3,9,16,1,1,1,1,1,1,2,1,1,12,2,1,16,1.0,1.0,1.0,1.0,1.0,2,6,4,4,7,2,5,1,1,1,1,0,0.0
7,4,collect_all_size9_comp0.4_grid4_base_medium,9,0.4,medium,base,base,collect_all,11,3,10,10,3,9,16,1,1,1,1,1,1,2,1,1,20,2,1,26,0.6153846153846154,0.8076923076923077,1.0,0.7777777777777778,0.8,5,9,6,6,9,3,5,8,12,8,3,0,0.0
8,4,collect_all_size9_comp0.4_grid4_base_medium,9,0.4,medium,base,base,collect_all,11,3,10,10,3,9,16,1,1,1,1,1,0,1,0,1,-1,2,0,48,0.0,0.5416666666666666,1.0,0.5111111111111111,0.0,8,7,17,16,10,11,6,20,34,19,1,0,0.0
9,4,collect_all_size9_comp0.4_grid4_base_medium,9,0.4,medium,base,base,collect_all,11,3,10,10,3,9,16,1,1,1,1,1,1,2,1,1,30,2,1,35,0.45714285714285713,0.6857142857142857,1.0,0.6428571428571429,0.75,5,10,9,10,13,5,6,8,14,8,2,2,0.05714285714285714
0,5,collect_all_size9_comp0.4_grid5_base_medium,9,0.4,medium,base,base,collect_all,9,3,10,10,6,4,19,1,1,1,1,1,1,2,1,1,19,4,1,28,0.6785714285714286,0.7857142857142857,0.6,0.8,0.875,7,3,9,8,11,5,3,6,9,6,1,2,0.07142857142857142
1,5,collect_all_size9_comp0.4_grid5_base_medium,9,0.4,medium,base,base,collect_all,9,3,10,10,6,4,19,1,1,1,1,1,1,2,1,1,26,4,1,33,0.5757575757575758,0.7272727272727273,0.6,0.6818181818181818,1.0,11,7,8,7,15,7,7,3,13,3,2,4,0.12121212121212122
2,5,collect_all_size9_comp0.4_grid5_base_medium,9,0.4,medium,base,base,collect_all,9,3,10,10,6,4,19,1,1,1,1,1,1,2,1,1,22,3,1,29,0.6551724137931034,0.7931034482758621,0.75,0.7368421052631579,1.0,7,5,8,9,13,2,7,6,8,6,0,2,0.06896551724137931
3,5,collect_all_size9_comp0.4_grid5_base_medium,9,0.4,medium,base,base,collect_all,9,3,10,10,6,4,19,1,1,1,1,1,1,2,1,1,26,2,1,34,0.5588235294117647,0.7058823529411765,1.0,0.625,0.8571428571428571,8,7,8,11,13,5,10,5,15,4,6,5,0.14705882352941177
4,5,collect_all_size9_comp0.4_grid5_base_medium,9,0.4,medium,base,base,collect_all,9,3,10,10,6,4,19,1,1,1,1,1,1,2,1,1,14,4,1,21,0.9047619047619048,0.9523809523809523,0.8,1.0,1.0,5,2,7,7,10,3,5,2,5,2,1,0,0.0
5,5,collect_all_size9_comp0.4_grid5_base_medium,9,0.4,medium,base,base,collect_all,9,3,10,10,6,4,19,1,1,1,1,1,1,2,1,1,13,3,1,21,0.9047619047619048,0.9047619047619048,0.75,1.0,0.8571428571428571,6,2,7,6,8,5,6,1,4,1,1,2,0.09523809523809523
6,5,collect_all_size9_comp0.4_grid5_base_medium,9,0.4,medium,base,base,collect_all,9,3,10,10,6,4,19,1,1,1,1,1,1,2,1,1,15,2,1,28,0.6785714285714286,0.8214285714285714,1.0,0.8461538461538461,0.75,8,5,7,8,14,3,6,4,6,4,2,1,0.03571428571428571
7,5,collect_all_size9_comp0.4_grid5_base_medium,9,0.4,medium,base,base,collect_all,9,3,10,10,6,4,19,1,1,1,1,1,1,2,1,1,16,4,1,25,0.76,0.84,0.6,0.9166666666666666,0.875,9,4,6,6,10,6,7,1,5,1,1,2,0.08
8,5,collect_all_size9_comp0.4_grid5_base_medium,9,0.4,medium,base,base,collect_all,9,3,10,10,6,4,19,1,1,1,1,1,1,2,1,1,16,4,1,39,0.48717948717948717,0.6666666666666666,0.6,0.9166666666666666,0.5454545454545454,10,5,12,12,18,7,5,8,14,8,2,6,0.15384615384615385
9,5,collect_all_size9_comp0.4_grid5_base_medium,9,0.4,medium,base,base,collect_all,9,3,10,10,6,4,19,1,1,1,1,1,1,2,1,1,30,3,1,41,0.4634146341463415,0.6585365853658537,0.75,0.6666666666666666,0.6,12,9,9,11,7,13,8,12,21,9,4,6,0.14634146341463414
0,6,collect_all_size9_comp0.4_grid6_base_medium,9,0.4,medium,base,base,collect_all,4,4,6,6,5,5,15,1,1,1,1,1,1,2,1,1,12,6,1,24,0.625,0.7916666666666666,0.7142857142857143,1.0,0.7272727272727273,3,6,9,6,5,6,4,8,10,7,1,1,0.041666666666666664
1,6,collect_all_size9_comp0.4_grid6_base_medium,9,0.4,medium,base,base,collect_all,4,4,6,6,5,5,15,1,1,1,1,1,1,2,1,1,10,4,1,18,0.8333333333333334,0.8888888888888888,0.8,1.0,0.8571428571428571,1,4,8,4,5,5,3,3,6,3,3,0,0.0
2,6,collect_all_size9_comp0.4_grid6_base_medium,9,0.4,medium,base,base,collect_all,4,4,6,6,5,5,15,1,1,1,1,1,1,2,1,1,11,5,1,19,0.7894736842105263,0.8947368421052632,0.8333333333333334,1.0,0.8571428571428571,1,4,9,5,6,6,2,4,4,4,1,0,0.0
3,6,collect_all_size9_comp0.4_grid6_base_medium,9,0.4,medium,base,base,collect_all,4,4,6,6,5,5,15,1,1,1,1,1,1,2,1,1,11,5,1,19,0.7894736842105263,0.8947368421052632,0.8333333333333334,1.0,0.8571428571428571,3,6,7,3,6,3,6,3,7,3,2,0,0.0
4,6,collect_all_size9_comp0.4_grid6_base_medium,9,0.4,medium,base,base,collect_all,4,4,6,6,5,5,15,1,1,1,1,1,1,2,1,1,15,9,1,21,0.7142857142857143,0.8571428571428571,0.7,1.0,1.0,3,6,8,4,7,2,4,7,8,7,2,0,0.0
5,6,collect_all_size9_comp0.4_grid6_base_medium,9,0.4,medium,base,base,collect_all,4,4,6,6,5,5,15,1,1,1,1,1,1,2,1,1,13,3,1,19,0.7894736842105263,0.8421052631578947,1.0,0.7,1.0,2,5,7,5,10,4,4,0,5,0,0,2,0.10526315789473684
6,6,collect_all_size9_comp0.4_grid6_base_medium,9,0.4,medium,base,base,collect_all,4,4,6,6,5,5,15,1,1,1,1,1,1,2,1,1,9,3,1,17,0.8823529411764706,0.9411764705882353,1.0,1.0,0.8571428571428571,2,5,7,3,5,6,4,1,3,1,0,0,0.0
7,6,collect_all_size9_comp0.4_grid6_base_medium,9,0.4,medium,base,base,collect_all,4,4,6,6,5,5,15,1,1,1,1,1,1,2,1,1,9,3,1,18,0.8333333333333334,0.8888888888888888,1.0,1.0,0.75,3,5,7,3,4,7,5,1,4,1,0,1,0.05555555555555555
8,6,collect_all_size9_comp0.4_grid6_base_medium,9,0.4,medium,base,base,collect_all,4,4,6,6,5,5,15,1,1,1,1,1,1,2,1,1,11,5,1,23,0.6521739130434783,0.8260869565217391,0.8333333333333334,1.0,0.7272727272727273,4,7,8,4,6,9,5,2,5,2,1,0,0.0
9,6,collect_all_size9_comp0.4_grid6_base_medium,9,0.4,medium,base,base,collect_all,4,4,6,6,5,5,15,1,1,1,1,1,1,2,1,1,18,7,1,26,0.5769230769230769,0.7692307692307693,0.75,0.7272727272727273,0.8571428571428571,4,7,9,6,4,8,6,7,11,6,5,1,0.038461538461538464
0,7,collect_all_size9_comp0.4_grid7_base_medium,9,0.4,medium,base,base,collect_all,9,8,3,3,13,12,24,1,1,1,1,1,1,2,1,1,10,7,1,26,0.9230769230769231,0.9615384615384616,1.0,1.0,0.9333333333333333,8,4,7,7,16,2,5,2,7,2,3,0,0.0
1,7,collect_all_size9_comp0.4_grid7_base_medium,9,0.4,medium,base,base,collect_all,9,8,3,3,13,12,24,1,1,1,1,1,1,2,1,1,8,13,1,28,0.8571428571428571,0.9285714285714286,1.0,0.8,0.9285714285714286,9,5,7,7,13,5,6,3,8,3,1,0,0.0
2,7,collect_all_size9_comp0.4_grid7_base_medium,9,0.4,medium,base,base,collect_all,9,8,3,3,13,12,24,1,1,1,1,1,1,2,1,1,14,9,1,30,0.8,0.9,0.9,0.8,0.9333333333333333,11,7,6,6,15,5,6,3,9,3,1,0,0.0
3,7,collect_all_size9_comp0.4_grid7_base_medium,9,0.4,medium,base,base,collect_all,9,8,3,3,13,12,24,1,1,1,1,1,1,2,1,1,15,10,1,42,0.5714285714285714,0.7619047619047619,0.8181818181818182,0.8,0.7307692307692307,14,11,9,8,14,7,14,6,21,6,1,2,0.047619047619047616
4,7,collect_all_size9_comp0.4_grid7_base_medium,9,0.4,medium,base,base,collect_all,9,8,3,3,13,12,24,1,1,1,1,1,1,2,1,1,13,10,1,27,0.8888888888888888,0.9259259259259259,0.8181818181818182,1.0,1.0,8,5,7,7,17,4,3,2,9,1,0,1,0.037037037037037035
5,7,collect_all_size9_comp0.4_grid7_base_medium,9,0.4,medium,base,base,collect_all,9,8,3,3,13,12,24,1,1,1,1,1,1,2,1,1,13,10,1,32,0.75,0.84375,0.8181818181818182,1.0,0.8333333333333334,12,6,7,7,14,4,7,6,17,5,3,2,0.0625
6,7,collect_all_size9_comp0.4_grid7_base_medium,9,0.4,medium,base,base,collect_all,9,8,3,3,13,12,24,1,1,1,1,1,1,2,1,1,10,7,1,26,0.9230769230769231,0.9615384615384616,1.0,1.0,0.9333333333333333,9,5,6,6,15,3,4,3,8,3,1,0,0.0
7,7,collect_all_size9_comp0.4_grid7_base_medium,9,0.4,medium,base,base,collect_all,9,8,3,3,13,12,24,1,1,1,1,1,1,2,1,1,10,7,1,30,0.8,0.9,1.0,1.0,0.8421052631578947,10,6,7,7,14,2,9,4,12,4,2,0,0.0
8,7,collect_all_size9_comp0.4_grid7_base_medium,9,0.4,medium,base,base,collect_all,9,8,3,3,13,12,24,1,1,1,1,1,1,2,1,1,14,11,1,34,0.7058823529411765,0.7941176470588235,0.75,1.0,0.7894736842105263,10,7,9,7,10,7,10,4,15,4,1,3,0.08823529411764706
9,7,collect_all_size9_comp0.4_grid7_base_medium,9,0.4,medium,base,base,collect_all,9,8,3,3,13,12,24,1,1,1,1,1,1,2,1,1,14,9,1,29,0.8275862068965517,0.896551724137931,0.9,0.8,0.9285714285714286,10,6,7,6,17,2,5,4,10,4,3,1,0.034482758620689655
0,8,collect_all_size9_comp0.4_grid8_base_medium,9,0.4,medium,base,base,collect_all,4,6,10,10,5,5,19,1,1,1,1,1,1,2,1,1,4,26,1,34,0.5588235294117647,0.7058823529411765,0.8,0.6818181818181818,0.7142857142857143,10,10,6,7,8,4,8,12,21,11,2,4,0.11764705882352941
1,8,collect_all_size9_comp0.4_grid8_base_medium,9,0.4,medium,base,base,collect_all,4,6,10,10,5,5,19,1,1,1,1,1,1,1,1,0,13,-1,0,23,0.0,0.6956521739130435,0.6428571428571429,0.7777777777777778,0.0,5,6,5,7,6,7,6,3,10,3,0,0,0.0
2,8,collect_all_size9_comp0.4_grid8_base_medium,9,0.4,medium,base,base,collect_all,4,6,10,10,5,5,19,1,1,1,1,1,1,2,1,1,5,29,1,35,0.5428571428571428,0.7428571428571429,0.8333333333333334,0.6666666666666666,1.0,9,10,8,8,10,6,13,5,16,5,3,2,0.05714285714285714
3,8,collect_all_size9_comp0.4_grid8_base_medium,9,0.4,medium,base,base,collect_all,4,6,10,10,5,5,19,1,1,1,1,1,1,2,1,1,27,17,1,37,0.5135135135135135,0.7567567567567568,0.6666666666666666,1.0,0.6666666666666666,7,8,10,12,9,10,8,9,25,9,6,2,0.05405405405405406
4,8,collect_all_size9_comp0.4_grid8_base_medium,9,0.4,medium,base,base,collect_all,4,6,10,10,5,5,19,1,1,1,1,1,1,2,1,1,3,24,1,38,0.5,0.7105263157894737,1.0,0.6666666666666666,0.6923076923076923,11,11,7,8,13,3,9,10,22,10,8,2,0.05263157894736842
5,8,collect_all_size9_comp0.4_grid8_base_medium,9,0.4,medium,base,base,collect_all,4,6,10,10,5,5,19,1,1,1,1,1,1,2,1,1,23,8,1,31,0.6129032258064516,0.7741935483870968,0.7777777777777778,0.7333333333333333,0.8571428571428571,8,8,8,7,9,8,7,6,19,6,5,4,0.12903225806451613
6,8,collect_all_size9_comp0.4_grid8_base_medium,9,0.4,medium,base,base,collect_all,4,6,10,10,5,5,19,1,1,1,1,1,1,2,1,1,5,21,1,31,0.6129032258064516,0.7741935483870968,0.8333333333333334,0.8125,0.6666666666666666,9,10,5,7,12,7,3,8,18,7,6,2,0.06451612903225806
7,8,collect_all_size9_comp0.4_grid8_base_medium,9,0.4,medium,base,base,collect_all,4,6,10,10,5,5,19,1,1,1,1,1,1,2,1,1,21,5,1,27,0.7037037037037037,0.8518518518518519,1.0,0.75,1.0,5,6,6,10,9,7,5,5,14,5,4,2,0.07407407407407407
8,8,collect_all_size9_comp0.4_grid8_base_medium,9,0.4,medium,base,base,collect_all,4,6,10,10,5,5,19,1,1,1,1,1,1,2,1,1,3,27,1,38,0.5,0.6842105263157895,1.0,0.625,0.7,10,11,8,9,15,5,8,9,18,7,4,5,0.13157894736842105
9,8,collect_all_size9_comp0.4_grid8_base_medium,9,0.4,medium,base,base,collect_all,4,6,10,10,5,5,19,1,1,1,1,1,1,2,1,1,24,8,1,30,0.6333333333333333,0.8,0.7777777777777778,0.75,1.0,8,9,6,7,11,6,7,5,17,5,3,3,0.1
0,9,collect_all_size9_comp0.4_grid9_base_medium,9,0.4,medium,base,base,collect_all,9,3,12,12,4,8,19,1,1,1,1,1,1,2,1,1,33,8,1,38,0.5,0.7105263157894737,0.6666666666666666,0.68,1.0,7,7,11,13,15,8,8,6,16,6,2,3,0.07894736842105263
1,9,collect_all_size9_comp0.4_grid9_base_medium,9,0.4,medium,base,base,collect_all,9,3,12,12,4,8,19,1,1,1,1,1,1,2,1,1,25,2,1,30,0.6333333333333333,0.8,1.0,0.7391304347826086,1.0,5,8,8,9,15,3,6,5,10,5,1,1,0.03333333333333333
2,9,collect_all_size9_comp0.4_grid9_base_medium,9,0.4,medium,base,base,collect_all,9,3,12,12,4,8,19,1,1,1,1,1,1,2,1,1,33,2,1,38,0.5,0.7368421052631579,1.0,0.6774193548387096,1.0,6,9,10,13,16,6,3,12,20,12,2,1,0.02631578947368421
3,9,collect_all_size9_comp0.4_grid9_base_medium,9,0.4,medium,base,base,collect_all,9,3,12,12,4,8,19,1,1,1,1,1,1,2,1,1,25,2,1,30,0.6333333333333333,0.7666666666666667,1.0,0.6956521739130435,1.0,2,5,12,11,14,4,6,5,11,5,2,3,0.1
4,9,collect_all_size9_comp0.4_grid9_base_medium,9,0.4,medium,base,base,collect_all,9,3,12,12,4,8,19,1,1,1,1,1,1,2,1,1,20,2,1,28,0.6785714285714286,0.7857142857142857,1.0,0.7777777777777778,0.7142857142857143,2,6,10,10,12,7,5,3,8,3,1,3,0.10714285714285714
5,9,collect_all_size9_comp0.4_grid9_base_medium,9,0.4,medium,base,base,collect_all,9,3,12,12,4,8,19,1,1,1,1,1,1,2,1,1,18,2,1,23,0.8260869565217391,0.9130434782608695,1.0,0.875,1.0,2,5,7,9,13,3,4,2,5,2,2,0,0.0
6,9,collect_all_size9_comp0.4_grid9_base_medium,9,0.4,medium,base,base,collect_all,9,3,12,12,4,8,19,1,1,1,1,1,1,2,1,1,18,2,1,23,0.8260869565217391,0.9130434782608695,1.0,0.875,1.0,2,5,7,9,13,5,3,1,4,1,1,0,0.0
7,9,collect_all_size9_comp0.4_grid9_base_medium,9,0.4,medium,base,base,collect_all,9,3,12,12,4,8,19,1,1,1,1,1,1,1,0,1,-1,4,0,32,0.0,0.65625,0.8,0.6296296296296297,0.0,8,10,6,8,10,7,9,5,9,4,0,1,0.03125
8,9,collect_all_size9_comp0.4_grid9_base_medium,9,0.4,medium,base,base,collect_all,9,3,12,12,4,8,19,1,1,1,1,1,1,2,1,1,35,2,1,40,0.475,0.7,1.0,0.6363636363636364,1.0,8,10,10,12,16,5,10,8,20,7,2,3,0.075
9,9,collect_all_size9_comp0.4_grid9_base_medium,9,0.4,medium,base,base,collect_all,9,3,12,12,4,8,19,1,1,1,1,1,1,2,1,1,31,2,1,36,0.5277777777777778,0.6944444444444444,1.0,0.6206896551724138,1.0,7,6,10,13,14,6,8,7,19,7,2,5,0.1388888888888889
